序号,物料大类,条码/物料编码,名称/物料描述,规格型号,分类/物料组,计量单位,品牌,自定义类别,保质期(天),保质期预警(天),保留小数,状态,标箱折扣系数,货期(天),默认价格,是否标识管理,是否费用化资产
1,备件,40041478,金属零件清洗剂,20L/桶,备件,桶,,,,,0,已启用,,,,否,否
2,备件,40047340,亚克力板,1000MM*450MM*6MM,备件,块,,,,,0,已启用,,,,否,否
3,备件,40047339,8件护套型冲击螺丝批组套,9603,备件,套,,,,,0,已启用,,,,否,否
4,备件,40047338,球阀,A25/卡盘50.5/不锈钢/卫生级/快装,备件,个,,,,,0,已启用,,,,否,否
5,备件,40047337,金属缠绕垫,280mm*380mm/锅炉人孔/椭圆,备件,个,,,,,0,已启用,,,,否,否
6,备件,40047336,压力表,G36-10-01,备件,个,,,,,0,已启用,,,,否,否
7,备件,40047335,304不锈钢板,厚度：1mm，宽×长1219×2438mm,备件,张,,,,,0,已启用,0.000,,,否,否
8,备件,40047334,限位挡板,1300mm*200mm*65mm/不锈钢,备件,块,,,,,0,已启用,,,,否,否
9,备件,40047333,三片式快装球阀,A25卡盘50.5,备件,个,,,,,0,已启用,0.000,,,否,否
10,备件,40047332,自攻螺丝,50mm/高强度燕尾,备件,盒,,,,,0,已启用,,,,否,否
11,备件,40047331,不锈钢链连接头,10A-1,备件,个,,,,,0,已启用,0.000,,,否,否
12,备件,40047330,真空发生器,ZL6H04-K15LZ-G,备件,个,,,,,0,已启用,,,,否,否
13,备件,40047259,安全门锁,NS  D4CESQK-F41,备件,个,,,,,0,已启用,,,,否,否
14,备件,40047258,链轮,NSH  1005   T18,备件,个,,,,,0,已启用,,,,否,否
15,备件,40047257,汇流排阀芯,V504M-TW.SALES,备件,套,,,,,0,已启用,,,,否,否
16,备件,40047065,拆包机推罐小车主轴维修,,备件,件,,,,,0,已启用,,,,否,否
17,备件,40047064,热缩机上膜斜坡出口滚筒,,备件,件,,,,,0,已启用,,,,否,否
18,备件,40047217,底托带健长轴,5S5102187,备件,根,,,,,0,已启用,,,,否,否
19,备件,40047216,304不锈钢单排金属滚子链条,10A-1,备件,米,,,,,0,已启用,,,,否,否
20,备件,40047215,国产T型链条,56节/根/6-1650202,备件,根,,,,,0,已启用,,,,否,否
21,备件,40047123,灌装机入口倒罐排出器,,备件,套,,,,,0,已启用,,,,否,否
22,备件,40047062,灌装机螺旋杆主动同步带轮,,备件,件,,,,,0,已启用,,,,否,否
23,备件,40047063,螺旋杆304不锈钢隔套,,备件,件,,,,,0,已启用,,,,否,否
24,备件,40047060,灌装机螺旋杆从动轴,,备件,件,,,,,0,已启用,,,,否,否
25,备件,40047059,灌装机螺旋杆主动同步带轮,,备件,件,,,,,0,已启用,,,,否,否
26,备件,40047058,热缩机挑膜杆长皮带支撑块,,备件,件,,,,,0,已启用,,,,否,否
27,备件,40038317,T型链,6-1650202,备件,件,,,,,0,已启用,,,,否,否
28,备件,40047056,截止阀,BSA2T DN40 PN16,备件,个,,,,,0,已启用,0.000,,,否,否
29,备件,40047055,止回阀,DCV3 DN40 STD,备件,个,,,,,0,已启用,0.000,,,否,否
30,备件,40047054,浮球疏水阀,FT43-10 DN40 PN16,备件,个,,,,,0,已启用,0.000,,,否,否
31,备件,40047053,UPVC活接球阀,DN20,备件,个,,,,,0,已启用,0.000,,,否,否
32,备件,40047052,PVC预粘胶,优联科P-68透明（946ml）,备件,瓶,,,,,0,已启用,0.000,,,否,否
33,备件,40047051,PVC管道胶,优联科811灰色（946ml）,备件,瓶,,,,,0,已启用,0.000,,,否,否
34,备件,40047050,UPVC球型单向阀,63mm（DN50）半球款,备件,个,,,,,0,已启用,0.000,,,否,否
35,备件,40047049,浮球阀,4分,备件,个,,,,,0,已启用,0.000,,,否,否
36,备件,40047048,螺帽,M16*1mm/316不锈钢/薄款,备件,个,,,,,0,已启用,0.000,,,否,否
37,备件,40047047,开孔器,22mm,备件,个,,,,,0,已启用,0.000,,,否,否
38,备件,40047046,开孔器,18MM,备件,个,,,,,0,已启用,0.000,,,否,否
39,备件,40047045,开孔器,16MM,备件,个,,,,,0,已启用,0.000,,,否,否
40,备件,40047044,开孔器,15MM,备件,个,,,,,0,已启用,0.000,,,否,否
41,备件,40047043,开孔器,13MM,备件,个,,,,,0,已启用,0.000,,,否,否
42,备件,40047042,开孔器,12MM,备件,个,,,,,0,已启用,0.000,,,否,否
43,备件,40047041,磁铁,（单面吸力）底部直径48mm,备件,个,,,,,0,已启用,0.000,,,否,否
44,备件,40047040,密封垫,EPDM材质/DN65垫片/内径77外径127mm/厚度5mm,备件,个,,,,,0,已启用,0.000,,,否,否
45,备件,40046973,镀锌防锈铁丝,0.9mm,备件,KG,,,,,0,已启用,0.000,,,否,否
46,备件,40046972,镀锌防锈铁丝,1.6mm,备件,KG,,,,,0,已启用,0.000,,,否,否
47,备件,40046987,刻度尺,材质304-200mm-0mm,备件,个,,,,,0,已启用,0.000,,,否,否
48,备件,40046986,刻度尺,材质304-0mm-200mm,备件,个,,,,,0,已启用,0.000,,,否,否
49,备件,40046985,刻度尺,材质304-100mm-0mm,备件,个,,,,,0,已启用,0.000,,,否,否
50,备件,40046984,刻度尺,材质304-0mm-100mm,备件,个,,,,,0,已启用,0.000,,,否,否
51,备件,40046983,卧式单向阀,11/4  CF8   200,备件,个,,,,,0,已启用,0.000,,,否,否
52,备件,40046982,316不锈钢内丝球阀,DN15   1/2,备件,个,,,,,0,已启用,0.000,,,否,否
53,备件,40046981,食品级蝶阀密封,316LΦ   101.6蝶阀密封,备件,套,,,,,0,已启用,0.000,,,否,否
54,备件,40046980,快装手动蝶阀,316L  Φ101.6,备件,套,,,,,0,已启用,0.000,,,否,否
55,备件,40046979,气缸,ADN-16-50-A-P-A,备件,个,,,,,0,已启用,0.000,,,否,否
56,备件,40046978,沉头内六角螺栓,M5*14mm,备件,颗,,,,,0,已启用,0.000,,,否,否
57,备件,40046977,编码器线缆,DOL-1208-G20MAC1 订货号6032869,备件,根,,,,,0,已启用,,,,否,否
58,备件,40046976,编码器,DFS60A-S4PC65536 订货号1036726,备件,个,,,,,0,已启用,,,,否,否
59,备件,40046975,316不锈钢快装球阀,3/4,备件,个,,,,,0,已启用,0.000,,,否,否
60,备件,40046974,304格栅焊接网,2CM方孔/2.5mm丝粗/700mm*1000mm,备件,张,,,,,0,已启用,0.000,,,否,否
61,备件,40046971,气缸,CM2B20-75Z-XC8A,备件,个,,,,,0,已启用,0.000,,,否,否
62,备件,40046970,气缸,CM2B20-50Z-XC8A,备件,个,,,,,0,已启用,0.000,,,否,否
63,备件,40046969,304不锈钢防火门锁,CB-SIA防火门锁,备件,套,,,,,0,已启用,0.000,,,否,否
64,备件,40046968,防爆插座,220V/十孔/10A,备件,个,,,,,0,已启用,0.000,,,否,否
65,备件,40046967,垫板,WGJCJ.0.5-04,备件,片,,,,,0,已启用,0.000,,,否,否
66,备件,40046966,免润滑直道链板,"D2K 783M K83.8
3.048米/盒",备件,盒,,,,,0,已启用,,,,否,否
67,备件,40046965,封口机进出口聚四氟乙烯下护板,,备件,件,,,,,0,已启用,0.000,,,否,否
68,备件,40046964,封口机进出口聚四氟乙烯上护板,,备件,件,,,,,0,已启用,0.000,,,否,否
69,备件,40046814,封口机进出口不锈钢下护板,,备件,个,,ERSA备件,,,0,已启用,,,,否,否
70,备件,40046723,APV陶瓷过滤器固定盘316不锈钢双头丝拉杆,PVC材质/400mm*250mm*170mm,备件,件,,,,,0,已启用,0.000,,,否,否
71,备件,40046739,气缸耳环座,SDB-20/25,备件,套,,,,,0,已启用,0.000,,,否,否
72,备件,40046738,3mm硅胶板,200*200*3mm,备件,张,,,,,0,已启用,0.000,,,否,否
73,备件,40046737,250毫米砂轮片,M3225,备件,对,,,,,0,已启用,0.000,,,否,否
74,备件,40046736,潜水泵,50WQ15-8-1.1F,备件,台,,,,,0,已启用,0.000,,,否,否
75,备件,40046735,照明插座防水盒,86型防水盒（白色款）,备件,个,,,,,0,已启用,0.000,,,否,否
76,备件,40046734,不锈钢螺丝螺母（套）,M10×20,备件,个,,,,,0,已启用,0.000,,,否,否
77,备件,40046733,镀锌扁铁,40×2,备件,米,,,,,0,已启用,0.000,,,否,否
78,备件,40046732,镀锌扁铁,30×2,备件,米,,,,,0,已启用,0.000,,,否,否
79,备件,40046731,泡沫填缝剂喷枪,配两根管子,备件,把,,,,,0,已启用,0.000,,,否,否
80,备件,40046730,304不锈钢管,外径Φ51,备件,米,,,,,0,已启用,0.000,,,否,否
81,备件,40046659,304不锈钢弯头,外径Φ51,备件,个,,,,,0,已启用,0.000,,,否,否
82,备件,40046658,304不锈钢大小头,Φ108变Φ51,备件,个,,,,,0,已启用,0.000,,,否,否
83,备件,40046657,304不锈钢大小头,Φ108变Φ57,备件,个,,,,,0,已启用,0.000,,,否,否
84,备件,40046656,304不锈钢管,外径Φ57,备件,米,,,,,0,已启用,0.000,,,否,否
85,备件,40046655,304不锈钢弯头,外径Φ57,备件,个,,,,,0,已启用,0.000,,,否,否
86,备件,40046654,304不锈钢法兰,DN100,备件,个,,,,,0,已启用,0.000,,,否,否
87,备件,40046653,氟橡胶O型圈,氟橡胶O型圈修理套装,备件,盒,,,,,0,已启用,0.000,,,否,否
88,备件,40046652,半扣型链接头,06B,备件,个,,,,,0,已启用,0.000,,,否,否
89,备件,40046651,工具包,13寸/31*17*21cm,备件,个,,,,,0,已启用,0.000,,,否,否
90,备件,40046650,限位开关,ME-8122,备件,个,,,,,0,已启用,0.000,,,否,否
91,备件,40046648,光电开关反光板,80mm*60mm 钻石级,备件,块,,,,,0,已启用,0.000,,,否,否
92,备件,40046649,电磁阀,JSY3140-5LOZ-X12,备件,个,,,,,0,已启用,0.000,,,否,否
93,备件,40046647,节流阀,AS1002FS-04/带刻度,备件,个,,,,,0,已启用,0.000,,,否,否
94,备件,40046646,配电箱,PVC材质/400mm*250mm*170mm,备件,个,,,,,0,已启用,0.000,,,否,否
95,备件,40046486,原水泵维修,,备件,台,,,,,0,已启用,,,,否,否
96,备件,40046525,转器罩,,备件,件,,,,,0,已启用,,,,否,否
97,备件,40046524,包装机打板结构件4,,备件,件,,,,,0,已启用,0.000,,,否,否
98,备件,40046523,包装机打板结构件3,,备件,件,,,,,0,已启用,0.000,,,否,否
99,备件,40046522,包装机打板结构件2,,备件,件,,,,,0,已启用,0.000,,,否,否
100,备件,40046521,包装机打板结构件1,,备件,件,,,,,0,已启用,0.000,,,否,否
101,备件,40046485,不锈钢托盘,,备件,件,,,,,0,已启用,,,,否,否
102,备件,40046484,打码链道从动轴,,备件,件,,,,,0,已启用,,,,否,否
103,备件,40046483,打码链道驱动轴,,备件,件,,,,,0,已启用,,,,否,否
104,备件,40046480,孔洞遮挡板,40CM*10.5CM*10.5CM*2CM,备件,件,,,,,0,已启用,0.000,,,否,否
105,备件,40046479,孔洞遮挡板,49CM*60CM*50CM/25CM*11CM*33CM,备件,件,,,,,0,已启用,,,,否,否
106,备件,40046478,孔洞速挡板,66CM*82CM*66CM/47CM*11CM*14CM,备件,件,,,,,0,已启用,0.000,,,否,否
107,备件,40046477,孔洞遮挡板,68CM*79CM*68CM/38CM*45CM*17CM,备件,件,,,,,0,已启用,,,,否,否
108,备件,40046476,孔洞遮挡板,55CM*60CM*55CM/22CM*13CM*15CM,备件,件,,,,,0,已启用,,,,否,否
109,备件,40046475,孔洞遮挡板,44CM*65CM*65CM/10CM*40CM*31CM,备件,件,,,,,0,已启用,,,,否,否
110,备件,40046474,孔洞遮挡板,23CM*80CM*40CM/6CM*50CM*23CM,备件,件,,,,,0,已启用,,,,否,否
111,备件,40046473,孔洞遮挡板,44CM*65CM*65CM/9CM*35CM*30CM,备件,件,,,,,0,已启用,,,,否,否
112,备件,40046472,孔洞遮挡板,36CM*10CM*10CM/13CM*15CM,备件,件,,,,,0,已启用,0.000,,,否,否
113,备件,40046471,孔洞速挡板,65CM*65CM*44CM/30CM*40CM*9CM,备件,件,,,,,0,已启用,,,,否,否
114,备件,40046470,孔洞迪挡板,55CM*59CM*44CM/20CM*39CM*9CM,备件,件,,,,,0,已启用,,,,否,否
115,备件,40046449,孔洞遮挡板,49CM*59*CM52CM/26CM*19CM*28CM,备件,件,,,,,0,已启用,,,,否,否
116,备件,40046448,二道轮,"6-9001496
金色涂层",备件,个,,,,,0,已启用,,,,否,否
117,备件,40046447,一道轮,"6-9001495
金色涂层",备件,个,,,,,0,已启用,,,,否,否
118,备件,40046446,二道轮,"6-9001372
银色涂层",备件,个,,,,,0,已启用,,,,否,否
119,备件,40046445,一道轮,"6-9001371 
银色涂层",备件,个,,,,,0,已启用,,,,否,否
120,备件,40046444,氟橡胶骨架油封,40*50*4 外圈带螺纹,备件,个,,,,,0,已启用,0.000,,,否,否
121,备件,40046443,组合滤网,BRX-ZL5P002,备件,个,,,,,0,已启用,0.000,,,否,否
122,备件,40046442,穿板式直通,QSS4,备件,个,,,,,0,已启用,0.000,,,否,否
123,备件,40046441,穿板式直通,QSS6,备件,个,,,,,0,已启用,0.000,,,否,否
124,备件,40046440,离心泵,AL160M/L-02,备件,台,,,,,0,已启用,0.000,,,否,否
125,备件,40046419,过滤器过滤芯,1007373/100目,备件,个,,,,,0,已启用,0.000,,,否,否
126,备件,40046418,板换密封垫,TL10B  004  3936,备件,根,,,,,0,已启用,0.000,,,否,否
127,备件,40046413,不锈钢磁力液位计,2700mm*80mm,无价值备件,件,,,,,0,已启用,,,,否,否
128,备件,40046306,打码单道链隔套,,备件,件,,ERSA备件,,,0,已启用,,,,否,否
129,备件,40046305,打码单道链托锟滑套,,备件,件,,ERSA备件,,,0,已启用,,,,否,否
130,备件,40046304,热缩机滚筒定制加工,,备件,件,,,,,0,已启用,,,,否,否
131,备件,40046268,上膜吸附皮带,长2400*宽70 PK010006122,备件,条,,,,,0,已启用,0.000,,,否,否
132,备件,40046267,工业触控平板显示器,PANEL5000-C1852W-NZ,备件,台,,ERSA备件,,,0,已启用,,,,否,否
133,备件,40046264,304不锈钢内外呀转换螺栓,内M5-外M8*1.25长10MM-头径11MM,备件,个,,,,,0,已启用,,,,否,否
134,备件,40046263,304不锈钢星形旋钮把手,M5*30头部25MM,备件,个,,,,,0,已启用,,,,否,否
135,备件,40046261,墨码护板,500MM*350MM*8MM/140MM*200MM*8MM,备件,件,,,,,0,已启用,,,,否,否
136,备件,40046175,墨码护板,385MM*240MM*8MM/125MM*170MM*8MM,备件,件,,,,,0,已启用,,,,否,否
137,备件,40046174,墨码护板,280MM*240MM*8MM,备件,件,,,,,0,已启用,,,,否,否
138,备件,40046252,进罐星轮减速机输出轴,,备件,件,,,,,0,已启用,,,,否,否
139,备件,40046251,热缩机上膜被动胶辊短轴,,备件,件,,,,,0,已启用,0.000,,,否,否
140,备件,40046250,热缩机上膜主动胶辊长轴,,备件,件,,,,,0,已启用,0.000,,,否,否
141,备件,40046249,气缸,CG1DN32TF-60Z1,备件,个,,,,,0,已启用,0.000,,,否,否
142,备件,40046212,蒸汽气动控制阀,"3241/3271,进出口DN50法兰，压力：PN16 GJL-250铸铁，定位器：3725",备件,个,,,,,0,已启用,,,,否,否
143,备件,40046211,气缸,CJ2B16-60Z,备件,个,,,,,0,已启用,0.000,,,否,否
144,备件,40046210,不锈钢尼龙圆双轨夹,66型L200圆双轨夹,备件,套,,,,,0,已启用,0.000,,,否,否
145,备件,40046209,轴流风机,YWF4E-500,备件,台,,,,,0,已启用,0.000,,,否,否
146,备件,40046208,轴承,6804zz,备件,个,,,,,0,已启用,0.000,,,否,否
147,备件,40046207,菱形带座轴承,UCFL205,备件,个,,,,,0,已启用,0.000,,,否,否
148,备件,40046206,菱形带座轴承,UCFL204,备件,个,,,,,0,已启用,0.000,,,否,否
149,备件,40046205,齿轮油,美孚超级齿轮油 600 XP 68 18L/桶,备件,桶,,,,,0,已启用,0.000,,,否,否
150,备件,40046204,气缸,MDBB40-300Z（MAX。1.0MPa）,备件,个,,,,,0,已启用,0.000,,,否,否
151,备件,40046203,气动换向阀,PN10,备件,个,,,,,0,已启用,0.000,,,否,否
152,备件,40046201,双色液位计灯管,B49X2.5-350L,备件,根,,,,,0,已启用,0.000,,,否,否
153,备件,40035357,梳子板,2-3100145,备件,个,CFT,,,,0,已启用,0.000,,,否,否
154,备件,40046200,齿轮,5-3800087,备件,个,CFT,,,,0,已启用,0.000,,,否,否
155,备件,40046149,隔套,5-2500819,备件,个,CFT,,,,0,已启用,0.000,,,否,否
156,备件,40046094,热缩机滚筒定制加工,,备件,件,,,,,0,已启用,,,,否,否
157,备件,40046093,热缩机烘炉网链从动链轮,,备件,件,,,,,0,已启用,0.000,,,否,否
158,备件,40046092,热缩机烘炉网链主动链轮,,备件,件,,,,,0,已启用,0.000,,,否,否
159,备件,40045997,视觉检测工业硬盘,512G(含软件）,备件,套,,,,,0,已启用,,,,否,否
160,备件,40039916,蓝色CIP长食品管,"DN50  1.38米/根，
两端不锈钢DIN活动内螺纹",备件,根,,,,,0,已启用,,,,否,否
161,备件,40039422,纸箱自动减速器,,备件,套,,,,,0,已启用,,,,否,否
162,备件,40038543,压缩空气动态补偿罐,,备件,套,,,,,0,已启用,,,,否,否
163,备件,40038992,比例阀,2-2550142,备件,个,,,,,0,已启用,,,,否,否
164,备件,40046028,氟橡胶O型密封圈,5.8*2.65,备件,个,,,,,0,已启用,0.000,,,否,否
165,备件,40046027,O型密封圈,34.59*2.62（耐高温120℃）,备件,个,,,,,0,已启用,0.000,,,否,否
166,备件,40046026,八门互锁成套,八门互锁/HS-X8,备件,套,,,,,0,已启用,,,,否,否
167,备件,40046025,万能拉马,10组plus款多功能拉马,备件,套,,,,,0,已启用,0.000,,,否,否
168,备件,40046024,抗冲击套筒,9件套,备件,套,,,,,0,已启用,0.000,,,否,否
169,备件,40046023,百变魔盒,44件套,备件,套,,,,,0,已启用,,,,否,否
170,备件,40046022,冲击扳手,GDX 18V-285（两电一充4.0ah）,备件,套,,,,,0,已启用,0.000,,,否,否
171,备件,40046021,沉头内六角螺栓,M5*10mm,备件,颗,,,,,0,已启用,0.000,,,否,否
172,备件,40046020,轴承,6213,备件,个,,,,,0,已启用,0.000,,,否,否
173,备件,40046019,轴承,3220 A,备件,个,,,,,0,已启用,0.000,,,否,否
174,备件,40046008,气缸,MDBB40-300Z,备件,个,,,,,0,已启用,0.000,,,否,否
175,备件,40046007,真空吸盘唇边,FX55T30 黄色唇边,备件,个,,,,,0,已启用,0.000,,,否,否
176,备件,40046006,真空吸盘,G.FX55T50.B3.S1.G14M.00,备件,个,,,,,0,已启用,0.000,,,否,否
177,备件,40046005,挂钩,弹簧式/316不锈钢/32*42*30mm,备件,个,,,,,0,已启用,0.000,,,否,否
178,备件,40046004,扳手套装,08018,备件,套,,,,,0,已启用,0.000,,,否,否
179,备件,40034640,斜嘴钳,70202A,备件,把,,,,,0,已启用,0.000,,,否,否
180,备件,40046003,扳手,09105/球头内六角,备件,套,,,,,0,已启用,0.000,,,否,否
181,备件,40046002,光电开关,WL9G-3P2432 1049083,备件,个,,,,,0,已启用,0.000,,,否,否
182,备件,40046001,堵头,4分丝堵白色,备件,个,,,,,0,已启用,0.000,,,否,否
183,备件,40046000,不锈钢针阀,3/8&quot;BSP,备件,个,,,,,0,已启用,0.000,,,否,否
184,备件,40045749,光纤放大器,BFR-N,备件,个,,,,,0,已启用,0.000,,,否,否
185,备件,40046018,顶喷枪喷嘴,1015818,备件,个,,,,,0,已启用,,,,否,否
186,备件,40046017,测喷枪喷嘴,322020,备件,个,,,,,0,已启用,,,,否,否
187,备件,40046016,胶机接头密封圈,105526,备件,件,,,,,0,已启用,,,,否,否
188,备件,40046015,胶机过滤器密封圈,105524,备件,件,,,,,0,已启用,,,,否,否
189,备件,40046013,胶机过滤器钢套密封圈,105525,备件,件,,,,,0,已启用,,,,否,否
190,备件,40046012,胶机过滤器,105432,备件,个,,,,,0,已启用,,,,否,否
191,备件,40045833,热缩机网链304不锈钢销轴,,备件,件,,,,,0,已启用,0.000,,,否,否
192,备件,40045832,热缩挑膜杆304不锈钢12B单侧双孔链接头,,备件,件,,,,,0,已启用,0.000,,,否,否
193,备件,40045831,气动控制阀,DN50法兰，压力PN16GJL-250,备件,台,,,,,0,已启用,0.000,,,否,否
194,备件,40045556,灌装阀滤网隔套,,备件,件,,,,,0,已启用,,,,否,否
195,备件,40045555,灌装阀注料嘴,,备件,件,,,,,0,已启用,,,,否,否
196,备件,40045800,灌装机入口星轮套轴,,备件,件,,,,,0,已启用,,,,否,否
197,备件,40045799,灌装机入口星轮实心轴,,备件,件,,,,,0,已启用,,,,否,否
198,备件,40045798,灌装机人口星轮空心轴,,备件,件,,,,,0,已启用,,,,否,否
199,备件,40045753,风机,SCB83 7.5KW,备件,台,,,,,0,已启用,0.000,,,否,否
200,备件,40045752,弯头,304-⌀25mm*1.5mm/45°,备件,个,,,,,0,已启用,0.000,,,否,否
201,备件,40045751,弯头,304-⌀25mm*1.5mm/90°,备件,个,,,,,0,已启用,,,,否,否
202,备件,40045750,不锈钢圆管,304-⌀25mm*1.5mm,备件,米,,,,,0,已启用,,,,否,否
203,备件,40045739,不锈钢补芯接头,32变25,备件,个,,,,,0,已启用,,,,否,否
204,备件,40045738,SATA世达红外线手持式枪式测温仪,红外测温仪320度+高清显示+备用7号电池,备件,个,,,,,0,已启用,,,,否,否
205,备件,40045737,机械密封,FW-W 109-35,备件,个,,,,,0,已启用,,,,否,否
206,备件,40045748,不锈钢吹风喷嘴,抛光款/30孔/孔径1mm/宽80mm,备件,个,,,,,0,已启用,,,,否,否
207,备件,40045747,LED支架,T8-LED三防空支架1.2米,备件,个,,,,,0,已启用,,,,否,否
208,备件,40045746,硅胶卡垫,208mm,备件,个,,,,,0,已启用,,,,否,否
209,备件,40045745,手电筒,Y30,备件,个,,,,,0,已启用,,,,否,否
210,备件,40045744,曲线锯锯条,T345XF-进取型【复合材料切割】,备件,根,,,,,0,已启用,0.000,,,否,否
211,备件,40045743,三角皮带,B2000,备件,根,,,,,0,已启用,,,,否,否
212,备件,40045742,蒸汽Y型过滤器保温套,IJ FOR DN50 FIG33 PN,备件,个,,,,,0,已启用,0.000,,,否,否
213,备件,40045741,蒸汽截止阀保温套,IJ FOR DN65 BSA PN,备件,个,,,,,0,已启用,0.000,,,否,否
214,备件,40045740,蒸汽截止阀保温套,IJ FOR DN25 BSA PN,备件,个,,,,,0,已启用,0.000,,,否,否
215,备件,40045589,不锈钢叶轮,153-104-30,备件,个,,,,,0,已启用,,,,否,否
216,备件,40045588,浮球阀,304不锈钢/DN32,备件,套,,,,,0,已启用,,,,否,否
217,备件,40045587,灌装机主电机八角梅花垫,GR28,备件,个,,,,,0,已启用,,,,否,否
218,备件,40045586,灌装入口星轮八角梅花垫,GR24,备件,个,,,,,0,已启用,,,,否,否
219,备件,40045585,液位检测仪探杆,E43347/长700mm,备件,根,,,,,0,已启用,0.000,,,否,否
220,备件,40045584,输送电机,DRN80M4/0.75KW 速比47.32,备件,套,,,,,0,已启用,0.000,,,否,否
221,备件,40045736,伺服驱动器,6SL3120-1TE21-8AC0,备件,台,,,,,0,已启用,0.000,,,否,否
222,备件,40045735,伺服驱动器,6SL3120-1TE21-0AD0,备件,台,,,,,0,已启用,0.000,,,否,否
223,备件,40045734,伺服驱动器,6SL3120-2TE15-0AD0,备件,台,,,,,0,已启用,0.000,,,否,否
224,备件,40045733,伺服驱动器,6SL3130-1TE22-0AA0,备件,台,,,,,0,已启用,0.000,,,否,否
225,备件,40045732,伺服控制器,"D425-2 DP/PN
1P 6AU1425-2AD00-0AA0",备件,台,,,,,0,已启用,0.000,,,否,否
226,备件,40045731,机械密封,HQQE 96525458,备件,个,,,,,0,已启用,0.000,,,否,否
227,备件,40045730,机械密封,HQQE 96511844,备件,个,,,,,0,已启用,0.000,,,否,否
228,备件,40045729,伺服电机,1FK7105-2AC71-1RA0,备件,台,,,,,0,已启用,0.000,,,否,否
229,备件,40045728,DS-HZ低噪音-回转式鼓风机,801S,备件,台,,,,,0,已启用,,,,否,否
230,备件,40045554,不锈钢压力表,0-2.5MPa,备件,块,,,,,0,已启用,,,,否,否
231,备件,40045553,不锈钢压力表,1-6bar,备件,块,,,,,0,已启用,,,,否,否
232,备件,40045552,不锈钢压力表,0-1.6MPa,备件,块,,,,,0,已启用,,,,否,否
233,备件,40045551,电机,0.37KW,备件,台,,,,,0,已启用,,,,否,否
234,备件,40045550,电磁阀头,R422002730,备件,个,,,,,0,已启用,,,,否,否
235,备件,40045419,电磁阀,SY7220-5DZ-02F-Q,备件,个,,,,,0,已启用,,,,否,否
236,备件,40045418,电磁阀,SY120-5DZ-02,备件,个,,,,,0,已启用,,,,否,否
237,备件,40045417,电磁阀,SY7120-5DZ-02F-Q,备件,个,,,,,0,已启用,,,,否,否
238,备件,40045416,编码器/注氮机,940.1372,备件,个,,,,,0,已启用,,,,否,否
239,备件,40045415,变频器,6SL3210-1KE14-3AF2,备件,台,,,,,0,已启用,,,,否,否
240,备件,40045414,UV灯管玻璃套管,直径23.5mm*壁厚1.5mm*长1580mm,备件,根,,,,,0,已启用,,,,否,否
241,备件,40045413,杀菌灯管,TUV 64 T5 HO 4P-SE 145W,备件,根,,,,,0,已启用,,,,否,否
242,备件,40045438,水平螺翼式法兰智能水表,WPH DN150,备件,件,,ERSA备件,,,0,已启用,,,,否,否
243,备件,40045412,分盖刀,5S5732038,备件,个,,,,,0,已启用,0.000,,,否,否
244,备件,40037755,氟橡胶骨架油封（耐高温120℃、耐酸碱）V型密封（不带弹簧）,VL-500,备件,个,,,,,0,已启用,0.000,,,否,否
245,备件,40035604,氟橡胶骨架油封（耐高温120℃、耐酸碱）O型圈,102,备件,个,,,,,0,已启用,,,,否,否
246,备件,40037751,M10吊钩,,备件,个,,,,,0,已启用,,,,否,否
247,备件,40037750,卸扣,3T,备件,个,,,,,0,已启用,,,,否,否
248,备件,40037749,环眼吊钩,3T,备件,个,,,,,0,已启用,,,,否,否
249,备件,40037748,吊带,2米 3吨,备件,根,,,,,0,已启用,,,,否,否
250,备件,40037747,吊带,1.5米 3吨,备件,根,,,,,0,已启用,,,,否,否
251,备件,40037746,吊带,1米 3吨,备件,根,,,,,0,已启用,,,,否,否
252,备件,40045437,氟橡胶密封圈（耐高温120℃、耐酸碱）,210*8,备件,个,,,,,0,已启用,,,,否,否
253,备件,40045436,氟橡胶密封圈（耐高温120℃、耐酸碱）,730*12,备件,个,,,,,0,已启用,,,,否,否
254,备件,40045435,取样阀密封,/,备件,套,,,,,0,已启用,,,,否,否
255,备件,40045434,316取样阀,50MM快装卡盘,备件,个,,,,,0,已启用,,,,否,否
256,备件,40045433,U-PVC活接,DN25/PN16,备件,个,,,,,0,已启用,,,,否,否
257,备件,40045432,铝型材端盖,国标4080/黑色,备件,个,,,,,0,已启用,,,,否,否
258,备件,40045431,316快装变径直接,A51*25卡盘64*50.5长50mm,备件,个,,,,,0,已启用,,,,否,否
259,备件,40045430,316快装90°弯头,A25卡盘50.5,备件,个,,,,,0,已启用,,,,否,否
260,备件,40045429,不锈钢圆条,12mm,备件,米,,,,,0,已启用,,,,否,否
261,备件,40045428,三角带,VBAN-075A-RHS,备件,根,,,,,0,已启用,,,,否,否
262,备件,40045427,尼龙轮子带刹车,150mm*45mm,备件,个,,,,,0,已启用,,,,否,否
263,备件,40045426,T5高校电子节能支架,XS-220V,备件,个,,,,,0,已启用,,,,否,否
264,备件,40045425,气管接头,GS-G1/8-4,备件,个,,,,,0,已启用,,,,否,否
265,备件,40045424,氟橡胶骨架油封（耐温100℃、耐酸碱）V型密封,VL-500 （不带弹簧）,备件,个,,,,,0,已启用,,,,否,否
266,备件,40045423,机械密封,CDLA-16/WB1F14,备件,个,,,,,0,已启用,,,,否,否
267,备件,40045422,隔离变压器,6SL3000-0CE22-0AA0,备件,台,,,,,0,已启用,,,,否,否
268,备件,40045421,变频器,6SL3210-1KE22-6UF1,备件,台,,,,,0,已启用,,,,否,否
269,备件,40045420,开关电源模块,85692,备件,个,,,,,0,已启用,0.000,,,否,否
270,备件,40045411,CFT比例阀隔膜片,2-2550230,备件,个,,,,,0,已启用,0.000,,,否,否
271,备件,40045410,CFT比例阀密封包,KIT/IMRRIC,备件,套,,,,,0,已启用,0.000,,,否,否
272,备件,40045370,隔爆型防爆灯罩,LED BPY,备件,个,,,,,0,已启用,,,,否,否
273,备件,40045369,风机,1.1KW,备件,台,,,,,0,已启用,,,,否,否
274,备件,40045368,灌装阀阀台组,/,备件,组,,,,,0,已启用,,,,否,否
275,备件,40045367,灌装阀支撑杆2型,/,备件,根,,,,,0,已启用,,,,否,否
276,备件,40045366,灌装阀支撑杆1型,/,备件,根,,,,,0,已启用,,,,否,否
277,备件,40045365,灌装阀隔热块,/,备件,块,,,,,0,已启用,,,,否,否
278,备件,40045364,316不锈钢三通气管接头,YQ 6-8,备件,个,,,,,0,已启用,,,,否,否
279,备件,40045363,316不锈钢三通气管接头,WO 6-8,备件,个,,,,,0,已启用,,,,否,否
280,备件,40045362,灌装阀滤网下0型密封圈,2S2189632,备件,个,,,,,0,已启用,,,,否,否
281,备件,40045361,交流接触器,CJX2-0910,备件,个,,,,,0,已启用,,,,否,否
282,备件,40045360,交流接触器,LCN1210,备件,个,,,,,0,已启用,,,,否,否
283,备件,40045359,真空发生器,ZL6H04-GN,备件,个,,,,,0,已启用,,,,否,否
284,备件,40045358,应急指示灯（左）,,备件,个,,,,,0,已启用,,,,否,否
285,备件,40045357,消防应急灯,安全出口,备件,个,,,,,0,已启用,,,,否,否
286,备件,40045356,熔断器,160A,备件,个,,,,,0,已启用,,,,否,否
287,备件,40045355,热缩管,125℃ VW-1(10/5）,备件,米,,,,,0,已启用,,,,否,否
288,备件,40045354,熔断器,RT18-32 5A,备件,个,,,,,0,已启用,,,,否,否
289,备件,40045353,熔断器,RO55250V 5A,备件,个,,,,,0,已启用,,,,否,否
290,备件,40045352,熔断器,RO45250V 0.5A,备件,个,,,,,0,已启用,,,,否,否
291,备件,40045351,急停按钮保护罩,WDAZH1F22-12,备件,个,,,,,0,已启用,,,,否,否
292,备件,40045350,电磁阀,0820 038 152,备件,个,,,,,0,已启用,,,,否,否
293,备件,40045319,电磁阀,5V210-08 DC24V,备件,个,,,,,0,已启用,,,,否,否
294,备件,40045318,真空发生器,ZL6H04-GN,备件,个,,,,,0,已启用,,,,否,否
295,备件,40045317,电磁阀,SY7220-50Z-02F-Q,备件,个,,,,,0,已启用,,,,否,否
296,备件,40045316,电磁阀,SY3140-5LZD,备件,个,,,,,0,已启用,,,,否,否
297,备件,40045315,灌装间门锁舌,/,备件,套,,,,,0,已启用,,,,否,否
298,备件,40045314,光电开关,PRK3CT3/4P50133653,备件,个,,,,,0,已启用,,,,否,否
299,备件,40045180,电源模块,MURR/85693,备件,个,,,,,0,已启用,,,,否,否
300,备件,40045166,高压风机,,备件,台,,,,,0,已启用,,,,否,否
301,备件,40045167,APV陶瓷过滤器滤芯,,备件,件,,,,,0,已启用,,,,否,否
302,备件,40045165,电磁阀,0820039217,备件,个,,,,,0,已启用,0.000,,,否,否
303,备件,40045164,电磁阀,0820038152,备件,个,,,,,0,已启用,0.000,,,否,否
304,备件,40045163,伺服电机,HG-SR1024B/1kW,备件,台,,,,,0,已启用,,,,否,否
305,备件,40045162,骨架油封,17*30*7,备件,个,,,,,0,已启用,,,,否,否
306,备件,40045161,手动叉车前轮子,180*50带轴承,备件,套,,,,,0,已启用,,,,否,否
307,备件,40045160,安全门锁,NS  D4CESQK-F41,备件,个,,,,,0,已启用,,,,否,否
308,备件,40045159,氩弧焊缩口透明瓷嘴,缩口透明8#,备件,个,,,,,0,已启用,,,,否,否
309,备件,40045158,防滑强磁十字批头,50mm,备件,盒,,,,,0,已启用,,,,否,否
310,备件,40045157,孔卡,72,备件,个,,,,,0,已启用,,,,否,否
311,备件,40045156,骨架油封,50*72*8,备件,个,,,,,0,已启用,,,,否,否
312,备件,40045155,内六角螺栓,M8*40/半牙/14.9级,备件,个,,,,,0,已启用,,,,否,否
313,备件,40045154,门锁,"电子连锁专用锁
/五芯/Φ30mm",备件,个,,,,,0,已启用,,,,否,否
314,备件,40045153,曝气风机,SCB70 2.2KW,备件,台,,,,,0,已启用,,,,否,否
315,备件,40045152,气缸,MGPL25-50z/MAX1.0MPa,备件,个,,,,,0,已启用,,,,否,否
316,备件,40045151,硅胶枪,9“  /90511,备件,个,,,,,0,已启用,,,,否,否
317,备件,40045150,硅胶枪,9“  /90510,备件,个,,,,,0,已启用,,,,否,否
318,备件,40045149,三爪拉马,250mm/90640,备件,套,,,,,0,已启用,,,,否,否
319,备件,40045148,三爪拉马,200mm/90638,备件,套,,,,,0,已启用,,,,否,否
320,备件,40045147,三爪拉马,150mm/90636,备件,套,,,,,0,已启用,,,,否,否
321,备件,40045146,电动工具辅件组套,09337,备件,套,,,,,0,已启用,0.000,,,否,否
322,备件,40045145,两爪拉马,200mm/90628,备件,套,,,,,0,已启用,,,,否,否
323,备件,40045144,轴承分离器套装,30-75mm/09413,备件,套,,,,,0,已启用,,,,否,否
324,备件,40045143,电机,SA47/T DRN71M4/C  0.37kW,备件,个,,,,,0,已启用,,,,否,否
325,备件,40045142,伺服电机,1FK7062-3BF71-1RA0,备件,台,,,,,0,已启用,,,,否,否
326,备件,40045141,电缆,RVVP 4*0.75mm²带屏蔽,备件,米,,,,,0,已启用,,,,否,否
327,备件,40045140,手握式使能开关,HE1G-L20MCB,备件,个,,,,,0,已启用,,,,否,否
328,备件,40045055,麻花钻头,Ø10,备件,根,,,,,0,已启用,,,,否,否
329,备件,40045054,麻花钻头,Ø9.7,备件,根,,,,,0,已启用,,,,否,否
330,备件,40045053,麻花钻头,Ø9.5,备件,根,,,,,0,已启用,,,,否,否
331,备件,40045052,麻花钻头,Ø8.7,备件,根,,,,,0,已启用,,,,否,否
332,备件,40045051,麻花钻头,Ø8,备件,根,,,,,0,已启用,,,,否,否
333,备件,40045050,APV缓冲水罐,VS12,备件,个,,,,,0,已启用,,,,否,否
334,备件,40044909,伺服电机维修,1FK7105-2AC71-1RA0,备件,台,,,,,0,已启用,,,,否,否
335,备件,40044992,PVC阀门,,备件,个,,,,,0,已启用,,,,否,否
336,备件,40044991,螺丝螺母,,备件,批,,,,,0,已启用,,,,否,否
337,备件,40044990,不锈钢封头,Ø76,备件,个,,,,,0,已启用,,,,否,否
338,备件,40044988,不锈钢弯头,Ø76,备件,个,,,,,0,已启用,,,,否,否
339,备件,40044987,双头外丝,Ø100,备件,个,,,,,0,已启用,,,,否,否
340,备件,40044986,变径直接,,备件,个,,,,,0,已启用,,,,否,否
341,备件,40044985,垫片,,备件,片,,,,,0,已启用,,,,否,否
342,备件,40044984,变径,63-50,备件,个,,,,,0,已启用,,,,否,否
343,备件,40044983,封头,PN16,备件,个,,,,,0,已启用,,,,否,否
344,备件,40044982,法兰,,备件,个,,,,,0,已启用,,,,否,否
345,备件,40044981,PVC弯头,Ø63,备件,个,,,,,0,已启用,,,,否,否
346,备件,40044980,PVC三通,Ø63,备件,个,,,,,0,已启用,,,,否,否
347,备件,40044899,不锈钢弯头,140,备件,个,,,,,0,已启用,,,,否,否
348,备件,40044898,槽钢,,备件,根,,,,,0,已启用,,,,否,否
349,备件,40044897,接近开关,IME18-08NPSZCOS,备件,个,,,,,0,已启用,,,,否,否
350,备件,40044896,三位五通电磁阀,SY7220-5DZ-02F-Q,备件,个,,,,,0,已启用,,,,否,否
351,备件,40044894,防水插座,5孔,备件,个,,,,,0,已启用,,,,否,否
352,备件,40044893,三位五通电磁阀,4V310-08 DC24V,备件,个,,,,,0,已启用,,,,否,否
353,备件,40044892,不锈钢管道支架,不锈钢材质，不可调节高度，φ70 - 76,备件,个,,,,,0,已启用,,,,否,否
354,备件,40044890,带插座连接电缆,EVT095（20米）,备件,根,,,,,0,已启用,,,,否,否
355,备件,40036059,压力开关,1655305,备件,个,,,,,0,已启用,,,,否,否
356,备件,40044888,纯水活性炭,4-20目,备件,KG,,,,,0,已启用,,,,否,否
357,备件,40035156,不锈钢304光轴,Ф3mm*1M,备件,根,,,,,0,已启用,,,,否,否
358,备件,40044887,304不锈钢黄油嘴,(45°弯）-M10,备件,个,,,,,0,已启用,,,,否,否
359,备件,40044886,304不锈钢黄油嘴,(90°弯）-M10,备件,个,,,,,0,已启用,,,,否,否
360,备件,40044885,LED投光灯,低压COB  12V-85V通用  300W IP66,备件,个,,,,,0,已启用,,,,否,否
361,备件,40044884,风扇,DP200A P/N 2123HSL,备件,个,,,,,0,已启用,,,,否,否
362,备件,40044883,U型管卡,镀锌，DN125,备件,个,,,,,0,已启用,,,,否,否
363,备件,40044881,槽钢,5#，国标，镀锌,备件,米,,,,,0,已启用,,,,否,否
364,备件,40044880,螺栓,不锈钢，M16×110，配套螺母,备件,套,,,,,0,已启用,,,,否,否
365,备件,40044879,螺栓,不锈钢，M16×65，配套螺母,备件,套,,,,,0,已启用,,,,否,否
366,备件,40044878,不锈钢管道支架,不锈钢材质，可调节高度，φ70~76,备件,个,,,,,0,已启用,,,,否,否
367,备件,40044877,蝶阀,"对夹式，阀体铸铁，阀板不锈钢，PN10,DN65",备件,台,,,,,0,已启用,,,,否,否
368,备件,40044876,双头外丝,不锈钢，φ32×3，长度150，单侧丝口长度50,备件,个,,,,,0,已启用,,,,否,否
369,备件,40044875,双头外丝,不锈钢，φ76×3.5，长度100，单侧丝口长度30,备件,个,,,,,0,已启用,,,,否,否
370,备件,40044874,封头,不锈钢，φ76×3.0,备件,个,,,,,0,已启用,,,,否,否
371,备件,40044873,封头,不锈钢，φ140×3.0,备件,个,,,,,0,已启用,,,,否,否
372,备件,40044872,变径,不锈钢材质，DN125×65,备件,个,,,,,0,已启用,,,,否,否
373,备件,40044871,垫片,DN65，橡胶材质,备件,片,,,,,0,已启用,,,,否,否
374,备件,40044870,盲板,不锈钢材质，DN65，PN10,备件,片,,,,,0,已启用,,,,否,否
375,备件,40044869,法兰,不锈钢材质，DN65，PN10,备件,片,,,,,0,已启用,,,,否,否
376,备件,40044868,弯头,不锈钢，φ140×3.0,备件,个,,,,,0,已启用,,,,否,否
377,备件,40044867,弯头,不锈钢，φ76×3.0,备件,个,,,,,0,已启用,,,,否,否
378,备件,40044866,管道,不锈钢，φ140×3.0,备件,米,,,,,0,已启用,,,,否,否
379,备件,40044865,管道,不锈钢，φ76×3.0,备件,米,,,,,0,已启用,,,,否,否
380,备件,40044864,曝气膜管,规格：φ65×800，材质：ABS+EPDM,备件,根,,,,,0,已启用,,,,否,否
381,备件,40044863,曝气膜管,规格：φ65×1000，材质：ABS+EPDM,备件,根,,,,,0,已启用,,,,否,否
382,备件,40044862,曝气膜管,规格：φ65×600，材质：ABS+EPDM,备件,根,,,,,0,已启用,,,,否,否
383,备件,40044861,递进式润滑脂分配器,SMP 0.2cc/一进十出,备件,套,,,,,0,已启用,,,,否,否
384,备件,40044860,递进式润滑脂分配器,SMP 0.2cc/一进八出,备件,套,,,,,0,已启用,,,,否,否
385,备件,40044859,递进式润滑脂分配器,SMP 0.2cc/一进六出,备件,套,,,,,0,已启用,,,,否,否
386,备件,40044857,聚乙烯灰色八角梅花垫,GR24,备件,个,,,,,0,已启用,,,,否,否
387,备件,40044856,骨架油封,CFW-40*62*7,备件,个,,,,,0,已启用,,,,否,否
388,备件,40044854,骨架油封,TCV-35*52*8,备件,个,,,,,0,已启用,,,,否,否
389,备件,40044853,骨架油封,TCV-45*65*10,备件,个,,,,,0,已启用,,,,否,否
390,备件,40044852,直角快插式弯头,QSL-4,备件,个,,,,,0,已启用,,,,否,否
391,备件,40044851,直角快插式弯头,QSL-12,备件,个,,,,,0,已启用,,,,否,否
392,备件,40044850,直角快插式弯头,QSL-10,备件,个,,,,,0,已启用,,,,否,否
393,备件,40044508,电磁阀,820048002,备件,个,,,,,0,已启用,,,,否,否
394,备件,40044788,骨架油封,25*38*7,备件,个,,,,,0,已启用,,,,否,否
395,备件,40044787,梅花扳手,48515 46mm,备件,个,,,,,0,已启用,,,,否,否
396,备件,40044786,麻花钻头（不锈钢专用）,φ8/φ8.5/φ8.7/φ9/φ9.5/φ9.7/φ10/φ10.5，各10个,备件,盒,,,,,0,已启用,,,,否,否
397,备件,40044785,防震压力表,"YCNG-100（M20,量程0~4bar)",备件,个,,,,,0,已启用,,,,否,否
398,备件,40044784,压力表,YCNG-100（膜盘50.5，量程0~11bar),备件,个,,,,,0,已启用,,,,否,否
399,备件,40044783,电工胶带,20米/卷 红色,备件,卷,,,,,0,已启用,,,,否,否
400,备件,40044782,电工胶带,20米/卷 绿色,备件,卷,,,,,0,已启用,,,,否,否
401,备件,40044781,电工胶带,20米/卷 黑色,备件,卷,,,,,0,已启用,,,,否,否
402,备件,40044780,骨架油封,40*52*7,备件,个,,,,,0,已启用,,,,否,否
403,备件,40044779,挂锁,长锁梁40mm款,备件,个,,,,,0,已启用,,,,否,否
404,备件,40044778,龙卷风刀,风口60mm,备件,个,,,,,0,已启用,,,,否,否
405,备件,40044777,压力表紫铜垫片,外径17mm/孔径6mm/厚2mm,备件,个,,,,,0,已启用,,,,否,否
406,备件,40044776,骨架油封,35*52*7,备件,个,,,,,0,已启用,,,,否,否
407,备件,40044775,短轴,I-CP2050泵,备件,个,,,,,0,已启用,,,,否,否
408,备件,40044774,急停开关保护罩,外径63mm安装孔36mm（带双面胶）,备件,个,,,,,0,已启用,,,,否,否
409,备件,40044773,UPVC双活接球阀,DN15,备件,个,,,,,0,已启用,,,,否,否
410,备件,40044772,变频器风扇,MF40102VX-Q00U-A9D,备件,个,,,,,0,已启用,,,,否,否
411,备件,40044771,传递窗电子连锁,微电脑钩子锁不锈钢面板,备件,套,,,,,0,已启用,,,,否,否
412,备件,40044770,单速电机,YE2-132S-4   5.5KW,备件,台,,,,,0,已启用,,,,否,否
413,备件,40036083,插座防水罩,86型通用款,备件,个,,,,,0,已启用,,,,否,否
414,备件,40044769,气缸,CD55B40-30,备件,个,,,,,0,已启用,,,,否,否
415,备件,40044768,减速机,KAZW89-KS-(8.1),备件,台,,,,,0,已启用,,,,否,否
416,备件,40044767,伺服电机,1FK7084-2AF71-1RG1,备件,台,,,,,0,已启用,,,,否,否
417,备件,40044744,红牛二道轮,,无价值备件,个,,,,,0,已启用,,,,否,否
418,备件,40044743,红牛一道轮,,无价值备件,个,,,,,0,已启用,,,,否,否
419,备件,40044742,不锈钢线槽,,备件,个,,,,,0,已启用,,,,否,否
420,备件,40044741,脚手架,,备件,套,,,,,0,已启用,,,,否,否
421,备件,40044740,码垛机限位挡板,,备件,个,,,,,0,已启用,,,,否,否
422,备件,40044738,304不锈钢方管,,备件,根,,,,,0,已启用,,,,否,否
423,备件,40044737,304板,,备件,块,,,,,0,已启用,,,,否,否
424,备件,40044736,304圆条,,备件,根,,,,,0,已启用,,,,否,否
425,备件,40044735,包装机链条支撑导轨,,备件,根,,,,,0,已启用,,,,否,否
426,备件,40044734,包装机耐磨条,,备件,根,,,,,0,已启用,,,,否,否
427,备件,40044732,T型链白色导轨,,备件,根,,,,,0,已启用,,,,否,否
428,备件,40044730,T型链塑料导轨,,备件,根,,,,,0,已启用,,,,否,否
429,备件,40044689,铝合金护栏M条,,备件,根,,,,,0,已启用,,,,否,否
430,备件,40044688,镀锌方管,,备件,根,,,,,0,已启用,,,,否,否
431,备件,40044685,UPVC管（白色）,,备件,根,,,,,0,已启用,,,,否,否
432,备件,40044684,PVC穿线槽,,备件,根,,,,,0,已启用,,,,否,否
433,备件,40044659,净化间电子互锁指示灯,长方形指示灯/长165MM*宽67MM/开孔48MM*129MM,备件,个,,,,,0,已启用,,,,否,否
434,备件,40044328,伺服编码器电缆信号线,6FX50026FX8002-2DC10-1BF0,无价值备件,根,,,,,0,已启用,,,,否,否
435,备件,40044326,交换机,6GK5005-OBA00-1A2,无价值备件,个,,,,,0,已启用,,,,否,否
436,备件,40044325,急停按钮盒,XALB01YC,无价值备件,个,,,,,0,已启用,,,,否,否
437,备件,40044322,压力表,2022FJ0006-32,无价值备件,个,,,,,0,已启用,,,,否,否
438,备件,40044321,温度计,WSS-481  0-150℃,无价值备件,个,,,,,0,已启用,,,,否,否
439,备件,40044567,伺服电机,1FK7084-2AF71-1RA0,备件,台,西门子,,,,0,已启用,,,,否,否
440,备件,40044489,不锈钢安全阀,A21W-161 1.0Mpa,无价值备件,个,,,,,0,已启用,,,,否,否
441,备件,40044488,电极线缆,AS9/15m,无价值备件,根,,,,,0,已启用,,,,否,否
442,备件,40044487,检测旋转轮,大轮直径70mm*厚15mm，小轮直径35mm*厚35mm,无价值备件,个,,,,,0,已启用,,,,否,否
443,备件,40044486,光纤放大器,E3X-2V41,无价值备件,个,,,,,0,已启用,,,,否,否
444,备件,40044485,光电开关,E32-ZD200,无价值备件,个,,,,,0,已启用,,,,否,否
445,备件,40044484,液位传感器,PG2789,无价值备件,个,,,,,0,已启用,,,,否,否
446,备件,40044483,电源模块,S8VK-G12024,无价值备件,个,,,,,0,已启用,,,,否,否
447,备件,40044482,阀岛,CPV10-GE-DI01-8,无价值备件,个,,,,,0,已启用,,,,否,否
448,备件,40044481,变频器,1P 6SL3210-1KE13-2UF2,无价值备件,台,,,,,0,已启用,,,,否,否
449,备件,40044475,网口编码器电缆,6FX5002-2DC10-1CA0,备件,根,,,,,0,已启用,,,,否,否
450,备件,40044474,灌装伺服电机联轴器不锈钢定位套,,备件,件,,,,,0,已启用,,,,否,否
451,备件,40044460,直道链板,Matveyor 1600,备件,米,,,,,0,已启用,,,,否,否
452,备件,40044459,红外线温度传感器,MIK-AL-10 0~300℃,备件,个,,,,,0,已启用,,,,否,否
453,备件,40044458,密封垫,"耐酸碱/耐高温/食品级/硅橡胶/内径d=40mm/外径d=70mm,厚度2.5mm",备件,个,,,,,0,已启用,,,,否,否
454,备件,40044457,密封垫,耐酸碱/耐高温/食品级/氟橡胶/内径d=18mm/外径d=25mm，厚度3mm,备件,个,,,,,0,已启用,,,,否,否
455,备件,40044456,温度变送器,MIK-PX202,备件,个,,,,,0,已启用,,,,否,否
456,备件,40044455,不锈钢板,1500mm*450mm*2.5mm,备件,块,,,,,0,已启用,,,,否,否
457,备件,40044454,不锈钢方管,304材质/20mm*20mm*0.8mm,备件,米,,,,,0,已启用,,,,否,否
458,备件,40044453,剥线钳,7寸/十合一,备件,把,,,,,0,已启用,,,,否,否
459,备件,40044452,滴油嘴,回转风机用/16mm螺纹接口/6mm接头,备件,个,,,,,0,已启用,,,,否,否
460,备件,40044451,温度表,WSS-481,备件,块,,,,,0,已启用,,,,否,否
461,备件,40044449,温度表,WSS-12,备件,块,,,,,0,已启用,,,,否,否
462,备件,40037156,变频器,FC-051P11KT4E20H3BXCXXXSXXX 11KW AC：380V,备件,台,,,,,0,已启用,,,,否,否
463,备件,40044448,带屏蔽电缆,RVVP屏蔽电缆3*0.5mm²,备件,米,,,,,0,已启用,,,,否,否
464,备件,40044447,快装内丝,316L /4分内螺纹/DN15/卡盘50.5,备件,个,,,,,0,已启用,,,,否,否
465,备件,40044446,蝶阀,WD671XP-160/通径80mm/对夹式,备件,个,,,,,0,已启用,,,,否,否
466,备件,40044445,三角皮带,B2085,备件,根,,,,,0,已启用,,,,否,否
467,备件,40044444,RO膜拆膜工具,8040（塑料螺纹）,备件,套,,,,,0,已启用,,,,否,否
468,备件,40044443,无油机机头,800W  尺寸9x22cm  60L/min,备件,台,,,,,0,已启用,,,,否,否
469,备件,40044442,骨架油封,50*80*10,备件,个,,,,,0,已启用,,,,否,否
470,备件,40044441,手阀开关,BUC-04,备件,个,,,,,0,已启用,,,,否,否
471,备件,40044440,推一推杆,82220103,备件,个,,,,,0,已启用,,,,否,否
472,备件,40044403,捕虫灯,,无价值备件,个,,,,,0,已启用,,,,否,否
473,备件,40044313,软启动器,PSE45-600-70,备件,台,,,,,0,已启用,,,,否,否
474,备件,40044320,比例阀保养包,委外加工,备件,套,,,,,0,已启用,,,,否,否
475,备件,40044179,比例阀中心轴,委外加工,备件,根,,,,,0,已启用,,,,否,否
476,备件,40044178,链道轴,委外加工,备件,根,,,,,0,已启用,,,,否,否
477,备件,40044177,剔除槽,委外加工,备件,件,,,,,0,已启用,,,,否,否
478,备件,40044215,FLVJ涡街流量计,FLVJ-TS-EFM13A065-16A1Y2LB310,备件,套,,,,,0,已启用,,,,否,否
479,备件,40044312,液体涡轮流量计,FLYW210-032FL2M20N3-016B1NT1B310,备件,台,,,,,0,已启用,,,,否,否
480,备件,40044311,液体涡轮流量计,FLYW210-025FL2M20T3-016B1NT0B310,备件,台,,,,,0,已启用,,,,否,否
481,备件,40044310,仪表箱,B310,备件,个,,,,,0,已启用,,,,否,否
482,备件,40044219,智能流量积算仪,XSF1-B1BC0A0T1A8310,备件,台,,,,,0,已启用,,,,否,否
483,备件,40044218,装配热电阻,XS-WZPK-230-L100,备件,支,,,,,0,已启用,,,,否,否
484,备件,40044217,不锈钢缓冲冷凝管加针阀,PJ-T8B310,备件,套,,,,,0,已启用,,,,否,否
485,备件,40044216,高温榔头型压力变送器,BST6600-20GB/CB 1.6MPaT0M0B310/A类,备件,台,,,,,0,已启用,,,,否,否
486,备件,40044250,盘,5-5202442,备件,个,,,,,0,已启用,,,,否,否
487,备件,40044249,磁盘,5-2450316,备件,个,,,,,0,已启用,,,,否,否
488,备件,40044248,盘,5-3051061,备件,个,,,,,0,已启用,,,,否,否
489,备件,40044247,轴,5-0001180,备件,个,,,,,0,已启用,,,,否,否
490,备件,40044246,别针,2S2204400,备件,个,,,,,0,已启用,,,,否,否
491,备件,40044245,键,2S2203469,备件,个,,,,,0,已启用,,,,否,否
492,备件,40044244,O型圈,2S2188160,备件,个,,,,,0,已启用,,,,否,否
493,备件,40044243,O型圈,2S2186650,备件,个,,,,,0,已启用,,,,否,否
494,备件,40044242,O型圈,2C213003185,备件,个,,,,,0,已启用,,,,否,否
495,备件,40044241,油封环,2C213001846,备件,个,,,,,0,已启用,,,,否,否
496,备件,40044240,油封环,2-2350552,备件,个,,,,,0,已启用,,,,否,否
497,备件,40044239,入口星轮轴,5-0001182,备件,根,,,,,0,已启用,,,,否,否
498,备件,40044238,入口星轮轴外壳,5-1501027,备件,根,,,,,0,已启用,,,,否,否
499,备件,40044237,亚克力板,1200mm*500mm*8mm,备件,张,,,,,0,已启用,,,,否,否
500,备件,40044236,斜口钳,"斜嘴钳6"" 6寸 70202A",备件,把,,,,,0,已启用,,,,否,否
501,备件,40044235,4分双内球阀,4分双内+双头快插12mm,备件,个,,,,,0,已启用,,,,否,否
502,备件,40044234,配电柜门锁,MS830（不带天地拉杆）,备件,把,,,,,0,已启用,,,,否,否
503,备件,40044233,氩弧焊缩口透明瓷嘴,缩口透明8#,备件,个,,,,,0,已启用,,,,否,否
504,备件,40044232,智能定位器,SP7,备件,个,,,,,0,已启用,,,,否,否
505,备件,40044231,泵,TP 32-250/2 A-F-A-BAQE-HX1,备件,个,,,,,0,已启用,,,,否,否
506,备件,40044230,电磁阀,SY7220-5DZ-02F-Q,备件,个,,,,,0,已启用,,,,否,否
507,备件,40044089,晶体定向仪,01.05.0090,备件,台,,,,,0,已启用,,,,否,否
508,备件,40044088,X射线管,01.05.0151,备件,台,,,,,0,已启用,,,,否,否
509,备件,40044087,高压电源,02.01.0042,备件,台,,,,,0,已启用,,,,否,否
510,备件,40044086,吸水电机,2-D3-004,备件,台,,,,,0,已启用,,,,否,否
511,备件,40044084,战马二步轮卷封轮壳,5-6400778,无价值备件,个,,,,,0,已启用,,,,否,否
512,备件,40044083,战马一步轮卷封轮壳,5-6400777,无价值备件,个,,,,,0,已启用,,,,否,否
513,备件,40044127,齿形皮带（带加强钢丝）,8M-480-20,备件,根,,,,,0,已启用,0.000,,,否,否
514,备件,40044125,下盖盖道减压阻力耐磨条,,备件,件,,,,,0,已启用,,,,否,否
515,备件,40044124,化验室文件柜锁,,备件,套,,,,,0,已启用,,,,否,否
516,备件,40044123,链轮,,备件,件,,,,,0,已启用,,,,否,否
517,备件,40044122,上膜轴做加长定位加工,,备件,件,,,,,0,已启用,,,,否,否
518,备件,40044121,热缩机送膜导向滚筒轴,,备件,件,,,,,0,已启用,,,,否,否
519,备件,40044120,热缩机送膜导向滚筒,,备件,件,,,,,0,已启用,,,,否,否
520,备件,40044119,包装机取卡系统链轮轴,,备件,件,,,,,0,已启用,,,,否,否
521,备件,40044002,伺服电机,1FK7084-2AF1-1RA0,无价值备件,个,,,,,0,已启用,,,,否,否
522,备件,40044001,按钮盒,白色/单按钮/白色,无价值备件,个,,,,,0,已启用,,,,否,否
523,备件,40044000,温控仪,E5CC-RX3D5M-000,无价值备件,个,,,,,0,已启用,,,,否,否
524,备件,40043899,变频器面板,LCP11,无价值备件,个,,,,,0,已启用,,,,否,否
525,备件,40043991,风刀,/,无价值备件,个,,,,,0,已启用,,,,否,否
526,备件,40043990,电机,DRN80MK4,无价值备件,台,,,,,0,已启用,,,,否,否
527,备件,40043989,电机,RV63,无价值备件,台,,,,,0,已启用,,,,否,否
528,备件,40043988,烘炉风机,XS-71/B2AA0938,无价值备件,台,,,,,0,已启用,,,,否,否
529,备件,40043987,三相异步电动机,DS80S4/P/D120,无价值备件,台,,,,,0,已启用,,,,否,否
530,备件,40043986,风机,3YX90LC2,无价值备件,台,,,,,0,已启用,,,,否,否
531,备件,40043985,风机,1LE100300A322JB4,无价值备件,台,,,,,0,已启用,,,,否,否
532,备件,40043984,高压电源,02.01.0042,无价值备件,件,,,,,0,已启用,,,,否,否
533,备件,40043983,两用快装扳手组合,,无价值备件,套,,,,,0,已启用,,,,否,否
534,备件,40043982,隔膜泵液路服务包,A05PPXXX/8005/污水,备件,套,,,,,0,已启用,,,,否,否
535,备件,40043981,隔膜泵气路服务包,A05PPXXX/7005/污水,备件,套,,,,,0,已启用,,,,否,否
536,备件,40043980,液位传感器探杆,E43205/长700mm/灌装,备件,根,,,,,0,已启用,,,,否,否
537,备件,40043979,轴承,6205-2Z/通用,备件,个,,,,,0,已启用,,,,否,否
538,备件,40043978,轴承,6305-2Z/通用,备件,个,,,,,0,已启用,,,,否,否
539,备件,40043977,不锈钢加油漏斗,Φ200/保养,备件,个,,,,,0,已启用,,,,否,否
540,备件,40043976,保温套,可拆卸阀门保温套/DN50/配料,备件,个,,,,,0,已启用,,,,否,否
541,备件,40043975,枪尾,QQ150枪尾长款（2只装）/工具,备件,件,,,,,0,已启用,,,,否,否
542,备件,40043974,气管接头,APL6M3/灌装,备件,个,,,,,0,已启用,,,,否,否
543,备件,40043973,气管接头,PL4M3-M/灌装,备件,个,,,,,0,已启用,,,,否,否
544,备件,40043972,热缩管,80φ（黑色）/码垛,备件,米,,,,,0,已启用,,,,否,否
545,备件,40043971,接线端子,KV223-25P  25进25出/低值易耗,备件,个,,,,,0,已启用,,,,否,否
546,备件,40043970,外丝堵头,PT1/8/外丝/内六角/316不锈钢/低值易耗,备件,个,,,,,0,已启用,,,,否,否
547,备件,40043969,外丝堵头,PT1/4/外丝/内六角/316不锈钢/低值易耗,备件,个,,,,,0,已启用,,,,否,否
548,备件,40043968,水龙头,304不锈钢/外螺纹4/灌装,备件,个,,,,,0,已启用,,,,否,否
549,备件,40043967,保护镜片,720S-G2内保护片防雾款(5片)/工具,备件,件,,,,,0,已启用,,,,否,否
550,备件,40043966,管塞,PP-6/低值易耗,备件,个,,,,,0,已启用,,,,否,否
551,备件,40043965,管塞,PP-4/低值易耗,备件,个,,,,,0,已启用,,,,否,否
552,备件,40039711,气管,PAN-MF-4X0.75-SW/黑色/低值易耗,备件,米,,,,,0,已启用,,,,否,否
553,备件,40043964,污水泵,WQD8-15-0.75S/不锈钢材质,备件,台,,,,,0,已启用,,,,否,否
554,备件,40043963,电磁阀底板,EBP34B-001D-08/灌装,备件,个,,,,,0,已启用,,,,否,否
555,备件,40043962,电磁阀,34B-L00-GDAA/灌装,备件,个,,,,,0,已启用,,,,否,否
556,备件,40043961,电磁阀底板,VV3QZ22-10C  （VQZ200系列，直接配管型，10位，插头式)/通用,备件,个,,,,,0,已启用,,,,否,否
557,备件,40043960,电磁阀,4V210-08/码垛,备件,个,,,,,0,已启用,,,,否,否
558,备件,40043776,气囊式膨胀罐（立式）,AQUASYSTEMVR18,备件,个,,,,,0,已启用,,,,否,否
559,备件,40036048,316不锈钢Y型过滤器,外径85.5mm,备件,套,,,,,0,已启用,,,,否,否
560,备件,40043838,三片式球阀,304-DN40(焊接）,备件,个,,,,,0,已启用,,,,否,否
561,备件,40043837,压力传感器,ISE20A-V-01-J,备件,个,,,,,0,已启用,,,,否,否
562,备件,40043836,Y型三通,等径Y型三通/304不锈钢/外径60mm,备件,个,,,,,0,已启用,,,,否,否
563,备件,40043835,风刀,长500mm/不锈钢/1.5寸中部进风,备件,件,,,,,0,已启用,,,,否,否
564,备件,40043834,浮球阀,304不锈钢/DN25,备件,套,,,,,0,已启用,,,,否,否
565,备件,40043833,亚克力板,120mm*50mm*10mm,备件,张,,,,,0,已启用,,,,否,否
566,备件,40043832,角磨机,GWS 900-100,备件,台,,,,,0,已启用,,,,否,否
567,备件,40043831,一字型桨叶,"旋转直径：800mm
 内孔直径：52mm
叶片厚度：5mm",备件,个,,,,,0,已启用,,,,否,否
568,备件,40043830,碳钢外丝接头,DN15/厚度3mm,备件,个,,,,,0,已启用,,,,否,否
569,备件,40043689,碟式止回阀,DCV10 DN125,备件,个,,,,,0,已启用,,,,否,否
570,备件,40043688,三片式球阀,M10S2RB/DN15/ 1/2&quot;,备件,个,,,,,0,已启用,,,,否,否
571,备件,40043687,安全带缓冲带,AN219CDD,备件,个,,,,,0,已启用,,,,否,否
572,备件,40043686,时间继电器,H3Y-4 AC220V /带底座/双时间,备件,个,,,,,0,已启用,,,,否,否
573,备件,40043685,时间继电器,H3Y-4 DC24V /带底座/双时间,备件,个,,,,,0,已启用,,,,否,否
574,备件,40043782,浮球疏水阀,FTGS14HC-10   1'BSP螺纹流向从左到右,备件,个,,,,,0,已启用,,,,否,否
575,备件,40043781,潜水泵,50WQ15-15-1.5/不锈钢材质,备件,台,,,,,0,已启用,,,,否,否
576,备件,40043755,气管接头,KQ2L06-M5N/低值易耗,备件,个,,,,,0,已启用,,,,否,否
577,备件,40043754,压力表,"0-0.6MP ,表盘Ф41mm径向   螺纹M10/APV",备件,个,,,,,0,已启用,,,,否,否
578,备件,40043753,硬性塑料锤头,92535/60mm/工具,备件,个,,,,,0,已启用,,,,否,否
579,备件,40043752,双平头内六角扳手,PB210.H-6公制7件套/工具,备件,套,,,,,0,已启用,,,,否,否
580,备件,40043751,风刀,F1/4-ALMA/通用,备件,个,,,,,0,已启用,,,,否,否
581,备件,40035608,密封垫,Ф51/配料,备件,个,,,,,0,已启用,,,,否,否
582,备件,40043750,氩弧焊枪枪头,缩口透明2.4套装/工具,备件,套,,,,,0,已启用,,,,否,否
583,备件,40043749,氩弧焊枪钨极针,蓝头镧钨极针2.4*150/低值易耗,备件,盒,,,,,0,已启用,,,,否,否
584,备件,40043748,温控仪,E5CC-RX2DSM-802/烘炉,备件,个,,,,,0,已启用,,,,否,否
585,备件,40043747,串口服务器,Mport3101-I/烘炉,备件,个,,,,,0,已启用,,,,否,否
586,备件,40043746,电磁阀,VB314A-CC1-00-BCCA-CTA/灌装机,备件,个,,,,,0,已启用,,,,否,否
587,备件,40043745,过滤器,2寸/不锈钢/长度230mm/冷却机,备件,个,,,,,0,已启用,,,,否,否
588,备件,40043744,温度传感器,TM111-1NRF3/101/灌装机,备件,个,,,,,0,已启用,,,,否,否
589,备件,40043743,液位传感器,LR2750/灌装机,备件,个,,,,,0,已启用,,,,否,否
590,备件,40043227,上膜轴刹车盘隔套/委外加工,,备件,件,,,,,0,已启用,,,,否,否
591,备件,40043226,包装机入口摩擦链张紧滚筒定制加工/委外加工,,备件,件,,,,,0,已启用,,,,否,否
592,备件,40043225,上膜轴加长定位加工/委外加工,,备件,件,,,,,0,已启用,,,,否,否
593,备件,40043224,热缩机上膜轴刹车防护罩/委外加工,,备件,件,,,,,0,已启用,,,,否,否
594,备件,40043703,变频器,EN600-4T0022G/0037P/称料,备件,台,,,,,0,已启用,,,,否,否
595,备件,40043702,不锈钢方管,30mm*30mm*2mm（亮面）/制水,备件,米,,,,,0,已启用,,,,否,否
596,备件,40043701,304不锈钢插销锁扣,304大号牛销/制水,备件,个,,,,,0,已启用,,,,否,否
597,备件,40043700,无孔不锈钢合页,90mm*60mm*3mm/制水,备件,个,,,,,0,已启用,,,,否,否
598,备件,40043664,卫生级气动蝶阀,DN125,备件,个,,,,,0,已启用,,,,否,否
599,备件,40043666,骨架油封,70 *100*10,备件,个,,,,,0,已启用,,,,否,否
600,备件,40043661,铂热电阻,WZP-GZPT-A,备件,个,,,,,0,已启用,,,,否,否
601,备件,40043660,轴承,6214-2Z,备件,个,,,,,0,已启用,,,,否,否
602,备件,40043529,PP袋式过滤器,PP180＊430-5μm,备件,个,,,,,0,已启用,,,,否,否
603,备件,40043528,电容式接近开关,LJC24A3-T(8)-J/EZ  M24,备件,个,,,,,0,已启用,,,,否,否
604,备件,40043526,绝缘手套,10KV,备件,双,,,,,0,已启用,,,,否,否
605,备件,40043525,绝缘靴,15KV,备件,双,,,,,0,已启用,,,,否,否
606,备件,40037472,电缆,RVV3*0.5mm²/铜芯软线,备件,米,,,,,0,已启用,,,,否,否
607,备件,40036931,电缆,RVV4*0.75mm²/铜芯软线,备件,米,,,,,0,已启用,,,,否,否
608,备件,40043524,过滤器滤芯,31020101013-3 过滤棉,备件,个·,,,,,0,已启用,,,,否,否
609,备件,40043658,隔离开关熔断器组,HH15-160/4QSA,备件,个,,,,,0,已启用,,,,否,否
610,备件,40043543,国产二道轮,"49254-20P/175
司太立合金外壳镀陶瓷涂层(CVD三氧化二铝)陶瓷轴承",备件,个,,,,,0,已启用,,,,否,否
611,备件,40043542,国产一道轮,"49254 10P/746
司太立合金外壳镀陶瓷涂层(CVD三氧化二铝)陶瓷轴承",备件,个,,,,,0,已启用,,,,否,否
612,备件,40043540,液位传感器,PASCAL CV3110,备件,个,,,,,0,已启用,,,,否,否
613,备件,40034587,低压验电笔,62601,备件,支,,,,,0,已启用,,,,否,否
614,备件,40043539,感应式离子风棒,SHB-E静电棒 -长100mm,备件,个,,,,,0,已启用,,,,否,否
615,备件,40038522,潜水泵,750W/220V/污水泵/2寸/带浮球,备件,台,,,,,0,已启用,,,,否,否
616,备件,40043538,防火卷帘用卷门机,FJJ 647-3P-(ALAND),备件,套,,,,,0,已启用,,,,否,否
617,备件,40043537,不锈钢穿线管 ,内径32mm/304不锈钢,备件,米,,,,,0,已启用,,,,否,否
618,备件,40043536,尼龙叉车轮子,80*70mm（带6204RS的轴承）,备件,个,,,,,0,已启用,,,,否,否
619,备件,40043535,硬质合金旋转锉,53702,备件,套,,,,,0,已启用,,,,否,否
620,备件,40043534,密封圈挑钩组套,09709,备件,套,,,,,0,已启用,,,,否,否
621,备件,40043532,角尺,91412,备件,件,,,,,0,已启用,,,,否,否
622,备件,40034924,塞尺,09415,备件,套,,,,,0,已启用,,,,否,否
623,备件,40043531,不锈钢加长塞尺,长300mm,备件,套,,,,,0,已启用,,,,否,否
624,备件,40043530,卷帘门限位调节固定器,内径9mm,备件,个,,,,,0,已启用,,,,否,否
625,备件,40043308,防水线接头,IS302,备件,个,,,,,0,已启用,,,,否,否
626,备件,40043307,充电型吸尘器,62000R/套装,备件,件,,,,,0,已启用,,,,否,否
627,备件,40043306,金属软轴批头套装,400MM金属软轴/批头12pc/套筒9pc“,备件,件,,,,,0,已启用,,,,否,否
628,备件,40043305,电磁阀底板,VV3QZ22-04C  （VQZ200系列，直接配管型，4位，插头式),备件,个,,,,,0,已启用,,,,否,否
629,备件,40043222,电磁阀,VQZ242B-5M1-C4（VQZ200系列，弹性密封，NO，直接配管型，高速响应型，DC24V，M型插座式，C4快换接头）,备件,个,,,,,0,已启用,,,,否,否
630,备件,40043304,保温棉,4000*610*50,备件,卷,,,,,0,已启用,,,,否,否
631,备件,40043441,一二线热缩机上膜系统张紧钩改造,,备件,个,,,,,0,已启用,,,,否,否
632,备件,40043303,配料间304不锈钢防撞净化门/委外加工,,备件,个,,,,,0,已启用,,,,否,否
633,备件,40042731,电锯,,无价值备件,个,,,,,0,已启用,,,,否,否
634,备件,40042500,烘炉顶部离心风机,,备件,台,,,,,0,已启用,,,,否,否
635,备件,40043252,配料香精暂存称量间门窗观察钢化玻璃,,备件,块,,,,,0,已启用,,,,否,否
636,备件,40043251,电机报闸用刹车片,,备件,件,,,,,0,已启用,,,,否,否
637,备件,40034896,不锈钢内六角螺栓,M6*20,备件,个,,,,,0,已启用,,,,否,否
638,备件,40043244,转向大转盘轴承,H4671885,备件,个,,,,,0,已启用,,,,否,否
639,备件,40043243,旁轮支架总成,H4671985,备件,套,,,,,0,已启用,,,,否,否
640,备件,40043242,承载轮轴,H4655788,备件,个,,,,,0,已启用,,,,否,否
641,备件,40043241,承载轮,H4675688,备件,个,,,,,0,已启用,,,,否,否
642,备件,40043240,气弹簧,H4679185,备件,个,,,,,0,已启用,,,,否,否
643,备件,40043238,保温棉,硅酸铝陶瓷纤维/长15米/宽1.22米/厚5cm,备件,卷,,,,,0,已启用,,,,否,否
644,备件,40043237,真空发生器,ZL6H06-K15LZ,备件,个,,,,,0,已启用,,,,否,否
645,备件,40043236,编码器联轴器,顶针款/孔径6X6,备件,个,,,,,0,已启用,,,,否,否
646,备件,40043235,快装卡盘,快装外丝/316材质/DN25,备件,个,,,,,0,已启用,,,,否,否
647,备件,40043234,法兰软连接,DN150,备件,个,,,,,0,已启用,,,,否,否
648,备件,40043233,双杆气缸,MGPM40-50Z    MAX.PRESS.1.0MPa（配快插气接弯头）,备件,个,,,,,0,已启用,,,,否,否
649,备件,40043232,电机,AEEV1H90L-2   2.2KW,备件,台,,,,,0,已启用,,,,否,否
650,备件,40043231,电机,AEEV1H90S-2   1.5KW,备件,台,,,,,0,已启用,,,,否,否
651,备件,40043230,LED防爆油站灯,BYJLED   220V 100W,备件,个,,,,,0,已启用,,,,否,否
652,备件,40043219,三色报警灯,三层有声/DC24V,备件,盏,,,,,0,已启用,,,,否,否
653,备件,40043218,电磁阀线圈,SY3140  L型 DC24V,备件,个,,,,,0,已启用,,,,否,否
654,备件,40043217,电缆,RVV3*2.5 黑色,备件,米,,,,,0,已启用,,,,否,否
655,备件,40043216,接近开关,IGS278,备件,个,IFM,,,,0,已启用,,,,否,否
656,备件,40043211,香精泵杆,FP427-1200,备件,根,FLUX,,,,0,已启用,,,,否,否
657,备件,40043210,增动力胶轮,82180104,备件,个,瑞尔利世,,,,0,已启用,,,,否,否
658,备件,40043189,角座阀,514    25D,备件,个,盖米,,,,0,已启用,,,,否,否
659,备件,40043188,阀岛,CPV10-V1,备件,套,FESTO,,,,0,已启用,,,,否,否
660,备件,40043187,转换线路板/接线盒,DYCZ-WIRE-BOX,备件,个,,,,,0,已启用,,,,否,否
661,备件,40040313,曲面传感器,DYCZ-VC-C25,备件,个,,,,,0,已启用,,,,否,否
662,备件,40043190,冷却机出口高压风刀,,备件,件,,,,,0,已启用,,,,否,否
663,备件,40043183,封口机压头轴拆卸工装/委外加工,,备件,件,,,,,0,已启用,,,,否,否
664,备件,40043182,热缩机分瓶指铜套/委外加工,,备件,件,,,,,0,已启用,,,,否,否
665,备件,40043181,包装机取卡机构摆臂支撑板/委外加工,,备件,件,,,,,0,已启用,,,,否,否
666,备件,40043149,一二线灌装机出口链道从动轴/委外加工,,备件,件,,,,,0,已启用,,,,否,否
667,备件,40043148,一二线灌装机进罐螺旋杆同步带轮/委外加工,,备件,件,,,,,0,已启用,,,,否,否
668,备件,40043147,一二线灌装机进罐螺旋杆驱动轮/委外加工,,备件,件,,,,,0,已启用,,,,否,否
669,备件,40043146,一线热缩机上膜轴改造/委外加工,,备件,件,,,,,0,已启用,,,,否,否
670,备件,40043145,一二线灌装出口链道接水盘/委外加工,,备件,米,,,,,0,已启用,,,,否,否
671,备件,40043144,二线冷却机出口高压风机/委外加工,,备件,台,,,,,0,已启用,,,,否,否
672,备件,40042938,灌装终端空气过滤器组件,MSB9/灌装,备件,件,FESTO,,,,0,已启用,,,,否,否
673,备件,40042937,定位控制头,CLASS 2 INPUT US6097183/灌装,备件,个,阿法拉伐,,,,0,已启用,,,,否,否
674,备件,40042936,SIEMENS联轴器组件,φ32/GS28（伺服电机专用）/灌装,备件,个,,,,,0,已启用,,,,否,否
675,备件,40042976,电动隔膜泵/污水,DBY3-32LTFF,备件,台,固德,,,,0,已启用,,,,否,否
676,备件,40042975,轴承,RAE35-XL-NPP-FA106/包装机,备件,个,INA,,,,0,已启用,,,,否,否
677,备件,40035250,轴承,6301-2RS/封口机,备件,个,SKF,,,,0,已启用,,,,否,否
678,备件,40042974,轴承,4305-2RS/包装机,备件,个,山东蓝宇,,,,0,已启用,,,,否,否
679,备件,40042973,SKF轴承安装工具,SKF TMFT36/工具,备件,套,SKF,,,,0,已启用,,,,否,否
680,备件,40042972,电钻,GSB550/工具,备件,把,博世,,,,0,已启用,,,,否,否
681,备件,40042971,电缆,RVV3*2.5 黑色/低值易耗,备件,米,正泰,,,,0,已启用,,,,否,否
682,备件,40042970,电缆,RVVP屏蔽电缆2*0.5mm²/低值易耗,备件,米,/,,,,0,已启用,,,,否,否
683,备件,40042969,接近开关,M30/DC24V/NPN型/检测距离60mm/外箱码,备件,个,/,,,,0,已启用,,,,否,否
684,备件,40042968,接近开关,LJ18A3-8-Z/D1 EX直流两线常开/污水,备件,个,/,,,,0,已启用,,,,否,否
685,备件,40034669,不锈钢内六角螺丝,M6*60mm/低值易耗,备件,个,/,,,,0,已启用,,,,否,否
686,备件,40042967,内轴承拉马,（升级款）内轴承拉马/工具,备件,个, 沃尔范,,,,0,已启用,,,,否,否
687,备件,40042966,结构胶,透明333/24支/箱/低值易耗,备件,箱,基亿,,,,0,已启用,,,,否,否
688,备件,40042965,硅胶O型圈,食品级M25*1.5/内径22mm/外径25mm/线径1.5mm/低值易耗,备件,个,/,,,,0,已启用,,,,否,否
689,备件,40042964,浮球开关,力普LPF-A3.15 220V380V 3米/污水,备件,个,普力奇,,,,0,已启用,,,,否,否
690,备件,40042963,UV杀菌灯灯座,G10Q灯座四针灯座/低值易耗,备件,个,/,,,,0,已启用,,,,否,否
691,备件,40038523,防火泥,柔性有机堵料/国标/2kg/低值易耗,备件,块,趣行,,,,0,已启用,,,,否,否
692,备件,40042962,LED防爆油站灯,BYJLED   220V 100W/APV间,备件,个,东晟照明,,,,0,已启用,,,,否,否
693,备件,40042961,骨架油封,30*40*4/拆包,备件,个,德氏,,,,0,已启用,,,,否,否
694,备件,40042960,冲压直线轴承,KH3050PP(30*40*50)/拆包,备件,个,,,,,0,已启用,,,,否,否
695,备件,40042939,冲压直线轴承,KH2540PP(25*35*40)/拆包,备件,个,,,,,0,已启用,,,,否,否
696,备件,40042835,封口机出口星轮导轨滑条/委外加工,,备件,根,,,,,0,已启用,,,,否,否
697,备件,40042834,一线封口机进出口不锈钢护板改造/委外加工,,备件,套,,,,,0,已启用,,,,否,否
698,备件,40042833,不锈钢接水槽/委外加工,,备件,件,,,,,0,已启用,,,,否,否
699,备件,40042832,搅拌器轴改造/委外加工,,备件,件,,,,,0,已启用,,,,否,否
700,备件,40042831,灌装机电机固定法兰/委外加工,,备件,件,,,,,0,已启用,,,,否,否
701,备件,40042830,尼龙板,1090mm X 75mm X 35mm/拆包机,备件,块,,,,,0,已启用,,,,否,否
702,备件,40042829,减速机,"FDU2009/2540251001
2KJ3505.5CA07.0CS1.Z
KADW49.KQ.(706)/灌装机",备件,台,,,,,0,已启用,,,,否,否
703,备件,40042828,10KV令克棒,10KV 两节两米/配电室,备件,根,,,,,0,已启用,,,,否,否
704,备件,40042827,香精泵气动头,F416-2EX 470W/6bar/配料,备件,个,,,,,0,已启用,,,,否,否
705,备件,40042826,模块底座,6ES7 193-6BP00-0BA0/通用,备件,个,,,,,0,已启用,,,,否,否
706,备件,40034826,接头,ф12*G1/4 QS-G1/4-12/低值易耗,备件,个,,,,,0,已启用,,,,否,否
707,备件,40042825,电机,AEEV1H90L-2   2.2KW/污水,备件,台,,,,,0,已启用,,,,否,否
708,备件,40042824,电机,AEEV1H90S-2   1.5KW/污水,备件,台,,,,,0,已启用,,,,否,否
709,备件,40042823,骨架油封,18*35*7/链道电机,备件,个,,,,,0,已启用,,,,否,否
710,备件,40042822,骨架油封,15*24*5/热缩,备件,个,,,,,0,已启用,,,,否,否
711,备件,40042821,骨架油封,40*55*7/热缩,备件,个,,,,,0,已启用,,,,否,否
712,备件,40042820,骨架油封,45*75*8/链道电机,备件,个,,,,,0,已启用,,,,否,否
713,备件,40038309,高压风机,SCB72   4.3KW/污水,备件,台,,,,,0,已启用,,,,否,否
714,备件,40042819,生物显微镜LED光源灯,3.4V/3W LED/污水,备件,个,,,,,0,已启用,,,,否,否
715,备件,40042818,气管接头,G1/2-Ф16  直角/包装,备件,个,,,,,0,已启用,,,,否,否
716,备件,40042817,尼龙塑料电线电缆防水接头,黑色M40X1.5/低值易耗,备件,个,,,,,0,已启用,,,,否,否
717,备件,40042816,急速排气阀,AQ3000-02/配8mm接头两个加消音器/热缩,备件,套,,,,,0,已启用,,,,否,否
718,备件,40042815,轴承,61908/灌装,备件,个,,,,,0,已启用,,,,否,否
719,备件,40042814,骨架密封,45*52*8/封口机,备件,个,,,,,0,已启用,,,,否,否
720,备件,40042813,轴承,6203-2Z/C3/封口机,备件,个,,,,,0,已启用,,,,否,否
721,备件,40042812,电力施工安全护栏,1.2米*3米红白可伸缩/配电室,备件,具,,,,,0,已启用,,,,否,否
722,备件,40042811,T4类电力电工防护安全帽,T4类 ABS安全帽/配电室,备件,顶,,,,,0,已启用,,,,否,否
723,备件,40042810,振动器,0100374/链道,备件,个,,,,,0,已启用,,,,否,否
724,备件,40042646,冷却机出口高压风机/委外加工,,备件,台,,,,,0,已启用,,,,否,否
725,备件,40042645,链道电机/委外加工,,备件,台,,,,,0,已启用,,,,否,否
726,备件,40042644,流量计/委外加工,,备件,个,,,,,0,已启用,,,,否,否
727,备件,40042730,流量计管接头压块,,备件,件,,,,,0,已启用,,,,否,否
728,备件,40042679,取卡机构主支架,,备件,套,,,,,0,已启用,,,,否,否
729,备件,40042628,接头,ф12*G1/4 QS-G1/4-12/低值易耗,备件,个,,,,,0,已启用,,,,否,否
730,备件,40042627,电机,AEEV1H90L-2   2.2KW/污水,备件,台,,,,,0,已启用,,,,否,否
731,备件,40042626,电机,AEEV1H90S-2   1.5KW/污水,备件,台,,,,,0,已启用,,,,否,否
732,备件,40042625,骨架油封,18*35*7/链道电机,备件,个,,,,,0,已启用,,,,否,否
733,备件,40042624,骨架油封,15*24*5/热缩,备件,个,,,,,0,已启用,,,,否,否
734,备件,40042623,骨架油封,40*55*7/热缩,备件,个,,,,,0,已启用,,,,否,否
735,备件,40042622,骨架油封,45*75*8/链道电机,备件,个,,,,,0,已启用,,,,否,否
736,备件,40042621,铝合金人字梯,5mm人字2.3米=直梯4.7米/维修使用,备件,架,,,,,0,已启用,,,,否,否
737,备件,40042620,锁芯,偏心长度20mm/专开/机修间,备件,个,,,,,0,已启用,,,,否,否
738,备件,40042619,轴承,6304-2RSH/C3  胶盖/链道,备件,个,,,,,0,已启用,0.000,,,否,否
739,备件,40042618,电磁阀,2W-200-20/220V/污水,备件,件,,,,,0,已启用,,,,否,否
740,备件,40042617,轴承,6201 RS/热缩,备件,个,,,,,0,已启用,0.000,,,否,否
741,备件,40042616,中性硅酮超强耐候胶,XH-933乳白色/低值易耗,备件,支,,,,,0,已启用,,,,否,否
742,备件,40042615,潜水泵,750W/220V/污水泵/2寸/带浮球/污水,备件,台,,,,,0,已启用,,,,否,否
743,备件,40042614,呼吸器,10寸/材质316L/0.22μm孔径/制水,备件,个,,,,,0,已启用,,,,否,否
744,备件,40042613,紫外灯管,8W/灯管长度310mm/带灯座支架/开关款  /低值易耗,备件,根,,,,,0,已启用,,,,否,否
745,备件,40042612,高温集气筒式液位计,MIK-P260G-05K1LUA1M3M1WGM105 -CL/污水,备件,个,,,,,0,已启用,,,,否,否
746,备件,40042611,PP阻燃波纹管,AD54.5MM/卸盖机,备件,米,,,,,0,已启用,,,,否,否
747,备件,40042610,搅拌电机,"80LH/4 TF RD 0.75kw
（含减速机）/污水",备件,台,,,,,0,已启用,,,,否,否
748,备件,40042609,电磁阀,SY3140-5LOZ/包装,备件,个,,,,,0,已启用,,,,否,否
749,备件,40042608,深沟球轴承,"693-2Z/C3
（每盒10个）/热缩",备件,盒,,,,,0,已启用,,,,否,否
750,备件,40042607,UPVC活接,DN20/污水,备件,件,,,,,0,已启用,,,,否,否
751,备件,40042606,316不锈钢补芯,外1.2寸变内1寸/APV,备件,件,,,,,0,已启用,,,,否,否
752,备件,40042605,真空发生器,840202002/上盖机,备件,件,,,,,0,已启用,,,,否,否
753,备件,40042604,机器人吸盘,840202001.2/上盖机,备件,件,,,,,0,已启用,,,,否,否
754,备件,40042603,双面同步带,82240119/上盖机,备件,件,,,,,0,已启用,,,,否,否
755,备件,40042602,剥纸刀,82160301/上盖机,备件,件,,,,,0,已启用,,,,否,否
756,备件,40042601,链接板,822200111/上盖机,备件,件,,,,,0,已启用,,,,否,否
757,备件,40042600,汇流排,2831/注氮机,备件,根,,,,,0,已启用,,,,否,否
758,备件,40038848,不锈钢手动蝶阀,76.2,无价值备件,个,,,,,0,已启用,,,,否,否
759,备件,40038849,汽动过滤组合三联件,,无价值备件,个,,,,,0,已启用,,,,否,否
760,备件,40038846,骨架油封,100*120*12,无价值备件,个,,,,,0,已启用,,,0.00,否,否
761,备件,40042578,维修伺服电机,,备件,件,,,,,0,已启用,,,,否,否
762,备件,40042577,出口星轮改造,,备件,件,,,,,0,已启用,,,,否,否
763,备件,40042576,一二线热缩机上膜系统张紧钩改造,,备件,件,,,,,0,已启用,,,,否,否
764,备件,40042575,二线封口机主减速机304不锈钢接油盒,,备件,件,,,,,0,已启用,,,,否,否
765,备件,40042574,一二线包装机折边气缸直角连接片,,备件,件,,,,,0,已启用,,,,否,否
766,备件,40042573,热缩膜卷孔径测量铝套,,备件,件,,,,,0,已启用,,,,否,否
767,备件,40042502,二线冷却出口高压风机,,无价值备件,台,,,,,0,已启用,,,,否,否
768,备件,40042501,链道电机,,无价值备件,台,,,,,0,已启用,,,,否,否
769,备件,40042398,空开,32A/3P,无价值备件,个,,,,,0,已启用,,,,否,否
770,备件,40042487,工业网线,六类/0.3米/成品,无价值备件,根,,,,,0,已启用,,,,否,否
771,备件,40042485,电滑环,2-2854384,无价值备件,个,,,,,0,已启用,,,,否,否
772,备件,40042484,流量计,科隆 5500C,无价值备件,台,,,,,0,已启用,,,,否,否
773,备件,40042483,加热条,接膜刀用/约4米,无价值备件,根,,,,,0,已启用,,,,否,否
774,备件,40042482,时间继电器,JSZ3,无价值备件,个,,,,,0,已启用,,,,否,否
775,备件,40042481,保险,RT18-32 6A/保险带座,无价值备件,个,,,,,0,已启用,,,,否,否
776,备件,40042480,注氮头加热器,940.106C,无价值备件,个,,,,,0,已启用,,,,否,否
777,备件,40042479,空开,NXB-63 C32 1P,无价值备件,个,,,,,0,已启用,,,,否,否
778,备件,40042478,空开,DZ47S C10 3P,无价值备件,个,,,,,0,已启用,,,,否,否
779,备件,40042477,空开,DZ47S C16 3P,无价值备件,个,,,,,0,已启用,,,,否,否
780,备件,40042476,空开,DZ47S C25 3P,无价值备件,个,,,,,0,已启用,,,,否,否
781,备件,40042475,漏电保护器,NXBLE-32 C25 3P,无价值备件,个,,,,,0,已启用,,,,否,否
782,备件,40042474,漏电保护器,NXBLE-32 C16 3P,无价值备件,个,,,,,0,已启用,,,,否,否
783,备件,40042473,SD卡,6ES7954-8LE04-0AA0,备件,张,,,,,0,已启用,,,,否,否
784,备件,40042472,吸糖机密封,816431,备件,个,,,,,0,已启用,,,,否,否
785,备件,40042471,电导率仪,SLI04-6-S,备件,个,,,,,0,已启用,,,,否,否
786,备件,40034956,物料盒,250*150*125,备件,个,,,,,0,已启用,,,,否,否
787,备件,40042470,氟橡胶下盖器骨架油封四（耐高温150℃）,32*42*7,备件,个,,,,,0,已启用,,,,否,否
788,备件,40042449,氟橡胶下盖器骨架油封三（耐高温150℃）,45*52*8,备件,个,,,,,0,已启用,,,,否,否
789,备件,40042448,氟橡胶下盖器骨架油封二（耐高温150℃）,32*52*7,备件,个,,,,,0,已启用,,,,否,否
790,备件,40042447,氟橡胶下盖器骨架油封一（耐高温150℃）,28*35*4,备件,个,,,,,0,已启用,,,,否,否
791,备件,40042446,螺栓,M6*16/材质316L/内六角,备件,个,,,,,0,已启用,,,,否,否
792,备件,40042445,316不锈钢宝塔内丝接头,1/4内丝 *12mm,备件,个,,,,,0,已启用,,,,否,否
793,备件,40042444,不锈钢水管收纳车,30*40*28cm,备件,台,,,,,0,已启用,0.000,,,否,否
794,备件,40039693,户外防水盒,NEH1-10340    (86型）,备件,个,,,,,0,已启用,,,,否,否
795,备件,40042443,防火卷帘控制按钮,SXD-G2,备件,个,,,,,0,已启用,,,,否,否
796,备件,40042442,分瓶器链条,2C2R22671/PK010004733,备件,件,,,,,0,已启用,,,,否,否
797,备件,40042441,弹簧,5B0053309-210,备件,件,,,,,0,已启用,,,,否,否
798,备件,40042229,流量计管接头压块,,备件,件,,,,,0,已启用,,,32.50,否,否
799,备件,40039646,中心料桶,5-2000584,备件,根,,,,,0,已启用,,,,否,否
800,备件,40042429,离心风机页轮,DF370W(直径160高86孔径14,备件,个,,,,,0,已启用,,,,否,否
801,备件,40042428,室外挂锁,,备件,把,,,,,0,已启用,,,,否,否
802,备件,40042427,304不锈钢方管,25*20*1.2MM,备件,米,,,,,0,已启用,,,,否,否
803,备件,40038560,减速机,2-0200368,备件,台,,,,,0,已启用,,,,否,否
804,备件,40038729,伺服电机,2-0050171,备件,台,,,,,0,已启用,,,,否,否
805,备件,40042435,防坠网,1.5M*6M,备件,张,,,,,0,已启用,,,,否,否
806,备件,40042434,304不锈钢方管,40*40*2.0MM,备件,米,,,,,0,已启用,,,,否,否
807,备件,40042433,漏电保护开关,NXBLE-32-3P/25A,备件,个,,,,,0,已启用,,,,否,否
808,备件,40042432,漏电保护开关,NXBLE-32-3P/16A,备件,个,,,,,0,已启用,,,,否,否
809,备件,40036278,出口星轮,6-7501494,备件,个,,,,,0,已启用,,,,否,否
810,备件,40042392,灯管,,备件,根,,,,,0,已启用,,,,否,否
811,备件,40042391,不锈钢板,,备件,块,,,,,0,已启用,,,,否,否
812,备件,40039421,接近开关,IGT205,备件,个,IFM,,,,0,已启用,,,,否,否
813,备件,40035002,接近开关,IS 118MM/4NO-8EO-M12,备件,个,IFM,,,,0,已启用,,,,否,否
814,备件,40042311,阀块,5-0450250,备件,个,CFT,,,,0,已启用,,,,否,否
815,备件,40042310,滑板,PK010002381,备件,件,CFT,,,,0,已启用,,,,否,否
816,备件,40042309,组件,Drawing 06--21,备件,件,CFT,,,,0,已启用,,,,否,否
817,备件,40042308,组件,Drawing 06--20,备件,套,CFT,,,,0,已启用,,,,否,否
818,备件,40042307,组件,Drawing 04--11,备件,套,CFT,,,,0,已启用,,,,否,否
819,备件,40042306,硅胶密封,,备件,件,,,,,0,已启用,,,,否,否
820,备件,40042305,铝合金工作平台,YP-2.0米可拆,备件,件,,,,,0,已启用,,,,否,否
821,备件,40042304,通芯螺丝刀,61608,备件,个,,,,,0,已启用,,,,否,否
822,备件,40042303,碗形钢丝轮,100033959248,备件,个,,,,,0,已启用,,,,否,否
823,备件,40042302,NAB型气动空压通轴式制动器带锥形轴套,孔径50,备件,套,,,,,0,已启用,,,,否,否
824,备件,40042301,不锈钢方管,40mm*40mm*2.0,备件,米,,,,,0,已启用,,,,否,否
825,备件,40042300,空调风扇,133FLW2-220V/30W,备件,个,,,,,0,已启用,,,,否,否
826,备件,40042299,插座保护盖,3孔/白色/滑动,备件,个,,,,,0,已启用,,,,否,否
827,备件,40042298,插座保护盖,2孔/白色/滑动,备件,个,,,,,0,已启用,0.000,,,否,否
828,备件,40042297,通讯座,BS-1000/带数据线,备件,个, SLiDZ,,,,0,已启用,,,,否,否
829,备件,40042296,夜光巡更点,巡检棒配套,备件,个, SLiDZ,,,,0,已启用,,,,否,否
830,备件,40042295,巡更棒,BP-2012S/带配套软件,备件,个, SLiDZ,,,,0,已启用,,,,否,否
831,备件,40042293,不锈钢浮球阀,不锈钢2寸DN50直塞304浮球阀,备件,件,创新者 ,,,,0,已启用,,,,否,否
832,备件,40042292,助焊胶,100028369108,备件,支, ergo,,,,0,已启用,,,,否,否
833,备件,40042291,气管,PEN-8x1.25-NT/543248,备件,米,FESTO,,,,0,已启用,,,,否,否
834,备件,40042290,气管,PEN-4x0.75-NT/543246,备件,米,FESTO,,,,0,已启用,,,,否,否
835,备件,40042284,中间继电器220V,JZX-22F  4Z,备件,个,,,,,0,已启用,,,,否,否
836,备件,40042279,中间继电器,RXM2AB2P7   AC219V,备件,个,,,,,0,已启用,,,,否,否
837,备件,40042276,交换机,"SCALANCE XB008
/6GK5008-0BA10-1AB2",备件,台,西门子,,,,0,已启用,,,,否,否
838,备件,40042274,轴流风机,3-2（12寸）配5米管,备件,台,金虎豹,,,,0,已启用,,,,否,否
839,备件,40042273,电磁流量计,INKO-1881-40016111F101EH1A,备件,台,樱科,,,,0,已启用,,,,否,否
840,备件,40042272,手持测温成像仪,HM-TPH10-3AUF,备件,台,HIKMICRO,,,,0,已启用,,,,否,否
841,备件,40042271,轴承,6211（带密封）,备件,件,SKF,,,,0,已启用,,,,否,否
842,备件,40042270,轴承,6214（带密封）,备件,件,SKF,,,,0,已启用,,,,否,否
843,备件,40042269,自动变光焊帽,720S二代,备件,个,TECMEN/泰克曼,,,,0,已启用,,,,否,否
844,备件,40042268,蒸汽管道弯头,φ50mm*4mm,备件,根,/,,,,0,已启用,,,,否,否
845,备件,40042267,蒸汽管道三通,φ50mm*4mm,备件,根,/,,,,0,已启用,,,,否,否
846,备件,40042266,钳子三件套装,70303A+70101A+70202A,备件,套,世达,,,,0,已启用,,,,否,否
847,备件,40042265,棘轮螺丝刀套筒套装,5111,备件,套,世达,,,,0,已启用,,,,否,否
848,备件,40042264,蒸汽管道,φ50mm*4mm*6m,备件,根,/,,,,0,已启用,,,,否,否
849,备件,40042263,316不锈钢内六角螺丝,M10*16,备件,颗,,,,,0,已启用,,,,否,否
850,备件,40042262,316不锈钢内六角螺丝,M8*16,备件,颗,,,,,0,已启用,,,,否,否
851,备件,40042261,316不锈钢内六角螺丝,M6*12,备件,颗,,,,,0,已启用,,,,否,否
852,备件,40042260,316不锈钢内六角螺丝,M5*10,备件,颗,,,,,0,已启用,,,,否,否
853,备件,40042259,316不锈钢内六角螺丝,M4*10,备件,颗,,,,,0,已启用,,,,否,否
854,备件,40042258,316不锈钢螺母,M12,备件,颗,,,,,0,已启用,,,,否,否
855,备件,40042257,316不锈钢螺母,M10,备件,颗,,,,,0,已启用,,,,否,否
856,备件,40042256,316不锈钢螺母,M8,备件,颗,,,,,0,已启用,,,,否,否
857,备件,40042255,316不锈钢螺母,M6,备件,颗,,,,,0,已启用,,,,否,否
858,备件,40042254,316不锈钢螺母,M5,备件,颗,,,,,0,已启用,,,,否,否
859,备件,40042253,316不锈钢螺母,M4,备件,颗,,,,,0,已启用,,,,否,否
860,备件,40042252,316不锈钢盖型螺母,M10,备件,颗,,,,,0,已启用,,,,否,否
861,备件,40042251,316不锈钢盖型螺母,M8,备件,颗,,,,,0,已启用,,,,否,否
862,备件,40042250,316不锈钢盖型螺母,M6,备件,颗,,,,,0,已启用,,,,否,否
863,备件,40042249,316不锈钢盖型螺母,M5,备件,颗,,,,,0,已启用,,,,否,否
864,备件,40042248,不锈钢板,1000mm*2000mm*1.5mm,备件,块,,,,,0,已启用,,,,否,否
865,备件,40042247,光电开关反光板,80mm*60mm,备件,个,,,,,0,已启用,,,,否,否
866,备件,40042246,一字螺丝刀,3.2x100/62203/一字,备件,把,世达,,,,0,已启用,,,,否,否
867,备件,40042245,一字螺丝刀,6x100/62208/一字,备件,把,世达,,,,0,已启用,,,,否,否
868,备件,40042244,十字螺丝刀,3.2x100/62203/十字,备件,把,世达,,,,0,已启用,,,,否,否
869,备件,40042243,十字螺丝刀,6x100/62208/十字,备件,把,世达,,,,0,已启用,,,,否,否
870,备件,40038700,卫生级耐高温硅胶活接密封,SMS57,备件,个,,,,,0,已启用,,,,否,否
871,备件,40040376,压力传感器焊接接头,IFT203,备件,个,,,,,0,已启用,,,,否,否
872,备件,40042146,车间照明吊灯,LED 200W,无价值备件,盏,,,,,0,已启用,,,,否,否
873,备件,40042145,电池模块,6FC5348-0AA02-0AA0,无价值备件,个,,,,,0,已启用,,,,否,否
874,备件,40042144,电磁阀,5V120-08D24V,无价值备件,个,,,,,0,已启用,,,,否,否
875,备件,40042143,注氮头固定座,940.9660,无价值备件,个,,,,,0,已启用,,,,否,否
876,备件,40042142,注氮头阀针,注氮头专用,无价值备件,根,,,,,0,已启用,,,,否,否
877,备件,40042141,指示灯,ZB2BW31C/绿,无价值备件,个,,,,,0,已启用,,,,否,否
878,备件,40042140,指示灯,ZB2BW41C/红,无价值备件,个,,,,,0,已启用,,,,否,否
879,备件,40042139,滚珠陶瓷,M8x30,无价值备件,个,,,,,0,已启用,,,,否,否
880,备件,40042138,安全门插销,包装机安全门专用,无价值备件,个,,,,,0,已启用,,,,否,否
881,备件,40042137,空开,iC62N C 20A,无价值备件,个,,,,,0,已启用,,,,否,否
882,备件,40042136,浮球开关,FACCA10,无价值备件,个,,,,,0,已启用,,,,否,否
883,备件,40042135,电磁阀芯,,无价值备件,个,,,,,0,已启用,,,,否,否
884,备件,40042134,轴流风扇,NTF2-12025/AC220S,无价值备件,个,,,,,0,已启用,,,,否,否
885,备件,40042133,光纤头,真空曲面检测仪专用,无价值备件,个,,,,,0,已启用,,,,否,否
886,备件,40042132,光电光纤,BRF-N,无价值备件,个,,,,,0,已启用,,,,否,否
887,备件,40042131,光电光纤,FS-N18N,无价值备件,个,,,,,0,已启用,,,,否,否
888,备件,40042130,编码器,ZSP3806-003G-2000BZ3-5-24F,无价值备件,个,,,,,0,已启用,,,,否,否
889,备件,40042079,轴护罩,ETC F/FL205,无价值备件,个,,,,,0,已启用,,,,否,否
890,备件,40042078,轴护罩,ETC F/FL207,无价值备件,个,,,,,0,已启用,,,,否,否
891,备件,40042077,接近开关,NI30U-M30-AP6X,无价值备件,个,,,,,0,已启用,,,,否,否
892,备件,40042076,交流接触器,LC1N1210,无价值备件,个,,,,,0,已启用,,,,否,否
893,备件,40042075,热继电器,JR36-63,无价值备件,个,,,,,0,已启用,,,,否,否
894,备件,40042074,电磁阀,4V210-08,无价值备件,个,,,,,0,已启用,,,,否,否
895,备件,40042073,磁感应开关,D-A93,无价值备件,个,,,,,0,已启用,,,,否,否
896,备件,40042070,真空传感器,DYCZ-VC-V28,备件,个,,,,,0,已启用,,,,否,否
897,备件,40039308,上膜气胀轴,PK01000328,备件,根,CFT,,,,0,已启用,,,,否,否
898,备件,40042036,除静电装置,SHB-E/风棒长60cm/带配套电源SK-C60,备件,套,,,,,0,已启用,,,,否,否
899,备件,40042035,轴承,6207Z,备件,件,,,,,0,已启用,,,,否,否
900,备件,40042034,轴承,6308Z,备件,件,,,,,0,已启用,,,,否,否
901,备件,40042033,不锈钢304重型拉扣,,备件,个,,,,,0,已启用,,,,否,否
902,备件,40042032,包胶钢丝绳,5mm,备件,米,,,,,0,已启用,,,,否,否
903,备件,40042031,空开,NXB-63-2P-C16,备件,个,,,,,0,已启用,,,,否,否
904,备件,40042030,插座,GN-217,备件,个,,,,,0,已启用,,,,否,否
905,备件,40042029,接线端子,PT 2.5-3209510/插拔式,备件,个,,,,,0,已启用,,,,否,否
906,备件,40042028,散热风扇,SF241238BH,备件,个,,,,,0,已启用,,,,否,否
907,备件,40042027,液位传感器,MIK-P260 R(0-5)J101D0V1AT0CS5,备件,个,,,,,0,已启用,,,,否,否
908,备件,40042026,线槽,35*35mm/PVC/齿型,备件,米,,,,,0,已启用,,,,否,否
909,备件,40042025,网线,3米,备件,根,,,,,0,已启用,,,,否,否
910,备件,40042024,网线,0.3米,备件,根,,,,,0,已启用,,,,否,否
911,备件,40042023,数字万用表,世达03015,备件,个,,,,,0,已启用,,,,否,否
912,备件,40042022,大钳口钳形万用表,世达03025,备件,个,,,,,0,已启用,,,,否,否
913,备件,40042021,温度变送器,PT100/DC24V/4-20mA/0-150℃,备件,个,,,,,0,已启用,,,,否,否
914,备件,40042020,门窗密封条,9mm*4mm,备件,米,,,,,0,已启用,,,,否,否
915,备件,40042019,不锈钢水龙头阀芯,304不锈钢 （左开）,备件,个,,,,,0,已启用,,,,否,否
916,备件,40042018,不间断电源,C6K/在线式/单主机,备件,台,,,,,0,已启用,,,,否,否
917,备件,40039312,电磁阀,2-2600022,备件,个,,,,,0,已启用,,,,否,否
918,备件,40042039,齿轮,5S5396032,备件,个,,,,,0,已启用,,,,否,否
919,备件,40042038,齿轮,5S5396125,备件,个,,,,,0,已启用,,,,否,否
920,备件,40042037,齿轮轴,5-3800091,备件,根,,,,,0,已启用,,,,否,否
921,备件,40042017,战马滤袋,箱,无价值备件,箱,,,,,0,已启用,,,,否,否
922,备件,40042016,内六角扳手09108,套,无价值备件,套,,,,,0,已启用,,,,否,否
923,备件,40042015,17件新型全抛光两用扳手组套,8018,无价值备件,套,,,,,0,已启用,,,,否,否
924,备件,40042014,美工刀,93428,无价值备件,把,,,,,0,已启用,,,,否,否
925,备件,40042013,低压验电笔,62501,无价值备件,把,,,,,0,已启用,,,,否,否
926,备件,40042012,8”细齿平锉,把,无价值备件,把,,,,,0,已启用,,,,否,否
927,备件,40042011,两用扳手,把,无价值备件,把,,,,,0,已启用,,,,否,否
928,备件,40042010,老虎钳,把,无价值备件,把,,,,,0,已启用,,,,否,否
929,备件,40042009,斜嘴钳,把,无价值备件,把,,,,,0,已启用,,,,否,否
930,备件,40041882,金属零件清洗剂,,备件,桶,,,,,0,已启用,,,,否,否
931,备件,40041839,伺服电机,SYFM9627714202001,备件,台,,,,,0,已启用,,,,否,否
932,备件,40041838,伺服电机,SYFM9627714202002,备件,台,,,,,0,已启用,,,,否,否
933,备件,40041837,电子整流器,BL-MX110,备件,个,,,,,0,已启用,,,,否,否
934,备件,40041836,电磁阀,1056119,备件,个,,,,,0,已启用,,,,否,否
935,备件,40041835,压力变送器,PM1708,备件,个,,,,,0,已启用,,,,否,否
936,备件,40041834,触摸屏,6AV2 124-0GC01-0AX0,备件,台,,,,,0,已启用,,,,否,否
937,备件,40041689,斜口钳,70201A,备件,把,,,,,0,已启用,,,,否,否
938,备件,40041688,套筒组合,9002,备件,套,,,,,0,已启用,,,,否,否
939,备件,40041686,工作腰包,95213,备件,个,,,,,0,已启用,,,,否,否
940,备件,40041685,工作腰带,95215,备件,个,,,,,0,已启用,,,,否,否
941,备件,40041684,圆口带刃大力钳,71103,备件,把,,,,,0,已启用,,,,否,否
942,备件,40041632,三相异步电动机,1.5KW/380V/50HZ,备件,台,,,,,0,已启用,,,,否,否
943,备件,40041630,声光报警器,AC220V,备件,个,,,,,0,已启用,,,,否,否
944,备件,40041629,保险,RT28N-32X,备件,个,,,,,0,已启用,,,,否,否
945,备件,40041628,空开,IC65N C 40A/2P,备件,个,,,,,0,已启用,,,,否,否
946,备件,40041627,空开,IC65N D 16A/3P,备件,个,,,,,0,已启用,,,,否,否
947,备件,40041626,空开,IC65N C 32A/3P,备件,个,,,,,0,已启用,,,,否,否
948,备件,40041625,空开,FAZ-C4/1 /1P,备件,个,,,,,0,已启用,,,,否,否
949,备件,40041624,空开,TGB1N-63/C6 /1P,备件,个,,,,,0,已启用,,,,否,否
950,备件,40041623,空开,DZ47s/C16 /1P,备件,个,,,,,0,已启用,,,,否,否
951,备件,40041622,空开,DZ47s/C10 /1P,备件,个,,,,,0,已启用,,,,否,否
952,备件,40041621,暗装插座,10A 250V,备件,个,,,,,0,已启用,,,,否,否
953,备件,40041620,PH探头,HA405-DXK-S81120,备件,个,,,,,0,已启用,,,,否,否
954,备件,40041619,控制变压器,BK-150VA 36V,备件,个,,,,,0,已启用,,,,否,否
955,备件,40041618,什锦锉,套,备件,把,,,,,0,已启用,,,,否,否
956,备件,40041617,磨刀石,块,备件,把,,,,,0,已启用,,,,否,否
957,备件,40041616,塞尺,9405,备件,把,,,,,0,已启用,,,,否,否
958,备件,40041613,微型螺丝批,9314,备件,把,,,,,0,已启用,,,,否,否
959,备件,40041612,工具箱,95162,备件,把,,,,,0,已启用,,,,否,否
960,备件,40041611,钳工锤,92734,备件,把,,,,,0,已启用,,,,否,否
961,备件,40041610,世达两用扳手,40208,备件,把,,,,,0,已启用,,,,否,否
962,备件,40041609,世达绝缘斜口钳,70232,备件,把,,,,,0,已启用,,,,否,否
963,备件,40041608,活动扳手,47252,备件,把,,,,,0,已启用,,,,否,否
964,备件,40041607,两用扳手,40216,备件,把,,,,,0,已启用,,,,否,否
965,备件,40041606,两用扳手,40219,备件,把,,,,,0,已启用,,,,否,否
966,备件,40041605,内六角扳手组套,,备件,套,,,,,0,已启用,0.000,,,否,否
967,备件,40041604,钢丝钳,70302A,备件,把,,,,,0,已启用,,,,否,否
968,备件,40041603,螺丝刀,,备件,把,,,,,0,已启用,0.000,,,否,否
969,备件,40041602,两用快装扳手组合,8008,备件,把,,,,,0,已启用,,,,否,否
970,备件,40041513,战马转换器,,备件,件,,,,,0,已启用,,,,否,否
971,备件,40041512,伸缩门支架,,备件,件,,,,,0,已启用,,,,否,否
972,备件,40041511,气动蝶阀,DG1X-10P DN65,备件,件,,,,,0,已启用,,,,否,否
973,备件,40041510,金属罩,,备件,件,,,,,0,已启用,,,,否,否
974,备件,40041509,压力表,0-1.6MPa,备件,件,,,,,0,已启用,,,,否,否
975,备件,40041508,双金属温度计,WSS-481,备件,件,,,,,0,已启用,,,,否,否
976,备件,40041507,机封法兰,,备件,件,,,,,0,已启用,,,,否,否
977,备件,40041506,气动比例阀,,备件,件,,,,,0,已启用,,,,否,否
978,备件,40040410,下盖减速机/灌装机,6-4400014.01,备件,套,CFT,,,,0,已启用,,,,否,否
979,备件,40041812,超高分子耐磨条,RE-Φ(适配Φ6不锈钢圆条,备件,米,,,,,0,已启用,,,,否,否
980,备件,40041811,304不锈钢圆条,Φ6,备件,根,,,,,0,已启用,,,,否,否
981,备件,40039686,链轮/包装机,PK010002082,备件,根,,,,,0,已启用,,,,否,否
982,备件,40039685,齿轮张紧套/包装机,PK010002047,备件,根,,,,,0,已启用,,,,否,否
983,备件,40039684,吸纸板传动轴/包装机,PK010008290,备件,根,,,,,0,已启用,,,,否,否
984,备件,40039683,翅翼轴/包装机,PK010016043,备件,根,,,,,0,已启用,,,,否,否
985,备件,40039682,翅翼传动大齿轮/包装机,DRAWING 06-17,备件,件,,,,,0,已启用,,,,否,否
986,备件,40039681,翅翼传动小齿轮/包装机,DRAWING 06-16,备件,件,,,,,0,已启用,,,,否,否
987,备件,40039680,中间链条主轴/包装机,PK010002860,备件,根,,,,,0,已启用,,,,否,否
988,备件,40039679,L型连接块/包装机,PK010021213,备件,件,,,,,0,已启用,,,,否,否
989,备件,40039678,下侧翅翼板/包装机,PK010021205,备件,件,,,,,0,已启用,,,,否,否
990,备件,40039676,耐磨条/包装机,PK010017886,备件,根,,,,,0,已启用,,,,否,否
991,备件,40039675,主轴/包装机,PK010002760,备件,根,,,,,0,已启用,,,,否,否
992,备件,40039674,翅翼小轴/包装机,PK010008725,备件,件,,,,,0,已启用,,,,否,否
993,备件,40039673,翅翼张紧套/包装机,PK010002762,备件,件,,,,,0,已启用,,,,否,否
994,备件,40039671,推罐器连接块/包装机,/PK010002075,备件,件,,,,,0,已启用,,,,否,否
995,备件,40039670,进罐分罐主轴/包装机,PK010002182,备件,根,,,,,0,已启用,,,,否,否
996,备件,40039669,联轴器/包装机,PK010005757,备件,件,,,,,0,已启用,,,,否,否
997,备件,40039668,位置数字显示器/包装机,PK010002872,备件,件,,,,,0,已启用,,,,否,否
998,备件,40039667,分瓶指链轮定位卡簧/热缩,PK010000080,备件,件,,,,,0,已启用,,,,否,否
999,备件,40039666,分瓶指左链轮/热缩,PK010016276,备件,件,,,,,0,已启用,,,,否,否
1000,备件,40039665,分瓶指右链轮/热缩,PK010014397,备件,件,,,,,0,已启用,,,,否,否
1001,备件,40039664,分瓶指链轮隔套/热缩,PK010000159,备件,件,,,,,0,已启用,,,,否,否
1002,备件,40039663,分瓶器固定偏心转左/热缩,PK010003904,备件,件,,,,,0,已启用,,,,否,否
1003,备件,40039662,分瓶指固定下支架左/热缩机,PK0100014385,备件,件,,,,,0,已启用,,,,否,否
1004,备件,40039661,分瓶指固定下支架右/热缩,PK0100014384,备件,件,,,,,0,已启用,,,,否,否
1005,备件,40039660,分瓶指固定上支架左/热缩机,PK010014387,备件,件,,,,,0,已启用,,,,否,否
1006,备件,40039659,分瓶指固定上支架右/热缩机,PK010014386,备件,件,,,,,0,已启用,,,,否,否
1007,备件,40039658,分瓶指固定座螺柱/热缩机,PK010002669,备件,件,,,,,0,已启用,,,,否,否
1008,备件,40039657,分瓶指固定座左/热缩机,PK010003905,备件,件,,,,,0,已启用,,,,否,否
1009,备件,40039656,分瓶器链条滑道右条/热缩机,PK010014390,备件,件,,,,,0,已启用,,,,否,否
1010,备件,40039655,分瓶器链条滑道上条/热缩机,PK010014391,备件,件,,,,,0,已启用,,,,否,否
1011,备件,40039654,分瓶器链条滑道左条/热缩机,PK010021431,备件,件,,,,,0,已启用,,,,否,否
1012,备件,40039653,分瓶器链条张紧装置1/热缩机,PK010003371,备件,件,,,,,0,已启用,,,,否,否
1013,备件,40039652,分瓶器A限位块/热缩机,PK010021449,备件,件,,,,,0,已启用,,,,否,否
1014,备件,40040420,油泵/封口机,2-2500030,备件,件,,,,,0,已启用,,,,否,否
1015,备件,40040419,T型链导轨4/封口机,4/5-3768572,备件,件,,,,,0,已启用,,,,否,否
1016,备件,40040418,T型链导轨3/封口机,5-3768571,备件,件,,,,,0,已启用,,,,否,否
1017,备件,40040417,T型链导轨2/封口机,5-3768570,备件,件,,,,,0,已启用,,,,否,否
1018,备件,40040416,T型链导轨1/封口机,5-3768569,备件,件,,,,,0,已启用,,,,否,否
1019,备件,40040415,T型链过渡板/封口机,5-5354642,备件,件,,,,,0,已启用,,,,否,否
1020,备件,40040414,206下盖导轨套件/封口机,6S6108614,备件,件,,,,,0,已启用,,,,否,否
1021,备件,40040413,下盖星轮顶部齿轮/封口机,5S5396014,备件,件,,,,,0,已启用,,,,否,否
1022,备件,40040412,缠膜杆卡座磁铁/热缩,PK010016855,备件,件,,,,,0,已启用,,,,否,否
1023,备件,40040411,缠膜杆卡座/热缩,PK010016854,备件,件,,,,,0,已启用,,,,否,否
1024,备件,40040409,导条/灌装,/2S2125505,备件,件,,,,,0,已启用,,,,否,否
1025,备件,40040408,轴承座/灌装,2-2300063,备件,件,,,,,0,已启用,,,,否,否
1026,备件,40040407,轴承座/灌装,/2-2300062,备件,件,,,,,0,已启用,,,,否,否
1027,备件,40040406,链轮/灌装,5-5450210,备件,件,,,,,0,已启用,,,,否,否
1028,备件,40040405,链轮/灌装,5-5450209,备件,件,,,,,0,已启用,,,,否,否
1029,备件,40040404,链接头/灌装,2S2168075,备件,件,,,,,0,已启用,,,,否,否
1030,备件,40040403,链条/灌装,2S2164105,备件,件,,,,,0,已启用,,,,否,否
1031,备件,40040402,油封环/灌装,2B2190723,备件,件,,,,,0,已启用,,,,否,否
1032,备件,40035319,回流阀座带状轴承/灌装,5B0055431-001,备件,件,,,,,0,已启用,,,,否,否
1033,备件,40035281,推盖指/封口机,5S5276064,备件,件,,,,,0,已启用,,,,否,否
1034,备件,40035253,垫圈/灌装,2-2350162,备件,件,,,,,0,已启用,,,,否,否
1035,备件,40040893,调压阀/踢除器,G36-10-01,备件,个,,,,,0,已启用,,,,否,否
1036,备件,40040892,压力表/注氮机,897267WO,备件,块,,,,,0,已启用,,,,否,否
1037,备件,40040885,双管氩气减压阀,YQAR-731L-大瓶减压阀,备件,个,,,,,0,已启用,,,,否,否
1038,备件,40040881,压力表/APV,/表盘100mm 径向3/8螺纹0-1.6MPa,备件,块,,,,,0,已启用,,,,否,否
1039,备件,40040372,压力表/灌装,PAGN-50-1.6M-G14 8001506 /0-1.6MP,备件,块,,,,,0,已启用,,,,否,否
1040,备件,40040364,UPVC管/污水,/DN40,备件,米,,,,,0,已启用,,,,否,否
1041,备件,40041363,特氟龙高温布 ,0.35,备件,米,,,,,0,已启用,,,,否,否
1042,备件,40041361,特氟龙高温布/热缩机, 0.15/,备件,米,,,,,0,已启用,,,,否,否
1043,备件,40041279,成型耐磨条/包装机,PK010000047,备件,米,,,,,0,已启用,,,,否,否
1044,备件,40041278,推罐杆/包装机,/PK010001620,备件,米,,,,,0,已启用,,,,否,否
1045,备件,40041277,压差表,/尺寸Φ120.65MM*55.56MMN,备件,块,,,,,0,已启用,,,,否,否
1046,备件,40040913,机械密封/配料,9613477004,备件,个,,,,,0,已启用,,,,否,否
1047,备件,40040904,氩弧焊焊枪短枪尾,个,备件,个,,,,,0,已启用,,,,否,否
1048,备件,40040902,减压阀,YQB-731L-8L小瓶减压阀,备件,个,,,,,0,已启用,,,,否,否
1049,备件,40041810,机械密封/回流泵,CFT机械密封/X-48054,备件,件,,,,,0,已启用,,,,否,否
1050,备件,40041809,O型密封圈/灌装,2S2189609,备件,件,CFT,,,,0,已启用,,,,否,否
1051,备件,40041808,CIP进水软管/灌装,5-8952286,备件,件,CFT,,,,0,已启用,,,,否,否
1052,备件,40041807,物料进料软管/灌装,5-8953164,备件,件,CFT,,,,0,已启用,,,,否,否
1053,备件,40041806,物料回流软管/灌装,5-8952473,备件,件,CFT,,,,0,已启用,,,,否,否
1054,备件,40035323,回流阀阀座O型密封圈/灌装,2S2189619,备件,件,CFT,,,,0,已启用,,,,否,否
1055,备件,40035301,假座O型密封圈/灌装,2-2350188,备件,件,CFT,,,,0,已启用,,,,否,否
1056,备件,40035306,假杯密封垫/灌装,5-3600076,备件,件,CFT,,,,0,已启用,0.000,,,否,否
1057,备件,40035318,回流阀阀头/灌装,5B0055419,备件,件,CFT,,,,0,已启用,,,,否,否
1058,备件,40035322,回流阀无骨架密封/灌装,2B2184887,备件,件,CFT,,,,0,已启用,,,,否,否
1059,备件,40035320,回流阀针带状轴承/灌装,5B0055431-002,备件,件,CFT,,,,0,已启用,,,,否,否
1060,备件,40035321,回流阀端盖四氟垫/灌装,5-3700034,备件,件,CFT,,,,0,已启用,,,,否,否
1061,备件,40035310,灌装阀中座密封圈/灌装,5-3700087,备件,件,CFT,,,,0,已启用,,,,否,否
1062,备件,40035314,灌装阀大座垫/灌装,5-3700101,备件,件,CFT,,,,0,已启用,,,,否,否
1063,备件,40035315,灌装阀滤网下O型密封圈/灌装,2S2189632,备件,件,CFT,,,,0,已启用,,,,否,否
1064,备件,40035307,灌装阀滤网座上方形密封/灌装,5-3700033,备件,件,CFT,,,,0,已启用,,,,否,否
1065,备件,40035316,灌装阀窄边滤网/灌装,5-2450822,备件,件,CFT,,,,0,已启用,,,,否,否
1066,备件,40035299,灌装阀针滑套/灌装,2-1400010,备件,件,CFT,,,,0,已启用,,,,否,否
1067,备件,40035313,慢灌喇叭头密封/灌装,5-3700098,备件,件,CFT,,,,0,已启用,,,,否,否
1068,备件,40035305,快灌蘑菇头/灌装,5-0370003,备件,件,CFT,,,,0,已启用,,,,否,否
1069,备件,40035300,灌装阀压簧,2-1550019,备件,件,CFT,,,,0,已启用,,,,否,否
1070,备件,40035308,灌装头大密封圈/灌装,5-3700085,备件,件,CFT,,,,0,已启用,,,,否,否
1071,备件,40035295,O型密封圈/灌装,5-3700974,备件,件,CFT,,,,0,已启用,,,,否,否
1072,备件,40041805,硅胶人孔密封垫/APV,400,备件,个,,,,,0,已启用,,,,否,否
1073,备件,40041804,传感器安装配件/污水,PP40-1m,备件,个,KOZE,,,,0,已启用,,,,否,否
1074,备件,40041803,压力传感器/APV,PM1707,备件,个,易福门,,,,0,已启用,,,,否,否
1075,备件,40041802,轴流风扇/通用,NTF2-9225（AC220),备件,个,正泰,,,,0,已启用,,,,否,否
1076,备件,40041801,皮带冲孔器,3-25mm，15件套,备件,套,,,,,0,已启用,,,,否,否
1077,备件,40041800,明装开关/低值易耗,二开双控/明装,备件,个,公牛,,,,0,已启用,,,,否,否
1078,备件,40041799,LED射灯/配料,SLED320D 35W-5700K 220V,备件,个,雷士,,,,0,已启用,,,,否,否
1079,备件,40041798,DB9母头连接器/配料,DB9接线端子式,备件,个,,,,,0,已启用,,,,否,否
1080,备件,40041797,活动扳手/工具,4寸/47248,备件,把,世达,,,,0,已启用,,,,否,否
1081,备件,40041796,活动扳手/工具,6寸/47249,备件,把,世达,,,,0,已启用,0.000,,,否,否
1082,备件,40041795,UPVCZ直接接头/污水,DN32,备件,件,,,,,0,已启用,,,,否,否
1083,备件,40041794,UPVCZ直接接头/污水,DN25,备件,件,,,,,0,已启用,,,,否,否
1084,备件,40041793,UPVC管接头/污水,DN40-DN32,备件,件,,,,,0,已启用,,,,否,否
1085,备件,40041792,水性自喷漆/配料上糖间,350ml*2,备件,罐,三和,,,,0,已启用,,,,否,否
1086,备件,40041790,304不锈钢无缝钢管/冷却机,DN100,备件,米,,,,,0,已启用,,,,否,否
1087,备件,40041789,304不锈钢弯头/冷却机,DN100/90°弯头,备件,个,,,,,0,已启用,,,,否,否
1088,备件,40041788,水管快换铜接头/灌装,接4/6螺纹标准接头+6分通水接,备件,个,冰禹,,,,0,已启用,,,,否,否
1089,备件,40041787,不锈钢316水龙头/低值易耗,4分,备件,个,,,,,0,已启用,,,,否,否
1090,备件,40041786,不锈钢316水龙头/低值易耗,6分,备件,个,,,,,0,已启用,,,,否,否
1091,备件,40041785,金属石墨垫/锅炉房,DN125,备件,个,,,,,0,已启用,,,,否,否
1092,备件,40041784,快装焊接卡盘/低值易耗,Ф63,备件,个,,,,,0,已启用,,,,否,否
1093,备件,40041783,白色硅胶板/低值易耗,0.5mm厚 1米宽,备件,米,,,,,0,已启用,,,,否,否
1094,备件,40041782,不锈钢防松螺母/配料上糖间,M16,备件,个,,,,,0,已启用,,,,否,否
1095,备件,40041781,不锈钢螺栓/配料上糖间,M16*200,备件,个,,,,,0,已启用,,,,否,否
1096,备件,40041780,轴承/输送链道,UCF 207+防护盖,备件,件,SKF,,,,0,已启用,,,,否,否
1097,备件,40041779,轴承/输送链道,UCF 208/83+防护盖,备件,件,SKF,,,,0,已启用,0.000,,,否,否
1098,备件,40041778,触摸屏/冷却塔,MT8072iE,备件,台,维伦通,,,,0,已启用,0.000,,,否,否
1099,备件,40041777,阻燃波纹软管/低值易耗,PP阻燃AD25/内径20,备件,米,皓振,,,,0,已启用,0.000,,,否,否
1100,备件,40041776,阻尼器/热缩,200-100N,备件,个,,,,,0,已启用,,,,否,否
1101,备件,40041775,按钮/低值易耗,XB5AA35C/绿色,备件,个,施耐德,,,,0,已启用,,,,否,否
1102,备件,40041774,按钮/低值易耗,XB5AA45C/红色,备件,个,施耐德,,,,0,已启用,,,,否,否
1103,备件,40041773,密封垫/污水,DN40,备件,件,,,,,0,已启用,,,,否,否
1104,备件,40041772,密封垫/污水,DN50,备件,件,,,,,0,已启用,,,,否,否
1105,备件,40041771,轴承销轴/热缩,693轴承圆柱销轴,备件,米,,,,,0,已启用,,,,否,否
1106,备件,40041770,轴承/热缩,693T 12AZZ,备件,个,SKF,,,,0,已启用,,,,否,否
1107,备件,40041709,溢流阀/APV,2BPNO 1/2,备件,个,,,,,0,已启用,,,,否,否
1108,备件,40041708,编码器/注氮机,940.1372,备件,个,CRYOGAS,,,,0,已启用,,,,否,否
1109,备件,40041707,吹扫电磁阀通讯线/注氮机,EVT045,备件,根,CRYOGAS,,,,0,已启用,,,,否,否
1110,备件,40041706,联轴器/注氮机,940.50200A3,备件,个,CRYOGAS,,,,0,已启用,,,,否,否
1111,备件,40041705,喷嘴0.02/注氮机,940.651.020,备件,个,CRYOGAS,,,,0,已启用,,,,否,否
1112,备件,40041704,减速机/灌装机,&quot;JKD-I-0510825                         4509293240.1 2208                    KAZW89-KS-(8.1)                               i：41.54                                        T2:Nm1058&quot;,备件,台,西门子,,,,0,已启用,,,,否,否
1113,备件,40041703,压力表/注氮机,213.53.063,备件,块,CRYOGAS,,,,0,已启用,,,,否,否
1114,备件,40041702,超高分子耐磨条/输送线,RE-ø10,备件,米,,,,,0,已启用,,,,否,否
1115,备件,40041701,上膜切刀,特殊热处理+镀铬,备件,个,,热缩机,,,0,已启用,,,,否,否
1116,备件,40041245,计数复位报警器,FAZ7189,备件,套,,,,,0,已启用,,,,否,否
1117,备件,40034800,三通接头,Φ4 QST-4,备件,个,费斯托,,,,0,已启用,,,,否,否
1118,备件,40041244,可逆启动器,3RM1202-3AA04,备件,个,SIEMENS,,,,0,已启用,,,,否,否
1119,备件,40039413,减速机,PEI 120-016适配: P0411501607/AD-PE2-S24-M130-7,备件,个,,,,,0,已启用,,,,否,否
1120,备件,40041243,减压阀,LR-D-D1 MAXI 1534,备件,个,,,,,0,已启用,,,,否,否
1121,备件,40041242,气缸,DSNU20-10-P-A,备件,个,费斯托,,,,0,已启用,,,,否,否
1122,备件,40034463,乐泰螺纹紧固剂,,备件,个,,,,,0,已启用,,,,否,否
1123,备件,40041237,按钮盒,XALB03C/三孔,备件,个,施耐德,,,,0,已启用,,,,否,否
1124,备件,40041236,按钮盒,XALB02C/两孔,备件,个,施耐德,,,,0,已启用,,,,否,否
1125,备件,40041232,防爆灯,LED防爆飞碟灯/36w,备件,个,HKNA,,,,0,已启用,,,,否,否
1126,备件,40041231,防爆灯,LED防爆飞碟灯/200W,备件,个,,,,,0,已启用,,,,否,否
1127,备件,40038556,电滑环,2-2854384,备件,个,CONDUCTIX,,,,0,已启用,,,,否,否
1128,备件,40041221,气管,PFAN-6X1-NT/本色,备件,米,FESTO,,,,0,已启用,,,,否,否
1129,备件,40041220,气管,PFAN-4x0.75-NT/本色,备件,米,FESTO,,,,0,已启用,,,,否,否
1130,备件,40041199,气管,PAN-MF-8X1-SW/黑色,备件,米,FESTO,,,,0,已启用,,,,否,否
1131,备件,40041198,气管,PAN-MF-6X1-SW/黑色,备件,米,FESTO,,,,0,已启用,,,,否,否
1132,备件,40041197,气管,PAN-MF-4X0.75-SW/黑色,备件,米,FESTO,,,,0,已启用,,,,否,否
1133,备件,40041196,容器电眼,940.755,备件,个,CRYOGAS,,,,0,已启用,,,,否,否
1134,备件,40041195,时序电眼,940.2807,备件,个,CRYOGAS,,,,0,已启用,,,,否,否
1135,备件,40041194,PU圆皮带焊接机,接驳夹+电烙铁+剪刀,备件,台,,,,,0,已启用,,,,否,否
1136,备件,40041193,蝶阀+气动阀,Ф50.8S,备件,件,,,,,0,已启用,,,,否,否
1137,备件,40041192,蝶阀+气动阀,Ф101.6YS,备件,件,,,,,0,已启用,,,,否,否
1138,备件,40041476,封口机入口罐底不锈钢过渡板,5-5354651,备件,件,CFT,,,,0,已启用,,,,否,否
1139,备件,40041475,底托中心轴,5S5396427,备件,件,CFT,,,,0,已启用,,,,否,否
1140,备件,40041474,轴承,2S2122791,备件,件,CFT,,,,0,已启用,,,,否,否
1141,备件,40041473,盖仓,5S5600073,备件,件,CFT,,,,0,已启用,,,,否,否
1142,备件,40041472,连接套,5S5480002,备件,件,CFT,,,,0,已启用,,,,否,否
1143,备件,40041471,固定套, 5C6480075,备件,件,CFT,,,,0,已启用,,,,否,否
1144,备件,40041470,衬套,2C211000855,备件,件,CFT,,,,0,已启用,,,,否,否
1145,备件,40038557,进瓶螺杆,6-1851413,备件,件,CFT,,,,0,已启用,,,,否,否
1146,备件,40038554,小齿轮,5S5570014,备件,件,CFT,,,,0,已启用,,,,否,否
1147,备件,40038553,小齿轮,5S5570004,备件,件,CFT,,,,0,已启用,,,,否,否
1148,备件,40035228,弹簧,2S2180060,备件,件,CFT,,,,0,已启用,,,,否,否
1149,备件,40041219,轴承,2S2129991,备件,件,CFT,,,,0,已启用,,,,否,否
1150,备件,40041218,圆螺母,5S5348013,备件,件,CFT,,,,0,已启用,,,,否,否
1151,备件,40035265,隔套,5-2500752,备件,件,CFT,,,,0,已启用,,,,否,否
1152,备件,40035261,轴承,2-1150064,备件,件,CFT,,,,0,已启用,,,,否,否
1153,备件,40035262,防松圆螺母,2S2133108,备件,件,CFT,,,,0,已启用,,,,否,否
1154,备件,40039320,底托板,5-5300231,备件,件,CFT,,,,0,已启用,,,,否,否
1155,备件,40041217,不锈钢进口大护板,5S5392940,备件,件,CFT,,,,0,已启用,,,,否,否
1156,备件,40039961,T型链,6-1650202.00,备件,件,CFT,,,,0,已启用,,,,否,否
1157,备件,40041191,蝶阀+气动阀,Ф76.2S,备件,件,,,,,0,已启用,,,,否,否
1158,备件,40041249,支撑快,个,备件,个,,,,,0,已启用,,,,否,否
1159,备件,40037900,袋式过滤网,rmk-0245,备件,个,RMK,,,,0,已启用,,,,否,否
1160,备件,40036268,带插座连接电缆,EVT005,备件,根,IFM,,,,0,已启用,,,,否,否
1161,备件,40041460,绝缘热缩管,Ф20/25米/1kV,备件,卷,QLG,,,,0,已启用,,,,否,否
1162,备件,40041459,电磁阀,AC220V  2W-200-20,备件,个,精荣,,,,0,已启用,,,,否,否
1163,备件,40041458,取样阀,卡盘Ф50.5mm,备件,个,,,,,0,已启用,,,,否,否
1164,备件,40041456,蜂鸣器,XVUC9S,备件,个,施耐德,,,,0,已启用,,,,否,否
1165,备件,40041455,数字型溶解氧传感器,M-DO-01系列 DG30065,备件,个,KOZE,,,,0,已启用,,,,否,否
1166,备件,40037764,氟橡胶骨架油封,65*90*10A,备件,个,,,,,0,已启用,,,,否,否
1167,备件,40034663,不锈钢防松螺母,M6,备件,颗,,,,,0,已启用,,,,否,否
1168,备件,40034653,不锈钢防松螺母,M5,备件,颗,,,,,0,已启用,,,,否,否
1169,备件,40041453,应急照明灯,M-ZFJC-E3W6156 /DC36V,备件,个,敏华电工,,,,0,已启用,,,,否,否
1170,备件,40039694,电工胶布,20米*18mm/黑色,备件,卷,九头鸟,,,,0,已启用,,,,否,否
1171,备件,40037155,声光报警灯,LTE-1101J,备件,个,长城声电,,,,0,已启用,,,,否,否
1172,备件,40041452,轴流风扇,NTF2-12025（DC24V),备件,个,正泰,,,,0,已启用,,,,否,否
1173,备件,40037317,钥匙适配器,CKS-A-L1B-SC-113130,备件,个,EUCHNER,,,,0,已启用,,,,否,否
1174,备件,40041451,应急出口指示,M-BLJC-1L0E II 1WZNY /DC36V/双向,备件,块,敏华电工,,,,0,已启用,,,,否,否
1175,备件,40041450,应急出口指示,M-BLJC-1L0E II 1WZNY /DC36V/正向,备件,块,敏华电工,,,,0,已启用,,,,否,否
1176,备件,40041449,应急出口指示,M-BLJC-1L0E II 1WZNY /DC36V/右,备件,块,敏华电工,,,,0,已启用,,,,否,否
1177,备件,40041448,应急出口指示,M-BLJC-1L0E II 1WZNY /DC36V/左,备件,块,敏华电工,,,,0,已启用,,,,否,否
1178,备件,40037768,轴承,6307-2RST,备件,个,SKF ,,,,0,已启用,,,,否,否
1179,备件,40041447,安全保险扣,M6,备件,个,,,,,0,已启用,,,,否,否
1180,备件,40040320,黑色润滑油毛刷,Ф4接口*60mm,备件,个,,,,,0,已启用,,,,否,否
1181,备件,40041446,切割片,355*3.0*25.4mm,备件,片,,,,,0,已启用,,,,否,否
1182,备件,40041445,切割片,107*1.2*16,备件,盒,,,,,0,已启用,,,,否,否
1183,备件,40041444,不锈钢月牙扳手,28-32   34-36 38-42 46-52 55-62  68-72 78-85 90-95 100-110 115-130 135-145  150-160,备件,套,,,,,0,已启用,,,,否,否
1184,备件,40041443,配电柜门锁,818/黑色方型,备件,个,,,,,0,已启用,,,,否,否
1185,备件,40041442,配电柜门锁,AB403-1锌合金配380片,备件,个,,,,,0,已启用,,,,否,否
1186,备件,40041441,C式自锁快速接头,PP30公头/10x6.5,备件,个,,,,,0,已启用,,,,否,否
1187,备件,40041440,C式自锁快速接头,SM40+PM40/外螺纹/4分（1/2）公母组合装,备件,套,,,,,0,已启用,,,,否,否
1188,备件,40041439,PU聚氨酯镀铜钢丝软管,内径63mm*厚度0.93mm,备件,米,,,,,0,已启用,,,,否,否
1189,备件,40041438,风机护网,5.6#加粗/圈内540mm/外径615mm,备件,个,,,,,0,已启用,,,,否,否
1190,备件,40041437,可接线插头IFM,EVF567/五针式,备件,个,,,,,0,已启用,,,,否,否
1191,备件,40041436,卫生级不锈钢弯头,Ф50,备件,个,,,,,0,已启用,,,,否,否
1192,备件,40041435,卫生级不锈钢管,Ф50,备件,米,,,,,0,已启用,,,,否,否
1193,备件,40041434,卫生级不锈钢管,Ф38,备件,米,,,,,0,已启用,,,,否,否
1194,备件,40037760,X型密封圈,耐高温34.59*2.62,备件,个,,,,,0,已启用,,,,否,否
1195,备件,40036286,流量计,BATCHFLUX 5500 C,备件,个,KROHNE,,,,0,已启用,,,,否,否
1196,备件,40041466,压力表,0-2.5Mpa 表盘外径250mm 螺纹M20 径向,备件,块,新大华,,,,0,已启用,,,,否,否
1197,备件,40041465,压力表,0-1.6Mpa  表盘外径直径100mm  M20*1.5,备件,块,江苏思派,,,,0,已启用,,,,否,否
1198,备件,40041464,压力表,0-1.6Mpa  表盘外径直径100mm  M20*1.5,备件,块,上海名沃,,,,0,已启用,,,,否,否
1199,备件,40041463,压力表,0-1.0Mpa  表盘外径直径100mm  M20*1.5,备件,块,上海名沃,,,,0,已启用,,,,否,否
1200,备件,40041462,压力表,0-1.0Mpa  表盘外径直径70mm 隔膜盘50.5mm,备件,块,ZHHY,,,,0,已启用,,,,否,否
1201,备件,40041461,压力表,0-1.6Mpa  表盘外径100mm 隔膜盘50.5mm,备件,块,上海名沃,,,,0,已启用,,,,否,否
1202,备件,40041433,气缸,CP96SDB32-100C,备件,个,SMC,,,,0,已启用,,,,否,否
1203,备件,40041432,深沟轴承,6301RSR,备件,个,SKF,,,,0,已启用,,,,否,否
1204,备件,40041431,单向轴承,ASIV30,备件,个,,,,,0,已启用,,,,否,否
1205,备件,40041430,减速器,TL090-025,备件,台,,,,,0,已启用,,,,否,否
1206,备件,40041429,紫外线杀菌灯管,WY-T5  10W,备件,根,,,,,0,已启用,,,,否,否
1207,备件,40041428,紫外线杀菌灯管,220V-20W/灯管长度590mm/灯脚长度7mm,备件,根,精英,,,,0,已启用,,,,否,否
1208,备件,40041427,紫外线杀菌灯管,ZW14S15Y,备件,根,新亚特,,,,0,已启用,,,,否,否
1209,备件,40041426,紫外线杀菌灯管,ZW30S19W  30W,备件,根,明瑞,,,,0,已启用,,,,否,否
1210,备件,40037445,紫外线杀菌灯管,ZW8S15Y,备件,根,,,,,0,已启用,,,,否,否
1211,备件,40041425,工具挂钩,双钩75mm,备件,个,,,,,0,已启用,,,,否,否
1212,备件,40041424,工具挂钩,双钩25mm,备件,个,,,,,0,已启用,,,,否,否
1213,备件,40041423,工具挂钩,单钩75mm,备件,个,,,,,0,已启用,,,,否,否
1214,备件,40041422,工具挂钩, 单钩25mm,备件,个,,,,,0,已启用,,,,否,否
1215,备件,40041421,不锈钢弯头,37261,备件,件,,,,,0,已启用,,,,否,否
1216,备件,40041420,不锈钢对丝,37260,备件,件,,,,,0,已启用,,,,否,否
1217,备件,40039700,安全带,五点式/双钩/506102（HAR14+AN219CDD),备件,根,,,,,0,已启用,,,,否,否
1218,备件,40041409,LED平板灯,300X1200 50W 色温6500K /明装,备件,个,,,,,0,已启用,,,,否,否
1219,备件,40041408,双控开关,明装/一开双控,备件,个,国际电工,,,,0,已启用,,,,否,否
1220,备件,40041407,双控开关,暗装/一开双控,备件,个,国际电工,,,,0,已启用,,,,否,否
1221,备件,40041406,三开单控开关,暗装/三开单控,备件,个,国际电工,,,,0,已启用,,,,否,否
1222,备件,40041405,减速器,PEII 120-016适配：P0411501607 / AD-PE2-S24-M130-7,备件,台,,,,,0,已启用,,,,否,否
1223,备件,40041404,喷胶泵,161424,备件,个,诺信,,,,0,已启用,,,,否,否
1224,备件,40041403,输胶管,274794,备件,根,诺信,,,,0,已启用,,,,否,否
1225,备件,40041402,胶机测温电阻,108907,备件,个,诺信,,,,0,已启用,,,,否,否
1226,备件,40041411,测温电阻,1039110,备件,个,诺信,,,,0,已启用,,,,否,否
1227,备件,40041410,喷枪电磁阀,1056119,备件,个,诺信,,,,0,已启用,,,,否,否
1228,备件,40041329,负载开关,194L-A12-1752A,备件,个,AB,,,,0,已启用,,,,否,否
1229,备件,40041328,T接插件,4115070,备件,个,TURCK,,,,0,已启用,,,,否,否
1230,备件,40041327,GDC通讯器,USB-Adapter Plus,备件,个,科隆,,,,0,已启用,,,,否,否
1231,备件,40041326,连接气缸管,1063250,备件,根,偌信,,,,0,已启用,,,,否,否
1232,备件,40041325,连接气缸管,1063229,备件,根,偌信,,,,0,已启用,,,,否,否
1233,备件,40041324,喷枪喷胶模块,1052925,备件,个,偌信,,,,0,已启用,0.000,,,否,否
1234,备件,40041323,喷头,322020,备件,个,偌信,,,,0,已启用,,,,否,否
1235,备件,40041322,PH值检测计探针,K-1205-Z-512103,备件,根,言蹊环保,,,,0,已启用,,,,否,否
1236,备件,40041596,中间继电器,RXM2AB2P7 AC230V 12A,备件,个,,,,,0,已启用,,,,否,否
1237,备件,40041595,保险丝,5*20mm  15A,备件,个,,,,,0,已启用,,,,否,否
1238,备件,40041594,急停按钮,E-Stop 42 2NC M12(5)  69001,备件,个,,,,,0,已启用,,,,否,否
1239,备件,40041593,皮带冲孔器,3-25mm，15件套,备件,个,,,,,0,已启用,,,,否,否
1240,备件,40041592,法兰闸阀,Z41H-25C（DN50）,备件,个,,,,,0,已启用,,,,否,否
1241,备件,40041591,塑料LED灯管/配料夹层与连廊,30W 6500K 1.2m,备件,根,,,,,0,已启用,,,,否,否
1242,备件,40041590,不锈钢螺母,M6,备件,包,,,,,0,已启用,,,,否,否
1243,备件,40041589,拉铆钉,M6,备件,包,,,,,0,已启用,,,,否,否
1244,备件,40041588,拉铆钉,M5,备件,包,,,,,0,已启用,,,,否,否
1245,备件,40041587,拉铆钉,M4,备件,包,,,,,0,已启用,,,,否,否
1246,备件,40041586,不锈钢法兰水表,65mm,备件,个,,,,,0,已启用,,,,否,否
1247,备件,40041585,白色气管,M4*2.5MM（白色）,备件,米,,,,,0,已启用,,,,否,否
1248,备件,40041584,U型卡,M6*25*70,备件,个,,,,,0,已启用,,,,否,否
1249,备件,40041583,联轴器梅花垫,GS28  8瓣,备件,个,,,,,0,已启用,,,,否,否
1250,备件,40041582,绝缘垫,10kV/黑色橡胶/宽1.5m*厚5mm,备件,米,,,,,0,已启用,,,,否,否
1251,备件,40041581,户外防水盒,NEH1-10340    (86型）,备件,个,,,,,0,已启用,,,,否,否
1252,备件,40041580,快接端子,SPL-3C/三进三出,备件,个,,,,,0,已启用,,,,否,否
1253,备件,40041579,快接端子,SPL-2C/二进二出,备件,个,,,,,0,已启用,,,,否,否
1254,备件,40041578,温度变送器/灌装机,TD2501,备件,个,IFM,,,,0,已启用,,,,否,否
1255,备件,40041577,开孔器,Φ50,备件,个,德力西,,,,0,已启用,,,,否,否
1256,备件,40041576,硅胶O型圈,M27×3.5/内径20/外径27/线径3.5,备件,个,,,,,0,已启用,,,,否,否
1257,备件,40041575,排水器,HAD20B(1/2&quot;BSP OUT and IN),备件,个,,,,,0,已启用,,,,否,否
1258,备件,40041574,304不锈钢管,ø32,备件,米,,,,,0,已启用,,,,否,否
1259,备件,40041573,304不锈钢焊接快装接头,ø32-50.5,备件,个,,,,,0,已启用,,,,否,否
1260,备件,40041572,304不锈钢单头外丝,ø32,备件,个,,,,,0,已启用,,,,否,否
1261,备件,40041571,304不锈钢三通,ø32,备件,个,,,,,0,已启用,,,,否,否
1262,备件,40041570,304不锈钢内丝减压阀,YZ11X-16P   DN32,备件,个,高玉,,,,0,已启用,,,,否,否
1263,备件,40041569,快装焊接卡盘,Φ63,备件,个,,,,,0,已启用,,,,否,否
1264,备件,40041568,绝缘热缩管,Ф20/25米/1kV,备件,卷,QLG,,,,0,已启用,,,,否,否
1265,备件,40041567,压力表,0-1.0Mpa  表盘外径直径70mm 隔膜盘50.5mm,备件,块,上海樱科,,,,0,已启用,,,,否,否
1266,备件,40041320,P型连座轴承,&amp;quot;UCP217-52 217&amp;quot;,备件,个,SKF,,,,0,已启用,,,,否,否
1267,备件,40041566,亚克力板,1000mm *2000mm *5mm,备件,块,,,,,0,已启用,,,,否,否
1268,备件,40041565,亚克力板,800mm*2600mm*5mm,备件,块,,,,,0,已启用,,,,否,否
1269,备件,40041564,卫生级不锈钢止回阀,76    ,备件,个,,,,,0,已启用,,,,否,否
1270,备件,40041563,二开双控开关,G07白色,备件,个,公牛,,,,0,已启用,,,,否,否
1271,备件,40041562,LED超薄筒灯,9W 6000K 直径146mm,备件,个,富迪照明,,,,0,已启用,,,,否,否
1272,备件,40041561,雷达感应器,PrimeMotion C MINI Si,备件,个,BIRCHER,,,,0,已启用,,,,否,否
1273,备件,40041454,气管,PAN-MF-12X1.5-SW/黑色/570361,备件,米,FESTO,,,,0,已启用,,,,否,否
1274,备件,40041560,齿形刀片,,备件,个,SMI,,,,0,已启用,,,,否,否
1275,备件,40041519,齿形刀片,PK010016313/2C2R20859,备件,个,CFT,,,,0,已启用,,,,否,否
1276,备件,40037444,EDS电动头,940.966,备件,个,CRYOGAS,,,,0,已启用,,,,否,否
1277,备件,40035622,UD注氮头加热器电缆,940.1411,备件,根,CRYOGAS,,,,0,已启用,,,,否,否
1278,备件,40038508,电动头信号线,940.9680.17,备件,根,,,,,0,已启用,,,,否,否
1279,备件,40041276,电机 ,2KJ3642-9EK22-2DP1-Z膜包机,无价值备件,个,,,,,0,已启用,,,,否,否
1280,备件,40041275,电机 ,HSS01/封箱机,无价值备件,个,,,,,0,已启用,,,,否,否
1281,备件,40041274,应急电源,HD-ZLZD-E15W,无价值备件,个,,,,,0,已启用,,,,否,否
1282,备件,40041273,LED油站灯,SAS-YZD-151/APV,无价值备件,个,,,,,0,已启用,,,,否,否
1283,备件,40041272,电缆,ZR-YJV22-0.6/1KV-4*6MM国标/铜芯/叉车充电桩,无价值备件,M,,,,,0,已启用,,,,否,否
1284,备件,40041144,轴承,7203,无价值备件,个 ,,,,,0,已启用,,,,否,否
1285,备件,40041143,输送滚筒,,无价值备件,根,,,,,0,已启用,,,,否,否
1286,备件,40041141,轴,,无价值备件,根,,,,,0,已启用,,,,否,否
1287,备件,40041140,支撑板,,无价值备件,个,,,,,0,已启用,,,,否,否
1288,备件,40041134,螺旋杆驱动轴,,无价值备件,个,,,,,0,已启用,,,,否,否
1289,备件,40041133,风幕机电机,,无价值备件,个,,,,,0,已启用,,,,否,否
1290,备件,40041132,氩弧焊焊枪焊帽,6*30,无价值备件,个,,,,,0,已启用,,,,否,否
1291,备件,40041131,公牛暗装五孔插座 ,10A,无价值备件,个,,,,,0,已启用,,,,否,否
1292,备件,40041130,链板 ,10AG1UP0510,无价值备件,卷,,,,,0,已启用,,,,否,否
1293,备件,40041129,链板 ,1600BG1D2K0427,无价值备件,卷,,,,,0,已启用,,,,否,否
1294,备件,40041128,链板 ,83.8,无价值备件,卷,,,,,0,已启用,,,,否,否
1295,备件,40041127,链板,,无价值备件,卷,,,,,0,已启用,,,,否,否
1296,备件,40041124,链板,,无价值备件,米,,,,,0,已启用,,,,否,否
1297,备件,40041123,蝶阀 ,N50/灌装,无价值备件,个,,,,,0,已启用,,,,否,否
1298,备件,40041122,气动阀,611416301,无价值备件,个,,,,,0,已启用,,,,否,否
1299,备件,40041121,传感器,,无价值备件,个,,,,,0,已启用,,,,否,否
1300,备件,40041120,滤芯,,无价值备件,个,,,,,0,已启用,,,,否,否
1301,备件,40041079,战马分瓶器模具,,无价值备件,套,,,,,0,已启用,,,,否,否
1302,备件,40040999,电动机断路器,,无价值备件,个,,,,,0,已启用,,,,否,否
1303,备件,40040998,PH导流池,,无价值备件,个,,,,,0,已启用,,,,否,否
1304,备件,40040997,加热电阻丝,,无价值备件,根,,,,,0,已启用,,,,否,否
1305,备件,40040948,小节距链板,K010002081,无价值备件,卷,,,,,0,已启用,,,,否,否
1306,备件,40040947,蝶阀 ,88.9,无价值备件,个,,,,,0,已启用,,,,否,否
1307,备件,40040946,轴承,KA50/25-TV,无价值备件,个,,,,,0,已启用,,,,否,否
1308,备件,40040945,气缸组件,,无价值备件,套,,,,,0,已启用,,,,否,否
1309,备件,40040944,轴承,,无价值备件,个,,,,,0,已启用,,,,否,否
1310,备件,40040943,变径接头,Ф76.2-50.8,无价值备件,个,,,,,0,已启用,,,,否,否
1311,备件,40040942,不锈钢三通, US304 Ф57,无价值备件,个,,,,,0,已启用,,,,否,否
1312,备件,40040941,球阀,1寸,无价值备件,个,,,,,0,已启用,,,,否,否
1313,备件,40040929,球阀,1寸,无价值备件,个,,,,,0,已启用,,,,否,否
1314,备件,40040928,手动蝶阀,N65,无价值备件,个,,,,,0,已启用,,,,否,否
1315,备件,40040925,手动蝶阀,N80,无价值备件,个,,,,,0,已启用,,,,否,否
1316,备件,40040924,手动蝶阀,N50,无价值备件,个,,,,,0,已启用,,,,否,否
1317,备件,40040923,电缆,40.1411,无价值备件,根,,,,,0,已启用,,,,否,否
1318,备件,40040922,风机 ,1A 632-4 B14,无价值备件,台,,,,,0,已启用,,,,否,否
1319,备件,40040921,电滑环,MCS35-1T10-7X10-ETH,无价值备件,个,,,,,0,已启用,,,,否,否
1320,备件,40040474,CFT密封,5-3700655,无价值备件,根,,,,,0,已启用,,,,否,否
1321,备件,40040473,柜门,1000*350,无价值备件,块,,,,,0,已启用,,,,否,否
1322,备件,40040472,异盖电路板,,无价值备件,套,,,,,0,已启用,,,,否,否
1323,备件,40040471,异盖电路板,,无价值备件,套,,,,,0,已启用,,,,否,否
1324,备件,40040470,电机,SA37/TDRN80MK4,无价值备件,台,,,,,0,已启用,,,,否,否
1325,备件,40040329,电动头阀针,ES 1457,无价值备件,个,,,,,0,已启用,,,,否,否
1326,备件,40040328,交流接触器,LC1D09M7C,无价值备件,个,,,,,0,已启用,,,,否,否
1327,备件,40040327,小型断路器,GV2-ME14C/6-10A,无价值备件,个,,,,,0,已启用,,,,否,否
1328,备件,40040326,变频器,/IP6SL3210-IKEI3-2UF2,无价值备件,台,,,,,0,已启用,,,,否,否
1329,备件,40040178,空调滤芯 ,320*320,无价值备件,个,,,,,0,已启用,,,,否,否
1330,备件,40040177,空调滤芯,485*485,无价值备件,个,,,,,0,已启用,,,,否,否
1331,备件,40040176,LED平板灯,300x1200(48W),无价值备件,个,,,,,0,已启用,,,,否,否
1332,备件,40040175,紫外灯管+灯座,ZW36S24W,无价值备件,套,,,,,0,已启用,,,,否,否
1333,备件,40040173,光控开关,220V,无价值备件,个,,,,,0,已启用,,,,否,否
1334,备件,40040172,小节距滚珠网链板,LBP610AG1UP0425,无价值备件,卷,,,,,0,已启用,,,,否,否
1335,备件,40039980,EDS注氮头,940 . 966,无价值备件,个,,,,,0,已启用,,,,否,否
1336,备件,40039963,一道轮,6-9001371,无价值备件,个,,,,,0,已启用,,,,否,否
1337,备件,40039962,不锈钢平键,M10*8*90,无价值备件,个,,,,,0,已启用,,,,否,否
1338,备件,40039929,手动阀门手柄,,无价值备件,个,,,,,0,已启用,,,,否,否
1339,备件,40039928,防爆照明灯,20W AC220V,无价值备件,个,,,,,0,已启用,,,,否,否
1340,备件,40039927,压力传感器,PM1704,无价值备件,个,,,,,0,已启用,,,,否,否
1341,备件,40039926,UV控制板,SKW-2UV-20-1,无价值备件,块,,,,,0,已启用,,,,否,否
1342,备件,40039829,一道轮二道轮,,无价值备件,箱,,,,,0,已启用,,,,否,否
1343,备件,40039828,不锈钢喉箍,14-27/21-38,无价值备件,个,,,,,0,已启用,,,,否,否
1344,备件,40039827,不锈钢线槽,,无价值备件,块,,,,,0,已启用,,,,否,否
1345,备件,40039826,切刀护罩,,无价值备件,块,,,,,0,已启用,,,,否,否
1346,备件,40039825,不锈钢大小头,,无价值备件,个,,,,,0,已启用,,,,否,否
1347,备件,40039526,伺服驱动器,HG-KW73BJK,无价值备件,台,,,,,0,已启用,,,,否,否
1348,备件,40039524,Pvc胶管,,无价值备件,根,,,,,0,已启用,,,,否,否
1349,备件,40039523,胶条,,无价值备件,根,,,,,0,已启用,,,,否,否
1350,备件,40039522,不锈钢内丝,,无价值备件,个,,,,,0,已启用,,,,否,否
1351,备件,40039438,万用表,,无价值备件,个,,,,,0,已启用,,,,否,否
1352,备件,40039437,中间继电器,220V1J2X-Z2F-42,无价值备件,个,,,,,0,已启用,,,,否,否
1353,备件,40039321,移动齿轮,,无价值备件,个,,,,,0,已启用,,,,否,否
1354,备件,40039271,开孔器,53305/25MM,无价值备件,个,,,,,0,已启用,,,,否,否
1355,备件,40039270,链轮,12A-2-13T(6002),无价值备件,个,,,,,0,已启用,,,,否,否
1356,备件,40039259,链轮,2-15T-30-10-M8*2,无价值备件,个,,,,,0,已启用,,,,否,否
1357,备件,40039258,链轮,2-15-32-10-M8*2,无价值备件,个,,,,,0,已启用,,,,否,否
1358,备件,40039257,插销试联动门锁,,无价值备件,个,,,,,0,已启用,,,,否,否
1359,备件,40039256,变压器,BK-150-C 输出36V,无价值备件,台,,,,,0,已启用,,,,否,否
1360,备件,40039255,减速器,APEX  PE II 120 050:1,无价值备件,台,,,,,0,已启用,,,,否,否
1361,备件,40039253,伺服控制器,MR-JE-70B,无价值备件,台,,,,,0,已启用,,,,否,否
1362,备件,40039252,伺服电机,HG-KN73BK/0.75kW,无价值备件,台,,,,,0,已启用,,,,否,否
1363,备件,40038987,垫圈,2-2350390/灌装机,无价值备件,个,,,,,0,已启用,,,,否,否
1364,备件,40038914,O型密封圈,69.2*5.34,无价值备件,个,,,,,0,已启用,,,,否,否
1365,备件,40038913,铜皮,,无价值备件,卷,,,,,0,已启用,,,,否,否
1366,备件,40038912,整流器,,无价值备件,个,,,,,0,已启用,,,,否,否
1367,备件,40038911,不锈钢螺栓,,无价值备件,盒,,,,,0,已启用,,,,否,否
1368,备件,40038910,套筒组合工具,,无价值备件,套,,,,,0,已启用,,,,否,否
1369,备件,40038649,汽动过滤组合三联件,,无价值备件,个,,,,,0,已启用,,,,否,否
1370,备件,40038648,不锈钢手动蝶阀,￠76.2,无价值备件,个,,,,,0,已启用,,,,否,否
1371,备件,40038647,白色防锈漆,,无价值备件,桶,,,,,0,已启用,,,,否,否
1372,备件,40038646,骨架油封,100*120*12,无价值备件,个,,,,,0,已启用,,,,否,否
1373,备件,40038645,不锈钢条,,无价值备件,把,,,,,0,已启用,,,,否,否
1374,备件,40038644,pH/ORP变送器,PC-100,无价值备件,个,,,,,0,已启用,,,,否,否
1375,备件,40038643,断路器,GV2-ME08C/2.5-4A,无价值备件,个,,,,,0,已启用,,,,否,否
1376,备件,40038642,变频器,GD200A-5R5G/7R5P-4,无价值备件,台,,,,,0,已启用,,,,否,否
1377,备件,40038641,温控器,E5CC-RX3DSM-000,无价值备件,个,,,,,0,已启用,,,,否,否
1378,备件,40038640,PH探头,HA405-DXK-S8/120,无价值备件,根,,,,,0,已启用,,,,否,否
1379,备件,40038548,风机,SCB72 4.3KW,无价值备件,台,,,,,0,已启用,,,,否,否
1380,备件,40038547,防尘通气帽,G1/2,无价值备件,个,,,,,0,已启用,,,,否,否
1381,备件,40038420,耐磨条,,无价值备件,卷,,,,,0,已启用,,,,否,否
1382,备件,40038419,浴霸灯泡,,无价值备件,个,,,,,0,已启用,,,,否,否
1383,备件,40038418,链条全接头,12B-2,无价值备件,个,,,,,0,已启用,,,,否,否
1384,备件,40038417,链条半接头,,无价值备件,个,,,,,0,已启用,,,,否,否
1385,备件,40038415,常开触,ZB2-BZ101C,无价值备件,个,,,,,0,已启用,,,,否,否
1386,备件,40038414,警示带,,无价值备件,卷,,,,,0,已启用,,,,否,否
1387,备件,40038413,滤芯,,无价值备件,个,,,,,0,已启用,,,,否,否
1388,备件,40038412,氟橡胶密封圈,,无价值备件,个,,,,,0,已启用,,,,否,否
1389,备件,40038411,丝锥,,无价值备件,个,,,,,0,已启用,,,,否,否
1390,备件,40038410,气管三通接头,￠6*4,无价值备件,个,,,,,0,已启用,,,,否,否
1391,备件,40038409,不锈钢外六角螺栓,M6*16,无价值备件,包,,,,,0,已启用,,,,否,否
1392,备件,40038408,直流接触器,LC1D32M7C,无价值备件,个,,,,,0,已启用,,,,否,否
1393,备件,40038407,接头,,无价值备件,个,,,,,0,已启用,,,,否,否
1394,备件,40038406,弯头,KQ2LQ4-M5N,无价值备件,个,,,,,0,已启用,,,,否,否
1395,备件,40038405,氩弧焊钨极卡子,,无价值备件,根,,,,,0,已启用,,,,否,否
1396,备件,40038404,不锈钢内六角螺栓,M8*16,无价值备件,箱,,,,,0,已启用,,,,否,否
1397,备件,40038403,研磨膏,800#,无价值备件,瓶,,,,,0,已启用,,,,否,否
1398,备件,40038402,不锈钢沉头内六角螺栓,M5*15,无价值备件,包,,,,,0,已启用,,,,否,否
1399,备件,40038401,快插Y型气管接头,￠8*6500mm,无价值备件,个,,,,,0,已启用,,,,否,否
1400,备件,40038400,不锈钢空心销,,无价值备件,包,,,,,0,已启用,,,,否,否
1401,备件,40038399,结构钢电焊条,,无价值备件,包,,,,,0,已启用,,,,否,否
1402,备件,40038398,不锈钢电焊条,,无价值备件,包,,,,,0,已启用,,,,否,否
1403,备件,40038397,砂纸,100目,无价值备件,包,,,,,0,已启用,,,,否,否
1404,备件,40038392,机械密封,"KB-40022NBH-CCH，FRPP,适配",无价值备件,个,,,,,0,已启用,,,,否,否
1405,备件,40038391,机械密封,"KB-50032NBH-CCH，FRPP,适配",无价值备件,个,,,,,0,已启用,,,,否,否
1406,备件,40038390,不锈钢快装翻遍,DN25,无价值备件,个,,,,,0,已启用,,,,否,否
1407,备件,40038389,不锈钢焊接翻遍,DN38,无价值备件,个,,,,,0,已启用,,,,否,否
1408,备件,40038388,不锈钢焊接翻遍,DN51,无价值备件,个,,,,,0,已启用,,,,否,否
1409,备件,40038385,不锈钢单头丝,￠25,无价值备件,个,,,,,0,已启用,,,,否,否
1410,备件,40038384,软管接头,￠50,无价值备件,个,,,,,0,已启用,,,,否,否
1411,备件,40038382,不锈钢单向阀,￠51,无价值备件,个,,,,,0,已启用,,,,否,否
1412,备件,40038381,不锈钢单向阀,￠25,无价值备件,个,,,,,0,已启用,,,,否,否
1413,备件,40038380,不锈钢单向阀,￠38,无价值备件,个,,,,,0,已启用,,,,否,否
1414,备件,40038379,不锈钢快装翻边,￠76,无价值备件,个,,,,,0,已启用,,,,否,否
1415,备件,40038378,密封垫,,无价值备件,个,,,,,0,已启用,,,,否,否
1416,备件,40038377,密封垫,,无价值备件,个,,,,,0,已启用,,,,否,否
1417,备件,40038376,密封垫,,无价值备件,个,,,,,0,已启用,,,,否,否
1418,备件,40038375,硅胶密封垫,DN133,无价值备件,个,,,,,0,已启用,,,,否,否
1419,备件,40038374,硅胶密封垫,DN159,无价值备件,个,,,,,0,已启用,,,,否,否
1420,备件,40038373,硅胶密封垫,DN63.5,无价值备件,包,,,,,0,已启用,,,,否,否
1421,备件,40038372,硅胶密封垫,DN76,无价值备件,包,,,,,0,已启用,,,,否,否
1422,备件,40038371,不锈钢单向阀,DN76,无价值备件,个,,,,,0,已启用,,,,否,否
1423,备件,40038369,不锈钢球阀,DN25,无价值备件,个,,,,,0,已启用,,,,否,否
1424,备件,40038368,手动蝶阀手柄,,无价值备件,个,,,,,0,已启用,,,,否,否
1425,备件,40038367,不锈钢手动蝶阀,￠38,无价值备件,个,,,,,0,已启用,,,,否,否
1426,备件,40038365,不锈钢快装三通,￠25,无价值备件,个,,,,,0,已启用,,,,否,否
1427,备件,40038364,不锈钢单头丝,￠76,无价值备件,个,,,,,0,已启用,,,,否,否
1428,备件,40038363,不锈钢单头丝,￠70,无价值备件,个,,,,,0,已启用,,,,否,否
1429,备件,40038362,剩余电流动作保护元件,A9Y57625,无价值备件,个,,,,,0,已启用,,,,否,否
1430,备件,40038361,不锈钢快装卡子,￠80,无价值备件,个,,,,,0,已启用,,,,否,否
1431,备件,40038360,不锈钢快装卡子,￠65,无价值备件,个,,,,,0,已启用,,,,否,否
1432,备件,40038359,二道轮外壳,6H-S05H-R206,无价值备件,个,,,,,0,已启用,,,,否,否
1433,备件,40038358,一道轮外壳,6H-R33-R206,无价值备件,个,,,,,0,已启用,,,,否,否
1434,备件,40038357,不锈钢卫生级焊接弯头,￠32,无价值备件,个,,,,,0,已启用,,,,否,否
1435,备件,40038356,不锈钢卫生级焊接弯头,￠25,无价值备件,个,,,,,0,已启用,,,,否,否
1436,备件,40038353,不锈钢卫生级焊接四通,￠50,无价值备件,个,,,,,0,已启用,,,,否,否
1437,备件,40038351,不锈钢卫生级焊接三通,￠25,无价值备件,个,,,,,0,已启用,,,,否,否
1438,备件,40038350,安装件,CN-1402-0238,无价值备件,个,,,,,0,已启用,,,,否,否
1439,备件,40038349,不锈钢手动球阀,1/2寸,无价值备件,个,,,,,0,已启用,,,,否,否
1440,备件,40038348,绕线盘工具,,无价值备件,个,,,,,0,已启用,,,,否,否
1441,备件,40038347,宝塔接头,￠19,无价值备件,个,,,,,0,已启用,,,,否,否
1442,备件,40038346,不锈钢盲板,￠51,无价值备件,个,,,,,0,已启用,,,,否,否
1443,备件,40038345,对中工具,RE-DZ-D206,无价值备件,套,,,,,0,已启用,,,,否,否
1444,备件,40038344,不锈钢盲板,￠89,无价值备件,个,,,,,0,已启用,,,,否,否
1445,备件,40038343,不锈钢卫生级大小头,￠76.2-50.8,无价值备件,个,,,,,0,已启用,,,,否,否
1446,备件,40038342,不锈钢卫生级大小头,￠50-38,无价值备件,个,,,,,0,已启用,,,,否,否
1447,备件,40038341,不锈钢卫生级大小头,￠50-25,无价值备件,个,,,,,0,已启用,,,,否,否
1448,备件,40038340,不锈钢卫生级大小头,￠38-25,无价值备件,个,,,,,0,已启用,,,,否,否
1449,备件,40038339,CFT山东龙口压头,,无价值备件,个,,,,,0,已启用,,,,否,否
1450,备件,40038337,不锈钢手动蝶阀,DN50,无价值备件,个,,,,,0,已启用,,,,否,否
1451,备件,40038336,链条防锈润滑油喷射型,,无价值备件,瓶,,,,,0,已启用,,,,否,否
1452,备件,40038335,不锈钢手动蝶阀,DN76,无价值备件,个,,,,,0,已启用,,,,否,否
1453,备件,40038334,不锈钢手动蝶阀,DN25,无价值备件,个,,,,,0,已启用,,,,否,否
1454,备件,40038333,不锈钢手动蝶阀,DN100,无价值备件,个,,,,,0,已启用,,,,否,否
1455,备件,40038332,液位检测仪手柄,,无价值备件,个,,,,,0,已启用,,,,否,否
1456,备件,40038331,不锈钢气动蝶阀,DN100,无价值备件,个,,,,,0,已启用,,,,否,否
1457,备件,40038330,不锈钢快装卡子,DN132,无价值备件,个,,,,,0,已启用,,,,否,否
1458,备件,40038329,不锈钢快装卡子,DN76,无价值备件,个,,,,,0,已启用,,,,否,否
1459,备件,40038326,管子支撑架,￠102-108,无价值备件,个,,,,,0,已启用,,,,否,否
1460,备件,40038325,管子支撑架,￠32-34,无价值备件,个,,,,,0,已启用,,,,否,否
1461,备件,40038324,管子支撑架,￠25-27,无价值备件,个,,,,,0,已启用,,,,否,否
1462,备件,40038323,不锈钢快装卡子,￠115,无价值备件,个,,,,,0,已启用,,,,否,否
1463,备件,40038322,不锈钢快装卡子,￠108,无价值备件,个,,,,,0,已启用,,,,否,否
1464,备件,40038321,不锈钢快装卡子,￠80,无价值备件,个,,,,,0,已启用,,,,否,否
1465,备件,40038320,不锈钢快装卡子,￠95,无价值备件,个,,,,,0,已启用,,,,否,否
1466,备件,40038088,弹簧,2-1550019,无价值备件,个,,,,,0,已启用,,,,否,否
1467,备件,40038087,O型圈,2S2189687,无价值备件,个,,,,,0,已启用,,,,否,否
1468,备件,40038086,滑套,2-1400010,无价值备件,个,,,,,0,已启用,,,,否,否
1469,备件,40038085,垫圈,5-3600974,无价值备件,个,,,,,0,已启用,,,,否,否
1470,备件,40038084,橡胶垫,5-3600076,无价值备件,个,,,,,0,已启用,,,,否,否
1471,备件,40038083,隔膜片,5-0370003,无价值备件,个,,,,,0,已启用,,,,否,否
1472,备件,40038082,垫圈,5-3700086,无价值备件,个,,,,,0,已启用,,,,否,否
1473,备件,40038081,O型圈,GUG035,无价值备件,个,,,,,0,已启用,,,,否,否
1474,备件,40038080,垫圈,5-3700087,无价值备件,个,,,,,0,已启用,,,,否,否
1475,备件,40038079,油封环,5B0055431-002,无价值备件,个,,,,,0,已启用,,,,否,否
1476,备件,40038078,垫圈,5-3700034,无价值备件,个,,,,,0,已启用,,,,否,否
1477,备件,40038077,油封环,5B0055431-001,无价值备件,个,,,,,0,已启用,,,,否,否
1478,备件,40038076,隔膜片,5-0370002,无价值备件,个,,,,,0,已启用,,,,否,否
1479,备件,40038075,垫圈,5-3700089,无价值备件,个,,,,,0,已启用,,,,否,否
1480,备件,40038074,隔膜片,5-0370001,无价值备件,个,,,,,0,已启用,,,,否,否
1481,备件,40038073,O型圈,5.2*88.9,无价值备件,个,,,,,0,已启用,,,,否,否
1482,备件,40038072,O型圈,1.87*21.2,无价值备件,个,,,,,0,已启用,,,,否,否
1483,备件,40038071,O型圈,1.87*85,无价值备件,个,,,,,0,已启用,,,,否,否
1484,备件,40038070,轮子,5S5672003,无价值备件,个,,,,,0,已启用,,,,否,否
1485,备件,40038068,垫圈,5-0051490,无价值备件,个,,,,,0,已启用,,,,否,否
1486,备件,40038067,垫圈,2S2129010,无价值备件,个,,,,,0,已启用,,,,否,否
1487,备件,40038066,O型圈,2S2187110,无价值备件,个,,,,,0,已启用,,,,否,否
1488,备件,40038065,碟簧,2S2180080,无价值备件,个,,,,,0,已启用,,,,否,否
1489,备件,40038064,轮子,5-6650114,无价值备件,个,,,,,0,已启用,,,,否,否
1490,备件,40038063,O型圈,2S2188805,无价值备件,个,,,,,0,已启用,,,,否,否
1491,备件,40038061,封口机轮子,5S5672002,无价值备件,个,,,,,0,已启用,,,,否,否
1492,备件,40038060,封口机垫片,5-2500752,无价值备件,个,,,,,0,已启用,,,,否,否
1493,备件,40038048,战马不锈钢架,,无价值备件,套,,,,,0,已启用,,,,否,否
1494,备件,40038047,抓手安装板,,无价值备件,个,,,,,0,已启用,,,,否,否
1495,备件,40038046,胶条,,无价值备件,卷,,,,,0,已启用,,,,否,否
1496,备件,40038045,卸垛机索道,,无价值备件,卷,,,,,0,已启用,,,,否,否
1497,备件,40038044,橡胶波纹管,5B0055419,无价值备件,个,,,,,0,已启用,,,,否,否
1498,备件,40038042,骨架油封,32*52*7,无价值备件,个,,,,,0,已启用,,,,否,否
1499,备件,40038041,骨架油封,25*35*4,无价值备件,个,,,,,0,已启用,,,,否,否
1500,备件,40038040,骨架油封,60*80*8,无价值备件,个,,,,,0,已启用,,,,否,否
1501,备件,40038039,骨架油封,50*68*8,无价值备件,个,,,,,0,已启用,,,,否,否
1502,备件,40038037,骨架油封,40*50*4,无价值备件,个,,,,,0,已启用,,,,否,否
1503,备件,40038036,骨架油封,15*21*3,无价值备件,个,,,,,0,已启用,,,,否,否
1504,备件,40038034,骨架油封,60*75*8,无价值备件,个,,,,,0,已启用,,,,否,否
1505,备件,40038032,骨架油封,55*70*8,无价值备件,个,,,,,0,已启用,,,,否,否
1506,备件,40038031,骨架油封,50*70*10,无价值备件,个,,,,,0,已启用,,,,否,否
1507,备件,40038030,骨架油封,60*80*10,无价值备件,个,,,,,0,已启用,,,,否,否
1508,备件,40038029,骨架油封,65*90*10,无价值备件,个,,,,,0,已启用,,,,否,否
1509,备件,40038028,轴承,K20*26*20V2,无价值备件,个,,,,,0,已启用,,,,否,否
1510,备件,40038026,轴承,6208,无价值备件,个,,,,,0,已启用,,,,否,否
1511,备件,40038025,轴承,6209,无价值备件,个,,,,,0,已启用,,,,否,否
1512,备件,40038024,轴承,6210-2Z,无价值备件,个,,,,,0,已启用,,,,否,否
1513,备件,40038021,止回阀,DN125,无价值备件,件,,,,,0,已启用,,,,否,否
1514,备件,40038020,比例阀,DN50,无价值备件,件,,,,,0,已启用,,,,否,否
1515,备件,40038019,热继电器,JRS1-09-25,无价值备件,个,,,,,0,已启用,,,,否,否
1516,备件,40038017,压力变送器,INKO-121W 0~0.05Mpa,无价值备件,个,,,,,0,已启用,,,,否,否
1517,备件,40038016,报警灯,TY-1101J AC220V 红色,无价值备件,个,,,,,0,已启用,,,,否,否
1518,备件,40038015,镇流器,CQ-FGQ-SW50W600  48-52W,无价值备件,个,,,,,0,已启用,,,,否,否
1519,备件,40038014,镇流器,ZT-ZLZD-Y,无价值备件,个,,,,,0,已启用,,,,否,否
1520,备件,40038013,光电开关,PRK15/4X-M12,无价值备件,个,,,,,0,已启用,,,,否,否
1521,备件,40038012,阀门反馈器插头,SACC-EC-MS-5CON-M16,无价值备件,根,,,,,0,已启用,,,,否,否
1522,备件,40038011,三色灯塔,MT50-2T-D-J-024/B,无价值备件,个,,,,,0,已启用,,,,否,否
1523,备件,40038009,开关电源,S8VK-G12024,无价值备件,个,,,,,0,已启用,,,,否,否
1524,备件,40038008,真空发生器,ZL3H04-K15LZ,无价值备件,个,,,,,0,已启用,,,,否,否
1525,备件,40038007,接近开关,IIK3010-BPKG/US-100,无价值备件,个,,,,,0,已启用,,,,否,否
1526,备件,40038006,磁感应开关,P494A0021100A00,无价值备件,个,,,,,0,已启用,,,,否,否
1527,备件,40038005,磁感应开关,R412022871,无价值备件,个,,,,,0,已启用,,,,否,否
1528,备件,40038004,光电开关,WL250-2P2431,无价值备件,个,,,,,0,已启用,,,,否,否
1529,备件,40037812,2K编码器,P40.2054,无价值备件,个,,,,,0,已启用,,,,否,否
1530,备件,40037811,电机, AEEV1H90L-2 2.2KW,无价值备件,台,,,,,0,已启用,,,,否,否
1531,备件,40037810,电机, AEEV1H90S-2 1.5KW,无价值备件,台,,,,,0,已启用,,,,否,否
1532,备件,40037809,II级防雷,IST 65 4P,无价值备件,个,,,,,0,已启用,,,,否,否
1533,备件,40037808,II级防雷,WHT.-80,无价值备件,个,,,,,0,已启用,,,,否,否
1534,备件,40037807,报警专用警号,ES-626,无价值备件,个,,,,,0,已启用,,,,否,否
1535,备件,40037806,电池,2CR17335A,无价值备件,个,,,,,0,已启用,,,,否,否
1536,备件,40037804,卫生型PH管路保护罩,WS-316L/120,无价值备件,个,,,,,0,已启用,,,,否,否
1537,备件,40037803,限位开关,I12-SB213,无价值备件,个,,,,,0,已启用,,,,否,否
1538,备件,40037802,安全继电器,RLY3-EMSS100,无价值备件,个,,,,,0,已启用,,,,否,否
1539,备件,40037801,锁芯,一字/28MM/开孔,无价值备件,个,,,,,0,已启用,,,,否,否
1540,备件,40037789,对夹碟阀,DN100,无价值备件,件,,,,,0,已启用,,,,否,否
1541,备件,40037788,闸阀,Z41H,无价值备件,件,,,,,0,已启用,,,,否,否
1542,备件,40037787,闸阀,DN50,无价值备件,件,,,,,0,已启用,,,,否,否
1543,备件,40037786,止回阀 ,DN40,无价值备件,件,,,,,0,已启用,,,,否,否
1544,备件,40037689,电源模块,S8VK-G12024,无价值备件,个,,,,,0,已启用,,,,否,否
1545,备件,40037688,伺服电机,HG-KN73BJK,无价值备件,台,,,,,0,已启用,,,,否,否
1546,备件,40037687,伺服驱动器,MR-JE-70B,无价值备件,个,,,,,0,已启用,,,,否,否
1547,备件,40037683,软管烟道,,无价值备件,个,,,,,0,已启用,,,,否,否
1548,备件,40037222,橡胶绳,,无价值备件,卷,,,,,0,已启用,,,,否,否
1549,备件,40037220,高压石棉垫,1.5*3米,无价值备件,卷,,,,,0,已启用,,,,否,否
1550,备件,40037219,码垛机电机,JRTR29DN80S4-15,无价值备件,台,,,,,0,已启用,,,,否,否
1551,备件,40037218,码垛机电机,JRTR29DN80S4-6,无价值备件,台,,,,,0,已启用,,,,否,否
1552,备件,40037217,码垛机电机,JRTR19DN71M4-6,无价值备件,台,,,,,0,已启用,,,,否,否
1553,备件,40036736,护栏滑条,,无价值备件,套,,,,,0,已启用,,,,否,否
1554,备件,40036735,304不锈钢管直接,,无价值备件,箱,,,,,0,已启用,,,,否,否
1555,备件,40036734,304不锈钢管明装底盒,,无价值备件,箱,,,,,0,已启用,,,,否,否
1556,备件,40036732,包装机安全架子,,无价值备件,个,,,,,0,已启用,,,,否,否
1557,备件,40036731,热缩机脚踏板,,无价值备件,个,,,,,0,已启用,,,,否,否
1558,备件,40036730,卸垛机安全门,,无价值备件,个,,,,,0,已启用,,,,否,否
1559,备件,40036729,大卷链板,,无价值备件,卷,,,,,0,已启用,,,,否,否
1560,备件,40036728,滚珠护栏,,无价值备件,个,,,,,0,已启用,,,,否,否
1561,备件,40036727,亚克力玻璃,,无价值备件,个,,,,,0,已启用,,,,否,否
1562,备件,40036726,封口机顶部门,,无价值备件,个,,,,,0,已启用,,,,否,否
1563,备件,40036725,不锈钢管,,无价值备件,根,,,,,0,已启用,,,,否,否
1564,备件,40036724,不锈钢门,,无价值备件,个,,,,,0,已启用,,,,否,否
1565,备件,40036723,翻转器,,无价值备件,个,,,,,0,已启用,,,,否,否
1566,备件,40036722,热缩机皮带,,无价值备件,张,,,,,0,已启用,,,,否,否
1567,备件,40036721,防滑垫,,无价值备件,卷,,,,,0,已启用,,,,否,否
1568,备件,40036719,不锈钢板,,无价值备件,个,,,,,0,已启用,,,,否,否
1569,备件,40036718,支架,,无价值备件,套,,,,,0,已启用,,,,否,否
1570,备件,40036717,加油枪,,无价值备件,个,,,,,0,已启用,,,,否,否
1571,备件,40036716,冷却机吹水风机,,无价值备件,个,,,,,0,已启用,,,,否,否
1572,备件,40036715,接水盘支架,,无价值备件,箱,,,,,0,已启用,,,,否,否
1573,备件,40036714,温度变送器,ZNKO-152,无价值备件,个,,,,,0,已启用,,,,否,否
1574,备件,40036713,紫外线灯管,,无价值备件,根,,,,,0,已启用,,,,否,否
1575,备件,40036712,链道滚筒,,无价值备件,个,,,,,0,已启用,,,,否,否
1576,备件,40036711,翻转器,,无价值备件,个,,,,,0,已启用,,,,否,否
1577,备件,40036710,制水活性炭,,无价值备件,箱,,,,,0,已启用,,,,否,否
1578,备件,40036709,冷却机链板,HD2000YP,无价值备件,箱,,,,,0,已启用,,,,否,否
1579,备件,40036708,制水RO膜接口,,无价值备件,箱,,,,,0,已启用,,,,否,否
1580,备件,40036707,盘面安装型变送器,3-9900-1P,无价值备件,个,,,,,0,已启用,,,,否,否
1581,备件,40036706,电阻率探头,3-2820-S1,无价值备件,个,,,,,0,已启用,,,,否,否
1582,备件,40036705,电阻率探头,3-2821-S1,无价值备件,个,,,,,0,已启用,,,,否,否
1583,备件,40036704,电阻率模块,3-9900.394,无价值备件,个,,,,,0,已启用,,,,否,否
1584,备件,40036702,气动阀,￠51,无价值备件,个,,,,,0,已启用,,,,否,否
1585,备件,40036701,气动阀,DN80,无价值备件,个,,,,,0,已启用,,,,否,否
1586,备件,40036700,气动阀,DN102,无价值备件,个,,,,,0,已启用,,,,否,否
1587,备件,40036699,链板,520-K170,无价值备件,卷,,,,,0,已启用,,,,否,否
1588,备件,40036698,链板,610,无价值备件,卷,,,,,0,已启用,,,,否,否
1589,备件,40036697,滚珠链板,,无价值备件,卷,,,,,0,已启用,,,,否,否
1590,备件,40036696,链板,1600AGD2K83.8MM,无价值备件,卷,,,,,0,已启用,,,,否,否
1591,备件,40036695,链板,78.3,无价值备件,卷,,,,,0,已启用,,,,否,否
1592,备件,40036694,链板,K170-DK,无价值备件,卷,,,,,0,已启用,,,,否,否
1593,备件,40036693,链板,1600BG1D2K0340,无价值备件,卷,,,,,0,已启用,,,,否,否
1594,备件,40036692,不锈钢螺栓,,无价值备件,箱,,,,,0,已启用,,,,否,否
1595,备件,40036691,电缆线,,无价值备件,箱,,,,,0,已启用,,,,否,否
1596,备件,40036690,支撑座,,无价值备件,箱,,,,,0,已启用,,,,否,否
1597,备件,40036689,卸垛机索道备件,,无价值备件,套,,,,,0,已启用,,,,否,否
1598,备件,40036687,吹干机滤网,,无价值备件,套,,,,,0,已启用,,,,否,否
1599,备件,40036686,吹干机封嘴,,无价值备件,套,,,,,0,已启用,,,,否,否
1600,备件,40036685,气管,6*4mm,无价值备件,卷,,,,,0,已启用,,,,否,否
1601,备件,40036684,气管,6*4mm,无价值备件,卷,,,,,0,已启用,,,,否,否
1602,备件,40036681,垫子,,无价值备件,个,,,,,0,已启用,,,,否,否
1603,备件,40036680,坦克链,,无价值备件,卷,,,,,0,已启用,,,,否,否
1604,备件,40036679,链板导条,,无价值备件,卷,,,,,0,已启用,,,,否,否
1605,备件,40036678,镇流器,,无价值备件,个,,,,,0,已启用,,,,否,否
1606,备件,40036676,电流互感器,LMZTI-0.5,无价值备件,个,,,,,0,已启用,,,,否,否
1607,备件,40036675,METTLERTOLEDO,,无价值备件,个,,,,,0,已启用,,,,否,否
1608,备件,40036674,三相电子式有功电能表,DSSZ56型,无价值备件,个,,,,,0,已启用,,,,否,否
1609,备件,40036673,三相四线智能电表,DFZ-341,无价值备件,个,,,,,0,已启用,,,,否,否
1610,备件,40036672,链轮,SSW,无价值备件,个,,,,,0,已启用,,,,否,否
1611,备件,40036671,链轮,SSW,无价值备件,个,,,,,0,已启用,,,,否,否
1612,备件,40036669,管子支撑架,￠48-54,无价值备件,个,,,,,0,已启用,,,,否,否
1613,备件,40036668,电源开关,,无价值备件,个,,,,,0,已启用,,,,否,否
1614,备件,40036667,呼吸器电伴热控制盒,,无价值备件,个,,,,,0,已启用,,,,否,否
1615,备件,40036666,卫生型PH管路护套,WS-316L,无价值备件,个,,,,,0,已启用,,,,否,否
1616,备件,40036664,硅胶O型圈,23.5*8.6,无价值备件,个,,,,,0,已启用,,,,否,否
1617,备件,40036663,硅胶O型圈,,无价值备件,个,,,,,0,已启用,,,,否,否
1618,备件,40036662,冷却机链轮,,无价值备件,箱,,,,,0,已启用,,,,否,否
1619,备件,40036661,红牛彩膜膜具,,无价值备件,套,,,,,0,已启用,,,,否,否
1620,备件,40036660,战马热缩分瓶器,,无价值备件,套,,,,,0,已启用,,,,否,否
1621,备件,40036659,分瓶器膜具,,无价值备件,个,,,,,0,已启用,,,,否,否
1622,备件,40036658,分瓶器,,无价值备件,个,,,,,0,已启用,,,,否,否
1623,备件,40036657,自缩缸,,无价值备件,个,,,,,0,已启用,,,,否,否
1624,备件,40036656,手动压块,GH-225-D,无价值备件,个,,,,,0,已启用,,,,否,否
1625,备件,40036655,轴封,96525490,无价值备件,个,,,,,0,已启用,,,,否,否
1626,备件,40036654,不锈钢螺栓,M20*80,无价值备件,盒,,,,,0,已启用,,,,否,否
1627,备件,40036653,不锈钢蝶阀,1寸,无价值备件,个,,,,,0,已启用,,,,否,否
1628,备件,40036652,不锈钢气动蝶阀,D681F-10P/¢125,无价值备件,个,,,,,0,已启用,,,,否,否
1629,备件,40036651,不锈钢气动蝶阀,D681F-10P/¢102,无价值备件,个,,,,,0,已启用,,,,否,否
1630,备件,40036650,喷淋嘴,2-2650065,无价值备件,个,,,,,0,已启用,,,,否,否
1631,备件,40036649,机封组件,2-2350947,无价值备件,个,,,,,0,已启用,,,,否,否
1632,备件,40036647,下盖滑道,,无价值备件,个,,,,,0,已启用,,,,否,否
1633,备件,40036646,空罐翻转器,,无价值备件,个,,,,,0,已启用,,,,否,否
1634,备件,40036645,打码翻转器,,无价值备件,个,,,,,0,已启用,,,,否,否
1635,备件,40036644,罐装出口翻转器,,无价值备件,个,,,,,0,已启用,,,,否,否
1636,备件,40036643,限位开关支架,,无价值备件,套,,,,,0,已启用,,,,否,否
1637,备件,40036642,压头,5-4200178,无价值备件,个,,,,,0,已启用,,,,否,否
1638,备件,40036641,顶出器,5s5300035,无价值备件,个,,,,,0,已启用,,,,否,否
1639,备件,40036640,一道卷封轮,5-6400777,无价值备件,个,,,,,0,已启用,,,,否,否
1640,备件,40036639,二道卷封轮,5-6400778,无价值备件,个,,,,,0,已启用,,,,否,否
1641,备件,40036638,封口机下盖导轨,T5s5391460-05,无价值备件,套,,,,,0,已启用,,,,否,否
1642,备件,40036637,封口机下盖星轮,5-8057387,无价值备件,个,,,,,0,已启用,,,,否,否
1643,备件,40036636,封口机出口上护板,5-3763711,无价值备件,个,,,,,0,已启用,,,,否,否
1644,备件,40036635,封口机入口右护板,5-3761710,无价值备件,个,,,,,0,已启用,,,,否,否
1645,备件,40036634,封口机入口左护板,5-3758777,无价值备件,个,,,,,0,已启用,,,,否,否
1646,备件,40036633,封口机进出口下护板,5-3763710,无价值备件,套,,,,,0,已启用,,,,否,否
1647,备件,40036632,封口机中心星轮,5-8054791,无价值备件,套,,,,,0,已启用,,,,否,否
1648,备件,40036631,封口机中心护板,,无价值备件,套,,,,,0,已启用,,,,否,否
1649,备件,40036630,封口机压头护板,5-8051644,无价值备件,套,,,,,0,已启用,,,,否,否
1650,备件,40036549,封口机下盖仓,5s5600071,无价值备件,个,,,,,0,已启用,,,,否,否
1651,备件,40036548,封口机出口星轮,,无价值备件,个,,,,,0,已启用,,,,否,否
1652,备件,40036547,灌装机入口进灌螺旋器,￠57.4-A,无价值备件,个,,,,,0,已启用,,,,否,否
1653,备件,40036546,灌装机U型护板,5-3768530,无价值备件,个,,,,,0,已启用,,,,否,否
1654,备件,40036545,罐装入口不锈钢进灌星轮,5-8057389,无价值备件,个,,,,,0,已启用,,,,否,否
1655,备件,40036544,不锈钢进灌护板,5-8004530,无价值备件,个,,,,,0,已启用,,,,否,否
1656,备件,40036543,（战马）灌装机护栏,5-3768607,无价值备件,套,,,,,0,已启用,,,,否,否
1657,备件,40035617,注氮头加热器（标准）,940.106C,备件,个,,备件,,,0,已启用,,,,否,否
1658,备件,40034895,不锈钢内六角螺栓, M6*16,备件,个,,备件,,,0,已启用,,,0.27,否,否
1659,备件,40041248,护栏连接件,,备件,套,,,,,0,已启用,,,17.70,否,否
1660,备件,40041247,护栏组件,,备件,套,,,,,0,已启用,,,115.04,否,否
1661,备件,40041246,边滚珠护栏,,备件,米,,,,,0,已启用,,,230.09,否,否
1662,备件,40041241,陶瓷接线端子,42*33*27/铜芯孔径8.5mm/耐高温,备件,个,,,,,0,已启用,,,6.99,否,否
1663,备件,40041239,陶瓷接线端子,30*20*15/铜芯孔径5.5mm/耐高温,备件,个,,,,,0,已启用,,,1.68,否,否
1664,备件,40041238,加热条,镍铬/5mm*0.25mm/10米,备件,条,,,,,0,已启用,,,50.53,否,否
1665,备件,40041235,绝缘热缩管,Ф6/25米/1kV,备件,卷,,,,,0,已启用,,,123.89,否,否
1666,备件,40041234,绝缘热缩管,Ф8/25米/1kV,备件,卷,,,,,0,已启用,,,144.07,否,否
1667,备件,40041233,绝缘热缩管,Ф10/25米/1kV,备件,卷,,,,,0,已启用,,,161.77,否,否
1668,备件,40041230,导轨,C45/厚1mm/35mm,备件,米,,,,,0,已启用,,,7.88,否,否
1669,备件,40041229,伸缩直梯,铝合金/升降伸缩直梯/5.5m,备件,个,,,,,0,已启用,,,745.75,否,否
1670,备件,40041228,水性砂纸,1200目,备件,张,,,,,0,已启用,,,0.62,否,否
1671,备件,40041227,合金开孔器,16.18-20.22-26.28.30.32.35.38.40,备件,套,,,,,0,已启用,,,309.65,否,否
1672,备件,40041226,直筒瓷珠,内径8mm/外径12mm/高12mm/耐高温,备件,个,,,,,0,已启用,,,5.00,否,否
1673,备件,40041225,电池模块,6FC5348-0AA02-0AA0,备件,个,,,,,0,已启用,,,2090.27,否,否
1674,备件,40041224,硅胶O型圈,食品级M25*1.5/内径22mm/外径25mm/线径1.5mm,备件,个,,131231,,,0,已启用,,,0.71,否,否
1675,备件,40041223,光电开关,QS18VP6D,备件,个,邦纳,,,,0,已启用,,,601.77,否,否
1676,备件,40041222,锁,配料,备件,套,,,,,0,已启用,,,132.74,否,否
1677,备件,40040920,法兰式软管,,备件,个,,,,,0,已启用,,,63.19,否,否
1678,备件,40040919,加热管道,,备件,根,,,,,0,已启用,,,5522.13,否,否
1679,备件,40040918,被动轮,PBSF10101840,备件,个,,,,,0,已启用,,,123.89,否,否
1680,备件,40040917,主动链链轮莫易斯,MPBST10101840),备件,个,,,,,0,已启用,,,123.89,否,否
1681,备件,40040916,上膜吸附皮带,长2400*宽70 PK010006122,备件,条,,,,,0,已启用,,,4280.53,否,否
1682,备件,40040915,链板,880T-K325,备件,米,,,,,0,已启用,,,84.00,否,否
1683,备件,40040914,电机,SA57 DRN90L4 1.5KW,备件,台,,,,,0,已启用,,,6863.36,否,否
1684,备件,40040912,紫外线消毒灯,8W/灯管长度310mm/带灯座支架,备件,根,,,,,0,已启用,,,73.27,否,否
1685,备件,40040910,LED灯,LED T8 11W/T8-11-65/A22B/23,备件,根,,,,,0,已启用,,,7.34,否,否
1686,备件,40040909,电子式浮球液位计,FQKG001B,备件,个,,,,,0,已启用,,,18.94,否,否
1687,备件,40040908,不锈钢酸洗膏,,备件,瓶,,,,,0,已启用,,,22.74,否,否
1688,备件,40040906,不锈钢焊丝,Ф2.0mm,备件,公斤,,,,,0,已启用,,,32.83,否,否
1689,备件,40040905,不锈钢焊丝,Ф1.6mm,备件,公斤,,,,,0,已启用,,,32.83,否,否
1690,备件,40040903,氩弧焊焊枪焊帽,6*30优质瓷嘴,备件,个,,,,,0,已启用,,,1.51,否,否
1691,备件,40040894,电极流通池,适配HA405-DXK-S8/120电极/有机玻璃,备件,个,,,,,0,已启用,,,450.00,否,否
1692,备件,40040891,电缆浮球液位开关,FA-FA,备件,个,,,,,0,已启用,,,123.89,否,否
1693,备件,40040890,PVC 塑料转子流量计,承插式DN50,备件,件,,,,,0,已启用,,,132.74,否,否
1694,备件,40040889,UPVC 三通,DN50,备件,件,,,,,0,已启用,,,7.08,否,否
1695,备件,40040888,UPVC 球阀,DN50,备件,件,,,,,0,已启用,,,17.70,否,否
1696,备件,40040887,UPVC 弯头,DN50,备件,件,,,,,0,已启用,,,5.31,否,否
1697,备件,40040886,UPVC 活套法兰,DN50,备件,件,,,,,0,已启用,,,21.24,否,否
1698,备件,40040883,气动阀+蝶阀,DX681X-10RL+Ф76,备件,个,,,,,0,已启用,,,640.71,否,否
1699,备件,40040882,减速机,ATB140FC 速比10:1,备件,个,,,,,0,已启用,,,10000.00,否,否
1700,备件,40040880,耐酸碱碟阀密封,DN80,备件,个,,,,,0,已启用,,,309.74,否,否
1701,备件,40040879,耐酸碱碟阀密封,DN65,备件,个,,,,,0,已启用,,,256.64,否,否
1702,备件,40040878,耐酸碱碟阀密封机,DN50,备件,个,,,,,0,已启用,,,221.24,否,否
1703,备件,40040877,耐酸碱碟阀密封,DN40,备件,个,,,,,0,已启用,,,199.12,否,否
1704,备件,40040875,胶枪喷嘴,322020 0.50mm ,备件,个,,,,,0,已启用,,,402.65,否,否
1705,备件,40040874,胶枪喷嘴,1015818  0.46mm 15°,备件,个,,,,,0,已启用,,,862.84,否,否
1706,备件,40040873,园型皮带,9.5-5200/82200101,备件,条,,,,,0,已启用,,,849.56,否,否
1707,备件,40040872,叶轮,ICP2050泵,备件,件,,,,,0,已启用,,,9557.52,否,否
1708,备件,40040378,200目不锈钢滤网,材质316L，宽1米,备件,米,,,,,0,已启用,,,212.39,否,否
1709,备件,40040377,150目不锈钢滤网,材质316L，宽1米,备件,米,,,,,0,已启用,,,212.39,否,否
1710,备件,40040375,SD存储卡,6AV2181-8XP00-0AX0  2GB,备件,个,,,,,0,已启用,,,376.55,否,否
1711,备件,40040374,变频器,FC-051PK37T4E20HXXXCXXXSXXX  0.4kW,备件,台,,,,,0,已启用,,,900.53,否,否
1712,备件,40040373,压力传感器,PN3092,备件,个,,,,,0,已启用,,,1424.78,否,否
1713,备件,40040371,电机接线柱,K1M5,备件,个,,,,,0,已启用,,,155.75,否,否
1714,备件,40040368,角磨机,GWS 6-100,备件,台,,,,,0,已启用,,,384.00,否,否
1715,备件,40040367,UPVC活接,DN40,备件,个,,,,,0,已启用,,,10.18,否,否
1716,备件,40040366,EPDM法兰垫片,DN40,备件,个,,,,,0,已启用,,,5.35,否,否
1717,备件,40040365,UPVC弯头,DN40,备件,个,,,,,0,已启用,,,5.20,否,否
1718,备件,40040363,UPVC法兰,DN40,备件,个,,,,,0,已启用,,,13.63,否,否
1719,备件,40040362,卫生级耐高温硅胶密封垫,SMSФ154,备件,个,,,,,0,已启用,,,5.03,否,否
1720,备件,40040361,卫生级耐高温硅胶密封垫,SMSФ133,备件,个,,,,,0,已启用,,,3.57,否,否
1721,备件,40040360,卫生级耐高温硅胶密封垫, SMSФ108,备件,个,,,,,0,已启用,,,2.91,否,否
1722,备件,40040359,卫生级耐高温硅胶密封垫,SMSФ102,备件,个,,,,,0,已启用,,,2.77,否,否
1723,备件,40040358,卫生级耐高温硅胶密封垫,SMSФ89,备件,个,,,,,0,已启用,,,2.12,否,否
1724,备件,40040357,卫生级耐高温硅胶密封垫,SMSФ76,备件,个,,,,,0,已启用,,,1.85,否,否
1725,备件,40040356,卫生级耐高温硅胶密封垫,SMSФ63,备件,个,,,,,0,已启用,,,1.72,否,否
1726,备件,40040355,卫生级耐高温硅胶密封垫,SMSФ57,备件,个,,,,,0,已启用,,,1.58,否,否
1727,备件,40040354,卫生级耐高温硅胶密封垫,SMSФ51,备件,个,,,,,0,已启用,,,1.45,否,否
1728,备件,40040353,卫生级耐高温硅胶密封垫,SMSФ45,备件,个,,,,,0,已启用,,,1.33,否,否
1729,备件,40040352,卫生级耐高温硅胶密封垫, SMSФ38,备件,个,,,,,0,已启用,,,1.33,否,否
1730,备件,40040351,卫生级耐高温硅胶密封垫,SMSФ32,备件,个,,,,,0,已启用,,,1.19,否,否
1731,备件,40040350,卫生级耐高温硅胶密封垫,SMSФ25,备件,个,,,,,0,已启用,,,1.12,否,否
1732,备件,40040349,卫生级耐高温硅胶活接密封,德标DN100,备件,个,,,,,0,已启用,,,3.38,否,否
1733,备件,40040348,卫生级耐高温硅胶活接密封,德标DN80,备件,个,,,,,0,已启用,,,2.60,否,否
1734,备件,40040347,卫生级耐高温硅胶活接密封,德标D65,备件,个,,,,,0,已启用,,,2.08,否,否
1735,备件,40040346,卫生级耐高温硅胶活接密封,德标DN50,备件,个,,,,,0,已启用,,,1.43,否,否
1736,备件,40040345,卫生级耐高温硅胶活接密封,德标DN40,备件,个,,,,,0,已启用,,,1.30,否,否
1737,备件,40040344,卫生级耐高温硅胶活接密封,德标DN32,备件,个,,,,,0,已启用,,,1.17,否,否
1738,备件,40040343,卫生级耐高温硅胶活接密封,德标DN25,备件,个,,,,,0,已启用,,,1.04,否,否
1739,备件,40040342,卫生级耐高温硅胶活接密封,德标DN20,备件,个,,,,,0,已启用,,,0.91,否,否
1740,备件,40040341,卫生级耐高温硅胶活接密封,德标DN15,备件,个,,,,,0,已启用,,,0.78,否,否
1741,备件,40040340,卫生级耐高温硅胶活接密封,SMSФ19,备件,个,,,,,0,已启用,,,0.65,否,否
1742,备件,40040339,耐高温氟橡胶密封圈,内径36.5*1.85,备件,个,,,,,0,已启用,,,1.30,否,否
1743,备件,40040338,耐高温氟橡胶O型密封圈,内径16 外径22*2.5,备件,个,,,,,0,已启用,,,0.78,否,否
1744,备件,40040335,304卫生级不锈钢弯头,38mm*2mm/APV,备件,个,,,,,0,已启用,,,14.96,否,否
1745,备件,40040333,按钮,XB5AA61C蓝色,备件,个,,,,,0,已启用,,,14.16,否,否
1746,备件,40040332,按钮,XB5AA21C黑色,备件,个,,,,,0,已启用,,,14.16,否,否
1747,备件,40040331,按钮,XB5AA31C绿色,备件,个,,,,,0,已启用,,,14.16,否,否
1748,备件,40040330,按钮,XB5AA11C白色,备件,个,,,,,0,已启用,,,14.16,否,否
1749,备件,40040325,机械定时器开关,DRJ-120  J85/220V-10A,备件,个,,,,,0,已启用,,,13.27,否,否
1750,备件,40040324,电缆,RVV5*2.5mm²,备件,米,,,,,0,已启用,,,11.95,否,否
1751,备件,40040323,电缆,RVV8*0.75mm²,备件,米,,,,,0,已启用,,,6.19,否,否
1752,备件,40040321,紫外灯管,TUV 30W/铜针G13/不含针长度90cm,备件,根,,,,,0,已启用,,,25.67,否,否
1753,备件,40040319,PVC-U Y型透明过滤器,DN40(50mm),备件,个,,,,,0,已启用,,,46.02,否,否
1754,备件,40040317,不锈钢门锁,,备件,套,,,,,0,已启用,,,132.74,否,否
1755,备件,40040316,304卫生级不锈钢快装接头,40mm*2mm*21mm*50.5mm,备件,个,,,,,0,已启用,,,8.85,否,否
1756,备件,40040315,304卫生级不锈钢快装接头,38mm*2mm*21mm*50.5mm,备件,个,,,,,0,已启用,,,6.64,否,否
1757,备件,40040314,电磁阀,940.3WSV.111,备件,个,,,,,0,已启用,,,1991.15,否,否
1758,备件,40040312,联轴器,10-410 14 028,备件,个,,,,,0,已启用,,,132.74,否,否
1759,备件,40040311,维修包,SERVICE KIT EPDM LKB-2 DIN.NW65,备件,个,,,,,0,已启用,,,256.64,否,否
1760,备件,40040309,电机,81020804,备件,台,,,,,0,已启用,,,1535.40,否,否
1761,备件,40040308,电机,82150200,备件,台,,,,,0,已启用,,,3805.31,否,否
1762,备件,40040307,电机,82160200,备件,台,,,,,0,已启用,,,2615.04,否,否
1763,备件,40040306,伺服电机,82220101,备件,台,,,,,0,已启用,,,1402.65,否,否
1764,备件,40040305,伺服电机,81020800,备件,台,,,,,0,已启用,,,1318.58,否,否
1765,备件,40040304,伺服控制器,6SL3210-5FB10-4UF1  0.4kW,备件,台,,,,,0,已启用,,,2853.98,否,否
1766,备件,40040303,伺服控制器,6SL3210-5FB10-2UF2  0.2kW,备件,台,,,,,0,已启用,,,2792.04,否,否
1767,备件,40040302,接近开关,81031202,备件,个,,,,,0,已启用,,,243.36,否,否
1768,备件,40040301,接近开关,81031201,备件,个,,,,,0,已启用,,,150.44,否,否
1769,备件,40040300,磁感应开关,/81031300,备件,个,,,,,0,已启用,,,128.32,否,否
1770,备件,40040286,齿形同步带,9000*T10*50,备件,条,,,,,0,已启用,,,1061.95,否,否
1771,备件,40040259,选择开关,XB5AD33C3位锁定,备件,个,,,,,0,已启用,,,24.78,否,否
1772,备件,40040179,气动隔膜泵密封圈,1022-90,备件,个,,,,,0,已启用,,,35.40,否,否
1773,备件,40040157,国产压头,GCLK-D206,备件,个,,,,,0,已启用,,,778.76,否,否
1774,备件,40040078,剥线钳,91202,备件,把,,,,,0,已启用,,,85.67,否,否
1775,备件,40040077,插头,T-16/三脚插头,备件,个,,,,,0,已启用,,,10.62,否,否
1776,备件,40040076,插座,16A/五孔插座/暗装,备件,个,,,,,0,已启用,,,16.90,否,否
1777,备件,40040075,不锈钢方管,15mm*15mm*1mm,备件,米,,,,,0,已启用,,,11.95,否,否
1778,备件,40040073,耐高温氟橡胶密封条,₵3.53*10m,备件,米,,,,,0,已启用,,,9.11,否,否
1779,备件,40040072,PVC内丝直接,32*内丝20,备件,个,,,,,0,已启用,,,4.16,否,否
1780,备件,40040071,慢开排污阀,DN50,备件,个,,,,,0,已启用,,,3531.86,否,否
1781,备件,40040070,快开排污阀,DN50,备件,个,,,,,0,已启用,,,10066.37,否,否
1782,备件,40040062,模拟量输入模块,6ES7 332-5HD01-0AB0,备件,个,,,,,0,已启用,,,4001.77,否,否
1783,备件,40040061,模拟量输入模块,6ES7 331-7KF02-0AB0,备件,个,,,,,0,已启用,,,5054.87,否,否
1784,备件,40040060,接近开关,LJ30A3-15-Z/BX NPN型,备件,个,,,,,0,已启用,,,24.78,否,否
1785,备件,40040029,PVC外丝直接,DN25,备件,个,,,,,0,已启用,,,2.21,否,否
1786,备件,40040028,PVC内丝直接,DN25,备件,个,,,,,0,已启用,,,2.21,否,否
1787,备件,40040027,不锈钢合页,4*3*2.5,备件,个,,,,,0,已启用,,,7.97,否,否
1788,备件,40040023,安全急停开关,ES11-SA1A4,备件,个,,,,,0,已启用,,,460.18,否,否
1789,备件,40039988,玻璃胶,中性/乳白色/300ml,备件,支,,,,,0,已启用,,,33.63,否,否
1790,备件,40039987,开关量输入输出模块,6ES7 223-1BL32-0XB0,备件,个,,,,,0,已启用,,,1450.44,否,否
1791,备件,40039986,开关量输入模块,6ES7 221-1BH32-0XB0,备件,个,,,,,0,已启用,,,947.79,否,否
1792,备件,40039985,开关量输出模块,6ES7 322-1BH01-0AA0,备件,个,,,,,0,已启用,,,1895.58,否,否
1793,备件,40039984,开关量输入模块,6ES7 321-1BH02-0AA0,备件,个,,,,,0,已启用,,,1137.17,否,否
1794,备件,40039983,开关量输入模块,6ES7 321-1BL00-0AA0,备件,个,,,,,0,已启用,,,2158.41,否,否
1795,备件,40039925,消音器,8HB400,备件,个,,,,,0,已启用,,,752.21,否,否
1796,备件,40039924,压力传感器,4409-34-500,备件,个,,,,,0,已启用,,,442.48,否,否
1797,备件,40039923,温度传感器,4405-381,备件,个,,,,,0,已启用,,,176.99,否,否
1798,备件,40039922,进控总成,AIV-120B-F,备件,个,,,,,0,已启用,,,3982.30,否,否
1799,备件,40039921,三相异步电动机,Y132M2-6,备件,台,,,,,0,已启用,,,1539.82,否,否
1800,备件,40039920,触发块,A-C-H-W-SST-122667,备件,个,,,,,0,已启用,,,511.91,否,否
1801,备件,40039919,评估单元,CES-FD-AP-U-01-USI-119865,备件,个,,,,,0,已启用,,,2401.77,否,否
1802,备件,40039918,安全开关,CTP-L1-AR-U-HA-AE-SAB-122813,备件,个,,,,,0,已启用,,,5229.96,否,否
1803,备件,40039914,捕虫灯,V10/卷带粘捕式,备件,台,,,,,0,已启用,,,471.68,否,否
1804,备件,40039913,尼龙棒,￠25,备件,米,,,,,0,已启用,,,7.79,否,否
1805,备件,40039912,塑料梅花手柄铜螺母,M12蓝色手柄70mm,备件,个,,,,,0,已启用,,,4.68,否,否
1806,备件,40039909,油封,20*35*7  CZ,备件,个,,,,,0,已启用,,,1.30,否,否
1807,备件,40039906,链卡接头,06B-1L,备件,个,,,,,0,已启用,,,0.65,否,否
1808,备件,40039904,304不锈钢宝塔外丝接头,DN40-50mm,备件,件,,,,,0,已启用,,,10.44,否,否
1809,备件,40039903,304不锈钢单头外丝接头,DN40,备件,件,,,,,0,已启用,,,6.50,否,否
1810,备件,40039902,304不锈钢球阀,DN40,备件,件,,,,,0,已启用,,,58.50,否,否
1811,备件,40039901,304不锈钢外丝接头,DN40,备件,件,,,,,0,已启用,,,16.90,否,否
1812,备件,40039900,304不锈钢内丝弯头,DN40,备件,件,,,,,0,已启用,,,16.90,否,否
1813,备件,40039899,消防指示牌,安全出口,备件,个,,,,,0,已启用,,,22.13,否,否
1814,备件,40039898,消防指示牌,单面双向,备件,个,,,,,0,已启用,,,22.12,否,否
1815,备件,40039897,消防指示牌,单面右向,备件,个,,,,,0,已启用,,,22.12,否,否
1816,备件,40039896,消防指示牌,单面左向,备件,个,,,,,0,已启用,,,22.12,否,否
1817,备件,40039895,变频器,MJT02-150 ,备件,台,,,,,0,已启用,,,1679.65,否,否
1818,备件,40039892,骨架油封,28*35*4,备件,个,,,,,0,已启用,,,69.03,否,否
1819,备件,40039891,机械密封,155-28,备件,个,,,,,0,已启用,,,159.29,否,否
1820,备件,40039890,尼龙棒,￠50,备件,米,,,,,0,已启用,,,34.51,否,否
1821,备件,40039839,尼龙棒,￠30,备件,米,,,,,0,已启用,,,17.70,否,否
1822,备件,40039838,异盖检测传感器,SP-NP2-TRS18*65 ,备件,个,,,,,0,已启用,,,796.46,否,否
1823,备件,40039710,轴承,6006RS,备件,个,,,,,0,已启用,,,26.55,否,否
1824,备件,40039709,轴承,6002RS,备件,个,,,,,0,已启用,,,13.27,否,否
1825,备件,40039708,轴承,6001RS,备件,个,,,,,0,已启用,,,12.39,否,否
1826,备件,40039707,轴承,6000RS,备件,个,,,,,0,已启用,,,11.50,否,否
1827,备件,40039706,骨架油封,28*35*4,备件,个,,,,,0,已启用,,,4.42,否,否
1828,备件,40039705,燃气压力开关,GW 150 A5,备件,个,,,,,0,已启用,,,236.81,否,否
1829,备件,40039704,压力变送器,MC20A/小巧型,备件,个,,,,,0,已启用,,,442.48,否,否
1830,备件,40039703,触摸屏,GT2512-STBD 12.1寸 DC24V,备件,个,,,,,0,已启用,,,8813.27,否,否
1831,备件,40039701,压力控制器,SSNS-120,备件,个,,,,,0,已启用,,,58.50,否,否
1832,备件,40039699,螺栓/M3,内六角/长30mm,备件,个,,,,,0,已启用,,,0.30,否,否
1833,备件,40039698,螺帽/M3,六角螺母,备件,个,,,,,0,已启用,,,0.04,否,否
1834,备件,40039697,电工胶带,20米*18mm/黄色,备件,卷,,,,,0,已启用,,,2.02,否,否
1835,备件,40039696,电工胶带,20米*18mm/绿色,备件,卷,,,,,0,已启用,,,2.02,否,否
1836,备件,40039695,电工胶带,20米*18mm/红色,备件,卷,,,,,0,已启用,,,2.02,否,否
1837,备件,40039690,温控开关,NTK1-311G,备件,个,,,,,0,已启用,,,66.37,否,否
1838,备件,40039689,轴流风扇,NTF2-12038,备件,个,,,,,0,已启用,,,22.13,否,否
1839,备件,40039651,底托压簧,2S2180060 ,备件,012,,,,,0,已启用,,,197.88,否,否
1840,备件,40039650,底托压力调整卡爪,5S5492015,备件,012,,,,,0,已启用,,,1641.05,否,否
1841,备件,40039649,底托压力调整螺杆,5S5906123,备件,012,,,,,0,已启用,,,857.61,否,否
1842,备件,40039648,键,2S2203025  ,备件,012,,,,,0,已启用,,,9.27,否,否
1843,备件,40039647,中心料筒滑动静环,5-0500044,备件,个,,,,,0,已启用,,,17302.65,否,否
1844,备件,40039645,回流碟阀,3/920012248,备件,个,,,,,0,已启用,,,5023.44,否,否
1845,备件,40039644,回流碟阀,2/920012246,备件,个,,,,,0,已启用,,,4675.38,否,否
1846,备件,40039643,进料碟阀,2-2550955,备件,个,,,,,0,已启用,,,4949.26,否,否
1847,备件,40039642,封口机清洗角阀,2-2550405,备件,个,,,,,0,已启用,,,2899.41,否,否
1848,备件,40039640,回流碟阀,1/2-2550251,备件,个,,,,,0,已启用,,,5131.76,否,否
1849,备件,40039619,气动蝶阀,D671F-10P/DN65(乙丙胶) AT型 含执行器,备件,个,,,,,0,已启用,,,495.57,否,否
1850,备件,40039618,点火电磁阀,E6G*AP*1/2*AFD 5,备件,个,,,,,0,已启用,,,345.14,否,否
1851,备件,40039617,光电开关,PRk3c T3/4p 50133653,备件,个,,,,,0,已启用,,,482.30,否,否
1852,备件,40039589,热水管进水角阀,2-2550174,备件,个,,,,,0,已启用,,,4892.90,否,否
1853,备件,40039588,压缩空气进气角阀,2-2550433,备件,个,,,,,0,已启用,,,12104.88,否,否
1854,备件,40039587,CIP管道角阀,2-2550434,备件,个,,,,,0,已启用,,,8206.97,否,否
1855,备件,40039586,进料阀,2-2551764,备件,个,,,,,0,已启用,,,40526.56,否,否
1856,备件,40039423,传感器,SUV-C0HV05IS,备件,个,,,,,0,已启用,,,1592.92,否,否
1857,备件,40039420,接近开关,IGT203,备件,个,,,,,0,已启用,,,246.29,否,否
1858,备件,40039419,接近开关,IIT228,备件,个,,,,,0,已启用,,,539.38,否,否
1859,备件,40039418,接近开关,IIT204,备件,个,,,,,0,已启用,,,496.64,否,否
1860,备件,40039417,接近开关,R AD2005 IIT205,备件,个,,,,,0,已启用,,,181.41,否,否
1861,备件,40039416,接近开关,NI30U-M30-AP6X,备件,个,,,,,0,已启用,,,339.91,否,否
1862,备件,40039415,锡焊丝,90313/1.0mm/250g,备件,卷,,,,,0,已启用,,,95.38,否,否
1863,备件,40039414,锡焊丝,90311/0.5mm/250g,备件,卷,,,,,0,已启用,,,103.40,否,否
1864,备件,40039412,雷达感应器,快速门,备件,个,,,,,0,已启用,,,747.79,否,否
1865,备件,40039411,电极缆线,as9/15M,备件,根,,,,,0,已启用,,,1977.87,否,否
1866,备件,40039410,强光手电,镭射炮PM6,备件,把,,,,,0,已启用,,,230.97,否,否
1867,备件,40039408,UPVC直接头,DN40变DN25,备件,件,,,,,0,已启用,,,7.48,否,否
1868,备件,40039407,UPVC活接,DN50,备件,件,,,,,0,已启用,,,9.83,否,否
1869,备件,40039406,UPVC三通,DN50,备件,件,,,,,0,已启用,,,13.80,否,否
1870,备件,40039403,UPVC管,DN25,备件,米,,,,,0,已启用,,,8.85,否,否
1871,备件,40039402,UPVC三通,DN25,备件,件,,,,,0,已启用,,,3.45,否,否
1872,备件,40039401,UPVC弯头,DN25,备件,件,,,,,0,已启用,,,3.45,否,否
1873,备件,40039400,UPVC双由令球阀,DN25,备件,件,,,,,0,已启用,,,33.36,否,否
1874,备件,40039399,UPVC三通,DN40,备件,件,,,,,0,已启用,,,8.06,否,否
1875,备件,40039398,UPVC弯头,DN40,备件,件,,,,,0,已启用,,,7.48,否,否
1876,备件,40039396,加热条,长1M 宽5MM 带卡扣,备件,根,,,,,0,已启用,,,23.36,否,否
1877,备件,40039395,PU聚氨酯风管,内径115MM 长1M,备件,根,,,,,0,已启用,,,92.30,否,否
1878,备件,40039393,灯座,E27螺口灯座,备件,个,,,,,0,已启用,,,4.42,否,否
1879,备件,40039392,LED灯泡,20W/球柱型/正白光/E27螺纹,备件,个,,,,,0,已启用,,,22.12,否,否
1880,备件,40039391,PVC线槽,39*19/B线槽,备件,米,,,,,0,已启用,,,1.66,否,否
1881,备件,40039389,中间继电器线圈,RXM4AB2BD,备件,个,,,,,0,已启用,,,27.43,否,否
1882,备件,40039388,中间继电器底座,RXZE1M4C14,备件,个,,,,,0,已启用,,,9.20,否,否
1883,备件,40039387,线盒盖板,86型线盒盖板/PVC白板,备件,个,,,,,0,已启用,,,1.27,否,否
1884,备件,40039386,气动快装蝶阀,304φ102卡盘119,备件,个,,,,,0,已启用,,,390.27,否,否
1885,备件,40039385,焊把钳,800A,备件,把,,,,,0,已启用,,,22.12,否,否
1886,备件,40039384,孔用卡簧,∅32(34.4),备件,个,,,,,0,已启用,,,0.19,否,否
1887,备件,40039382,轴承,6204-2RS,备件,个,,,,,0,已启用,,,6.68,否,否
1888,备件,40039381,O型密封圈/孔径,Φ43X线Φ1.8,备件,个,,,,,0,已启用,,,2.66,否,否
1889,备件,40039380,骨架油封,28*35*7,备件,个,,,,,0,已启用,,,13.27,否,否
1890,备件,40039379,轴承,3305A   2RS1/TN9,备件,个,,,,,0,已启用,,,128.32,否,否
1891,备件,40039378,轴承,&quot;3201&quot;2RS1TN9/NT33,备件,个,,,,,0,已启用,,,150.44,否,否
1892,备件,40039377,轴承,6203   2RS,备件,个,,,,,0,已启用,,,25.67,否,否
1893,备件,40039376,轴承,2303E   2RS11N9,备件,个,,,,,0,已启用,,,137.17,否,否
1894,备件,40039375,链轮,"Z=16,内孔30，键8",备件,个,,,,,0,已启用,,,106.20,否,否
1895,备件,40039374,不锈钢输送网链,"宽740mm,丝径1.5mm,螺距8*13，节距12.7*2",备件,米,,,,,0,已启用,,,729.20,否,否
1896,备件,40039373,船型开关保护罩,开孔28*23mm 外部尺寸：39x30x18.5mm,备件,个,,,,,0,已启用,,,8.85,否,否
1897,备件,40039372,LED平板灯,50W/6500K/AC220V/60HZ/600mm*600mm,备件,个,,,,,0,已启用,,,66.37,否,否
1898,备件,40039370,暗盒修复器,86型暗盒修复器,备件,个,,,,,0,已启用,,,2.65,否,否
1899,备件,40039369,真空发生器,ZL6H04-GN/600L/含消音器组件,备件,个,,,,,0,已启用,,,1283.19,否,否
1900,备件,40039368,皮带,E 8/2 UO/V5H l=1790 w=490 Black,备件,条,,,,,0,已启用,,,530.97,否,否
1901,备件,40039367,轴承,6002-2Z,备件,个,,,,,0,已启用,,,10.62,否,否
1902,备件,40039366,垫片,1017-81,备件,个,,,,,0,已启用,,,24.78,否,否
1903,备件,40039365,O型圈,1016-90,备件,个,,,,,0,已启用,,,17.70,否,否
1904,备件,40039364,O型圈,1022-90,备件,个,,,,,0,已启用,,,13.27,否,否
1905,备件,40039363,O型圈,1019-87,备件,个,,,,,0,已启用,,,5.31,否,否
1906,备件,40039362,衬套,1020-84,备件,个,,,,,0,已启用,,,75.22,否,否
1907,备件,40039361,漏电保护开关,NXBLE-32-2P-C32,备件,个,,,,,0,已启用,,,22.12,否,否
1908,备件,40039360,漏电保护开关,NXBLE-32-2P-C16,备件,个,,,,,0,已启用,,,22.12,否,否
1909,备件,40039341,入口网链,PK010002081,备件,米,,,,,0,已启用,,,3995.25,否,否
1910,备件,40039340,传送区域模块化链条,PK010000276,备件,米,,,,,0,已启用,,,3884.27,否,否
1911,备件,40039329,挑膜杆链条,PK010000221,备件,米,,,,,0,已启用,,,527.15,否,否
1912,备件,40039328,挑罐链条,PK010000019,备件,米,,,,,0,已启用,,,5327.00,否,否
1913,备件,40039327,分瓶器铰链,2C2R22607,备件,件,,,,,0,已启用,,,1155.81,否,否
1914,备件,40039326,分瓶器铰链,2C2R22606,备件,件,,,,,0,已启用,,,1157.27,否,否
1915,备件,40039325,分瓶器不锈钢连杆,2C2R22589,备件,件,,,,,0,已启用,,,539.81,否,否
1916,备件,40039324,分瓶器不锈钢连杆,2C2R22605,备件,件,,,,,0,已启用,,,1703.66,否,否
1917,备件,40039323,分瓶器不锈钢连杆,2C2R22604,备件,件,,,,,0,已启用,,,1677.37,否,否
1918,备件,40039322,分瓶器不锈钢连杆,2C2R22603,备件,件,,,,,0,已启用,,,634.50,否,否
1919,备件,40039319,驱动轮,2-1100015,备件,件,,,,,0,已启用,,,268.81,否,否
1920,备件,40039318,油封,2-2350156,备件,件,,,,,0,已启用,,,153.69,否,否
1921,备件,40039317,密封垫,2S2185065,备件,件,,,,,0,已启用,,,193.48,否,否
1922,备件,40039316,加热器,6H00.132.103,备件,个,,,,,0,已启用,,,8386.95,否,否
1923,备件,40039315,加热器,6H01.117.303,备件,个,,,,,0,已启用,,,4599.79,否,否
1924,备件,40039314,温度传感器,6H10.001.003,备件,个,,,,,0,已启用,,,4400.47,否,否
1925,备件,40039313,温度传感器,Z0840093,备件,个,,,,,0,已启用,,,1757.53,否,否
1926,备件,40039310,膜张紧机构锁扣,PK010000179,备件,件,,,,,0,已启用,,,554.90,否,否
1927,备件,40039306,回转平台网链,PK010000370,备件,件,,,,,0,已启用,,,2108.60,否,否
1928,备件,40039304,分瓶器链条导向块,PK010014399,备件,件,,,,,0,已启用,,,832.35,否,否
1929,备件,40039303,分瓶器链条/,PK10000232,备件,件,,,,,0,已启用,,,110.98,否,否
1930,备件,40039302,分瓶器链条,PK010000232,备件,件,,,,,0,已启用,,,110.98,否,否
1931,备件,40039301,分瓶器链条,PK010003906,备件,件,,,,,0,已启用,,,138.73,否,否
1932,备件,40039300,分瓶器链条,PK010004733,备件,件,,,,,0,已启用,,,832.35,否,否
1933,备件,40039297,膜刀架联轴器,PK010014811,备件,件,,,,,0,已启用,,,3606.82,否,否
1934,备件,40039296,上膜切刀,PK010003723,备件,件,,,,,0,已启用,,,3329.37,否,否
1935,备件,40039295,上膜主动滚轴,PK010006583,备件,件,,,,,0,已启用,,,9988.12,否,否
1936,备件,40039294,切膜刀上侧上膜被动滚轴,PK010006579,备件,件,,,,,0,已启用,,,9988.12,否,否
1937,备件,40039293,切膜刀下侧上膜被动滚轴,PK010006580,备件,件,,,,,0,已启用,,,9988.12,否,否
1938,备件,40039279,电缆分布器,940.571,备件,个,,,,,0,已启用,,,11592.92,否,否
1939,备件,40039278,同步带,HTD8M-792-20,备件,条,,,,,0,已启用,,,185.84,否,否
1940,备件,40039277,同步轮,23-8M-20-BF 内孔∅25（30245323）,备件,个,,,,,0,已启用,,,287.61,否,否
1941,备件,40039276,同步轮,21-8M-20-BF 内孔∅12（30245322）,备件,个,,,,,0,已启用,,,292.04,否,否
1942,备件,40039275,从动滚筒,C40 BB500 P BAL(30245825),备件,根,,,,,0,已启用,,,1920.36,否,否
1943,备件,40039274,驱动滚筒,C40 BB500 P BAL(30245816)/,备件,根,,,,,0,已启用,,,1654.87,否,否
1944,备件,40038997,三通阀维修包二,7000/UAL CHANGE OVER76.1/DN80/3,备件,个,,,,,0,已启用,,,716.81,否,否
1945,备件,40038996,三通阀维修包一,SERVICE KIT UNIQUE SSV/7000NO,备件,个,,,,,0,已启用,,,106.19,否,否
1946,备件,40038995,三通阀控制器,2-2550667,备件,个,,,,,0,已启用,,,3007.93,否,否
1947,备件,40038994,三通阀,2-2551764,备件,个,,,,,0,已启用,,,40526.56,否,否
1948,备件,40038993,比例阀控制器,2-3370014,备件,个,,,,,0,已启用,,,6390.07,否,否
1949,备件,40038986,十字平头自攻螺钉,3.5*30,备件,个,,,,,0,已启用,,,0.13,否,否
1950,备件,40038985,十字平头自攻螺钉,3.5*25,备件,个,,,,,0,已启用,,,0.13,否,否
1951,备件,40038984,阀芯密封+2个法兰密封 ,VS-051-AF-001/气动对夹蝶阀LKBF- ø,备件,套,,,,,0,已启用,,,212.39,否,否
1952,备件,40038983,轴承带座,82213SS,备件,套,,,,,0,已启用,,,513.27,否,否
1953,备件,40038982,轴承带座,SSBFL207,备件,套,,,,,0,已启用,,,70.80,否,否
1954,备件,40038980,机械密封,9611922570,备件,个,,,,,0,已启用,,,3716.81,否,否
1955,备件,40038979,浮球液位开关,IP68 10(8)A 250V,备件,个,,,,,0,已启用,,,554.65,否,否
1956,备件,40038978,轴承防护罩,安装孔距94mm,备件,个,,,,,0,已启用,,,5.31,否,否
1957,备件,40038977,轴承防护罩,安装孔距100mm,备件,个,,,,,0,已启用,,,6.64,否,否
1958,备件,40038976,轴承防护罩,安装孔距115mm,备件,个,,,,,0,已启用,,,8.63,否,否
1959,备件,40038975,轴承防护罩,安装孔距130mm,备件,个,,,,,0,已启用,,,9.56,否,否
1960,备件,40038973,气缸,CG1DN40TF-40Z,备件,个,,,,,0,已启用,,,323.63,否,否
1961,备件,40038972,轴流风扇）,NTF2-9225（AC,备件,台,,,,,0,已启用,,,26.02,否,否
1962,备件,40038971,快接端子,213/一进二出,备件,个,,,,,0,已启用,,,0.72,否,否
1963,备件,40038970,快接端子,SPL-1/一进一出,备件,个,,,,,0,已启用,,,0.89,否,否
1964,备件,40038968,O型圈/食品级,Ф20*3.5,备件,个,,,,,0,已启用,,,1.04,否,否
1965,备件,40038966,电感式接近开关,IGS279,备件,个,,,,,0,已启用,,,415.04,否,否
1966,备件,40038964,压力变送器,0-1bar/PM1708/APv,备件,个,,,,,0,已启用,,,3443.37,否,否
1967,备件,40038963,卷尺,91314A/5M*19MM,备件,个,,,,,0,已启用,0.000,,12.00,否,否
1968,备件,40038962,低压验电笔,62501/长145mm,备件,支,,,,,0,已启用,0.000,,9.00,否,否
1969,备件,40038961,重型橡胶静音轮,100*32,备件,个,,,,,0,已启用,0.000,,7.00,否,否
1970,备件,40038960,气管,"PAN-MF-10X1,25-SW",备件,米,,,,,0,已启用,,,20.80,否,否
1971,备件,40038959,重型卧式液压千斤顶,97813 -2.5公吨,备件,个,,,,,0,已启用,,,961.06,否,否
1972,备件,40038958,骨架油封,45*62*8,备件,个,,,,,0,已启用,,,9.11,否,否
1973,备件,40038956,高压风机,SCB70 3.0KW/,备件,台,,,,,0,已启用,,,4035.40,否,否
1974,备件,40038955,光栅,THS20-28-JB-L2,备件,套,,,,,0,已启用,0.000,,1398.00,否,否
1975,备件,40038953,游标卡尺,91501,备件,把,,,,,0,已启用,,,175.22,否,否
1976,备件,40038950,耐高温骨架油封,BAU3*2  25*42*7,备件,个,,,,,0,已启用,,,31.86,否,否
1977,备件,40038948,机械密封,9611922503,备件,个,,,,,0,已启用,,,2191.15,否,否
1978,备件,40038947,机械密封,9611922487,备件,个,,,,,0,已启用,,,2171.68,否,否
1979,备件,40038946,机械密封,9611922454,备件,个,,,,,0,已启用,,,2102.66,否,否
1980,备件,40038944,机械密封,9611927037,备件,个,,,,,0,已启用,,,2212.39,否,否
1981,备件,40038943,机械密封,9611927067,备件,个,,,,,0,已启用,,,1727.43,否,否
1982,备件,40038942,滤芯,HP0392M25ANP01,备件,个,,,,,0,已启用,,,743.36,否,否
1983,备件,40038941,滤芯,ESB11B03XME,备件,个,,,,,0,已启用,,,176.99,否,否
1984,备件,40038940,油压检测开关,1655305,备件,个,,,,,0,已启用,,,1653.09,否,否
1985,备件,40038919,火焰检测传感器,667R0800-11,备件,个,,,,,0,已启用,,,1207.97,否,否
1986,备件,40038918,平衡阀密封套件,9611920218,备件,套,,,,,0,已启用,,,2314.16,否,否
1987,备件,40038917,阀芯密封 , VS-051-AF-002/手动螺焊蝶阀LKBF- ø51,备件,个,,,,,0,已启用,,,212.39,否,否
1988,备件,40038916,阀芯密封+2个法兰密封,气动对夹蝶阀LKBF- ø63.5,备件,套,,,,,0,已启用,,,243.36,否,否
1989,备件,40038790,抱匝式连接件,清溪DN80,备件,件,,,,,0,已启用,,,26.55,否,否
1990,备件,40038782,氧化铝砂布,100#,备件,张,,,,,0,已启用,,,0.67,否,否
1991,备件,40038779,管式曝气器,清溪65-800mm,备件,件,,,,,0,已启用,,,88.50,否,否
1992,备件,40038777,UV灯管玻璃套管,直径23.5mm*壁厚1.5mm*长1580mm,备件,根,,,,,0,已启用,,,159.29,否,否
1993,备件,40038776,手持电钻,GSB120,备件,把,,,,,0,已启用,,,424.51,否,否
1994,备件,40038772,气动震动器,GT10 （配消音器）,备件,个,,,,,0,已启用,,,101.77,否,否
1995,备件,40038767,幕墙胶,,备件,支,,,,,0,已启用,,,26.55,否,否
1996,备件,40038766,氧化铝砂布,320#,备件,张,,,,,0,已启用,,,0.81,否,否
1997,备件,40038763,气管弯头,KQ2L08-02AS,备件,个,,,,,0,已启用,,,10.62,否,否
1998,备件,40038749,承插式转子流量计,DN50，1.6-16m3,备件,个,,,,,0,已启用,,,309.73,否,否
1999,备件,40038747,U-PVC活接,φ32,备件,个,,,,,0,已启用,,,5.31,否,否
2000,备件,40038746,U-PVC弯头,φ32,备件,个,,,,,0,已启用,,,2.66,否,否
2001,备件,40038744,U-PVC活接,φ50,备件,个,,,,,0,已启用,,,10.62,否,否
2002,备件,40038743,U-PVC弯头,φ50,备件,个,,,,,0,已启用,,,5.31,否,否
2003,备件,40038742,U-PVC直接,φ50,备件,个,,,,,0,已启用,,,2.65,否,否
2004,备件,40038741,U-PVC胶水,120克/瓶,备件,瓶,,,,,0,已启用,,,4.43,否,否
2005,备件,40038739,骨架油封,25*32*4,备件,个,,,,,0,已启用,,,6.50,否,否
2006,备件,40038738,骨架油封,35*47*7,备件,个,,,,,0,已启用,,,11.15,否,否
2007,备件,40038737,骨架油封,32*42*7,备件,个,,,,,0,已启用,,,3.24,否,否
2008,备件,40038734,气动组件,MS6-FRM-1/2-A4,备件,个,,,,,0,已启用,,,115.05,否,否
2009,备件,40038733,气动组件,MS6-LR-1/2-D6-AS,备件,个,,,,,0,已启用,,,168.14,否,否
2010,备件,40038732,气动组件,MS6-LFR-1/2-D6-C-R-V-AS,备件,个,,,,,0,已启用,,,318.59,否,否
2011,备件,40038731,气动组件,MS6-FRM-1/2,备件,个,,,,,0,已启用,,,79.65,否,否
2012,备件,40038730,气动组件,MS6-EE-1/2-10V24-S-SA ,备件,个,,,,,0,已启用,,,1199.12,否,否
2013,备件,40038728,CFT伺服电机,2-0050241,备件,台,,,,,0,已启用,,,21959.47,否,否
2014,备件,40038722,CFT同步齿形带,ECID00-00048BELT 2C2R20878,备件,米,,,,,0,已启用,,,1303.32,否,否
2015,备件,40038721,CFT关节轴承,PK010018131,备件,个,,,,,0,已启用,,,499.41,否,否
2016,备件,40038720,CFT气缸底座,PK010021398,备件,个,,,,,0,已启用,,,444.67,否,否
2017,备件,40038719,CFT膜架制动盘,PK01000197,备件,个,,,,,0,已启用,,,2131.18,否,否
2018,备件,40038718,CFT成型单元高度和宽度电机联轴器,PK010004597,备件,个,,,,,0,已启用,,,4423.61,否,否
2019,备件,40038717,带座轴承,PK010000180,备件,个,,,,,0,已启用,,,987.41,否,否
2020,备件,40038716,吸纸皮长轴主动齿轮,PK010004243,备件,个,,,,,0,已启用,,,2207.85,否,否
2021,备件,40038715,CFT吸纸皮长轴从动齿轮,PK010004234,备件,个,,,,,0,已启用,,,2713.96,否,否
2022,备件,40038706,活接密封,白硅胶SMS133,备件,个,,,,,0,已启用,,,3.40,否,否
2023,备件,40038705,活接密封,白硅胶SMS108,备件,个,,,,,0,已启用,,,3.90,否,否
2024,备件,40038704,活接密封,白硅胶SMS102,备件,个,,,,,0,已启用,,,2.45,否,否
2025,备件,40038703,活接密封,白硅胶SMS89,备件,个,,,,,0,已启用,,,1.97,否,否
2026,备件,40038702,活接密封,白硅胶SMS76,备件,个,,,,,0,已启用,,,1.78,否,否
2027,备件,40038701,活接密封,白硅胶SMS63,备件,个,,,,,0,已启用,,,1.61,否,否
2028,备件,40038699,活接密封,白硅胶SMS45,备件,个,,,,,0,已启用,,,1.32,否,否
2029,备件,40038698,活接密封,白硅胶SMS38,备件,个,,,,,0,已启用,,,1.11,否,否
2030,备件,40038697,活接密封,白硅胶SMS32,备件,个,,,,,0,已启用,,,1.00,否,否
2031,备件,40038573,活接密封,白硅胶SMS25,备件,个,,,,,0,已启用,,,0.84,否,否
2032,备件,40038559,CFT流量指示器,2-2950421,备件,件,,,,,0,已启用,,,5722.27,否,否
2033,备件,40038552,CFT上转塔水密封,2-2350158,备件,件,,,,,0,已启用,,,679.43,否,否
2034,备件,40038551,CFT水密封弹簧,2-1550032,备件,件,,,,,0,已启用,,,1703.74,否,否
2035,备件,40038550,CFT压头轴轴承, 5C600044792,备件,件,,,,,0,已启用,,,3830.88,否,否
2036,备件,40038542,5微米滤袋,PEF-5,备件,个,,,,,0,已启用,,,236.50,否,否
2037,备件,40038541,止回阀阀芯密封圈,78*58.5*5.4,备件,个,,,,,0,已启用,,,39.82,否,否
2038,备件,40038540,指示灯红色,AD16-22D/S AC220V,备件,个,,,,,0,已启用,,,10.62,否,否
2039,备件,40038539,指示灯绿色,AD16-22D/S AC220V,备件,个,,,,,0,已启用,,,10.62,否,否
2040,备件,40038538,剂量泵,C0806PP1000A001,备件,个,,,,,0,已启用,,,849.56,否,否
2041,备件,40038537,CPU模块,6ES7215-1HG40-0XB0,备件,个,,,,,0,已启用,,,3097.35,否,否
2042,备件,40038536,模拟量输出模块,6ES7135-6HD00-0BA1,备件,个,,,,,0,已启用,,,2159.29,否,否
2043,备件,40038535,开关量输出模块,6ES7132-6BF01-0BA0,备件,个,,,,,0,已启用,,,814.16,否,否
2044,备件,40038534,开关量输入模块,6ES7131-6BF01-0BA0,备件,个,,,,,0,已启用,,,392.04,否,否
2045,备件,40038533,开关量输出模块,6ES7136-6DB00-0CA0,备件,个,,,,,0,已启用,,,3561.95,否,否
2046,备件,40038532,开关量输入模块,6ES7136-6BA00-0CA0,备件,个,,,,,0,已启用,,,2495.58,否,否
2047,备件,40038531,快装取样阀, 19mm,备件,个,,,,,0,已启用,,,53.10,否,否
2048,备件,40038530,电子整流器,,备件,个,,,,,0,已启用,,,19.98,否,否
2049,备件,40038529,白色防锈漆,,备件,桶,,,,,0,已启用,,,148.67,否,否
2050,备件,40038527,不锈钢金属软管,1/2外丝*1200mm,备件,根,,,,,0,已启用,,,48.15,否,否
2051,备件,40038526,车间照明吊灯,LED 200W,备件,个,,,,,0,已启用,,,138.00,否,否
2052,备件,40038521,继电器,RT424024,备件,个,,,,,0,已启用,,,8.85,否,否
2053,备件,40038520,特氟龙胶布,0.16mm*100mm*10m 耐高温,备件,卷,,,,,0,已启用,,,27.44,否,否
2054,备件,40038519,电缆,RVV4*4mm²/铜芯软线,备件,米,,,,,0,已启用,,,17.35,否,否
2055,备件,40038518,电缆,污水泵专用电源线/三相四线1.5平方10米,备件,根,,,,,0,已启用,,,97.35,否,否
2056,备件,40038512,伺服电机,HG-SN152BJ-S100,备件,台,,,,,0,已启用,,,5286.72,否,否
2057,备件,40038510,编码器,nemicon,备件,个,,,,,0,已启用,,,676.99,否,否
2058,备件,40038509,电动头阀针,1457,备件,个,,,,,0,已启用,,,3345.14,否,否
2059,备件,40038494,骨架油封,35*62*7,备件,个,,,,,0,已启用,,,14.60,否,否
2060,备件,40038493,骨架油封,70*100*10,备件,个,,,,,0,已启用,,,16.00,否,否
2061,备件,40038492,氟橡胶O型密封圈,Φ2.62X10000（长10米）,备件,根,,,,,0,已启用,,,35.40,否,否
2062,备件,40038490,六角胶垫,,备件,个,,,,,0,已启用,,,9.00,否,否
2063,备件,40038488,轴承,32009X4T-32009X,备件,个,,,,,0,已启用,,,132.75,否,否
2064,备件,40038487,轴承,32307 A,备件,个,,,,,0,已启用,,,237.17,否,否
2065,备件,40038319,CFT压头轴轴承, 2-1150064,备件,件,,,,,0,已启用,,,2815.08,否,否
2066,备件,40038318,CFT环,5-0050473,备件,件,,,,,0,已启用,,,33669.62,否,否
2067,备件,40038316,CFT减速机,5-4620001,备件,件,,,,,0,已启用,0.000,,28866.00,否,否
2068,备件,40038003,带托架隔板, Y300T-A,备件,个,,,,,0,已启用,,,31.86,否,否
2069,备件,40038002,过滤减压阀, AW30-02BG-A,备件,个,,,,,0,已启用,,,253.10,否,否
2070,备件,40038001,油雾分离器,（进出口配Φ8气接头）/ AFM30-02-A,备件,个,,,,,0,已启用,,,159.29,否,否
2071,备件,40038000,主动轮,MPBST6003640,备件,个,,,,,0,已启用,,,119.47,否,否
2072,备件,40037999,小节距滚珠网板链,LBP610AG1UP0425,备件,米,,,,,0,已启用,,,2212.39,否,否
2073,备件,40037924,模块化网带,&quot;NGE2124FT-K200VG,备件,盒,,,,,0,已启用,,,7061.95,否,否
2074,备件,40037923,模块化网带,&quot;NGE2124FT-K134VG,备件,盒,,,,,0,已启用,,,4070.80,否,否
2075,备件,40037921,多功能钻头,3/4/5/6/8/10MM,备件,套,,,,,0,已启用,,,14.60,否,否
2076,备件,40037920,安全继电器,PNOZ c1 24VDC 3n/o 1n/c 710001,备件,个,,,,,0,已启用,,,621.24,否,否
2077,备件,40037919,轴承座(轴承）/,UCF-207,备件,个,,,,,0,已启用,,,150.44,否,否
2078,备件,40037918,安全继电器,RLY3-OSSD100,备件,个,,,,,0,已启用,,,530.97,否,否
2079,备件,40037917,阀球,1035-86/适用A10AA隔膜泵,备件,个,,,,,0,已启用,,,42.48,否,否
2080,备件,40037916,O型圈,1034-86/适用A10AA隔膜泵,备件,个,,,,,0,已启用,,,30.97,否,否
2081,备件,40037915,阀座,1033-81/适用A10AA隔膜泵,备件,个,,,,,0,已启用,,,48.67,否,否
2082,备件,40037914,潜水泵,50WQ9-22-2.2F/污水,备件,台,,,,,0,已启用,,,1890.27,否,否
2083,备件,40037913,不锈钢普通压力表,0-3MPa，表盘直径75mm，轴向1/4螺纹 防震,备件,个,,,,,0,已启用,,,198.02,否,否
2084,备件,40037912,不锈钢普通压力表,0-1.6MPa，表盘直径100mm，隔膜盘直径65mm,备件,个,,,,,0,已启用,,,657.52,否,否
2085,备件,40037911,普通压力表,0-2.5MPa，表盘100mm 径向M20螺纹,备件,个,,,,,0,已启用,,,107.96,否,否
2086,备件,40037909,不锈钢普通压力表,0-1.6MPa，表盘直径100mm，隔膜盘直径50.5mm防,备件,个,,,,,0,已启用,,,175.22,否,否
2087,备件,40037908,普通压力表,0-1.MPa，表盘100mm 径向M20螺纹,备件,个,,,,,0,已启用,,,34.60,否,否
2088,备件,40037907,吸糖机真空管,160x2550,备件,根,,,,,0,已启用,,,8119.47,否,否
2089,备件,40037906,温度变送器,SP-SBWZ-2441,备件,个,,,,,0,已启用,,,690.27,否,否
2090,备件,40037905,IO-link主站,AL1202,备件,个,,,,,0,已启用,,,5026.55,否,否
2091,备件,40037904,阀岛电接口,VAEM-L1-S-24-PT 573940,备件,个,,,,,0,已启用,,,407.08,否,否
2092,备件,40037903,压力检测开关,PI2789,备件,个,,,,,0,已启用,,,4315.22,否,否
2093,备件,40037902,温度探头,TMR35,备件,个,,,,,0,已启用,,,1792.04,否,否
2094,备件,40037901,安全光幕,J3BTRXLE/R,备件,对,,,,,0,已启用,,,5469.03,否,否
2095,备件,40037779,变频器,6SL3210-1KE14-3AF2,备件,台,,,,,0,已启用,,,2404.96,否,否
2096,备件,40037776,轴承,6005RS,备件,个,,,,,0,已启用,,,20.64,否,否
2097,备件,40037775,轴承,6004RS,备件,个,,,,,0,已启用,,,18.23,否,否
2098,备件,40037774,轴承,6003RS,备件,个,,,,,0,已启用,,,16.69,否,否
2099,备件,40037773,轴承,6208RZ,备件,个,,,,,0,已启用,,,59.74,否,否
2100,备件,40037772,轴承,6207RZ,备件,个,,,,,0,已启用,,,43.81,否,否
2101,备件,40037771,轴承,6206RZ,备件,个,,,,,0,已启用,0.000,,26.00,否,否
2102,备件,40037770,轴承,6205RZ,备件,个,,,,,0,已启用,0.000,,21.00,否,否
2103,备件,40037769,轴承,6204RZ,备件,个,,,,,0,已启用,,,17.36,否,否
2104,备件,40037767,骨架油封,100*120*12A,备件,个,,,,,0,已启用,,,22.13,否,否
2105,备件,40037766,骨架油封,50*80*8 A,备件,个,,,,,0,已启用,,,15.04,否,否
2106,备件,40037763,O型密封圈,孔径113.9*线径3.53,备件,个,,,,,0,已启用,,,8.41,否,否
2107,备件,40037762,O型密封圈,孔径120.2*线径3.53,备件,个,,,,,0,已启用,,,8.41,否,否
2108,备件,40037761,O型密封圈,&quot;孔径69.22*线径5.35,备件,个,,,,,0,已启用,,,8.41,否,否
2109,备件,40037759,O型圈,104,备件,个,,,,,0,已启用,,,20.36,否,否
2110,备件,40037758,O型圈,103,备件,个,,,,,0,已启用,,,18.58,否,否
2111,备件,40037757,O型圈,102,备件,个,,,,,0,已启用,,,25.66,否,否
2112,备件,40037756,O型圈,100,备件,个,,,,,0,已启用,,,23.01,否,否
2113,备件,40037743,平嘴钳,,备件,把,,,,,0,已启用,,,57.52,否,否
2114,备件,40037742,石墨盘根,5*5mm,备件,米,,,,,0,已启用,,,4.43,否,否
2115,备件,40037740,轴承带座,FL004(U004),备件,个,,,,,0,已启用,,,42.48,否,否
2116,备件,40037739,电磁阀,SY7120-5DZ-02F-Q,备件,个,,,,,0,已启用,,,353.99,否,否
2117,备件,40037738,骨架油封,45*62*8/冷却机,备件,个,,,,,0,已启用,,,4.43,否,否
2118,备件,40037737,操作面板,LCP11 132B0100,备件,个,,,,,0,已启用,,,126.55,否,否
2119,备件,40037736,消音器,UC-1/8 161419,备件,个,,,,,0,已启用,,,19.47,否,否
2120,备件,40037735,保险丝,陶瓷/R054/250V/0.5A,备件,个,,,,,0,已启用,,,0.44,否,否
2121,备件,40037734,控制开关,卷帘门用/带保护外盒,备件,个,,,,,0,已启用,,,27.43,否,否
2122,备件,40037733,压扣开关,BS230B 7.5KW,备件,个,,,,,0,已启用,,,44.25,否,否
2123,备件,40037732,灭蝇灯灯管,F8T5 BL 长300mm 直径15mm,备件,根,,,,,0,已启用,,,13.27,否,否
2124,备件,40037731,伺服驱动器,MR-J4-100B4-RJ,备件,个,,,,,0,已启用,,,10088.50,否,否
2125,备件,40037729,配电柜门锁,MS818/黑色方型单,备件,个,,,,,0,已启用,,,9.29,否,否
2126,备件,40037728,冲水阀,85mm*150mm/按压式,备件,个,,,,,0,已启用,,,25.83,否,否
2127,备件,40037723,通讯模块,6ES7193-6AR00-0AA0,备件,个,,,,,0,已启用,,,402.65,否,否
2128,备件,40037722,模拟量输入模块,6ES7134-6JD00-0CA1,备件,个,,,,,0,已启用,,,2170.80,否,否
2129,备件,40037721,开关量输出模块,6ES7222-1BF32-0XB0,备件,个,,,,,0,已启用,,,641.59,否,否
2130,备件,40037720,CPU模块,6ES7214-1AG40-0XB0,备件,个,,,,,0,已启用,,,2380.53,否,否
2131,备件,40037679,CPU模块,6ES7512-1DK01-0AB0,备件,个,,,,,0,已启用,,,8296.46,否,否
2132,备件,40037678,面板齿轮,Z25,备件,个,,,,,0,已启用,,,88.50,否,否
2133,备件,40037677,活接密封垫,64.2*48.2*5.3*2,备件,个,,,,,0,已启用,,,70.80,否,否
2134,备件,40037674,气缸,CG1DN32TF-60Z,备件,个,,,,,0,已启用,,,230.09,否,否
2135,备件,40037600,LID STORE盖仓（红牛）,5S5600073,备件,件,,,,,0,已启用,,,43439.94,否,否
2136,备件,40037470,高硼紫外线灯管,WY-高硼紫外线灯管 T5 10W,备件,根,,,,,0,已启用,,,31.86,否,否
2137,备件,40037469,401胶水,,备件,支,,,,,0,已启用,,,5.75,否,否
2138,备件,40037468,轴流风扇,120*25 220V,备件,个,,,,,0,已启用,,,92.12,否,否
2139,备件,40037467,消音器,UC-1/4  165004,备件,个,,,,,0,已启用,,,23.01,否,否
2140,备件,40037466,手阀开关,BUC-08,备件,个,,,,,0,已启用,0.000,,8.00,否,否
2141,备件,40037465,手阀开关,BUC-06,备件,个,,,,,0,已启用,,,7.74,否,否
2142,备件,40037464,扎带,7.6*300/自锁式/黑色尼龙,备件,包,,,,,0,已启用,,,9.03,否,否
2143,备件,40037463,扎带,4.8*250/自锁式/黑色尼龙,备件,包,,,,,0,已启用,,,10.55,否,否
2144,备件,40037462,扎带,3.6*250/自锁式/黑色尼龙,备件,包,,,,,0,已启用,,,7.33,否,否
2145,备件,40037461,扎带,2.5*150/自锁式/黑色尼龙,备件,包,,,,,0,已启用,,,12.18,否,否
2146,备件,40037460,温度传感器,PT100/两芯/M12螺纹/探头长度100mm,备件,个,,,,,0,已启用,,,100.00,否,否
2147,备件,40037456,通讯模块,6ES7 155-6AR00-0AN0,备件,个,,,,,0,已启用,,,3296.46,否,否
2148,备件,40037455,CPU模块,6ES7 288-1SR60-0AA0,备件,个,,,,,0,已启用,,,1792.04,否,否
2149,备件,40037454,开关量输入输出模块,6ES7 288-2DT32-0AA0,备件,个,,,,,0,已启用,,,1138.94,否,否
2150,备件,40037453,开关量输入模块,6ES7 131-6BH01-0BA0,备件,个,,,,,0,已启用,,,586.73,否,否
2151,备件,40037452,开关量输出模块,6ES7 132-6BH01-0BA0,备件,个,,,,,0,已启用,,,796.46,否,否
2152,备件,40037451,开关量输出模块,6ES7 288-2QR16-0AA0,备件,个,,,,,0,已启用,,,641.59,否,否
2153,备件,40037450,模拟量输入模块,6ES7 288-3AM06-0AA0,备件,个,,,,,0,已启用,,,1138.94,否,否
2154,备件,40037449,模拟量输出模块,6ES7 288-3AQ04-0AA0,备件,个,,,,,0,已启用,,,1106.19,否,否
2155,备件,40037448,模拟量输入模块,6ES7 134-6GD01-0BA1,备件,个,,,,,0,已启用,,,1769.91,否,否
2156,备件,40037447,再生电阻,MR-RB30,备件,个,,,,,0,已启用,,,1336.28,否,否
2157,备件,40037446,电机,830720106,备件,台,,,,,0,已启用,,,1371.68,否,否
2158,备件,40037442,压头,RE-GCZH-D206,备件,个,,,,,0,已启用,,,778.76,否,否
2159,备件,40037439,整流器,RL2-800-2/75,备件,个,,,,,0,已启用,,,183.15,否,否
2160,备件,40037327,气动隔膜泵,A10AAGGA-BY,备件,台,,,,,0,已启用,,,1823.01,否,否
2161,备件,40037326,熔断器,F200mA 250V,备件,个,,,,,0,已启用,,,1.29,否,否
2162,备件,40037325,闭门器,WM02703 JG/T286,备件,个,,,,,0,已启用,,,192.92,否,否
2163,备件,40037324,伺服光纤电缆,MR-J3BUS03M,备件,根,,,,,0,已启用,,,35.40,否,否
2164,备件,40037322,减速机,TL090 - 020,备件,台,,,,,0,已启用,,,1982.30,否,否
2165,备件,40037321,减速机,PEII090速比20：1,备件,台,,,,,0,已启用,,,1982.30,否,否
2166,备件,40037320,减速机,PEII090速比20：1,备件,台,,,,,0,已启用,,,2433.63,否,否
2167,备件,40037319,减速机,PEII090速比25：1,备件,台,,,,,0,已启用,,,2433.63,否,否
2168,备件,40037316,不锈钢高压耐高温水枪,,备件,个,,,,,0,已启用,,,356.64,否,否
2169,备件,40037315,HUB转发器,8000-84470-0000000,备件,个,,,,,0,已启用,,,592.92,否,否
2170,备件,40037314,轴承座,PA205,备件,个,,,,,0,已启用,,,22.12,否,否
2171,备件,40037313,轴承座,F208,备件,个,,,,,0,已启用,,,24.78,否,否
2172,备件,40037312,轴承座,F210,备件,个,,,,,0,已启用,,,30.97,否,否
2173,备件,40037311,气缸,MNR：0822121004,备件,个,,,,,0,已启用,,,451.33,否,否
2174,备件,40037310,LED灯,玉米节能灯/14W,备件,个,,,,,0,已启用,,,11.69,否,否
2175,备件,40037309,快接端子,SPL-42,备件,个,,,,,0,已启用,,,1.91,否,否
2176,备件,40037308,快接端子,SPL-3C,备件,个,,,,,0,已启用,,,1.23,否,否
2177,备件,40037307,快接端子,SPL-2C,备件,个,,,,,0,已启用,,,1.29,否,否
2178,备件,40037306,中间继电器,RXM2AB2P7 AC219V,备件,个,,,,,0,已启用,,,28.76,否,否
2179,备件,40037303,不锈钢宝塔内丝接头,1/4*19,备件,个,,,,,0,已启用,,,8.85,否,否
2180,备件,40037302,锁芯,开孔直径22,备件,个,,,,,0,已启用,,,5.18,否,否
2181,备件,40037300,不锈钢金属软管,&quot;3/4*1200耐100度高温,备件,根,,,,,0,已启用,,,38.94,否,否
2182,备件,40037154,电机接线柱/接线柱,M4*20mm/输送线体,备件,个,,,,,0,已启用,,,17.70,否,否
2183,备件,40037153,双色液位计,B49X2.5-350L,备件,个,,,,,0,已启用,,,849.56,否,否
2184,备件,40037152,玻璃板液位计,B2.5-TG350,备件,个,,,,,0,已启用,,,566.37,否,否
2185,备件,40037150,温控器,E5CC-RX3DSM-000,备件,个,,,,,0,已启用,,,485.84,否,否
2186,备件,40037140,沉头内六角螺栓,M4*15,备件,个,,,,,0,已启用,,,0.10,否,否
2187,备件,40037135,沉头内六角螺栓,M3*15,备件,个,,,,,0,已启用,,,0.06,否,否
2188,备件,40037134,钥匙自复位开关,M22-K10/两常开,备件,个,,,,,0,已启用,,,13.27,否,否
2189,备件,40037133,触摸屏,6AV2 124-0GC01-0AX0,备件,台,,,,,0,已启用,,,5827.43,否,否
2190,备件,40037132,压力传感器,SPAU-P16R-T-R14M-L-PNLK-PNVBA,备件,个,,,,,0,已启用,,,488.50,否,否
2191,备件,40037131,位置反馈器,1434000Z1A1430001030,备件,个,,,,,0,已启用,,,3991.15,否,否
2192,备件,40037089,链条半接头,12B-1,备件,个,,,,,0,已启用,,,7.79,否,否
2193,备件,40037088,电磁阀,JSY3140-5LOZ,备件,个,,,,,0,已启用,,,253.42,否,否
2194,备件,40037086,气缸,CP96SDB40-100C,备件,个,,,,,0,已启用,,,339.82,否,否
2195,备件,40037085,熔断器保险丝,RT18-32/10A,备件,个,,,,,0,已启用,,,1.19,否,否
2196,备件,40037084,熔断器保险丝,RT18-32/6A,备件,个,,,,,0,已启用,,,1.19,否,否
2197,备件,40037083,熔断器保险丝,RT18-32/5A,备件,个,,,,,0,已启用,,,0.71,否,否
2198,备件,40037082,黄油喷雾剂,HHS2000,备件,瓶,,,,,0,已启用,,,75.13,否,否
2199,备件,40037079,开关电源,SDR-240-24,备件,个,,,,,0,已启用,,,407.08,否,否
2200,备件,40036989,沉头内六角螺栓,M4*20,备件,个,,,,,0,已启用,,,0.11,否,否
2201,备件,40036980,ALfa Laval蝶阀密封,LKB-2 DIN NW80 ,备件,个,,,,,0,已启用,,,309.73,否,否
2202,备件,40036969,ALfa Laval蝶阀密封,"LKB ISO 63,5 ",备件,个,,,,,0,已启用,,,243.36,否,否
2203,备件,40036968,ALfa Laval蝶阀密封,LKB ISO 51 ,备件,个,,,,,0,已启用,,,234.51,否,否
2204,备件,40036961,阀门填料绳,6*6,备件,米,,,,,0,已启用,,,3.19,否,否
2205,备件,40036949,气缸,MNR:0822123014,备件,个,,,,,0,已启用,,,1539.83,否,否
2206,备件,40036948,气缸,MNR:0822122002,备件,个,,,,,0,已启用,,,828.32,否,否
2207,备件,40036947,气缸,MNR:0822123010,备件,个,,,,,0,已启用,,,1210.62,否,否
2208,备件,40036946,气缸,MNR:0822122006,备件,个,,,,,0,已启用,,,897.35,否,否
2209,备件,40036945,气缸,MNR:R412019848,备件,个,,,,,0,已启用,,,530.97,否,否
2210,备件,40036944,气缸,MNR:0822123002,备件,个,,,,,0,已启用,,,987.61,否,否
2211,备件,40036943,轴承座轴承,FL002 K002,备件,套,,,,,0,已启用,,,32.21,否,否
2212,备件,40036942,白钢刀,12*12*200,备件,把,,,,,0,已启用,,,58.85,否,否
2213,备件,40036941,O型密封圈,25×3.5,备件,个,,,,,0,已启用,,,0.72,否,否
2214,备件,40036940,CFT密封,5-3700655,备件,个,,,,,0,已启用,,,691.25,否,否
2215,备件,40036939,CFT密封,5-3700654,备件,个,,,,,0,已启用,,,691.24,否,否
2216,备件,40036938,CFT密封,5-3700653,备件,个,,,,,0,已启用,,,691.25,否,否
2217,备件,40036937,CFT密封,5-3700645,备件,个,,,,,0,已启用,,,691.24,否,否
2218,备件,40036934,急停防护罩,F22-12,备件,个,,,,,0,已启用,,,7.80,否,否
2219,备件,40036929,三通旋塞阀,双头4分内丝全铜高压加厚,备件,个,,,,,0,已启用,,,19.12,否,否
2220,备件,40036928,金属防护网罩,120x120mm/120系列风机用,备件,个,,,,,0,已启用,,,3.26,否,否
2221,备件,40036927,气管接头,AS3001F-10/管道型/节流阀,备件,个,,,,,0,已启用,,,24.53,否,否
2222,备件,40036926,气管接头,AS2051F-08/管道型/节流阀,备件,个,,,,,0,已启用,,,28.09,否,否
2223,备件,40036925,气管接头,AS2001F-06/管道型/节流阀,备件,个,,,,,0,已启用,,,19.63,否,否
2224,备件,40036924,石墨垫圈, DN150,备件,个,,,,,0,已启用,,,9.56,否,否
2225,备件,40036923,石墨垫圈,DN125,备件,个,,,,,0,已启用,,,7.97,否,否
2226,备件,40036922,石墨垫圈,DN100,备件,个,,,,,0,已启用,,,6.37,否,否
2227,备件,40036921,石墨垫圈, DN80,备件,个,,,,,0,已启用,,,3.56,否,否
2228,备件,40036920,石墨垫圈,DN65,备件,个,,,,,0,已启用,,,4.14,否,否
2229,备件,40036919,石墨垫圈, DN50,备件,个,,,,,0,已启用,,,3.19,否,否
2230,备件,40036918,石墨垫圈, DN40,备件,个,,,,,0,已启用,,,2.66,否,否
2231,备件,40036917,石墨垫圈,DN25,备件,个,,,,,0,已启用,,,1.59,否,否
2232,备件,40036916,石墨垫圈, DN15,备件,个,,,,,0,已启用,,,1.22,否,否
2233,备件,40036915,不锈钢对丝, 120 *3/4,备件,个,,,,,0,已启用,,,4.78,否,否
2234,备件,40036914,不锈钢三通,44989,备件,个,,,,,0,已启用,,,6.90,否,否
2235,备件,40036913,卡套式不锈钢球阀, ₵10,备件,个,,,,,0,已启用,,,61.59,否,否
2236,备件,40036912,三通接头,₵14,备件,个,,,,,0,已启用,,,24.53,否,否
2237,备件,40036911,硅胶密封垫白色耐高温,₵159,备件,个,,,,,0,已启用,,,4.57,否,否
2238,备件,40036909,硅胶密封垫白色耐高温,₵108,备件,个,,,,,0,已启用,,,2.97,否,否
2239,备件,40036906,硅胶密封垫白色耐高温,₵57,备件,个,,,,,0,已启用,,,1.49,否,否
2240,备件,40036905,硅胶密封垫白色耐高温,₵45,备件,个,,,,,0,已启用,,,1.38,否,否
2241,备件,40036903,硅胶密封垫白色耐高温,₵32,备件,个,,,,,0,已启用,,,1.27,否,否
2242,备件,40036901,硅胶密封垫白色耐高温,₵18,备件,个,,,,,0,已启用,,,0.97,否,否
2243,备件,40036900,硅胶密封垫白色耐高温,₵14,备件,个,,,,,0,已启用,,,0.80,否,否
2244,备件,40036899,不锈钢球阀两端内丝, 1寸,备件,个,,,,,0,已启用,,,60.00,否,否
2245,备件,40036898,不锈钢球阀两端内丝, 3/4,备件,个,,,,,0,已启用,,,43.75,否,否
2246,备件,40036897,不锈钢球阀两端内丝, 1/4,备件,个,,,,,0,已启用,,,31.12,否,否
2247,备件,40036896,不锈钢球阀两端内丝, 1/2,备件,个,,,,,0,已启用,,,39.19,否,否
2248,备件,40036894,管卡,M32/骑马卡,备件,个,,,,,0,已启用,,,0.44,否,否
2249,备件,40036893,管卡,M25/骑马卡,备件,个,,,,,0,已启用,,,0.35,否,否
2250,备件,40036892,管卡,M20/骑马卡,备件,个,,,,,0,已启用,,,0.31,否,否
2251,备件,40036891,管卡,M16/骑马卡,备件,个,,,,,0,已启用,,,0.27,否,否
2252,备件,40036872,固定支架,2-2050056,备件,件,,,,,0,已启用,,,247.64,否,否
2253,备件,40036871,吸入器,2-3150243,备件,件,,,,,0,已启用,,,2101.71,否,否
2254,备件,40036870,带座轴承,QUADRA UCF204C D20/2-1250061,备件,件,,,,,0,已启用,,,505.87,否,否
2255,备件,40036869,气缸,2C2R20867/,备件,件,,,,,0,已启用,,,1308.78,否,否
2256,备件,40036858,机械密封,TDS-28/BSE4,备件,个,,,,,0,已启用,,,191.15,否,否
2257,备件,40036737,抛光羊毛轮,6*40圆柱,备件,个,,,,,0,已启用,,,69.91,否,否
2258,备件,40036614,贷式过滤器不锈钢快装隔膜压力表,0—1MPa，表盘Φ70mm，隔膜盘Φ50.5m,备件,个,,,,,0,已启用,,,302.70,否,否
2259,备件,40036613,普通压力表,0—1MPa，Φ100mm，螺纹M20,备件,个,,,,,0,已启用,,,213.67,否,否
2260,备件,40036612,普通压力表,0—1.6MPa，Φ100mm，螺纹M20,备件,个,,,,,0,已启用,,,226.38,否,否
2261,备件,40036611,不锈钢快装隔膜压力表,0—1.6MPa，Φ100mm，隔膜Φ65,备件,个,,,,,0,已启用,,,283.19,否,否
2262,备件,40036610,不锈钢普通压力表,0—1.6MPa，Φ100mm，螺纹M20,备件,个,,,,,0,已启用,,,72.12,否,否
2263,备件,40036609,中间继电器,220V/JZX-22F 4Z,备件,个,,,,,0,已启用,,,17.25,否,否
2264,备件,40036608,防爆荧光灯,YM  40/80W AC:220V,备件,个,,,,,0,已启用,,,75.40,否,否
2265,备件,40036606,锁钳式注油嘴,,备件,个,,,,,0,已启用,,,71.68,否,否
2266,备件,40036605,白尼龙单轮片,,备件,个,,,,,0,已启用,,,20.53,否,否
2267,备件,40036604,紧链器,100-200,备件,个,,,,,0,已启用,,,76.11,否,否
2268,备件,40036602,气管接头,3/4*10,备件,个,,,,,0,已启用,,,12.83,否,否
2269,备件,40036601,气管接头,3/4*12,备件,个,,,,,0,已启用,,,9.65,否,否
2270,备件,40036600,气管接头,3/4*16,备件,个,,,,,0,已启用,,,10.62,否,否
2271,备件,40036596,不锈钢螺栓,M10*35,备件,个,,,,,0,已启用,,,1.15,否,否
2272,备件,40036595,抛光羊毛轮,3*20锥形,备件,个,,,,,0,已启用,,,5.31,否,否
2273,备件,40036594,不锈钢抛光腊,205*60,备件,个,,,,,0,已启用,,,38.50,否,否
2274,备件,40036593,钛钴螺旋丝锥,M12,备件,根,,,,,0,已启用,,,107.97,否,否
2275,备件,40036592,钛钴螺旋丝锥,M10,备件,根,,,,,0,已启用,,,76.99,否,否
2276,备件,40036591,钛钴螺旋丝锥,M8,备件,根,,,,,0,已启用,,,60.17,否,否
2277,备件,40036590,钛钴螺旋丝锥,M6,备件,根,,,,,0,已启用,,,41.77,否,否
2278,备件,40036589,钛钴螺旋丝锥,M5,备件,根,,,,,0,已启用,,,38.76,否,否
2279,备件,40036588,钛钴螺旋丝锥,M4,备件,根,,,,,0,已启用,,,37.79,否,否
2280,备件,40036586,声光报警器,SF513/DC24V,备件,个,,,,,0,已启用,,,305.31,否,否
2281,备件,40036581,光电开关反光板/,60mm*20mm,备件,个,,,,,0,已启用,,,37.79,否,否
2282,备件,40036580,LED平板灯,300*300 HK-20W AC220V,备件,个,,,,,0,已启用,,,26.02,否,否
2283,备件,40036579,暗盒修复器,通用,备件,个,,,,,0,已启用,,,3.54,否,否
2284,备件,40036578,紫外线灯管整流器,UVPH 11-220-800-87NL ,备件,个,,,,,0,已启用,,,331.86,否,否
2285,备件,40036577,整流器,CQ-FGQ-SW50W600 AC:100-240V,备件,个,,,,,0,已启用,,,345.13,否,否
2286,备件,40036576,氟橡胶O型密封,21.3*1.78,备件,个,,,,,0,已启用,,,0.00,否,否
2287,备件,40036575,氟橡胶骨架油封,15*21*3 ,备件,个,,,,,0,已启用,,,7.08,否,否
2288,备件,40036572,食品级润滑脂,FGL-2 ,备件,支,,,,,0,已启用,,,255.75,否,否
2289,备件,40036567,耐高温润滑脂,XHP222 ,备件,瓶,,,,,0,已启用,,,133.63,否,否
2290,备件,40036566,停止按钮,3SU1400-1AA10-1BA0,备件,个,,,,,0,已启用,,,79.65,否,否
2291,备件,40036565,启动按钮,3SU1400-1AA10-1BA0,备件,个,,,,,0,已启用,,,79.65,否,否
2292,备件,40036563,急停按钮,3SU1400-1AA10-1BA0,备件,个,,,,,0,已启用,,,79.65,否,否
2293,备件,40036561,加长不锈钢镊子,480MM ,备件,个,,,,,0,已启用,,,24.86,否,否
2294,备件,40036560,SIEMENS进罐星轮减速电机,1FK7084-2AF71-1RA,备件,台,,,,,0,已启用,,,31893.81,否,否
2295,备件,40036488,阀门限位开关,GEMU1230000ZA001031101101,备件,个,,,,,0,已启用,,,1668.14,否,否
2296,备件,40036486,蝶阀密封,DN25,备件,个,,,,,0,已启用,,,168.14,否,否
2297,备件,40036485,传递窗电源线,直径14mm 3A 250V ,备件,根,,,,,0,已启用,,,37.17,否,否
2298,备件,40036484,伺服电机6芯动力连接器,195088,备件,根,,,,,0,已启用,,,1553.10,否,否
2299,备件,40036288,直道链板,1001-84MM ,备件,M,,,,,0,已启用,,,175.36,否,否
2300,备件,40036287,直道链板,820 k325 sh325,备件,M,,,,,0,已启用,,,92.65,否,否
2301,备件,40036284,LED灯,8W 6500K 220V/50HZ,备件,个,,,,,0,已启用,,,9.73,否,否
2302,备件,40036281,LED导轨射灯,PAK413369,备件,个,,,,,0,已启用,,,132.75,否,否
2303,备件,40036280,骨架油封,25X40X7,备件,个,,,,,0,已启用,,,6.64,否,否
2304,备件,40036279,拍盖头,5-2850217,备件,个,,,,,0,已启用,,,1984.12,否,否
2305,备件,40036277,顶出器杆,5-0200073,备件,根,,,,,0,已启用,,,2804.43,否,否
2306,备件,40036276,黄油液位检测传感器,LMT110 ,备件,个,,,,,0,已启用,,,1500.00,否,否
2307,备件,40036275,长皮带传动轴,PK010022685,备件,根,,,,,0,已启用,,,19051.05,否,否
2308,备件,40036274,短皮带传动轴,PK010021583,备件,根,,,,,0,已启用,,,17823.60,否,否
2309,备件,40036273,安全门开关,6025059/i12-SB213,备件,个,,,,,0,已启用,,,176.99,否,否
2310,备件,40036272,灭蝇灯管,F15W T8UVA  BL365nm,备件,根,,,,,0,已启用,,,16.81,否,否
2311,备件,40036271,电子镇流器,,备件,套,,,,,0,已启用,,,14.16,否,否
2312,备件,40036270,DB9空心针公头,,备件,个,,,,,0,已启用,,,2.66,否,否
2313,备件,40036269,保险管,5X20  10A,备件,盒,,,,,0,已启用,,,9.29,否,否
2314,备件,40036263,厌氧型平面密封胶,510,备件,支,,,,,0,已启用,,,66.37,否,否
2315,备件,40036262,U型卡,M6*25*70,备件,个,,,,,0,已启用,,,4.42,否,否
2316,备件,40036261,硅胶密封垫,4分 外径19*内径11,备件,个,,,,,0,已启用,,,0.27,否,否
2317,备件,40036239,高温气管,₵14,备件,米,,,,,0,已启用,,,37.17,否,否
2318,备件,40036088,三相异步电动机,DRN80M4/0.75KW/1400r/min ,备件,台,,,,,0,已启用,,,5964.60,否,否
2319,备件,40036087,传感器连接器,EVC153,备件,个,,,,,0,已启用,,,112.39,否,否
2320,备件,40036086,传感器连接器,EVC150,备件,个,,,,,0,已启用,,,112.39,否,否
2321,备件,40036085,传感器连接器,EVC142,备件,个,,,,,0,已启用,,,126.55,否,否
2322,备件,40036084,传感器连接器,EVC141,备件,个,,,,,0,已启用,,,108.85,否,否
2323,备件,40036082,报警专用警号,ES-626 DC:24V/15W,备件,个,,,,,0,已启用,,,31.85,否,否
2324,备件,40036081,两脚插头,10A,备件,个,,,,,0,已启用,,,2.76,否,否
2325,备件,40036080,三脚插头,10A,备件,个,,,,,0,已启用,,,4.96,否,否
2326,备件,40036079,导轨式纯铜件电压端子,UK16N,备件,个,,,,,0,已启用,,,2.48,否,否
2327,备件,40036078,旋钮开关,XB2-BD21,备件,个,,,,,0,已启用,,,4.87,否,否
2328,备件,40036077,内六角,4mm,备件,件,,,,,0,已启用,,,2.83,否,否
2329,备件,40036076,内六角,5mm,备件,件,,,,,0,已启用,,,3.10,否,否
2330,备件,40036072,304卡套直通终端,ZG1/2-￠8 ,备件,个,,,,,0,已启用,,,8.85,否,否
2331,备件,40036070,304喷嘴,HVV1/4 ,备件,个,,,,,0,已启用,,,6.45,否,否
2332,备件,40036069,304六角内丝,2分  ,备件,个,,,,,0,已启用,,,6.91,否,否
2333,备件,40036067,304外六角带边堵头,G1/4 ,备件,个,,,,,0,已启用,,,11.89,否,否
2334,备件,40036066,304卡套内丝直通,G1/4-￠8 ,备件,个,,,,,0,已启用,,,10.98,否,否
2335,备件,40036065,轴承,6211,备件,个,,,,,0,已启用,,,163.72,否,否
2336,备件,40036064,机械密封,204-60  ,备件,个,,,,,0,已启用,,,2477.88,否,否
2337,备件,40036063,骨架油封,60*80*10  ,备件,个,,,,,0,已启用,,,17.00,否,否
2338,备件,40036062,骨架油封,65*80*10 ,备件,个,,,,,0,已启用,,,15.12,否,否
2339,备件,40036061,304不锈钢扁钢,110mm*5mm ,备件,米,,,,,0,已启用,,,167.26,否,否
2340,备件,40036060,包装机吸盘,ARVF53-1 ,备件,个,,,,,0,已启用,,,125.66,否,否
2341,备件,40036058,国产压头,RE-GC-D206  ,备件,个,,,,,0,已启用,0.000,,778.00,否,否
2342,备件,40036057,氟橡胶Ｏ型密封圈,55.25*2.62  ,备件,个,,,,,0,已启用,,,3.10,否,否
2343,备件,40036056,氟橡胶Ｏ密封圈,82.5*1.8,备件,个,,,,,0,已启用,,,3.00,否,否
2344,备件,40036055,氟橡胶Ｏ型密封圈,12*1.0 ,备件,个,,,,,0,已启用,,,0.91,否,否
2345,备件,40036054,氟橡胶Ｏ型密封圈,23.5*1.78,备件,个,,,,,0,已启用,,,1.39,否,否
2346,备件,40036053,氟橡胶骨架油封,40*50*4 ,备件,个,,,,,0,已启用,,,7.52,否,否
2347,备件,40036052,油封,55*70*8 ,备件,个,,,,,0,已启用,,,12.20,否,否
2348,备件,40036051,三相异步电动机/,SA47 DRN90S4/1.1KW ,备件,台,,,,,0,已启用,,,6495.58,否,否
2349,备件,40036050,卧式多级离心泵,CMF4-40T-A-W-G-BQBE /0.75K ,备件,台,,,,,0,已启用,,,779.65,否,否
2350,备件,40036049,316不锈钢卫生管,外径￠28  ,备件,个,,,,,0,已启用,,,39.82,否,否
2351,备件,40036041,三相异步电动机,DRN90S4/1.1KW /1455r/min,备件,台,,,,,0,已启用,,,7840.71,否,否
2352,备件,40036040,三相异步电动机,SA47 DRN80M4/ 0.75KW/101r/min,备件,台,,,,,0,已启用,,,6504.42,否,否
2353,备件,40036039,三相异步电动机,SA47 DRN90S4 /1.1KW /50r/min,备件,台,,,,,0,已启用,,,7840.71,否,否
2354,备件,40036037,三相异步电动机,DRN90S4/1.1KW /1455r/min,备件,台,,,,,0,已启用,,,7840.71,否,否
2355,备件,40036036,三相异步电动机,SA47 DRN80M40/0.75KW/119r/min,备件,台,,,,,0,已启用,0.000,,6504.00,否,否
2356,备件,40036035,伺服电机,IEC 60034-1/ 0.55KW /1365r/mi,备件,台,,,,,0,已启用,,,61327.43,否,否
2357,备件,40036034,三相异步电动机,SA37/T /0.55KW/1435r/min,备件,台,,,,,0,已启用,,,5672.57,否,否
2358,备件,40036033,三相异步电动机,DS71M4/0.55KW 1380r/min,备件,台,,,,,0,已启用,,,2486.73,否,否
2359,备件,40036032,三相异步电动机,DS71S4 /0.37KW/ 1380r/min,备件,台,,,,,0,已启用,,,2380.53,否,否
2360,备件,40036031,三相异步电动机,DS80S4/ 0.75KW /1400r/min,备件,台,,,,,0,已启用,,,4730.09,否,否
2361,备件,40036026,卡剥克林除胶剂,,备件,箱,,,,,0,已启用,,,530.98,否,否
2362,备件,40036025,APEX减速机, PEII120 ,备件,台,,,,,0,已启用,,,3791.37,否,否
2363,备件,40036024,包装机吸盘,ARVF53,备件,个,,,,,0,已启用,,,125.66,否,否
2364,备件,40036023,光电开关反光板,35mm X42mm  ,备件,个,,,,,0,已启用,,,9.03,否,否
2365,备件,40036022,电池,CR17335A  3V,备件,个,,,,,0,已启用,,,38.94,否,否
2366,备件,40036021,减震橡胶棒/,￠21,备件,根,,,,,0,已启用,,,24.78,否,否
2367,备件,40036020,EPE珍珠绵套管,36*20*8  ,备件,M,,,,,0,已启用,,,7.70,否,否
2368,备件,40036016,防滑螺母,152926,备件,个,,,,,0,已启用,,,16.16,否,否
2369,备件,40036015,三孔喷嘴/喷嘴,"HM,3孔30度夹角，.020DIA）",备件,个,,,,,0,已启用,,,857.41,否,否
2370,备件,40036014,轴承,UC210  ,备件,个,,,,,0,已启用,0.000,,432.00,否,否
2371,备件,40036013,关节轴承,CM8 M8  ,备件,个,,,,,0,已启用,,,141.59,否,否
2372,备件,40036012,关节轴承,M8  ,备件,个,,,,,0,已启用,,,176.99,否,否
2373,备件,40036011,关节轴承,M10*1.25  ,备件,个,,,,,0,已启用,,,203.54,否,否
2374,备件,40036010,轴承带座,UC210  ,备件,套,,,,,0,已启用,,,200.00,否,否
2375,备件,40036009,轴承带座,FL005 ,备件,个,,,,,0,已启用,,,44.25,否,否
2376,备件,40036008,轴承带座,FL006 ,备件,套,,,,,0,已启用,,,47.89,否,否
2377,备件,40036007,不锈钢双排滚子链条全接头,10B-2CL ,备件,个,,,,,0,已启用,,,5.31,否,否
2378,备件,40036006,单排滚子链条半接头,10A-1-OL ,备件,个,,,,,0,已启用,,,2.99,否,否
2379,备件,40036005,单排滚子链条全接头,10A-1-CL ,备件,个,,,,,0,已启用,,,2.10,否,否
2380,备件,40036004,不锈钢双排滚子链条,10B-2 ,备件,件,,,,,0,已启用,,,84.07,否,否
2381,备件,40036003,单排滚子链条,10A-1,备件,件,,,,,0,已启用,,,46.37,否,否
2382,备件,40036002,不锈钢双排滚子链条,08B-2 ,备件,盒,,,,,0,已启用,,,221.24,否,否
2383,备件,40036001,不锈钢双排金属滚子链条,10A-2 ,备件,盒,,,,,0,已启用,,,265.49,否,否
2384,备件,40036000,三菱伺服电机防水电源线插头,4孔 18-10 ,备件,个,,,,,0,已启用,,,75.22,否,否
2385,备件,40035979,三菱伺服电机刹车线插头,2芯DDK ,备件,个,,,,,0,已启用,,,75.22,否,否
2386,备件,40035978,三菱伺服电机编码器线,MR-J3ENCBL3M-A1-L ,备件,根,,,,,0,已启用,,,75.22,否,否
2387,备件,40035977,三菱伺服电机刹车线,MR-BKS1CBL3M-A1-L ,备件,根,,,,,0,已启用,,,48.67,否,否
2388,备件,40035976,三菱伺服电机线,MR-PWS1CBL3M-A1-L ,备件,根,,,,,0,已启用,,,66.37,否,否
2389,备件,40035975,APEX减速机,ATB140FC  ,备件,台,,,,,0,已启用,,,10752.21,否,否
2390,备件,40035973,配料泵,I-CP2020 ,备件,台,,,,,0,已启用,,,21061.95,否,否
2391,备件,40035972,物料泵,LKH-20 /APV,备件,台,,,,,0,已启用,,,23008.85,否,否
2392,备件,40035793,紫外线灯管,TUV36T5 75W 4P.SE,备件,根,,,,,0,已启用,,,141.59,否,否
2393,备件,40035704,MPFILTRI滤芯,HP0392,备件,个,,,,,0,已启用,,,585.13,否,否
2394,备件,40035703,SMC真空发生器,ZL3H04/300L,备件,个,,,,,0,已启用,,,2938.05,否,否
2395,备件,40035700,不锈钢单排滚子链条,06B-1,备件,件,,,,,0,已启用,,,70.80,否,否
2396,备件,40035637,齿轮油,Lubriplate SFGO ULTRA 100,备件,桶,,,,,0,已启用,,,5318.97,否,否
2397,备件,40035635,伺服电机,三菱HG-SR1024,备件,台,,,,,0,已启用,,,6328.32,否,否
2398,备件,40035633,气管直接接头,1/2/-12,备件,个,,,,,0,已启用,,,7.43,否,否
2399,备件,40035632,不锈钢304焊接单头丝接头,1/2,备件,个,,,,,0,已启用,,,7.52,否,否
2400,备件,40035624,隔膜单向阀,CONC0806计量泵适配 ,备件,个,,,,,0,已启用,,,486.73,否,否
2401,备件,40035623,排气口加热电缆,940.105C.01,备件,个,,,,,0,已启用,,,6150.44,否,否
2402,备件,40035621,编码器电缆,940.2065,备件,个,,,,,0,已启用,,,6681.42,否,否
2403,备件,40035619,排气口加热器,940.105C,备件,个,,,,,0,已启用,,,15309.73,否,否
2404,备件,40035618,标准喷嘴,0.03/940.651.003,备件,个,,,,,0,已启用,,,4690.27,否,否
2405,备件,40035615,过滤器滤芯,816933SS,备件,个,,,,,0,已启用,,,690.00,否,否
2406,备件,40035614,吸盘密封件,816421-EB,备件,个,,,,,0,已启用,,,2079.65,否,否
2407,备件,40035613,手动蝶阀,Φ63.5,备件,个,,,,,0,已启用,,,495.58,否,否
2408,备件,40035612,手动蝶阀,Φ89,备件,个,,,,,0,已启用,,,973.45,否,否
2409,备件,40035611,手动蝶阀,Φ133,备件,个,,,,,0,已启用,,,1592.92,否,否
2410,备件,40035610,密封垫,Φ25,备件,个,,,,,0,已启用,,,1.20,否,否
2411,备件,40035609,密封垫,Φ38,备件,个,,,,,0,已启用,,,1.40,否,否
2412,备件,40035607,密封垫,Φ63.5,备件,个,,,,,0,已启用,,,4.42,否,否
2413,备件,40035606,密封垫,Φ76,备件,个,,,,,0,已启用,,,2.61,否,否
2414,备件,40035605,密封垫,Φ89,备件,个,,,,,0,已启用,,,2.89,否,否
2415,备件,40035603,密封垫,Φ133,备件,个,,,,,0,已启用,,,4.45,否,否
2416,备件,40035602,卡箍,Φ25,备件,个,,,,,0,已启用,,,19.47,否,否
2417,备件,40035601,卡箍,Φ38,备件,个,,,,,0,已启用,,,960.18,否,否
2418,备件,40035600,卡箍,Φ51,备件,个,,,,,0,已启用,,,8.85,否,否
2419,备件,40035599,卡箍,Φ63.5,备件,个,,,,,0,已启用,,,30.98,否,否
2420,备件,40035598,卡箍,Φ76,备件,个,,,,,0,已启用,,,33.63,否,否
2421,备件,40035597,卡箍,Φ89,备件,个,,,,,0,已启用,,,35.40,否,否
2422,备件,40035596,卡箍/,Φ133,备件,个,,,,,0,已启用,,,70.80,否,否
2423,备件,40035595,机械密封,204B-60,备件,个,,,,,0,已启用,,,2477.88,否,否
2424,备件,40035594,人孔密封圈,800快开人孔,备件,个,,,,,0,已启用,,,188.79,否,否
2425,备件,40035593,人孔密封圈,500快开人孔,备件,个,,,,,0,已启用,,,119.47,否,否
2426,备件,40035592,人孔密封圈,450快开人孔 ,备件,个,,,,,0,已启用,,,88.50,否,否
2427,备件,40035591,压力传感器探头,二线制 0~0.05MPa 螺纹G1/2外螺纹,备件,个,,,,,0,已启用,,,530.97,否,否
2428,备件,40035590,压力传感器探头,二线制 0~0.04MPa 螺纹G1/2外螺纹,备件,个,,,,,0,已启用,,,530.97,否,否
2429,备件,40035589,温度计探头,二线制 0-100℃ 沉入式 探头长1m DN25,备件,个,,,,,0,已启用,,,1007.96,否,否
2430,备件,40035588,温度计探头,二线制 0-100℃ G1/2外螺纹 探头长100mm,备件,个,,,,,0,已启用,,,821.24,否,否
2431,备件,40035586,链条,150T/D-250T/D 规格：ZP-I-1200-1,备件,条,,,,,0,已启用,,,929.20,否,否
2432,备件,40035585,气动泵膜片,1/2寸，特氟龙膜片,备件,个,,,,,0,已启用,,,584.07,否,否
2433,备件,40035583,机械密封,50WQ15-8-1.1（I）铸铁,备件,个,,,,,0,已启用,,,146.02,否,否
2434,备件,40035582,机械密封,"50WQ15-8-1.1F,SS304",备件,个,,,,,0,已启用,,,146.02,否,否
2435,备件,40035581,机械密封,KB-40022NBH-CCH，FRPP,备件,个,,,,,0,已启用,,,995.58,否,否
2436,备件,40035580,机械密封,KB-50032NBH-CCH，FRPP,备件,个,,,,,0,已启用,,,995.58,否,否
2437,备件,40035579,机械密封,50WQ25-22-4F  SS304 ,备件,个,,,,,0,已启用,,,212.39,否,否
2438,备件,40035574,板式换热器密封,产品板换 M6M/钛板 0.6mm/10T/h,备件,套,,,,,0,已启用,,,18584.07,否,否
2439,备件,40035573,机械密封/热水循环热水泵,i-CP2010/160 15T/30M3KW,备件,套,,,,,0,已启用,,,1101.86,否,否
2440,备件,40035572,机械密封/产品离心泵,LKH-20/162 10T/35M3KW,备件,套,,,,,0,已启用,,,3716.81,否,否
2441,备件,40035571,气动换向阀密封套件,i-SSV 21 ø51,备件,套,,,,,0,已启用,,,783.19,否,否
2442,备件,40035570,平衡阀密封套件,CPMI-2 51 KV23,备件,套,,,,,0,已启用,,,2206.20,否,否
2443,备件,40035569,气动头,气动对夹蝶阀LKBF- ø51,备件,个,,,,,0,已启用,,,1327.44,否,否
2444,备件,40035568,法兰密封,气动对夹蝶阀 LKBF- ø25,备件,个,,,,,0,已启用,,,176.99,否,否
2445,备件,40035567,阀芯密封,气动对夹蝶阀LKBF- ø25,备件,个,,,,,0,已启用,,,160.40,否,否
2446,备件,40035566,法兰密封,气动对夹蝶阀 LKBF- ø51,备件,个,,,,,0,已启用,,,398.23,否,否
2447,备件,40035565,阀芯密封,气动对夹蝶阀LKBF- ø51 ,备件,个,,,,,0,已启用,,,398.23,否,否
2448,备件,40035562,主动轮,CMT027821604,备件,件,,,,,0,已启用,,,107.96,否,否
2449,备件,40035561,小节距网板链,610AGUP0510,备件,米,,,,,0,已启用,,,1222.12,否,否
2450,备件,40035560,小节距网板链,610AGUP0595,备件,米,,,,,0,已启用,,,1371.68,否,否
2451,备件,40035559,免润滑直道链板,1600BG1 D2K 0425,备件,米,,,,,0,已启用,,,791.15,否,否
2452,备件,40035558,免润滑直道链板,1600BG1 D2K 0340,备件,米,,,,,0,已启用,,,604.42,否,否
2453,备件,40035556,免润滑弯道链板,D2K 783M K83.8,备件,米,,,,,0,已启用,,,281.42,否,否
2454,备件,40035555,压力调节阀,Ø8mm*1/4 AS2201F-02-08SA,备件,个,,,,,0,已启用,,,41.17,否,否
2455,备件,40035554,气管三通接头,Ø8mm,备件,个,,,,,0,已启用,,,12.67,否,否
2456,备件,40035553,气缸/CD85N20-80C-B /包装机,CD85N20-80C-B ,备件,个,,,,,0,已启用,,,287.51,否,否
2457,备件,40035552,压力传感器,PN2594,备件,个,,,,,0,已启用,,,2168.14,否,否
2458,备件,40035551,三相滤波器,FN3258-16-44,备件,个,,,,,0,已启用,,,1637.17,否,否
2459,备件,40035550,光电开关,WL250-2P24316 044 699,备件,个,,,,,0,已启用,,,570.80,否,否
2460,备件,40035549,变径三通,Ø6-8mm,备件,个,,,,,0,已启用,,,15.40,否,否
2461,备件,40035548,气缸,MGPL25-50Z ,备件,个,,,,,0,已启用,,,586.12,否,否
2462,备件,40035547,8袋式组合工具腰包,95213,备件,个,,,,,0,已启用,,,64.60,否,否
2463,备件,40035544,工作腰带,95215,备件,个,,,,,0,已启用,,,24.86,否,否
2464,备件,40035541,热过载继电器,JRS1-09-25 18-25A,备件,个,,,,,0,已启用,,,18.58,否,否
2465,备件,40035540,热过载继电器,JRS1-09-25 7-10A,备件,个,,,,,0,已启用,,,16.37,否,否
2466,备件,40035539,辅助触点,F4-11,备件,个,,,,,0,已启用,,,5.31,否,否
2467,备件,40035538,辅助触点,F4-22,备件,个,,,,,0,已启用,,,8.69,否,否
2468,备件,40035537,交流接触器,CJX2-0910,备件,个,,,,,0,已启用,,,24.78,否,否
2469,备件,40035534,指示灯 红,XB2BVB4LC 24V,备件,个,,,,,0,已启用,,,12.83,否,否
2470,备件,40035533,指示灯 绿,XB2BVB3LC 24V,备件,个,,,,,0,已启用,,,12.83,否,否
2471,备件,40035531,端子保险,ASK1/EN LD 1D 24V 带指示灯,备件,个,,,,,0,已启用,,,17.26,否,否
2472,备件,40035521,小型断路器,IC65N D 4A/1P,备件,个,,,,,0,已启用,,,52.21,否,否
2473,备件,40035520,小型断路器,IC65N D 6A/1P,备件,个,,,,,0,已启用,,,36.00,否,否
2474,备件,40035519,小型断路器,IC65N D 10A/1P,备件,个,,,,,0,已启用,,,25.34,否,否
2475,备件,40035518,电磁阀,5V210-08 DC:24V,备件,个,,,,,0,已启用,,,46.02,否,否
2476,备件,40035517,接触器,LC1N0910 线圈电压：AC:220V,备件,个,,,,,0,已启用,,,37.79,否,否
2477,备件,40035516,接触器,LC1N1810 线圈电压：AC:220V,备件,个,,,,,0,已启用,,,50.44,否,否
2478,备件,40035515,接触器,LC1N1210 线圈电压：AC:220V,备件,个,,,,,0,已启用,,,40.98,否,否
2479,备件,40035514,接触器,LC1N3210 线圈电压：AC:220V,备件,个,,,,,0,已启用,,,72.57,否,否
2480,备件,40035513,断路器,IC65N-C20A 2P,备件,个,,,,,0,已启用,,,56.64,否,否
2481,备件,40035512,断路器,IC65N-D25A 3P,备件,个,,,,,0,已启用,,,123.89,否,否
2482,备件,40035510,主机电源,NDR240-24 /AC:220 ,备件,台,,,,,0,已启用,,,259.29,否,否
2483,备件,40035509,模块/三菱,R60DA4,备件,个,,,,,0,已启用,,,1506.19,否,否
2484,备件,40035507,模块/三菱,RY41PT1P,备件,个,,,,,0,已启用,,,1356.64,否,否
2485,备件,40035506,CPU/三菱,R04ENCPU(CC-LINK IE),备件,个,,,,,0,已启用,,,5465.49,否,否
2486,备件,40035505,熔断器保险丝,10X38 690V 32A,备件,个,,,,,0,已启用,,,1.33,否,否
2487,备件,40035504,熔断器保险丝,14X51 690V 50A,备件,个,,,,,0,已启用,,,2.83,否,否
2488,备件,40035503,开关电源,XCSW121C,备件,个,,,,,0,已启用,,,2048.67,否,否
2489,备件,40035502,旋钮开关,LA38-11X/21,备件,个,,,,,0,已启用,,,9.73,否,否
2490,备件,40035501,绿色按钮,AD16-22DS,备件,个,,,,,0,已启用,,,4.25,否,否
2491,备件,40035500,红色按钮,LA38 -11DN,备件,个,,,,,0,已启用,,,12.39,否,否
2492,备件,40035499,微型断路器,iC65N 3P D63A,备件,个,,,,,0,已启用,,,169.03,否,否
2493,备件,40035498,微型断路器,iC65N 3P D40A,备件,个,,,,,0,已启用,,,127.44,否,否
2494,备件,40035497,微型断路器,iC65N 3P D16A,备件,个,,,,,0,已启用,,,114.16,否,否
2495,备件,40035496,断路器,GV2-ME16C/9-14A ,备件,个,,,,,0,已启用,,,97.35,否,否
2496,备件,40035490,气缸,CP96SDB32-80C ,备件,个,,,,,0,已启用,,,269.22,否,否
2497,备件,40035488,变频器,ACS510-01-017A-4,备件,台,,,,,0,已启用,,,2619.47,否,否
2498,备件,40035487,微型断路器,GV2ME08C,备件,个,,,,,0,已启用,,,141.59,否,否
2499,备件,40035486,微型断路器,GV2ME07C,备件,个,,,,,0,已启用,,,141.59,否,否
2500,备件,40035485,三位开关,XB2BD33C=ZB2BD3C+ZB2BZ103C,备件,个,,,,,0,已启用,,,26.55,否,否
2501,备件,40035484,绿色带灯按钮,XB2BW33B1C=ZB2BW33C+ZB2BWB31C,备件,个,,,,,0,已启用,,,30.98,否,否
2502,备件,40035483,中间继电器,24V/RXM2LB2BD,备件,个,,,,,0,已启用,,,17.70,否,否
2503,备件,40035482,交流接触器,LC1-D09M7C,备件,个,,,,,0,已启用,,,53.10,否,否
2504,备件,40035481,交流接触器,LC1-D18M7C,备件,个,,,,,0,已启用,,,75.22,否,否
2505,备件,40035480,交流接触器,LC1-D38M7C,备件,个,,,,,0,已启用,,,132.74,否,否
2506,备件,40035479,交流接触器,LC1-D50M7C,备件,个,,,,,0,已启用,,,243.36,否,否
2507,备件,40035478,微型断路器,iC65N 1P D10A,备件,个,,,,,0,已启用,,,30.97,否,否
2508,备件,40035477,微型断路器,GV2ME20C,备件,个,,,,,0,已启用,,,150.45,否,否
2509,备件,40035476,微型断路器,GV2ME16C,备件,个,,,,,0,已启用,,,146.02,否,否
2510,备件,40035475,微型断路器,GV2ME14C,备件,个,,,,,0,已启用,,,141.59,否,否
2511,备件,40035474,微型断路器,GV2ME10C,备件,个,,,,,0,已启用,,,141.59,否,否
2512,备件,40035473,塑壳开关,NSX250N 3P3D,备件,个,,,,,0,已启用,,,1358.41,否,否
2513,备件,40035472,断路器,GV2-ME20C/13-18A,备件,个,,,,,0,已启用,,,150.44,否,否
2514,备件,40035471,小型断路器,C65H-DC  C 4A/1P,备件,个,,,,,0,已启用,,,75.22,否,否
2515,备件,40035469,变频器,FC-051P2K2T4E20H 2.2KW AC:380V,备件,台,,,,,0,已启用,,,1486.73,否,否
2516,备件,40035468,变频器,FC-051P3K0T4E20H 3KW AC:380V,备件,台,,,,,0,已启用,,,1796.46,否,否
2517,备件,40035467,热过载继电器,LRN14 7-10A,备件,个,,,,,0,已启用,,,44.25,否,否
2518,备件,40035466,热过载继电器,LRN06 1-1.6A,备件,个,,,,,0,已启用,,,44.25,否,否
2519,备件,40035465,热过载继电器,LRN21 12-18A,备件,个,,,,,0,已启用,,,53.10,否,否
2520,备件,40035464,热过载继电器,LRN16 9-13A,备件,个,,,,,0,已启用,,,44.25,否,否
2521,备件,40035463,热过载继电器,LRN32 23-32A,备件,个,,,,,0,已启用,,,61.95,否,否
2522,备件,40035462,温度探头,TA2531/IFM,备件,个,,,,,0,已启用,,,1345.13,否,否
2523,备件,40035458,开关电源,150W-D-L,备件,个,,,,,0,已启用,,,168.14,否,否
2524,备件,40035457,开关电源,SE-600-48,备件,个,,,,,0,已启用,,,396.46,否,否
2525,备件,40035454,电源模块,三菱R61P,备件,个,,,,,0,已启用,,,619.47,否,否
2526,备件,40035452,轴编码器,CES582M-00032,备件,个,,,,,0,已启用,,,7929.20,否,否
2527,备件,40035451,继电器,RSS113024(线圈电压：DC:24V),备件,个,,,,,0,已启用,,,22.12,否,否
2528,备件,40035450,开关,MOE.T0-2-15679/I1/SVB-SW,备件,个,,,,,0,已启用,,,150.44,否,否
2529,备件,40035399,变频器,FC-051P3K0T4E20H3BXCXXXSXXX),备件,台,,,,,0,已启用,,,1796.46,否,否
2530,备件,40035398,模块,三菱RX41C4,备件,个,,,,,0,已启用,,,1004.42,否,否
2531,备件,40035397,模块,三菱RD77MS16,备件,个,,,,,0,已启用,,,9256.64,否,否
2532,备件,40035396,继电器,RSS113024(线圈电压：DC:24V),备件,个,,,,,0,已启用,,,22.12,否,否
2533,备件,40035395,伺服电机,三菱HG-KN43BK,备件,台,,,,,0,已启用,,,4225.66,否,否
2534,备件,40035394,伺服电机,三菱HG-KN73JK,备件,台,,,,,0,已启用,,,3840.71,否,否
2535,备件,40035384,轮子,2M0183819,备件,件,,,,,0,已启用,,,94.31,否,否
2536,备件,40035383,手柄,2M0183815,备件,件,,,,,0,已启用,,,177.55,否,否
2537,备件,40035382,弹簧,2M0183812,备件,件,,,,,0,已启用,,,961.72,否,否
2538,备件,40035381,刷子,2-3150299,备件,件,,,,,0,已启用,,,297.78,否,否
2539,备件,40035380,环,2-2351070,备件,件,,,,,0,已启用,,,96.51,否,否
2540,备件,40035379,绷带,2-2050055,备件,件,,,,,0,已启用,,,76.66,否,否
2541,备件,40035378,传感器,HHSEN9_SQ070,备件,件,,,,,0,已启用,,,865.21,否,否
2542,备件,40035377,光电管,HHFOT9_B0022,备件,件,,,,,0,已启用,,,3311.92,否,否
2543,备件,40035376,电缆,HHCON9_X0058,备件,件,,,,,0,已启用,,,1206.19,否,否
2544,备件,40035374,编码器,HHTRS9_BQ020,备件,件,,,,,0,已启用,,,17448.89,否,否
2545,备件,40035373,真空发生器,FGEN00_00012,备件,件,,,,,0,已启用,,,1272.64,否,否
2546,备件,40035372,气缸,GPOV00_00009,备件,件,,,,,0,已启用,,,1651.82,否,否
2547,备件,40035369,传感器,HHSEN9_SQ12 4,备件,件,,,,,0,已启用,,,2076.64,否,否
2548,备件,40035368,传感器,HHSEN9_SQ05 1,备件,件,,,,,0,已启用,,,1211.30,否,否
2549,备件,40035367,气缸,FCID00_00583,备件,件,,,,,0,已启用,,,2936.63,否,否
2550,备件,40035366,阀,2C2R15281,备件,件,,,,,0,已启用,,,1839.96,否,否
2551,备件,40035365,传感器,2C2R15280,备件,件,,,,,0,已启用,,,7635.81,否,否
2552,备件,40035364,气动阀,2-2551127,备件,件,,,,,0,已启用,,,2130.55,否,否
2553,备件,40035363,传感器,2-2801205  ,备件,件,,,,,0,已启用,,,6693.44,否,否
2554,备件,40035362,连接,Z0840176,备件,件,,,,,0,已启用,,,243.38,否,否
2555,备件,40035361,传感器,Z0840093  ,备件,件,,,,,0,已启用,,,1597.79,否,否
2556,备件,40035360,垫圈,2-2350947,备件,件,,,,,0,已启用,,,4351.03,否,否
2557,备件,40035359,喷嘴,2-2650065,备件,件,,,,,0,已启用,,,94.80,否,否
2558,备件,40035358,链条,2-0950287,备件,件,,,,,0,已启用,,,1351.00,否,否
2559,备件,40035356,驱动轮,16-90X90 POM/2-1100131,备件,件,,,,,0,已启用,,,334.89,否,否
2560,备件,40035355,输送带,2-0650085,备件,米,,,,,0,已启用,,,7865.56,否,否
2561,备件,40035354,喷嘴,5.057.03.0004,备件,件,,,,,0,已启用,,,466.07,否,否
2562,备件,40035353,喷嘴,5.057.03.0003,备件,件,,,,,0,已启用,,,262.12,否,否
2563,备件,40035352,电缆线,4.178.1.00007,备件,件,,,,,0,已启用,,,32689.85,否,否
2564,备件,40035351,电子阀,PK010016554,备件,件,,,,,0,已启用,,,1084.50,否,否
2565,备件,40035350,电子阀,PK010016553,备件,件,,,,,0,已启用,,,795.73,否,否
2566,备件,40035349,气源组件,PK010017742,备件,件,,,,,0,已启用,,,4540.38,否,否
2567,备件,40035348,光电管,PK010001161,备件,件,,,,,0,已启用,,,1940.59,否,否
2568,备件,40035346,传感器,PK010001311 ,备件,件,,,,,0,已启用,,,842.22,否,否
2569,备件,40035345,接头,PK010000590,备件,件,,,,,0,已启用,,,54.03,否,否
2570,备件,40035344,补偿器,PK010000614,备件,件,,,,,0,已启用,,,837.96,否,否
2571,备件,40035343,吸盘,PK010000641,备件,件,,,,,0,已启用,,,179.37,否,否
2572,备件,40035342,喷射器,PK010000362,备件,件,,,,,0,已启用,,,7112.90,否,否
2573,备件,40035338,小齿轮,PK010006397,备件,件,,,,,0,已启用,,,1292.72,否,否
2574,备件,40035337,气缸,PK010021413,备件,件,,,,,0,已启用,,,1088.15,否,否
2575,备件,40035334,电磁阀,PK010016553,备件,件,,,,,0,已启用,,,792.81,否,否
2576,备件,40035333,气缸,PK010018598,备件,件,,,,,0,已启用,,,764.95,否,否
2577,备件,40035332,电磁阀,PK010016554 ,备件,件,,,,,0,已启用,,,1080.61,否,否
2578,备件,40035331,气缸,PK010021399,备件,件,,,,,0,已启用,,,566.71,否,否
2579,备件,40035329,偏心圈,PK010005149,备件,件,,,,,0,已启用,,,411.43,否,否
2580,备件,40035328,传送板,PK010000638,备件,件,,,,,0,已启用,,,1023.32,否,否
2581,备件,40035326,轮子,PK010000691  ,备件,件,,,,,0,已启用,,,108.19,否,否
2582,备件,40035317,灌装阀宽边滤网,5-2450834,备件,件,,,,,0,已启用,,,328.16,否,否
2583,备件,40035311,垫圈,22.0*17.0*3.0/5-3700089,备件,件,,,,,0,已启用,,,178.52,否,否
2584,备件,40035309,灌装阀小座密封圈,12.0*7.0*3.0/5-3700086,备件,件,,,,,0,已启用,,,278.92,否,否
2585,备件,40035304,慢灌喇叭头,5-0370002,备件,件,,,,,0,已启用,,,1673.19,否,否
2586,备件,40035303,灌装阀隔膜片,5-0370001,备件,件,,,,,0,已启用,,,996.54,否,否
2587,备件,40035298,O型圈,2S2189687,备件,件,,,,,0,已启用,,,87.13,否,否
2588,备件,40035291,传感器,2-2850078,备件,件,,,,,0,已启用,,,341.82,否,否
2589,备件,40035290,齿形皮带,2-0600100,备件,件,,,,,0,已启用,,,227.15,否,否
2590,备件,40035285,CFT二道轮,6-9001160,备件,件,,,,,0,已启用,,,15117.00,否,否
2591,备件,40035284,CFT一道轮,6-9001159,备件,件,,,,,0,已启用,,,14810.00,否,否
2592,备件,40035283,红牛压头,5-4200965,备件,件,,,,,0,已启用,,,2095.87,否,否
2593,备件,40035280,减振,2S2175608,备件,件,,,,,0,已启用,,,249.22,否,否
2594,备件,40035279,传感器,2C270014576,备件,件,,,,,0,已启用,,,455.85,否,否
2595,备件,40035278,微动开关,2-2852121,备件,件,,,,,0,已启用,,,398.17,否,否
2596,备件,40035277,微动开关,2-2852120,备件,件,,,,,0,已启用,,,2419.68,否,否
2597,备件,40035275,螺母,5S5240005,备件,件,,,,,0,已启用,,,39.80,否,否
2598,备件,40035274,螺丝,5S5906092,备件,件,,,,,0,已启用,,,190.20,否,否
2599,备件,40035273,螺丝,5S5906090,备件,件,,,,,0,已启用,,,190.20,否,否
2600,备件,40035272,螺丝,5S5906089,备件,件,,,,,0,已启用,,,196.58,否,否
2601,备件,40035271,螺丝,5S5906006,备件,件,,,,,0,已启用,,,190.20,否,否
2602,备件,40035270,光电管,2-2850768,备件,件,,,,,0,已启用,,,512.68,否,否
2603,备件,40035269,O型圈,2S2186741,备件,件,,,,,0,已启用,,,5.12,否,否
2604,备件,40035268,接头,2-0450137,备件,件,,,,,0,已启用,,,7275.49,否,否
2605,备件,40035267,螺旋下盖器,5S5732041,备件,件,,,,,0,已启用,,,11322.26,否,否
2606,备件,40035266,轴承（三件套组合）,32009 V C12 UA/R01 FN4,备件,件,,,,,0,已启用,,,265.49,否,否
2607,备件,40035264,滑环,2-2350763,备件,件,,,,,0,已启用,,,58.41,否,否
2608,备件,40035263,油封环,2-2350149,备件,件,,,,,0,已启用,,,90.29,否,否
2609,备件,40035260,垫圈,2C213006150,备件,件,,,,,0,已启用,,,25.92,否,否
2610,备件,40035259,轮子,5-6650114,备件,件,,,,,0,已启用,,,879.82,否,否
2611,备件,40035258,枢轴,5-5000323,备件,件,,,,,0,已启用,,,1451.76,否,否
2612,备件,40035257,垫圈,2-2350162,备件,件,,,,,0,已启用,,,56.35,否,否
2613,备件,40035255,轮子,5-6650115,备件,件,,,,,0,已启用,,,879.82,否,否
2614,备件,40035254,枢轴,5-5000322,备件,件,,,,,0,已启用,,,1564.08,否,否
2615,备件,40035252,轴承,142101/K20X26X20V2,备件,件,,,,,0,已启用,,,29.73,否,否
2616,备件,40035249,轴承,KR30LLH/3AS,备件,件,,,,,0,已启用,,,84.07,否,否
2617,备件,40035247,O型圈,2S2188378,备件,件,,,,,0,已启用,,,14.73,否,否
2618,备件,40035246,O型圈,2S2186145,备件,件,,,,,0,已启用,,,6.94,否,否
2619,备件,40035245,弹簧,2S2180030,备件,件,,,,,0,已启用,,,69.36,否,否
2620,备件,40035240,轴承,7203,备件,件,,,,,0,已启用,,,97.34,否,否
2621,备件,40035239,骨架油封,25*35*4,备件,件,,,,,0,已启用,,,26.55,否,否
2622,备件,40035238,卡簧,2S2129154,备件,件,,,,,0,已启用,,,16.06,否,否
2623,备件,40035237,轮子,5S5672002,备件,件,,,,,0,已启用,,,1022.93,否,否
2624,备件,40035236,枢轴,5S5522010,备件,件,,,,,0,已启用,,,635.22,否,否
2625,备件,40035235,轮子,5S5672003,备件,件,,,,,0,已启用,,,813.78,否,否
2626,备件,40035234,枢轴,5S5522072,备件,件,,,,,0,已启用,,,793.42,否,否
2627,备件,40035233,轴承,NK50/25RCT,备件,件,,,,,0,已启用,,,59.38,否,否
2628,备件,40035229,骨架油封,2S2129289,备件,件,,,,,0,已启用,,,44.25,否,否
2629,备件,40035227,卡簧,2S2205090,备件,件,,,,,0,已启用,,,46.61,否,否
2630,备件,40035226,骨架油封,50*70*10,备件,件,,,,,0,已启用,,,48.67,否,否
2631,备件,40035225,环形螺母,2S2133109,备件,件,,,,,0,已启用,,,140.80,否,否
2632,备件,40035224,轴承,2S2121449,备件,件,,,,,0,已启用,,,61.94,否,否
2633,备件,40035223,轴承,6210-2Z,备件,件,,,,,0,已启用,,,101.77,否,否
2634,备件,40035222,皮带,2S2115205,备件,件,,,,,0,已启用,,,426.53,否,否
2635,备件,40035220,电磁阀,2S2233139,备件,件,,,,,0,已启用,,,2737.29,否,否
2636,备件,40035219,CFT分盖刀,5S5732038,备件,件,,,,,0,已启用,,,5532.00,否,否
2637,备件,40035218,下盖刀片,5S5162001,备件,件,,,,,0,已启用,,,5570.30,否,否
2638,备件,40035217,骨架油封,32*52*7,备件,件,,,,,0,已启用,,,18.44,否,否
2639,备件,40035216,叉子,2S2235230,备件,件,,,,,0,已启用,,,304.96,否,否
2640,备件,40035215,气缸,2-2801810,备件,件,,,,,0,已启用,,,485.49,否,否
2641,备件,40035213,滤芯,2-2950127,备件,件,,,,,0,已启用,,,6994.38,否,否
2642,备件,40035212,压力计,2S2182602,备件,件,,,,,0,已启用,,,284.03,否,否
2643,备件,40035210,垫片,5S5264010,备件,件,,,,,0,已启用,,,1763.65,否,否
2644,备件,40035209,骨架油封,60*80*10,备件,件,,,,,0,已启用,,,66.38,否,否
2645,备件,40035207,骨架油封,60*80*8,备件,件,,,,,0,已启用,,,30.68,否,否
2646,备件,40035206,骨架油封,60*75*8,备件,件,,,,,0,已启用,,,48.67,否,否
2647,备件,40035203,环形螺母,2S2133110,备件,件,,,,,0,已启用,,,116.95,否,否
2648,备件,40035202,轴承,6209,备件,件,,,,,0,已启用,,,68.05,否,否
2649,备件,40035201,骨架油封,50*68*8,备件,件,,,,,0,已启用,,,57.52,否,否
2650,备件,40035200,O型圈,2S2185922,备件,件,,,,,0,已启用,,,3.89,否,否
2651,备件,40035197,O型圈,37.69*3.53 EPDN70 BK/2S2189698,备件,件,,,,,0,已启用,,,31.74,否,否
2652,备件,40035196,垫圈,RWDR 120*150*12/2-2350390,备件,件,,,,,0,已启用,,,2934.46,否,否
2653,备件,40035195,中心料桶,5-2000063,备件,件,,,,,0,已启用,,,57452.56,否,否
2654,备件,40035194,导轨,2-1300014,备件,件,,,,,0,已启用,,,1855.39,否,否
2655,备件,40035192,O型圈,48.90*2.62EPDM70 BK/2S2189667,备件,件,,,,,0,已启用,,,24.21,否,否
2656,备件,40035191,O型圈,2S2189630,备件,件,,,,,0,已启用,,,3.05,否,否
2657,备件,40035190,限位开关,FS3096D024,备件,个,,,,,0,已启用,,,1238.94,否,否
2658,备件,40035189,光电开关,WL250-2P24316,备件,个,,,,,0,已启用,,,545.14,否,否
2659,备件,40035170,缠膜杆,1214*宽20*厚8,备件,根,,,,,0,已启用,,,265.49,否,否
2660,备件,40035155,深沟球轴承,NSK693ZZ,备件,套,,,,,0,已启用,,,274.34,否,否
2661,备件,40035154,热缩机皮带,4140*800*1.2,备件,条,,,,,0,已启用,0.000,,1465.00,否,否
2662,备件,40035153,热缩机皮带,1910*800*1.2,备件,条,,,,,0,已启用,0.000,,676.00,否,否
2663,备件,40035141,不锈钢外六角螺栓,M8*20,备件,个,,,,,0,已启用,,,0.62,否,否
2664,备件,40035139,安全继电器模块,PSR-PC40-2NO-1DO-24DC-SC,备件,个,,,,,0,已启用,,,1203.54,否,否
2665,备件,40035138,小节距滚珠网板链,LBP610AG1UP0510,备件,米,,,,,0,已启用,,,2730.09,否,否
2666,备件,40035137,小节距滚珠网板链,LBP610AG1UP0425,备件,米,,,,,0,已启用,,,2345.13,否,否
2667,备件,40035136,传感器,WL8G-P1131,备件,个,,,,,0,已启用,,,1946.90,否,否
2668,备件,40035135,剔除气缸,DSNU-25-12-P,备件,个,,,,,0,已启用,,,1557.52,否,否
2669,备件,40035134,调压阀,AW20-02B-A /通用,备件,个,,,,,0,已启用,,,477.88,否,否
2670,备件,40035132,润滑脂S2V2201(爱万利EP1),18kg/桶,备件,桶,,,,,0,已启用,,,796.39,否,否
2671,备件,40035115,加工件尼龙连接件,,备件,个,,,,,0,已启用,,,212.39,否,否
2672,备件,40035105,羊毛毡打磨头,3*4mm,备件,个,,,,,0,已启用,,,2.65,否,否
2673,备件,40035097,明装五孔插座,10A,备件,个,,,,,0,已启用,,,8.76,否,否
2674,备件,40035090,不锈钢内六角螺栓,M4×20,备件,个,,,,,0,已启用,,,0.16,否,否
2675,备件,40035089,电焊手套,,备件,双,,,,,0,已启用,,,17.52,否,否
2676,备件,40035085,快插三通,ф4,备件,个,,,,,0,已启用,,,1.06,否,否
2677,备件,40035076,断路器,MCB (C1),备件,个,,,,,0,已启用,,,216.82,否,否
2678,备件,40035075,压力传感器,SA5000,备件,个,,,,,0,已启用,,,1876.11,否,否
2679,备件,40035074,电子压力传感器,PM1704,备件,个,,,,,0,已启用,,,3128.00,否,否
2680,备件,40035073,流量监接器,SI5000,备件,个,,,,,0,已启用,,,1539.82,否,否
2681,备件,40035072,铁感应开关,IFM  II7100,备件,个,,,,,0,已启用,,,261.06,否,否
2682,备件,40035054,1位按钮盒,XALB01YC,备件,个,,,,,0,已启用,,,48.85,否,否
2683,备件,40035053,红绿组合警示灯,LT-70 DC：24V,备件,个,,,,,0,已启用,,,53.10,否,否
2684,备件,40035048,音差液位开关,LMT100,备件,个,,,,,0,已启用,,,1369.03,否,否
2685,备件,40035017,安全继电器,RLY3-EMSS100(1085345),备件,个,,,,,0,已启用,,,858.41,否,否
2686,备件,40035016,中间继电器,G2R-2-SNI(S),备件,个,,,,,0,已启用,,,30.98,否,否
2687,备件,40035015,交流接触器,3RH2131-1BB40,备件,个,,,,,0,已启用,,,176.99,否,否
2688,备件,40035014,交流接触器,3RT2028-1AL20,备件,个,,,,,0,已启用,,,451.33,否,否
2689,备件,40035013,交流接触器,3RT22026-2BB40,备件,个,,,,,0,已启用,,,442.48,否,否
2690,备件,40035012,交流接触器,3RH2131-2BB40,备件,个,,,,,0,已启用,,,176.99,否,否
2691,备件,40035011,交流接触器,3RT2016-2BB42,备件,个,,,,,0,已启用,,,185.84,否,否
2692,备件,40035009,熔断器保险丝),10X38 32A  (3P,备件,个,,,,,0,已启用,,,17.70,否,否
2693,备件,40035008,安全继电器,3SK1111-2AB30,备件,个,,,,,0,已启用,,,1070.80,否,否
2694,备件,40035007,控制变压器,EN G.1558-2-4,备件,个,,,,,0,已启用,,,6628.32,否,否
2695,备件,40035006,光电传感器,LOP3.5M-BT18-VP6X2,备件,个,,,,,0,已启用,,,1110.62,否,否
2696,备件,40035005,接近开关,IME18-08NPSECOS,备件,个,,,,,0,已启用,,,73.81,否,否
2697,备件,40035004,镜面反射光电开关,VL180-2P42431/SICK,备件,个,,,,,0,已启用,,,265.49,否,否
2698,备件,40035003,光电开关,PRK15/4X-M12,备件,个,,,,,0,已启用,,,292.38,否,否
2699,备件,40035001,断路器,PKZMO-10XTPR010BC1,备件,个,,,,,0,已启用,,,314.16,否,否
2700,备件,40035000,空开,FAZ-C4/1,备件,个,,,,,0,已启用,,,70.80,否,否
2701,备件,40034999,空开,FAZ-C2/1,备件,个,,,,,0,已启用,,,75.22,否,否
2702,备件,40034998,空开,FAZ-D6/2,备件,个,,,,,0,已启用,,,141.59,否,否
2703,备件,40034997,空开,FAZ-D3/2,备件,个,,,,,0,已启用,,,185.84,否,否
2704,备件,40034996,空开,FAZ-D2/2,备件,个,,,,,0,已启用,,,194.69,否,否
2705,备件,40034995,接触辅助触点,DILA-XAI11,备件,个,,,,,0,已启用,,,30.97,否,否
2706,备件,40034994,交流接触器,DILM9-01C,备件,个,,,,,0,已启用,,,79.65,否,否
2707,备件,40034993,分气块,MNR;R412007383,备件,个,,,,,0,已启用,,,1858.41,否,否
2708,备件,40034992,磁感应开关,R412022871,备件,个,,,,,0,已启用,,,247.79,否,否
2709,备件,40034991,光电开关,WTB261-24161120A00,备件,个,,,,,0,已启用,,,1079.65,否,否
2710,备件,40034990,E型卡簧,M5,备件,个,,,,,0,已启用,,,0.09,否,否
2711,备件,40034981,金相砂纸,0号,备件,张,,,,,0,已启用,,,0.89,否,否
2712,备件,40034969,断路器,IC65N 2P C16A,备件,个,,,,,0,已启用,,,52.57,否,否
2713,备件,40034968,断路器,IC65N 2P C32A,备件,个,,,,,0,已启用,,,57.26,否,否
2714,备件,40034964,弯头,ф4*1/4/ QSL-1/4-4,备件,个,,,,,0,已启用,,,9.47,否,否
2715,备件,40034944,什锦锉,03803/ 5*180mm,备件,套,,,,,0,已启用,,,47.43,否,否
2716,备件,40034908,熔断器保险丝,RT28-63/14*51,备件,个,,,,,0,已启用,,,2.83,否,否
2717,备件,40034907,熔断器保险丝,RT28-32/10*38,备件,个,,,,,0,已启用,,,1.06,否,否
2718,备件,40034902,不锈钢沉头内六角螺栓,M5*20,备件,个,,,,,0,已启用,,,0.18,否,否
2719,备件,40034900,不锈钢外六角螺栓,M8*16,备件,个,,,,,0,已启用,,,0.62,否,否
2720,备件,40034898,不锈钢外六角螺栓,M4*16,备件,个,,,,,0,已启用,,,0.18,否,否
2721,备件,40034894,不锈钢内六角螺栓,M6*16,备件,个,,,,,0,已启用,,,0.27,否,否
2722,备件,40034893,不锈钢内六角螺栓,M5*16,备件,个,,,,,0,已启用,,,0.23,否,否
2723,备件,40034892,不锈钢内六角螺栓,M4*16,备件,个,,,,,0,已启用,,,0.18,否,否
2724,备件,40034891,保安滤芯,,备件,根,,,,,0,已启用,,,196.00,否,否
2725,备件,40034889,急停开关头,A22-EK+STOP HEADER,备件,个,,,,,0,已启用,,,21.24,否,否
2726,备件,40034888,杀菌灯管,TUV 64 T5 HO 4P-SE 145W,备件,根,,,,,0,已启用,,,393.00,否,否
2727,备件,40034885,帆布手套,,备件,双,,,,,0,已启用,,,2.65,否,否
2728,备件,40034884,公牛暗装闭火开关,单控,备件,个,,,,,0,已启用,,,7.74,否,否
2729,备件,40034883,公牛明装闭火开关,单控,备件,个,,,,,0,已启用,,,7.15,否,否
2730,备件,40034882,开关电源/,2910587,备件,个,,,,,0,已启用,,,1115.04,否,否
2731,备件,40034879,阀门定位器,3725,备件,个,,,,,0,已启用,,,7681.42,否,否
2732,备件,40034878,压缩空气管,Ф16,备件,米,,,,,0,已启用,,,42.48,否,否
2733,备件,40034877,生料带,,备件,卷,,,,,0,已启用,,,2.25,否,否
2734,备件,40034876,丝锥,M12,备件,根,,,,,0,已启用,,,15.93,否,否
2735,备件,40034875,丝锥,M10,备件,根,,,,,0,已启用,,,11.15,否,否
2736,备件,40034874,丝锥,M8,备件,根,,,,,0,已启用,,,9.01,否,否
2737,备件,40034873,丝锥,M6,备件,根,,,,,0,已启用,,,10.26,否,否
2738,备件,40034872,丝锥,M5,备件,根,,,,,0,已启用,,,9.73,否,否
2739,备件,40034871,丝锥,M4,备件,根,,,,,0,已启用,,,9.56,否,否
2740,备件,40034870,麻花钻,￠13,备件,根,,,,,0,已启用,,,23.01,否,否
2741,备件,40034869,麻花钻,￠9,备件,根,,,,,0,已启用,,,13.27,否,否
2742,备件,40034868,麻花钻,￠7,备件,根,,,,,0,已启用,,,6.19,否,否
2743,备件,40034867,麻花钻,￠6,备件,根,,,,,0,已启用,,,4.43,否,否
2744,备件,40034866,麻花钻,￠5,备件,根,,,,,0,已启用,,,3.10,否,否
2745,备件,40034865,麻花钻,￠12,备件,根,,,,,0,已启用,,,19.47,否,否
2746,备件,40034864,麻花钻,￠11,备件,根,,,,,0,已启用,,,15.93,否,否
2747,备件,40034863,麻花钻,￠10.5,备件,根,,,,,0,已启用,,,14.87,否,否
2748,备件,40034862,麻花钻,￠8.5,备件,根,,,,,0,已启用,,,7.04,否,否
2749,备件,40034861,麻花钻,￠6.5,备件,根,,,,,0,已启用,,,2.68,否,否
2750,备件,40034860,麻花钻,￠6.7,备件,根,,,,,0,已启用,,,4.56,否,否
2751,备件,40034859,麻花钻,￠5.2,备件,根,,,,,0,已启用,,,2.00,否,否
2752,备件,40034858,麻花钻,￠4.2,备件,根,,,,,0,已启用,,,1.06,否,否
2753,备件,40034857,麻花钻,￠3.2,备件,根,,,,,0,已启用,,,1.00,否,否
2754,备件,40034856,润滑油,OKS-601,备件,支,,,,,0,已启用,,,178.92,否,否
2755,备件,40034855,循环系统油,壳牌/多宝T46,备件,桶,,,,,0,已启用,,,575.22,否,否
2756,备件,40034854,合成齿轮油,壳牌/WE460,备件,桶,,,,,0,已启用,,,1725.66,否,否
2757,备件,40034853,润滑油,UBL55,备件,支,,,,,0,已启用,,,214.84,否,否
2758,备件,40034852, 润滑脂S2V220 2(爱万利EP2),18kg/桶,备件,桶,,,,,0,已启用,,,672.57,否,否
2759,备件,40034851,润滑油,得力士/46,备件,桶,,,,,0,已启用,,,486.73,否,否
2760,备件,40034850,合成齿轮油,壳牌/可耐压320,备件,桶,,,,,0,已启用,,,530.97,否,否
2761,备件,40034849, 润滑油S2G220,20L/桶,备件,桶,,,,,0,已启用,,,530.97,否,否
2762,备件,40034847,陶瓷过滤芯,88173200,备件,根,,,,,0,已启用,,,1482.53,否,否
2763,备件,40034846,撬棍,92556,备件,把,,,,,0,已启用,,,315.93,否,否
2764,备件,40034845,半接头,16B-1,备件,个,,,,,0,已启用,,,2.66,否,否
2765,备件,40034844,半接头,16B-2,备件,个,,,,,0,已启用,,,7.96,否,否
2766,备件,40034843,链条接头,12B-2,备件,个,,,,,0,已启用,,,5.90,否,否
2767,备件,40034842,链条接头,08B-2,备件,个,,,,,0,已启用,,,1.77,否,否
2768,备件,40034841,链条接头,16B-2,备件,个,,,,,0,已启用,,,4.43,否,否
2769,备件,40034840,链条,12B-1,备件,盒,,,,,0,已启用,,,60.18,否,否
2770,备件,40034839,冲击钻,GBH 2-26 RE,备件,套,,,,,0,已启用,,,1194.69,否,否
2771,备件,40034838,套筒组合,9099,备件,套,,,,,0,已启用,,,568.14,否,否
2772,备件,40034837,工具箱,95162,备件,个,,,,,0,已启用,,,162.83,否,否
2773,备件,40034836,内六角扳手,9141,备件,套,,,,,0,已启用,,,289.38,否,否
2774,备件,40034835,24’‘活扳手,47208,备件,把,,,,,0,已启用,,,422.12,否,否
2775,备件,40034834,快插Y型气管接头,Ф8*6500mm,备件,个,,,,,0,已启用,,,24.78,否,否
2776,备件,40034832,气管接头,QS-G1/4-8,备件,个,,,,,0,已启用,,,7.72,否,否
2777,备件,40034831,接头,ф6*G1/2,备件,个,,,,,0,已启用,,,15.93,否,否
2778,备件,40034830,接头,Φ10*G1/8 QS-1/8-10,备件,个,,,,,0,已启用,,,9.87,否,否
2779,备件,40034829,接头,Φ10*G1/2 QS-1/2-10,备件,个,,,,,0,已启用,,,11.15,否,否
2780,备件,40034828,接头,Φ12*G3/8 QS-G3/8-12,备件,个,,,,,0,已启用,,,13.09,否,否
2781,备件,40034827,接头,Φ10*G1/4 QS-G1/4-10,备件,个,,,,,0,已启用,,,9.06,否,否
2782,备件,40034825,接头,Φ8*G3/8 QS-G3/8-8,备件,个,,,,,0,已启用,,,9.89,否,否
2783,备件,40034824,接头,Φ10*G3/8 QS-G3/8-10,备件,个,,,,,0,已启用,,,12.39,否,否
2784,备件,40034823,接头,Φ12*G1/2 QS-G1/2-12,备件,个,,,,,0,已启用,,,13.49,否,否
2785,备件,40034822,接头,Φ8*G1/8 QS-G1/8-8,备件,个,,,,,0,已启用,,,8.37,否,否
2786,备件,40034821,接头,Φ6*G3/8 QS-3/8-6,备件,个,,,,,0,已启用,,,8.14,否,否
2787,备件,40034820,接头,Φ6*G1/4 QS-G1/4-6,备件,个,,,,,0,已启用,,,8.25,否,否
2788,备件,40034819,接头,ф6*G1/8 QS-G1/8-6,备件,个,,,,,0,已启用,,,7.77,否,否
2789,备件,40034818,接头,Φ4*1/4 QS-1/4-4,备件,个,,,,,0,已启用,,,7.45,否,否
2790,备件,40034817,接头,Φ4*M5 QSM-M5-4,备件,个,,,,,0,已启用,,,7.98,否,否
2791,备件,40034815,Y型三通,QSY-10-8,备件,个,,,,,0,已启用,,,18.56,否,否
2792,备件,40034814,Y型三通,QSY-12-10,备件,个,,,,,0,已启用,,,22.12,否,否
2793,备件,40034813,Y型三通, QSY-6-4,备件,个,,,,,0,已启用,,,15.93,否,否
2794,备件,40034812,Y型三通,Φ6*Φ8*Φ6 QSY-8-6,备件,个,,,,,0,已启用,,,17.60,否,否
2795,备件,40034811,Y型三通,Φ10 QSY-10,备件,个,,,,,0,已启用,,,19.63,否,否
2796,备件,40034810,Y型三通,Φ8 QSY-8,备件,个,,,,,0,已启用,,,16.05,否,否
2797,备件,40034809,Y型三通,Φ6 QSY-6,备件,个,,,,,0,已启用,,,13.63,否,否
2798,备件,40034808,Y型三通,Φ4 QSY-4,备件,个,,,,,0,已启用,,,15.04,否,否
2799,备件,40034807,Y型三通,Φ12*3/8 QSY-3/8-12,备件,个,,,,,0,已启用,,,38.19,否,否
2800,备件,40034806,变径三通,Φ6*8 QST-8-6,备件,个,,,,,0,已启用,,,15.80,否,否
2801,备件,40034805,气管三通接头,Φ8 QST-8,备件,个,,,,,0,已启用,,,17.00,否,否
2802,备件,40034804,三通接头,Φ16 QST-16,备件,个,,,,,0,已启用,,,41.46,否,否
2803,备件,40034803,三通接头,Φ12 QST-12,备件,个,,,,,0,已启用,,,17.85,否,否
2804,备件,40034802,三通接头,Φ10 QST-10,备件,个,,,,,0,已启用,,,13.96,否,否
2805,备件,40034801,三通接头,Φ6 QST-6,备件,个,,,,,0,已启用,,,9.47,否,否
2806,备件,40034798,转换接头,ф12*ф8 QS-12-8,备件,个,,,,,0,已启用,,,19.34,否,否
2807,备件,40034797,转换接头,ф12*ф10 QS-12-10,备件,个,,,,,0,已启用,,,13.71,否,否
2808,备件,40034796,转换接头,ф10*ф8 QS-10-8,备件,个,,,,,0,已启用,,,12.28,否,否
2809,备件,40034795,转换接头,ф10*ф6 QS-10-6,备件,个,,,,,0,已启用,,,20.03,否,否
2810,备件,40034794,转换接头,ф8*ф6 QS-8-6,备件,个,,,,,0,已启用,,,10.17,否,否
2811,备件,40034793,转换接头,ф8*ф4 QS-8-4,备件,个,,,,,0,已启用,,,15.23,否,否
2812,备件,40034792,转换接头,ф6*ф4 QS-6-4,备件,个,,,,,0,已启用,,,10.71,否,否
2813,备件,40034791,直通接头,Φ10 QS-12,备件,个,,,,,0,已启用,,,17.48,否,否
2814,备件,40034790,直通接头,Φ10 QS-10,备件,个,,,,,0,已启用,,,13.63,否,否
2815,备件,40034789,直通接头,Φ8 QS-8,备件,个,,,,,0,已启用,,,9.50,否,否
2816,备件,40034788,直通接头,Φ6 QS-6,备件,个,,,,,0,已启用,,,9.24,否,否
2817,备件,40034787,直通接头,Φ4 QS-4,备件,个,,,,,0,已启用,,,8.16,否,否
2818,备件,40034786,不锈钢平键,14*100,备件,个,,,,,0,已启用,,,6.46,否,否
2819,备件,40034785,不锈钢平键,14*90,备件,个,,,,,0,已启用,,,6.02,否,否
2820,备件,40034784,不锈钢平键,14*70,备件,个,,,,,0,已启用,,,5.31,否,否
2821,备件,40034783,不锈钢平键,14*65,备件,个,,,,,0,已启用,,,5.22,否,否
2822,备件,40034782,不锈钢平键,14*60,备件,个,,,,,0,已启用,,,4.78,否,否
2823,备件,40034781,不锈钢平键,14*55,备件,个,,,,,0,已启用,,,4.60,否,否
2824,备件,40034780,不锈钢平键,14*50,备件,个,,,,,0,已启用,,,4.43,否,否
2825,备件,40034779,不锈钢平键,14*25,备件,个,,,,,0,已启用,,,3.36,否,否
2826,备件,40034777,不锈钢平键,12*100,备件,个,,,,,0,已启用,,,4.34,否,否
2827,备件,40034776,不锈钢平键,12*90,备件,个,,,,,0,已启用,,,4.16,否,否
2828,备件,40034775,不锈钢平键,12*80,备件,个,,,,,0,已启用,,,3.98,否,否
2829,备件,40034774,不锈钢平键,12*70,备件,个,,,,,0,已启用,,,3.81,否,否
2830,备件,40034773,不锈钢平键,12*65,备件,个,,,,,0,已启用,,,3.36,否,否
2831,备件,40034772,不锈钢平键,12*60,备件,个,,,,,0,已启用,,,3.19,否,否
2832,备件,40034771,不锈钢平键,12*55,备件,个,,,,,0,已启用,,,3.01,否,否
2833,备件,40034770,不锈钢平键,12*50,备件,个,,,,,0,已启用,,,2.66,否,否
2834,备件,40034769,不锈钢平键,12*45,备件,个,,,,,0,已启用,,,2.39,否,否
2835,备件,40034768,不锈钢平键,12*40,备件,个,,,,,0,已启用,0.000,,2.00,否,否
2836,备件,40034767,不锈钢平键,12*30,备件,个,,,,,0,已启用,,,1.95,否,否
2837,备件,40034766,不锈钢平键,10*90,备件,个,,,,,0,已启用,,,3.19,否,否
2838,备件,40034765,不锈钢平键,10*100,备件,个,,,,,0,已启用,,,3.45,否,否
2839,备件,40034764,不锈钢平键,10*80,备件,个,,,,,0,已启用,,,3.01,否,否
2840,备件,40034763,不锈钢平键,10*70,备件,个,,,,,0,已启用,,,2.83,否,否
2841,备件,40034762,不锈钢平键,10*60,备件,个,,,,,0,已启用,,,2.57,否,否
2842,备件,40034761,不锈钢平键,10*50,备件,个,,,,,0,已启用,,,2.39,否,否
2843,备件,40034760,不锈钢平键,10*45,备件,个,,,,,0,已启用,,,2.21,否,否
2844,备件,40034759,不锈钢平键,10*40,备件,个,,,,,0,已启用,,,2.04,否,否
2845,备件,40034758,不锈钢平键,10*35,备件,个,,,,,0,已启用,,,1.95,否,否
2846,备件,40034757,不锈钢平键,10*30,备件,个,,,,,0,已启用,,,1.77,否,否
2847,备件,40034756,不锈钢平键,10*20,备件,个,,,,,0,已启用,,,1.59,否,否
2848,备件,40034755,不锈钢平键,10*25,备件,个,,,,,0,已启用,,,1.68,否,否
2849,备件,40034754,不锈钢内六角螺栓,M4*20,备件,个,,,,,0,已启用,,,0.27,否,否
2850,备件,40034753,不锈钢平键,/8*100,备件,个,,,,,0,已启用,,,3.01,否,否
2851,备件,40034752,不锈钢平键,/8*90,备件,个,,,,,0,已启用,,,2.66,否,否
2852,备件,40034751,不锈钢平键,/8*80,备件,个,,,,,0,已启用,,,2.48,否,否
2853,备件,40034750,不锈钢平键,/8*70,备件,个,,,,,0,已启用,,,2.30,否,否
2854,备件,40034749,不锈钢平键,/8*65,备件,个,,,,,0,已启用,,,2.21,否,否
2855,备件,40034748,不锈钢平键,/8*60,备件,个,,,,,0,已启用,,,2.12,否,否
2856,备件,40034747,不锈钢平键,/8*50,备件,个,,,,,0,已启用,,,1.77,否,否
2857,备件,40034746,不锈钢平键,/8*55,备件,个,,,,,0,已启用,,,1.95,否,否
2858,备件,40034745,不锈钢平键,8*40,备件,个,,,,,0,已启用,,,1.50,否,否
2859,备件,40034744,不锈钢平键,8*35,备件,个,,,,,0,已启用,,,1.42,否,否
2860,备件,40034743,不锈钢平键,8*30,备件,个,,,,,0,已启用,,,1.33,否,否
2861,备件,40034742,不锈钢平键,8*7*28,备件,个,,,,,0,已启用,,,1.24,否,否
2862,备件,40034741,不锈钢平键,8*7*22,备件,个,,,,,0,已启用,,,1.15,否,否
2863,备件,40034740,不锈钢平键,8*25,备件,个,,,,,0,已启用,,,1.24,否,否
2864,备件,40034739,不锈钢平键,6*90,备件,个,,,,,0,已启用,,,2.30,否,否
2865,备件,40034738,不锈钢平键,6*60,备件,个,,,,,0,已启用,,,1.95,否,否
2866,备件,40034737,不锈钢平键,6*55,备件,个,,,,,0,已启用,,,1.86,否,否
2867,备件,40034736,不锈钢平键,6*50,备件,个,,,,,0,已启用,,,1.77,否,否
2868,备件,40034735,不锈钢平键,6*45,备件,个,,,,,0,已启用,,,1.68,否,否
2869,备件,40034734,不锈钢平键,6*40,备件,个,,,,,0,已启用,,,1.50,否,否
2870,备件,40034733,不锈钢平键,6*35,备件,个,,,,,0,已启用,,,1.33,否,否
2871,备件,40034732,不锈钢平键,6*30,备件,个,,,,,0,已启用,,,1.15,否,否
2872,备件,40034730,不锈钢平键,5*5*18,备件,个,,,,,0,已启用,,,0.71,否,否
2873,备件,40034723,不锈钢六角螺母,M12,备件,个,,,,,0,已启用,,,0.63,否,否
2874,备件,40034722,不锈钢孔用卡环,Φ80,备件,个,,,,,0,已启用,,,7.97,否,否
2875,备件,40034721,不锈钢孔用卡环,Φ65,备件,个,,,,,0,已启用,,,5.04,否,否
2876,备件,40034720,不锈钢孔用卡环,Φ60,备件,个,,,,,0,已启用,,,3.01,否,否
2877,备件,40034719,不锈钢孔用卡环,Φ55,备件,个,,,,,0,已启用,,,2.21,否,否
2878,备件,40034718,不锈钢孔用卡环,Φ50,备件,个,,,,,0,已启用,,,1.77,否,否
2879,备件,40034717,不锈钢孔用卡环,Φ47,备件,个,,,,,0,已启用,,,1.59,否,否
2880,备件,40034716,不锈钢孔用卡环,Φ45,备件,个,,,,,0,已启用,,,1.42,否,否
2881,备件,40034715,不锈钢孔用卡环,Φ40,备件,个,,,,,0,已启用,,,1.24,否,否
2882,备件,40034714,不锈钢孔用卡环,Φ30,备件,个,,,,,0,已启用,,,0.55,否,否
2883,备件,40034713,不锈钢孔用卡环,Φ20,备件,个,,,,,0,已启用,,,0.25,否,否
2884,备件,40034712,不锈钢孔用卡环,Φ12,备件,个,,,,,0,已启用,,,0.14,否,否
2885,备件,40034711,不锈钢轴用卡环,Φ55,备件,个,,,,,0,已启用,,,2.57,否,否
2886,备件,40034710,不锈钢轴用卡环,Φ50,备件,个,,,,,0,已启用,,,2.13,否,否
2887,备件,40034709,不锈钢轴用卡环,Φ40,备件,个,,,,,0,已启用,,,1.15,否,否
2888,备件,40034708,不锈钢轴用卡环,Φ30,备件,个,,,,,0,已启用,,,0.73,否,否
2889,备件,40034707,不锈钢轴用卡环,Φ25,备件,个,,,,,0,已启用,,,0.60,否,否
2890,备件,40034706,不锈钢轴用卡环,Φ20,备件,个,,,,,0,已启用,,,0.43,否,否
2891,备件,40034705,不锈钢轴用卡环,Φ16,备件,个,,,,,0,已启用,,,0.27,否,否
2892,备件,40034704,不锈钢轴用卡环,Φ3,备件,个,,,,,0,已启用,,,0.09,否,否
2893,备件,40034703,不锈钢轴用卡环,Φ8,备件,个,,,,,0,已启用,,,0.13,否,否
2894,备件,40034702,不锈钢轴用卡环,Φ10,备件,个,,,,,0,已启用,,,0.13,否,否
2895,备件,40034701,不锈钢轴用卡环,Φ11,备件,个,,,,,0,已启用,,,0.13,否,否
2896,备件,40034694,不锈钢平光垫片,Φ5,备件,个,,,,,0,已启用,,,0.04,否,否
2897,备件,40034691,不锈钢弹簧垫片,Φ12,备件,个,,,,,0,已启用,,,0.12,否,否
2898,备件,40034688,不锈钢弹簧垫片,Φ6,备件,个,,,,,0,已启用,,,0.05,否,否
2899,备件,40034687,不锈钢弹簧垫片,Φ5,备件,个,,,,,0,已启用,,,0.04,否,否
2900,备件,40034686,不锈钢空心绡,Φ8*30,备件,个,,,,,0,已启用,,,0.89,否,否
2901,备件,40034685,不锈钢空心绡,Φ6*30,备件,个,,,,,0,已启用,,,0.44,否,否
2902,备件,40034684,不锈钢空心绡,Φ5*50,备件,个,,,,,0,已启用,,,0.44,否,否
2903,备件,40034683,不锈钢空心绡,Φ5*30,备件,个,,,,,0,已启用,,,0.27,否,否
2904,备件,40034682,不锈钢空心绡,Φ4*30,备件,个,,,,,0,已启用,,,0.18,否,否
2905,备件,40034681,不锈钢空心绡5,Φ3*2,备件,个,,,,,0,已启用,,,0.10,否,否
2906,备件,40034678,不锈钢外六角螺栓,M10*100,备件,个,,,,,0,已启用,,,2.66,否,否
2907,备件,40034674,不锈钢外六角螺栓,M10*30,备件,个,,,,,0,已启用,,,0.69,否,否
2908,备件,40034666,不锈钢外六角螺栓,M6*25,备件,个,,,,,0,已启用,,,0.27,否,否
2909,备件,40034665,不锈钢外六角螺栓,M6*20,备件,个,,,,,0,已启用,,,0.26,否,否
2910,备件,40034664,不锈钢外六角螺栓,M6*16,备件,个,,,,,0,已启用,,,0.24,否,否
2911,备件,40034662,不锈钢外六角螺栓,M5*16,备件,个,,,,,0,已启用,,,0.18,否,否
2912,备件,40034661,不锈钢外六角螺栓,M4*20,备件,个,,,,,0,已启用,,,0.16,否,否
2913,备件,40034659,不锈钢沉头内六角,M6*20,备件,个,,,,,0,已启用,,,0.22,否,否
2914,备件,40034656,不锈钢内六角螺栓,M8*25,备件,个,,,,,0,已启用,,,0.60,否,否
2915,备件,40034655,不锈钢内六角螺栓,M8*20,备件,个,,,,,0,已启用,,,0.53,否,否
2916,备件,40034654,不锈钢内六角螺栓,M6*35,备件,个,,,,,0,已启用,,,0.35,否,否
2917,备件,40034652,8“中齿圆锉,3972,备件,把,,,,,0,已启用,,,32.75,否,否
2918,备件,40034651,8&quot;中齿三角锉,3992,备件,把,,,,,0,已启用,,,41.42,否,否
2919,备件,40034648,细齿平锉,8“/22-349-28,备件,套,,,,,0,已启用,,,28.32,否,否
2920,备件,40034647,数显游标卡尺,91513,备件,把,,,,,0,已启用,,,464.00,否,否
2921,备件,40034642,世达12”活扳手,47252,备件,把,,,,,0,已启用,,,44.86,否,否
2922,备件,40034641,10“圆口带刃大力钳,71103,备件,把,,,,,0,已启用,,,84.51,否,否
2923,备件,40034636,10“史丹利加硬弧齿大力钳,84378,备件,把,,,,,0,已启用,,,66.81,否,否
2924,备件,40034635,压线钳,8MM/ 91102,备件,把,,,,,0,已启用,,,323.01,否,否
2925,备件,40034634,压线钳,9MM/ 91105,备件,把,,,,,0,已启用,,,331.86,否,否
2926,备件,40034632,水管钳,70412,备件,把,,,,,0,已启用,,,50.00,否,否
2927,备件,40034631,孔用直嘴卡簧钳,13MM/ 8436523,备件,把,,,,,0,已启用,,,53.10,否,否
2928,备件,40034630,孔用弯嘴卡簧钳,13MM/ 8444923,备件,把,,,,,0,已启用,,,53.10,否,否
2929,备件,40034629,轴用弯嘴卡簧钳,13MM/ 8435923,备件,把,,,,,0,已启用,,,53.10,否,否
2930,备件,40034628,轴用直嘴卡簧钳,13MM/ 8433723,备件,把,,,,,0,已启用,,,53.09,否,否
2931,备件,40034626,轴用直嘴卡簧钳,9MM/ 8433523,备件,把,,,,,0,已启用,,,32.74,否,否
2932,备件,40034625,轴用弯嘴卡簧钳,9MM/ 8434823,备件,把,,,,,0,已启用,,,32.75,否,否
2933,备件,40034623,轴用弯嘴卡簧钳,7MM/ 8434123,备件,把,,,,,0,已启用,,,26.55,否,否
2934,备件,40034622,孔用弯嘴卡簧钳,7MM/ 8444723,备件,把,,,,,0,已启用,,,26.55,否,否
2935,备件,40034621,孔用弯嘴卡簧钳,5MM/ 8444623,备件,把,,,,,0,已启用,,,19.47,否,否
2936,备件,40034620,轴用弯嘴卡簧钳,5MM/ 8433823,备件,把,,,,,0,已启用,,,19.47,否,否
2937,备件,40034619,孔用直嘴卡簧钳,5MM/ 8436223,备件,把,,,,,0,已启用,,,19.47,否,否
2938,备件,40034618,孔用直嘴卡簧钳,9MM/ 8436423,备件,把,,,,,0,已启用,,,32.75,否,否
2939,备件,40034617,孔用弯嘴卡簧钳,9MM/ 8444823,备件,把,,,,,0,已启用,,,32.74,否,否
2940,备件,40034616,轴用直嘴卡簧钳,8433223,备件,把,,,,,0,已启用,,,19.47,否,否
2941,备件,40034615,一字微型螺丝批,62811,备件,把,,,,,0,已启用,,,13.81,否,否
2942,备件,40034614,十字微型螺丝批,62908,备件,把,,,,,0,已启用,,,13.81,否,否
2943,备件,40034613,什锦锉,03802/ 4*160MM,备件,套,,,,,0,已启用,,,38.76,否,否
2944,备件,40034610,12”活扳手 ,47204,备件,把,,,,,0,已启用,,,71.59,否,否
2945,备件,40034609,梅花开口两用扳手,7MM  40202,备件,把,,,,,0,已启用,,,17.26,否,否
2946,备件,40034608,棘轮扳手19MM/ 43212,19MM 43212,备件,把,,,,,0,已启用,,,74.16,否,否
2947,备件,40034607,老虎夹,,备件,套,,,,,0,已启用,,,2.25,否,否
2948,备件,40034606,棘轮扳手,17MM  43210,备件,把,,,,,0,已启用,,,69.82,否,否
2949,备件,40034605,棘轮扳手,14MM  43207,备件,把,,,,,0,已启用,,,59.47,否,否
2950,备件,40034604,棘轮扳手,13MM  43206,备件,把,,,,,0,已启用,,,58.58,否,否
2951,备件,40034603,圆油枪嘴,97216,备件,个,,,,,0,已启用,,,6.90,否,否
2952,备件,40034602,黄油枪咀,97211,备件,个,,,,,0,已启用,,,11.24,否,否
2953,备件,40034601,棘轮扳手,12MM 43205,备件,把,,,,,0,已启用,,,57.79,否,否
2954,备件,40034600,公制全抛光两用扳手,21MM 40216,备件,把,,,,,0,已启用,,,55.13,否,否
2955,备件,40034599,公制全抛光两用扳手,19MM 40214,备件,把,,,,,0,已启用,,,40.53,否,否
2956,备件,40034598,公制全抛光两用扳手,17MM 40212,备件,把,,,,,0,已启用,,,36.20,否,否
2957,备件,40034596,公制全抛光两用扳手,14MM 40209,备件,把,,,,,0,已启用,,,28.49,否,否
2958,备件,40034595,公制全抛光两用扳手,12MM 40207,备件,把,,,,,0,已启用,,,23.27,否,否
2959,备件,40034593,棘轮扳手,10MM 43203,备件,把,,,,,0,已启用,,,52.57,否,否
2960,备件,40034592,棘轮扳手,8MM 43201,备件,把,,,,,0,已启用,,,50.00,否,否
2961,备件,40034591,公制全抛光两用扳手,8MM40203,备件,把,,,,,0,已启用,,,17.26,否,否
2962,备件,40034590,中心冲,90751,备件,个,,,,,0,已启用,,,18.94,否,否
2963,备件,40034589,开孔器钻杆,53401/ 14-30MM,备件,个,,,,,0,已启用,,,38.76,否,否
2964,备件,40034588,断丝取出器,09704A,备件,个,,,,,0,已启用,,,42.21,否,否
2965,备件,40034582,开孔器,53304/22MM,备件,个,,,,,0,已启用,,,94.67,否,否
2966,备件,40034580,不锈钢孔用卡环,Φ120,备件,个,,,,,0,已启用,,,25.66,否,否
2967,备件,40034578,不锈钢轴用卡环,Φ85,备件,个,,,,,0,已启用,,,7.79,否,否
2968,备件,40034577,气源分配器,,备件,个,,,,,0,已启用,,,32.57,否,否
2969,备件,40034576,外径千分尺,91531,备件,个,,,,,0,已启用,,,134.95,否,否
2970,备件,40034574,两爪拉马,90624,备件,个,,,,,0,已启用,,,159.29,否,否
2971,备件,40034566,8件中齿扁三角锉刀,9910,备件,套,,,,,0,已启用,,,249.56,否,否
2972,备件,40034565,美工刀,93428,备件,把,,,,,0,已启用,,,21.60,否,否
2973,备件,40034564,博世充电手电钻,GBM13RE,备件,个,,,,,0,已启用,,,460.17,否,否
2974,备件,40034560,普通锯条/工具,,备件,盒,,,,,0,已启用,,,21.06,否,否
2975,备件,40034559,钢锯架,1516622,备件,个,,,,,0,已启用,,,70.36,否,否
2976,备件,40034558,热风枪,,备件,个,,,,,0,已启用,,,646.02,否,否
2977,备件,40034557,冲子13件套,9164,备件,套,,,,,0,已启用,,,239.83,否,否
2978,备件,40034554,冲击钻钻头,14mm,备件,个,,,,,0,已启用,,,26.55,否,否
2979,备件,40034553,冲击钻钻头,12mm,备件,个,,,,,0,已启用,,,26.55,否,否
2980,备件,40034552,冲击钻钻头,10mm,备件,个,,,,,0,已启用,,,17.70,否,否
2981,备件,40034551,冲击钻钻头,8mm,备件,个,,,,,0,已启用,,,17.70,否,否
2982,备件,40034550,冲击钻钻头,6mm,备件,个,,,,,0,已启用,,,15.93,否,否
2983,备件,40034549,水泵钳,8444523,备件,把,,,,,0,已启用,,,92.92,否,否
2984,备件,40034547,世达油枪,97202,备件,个,,,,,0,已启用,,,120.71,否,否
2985,备件,40034546,一字改锥,61608,备件,把,,,,,0,已启用,,,37.08,否,否
2986,备件,40034544,木柄圆头锤,92314,备件,把,,,,,0,已启用,,,78.50,否,否
2987,备件,40034542,钳工锤,92734,备件,把,,,,,0,已启用,,,128.32,否,否
2988,备件,40034540,弯头,Φ8mm QSL-8,备件,个,,,,,0,已启用,,,12.34,否,否
2989,备件,40034537,缠膜带,60*2000 FAB2E,备件,条,,,,,0,已启用,,,283.19,否,否
2990,备件,40034530,压力调节阀,ф6*1/8 AS2201F-01-06SA,备件,个,,,,,0,已启用,,,59.89,否,否
2991,备件,40034529,压力调节阀,ф6*1/4 AS3201F-02-06SA,备件,个,,,,,0,已启用,,,47.65,否,否
2992,备件,40034527,压力调节阀,ф8*3/8 AS3201F-03-08SA,备件,个,,,,,0,已启用,,,59.61,否,否
2993,备件,40034526,压力调节阀,ф10*1/8 AS2201F-01-10SA,备件,个,,,,,0,已启用,,,58.77,否,否
2994,备件,40034525,压力调节阀,ф10*1/4 AS3201F-02-10SA,备件,个,,,,,0,已启用,,,53.55,否,否
2995,备件,40034524,压力调节阀,ф10*3/8 AS3201F-03-10SA,备件,个,,,,,0,已启用,,,66.69,否,否
2996,备件,40034523,压力调节阀,ф10*1/2 AS4201F-04-10SA,备件,个,,,,,0,已启用,,,117.66,否,否
2997,备件,40034522,压力调节阀,ф12*1/4 AS3201F-02-12SA,备件,个,,,,,0,已启用,,,94.63,否,否
2998,备件,40034521,压力调节阀,ф12*3/8 AS3201F-03-12SA,备件,个,,,,,0,已启用,,,94.63,否,否
2999,备件,40034520,压力调节阀,ф6*3/8 AS3201F-03-06SA,备件,个,,,,,0,已启用,,,66.39,否,否
3000,备件,40034519,压力调节阀,ф8*1/8 AS2201F-01-08SA,备件,个,,,,,0,已启用,,,55.57,否,否
3001,备件,40034518,压力调节阀,ф12*1/2 AS4201F-04-12SA,备件,个,,,,,0,已启用,,,106.94,否,否
3002,备件,40034515,漫折射光电开关,E3Z-D82K,备件,个,,,,,0,已启用,,,509.99,否,否
3003,备件,40034512,接近开关,IFS200 DC:10-30V/IFM/灌装杀菌系统,备件,个,,,,,0,已启用,,,303.98,否,否
3004,备件,40034511,接触器,LC1D32M7C,备件,个,,,,,0,已启用,,,109.85,否,否
3005,备件,40034510,按钮开关,ZB2-BW34C（整套）,备件,套,,,,,0,已启用,,,35.40,否,否
3006,备件,40034509,常开触点,ZB2-BE101C,备件,个,,,,,0,已启用,,,5.09,否,否
3007,备件,40034508,常开触点,ZB2-BZ101C,备件,个,,,,,0,已启用,,,10.84,否,否
3008,备件,40034507,消音器,AN200-02,备件,个,,,,,0,已启用,,,22.28,否,否
3009,备件,40034506,电机断路器,GV2-ME06C 1-1.6A,备件,台,,,,,0,已启用,,,132.74,否,否
3010,备件,40034502,马达断路器,GV2-ME20C/13-18A,备件,个,,,,,0,已启用,,,170.80,否,否
3011,备件,40034500,断路器,IC65N 2P C40A,备件,个,,,,,0,已启用,,,70.27,否,否
3012,备件,40034499,断路器,IC65N 3P C6A,备件,个,,,,,0,已启用,,,101.49,否,否
3013,备件,40034498,断路器,IC65N 3P C25A,备件,个,,,,,0,已启用,,,90.27,否,否
3014,备件,40034497,断路器,IC65N 3P C32A,备件,个,,,,,0,已启用,,,90.02,否,否
3015,备件,40034495,漏电断路器,EA9RN3C3230CA,备件,个,,,,,0,已启用,,,194.22,否,否
3016,备件,40034494,漏电断路器 ,EA9RN3C1030CA,备件,个,,,,,0,已启用,,,197.07,否,否
3017,备件,40034493,漏电断路器,EA9RN2C4030CA,备件,个,,,,,0,已启用,,,119.47,否,否
3018,备件,40034492,漏电断路器,EA9RN2C2530CA,备件,个,,,,,0,已启用,,,115.66,否,否
3019,备件,40034491,漏电断路器,A9P08625+A9Y53625,备件,套,,,,,0,已启用,,,100.89,否,否
3020,备件,40034490,松下直流继电器,APAN3124,备件,个,,,,,0,已启用,,,19.47,否,否
3021,备件,40034489,固态继电器,RSS113024/DC：24V,备件,个,,,,,0,已启用,,,47.79,否,否
3022,备件,40034488,直流接触器,LP1K0610BD,备件,个,,,,,0,已启用,,,112.39,否,否
3023,备件,40034487,交流接触器,J2S1811/AC：220V,备件,个,,,,,0,已启用,,,33.19,否,否
3024,备件,40034486,交流接触器,CJ2S0911/AC：220V,备件,个,,,,,0,已启用,,,24.78,否,否
3025,备件,40034485,交流接触器,CJ2S1211/AC：220V,备件,个,,,,,0,已启用,,,25.66,否,否
3026,备件,40034484,交流接触器,CJ2S3211/AC：220V,备件,个,,,,,0,已启用,,,58.41,否,否
3027,备件,40034483,交流接触器,NXC-9 AC：220V,备件,个,,,,,0,已启用,,,26.55,否,否
3028,备件,40034482,交流接触器,CJX2-2510 AC:220V,备件,个,,,,,0,已启用,,,44.07,否,否
3029,备件,40034481,常开按钮触点,A22-EK10,备件,个,,,,,0,已启用,,,8.85,否,否
3030,备件,40034480,常闭按钮触点,A22-EK01,备件,个,,,,,0,已启用,,,5.31,否,否
3031,备件,40034479,不锈钢孔用卡环,Φ100,备件,个,,,,,0,已启用,,,10.27,否,否
3032,备件,40034478,不锈钢轴用卡环,Φ90,备件,个,,,,,0,已启用,,,8.85,否,否
3033,备件,40034477,氧化铝砂布,100目,备件,包,,,,,0,已启用,,,52.21,否,否
3034,备件,40034476,氧化铝砂布,60目,备件,包,,,,,0,已启用,,,49.56,否,否
3035,备件,40034475,氧化铝砂布,36目,备件,包,,,,,0,已启用,,,44.25,否,否
3036,备件,40034474,不锈钢金属软管,DN15*80,备件,根,,,,,0,已启用,,,23.89,否,否
3037,备件,40034473,不锈钢金属软管,DN15*50,备件,根,,,,,0,已启用,,,21.24,否,否
3038,备件,40034472,不锈钢金属软管,DN15*30,备件,根,,,,,0,已启用,,,15.93,否,否
3039,备件,40034471,不锈钢电焊条,Φ3.2mm,备件,包,,,,,0,已启用,,,61.94,否,否
3040,备件,40034470,不锈钢电焊条,Φ2.5mm,备件,包,,,,,0,已启用,,,60.17,否,否
3041,备件,40034469,结构钢电焊条422,3.2mm,备件,包,,,,,0,已启用,,,60.17,否,否
3042,备件,40034468,结构钢电焊条422,2.5mm,备件,包,,,,,0,已启用,,,61.95,否,否
3043,备件,40034467,固体石蜡,,备件,块,,,,,0,已启用,,,24.78,否,否
3044,备件,40034466,磨刀石,,备件,个,,,,,0,已启用,,,22.12,否,否
3045,备件,40034465,护目镜,,备件,个,,,,,0,已启用,,,8.85,否,否
3046,备件,40034462,不锈钢水龙头,DN20  6分,备件,个,,,,,0,已启用,,,15.93,否,否
3047,备件,40034461,不锈钢水龙头,DN15  4分,备件,个,,,,,0,已启用,,,24.78,否,否
3048,备件,40034460,不锈钢丝扣球阀,DN25 1寸,备件,个,,,,,0,已启用,,,34.52,否,否
3049,备件,40034458,钢丝刷,,备件,把,,,,,0,已启用,,,3.54,否,否
3050,备件,40034457,铜丝刷,,备件,把,,,,,0,已启用,,,3.54,否,否
3051,备件,40034456,氩弧焊钨极,2.5,备件,盒,,,,,0,已启用,,,202.35,否,否
3052,备件,40034454,内外丝铜球阀,Φ1/4,备件,个,,,,,0,已启用,,,7.79,否,否
3053,备件,40034453,AB胶,,备件,支,,,,,0,已启用,,,2.21,否,否
3054,备件,40034452,安装不锈钢插销,,备件,个,,,,,0,已启用,,,13.27,否,否
3055,备件,40034449,直插接头,Φ1/4-8mm,备件,个,,,,,0,已启用,,,3.54,否,否
3056,备件,40034446,行程开关,,备件,个,,,,,0,已启用,,,19.47,否,否
3057,备件,40034445,氩弧焊开关,,备件,个,,,,,0,已启用,,,10.62,否,否
3058,备件,40034444,公牛暗装五孔插座,10A,备件,个,,,,,0,已启用,,,7.90,否,否
3059,备件,40034442,不锈钢氩弧焊316焊条,1.6,备件,盒,,,,,0,已启用,,,287.61,否,否
3060,备件,40034441,不锈钢氩弧焊304焊条,1.6,备件,盒,,,,,0,已启用,,,154.86,否,否
3061,备件,40034438,不锈钢喉箍,46-70,备件,个,,,,,0,已启用,,,0.80,否,否
3062,备件,40034437,不锈钢喉箍,40-63,备件,个,,,,,0,已启用,,,0.80,否,否
3063,备件,40034436,不锈钢喉箍,33-57,备件,个,,,,,0,已启用,,,0.71,否,否
3064,备件,40034435,不锈钢喉箍,21-38,备件,个,,,,,0,已启用,,,1.77,否,否
3065,备件,40034433,砂纸/320目,,备件,包,,,,,0,已启用,,,49.56,否,否
3066,备件,40034428,带柄百叶轮,6*30,备件,个,,,,,0,已启用,,,1.15,否,否
3067,备件,40034427,带柄百叶轮,6*25,备件,个,,,,,0,已启用,,,0.98,否,否
3068,备件,40034426,带柄百叶轮,6*20,备件,个,,,,,0,已启用,,,0.89,否,否
3069,备件,40034425,带柄百叶轮,6*15,备件,个,,,,,0,已启用,,,0.80,否,否
3070,备件,40034423,羊毛毡磨头,,备件,个,,,,,0,已启用,,,4.42,否,否
3071,备件,40034422,长方体细油石,150*20*14mm,备件,根,,,,,0,已启用,,,5.75,否,否
3072,备件,40034421,三角细油石,150*16mm,备件,根,,,,,0,已启用,,,5.76,否,否
3073,备件,40034419,管卡,U型DN76,备件,个,,,,,0,已启用,,,2.83,否,否
3074,备件,40034415,焊锡条,,备件,根,,,,,0,已启用,,,86.73,否,否
3075,备件,40034412,高温气管,PAN-10X1.5-BL,备件,米,,,,,0,已启用,,,20.65,否,否
3076,备件,40034404,诺信通针,901923,备件,个,,,,,0,已启用,,,120.00,否,否
3077,备件,40034399,中间继电器,MY4NJ  DC:24V,备件,个,,,,,0,已启用,,,16.68,否,否
3078,备件,40034398,中间继电器,MY3NJ  DC:24V,备件,个,,,,,0,已启用,,,23.89,否,否
3079,备件,40034397,中间继电器,MY2NJ  DC:24V,备件,个,,,,,0,已启用,,,19.76,否,否
3080,备件,40034396,热过载继电器,JR36-20  3.2-5A,备件,个,,,,,0,已启用,,,15.93,否,否
3081,备件,40034395,热过载继电器,JS36-63/20-32A,备件,个,,,,,0,已启用,,,20.36,否,否
3082,备件,40034394,时间继电器,JS14P/99S/AC：220V,备件,个,,,,,0,已启用,,,46.81,否,否
3083,备件,40034393,时间继电器,JSZSC-FAC220V,备件,个,,,,,0,已启用,,,54.51,否,否
3084,备件,40034259,不锈钢平键,5*30,备件,个,,,,,0,已启用,,,0.97,否,否
3085,备件,40034258,不锈钢平键,5*40,备件,个,,,,,0,已启用,,,1.24,否,否
3086,备件,40034239,弯头,Φ6mm QSL-6,备件,个,,,,,0,已启用,,,9.22,否,否
3087,备件,40034238,弯头,Φ4*1/8 QSL-G1/8-4,备件,个,,,,,0,已启用,,,9.50,否,否
3088,备件,40034236,弯头,Φ6*G1/4 QSL-G1/4-6,备件,个,,,,,0,已启用,,,13.88,否,否
3089,备件,40034235,弯头,ф8*G1/8 QSL-G1/8-8,备件,个,,,,,0,已启用,,,10.18,否,否
3090,备件,40034434,不锈钢喉箍,14-27,备件,个,,,,,0,已启用,,,1.50,否,否
3091,备件,40034432,角磨机切割片/100*16,100*16,备件,盒,,,,,0,已启用,,,46.02,否,否
3092,备件,40034431,角磨机抛光片,100*16,备件,盒,,,,,0,已启用,,,84.07,否,否
3093,备件,40034430,尼龙抛光轮,100,备件,个,,,,,0,已启用,,,26.55,否,否
3094,备件,40034417,油漆刷,2寸,备件,把,,,,,0,已启用,,,2.65,否,否
3095,备件,40034416,油漆刷,1寸,备件,把,,,,,0,已启用,,,2.65,否,否
3096,备件,40034234,弯头,ф8*G1/4 QSL-G1/4-8,备件,个,,40034234,,,0,已启用,,,,否,否
3097,备件,40034233,弯头,ф6*G1/8 QSL-G1/8-6,备件,个,,40034233,,,0,已启用,,,,否,否
3098,备件,40034232,快插螺纹直通气管接头,NPT1/4 Ф8直通,备件,个,,40034232,,,0,已启用,,,,否,否
3099,备件,40034231,弯头,Φ4*5m KQ2L04-M5N,备件,个,,40034231,,,0,已启用,,,,否,否
