序号,物料大类,条码/物料编码,名称/物料描述,规格型号,分类/物料组,计量单位,品牌,自定义类别,保质期(天),保质期预警(天),保留小数,状态,标箱折扣系数,货期(天),默认价格,是否标识管理,是否费用化资产
1,综合物资,8000021401,冰糖葫芦签子,1000根/包,食堂用品,包,,,,,0,已启用,,,20.00,否,否
2,综合物资,8000021400,冰糖葫芦架,1.5米,食堂用品,根,,,,,0,已启用,,,106.00,否,否
3,综合物资,8000021399,坐椅套,椅套+坐垫,食堂用品,套,,,,,0,已启用,,,55.00,否,否
4,综合物资,8000021398,定时器,80*75*20mm,食堂用品,个,,,,,0,已启用,,,17.00,否,否
5,综合物资,8000021397,色谱柱,880975-902SB-C18-4.6*250MM,实验耗材,根,安捷伦,,,,0,已启用,,,5980.00,否,否
6,综合物资,8000021396,防砸防刺鞋（43码）,FF0503,劳保用品,双,世达,,,,0,已启用,,,159.00,否,否
7,综合物资,8000021395,隔音耳罩,SBR：32DB /05031,劳保用品,个,世达,,,,0,已启用,,,70.00,否,否
8,综合物资,8000021394,夏季拖鞋,35码,劳保用品,双,,,,,0,已启用,,,40.00,否,否
9,综合物资,8000021393,夏季工鞋,35码,劳保用品,双,多走路,,,,0,已启用,,,109.00,否,否
10,综合物资,8000021392,和面机,10L 7斤面团,食堂用品,台,,,,,0,已启用,,,810.00,否,否
11,综合物资,8000021391,挂壁式风扇,白色 三叶遥控款,办公用具、费用化资产,个,格力,,,,0,已启用,,,340.00,否,否
12,综合物资,8000021390,清洗玻璃工具,8米3节,办公用具、费用化资产,个,,,,,0,已启用,,,235.00,否,否
13,综合物资,8000021389,仪器防尘罩,阻燃、防水、防尘、长0.65m*宽0.55m*高0.3m,办公耗材,个,,,,,0,已启用,,,210.00,否,否
14,综合物资,8000021388,不干胶标签贴纸,15.5*28mm,办公耗材,包,,,,,0,已启用,,,16.00,否,否
15,综合物资,8000021387,自粘透明空白标签,12张/包,办公耗材,包,,,,,0,已启用,,,23.00,否,否
16,综合物资,8000021386,A4 亚克力卡槽,6寸横款,办公耗材,个,,,,,0,已启用,,,4.50,否,否
17,综合物资,8000021385,水池密封盖,10个/包,办公耗材,包,,,,,0,已启用,,,11.00,否,否
18,综合物资,30001110,氨氮试剂,240片/盒,污水吨水处理,盒,百灵达,,,,0,已启用,,,1398.00,否,否
19,综合物资,8000021349,75%酒精,500ml/瓶,辅料试剂类,瓶,贵鑫,,,,0,已启用,,,,否,否
20,综合物资,30001112,定性滤纸,中18cm*100张/盒,污水吨水处理,盒,,,,,0,已启用,0.000,,58.00,否,否
21,综合物资,30001037,PH校准液,7.00 ,污水吨水处理,瓶,梅特勒,,,,0,已启用,0.000,,203.00,否,否
22,综合物资,30001038,PH校准液,4.01,污水吨水处理,瓶,梅特勒,,,,0,已启用,0.000,,203.00,否,否
23,综合物资,30001283,磷肥,不含钙镁,污水吨水处理,袋,,,,,0,已启用,0.000,,395.00,否,否
24,综合物资,30001071,PAM,25KG/袋,污水吨水处理,袋,,,,,0,已启用,0.000,,430.00,否,否
25,综合物资,30001111,PAC,25KG/袋,污水吨水处理,袋,,,,,0,已启用,0.000,,85.00,否,否
26,综合物资,30001072,COD试剂,25支/盒,污水吨水处理,盒,海争,,,,0,已启用,0.000,,360.00,否,否
27,综合物资,30001074,在线COD试剂,3瓶/1套,污水吨水处理,套,,,30,,0,已启用,0.000,,1800.00,否,否
28,综合物资,30000041,阻垢剂,25kg/桶,制水产水药剂,桶,,,,,0,已启用,0.000,,750.00,否,否
29,综合物资,30001296,称料袋（小）,210x180x0.09,车间产线辅材,个,,,,,0,已启用,0.000,,0.00,否,否
30,综合物资,30001295,称料袋（中）,540x330x0.1,车间产线辅材,个,,,,,0,已启用,0.000,,0.00,否,否
31,综合物资,30001039,称料袋（大）,500x900x0.12,车间产线辅材,个,,,,,0,已启用,0.000,,1.00,否,否
32,综合物资,30001049,清洗剂,0030/1L,车间产线辅材,瓶,易瑞德,,,,0,已启用,0.000,,100.00,否,否
33,综合物资,30001048,溶剂,1512/1L,车间产线辅材,瓶,易瑞德,,,,0,已启用,0.000,,280.00,否,否
34,综合物资,30001047,墨码机油墨,1240/0.5L,车间产线辅材,瓶,易瑞德,,,,0,已启用,0.000,,480.00,否,否
35,综合物资,30001057,片碱,25KG/袋,制水产水药剂,袋,,,,,0,已启用,0.000,,200.00,否,否
36,综合物资,30001058,康星季铵盐消毒液,25KG/桶,车间产线辅材,桶,康星,,,,0,已启用,0.000,,800.00,否,否
37,综合物资,30000005,二氧化氯,AB剂  秀霸2kg/组,车间产线辅材,组,秀霸,,,,0,已启用,0.000,,95.00,否,否
38,综合物资,30000636,75%酒精,&amp;amp;quot;30瓶/箱   500ml/瓶&amp;amp;quot;,车间产线辅材,箱,贵鑫,,,,0,已启用,0.000,,180.00,否,否
39,综合物资,8000021329,水系无机过滤膜,0.45微米,实验耗材,包,,,,,0,已启用,,,60.00,否,否
40,综合物资,8000021328,磁力搅拌器转子,8*30mm,实验耗材,粒,,,,,0,已启用,,,10.00,否,否
41,综合物资,8000021327,室内温度计,充电款,办公用品物料组,个,,,,,0,已启用,,,55.00,否,否
42,综合物资,8000021326,低温温度计,BX790,办公用品物料组,个,,,,,0,已启用,,,35.00,否,否
43,综合物资,8000021325,扎带,4x200mm德力西,办公用品物料组,包,德力西,,,,0,已启用,,,25.00,否,否
44,综合物资,8000021324,刮丝器,,食堂用品,个,,,,,0,已启用,,,35.00,否,否
45,综合物资,8000021323,防烫垫,,食堂用品,张,,,,,0,已启用,,,4.00,否,否
46,综合物资,8000021322,风扇,,办公用品物料组,个,,,,,0,已启用,,,156.00,否,否
47,综合物资,8000021321,香薰,,办公用品物料组,支,,,,,0,已启用,,,0.08,否,否
48,综合物资,8000021320,一次性洁净服,连体/XXXL,劳保用品,件,,,,,0,已启用,,,67.00,否,否
49,综合物资,8000021319,警示反光安全标识贴,红白斜纹 30cm*50m,安全物资,卷,,,,,0,已启用,,,330.00,否,否
50,综合物资,8000021318,警示反光安全标识贴,红白斜纹 5cm*50m,安全物资,卷,,,,,0,已启用,,,48.00,否,否
51,综合物资,8000021317,耐酸碱雨鞋(升级防滑底款）,白色 40码,劳保用品,双,,,,,0,已启用,,,67.00,否,否
52,综合物资,8000021316,黄油喷剂,,叉车维保,瓶,,,,,0,已启用,,,10.00,否,否
53,综合物资,8000021315,铁皮柜,550*440*650,办公用品物料组,个,,,,,0,已启用,0.000,,980.00,否,否
54,综合物资,8000021314,电池充电器,4槽快充,办公用品物料组,个,德力普,,,,0,已启用,,,67.00,否,否
55,综合物资,8000021313,收纳筐,升级加粗床边挂篮,办公用品物料组,个,,,,,0,已启用,,,32.00,否,否
56,综合物资,8000021312,收纳筐,不锈钢 小号,办公用品物料组,个,,,,,0,已启用,,,35.00,否,否
57,综合物资,8000021311,水龙头,全铜加厚3c142 加长款155mm,办公用品物料组,个,,,,,0,已启用,0.000,,35.00,否,否
58,综合物资,8000021310,床上六件套,90×200cm六件套,办公用品物料组,套,鹿雅,,,,0,已启用,,,502.00,否,否
59,综合物资,8000021309,维修警示牌,禁止合闸,办公用品物料组,块,,,,,0,已启用,0.000,,11.00,否,否
60,综合物资,8000021308,高筒靴收纳器,,办公用品物料组,个,,,,,0,已启用,,,25.00,否,否
61,综合物资,8000021307,气瓶状态标识,3区B款、10*10CM,办公用品物料组,个,,,,,0,已启用,0.000,,6.00,否,否
62,综合物资,8000021306,空调除霉剂,500ML/瓶,办公用品物料组,瓶,,,,,0,已启用,0.000,,20.00,否,否
63,综合物资,8000021305,安全出口消防疏散贴,30*20CM（带夜光）/一套5张,办公用品物料组,套,,,,,0,已启用,,,35.00,否,否
64,综合物资,8000021304,对讲机电池,R2,办公耗材,个,摩托罗拉,,,,0,已启用,0.000,,565.00,否,否
65,综合物资,8000021277,抽纸,200抽/包,办公耗材,包,心相印,,,,0,已启用,,,,否,否
66,综合物资,8000021276,索引标签贴,200张/本,办公耗材,本,,,,,0,已启用,,,,否,否
67,综合物资,8000021245,接油槽挡板,112cm×15cm,办公用具、费用化资产,件,,,,,0,已启用,,,110.00,否,否
68,综合物资,8000021242,A4打印纸,500张/包,办公用品物料组,包,得力尚木,,,,0,已启用,,,,否,否
69,综合物资,8000021241,脚踩垃圾桶,,办公用品物料组,个,国悦,,,,0,已启用,,,29.90,否,否
70,综合物资,55000264,A4打印纸,得力木尚 5包/箱,办公用品物料组,箱,得力,,,,0,已启用,0.000,,103.00,否,否
71,综合物资,55000215,美工刀片,2012,办公用品物料组,盒,得力,,,,0,已启用,,,1.85,否,否
72,综合物资,55000377,小双头记号笔,6824  黑色&quot;,办公用品物料组,支,得力,,,,0,已启用,,,1.00,否,否
73,综合物资,55000401,透明胶带,30320,办公用品物料组,卷,得力,,,,0,已启用,0.000,,2.00,否,否
74,综合物资,55000017,回形针,0018(不锈钢）,办公用品物料组,盒,得力,,,,0,已启用,,,1.20,否,否
75,综合物资,55000349,固体胶,7090,办公用品物料组,支,得力,,,,0,已启用,0.000,,1.00,否,否
76,综合物资,55000375,按动笔,S01 黑色,办公用品物料组,支,得力,,,,0,已启用,0.000,,1.00,否,否
77,综合物资,55000133,白板笔,6817（黑色）,办公用品物料组,盒,得力,,,,0,已启用,0.000,,11.00,否,否
78,综合物资,55000463,按动笔芯,6906 0.5mm（黑色）,办公用品物料组,支,得力,,,,0,已启用,0.000,,0.00,否,否
79,综合物资,8000021231,中红外调零夜,500ml/瓶,实验耗材,瓶,PE,,,,0,已启用,,,990.00,否,否
80,综合物资,8000021230,中红外清洗液,5L/瓶,实验耗材,瓶,PE,,,,0,已启用,,,890.00,否,否
81,综合物资,8000021229,食堂收纳盒,长37.5*宽26高13cm,食堂用品,个,,,,,0,已启用,,,19.00,否,否
82,综合物资,8000021228,防水袖套,黑色 长36cm*宽18cm,食堂用品,双,,,,,0,已启用,,,14.00,否,否
83,综合物资,8000021227,不锈钢清洁铲刀,,食堂用品,把,,,,,0,已启用,,,18.00,否,否
84,综合物资,8000021226,5S蓝色定位胶布,宽5mm*50m  链接12卷为一份,办公耗材,卷,,,,,0,已启用,,,13.00,否,否
85,综合物资,8000021225,地面定位胶布,宽50mm*50m,办公耗材,卷,,,,,0,已启用,,,13.00,否,否
86,综合物资,8000021224,马勺钩,,食堂用品,个,,,,,0,已启用,,,4.60,否,否
87,综合物资,8000021223,六格餐盘,桔色五件套,食堂用品,个,,,,,0,已启用,,,23.00,否,否
88,综合物资,8000021222,冰凉降温贴,20张/盒,劳保用品,盒,,,,,0,已启用,,,20.00,否,否
89,综合物资,8000021221,液压千斤顶,97813A 承重3吨,叉车维保,台,世达,,,,0,已启用,,,998.00,否,否
90,综合物资,8000021220,卡钳,7寸,叉车维保,把,世达,,,,0,已启用,,,40.00,否,否
91,综合物资,8000021219,药剂分装瓶,瓶口内径19.6mm，底径30mm，高度52mm（20ml),办公用具、费用化资产,个,,,,,0,已启用,,,2.00,否,否
92,综合物资,8000021218,防水温度计食品中心温度计,,办公用具、费用化资产,个,,,,,0,已启用,,,280.00,否,否
93,综合物资,8000021217,排插保护盖罩,235*126*100,办公用具、费用化资产,个,,,,,0,已启用,,,21.00,否,否
94,综合物资,8000021216,固定剂保存箱,433*254*21 ,办公用具、费用化资产,个,,,,,0,已启用,,,258.00,否,否
95,综合物资,8000021215,鞋柜,1500*350*1800mm,办公用具、费用化资产,个,,,,,0,已启用,,,1550.00,否,否
96,综合物资,8000021214,索引标签贴,1200枚/盒,办公耗材,盒,,,,,0,已启用,,,22.00,否,否
97,综合物资,8000021213,美纹纸,2cm*50m,办公耗材,卷,,,,,0,已启用,,,6.00,否,否
98,综合物资,8000021194,便携式燃气气体检漏仪,3C标准款,办公用具、费用化资产,台,,,,,0,已启用,,,306.00,否,否
99,综合物资,8000021193,16口POE交换机,16口千兆,办公用具、费用化资产,台,水星,,,,0,已启用,,,395.00,否,否
100,综合物资,8000021186,KN595头戴式口罩,KN95,劳保用品,个,,,,,0,已启用,,,,否,否
101,综合物资,8000021184,红色大双头记号笔,S555,办公用品,支,,,,,0,已启用,,,2.58,否,否
102,综合物资,8000021183,红色大双头记号笔,S555,办公用品,支,,,,,0,已停用,,,,否,否
103,综合物资,8000021182,不锈钢桌子,食堂定制,固定资产,个,,,,,0,已启用,,,1850.00,否,否
104,综合物资,8000021181,地面清洁剂,,办公耗材,瓶,滴露,,,,0,已启用,,,163.00,否,否
105,综合物资,8000021180,台面清洁剂,,办公耗材,瓶,滴露,,,,0,已启用,,,85.00,否,否
106,综合物资,8000021179,毛巾灰色,加厚,食堂用品,张,,,,,0,已启用,,,5.50,否,否
107,综合物资,8000021178,毛巾绿色,加厚,食堂用品,张,,,,,0,已启用,,,5.50,否,否
108,综合物资,8000021177,毛巾白色,加厚,食堂用品,张,,,,,0,已启用,,,5.50,否,否
109,综合物资,8000021176,毛巾咖色,加厚,食堂用品,张,,,,,0,已启用,,,5.50,否,否
110,综合物资,8000021175,汞溴红溶液,,劳保用品,瓶,,,,,0,已启用,,,8.00,否,否
111,综合物资,8000021174,不锈钢水管收纳车,30*40*28cm,办公用具、费用化资产,台,,,,,0,已启用,,,330.00,否,否
112,综合物资,8000021173,感应式水龙头,,办公用具、费用化资产,个,,,,,0,已启用,,,165.00,否,否
113,综合物资,8000021172,漏水自动感应传感器,,办公用具、费用化资产,个,小米,,,,0,已启用,,,95.00,否,否
114,综合物资,8000021171,极速救心丸,40mg/丸,劳保用品,盒,达仁堂,,,,0,已启用,,,67.00,否,否
115,综合物资,8000021170,氢氧化钠容量分析用 溶液标准物质,1L/瓶,实验耗材,瓶,海岸鸿蒙,,,,0,已启用,,,180.00,否,否
116,综合物资,8000021169,紫外强度指示卡,50片/盒,实验耗材,盒,四环,,,,0,已启用,,,60.00,否,否
117,综合物资,8000021168,冷暖风机,黑色 语音智控款,办公用具、费用化资产,台,美的,,,,0,已启用,,,620.00,否,否
118,综合物资,8000021167,尺子,铝制直尺15cm,办公耗材,把,,,,,0,已启用,,,15.20,否,否
119,综合物资,8000021166,抽纸,48包 120抽/包,办公耗材,箱,心相印,,,,0,已启用,0.000,,141.00,否,否
120,综合物资,8000021165,防撞条,,办公耗材,米,,,,,0,已启用,,,3.00,否,否
121,综合物资,8000021164,防护反穿衣+面罩,,劳保用品,套,,,,,0,已启用,,,55.00,否,否
122,综合物资,8000021163,不锈钢杯架,,办公耗材,个,,,,,0,已启用,,,40.00,否,否
123,综合物资,8000021162,高压喷壶,2L加厚款,办公耗材,个,德力西,,,,0,已启用,,,30.00,否,否
124,综合物资,8000021131,3M耳塞,311-1250,劳保用品,个,3M,,,,0,已启用,0.000,,,否,否
125,综合物资,8000021130,一次性发帽,手工35克 50个/包,一次性用品,个,,,,,0,已启用,0.000,,,否,否
126,综合物资,8000021113,咖啡因标准品,100mg,办公耗材,瓶,伟业计量,,,,0,已启用,,,750.00,否,否
127,综合物资,8000021112,牛磺酸标准品,250mg,实验耗材,瓶,伟业计量,,,,0,已启用,,,350.00,否,否
128,综合物资,8000021111,食用合成色素柠檬黄标准物质,5ml/0.500mg/ml,实验耗材,瓶,中国计量院,,,,0,已启用,,,75.00,否,否
129,综合物资,8000021100,防毒面具,6200尘毒两用,劳保用品,个,,,,,0,已启用,,,68.00,否,否
130,综合物资,8000021099,耐酸碱手套,长袖/M,劳保用品,双,,,,,0,已启用,0.000,,29.00,否,否
131,综合物资,8000021098,口罩收纳盒,3格,办公用具、费用化资产,个,,,,,0,已启用,,,51.00,否,否
132,综合物资,8000021097,水桶,15L食品级,办公用具、费用化资产,个,,,,,0,已启用,,,18.00,否,否
133,综合物资,8000021096,轴承万向轮,2.5寸灰色橡胶单轮,办公用具、费用化资产,个,,,,,0,已启用,,,6.00,否,否
134,综合物资,8000021095,笔记本,A5红色 128页,办公耗材,本,,,,,0,已启用,,,7.00,否,否
135,综合物资,8000021094,电箱锁,MS308-2,办公耗材,把,,,,,0,已启用,,,15.50,否,否
136,综合物资,8000021092,2026年福袋,,集团促进物,包,华彬,,,,0,已启用,,,0.00,否,否
137,综合物资,8000021078,2026年集团定制笔记本（小）,,办公耗材,本,华彬,,,,0,已启用,,,,否,否
138,综合物资,8000021077,2026年集团定制笔记本（大）,,办公耗材,本,华彬,,,,0,已启用,,,,否,否
139,综合物资,8000021076,战马试饮杯,,通用类,箱,华彬,,,,0,已启用,,,,否,否
140,综合物资,8000021060,人脸识别一体机,,固定资产,个,,,,,0,已启用,,,1600.00,否,否
141,综合物资,8000021059,双面电子挂钟,,固定资产,个,,,,,0,已启用,,,2555.53,否,否
142,综合物资,8000021058,哲弘地YP109定时器,AC220V-240V 中文,办公用具、费用化资产,个,哲弘地	,,,,0,已启用,,,52.00,否,否
143,综合物资,8000021017,战马-菠萝西柚,24罐,客情维护,箱,战马,,,,0,已启用,,,,否,否
144,综合物资,8000021016,战马-青苹果葡萄,24罐,客情维护,箱,战马,,,,0,已启用,,,,否,否
145,综合物资,8000021015,战马-春日白桃,24罐,客情维护,箱,战马,,,,0,已启用,,,,否,否
146,综合物资,8000021014,战马-夏日柠檬,24罐,客情维护,箱,战马,,,,0,已启用,,,,否,否
147,综合物资,8000021013,战马-蓝莓黑加仑,24罐,客情维护,箱,战马,,,,0,已启用,,,,否,否
148,综合物资,8000021012,战马-夏日果酱,24罐,客情维护,箱,战马,,,,0,已启用,,,,否,否
149,综合物资,8000021011,2026年集团日历,,办公用品,本,华彬,,,,0,已启用,,,0.10,否,否
150,综合物资,8000021010,心心相印挂壁式抽纸,320抽*1*12提,食堂用品,箱,心心相印,,,,0,已启用,,1080,118.80,否,否
151,综合物资,8000020997,透明餐盘保温盖,,食堂用品,个,,,,,0,已启用,,,88.00,否,否
152,综合物资,8000020996,碗筷汤勺放置处指示牌,20*10CM,食堂用品,张,,,,,0,已启用,,,10.00,否,否
153,综合物资,8000020995,剩饭剩菜倒入此处指示牌,20*10CM,食堂用品,张,,,,,0,已启用,,,10.00,否,否
154,综合物资,8000020994,洗洁精手动抽液器,,食堂用品,个,,,,,0,已启用,,,10.00,否,否
155,综合物资,8000020993,安全警示标示牌,,食堂用品,张,,,,,0,已启用,,,7.00,否,否
156,综合物资,8000020992,黄色反光胶带 ,5CM*43米,办公耗材,个,,,,,0,已启用,,,42.00,否,否
157,综合物资,8000020991,踏步板楼梯,,办公用具、费用化资产,个,,,,,0,已启用,,,66.00,否,否
158,综合物资,8000020990,苍蝇拍,,办公用具、费用化资产,个,,,,,0,已启用,,,95.00,否,否
159,综合物资,8000020989,纽扣电池,CR2032   3V,办公耗材,粒,南孚,,,,0,已启用,,,3.00,否,否
160,综合物资,8000020988,除菌地板清洁液,,办公耗材,瓶,滴露,,,,0,已启用,,,82.00,否,否
161,综合物资,8000020987,除螨喷雾,,实验耗材,瓶,安速,,,,0,已启用,,,41.00,否,否
162,综合物资,8000020986,除菌喷雾,,办公耗材,瓶,滴露,,,,0,已启用,,,59.00,否,否
163,综合物资,8000020982,切割机弹簧,,实验耗材,根,嘉仪,,,,0,已启用,,,45.00,否,否
164,综合物资,8000020981,正己烷,4L/瓶  色谱纯,实验耗材,瓶,默克,,,,0,已启用,,,600.00,否,否
165,综合物资,8000020958,保温桶,60L,食堂用品,个,哈迈伽,,,,0,已启用,,,145.00,否,否
166,综合物资,8000020957,物料中转箱,40*60,通用类,个,,,,,0,已启用,,,,否,否
167,综合物资,8000020956,物料中转箱,57*70,通用类,个,,,,,0,已启用,,,,否,否
168,综合物资,8000020938,耐酸碱通风试剂柜,900*450*1800MM（W*D*H）,固定资产,个,博锐科技,,,,0,已启用,,,5000.00,否,否
169,综合物资,8000020937,插座防水罩,86型通用款,办公耗材,个,,,,,0,已启用,,,17.50,否,否
170,综合物资,8000020936,防静电实验服,阻燃+防静电白色3XL,劳保用品,套,,,,,0,已启用,,,168.00,否,否
171,综合物资,8000020935,防静电实验服,阻燃+防静电白色XL ,劳保用品,套,,,,,0,已启用,,,168.00,否,否
172,综合物资,8000020934,3M防护面具滤毒盒,6001CN,劳保用品,套,3M,,,,0,已启用,,,35.00,否,否
173,综合物资,8000020933,耐酸碱化学防护服,分体服，不含鞋子XL,劳保用品,套,,,,,0,已启用,,,160.00,否,否
174,综合物资,8000020932,耐酸碱化学防护服,分体服，不含鞋子3XL,劳保用品,套,,,,,0,已启用,,,160.00,否,否
175,综合物资,8000020931,刀具消毒柜,DMS12D-5L,办公用具、费用化资产,台,德玛仕,,,,0,已启用,,,2400.00,否,否
176,综合物资,8000020925,一级均质阀,FA00036010,实验耗材,个,PE,,,,0,已启用,,,11200.00,否,否
177,综合物资,8000020924,氧化镁（轻质）,分析纯  10012918 500克,实验耗材,瓶,沪市,,,,0,已启用,,,120.00,否,否
178,综合物资,8000020923,颗粒活性炭,,实验耗材,瓶,天津试剂,,,,0,已启用,,,45.00,否,否
179,综合物资,8000020922,比色皿,UV2900 比色皿,实验耗材,对,日立,,,,0,已启用,,,3650.00,否,否
180,综合物资,8000020921,盐酸,,实验耗材,瓶,川东化工,,,,0,已启用,,,100.00,否,否
181,综合物资,8000020920,304不锈钢称量勺,BKMAM耐酸碱，单头厚款18CM,实验耗材,支,BKMAM,,,,0,已启用,,,5.00,否,否
182,综合物资,8000020919,总磷,0.00 to 3.50 mg/L(PO 4³),实验耗材,盒,,,,,0,已启用,,,1150.00,否,否
183,综合物资,8000020918,总氮LR,0.0 to 25.0 mg/L N,实验耗材,盒,,,,,0,已启用,,,2210.00,否,否
184,综合物资,8000020917,耐低温菌种,25KG/袋,实验耗材,袋,,,,,0,已启用,,,1250.00,否,否
185,综合物资,8000020912,台粮品鉴酒（茅香风味）,500ml,客情维护,瓶,,,,,0,已启用,0.000,,350.00,否,否
186,综合物资,8000020911,台粮品鉴酒（A3）,500ml,客情维护,瓶,,,,,0,已启用,0.000,,120.00,否,否
187,综合物资,8000020910,台粮品鉴酒（A1）,500ml,客情维护,瓶,,,,,0,已启用,0.000,,220.00,否,否
188,综合物资,8000020888,油烟机清洁剂,,食堂用品,瓶,,,,,0,已启用,,,11.00,否,否
189,综合物资,8000020887,冬季工鞋,35码 加绒,劳保用品,双,多走路,,,,0,已启用,0.000,,109.00,否,否
190,综合物资,8000020886,雨伞放置架,,办公用具、费用化资产,个,,,,,0,已启用,,,147.00,否,否
191,综合物资,8000020885,内存条,8G2666HZ,办公用具、费用化资产,条,海力士,,,,0,已启用,,,175.00,否,否
192,综合物资,8000020884,8口交换机,工业级8口千兆,办公用具、费用化资产,台,水星,,,,0,已启用,,,240.00,否,否
193,综合物资,8000020883,水果刀,,办公耗材,把,,,,,0,已启用,,,15.50,否,否
194,综合物资,8000020882,排气扇,12寸（327*327）,办公耗材,个,,,,,0,已启用,,,98.00,否,否
195,综合物资,8000020881,吹气枪,,办公耗材,把,,,,,0,已启用,,,9.00,否,否
196,综合物资,8000020880,硅胶保鲜盖碗,直径6.5CM,办公耗材,个,,,,,0,已启用,,,2.00,否,否
197,综合物资,8000020879,危化品吸附棉,灰色400*500*2mm 20张 ,办公耗材,张,,,,,0,已启用,,,2.50,否,否
198,综合物资,8000020869,PH-3,1L/瓶,实验耗材,瓶,日立,,,,0,已启用,0.000,,,否,否
199,综合物资,8000020862,防护栅栏立柱,2米高,办公用具、费用化资产,根,,,,,0,已启用,,,98.00,否,否
200,综合物资,8000020830,全自动空气源专用压缩机,SPB-3,实验耗材,个,,,,,0,已启用,,,800.00,否,否
201,综合物资,8000020829,砍刀,,食堂用品,把,十八子,,,,0,已启用,,,199.50,否,否
202,综合物资,8000020828,捆绑带,,食堂用品,条,,,,,0,已启用,,,28.00,否,否
203,综合物资,8000020827,一次性水果签,,食堂用品,包,,,,,0,已启用,,,30.00,否,否
204,综合物资,8000020826,托盘盖,,食堂用品,个,,,,,0,已启用,,,68.00,否,否
205,综合物资,8000020825,鞋套机专用鞋套,YDK 268 银色 加厚,劳保用品,包,,,,,0,已启用,,,62.00,否,否
206,综合物资,8000020824,洗手机,,办公用具、费用化资产,个,,升级款,,,0,已启用,0.000,,90.00,否,否
207,综合物资,8000020823,线盘（带电线）,30m*2.5平方线,办公用具、费用化资产,个,公牛,,,,0,已启用,,,290.00,否,否
208,综合物资,8000020822,扫把拖把夹,灰色单夹,办公耗材,个,,,,,0,已启用,,,8.00,否,否
209,综合物资,8000020821,海绵推水刮,45cm,办公耗材,把,,,,,0,已启用,,,40.00,否,否
210,综合物资,8000020820,标签纸,40mm*30mm*750PCS,办公耗材,卷,MYSCAN,备件库使用,,,0,已启用,,,11.00,否,否
211,综合物资,8000020819,红色冲锋衣内胆2XL,2XL,工作服类,件,华彬,,,,0,已启用,,,64.00,否,否
212,综合物资,8000020818,电导率电池仓,S3,实验耗材,个,梅特勒,,,,0,已启用,,,350.00,否,否
213,综合物资,8000020817,剥离机刀头,STR-100,实验耗材,片,嘉仪,,,,0,已启用,,,555.00,否,否
214,综合物资,8000020816,高温灭菌试剂,15瓶/盒,实验耗材,盒,默克,,,,0,已启用,,,960.00,否,否
215,综合物资,8000020751,餐具,,食堂用品,套,,,,,0,已启用,,,247.50,否,否
216,综合物资,8000020750,一次性食品级油纸垫纸,,食堂用品,张,,,,,0,已启用,,,0.13,否,否
217,综合物资,8000020749,食堂专用毛巾,30CM*70CM,食堂用品,张,,,,,0,已启用,,,2.00,否,否
218,综合物资,8000020748,保鲜盒,1600ml,食堂用品,个,,,,,0,已启用,,,36.00,否,否
219,综合物资,8000020747,静音切割机电源线,CSS-1000,实验耗材,根,嘉仪,,,,0,已启用,,,240.00,否,否
220,综合物资,8000020746,C18硅烷键合硅胶色谱柱,"A2006150X046 Polaris 180AAmide-C18,4.6x150 mm/,5um.",实验耗材,根,安捷伦,,,,0,已启用,,,5980.00,否,否
221,综合物资,8000020745,过滤网,45*45公分    （3毫米孔）,办公耗材,张,,,,,0,已启用,,,65.00,否,否
222,综合物资,8000020744,绳子,直径12mm,办公耗材,米,,,,,0,已启用,,,2.56,否,否
223,综合物资,8000020743,充电式7号电池,4槽液晶显示快充,办公耗材,节,,,,,0,已启用,,,12.00,否,否
224,综合物资,8000020742,磨砂油污洗手液,2L,办公耗材,瓶,黑手宝,,,,0,已启用,,,47.50,否,否
225,综合物资,8000020741,钥匙盘,圆环 11位,办公耗材,个,,,,,0,已启用,,,12.50,否,否
226,综合物资,8000020740,单臂移动式焊接烟尘净化器,"功率１.１ＫＷ，工作电压220V,处理风量　２５００m³／ｈ",办公用具、费用化资产,个,派普硕,,,,0,已启用,,,1350.00,否,否
227,综合物资,8000020739,不锈钢水桶,直径30高30  容量20L,办公用具、费用化资产,个,,,,,0,已启用,,,63.00,否,否
228,综合物资,8000020738,零件抽屉柜,650*220*1240/100抽,办公用具、费用化资产,个,,,,,0,已启用,,,762.00,否,否
229,综合物资,8000020737,修正带,71542,办公耗材,个,得力,,,,0,已启用,,,5.00,否,否
230,综合物资,8000020736,危废标签纸,20*20cm 50张/卷,办公耗材,卷,,,,,0,已启用,,,45.00,否,否
231,综合物资,8000020735,危废标签纸,10*10cm 200张/卷,办公耗材,卷,,,,,0,已启用,,,50.00,否,否
232,综合物资,8000020734,插排,2位5孔1.8M,办公耗材,个,公牛,,,,0,已启用,,,36.00,否,否
233,综合物资,8000020733,吸水毛巾,37*75CM加厚不掉毛条/白色,办公耗材,条,,,,,0,已启用,,,16.00,否,否
234,综合物资,8000020732,拖把,结实铁拉绳28cm,办公耗材,把,太太乐,,,,0,已启用,,,41.00,否,否
235,综合物资,30000308,尿素,50KG/包,辅料酸碱类,袋,,,,,2,已启用,0.000,,298.00,否,否
236,综合物资,30001009,液态氮,310,辅料气体类氮,KG,,,,,0,已启用,,,,否,否
237,综合物资,8000020729,充装二氧化碳灭火器,,灭火器,个,,,,,0,已启用,,,45.00,否,否
238,综合物资,8000020713,旧反光背心,退回工服,工作服类,件,华彬,,,,0,已启用,,,,否,否
239,综合物资,8000020712,旧春秋外套,退回工服,工作服类,件,华彬,,,,0,已启用,,,,否,否
240,综合物资,8000020711,旧春秋/冬长裤,退回工服,工作服类,件,华彬,,,,0,已启用,,,,否,否
241,综合物资,8000020710,旧夏季长裤,退回工服,工作服类,件,华彬,,,,0,已启用,,,,否,否
242,综合物资,8000020709,旧夏季短袖,退回工服,工作服类,件,华彬,,,,0,已启用,,,,否,否
243,综合物资,8000020708,旧棉马甲,退回工服,工作服类,件,华彬,,,,0,已启用,,,,否,否
244,综合物资,8000020707,旧文化衫,退回工服,工作服类,件,华彬,,,,0,已启用,,,,否,否
245,综合物资,8000020706,旧冲锋衣内胆,退回工服,工作服类,件,华彬,,,,0,已启用,,,,否,否
246,综合物资,8000020705,旧冲锋衣,退回工服,工作服类,件,华彬,,,,0,已启用,,,,否,否
247,综合物资,8000020704,文化衫（白）2XL,2XL,工作服类,件,华彬,,,,0,已启用,,,,否,否
248,综合物资,8000020703,文化衫（白）XL,XL,工作服类,件,华彬,,,,0,已启用,,,,否,否
249,综合物资,8000020702,文化衫（白）L,L,工作服类,件,华彬,,,,0,已启用,,,,否,否
250,综合物资,8000020701,文化衫（白）M,M,工作服类,件,华彬,,,,0,已启用,,,,否,否
251,综合物资,8000020700,文化衫（白）S,S,工作服类,件,华彬,,,,0,已启用,,,,否,否
252,综合物资,8000020699,文化衫（红）2XL,2XL,工作服类,件,华彬,,,,0,已启用,,,,否,否
253,综合物资,8000020698,文化衫（红）XL,XL,工作服类,件,华彬,,,,0,已启用,,,,否,否
254,综合物资,8000020697,文化衫（红）L,L,工作服类,件,华彬,,,,0,已启用,,,,否,否
255,综合物资,8000020696,文化衫（红）M,M,工作服类,件,华彬,,,,0,已启用,,,,否,否
256,综合物资,8000020695,文化衫（红）S,S,工作服类,件,华彬,,,,0,已启用,,,,否,否
257,综合物资,8000020694,反光背心4XL,4XL,工作服类,件,华彬,,,,0,已启用,,,,否,否
258,综合物资,8000020693,反光背心3XL,3XL,工作服类,件,华彬,,,,0,已启用,,,,否,否
259,综合物资,8000020692,反光背心2XL,2XL,工作服类,件,华彬,,,,0,已启用,,,,否,否
260,综合物资,8000020691,反光背心XL,XL,工作服类,件,华彬,,,,0,已启用,,,,否,否
261,综合物资,8000020690,反光背心L,L,工作服类,件,华彬,,,,0,已启用,,,,否,否
262,综合物资,8000020689,反光背心M,M,工作服类,件,华彬,,,,0,已启用,,,,否,否
263,综合物资,8000020688,反光背心S,S,工作服类,件,华彬,,,,0,已启用,,,,否,否
264,综合物资,8000020687,冬季长裤4XL,4XL,工作服类,件,华彬,,,,0,已启用,,,,否,否
265,综合物资,8000020686,冬季长裤3XL,3XL,工作服类,件,华彬,,,,0,已启用,,,,否,否
266,综合物资,8000020685,冬季长裤2XL,2XL,工作服类,件,华彬,,,,0,已启用,,,,否,否
267,综合物资,8000020684,冬季长裤XL,XL,工作服类,件,华彬,,,,0,已启用,,,,否,否
268,综合物资,8000020683,冬季长裤L,L,工作服类,件,华彬,,,,0,已启用,,,,否,否
269,综合物资,8000020682,冬季长裤M,M,工作服类,件,华彬,,,,0,已启用,,,,否,否
270,综合物资,8000020681,冬季长裤S,S,工作服类,件,华彬,,,,0,已启用,,,,否,否
271,综合物资,8000020680,春秋长裤4XL,4XL,工作服类,件,华彬,,,,0,已启用,,,,否,否
272,综合物资,8000020679,春秋长裤3XL,3XL,工作服类,件,华彬,,,,0,已启用,,,,否,否
273,综合物资,8000020678,春秋长裤2XL,2XL,工作服类,件,华彬,,,,0,已启用,,,,否,否
274,综合物资,8000020677,春秋长裤XL,XL,工作服类,件,华彬,,,,0,已启用,,,,否,否
275,综合物资,8000020676,春秋长裤L,L,工作服类,件,华彬,,,,0,已启用,,,,否,否
276,综合物资,8000020675,春秋长裤M,M,工作服类,件,华彬,,,,0,已启用,,,,否,否
277,综合物资,8000020674,春秋长裤S,S,工作服类,件,华彬,,,,0,已启用,,,,否,否
278,综合物资,8000020673,夏季长裤4XL,4XL,工作服类,件,华彬,,,,0,已启用,,,,否,否
279,综合物资,8000020672,夏季长裤3XL,3XL,工作服类,件,华彬,,,,0,已启用,,,,否,否
280,综合物资,8000020671,夏季长裤2XL,2XL,工作服类,件,华彬,,,,0,已启用,,,,否,否
281,综合物资,8000020670,夏季长裤XL,XL,工作服类,件,华彬,,,,0,已启用,,,,否,否
282,综合物资,8000020669,夏季长裤L,L,工作服类,件,华彬,,,,0,已启用,,,,否,否
283,综合物资,8000020668,夏季长裤M,M,工作服类,件,华彬,,,,0,已启用,,,,否,否
284,综合物资,8000020667,夏季长裤S,S,工作服类,件,华彬,,,,0,已启用,,,,否,否
285,综合物资,8000020666,设备夏季短袖4XL,4XL,工作服类,件,华彬,,,,0,已启用,,,,否,否
286,综合物资,8000020665,设备夏季短袖3XL,3XL,工作服类,件,华彬,,,,0,已启用,,,,否,否
287,综合物资,8000020664,设备夏季短袖2XL,2XL,工作服类,件,华彬,,,,0,已启用,,,,否,否
288,综合物资,8000020663,设备夏季短袖XL,XL,工作服类,件,华彬,,,,0,已启用,,,,否,否
289,综合物资,8000020662,设备夏季短袖L,L,工作服类,件,华彬,,,,0,已启用,,,,否,否
290,综合物资,8000020661,设备夏季短袖M,M,工作服类,件,华彬,,,,0,已启用,,,,否,否
291,综合物资,8000020660,设备夏季短袖S,S,工作服类,件,华彬,,,,0,已启用,,,,否,否
292,综合物资,8000020659,车间夏季短袖4XL,4XL,工作服类,件,华彬,,,,0,已启用,,,,否,否
293,综合物资,8000020658,车间夏季短袖3XL,3XL,工作服类,件,华彬,,,,0,已启用,,,,否,否
294,综合物资,8000020657,车间夏季短袖2XL,2XL,工作服类,件,华彬,,,,0,已启用,,,,否,否
295,综合物资,8000020656,车间夏季短袖XL,XL,工作服类,件,华彬,,,,0,已启用,,,,否,否
296,综合物资,8000020655,车间夏季短袖L,L,工作服类,件,华彬,,,,0,已启用,,,,否,否
297,综合物资,8000020654,车间夏季短袖M,M,工作服类,件,华彬,,,,0,已启用,,,,否,否
298,综合物资,8000020653,车间夏季短袖S,S,工作服类,件,华彬,,,,0,已启用,,,,否,否
299,综合物资,8000020652,设备春秋外套4XL,4XL,工作服类,件,华彬,,,,0,已启用,,,,否,否
300,综合物资,8000020651,设备春秋外套3XL,3XL,工作服类,件,华彬,,,,0,已启用,,,,否,否
301,综合物资,8000020650,设备春秋外套2XL,2XL,工作服类,件,华彬,,,,0,已启用,,,,否,否
302,综合物资,8000020649,设备春秋外套XL,XL,工作服类,件,华彬,,,,0,已启用,,,,否,否
303,综合物资,8000020648,设备春秋外套L,L,工作服类,件,华彬,,,,0,已启用,,,,否,否
304,综合物资,8000020647,设备春秋外套M,M,工作服类,件,华彬,,,,0,已启用,,,,否,否
305,综合物资,8000020646,设备春秋外套S,S,工作服类,件,华彬,,,,0,已启用,,,,否,否
306,综合物资,8000020645,车间春秋外套4XL,4XL,工作服类,件,华彬,,,,0,已启用,,,,否,否
307,综合物资,8000020644,车间春秋外套3XL,3XL,工作服类,件,华彬,,,,0,已启用,,,,否,否
308,综合物资,8000020643,车间春秋外套2XL,2XL,工作服类,件,华彬,,,,0,已启用,,,,否,否
309,综合物资,8000020642,车间春秋外套XL,XL,工作服类,件,华彬,,,,0,已启用,,,,否,否
310,综合物资,8000020641,车间春秋外套L,L,工作服类,件,华彬,,,,0,已启用,,,,否,否
311,综合物资,8000020640,车间春秋外套M,M,工作服类,件,华彬,,,,0,已启用,,,,否,否
312,综合物资,8000020639,车间春秋外套S,S,工作服类,件,华彬,,,,0,已启用,,,,否,否
313,综合物资,8000020638,棉马甲4XL,4XL,工作服类,件,华彬,,,,0,已启用,,,,否,否
314,综合物资,8000020637,棉马甲3XL,3XL,工作服类,件,华彬,,,,0,已启用,,,,否,否
315,综合物资,8000020636,棉马甲2XL,2XL,工作服类,件,华彬,,,,0,已启用,,,,否,否
316,综合物资,8000020635,棉马甲XL,XL,工作服类,件,华彬,,,,0,已启用,,,,否,否
317,综合物资,8000020634,棉马甲L,L,工作服类,件,华彬,,,,0,已启用,,,,否,否
318,综合物资,8000020633,棉马甲M,M,工作服类,件,华彬,,,,0,已启用,,,,否,否
319,综合物资,8000020632,棉马甲S,S,工作服类,件,华彬,,,,0,已启用,,,,否,否
320,综合物资,8000020631,冲锋衣内胆4XL,4XL,工作服类,件,华彬,,,,0,已启用,,,,否,否
321,综合物资,8000020630,冲锋衣内胆3XL,3XL,工作服类,件,华彬,,,,0,已启用,,,,否,否
322,综合物资,8000020629,冲锋衣内胆2XL,2XL,工作服类,件,华彬,,,,0,已启用,,,,否,否
323,综合物资,8000020628,冲锋衣内胆XL,XL,工作服类,件,华彬,,,,0,已启用,,,,否,否
324,综合物资,8000020627,冲锋衣内胆L,L,工作服类,件,华彬,,,,0,已启用,,,,否,否
325,综合物资,8000020626,冲锋衣内胆M,M,工作服类,件,华彬,,,,0,已启用,,,,否,否
326,综合物资,8000020625,冲锋衣内胆S,S,工作服类,件,华彬,,,,0,已启用,,,,否,否
327,综合物资,8000020610,设备冲锋衣4XL,4XL,工作服类,件,华彬,,,,0,已启用,,,,否,否
328,综合物资,8000020609,设备冲锋衣3XL,3XL,工作服类,件,华彬,,,,0,已启用,,,,否,否
329,综合物资,8000020608,设备冲锋衣2XL,2XL,工作服类,件,华彬,,,,0,已启用,,,,否,否
330,综合物资,8000020607,设备冲锋衣XL,XL,工作服类,件,华彬,,,,0,已启用,,,,否,否
331,综合物资,8000020606,设备冲锋衣L,L,工作服类,件,华彬,,,,0,已启用,,,,否,否
332,综合物资,8000020605,设备冲锋衣M,M,工作服类,件,华彬,,,,0,已启用,,,,否,否
333,综合物资,8000020604,设备冲锋衣S,S,工作服类,件,华彬,,,,0,已启用,,,,否,否
334,综合物资,8000020603,车间冲锋衣4XL,4XL,工作服类,件,华彬,,,,0,已启用,,,,否,否
335,综合物资,8000020602,车间冲锋衣3XL,3XL,工作服类,件,华彬,,,,0,已启用,,,,否,否
336,综合物资,8000020601,车间冲锋衣2XL,2XL,工作服类,件,华彬,,,,0,已启用,,,,否,否
337,综合物资,8000020600,车间冲锋衣XL,XL,工作服类,件,华彬,,,,0,已启用,,,,否,否
338,综合物资,8000020599,车间冲锋衣L,L,工作服类,件,华彬,,,,0,已启用,,,,否,否
339,综合物资,8000020598,车间冲锋衣M,M,工作服类,件,华彬,,,,0,已启用,,,,否,否
340,综合物资,8000020597,车间冲锋衣S,S,工作服类,件,华彬,,,,0,已启用,,,,否,否
341,综合物资,8000020526,家用手提水桶,15L-20L,办公耗材,个,,,,,0,已启用,,,29.00,否,否
342,综合物资,8000020525,余氯检测试剂盒,40次/盒  0.025-1.0,实验耗材,盒,陆恒生物,,,,0,已启用,,,80.00,否,否
343,综合物资,8000020524,高压锅,26cm,食堂用品,个,,,,,0,已启用,,,230.00,否,否
344,综合物资,8000020523,硅胶蒸笼垫,40*60cm,食堂用品,张,,,,,0,已启用,,,35.00,否,否
345,综合物资,8000020522,三角巾,,劳保用品,包,,,,,0,已启用,,,12.00,否,否
346,综合物资,8000020521,无菌敷料,6CM*7CM/20贴/盒,劳保用品,盒,海氏海诺,,,,0,已启用,,,15.00,否,否
347,综合物资,8000020520,防爆球机,2.7-8mm 4MP Ik10防护,办公用具、费用化资产,台,海康威视,,,,0,已启用,,,590.00,否,否
348,综合物资,8000020519,鞋套机,YDK-268 银色,办公用具、费用化资产,台,,,,,0,已启用,,,1200.00,否,否
349,综合物资,8000020518,消防铲,铁红把尖锹1米长,办公用具、费用化资产,把,,,,,0,已启用,,,25.00,否,否
350,综合物资,8000020517,墙面修补膏,2斤,办公耗材,桶,,,,,0,已启用,,,25.00,否,否
351,综合物资,8000020516,魔力纳米双面胶,6cm*5m（透明）,办公耗材,卷,,,,,0,已启用,,,8.00,否,否
352,综合物资,8000020515,粘鼠板,5本加厚强力粘鼠板,办公耗材,本,,,,,0,已启用,,,8.00,否,否
353,综合物资,8000020514,a4透明塑封膜,5.5丝50张,办公耗材,本,得力,,,,0,已启用,,,23.00,否,否
354,综合物资,8000020513,荧光笔,S625（红色）,办公耗材,盒,得力,,,,0,已启用,,,26.00,否,否
355,综合物资,8000020512,KN95防颗粒口罩,100只/每盒,劳保用品,盒,,,,,0,已启用,0.000,,125.00,否,否
356,综合物资,8000020511,L型桌面定位贴地面定位贴,黄L型3*7.5cm10,办公耗材,包,,,,,0,已启用,,,50.00,否,否
357,综合物资,8000020510,铁皮剪,93303,办公耗材,把,世达,,,,0,已启用,,,178.00,否,否
358,综合物资,8000020509,洗衣液,1KG,办公耗材,瓶,蓝月亮,,,,0,已启用,,,35.00,否,否
359,综合物资,8000020508,收集袋,耐酸碱、红色16丝,办公耗材,个,,,,,0,已启用,,,2.68,否,否
360,综合物资,8000020507,链条锁,,办公耗材,把,,,,,0,已启用,,,15.00,否,否
361,综合物资,8000020460,凉粉刀,0.001,食堂用品,把,,,,,0,已启用,,,8.00,否,否
362,综合物资,8000020459,余氯检测仪,RW7,办公用具、费用化资产,台,百灵达,,,,0,已启用,,,4780.00,否,否
363,综合物资,8000020424,显示器,L24i,办公用具、费用化资产,个,联想,,,,0,已启用,,,745.00,否,否
364,综合物资,8000020423,后轮轴盖,,叉车维保,个,,,,,0,已启用,,,75.94,否,否
365,综合物资,8000020422,后轮锁销,,叉车维保,个,,,,,0,已启用,,,5.42,否,否
366,综合物资,8000020421,后轮锁帽,,叉车维保,个,,,,,0,已启用,,,38.78,否,否
367,综合物资,8000020420,后轮外轴承,,叉车维保,个,,,,,0,已启用,,,333.58,否,否
368,综合物资,8000020419,后轮内轴承,,叉车维保,个,,,,,0,已启用,,,348.49,否,否
369,综合物资,8000020418,战马抽纸,50盒/箱,办公耗材,箱,,,,,0,已启用,,,120.00,否,否
370,综合物资,8000020416,厨师服,M码  灰色,劳保用品,件,,25.7夏季,,,0,已启用,,,80.00,否,否
371,综合物资,8000020415,厨师服,L码 灰色,劳保用品,件,,25.7夏季,,,0,已启用,,,80.00,否,否
372,综合物资,8000020414,厨师服,XL码  灰色,劳保用品,件,,25.7夏季,,,0,已启用,,,80.00,否,否
373,综合物资,8000020413,厨师服,L码  白色,劳保用品,件,,25.7夏季,,,0,已启用,,,80.00,否,否
374,综合物资,8000020412,菜板塑料砧板,45*45*5,食堂用品,个,,,,,0,已启用,,,175.00,否,否
375,综合物资,8000020411,菜板塑料砧板,45*45*10,食堂用品,个,,,,,0,已启用,,,320.00,否,否
376,综合物资,8000020410,劳保鞋,41码,劳保用品,双,赛维纳,食堂专用,,,0,已启用,,,,否,否
377,综合物资,8000020409,劳保鞋,40码,劳保用品,双,赛维纳,食堂专用,,,0,已启用,,,,否,否
378,综合物资,8000020408,劳保鞋,37码,劳保用品,双,赛维纳,食堂专用,,,0,已启用,,,,否,否
379,综合物资,8000020407,劳保鞋,36码,劳保用品,双,赛维纳,食堂专用,,,0,已启用,,,,否,否
380,综合物资,8000020405,大理石滴定台加蝴蝶夹,配蝴蝶夹,实验耗材,个,,,,,0,已启用,,,55.00,否,否
381,综合物资,8000020404,沙氏葡萄糖琼脂培养基,250g/瓶,实验耗材,瓶,奥博星,,,,0,已启用,,,145.00,否,否
382,综合物资,8000020403,速效救心丸,40mg/丸,劳保用品,盒,,,,,0,已启用,,,67.00,否,否
383,综合物资,8000020402,阿莫西林胶囊,0.25g/粒,劳保用品,盒,,,,,0,已启用,,,20.00,否,否
384,综合物资,8000020401,阿咖酚散,0.65g/包,劳保用品,盒,,,,,0,已启用,,,35.00,否,否
385,综合物资,8000020400,霍香正气水,10ml/支,劳保用品,盒,蜀中,,,,0,已启用,,,7.50,否,否
386,综合物资,8000020399,黄色大褂（不连体）,3XL 拉链款,劳保用品,件,,,,,0,已启用,,,46.00,否,否
387,综合物资,8000020398,蓝色大褂（不连体）,6XL 拉链款,劳保用品,件,,,,,0,已启用,,,46.00,否,否
388,综合物资,8000020397,云南白药喷雾,,劳保用品,盒,,,,,0,已启用,,,66.00,否,否
389,综合物资,8000020395,防渗漏托盘,130*130*15cm,办公用具、费用化资产,个,,,,,0,已启用,,,,否,否
390,综合物资,8000020394,防渗漏托盘,130*110*30cm,办公用具、费用化资产,个,,,,,0,已启用,,,,否,否
391,综合物资,8000020393,无线串口,RS232转蓝牙,办公用具、费用化资产,个,,,,,0,已启用,,,,否,否
392,综合物资,8000020392,COM口对接交叉转接头,DB9 公转母直连,办公用具、费用化资产,个,,,,,0,已启用,,,,否,否
393,综合物资,8000020391,旋转自拍杆,,办公用具、费用化资产,个,,,,,0,已启用,,,,否,否
394,综合物资,8000020390,不锈钢盆,28.5*14.5*11.5 加厚大号带刻度流口,办公用具、费用化资产,个,,,,,0,已启用,,,,否,否
395,综合物资,8000020389,实验室耐酸碱托盘,PP聚丙烯99*36*5CM,办公用具、费用化资产,个,,,,,0,已启用,,,99.00,否,否
396,综合物资,8000020388,实验室耐酸碱托盘,PP聚丙烯99*76*5CM,办公用具、费用化资产,个,,,,,0,已启用,,,185.00,否,否
397,综合物资,8000020387,500毫升试剂方格托盘,195*320*100MM（带横纵隔板）,办公用具、费用化资产,个,,,,,0,已启用,,,195.00,否,否
398,综合物资,8000020386,玻璃水,1.2L,办公耗材,瓶,米其林,,,,0,已启用,,,7.00,否,否
399,综合物资,8000020385,玻璃果盘,玻璃花语碗-金边大号,办公耗材,个,,,,,0,已启用,,,20.00,否,否
400,综合物资,8000020384,卡套,白色双透+常规挂绳,办公耗材,套,,,,,0,已启用,,,2.50,否,否
401,综合物资,8000020383,杀虫剂,500ml/瓶,办公耗材,瓶,超威,,,,0,已启用,,,25.00,否,否
402,综合物资,8000020382,四角定位贴桌面定位定置标签标识5S定位贴,蓝L型3*1cm10,办公耗材,包,南木,,,,0,已启用,,,13.80,否,否
403,综合物资,8000020381,高清亚克力板,A4（内径29.7*21CM）,办公耗材,个,,,,,0,已启用,,,5.00,否,否
404,综合物资,8000020380,门把手,厕所门把手,办公耗材,把,,,,,0,已启用,0.000,,110.00,否,否
405,综合物资,8000020306,稀释剂（油漆专用）,,叉车维保,桶,,叉车专用,,,0,已启用,,,145.00,否,否
406,综合物资,8000020305,高光黑油漆,,叉车维保,桶,,叉车专用,,,0,已启用,,,395.00,否,否
407,综合物资,8000020304,高光黄油漆,,叉车维保,桶,,叉车专用,,,0,已启用,,,395.00,否,否
408,综合物资,8000020278,防护栅栏,2米高*2米长含立柱,办公用具、费用化资产,片,,,,,0,已启用,,,195.00,否,否
409,综合物资,8000020260,蓝色固定螺口盖样品瓶盖,5190-7024  100个/包,实验耗材,包,,,,,0,已启用,,,298.00,否,否
410,综合物资,8000020259,移液枪枪头,1000μl，蓝色,实验耗材,包,瑞宁,,,,0,已启用,,,150.00,否,否
411,综合物资,8000020258,一次性汤碗,365ml  50套/箱,食堂用品,箱,,,,,0,已启用,,,26.00,否,否
412,综合物资,8000020257,餐巾纸,4480抽 16提,食堂用品,箱,维达,,,,0,已启用,,,145.00,否,否
413,综合物资,8000020256,热水壶盖,H9玻璃壶盖,办公耗材,个,金灶,,,,0,已启用,,,18.50,否,否
414,综合物资,8000020255,管道清洗毛刷,双头除藻110cm,办公耗材,根,,,,,0,已启用,,,6.00,否,否
415,综合物资,8000020254,钥匙扣,红色编绳钢圈6.2cm+20个,办公耗材,个,,,,,0,已启用,,,18.50,否,否
416,综合物资,8000020253,钥匙扣,黑色编绳+钢圈5cm+10个牌,办公耗材,个,,,,,0,已启用,,,13.00,否,否
417,综合物资,8000020252,钥匙扣,白色编绳+钢圈5cm+10个牌,办公耗材,个,,,,,0,已启用,,,13.00,否,否
418,综合物资,8000020251,钥匙扣,紫色编绳钢圈6.2cm+20个牌,办公耗材,个,,,,,0,已启用,,,18.50,否,否
419,综合物资,8000020250,油漆笔,绿,办公耗材,支,得力,,,,0,已启用,,,5.00,否,否
420,综合物资,8000020249,油漆笔,黄,办公耗材,支,得力,,,,0,已启用,,,5.00,否,否
421,综合物资,8000020248,油漆笔,红,办公耗材,支,得力,,,,0,已启用,,,5.00,否,否
422,综合物资,8000020247,高清亚克力板,5寸（内径8.9*12.7CM） 可插入A4纸张的,办公耗材,个,,,,,0,已启用,,,3.00,否,否
423,综合物资,8000020246,应急物资柜,800*500*350 （304不锈钢）,办公用具、费用化资产,个,,,,,0,已启用,,,650.00,否,否
424,综合物资,8000020245,洗地机锂电池,2-D3-24100,办公用具、费用化资产,套,欧洁,,,,0,已启用,,,2628.00,否,否
425,综合物资,8000020227,消火栓使用方法贴纸,50×65cm,消防物资类,张,,,,,0,已启用,,,12.00,否,否
426,综合物资,8000020200,白大褂长袖XXXXL,XXXXL,劳保用品,件,,,,,0,已启用,,,,否,否
427,综合物资,8000020199,白大褂长袖XXXL,XXXL,劳保用品,件,,,,,0,已启用,,,,否,否
428,综合物资,8000020198,白大褂长袖XXL,XXL,劳保用品,件,,,,,0,已启用,,,,否,否
429,综合物资,8000020197,白大褂长袖XL,XL,劳保用品,件,,,,,0,已启用,,,,否,否
430,综合物资,8000020196,白大褂长袖L,L,劳保用品,件,,,,,0,已启用,,,,否,否
431,综合物资,8000020195,白大褂长袖M,M,劳保用品,件,,,,,0,已启用,,,,否,否
432,综合物资,8000020194,白大褂长袖S,S,劳保用品,件,,,,,0,已启用,,,,否,否
433,综合物资,8000020193,白大褂短袖XXXXL,XXXXL,劳保用品,件,,,,,0,已启用,,,,否,否
434,综合物资,8000020192,白大褂短袖XXXL,XXXL,劳保用品,件,,,,,0,已启用,,,,否,否
435,综合物资,8000020191,白大褂短袖XXL,XXL,劳保用品,件,,,,,0,已启用,,,,否,否
436,综合物资,8000020190,白大褂短袖XL,XL,劳保用品,件,,,,,0,已启用,,,,否,否
437,综合物资,8000020189,白大褂短袖L,L,劳保用品,件,,,,,0,已启用,,,,否,否
438,综合物资,8000020188,白大褂短袖M,M,劳保用品,件,,,,,0,已启用,,,,否,否
439,综合物资,8000020187,白大褂短袖S,S,劳保用品,件,,,,,0,已启用,,,,否,否
440,综合物资,8000020186,洁净服连体XXXXL,XXXXL,劳保用品,件,,,,,0,已启用,,,,否,否
441,综合物资,8000020185,仓管服XL,XL,劳保用品,件,,,,,0,已启用,,,,否,否
442,综合物资,8000020184,仓管服L,L,劳保用品,件,,,,,0,已启用,,,,否,否
443,综合物资,8000020183,仓管服M,M,劳保用品,件,,,,,0,已启用,,,,否,否
444,综合物资,8000020182,洁净服连体S,S,劳保用品,件,,,,,0,已启用,,,,否,否
445,综合物资,8000020180,佳能打印机维修,MF441dw,办公耗材,台,,,,,0,已启用,,,885.00,否,否
446,综合物资,8000020179,四合一气体检测仪维修,,办公耗材,台,,,,,0,已启用,,,98.00,否,否
447,综合物资,8000020178,自动封罐机,SM-24,办公用具、费用化资产,个,嘉仪,,,,0,已启用,,,33700.00,否,否
448,综合物资,8000020177,手持密度计,Densito,办公用具、费用化资产,台,梅特勒,,,,0,已启用,,,45000.00,否,否
449,综合物资,8000020176,多功能置物筐,,办公用具、费用化资产,个,,,,,0,已启用,,,12.00,否,否
450,综合物资,8000020175,插座,10插3米,办公用具、费用化资产,个,公牛,,,,0,已启用,,,93.00,否,否
451,综合物资,8000020174,不锈钢酒提,125ML,办公用具、费用化资产,个,,,,,0,已启用,,,12.00,否,否
452,综合物资,8000020173,不锈钢矮柜,,办公用具、费用化资产,个,,,,,0,已启用,,,690.00,否,否
453,综合物资,8000020172,不锈钢水瓢,柄长2米 304材质,办公用具、费用化资产,个,,,,,0,已启用,,,250.00,否,否
454,综合物资,8000020171,电饼铛,54CM铝盘,办公用具、费用化资产,台,德玛仕,,,,0,已启用,,,1679.00,否,否
455,综合物资,8000020170,超声波清洗机加热管,型号：800W ,实验耗材,根,,,,,0,已启用,,,220.00,否,否
456,综合物资,8000020169,葵烷磺酸钠盐,25克/浓度99.5%/离子对色谱用试剂,实验耗材,瓶,百灵威,,,,0,已启用,0.000,,790.00,否,否
457,综合物资,8000020168,一级水,5L,实验耗材,桶,,,,,0,已启用,,,25.00,否,否
458,综合物资,8000020167,废气过滤器,高效过滤器B款  过滤99.5%,实验耗材,个,诺必思 , ,,,0,已启用,,,345.00,否,否
459,综合物资,8000020166,3孔废液盖S60,,实验耗材,个,诺必思,,,,0,已启用,,,420.00,否,否
460,综合物资,8000020165,安全收集废液桶S60,20L废液桶S60口径,实验耗材,个,,,,,0,已启用,,,75.00,否,否
461,综合物资,8000020164,废液耐酸碱浸泡缸,耐温耐硝酸30L外缸尺寸35*30*30CM,实验耗材,个,,,,,0,已启用,,,540.00,否,否
462,综合物资,8000020163,去边机安全防护罩,,实验耗材,个,嘉仪,,,,0,已启用,,,260.00,否,否
463,综合物资,8000020162,真空检测仪电磁阀,DSST.022,实验耗材,个,嘉仪,,,,0,已启用,,,960.00,否,否
464,综合物资,8000020161,收纳架,0.001,食堂用品,个,,,,,0,已启用,,,33.00,否,否
465,综合物资,8000020160,卫生间纸巾盒置物架,0.001,食堂用品,个,,,,,0,已启用,,,28.00,否,否
466,综合物资,8000020159,物料盒,340*220*155,食堂用品,个,,,,,0,已启用,,,25.00,否,否
467,综合物资,8000020158,筷子,42cm  油炸筷,实验耗材,双,,,,,0,已启用,,,23.00,否,否
468,综合物资,8000020157,耐高温轴承油,1000克/筒,叉车维保,筒,奥鲨,,,,0,已启用,,,150.00,否,否
469,综合物资,8000020156,防砸防刺鞋（41码）,FF0503,劳保用品,双,,,,,0,已启用,,,159.00,否,否
470,综合物资,8000020155,防砸防刺鞋（40码）,FF0503,劳保用品,双,,,,,0,已启用,,,159.00,否,否
471,综合物资,8000020154,防砸防刺鞋（39码）,FF0503,劳保用品,双,,,,,0,已启用,,,159.00,否,否
472,综合物资,8000020153,防砸鞋（37码）,FF0603,劳保用品,双,世达,,,,0,已启用,,,159.00,否,否
473,综合物资,8000020152,夏季工鞋,35码,劳保用品,双,多走路,,,,0,已启用,,,109.00,否,否
474,综合物资,8000020151,尘推拖把杆,,办公耗材,把,,,,,0,已启用,,,22.00,否,否
475,综合物资,8000020150,硒鼓,宝利通 PTH-W1110A/110A带芯片易,办公耗材,个,宝利通,,,,0,已启用,,,136.00,否,否
476,综合物资,8000020149,打火枪,高档款加长加厚1支装,办公耗材,个,,,,,0,已启用,,,3.50,否,否
477,综合物资,8000020148,三角架,,办公耗材,个,,放标识牌,,,0,已启用,,,12.00,否,否
478,综合物资,8000020147,洗地机水枪头,,办公耗材,个,,,,,0,已启用,,,85.00,否,否
479,综合物资,8000020146,洗地机高压水管,15米,办公耗材,根,,,,,0,已启用,,,545.00,否,否
480,综合物资,8000020143,专用车位牌,,通用类,张,,,,,0,已启用,,,,否,否
481,综合物资,8000020142,安全管理部车辆通行证,,通用类,张,,,,,0,已启用,,,2.00,否,否
482,综合物资,8000020141,财务部车辆通行证,,通用类,张,,,,,0,已启用,,,2.00,否,否
483,综合物资,8000020140,行政人事部车辆通行证,,通用类,张,,,,,0,已启用,,,2.00,否,否
484,综合物资,8000020139,储运采购部车辆通行证,,通用类,张,,,,,0,已启用,,,2.00,否,否
485,综合物资,8000020138,品管部车辆通行证,,通用类,张,,,,,0,已启用,,,2.00,否,否
486,综合物资,8000020137,设备部车辆通行证,,通用类,张,,,,,0,已启用,,,2.00,否,否
487,综合物资,8000020136,生产部车辆通行证,,通用类,张,,,,,0,已启用,,,2.00,否,否
488,综合物资,8000020092,POE交换机,低功率8口全千兆poe交换机,办公用具、费用化资产,个,海康威视,,,,0,已启用,,,381.00,否,否
489,综合物资,8000020091,防爆球机,4mm 4MP Ik10防护,办公用具、费用化资产,个,海康威视,,,,0,已启用,,,590.00,否,否
490,综合物资,8000020090,耳机,佳合CT-555,办公用具、费用化资产,个,,,,,0,已启用,,,41.00,否,否
491,综合物资,8000020089,固话机,CORD118,办公用具、费用化资产,台,飞利浦,,,,0,已启用,,,95.00,否,否
492,综合物资,8000020088,小推车,露营车,办公用具、费用化资产,辆,,,,,0,已启用,,,165.00,否,否
493,综合物资,8000020087,路由器,AX3000T,办公用具、费用化资产,个,小米,,,,0,已启用,,,216.00,否,否
494,综合物资,8000020086,机柜,350*600*600,办公用具、费用化资产,个,,,,,0,已启用,,,285.00,否,否
495,综合物资,8000020085,海康威视红外点阵筒型网络摄像头,DS-2CD3T46WD-I3 焦距4mm 清晰度4MP,办公用具、费用化资产,个,海康威视,,,,0,已启用,,,550.00,否,否
496,综合物资,8000020084,肠炎宁片,0.001,劳保用品,盒,康恩贝,,,,0,已启用,,,29.00,否,否
497,综合物资,8000020083,手电筒,X339,办公用具、费用化资产,把,神火,,,,0,已启用,,,487.00,否,否
498,综合物资,8000020082,一次性挂架自动取杯器,双筒象牙白,办公用具、费用化资产,个,,,,,0,已启用,,,33.00,否,否
499,综合物资,8000020081,夏季拖鞋,44码,劳保用品,双,待定,,,,0,已启用,,,21.00,否,否
500,综合物资,8000020080,夏季拖鞋,43码,劳保用品,双,待定,,,,0,已启用,,,21.00,否,否
501,综合物资,8000020079,夏季拖鞋,42码,劳保用品,双,待定,,,,0,已启用,,,21.00,否,否
502,综合物资,8000020078,夏季拖鞋,39码,劳保用品,双,待定,,,,0,已启用,,,21.00,否,否
503,综合物资,8000020077,夏季拖鞋,38码,劳保用品,双,待定,,,,0,已启用,,,21.00,否,否
504,综合物资,8000020076,茶叶滤水桶,,办公用具、费用化资产,个,,,,,0,已启用,,,27.00,否,否
505,综合物资,8000020075,机械硬盘,1T,办公用具、费用化资产,个,东芝,,,,0,已启用,,,485.00,否,否
506,综合物资,8000020074,炒菜勺子,大号,食堂用品,把,待定,,,,0,已启用,,,91.00,否,否
507,综合物资,8000020073,地垫,1.2米*15米,食堂用品,卷,待定,,,,0,已启用,,,300.00,否,否
508,综合物资,8000020072,洗手液,500ml,办公耗材,瓶,滴露,,,,0,已启用,,,25.00,否,否
509,综合物资,8000020071,毛巾,蓝色30*30CM,食堂用品,条,待定,,,,0,已启用,,,2.00,否,否
510,综合物资,8000020070,五规格打包盒,61*26*39cm*120套/件,食堂用品,件,荣峰,,1095,,0,已启用,,,135.00,否,否
511,综合物资,8000020069,压面机防护网,30宽,食堂用品,个,待定,,,,0,已启用,,,179.00,否,否
512,综合物资,8000020068,竹扫帚,4斤,办公耗材,把,,,,,0,已启用,,,36.00,否,否
513,综合物资,8000020066,樟脑丸花香干燥剂,48包/袋,办公耗材,袋,,,,,0,已启用,,,21.00,否,否
514,综合物资,8000020065,静电吸尘埃剂,3.8L,办公耗材,瓶,超宝,,,,0,已启用,,,57.00,否,否
515,综合物资,8000020064,防水补墙膏,5斤,办公耗材,桶,,,,,0,已启用,,,50.00,否,否
516,综合物资,8000020063,不锈钢去污光亮剂,,办公耗材,瓶,,,,,0,已启用,,,35.00,否,否
517,综合物资,8000020062,除霉剂,,办公用品物料组,支,,,,,0,已启用,0.000,,60.00,否,否
518,综合物资,8000020061,玻璃烧杯,250ML  加厚耐高温,办公耗材,个,,,,,0,已启用,0.000,,22.00,否,否
519,综合物资,8000020060,烧杯,500ML  塑料,办公耗材,个,,,,,0,已启用,,,5.00,否,否
520,综合物资,8000020059,样品架,孔径32mm 24孔,办公耗材,个,,,,,0,已启用,,,30.00,否,否
521,综合物资,8000020058,食品保鲜盒,51.5*35.5*18CM,办公耗材,个,,,,,0,已启用,,,60.00,否,否
522,综合物资,8000020057,锥桶,禁止停车 5斤,办公耗材,个,,,,,0,已启用,,,18.00,否,否
523,综合物资,8000020050,舒雅陶瓷砂锅,参考容量600ml,食堂用品,个,书雅,,,,0,已启用,,,0.01,否,否
524,综合物资,8000020049,执法记录仪,64G,办公用具、费用化资产,个,,,,,0,已启用,,,220.56,否,否
525,综合物资,8000020032,应急物资柜,,消防物资类,具,,,,,0,已启用,,,,否,否
526,综合物资,8000020028,按动笔,S01 红色,办公耗材,盒,得力,,,,0,已启用,,,21.60,否,否
527,综合物资,8000020016,物料盒,310*190*130,食堂用品,个,待定,,,,0,已启用,,,25.00,否,否
528,综合物资,8000020015,物料盒,250*150*125,食堂用品,个,待定,,,,0,已启用,,,28.00,否,否
529,综合物资,8000020014,医用冰袋,0.001,劳保用品,盒,可孚,,,,0,已启用,,,16.00,否,否
530,综合物资,8000020013,三九感冒灵颗粒,0.001,劳保用品,盒,待定,,,,0,已启用,,,25.00,否,否
531,综合物资,8000020012,多功能网络巡线仪,,办公用具、费用化资产,套,TP-LINK,,,,0,已启用,,,347.00,否,是
532,综合物资,8000020011,户外立式管道水泵电机防水罩,,办公用具、费用化资产,个,,,,,0,已启用,,,42.00,否,否
533,综合物资,8000020010,户外卧式电机水泵风机专用防雨罩,,办公用具、费用化资产,个,,,,,0,已启用,,,163.00,否,否
534,综合物资,8000020009,卧式水泵防雨罩,,办公用具、费用化资产,个,,,,,0,已启用,,,95.00,否,否
535,综合物资,8000020008,多功能置物架,37*39*110CM 四层,办公用具、费用化资产,个,,,,,0,已启用,,,230.00,否,是
536,综合物资,8000020007,小推车,L110*W65*H90CM  5轮黑色 承重1600斤,办公用具、费用化资产,辆,,,,,0,已启用,,,456.00,否,是
537,综合物资,8000020006,A字提示牌-正在维修,60*30*20CM,办公耗材,个,,,,,0,已启用,,,13.00,否,否
538,综合物资,8000020005,A字提示牌- 清洁进行中,60*30*20CM,办公耗材,个,,,,,0,已启用,,,13.00,否,否
539,综合物资,8000020004,宝塔钻头,螺旋4-20 9阶,办公耗材,个,绿林,,,,0,已启用,,,18.00,否,否
540,综合物资,8000020003,毛刷, 长柄U刷,办公耗材,把,,长柄U刷,,,0,已启用,,,18.00,否,否
541,综合物资,8000020002,9针 USB转串口线,,办公耗材,米,,,,,0,已启用,,,40.00,否,否
542,综合物资,8000019975,会议椅,,办公用具、费用化资产,把,,,,,0,已启用,,,535.00,否,否
543,综合物资,8000019974,笔芯,S221,办公耗材,支,得力,,,,0,已启用,,,,否,否
544,综合物资,6973181146529,折页资料双夹-黑色,,办公耗材,个,咔巴熊,,,,0,已启用,,,,否,否
545,综合物资,8000019972,2022年款笔记本白色内页,,办公耗材,本,集团,,,,0,已启用,,,,否,否
546,综合物资,8000019971,2022年款红色笔记本,,办公耗材,本,集团,,,,0,已启用,,,,否,否
547,综合物资,6934263400489,ZI7碱性电池（7号）,AA724,办公耗材,粒,ZI7,,,,0,已启用,,,,否,否
548,综合物资,6973726149657,红色按动笔,S01,办公耗材,支,得力,,,,0,已启用,,,,否,否
549,综合物资,8000019968,神农明珠,,客情维护,箱,,,,,0,已启用,,,,否,否
550,综合物资,8000019959,雪碧,,通用类,件,,,,,0,已启用,,,,否,否
551,综合物资,8000019958,按动笔,S01,办公耗材,支,得力,,,,0,已启用,,,1.50,否,否
552,综合物资,8000019957,A4打印纸（箱）,5包一箱,办公耗材,箱,得力,,,,0,已启用,,,103.90,否,否
553,综合物资,8000019950,红色底垫,整卷4.5mm中厚1.2*15米长,食堂用品,卷,待定,,,,0,已启用,,,0.01,否,否
554,综合物资,8000019949,不锈钢锅架,0.001,食堂用品,个,待定,,,,0,已启用,,,0.01,否,否
555,综合物资,8000019948,细漏勺,0.001,食堂用品,个,待定,,,,0,已启用,,,0.01,否,否
556,综合物资,8000019947,粉面漏勺,0.001,食堂用品,个,待定,,,,0,已启用,,,0.01,否,否
557,综合物资,8000019946,不锈钢大汤勺,0.001,食堂用品,个,待定,,,,0,已启用,,,0.01,否,否
558,综合物资,8000019945,火锅筷,32cm,食堂用品,双,待定,,,,0,已启用,,,0.01,否,否
559,综合物资,8000019944,不锈钢小汤勺,0.001,食堂用品,个,待定,,,,0,已启用,,,0.01,否,否
560,综合物资,8000019943,合金筷,1包10双,食堂用品,包,待定,,,,0,已启用,,,0.01,否,否
561,综合物资,8000019942,五指饭勺,0.001,食堂用品,个,待定,,,,0,已启用,,,0.01,否,否
562,综合物资,8000019941,不锈钢漏勺,中号,食堂用品,个,待定,,,,0,已启用,,,0.01,否,否
563,综合物资,8000019940,不锈钢汤勺,中号,食堂用品,个,待定,,,,0,已启用,,,0.01,否,否
564,综合物资,8000019939,锅铲,0.001,食堂用品,个,待定,,,,0,已启用,,,0.01,否,否
565,综合物资,8000019938,深餐盒,0.001,食堂用品,个,待定,,,,0,已启用,,,0.01,否,否
566,综合物资,8000019937,洗锅刷,0.001,食堂用品,个,待定,,,,0,已启用,,,0.01,否,否
567,综合物资,8000019936,茶杯,310ml  48个/箱,食堂用品,箱,,,,,0,已启用,,,248.00,否,否
568,综合物资,8000019935,公牛插板,0.001,劳保用品,个,公牛,,,,0,已启用,,,0.01,否,否
569,综合物资,8000019934,点火器,0.001,食堂用品,个,天帝星电子,,,,0,已启用,,,0.01,否,否
570,综合物资,8000019933,便携炉,0.001,食堂用品,台,待定,,,,0,已启用,,,0.01,否,否
571,综合物资,8000019932,醒酒壶,9001-1斜壶,食堂用品,个,金达莱,,,,0,已启用,,,0.01,否,否
572,综合物资,8000019931,粘捕式灭蚊器,0.001,食堂用品,台,施莱登,,,,0,已启用,,,0.01,否,否
573,综合物资,8000019930,杀菌灯,宽70,食堂用品,台,施莱登,,,,0,已启用,,,0.01,否,否
574,综合物资,8000019929,自动感应手消毒器,0.001,食堂用品,台,莫顿MODUN,,,,0,已启用,,,0.01,否,否
575,综合物资,8000019928,多功能手提灯,KM-2686A,食堂用品,个,康铭,,,,0,已启用,,,0.01,否,否
576,综合物资,8000019927,防护防滑鞋,0.001,劳保用品,双,待定,,,,0,已启用,,,0.01,否,否
577,综合物资,8000019926,一次性PE台布,120cm*120cm/40片装,一次性用品,包,汇百利,,,,0,已启用,,,0.01,否,否
578,综合物资,8000019925,刷杯器,0.001,食堂用品,个,待定,,,,0,已启用,,,0.01,否,否
579,综合物资,8000019924,洗衣刷,0.001,食堂用品,个,奔奔鹅,,,,0,已启用,,,0.01,否,否
580,综合物资,8000019923,锅碗刷,0.001,食堂用品,把,全净,,,,0,已启用,,,0.01,否,否
581,综合物资,8000019922,登记本,0.001,办公耗材,本,待定,,,,0,已启用,,,0.01,否,否
582,综合物资,8000019921,白色支架,0.001,食堂用品,个,待定,,,,0,已启用,,,0.01,否,否
583,综合物资,8000019920,墙纸自粘,2m*40cm宽,食堂用品,卷,待定,,,,0,已启用,,,0.01,否,否
584,综合物资,8000019919,扫码器,0.001,食堂用品,个,待定,,,,0,已启用,,,0.01,否,否
585,综合物资,8000019918,牙签,0.001,一次性用品,包,待定,,,,0,已启用,,,0.01,否,否
586,综合物资,8000019917,粘蝇板,1包10个,食堂用品,包,猫山王,,,,0,已启用,,,0.01,否,否
587,综合物资,8000019916,劳保手套,0.001,食堂用品,双,待定,,,,0,已启用,,,0.01,否,否
588,综合物资,8000019915,一次性台布,220*220一包8张,一次性用品,包,蒋百利,,,,0,已启用,,,0.01,否,否
589,综合物资,8000019914,洗洁巾,一包10张,清洁用品,包,待定,,,,0,已启用,,,0.01,否,否
590,综合物资,8000019913,实木拖把,0.001,食堂用品,把,待定,,,,0,已启用,,,0.01,否,否
591,综合物资,8000019908,一次性医用口罩,无菌平面耳挂式   大号,一次性用品,包,广聚堂,17.5cm*9.5cm,,,0,已启用,,,0.50,否,否
592,综合物资,8000019907,环保透明口罩,0.001,食堂用品,盒,待定,,,,0,已启用,,,0.01,否,否
593,综合物资,8000019906,塑杯,0.001,一次性用品,包,待定,1包100个,,,0,已启用,,,0.01,否,否
594,综合物资,8000019905,抽取式面巾纸,0.001,一次性用品,袋,待定,,,,0,已启用,,,0.01,否,否
595,综合物资,8000019904,小号打包袋,0.001,一次性用品,包,待定,,,,0,已启用,,,1.10,否,否
596,综合物资,8000019903,打包袋,0.001,一次性用品,包,待定,,,,0,已启用,,,1.10,否,否
597,综合物资,8000019902,塑胶方形打包盒带盖,0.001,一次性用品,包,待定,,,,0,已启用,,,0.01,否,否
598,综合物资,810000081,海斯特叉车,,固定资产,台,,,,,0,已启用,,,,否,是
599,综合物资,8000019883,收纳盒,三格,食堂用品,个,待定,,,,0,已启用,,,60.00,否,否
600,综合物资,8000019882,门帘,宽40cm,食堂用品,张,待定,,,,0,已启用,,,45.00,否,否
601,综合物资,8000019881,烧水壶,2L 304不锈钢MK-shm2001,食堂用品,个,Midea,,,,0,已启用,,,148.00,否,否
602,综合物资,8000019880,火锅盆,34CM单味锅,食堂用品,个,待定,,,,0,已启用,,,76.00,否,否
603,综合物资,8000019879,碘伏棉签,100支,药品,盒,待定,,,,0,已启用,,,13.00,否,否
604,综合物资,8000019878,医用纱布,8*10CM,劳保用品,包,颐合瑞达,,,,0,已启用,,,22.00,否,否
605,综合物资,8000019877,果盘,加大加厚水波纹冰山灰,办公用具、费用化资产,个,,,,,0,已启用,,,10.00,否,否
606,综合物资,8000019876,移动硬盘,1TB、usb3.0 SE 系列 2.5英寸,办公用具、费用化资产,个,西部数据,,,,0,已启用,,,350.00,否,否
607,综合物资,8000019875,小推车,202材质 75*50 载重1000斤,办公用具、费用化资产,辆,,,,,0,已启用,,,525.00,否,是
608,综合物资,8000019874,厨宝（热水器）,F05-15A2S,办公用具、费用化资产,台,美的,,,,0,已启用,,,390.00,否,是
609,综合物资,8000019873,手摇抽油泵,,办公用具、费用化资产,把,,,,,0,已启用,,,310.00,否,否
610,综合物资,8000019872,高压水管接头,,办公用具、费用化资产,个,,适用高压清洗机,,,0,已启用,,,55.00,否,否
611,综合物资,8000019871,马桶刷,,办公耗材,个,,,,,0,已启用,,,10.00,否,否
612,综合物资,8000019870,网线对接头,千兆网线对接头,办公耗材,个,山泽,,,,0,已启用,,,66.00,否,否
613,综合物资,8000019869,草酸,10斤/瓶,办公耗材,瓶,,,,,0,已启用,,,15.00,否,否
614,综合物资,8000019868,毛巾,白色30*30CM,食堂用品,条,待定,,,,0,已启用,,,2.00,否,否
615,综合物资,8000019867,桌面垃圾桶,14*15.3*15.3cm 透明灰大号,办公耗材,个,,,,,0,已启用,,,14.00,否,否
616,综合物资,8000019866,白色拍照背景板,60*60cm 三张白色背景板,办公耗材,张,,,,,0,已启用,,,40.00,否,否
617,综合物资,8000019865,吸水毛巾,37*75CM加厚不掉毛条/蓝色,办公耗材,条,,,,,0,已启用,,,16.00,否,否
618,综合物资,8000019864,不锈钢扎带,3*1500mm,办公耗材,包,,,,,0,已启用,,,199.00,否,否
619,综合物资,8000019863,美纹纸,5cm*50m,办公耗材,卷,,,,,0,已启用,,,9.00,否,否
620,综合物资,8000019862,采样器,304不锈钢1L,办公耗材,个,,,,,0,已启用,,,68.00,否,否
621,综合物资,8000019861,漏斗,塑料漏斗 直径100毫米 ,办公耗材,个,,,,,0,已启用,,,4.50,否,否
622,综合物资,8000019860,垃圾袋,45*55cm黑色背心，8丝,办公耗材,扎,,,,,0,已启用,,,25.00,否,否
623,综合物资,8000019859,打标机纸（银光拉丝）,GS-T111N,办公耗材,卷,,,,,0,已启用,,,100.00,否,否
624,综合物资,8000019858,打标机纸（棕色贴纸）,GS-T109N,办公耗材,卷,,,,,0,已启用,,,68.00,否,否
625,综合物资,8000019857,打标机纸（紫色贴纸）,GS-T108N,办公耗材,卷,,,,,0,已启用,,,68.00,否,否
626,综合物资,8000019856,打标机纸（透明贴纸）,GS-T107N,办公耗材,卷,,,,,0,已启用,,,58.00,否,否
627,综合物资,8000019855,打标机纸（绿色贴纸）,GS-T106N,办公耗材,卷,,,,,0,已启用,,,58.00,否,否
628,综合物资,8000019854,打标机纸（黄色贴纸）,GS-T105N,办公耗材,卷,,,,,0,已启用,,,58.00,否,否
629,综合物资,8000019853,打标机纸（蓝色贴纸）,GS-T104N,办公耗材,卷,,,,,0,已启用,,,58.00,否,否
630,综合物资,8000019852,打标机纸（红色贴纸）,GS-T103N,办公耗材,卷,,,,,0,已启用,,,58.00,否,否
631,综合物资,8000019851,打标机纸（白色贴纸）,GS-T102N,办公耗材,卷,,,,,0,已启用,,,58.00,否,否
632,综合物资,8000019850,打标机纸（灰色贴纸）,GS-T101N,办公耗材,卷,,,,,0,已启用,,,68.00,否,否
633,综合物资,8000019849,医用纱布,80*1000CM,实验耗材,包,,微生物使用,,,0,已启用,,,45.00,否,否
634,综合物资,8000019845,棒球帽头盔安全帽,黑色网款透气,劳保用品,个,待定,,,,0,已启用,,,30.00,否,否
635,综合物资,8000019837,2025年沃尔玛购物卡-200元,,客情维护,张,沃尔玛,,,,0,已停用,,,200.00,否,否
636,综合物资,8000019836,2025年沃尔玛购物卡-500元,,客情维护,张,沃尔玛,,,,0,已停用,,,500.00,否,否
637,综合物资,8000019835,2025年沃尔玛购物卡-1000元,,客情维护,张,沃尔玛,,,,0,已停用,,,1000.00,否,否
638,综合物资,8000019834,2025年贵州龙新春礼盒,,客情维护,盒,贵州龙,,,,0,已停用,,,498.00,否,否
639,综合物资,8000019833,铸铁修补剂,2kg/桶,办公耗材,桶,,,,,0,已启用,,,310.00,否,否
640,综合物资,8000019832,65英寸一体机,,办公用具、费用化资产,台,,,,,0,已启用,,,8280.00,否,是
641,综合物资,8000019831,香精留样管,60ML   100个/箱,实验耗材,箱,,,,,0,已启用,,,880.00,否,否
642,综合物资,8000019830,切割机刀片,（直径60mm左右）,实验耗材,片,嘉仪,,,,0,已启用,,,66.00,否,否
643,综合物资,8000019829,DPD1试剂片,250片/盒,实验耗材,盒,百灵达,,,,0,已启用,,,550.00,否,否
644,综合物资,8000019828,固相萃取柱,WAX 150mg/6ml    30根/盒,实验耗材,盒,KEPNO,,,,0,已启用,,,485.00,否,否
645,综合物资,8000019827,丹磺酰氯,39220-1克/瓶,实验耗材,瓶,西格玛,,,,0,已启用,,,1460.00,否,否
646,综合物资,8000019826,手套置物架,45CM,食堂用品,个,待定,,,,0,已启用,,,26.00,否,否
647,综合物资,8000019825,酱油壶,0.8斤,食堂用品,个,待定,,,,0,已启用,,,19.00,否,否
648,综合物资,8000019824,保鲜盒,500ML,食堂用品,个,待定,,,,0,已启用,,,9.00,否,否
649,综合物资,8000019823,烤盘,60*40,食堂用品,个,待定,,,,0,已启用,,,37.00,否,否
650,综合物资,8000019822,防砸鞋（41码）,FF0603,劳保用品,双,世达,热缩专用,,,0,已启用,,,159.00,否,否
651,综合物资,8000019821,防砸鞋（40码）,FF0603,劳保用品,双,世达,热缩专用,,,0,已启用,,,159.00,否,否
652,综合物资,8000019820,防砸鞋（39码）,FF0603,劳保用品,双,世达,热缩专用,,,0,已启用,,,159.00,否,否
653,综合物资,8000019819,防砸鞋（38码）,FF0603,劳保用品,双,世达,热缩专用,,,0,已启用,,,159.00,否,否
654,综合物资,8000019818,蓝色大褂（不连体）,5XL,劳保用品,件,待定,,,,0,已启用,,,46.00,否,否
655,综合物资,8000019817,蓝色大褂（不连体）,4XL,劳保用品,件,待定,,,,0,已启用,,,46.00,否,否
656,综合物资,8000019816,蓝色大褂（不连体）,3XL,劳保用品,件,待定,,,,0,已启用,,,46.00,否,否
657,综合物资,8000019815,蓝色大褂（不连体）,2XL,劳保用品,件,待定,,,,0,已启用,,,46.00,否,否
658,综合物资,8000019814,蓝色大褂（不连体）,XL,劳保用品,件,待定,,,,0,已启用,,,46.00,否,否
659,综合物资,8000019813,空调遥控器,,办公用具、费用化资产,个,格力,,,,0,已启用,,,25.00,否,是
660,综合物资,8000019812,无线鼠标,2.4G 蓝牙,办公用具、费用化资产,个,英菲克,,,,0,已启用,,,80.00,否,是
661,综合物资,8000019811,便携式溶氧仪,STARTER400D,办公用具、费用化资产,台,奥豪斯,,,,0,已启用,,,11880.00,否,是
662,综合物资,8000019810,键盘,,办公用具、费用化资产,个,惠普,,,,0,已启用,,,46.00,否,是
663,综合物资,8000019809,圆形设备状态标识牌,,办公用具、费用化资产,个,,已清洁、未清洁 ,,,0,已启用,,,6.80,否,否
664,综合物资,8000019808,静电带,,叉车维保,副,海斯特,叉车专用,,,0,已启用,,,200.00,否,否
665,综合物资,8000019807,打蜘蛛网神器,,办公耗材,个,,,,,0,已启用,,,37.00,否,否
666,综合物资,8000019806,塑料烧杯,100ml,办公耗材,个,,,,,0,已启用,,,3.00,否,否
667,综合物资,8000019805,空气清新剂,480ml/瓶   桂花香,办公耗材,瓶,,,,,0,已启用,,,25.00,否,否
668,综合物资,8000019804,色带（红色）,GS-RD201,办公耗材,盒,,,,,0,已启用,,,238.00,否,否
669,综合物资,8000019803,色带（蓝色）,GS-BL201,办公耗材,盒,,,,,0,已启用,,,238.00,否,否
670,综合物资,8000019802,色带（黄色）,GS-YL201,办公耗材,盒,,,,,0,已启用,,,238.00,否,否
671,综合物资,8000019801,色带（黑色）,GS-BK202,办公耗材,盒,,,,,0,已启用,,,238.00,否,否
672,综合物资,8000019800,色带（白色）,GS-WT202,办公耗材,盒,,,,,0,已启用,,,238.00,否,否
673,综合物资,8000019799,PH试纸,PH1-14,办公耗材,本,,,,,0,已启用,,,10.00,否,否
674,综合物资,8000019798,喷漆除油布擦拭纸工业擦黄油纸贴膜除尘油布无纺布机修擦油纸,白色30*35CM,办公耗材,箱,,,,,0,已启用,,,86.00,否,否
675,综合物资,8000019797,马蹄扣,3T,办公耗材,个,,,,,0,已启用,,,35.00,否,否
676,综合物资,8000019796,收据,,办公耗材,本,得力,,,,0,已启用,,,2.00,否,否
677,综合物资,8000019793,吸液棉,灰色3mm厚50米/卷,办公耗材,卷,,,,,0,已启用,,,270.00,否,否
678,综合物资,8000019776,打印机维修,MF643Cdw,委外维修,台,佳能,,,,0,已启用,,,1100.00,否,否
679,综合物资,8000019775,白板笔,6817黑色,办公耗材,支,得力,,,,0,已启用,,,1.50,否,否
680,综合物资,8000019762,2025年集团新春福袋,,集团促进物,袋,华彬,,,,0,已启用,,,0.00,否,否
681,综合物资,8000019757,会计凭证封面,西玛A5,办公耗材,张,西玛,,,,0,已启用,,,1.00,否,否
682,综合物资,8000019747,2025年集团定制笔记本（白）,,办公耗材,本,,白色,,,0,已启用,,,,否,否
683,综合物资,8000019746,2025年集团定制笔记本（红）,,办公耗材,本,,红色,,,0,已启用,,,,否,否
684,综合物资,8000019745,袋子,0.001,食堂用品,包,待定,,,,0,已启用,,,0.01,否,否
685,综合物资,8000019723,荧光笔,S625（绿色）,办公耗材,盒,得力,绿色,,,0,已启用,0.000,,,否,否
686,综合物资,8000019722,荧光笔,S625（黄色）,办公耗材,支,得力,黄色,,,0,已启用,0.000,,,否,否
687,综合物资,8000019721,荧光笔,S625（紫色）,办公耗材,盒,得力,紫色,,,0,已启用,0.000,,,否,否
688,综合物资,8000019720,安全反光腰带,0.001,劳保用品,条,待定,定制 红色,,,0,已启用,,,15.00,否,否
689,综合物资,8000019719,安全反光背心,0.001,劳保用品,件,待定,定制 红色,,,0,已启用,,,11.00,否,否
690,综合物资,8000019718,笔芯,K35  0.38mm,办公耗材,支,晨光,,,,0,已启用,,,1.75,否,否
691,综合物资,8000019717,按动笔,K35款0.38mm,办公耗材,支,晨光,,,,0,已启用,,,2.00,否,否
692,综合物资,8000019716,削皮刀,易丽洁,食堂用品,个,ELG-8010,,,,0,已启用,,,12.00,否,否
693,综合物资,8000019712,2025年集团定制日历,,办公耗材,本,,普通款,,,0,已启用,,,,否,否
694,综合物资,8000019711,员工宿舍管理（摘要）公示牌,2米*1米,办公耗材,张,,,,,0,已启用,,,90.00,否,否
695,综合物资,8000019710,一次性医用灭菌手套,S 50双/盒,实验耗材,盒,爱马斯,,,,0,已启用,,,88.00,否,否
696,综合物资,8000019709,国标导管,,实验耗材,包,,,,,0,已启用,,,,否,否
697,综合物资,8000019708,无机过滤膜,,内部检测,盒,,,,,0,已启用,,,,否,否
698,综合物资,8000019707,移液枪,300,实验耗材,把,,,,,0,已启用,,,,否,否
699,综合物资,8000019706,移液枪,200,实验耗材,把,,,,,0,已启用,,,,否,否
700,综合物资,8000019705,冬季拖鞋,44,劳保用品,双,待定,,,,0,已启用,,,0.01,否,否
701,综合物资,8000019704,夏季拖鞋,36码,劳保用品,双,待定,,,,0,已启用,,,0.01,否,否
702,综合物资,8000019703,夏季拖鞋,40码,劳保用品,双,待定,,,,0,已启用,,,0.01,否,否
703,综合物资,8000019702,DPD1,,实验耗材,盒,,,,,0,已启用,,,,否,否
704,综合物资,8000019701,男仕手套,0.001,劳保用品,双,待定,,,,0,已启用,,,0.01,否,否
705,综合物资,8000019696,行吊遥控器,,办公用具、费用化资产,个,,,,,0,已启用,,,115.00,否,否
706,综合物资,8000019695,磷肥,磷酸二氢钾,实验耗材,袋,,不含钙镁,,,0,已启用,0.000,,395.00,否,否
707,综合物资,8000019694,定位胶带,5公分；60米；黄色,食堂用品,卷,待定,,,,0,已启用,,,15.00,否,否
708,综合物资,8000019693,暖风机,HFY20B,食堂用品,台,美的,,,,0,已启用,,,365.00,否,否
709,综合物资,8000019692,纸盒壁挂式,0.001,食堂用品,个,待定,,,,0,已启用,,,26.00,否,否
710,综合物资,8000019691,厨师服装,M码 白色,食堂用品,件,待定,,,,0,已启用,,,52.00,否,否
711,综合物资,8000019690,厨师服装,M码 红色,食堂用品,件,待定,,,,0,已启用,,,52.00,否,否
712,综合物资,8000019689,白纱布,宽1.2米 长5米,食堂用品,张,待定,,,,0,已启用,,,48.00,否,否
713,综合物资,8000019688,面点大筷子,32cm,食堂用品,双,待定,,,,0,已启用,,,11.00,否,否
714,综合物资,8000019686,一次性圆形打包盒带盖,1000ml,一次性用品,件,待定,,,,0,已启用,,,98.00,否,否
715,综合物资,8000019685,硒鼓,CRG-057 适用于佳能MF44DW,办公用品物料组,个,京呈,,,,0,已启用,0.000,,125.00,否,否
716,综合物资,8000019684,盐酸吡哆醇标准品,50mg,实验耗材,瓶,,,,,0,已启用,,,300.00,否,否
717,综合物资,8000019683,氰钴胺(VB12)标准品,50mg,实验耗材,瓶,,,,,0,已启用,,,750.00,否,否
718,综合物资,8000019682,PH-RG,1L*2,实验耗材,套,日立,,,,0,已启用,0.000,,1590.00,否,否
719,综合物资,8000019681,PH-4,1L*2,实验耗材,套,日立,,,,0,已启用,0.000,,1590.00,否,否
720,综合物资,8000019680,PH-3,1L*2,实验耗材,套,日立,,,,0,已启用,0.000,,1590.00,否,否
721,综合物资,8000019679,PH-2,1L*2,实验耗材,套,日立,,,,0,已启用,0.000,,1590.00,否,否
722,综合物资,8000019678,PH-1,1L*2,实验耗材,套,日立,,,,0,已启用,0.000,,1590.00,否,否
723,综合物资,8000019677,不锈钢滚花螺母,与三联支架配套,实验耗材,个,,,,,0,已启用,,,420.00,否,否
724,综合物资,8000019676,门把手,与低温恒温箱配套,实验耗材,个,,,,,0,已启用,,,290.00,否,否
725,综合物资,8000019675,电池盖,与三丰卡尺配套,实验耗材,个,,,,,0,已启用,,,95.00,否,否
726,综合物资,8000019674,移液枪枪头,1000μl，蓝色,实验耗材,包,大龙,,,,0,已启用,,,150.00,否,否
727,综合物资,8000019673,电工绝缘鞋,FF0503 42码,劳保用品,双,世达,,,,0,已启用,,,159.00,否,否
728,综合物资,8000019672,电工绝缘鞋,FF0503 40码,劳保用品,双,世达,,,,0,已启用,,,159.00,否,否
729,综合物资,8000019671,冬季工鞋,44码 加绒,劳保用品,双,多走路,,,,0,已启用,,,109.00,否,否
730,综合物资,8000019670,冬季工鞋,43码 加绒,劳保用品,双,多走路,,,,0,已启用,,,109.00,否,否
731,综合物资,8000019669,冬季工鞋,42码 加绒,劳保用品,双,多走路,,,,0,已启用,,,109.00,否,否
732,综合物资,8000019668,冬季工鞋,41码 加绒,劳保用品,双,多走路,,,,0,已启用,,,109.00,否,否
733,综合物资,8000019667,冬季工鞋,40码 加绒,劳保用品,双,多走路,,,,0,已启用,,,109.00,否,否
734,综合物资,8000019666,冬季工鞋,39码 加绒,劳保用品,双,多走路,,,,0,已启用,,,109.00,否,否
735,综合物资,8000019665,冬季工鞋,38码 加绒,劳保用品,双,多走路,,,,0,已启用,,,109.00,否,否
736,综合物资,8000019664,冬季工鞋,37码 加绒,劳保用品,双,多走路,,,,0,已启用,,,109.00,否,否
737,综合物资,8000019663,冬季工鞋,36码 加绒,劳保用品,双,多走路,,,,0,已启用,,,109.00,否,否
738,综合物资,8000019662,冬季拖鞋,44码,劳保用品,双,待定,,,,0,已启用,,,25.00,否,否
739,综合物资,8000019661,冬季拖鞋,43码,劳保用品,双,待定,,,,0,已启用,,,25.00,否,否
740,综合物资,8000019660,冬季拖鞋,42码,劳保用品,双,待定,,,,0,已启用,,,25.00,否,否
741,综合物资,8000019659,冬季拖鞋,41码,劳保用品,双,待定,,,,0,已启用,,,25.00,否,否
742,综合物资,8000019658,冬季拖鞋,40码,劳保用品,双,待定,,,,0,已启用,,,25.00,否,否
743,综合物资,8000019657,冬季拖鞋,39码,劳保用品,双,待定,,,,0,已启用,,,25.00,否,否
744,综合物资,8000019656,冬季拖鞋,38码,劳保用品,双,待定,,,,0,已启用,,,25.00,否,否
745,综合物资,8000019655,冬季拖鞋,37码,劳保用品,双,待定,,,,0,已启用,,,25.00,否,否
746,综合物资,8000019654,冬季拖鞋,36码,劳保用品,双,待定,,,,0,已启用,,,25.00,否,否
747,综合物资,8000019653,夏季工鞋,45码,劳保用品,双,多走路,,,,0,已启用,,,109.00,否,否
748,综合物资,8000019652,夏季工鞋,44码,劳保用品,双,多走路,,,,0,已启用,,,109.00,否,否
749,综合物资,8000019651,夏季工鞋,43码,劳保用品,双,多走路,,,,0,已启用,,,109.00,否,否
750,综合物资,8000019650,夏季工鞋,42码,劳保用品,双,多走路,,,,0,已启用,,,109.00,否,否
751,综合物资,8000019649,夏季工鞋,41码,劳保用品,双,多走路,,,,0,已启用,,,109.00,否,否
752,综合物资,8000019648,夏季工鞋,40码,劳保用品,双,多走路,,,,0,已启用,,,109.00,否,否
753,综合物资,8000019647,夏季工鞋,39码,劳保用品,双,多走路,,,,0,已启用,,,109.00,否,否
754,综合物资,8000019646,夏季工鞋,38码,劳保用品,双,多走路,,,,0,已启用,,,109.00,否,否
755,综合物资,8000019645,夏季工鞋,37码,劳保用品,双,多走路,,,,0,已启用,,,109.00,否,否
756,综合物资,8000019644,夏季工鞋,36码,劳保用品,双,多走路,,,,0,已启用,,,109.00,否,否
757,综合物资,8000019643,《框架思维》,,办公用具、费用化资产,本,,,,,0,已启用,,,46.00,否,否
758,综合物资,8000019642,车载手机支架,,办公用具、费用化资产,个,绿联,,,,0,已启用,,,39.50,否,否
759,综合物资,8000019641,净手器充电器,12口充电器,办公用具、费用化资产,个,,,,,0,已启用,,,108.00,否,否
760,综合物资,8000019640,封口机, 3厘米封口机含发热丝+1张高温布,办公用具、费用化资产,台,,,,,0,已启用,,,110.00,否,否
761,综合物资,8000019639,显微镜配件金属手机夹支架,,办公用具、费用化资产,个,,,,,0,已启用,,,43.00,否,否
762,综合物资,8000019638,不锈钢水管收纳架,,办公用具、费用化资产,个,,,,,0,已启用,,,578.00,否,否
763,综合物资,8000019637,耐酸碱桌垫, 长1.4米 宽0.7米,办公用具、费用化资产,张,,,,,0,已启用,,,190.00,否,否
764,综合物资,8000019636,七步洗手法PVC板,140cm*宽10cm ,办公用具、费用化资产,张,,,,,0,已启用,,,22.00,否,否
765,综合物资,8000019635,梅特勒电子秤充电器,PSAC12R-120   12V1A ,办公用具、费用化资产,个,,,,,0,已启用,,,127.00,否,否
766,综合物资,8000019634,水龙头延伸器,30cm,办公用具、费用化资产,个,,,,,0,已启用,,,13.50,否,否
767,综合物资,8000019633,洗耳球,大号红色,办公用具、费用化资产,个,,,,,0,已启用,,,18.00,否,否
768,综合物资,8000019632,单控开关,,办公用具、费用化资产,个,,污水蒸空泵,,,0,已启用,,,18.00,否,否
769,综合物资,8000019631,五联文件筐,9838,办公用具、费用化资产,个,得力,,,,0,已启用,,,39.00,否,否
770,综合物资,8000019630,笔芯,K35  0.38mm,办公耗材,盒,晨光,,,,0,已启用,,,35.00,否,否
771,综合物资,8000019629,地板清洁剂,2KG,办公耗材,瓶,蓝月亮,,,,0,已启用,,,35.00,否,否
772,综合物资,8000019628,雨刮（奥迪）,奥迪A6L,办公耗材,副,,,,,0,已启用,,,188.00,否,否
773,综合物资,8000019627,雨刮（别克）,别克GL8,办公耗材,副,,,,,0,已启用,,,95.00,否,否
774,综合物资,8000019626,照片纸打印纸,230G 50张,办公耗材,包,得力,,,,0,已启用,,,27.00,否,否
775,综合物资,8000019625,酒精喷壶,白色-500ml长柄,办公耗材,个,,,,,0,已启用,,,15.00,否,否
776,综合物资,8000019624,急停按钮开关保护罩,外径63安装孔径36mm带双面胶,办公耗材,个,,,,,0,已启用,,,7.00,否,否
777,综合物资,8000019623,长柄浇花水瓢,46cm 蓝色,办公耗材,个,,,,,0,已启用,,,7.50,否,否
778,综合物资,8000019622,插头挂钩,,办公耗材,个,,,,,0,已启用,,,2.20,否,否
779,综合物资,8000019621,漏斗,塑料材质,办公耗材,个,,,,,0,已启用,,,15.00,否,否
780,综合物资,8000019620,防火袖套,铝箔材质,劳保用品,双,待定,,,,0,已启用,,,45.00,否,否
781,综合物资,8000019619,防滑耐磨手套,M,劳保用品,双,待定,空罐检测使用,,,0,已启用,,,2.00,否,否
782,综合物资,8000019618,防滑耐磨手套,S,劳保用品,双,待定,空罐检测使用,,,0,已启用,,,2.00,否,否
783,综合物资,8000019617,灭火毯,200*200cm,劳保用品,张,,,,,0,已启用,,,121.00,否,否
784,综合物资,8000019604,高效链条油,,叉车维保,瓶,,,,,0,已启用,,,,否,否
785,综合物资,8000019603,票据收纳盒,5353,办公耗材,个,得力,,,,0,已启用,,,,否,否
786,综合物资,8000019602,制动液,,叉车维保,瓶,,叉车专用,,,0,已启用,,,,否,否
787,综合物资,8000019601,抽水泵,,办公用具、费用化资产,个,,叉车加RO水,,,0,已启用,,,,否,否
788,综合物资,8000019600,钉子,,办公耗材,盒,,,,,0,已启用,,,,否,否
789,综合物资,8000019599,叉车坐垫,竹制,劳保用品,个,,,,,0,已启用,,,,否,否
790,综合物资,8000019598,叉车坐垫,塑料,劳保用品,个,,,,,0,已启用,,,,否,否
791,综合物资,8000019597,水鞋,40码,劳保用品,双,,,,,0,已启用,,,,否,否
792,综合物资,8000019596,工具柜,蓝色,办公用具、费用化资产,个,,储运专用,,,0,已启用,,,,否,否
793,综合物资,8000019595,防爆柜,12加仑 红色,办公用具、费用化资产,个,,,,,0,已启用,,,,否,否
794,综合物资,8000019594,恒申保温手套,,劳保用品,双,,,,,0,已启用,,,,否,否
795,综合物资,8000019593,砂纸,1200目,办公耗材,包,,,,,0,已启用,,,,否,否
796,综合物资,8000019592,洗车毛巾,米色,办公耗材,块,,,,,0,已启用,,,,否,否
797,综合物资,8000019591,平铲,,办公耗材,把,,,,,0,已启用,,,,否,否
798,综合物资,8000019590,链锁,,办公耗材,把,,,,,0,已启用,,,,否,否
799,综合物资,8000019589,电动喷雾器,,办公用具、费用化资产,个,,,,,0,已启用,,,,否,否
800,综合物资,8000019588,洗地机刷盘,,办公耗材,个,,,,,0,已启用,,,,否,否
801,综合物资,8000019587,档案盒,（A4-55mm),办公耗材,个,融腾,,,,0,已启用,,,,否,否
802,综合物资,8000019586,钥匙盘,48位,办公用具、费用化资产,个,,,,,0,已启用,,,,否,否
803,综合物资,8000019585,转笔刀,0739,办公耗材,个,得力,,,,0,已启用,,,,否,否
804,综合物资,8000019584,白板清洗剂,7869,办公耗材,瓶,得力,,,,0,已启用,,,,否,否
805,综合物资,8000019583,色带,条码打印机,办公耗材,卷,,,,,0,已启用,,,,否,否
806,综合物资,8000019582,记号笔,黑色 6823,办公耗材,支,得力,,,,0,已启用,,,,否,否
807,综合物资,8000019581,5S定位胶带,绿色 1cm,办公耗材,卷,,,,,0,已启用,,,,否,否
808,综合物资,8000019580,标签纸,固定资产打印,办公耗材,卷,,,,,0,已启用,,,,否,否
809,综合物资,8000019579,笔芯（蓝）,6906,实验耗材,支,得力,,,,0,已启用,,,,否,否
810,综合物资,8000019578,按动笔芯,S760,办公耗材,支,得力,,,,0,已启用,,,,否,否
811,综合物资,8000019577,记号笔,6824（红色）,办公耗材,支,得力,,,,0,已启用,,,,否,否
812,综合物资,8000019576,记号笔,6824（蓝色）,办公耗材,支,得力,,,,0,已启用,,,,否,否
813,综合物资,8000019575,起订器,0231,办公耗材,个,得力,,,,0,已启用,,,,否,否
814,综合物资,8000019574,凤尾夹 ,8521,办公耗材,盒,得力,,,,0,已启用,,,,否,否
815,综合物资,8000019573,凤尾夹,8529,办公耗材,盒,得力,,,,0,已启用,,,,否,否
816,综合物资,8000019572,充装干粉灭火器,MFZ/ABC4型/4kg,灭火器,个,,,,,0,已启用,,,35.00,否,否
817,综合物资,8000019565,快速连接组件,0.17x105mm,实验耗材,个,安捷伦,,,,0,已启用,,,1983.15,否,否
818,综合物资,8000019564,塑料密封圈,,实验耗材,个,安捷伦,,,,0,已启用,,,32.21,否,否
819,综合物资,8000019563,毛细管,0.17x280mm,实验耗材,根,安捷伦,,,,0,已启用,,,277.42,否,否
820,综合物资,8000019562,活性炭过滤器,58g,实验耗材,个,安捷伦,,,,0,已启用,,,426.12,否,否
821,综合物资,8000019561,塑料桶、废液瓶,GL45，6L,实验耗材,个,安捷伦,,,,0,已启用,,,672.92,否,否
822,综合物资,8000019560,色谱柱,4.6x250 mm，5um,实验耗材,根,安捷伦,,,,0,已启用,,,5219.02,否,否
823,综合物资,8000019533,胰酪大豆胨琼脂培养基,250g,实验耗材,瓶,奥博星,,,,0,已启用,,,,否,否
824,综合物资,8000019532,工作证内页（正、反面）,特种纸彩色激光打印,办公耗材,张,,,,,0,已启用,,,1.00,否,否
825,综合物资,8000019531,员工工牌外壳套装,金属外壳与圆饼平扣绳,办公耗材,个,,,,,0,已启用,,,6.50,否,否
826,综合物资,8000019528,消防沙箱,40*40*40,办公耗材,个,,,,,0,已启用,,,80.00,否,否
827,综合物资,8000019527,吸水海绵,厚10厘米宽15厘米长2米,办公耗材,个,,,,,0,已启用,,,45.00,否,否
828,综合物资,8000019526,密封胶带,厚1.5mm宽10cm长10m,办公耗材,个,,,,,0,已启用,,,65.00,否,否
829,综合物资,8000019525,消防沙,2.5KG,办公耗材,袋,,,,,0,已启用,,,13.50,否,否
830,综合物资,8000019524,空调,KFR-26GW/NhGc1B 大1匹,办公用具、费用化资产,台,格力,,,,0,已启用,,,3450.00,否,否
831,综合物资,8000019523,护目镜,蓝色防雾护目镜,劳保用品,副,,,,,0,已启用,,,34.00,否,否
832,综合物资,8000019522,工具腰带,加厚升级电钻中包红色,劳保用品,条,,,,,0,已启用,,,44.00,否,否
833,综合物资,8000019521,会议室状态切牌,,实验耗材,个,,,,,0,已启用,,,23.00,否,否
834,综合物资,8000019520,磁力锁支架,,办公耗材,个,ZKAT兆控,,,,0,已启用,,,16.50,否,否
835,综合物资,8000019519,磁力锁,,办公耗材,套,ZKAT兆控,,,,0,已启用,,,87.00,否,否
836,综合物资,8000019515,空气清香剂,70G固体,办公耗材,个,,,,,0,已启用,,,5.00,否,否
837,综合物资,8000019514,总氮检测试剂, 20支/盒,实验耗材,盒,,,,,0,已启用,,,350.00,否,否
838,综合物资,8000019513,总磷检测试剂,25支/盒,实验耗材,盒,,,,,0,已启用,,,350.00,否,否
839,综合物资,8000019512,COD快检试剂,COD【量程0-1000mg/L】50次/盒 ,实验耗材,盒,,,,,0,已启用,,,249.00,否,否
840,综合物资,8000019511,气瓶减压器,,实验耗材,个,,,,,0,已启用,,,295.00,否,否
841,综合物资,8000019510,浮游菌检测膜,80mm，10个/盒,实验耗材,盒,赛多利斯,,,,0,已启用,,,790.00,否,否
842,综合物资,8000019509,钨灯,885-1200,实验耗材,个,日立,,,,0,已启用,,,860.00,否,否
843,综合物资,8000019508,黑色微孔滤膜,0.45um  100张/盒,实验耗材,盒,赛多利斯,,,,0,已启用,,,247.00,否,否
844,综合物资,8000019507,白色微孔滤膜,0.45um  100张/盒,实验耗材,盒,赛多利斯,,,,0,已启用,,,247.00,否,否
845,综合物资,8000019506,电子秤,0.001,食堂用品,台,待定,,,,0,已启用,,,148.00,否,否
846,综合物资,8000019505,电工绝缘鞋,FF0503  41码,劳保用品,双,世达,,,,0,已启用,,,159.00,否,否
847,综合物资,8000019504,漏斗,100mm,办公用具、费用化资产,个,,玻璃 污水用,,,0,已启用,,,15.00,否,否
848,综合物资,8000019503,小钢铲,3438-9分宽8mm厚焊接1.2米钢管柄铲,办公用具、费用化资产,把,,,,,0,已启用,,,55.00,否,否
849,综合物资,8000019502,不锈钢可折叠壁挂桌面,加厚长40宽30,办公用具、费用化资产,个,,,,,0,已启用,,,59.00,否,否
850,综合物资,8000019501,水龙头,电镀亮色感应龙头+洗眼器,办公用具、费用化资产,个,,,,,0,已启用,,,388.00,否,否
851,综合物资,8000019500,防漏盒,长：41cm  宽：28cm  高：15cm,办公用具、费用化资产,个,,,,,0,已启用,,,95.00,否,否
852,综合物资,8000019499,食品级胶管,内径25mm,办公用具、费用化资产,米,,配料专用,,,0,已启用,,,38.00,否,否
853,综合物资,8000019498,方糖夹,,办公用具、费用化资产,个,,,,,0,已启用,,,2.20,否,否
854,综合物资,8000019497,糖盅,,办公用具、费用化资产,个,,,,,0,已启用,,,11.00,否,否
855,综合物资,8000019496,奶盅,,办公用具、费用化资产,个,,,,,0,已启用,,,11.00,否,否
856,综合物资,8000019495,勺子,1012咖啡圆,办公用具、费用化资产,把,,,,,0,已启用,,,3.00,否,否
857,综合物资,8000019494,咖啡杯,北欧风杯垫套装,办公用具、费用化资产,套,,,,,0,已启用,,,14.00,否,否
858,综合物资,8000019493,红茶,,办公耗材,盒,,,,,0,已启用,,,95.00,否,否
859,综合物资,8000019492,绿茶,,办公耗材,盒,,,,,0,已启用,,,129.00,否,否
860,综合物资,8000019491,茶渍清洗剂,,办公耗材,瓶,,,,,0,已启用,,,16.00,否,否
861,综合物资,8000019490,饮水机清洗剂,,办公耗材,包,,,,,0,已启用,,,36.00,否,否
862,综合物资,8000019489,自粘皮革修复贴,黑色0.5米*1.37米/张,办公耗材,张,,,,,0,已启用,,,15.00,否,否
863,综合物资,8000019488,一次性纸杯,加厚,办公耗材,包,富强,,,,0,已启用,,,9.80,否,否
864,综合物资,8000019487,防滑地垫,3*2m,办公耗材,卷,,车间消毒池,,,0,已启用,,,350.00,否,否
865,综合物资,8000019486,箭头标,10*2000cm,办公耗材,卷,,,,,0,已启用,,,46.50,否,否
866,综合物资,8000019485,蒸汽管路标识,10*30cm,办公耗材,个,,耐高温,,,0,已启用,,,6.00,否,否
867,综合物资,8000019484,不锈钢加厚提水桶,30*30（20升）,办公耗材,个,,,,,0,已启用,,,170.00,否,否
868,综合物资,8000019483,按动笔,K35款0.38mm 黑色,办公耗材,盒,晨光,,,,0,已启用,,,40.00,否,否
869,综合物资,8000019482,防泄漏托盘,1200*1200,办公用具、费用化资产,个,,,,,0,已启用,,,800.00,否,是
870,综合物资,8000019481,防砸鞋44码,44码,劳保用品,双,,,,,0,已启用,,,,否,否
871,综合物资,8000019428,消火栓枪头,,室内消火栓,个,,,,,0,已启用,,,,否,否
872,综合物资,8000019427,室内消防栓,,室内消火栓,个,,,,,0,已启用,,,,否,否
873,综合物资,8000019426,二氧化碳灭火器,MFZ/ABC4型,灭火器,具,,,,,0,已启用,,,,否,否
874,综合物资,8000019425,干粉灭火器,,灭火器,具,,,,,0,已启用,,,,否,否
875,综合物资,8000019424,2024年国庆氛围物,,办公耗材,组,,,,,0,已启用,,,167.00,否,否
876,综合物资,8000019423,定制员工工服名牌（刺绣、魔术贴）,8*3.5cm,工作服类,张,,,,,0,已启用,,,,否,否
877,综合物资,8000019416,2024年冬季冲锋衣-车间-食堂,4XL,工作服类,件,华彬,,,,0,已启用,,,130.00,否,否
878,综合物资,8000019415,2024年冬季冲锋衣-车间-食堂,3XL,工作服类,件,华彬,,,,0,已启用,,,130.00,否,否
879,综合物资,8000019414,2024年冬季冲锋衣-车间-食堂,2XL,工作服类,件,华彬,,,,0,已启用,,,130.00,否,否
880,综合物资,8000019413,2024年冬季冲锋衣-车间-食堂,XL,工作服类,件,华彬,,,,0,已启用,,,130.00,否,否
881,综合物资,8000019412,2024年冬季冲锋衣-车间-食堂,L,工作服类,件,华彬,,,,0,已启用,,,130.00,否,否
882,综合物资,8000019411,2024年冬季冲锋衣-车间-食堂,M,工作服类,件,华彬,,,,0,已启用,,,130.00,否,否
883,综合物资,8000019410,2024年冬季冲锋衣-车间-食堂,S,工作服类,件,华彬,,,,0,已启用,,,130.00,否,否
884,综合物资,8000019409,2024年冬季内胆-车间-食堂,4XL,工作服类,件,华彬,,,,0,已启用,,,64.00,否,否
885,综合物资,8000019408,2024年冬季内胆-车间-食堂,3XL,工作服类,件,华彬,,,,0,已启用,,,64.00,否,否
886,综合物资,8000019407,2024年冬季内胆-车间-食堂,2XL,工作服类,件,华彬,,,,0,已启用,,,64.00,否,否
887,综合物资,8000019406,2024年冬季内胆-车间-食堂,XL,工作服类,件,华彬,,,,0,已启用,,,64.00,否,否
888,综合物资,8000019405,2024年冬季内胆-车间-食堂,L,工作服类,件,华彬,,,,0,已启用,,,64.00,否,否
889,综合物资,8000019404,2024年冬季内胆-车间-食堂,M,工作服类,件,华彬,,,,0,已启用,,,64.00,否,否
890,综合物资,8000019403,2024年冬季内胆-车间-食堂,S,工作服类,件,华彬,,,,0,已启用,,,64.00,否,否
891,综合物资,8000019402,2024年冬季长裤-车间-食堂,4XL,工作服类,件,华彬,,,,0,已启用,,,70.00,否,否
892,综合物资,8000019401,2024年冬季长裤-车间-食堂,3XL,工作服类,件,华彬,,,,0,已启用,,,70.00,否,否
893,综合物资,8000019400,2024年冬季长裤-车间-食堂,2XL,工作服类,件,华彬,,,,0,已启用,,,70.00,否,否
894,综合物资,8000019399,2024年冬季长裤-车间-食堂,XL,工作服类,件,华彬,,,,0,已启用,,,70.00,否,否
895,综合物资,8000019398,2024年冬季长裤-车间-食堂,L,工作服类,件,华彬,,,,0,已启用,,,70.00,否,否
896,综合物资,8000019397,2024年冬季长裤-车间-食堂,M,工作服类,件,华彬,,,,0,已启用,,,70.00,否,否
897,综合物资,8000019396,2024年冬季长裤-车间-食堂,S,工作服类,件,华彬,,,,0,已启用,,,70.00,否,否
898,综合物资,8000019395,2024年冬季冲锋衣-车间-备用,4XL,工作服类,件,华彬,,,,0,已启用,,,130.00,否,否
899,综合物资,8000019394,2024年冬季冲锋衣-车间-备用,3XL,工作服类,件,华彬,,,,0,已启用,,,130.00,否,否
900,综合物资,8000019393,2024年冬季冲锋衣-车间-备用,2XL,工作服类,件,华彬,,,,0,已启用,,,130.00,否,否
901,综合物资,8000019392,2024年冬季冲锋衣-车间-备用,XL,工作服类,件,华彬,,,,0,已启用,,,130.00,否,否
902,综合物资,8000019391,2024年冬季冲锋衣-车间-备用,L,工作服类,件,华彬,,,,0,已启用,,,130.00,否,否
903,综合物资,8000019390,2024年冬季冲锋衣-车间-备用,M,工作服类,件,华彬,,,,0,已启用,,,130.00,否,否
904,综合物资,8000019389,2024年冬季冲锋衣-车间-备用,S,工作服类,件,华彬,,,,0,已启用,,,130.00,否,否
905,综合物资,8000019388,2024年冬季内胆-车间-备用,4XL,工作服类,件,华彬,,,,0,已启用,,,64.00,否,否
906,综合物资,8000019387,2024年冬季内胆-车间-备用,3XL,工作服类,件,华彬,,,,0,已启用,,,64.00,否,否
907,综合物资,8000019386,2024年冬季内胆-车间-备用,2XL,工作服类,件,华彬,,,,0,已启用,,,64.00,否,否
908,综合物资,8000019385,2024年冬季内胆-车间-备用,XL,工作服类,件,华彬,,,,0,已启用,,,64.00,否,否
909,综合物资,8000019384,2024年冬季内胆-车间-备用,L,工作服类,件,华彬,,,,0,已启用,,,64.00,否,否
910,综合物资,8000019383,2024年冬季内胆-车间-备用,M,工作服类,件,华彬,,,,0,已启用,,,64.00,否,否
911,综合物资,8000019382,2024年冬季内胆-车间-备用,S,工作服类,件,华彬,,,,0,已启用,,,64.00,否,否
912,综合物资,8000019381,2024年冬季长裤-车间-备用,4XL,工作服类,件,华彬,,,,0,已启用,,,70.00,否,否
913,综合物资,8000019380,2024年冬季长裤-车间-备用,3XL,工作服类,件,华彬,,,,0,已启用,,,70.00,否,否
914,综合物资,8000019379,2024年冬季长裤-车间-备用,2XL,工作服类,件,华彬,,,,0,已启用,,,70.00,否,否
915,综合物资,8000019378,2024年冬季长裤-车间-备用,XL,工作服类,件,华彬,,,,0,已启用,,,70.00,否,否
916,综合物资,8000019377,2024年冬季长裤-车间-备用,L,工作服类,件,华彬,,,,0,已启用,,,70.00,否,否
917,综合物资,8000019376,2024年冬季长裤-车间-备用,M,工作服类,件,华彬,,,,0,已启用,,,70.00,否,否
918,综合物资,8000019375,2024年冬季长裤-车间-备用,S,工作服类,件,华彬,,,,0,已启用,,,70.00,否,否
919,综合物资,8000019374,2024年冬季长裤-车间-储运部,4XL,工作服类,件,华彬,储运部-车间服装,,,0,已启用,,,70.00,否,否
920,综合物资,8000019373,2024年冬季长裤-车间-储运部,3XL,工作服类,件,华彬,储运部-车间服装,,,0,已启用,,,70.00,否,否
921,综合物资,8000019372,2024年冬季长裤-车间-储运部,2XL,工作服类,件,华彬,储运部-车间服装,,,0,已启用,,,70.00,否,否
922,综合物资,8000019371,2024年冬季长裤-车间-储运部,XL,工作服类,件,华彬,储运部-车间服装,,,0,已启用,,,70.00,否,否
923,综合物资,8000019370,2024年冬季长裤-车间-储运部,L,工作服类,件,华彬,储运部-车间服装,,,0,已启用,,,70.00,否,否
924,综合物资,8000019369,2024年冬季长裤-车间-储运部,M,工作服类,件,华彬,储运部-车间服装,,,0,已启用,,,70.00,否,否
925,综合物资,8000019368,2024年冬季长裤-车间-储运部,S,工作服类,件,华彬,储运部-车间服装,,,0,已启用,,,70.00,否,否
926,综合物资,8000019367,2024年冬季长裤-车间-品管部,4XL,工作服类,件,华彬,品管部-车间服装,,,0,已启用,,,70.00,否,否
927,综合物资,8000019366,2024年冬季长裤-车间-品管部,3XL,工作服类,件,华彬,品管部-车间服装,,,0,已启用,,,70.00,否,否
928,综合物资,8000019365,2024年冬季长裤-车间-品管部,2XL,工作服类,件,华彬,品管部-车间服装,,,0,已启用,,,70.00,否,否
929,综合物资,8000019364,2024年冬季长裤-车间-品管部,XL,工作服类,件,华彬,品管部-车间服装,,,0,已启用,,,70.00,否,否
930,综合物资,8000019363,2024年冬季长裤-车间-品管部,L,工作服类,件,华彬,品管部-车间服装,,,0,已启用,,,70.00,否,否
931,综合物资,8000019362,2024年冬季长裤-车间-品管部,M,工作服类,件,华彬,品管部-车间服装,,,0,已启用,,,70.00,否,否
932,综合物资,8000019361,2024年冬季长裤-车间-品管部,S,工作服类,件,华彬,品管部-车间服装,,,0,已启用,,,70.00,否,否
933,综合物资,8000019360,2024年冬季长裤-车间-设备部,4XL,工作服类,件,华彬,设备部-车间服装,,,0,已启用,,,70.00,否,否
934,综合物资,8000019359,2024年冬季长裤-车间-设备部,3XL,工作服类,件,华彬,设备部-车间服装,,,0,已启用,,,70.00,否,否
935,综合物资,8000019358,2024年冬季长裤-车间-设备部,2XL,工作服类,件,华彬,设备部-车间服装,,,0,已启用,,,70.00,否,否
936,综合物资,8000019357,2024年冬季长裤-车间-设备部,XL,工作服类,件,华彬,设备部-车间服装,,,0,已启用,,,70.00,否,否
937,综合物资,8000019356,2024年冬季长裤-车间-设备部,L,工作服类,件,华彬,设备部-车间服装,,,0,已启用,,,70.00,否,否
938,综合物资,8000019355,2024年冬季长裤-车间-设备部,M,工作服类,件,华彬,设备部-车间服装,,,0,已启用,,,70.00,否,否
939,综合物资,8000019354,2024年冬季长裤-车间-设备部,S,工作服类,件,华彬,设备部-车间服装,,,0,已启用,,,70.00,否,否
940,综合物资,8000019353,2024年冬季长裤-车间-生产部,4XL,工作服类,件,华彬,生产部-车间服装,,,0,已启用,,,70.00,否,否
941,综合物资,8000019352,2024年冬季长裤-车间-生产部,3XL,工作服类,件,华彬,生产部-车间服装,,,0,已启用,,,70.00,否,否
942,综合物资,8000019351,2024年冬季长裤-车间-生产部,2XL,工作服类,件,华彬,生产部-车间服装,,,0,已启用,,,70.00,否,否
943,综合物资,8000019350,2024年冬季长裤-车间-生产部,XL,工作服类,件,华彬,生产部-车间服装,,,0,已启用,,,70.00,否,否
944,综合物资,8000019349,2024年冬季长裤-车间-生产部,L,工作服类,件,华彬,生产部-车间服装,,,0,已启用,,,70.00,否,否
945,综合物资,8000019348,2024年冬季长裤-车间-生产部,M,工作服类,件,华彬,生产部-车间服装,,,0,已启用,,,70.00,否,否
946,综合物资,8000019347,2024年冬季长裤-车间-生产部,S,工作服类,件,华彬,生产部-车间服装,,,0,已启用,,,70.00,否,否
947,综合物资,8000019346,2024年冬季长裤-办公室人员,4XL,工作服类,件,华彬,办公室服装,,,0,已启用,,,70.00,否,否
948,综合物资,8000019345,2024年冬季长裤-办公室人员,3XL,工作服类,件,华彬,办公室服装,,,0,已启用,,,70.00,否,否
949,综合物资,8000019344,2024年冬季长裤-办公室人员,2XL,工作服类,件,华彬,办公室服装,,,0,已启用,,,70.00,否,否
950,综合物资,8000019343,2024年冬季长裤-办公室人员,XL,工作服类,件,华彬,办公室服装,,,0,已启用,,,70.00,否,否
951,综合物资,8000019342,2024年冬季长裤-办公室人员,L,工作服类,件,华彬,办公室服装,,,0,已启用,,,70.00,否,否
952,综合物资,8000019341,2024年冬季长裤-办公室人员,M,工作服类,件,华彬,办公室服装,,,0,已启用,,,70.00,否,否
953,综合物资,8000019340,2024年冬季长裤-办公室人员,S,工作服类,件,华彬,办公室服装,,,0,已启用,,,70.00,否,否
954,综合物资,8000019339,2024年冬季长裤-办公室人员,XS,工作服类,件,华彬,办公室服装,,,0,已启用,,,70.00,否,否
955,综合物资,8000019338,2024年冬季内胆-车间-储运部,4XL,工作服类,件,华彬,储运部-车间服装,,,0,已启用,,,64.00,否,否
956,综合物资,8000019337,2024年冬季内胆-车间-储运部,3XL,工作服类,件,华彬,储运部-车间服装,,,0,已启用,,,64.00,否,否
957,综合物资,8000019336,2024年冬季内胆-车间-储运部,2XL,工作服类,件,华彬,储运部-车间服装,,,0,已启用,,,64.00,否,否
958,综合物资,8000019335,2024年冬季内胆-车间-储运部,XL,工作服类,件,华彬,储运部-车间服装,,,0,已启用,,,64.00,否,否
959,综合物资,8000019334,2024年冬季内胆-车间-储运部,L,工作服类,件,华彬,储运部-车间服装,,,0,已启用,,,64.00,否,否
960,综合物资,8000019333,2024年冬季内胆-车间-储运部,M,工作服类,件,华彬,储运部-车间服装,,,0,已启用,,,64.00,否,否
961,综合物资,8000019332,2024年冬季内胆-车间-储运部,S,工作服类,件,华彬,储运部-车间服装,,,0,已启用,,,64.00,否,否
962,综合物资,8000019331,2024年冬季内胆-车间-品管部,4XL,工作服类,件,华彬,品管部-车间服装,,,0,已启用,,,64.00,否,否
963,综合物资,8000019330,2024年冬季内胆-车间-品管部,3XL,工作服类,件,华彬,品管部-车间服装,,,0,已启用,,,64.00,否,否
964,综合物资,8000019329,2024年冬季内胆-车间-品管部,2XL,工作服类,件,华彬,品管部-车间服装,,,0,已启用,,,64.00,否,否
965,综合物资,8000019328,2024年冬季内胆-车间-品管部,XL,工作服类,件,华彬,品管部-车间服装,,,0,已启用,,,64.00,否,否
966,综合物资,8000019327,2024年冬季内胆-车间-品管部,L,工作服类,件,华彬,品管部-车间服装,,,0,已启用,,,64.00,否,否
967,综合物资,8000019326,2024年冬季内胆-车间-品管部,M,工作服类,件,华彬,品管部-车间服装,,,0,已启用,,,64.00,否,否
968,综合物资,8000019325,2024年冬季内胆-车间-品管部,S,工作服类,件,华彬,品管部-车间服装,,,0,已启用,,,64.00,否,否
969,综合物资,8000019324,2024年冬季内胆-车间-设备部,4XL,工作服类,件,华彬,设备部-车间服装,,,0,已启用,,,64.00,否,否
970,综合物资,8000019323,2024年冬季内胆-车间-设备部,3XL,工作服类,件,华彬,设备部-车间服装,,,0,已启用,,,64.00,否,否
971,综合物资,8000019322,2024年冬季内胆-车间-设备部,2XL,工作服类,件,华彬,设备部-车间服装,,,0,已启用,,,64.00,否,否
972,综合物资,8000019321,2024年冬季内胆-车间-设备部,XL,工作服类,件,华彬,设备部-车间服装,,,0,已启用,,,64.00,否,否
973,综合物资,8000019320,2024年冬季内胆-车间-设备部,L,工作服类,件,华彬,设备部-车间服装,,,0,已启用,,,64.00,否,否
974,综合物资,8000019319,2024年冬季内胆-车间-设备部,M,工作服类,件,华彬,设备部-车间服装,,,0,已启用,,,64.00,否,否
975,综合物资,8000019318,2024年冬季内胆-车间-设备部,S,工作服类,件,华彬,设备部-车间服装,,,0,已启用,,,64.00,否,否
976,综合物资,8000019317,2024年冬季内胆-车间-生产部,4XL,工作服类,件,华彬,生产部-车间服装,,,0,已启用,,,64.00,否,否
977,综合物资,8000019316,2024年冬季内胆-车间-生产部,3XL,工作服类,件,华彬,生产部-车间服装,,,0,已启用,,,64.00,否,否
978,综合物资,8000019315,2024年冬季内胆-车间-生产部,2XL,工作服类,件,华彬,生产部-车间服装,,,0,已启用,,,64.00,否,否
979,综合物资,8000019314,2024年冬季内胆-车间-生产部,XL,工作服类,件,华彬,生产部-车间服装,,,0,已启用,,,64.00,否,否
980,综合物资,8000019313,2024年冬季内胆-车间-生产部,L,工作服类,件,华彬,生产部-车间服装,,,0,已启用,,,64.00,否,否
981,综合物资,8000019312,2024年冬季内胆-车间-生产部,M,工作服类,件,华彬,生产部-车间服装,,,0,已启用,,,64.00,否,否
982,综合物资,8000019311,2024年冬季内胆-车间-生产部,S,工作服类,件,华彬,生产部-车间服装,,,0,已启用,,,64.00,否,否
983,综合物资,8000019310,2024年冬季内胆-办公室人员,4XL,工作服类,件,华彬,办公室服装,,,0,已启用,,,64.00,否,否
984,综合物资,8000019309,2024年冬季内胆-办公室人员,3XL,工作服类,件,华彬,办公室服装,,,0,已启用,,,64.00,否,否
985,综合物资,8000019308,2024年冬季内胆-办公室人员,2XL,工作服类,件,华彬,办公室服装,,,0,已启用,,,64.00,否,否
986,综合物资,8000019307,2024年冬季内胆-办公室人员,XL,工作服类,件,华彬,办公室服装,,,0,已启用,,,64.00,否,否
987,综合物资,8000019306,2024年冬季内胆-办公室人员,L,工作服类,件,华彬,办公室服装,,,0,已启用,,,64.00,否,否
988,综合物资,8000019305,2024年冬季内胆-办公室人员,M,工作服类,件,华彬,办公室服装,,,0,已启用,,,64.00,否,否
989,综合物资,8000019304,2024年冬季内胆-办公室人员,S,工作服类,件,华彬,办公室服装,,,0,已启用,,,64.00,否,否
990,综合物资,8000019303,2024年冬季内胆-办公室人员,XS,工作服类,件,华彬,办公室服装,,,0,已启用,,,64.00,否,否
991,综合物资,8000019302,2024年冬季棉马甲-全员通用,4XL,工作服类,件,华彬,全员通用,,,0,已启用,,,116.30,否,否
992,综合物资,8000019301,2024年冬季棉马甲-全员通用,3XL,工作服类,件,华彬,全员通用,,,0,已启用,,,116.30,否,否
993,综合物资,8000019300,2024年冬季棉马甲-全员通用,2XL,工作服类,件,华彬,全员通用,,,0,已启用,,,116.30,否,否
994,综合物资,8000019299,2024年冬季棉马甲-全员通用,XL,工作服类,件,华彬,全员通用,,,0,已启用,,,116.30,否,否
995,综合物资,8000019298,2024年冬季棉马甲-全员通用,L,工作服类,件,华彬,全员通用,,,0,已启用,,,116.30,否,否
996,综合物资,8000019297,2024年冬季棉马甲-全员通用,M,工作服类,件,华彬,全员通用,,,0,已启用,,,116.30,否,否
997,综合物资,8000019296,2024年冬季棉马甲-全员通用,S,工作服类,件,华彬,全员通用,,,0,已启用,,,116.30,否,否
998,综合物资,8000019295,2024年冬季棉马甲-全员通用,XS,工作服类,件,华彬,全员通用,,,0,已启用,,,116.30,否,否
999,综合物资,8000019294,2024年冬季冲锋衣-车间-储运部,4XL,工作服类,件,华彬,储运部-车间服装,,,0,已启用,,,130.00,否,否
1000,综合物资,8000019293,2024年冬季冲锋衣-车间-储运部,3XL,工作服类,件,华彬,储运部-车间服装,,,0,已启用,,,130.00,否,否
1001,综合物资,8000019292,2024年冬季冲锋衣-车间-储运部,2XL,工作服类,件,华彬,储运部-车间服装,,,0,已启用,,,130.00,否,否
1002,综合物资,8000019291,2024年冬季冲锋衣-车间-储运部,XL,工作服类,件,华彬,储运部-车间服装,,,0,已启用,,,130.00,否,否
1003,综合物资,8000019290,2024年冬季冲锋衣-车间-储运部,L,工作服类,件,华彬,储运部-车间服装,,,0,已启用,,,130.00,否,否
1004,综合物资,8000019289,2024年冬季冲锋衣-车间-储运部,M,工作服类,件,华彬,储运部-车间服装,,,0,已启用,,,130.00,否,否
1005,综合物资,8000019288,2024年冬季冲锋衣-车间-储运部,S,工作服类,件,华彬,储运部-车间服装,,,0,已启用,,,130.00,否,否
1006,综合物资,8000019287,2024年冬季冲锋衣-车间-品管部,4XL,工作服类,件,华彬,品管部-车间服装,,,0,已启用,,,130.00,否,否
1007,综合物资,8000019286,2024年冬季冲锋衣-车间-品管部,3XL,工作服类,件,华彬,品管部-车间服装,,,0,已启用,,,130.00,否,否
1008,综合物资,8000019285,2024年冬季冲锋衣-车间-品管部,2XL,工作服类,件,华彬,品管部-车间服装,,,0,已启用,,,130.00,否,否
1009,综合物资,8000019284,2024年冬季冲锋衣-车间-品管部,XL,工作服类,件,华彬,品管部-车间服装,,,0,已启用,,,130.00,否,否
1010,综合物资,8000019283,2024年冬季冲锋衣-车间-品管部,L,工作服类,件,华彬,品管部-车间服装,,,0,已启用,,,130.00,否,否
1011,综合物资,8000019282,2024年冬季冲锋衣-车间-品管部,M,工作服类,件,华彬,品管部-车间服装,,,0,已启用,,,130.00,否,否
1012,综合物资,8000019281,2024年冬季冲锋衣-车间-品管部,S,工作服类,件,华彬,品管部-车间服装,,,0,已启用,,,130.00,否,否
1013,综合物资,8000019280,2024年冬季冲锋衣-车间-设备部,4XL,工作服类,件,华彬,设备部-车间服装,,,0,已启用,,,130.00,否,否
1014,综合物资,8000019279,2024年冬季冲锋衣-车间-设备部,3XL,工作服类,件,华彬,设备部-车间服装,,,0,已启用,,,130.00,否,否
1015,综合物资,8000019278,2024年冬季冲锋衣-车间-设备部,2XL,工作服类,件,华彬,设备部-车间服装,,,0,已启用,,,130.00,否,否
1016,综合物资,8000019277,2024年冬季冲锋衣-车间-设备部,XL,工作服类,件,华彬,设备部-车间服装,,,0,已启用,,,130.00,否,否
1017,综合物资,8000019276,2024年冬季冲锋衣-车间-设备部,L,工作服类,件,华彬,设备部-车间服装,,,0,已启用,,,130.00,否,否
1018,综合物资,8000019275,2024年冬季冲锋衣-车间-设备部,M,工作服类,件,华彬,设备部-车间服装,,,0,已启用,,,130.00,否,否
1019,综合物资,8000019274,2024年冬季冲锋衣-车间-设备部,S,工作服类,件,华彬,设备部-车间服装,,,0,已启用,,,130.00,否,否
1020,综合物资,8000019273,2024年冬季冲锋衣-车间-生产部,4XL,工作服类,件,华彬,生产部-车间服装,,,0,已启用,,,130.00,否,否
1021,综合物资,8000019272,2024年冬季冲锋衣-车间-生产部,3XL,工作服类,件,华彬,生产部-车间服装,,,0,已启用,,,130.00,否,否
1022,综合物资,8000019271,2024年冬季冲锋衣-车间-生产部,2XL,工作服类,件,华彬,生产部-车间服装,,,0,已启用,,,130.00,否,否
1023,综合物资,8000019270,2024年冬季冲锋衣-车间-生产部,XL,工作服类,件,华彬,生产部-车间服装,,,0,已启用,,,130.00,否,否
1024,综合物资,8000019269,2024年冬季冲锋衣-车间-生产部,L,工作服类,件,华彬,生产部-车间服装,,,0,已启用,,,130.00,否,否
1025,综合物资,8000019268,2024年冬季冲锋衣-车间-生产部,M,工作服类,件,华彬,生产部-车间服装,,,0,已启用,,,130.00,否,否
1026,综合物资,8000019267,2024年冬季冲锋衣-车间-生产部,S,工作服类,件,华彬,生产部-车间服装,,,0,已启用,,,130.00,否,否
1027,综合物资,8000019266,2024年冬季冲锋衣-办公室人员,4XL,工作服类,件,华彬,办公室服装,,,0,已启用,,,130.00,否,否
1028,综合物资,8000019265,2024年冬季冲锋衣-办公室人员,3XL,工作服类,件,华彬,办公室服装,,,0,已启用,,,130.00,否,否
1029,综合物资,8000019264,2024年冬季冲锋衣-办公室人员,2XL,工作服类,件,华彬,办公室服装,,,0,已启用,,,130.00,否,否
1030,综合物资,8000019263,2024年冬季冲锋衣-办公室人员,XL,工作服类,件,华彬,办公室服装,,,0,已启用,,,130.00,否,否
1031,综合物资,8000019262,2024年冬季冲锋衣-办公室人员,L,工作服类,件,华彬,办公室服装,,,0,已启用,,,130.00,否,否
1032,综合物资,8000019261,2024年冬季冲锋衣-办公室人员,M,工作服类,件,华彬,办公室服装,,,0,已启用,,,130.00,否,否
1033,综合物资,8000019260,2024年冬季冲锋衣-办公室人员,S,工作服类,件,华彬,办公室服装,,,0,已启用,,,130.00,否,否
1034,综合物资,8000019259,2024年冬季冲锋衣-办公室人员,XS,工作服类,件,华彬,办公室服装,,,0,已启用,,,130.00,否,否
1035,综合物资,8000019235,甲酸,含量98%,实验耗材,瓶,,,,,0,已启用,,,75.00,否,否
1036,综合物资,8000019234,长柄镊子,20cm,实验耗材,把,,,,,0,已启用,,,19.00,否,否
1037,综合物资,8000019233,餐具大肠杆菌快速检测试纸,50次/盒,实验耗材,盒,绿洲生化,,,,0,已启用,,,230.00,否,否
1038,综合物资,8000019232,橡胶套塞,9*1,实验耗材,个,大博,,,,0,已启用,,,27.00,否,否
1039,综合物资,8000019231,玻璃刻度移液管,10ml 0.05分度值,实验耗材,根,湘玻/申玻/北玻/天玻/蜀牛,,,,0,已启用,,,14.00,否,否
1040,综合物资,8000019230,称量勺,35cm，2个/套,实验耗材,套,苏阳,,,,0,已启用,,,35.00,否,否
1041,综合物资,8000019229,液相氘灯,G1314-60101,实验耗材,个,安捷伦,,,,0,已启用,,,5582.93,否,否
1042,综合物资,8000019228,氘灯,2J1-1500,实验耗材,个,日立,,,,0,已启用,,,5500.00,否,否
1043,综合物资,8000019227,打印机维修,MF126NW,委外维修,台,,,,,0,已启用,,,500.00,否,否
1044,综合物资,8000019226,食堂劳保鞋,35码,劳保用品,双,厨盾鞋,,,,0,已启用,0.000,,216.00,否,否
1045,综合物资,8000019225,窗帘,适用宽2.6-3.1m【帘高2.5m】,食堂用品,套,待定,,,,0,已启用,,,242.00,否,否
1046,综合物资,8000019224,更衣柜,四门,食堂用品,个,待定,,,,0,已启用,,,420.00,否,否
1047,综合物资,8000019223,醒发箱,6层普通款,食堂用品,台,待定,,,,0,已启用,,,730.00,否,否
1048,综合物资,8000019222,皮围裙,,食堂用品,件,待定,,,,0,已启用,0.000,,37.00,否,否
1049,综合物资,8000019221,工具箱,华麦斯家用工具箱,食堂用品,个,华麦斯,,,,0,已启用,,,81.00,否,否
1050,综合物资,8000019220,电工绝缘鞋,FF0503  39码,劳保用品,双,世达,,,,0,已启用,,,159.00,否,否
1051,综合物资,8000019219,防砸防刺鞋,型号：FF0603 44码,劳保用品,双,世达,,,,0,已启用,,,159.00,否,否
1052,综合物资,8000019218,隔音棉,厚5CM,办公用具、费用化资产,平方米,,,,,0,已启用,,,41.00,否,否
1053,综合物资,8000019217,钥匙柜,48位,办公用具、费用化资产,个,得力,,,,0,已启用,,,208.00,否,否
1054,综合物资,8000019216,阻燃密封胶,耐300度高温,办公耗材,支,,,,,0,已启用,,,68.00,否,否
1055,综合物资,8000019215,工作台,1200CM*600CM*800三层,办公用具、费用化资产,个,,,,,0,已启用,,,285.00,否,否
1056,综合物资,8000019214,安全护栏,1.2米*3米红白可伸缩,办公用具、费用化资产,个,,,,,0,已启用,,,140.00,否,否
1057,综合物资,8000019213,304不锈钢卫生间手机置物架,拉丝款201不锈钢(17.8cm×9.4cm）,办公用具、费用化资产,个,,,,,0,已启用,,,14.00,否,否
1058,综合物资,8000019212,除静电装置,壁挂式语音款,办公用具、费用化资产,个,,,,,0,已启用,,,264.00,否,否
1059,综合物资,8000019211,遥控器收纳盒,,办公耗材,个,,,,,0,已启用,,,3.50,否,否
1060,综合物资,8000019210,收纳箱,灰色/80*59*47.5CM,办公耗材,个,,,,,0,已启用,,,68.00,否,否
1061,综合物资,8000019209,尺子,6250   50CM透明,办公耗材,把,得力,,,,0,已启用,,,10.00,否,否
1062,综合物资,8000019208,线槽,2CM,办公耗材,根,联塑,,,,0,已启用,,,5.80,否,否
1063,综合物资,8000019207,月饼,,员工关怀,盒,贵州龙,,,,0,已启用,,,,否,否
1064,综合物资,8000019206,真空泵,SCJ-60T正压负压可调型,办公用具、费用化资产,台,苏珀,,,,0,已启用,,,1778.00,否,是
1065,综合物资,8000019205,304不锈钢下水管道过滤网,"直径19cm, 外径24cm,高20cm",办公耗材,个,,,,,0,已启用,,,110.00,否,否
1066,综合物资,8000019204,打标机纸（黑色）,ES-114N黑色,办公耗材,卷,EPC,,,,0,已启用,,,120.00,否,否
1067,综合物资,8000019203,海康威视400万防爆监控摄像头机工业不锈钢外壳防护罩壳高清球,DS-2XE3046FWD-I,办公用具、费用化资产,个,海康威视,,,,0,已启用,,,2340.00,否,是
1068,综合物资,8000019202,水星（MERCURY）SG105C 5口千兆交换机 4口网线网络分线器 家用宿舍监控分流器 兼容百兆,SG105C 5口千兆交换机,办公用具、费用化资产,个,水星,,,,0,已启用,,,40.00,否,是
1069,综合物资,8000019201,室内非屏蔽超五类网线,DH-PFM92DI-5EU 305m灰色,办公耗材,箱,大华,,,,0,已启用,,,560.00,否,否
1070,综合物资,8000019200,海康威视红外点阵筒型网络摄像头,DS-2CD3T46WD-I5 焦距4mm 清晰度4MP,办公用具、费用化资产,个,海康威视,,,,0,已启用,,,550.00,否,是
1071,综合物资,8000019199,海康威视网络poe摄像头商用400/601万星光级高清夜视远程监控器,DS-2CD3346WDV3-I 焦距4mm 清晰度4MP,办公用具、费用化资产,个,海康威视,,,,0,已启用,,,550.00,否,是
1072,综合物资,8000019198,海康威视网络poe摄像头商用400/600万星光级高清夜视远程监控器,DS-2CD3346WDV3-I 焦距2.8mm 清晰度4MP,办公用具、费用化资产,个,海康威视,,,,0,已启用,,,550.00,否,是
1073,综合物资,8000019197,酒店医院专用漂白剂布草洗涤剂免洗床单被罩毛巾白衣物漂白水去黄,五斤装,办公耗材,瓶,,,,,0,已启用,,,37.00,否,否
1074,综合物资,8000019172,2024年中秋-祥龙揽月礼盒,16粒,客情维护,盒,贵州龙,2024年7月21日,90,,0,已启用,,,,否,否
1075,综合物资,8000019171,2024年中秋-月映万川礼盒,12粒,客情维护,盒,贵州龙,2024年8月14日,90,,0,已启用,,,,否,否
1076,综合物资,8000019170,沃尔玛礼品卡,200元/张,客情维护,张,沃尔玛,面值200元,,,0,已启用,,,200.00,否,否
1077,综合物资,8000019169,夏季工鞋,42码,劳保用品,双,A+A,,,,0,已启用,,,206.00,否,否
1078,综合物资,8000019168,夏季工鞋,43码,劳保用品,双,A+A,,,,0,已启用,,,206.00,否,否
1079,综合物资,8000019167,冬季工鞋,5212 43码,劳保用品,双,A+A,叉车专用,,,0,已启用,,,168.00,否,否
1080,综合物资,8000019166,冬季工鞋,5212 42码,劳保用品,双,A+A,叉车专用,,,0,已启用,,,168.00,否,否
1081,综合物资,8000019165,垃圾铲,,清洁用品,把,,,,,0,已启用,,,,否,否
1082,综合物资,8000019164,冬季工鞋,5212 41码,劳保用品,双,A+A,叉车专用,,,0,已启用,,,168.00,否,否
1083,综合物资,8000019163,冬季工鞋,5212 40码,劳保用品,双,A+A,叉车专用,,,0,已启用,,,168.00,否,否
1084,综合物资,8000019162,冬季工鞋,5212 39码,劳保用品,双,A+A,叉车专用,,,0,已启用,,,168.00,否,否
1085,综合物资,8000019161,冬季工鞋,5212 38码,劳保用品,双,A+A,叉车专用,,,0,已启用,,,168.00,否,否
1086,综合物资,8000019160,冬季工鞋,5212 37码,劳保用品,双,A+A,叉车专用,,,0,已启用,,,168.00,否,否
1087,综合物资,8000019159,冬季工鞋,5212 36码,劳保用品,双,A+A,叉车专用,,,0,已启用,,,168.00,否,否
1088,综合物资,8000019158,冬季工鞋,5212 35码,劳保用品,双,A+A,叉车专用,,,0,已启用,,,168.00,否,否
1089,综合物资,8000019157,冬季工鞋,5212 34码,劳保用品,双,A+A,叉车专用,,,0,已启用,,,168.00,否,否
1090,综合物资,8000019156,夏季工鞋,5312  41码,劳保用品,双,A+A,,,,0,已启用,,,206.00,否,否
1091,综合物资,8000019155,夏季工鞋,5312  40码,劳保用品,双,A+A,,,,0,已启用,,,206.00,否,否
1092,综合物资,8000019154,夏季工鞋,5312  39码,劳保用品,双,A+A,,,,0,已启用,,,206.00,否,否
1093,综合物资,8000019153,夏季工鞋,5312  38码,劳保用品,双,A+A,,,,0,已启用,,,206.00,否,否
1094,综合物资,8000019152,夏季工鞋,5312  37码,劳保用品,双,A+A,,,,0,已启用,,,206.00,否,否
1095,综合物资,8000019151,夏季工鞋,5312  36码,劳保用品,双,A+A,,,,0,已启用,,,206.00,否,否
1096,综合物资,8000019150,夏季工鞋,5312  35码,劳保用品,双,A+A,,,,0,已启用,,,206.00,否,否
1097,综合物资,8000019149,夏季工鞋,5312  34码,劳保用品,双,A+A,,,,0,已启用,,,206.00,否,否
1098,综合物资,8000019148,记事贴7733,,办公用具、费用化资产,本,得力,,,,0,已启用,,,,否,否
1099,综合物资,8000019147,记事贴7151,,办公用具、费用化资产,本,得力,,,,0,已启用,,,,否,否
1100,综合物资,8000019146,记事贴7732,,办公用具、费用化资产,本,得力,,,,0,已启用,,,5.00,否,否
1101,综合物资,8000019145,按动笔芯（支）,0.5mm  红色,办公耗材,支,得力,,,,0,已启用,,,0.75,否,否
1102,综合物资,8000019144,沃尔玛礼品卡,1000元/张,客情维护,张,沃尔玛,1000元面值,,,0,已启用,,,1000.00,否,否
1103,综合物资,8000019143, 2024年冬季棉大衣（短款）,XXL,工作服类,件,,叉车司机岗位服装,,,0,已启用,,,200.00,否,否
1104,综合物资,8000019142, 2024年冬季棉大衣（短款）,XL,工作服类,件,,叉车司机岗位服装,,,0,已启用,,,200.00,否,否
1105,综合物资,8000019141, 2024年冬季棉大衣（短款）,L,工作服类,件,,叉车司机岗位服装,,,0,已启用,,,200.00,否,否
1106,综合物资,8000019140, 2024年冬季棉大衣（长款）,XXL,工作服类,件,,叉车司机岗位服装,,,0,已启用,,,200.00,否,否
1107,综合物资,8000019139, 2024年冬季棉大衣（长款）,XL,工作服类,件,,叉车司机岗位服装,,,0,已启用,,,200.00,否,否
1108,综合物资,8000019138,2024年冬季棉大衣（长款）,L,工作服类,件,,叉车司机岗位服装,,,0,已启用,,,200.00,否,否
1109,综合物资,8000019137,2024年冬季棉大衣（长款）,M,工作服类,件,,叉车司机岗位服装,,,0,已启用,,,200.00,否,否
1110,综合物资,8000019136,2024年基地电话簿-8月更新,,办公耗材,张,,,,,0,已启用,,,0.50,否,否
1111,综合物资,8000019135,工业落地扇,78CM 塑钢扇叶,食堂用品,台,奥克斯,,,,0,已启用,,,297.00,否,否
1112,综合物资,8000019134,叉车轮胎（后轮）,18*7-8白色实心胎,叉车维保,个,海斯特,,,,0,已启用,,,970.00,否,否
1113,综合物资,8000019133,叉车轮胎（前轮）,23*9-10白色实心胎,叉车维保,个,海斯特,,,,0,已启用,,,2200.00,否,否
1114,综合物资,8000019132,黄油枪,,叉车维保,把,,,,,0,已启用,,,90.00,否,否
1115,综合物资,8000019131,5s设备定置标识带地贴标示带（黑黄）警示胶带,300mm宽*33米,办公耗材,卷,,,,,0,已启用,,,68.00,否,否
1116,综合物资,8000019130,灭蝇灯管,V18,食堂用品,根,待定,食堂专用,,,0,已启用,,,20.00,否,否
1117,综合物资,8000019129,煲汤袋,10*15   12个/袋,食堂用品,袋,美厨,,,,0,已启用,,,22.20,否,否
1118,综合物资,8000019128,内六角扳手组套,09101A,办公用具、费用化资产,套,,,,,0,已启用,,,95.00,否,否
1119,综合物资,8000019127,酒精喷壶,2L高压喷壶,办公耗材,个,,,,,0,已启用,,,17.50,否,否
1120,综合物资,8000019126,医用塑胶手套,20双/盒,劳保用品,盒,可孚,,,,0,已启用,,,45.00,否,否
1121,综合物资,8000019125,夏季工鞋,34码,劳保用品,双,A+A,,,,0,已启用,,,206.00,否,否
1122,综合物资,8000019124,夏季拖鞋,41码,劳保用品,双,,,,,0,已启用,,,21.00,否,否
1123,综合物资,8000019123,夏季拖鞋,37码,劳保用品,双,,,,,0,已启用,,,21.00,否,否
1124,综合物资,8000019122,洗漱包,,办公耗材,包,,,,,0,已启用,,,72.00,否,否
1125,综合物资,8000019121,取样框,暗夜灰 大号 28.5*15.6*17.8,办公耗材,个,,,,,0,已启用,,,23.00,否,否
1126,综合物资,8000019120,电脑打印纸（三联）,三联,办公耗材,包,,备件库专用,,,0,已启用,,,60.00,否,否
1127,综合物资,8000019119,针式打印纸,四联,办公耗材,箱,,储运专用,,,0,已启用,,,172.00,否,否
1128,综合物资,8000019113,空罐外罐检测仪,,生产设备,台,瑞尔利世,生产设备,,,0,已启用,,,,否,否
1129,综合物资,8000019112,拆包链道控制系统,,生产设备,台,瑞尔利世,生产设备,,,0,已启用,,,,否,否
1130,综合物资,8000019088,怀庄茅台镇酒,,客情维护,瓶,,,,,0,已停用,,,120.00,否,否
1131,综合物资,8000019087,水质硬度仪检测标液,浓度B1.B2.B3,办公耗材,组,海恒,,,,0,已启用,,,230.00,否,否
1132,综合物资,8000019086,净化服XXXL,XXXL,劳保用品,件,,,,,0,已启用,,,46.00,否,否
1133,综合物资,8000019085,净化服XXL,XXL,劳保用品,件,,,,,0,已启用,,,46.00,否,否
1134,综合物资,8000019084,净化服XL,XL,劳保用品,件,,,,,0,已启用,,,46.00,否,否
1135,综合物资,8000019083,净化服L,L,劳保用品,件,,,,,0,已启用,,,46.00,否,否
1136,综合物资,8000019082,净化服M,M,劳保用品,件,,,,,0,已启用,,,46.00,否,否
1137,综合物资,8000019081,洁净服连体XXXL,XXXL,劳保用品,件,,,,,0,已启用,,,46.00,否,否
1138,综合物资,8000019080,洁净服连体M,M,劳保用品,件,,,,,0,已启用,,,46.00,否,否
1139,综合物资,8000019079,肖雷克红酒（绿标）,,客情维护,瓶,肖雷克,,,,0,已启用,,,199.00,否,否
1140,综合物资,8000019078,肖雷克红酒（红标）,,客情维护,瓶,肖雷克,,,,0,已启用,,,140.00,否,否
1141,综合物资,8000019077,小双头记号笔（黑色）,NO.6824,办公用品,支,,,,,0,已启用,,,,否,否
1142,综合物资,8000019076,小双头记号笔（黑色）,NO。6824,办公用品,支,,,,,0,已启用,,,,否,否
1143,综合物资,8000019070,钢丝球,,办公耗材,个,万家,,,,0,已启用,,,1.40,否,否
1144,综合物资,8000019069,钢丝球,,办公耗材,个,万家,,,,0,已启用,,,,否,否
1145,综合物资,8000019066,舵柄杆,,办公耗材,个,海斯特,,,,0,已启用,,,728.00,否,否
1146,综合物资,8000019065,非生产类型,非生产类型,非生产类型,件,,非生产类型,,,0,已启用,,,,否,否
1147,综合物资,8000019064,内压检测仪,,生产设备,台,DAYUE,生产设备,,,0,已启用,,,,否,否
1148,综合物资,8000019063,照明系统,,辅助设备,套,,辅助设备,,,0,已启用,,,,否,否
1149,综合物资,8000019062,消防系统,,辅助设备,套,,辅助设备,,,0,已启用,,,,否,否
1150,综合物资,8000019061,快速门,,辅助设备,台,胜利,辅助设备,,,0,已启用,,,,否,否
1151,综合物资,8000019060,自动查罐机,,生产设备,台,瑞尔利世,生产设备,,,0,已启用,,,,否,否
1152,综合物资,8000019059,抗撕裂胶线手套,L码 10双/包,劳保用品,包,霍尼韦尔,,,,0,已启用,,,198.00,否,否
1153,综合物资,8000019058,打标机纸（紫色）,EPC/ES-110C,办公耗材,卷,,,,,0,已启用,,,120.00,否,否
1154,综合物资,8000019057,烘炉,,生产设备,台,CFT,生产设备,,,0,已启用,,,,否,否
1155,综合物资,8000019056,移液枪,1000微升,实验耗材,把,大龙,,,,0,已启用,,,350.00,否,否
1156,综合物资,8000019055,货架,50*40*103cm  4层,办公用具、费用化资产,个,,16栋楼下放快递,,,0,已启用,,,100.00,否,否
1157,综合物资,8000019054,白框,25*18*6,办公耗材,个,,,,,0,已启用,,,3.00,否,否
1158,综合物资,8000019053,白框,31*23*9,办公耗材,个,,,,,0,已启用,,,6.00,否,否
1159,综合物资,8000019052,十八子作斩切刀,SL1617-AB-178mm,食堂用品,把,十八子作,,,,0,已启用,,,270.00,否,否
1160,综合物资,8000019051,电风扇,奥克斯工业商用落地电风扇,劳保用品,台,奥克斯,,,,0,已启用,,,380.00,否,否
1161,综合物资,8000019050,防砸棒球帽,,劳保用品,个,,,,,0,已启用,,,30.00,否,否
1162,综合物资,8000019049,锂电钻,WU131X,办公用具、费用化资产,把,威克士,,,,0,已启用,,,569.00,否,是
1163,综合物资,8000019048,抽屉锁三连锁,,办公耗材,把,,,,,0,已启用,,,10.00,否,否
1164,综合物资,8000019047,自动收管水鼓套装,37米 标配版,办公用具、费用化资产,个,,,,,0,已启用,,,787.00,否,是
1165,综合物资,8000019046,卧式电机水泵防雨罩,长41cm*宽32cm*高30cm,办公用具、费用化资产,个,,,,,0,已启用,,,53.00,否,否
1166,综合物资,8000019045,氢气检测仪,H2,办公用具、费用化资产,台,艾科思,,,,0,已启用,,,1600.00,否,是
1167,综合物资,8000019044,麻花钻头,M35含钴 13MM,办公耗材,支,绿林,,,,0,已启用,,,37.00,否,否
1168,综合物资,8000019043,牛皮纸档案盒,无酸特硬款牛皮纸 2CM宽,办公耗材,个,,人事专用,,,0,已启用,,,2.50,否,否
1169,综合物资,8000019042,消毒柜密封条,100cm以上,办公耗材,条,,,,,0,已启用,,,78.00,否,否
1170,综合物资,8000019041,垃圾袋（大）,80*100  50个/卷,办公耗材,卷,,,,,0,已启用,,,48.00,否,否
1171,综合物资,8000019040,漏斗,50mm短颈 加厚耐高温玻璃,办公耗材,个,,污水用,,,0,已启用,,,6.00,否,否
1172,综合物资,8000019039,钥匙柜,9324                                                                         72位,办公用具、费用化资产,个,得力,,,,0,已启用,,,368.00,否,是
1173,综合物资,8000019009,空调,,辅助设备,套,,辅助设备,,,0,已启用,,,,否,否
1174,综合物资,8000019008,配电,,辅助设备,套,,辅助设备,,,0,已启用,,,,否,否
1175,综合物资,8000019007,余热回收系统,,生产设备,台,,生产设备,,,0,已启用,,,,否,否
1176,综合物资,8000019006,冷却塔,,辅助设备,台,,辅助设备,,,0,已启用,,,,否,否
1177,综合物资,8000019005,外箱码检测仪,DY-DTO-3-M2,生产设备,台,DAYUE,生产设备,,,0,已启用,,,,否,否
1178,综合物资,8000019004,配料,,辅助设备,套,,辅助设备,,,0,已启用,,,,否,否
1179,综合物资,8000019003,污水,,辅助设备,套,问鼎纯水,辅助设备,,,0,已启用,,,,否,否
1180,综合物资,8000019002,制水,,辅助设备,套,问鼎纯水,辅助设备,,,0,已启用,,,,否,否
1181,综合物资,8000019001,干燥机,JS-100AC,辅助设备,台,漳州震东机械,辅助设备,,,0,已启用,,,,否,否
1182,综合物资,8000019000,空压机,AA6-55A-D-F-0.8,生产设备,台,上海汉钟精机,生产设备,,,0,已启用,,,,否,否
1183,综合物资,8000018999,锅炉,WNS6-1.25-Y(Q),辅助设备,台,天津大滩,辅助设备,,,0,已启用,,,,否,否
1184,综合物资,8000018998,上盖机,SLF300,生产设备,台,瑞尔利世,生产设备,,,0,已启用,,,,否,否
1185,综合物资,8000018997,卸盖机,UCR100,生产设备,台,瑞尔利世,生产设备,,,0,已启用,,,,否,否
1186,综合物资,8000018996,码垛机,CP180L,生产设备,台,新澳科兰,生产设备,,,0,已启用,,,,否,否
1187,综合物资,8000018995,外箱激光码,RMK-1030B,生产设备,台,瑞玛可,生产设备,,,0,已启用,,,,否,否
1188,综合物资,8000018994,称重机,C1200-40A,生产设备,台,梅特勒-托利多,生产设备,,,0,已启用,,,,否,否
1189,综合物资,8000018993,封箱机,EZ-TEKBB-2/ST,生产设备,台,,生产设备,,,0,已启用,,,,否,否
1190,综合物资,8000018992,包装机,REBI 40W,生产设备,台,CFT,生产设备,,,0,已启用,,,,否,否
1191,综合物资,8000018991,热缩机,ENA60F,生产设备,台,CFT,生产设备,,,0,已启用,,,,否,否
1192,综合物资,8000018990,输送线,6121007-TBC,生产设备,台,,生产设备,,,0,已启用,,,,否,否
1193,综合物资,8000018989,异盖检测仪,DY-YG-1A ,生产设备,台,DAYUE,生产设备,,,0,已启用,,,,否,否
1194,综合物资,8000018988,墨码检测仪,DY-FBI-1A,生产设备,台,DAYUE,生产设备,,,0,已启用,,,,否,否
1195,综合物资,8000018987,墨码机,LINX8830,生产设备,台,LINX,生产设备,,,0,已启用,,,,否,否
1196,综合物资,8000018986,内压真空检测仪,DY-SY-2P,生产设备,台,DAYUE,生产设备,,,0,已启用,,,,否,否
1197,综合物资,8000018985,冷却机,R TUNNEL 3X13.2,生产设备,台,CFT,生产设备,,,0,已启用,,,,否,否
1198,综合物资,8000018984,液位检测仪,DY-X-Y-1A,生产设备,台,DAYUE,生产设备,,,0,已启用,,,,否,否
1199,综合物资,8000018983,封口机,3000/6IB,生产设备,台,CFT,生产设备,,,0,已启用,,,,否,否
1200,综合物资,8000018982,注氮机,HP2000DSC,生产设备,台,CRYOGAS,生产设备,,,0,已启用,,,,否,否
1201,综合物资,8000018981,灌装机,MAGIC CAN FW 50,生产设备,台,CFT,生产设备,,,0,已启用,,,,否,否
1202,综合物资,8000018980,APV,POLY-FP10T/D,生产设备,台,铂力曼,生产设备,,,0,已启用,,,,否,否
1203,综合物资,8000018979,空罐检测仪,DY-RQG-2A,生产设备,台,DAYUE,生产设备,,,0,已启用,,,,否,否
1204,综合物资,8000018978,拆包机,U550,生产设备,台,CFT,生产设备,,,0,已启用,,,,否,否
1205,综合物资,8000018977,喇叭盖,,办公耗材,个,海斯特,电动地牛专用,,,0,已启用,,,110.00,否,否
1206,综合物资,8000018976,气弹簧,,办公耗材,个,海斯特,电动地牛专用,,,0,已启用,,,197.63,否,否
1207,综合物资,8000018972,气瓶状态标识牌,6CM*6CM,办公耗材,个,,,,,0,已启用,,,6.00,否,否
1208,综合物资,8000018971,"管路流向标识
（紫底白箭头）",紫底白箭头3CM*2000CM,办公耗材,卷,金瑞泰,,,,0,已启用,,,17.00,否,否
1209,综合物资,8000018970,"管路流向标识
（紫底白箭头）",紫底白箭头5CM*2000CM,办公耗材,卷,金瑞泰,,,,0,已启用,,,27.20,否,否
1210,综合物资,8000018969,"管路流向标识
（灰底黑箭头）",灰底黑箭头3CM*2000CM,办公耗材,卷,金瑞泰,,,,0,已启用,,,17.00,否,否
1211,综合物资,8000018968,"管路流向标识
（灰底黑箭头）",灰底黑箭头5CM*2000CM,办公耗材,卷,金瑞泰,,,,0,已启用,,,27.20,否,否
1212,综合物资,8000018967,"管路流向标识
（绿底白箭头）",绿底白箭头3CM*2000CM,办公耗材,卷,金瑞泰,,,,0,已启用,,,17.00,否,否
1213,综合物资,8000018966,"管路流向标识
（绿底白箭头）",绿底白箭头5CM*2000CM,办公耗材,卷,金瑞泰,,,,0,已启用,,,27.20,否,否
1214,综合物资,8000018965,"管路流向标识
（红底白箭头）",红底白箭头3CM*2000CM,办公耗材,卷,金瑞泰,,,,0,已启用,,,17.00,否,否
1215,综合物资,8000018964,打标机纸（浅灰）,EPC/ES-110C,办公耗材,卷,,,,,0,已启用,,,324.00,否,否
1216,综合物资,8000018957,2024年年中经济工作会议列席证,,办公耗材,张,,,,,0,已启用,,,,否,否
1217,综合物资,8000018956,2024年年中经济工作会议出席证,,办公耗材,张,,,,,0,已启用,,,,否,否
1218,综合物资,8000018955,讲解员胸牌,,办公用具、费用化资产,张,,,,,0,已启用,,,,否,否
1219,综合物资,8000018954,内训师学员证,,办公用具、费用化资产,张,,,,,0,已启用,,,,否,否
1220,综合物资,8000018953,计数磁性标签牌,强磁单仑5.5*7.5,办公耗材,个,,,,,0,已启用,,,,否,否
1221,综合物资,8000018952,凳子,塑胶款 无靠背,办公耗材,个,,,,,0,已启用,,,,否,否
1222,综合物资,8000018951,甩水拖,加强不锈钢盘、4个拖把头（含桶）,办公耗材,套,,,,,0,已启用,,,,否,否
1223,综合物资,8000018950,防撞角,,办公耗材,个,,,,,0,已启用,,,,否,否
1224,综合物资,8000018949,铁书立,9223,办公耗材,个,得力,,,,0,已启用,,,,否,否
1225,综合物资,8000018948,钻刀,得力14666型号凭证装订机钻刀,办公耗材,个,得力,,,,0,已启用,,,60.00,否,否
1226,综合物资,8000018947,塑料椅子（宿舍专用）,,办公用品,把,,,,,0,已启用,,,,否,否
1227,综合物资,6947503724696,笔芯（盒）,G-5 20支/盒 0.5mm	,办公用品,盒,晨光,,,,0,已启用,,,24.00,否,否
1228,综合物资,8000018657,擦手纸（包）,包,办公耗材,包,珍宝,,,,0,已启用,,,,否,否
1229,综合物资,8000018616,RB-反光背心/全员通用/2024,4XL,工作服类,件,,,,,0,已启用,,,11.00,否,否
1230,综合物资,8000018615,RB-反光背心/全员通用/2024,XXXL,工作服类,件,,,,,0,已启用,,,11.00,否,否
1231,综合物资,8000018614,RB-反光背心/全员通用/2024,XXL,工作服类,件,,,,,0,已启用,,,11.00,否,否
1232,综合物资,8000018613,RB-反光背心/全员通用/2024,XL,工作服类,件,,,,,0,已启用,,,11.00,否,否
1233,综合物资,8000018612,RB-反光背心/全员通用/2024,L,工作服类,件,,,,,0,已启用,,,11.00,否,否
1234,综合物资,8000018611,RB-反光背心/全员通用/2024,M,工作服类,件,,,,,0,已启用,,,11.00,否,否
1235,综合物资,8000018610,RB-反光背心/全员通用/2024,S,工作服类,件,,,,,0,已启用,,,11.00,否,否
1236,综合物资,8000018609,溶剂过滤装置,FB-20T（不含泵）,实验耗材,套,,,,,0,已启用,,,760.00,否,否
1237,综合物资,8000018608,煌绿乳糖胆盐肉汤,250克,实验耗材,瓶,奥博星,,,,0,已启用,,,223.00,否,否
1238,综合物资,8000018607,孟加拉红培养基,02-082/250克,实验耗材,瓶,奥博星,,,,0,已启用,,,135.00,否,否
1239,综合物资,8000018606,月桂基硫酸盐胰蛋白胨肉汤,02-032/250克,实验耗材,瓶,奥博星,,,,0,已启用,,,106.00,否,否
1240,综合物资,8000018605,不锈钢饭勺,二号勺子 18.3*4cm,食堂用品,把,待定,,,,0,已启用,,,3.00,否,否
1241,综合物资,8000018604,食堂劳保鞋,41码,食堂用品,双,厨盾鞋,,,,0,已启用,0.000,,216.00,否,否
1242,综合物资,8000018603,食堂劳保鞋,40码,食堂用品,双,厨盾鞋,,,,0,已启用,0.000,,216.00,否,否
1243,综合物资,8000018602,食堂劳保鞋,39码,食堂用品,双,厨盾鞋,,,,0,已启用,0.000,,216.00,否,否
1244,综合物资,8000018601,食堂劳保鞋,38码,食堂用品,双,厨盾鞋,,,,0,已启用,0.000,,216.00,否,否
1245,综合物资,8000018600,食堂劳保鞋,37码,食堂用品,双,厨盾鞋,,,,0,已启用,0.000,,216.00,否,否
1246,综合物资,8000018599,粘蝇板,,办公耗材,张,,,,,0,已启用,,,0.25,否,否
1247,综合物资,8000018597,有线鼠标,3716,办公用具、费用化资产,个,得力,,,,0,已启用,,,48.00,否,是
1248,综合物资,8000018596,电蚊拍,DW-ZC,办公用具、费用化资产,把,彩虹,,,,0,已启用,,,110.00,否,是
1249,综合物资,8000018595,货架,2000*600*2000五层，300KG/层，白色,办公用具、费用化资产,组,,无价值库,,,0,已启用,,,800.00,否,否
1250,综合物资,8000018594,真空泵,SCJ-20T正压负压可调型,办公用具、费用化资产,台,苏珀,,,,0,已启用,,,590.00,否,是
1251,综合物资,8000018593,桌面垫,"长120cm,宽85cm,厚3mm",办公耗材,张,欧得利,,,,0,已启用,,,76.00,否,否
1252,综合物资,8000018592,防水定位贴,7.5*3cm/L形黄色,办公耗材,个,金彩,,,,0,已启用,,,0.50,否,否
1253,综合物资,8000018591,剪刀,6009,办公耗材,把,得力,,,,0,已启用,,,7.50,否,否
1254,综合物资,8000018590,温湿度计,工业高精款/ZW2080B,办公耗材,块,,,,,0,已启用,,,28.00,否,否
1255,综合物资,8000018589,懒人拖把免手洗,40CM拖头加高加厚,办公耗材,把,,工序用,,,0,已启用,,,83.00,否,否
1256,综合物资,8000018588,吸水毛巾,30*70,办公耗材,条,,,,,0,已启用,,,12.50,否,否
1257,综合物资,8000018587,四合一气体检测仪,XE+CO+H2S+O2+,办公用具、费用化资产,台,,,,,0,已启用,,,525.00,否,否
1258,综合物资,8000018586,洗地机水刮,1套/2条,办公耗材,套,欧洁,,,,0,已启用,,,198.00,否,否
1259,综合物资,8000018585,铁书立,9276,办公耗材,个,得力,,,,0,已启用,,,29.80,否,否
1260,综合物资,8000018584,食品留样标签贴纸,0.001,一次性用品,包,待定,,,,0,已启用,,,30.00,否,否
1261,综合物资,8000018583,签字笔,S87宝珠笔黑色,办公耗材,支,得力,,,,0,已启用,,,9.80,否,否
1262,综合物资,8000018582,起钉器,0232,办公用具、费用化资产,个,得力,,,,0,已启用,,,3.89,否,是
1263,综合物资,8000018581,票据收纳盒,5355,办公耗材,个,得力,,,,0,已启用,,,13.50,否,否
1264,综合物资,8000018580,票夹76mm,24支/盒 /9533,办公耗材,盒,得力,,,,0,已启用,,,42.60,否,否
1265,综合物资,8000018579,票夹64mm,12支装/盒 /9522,办公耗材,盒,得力,,,,0,已启用,,,18.80,否,否
1266,综合物资,8000018578,灭蚊灯粘纸,330mm*12m卷筒式,办公耗材,卷,卫捕士,,,,0,已启用,,,138.00,否,否
1267,综合物资,8000018577,灭火毯,1.5米*1.5米,办公耗材,块,,,,,0,已启用,,,48.00,否,否
1268,综合物资,8000018576,棉被,,办公耗材,床,,夏季,,,0,已启用,,,155.00,否,否
1269,综合物资,8000018575,毛巾,白色毛巾70*34,办公耗材,条,洁丽雅,,,,0,已启用,,,20.00,否,否
1270,综合物资,8000018574,快干清洁印油泥（蓝色）,9863,办公耗材,个,得力,,,,0,已启用,,,6.80,否,否
1271,综合物资,8000018573,胶带座,811,办公耗材,个,得力,,,,0,已启用,,,6.80,否,否
1272,综合物资,8000018572,计时器,8841,办公用具、费用化资产,个,得力,,,,0,已启用,,,39.80,否,是
1273,综合物资,8000018571,会计凭证包角,3481  25个/包,办公耗材,包,得力,,,,0,已启用,,,3.75,否,否
1274,综合物资,8000018570,会计报表封面,25套竖版FM401,办公耗材,包,广友,,,,0,已启用,,,9.80,否,否
1275,综合物资,8000018569,海绵擦,10个装/包,办公耗材,包,,,,,0,已启用,,,12.00,否,否
1276,综合物资,8000018568,刮水器,600mm,办公耗材,把,,,,,0,已启用,,,56.00,否,否
1277,综合物资,8000018567,凤尾夹,8554  25mm,办公耗材,盒,得力,,,,0,已启用,,,16.50,否,否
1278,综合物资,8000018566,凤尾夹,8555  19mm,办公耗材,盒,得力,,,,0,已启用,,,13.60,否,否
1279,综合物资,8000018565,凤尾夹,8556  15mm,办公耗材,盒,得力,,,,0,已启用,,,12.60,否,否
1280,综合物资,8000018564,封箱器,823,办公耗材,个,得力,,,,0,已启用,,,12.50,否,否
1281,综合物资,8000018563,发票专用信封,金蝶250*145,办公耗材,个,金蝶,,,,0,已启用,,,0.50,否,否
1282,综合物资,8000018562,订书机,0503,办公用具、费用化资产,个,得力,,,,0,已启用,,,14.80,否,是
1283,综合物资,8000018561,倒糖刀,DL4261,办公耗材,把,得力,,,,0,已启用,,,15.00,否,否
1284,综合物资,8000018560,打号机,7509,办公用具、费用化资产,台,得力,,,,0,已启用,,,85.00,否,是
1285,综合物资,8000018559,床上三件套,床单、被套、枕头套,办公耗材,套,,夏季,,,0,已启用,,,78.00,否,否
1286,综合物资,8000018558,除锈剂,500ml,办公用品物料组,瓶,,,,,0,已启用,0.000,,35.00,否,否
1287,综合物资,8000018557,超霸钮型碱性电池,1.5V/A76/LR44,办公耗材,粒,超霸,,,,0,已启用,,,1.50,否,否
1288,综合物资,8000018556,叉车坐垫,乳胶,办公耗材,个,,,,,0,已启用,,,35.00,否,否
1289,综合物资,8000018555,叉车腻子,,办公耗材,件,,,,,0,已启用,,,40.00,否,否
1290,综合物资,8000018554,一次性医用灭菌手套,L,实验耗材,盒,爱马斯,,,,0,已启用,,,176.00,否,否
1291,综合物资,8000018553,一次性医用灭菌手套,M,实验耗材,盒,爱马斯,,,,0,已启用,,,176.00,否,否
1292,综合物资,8000018552,一次性非灭菌手套,L,实验耗材,盒,爱马斯,,,,0,已启用,,,56.00,否,否
1293,综合物资,8000018551,一次性非灭菌手套,M,实验耗材,盒,爱马斯,,,,0,已启用,,,56.00,否,否
1294,综合物资,8000018550,PH校准液,4.01/7.00/10.01各1瓶  500ml/瓶,实验耗材,套,,,,,0,已启用,,,128.00,否,否
1295,综合物资,8000018549,玻璃胶,透明防水,办公耗材,管,联塑,,,,0,已启用,,,25.00,否,否
1296,综合物资,8000018548,留样保鲜盒,0.001,食堂用品,个,待定,,,,0,已启用,,,1.10,否,否
1297,综合物资,8000018547,标识贴纸,1*4mm定制 10个/张 （待检、合格）,办公耗材,张,,,,,0,已启用,,,0.18,否,否
1298,综合物资,8000018546,标签检验标识贴纸,晨光（70*50MM） 黄色·蓝色,办公耗材,卷,晨光,,,,0,已启用,,,48.00,否,否
1299,综合物资,8000018545,便签贴,9082,办公耗材,包,得力,,,,0,已启用,,,3.50,否,否
1300,综合物资,8000018543,大号食品打包袋,24*40+11CM,一次性用品,条,待定,,,,0,已启用,,,26.30,否,否
1301,综合物资,8000018542,小号食品袋,13*20+8CM,一次性用品,条,待定,,,,0,已启用,,,11.20,否,否
1302,综合物资,8000018541,白毛巾,加厚,办公耗材,条,,,,,0,已启用,,,15.00,否,否
1303,综合物资,8000018540,白板清洗液,7869,办公耗材,支,得力,,,,0,已启用,,,12.80,否,否
1304,综合物资,8000018539,白板磁吸,7822（40MM*6个）,办公耗材,板,得力,,,,0,已启用,,,7.80,否,否
1305,综合物资,8000018538,白板笔,6817（蓝色）,办公耗材,盒,得力,,,,0,已启用,,,15.00,否,否
1306,综合物资,8000018537,白板笔,6817（红色）,办公耗材,盒,得力,,,,0,已启用,,,15.00,否,否
1307,综合物资,8000018536,针式打印纸,四联二等分1000页,办公耗材,箱,,,,,0,已启用,,,75.00,否,否
1308,综合物资,8000018535,WIFI信号扩大器,WDR7632易展,办公用具、费用化资产,个,TP-LINK,,,,0,已启用,,,245.00,否,否
1309,综合物资,8000018534,USB拓展器,CM136,办公用具、费用化资产,个,绿联,,,,0,已启用,,,159.00,否,否
1310,综合物资,8000018533,RS232C数据线,HXT USB-RS232C/3m,办公耗材,根,,,,,0,已启用,,,138.00,否,否
1311,综合物资,8000018532,A5打印纸,A5打印纸,办公耗材,箱,得力,,,,0,已启用,,,249.60,否,否
1312,综合物资,8000018531,8口交换机,腾达8口交换机SG108,办公用具、费用化资产,台,腾达,,,,0,已启用,,,128.00,否,否
1313,综合物资,8000018530,5s设备定置标识带地贴标示带（黑黄）警示胶带,48mm宽*33米,办公耗材,卷,顺兴旺,,,,0,已启用,,,12.80,否,否
1314,综合物资,8000018529,5S黄色胶带,4.8CM*30M,办公耗材,卷,顺兴旺,,,,0,已启用,,,12.80,否,否
1315,综合物资,8000018528,5s定位胶带,（红色）10mm宽*66米,办公耗材,卷,顺兴旺,,,,0,已启用,,,5.00,否,否
1316,综合物资,8000018527,5s定位胶带,（黄色）10mm宽*66米,办公耗材,卷,顺兴旺,,,,0,已启用,,,5.00,否,否
1317,综合物资,8000018526,5s定位胶带,（蓝色）10mm宽*66米,办公耗材,卷,顺兴旺,,,,0,已启用,,,5.00,否,否
1318,综合物资,8000018525,502胶水,TPPEW-20,办公耗材,瓶,,,,,0,已启用,,,2.00,否,否
1319,综合物资,8000018524,11孔资料袋,5710,办公耗材,包,得力,,,,0,已启用,,,4.80,否,否
1320,综合物资,8000018523,上膜推车,600MM,办公用具、费用化资产,辆,,,,,0,已启用,,,11250.00,否,否
1321,综合物资,8000018519,热敏纸（卷）,57*30无管芯/型号3141,办公耗材,卷,得力,,,,0,已启用,,,8.16,否,否
1322,综合物资,8000018518,RB-西裤(女款)/办公室人员/2024,28,工作服类,条,,,,,0,已启用,,,118.00,否,否
1323,综合物资,8000018517,RB-西裤(女款)/办公室人员/2024,27,工作服类,条,,,,,0,已启用,,,118.00,否,否
1324,综合物资,8000018516,RB-西裤(女款)/办公室人员/2024,26,工作服类,条,,,,,0,已启用,,,118.00,否,否
1325,综合物资,8000018515,RB-西裤(男款)/办公室人员/2024,39,工作服类,条,,,,,0,已启用,,,118.00,否,否
1326,综合物资,8000018514,RB-西裤(男款)/办公室人员/2024,37,工作服类,条,,,,,0,已启用,,,118.00,否,否
1327,综合物资,8000018513,RB-西裤(男款)/办公室人员/2024,36,工作服类,条,,,,,0,已启用,,,118.00,否,否
1328,综合物资,8000018512,RB-西裤(男款)/办公室人员/2024,35,工作服类,条,,,,,0,已启用,,,118.00,否,否
1329,综合物资,8000018511,RB-西裤(男款)/办公室人员/2024,34,工作服类,条,,,,,0,已启用,,,118.00,否,否
1330,综合物资,8000018510,RB-西裤(男款)/办公室人员/2024,33,工作服类,条,,,,,0,已启用,,,118.00,否,否
1331,综合物资,8000018509,RB-西裤(男款)/办公室人员/2024,32,工作服类,条,,,,,0,已启用,,,118.00,否,否
1332,综合物资,8000018508,RB-西裤(男款)/办公室人员/2024,31,工作服类,条,,,,,0,已启用,,,118.00,否,否
1333,综合物资,8000018507,RB-短袖衬衫(女款)/办公室人员/2024,38,工作服类,条,,,,,0,已启用,,,85.50,否,否
1334,综合物资,8000018506,RB-短袖衬衫(女款)/办公室人员/2024,37,工作服类,件,,,,,0,已启用,,,85.50,否,否
1335,综合物资,8000018505,RB-短袖衬衫(女款)/办公室人员/2024,36,工作服类,件,,,,,0,已启用,,,85.50,否,否
1336,综合物资,8000018504,RB-短袖衬衫(女款)/办公室人员/2024,35,工作服类,件,,,,,0,已启用,,,85.50,否,否
1337,综合物资,8000018503,RB-短袖衬衫(男款)/办公室人员/2024,45,工作服类,件,,,,,0,已启用,,,85.50,否,否
1338,综合物资,8000018502,RB-短袖衬衫(男款)/办公室人员/2024,44,工作服类,件,,,,,0,已启用,,,85.50,否,否
1339,综合物资,8000018501,RB-短袖衬衫(男款)/办公室人员/2024,43,工作服类,件,,,,,0,已启用,,,85.50,否,否
1340,综合物资,8000018500,RB-短袖衬衫(男款)/办公室人员/2024,42,工作服类,件,,,,,0,已启用,,,85.50,否,否
1341,综合物资,8000018499,RB-短袖衬衫(男款)/办公室人员/2024,41,工作服类,件,,,,,0,已启用,,,85.50,否,否
1342,综合物资,8000018498,RB-短袖衬衫(男款)/办公室人员/2024,40,工作服类,件,,,,,0,已启用,,,85.50,否,否
1343,综合物资,8000018497,RB-短袖衬衫(男款)/办公室人员/2024,39,工作服类,件,,,,,0,已启用,,,85.50,否,否
1344,综合物资,8000018496,RB-长袖衬衫(女款)/办公室人员/2024,38,工作服类,件,,,,,0,已启用,,,126.00,否,否
1345,综合物资,8000018495,RB-长袖衬衫(女款)/办公室人员/2024,37,工作服类,件,,,,,0,已启用,,,126.00,否,否
1346,综合物资,8000018494,RB-长袖衬衫(女款)/办公室人员/2024,36,工作服类,件,,,,,0,已启用,,,126.00,否,否
1347,综合物资,8000018493,RB-长袖衬衫(女款)/办公室人员/2024,35,工作服类,件,,,,,0,已启用,,,126.00,否,否
1348,综合物资,8000018492,RB-长袖衬衫(男款)/办公室人员/2024,45,工作服类,件,,,,,0,已启用,,,126.00,否,否
1349,综合物资,8000018491,RB-长袖衬衫(男款)/办公室人员/2024,44,工作服类,件,,,,,0,已启用,,,126.00,否,否
1350,综合物资,8000018490,RB-长袖衬衫(男款)/办公室人员/2024,43,工作服类,件,,,,,0,已启用,,,126.00,否,否
1351,综合物资,8000018489,RB-长袖衬衫(男款)/办公室人员/2024,42,工作服类,件,,,,,0,已启用,,,126.00,否,否
1352,综合物资,8000018488,RB-长袖衬衫(男款)/办公室人员/2024,41,工作服类,件,,,,,0,已启用,,,126.00,否,否
1353,综合物资,8000018487,RB-长袖衬衫(男款)/办公室人员/2024,40,工作服类,件,,,,,0,已启用,,,126.00,否,否
1354,综合物资,8000018486,RB-长袖衬衫(男款)/办公室人员/2024,39,工作服类,件,,,,,0,已启用,,,126.00,否,否
1355,综合物资,8000018485,RB-夏季长裤/办公室人员/2024,XXXXL,工作服类,条,,,,,0,已启用,,,69.10,否,否
1356,综合物资,8000018484,RB-夏季长裤/办公室人员/2024,XXXL,工作服类,条,,,,,0,已启用,,,69.10,否,否
1357,综合物资,8000018483,RB-夏季长裤/办公室人员/2024,XXL,工作服类,条,,,,,0,已启用,,,69.10,否,否
1358,综合物资,8000018482,RB-夏季长裤/办公室人员/2024,XL,工作服类,条,,,,,0,已启用,,,69.10,否,否
1359,综合物资,8000018481,RB-夏季长裤/办公室人员/2024,L,工作服类,条,,,,,0,已启用,,,69.10,否,否
1360,综合物资,8000018480,RB-夏季长裤/办公室人员/2024,M,工作服类,条,,,,,0,已启用,,,69.10,否,否
1361,综合物资,8000018479,RB-夏季长裤/办公室人员/2024,S,工作服类,条,,,,,0,已启用,,,69.10,否,否
1362,综合物资,8000018478,RB-夏季长裤/办公室人员/2024,XS,工作服类,条,,,,,0,已启用,,,69.10,否,否
1363,综合物资,8000018477,RB-夏季短袖T恤/办公室人员/2024,XXXXL,工作服类,件,,,,,0,已启用,,,37.80,否,否
1364,综合物资,8000018476,RB-夏季短袖T恤/办公室人员/2024,XXXL,工作服类,件,,,,,0,已启用,,,37.80,否,否
1365,综合物资,8000018475,RB-夏季短袖T恤/办公室人员/2024,XXL,工作服类,件,,,,,0,已启用,,,37.80,否,否
1366,综合物资,8000018474,RB-夏季短袖T恤/办公室人员/2024,XL,工作服类,件,,,,,0,已启用,,,37.80,否,否
1367,综合物资,8000018473,RB-夏季短袖T恤/办公室人员/2024,L,工作服类,件,,,,,0,已启用,,,37.80,否,否
1368,综合物资,8000018472,RB-夏季短袖T恤/办公室人员/2024,M,工作服类,件,,,,,0,已启用,,,37.80,否,否
1369,综合物资,8000018471,RB-夏季短袖T恤/办公室人员/2024,S,工作服类,件,,,,,0,已启用,,,37.80,否,否
1370,综合物资,8000018470,RB-夏季短袖T恤/办公室人员/2024,XS,工作服类,件,,,,,0,已启用,,,37.80,否,否
1371,综合物资,8000018469,RB-春秋长裤/办公室人员/2024,XXXXL,工作服类,条,,,,,0,已启用,,,80.40,否,否
1372,综合物资,8000018468,RB-春秋长裤/办公室人员/2024,XXXL,工作服类,条,,,,,0,已启用,,,80.40,否,否
1373,综合物资,8000018467,RB-春秋长裤/办公室人员/2024,XXL,工作服类,条,,,,,0,已启用,,,80.40,否,否
1374,综合物资,8000018466,RB-春秋长裤/办公室人员/2024,XL,工作服类,条,,,,,0,已启用,,,80.40,否,否
1375,综合物资,8000018465,RB-春秋长裤/办公室人员/2024,L,工作服类,条,,,,,0,已启用,,,80.40,否,否
1376,综合物资,8000018464,RB-春秋长裤/办公室人员/2024,M,工作服类,条,,,,,0,已启用,,,80.40,否,否
1377,综合物资,8000018463,RB-春秋长裤/办公室人员/2024,S,工作服类,条,,,,,0,已启用,,,80.40,否,否
1378,综合物资,8000018462,RB-春秋长裤/办公室人员/2024,XS,工作服类,条,,,,,0,已启用,,,80.40,否,否
1379,综合物资,8000018461,RB-春秋长袖上衣/办公室人员/2024,XXXXL,工作服类,件,,,,,0,已启用,,,82.90,否,否
1380,综合物资,8000018460,RB-春秋长袖上衣/办公室人员/2024,XXXL,工作服类,件,,,,,0,已启用,,,82.90,否,否
1381,综合物资,8000018459,RB-春秋长袖上衣/办公室人员/2024,XXL,工作服类,件,,,,,0,已启用,,,82.90,否,否
1382,综合物资,8000018458,RB-春秋长袖上衣/办公室人员/2024,XL,工作服类,件,,,,,0,已启用,,,82.90,否,否
1383,综合物资,8000018457,RB-春秋长袖上衣/办公室人员/2024,L,工作服类,件,,,,,0,已启用,,,82.90,否,否
1384,综合物资,8000018456,RB-春秋长袖上衣/办公室人员/2024,M,工作服类,件,,,,,0,已启用,,,82.90,否,否
1385,综合物资,8000018455,RB-春秋长袖上衣/办公室人员/2024,S,工作服类,件,,,,,0,已启用,,,82.90,否,否
1386,综合物资,8000018454,RB-春秋长袖上衣/办公室人员/2024,XS,工作服类,件,,,,,0,已启用,,,82.90,否,否
1387,综合物资,8000018453,RB-夏季长裤/车间人员/2024,XXXXL,工作服类,条,,,,,0,已启用,,,69.10,否,否
1388,综合物资,8000018452,RB-夏季长裤/车间人员/2024,XXXL,工作服类,条,,,,,0,已启用,,,69.10,否,否
1389,综合物资,8000018451,RB-夏季长裤/车间人员/2024,XXL,工作服类,条,,,,,0,已启用,,,69.10,否,否
1390,综合物资,8000018450,RB-夏季长裤/车间人员/2024,XL,工作服类,条,,,,,0,已启用,,,69.10,否,否
1391,综合物资,8000018449,RB-夏季长裤/车间人员/2024,L,工作服类,条,,,,,0,已启用,,,69.10,否,否
1392,综合物资,8000018448,RB-夏季长裤/车间人员/2024,M,工作服类,条,,,,,0,已启用,,,69.10,否,否
1393,综合物资,8000018447,RB-夏季长裤/车间人员/2024,S,工作服类,条,,,,,0,已启用,,,69.10,否,否
1394,综合物资,8000018446,RB-夏季长裤/车间人员/2024,XS,工作服类,条,,,,,0,已启用,,,69.10,否,否
1395,综合物资,8000018445,RB-夏季短袖T恤/车间人员/2024,XXXXL,工作服类,件,,,,,0,已启用,,,37.80,否,否
1396,综合物资,8000018444,RB-夏季短袖T恤/车间人员/2024,XXXL,工作服类,件,,,,,0,已启用,,,37.80,否,否
1397,综合物资,8000018443,RB-夏季短袖T恤/车间人员/2024,XXL,工作服类,件,,,,,0,已启用,,,37.80,否,否
1398,综合物资,8000018442,RB-夏季短袖T恤/车间人员/2024,XL,工作服类,件,,,,,0,已启用,,,37.80,否,否
1399,综合物资,8000018441,RB-夏季短袖T恤/车间人员/2024,L,工作服类,件,,,,,0,已启用,,,37.80,否,否
1400,综合物资,8000018440,RB-夏季短袖T恤/车间人员/2024,M,工作服类,件,,,,,0,已启用,,,37.80,否,否
1401,综合物资,8000018439,RB-夏季短袖T恤/车间人员/2024,S,工作服类,件,,,,,0,已启用,,,37.80,否,否
1402,综合物资,8000018438,RB-夏季短袖T恤/车间人员/2024,XS,工作服类,件,,,,,0,已启用,,,37.80,否,否
1403,综合物资,8000018437,RB-舂秋长裤/车间入员/2024,XXXXL,工作服类,条,,,,,0,已启用,,,80.40,否,否
1404,综合物资,8000018436,RB-舂秋长裤/车间入员/2024,XXXL,工作服类,条,,,,,0,已启用,,,80.40,否,否
1405,综合物资,8000018435,RB-舂秋长裤/车间入员/2024,XXL,工作服类,条,,,,,0,已启用,,,80.40,否,否
1406,综合物资,8000018434,RB-舂秋长裤/车间入员/2024,XL,工作服类,条,,,,,0,已启用,,,80.40,否,否
1407,综合物资,8000018433,RB-舂秋长裤/车间入员/2024,L,工作服类,条,,,,,0,已启用,,,80.40,否,否
1408,综合物资,8000018432,RB-舂秋长裤/车间入员/2024,M,工作服类,条,,,,,0,已启用,,,80.40,否,否
1409,综合物资,8000018431,RB-舂秋长裤/车间入员/2024,S,工作服类,条,,,,,0,已启用,,,80.40,否,否
1410,综合物资,8000018430,RB-舂秋长裤/车间入员/2024,XS,工作服类,条,,,,,0,已启用,,,80.40,否,否
1411,综合物资,8000018429,RB-春秋长袖上衣/车间人员/2024,XXXXL,工作服类,条,,,,,0,已启用,,,82.90,否,否
1412,综合物资,8000018428,RB-春秋长袖上衣/车间人员/2024,XXXL,工作服类,件,,,,,0,已启用,,,82.90,否,否
1413,综合物资,8000018427,RB-春秋长袖上衣/车间人员/2024,XXL,工作服类,件,,,,,0,已启用,,,82.90,否,否
1414,综合物资,8000018426,RB-春秋长袖上衣/车间人员/2024,XL,工作服类,件,,,,,0,已启用,,,82.90,否,否
1415,综合物资,8000018425,RB-春秋长袖上衣/车间人员/2024,L,工作服类,件,,,,,0,已启用,,,82.90,否,否
1416,综合物资,8000018424,RB-春秋长袖上衣/车间人员/2024,M,工作服类,件,,,,,0,已启用,,,82.90,否,否
1417,综合物资,8000018423,RB-春秋长袖上衣/车间人员/2024,S,工作服类,件,,,,,0,已启用,,,82.90,否,否
1418,综合物资,8000018422,RB-春秋长袖上衣/车间人员/2024,XS,工作服类,件,,,,,0,已启用,,,82.90,否,否
1419,综合物资,8000018421,RB-冀季长裤/设备人员/2024,XXXXL,工作服类,条,,,,,0,已启用,,,69.10,否,否
1420,综合物资,8000018420,RB-冀季长裤/设备人员/2024,XXXL,工作服类,条,,,,,0,已启用,,,69.10,否,否
1421,综合物资,8000018419,RB-冀季长裤/设备人员/2024,XXL,工作服类,条,,,,,0,已启用,,,69.10,否,否
1422,综合物资,8000018418,RB-冀季长裤/设备人员/2024,XL,工作服类,条,,,,,0,已启用,,,69.10,否,否
1423,综合物资,8000018417,RB-冀季长裤/设备人员/2024,L,工作服类,条,,,,,0,已启用,,,69.10,否,否
1424,综合物资,8000018416,RB-冀季长裤/设备人员/2024,M,工作服类,条,,,,,0,已启用,,,69.10,否,否
1425,综合物资,8000018415,RB-冀季长裤/设备人员/2024,S,工作服类,条,,,,,0,已启用,,,69.10,否,否
1426,综合物资,8000018414,RB-冀季长裤/设备人员/2024,XS,工作服类,条,,,,,0,已启用,,,69.10,否,否
1427,综合物资,8000018413,RB·要季短袖T恤/设备人员/2024,XXXXL,工作服类,条,,,,,0,已启用,,,37.80,否,否
1428,综合物资,8000018412,RB·要季短袖T恤/设备人员/2024,XXXL,工作服类,件,,,,,0,已启用,,,37.80,否,否
1429,综合物资,8000018411,RB·要季短袖T恤/设备人员/2024,XXL,工作服类,件,,,,,0,已启用,,,37.80,否,否
1430,综合物资,8000018410,RB·要季短袖T恤/设备人员/2024,XL,工作服类,件,,,,,0,已启用,,,37.80,否,否
1431,综合物资,8000018409,RB·要季短袖T恤/设备人员/2024,L,工作服类,件,,,,,0,已启用,,,37.80,否,否
1432,综合物资,8000018408,RB·要季短袖T恤/设备人员/2024,M,工作服类,件,,,,,0,已启用,,,37.80,否,否
1433,综合物资,8000018407,RB·要季短袖T恤/设备人员/2024,S,工作服类,件,,,,,0,已启用,,,37.80,否,否
1434,综合物资,8000018406,RB·要季短袖T恤/设备人员/2024,XS,工作服类,件,,,,,0,已启用,,,37.80,否,否
1435,综合物资,8000018405,RB-春秋长裤/设备人员/2024,XXXXL,工作服类,条,,,,,0,已启用,,,80.40,否,否
1436,综合物资,8000018404,RB-春秋长裤/设备人员/2024,XXXL,工作服类,条,,,,,0,已启用,,,80.40,否,否
1437,综合物资,8000018403,RB-春秋长裤/设备人员/2024,XXL,工作服类,条,,,,,0,已启用,,,80.40,否,否
1438,综合物资,8000018402,RB-春秋长裤/设备人员/2024,XL,工作服类,条,,,,,0,已启用,,,80.40,否,否
1439,综合物资,8000018401,RB-春秋长裤/设备人员/2024,L,工作服类,条,,,,,0,已启用,,,80.40,否,否
1440,综合物资,8000018400,RB-春秋长裤/设备人员/2024,M,工作服类,条,,,,,0,已启用,,,80.40,否,否
1441,综合物资,8000018399,RB-春秋长裤/设备人员/2024,S,工作服类,条,,,,,0,已启用,,,80.40,否,否
1442,综合物资,8000018398,RB-春秋长裤/设备人员/2024,XS,工作服类,条,,,,,0,已启用,,,80.40,否,否
1443,综合物资,8000018397,RB-春秋长袖上衣/设备人员/2024,XXXXL,工作服类,条,,,,,0,已启用,,,82.90,否,否
1444,综合物资,8000018396,RB-春秋长袖上衣/设备人员/2024,XXXL,工作服类,件,,,,,0,已启用,,,82.90,否,否
1445,综合物资,8000018395,RB-春秋长袖上衣/设备人员/2024,XXL,工作服类,件,,,,,0,已启用,,,82.90,否,否
1446,综合物资,8000018394,RB-春秋长袖上衣/设备人员/2024,XL,工作服类,件,,,,,0,已启用,,,82.90,否,否
1447,综合物资,8000018393,RB-春秋长袖上衣/设备人员/2024,L,工作服类,件,,,,,0,已启用,,,82.90,否,否
1448,综合物资,8000018392,RB-春秋长袖上衣/设备人员/2024,M,工作服类,件,,,,,0,已启用,,,82.90,否,否
1449,综合物资,8000018391,RB-春秋长袖上衣/设备人员/2024,S,工作服类,件,,,,,0,已启用,,,82.90,否,否
1450,综合物资,8000018390,RB-春秋长袖上衣/设备人员/2024,XS,工作服类,件,,,,,0,已启用,,,82.90,否,否
1451,综合物资,8000018389,2024年粽子礼盒,,员工关怀,盒,贵州龙,,,,0,已启用,,,100.00,否,否
1452,综合物资,8000018388, 2024年文化衫-红色,2XL码,工作服类,件,华彬,,,,0,已启用,,,,否,否
1453,综合物资,8000018387,2024年文化衫-红色,XL码,工作服类,件,华彬,,,,0,已启用,,,,否,否
1454,综合物资,8000018386, 2024年文化衫-红色,M码,工作服类,件,华彬,,,,0,已启用,,,,否,否
1455,综合物资,8000018385, 2024年文化衫-白色,2XL码,工作服类,件,华彬,,,,0,已启用,,,,否,否
1456,综合物资,8000018384, 2024年文化衫-白色,XL码,工作服类,件,华彬,,,,0,已启用,,,,否,否
1457,综合物资,8000018383, 2024年文化衫-白色,M码,工作服类,件,华彬,,,,0,已启用,,,,否,否
1458,综合物资,8000018382,2024年文化衫-白色,S码,工作服类,件,华彬,,,,0,已启用,,,,否,否
1459,综合物资,8000018381,彩虹5号电池（粒）,,办公耗材,粒,ZMI,,,,0,已启用,,,1.88,否,否
1460,综合物资,8000018374,星礼卡感谢款-300元,300元/张,客情维护,张,星巴克,,,,0,已启用,,,,否,否
1461,综合物资,8000018373,星礼卡鱼鳞款-200元,200元/张,客情维护,张,星巴克,,,,0,已启用,,,,否,否
1462,综合物资,8000018372,星礼卡鱼尾款-1000元,1000元/张,客情维护,张,星巴克,,,,0,已启用,,,,否,否
1463,综合物资,8000018371,星礼卡卡套,绿色,客情维护,张,星巴克,,,,0,已启用,,,,否,否
1464,综合物资,8000018370,凸面镜,60CM,办公耗材,个,,,,,0,已启用,,,70.00,否,否
1465,综合物资,8000018369,消防沙,,办公耗材,袋,,,,,0,已启用,,,65.00,否,否
1466,综合物资,8000018368,内存条,DDR4 2666hz/8G,办公用具、费用化资产,根,记忆科技,,,,0,已启用,,,,否,否
1467,综合物资,8000018367,固态硬盘,PC005 Active/256gb,办公用具、费用化资产,块,致态,,,,0,已启用,,,,否,否
1468,综合物资,8000018366,机械硬盘,1TB,办公用具、费用化资产,块,西部数据,,,,0,已启用,,,536.00,否,否
1469,综合物资,8000018362,百洁布（设备清洁专用）,1片,办公耗材,片,妙洁,,,,0,已启用,,,,否,否
1470,综合物资,8000018361,可乐,500ml×24,饮品,件,可口可乐,,,,0,已启用,,,,否,否
1471,综合物资,8000018359,电导仪标准液,250ml/瓶,实验耗材,瓶,梅特勒,,,,0,已启用,0.000,,260.00,否,否
1472,综合物资,8000018358,火碱,25KG,食堂用品,袋,君正,,,,0,已启用,,,150.00,否,否
1473,综合物资,8000018357,中号食品袋,16*25+8CM,一次性用品,条,待定,,,,0,已启用,,,12.50,否,否
1474,综合物资,8000018356,食堂专用毛巾,30CM*30CM,食堂用品,条,待定,,,,0,已启用,,,3.60,否,否
1475,综合物资,8000018355,防毒面罩,,劳保用品,个,,配料专用,,,0,已启用,,,155.00,否,否
1476,综合物资,8000018354,防毒口罩,7502,劳保用品,个,3M,,,,0,已启用,,,75.00,否,否
1477,综合物资,8000018353,电焊裤,38-4900,劳保用品,件,WELDAS/威特仕,,,,0,已启用,,,405.00,否,否
1478,综合物资,8000018352,电焊服,38-4350,劳保用品,件,WELDAS/威特仕,,,,0,已启用,,,425.00,否,否
1479,综合物资,8000018351,滤棉承接座,502,劳保用品,件,3M,,,,0,已启用,,,45.00,否,否
1480,综合物资,8000018350,3M过滤棉,2097,劳保用品,片,3M,,,,0,已启用,,,5.00,否,否
1481,综合物资,8000018349,华佗烧烫伤,,劳保用品,盒,,,,,0,已启用,,,16.00,否,否
1482,综合物资,8000018348,胃痛宁片,,劳保用品,瓶,,,,,0,已启用,,,39.00,否,否
1483,综合物资,8000018347,霍香正气合剂,,劳保用品,盒,,,,,0,已启用,,,35.00,否,否
1484,综合物资,8000018346,绝缘手套,,劳保用品,双,,,,,0,已启用,,,25.00,否,否
1485,综合物资,8000018345,腰靠护垫,,劳保用品,副,,,,,0,已启用,,,5.00,否,否
1486,综合物资,8000018344,收纳包,,办公用具、费用化资产,个,常胜客,,,,0,已启用,,,242.00,否,否
1487,综合物资,8000018343,笔筒,908,办公用具、费用化资产,个,得力,,,,0,已启用,,,18.50,否,否
1488,综合物资,8000018337,洞洞板,"品牌：SAMEDREAM
黑色 100CM*200CM",办公用具、费用化资产,块,,,,,0,已启用,,,320.00,否,否
1489,综合物资,8000018336,隔板,41×89cm,办公用具、费用化资产,块,,,,,0,已启用,,,120.00,否,否
1490,综合物资,8000018335,晾衣架,-,办公用具、费用化资产,个,,,,,0,已启用,,,60.00,否,否
1491,综合物资,8000018334,白板,"33355
120mm*90mm单面磁吸",办公用具、费用化资产,块,得力,,,,0,已启用,,,198.00,否,否
1492,综合物资,8000018333,挂锁,/,办公用具、费用化资产,把,/,,,,0,已启用,,,67.80,否,否
1493,综合物资,8000018332,展示杆,黑色实心正挂1.2米,办公用具、费用化资产,米,/,,,,0,已启用,,,40.50,否,否
1494,综合物资,8000018331,设备状态标识牌,"运行、停机、检修三种状态
直径100mm",办公用具、费用化资产,块,,,,,0,已启用,,,6.00,否,否
1495,综合物资,8000018330,NPT快装接头,DN25,办公用具、费用化资产,套,/,,,,0,已启用,,,225.00,否,否
1496,综合物资,8000018329,防护罩,2,办公用具、费用化资产,个,高清防护防尘可戴眼镜,,,,0,已启用,,,48.00,否,否
1497,综合物资,8000018328,不锈钢下水器,110厨房下水器+0.8米管,办公用具、费用化资产,个, 好来屋,,,,0,已启用,,,23.00,否,否
1498,综合物资,8000018327,下水管二合一口对接器,地漏接头通用双排水大小口接头,办公用具、费用化资产,个,聚凡卫浴,,,,0,已启用,,,18.50,否,否
1499,综合物资,8000018326,下水管二合一口对接器,地漏接头通用单排水直通通接头,办公用具、费用化资产,个,聚凡卫浴,,,,0,已启用,,,14.00,否,否
1500,综合物资,8000018325,下水管二合一口对接器,地漏接头通用单排水弯通接头,办公用具、费用化资产,个,聚凡卫浴,,,,0,已启用,,,16.50,否,否
1501,综合物资,8000018324,下水管二合一口对接器,地漏接头通用双排水大小口接头,办公用具、费用化资产,个,聚凡卫浴,,,,0,已启用,,,18.50,否,否
1502,综合物资,8000018323,洗手盆下水管,mpxsg0-888-80CM,办公用具、费用化资产,根,PAIJUKE/派居客,,,,0,已启用,,,20.00,否,否
1503,综合物资,8000018322,地漏,,办公耗材,个,,,,,0,已启用,,,15.00,否,否
1504,综合物资,8000018321,草酸,2500g,办公耗材,桶,,,,,0,已启用,,,22.00,否,否
1505,综合物资,8000018320,拖把杆旋转通用免手洗甩干（一托墩布桶拖布净）,,办公耗材,把,太太乐,,,,0,已启用,,,120.00,否,否
1506,综合物资,8000018319,A4纸,7758  红色100张/包,办公耗材,包,得力,,,,0,已启用,,,22.00,否,否
1507,综合物资,8000018318,抽杆报告夹,5531,办公耗材,个,得力,,,,0,已启用,,,1.60,否,否
1508,综合物资,8000018317,塑料装订夹,5548   80mm,办公耗材,盒,得力,,,,0,已启用,,,9.90,否,否
1509,综合物资,8000018316,多层衣架,3层衣架,办公耗材,个,,,,,0,已启用,,,21.00,否,否
1510,综合物资,8000018315,抽屉隔板,32.5cm*7cm白色,办公耗材,片,,,,,0,已启用,,,1.80,否,否
1511,综合物资,8000018314,管路流向标识 （红底白箭头）,5CM*2000CM,办公耗材,卷,金瑞泰,,,,0,已启用,,,27.20,否,否
1512,综合物资,8000018313,洞洞板挂钩,"品牌：SAMEDREAM
加粗三叉挂钩40个装",办公耗材,包,,,,,0,已启用,,,55.00,否,否
1513,综合物资,8000018312,阀门开关标识牌,"15CM*7CM 6个
10CM*3.5CM 100个",办公耗材,个,,,,,0,已启用,,,4.20,否,否
1514,综合物资,8000018311,磁吸仓库卡,"蓝色5.5cm*7.5cm，
3拨轮",办公耗材,个,,,,,0,已启用,,,1.30,否,否
1515,综合物资,8000018310,表/圆环,压力标标识pvc覆膜材质，防水防高温蒸汽 直径10cm圆红、黄、绿各20个,办公耗材,个,,,,,0,已启用,,,1.30,否,否
1516,综合物资,8000018309,角标,定位/pvc覆膜材质，防水防高温蒸汽 L型1cm*3cm ,办公耗材,个,,,,,0,已启用,,,0.20,否,否
1517,综合物资,8000018308,线管,管径28mm/灰色,办公耗材,米,,,,,0,已启用,,,2.80,否,否
1518,综合物资,8000018307,季铵盐测试纸,100片装,办公耗材,盒,,,,,0,已启用,,,105.00,否,否
1519,综合物资,8000018306,管道疏通剂,/,办公耗材,瓶,,,,,0,已启用,,,28.00,否,否
1520,综合物资,8000018305,U型包边密封橡胶条,6.5*9.5mm,办公耗材,米,,,,,0,已启用,,,4.00,否,否
1521,综合物资,8000018304,免手洗平板拖把,40cm加液仓面板,办公耗材,把,,,,,0,已启用,,,108.00,否,否
1522,综合物资,8000018303,绝缘垫,,办公耗材,卷,,叉车充电间用,,,0,已启用,,,850.00,否,否
1523,综合物资,8000018302,5S定位胶带,黑黄30cm*33m,办公耗材,卷,,,,,0,已启用,,,95.00,否,否
1524,综合物资,8000018301,5S定位胶带,蓝色5cm,食堂用品,卷,待定,,,,0,已启用,,,10.00,否,否
1525,综合物资,8000018300,行吊吊带,3吨,办公耗材,根,,,,,0,已启用,,,82.00,否,否
1526,综合物资,8000018299,链条油,2.5KG,办公耗材,瓶,尊客,,,,0,已启用,,,67.00,否,否
1527,综合物资,8000018298,金属文件架,三联,办公耗材,个,,,,,0,已启用,,,32.00,否,否
1528,综合物资,8000018297,文件收纳盒,78980 蓝色,办公耗材,个,得力,,,,0,已启用,,,30.00,否,否
1529,综合物资,8000018296,打标纸,40MM*30MM,办公耗材,卷,,备件库专用,,,0,已启用,,,11.60,否,否
1530,综合物资,8000018295,电脑垫高架,（双层-单侧收纳）黑色50*20*13cm,办公耗材,个,,,,,0,已启用,,,35.00,否,否
1531,综合物资,8000018294,酒精灯芯,灯芯棉6mm长20cm（100根）,实验耗材,包,,,,,0,已启用,,,43.00,否,否
1532,综合物资,8000018293,凭证装订夹,,办公用具、费用化资产,个,,,,,0,已启用,,,,否,否
1533,综合物资,8000018292,剪刀,170mm/得力77754,办公用具、费用化资产,把,得力,,,,0,已启用,,,,否,否
1534,综合物资,8000018291,快劳夹,5481,办公耗材,个,得力,,,,0,已启用,,,10.80,否,否
1535,综合物资,8000018290,增值税发票夹,NO.5355票据夹蓝,办公用具、费用化资产,个,得力,,,,0,已启用,,,,否,否
1536,综合物资,8000018233,次氯酸钠,25kg,实验耗材,桶,,,,,0,已启用,,,180.00,否,否
1537,综合物资,8000018232,双强力夹,NS182 黑色,办公耗材,个,得力,,,,0,已启用,,,10.50,否,否
1538,综合物资,8000018231,资料册,5002（20页）,办公用品,个,得力,,,,0,已启用,,,11.00,否,否
1539,综合物资,8000018230,10页资料册,NO.5001,办公用品,个,,,,,0,已启用,,,,否,否
1540,综合物资,8000018229,雨布,6*15米,办公耗材,张,,,,,0,已启用,,,110.00,否,否
1541,综合物资,8000018226,全自动干手器,M-2008F,办公用具、费用化资产,台,莫顿,,,,0,已启用,,,375.00,否,否
1542,综合物资,8000018225,贵州茅台酒（甲辰龙年）,500ml/瓶 53°,饮品,瓶,贵州茅台,,,,0,已启用,,,2499.00,否,否
1543,综合物资,8000018224,夏季工鞋,5312,劳保用品,双,A+A,,,,0,已启用,,,206.00,否,否
1544,综合物资,8000018223,一次性圆形打包盒（带盖）,1250ML  一件200个,一次性用品,箱,待定,,,,0,已启用,,,163.00,否,否
1545,综合物资,8000018222,一次性打包盒,0.001,一次性用品,包,待定,,,,0,已启用,,,1.10,否,否
1546,综合物资,8000018221,锅刷,0.001,食堂用品,把,待定,,,,0,已启用,,,12.00,否,否
1547,综合物资,8000018220,菜刀,0.001,食堂用品,把,十八子,,,,0,已启用,,,85.00,否,否
1548,综合物资,8000018195,油布,,通用类,卷,,,,,0,已启用,,,,否,否
1549,综合物资,80018194,叉车安全吊绳,,备件,根,,,,,0,已启用,,,,否,否
1550,综合物资,80018193,轮胎,,叉车备件,个,,,,,0,已启用,,,,否,否
1551,综合物资,80018192,防砸鞋（42码）,FF0603,劳保用品,双,世达,热缩用,,,0,已启用,0.000,,159.00,否,否
1552,综合物资,80018191,礼仪手套,均码（12双/包）,劳保用品,包,,,,,0,已启用,0.000,,30.00,否,否
1553,综合物资,80018190,人工呼吸隔离面罩cpr,,劳保用品,个,,,,,0,已启用,,,16.50,否,否
1554,综合物资,80018189,8#自封袋,100个/包,实验耗材,包,美翔,,,,0,已启用,,,19.00,否,否
1555,综合物资,80018188,《授权-如何激发全员领导力》,,办公用具、费用化资产,本,,书籍,,,0,已启用,,,75.00,否,否
1556,综合物资,80018187,门帘,高2.382米*宽2米,办公用具、费用化资产,套,,车间用,,,0,已启用,0.000,,535.00,否,否
1557,综合物资,80018186,不锈钢直尺,20CM,办公用具、费用化资产,根,,,,,0,已启用,,,6.00,否,否
1558,综合物资,80018185,密码锁,锁长31MM，锁体41MM，锁高67MM，梁粗5MM，黑色,办公用具、费用化资产,把,TONYON,,,,0,已启用,,,67.80,否,否
1559,综合物资,80018184,三层步梯,长75*高60*宽55cm,办公用具、费用化资产,个,,,,,0,已启用,,,950.00,否,否
1560,综合物资,80018183,防爆柜隔板,45加仑,办公用具、费用化资产,块,,,,,0,已启用,,,260.00,否,否
1561,综合物资,80018182,磨刀棒,8寸圆形,办公用具、费用化资产,把,,,,,0,已启用,,,38.00,否,否
1562,综合物资,80018181,二步梯,复古红,办公用具、费用化资产,个,,仓库关灯用,,,0,已启用,,,66.00,否,否
1563,综合物资,80018180,货架,长2米 高2米*600宽 *4层/每层承重200公斤蓝色,办公用具、费用化资产,组,,,,,0,已启用,,,560.00,否,否
1564,综合物资,80018179,货架,2米长*1米高*0.6米宽  3层,办公用具、费用化资产,组,,储运办公室蓝色小货架,,,0,已启用,,,395.00,否,否
1565,综合物资,80018178,尾线专用胶,,办公耗材,个,,,,,0,已启用,,,10.00,否,否
1566,综合物资,80018177,海康威视摄像头原装全新POE尾线,,办公耗材,根,海康威视,,,,0,已启用,,,15.00,否,否
1567,综合物资,80018176,笔筒组合,9200,办公耗材,个,得力,,,,0,已启用,,,35.00,否,否
1568,综合物资,80018175,静电油,3.8L,办公耗材,瓶,,,,,0,已启用,,,69.00,否,否
1569,综合物资,80018174,厕所长刷,,办公耗材,个,,,,,0,已启用,,,10.00,否,否
1570,综合物资,80018173,檀香,120盘/盒,办公耗材,盒,,,,,0,已启用,,,22.00,否,否
1571,综合物资,80018172,全自动感应水龙头控制盒感应式洗手器探头配件,白色6V控制盒航空头,办公耗材,个,,,,,0,已启用,,,338.00,否,否
1572,综合物资,80018171,自动伸缩气管,15米8*5气鼓耐用夹纱管,办公耗材,个,,,,,0,已启用,,,265.00,否,否
1573,综合物资,80018170,不锈钢防爆4分编织双头进出管冷热水龙头热水器角阀马桶进水软管,4分,办公耗材,米,,,,,0,已启用,,,25.00,否,否
1574,综合物资,80018169,食品级水管,内径16 外径25   壁厚4.5mm,办公耗材,米,,灌装专用,,,0,已启用,,,180.00,否,否
1575,综合物资,80018168,防撞条,米白色2米+10个转角,办公耗材,条,,,,,0,已启用,,,52.50,否,否
1576,综合物资,80018167,封口机加热条,型号16495  封口长度300mm 封口宽度2mm,办公耗材,条,,,,,0,已启用,,,15.00,否,否
1577,综合物资,80018166,洗地机刷盘卡扣配件,,办公耗材,个,,,,,0,已启用,,,195.00,否,否
1578,综合物资,80018165,正在清洁小心地滑标识牌,宽30cm*高62cm,办公耗材,块,,,,,0,已启用,,,40.00,否,否
1579,综合物资,80018164,纳米双面胶,宽5cm*长1m,办公耗材,卷,,,,,0,已启用,,,15.50,否,否
1580,综合物资,80018163,洁厕液,500ML,办公耗材,瓶,蓝月亮,,,,0,已启用,,,16.50,否,否
1581,综合物资,80018162,双强力夹,5302,办公耗材,个,得力,,,,0,已启用,,,8.00,否,否
1582,综合物资,80018161,水桶,30L,办公耗材,个,,,,,0,已启用,,,31.00,否,否
1583,综合物资,80018160,马桶刷,白色落地款,办公耗材,把,好太太,,,,0,已启用,,,39.00,否,否
1584,综合物资,80018159,洗洁精,1KG,办公耗材,瓶,立白,,,,0,已启用,0.000,,16.00,否,否
1585,综合物资,80018158,主接触器,,办公耗材,个,海斯特,,,,0,已启用,,,598.54,否,否
1586,综合物资,80018157,加速器踏板,,办公耗材,个,海斯特,,,,0,已启用,,,1352.34,否,否
1587,综合物资,80018156,转向油封,,办公耗材,套,海斯特,,,,0,已启用,,,268.54,否,否
1588,综合物资,80018155,倾斜油封,,办公耗材,套,海斯特,,,,0,已启用,,,351.03,否,否
1589,综合物资,80018154,升降油封,,办公耗材,套,海斯特,,,,0,已启用,,,158.94,否,否
1590,综合物资,80018153,行驶电机油封,,办公耗材,个,海斯特,,,,0,已启用,,,258.37,否,否
1591,综合物资,80018152,齿轮油（4L）,4L,办公耗材,桶,海斯特,,,,0,已启用,,,150.00,否,否
1592,综合物资,80018151,后尾灯总成,,办公耗材,个,海斯特,,,,0,已启用,,,377.77,否,否
1593,综合物资,80018150,前大灯总成,,办公耗材,个,海斯特,,,,0,已启用,,,364.09,否,否
1594,综合物资,80018149,液压油（18L）,18L,办公耗材,桶,海斯特,,,,0,已启用,,,650.00,否,否
1595,综合物资,80018148,组合开关,,办公耗材,个,海斯特,,,,0,已启用,,,1535.30,否,否
1596,综合物资,80018147,黄油枪头,内径1.1CM,办公耗材,个,,,,,0,已启用,,,25.00,否,否
1597,综合物资,80018146,链条清洗剂,450ML 24瓶/箱,办公耗材,箱,,,,,0,已启用,,,770.00,否,否
1598,综合物资,80018145,针式打印纸重新排版打印,,办公耗材,箱,,,,,0,已启用,,,97.00,否,否
1599,综合物资,80018143,工作鞋,36,劳保用品,双,,,,,0,已启用,,,,否,否
1600,综合物资,80018142,叉车专用皮鞋（加绒）,38,劳保用品,双,,,,,0,已启用,,,,否,否
1601,综合物资,80018141,叉车专用皮鞋（加绒）,40,劳保用品,双,,,,,0,已启用,,,,否,否
1602,综合物资,80018140,叉车专用皮鞋（加绒）,36,办公用品,双,,,,,0,已启用,,,,否,否
1603,综合物资,80018139,防砸防刺鞋,40,劳保用品,双,,,,,0,已启用,,,,否,否
1604,综合物资,80018138,冬季工服,,工作服类,件,,,,,0,已启用,,,,否,否
1605,综合物资,80018137,泡沫填缝剂,,备件,罐,,,,,0,已启用,,,,否,否
1606,综合物资,80018136,吊钩,,办公耗材,个,,行吊专用,,,0,已启用,,,,否,否
1607,综合物资,80018135,充电标识牌,,通用类,个,,,,,0,已启用,,,,否,否
1608,综合物资,80018134,胶带黄色PVC,,备件,卷,,,,,0,已启用,,,,否,否
1609,综合物资,80018133,工业修补B剂,,备件,桶,,,,,0,已启用,,,,否,否
1610,综合物资,80018132,工业修补剂A,,备件,桶,,,,,0,已启用,,,,否,否
1611,综合物资,80018131,固化剂,,办公用品,支,,,,,0,已启用,,,,否,否
1612,综合物资,80018130,德尼手套,,劳保用品,副,,,,,0,已启用,,,,否,否
1613,综合物资,80018078,档案盒,5684,办公耗材,盒,得力,,,,0,已启用,,,12.60,否,否
1614,综合物资,80018077,凤尾夹,8553ES 32mm,办公耗材,盒,得力,,,,0,已启用,,,14.50,否,否
1615,综合物资,80018076,凤尾夹,8551ES 50mm,办公耗材,盒,得力,,,,0,已启用,,,17.50,否,否
1616,综合物资,80018075,无痕玻璃贴纸,半透明,通用类,卷,,,,,0,已启用,,,,否,否
1617,综合物资,80017948,藿香正气软胶囊/粒,,劳保用品,粒,,,,,0,已启用,,,,否,否
1618,综合物资,80017947,被褥,三件套、棉被、枕头,办公耗材,套,,,,,0,已启用,,,243.00,否,否
1619,综合物资,80017918,消防柜,1200*900mm,劳保用品,个,,,,,0,已启用,,,525.00,否,否
1620,综合物资,80017917,自救呼吸器,双人套装,劳保用品,套,,,,,0,已启用,,,520.00,否,否
1621,综合物资,80017916,防火服套装,6件套,劳保用品,套,,,,,0,已启用,,,615.00,否,否
1622,综合物资,80017899,白糖托盘钢条,1.36米,办公耗材,根,,,,,0,已启用,,,8.00,否,否
1623,综合物资,80017898,白糖托盘钢条,1.14米,办公耗材,根,,,,,0,已启用,,,6.80,否,否
1624,综合物资,80017897,防冻面罩,,劳保用品,套,蓝鹰,,,,0,已启用,,,109.00,否,否
1625,综合物资,80017896,得力3481凭证包角(棕黄)(张),3481,办公耗材,张,得力,,,,0,已启用,,,,否,否
1626,综合物资,80017895,增值税信封,250mm×60mm/DKL02,办公耗材,个,金蝶,,,,0,已启用,,,,否,否
1627,综合物资,6901481008254,53%vol习酒窖藏1988（雅致版黑色）,500ml 53°,饮品,瓶,习酒,,,,0,已启用,,,,否,否
1628,综合物资,80017893,红酒,,饮品,瓶,ORG,,,,0,已启用,,,,否,否
1629,综合物资,6902952880294,贵州茅台酒（飞天茅台）,500ml/瓶 53°,饮品,瓶,贵州茅台,,,,0,已启用,,,,否,否
1630,综合物资,80017891,绝缘防砸鞋,FF0503,劳保用品,双,世达,,,,0,已启用,,,159.00,否,否
1631,综合物资,80017890,三角绷带,,劳保用品,包,,,,,0,已启用,,,12.00,否,否
1632,综合物资,80017889,急救毯,,劳保用品,包,,,,,0,已启用,,,8.00,否,否
1633,综合物资,80017888,风油精,,劳保用品,瓶,,,,,0,已启用,,,5.00,否,否
1634,综合物资,80017887,清凉油,,劳保用品,瓶,,,,,0,已启用,,,30.00,否,否
1635,综合物资,80017886,防滑垫,3mm红色网格1.2米*15米,食堂用品,卷,,食堂专用,,,0,已启用,,,970.00,否,否
1636,综合物资,80017885,钥匙盒,50800（24位）,办公用具、费用化资产,个,得力,,,,0,已启用,,,110.00,否,否
1637,综合物资,80017884,hdmi切换器,CS-HK301,办公用具、费用化资产,个,畅斯,,,,0,已启用,,,145.00,否,否
1638,综合物资,80017883,发财树,,办公用具、费用化资产,盆,,,,,0,已启用,,,350.00,否,否
1639,综合物资,80017882,古风铜素48cm（胡桃色）全实木橡胶木挂衣架,,办公用具、费用化资产,个,,,,,0,已启用,,,308.00,否,否
1640,综合物资,80017881,过塑机,33939,办公用具、费用化资产,台,得力,,,,0,已启用,,,125.00,否,否
1641,综合物资,80017880,线缆标签打印机,,办公用具、费用化资产,台,,,,,0,已启用,,,150.00,否,否
1642,综合物资,80017879,风琴包,63951,办公用具、费用化资产,个,得力,,,,0,已启用,,,32.00,否,否
1643,综合物资,80017878,小毛刷,1寸,办公耗材,把,,洗烧杯,,,0,已启用,,,8.00,否,否
1644,综合物资,80017877,大毛刷,5寸,办公耗材,把,,洗烧杯,,,0,已启用,,,19.00,否,否
1645,综合物资,80017876,洗衣凝珠,50颗/盒（无添加）,办公耗材,盒,蔬果园,,,,0,已启用,,,68.00,否,否
1646,综合物资,80017875,排风口用红丝带,2cm宽,办公耗材,卷,,,,,0,已启用,,,10.00,否,否
1647,综合物资,80017874,A4磁性展示贴,A4磁性展示贴,办公耗材,个,,,,,0,已启用,,,3.20,否,否
1648,综合物资,80017873,双面胶带,10cm,办公耗材,卷,,,,,0,已启用,,,20.00,否,否
1649,综合物资,80017872,5S定位胶带,红色5cm,办公耗材,卷,,,,,0,已启用,,,10.00,否,否
1650,综合物资,80017871,5S定位胶带,黑黄5cm,办公耗材,卷,,,,,0,已启用,,,10.00,否,否
1651,综合物资,80017870,5S定位胶带,黄色10cm,办公耗材,卷,,,,,0,已启用,,,10.00,否,否
1652,综合物资,80017869,5S定位胶带,黄色5cm,办公耗材,卷,,,,,0,已启用,,,10.00,否,否
1653,综合物资,80017868,玻璃清洁剂,,办公耗材,瓶,,,,,0,已启用,,,5.00,否,否
1654,综合物资,80017867,T型铲刀,,办公耗材,把,,,,,0,已启用,,,20.00,否,否
1655,综合物资,80017866,油漆固化剂（天那水）,,办公耗材,桶,,,,,0,已启用,,,5.00,否,否
1656,综合物资,80017865,过塑膜,"3816
（A4，80mic）",办公耗材,包,得力,,,,0,已启用,,,2.00,否,否
1657,综合物资,80017864,自动打印机白色色卡,与线缆标签打印机匹配使用,办公耗材,盒,,,,,0,已启用,,,10.00,否,否
1658,综合物资,80017863,自动打印机黄色色卡,与线缆标签打印机匹配使用,办公耗材,盒,,,,,0,已启用,,,10.00,否,否
1659,综合物资,80017862,自喷漆,蓝色,办公耗材,瓶,三和,,,,0,已启用,,,30.00,否,否
1660,综合物资,80017861,自喷漆,红色,办公耗材,瓶,三和,,,,0,已启用,,,10.00,否,否
1661,综合物资,80017860,稀释剂,地坪漆，中上等,办公耗材,桶,,,,,0,已启用,,,5.00,否,否
1662,综合物资,80017859,黑色油漆（亮漆）,地坪漆，中上等,办公耗材,桶,,,,,0,已启用,,,3.00,否,否
1663,综合物资,80017858,光油,地坪漆，中上等,办公耗材,桶,,,,,0,已启用,,,1.00,否,否
1664,综合物资,80017857,黄色油漆（亮漆）,地坪漆，中上等,办公耗材,桶,,,,,0,已启用,,,5.00,否,否
1665,综合物资,80017856,一次性取样盒,190*150*105mm,办公耗材,个,,,,,0,已启用,,,4.00,否,否
1666,综合物资,80017855,取样瓶,1000ml,办公耗材,个,,,,,0,已启用,,,5.00,否,否
1667,综合物资,80017854,美纹纸,宽1.2CM*50米,办公耗材,卷,奔亿达,,,,0,已启用,,,2.50,否,否
1668,综合物资,80017853,电线防咬保护套,,办公耗材,米,,,,,0,已启用,,,2.50,否,否
1669,综合物资,80017852,束线整理魔术贴轧带,30条/包,办公耗材,包,,,,,0,已启用,,,32.00,否,否
1670,综合物资,80017851,会计凭证封面,西玛A5凭证封面,办公耗材,包,西玛,,,,0,已启用,,,25.00,否,否
1671,综合物资,80017849,磷酸,,实验耗材,瓶,川东化工,,,,0,已启用,,,25.00,否,否
1672,综合物资,80017522,台粮茅香风味品鉴酒,500ML/53°,饮品,瓶,,,,,0,已启用,,,350.00,否,否
1673,综合物资,80017521,A3款酱香型白酒,500ML/53°,饮品,瓶,,,,,0,已启用,,,,否,否
1674,综合物资,80017520,电线收纳盒,8921,办公用具、费用化资产,个,得力,,,,0,已启用,,,53.00,否,否
1675,综合物资,80017519,密封储物罐,1.8L（15.5*13.5cm）,办公耗材,个,,,,,0,已启用,,,6.50,否,否
1676,综合物资,80017518,而改变,风风光光,备件,包,微服务,是的哇,,,0,已启用,,,,否,否
1677,综合物资,80017517,无菌取样袋带铁丝,114*229MM530毫升,实验耗材,个,,,,,0,已启用,,,1.80,否,否
1678,综合物资,80017432,医药包,内含28组件,食堂用品,个,待定,,,,0,已启用,,,105.00,否,否
1679,综合物资,80017310,医用纱布绷带,8*600CM,劳保用品,包,倍加易,,,,0,已启用,,,10.00,否,否
1680,综合物资,80017309,医用碘伏消毒棉球,25粒/瓶,劳保用品,瓶,鑫华凯,,,,0,已启用,,,10.00,否,否
1681,综合物资,80017308,医用酒精消毒棉球,25粒/瓶,劳保用品,瓶,鑫华凯,,,,0,已启用,,,10.00,否,否
1682,综合物资,80017307,双氧水,100毫升,劳保用品,瓶,洛阳紫光,,,,0,已启用,,,15.50,否,否
1683,综合物资,80017306,碘伏消毒剂,100毫升,劳保用品,瓶,,,,,0,已启用,,,11.00,否,否
1684,综合物资,80017305,红花油,30毫升,劳保用品,瓶,百齐灵,,,,0,已启用,,,11.00,否,否
1685,综合物资,80017304,紫药水,100毫升,劳保用品,瓶,洛阳紫光,,,,0,已启用,,,15.50,否,否
1686,综合物资,80017303,烫伤膏,40克,劳保用品,盒,强列,,,,0,已启用,,,31.00,否,否
1687,综合物资,80017302,5S落地之道一-关田法,,办公用具、费用化资产,本,,,,,0,已启用,,,78.00,否,否
1688,综合物资,80017301,斜口钳,125mm,办公用具、费用化资产,把,宝工,,,,0,已启用,,,55.00,否,否
1689,综合物资,80017300,茶水柜,奶咖色+白岩板长100深40加厚背板,办公用具、费用化资产,个,,,,,0,已启用,,,765.00,否,否
1690,综合物资,80017299,做最好的中层（升级版）,,办公用具、费用化资产,本,,,,,0,已启用,,,30.00,否,否
1691,综合物资,80017298,赢在责任心胜在执行力（第三版）,,办公用具、费用化资产,本,,,,,0,已启用,,,39.00,否,否
1692,综合物资,80017297,擦窗机器人,HCR-21,办公用具、费用化资产,个,PANAVOX,,,,0,已启用,,,1850.00,否,否
1693,综合物资,80017296,不锈钢收纳筐,304不锈钢 宽16cm*长32cm*12cm,办公用具、费用化资产,个,/,,,,0,已启用,,,195.00,否,否
1694,综合物资,80017295,封口机,"型号16495 
封口长度300mm
封口宽度2mm",办公用具、费用化资产,个,得力,,,,0,已启用,,,315.00,否,否
1695,综合物资,80017294,pvc钢丝软管塑料透明管耐高压水管胶管水泵,内径32mm 壁厚2.5mm 1寸2,办公用具、费用化资产,米,/,,,,0,已启用,,,18.50,否,否
1696,综合物资,80017293,防爆柜层板,红色防爆柜22加仑隔板,办公用具、费用化资产,块,/,,,,0,已启用,,,210.00,否,否
1697,综合物资,80017292,不锈钢水勺,伸缩水勺 口径14cm（约750毫升 长度1米-1.5米）,办公用具、费用化资产,把,/,,,,0,已启用,,,89.00,否,否
1698,综合物资,80017291,不锈钢酒提,304不锈钢 一两酒提50ml,办公用具、费用化资产,个,/,,,,0,已启用,,,16.00,否,否
1699,综合物资,80017290,硼酸抑菌洗液,500ml,实验耗材,瓶,/,,,,0,已启用,0.000,,31.00,否,否
1700,综合物资,80017289,喷壶,500ML,办公用具、费用化资产,个,得力,,,,0,已启用,,,13.80,否,否
1701,综合物资,80017288,强光手电筒,C8,办公用具、费用化资产,把,神火,,,,0,已启用,0.000,,102.00,否,否
1702,综合物资,80017287,硼酸抑菌洗液,500ml,办公用具、费用化资产,瓶,,,,,0,已启用,,,36.00,否,否
1703,综合物资,80017286,喷壶,500ML,办公用具、费用化资产,个,,,,,0,已启用,,,10.00,否,否
1704,综合物资,80017285,强光手电筒,C8,办公用具、费用化资产,把,神火,,,,0,已启用,,,102.00,否,否
1705,综合物资,80017284,对讲机,MOTOTRBOR2,办公用具、费用化资产,台,摩托罗拉,,,,0,已启用,,,2400.00,否,否
1706,综合物资,80017283,电话水晶头,6P4C/50个1盒,办公耗材,盒,山泽,,,,0,已启用,,,18.00,否,否
1707,综合物资,80017282,水晶头,超五类【镀金工程款】/100个1盒,办公耗材,盒,山泽,,,,0,已启用,,,45.00,否,否
1708,综合物资,80017281,扫帚套装,,办公耗材,套,,,,,0,已启用,,,28.30,否,否
1709,综合物资,80017280,通用型盘香架,,办公耗材,个,,,,,0,已启用,,,25.00,否,否
1710,综合物资,80017279,透明胶带,30325,办公耗材,卷,得力,,,,0,已启用,,,10.00,否,否
1711,综合物资,80017278,热敏纸（箱）,57*30无管芯/型号3141,办公耗材,箱,得力,,,,0,已启用,,,245.00,否,否
1712,综合物资,80017277,印油,,办公耗材,瓶,顶尖刻章,,,,0,已启用,,,30.00,否,否
1713,综合物资,80017276,回形针,0038,办公耗材,盒,得力,,,,0,已启用,,,4.50,否,否
1714,综合物资,80017275,抽杆报告夹,5532,办公耗材,个,得力,,,,0,已启用,,,2.70,否,否
1715,综合物资,80017274,11孔透明文件袋,5710,办公耗材,包,得力,,,,0,已启用,,,4.80,否,否
1716,综合物资,80017273,磁钉,7825  30mm 6个/板,办公耗材,板,得力,,,,0,已启用,,,6.00,否,否
1717,综合物资,80017272,增值税发票夹,5355,办公耗材,个,得力,,,,0,已启用,,,13.50,否,否
1718,综合物资,80017271,增值税专用发票盒,HZ323,办公耗材,个,西玛用友,,,,0,已启用,,,2.50,否,否
1719,综合物资,80017270,一次性培养皿（大）,,内部检测,箱,,,,,0,已启用,,,,否,否
1720,综合物资,80017269,梅特勒校准液,9.21,实验耗材,瓶,梅特勒,,,,0,已启用,,,198.00,否,否
1721,综合物资,898999000046,唯他可可椰子水饮料,330毫升×12瓶/原味,饮品,箱,唯他可可,,,,0,已启用,,,90.00,否,否
1722,综合物资,6970440828868,战马能量型维生素饮料,310毫升×24,饮品,箱,战马,,,,0,已启用,,,,否,否
1723,综合物资,80017266,饮水机,钛银色,食堂用品,台,奥克斯,,,,0,已启用,,,395.00,否,否
1724,综合物资,80017265,珍珠大卷纸,0.001,一次性用品,件,珍珠,,,,0,已启用,,,120.00,否,否
1725,综合物资,80017264,怀庄酒/茅台镇酒,500ml,饮品,瓶,,,,,0,已停用,,,,否,否
1726,综合物资,80017263,欧普牌节能灯管,19W,食堂用品,根,欧普,,,,0,已启用,,,24.00,否,否
1727,综合物资,80017262,欧普牌LED节能灯泡,E27/20W,食堂用品,个,欧普,,,,0,已启用,,,39.80,否,否
1728,综合物资,80017261,防毒面罩,6800+6001,劳保用品,个,3M,,,,0,已启用,,,245.00,否,否
1729,综合物资,80017260,UV 防护镜,,劳保用品,副,,,,,0,已启用,,,78.00,否,否
1730,综合物资,80017259,电焊手套,,劳保用品,双,,,,,0,已启用,,,69.00,否,否
1731,综合物资,80017258,云南白药粉末,,劳保用品,瓶,/,,,,0,已启用,,,22.00,否,否
1732,综合物资,80017257,肠炎宁,,劳保用品,盒,康恩贝,,,,0,已启用,,,78.00,否,否
1733,综合物资,80017256,蒙脱石散,,劳保用品,盒,/,,,,0,已启用,,,32.00,否,否
1734,综合物资,80017255,冻疮膏,,劳保用品,支,/,,,,0,已启用,,,36.00,否,否
1735,综合物资,80017254,冰凉降温贴,,劳保用品,盒,/,,,,0,已启用,,,20.00,否,否
1736,综合物资,80017253,急速救心丸,,劳保用品,盒,/,,,,0,已启用,,,69.00,否,否
1737,综合物资,80017252,医用塑胶手套,,劳保用品,副,/,,,,0,已启用,,,5.00,否,否
1738,综合物资,80017251,医用剪刀,,劳保用品,把,/,,,,0,已启用,,,25.00,否,否
1739,综合物资,80017250,一次性酒精片,50片一盒尺寸12*12,劳保用品,盒,海氏海诺,,,,0,已启用,,,20.00,否,否
1740,综合物资,80017249,医用棉签,,劳保用品,包,/,,,,0,已启用,,,6.50,否,否
1741,综合物资,80017248,防水创可贴,,劳保用品,盒,云南白药,,,,0,已启用,,,18.00,否,否
1742,综合物资,80017247,不粘伤口无菌辅料,,劳保用品,盒,/,,,,0,已启用,,,15.00,否,否
1743,综合物资,80017246,脱脂棉,,劳保用品,包,/,,,,0,已启用,,,25.00,否,否
1744,综合物资,80017245,碘伏消毒液,100ml,劳保用品,瓶,贵鑫,,,,0,已启用,,,12.00,否,否
1745,综合物资,80017244,双氧水,,劳保用品,瓶,/,,,,0,已启用,,,3.00,否,否
1746,综合物资,80017243,红花油,,劳保用品,瓶,/,,,,0,已启用,,,52.00,否,否
1747,综合物资,80017242,绝缘防砸工作鞋,0503,劳保用品,双,世达,,,,0,已启用,,,159.00,否,否
1748,综合物资,80017241,U盘,64 GB,办公用具、费用化资产,个,惠普,,,,0,已启用,,,58.00,否,否
1749,综合物资,80017240,四联金属文件框,78986,办公用具、费用化资产,个,得力,,,,0,已启用,,,105.00,否,否
1750,综合物资,80017239,电源适配器,12V5A,办公用具、费用化资产,个,,可视门铃专用,,,0,已启用,,,30.00,否,否
1751,综合物资,80017238,空调遥控器,,办公用具、费用化资产,个,美的,,,,0,已启用,,,29.00,否,否
1752,综合物资,80017237,鞋套机膜,,办公耗材,卷,官佳,,,,0,已启用,,,64.50,否,否
1753,综合物资,80017236,办公桌,1.4米长*600宽*750高,办公用具、费用化资产,张,,,,,0,已启用,,,690.00,否,否
1754,综合物资,80017235,车间员工操作凳,304不锈钢，60厘米高,办公用具、费用化资产,个,,,,,0,已启用,,,220.00,否,否
1755,综合物资,80017234,不锈钢免打孔扫把挂件,带钩款4只装,办公用具、费用化资产,包,,,,,0,已启用,,,20.00,否,否
1756,综合物资,80017233,挡鼠板,1.47米*600高*25mm,办公用具、费用化资产,块,,,,,0,已启用,,,500.00,否,否
1757,综合物资,80017232,挡鼠板,4.51米*600高*25mm,办公用具、费用化资产,块,,,,,0,已启用,,,1130.00,否,否
1758,综合物资,80017231,贺卡,,办公耗材,组,,,,,0,已启用,,,14.00,否,否
1759,综合物资,80017230,佳能硒鼓,CRG-054,办公耗材,套,佳能,,,,0,已启用,,,1650.00,否,否
1760,综合物资,80017229,防滑条,,办公耗材,米,,,,,0,已启用,,,9.00,否,否
1761,综合物资,80017228,磨砂工业去油污洗手液,2L/瓶,办公耗材,瓶,,,,,0,已启用,,,47.50,否,否
1762,综合物资,80017227,蓝色标签贴,38*25,办公耗材,包,,,,,0,已启用,,,26.00,否,否
1763,综合物资,80017226,米乐奇泡棉双面胶,20MM宽*2米*5MM厚,办公耗材,卷,米乐奇,,,,0,已启用,,,8.80,否,否
1764,综合物资,80017225,梯形刀片,78001（61*19*0.6）,办公耗材,盒,得力,,,,0,已启用,,,5.00,否,否
1765,综合物资,80017224,塞拓小锁,长柄,办公耗材,把,塞拓,,,,0,已启用,,,29.00,否,否
1766,综合物资,80017223,尘推布,40CM,办公耗材,条,,,,,0,已启用,,,15.50,否,否
1767,综合物资,80017222,次品红牛（罐）,250毫升,次品,罐,,,,,0,已启用,,,,否,否
1768,综合物资,80017219,一次性纸盒,300*200*150mm,办公耗材,个,,送检专用,,,0,已启用,,,25.00,否,否
1769,综合物资,80017218,档案盒,5624ES,办公耗材,个,得力,,,,0,已启用,,,15.50,否,否
1770,综合物资,80017217,美纹纸,30672,办公耗材,卷,得力,,,,0,已启用,,,6.50,否,否
1771,综合物资,80017216,9V 超霸电池（停用）,9V,办公耗材,粒,超霸 ,,,,0,已停用,,,4.00,否,否
1772,综合物资,80017215,刹车弹簧,,办公耗材,副,,,,,0,已启用,,,175.72,否,否
1773,综合物资,80017214,后桥套管螺丝,,办公耗材,颗,,,,,0,已启用,,,40.00,否,否
1774,综合物资,80017213,前桥套管螺丝,,办公耗材,颗,,,,,0,已启用,,,80.00,否,否
1775,综合物资,80017212,转向平面轴承,,办公耗材,套,,,,,0,已启用,,,202.53,否,否
1776,综合物资,80017211,转向灯笼轴承,,办公耗材,套,,,,,0,已启用,,,191.10,否,否
1777,综合物资,80017210,转向叉车大黄针,,办公耗材,个,,,,,0,已启用,,,461.58,否,否
1778,综合物资,80017209,黄油,,办公耗材,桶,,,,,0,已启用,,,50.00,否,否
1779,综合物资,80017208,清洗剂,,办公耗材,瓶,,,,,0,已启用,,,75.00,否,否
1780,综合物资,80017207,链条油,,办公耗材,瓶,海斯特,,,,0,已启用,,,150.00,否,否
1781,综合物资,80017206,刹车油,,办公耗材,瓶,,,,,0,已启用,,,30.00,否,否
1782,综合物资,80017205,刹车片（右）,,办公耗材,副,,,,,0,已启用,,,1329.44,否,否
1783,综合物资,80017204,刹车片（左）,,办公耗材,副,,,,,0,已启用,,,1329.44,否,否
1784,综合物资,80017203,后轮轴承,,叉车维保,个,,,,,0,已启用,,,348.00,否,否
1785,综合物资,80017202,前轮轴承,,办公耗材,套,,,,,0,已启用,,,551.21,否,否
1786,综合物资,80017201,后轮油封,,叉车维保,个,,,,,0,已启用,,,43.00,否,否
1787,综合物资,80017200,前轮油封,,办公耗材,个,,,,,0,已启用,,,113.90,否,否
1788,综合物资,80017199,直向黄油嘴,,办公耗材,个,,,,,0,已启用,,,8.73,否,否
1789,综合物资,80017198,弯斗黄油嘴,,办公耗材,个,,,,,0,已启用,,,5.83,否,否
1790,综合物资,80017197,拉杆销套,,办公耗材,套,,,,,0,已启用,,,175.00,否,否
1791,综合物资,80017196,拉杆销,,办公耗材,个,,,,,0,已启用,,,306.00,否,否
1792,综合物资,80017195,保险管,,办公耗材,颗,,,,,0,已启用,,,19.54,否,否
1793,综合物资,80017194,电瓶盖,,办公耗材,个,,,,,0,已启用,,,31.00,否,否
1794,综合物资,80017193,电池插头,,办公耗材,个,,,,,0,已启用,,,103.52,否,否
1795,综合物资,80017192,叉车喇叭,,办公耗材,个,,,,,0,已启用,,,354.00,否,否
1796,综合物资,80017191,倒车蜂鸣器,,办公耗材,个,,,,,0,已启用,,,403.02,否,否
1797,综合物资,80017190,刹车分泵,,办公耗材,套,,,,,0,已启用,,,488.16,否,否
1798,综合物资,80017189,刹车总泵,,办公耗材,套,海斯特,,,,0,已启用,,,817.67,否,否
1799,综合物资,80017188,前顷油钢管,,办公耗材,套,海斯特,,,,0,已启用,,,830.39,否,否
1800,综合物资,80017187,货叉销子,,办公耗材,个,海斯特,,,,0,已启用,,,30.00,否,否
1801,综合物资,80017186,龙门架链条轴承,,办公耗材,个,海斯特,,,,0,已启用,,,595.79,否,否
1802,综合物资,80017185,龙门架轴承,,办公耗材,个,海斯特,,,,0,已启用,,,286.62,否,否
1803,综合物资,80017184,链条,,办公耗材,根,海斯特,,,,0,已启用,,,558.01,否,否
1804,综合物资,80017183,叉车座椅,,办公耗材,套,海斯特,,,,0,已启用,,,1680.00,否,否
1805,综合物资,80017182,牌照螺丝,,办公耗材,颗,海斯特,,,,0,已启用,,,0.80,否,否
1806,综合物资,80017181,后尾灯,,办公耗材,套,海斯特,,,,0,已启用,,,229.54,否,否
1807,综合物资,80017180,玻璃贴膜,,办公耗材,平方米,,,,,0,已启用,,,55.00,否,否
1808,综合物资,80017179,门缝密封条,,办公耗材,米,,,,,0,已启用,,,13.50,否,否
1809,综合物资,80017178,叉车示阔灯,,办公耗材,个,,,,,0,已启用,,,498.00,否,否
1810,综合物资,80017177,时钟,,办公耗材,台,,叉车专用,,,0,已启用,,,135.00,否,否
1811,综合物资,80017176,L型扳手加套筒,13919+13313,办公耗材,套,世达,,,,0,已启用,,,125.50,否,否
1812,综合物资,80017175,热敏标签纸,,办公耗材,卷,,,,,0,已启用,,,125.00,否,否
1813,综合物资,80017174,印泥,9863,办公耗材,盒,得力,,,,0,已启用,,,6.80,否,否
1814,综合物资,80017173,剪刀,6010,办公用具、费用化资产,个,得力,办公用品,,,0,已启用,,,,否,否
1815,综合物资,80017172,信封,,办公耗材,个,新艺,办公耗材,,,0,已启用,,,,否,否
1816,综合物资,6971596386196,会计凭证封面DKL02（250mm*160mm）,200份/箱,办公耗材,个,金蝶妙想,办公耗材,,,0,已启用,,,0.00,否,否
1817,综合物资,80017170,档案袋,8383,办公耗材,个,得力,办公耗材,,,0,已启用,,,2.00,否,否
1818,综合物资,80017169,卷笔刀,,办公用具、费用化资产,个,得力,办公耗材,,,0,已启用,,,0.00,否,否
1819,综合物资,6971596385519,增值税专用发票抵扣联封面,DKL01（14.5*25）,办公耗材,张,金蝶妙想,,,,0,已启用,,,0.00,否,否
1820,综合物资,6921734934819,得力3481凭证包角(棕黄)(本),3481,办公耗材,包,得力,,,,0,已启用,,,,否,否
1821,综合物资,6941166331796,西玛A5凭证封面（212-150）-优选,212-150,办公耗材,对,SIMAA西玛,,,,0,已启用,,,0.00,否,否
1822,综合物资,6941166330577,西玛A5凭证装订盒（215-155-50）,215*155*50,办公耗材,个,SIMAA西玛,办公耗材,,,0,已启用,,,,否,否
1823,综合物资,6972229790830,会计档案盒,货号0338 规格310*220*50mm,办公耗材,个,恒力源,办公耗材,,,0,已启用,,,,否,否
1824,综合物资,0687771659101,A4会计报表装订封面（竖版））,（0575）88175801  FM401）,办公耗材,对,广友,办公耗材,,,0,已启用,,,,否,否
1825,综合物资,619878702156,A4凭证封面（212×299）6503,212×299   6503,办公耗材,本,鑫浩远,办公耗材,,,0,已启用,,,,否,否
1826,综合物资,6921734900371,得力0037回形针(200枚/筒),0037,办公耗材,盒,得力,办公耗材,,,0,已启用,,,0.00,否,否
1827,综合物资,6921734970930,固体胶,7093  36g,办公耗材,个,得力,办公耗材,,,0,已启用,,,4.00,否,否
1828,综合物资,6941458384073,晨光星彩荧光笔6色AHMV7602,1/36/216 AHMV7602,办公耗材,支,晨光,办公用品,,,0,已启用,,,0.00,否,否
1829,综合物资,80017158,得力7151记事贴(混)76*76mm(本),7151,办公用品,本,得力,办公耗材,,,0,已启用,,,,否,否
1830,综合物资,80017157,得力7151记事贴(混)76*76mm(本),7151,办公用品,本,得力,办公耗材,,,0,已启用,,,,否,否
1831,综合物资,80017156,得力7151记事贴(混)76*76mm(本),7151,办公用品,本,得力,办公耗材,,,0,已启用,,,,否,否
1832,综合物资,80017155,得力7151记事贴(混)76*76mm(本),7151,办公用品,本,得力,办公耗材,,,0,已启用,,,,否,否
1833,综合物资,80017154,得力7151记事贴(混)76*76mm(本),7151,办公用品,本,得力,办公耗材,,,0,已启用,,,,否,否
1834,综合物资,80017153,得力7151记事贴(混)76*76mm(本),7151,办公用品,本,得力,办公耗材,,,0,已启用,,,,否,否
1835,综合物资,80017152,得力7151记事贴(混)76*76mm(本),7151,办公用品,本,得力,办公耗材,,,0,已启用,,,,否,否
1836,综合物资,80017151,得力7151记事贴(混)76*76mm(本),7151,办公用品,本,得力,办公耗材,,,0,已启用,,,,否,否
1837,综合物资,80017150,得力7151记事贴(混)76*76mm(本),7151,办公用品,本,得力,办公耗材,,,0,已启用,,,,否,否
1838,综合物资,80017149,得力7151记事贴(混)76*76mm(本),7151,办公用品,本,得力,办公耗材,,,0,已启用,,,,否,否
1839,综合物资,80017148,得力7151记事贴(混)76*76mm(本),7151,办公用品,本,得力,办公耗材,,,0,已启用,,,,否,否
1840,综合物资,80017147,得力7151记事贴(混)76*76mm(本),7151,办公用品,本,得力,办公耗材,,,0,已启用,,,,否,否
1841,综合物资,80017146,得力7151记事贴(混)76*76mm(本),7151,办公用品,本,得力,办公耗材,,,0,已启用,,,,否,否
1842,综合物资,80017145,气瓶推车,,实验耗材,辆,,,,,0,已启用,,,450.00,否,否
1843,综合物资,80017144,具塞容量瓶,10mL,实验耗材,个,witeg,,,,0,已启用,,,120.00,否,否
1844,综合物资,80017143,防倾倒装置,8-40L气瓶使用,实验耗材,套,,,,,0,已启用,,,55.00,否,否
1845,综合物资,80017142,长柄镊子 （取膜专用）,12cm 圆头 ,实验耗材,个,,,,,0,已启用,,,28.00,否,否
1846,综合物资,80017141,高温灭菌指示剂,15瓶/盒,实验耗材,盒,默克,,,,0,已启用,,,1100.00,否,否
1847,综合物资,80017140,PH电极,INLAB EXPRO,实验耗材,根,梅特勒,,,,0,已启用,,,3790.00,否,否
1848,综合物资,80017139,蓝盖透明玻璃溶剂瓶,500毫升/瓶,实验耗材,个,FISHER,,,,0,已启用,,,65.00,否,否
1849,综合物资,80017138,氩气,40L充装,实验耗材,瓶,,,,,0,已启用,,,160.00,否,否
1850,综合物资,80017137,PAM,25KG/袋,实验耗材,袋,,,,,0,已启用,,,440.00,否,否
1851,综合物资,80017136,甘蔗大号削皮刀,5.8cm*15.8cm*26cm,食堂用品,把,待定,,,,0,已启用,,,15.00,否,否
1852,综合物资,80017135,平口垃圾袋,45CM*50CM/100只,办公耗材,包,恒洁净,,,,0,已启用,,,35.00,否,否
1853,综合物资,80017134,一次性筷子,1000双,一次性用品,箱,江南语,,,,0,已启用,,,50.00,否,否
1854,综合物资,80017133,黄色胶手套,0.001,食堂用品,包,南洋,,,,0,已启用,,,42.80,否,否
1855,综合物资,80017132,衣架,0.001,食堂用品,个,待定,,,,0,已启用,,,1.20,否,否
1856,综合物资,80017131,晾衣杆,150*150,食堂用品,套,待定,,,,0,已启用,,,56.00,否,否
1857,综合物资,80017130,桌布,120*180CM雾蓝大格,食堂用品,张,待定,,,,0,已启用,,,32.00,否,否
1858,综合物资,80017129,桌布,220CM圆桌布-青蓝色,食堂用品,张,待定,,,,0,已启用,,,147.00,否,否
1859,综合物资,80017128,椅子坐垫,40CM太空灰,劳保用品,个,待定,,,,0,已启用,,,23.50,否,否
1860,综合物资,80017127,椅子套,迷迭香-湖兰短裙款,劳保用品,个,待定,,,,0,已启用,,,21.00,否,否
1861,综合物资,80017126,一次性医用手套,0.001,一次性用品,包,可孚,,,,0,已启用,,,45.00,否,否
1862,综合物资,80017125,红药水,,劳保用品,瓶,,,,,0,已启用,,,3.00,否,否
1863,综合物资,80017124,藿香正气软胶囊/盒,16粒/盒,劳保用品,盒,,,,,0,已启用,,,55.00,否,否
1864,综合物资,80017123,云南白药,,劳保用品,盒,云南白药,,,,0,已启用,,,22.00,否,否
1865,综合物资,80017122,一次性口罩,0.001,一次性用品,个,待定,,,,0,已启用,,,0.50,否,否
1866,综合物资,80016365,不锈钢清洗剂,,办公耗材,瓶,,,,,0,已启用,,,,否,否
1867,综合物资,80016364,桃红葡萄酒,750ml,业务招待,瓶,阳光酒庄,,,,0,已启用,,,,否,否
1868,综合物资,80016363,红葡萄酒,750ml,业务招待,瓶,法国伽罗酒庄,,,,0,已启用,,,,否,否
1869,综合物资,80016362,招待用酒,500ml,业务招待,瓶,怀庄酒/茅台镇酒/封坛原浆,,,,0,已停用,,,,否,否
1870,综合物资,80016361,封坛原浆,500ml,业务招待,瓶,集团,,,,0,已启用,,,,否,否
1871,综合物资,6970440826666,战马能量型维生素饮料,310mL/罐,业务招待,罐,战马,,,,0,已启用,,,,否,否
1872,综合物资,6920202888883,RedBull正品红牛维生素功能饮料维生素功能饮料,250毫升,业务招待,罐,红牛,,,,0,已启用,,,,否,否
1873,综合物资,6970920140022,芙丝饮用天然矿泉水,500mL,业务招待,瓶,VOSS,,,,0,已启用,,,,否,否
1874,综合物资,80016357,物品领用申请单,,办公用具、费用化资产,本,,,,,0,已启用,,,,否,否
1875,综合物资,80015976,抗撕裂胶线手套,L,劳保用品,双,霍尼韦尔,,,,0,已启用,,,19.80,否,否
1876,综合物资,80015975,一次性帽子,条形21mm,一次性用品,包,待定,,,,0,已启用,,,22.00,否,否
1877,综合物资,80015974,加绒胶手套（长袖）,,劳保用品,双,,,,,0,已启用,,,10.00,否,否
1878,综合物资,80015973,3M耳塞,311-1250,劳保用品,盒,3M,,,,0,已启用,0.000,,356.00,否,否
1879,综合物资,80015972,护膝,羊毛的70长,劳保用品,双,,,,,0,已启用,,,95.00,否,否
1880,综合物资,80015971,冬季工鞋,5212,劳保用品,双,A+A,叉车专用,,,0,已启用,,,168.00,否,否
1881,综合物资,80015970,雨伞架,,办公用具、费用化资产,个,,行政楼,,,0,已启用,,,328.00,否,否
1882,综合物资,80015969,科大讯飞智能录音笔,SR502  32G,办公用具、费用化资产,支,科大讯飞,,,,0,已启用,,,2530.00,否,否
1883,综合物资,80015968,冲猪圈高压水枪洗猪圈冲洗地面,,办公用具、费用化资产,个,,,,,0,已启用,,,32.00,否,否
1884,综合物资,80015967,不锈钢无尖双爪钩,2.5米3节杆,办公用具、费用化资产,根,,,,,0,已启用,,,65.00,否,否
1885,综合物资,80015966,翻页笔,2802,办公用具、费用化资产,支,得力,,,,0,已启用,,,48.00,否,否
1886,综合物资,80015965,按动笔,S01,办公耗材,盒,得力,,,,0,已启用,,,21.60,否,否
1887,综合物资,80015964,防冻玻璃水,,办公耗材,桶,,,,,0,已启用,,,6.00,否,否
1888,综合物资,80015963,纽扣3V锂电池,3V,办公耗材,板,松下,,,,0,已启用,,,15.50,否,否
1889,综合物资,80015962,花盆,,办公耗材,个,,,,,0,已启用,,,50.00,否,否
1890,综合物资,80015961,蝴蝶兰,,办公耗材,盆,,,,,0,已启用,,,350.00,否,否
1891,综合物资,80015960,直尖手术剪,,办公耗材,把,,,,,0,已启用,,,15.00,否,否
1892,综合物资,80015959,医用棉棒,5支/包,办公耗材,包,,,,,0,已启用,,,2.00,否,否
1893,综合物资,80015958,佳能硒鼓,CRG-054黑色,办公耗材,盒,佳能,,,,0,已启用,,,550.00,否,否
1894,综合物资,80015957,玻璃防雾剂,218ml/瓶,办公耗材,瓶,,,,,0,已启用,,,23.00,否,否
1895,综合物资,80015956,彩虹7号电池（盒）,一盒24节,办公耗材,盒,ZMI,,,,0,已启用,,,45.00,否,否
1896,综合物资,80015955,彩虹5号电池（盒）,一盒24节,办公耗材,盒,ZMI,,,,0,已启用,,,45.00,否,否
1897,综合物资,80015954,一次性粘钩,,办公耗材,个,,,,,0,已启用,,,2.00,否,否
1898,综合物资,80015953,雨衣,,办公耗材,件,,,,,0,已启用,,,73.00,否,否
1899,综合物资,80015952,烧杯,500ML,实验耗材,个,,,,,0,已启用,,,7.00,否,否
1900,综合物资,80015951,烧杯,100ML,实验耗材,个,,,,,0,已启用,,,3.50,否,否
1901,综合物资,80015950,量筒,1000ML,办公耗材,个,,,,,0,已启用,,,28.00,否,否
1902,综合物资,80015949,火钳,,办公耗材,把,,,,,0,已启用,,,10.00,否,否
1903,综合物资,80015948,7号电池,7号,办公耗材,粒,南孚,,,,0,已启用,,,2.50,否,否
1904,综合物资,80015947,维达大盘纸（箱）,4490,办公耗材,箱,维达,,,,0,已启用,,,180.00,否,否
1905,综合物资,80015946,凭证装订夹,磨砂款有护套大号（可夹5CM）,办公耗材,个,,,,,0,已启用,,,36.00,否,否
1906,综合物资,80015945,会计凭证盒,260mm×150mm×50mm,办公耗材,个,,,,,0,已启用,,,4.70,否,否
1907,综合物资,80015944,会计凭证盒,A5 西玛 215-155-50,办公耗材,个,,,,,0,已启用,,,3.60,否,否
1908,综合物资,80015943,葵烷磺酸钠（离子对色谱试剂）,,实验耗材,瓶,百灵威,,,,0,已启用,,,790.00,否,否
1909,综合物资,80015942,一次性非灭菌手套,S,实验耗材,盒,爱马斯,,,,0,已启用,,,56.00,否,否
1910,综合物资,80015941,一次性医用灭菌手套,S,实验耗材,盒,爱马斯,,,,0,已启用,,,176.00,否,否
1911,综合物资,80015940,国标15毫升氮气气瓶,15升带把,实验耗材,个,,,,,0,已启用,,,365.00,否,否
1912,综合物资,80015939,国标15毫升氩气气瓶,15升带把,实验耗材,个,,,,,0,已启用,,,365.00,否,否
1913,综合物资,80015938,紫外灯管,,实验耗材,根,,品管专用,,,0,已启用,,,42.00,否,否
1914,综合物资,80015937,1000ul   移液枪头, RC LTS 1000ul    1000/袋,实验耗材,袋,梅特勒,,,,0,已启用,,,205.00,否,否
1915,综合物资,80015936,300ul 移液枪头 ,RC LTS 300ul   1000个/袋,实验耗材,袋,梅特勒,,,,0,已启用,,,190.00,否,否
1916,综合物资,80015935,1ML枪头,,实验耗材,包,,,,,0,已启用,,,98.00,否,否
1917,综合物资,80015934,单通道电动移液器, E4-1000XLS+      1000ul,实验耗材,把,梅特勒,,,,0,已启用,,,9330.00,否,否
1918,综合物资,80015933,单通道电动移液器, E4-300XLS+      300ul,实验耗材,把,梅特勒,,,,0,已启用,,,9330.00,否,否
1919,综合物资,80015932,无水乙醇,20瓶/箱/500ML/瓶,实验耗材,箱, 川东化工,,,,0,已启用,,,240.00,否,否
1920,综合物资,80015931,95%酒精,20瓶/箱/500毫升/瓶,实验耗材,箱,川东化工,,,,0,已启用,,,240.00,否,否
1921,综合物资,80015930,试饮杯,4000个/箱 ,实验耗材,箱,梦雅,,,,0,已启用,,,487.00,否,否
1922,综合物资,80015929,屈臣氏蒸馏水,4.5L*4/箱,实验耗材,箱,屈臣氏,,,,0,已启用,,,80.00,否,否
1923,综合物资,80015928,10毫升注射器,一盒100只,实验耗材,包,,,,,0,已启用,,,168.00,否,否
1924,综合物资,80015927,葵烷磺酸钠（离子对色谱试剂,25g /瓶,实验耗材,瓶,百灵威,,,,0,已启用,,,790.00,否,否
1925,综合物资,80015926,3M防毒面具过滤盒,,实验耗材,套,3M,,,,0,已启用,,,35.00,否,否
1926,综合物资,80015925,PH2（停用）,1L*2,实验耗材,套,日立,,,,0,已停用,,,1590.00,否,否
1927,综合物资,80015924,10ML胶头滴管,,实验耗材,包,,,,,0,已启用,,,28.00,否,否
1928,综合物资,80015923,2ml PE管,2毫升无菌,实验耗材,包,,,,,0,已启用,,,78.00,否,否
1929,综合物资,80015922,氘灯,,内部检测,个,日立,,,,0,已启用,,,,否,否
1930,综合物资,80015921,笔芯0.35,0.35,办公用具、费用化资产,支,,,,,0,已启用,,,,否,否
1931,综合物资,80015920,大订书针,,办公用具、费用化资产,盒,,,,,0,已启用,,,,否,否
1932,综合物资,80015919,小订书针,,办公用具、费用化资产,盒,,,,,0,已启用,,,,否,否
1933,综合物资,80015918,茚三酮缓冲溶液,日立1L*2,内部检测,瓶,,,,,0,已启用,,,,否,否
1934,综合物资,80015917,垂熔漏斗,,实验耗材,个,,,,,0,已启用,,,,否,否
1935,综合物资,80015916,小导管,,实验耗材,包,,,,,0,已启用,,,,否,否
1936,综合物资,80015915,过滤瓶,10000ML,实验耗材,个,,,,,0,已启用,,,,否,否
1937,综合物资,80015914,无尘纸,34155  280张/盒，60盒/箱,办公耗材,箱,金佰利,,,,0,已启用,,,,否,否
1938,综合物资,80015913,无尘纸,,内部检测,盒,金佰利,,,,0,已启用,,,,否,否
1939,综合物资,80015912,工业酒精,25L/桶,内部检测,桶,,,,,0,已启用,,,,否,否
1940,综合物资,80015911,300ul 移液枪头 ,RC LTS 300ul   1000个/袋,实验耗材,袋,梅特勒,,,,0,已启用,,,190.00,否,否
1941,综合物资,80015910,1000ul   移液枪头 , RC LTS 1000ul    1000/袋,内部检测,袋,梅特勒,,,,0,已启用,,,,否,否
1942,综合物资,80015909,医用棉签,20/包,内部检测,包,,,,,0,已启用,,,,否,否
1943,综合物资,80015908,医用棉签,,内部检测,包,,,,,0,已启用,,,,否,否
1944,综合物资,80015907,定性滤纸,7CM,内部检测,盒,,,,,0,已启用,,,,否,否
1945,综合物资,80015906,屈臣氏蒸馏水,4.5L*4/箱,实验耗材,箱,屈臣氏,,,,0,已启用,,,80.00,否,否
1946,综合物资,80015905,屈臣氏蒸馏水,4.5L*4/箱,内部检测,瓶,,,,,0,已启用,,,,否,否
1947,综合物资,80015904,一次性培养皿,无菌  60*60MM  1000个/箱,实验耗材,箱,比克曼,,,,0,已启用,,,385.00,否,否
1948,综合物资,80015903,一次性培养皿,直径90mm，10个/条，50条/箱,实验耗材,箱,大博,,,,0,已启用,,,310.00,否,否
1949,综合物资,80015902,一次性培养皿,,内部检测,包,,,,,0,已启用,,,,否,否
1950,综合物资,80015901,海氏海诺一次性医用口罩,50只/盒,内部检测,盒,海氏海诺,,,,0,已启用,,,,否,否
1951,综合物资,80015900,UV5试管,,实验耗材,根,,,,,0,已启用,,,,否,否
1952,综合物资,80015899,玻璃棒,,实验耗材,根,,,,,0,已启用,,,,否,否
1953,综合物资,80015898,过滤套装,,实验耗材,套,,,,,0,已启用,,,,否,否
1954,综合物资,80015897,胖度移液管,50ML,实验耗材,根,,,,,0,已启用,,,,否,否
1955,综合物资,80015896,胖度移液管,25ML,实验耗材,根,,,,,0,已启用,,,,否,否
1956,综合物资,80015895,分度移液管,25ML,实验耗材,根,,,,,0,已启用,,,,否,否
1957,综合物资,80015894,移液管,5ML,实验耗材,根,,,,,0,已启用,,,,否,否
1958,综合物资,80015893,移液管,2ML,实验耗材,根,,,,,0,已启用,,,,否,否
1959,综合物资,80015892,移液管,1ML,实验耗材,根,,,,,0,已启用,,,,否,否
1960,综合物资,80015891,抽滤瓶,500ML,实验耗材,个,,,,,0,已启用,,,,否,否
1961,综合物资,80015890,抽滤瓶,10000ML,实验耗材,个,,,,,0,已启用,,,,否,否
1962,综合物资,80015889,白色广口瓶,25ML,实验耗材,个,,,,,0,已启用,,,,否,否
1963,综合物资,80015888,棕色广口瓶,25ML,实验耗材,个,,,,,0,已启用,,,,否,否
1964,综合物资,80015887,棕色广口瓶,100ML,实验耗材,个,,,,,0,已启用,,,,否,否
1965,综合物资,80015886,比色管,25ML,实验耗材,个,,,,,0,已启用,,,,否,否
1966,综合物资,80015885,比色管,10ML,实验耗材,个,,,,,0,已启用,,,,否,否
1967,综合物资,80015884,容量瓶,5ML,实验耗材,个,,,,,0,已启用,,,,否,否
1968,综合物资,80015883,容量瓶,20ML,实验耗材,个,,,,,0,已启用,,,,否,否
1969,综合物资,80015882,容量瓶,50ML,实验耗材,个,,,,,0,已启用,,,,否,否
1970,综合物资,80015881,容量瓶,100ML,实验耗材,个,,,,,0,已启用,,,,否,否
1971,综合物资,80015880,量筒,100ML,实验耗材,个,,,,,0,已启用,,,,否,否
1972,综合物资,80015879,量筒,200ML,实验耗材,个,,,,,0,已启用,,,,否,否
1973,综合物资,80015878,量筒,250ML,实验耗材,个,,,,,0,已启用,,,,否,否
1974,综合物资,80015877,量筒,260ML,实验耗材,个,,,,,0,已启用,,,,否,否
1975,综合物资,80015876,烧杯,10ML,实验耗材,个,,,,,0,已启用,,,,否,否
1976,综合物资,80015875,烧杯,50ML,实验耗材,个,,,,,0,已启用,,,,否,否
1977,综合物资,80015874,烧杯,100ML,实验耗材,个,,,,,0,已启用,,,,否,否
1978,综合物资,80015873,烧杯,500ML,实验耗材,个,,,,,0,已启用,,,,否,否
1979,综合物资,80015872,烧杯,2000ML,实验耗材,个,,,,,0,已启用,,,,否,否
1980,综合物资,80015871,锥形瓶,300ML,实验耗材,个,,,,,0,已启用,,,,否,否
1981,综合物资,80015870,锥形瓶,500ML,实验耗材,个,,,,,0,已启用,,,,否,否
1982,综合物资,80015869,无水乙醇,科密欧AR 500毫升/瓶,内部检测,瓶,科密欧,,,,0,已启用,,,16.00,否,否
1983,综合物资,80015868,无水乙醇,500毫升/瓶,实验耗材,瓶,川东化工,,,,0,已启用,,,12.00,否,否
1984,综合物资,80015867,95％酒精,500毫升/瓶,内部检测,瓶,川东化工,,,,0,已启用,,,,否,否
1985,综合物资,80015866,75%酒精（瓶）,500毫升/瓶,内部检测,瓶,贵鑫,,,,0,已启用,,,,否,否
1986,综合物资,80015865,3M防毒面具过滤盒,3M,劳保用品,包,,,,,0,已启用,,,,否,否
1987,综合物资,80015864,异丙醇,,内部检测,瓶,,,,,0,已启用,,,,否,否
1988,综合物资,80015863,甲胺盐酸盐,,内部检测,瓶,,,,,0,已启用,,,,否,否
1989,综合物资,80015862,碳酸氢钠,500g/瓶,内部检测,瓶,,,,,0,已启用,,,,否,否
1990,综合物资,80015861,无水醋酸锌,500g/瓶,内部检测,瓶,,,,,0,已启用,,,,否,否
1991,综合物资,80015860,亚铁氰化钾,500g/瓶,内部检测,瓶,,,,,0,已启用,,,,否,否
1992,综合物资,80015859,铁氰化钾,500g/瓶,内部检测,瓶,,,,,0,已启用,,,,否,否
1993,综合物资,80015858,硫脲,,内部检测,瓶,,,,,0,已启用,,,,否,否
1994,综合物资,80015857,无水硫酸钠,500g/瓶,内部检测,瓶,,,,,0,已启用,,,,否,否
1995,综合物资,80015856,无水碳酸钠, 500g/瓶,内部检测,瓶,,,,,0,已启用,,,,否,否
1996,综合物资,80015855,氯化钾, 500g/瓶,内部检测,瓶,,,,,0,已启用,,,,否,否
1997,综合物资,80015854,氯化钠,500g/瓶,内部检测,瓶,,,,,0,已启用,,,,否,否
1998,综合物资,80015853,丹黄酰氯,,内部检测,瓶,,,,,0,已启用,,,,否,否
1999,综合物资,80015852,聚酰胺粉,,内部检测,盒,,,,,0,已启用,,,,否,否
2000,综合物资,80015851,乙腈,4L/瓶,内部检测,瓶,默克,,,,0,已启用,,,600.00,否,否
2001,综合物资,80015850,甲醇,4L/瓶,内部检测,瓶,默克,,,,0,已启用,,,270.00,否,否
2002,综合物资,80015849,柠檬酸钠（优级纯）,500克/瓶,内部检测,瓶,国药,,,,0,已启用,,,,否,否
2003,综合物资,80015848,柠檬酸,500克/瓶,内部检测,瓶,国药,,,,0,已启用,,,,否,否
2004,综合物资,80015847,氢氧化钠,500克/瓶,内部检测,瓶,,,,,0,已启用,,,,否,否
2005,综合物资,80015846,正乙烷,,内部检测,瓶,,,,,0,已启用,,,,否,否
2006,综合物资,80015845,咖啡因标准品,100mg,实验耗材,瓶,坛墨,,,,0,已启用,,,750.00,否,否
2007,综合物资,80015844,VB12标准品,,内部检测,瓶,,,,,0,已启用,,,,否,否
2008,综合物资,80015843,苯甲酸标准品,200mg,实验耗材,瓶,,,,,0,已启用,,,650.00,否,否
2009,综合物资,80015842,砷标准物质,,内部检测,瓶,,,,,0,已启用,,,,否,否
2010,综合物资,80015841,铅标准物质,,内部检测,瓶,,,,,0,已启用,,,,否,否
2011,综合物资,80015840,胭脂红标准品,5ml/瓶,实验耗材,瓶,,,,,0,已启用,,,135.00,否,否
2012,综合物资,80015839,柠檬黄标准品,,内部检测,瓶,,,,,0,已启用,,,,否,否
2013,综合物资,80015838,烟酰胺标准品,100mg,实验耗材,瓶,中国计量院,,,,0,已启用,,,700.00,否,否
2014,综合物资,80015837,肌醇标准品,200mg,内部检测,瓶,安谱,,,,0,已启用,0.000,,450.00,否,否
2015,综合物资,80015836,盐酸赖氨酸标准品,0.2g/瓶,实验耗材,瓶,,,,,0,已启用,,,750.00,否,否
2016,综合物资,80015835,牛磺酸标准品,100mg,实验耗材,瓶,坛墨,,,,0,已启用,,,350.00,否,否
2017,综合物资,80015834,1-葵烷磺酸钠,,内部检测,瓶,,,,,0,已启用,,,,否,否
2018,综合物资,80015833,乙酸铵,A112057-50克/色谱纯≥99.0%,实验耗材,瓶,阿拉丁,,,,0,已启用,,,75.00,否,否
2019,综合物资,80015832,VB12试剂盒,,内部检测,盒,拜发,,,,0,已启用,,,4160.00,否,否
2020,综合物资,80015831,茚三酮缓冲溶液,1L*2,实验耗材,套,日立,,,,0,已启用,,,1950.00,否,否
2021,综合物资,80015830,茚三酮缓冲溶液,,内部检测,瓶,,,,,0,已启用,,,,否,否
2022,综合物资,80015829,PH-RG（瓶）,1L/瓶,实验耗材,瓶,,,,,0,已启用,,,,否,否
2023,综合物资,80015828,PH-4,1L/桶,内部检测,桶,,,,,0,已启用,,,,否,否
2024,综合物资,80015827,PH-3,1L/桶,内部检测,桶,,,,,0,已启用,,,,否,否
2025,综合物资,80015826,PH-2,1L/桶,内部检测,桶,,,,,0,已启用,,,,否,否
2026,综合物资,80015825,PH-1,1L/桶,内部检测,桶,,,,,0,已启用,,,,否,否
2027,综合物资,80015824,六甲基二硅胺烷, 500g/瓶,内部检测,瓶,,,,,0,已启用,,,,否,否
2028,综合物资,80015823,三甲基氯硅烷,500g/瓶,内部检测,瓶,,,,,0,已启用,,,,否,否
2029,综合物资,80015822,PH-RG（套）,1L×2瓶,实验耗材,套,,,,,0,已启用,,,1590.00,否,否
2030,综合物资,80001435,二甲基甲酰胺,500g/瓶,内部检测,瓶,阿拉丁,,,,0,已启用,0.000,,83.00,否,否
2031,综合物资,80001434,孟加拉和培养基,500g/瓶,内部检测,瓶,,,,,0,已启用,,,,否,否
2032,综合物资,80001433,VRBA培养基,500g/瓶,内部检测,瓶,,,,,0,已启用,,,,否,否
2033,综合物资,80001432,煌绿乳糖胆盐肉汤,500g/瓶,内部检测,瓶,,,,,0,已启用,,,,否,否
2034,综合物资,80001431,LST培养基,500g/瓶,内部检测,瓶,,,,,0,已启用,,,,否,否
2035,综合物资,80001430,TSA培养基,250g/瓶,实验耗材,瓶,奥博星,,,,0,已启用,,,270.00,否,否
2036,综合物资,80001429,M-Endo培养基,500g/瓶,内部检测,瓶,,,,,0,已启用,,,,否,否
2037,综合物资,80001428,MEA培养基,500g/瓶,内部检测,瓶,,,,,0,已启用,,,,否,否
2038,综合物资,80001427,PCA培养基,500g/瓶,内部检测,瓶,,,,,0,已启用,,,,否,否
2039,综合物资,80001426,无水硫酸钠,500g/瓶,实验耗材,瓶,,,,,0,已启用,,,,否,否
2040,综合物资,80001425,氯化钠,500g/瓶,内部检测,瓶,,,,,0,已启用,,,,否,否
2041,综合物资,80001424,色带,黑,办公用具、费用化资产,个,,,,,0,已启用,,,,否,否
2042,综合物资,80001423,色带,红,办公用具、费用化资产,个,,,,,0,已启用,,,,否,否
2043,综合物资,80001422,色带,白,办公用具、费用化资产,个,,,,,0,已启用,,,,否,否
2044,综合物资,80001421,打标纸,银,办公用具、费用化资产,卷,,,,,0,已启用,,,,否,否
2045,综合物资,80001420,打标纸,白,办公用具、费用化资产,卷,,,,,0,已启用,,,,否,否
2046,综合物资,80001419,打标纸,黄,办公用具、费用化资产,卷,,,,,0,已启用,,,,否,否
2047,综合物资,80001418,打标纸,蓝,办公用具、费用化资产,卷,,,,,0,已启用,,,,否,否
2048,综合物资,80001417,快干印台,蓝,办公用具、费用化资产,台,,,,,0,已启用,,,,否,否
2049,综合物资,80001416,快干印台,红,办公耗材,台,,,,,0,已启用,,,,否,否
2050,综合物资,6973726145420,得力72655_A4书写垫板(混)(个),72655,办公耗材,个,得力,,,,0,已启用,,,,否,否
2051,综合物资,6921734936929,鼠标垫,3692（20*25）,办公耗材,张,得力,,,,0,已启用,,,9.80,否,否
2052,综合物资,80001413,计时电子钟,,办公耗材,个,,,,,0,已启用,,,,否,否
2053,综合物资,80001412,倍量两槽充电器,,办公耗材,个,,,,,0,已启用,,,,否,否
2054,综合物资,80001411,30CM钢尺,,办公耗材,把,,,,,0,已启用,,,,否,否
2055,综合物资,80001410,扭扣碱性电池,,办公耗材,节,,,,,0,已启用,,,,否,否
2056,综合物资,80001409,GP超霸（3V）,3V,办公耗材,节,,,,,0,已启用,,,0.00,否,否
2057,综合物资,80001408,GP超霸（停用）,9V,办公耗材,节,,,,,0,已停用,,,0.00,否,否
2058,综合物资,80001407,南孚电池,7号,办公耗材,节,,,,,0,已启用,,,,否,否
2059,综合物资,80001406,5号电池,5号,办公耗材,节,南孚,,,,0,已启用,,,2.50,否,否
2060,综合物资,80001405,12色可洗水彩笔,,办公耗材,盒,得力,,,,0,已启用,,,,否,否
2061,综合物资,80001404,物品领用通知单,,办公耗材,本,,,,,0,已启用,,,,否,否
2062,综合物资,80001403,停机通知单,,办公耗材,本,,,,,0,已启用,,,,否,否
2063,综合物资,80001402,成品发货通知单,,办公耗材,本,,,,,0,已启用,,,,否,否
2064,综合物资,80001401,原材料使用通知单,,办公耗材,本,,,,,0,已启用,,,,否,否
2065,综合物资,80001400,不合格品退库单,,办公耗材,本,,,,,0,已启用,,,,否,否
2066,综合物资,80001399,隔离单,,办公耗材,本,,,,,0,已启用,,,,否,否
2067,综合物资,80001398,12色可洗水彩笔,,办公耗材,支,得力,,,,0,已启用,,,,否,否
2068,综合物资,80001397,小料盒,,办公耗材,盒,,,,,0,已启用,,,,否,否
2069,综合物资,80001396,丁腈工业手套,,内部检测,双,,,,,0,已启用,,,,否,否
2070,综合物资,6972286920096,南洋通达牛津乳胶手套,1双/对,清洁用品,双,南洋通达,,,,0,已启用,,,,否,否
2071,综合物资,80001394,订书针,0012,办公耗材,盒,得力,,,,0,已启用,,,2.00,否,否
2072,综合物资,80001393,挂钩,,办公耗材,片,,,,,0,已启用,,,,否,否
2073,综合物资,80001392,彩色长尾票夹,6#15mm,办公耗材,盒,得力,,,,0,已启用,,,,否,否
2074,综合物资,80001391,挂钩,,办公耗材,个,,,,,0,已启用,,,,否,否
2075,综合物资,80001390,彩色长尾票夹,4#25mm,办公耗材,盒,得力,,,,0,已启用,,,,否,否
2076,综合物资,80001389,彩色长尾票夹,1#50mm,办公耗材,盒,得力,,,,0,已启用,,,,否,否
2077,综合物资,80001388,胶带,,办公耗材,卷,,红,,,0,已启用,,,,否,否
2078,综合物资,80001387,胶带,,办公耗材,卷,,蓝,,,0,已启用,,,,否,否
2079,综合物资,80001386,胶带宽,,办公耗材,卷,,蓝,,,0,已启用,,,,否,否
2080,综合物资,80001385,胶带,,办公耗材,卷,,黄,,,0,已启用,,,,否,否
2081,综合物资,80001384,胶带,,办公耗材,卷,,黄黑,,,0,已启用,,,,否,否
2082,综合物资,80001383,封箱胶带,,办公耗材,卷,得力,,,,0,已启用,,,,否,否
2083,综合物资,80001382,自粘性标贴,,办公耗材,本,得力,13*38,,,0,已启用,,,,否,否
2084,综合物资,80001381,复写纸,得力/16KA4纸/9374,办公耗材,本,得力,255*185,,,0,已启用,,,9.80,否,否
2085,综合物资,80001380,复写纸,蓝色,办公耗材,本,得力,185*85,,,0,已启用,,,,否,否
2086,综合物资,80001379,数字号码贴纸,直径1cm/181-360组,办公耗材,组,新美,,,,0,已启用,0.000,,5.00,否,否
2087,综合物资,6935205305046,得力21901不干胶标贴打印纸(白)(包),21901,办公耗材,包,得力,,,,0,已启用,,,,否,否
2088,综合物资,80001377,黑膜,13006-0.45微米,实验耗材,条,,,,,0,已启用,,,,否,否
2089,综合物资,80001376,白膜,11406-0.45微米,实验耗材,条,,,,,0,已启用,,,,否,否
2090,综合物资,80001375,彩色长尾票夹,4#25mm,办公耗材,盒,得力,,,,0,已启用,,,,否,否
2091,综合物资,80001374,彩色长尾票夹,1#55mm,办公耗材,盒,,,,,0,已启用,,,,否,否
2092,综合物资,80001373,彩色长尾票夹,1#55mm,办公耗材,盒,,,,,0,已启用,,,,否,否
2093,综合物资,80001372,铝箔纸,,内部检测,卷,,,,,0,已启用,,,,否,否
2094,综合物资,80001371,衣架,不锈钢,办公耗材,把,,,,,0,已启用,,,2.00,否,否
2095,综合物资,80001370,紫外灯管,,办公耗材,根,,,,,0,已启用,,,,否,否
2096,综合物资,80001369,冬季工鞋,男款/黑白/44码,劳保用品,双,,,,,0,已启用,,,,否,否
2097,综合物资,80001368,夏季工鞋,女款/灰色/37码,劳保用品,双,,,,,0,已启用,,,,否,否
2098,综合物资,80001367,夏季工鞋,女款/灰色/36码,劳保用品,双,,,,,0,已启用,,,,否,否
2099,综合物资,M-623913,棉拖鞋,货号:M-6239/灰色/44-45,劳保用品,双,,,,,0,已启用,,,,否,否
2100,综合物资,80001365,围裙,,劳保用品,件,,,,,0,已启用,,,,否,否
2101,综合物资,6941814405527,【9202竖条凉拖】,白色;240,劳保用品,双,0,,,,0,已启用,,,,否,否
2102,综合物资,80001363,一次性试饮杯,货号：6120,内部检测,箱,,,,,0,已启用,,,,否,否
2103,综合物资,80001362,VB12小白盒,1000个/箱,办公耗材,箱,,,,,0,已启用,,,,否,否
2104,综合物资,80001361,VB12小白盒,2000个/箱,办公耗材,箱,,,,,0,已启用,,,,否,否
2105,综合物资,80001360,文件柜,FQ2614A,办公用品,个,富强/电商专用,,,,0,已启用,,,,否,否
2106,综合物资,80001359,培养皿（大）,120个每箱,内部检测,箱,,,,,0,已启用,,,,否,否
2107,综合物资,80001358,培养皿（小）,144个每箱,内部检测,箱,,,,,0,已启用,,,,否,否
2108,综合物资,6943620582409,HPL824,232*165*69,办公用品,个,乐扣乐扣,,,,0,已启用,,,,否,否
2109,综合物资,6943620581709,HPL817,205*134*69mm,办公用品,个,乐扣乐扣,,,,0,已启用,,,,否,否
2110,综合物资,80001355,碳粉,黑色/80g,办公耗材,瓶,HQWE慧文,,,,0,已启用,,,,否,否
2111,综合物资,80001354,一次性试饮杯（条）,货号：6120,内部检测,条,,,,,0,已启用,,,,否,否
2112,综合物资,80001352,PH4.01（盒）,每盒6瓶,内部检测,盒,,,,,0,已停用,,,,否,否
2113,综合物资,80001351,氯化钾（KCI）盒,3mol/L（每盒6瓶）,内部检测,盒,,,,,0,已启用,,,,否,否
2114,综合物资,80001350,浮游菌检测膜,3微米,内部检测,盒,,,,,0,已启用,,,,否,否
2115,综合物资,220145103,针头滤器,0.2微米,内部检测,盒,,,,,0,已启用,,,,否,否
2116,综合物资,30749312,移液枪,1000ml,办公耗材,把,安捷伦,,,,0,已启用,,,,否,否
2117,综合物资,6942994114315,优质环保碳粉盒,PTH-W1110A/110A带芯片,办公用品,个,宝利通,,,,0,已启用,,,,否,否
2118,综合物资,6902088718683,奥妙深层洁净洗衣液 3X(2.8KG+400G),1套,办公耗材,桶,奥妙,,,,0,已启用,,,,否,否
2119,综合物资,6974352530796,消毒液,5升,实验耗材,桶,滴露,,,,0,已启用,,,265.00,否,否
2120,综合物资,6970107150417,超宝84消毒液3.8L,3.8升,办公耗材,桶,超宝,,,,0,已启用,,,,否,否
2121,综合物资,80001343,洗洁精,净含量：5千克,办公耗材,桶,,,,,0,已启用,,,,否,否
2122,综合物资,6938397020124,拖把,G68,办公耗材,条,宏海亿嘉,,,,0,已启用,,,,否,否
2123,综合物资,80001341,旋转拖把配头,一只装,办公耗材,个,丽清工厂,,,,0,已启用,,,,否,否
2124,综合物资,6972967760034,全新塑料垃圾袋,1包,办公耗材,卷,齐鲁浩大,,,,0,已启用,,,,否,否
2125,综合物资,80001339,PH校准液,7.00，250ml,实验耗材,瓶,梅特勒,,,,0,已启用,,,198.00,否,否
2126,综合物资,80001338,PH校准液,4.01，250ml,实验耗材,瓶,梅特勒,,,,0,已启用,,,198.00,否,否
2127,综合物资,80001337,氯化钾（KCI）瓶,250ml/瓶,内部检测,瓶,,,,,0,已启用,,,,否,否
2128,综合物资,80001336,一次性长条发帽,0.001,一次性用品,包,待定,,,,0,已启用,,,0.01,否,否
2129,综合物资,80001335,无尖双爪钩,,办公用具、费用化资产,把,,,,,0,已启用,,,,否,否
2130,综合物资,80001334,吸水棉头,,办公耗材,个,,,,,0,已启用,,,,否,否
2131,综合物资,80001333,水瓢,塑料,办公耗材,把,,,,,0,已启用,,,5.00,否,否
2132,综合物资,80001295,9针 USB转串口线,,办公用具、费用化资产,条,,,,,0,已启用,,,46.00,否,否
2133,综合物资,123211414,244,,21414,1111,,,,,0,已停用,,,,否,否
2134,综合物资,80001124,测试3,,内部检测,片,,,,,0,已启用,,,,否,否
2135,综合物资,80001123,测试2,,工作服类,米,,,,,0,已启用,,,,否,否
2136,综合物资,80001122,测试1,,办公用品,枚,,,,,0,已启用,,,,否,否
2137,综合物资,80001067,一次性毛巾, /,办公用品,条, /, /,,,0,已启用,,,1.50,否,否
2138,综合物资,80001066,丁晴手套,L,劳保用品,盒,爱马斯,,,,0,已启用,,,85.00,否,否
2139,综合物资,80001065,背心式垃圾袋,,办公耗材,卷,,,,,0,已启用,,,,否,否
2140,综合物资,80001064,一次性发帽,0.001,一次性用品,包,待定,,,,0,已启用,,,0.01,否,否
2141,综合物资,80001063,非灭菌乳胶手套,L,劳保用品,盒,爱马斯,,,,0,已启用,,,56.00,否,否
2142,综合物资,80001062,双强力夹,,办公用品,个,,,,,0,已启用,,,,否,否
2143,综合物资,80001061,水系微孔滤膜,0.45um,实验耗材,盒,奥特,,,,0,已启用,,,95.00,否,否
2144,综合物资,80001060,VB12试剂检测盒,,内部检测,盒,拜发,,,,0,已启用,,,4160.00,否,否
2145,综合物资,80001059,5#自封袋,100个/包,内部检测,包,美翔,,,,0,已启用,,,10.00,否,否
2146,综合物资,80001058,滴露消毒液,5L,内部检测,瓶,滴露,,,,0,已启用,,,265.00,否,否
2147,综合物资,80001057,84US/CM电导仪校准液,250ML,内部检测,瓶,梅特勒,,,,0,已启用,,,380.00,否,否
2148,综合物资,80001056,片碱,25KG,内部检测,袋,,,,,0,已启用,,,175.00,否,否
2149,综合物资,80001055,厨师服短袖,白色,食堂用品,件,待定,,,,0,已启用,,,1.10,否,否
2150,综合物资,80001054,保洁冬季工服,0.001,食堂用品,件,待定,,,,0,已启用,,,66.50,否,否
2151,综合物资,80001053,食堂防滑劳保鞋,0.001,食堂用品,双,待定,,,,0,已启用,,,180.00,否,否
2152,综合物资,80001052,耐力宝一次性手套,0.001,一次性用品,包,耐力宝,,1080,,0,已启用,,,5.00,否,否
2153,综合物资,80001051,食品留样标签,01款切张/书写纸 时分款51*42毫米*1000张/一包,一次性用品,包,待定,,,,0,已启用,,,30.00,否,否
2154,综合物资,80001050,保鲜膜,45cm宽,食堂用品,箱,美厨,,,,0,已启用,,,178.00,否,否
2155,综合物资,80001049,食堂专用洗洁精,25KG/桶,食堂用品,桶,待定,,,,0,已启用,,,96.00,否,否
2156,综合物资,80001048,打火器,0.001,食堂用品,个,天帝,,,,0,已启用,,,12.00,否,否
2157,综合物资,80001047,套袖,,劳保用品,双,,,,,0,已启用,,,5.00,否,否
2158,综合物资,80001046,护目镜,12308,劳保用品,双,3M,,,,0,已启用,,,48.00,否,否
2159,综合物资,80001045,防滑地垫,3*1.2m,食堂用品,块,待定,,,,0,已启用,,,175.00,否,否
2160,综合物资,80001044,熟料丝圈地垫 ,10*2m,劳保用品,卷,,,,,0,已启用,,,1350.00,否,否
2161,综合物资,80001043,防滑地垫PVC镂空疏水地垫,90cm,劳保用品,米,,,,,0,已启用,,,65.00,否,否
2162,综合物资,80001042,防滑垫,38*72cm,劳保用品,块,,,,,0,已启用,,,18.00,否,否
2163,综合物资,80001041,洁净服连体XXL,XXL,劳保用品,件,,,,,0,已启用,,,46.00,否,否
2164,综合物资,80001040,洁净服连体XL,XL,劳保用品,件,,,,,0,已启用,,,46.00,否,否
2165,综合物资,80001039,洁净服连体L,L,劳保用品,件,,,,,0,已启用,0.000,,46.00,否,否
2166,综合物资,80001038,夏季工鞋,,劳保用品,双,多走路,,,,0,已启用,,,109.00,否,否
2167,综合物资,80001037,冬季女工鞋,,劳保用品,双,多走路,,,,0,已启用,,,109.00,否,否
2168,综合物资,80001036,冬季男工鞋,,劳保用品,双,多走路,,,,0,已启用,,,109.00,否,否
2169,综合物资,80001035,皮手套,,劳保用品,双,,叉车使用,,,0,已启用,,,58.50,否,否
2170,综合物资,80001034,手摇削笔刀,0643,办公用具、费用化资产,个,得力,,,,0,已启用,,,15.00,否,否
2171,综合物资,80001033,USB转CONSOLE调试线,FTDI232/3米,办公用具、费用化资产,根,炬信,,,,0,已启用,,,81.00,否,否
2172,综合物资,80001032,iphone15充电线,标准款30W 新USB-C快充线,办公用具、费用化资产,根,倍思,,,,0,已启用,,,39.00,否,否
2173,综合物资,80001031,剪刀,6010,办公用具、费用化资产,把,得力,,,,0,已启用,,,10.00,否,否
2174,综合物资,80001030,水果刀套装,,办公用具、费用化资产,套,,,,,0,已启用,,,19.00,否,否
2175,综合物资,80001029,多功能开壳器,,办公用具、费用化资产,套,,,,,0,已启用,,,52.00,否,否
2176,综合物资,80001028,茶具配件食品级硅胶软管,2米,办公用具、费用化资产,根,,,,,0,已启用,,,17.50,否,否
2177,综合物资,80001027,纯木质国风坚果盒,升级款莲花六角四层,办公用具、费用化资产,组,,,,,0,已启用,,,201.50,否,否
2178,综合物资,80001026,高精度手提电子秤,充电中文款,办公用具、费用化资产,个,千确,,,,0,已启用,,,67.00,否,否
2179,综合物资,80001025,护目镜收纳盒,,办公用具、费用化资产,个,,,,,0,已启用,,,25.00,否,否
2180,综合物资,80001024,小推车,,办公用具、费用化资产,辆,,,,,0,已启用,,,135.00,否,否
2181,综合物资,80001023,家用手提水桶（带盖）,30L,办公用具、费用化资产,个,,,,,0,已启用,,,35.00,否,否
2182,综合物资,80001022,高压清洗机水管,15米,办公用具、费用化资产,根,欧洁,,,,0,已启用,,,570.00,否,否
2183,综合物资,80001021,高压清洗机喷枪,,办公用具、费用化资产,把,欧洁,,,,0,已启用,,,360.00,否,否
2184,综合物资,80001020,保鲜盒,1600ml,办公用具、费用化资产,个,乐扣乐扣,,,,0,已启用,,,56.00,否,否
2185,综合物资,80001019,保鲜盒,1000ml,办公用具、费用化资产,个,乐扣乐扣,,,,0,已启用,,,45.00,否,否
2186,综合物资,80001018,垃圾桶,带压圈,办公用具、费用化资产,个,,,,,0,已启用,,,8.00,否,否
2187,综合物资,80001017,枕头,,办公耗材,个,,,,,0,已启用,,,20.00,否,否
2188,综合物资,80001016,棉被,,办公耗材,床,,冬季,,,0,已启用,,,168.00,否,否
2189,综合物资,80001015,棉絮,,办公耗材,床,,冬季,,,0,已启用,,,78.00,否,否
2190,综合物资,80001014,床上三件套,枕头套、被单、被套,办公耗材,套,,冬季,,,0,已启用,,,243.00,否,否
2191,综合物资,80001013,一次性纸杯,NO.9560,办公耗材,包,得力,,,,0,已启用,,,9.80,否,否
2192,综合物资,80001012,尘推布,60cm,办公耗材,条,,,,,0,已启用,,,15.50,否,否
2193,综合物资,80001011,垃圾袋,45CM*50CM/100只,办公耗材,包,恒洁净,,,,0,已启用,,,35.00,否,否
2194,综合物资,80001010,超霸超性能碳性电池,9V ,办公耗材,块,超霸,,,,0,已启用,,,4.00,否,否
2195,综合物资,80001009,桶装水,18L,办公耗材,桶,北极熊,,,,0,已启用,,,15.00,否,否
2196,综合物资,80001008,桶装水,18L,办公耗材,桶,贵州泉,,,,0,已启用,,,14.00,否,否
2197,综合物资,80001007,久协环氧底漆,20KG,办公耗材,组,久协,,,,0,已启用,,,390.00,否,否
2198,综合物资,80001006,友生环氧稀料,14KG,办公耗材,桶,友生,,,,0,已启用,,,175.00,否,否
2199,综合物资,80001005,七彩佳氟碳漆,20KG,办公耗材,组,七彩佳,,,,0,已启用,,,779.00,否,否
2200,综合物资,80001004,扳手拧盖器,,办公耗材,个,,,,,0,已启用,,,16.00,否,否
2201,综合物资,80001003,马桶刷,带底座,办公耗材,套,,,,,0,已启用,,,15.00,否,否
2202,综合物资,80001002,档案盒,5683 （A4-55mm),办公耗材,个,得力,,,,0,已启用,,,8.50,否,否
2203,综合物资,80001001,票夹,9531  145mm,办公耗材,个,得力,,,,0,已启用,,,5.50,否,否
2204,综合物资,80001000,扫把,普通款/塑料,办公耗材,把,,,,,0,已启用,,,8.00,否,否
2205,综合物资,80000999,5s设备定置标识带地贴标示带（黑黄）警示胶带,黑黄48mm宽*33米,办公耗材,卷,顺兴旺,,,,0,已启用,,,12.80,否,否
2206,综合物资,80000998,硒鼓,pth-388a,办公耗材,个,宝利通,,,,0,已启用,,,85.00,否,否
2207,综合物资,80000997,小号垃圾袋,30*50（35/捆）,办公耗材,捆,,,,,0,已启用,,,6.00,否,否
2208,综合物资,80000996,透明胶带（小）,30015,办公耗材,卷,得力,,,,0,已启用,,,,否,否
2209,综合物资,80000995,数字号码贴纸,直径1cm/1-180组,办公耗材,组,新美,,,,0,已启用,,,5.00,否,否
2210,综合物资,80000994,不干胶打印纸,标准A4哑光不干胶纸--适用喷墨打印机 80张/包,办公耗材,包,得力,,,,0,已启用,,,18.80,否,否
2211,综合物资,80000993,叉车示廓灯,红色一字,办公耗材,套,,,,,0,已启用,,,,否,否
2212,综合物资,80000992,座椅,,办公耗材,套,,,,,0,已启用,,,1680.00,否,否
2213,综合物资,80000991,活塞杆销套,,办公耗材,个,,,,,0,已启用,,,410.00,否,否
2214,综合物资,80000990,拉杆销套,,叉车备件,个,海特力,叉车备件,,,0,已启用,,,,否,否
2215,综合物资,80000989,拉杆销,,叉车备件,个,海特力,叉车备件,,,0,已启用,,,,否,否
2216,综合物资,80000988,转向拉杆,,叉车备件,个,海特力,叉车备件,,,0,已启用,,,,否,否
2217,综合物资,80000987,A4打印纸（箱）,得力木尚 8包/箱,办公耗材,箱,得力,,,,0,已启用,,,175.00,否,否
2218,综合物资,80000986,白板笔,6823,办公耗材,盒,,,,,0,已启用,,,19.00,否,否
2219,综合物资,80000985,记号笔,6823,办公耗材,盒,得力,,,,0,已启用,,,19.00,否,否
2220,综合物资,80000984,稀释剂,18kg,办公耗材,桶,,,,,0,已启用,,,145.00,否,否
2221,综合物资,80000983,油布,18kg,办公耗材,桶,,,,,0,已启用,,,68.00,否,否
2222,综合物资,80000982,黄漆,16KG,办公耗材,桶,,地面标识,,,0,已启用,,,195.00,否,否
2223,综合物资,80000981,白漆,16KG,办公耗材,桶,,地面标识,,,0,已启用,,,195.00,否,否
2224,综合物资,80000980,砂纸,3000目,办公耗材,张,,,,,0,已启用,,,3.50,否,否
2225,综合物资,80000979,原子灰固化剂,800g/通用型,办公耗材,瓶,,,,,0,已启用,,,10.00,否,否
2226,综合物资,80000978,原子灰,1.5kg,办公耗材,桶,古乐居,,,,0,已启用,,,52.00,否,否
2227,综合物资,80000977,汽车套筒电动工具,,办公耗材,套,普佩斯,,,,0,已启用,,,420.00,否,否
2228,综合物资,80000976,叉车黄油嘴,,办公耗材,根,,,,,0,已启用,,,1.00,否,否
2229,综合物资,80000975,腻子刀刮工具3件套,,办公耗材,套,,,,,0,已启用,,,25.00,否,否
2230,综合物资,80000974,毛刷,11号,办公耗材,把,,,,,0,已启用,,,8.00,否,否
2231,综合物资,80000973,毛刷,8号,办公耗材,把,,,,,0,已启用,,,6.00,否,否
2232,综合物资,80000972,毛刷,3号,办公耗材,把,,,,,0,已启用,,,4.00,否,否
2233,综合物资,80000971,木工羊角锤,8两,办公耗材,把,,,,,0,已启用,,,35.00,否,否
2234,综合物资,80000970,叉车清洗剂,400ml,办公耗材,瓶,仕马,,,,0,已启用,,,32.08,否,否
2235,综合物资,80000969,螺母,5.5,办公耗材,颗,,叉车使用,,,0,已启用,,,1.00,否,否
2236,综合物资,80000968,叉车润滑油,15kg,办公耗材,桶,美弗威霸,叉车使用,,,0,已启用,,,198.00,否,否
2237,综合物资,80000967,黑漆,18kg自调,办公耗材,桶,,叉车使用,,,0,已启用,,,395.00,否,否
2238,综合物资,80000966,黄漆,18kg自调,办公耗材,桶,,叉车使用,,,0,已启用,,,395.00,否,否
2239,综合物资,80000965,一次性发帽,手工35克 50个/包,一次性用品,包,待定,,,,0,已启用,0.000,,35.00,否,否
2240,综合物资,80000964,油性静电吸尘剂,3.78L,办公耗材,瓶,白云洁霸,,,,0,已启用,,,69.00,否,否
2241,综合物资,80000963,针式打印机色带,S015290,办公耗材,盒,爱普生/EPSON,,,,0,已启用,,,45.00,否,否
2242,综合物资,80000962,会计凭证盒,,办公耗材,个,,,,,0,已启用,,,1.49,否,否
2243,综合物资,80000961,透明胶,,办公耗材,卷,,,,,0,已启用,,,,否,否
2244,综合物资,80000959,二氧化氯,AB组/2KG,内部检测,组,秀霸,,,,0,已启用,,,,否,否
2245,综合物资,80000958,2023年款升级台历,,办公耗材,本,集团定制,,,,0,已启用,,,,否,否
2246,综合物资,80000957,2023年普通款台历,,办公耗材,本,集团定制,,,,0,已启用,,,,否,否
2247,综合物资,80000956,2023年款蓝色笔记本,,办公用品,本,集团,,,,0,已启用,,,,否,否
2248,综合物资,80000955,2023年款橙色笔记本,,办公用品,本,集团,,,,0,已启用,,,,否,否
2249,综合物资,80000954,红绸带,卷,办公耗材,卷,,开业购买包装物品,,,0,已启用,,,,否,否
2250,综合物资,80000953,反光腰带,均码/条,劳保用品,条,定制版,,,,0,已启用,,,15.00,否,否
2251,综合物资,80000952,反光马甲,均码/件,劳保用品,件,定制版,,,,0,已启用,,,25.00,否,否
2252,综合物资,80000951,亚克力板,,办公用具、费用化资产,块,,,,,0,已启用,,,,否,否
2253,综合物资,80000950,防砸鞋42码,,劳保用品,双,,,,,0,已启用,,,,否,否
2254,综合物资,80000949,防砸鞋41码,,劳保用品,双,,,,,0,已启用,,,,否,否
2255,综合物资,80000948,防砸鞋40码,,劳保用品,双,,,,,0,已启用,,,,否,否
2256,综合物资,80000947,蓝色大褂,6XL,劳保用品,件,,,,,0,已启用,,,46.00,否,否
2257,综合物资,80000946,黄色大褂（不连体）,,劳保用品,件,,,,,0,已启用,,,,否,否
2258,综合物资,80000945,防砸鞋39码,,劳保用品,双,,,,,0,已启用,,,,否,否
2259,综合物资,80000944,加绒手套,,劳保用品,双,,,,,0,已启用,,,20.00,否,否
2260,综合物资,80000943,耐高温手套,16-650,劳保用品,双,安思尔,,,,0,已启用,0.000,,48.00,否,否
2261,综合物资,80000942,帆布防冻手套,,劳保用品,双,,,,,0,已启用,,,,否,否
2262,综合物资,80000941,荧光笔,橙色,办公用品,盒,得力,,,,0,已启用,,,,否,否
2263,综合物资,80000940,罐体车模/2016-罐体变形车模/2015（个）,,集团促进物,个,,,,,0,已启用,,,,否,否
2264,综合物资,80000939,红色手提篮,,通用类,个,,,,,0,已启用,,,,否,否
2265,综合物资,80000938,应急灯,,消防物资类,个,,,,,0,已启用,,,,否,否
2266,综合物资,80000937,灭火器箱,,消防物资类,个,,,,,0,已启用,,,,否,否
2267,综合物资,80000936,滚刷,10CM,通用类,把,,,,,0,已启用,,,,否,否
2268,综合物资,80000935,毛刷,3寸,通用类,把,,,,,0,已启用,,,,否,否
2269,综合物资,80000934,插线板,无,通用类,个,公牛,,,,0,已启用,,,,否,否
2270,综合物资,80000933,尘推拖把替换布,40CM,办公耗材,把,,,,,0,已启用,,,39.00,否,否
2271,综合物资,80000932,尘推,60CM,办公耗材,把,,,,,0,已启用,,,39.00,否,否
2272,综合物资,80000931,防尘口罩,50个/包,劳保用品,个,,,,,0,已启用,,,,否,否
2273,综合物资,80000930,2023年文化衫,（红色）,集团促进物,件,,,,,0,已启用,,,,否,否
2274,综合物资,80000929,红酒放置箱,,办公用具、费用化资产,个,,,,,0,已启用,,,,否,否
2275,综合物资,80000928,擦手纸放置盒,,办公耗材,个,,,,,0,已启用,,,,否,否
2276,综合物资,80000927,车载皮质抽纸盒,,办公耗材,个,,,,,0,已启用,,,,否,否
2277,综合物资,80000926,竹叶纹特种纸,,办公耗材,包,,,,,0,已启用,,,,否,否
2278,综合物资,6935205383792,得力7757彩色复印纸-A4-80g-25包(浅红)(包),7757,办公耗材,包,得力,,,,0,已启用,,,,否,否
2279,综合物资,6935205383853,得力7758彩色复印纸-A4-80g-25包(红)(包),7758,办公耗材,包,得力,,,,0,已启用,,,,否,否
2280,综合物资,6935205348685,得力Z7503木尚复印纸A4-70g-8包(白色)(箱),Z7503,办公耗材,箱,得力,,,,0,已启用,,,,否,否
2281,综合物资,80000922,白板笔,6817（黑色）,办公耗材,盒,得力,,,,0,已启用,,,15.00,否,否
2282,综合物资,80000921,得力思达6817优逸白板笔(红)(支),No.6817,办公用品,支,,,,,0,已启用,,,,否,否
2283,综合物资,80000920,绿色英文纸袋,,办公用品,个,,,,,0,已启用,,,,否,否
2284,综合物资,80000919,彩虹7号电池（粒）,,办公耗材,粒,ZMI,,,,0,已启用,,,,否,否
2285,综合物资,80000918,5号电池（停用）,,办公耗材,粒,ZI5,,,,0,已启用,,,2.50,否,否
2286,综合物资,80000917,硒鼓芯片,,办公耗材,颗,格之格,,,,0,已启用,,,,否,否
2287,综合物资,6937015543427,NT-TH311/351C（蓝色碳粉）,75X65X170,办公耗材,瓶,格之格,,,,0,已启用,,,,否,否
2288,综合物资,6937015543267,NT-TH312/352Y（黄色碳粉）,75X65X170,办公耗材,瓶,格之格,,,,0,已启用,,,,否,否
2289,综合物资,6937015543397,NT-TH313/353M（红色碳粉）,75X65X170,办公耗材,瓶,格之格,,,,0,已启用,,,,否,否
2290,综合物资,80000913,亚克力标识标牌,建厂时期定制,办公耗材,块,,卫生间、洁具间、开会中,,,0,已启用,,,,否,否
2291,综合物资,80000912,医药箱,空箱（不可领出）,药品,个,,,,,0,已启用,,,,否,否
2292,综合物资,80000911,集团定制抽纸,,办公耗材,盒,,,,,0,已启用,,,,否,否
2293,综合物资,80000910,水银温度计,,药品,支,,,,,0,已启用,,,,否,否
2294,综合物资,80000909,扬信企管红色本子,,办公用品,本,,,,,0,已启用,,,,否,否
2295,综合物资,6925652718384,弹盖茶渣桶,1838,办公耗材,个,玉利,,,,0,已启用,,,,否,否
2296,综合物资,6913512186596,电热水壶,RS-200-B,办公耗材,个,容声,,,,0,已启用,,,,否,否
2297,综合物资,6934177708329,充电宝,,集团促进物,个,小米/战马定制款,,,,0,已启用,,,,否,否
2298,综合物资,6921734995605,得力9560纸杯(混)(50个/袋)250ml五星纸240g纸+18gPE膜,9560,办公耗材,包,得力,,,,0,已启用,,,,否,否
2299,综合物资,6971115421759,自粘性透明挂钩,10KG承重,办公耗材,个,博舟,,,,0,已启用,,,,否,否
2300,综合物资,80000903,物品领用申请单,,办公耗材,本,基地定制版,,,,0,已启用,,,14.00,否,否
2301,综合物资,80000902,冰袖,白色,通用类,双,,,,,0,已启用,,,,否,否
2302,综合物资,80000901,透明两页夹,5706,办公耗材,个,得力,,,,0,已启用,,,1.00,否,否
2303,综合物资,80000900,防水手机套,,通用类,个,,,,,0,已启用,,,,否,否
2304,综合物资,6959422612282,智能投影仪（J10）,3400克,办公耗材,台,深圳市火乐科技发展有限公司,,,,0,已启用,,,,否,否
2305,综合物资,6922646101153,BULL 公牛 延长线插座,1件 GN-607;(3-3),办公耗材,个,BULL公牛,,,,0,已启用,,,,否,否
2306,综合物资,6924315307705,A4Tech双飞燕KR-85圆角舒防水键盘(USB接口)(黑色),,办公耗材,个,无,,,,0,已启用,,,,否,否
2307,综合物资,6921734937124,3712有线键盘,3712,办公用具、费用化资产,只,得力,,,,0,已启用,0.000,,,否,否
2308,综合物资,6949336013060,双飞燕针光截屏鼠,1个,办公耗材,个,双飞燕,,,,0,已启用,,,,否,否
2309,综合物资,6974698510223,虎啸青山手提画稿袋8K白,8K-磨砂白,办公耗材,个,虎啸青山TIGERS ROAR,,,,0,已启用,,,,否,否
2310,综合物资,6921734950024,得力5002_20页资料册(蓝)(本),5002,办公耗材,本,得力,,,,0,已启用,,,,否,否
2311,综合物资,6921734954817,得力5481经济型快劳夹(黑)(只),5481,办公耗材,只,得力,,,,0,已启用,,,,否,否
2312,综合物资,6935205383969,网格拉链袋,5654 透明,办公耗材,个,得力,,,,0,已启用,,,3.60,否,否
2313,综合物资,6921734907479,得力8302文件袋(透明),8302,办公耗材,个,得力,,,,0,已启用,,,,否,否
2314,综合物资,6921734956835,得力5683档案盒(蓝)(只),5683,办公耗材,只,得力,,,,0,已启用,,,,否,否
2315,综合物资,6921734956026,档案盒,5602（A4-35mm),办公耗材,个,得力,,,,0,已启用,,,12.00,否,否
2316,综合物资,80000887,端午小香包,,活动物资,个,,,,,0,已启用,,,,否,否
2317,综合物资,80000886,双夹A4垫板（可装A3）,,办公用具、费用化资产,个,,,,,0,已启用,,,7.80,否,否
2318,综合物资,80000885,5S定位胶带（透明）,,办公耗材,个,,,,,0,已启用,,,,否,否
2319,综合物资,80000884,双面胶带（白色）,,办公用品,卷,,行政办公使用,,,0,已启用,,,,否,否
2320,综合物资,6921734968241,小双头记号笔（黑色）,No.6824,办公用品,支,,,,,0,已启用,,,,否,否
2321,综合物资,80000882,DPD1,,通用类,张,,,,,0,已启用,,,,否,否
2322,综合物资,80000881,胶带,红色,通用类,卷,,,,,0,已启用,,,,否,否
2323,综合物资,80000880,胶带,蓝色,通用类,卷,,,,,0,已启用,,,,否,否
2324,综合物资,80000879,胶带,黄色,通用类,卷,,,,,0,已启用,,,,否,否
2325,综合物资,80000878,胶带,黑黄,通用类,卷,,,,,0,已启用,,,,否,否
2326,综合物资,80000877,小透明胶,,通用类,卷,,,,,0,已启用,,,,否,否
2327,综合物资,80000876,大透明胶,,通用类,卷,,,,,0,已启用,,,,否,否
2328,综合物资,80000875,固体胶,,通用类,个,,,,,0,已启用,,,,否,否
2329,综合物资,80000874,便利贴,7151,通用类,包,得力,,,,0,已启用,,,9.80,否,否
2330,综合物资,80000873,耳塞,,通用类,双,,,,,0,已启用,,,,否,否
2331,综合物资,80000872,工业乳胶手套,大码,食堂用品,双,南洋,,1095,,0,已启用,,,10.00,否,否
2332,综合物资,80000871,5S定位单,,通用类,个,,,,,0,已启用,,,,否,否
2333,综合物资,80000870,物品领用单,,通用类,个,,,,,0,已启用,,,,否,否
2334,综合物资,80000869,停机通知单,,通用类,个,,,,,0,已启用,,,,否,否
2335,综合物资,80000868,成品发货通知单,,通用类,个,,,,,0,已启用,,,,否,否
2336,综合物资,80000867,原材料使用通知单,,通用类,个,,,,,0,已启用,,,,否,否
2337,综合物资,80000866,不合格退库单,,通用类,个,,,,,0,已启用,,,,否,否
2338,综合物资,80000865,隔离单,,通用类,个,,,,,0,已启用,,,,否,否
2339,综合物资,80000864,色带,黑色,通用类,个,,,,,0,已启用,,,,否,否
2340,综合物资,80000863,色带,白色,通用类,个,,,,,0,已启用,,,,否,否
2341,综合物资,80000862,打标纸,银色,通用类,卷,,,,,0,已启用,,,,否,否
2342,综合物资,80000861,打标纸,白色,通用类,卷,,,,,0,已启用,,,,否,否
2343,综合物资,80000860,打标纸,蓝色,通用类,卷,,,,,0,已启用,,,,否,否
2344,综合物资,80000859,打标纸,黄色,通用类,卷,,,,,0,已启用,,,,否,否
2345,综合物资,80000858,出库单,9391,办公耗材,本,得力,,,,0,已启用,,,2.00,否,否
2346,综合物资,80000857,得力票夹,,通用类,个,,,,,0,已启用,,,,否,否
2347,综合物资,80000856,刀片,2016 每盒10片,办公耗材,盒,得力,,,,0,已启用,,,16.00,否,否
2348,综合物资,80000855,弹簧,,通用类,个,,,,,0,已启用,,,,否,否
2349,综合物资,80000854,多功能笔筒,,通用类,个,,,,,0,已启用,,,,否,否
2350,综合物资,80000853,快干印台,蓝,通用类,个,,,,,0,已启用,,,,否,否
2351,综合物资,80000852,快干印台,红,通用类,个,,,,,0,已启用,,,,否,否
2352,综合物资,80000851,电子钟,,通用类,个,,,,,0,已启用,,,,否,否
2353,综合物资,80000850,钢尺,30CM,通用类,把,,,,,0,已启用,,,,否,否
2354,综合物资,80000849,充电槽,,通用类,个,,,,,0,已启用,,,,否,否
2355,综合物资,80000848,南孚电池,7号,通用类,个,,,,,0,已启用,,,,否,否
2356,综合物资,80000847,南孚电池,5号,通用类,个,,,,,0,已启用,,,,否,否
2357,综合物资,80000846,纽扣碱性电池,,通用类,个,,,,,0,已启用,,,,否,否
2358,综合物资,80000843,白板磁铁,,通用类,个,,,,,0,已启用,,,,否,否
2359,综合物资,80000842,白板擦,,通用类,个,,,,,0,已启用,,,,否,否
2360,综合物资,80000841,12色水彩笔,7065,办公耗材,盒,得力,,,,0,已启用,,,8.00,否,否
2361,综合物资,80000840,铅笔,,通用类,支,,,,,0,已启用,,,,否,否
2362,综合物资,80000839,白板笔,,通用类,支,,,,,0,已启用,,,,否,否
2363,综合物资,80000838,中性笔红,,通用类,支,,,,,0,已启用,,,,否,否
2364,综合物资,80000837,中性笔黑,,通用类,支,,,,,0,已启用,,,,否,否
2365,综合物资,80000836,笔芯,0.35,办公耗材,盒,,,,,0,已启用,,,25.00,否,否
2366,综合物资,80000835,笔芯,S221,办公耗材,盒,得力,,,,0,已启用,,,30.00,否,否
2367,综合物资,80000834,橡胶托柄笔,,通用类,支,,,,,0,已启用,,,,否,否
2368,综合物资,80000833,垃圾桶（大）,120L,办公用具、费用化资产,个,,,,,0,已启用,,,,否,否
2369,综合物资,80000832,橡胶手套,均码,劳保用品,双,南洋,,1095,,0,已启用,,,10.00,否,否
2370,综合物资,80000831,一次性毛巾,35*75白色,办公耗材,条,,,,,0,已启用,,,1.50,否,否
2371,综合物资,80000830,蓝色标签纸,,办公耗材,包,得力,201/蓝色,,,0,已启用,,,,否,否
2372,综合物资,80000829,四联文件架框,78988,办公耗材,个,得力,,,,0,已启用,,,105.00,否,否
2373,综合物资,80000828,防砸帽,,劳保用品,个,,,,,0,已启用,,,,否,否
2374,综合物资,80000827,反光带,,劳保用品,条,,,,,0,已启用,,,,否,否
2375,综合物资,80000826,纱线拖把,,办公耗材,把,,,,,0,已启用,,,10.00,否,否
2376,综合物资,80000825,扫把撮箕,套,清洁用品,套,德利洁,,,,0,已启用,,,,否,否
2377,综合物资,80000824,档案盒,5623ES,办公耗材,个,得力,,,,0,已启用,,,,否,否
2378,综合物资,80000823,擦机布,30mm*30mm,办公耗材,袋,,,,,0,已启用,,,525.00,否,否
2379,综合物资,80000822,地刷,,办公耗材,把,,,,,0,已启用,,,,否,否
2380,综合物资,80000821,便签贴,7154,办公耗材,包,得力,,,,0,已启用,,,8.50,否,否
2381,综合物资,80000820,剪刀,6001,办公耗材,把,,,,,0,已启用,,,8.00,否,否
2382,综合物资,80000819,美工刀片,,办公耗材,卷,,,,,0,已启用,,,,否,否
2383,综合物资,80000818,蓝色定位胶带（小）,,办公耗材,卷,,,,,0,已启用,,,,否,否
2384,综合物资,80000817,打标机纸（透明）,,办公耗材,卷 ,,,,,0,已启用,,,,否,否
2385,综合物资,80000816,色带（黄色）,SL-TR01D-C,办公耗材,盒,,,,,0,已启用,,,318.00,否,否
2386,综合物资,80000815,粘贴粘钩,,办公耗材,个,,,,,0,已启用,,,,否,否
2387,综合物资,80000814,泡沫双面胶,,办公耗材,卷,,,,,0,已启用,,,,否,否
2388,综合物资,80000813,双面胶,30400,办公耗材,卷,得力,,,,0,已启用,,,1.00,否,否
2389,综合物资,80000812,装订线,,办公耗材,卷,,,,,0,已启用,,,,否,否
2390,综合物资,80000811,南孚电池5号,,办公耗材,粒,南孚,,,,0,已启用,,,,否,否
2391,综合物资,6925189428886,工业牛筋手套,小码,劳保用品,双,鸿顺南洋,耐酸碱/加厚,,,0,已启用,,,,否,否
2392,综合物资,80000809,小双头记号笔,红色,办公用品,支,,,,,0,已启用,,,,否,否
2393,综合物资,80000808,小双头记号笔,6824 黑色,办公耗材,盒,得力,,,,0,已启用,,,15.00,否,否
2394,综合物资,80000807,书写垫板,,通用类,张,,,,,0,已启用,,,,否,否
2395,综合物资,80000805,孟加拉红,,通用类,瓶,,,,,0,已启用,,,,否,否
2396,综合物资,80000804,TSA,,通用类,瓶,,,,,0,已启用,,,,否,否
2397,综合物资,80000803,煌绿乳糖胆盐肉汤,,通用类,瓶,,,,,0,已启用,,,,否,否
2398,综合物资,80000799,无水硫酸钠,,通用类,瓶,,,,,0,已启用,,,,否,否
2399,综合物资,80000798,氯化钠,,通用类,瓶,,,,,0,已启用,,,,否,否
2400,综合物资,80000797,小白桶,2.5斤,通用类,个,,,,,0,已启用,,,,否,否
2401,综合物资,80000796,氮气,,实验耗材,瓶,,,,,0,已启用,,,120.00,否,否
2402,综合物资,80000795,氩气,,实验耗材,瓶,,,,,0,已启用,,,130.00,否,否
2403,综合物资,80000794,A4打印纸（包）,得力木尚,办公耗材,包,得力,,,,0,已启用,,,,否,否
2404,综合物资,80000793,一次性大培养皿,,通用类,包,,,,,0,已启用,,,,否,否
2405,综合物资,80000792,一次性小培养皿,,通用类,箱,,,,,0,已启用,,,,否,否
2406,综合物资,80000791,大培养皿,,通用类,个,,,,,0,已启用,,,,否,否
2407,综合物资,80000790,小培养皿,,通用类,个,,,,,0,已启用,,,,否,否
2408,综合物资,80000789,KCL溶液,3mol/L,实验耗材,瓶,梅特勒,,,,0,已启用,,,,否,否
2409,综合物资,80000787,PH4.01,,通用类,瓶,,,,,0,已停用,,,,否,否
2410,综合物资,80000786,碳粉,CRG057,办公耗材,盒,京呈,,,,0,已启用,,,55.00,否,否
2411,综合物资,80000785,大垃圾袋,100CM-120CM,办公耗材,条,,,,,0,已启用,,,53.00,否,否
2412,综合物资,80000784,小垃圾袋,,通用类,卷,,,,,0,已启用,,,,否,否
2413,综合物资,80000783,碳粉,80g,办公耗材,瓶,佳慧,,,,0,已启用,,,12.00,否,否
2414,综合物资,80000782,洗衣液,,通用类,瓶,,,,,0,已启用,,,,否,否
2415,综合物资,80000781,滴露,,通用类,瓶,,,,,0,已启用,,,,否,否
2416,综合物资,80000780,衣架,,通用类,个,,,,,0,已启用,,,,否,否
2417,综合物资,80000779,布围裙,,食堂用品,件,,,,,0,已启用,0.000,,23.00,否,否
2418,综合物资,80000777,抽纸,,通用类,包,,,,,0,已启用,,,,否,否
2419,综合物资,80000776,鼠标垫,,通用类,个,,,,,0,已启用,,,,否,否
2420,综合物资,80000775,复写纸,,通用类,张,,,,,0,已启用,,,,否,否
2421,综合物资,80000774,小料盒,,通用类,个,,,,,0,已启用,,,,否,否
2422,综合物资,80000773,小米移动充电宝,,通用类,个,,,,,0,已启用,,,,否,否
2423,综合物资,80000772,胶布底座,,通用类,个,,,,,0,已启用,,,,否,否
2424,综合物资,80000771,挂钩,,通用类,个,,,,,0,已启用,,,,否,否
2425,综合物资,80000770,自粘性标贴,,通用类,张,,,,,0,已启用,,,,否,否
2426,综合物资,80000769,白膜,11406-0.45微米,通用类,盒,赛多利斯,,,,0,已启用,,,247.00,否,否
2427,综合物资,80000768,黑膜,13006-0.45微米,通用类,盒,赛多利斯,,,,0,已启用,,,247.00,否,否
2428,综合物资,80000767,工业酒精,4L,通用类,桶,,,,,0,已启用,,,,否,否
2429,综合物资,80000766,VB12小白盒,30*15mm,内部检测,个,,,,,0,已启用,,,0.35,否,否
2430,综合物资,80000765,自封袋,8号,通用类,包,,,,,0,已启用,,,,否,否
2431,综合物资,80000764,自封袋,5号,通用类,包,,,,,0,已启用,,,,否,否
2432,综合物资,80000763,自封袋,13号,通用类,个,,,,,0,已启用,,,,否,否
2433,综合物资,80000762,洁净鞋,,通用类,双,,,,,0,已启用,,,,否,否
2434,综合物资,80000761,反光衣,,通用类,件,泰安,,,,0,已启用,,,20.00,否,否
2435,综合物资,80000760,棉拖鞋,,通用类,双,,,,,0,已启用,,,,否,否
2436,综合物资,80000759,工鞋,,通用类,双,,,,,0,已启用,,,,否,否
2437,综合物资,80000758,凉拖鞋,,通用类,双,,,,,0,已启用,,,,否,否
2438,综合物资,80000757,裤子,,通用类,条,,,,,0,已启用,,,,否,否
2439,综合物资,80000756,帽子,,通用类,个,,,,,0,已启用,,,,否,否
2440,综合物资,80000755,文化衫,,通用类,件,,,,,0,已启用,,,,否,否
2441,综合物资,80000754,无菌服,,通用类,件,,,,,0,已启用,,,,否,否
2442,综合物资,80000753,实验服,,通用类,件,,,,,0,已启用,,,,否,否
2443,综合物资,80000752,乙醇（高效液相色谱）专用,,通用类,瓶,,,,,0,已启用,,,,否,否
2444,综合物资,80000751,无水乙醇,,通用类,瓶,,,,,0,已启用,,,,否,否
2445,综合物资,80000750,75%酒精（停用）,,通用类,瓶,,,,,0,已停用,,,,否,否
2446,综合物资,80000749,95%乙醇,,通用类,瓶,,,,,0,已启用,,,,否,否
2447,综合物资,80000748,过滤器,0.2μm,通用类,盒,,,,,0,已启用,,,,否,否
2448,综合物资,80000747,B-广范试纸,,通用类,个,,,,,0,已启用,,,,否,否
2449,综合物资,80000746,尖底离心管,50ML,实验耗材,包,,,,,0,已启用,,,,否,否
2450,综合物资,80000745,平底离心管,50ML,通用类,包,,,,,0,已启用,,,,否,否
2451,综合物资,80000744,枪头盒,,备件,个,,,,,0,已启用,,,,否,否
2452,综合物资,80000743,移液枪头,0.2ML,通用类,盒,,,,,0,已启用,,,,否,否
2453,综合物资,80000742,移液枪头,0.2ML,通用类,包,,,,,0,已启用,,,,否,否
2454,综合物资,80000741,移液枪头,1ML,通用类,盒,,,,,0,已启用,,,,否,否
2455,综合物资,80000740,移液枪头,1ML,通用类,包,,,,,0,已启用,,,,否,否
2456,综合物资,80000739,移液枪头,5ML,通用类,包,,,,,0,已启用,,,,否,否
2457,综合物资,80000738,水系过滤器,0.45μm  100个/包,通用类,包,,,,,0,已启用,0.000,,127.00,否,否
2458,综合物资,80000737,EP管,2.0ML,通用类,包,,,,,0,已启用,,,,否,否
2459,综合物资,80000736, 一次性注射器,10ML,实验耗材,盒,锋利,,,,0,已启用,,,115.00,否,否
2460,综合物资,80000735,一次性注射器,10ML,通用类,包,,,,,0,已启用,,,,否,否
2461,综合物资,80000734,一次性注射器,5ML,实验耗材,盒,锋利,,,,0,已启用,,,,否,否
2462,综合物资,80000733,一次性注射器,5ML,通用类,包,,,,,0,已启用,,,,否,否
2463,综合物资,80000732,2.5ml注射器,2.5ML,实验耗材,盒,锋利,,,,0,已启用,,,70.00,否,否
2464,综合物资,80000731,一次性注射器,2ML,实验耗材,盒,锋利,,,,0,已启用,,,78.00,否,否
2465,综合物资,80000730,封口膜,,通用类,盒,,,,,0,已启用,,,,否,否
2466,综合物资,80000729,有机过滤膜,0.45μm,通用类,盒,,,,,0,已启用,,,,否,否
2467,综合物资,80000728,水系过滤膜,0.45μm,通用类,盒,,,,,0,已启用,,,,否,否
2468,综合物资,80000727,定性滤纸,中18cm*100张/盒,内部检测,盒,,,,,0,已启用,,,58.00,否,否
2469,综合物资,80000726,漏斗支架,,备件,盒,,,,,0,已启用,,,,否,否
2470,综合物资,80000725,一次性乳胶手套,已灭菌/S号,一次性用品,盒,待定,,,,0,已启用,,,0.01,否,否
2471,综合物资,80000724,一次性乳胶手套, 已灭菌/M号,一次性用品,盒,待定,,,,0,已启用,,,0.01,否,否
2472,综合物资,80000723,一次性乳胶手套,灭菌/L号,内部检测,盒,爱马斯,品管部使用,,,0,已启用,,,176.00,否,否
2473,综合物资,80000722,一次性乳胶手套,非灭菌,内部检测,盒,爱马斯,品管部使用,,,0,已启用,,,56.00,否,否
2474,综合物资,80000721,一次性乳胶手套,未灭菌/M号,一次性用品,盒,待定,,,,0,已启用,,,0.01,否,否
2475,综合物资,80000720,一次性丁腈手套,S号,劳保用品,盒,爱玛斯,,,,0,已启用,,,85.00,否,否
2476,综合物资,80000719,一次性丁腈手套,M号,劳保用品,盒,爱马斯,,,,0,已启用,,,85.00,否,否
2477,综合物资,80000718,一次性丁腈手套,L号,劳保用品,盒,爱马斯,,,,0,已启用,,,85.00,否,否
2478,综合物资,80000717,防烫手套,0.001,食堂用品,双,待定,,,,0,已启用,,,0.01,否,否
2479,综合物资,80000716,护目镜,,劳保用品,盒,,,,,0,已启用,,,,否,否
2480,综合物资,80000715,纱线手套,,劳保用品,双,,,,,0,已启用,,,,否,否
2481,综合物资,80000714,医用棉签,,通用类,包,,,,,0,已启用,,,,否,否
2482,综合物资,80000713,称量纸,,通用类,包,,,,,0,已启用,,,,否,否
2483,综合物资,80000712,灭菌指示带,,通用类,卷,,,,,0,已启用,,,,否,否
2484,综合物资,80000711,121℃灭菌指示卡,1卷/包,实验耗材,包,,,,,0,已启用,0.000,,38.00,否,否
2485,综合物资,80000710,N95口罩,,通用类,个,,,,,0,已启用,,,,否,否
2486,综合物资,80000709,活性炭口罩,,通用类,个,,,,,0,已启用,,,,否,否
2487,综合物资,80000708,一次性口罩,一箱800只,一次性用品,箱,爱康佳,,,,0,已启用,,,200.00,否,否
2488,综合物资,80000707, 海氏海诺一次性医用口罩,50只/盒,内部检测,盒, 海氏海诺,,,,0,已启用,,,29.80,否,否
2489,综合物资,80000706,擦镜纸,,通用类,盒,,,,,0,已启用,,,,否,否
2490,综合物资,80000705,卷纸,,通用类,卷,,,,,0,已启用,,,,否,否
2491,综合物资,80000704,医用纱布,已灭菌,通用类,块,,,,,0,已启用,,,,否,否
2492,综合物资,80000703,医用纱布,未灭菌,通用类,卷,,,,,0,已启用,,,,否,否
2493,综合物资,80000702,医用脱脂棉,500克,实验耗材,包,维德,,,,0,已启用,,,40.00,否,否
2494,综合物资,80000701,一次性杯子,常规,通用类,包,,,,,0,已启用,,,,否,否
2495,综合物资,80000700,胶头滴管,10ML,通用类,包,,,,,0,已启用,,,,否,否
2496,综合物资,80000699,胶头滴管,3ML,通用类,包,,,,,0,已启用,,,,否,否
2497,综合物资,80000698,胶头滴管,5ML,通用类,包,,,,,0,已启用,,,,否,否
2498,综合物资,80000697,耐酸碱雨鞋（中筒41码）,,劳保用品,双,,,,,0,已启用,,,,否,否
2499,综合物资,80000696,耐酸碱雨鞋（中筒40码）,,劳保用品,双,,,,,0,已启用,,,,否,否
2500,综合物资,80000695,耐酸碱雨鞋（中筒39码）,,劳保用品,双,,,,,0,已启用,,,,否,否
2501,综合物资,80000694,耐酸碱雨鞋 中筒,,劳保用品,双,,,,,0,已启用,,,48.00,否,否
2502,综合物资,80000693,物料袋（小170*210）,,内部检测,个,,,,,0,已启用,,,0.14,否,否
2503,综合物资,80000692,物料袋（中300*575）,,内部检测,个,,,,,0,已启用,,,0.45,否,否
2504,综合物资,80000691,物料袋（大500*900）,,内部检测,个,,,,,0,已启用,,,0.99,否,否
2505,综合物资,80000690,稀释剂（废弃）,,办公耗材,瓶,,,,,0,已启用,,,,否,否
2506,综合物资,80000689,墨码机油墨（废弃）,,办公耗材,瓶,,,,,0,已启用,,,,否,否
2507,综合物资,80000688,耐酸碱雨鞋（长筒44码）,,劳保用品,双,,,,,0,已启用,,,,否,否
2508,综合物资,80000687,耐酸碱雨鞋 （长筒43码）,,劳保用品,双,,,,,0,已启用,,,51.00,否,否
2509,综合物资,80000686,耐酸碱雨鞋（长筒42码）,,劳保用品,双,,,,,0,已启用,,,,否,否
2510,综合物资,80000685,耐酸碱雨鞋（长筒41码）,,劳保用品,双,,,,,0,已启用,,,,否,否
2511,综合物资,80000684,耐酸碱雨鞋（长筒40码）,,劳保用品,双,,,,,0,已启用,,,,否,否
2512,综合物资,80000683,耐酸碱雨鞋（长筒39码）,,劳保用品,双,,,,,0,已启用,,,,否,否
2513,综合物资,80000682,耐酸碱雨鞋（长筒38码）,,劳保用品,双,,,,,0,已启用,,,,否,否
2514,综合物资,80000681,耐酸碱雨鞋（中筒44码）,,劳保用品,双,,,,,0,已启用,,,,否,否
2515,综合物资,80000680,耐酸碱雨鞋（中筒43码）,,劳保用品,双,,,,,0,已启用,,,,否,否
2516,综合物资,80000679,耐酸碱雨鞋（中筒42码）,,劳保用品,双,,,,,0,已启用,,,,否,否
2517,综合物资,80000678,耐酸碱雨鞋（中筒41码）,,劳保用品,双,,,,,0,已启用,,,,否,否
2518,综合物资,80000677,耐酸碱雨鞋（中筒40码））,,劳保用品,双,,,,,0,已启用,,,,否,否
2519,综合物资,80000676,耐酸碱雨鞋（中筒39码）,,劳保用品,双,,,,,0,已启用,,,,否,否
2520,综合物资,80000675,男耐酸碱雨鞋（中筒38码）,,劳保用品,双,,,,,0,已启用,,,,否,否
2521,综合物资,80000674,色带（白色）,SL-TR01D-C,办公耗材,盒,,,,,0,已启用,,,318.00,否,否
2522,综合物资,80000673,色带（蓝色）,SL-TR01D-C,办公耗材,盒,,,,,0,已启用,,,318.00,否,否
2523,综合物资,80000672,色带（黑色）,SL-TR01D-C,办公耗材,盒,,,,,0,已启用,,,318.00,否,否
2524,综合物资,80000671,色带（红色）,,办公耗材,盒,,,,,0,已启用,,,318.00,否,否
2525,综合物资,80000670,打标机纸（红色）,15M/卷,办公用品,盒,,,,,0,已启用,,,120.00,否,否
2526,综合物资,80000669,打标机纸（白色）,15M/卷,办公用品,盒,,,,,0,已启用,,,120.00,否,否
2527,综合物资,80000668,打标机纸（银光拉丝）,15M/卷,办公用品,盒,,,,,0,已启用,,,215.00,否,否
2528,综合物资,80000667,打标机纸（绿色）,15M/卷,办公用品,盒,,,,,0,已启用,,,120.00,否,否
2529,综合物资,80000666,打标机纸（蓝色）,15M/卷,办公用品,盒,,,,,0,已启用,,,120.00,否,否
2530,综合物资,80000665,打标机纸（透明）,,办公用品,盒,,,,,0,已启用,,,,否,否
2531,综合物资,80000664,打标机纸（黄色）,15M/卷,办公用品,盒,,,,,0,已启用,,,120.00,否,否
2532,综合物资,80000663,HRO300(杀菌),,办公耗材,桶,,,,,0,已启用,,,,否,否
2533,综合物资,80000662,HRO500酸,,办公耗材,桶,,,,,0,已启用,,,,否,否
2534,综合物资,80000661,HRO600碱 ,,办公耗材,桶,,,,,0,已启用,,,,否,否
2535,综合物资,80000660,阻垢剂,,实验耗材,桶,宝莱尔,,,,0,已启用,0.000,,430.00,否,否
2536,综合物资,80000659,微生物控制剂,,办公耗材,桶,,,,,0,已启用,,,,否,否
2537,综合物资,80000658,洗洁精,4KG,办公耗材,桶,立白,,,,0,已启用,,,40.00,否,否
2538,综合物资,80000657,自喷漆（灰）,,办公耗材,瓶,三和,,,,0,已启用,,,,否,否
2539,综合物资,80000656,自喷漆（白）,,办公耗材,瓶,三和,,,,0,已启用,,,,否,否
2540,综合物资,80000655,自喷漆（蓝）,,办公耗材,瓶,三和,,,,0,已启用,,,,否,否
2541,综合物资,80000654,自喷漆（黄）,,办公耗材,瓶,三和,,,,0,已启用,,,,否,否
2542,综合物资,80000653,自喷漆（红）,,办公耗材,瓶,三和,,,,0,已启用,,,,否,否
2543,综合物资,80000652,二氧化氯B剂,,办公耗材,袋,,,,,0,已启用,,,,否,否
2544,综合物资,80000651,二氧化氯A剂,,办公耗材,袋,,,,,0,已启用,,,,否,否
2545,综合物资,80000650,钙镁磷肥,25kg/袋,实验耗材,袋,,,,,0,已启用,,,36.00,否,否
2546,综合物资,80000649,PAC,25KG/袋,实验耗材,袋,,,,,0,已启用,,,130.00,否,否
2547,综合物资,80000648,PAM（停用）,,实验耗材,桶,,,,,0,已停用,,,,否,否
2548,综合物资,80000647,片碱,,办公耗材,桶,,,,,0,已启用,,,,否,否
2549,综合物资,80000646,液碱,,办公耗材,桶,,,,,0,已启用,,,,否,否
2550,综合物资,80000645,一次性防尘服,10件/1包,劳保用品,包,待定,,,,0,已启用,,,67.00,否,否
2551,综合物资,80000644,净化服（配料）,,劳保用品,套,,,,,0,已启用,,,,否,否
2552,综合物资,80000643,洁净服（罐装蓝白）,,劳保用品,件,,,,,0,已启用,,,,否,否
2553,综合物资,80000642,管道疏通剂,500g,办公耗材,瓶,威猛先生,,,,0,已启用,,,28.00,否,否
2554,综合物资,80000641,称料袋（小）,210x180x0.09,实验耗材,个,,,,,0,已启用,,,0.26,否,否
2555,综合物资,80000640,称料袋（中）,540x330x0.1,实验耗材,个,,,,,0,已启用,,,,否,否
2556,综合物资,80000639,称料袋（大）,500x900x0.12,实验耗材,个,,,,,0,已启用,,,,否,否
2557,综合物资,80000638,康星季铵盐消毒液,,办公耗材,桶,康星,,,,0,已启用,,,,否,否
2558,综合物资,80000637,清洗剂,0030/1L,内部检测,瓶,易瑞德,,,,0,已启用,,,100.00,否,否
2559,综合物资,80000636,稀释剂,,内部检测,瓶,易瑞德,,,,0,已启用,,,278.00,否,否
2560,综合物资,80000635,墨码机油墨,,内部检测,瓶,易瑞德,,,,0,已启用,,,476.00,否,否
2561,综合物资,80000634,吨袋,,内部检测,个,,,,,0,已启用,,,50.00,否,否
2562,综合物资,80000633,消泡剂,25KG/桶,实验耗材,桶,,,,,0,已启用,,,550.00,否,否
2563,综合物资,80000632,尿素,50KG/袋,实验耗材,袋,,,,,0,已启用,,,298.00,否,否
2564,综合物资,80000631,PH7.00,,办公耗材,瓶,,,,,0,已启用,,,,否,否
2565,综合物资,80000630,PH4.01,,办公耗材,瓶,,,,,0,已启用,,,,否,否
2566,综合物资,80000629,在线COD试剂,,内部检测,套,上海博取,,,,0,已启用,,,1800.00,否,否
2567,综合物资,80000628,COD试剂,,内部检测,盒,海争,,,,0,已启用,,,395.00,否,否
2568,综合物资,80000627,一次性毛巾, /,办公耗材,包, /, /,,,0,已启用,,,1.50,否,否
2569,综合物资,80000626,女工鞋34码,,劳保用品,双,,,,,0,已启用,,,,否,否
2570,综合物资,80000625,女工鞋40码,,劳保用品,双,,,,,0,已启用,,,,否,否
2571,综合物资,80000624,女工鞋39码,,劳保用品,双,,,,,0,已启用,,,,否,否
2572,综合物资,80000623,女工鞋38码,,劳保用品,双,,,,,0,已启用,,,,否,否
2573,综合物资,80000622,女工鞋37码,,劳保用品,双,,,,,0,已启用,,,,否,否
2574,综合物资,80000621,女工鞋36码,,劳保用品,双,,,,,0,已启用,,,,否,否
2575,综合物资,80000620,女工鞋35码,,劳保用品,双,,,,,0,已启用,,,,否,否
2576,综合物资,80000619,男工鞋43码,,劳保用品,双,,,,,0,已启用,,,,否,否
2577,综合物资,80000618,男工鞋42码,,劳保用品,双,,,,,0,已启用,,,,否,否
2578,综合物资,80000617,男工鞋41码,,劳保用品,双,,,,,0,已启用,,,,否,否
2579,综合物资,80000616,男工鞋40码,,劳保用品,双,,,,,0,已启用,,,,否,否
2580,综合物资,5019780012511,氨氮试剂,,内部检测,盒,百灵达,,,,0,已启用,,,1120.00,否,否
2581,综合物资,6902022135316,蓝月亮深层洁净护理洗衣液,3千克 自然清香,清洁用品,桶,蓝月亮,,,,0,已启用,,,,否,否
2582,综合物资,6973074160137,洁厕液,3.78千克,办公耗材,桶,融盾牌,,,,0,已启用,,,35.00,否,否
2583,综合物资,6955200121328,丽能草酸清洁剂,2.5千克,清洁用品,桶,丽能,,,,0,已启用,,,,否,否
2584,综合物资,6970470330249,SukGarden蔬果园3D炫彩护色香氛洗衣凝珠,500g 50颗,清洁用品,桶,SukGarden蔬果园,,,,0,已启用,,,,否,否
2585,综合物资,6941138554918,米白色5米L条-免贴条,米白色,办公耗材,包,5米L条-免贴条,,,,0,已启用,,,,否,否
2586,综合物资,6974449510069,芳香球,200g/袋，5粒装,办公耗材,袋,,,,,0,已启用,,,6.00,否,否
2587,综合物资,6940075000021,花香美空气清新剂,500ml,办公耗材,瓶,花香美,,,,0,已启用,,,,否,否
2588,综合物资,6926727770641,防锈润滑剂,200ML,办公耗材,瓶,固特威,,,,0,已启用,,,,否,否
2589,综合物资,80000606,男工鞋38码,,劳保用品,双,,,,,0,已启用,,,,否,否
2590,综合物资,80000605,男工鞋39码,,劳保用品,双,多走路,,,,0,已启用,,,109.00,否,否
2591,综合物资,80000604,洗瓶,,办公耗材,个,,,,,0,已启用,,,,否,否
2592,综合物资,80000602,灭蝇灯纸,,办公耗材,卷,,,,,0,已启用,,,150.00,否,否
2593,综合物资,80000601,不锈钢杯子,,办公耗材,个,,,,,0,已启用,,,10.80,否,否
2594,综合物资,6932566900033,富强B1纸杯四排2000只,四排2000只（20提*100只）,办公耗材,包,富强,,,,0,已启用,,,,否,否
2595,综合物资,6935205353849,得力78001美工刀片(银色)(10片/盒),78001,办公耗材,盒,得力,,,,0,已启用,,,,否,否
2596,综合物资,6921734920126,美工刀片,2012  10片/盒,办公耗材,盒,得力,,,,0,已启用,,,2.48,否,否
2597,综合物资,6921734978103,白板擦,7810,办公耗材,块,得力,,,,0,已启用,,,3.00,否,否
2598,综合物资,6921734902313,得力0231起钉器12#(混)(台),0231,办公用品,台,得力,,,,0,已启用,,,,否,否
2599,综合物资,7611160003126,不锈钢雕花刀,6.7501,办公耗材,把,瑞士维氏,,,,0,已启用,,,69.50,否,否
2600,综合物资,6935205349873,得力7869白板清洁剂(红色),7869,办公耗材,瓶,得力,,,,0,已启用,,,,否,否
2601,综合物资,6921734977335,得力7733记事贴(淡黄)76*76mm(包),7733,办公用品,包,得力,,,,0,已启用,,,,否,否
2602,综合物资,6935205353535,得力2101美工刀(银色),2101,办公耗材,把,得力,,,,0,已启用,,,,否,否
2603,综合物资,6921734928047,红色按动笔芯,6906 0.5mm（红色）,办公耗材,支,得力,,,,0,已启用,,,15.00,否,否
2604,综合物资,6970899630555,35粒桶装磁扣,CK035,办公用品,盒,傲世,,,,0,已启用,,,,否,否
2605,综合物资,6921734902832,2B高级绘图铅笔,No.7084,办公用品,支,得力,,,,0,已启用,,,,否,否
2606,综合物资,6921734955487,得力5548塑胶装订夹80MM(混)(50套/盒),5548,办公用品,盒,得力,,,,0,已启用,,,,否,否
2607,综合物资,80000586,彩色长尾票夹,5#/19mm,办公用品,个,得力,,,,0,已启用,,,,否,否
2608,综合物资,6921734944740,得力8554ES彩色长尾票夹筒装(混)(48只/筒),8554ES,办公用品,盒,得力,,,,0,已启用,,,,否,否
2609,综合物资,80000584,彩色长尾票夹,4#/25mm,办公用品,个,得力,ES系列,,,0,已启用,,,,否,否
2610,综合物资,6935205320018,黑色按动笔,S01,办公用品,支,得力,,,,0,已启用,,,,否,否
2611,综合物资,6933631552294,白板笔,晨光（AWMY2201）,办公用品,盒,晨光,,,,0,已启用,,,15.00,否,否
2612,综合物资,6933631547061,白板笔（黑）,2201,办公用品,支,晨光,,,,0,已启用,,,,否,否
2613,综合物资,6921734908742,得力6817白板笔(红),6817,办公用品,支,得力,,,,0,已启用,,,,否,否
2614,综合物资,6935205372789,白板笔（红）,No.6817,办公用品,支,得力,,,,0,已启用,,,,否,否
2615,综合物资,80000578,红色记号笔（盒）,No.6881,办公用品,盒,得力,,,,0,已启用,,,,否,否
2616,综合物资,80000577,红色记号笔（支）,6881,办公用品,支,得力,,,,0,已启用,,,,否,否
2617,综合物资,80000576,红色记号笔（盒）,No.6824,办公用品,盒,得力,,,,0,已启用,,,,否,否
2618,综合物资,80000575,红色记号笔（支）,Bo.6824,办公用品,支,,,,,0,已启用,,,,否,否
2619,综合物资,80000574,大双头记号笔,S555 红色,办公用品,盒,得力,,,,0,已启用,,,25.80,否,否
2620,综合物资,80000573,红色大双头记号笔,S555,办公用品,盒,得力,,,,0,已启用,0.000,,25.00,否,否
2621,综合物资,6947503700461,按动笔,,办公用品,盒,,,,,0,已启用,,,,否,否
2622,综合物资,6947503700232,黑色按动笔,K-35,办公用品,支,晨光,,,,0,已启用,,,,否,否
2623,综合物资,6921734975348,橡皮擦,NO.7534,办公用品,块,得力,,,,0,已启用,,,,否,否
2624,综合物资,6947503724658,笔芯（支）,0.5mm,办公耗材,支,晨光,,,,0,已启用,,,0.00,否,否
2625,综合物资,6921734969064,黑色按动笔芯,No.6906,办公用品,支,得力,,,,0,已启用,,,,否,否
2626,综合物资,6921734968821,得力思达6881记号笔(黑)(支)(中包装),6881,办公用品,盒,得力思达,,,,0,已启用,,,,否,否
2627,综合物资,6921734968814,记号笔,6881,办公用品,支,得力,,,,0,已启用,,,,否,否
2628,综合物资,6935205325983,大双头记号笔,S555 黑色,办公耗材,盒,得力,,,,0,已启用,,,25.80,否,否
2629,综合物资,6935205325556,大双头记号笔,S555,办公用品,支,得力,,,,0,已启用,,,2.58,否,否
2630,综合物资,6947503702410,小双头记号笔（黑色）,No.6824,办公用品,支,,,,,0,已启用,,,,否,否
2631,综合物资,6921734968173,白板笔（黑）,No.6817,办公用品,支,,,,,0,已启用,,,,否,否
2632,综合物资,6921734908735,得力思达6817优逸白板笔(蓝)(支)(中包装),6817,办公用品,盒,得力思达,,,,0,已启用,,,,否,否
2633,综合物资,6935205372772,白板笔（蓝色）,No:6817,办公用品,支,得力,,,,0,已启用,,,,否,否
2634,综合物资,80000558,复方氨酚烷胺片（粒）,,药品,粒,,,,,0,已启用,,,,否,否
2635,综合物资,80000557,蓝芩口服液（支）,,药品,瓶,,,,,0,已启用,,,,否,否
2636,综合物资,80000556,布洛芬粒,,药品,粒,,,,,0,已启用,,,,否,否
2637,综合物资,80000555,集团招待用酒,,饮品,箱,,,,,0,已启用,,,,否,否
2638,综合物资,80000554,红酒,ORG礼盒,饮品,箱,,,,,0,已启用,,,,否,否
2639,综合物资,80000553,桃红葡萄酒,,饮品,箱,,,,,0,已启用,,,,否,否
2640,综合物资,80000552,怀庄酒/茅台镇酒,500ml×6瓶/箱,饮品,箱,,,,,0,已停用,,,,否,否
2641,综合物资,6920202888869,正品红牛(RedBull)维生素功能饮料250毫升/罐*24罐,250毫升/罐*24罐,饮品,箱,红牛,,,,0,已启用,,,,否,否
2642,综合物资,6970920141050,芙丝饮用天然矿泉水,500mL 1x24,饮品,箱,VOSS,,,,0,已启用,,,,否,否
2643,综合物资,80000549,战马定制小米充电器,,集团促进物,个,,,,,0,已启用,,,,否,否
2644,综合物资,80000548,战马定制袋子,,集团促进物,个,,,,,0,已启用,,,,否,否
2645,综合物资,80000547,集团徽章,,集团促进物,个,,,,,0,已启用,,,,否,否
2646,综合物资,80000546,2023年公司宣传册,,集团促进物,本,,,,,0,已启用,,,,否,否
2647,综合物资,80000545,集团彩印口罩,,集团促进物,个,,,,,0,已启用,,,,否,否
2648,综合物资,80000544,2023年文化衫,（白色）,集团促进物,件,,,,,0,已启用,,,,否,否
2649,综合物资,80000543,WH-背包挂件,2021,集团促进物,个,,,,,0,已启用,,,,否,否
2650,综合物资,80000542,WH-塑料运动水壶（彩色),2021,集团促进物,个,,,,,0,已启用,,,,否,否
2651,综合物资,80000541,WH-真空保温水壶800ml,2020,集团促进物,个,,,,,0,已启用,,,,否,否
2652,综合物资,80000540,WH-真空保温水壶400ml,2020-WH-保温水壶400ML/2022,集团促进物,个,,,,,0,已启用,,,,否,否
2653,综合物资,80000539,WH-大太阳伞,52寸/双骨/热转印/2021,集团促进物,把,,,,,0,已启用,,,,否,否
2654,综合物资,80000538,WH-防紫外线三折伞,2021,集团促进物,把,,,,,0,已启用,,,,否,否
2655,综合物资,80000537,RB-防紫外线三折伞,2021,集团促进物,把,,,,,0,已启用,,,,否,否
2656,综合物资,80000536,罐体车模礼盒包装/2016-罐体变形车模/2015（礼盒）,一个礼盒中有两个车模,集团促进物,盒,,,,,0,已启用,,,,否,否
2657,综合物资,80000535,WH-双肩公文包,2020/战马黑色背包,集团促进物,个,,,,,0,已启用,,,,否,否
2658,综合物资,80000534,RB-业务员双肩背包,2021/红牛黑色背包,集团促进物,个,,,,,0,已启用,,,,否,否
2659,综合物资,80000533,WH-毛巾,篮球/2022,集团促进物,条,,,,,0,已启用,,,,否,否
2660,综合物资,80000532,WH-束口包,篮球/2022,集团促进物,个,,,,,0,已启用,,,,否,否
2661,综合物资,80000531,RB-无纺布手提袋,2019,集团促进物,个,RB,,,,0,已启用,,,,否,否
2662,综合物资,80000530,纸质背包,黑色/2018,集团促进物,个,RB,,,,0,已启用,,,,否,否
2663,综合物资,80000529,纸质背包,银灰色/2018,集团促进物,个,RB,,,,0,已启用,,,,否,否
2664,综合物资,80000528,纸质背包,香槟色/2018,集团促进物,个,RB,,,,0,已启用,,,,否,否
2665,综合物资,80000527,纸质背包,橙色/2018,集团促进物,个,RB,,,,0,已启用,,,,否,否
2666,综合物资,80000526,纸质背包,玫红色/2018,集团促进物,个,RB,,,,0,已启用,,,,否,否
2667,综合物资,80000525,纸质背包,薄荷绿/2018,集团促进物,个,RB,,,,0,已启用,,,,否,否
2668,综合物资,3660619040636,移动硬盘,1TB/SSD,办公用具、费用化资产,个,希捷,,,,0,已启用,,,,否,否
2669,综合物资,6957303813131,绿联usb延长线 US103,1条,办公用具、费用化资产,条,绿联,,,,0,已启用,,,,否,否
2670,综合物资,6902022130496,抑菌洗手液,500g,办公耗材,瓶,蓝月亮,,,,0,已启用,,,,否,否
2671,综合物资,6972952580586,空气香氛,400毫升,办公耗材,瓶,讨好自己,,,,0,已启用,,,,否,否
2672,综合物资,80000520,钢丝球,每包20个,办公耗材,个,万家,,,,0,已启用,,,28.00,否,否
2673,综合物资,6917751461346,百洁布,每包4片,办公耗材,包,妙洁,,,,0,已启用,,,12.00,否,否
2674,综合物资,80000518,纯棉纱尘推长拖布,,清洁用品,个,宏海亿嘉,,,,0,已启用,,,,否,否
2675,综合物资,80000517,棉线拖把头,,办公耗材,个,,,,,0,已启用,,,,否,否
2676,综合物资,80000516,棉头拖把头,,办公耗材,个,,,,,0,已启用,,,,否,否
2677,综合物资,80000515,钢丝刷,20排加密大号,办公耗材,把,,,,,0,已启用,0.000,,22.00,否,否
2678,综合物资,6958913274565,鞋刷,长柄,办公耗材,把,喜跃,,,,0,已启用,,,8.50,否,否
2679,综合物资,80000513,泡沫洗手液,3.785L,办公耗材,桶,康星,,,,0,已启用,,,97.50,否,否
2680,综合物资,6973884407316,雅艺不锈钢清洁剂500ml,500毫升,办公耗材,瓶,雅艺,,,,0,已启用,,,,否,否
2681,综合物资,80000511,桶式垃圾袋（大）,黑色,食堂用品,捆,待定,,,,0,已启用,,,0.01,否,否
2682,综合物资,80000510,背心式垃圾袋（小）,黑色,劳保用品,捆,,,,,0,已启用,,,,否,否
2683,综合物资,80000509,中垃圾袋,70*48  100个/条,办公耗材,条,,,,,0,已启用,,,48.00,否,否
2684,综合物资,80000508,强力擦拭布,金佰利94165-00,办公耗材,箱,金佰利,,,,0,已启用,,,159.00,否,否
2685,综合物资,80000507,笔记本（集团）,红色/内页本,办公用品,本,,,,,0,已启用,,,,否,否
2686,综合物资,80000506,笔记本（集团）,蓝色,办公用品,本,,,,,0,已启用,,,,否,否
2687,综合物资,6925653778103,笔记本,B10525/A5黑软皮,办公耗材,本,红缘,,,,0,已启用,,,10.00,否,否
2688,综合物资,6935205341242,得力9848四联文件框(灰色),9848,办公用品,套,得力,,,,0,已启用,,,,否,否
2689,综合物资,6921734908469,得力NS182纽赛双强力夹(黑色)(个),NS182,办公用品,个,得力,,,,0,已启用,,,,否,否
2690,综合物资,6921734953025,得力5302文件夹(蓝)(只),5302,办公用品,个,得力,,,,0,已启用,,,,否,否
2691,综合物资,80000501,一次性鞋套,100只装,一次性用品,包,盛发,,,,0,已启用,,,30.00,否,否
2692,综合物资,6973504003133,得力5481经济型快劳夹(蓝)(只),5481,办公用品,只,得力,,,,0,已启用,,,,否,否
2693,综合物资,80000499,擦镜布,长20cm宽20cm,办公耗材,包,,,,,0,已启用,,,48.00,否,否
2694,综合物资,6945797722329,一次性乳胶手套-中号,TLFC44100,一次性用品,盒,AMMEX爱马斯,,,,0,已启用,,,0.01,否,否
2695,综合物资,6973964720014,一次性TPE手套,大（L）,一次性用品,盒,汇录,,,,0,已启用,,,0.01,否,否
2696,综合物资,80000496,作业手套,均码,劳保用品,包,,,,,0,已启用,,,,否,否
2697,综合物资,6945797770139,一次性丁腈手套-大号,APFNCHD46100,一次性用品,盒,爱马斯,,,,0,已启用,,,0.01,否,否
2698,综合物资,80000494,尼龙扎带,3x150mmm,办公耗材,包,华洋尼龙,,,,0,已启用,,,,否,否
2699,综合物资,6921734990112,温湿度计,9011,办公用具、费用化资产,个,得力,,,,0,已启用,,,26.00,否,否
2700,综合物资,80000492,米铲,,办公用具、费用化资产,把,,,,,0,已启用,,,,否,否
2701,综合物资,6973107480980,专业级热熔胶枪,100W,办公用品,把,得力工具,,,,0,已启用,,,,否,否
2702,综合物资,6974173010156,热熔胶棒,11mm*200mm,办公耗材,根,得力,,,,0,已启用,,,1.00,否,否
2703,综合物资,6935205348661,得力Z7501木尚复印纸A4-70g-1包(白色)(包),Z7501,办公耗材,包,得力,,,,0,已启用,,,,否,否
2704,综合物资,80000488,黄色定位胶带,10mm宽*66米,办公耗材,卷,顺兴旺,,,,0,已启用,,,5.00,否,否
2705,综合物资,80000487,黄色定位胶带（小）,,办公耗材,个,,,,,0,已启用,,,,否,否
2706,综合物资,80000486,黑黄定位胶带,10mm宽*66米,办公耗材,卷,顺兴旺,,,,0,已启用,,,5.00,否,否
2707,综合物资,80000485,定位胶带（小）,,办公耗材,个,,,,,0,已启用,,,,否,否
2708,综合物资,80000484,蓝色定位胶带,10mm宽*66米,办公耗材,卷,顺兴旺,,,,0,已启用,,,5.00,否,否
2709,综合物资,80000483,抗撕裂手套,,劳保用品,双,,,,,0,已启用,,,,否,否
2710,综合物资,80000482,纱线手套,均码 12双/包,食堂用品,包,乌蒙之星,,,,0,已启用,,,18.00,否,否
2711,综合物资,80000481,KN95头戴式口罩,100只/包,劳保用品,包,,,,,0,已启用,0.000,,125.00,否,否
2712,综合物资,80000480,耐酸碱手套,长袖/L,劳保用品,双,,,,,0,已启用,,,,否,否
2713,综合物资,3295249008765,耐低温手套,L,劳保用品,双,,,,,0,已启用,,,,否,否
2714,综合物资,80000478,耐高温手套 ,均码,劳保用品,双,,,,,0,已启用,,,,否,否
2715,综合物资,80000477,帆布手套,均码,劳保用品,双,吉祥牌,,,,0,已启用,,,,否,否
2716,综合物资,6939713200381,东亚802F-40 家用PVC绒布衬里手套,L,劳保用品,双,东亚,,,,0,已启用,,,,否,否
2717,综合物资,80000475,女生发帽,,劳保用品,个,,,,,0,已启用,0.000,,6.00,否,否
2718,综合物资,6943823620892,3M1110防噪声带线弹性耳塞,1组,劳保用品,组,3M,,,,0,已启用,,,,否,否
2719,综合物资,6921734955319,得力5531抽杆夹(白)(5只/包),5531,办公用品,只,得力,,,,0,已启用,,,,否,否
2720,综合物资,80000472,葡萄图卡片,,办公用品,张,,,,,0,已启用,,,,否,否
2721,综合物资,6971106070027,财兴双面泡棉胶带,18mm*4m  1袋*2卷,办公用品,个,财兴,,,,0,已启用,,,,否,否
2722,综合物资,6921734923080,得力1512语音计算器(银),1512,办公用品,台,得力,,,,0,已启用,,,,否,否
2723,综合物资,80000469,滚刷,10CM,通用类,把,精品,,,,0,已启用,,,5.00,否,否
2724,综合物资,80000468,毛刷,3寸,通用类,把,,,,,0,已启用,,,,否,否
2725,综合物资,80000467,对乙酰氨基酚片,每片0.5克/12粒/一板,防疫药品,板,好医生,,,,0,已启用,,,,否,否
2726,综合物资,80000466,医用隔离眼罩,,药品,个,长喜,,,,0,已启用,,,,否,否
2727,综合物资,80000465,体温计,普通玻璃款,劳保用品,支,,,,,0,已启用,,,10.00,否,否
2728,综合物资,6973352050105,医用外科口罩 17.5cm*9.5cm,1片,药品,片,爱康佳,,,,0,已启用,,,,否,否
2729,综合物资,6958674700037,抗病毒口服液,每支10毫升,药品,盒,修正,,,,0,已启用,,,54.00,否,否
2730,综合物资,6936340930728,双黄连口服液,"20ml每支（每1ml相当于饮片1.5g),7支每盒",药品,盒,乐赛仙,,,,0,已启用,,,,否,否
2731,综合物资,6920855015148,连花清咳片,12片/板*2板/盒,药品,盒,以岭,,,,0,已启用,,,,否,否
2732,综合物资,6920855052068,连花清瘟胶囊,每粒装0.35克,药品,盒,以岭,,,,0,已启用,,,,否,否
2733,综合物资,6927762517673,蓝芩口服液（浓缩型）,10毫升(每1毫升相当于饮片2.12克)/支*6支/盒,药品,盒,扬子江,,,,0,已启用,,,15.00,否,否
2734,综合物资,6923705410018,复方氨酚烷胺片,12片/板/盒,药品,盒,鲁西药业,,,,0,已启用,,,20.00,否,否
2735,综合物资,6927987522414,布洛芬缓释胶囊,0.3g*10粒/板*3板/盒,药品,盒,百民医生,,,,0,已启用,,,38.00,否,否
2736,综合物资,6921842501224,康必利 免洗手消毒凝胶(I型）,500ml,药品,瓶,康必利,,,,0,已启用,,,,否,否
2737,综合物资,6935941202067,INOHV英诺威免水洗手消毒凝胶,500毫升,药品,瓶,英诺威,,,,0,已启用,,,,否,否
2738,综合物资,6973315730150,新型冠状病毒（2019-nCoV）抗原检测试剂盒（胶体金法）,20人份/盒,药品,盒,诺唯赞,,,,0,已启用,,,,否,否
2739,综合物资,80000453,黑色背心式垃圾袋,,办公耗材,捆,,,,,0,已启用,,,,否,否
2740,综合物资,80000452,擦手纸（箱）,珍珠纹 20包/箱,办公耗材,箱,珍宝,,,,0,已启用,,,120.00,否,否
2741,综合物资,80000451,维达大盘纸（卷）,4490/180米,办公耗材,卷,维达,清洁用品,,,0,已启用,,,,否,否
2742,综合物资,6972120900017,大圆球芳香球,5粒,办公耗材,包,雨隆,,,,0,已启用,,,,否,否
2743,综合物资,6951929000043,84消毒液,500ml,办公耗材,瓶,贵鑫,,,,0,已启用,,,2.70,否,否
2744,综合物资,80000448,烘手机,22v-50hz,劳保用品,个,莫顿,,,,0,已启用,,,,否,否
2745,综合物资,80000447,酒精喷雾机,m-x5,劳保用品,个,莫顿,,,,0,已启用,,,,否,否
2746,综合物资,80000446,入库单,NO.9392,办公用品,本,得力,,,,0,已启用,,,2.00,否,否
2747,综合物资,80000445,红酒杯,玻璃材质,食堂用品,个,待定,,,,0,已启用,,,0.01,否,否
2748,综合物资,80000444,纱线手套,30双/包,劳保用品,包,,,,,0,已启用,,,,否,否
2749,综合物资,80000443,一次性手套,100双/包,一次性用品,包,待定,,,,0,已启用,,,0.01,否,否
2750,综合物资,80000442,环保透明口罩,10个/盒,食堂用品,盒,待定,,,,0,已启用,,,0.01,否,否
2751,综合物资,80000441,紫外线筷子消毒机,12w,食堂用品,个,拓玛电器,,,,0,已启用,,,0.01,否,否
2752,综合物资,80000440,紫外线消毒灯,70宽,食堂用品,个,待定,,,,0,已启用,,,0.01,否,否
2753,综合物资,80000439,茶壶,玻璃材质,食堂用品,个,水乐坊,,,,0,已启用,,,0.01,否,否
2754,综合物资,80000438,直升杯,玻璃材质,食堂用品,个,待定,,,,0,已启用,,,0.01,否,否
2755,综合物资,80000437,分酒器,玻璃材质,食堂用品,个,待定,,,,0,已启用,,,0.01,否,否
2756,综合物资,80000436,小酒杯,玻璃材质,食堂用品,个,待定,,,,0,已启用,,,0.01,否,否
2757,综合物资,80000435,锅刷,竹质,食堂用品,把,待定,,,,0,已启用,,,19.50,否,否
2758,综合物资,80000434,厨师服长袖,白色,食堂用品,件,待定,,,,0,已启用,,,,否,否
2759,综合物资,80000433,保洁服,红色,食堂用品,件,待定,,,,0,已启用,,,0.01,否,否
2760,综合物资,80000432,白色围裙,白色,食堂用品,套,待定,,,,0,已启用,,,0.01,否,否
2761,综合物资,80000431,斜口壶,个,食堂用品,个,待定,,,,0,已启用,,,0.01,否,否
2762,综合物资,80000430,一次性纸杯,230ml*100个,一次性用品,包,富强,,,,0,已启用,,,0.01,否,否
2763,综合物资,80000429,一次性打包杯,0.001,一次性用品,条,待定,,,,0,已启用,,,0.01,否,否
2764,综合物资,80000428,一次性五格餐盒,150套/件,一次性用品,件,待定,,,,0,已启用,,,0.01,否,否
2765,综合物资,80000427,一次性透明胶碗,200套/件,一次性用品,件,待定,,,,0,已启用,,,163.00,否,否
2766,综合物资,80000426,抽纸,0.001,一次性用品,件,待定,,,,0,已启用,,,0.01,否,否
2767,综合物资,80000425,拖把,把,食堂用品,把,待定,,,,0,已启用,,,0.01,否,否
2768,综合物资,80000424,不锈钢餐盘,个,劳保用品,个,,,,,0,已启用,,,,否,否
2769,综合物资,80000423, 一次性汤勺,100根/包,一次性用品,包,待定,,,,0,已启用,,,0.01,否,否
2770,综合物资,80000422,富强一号纸碗,600 个/箱,一次性用品,箱,富强,,,,0,已启用,,,120.00,否,否
2771,综合物资,80000421,大卷纸,12卷/箱,一次性用品,箱,待定,,,,0,已启用,,,0.01,否,否
2772,综合物资,6920174764567,洗衣粉,5千克/包,办公耗材,包,立白,,1080,,0,已启用,,,45.00,否,否
2773,综合物资,80000419,钢丝球,20个/包,办公耗材,包,万家,,,,0,已启用,,,28.00,否,否
2774,综合物资,80000418,食堂专用型洗洁精,25kg/桶,食堂用品,桶,待定,,,,0,已启用,,,0.01,否,否
2775,综合物资,80000417,次品红牛（箱）,250毫升/罐*24罐,次品,箱,,,,,0,已启用,,,,否,否
2776,综合物资,80000416,百洁布（雨靴清洁专用）,,办公用品,片,妙洁,,,,0,已启用,,,4.00,否,否
2777,综合物资,80000415,蝴蝶扣,3T,办公耗材,个,,,,,0,已启用,,,35.00,否,否
2778,综合物资,80000414,铲刀,35cm,办公用品,把,,,,,0,已启用,,,10.00,否,否
2779,综合物资,80000413,维达抽纸,V2388/24包/箱,办公耗材,箱,维达,,,,0,已启用,,,80.00,否,否
2780,综合物资,80000412,维达抽纸,V2388,一次性用品,包,维达,,,,0,已启用,,,0.01,否,否
2781,综合物资,80000411,纱线手套,均码/12双每包,劳保用品,包,,,,,0,已启用,,,18.00,否,否
2782,综合物资,6936992300221,背心手提式垃圾袋,45×60cm100只,食堂用品,包,恒洁净,,,,0,已启用,,,35.00,否,否
2783,综合物资,6935205375377,得力21510记事贴(黄)76mm*76mm-400张(包),21510,办公用品,包,得力,,,,0,已启用,,,20.00,否,否
2784,综合物资,6925189428862,防水手套,中码,劳保用品,双,鸿顺南洋,,,,0,已启用,,,10.00,否,否
2785,综合物资,80000407,春饼皮,待定,蔬菜内,包,,,,,0,已启用,,,,否,否
2786,综合物资,80000405,热狗肠,待定,蔬菜内,包,,,,,0,已启用,,,,否,否
2787,综合物资,80000401,凉面,5kg/包,蔬菜内,包,,,,,0,已启用,,,,否,否
2788,综合物资,80000400,河粉,5kg/包,蔬菜内,包,,,,,0,已启用,,,,否,否
2789,综合物资,80000399,米豆腐,5kg/包,蔬菜内,包,,,,,0,已启用,,,,否,否
2790,综合物资,80000379,泡笋,5kg/包,蔬菜内,包,,,,,0,已启用,,,,否,否
2791,综合物资,80000378,泡蕨菜,0.001,蔬菜内,KG,,,,,2,已启用,,,0.01,否,否
2792,综合物资,80000377,儿菜,0.001,蔬菜内,KG,,,,,2,已启用,,,0.01,否,否
2793,综合物资,80000372,莲藕,5kg/包,蔬菜内,包,,,,,0,已启用,,,,否,否
2794,综合物资,80000371,付瓜,5kg/包,蔬菜内,包,,,,,0,已启用,,,,否,否
2795,综合物资,80000368,西葫芦,5kg/包,蔬菜内,包,,,,,0,已启用,,,,否,否
2796,综合物资,80000367,茭白,5kg/包,蔬菜内,包,,,,,0,已启用,,,,否,否
2797,综合物资,80000365,苦蒜,0.001,蔬菜内,斤,,,,,0,已启用,,,,否,否
2798,综合物资,80000363,青菜,5kg/包,蔬菜内,包,,,,,0,已启用,,,,否,否
2799,综合物资,80000362,择耳根,5kg/包,蔬菜内,包,,,,,0,已启用,,,,否,否
2800,综合物资,80000361,绿豆芽,0.001,蔬菜内,斤,,,,,0,已启用,,,,否,否
2801,综合物资,80000356,盐菜,2.5kg/包,蔬菜内,包,,,,,0,已启用,,,,否,否
2802,综合物资,80000355,玉米,5kg/包,蔬菜内,包,,,,,0,已启用,,,,否,否
2803,综合物资,80000353,酸豆角,5kg/包,蔬菜内,包,,,,,0,已启用,,,,否,否
2804,综合物资,80000351,四季豆,5kg/包,蔬菜内,包,,,,,0,已启用,,,,否,否
2805,综合物资,80000337,菜心,5kg/包,蔬菜内,包,,,,,0,已启用,,,,否,否
2806,综合物资,80000331,红尖椒,1.5kg/包,蔬菜内,包,,,,,0,已启用,,,,否,否
2807,综合物资,80000330,青尖椒,1.5kg/包,蔬菜内,包,,,,,0,已启用,,,,否,否
2808,综合物资,80000321,芹菜,斤,蔬菜内,斤,,,,,0,已启用,,,,否,否
2809,综合物资,80000251,一次性鞋套,XT-002,一次性用品,包,待定,,,,0,已启用,,,0.01,否,否
2810,综合物资,6950435700232,60#灭蚊灯,40W,劳保用品,盏,无,,,,0,已启用,,,,否,否
2811,综合物资,6921734918307,得力5302ES双强力夹(蓝)(个),5302ES,办公用具、费用化资产,个,得力,,,,0,已启用,,,10.00,否,否
2812,综合物资,6921734955388,得力5538抽杆夹(混)(只),5538,办公用品,个,得力,,,,0,已启用,,,,否,否
2813,综合物资,8859096400063,莱发泰国茉莉香米5kg,5千克,调料类,包,莱发,,,,0,已启用,,,,否,否
2814,综合物资,6931534900389,食用盐,500g,调料类,包,碧源,,1800,,0,已启用,,,2.50,否,否
2815,综合物资,6948599610030,食品添加剂 碳酸氢钠,200克,调料类,包,剑星,,,,0,已启用,,,,否,否
2816,综合物资,6918272090381,孔师傅麻辣蒸肉米粉,150克,调料类,包,孔师傅,,,,0,已启用,,,,否,否
2817,综合物资,6901672650330,乐堡啤酒,495ml,调料类,瓶,Tuborg  乐堡,,,,0,已启用,,,,否,否
2818,综合物资,6922987100273,广式腊肠 香肠 肥瘦:2:8 广城牌 200元 包邮 5kg 适合餐饮使用,,调料类,根,无,,,,0,已启用,,,,否,否
2819,综合物资,6926518122000,小米辣,1000g*15,调料类,包,兴桂轩,,,,0,已启用,,,,否,否
2820,综合物资,6938255400204,大红浙醋,630克,调料类,瓶,美味明记,,540,,0,已启用,,,3.50,否,否
2821,综合物资,6902265190318,生抽酱油,1.9L*1,调料类,瓶,海天,,,,0,已启用,,,,否,否
2822,综合物资,6922699386637,上海白醋（配制食醋）,3.5%、500mL×20瓶,调料类,包,三林,,,,0,已启用,,,,否,否
2823,综合物资,6954767413877,可口可乐经典美味汽水,2公升,调料类,瓶,可口可乐,,,,0,已启用,,,,否,否
2824,综合物资,6973496571894,姜黄粉调味料400g,400克,调料类,盒,金圣塔,,540,,0,已启用,,,40.00,否,否
2825,综合物资,6973496571306,沙姜粉调味料,350克,调料类,包,金圣塔,,,,0,已启用,,,,否,否
2826,综合物资,6922555299569,300g蒜蓉龙虾调料,300g,调料类,包,红灯笼,,,,0,已启用,,,,否,否
2827,综合物资,6906303004766,王守義十三香麻辣鲜调味料,102g,调料类,包,王守義,,540,,0,已启用,,,4.95,否,否
2828,综合物资,6901826888244,南孚聚能环7号,2粒,办公用品,包,南孚,,,,0,已启用,,,,否,否
2829,综合物资,6921734975096,得力7509九位自动号码机(白)(台),7509,办公用品,个,得力,,,,0,已启用,,,,否,否
2830,综合物资,6921734917607,得力8841计时电子钟(白色)(只),8841,办公用品,个,得力,,,,0,已启用,,,,否,否
2831,综合物资,6958117500354,倍量标准充电器九伏B09充电器,吸塑包装,办公用品,个,倍量,,,,0,已启用,,,,否,否
2832,综合物资,6921734984630,不锈钢直尺,8463,办公用具、费用化资产,把,得力,,,,0,已启用,,,8.80,否,否
2833,综合物资,6921734922267,水彩笔,70656(12支/盒),办公耗材,盒,得力,,,,0,已启用,,,12.80,否,否
2834,综合物资,6936397800036,立早会计原子科目章690182681723769018268172376901826817237,无,办公用品,个,无,,,,0,已启用,,,,否,否
2835,综合物资,6921734967909,得力6790中性台笔(黑)(支),6790,办公用品,支,得力思达,,,,0,已启用,,,,否,否
2836,综合物资,6935205326027,得力S221按动中性笔替芯0.5mm子弹头(黑)(支)(中包装),S221,办公用品,支,得力,,,,0,已启用,,,,否,否
2837,综合物资,6941798431048,得力SE124财务专用中性笔替芯0.35mm速干按动全针管(黑)(支)(中包装),SE124,办公用品,支,得力,,,,0,已启用,,,,否,否
2838,综合物资,6935205363787,得力7065水彩笔(粉),7065,办公用品,支,得力,,,,0,已启用,,,,否,否
2839,综合物资,6921734931269,得力S536白板笔(黑)(支)(中包装),S536,办公用品,支,得力,,,,0,已启用,,,,否,否
2840,综合物资,6921734968258,得力思达6824小双头记号笔(黑)(支)(中包装),6824,办公用品,盒,得力思达,,,,0,已启用,,,,否,否
2841,综合物资,6901308010453,中华绘图铅笔101-2B（12支装）,12支装,办公用品,支,中华,,,,0,已启用,,,,否,否
2842,综合物资,6921734994219,得力9521-1#圆形铁票夹76mm袋装(6只/包)(中包装),9521,办公用品,个,得力,,,,0,已启用,,,,否,否
2843,综合物资,6921734994233,得力E9523-3#圆形铁票夹(银色)(6只/包)(中包装),E9523,办公用品,个,得力,,,,0,已启用,,,,否,否
2844,综合物资,6921734921444,得力V78颐和园系列速干顺滑0.5mm按动考试中性笔替芯加强型针管(黑)(支)(中包装),V78,办公用品,支,得力,,,,0,已启用,,,,否,否
2845,综合物资,6930663301777,申士文具记事本,0,办公用品,个,申士,,,,0,已启用,,,,否,否
2846,综合物资,6935205369857,得力801封箱器(蓝),801,办公用品,个,得力,,,,0,已启用,,,,否,否
2847,综合物资,6935205316806,得力7200笔刷两用修正液(白),7200,办公用品,瓶,得力,,,,0,已启用,,,,否,否
2848,综合物资,6921734985569,得力8556-6#彩色长尾票夹15mm(筒装)(混)(60只/筒),8556,办公用品,个,得力,,,,0,已启用,,,,否,否
2849,综合物资,6921734944719,得力8551ES彩色长尾票夹筒装(混)(12只/筒),8551ES,办公用品,个,得力,,,,0,已启用,,,,否,否
2850,综合物资,6921734985545,得力8554彩色长尾票夹25mm筒装(混)(48只/筒),8554,办公用品,个,得力,,,,0,已启用,,,,否,否
2851,综合物资,6921734932181,橡胶圈,3218,办公耗材,包,得力,,,,0,已启用,,,2.50,否,否
2852,综合物资,6921734960474,得力6047剪刀(混)(把),6047,办公用品,把,得力,,,,0,已启用,,,,否,否
2853,综合物资,6921734920560,美工刀,2056,办公用品,把,得力,,,,0,已启用,,,9.00,否,否
2854,综合物资,6935205303691,透明胶带（大）,30369,办公用品,卷,得力,,,,0,已启用,,,7.60,否,否
2855,综合物资,6921734971807,自粘性标贴,7180  13*38mm,办公用品,包,得力,,,,0,已启用,,,2.60,否,否
2856,综合物资,6921734993755,得力9375薄型复写纸(蓝)(25.5*18.5cm)-16K(100张/盒),9375,办公用品,张,得力,,,,0,已启用,,,,否,否
2857,综合物资,6921734993700,得力9370薄型复写纸(蓝)(18.5*8.5cm)-48K(100张/盒),9370,办公用品,张,得力,,,,0,已启用,,,,否,否
2858,综合物资,6921734990815,得力9081记事贴(混)76*51mm(包),9081,办公用品,包,得力,,,,0,已启用,,,,否,否
2859,综合物资,6941600122492,晨光3*3自粘便条纸100页(优选)YD-931,1/12/480 YD-931,办公用品,包,晨光,,,,0,已启用,,,,否,否
2860,综合物资,6921734900135,得力0013厚层钉书钉23/13(1000枚/盒),0013,办公用品,盒,得力,,,,0,已启用,,,,否,否
2861,综合物资,6921734971517,得力7151记事贴(混)76*76mm(包),7151,办公耗材,包,得力,办公耗材,,,0,已启用,,,,否,否
2862,综合物资,80000172,麻绳,30米,消防物资类,根,,,,,0,已启用,,,,否,否
2863,综合物资,80000171,白色塑料桶,带盖子,消防物资类,个,,,,,0,已启用,,,,否,否
2864,综合物资,80000170,灭火器箱,,消防物资类,个,,,,,0,已启用,,,,否,否
2865,综合物资,80000169,安全帽（红色）,带红牛LOGO,消防物资类,顶,,,,,0,已启用,,,45.00,否,否
2866,综合物资,80000168,消防栓标识贴,,消防物资类,份,,,,,0,已启用,,,,否,否
2867,综合物资,80000167,安全带,全身背带式,劳保用品,套,顺盾,,,,0,已启用,,,87.00,否,否
2868,综合物资,80000166,雨衣,5058,消防物资类,件,彩雪公主,,,,0,已启用,,,,否,否
2869,综合物资,6956362909298,Supfire 神火 M9-X 黑色,Supfire 神火 M9-X 黑色,消防物资类,个,Supfire 神火,应急照明灯,,,0,已启用,,,,否,否
2870,综合物资,80000164,消防水带,10-65-20,消防物资类,卷,,,,,0,已启用,,,,否,否
2871,综合物资,80000163,消防水枪头,550*330*270mm,消防物资类,个,,,,,0,已启用,,,,否,否
2872,综合物资,80000162,铁铲,,消防物资类,把,,,,,0,已启用,,,,否,否
2873,综合物资,80000161,铁锹,,消防物资类,把,,,,,0,已启用,,,,否,否
2874,综合物资,80000160,交通警戒雪糕桶,,消防物资类,个,,,,,0,已启用,,,,否,否
2875,综合物资,80000159,干粉灭火器,MFZ/ABC4型/4kg,消防物资类,个,,,,,0,已启用,,,50.00,否,否
2876,综合物资,80000158,二氧化碳灭火器,MT/2型/2kg,消防物资类,个,,,,,0,已启用,,,,否,否
2877,综合物资,80000157,军大衣,M,劳保用品,件,,,,,0,已启用,,,,否,否
2878,综合物资,80000156,雨鞋,43码,劳保用品,双,,,,,0,已启用,,,,否,否
2879,综合物资,80000155,雨鞋,37码,劳保用品,双,,,,,0,已启用,,,,否,否
2880,综合物资,80000154,雨鞋,36码,劳保用品,双,,,,,0,已启用,,,,否,否
2881,综合物资,80000153,雨鞋,41码,劳保用品,双,,,,,0,已启用,,,,否,否
2882,综合物资,80000152,雨鞋,40码,劳保用品,双,,,,,0,已启用,,,,否,否
2883,综合物资,80000151,告知牌,有限空间安全告知牌,消防物资类,块,,,,,0,已启用,,,,否,否
2884,综合物资,80000150,工作鞋（灰色）,45码,劳保用品,双,,,,,0,已启用,,,,否,否
2885,综合物资,80000149,工作鞋（深灰色）,43码,劳保用品,双,,,,,0,已启用,,,,否,否
2886,综合物资,80000148,工作鞋（深灰色）,41码,劳保用品,双,,,,,0,已启用,,,,否,否
2887,综合物资,80000147,工作鞋（深灰色）,40码,劳保用品,双,,,,,0,已启用,,,,否,否
2888,综合物资,80000146,工作鞋（深灰色）,39码,劳保用品,双,,,,,0,已启用,,,,否,否
2889,综合物资,80000145,工作鞋（灰色）,38码,劳保用品,双,,,,,0,已启用,,,,否,否
2890,综合物资,80000144,工作鞋（灰色）,37码,劳保用品,双,,,,,0,已启用,,,,否,否
2891,综合物资,80000143,工作鞋（灰色）,36码,劳保用品,双,,,,,0,已启用,,,,否,否
2892,综合物资,80000142,工作鞋（灰色）,35码,劳保用品,双,,,,,0,已启用,,,,否,否
2893,综合物资,80000141,文化衫（红色）,XXXXL,工作服类,件,,,,,0,已启用,,,,否,否
2894,综合物资,80000140,文化衫（红色）,XL,工作服类,件,,,,,0,已启用,,,,否,否
2895,综合物资,80000139, 文化衫（红色）,L,工作服类,件,,,,,0,已启用,,,,否,否
2896,综合物资,80000138,文化衫（红色）,M,工作服类,件,,,,,0,已启用,,,,否,否
2897,综合物资,80000137,文化衫（蓝色）,XXXXL,工作服类,件,,,,,0,已启用,,,,否,否
2898,综合物资,80000136,文化衫（蓝色）,XXXL,工作服类,件,,,,,0,已启用,,,,否,否
2899,综合物资,80000135,文化衫（蓝色）,XL,工作服类,件,,,,,0,已启用,,,,否,否
2900,综合物资,80000134,文化衫（蓝色）,L,工作服类,件,,,,,0,已启用,,,,否,否
2901,综合物资,80000133,文化衫（蓝色）,M,工作服类,件,,,,,0,已启用,,,,否,否
2902,综合物资,80000132,白板,小号,办公用品,块,,,,,0,已启用,,,,否,否
2903,综合物资,80000131,白板,大号,办公用品,块,,,,,0,已启用,,,,否,否
2904,综合物资,80000130,针式打印机,D8-618K,办公用品,台,得力,,,,0,已启用,,,,否,否
2905,综合物资,6942994103975,宝利通优质碳粉盒,PTH-388A易加粉,办公用品,个,宝利通,,,,0,已启用,,,,否,否
2906,综合物资,6935205367167,得力5004ES_40页资料册(蓝)(个),5004ES,办公用品,个,得力,,,,0,已启用,,,,否,否
2907,综合物资,6921734957061,得力5706文件套(透明)(10只/包),5706,办公用品,只,得力,,,,0,已启用,,,,否,否
2908,综合物资,80000126,透明文件袋,5505,办公用品,个,得力,,,,0,已启用,,,2.00,否,否
2909,综合物资,80000125,五层文件座,,办公用品,个,,,,,0,已启用,,,,否,否
2910,综合物资,6921734916716,计算器,DL-1671A,办公用具、费用化资产,个,得力,,,,0,已启用,,,40.00,否,是
2911,综合物资,6921734970831,得力7083-HB高级绘图铅笔(绿色)(12支/盒),7083,办公用品,支,得力优酷,,,,0,已启用,0.000,,,否,否
2912,综合物资,6921734950048,得力5004_40页资料册(蓝)(本),5004,办公用品,个,得力,,,,0,已启用,,,,否,否
2913,综合物资,6921734944726,得力8552ES彩色长尾票夹筒装(混)(24只/筒),8552ES,办公用品,盒,得力,,,,0,已启用,,,,否,否
2914,综合物资,6953666300219,荧光笔（红）,10支/盒,办公用品,盒,东洋文具,,,,0,已启用,,,,否,否
2915,综合物资,6921734988133,得力S625荧光笔(紫)(中包装),S625,办公用品,盒,得力,,,,0,已启用,,,,否,否
2916,综合物资,6921734988096,得力S625荧光笔(绿)(中包装),S625,办公用品,盒,得力,,,,0,已启用,,,,否,否
2917,综合物资,6921734988072,得力S625荧光笔(黄)(中包装),S625,办公用品,盒,得力,,,,0,已启用,,,,否,否
2918,综合物资,6921734944757,得力8555ES彩色长尾票夹筒装(混)(40只/筒),8555ES,办公用品,盒,得力,,,,0,已启用,,,,否,否
2919,综合物资,6935205369833,A4书写单板夹,9240,办公用具、费用化资产,个,得力,,,,0,已启用,,,13.00,否,否
2920,综合物资,6972184161621,入库单36K（横）3联,1本,办公耗材,本,金沽长,,,,0,已启用,,,2.50,否,否
2921,综合物资,6921734994332,得力9533-3﹟山形铁票夹76mm袋装(4只/包)(中包装),9533,办公用品,盒,得力,,,,0,已启用,,,,否,否
2922,综合物资,6935205369345,得力9147三层多功能笔筒(灰),9147,办公用品,个,得力,,,,0,已启用,,,,否,否
2923,综合物资,80000111,四层文件座,78981 黑色,办公耗材,个,得力,,,,0,已启用,,,29.90,否,否
2924,综合物资,6921734918147,得力5623ES_55mm档案盒(蓝)(个),5623ES,办公用品,个,得力,,,,0,已启用,,,,否,否
2925,综合物资,6921734971029,得力7102固体胶(白色)(21g/支),7102,办公用品,支,得力,,,,0,已启用,,,,否,否
2926,综合物资,80000108,安全标识带,,办公用品,卷,,,,,0,已启用,,,,否,否
2927,综合物资,80000107,定位胶带,蓝色,办公用品,卷,,,,,0,已启用,,,,否,否
2928,综合物资,80000106,定位胶带,黄黑,办公用品,卷,,,,,0,已启用,,,,否,否
2929,综合物资,6972184161607,出库单36K（横）3联,1本,办公用品,本,金沽长,,,,0,已启用,,,,否,否
2930,综合物资,6933645164568,口服补液盐散（I）,14.75g/袋×20袋/包,医药类,袋,峨嵋山,,,,0,已启用,,,,否,否
2931,综合物资,6943750066107,万通诺氟沙星胶囊,12粒板×2板/盒。,医药类,盒,万通,,,,0,已启用,,,,否,否
2932,综合物资,6905227006849,地衣芽孢杆菌活菌胶囊,0.25克/粒，24粒/盒,医药类,盒,东北制药,,,,0,已启用,,,,否,否
2933,综合物资,6927764908349,华纳比乐蒙脱石散,每盒15袋 每袋含蒙脱石3克,医药类,盒,华纳比乐,,,,0,已启用,,,,否,否
2934,综合物资,6972456870893,益生菌粉,40克,医药类,盒,若小姐,,,,0,已启用,,,,否,否
2935,综合物资,6949652001178,塑料盆,大型,清洁用品,个,,,,,0,已启用,,,,否,否
2936,综合物资,80000098,吸尘器配件,,清洁用品,套,,,,,0,已启用,,,,否,否
2937,综合物资,80000097,门帘,0.001,食堂用品,套,待定,,,,0,已启用,,,495.00,否,否
2938,综合物资,80000096,脚踏式垃圾桶,其他垃圾,清洁用品,个,,,,,0,已启用,,,,否,否
2939,综合物资,6938397030109,拖把,90cm,清洁用品,张,宏海亿嘉,,,,0,已启用,,,,否,否
2940,综合物资,6955687567381,吸水拖把,,清洁用品,把,好太太,,,,0,已启用,,,,否,否
2941,综合物资,6949652000447,塑料盆,小型,清洁用品,个,,,,,0,已启用,,,,否,否
2942,综合物资,80000092,海绵拖把,40CM,清洁用品,把,太太乐,,,,0,已启用,0.000,,55.00,否,否
2943,综合物资,6951967412327,1232双面卫生刷（粗杆带壳）,120装,清洁用品,把,佳一,,,,0,已启用,,,,否,否
2944,综合物资,80000090,大垃圾袋,,清洁用品,扎,,,,,0,已启用,,,,否,否
2945,综合物资,80000089,手提垃圾袋,,清洁用品,卷,,,,,0,已启用,,,,否,否
2946,综合物资,80000088,小桶垃圾袋,,清洁用品,把,,,,,0,已启用,,,,否,否
2947,综合物资,80000087,海绵推水刮,70cm,办公用品物料组,把,,,,,0,已启用,0.000,,59.00,否,否
2948,综合物资,80000086,毛巾,高密绒蓝35×75cm,办公耗材,张,,,,,0,已启用,,,21.00,否,否
2949,综合物资,80000085,火钳垃圾夹,36cm,清洁用品,把,,,,,0,已启用,,,,否,否
2950,综合物资,6917751461254,妙洁海绵百洁布8片装,8入装,清洁用品,包,妙洁,,,,0,已启用,,,,否,否
2951,综合物资,6932691715182,雨杨水刮,无,清洁用品,把,雨杨,,,,0,已启用,,,,否,否
2952,综合物资,80000082,香精桶,28*28*42.5cm,办公耗材,个,,,,,0,已启用,,,72.00,否,否
2953,综合物资,80000081,防砸鞋套,,劳保用品,双,,,,,0,已启用,,,,否,否
2954,综合物资,80000080,防烫手套,L码 201920,劳保用品,双,代尔塔,,,,0,已启用,,,45.00,否,否
2955,综合物资,80000079,耐低温手套,,劳保用品,双,,,,,0,已启用,,,,否,否
2956,综合物资,6912504939127,9001 bulk package,NA,劳保用品,个,3M,,,,0,已启用,,,,否,否
2957,综合物资,80000077,一次性手套,100只/盒,一次性用品,盒,龙多喵,,,,0,已启用,,,0.01,否,否
2958,综合物资,80000076,防护面罩,,劳保用品,副,,,,,0,已启用,,,,否,否
2959,综合物资,80000075,防冻皮裙,,劳保用品,件,,,,,0,已启用,,,,否,否
2960,综合物资,6945797770009,一次性丁腈手套-小号,APFNCHD42100,一次性用品,盒,AMMEX爱马斯,,,,0,已启用,,,0.01,否,否
2961,综合物资,80000073,防毒面具,GB2890-2009双盒 P-A-1,劳保用品,套,创邦,,,,0,已启用,,,,否,否
2962,综合物资,6920694309415,FF0501-38——休闲款多功能安全鞋  保护足趾  防刺穿,38码,劳保用品,双,SATA世达,,,,0,已启用,,,,否,否
2963,综合物资,80000071,防砸防刺鞋,FF0603/39码,劳保用品,双,世达,,,,0,已启用,,,159.00,否,否
2964,综合物资,6971353134459,LARNMERN,36码,劳保用品,双,,,,,0,已启用,,,,否,否
2965,综合物资,6947924100031,欣安保暖手套999-40,12.5*40,劳保用品,双,欣安,,,,0,已启用,,,,否,否
2966,综合物资,DG003M42,叉车专用皮鞋（加绒）,42码,劳保用品,双,鼎固,,,,0,已启用,,,,否,否
2967,综合物资,80000067,半指手套,,劳保用品,双,,,,,0,已启用,,,,否,否
2968,综合物资,80000066,一次性洁净服,连体/XXXL,劳保用品,件,,,,,0,已启用,0.000,,67.00,否,否
2969,综合物资,6973352050068,医用外科口罩 17.5cm*9.5cm,10片,劳保用品,包,爱康佳,,,,0,已启用,,,,否,否
2970,综合物资,6972940817373,医用丁腈检查手套（耐用型）,"100只/盒  10盒/箱,M,白色",劳保用品,盒,英科医疗,,,,0,已启用,,,,否,否
2971,综合物资,6938011215066,今健JB-506型粘鼠板,张,通用类,张,今健,,,,0,已启用,,,,否,否
2972,综合物资,80000062,卡箍,65-89mm,通用类,个,,,,,0,已启用,,,,否,否
2973,综合物资,80000061,卫生纸分配器,,通用类,个,维达,,,,0,已启用,,,,否,否
2974,综合物资,80000060,执手门锁,,通用类,个,爱家堡,,,,0,已启用,,,,否,否
2975,综合物资,80000059,长挂钩,,通用类,个,,,,,0,已启用,,,,否,否
2976,综合物资,80000058,磨刀石,,通用类,块,,,,,0,已启用,,,,否,否
2977,综合物资,80000057,一次性送检盒子,,通用类,个,,,,,0,已启用,,,,否,否
2978,综合物资,80000056,自封袋#8,8X100,通用类,包,美翔牌,,,,0,已启用,,,,否,否
2979,综合物资,80000055,二三插座,10A,通用类,个,公牛,,,,0,已启用,,,,否,否
2980,综合物资,80000054,水管架零件,,通用类,套,,,,,0,已启用,,,,否,否
2981,综合物资,80000053,饮水机压水器,,通用类,个,,,,,0,已启用,,,,否,否
2982,综合物资,80000052,桶盖 ,,通用类,个,,,,,0,已启用,,,,否,否
2983,综合物资,80000051,食品专用胶管,,通用类,卷,,,,,0,已启用,,,,否,否
2984,综合物资,80000050,不锈钢插销,,通用类,个,,,,,0,已启用,,,,否,否
2985,综合物资,6922646101719,606袋装,1.8m,通用类,个,BULL公牛,,,,0,已启用,,,,否,否
2986,综合物资,80000048,公牛插头,,通用类,个,,,,,0,已启用,,,,否,否
2987,综合物资,80000047,液氮接头,,通用类,个,,,,,0,已启用,,,,否,否
2988,综合物资,80000046,红色手提篮,,通用类,个,,,,,0,已启用,,,,否,否
2989,综合物资,80000045,蓝色手提篮,,通用类,个,,,,,0,已启用,,,,否,否
2990,综合物资,80000044,保安滤芯,,通用类,根,,,,,0,已启用,,,,否,否
2991,综合物资,80000043,节能灯管,,通用类,根,,,,,0,已启用,,,,否,否
2992,综合物资,80000042,通用锂基润滑油脂,2.5kg,有毒有害类,桶,屹嘉临,,,,0,已启用,,,,否,否
2993,综合物资,80000041,手摇自动喷漆,235gX12罐,有毒有害类,箱,三和,,,,0,已启用,,,,否,否
2994,综合物资,6951929000012,75%酒精（箱）,500毫升/瓶×30瓶,内部检测,箱,贵鑫,,,,0,已启用,,,180.00,否,否
2995,综合物资,6938876603589,84除菌液,JB130,有毒有害类,桶,Super jeeba,,,,0,已启用,,,,否,否
2996,综合物资,6946547235199,利安宁免洗 洗手液,500毫升,有毒有害类,瓶,利康宁,,,,0,已启用,,,,否,否
2997,综合物资,80000037,杰克森高温润滑脂林,滴点360℃/XHP222,有毒有害类,瓶,美孚,,,,0,已启用,,,,否,否
2998,综合物资,80000036,捷佳锂基润滑脂,,有毒有害类,支,红星油脂,,,,0,已启用,,,,否,否
2999,综合物资,80000035,铝箔纸,,有毒有害类,筒,,,,,0,已启用,,,,否,否
3000,综合物资,80000034,通用锂基润滑脂,2.5kg,有毒有害类,桶,屹嘉临,,,,0,已启用,,,,否,否
3001,综合物资,80000033,手摇自动喷漆,235g/白色,有毒有害类,瓶,三和,,,,0,已启用,,,,否,否
3002,综合物资,6973107482533,除胶剂,450ml,有毒有害类,瓶,保赐利,,,,0,已启用,,,15.00,否,否
3003,综合物资,6902022135217,蓝月亮自然清香深层洁净护理洗衣液,500克 自然清香深层洁净护理洗衣液,劳保用品,瓶,蓝月亮,,,,0,已启用,,,,否,否
3004,综合物资,80000030,老虎夹,,备件,个,,  备件,,,0,已启用,,,,否,否
3005,综合物资,6935205383426,得力5355增值税票据夹(蓝),5355,办公用品,个,得力,,,,0,已启用,,,,否,否
3006,综合物资,6925576202075,pvc电气胶带,20ydx18mmx0.17,备件,个,九头鸟,,,,0,已启用,,,,否,否
3007,综合物资,4549292124460,佳能黑色硒鼓CRG054 BK,黑色硒鼓CRG054 BK,办公用品,个,佳能,,,,0,已启用,,,,否,否
3008,综合物资,6934263400472,ZI5碱性电池（5号）,AA524,办公用品,粒,ZI5,,,,0,已启用,,,,否,否
3009,综合物资,6941257489559,京东京造  7号彩虹电池24粒装,电池 24粒,办公用品,盒,京东京造,,,,0,已启用,,,,否,否
3010,综合物资,6921734900128,订书钉,0012  1000枚/盒,办公用品,盒,得力,,,,0,已启用,,,2.00,否,否
3011,综合物资,6921734971845,得力7184自粘性标贴(白)18*32mm(本),7184,办公用品,包,得力,,,,0,已启用,,,,否,否
3012,综合物资,6921734964168,得力6416自粘性标贴(14*25mm白色)(个),6416,办公用品,包,得力,,,,0,已启用,,,,否,否
3013,综合物资,6921734971913,得力7191自粘性标贴(白)25*30mm(本),7191,办公用品,包,得力,,,,0,已启用,,,,否,否
3014,综合物资,6921734977304,得力7730记事贴(混)76*19mm(包),7730,办公用品,包,得力,,,,0,已启用,,,,否,否
3015,综合物资,6921734990648,得力E9064记事贴(混)45*20mm(本),E9064,办公用品,包,得力,,,,0,已启用,,,,否,否
3016,综合物资,6921734990822,得力9082记事贴(混)76*76mm(包),9082,办公用品,包,得力,,,,0,已启用,,,,否,否
3017,综合物资,6921734971548,得力7154记事贴(混)50*15mm(包),7154,办公用品,包,得力, 办公用品,,,0,已启用,,,1.50,否,否
3018,综合物资,6971684060991,塑料装订夹（50 PCS）,HP-2099,办公用品,盒,惠普生文具,,,,0,已启用,,,,否,否
3019,综合物资,6935205300157,得力30015文具胶带12mm*30y*38um(12卷/筒),30015,办公用品,卷,得力,,,,0,已启用,,,,否,否
3020,综合物资,6947503702441,晨光双头记号笔MG2130黑(新包装),1/12/144/1728 MG2130,办公用品,盒,晨光,,,,0,已启用,,,,否,否
3021,综合物资,6921734900180,回形针,0018,办公耗材,盒,得力,,,,0,已启用,,,1.50,否,否
3022,综合物资,6921734970848,铅笔（2B）,7084-2B,办公用品,支,得力,,,,0,已启用,,,12.00,否,否
3023,综合物资,6921734968180,得力思达6817优逸白板笔(黑)(支)(中包装),6817,办公用品,盒,得力思达,,,,0,已启用,,,,否,否
3024,综合物资,6921734969071,按动笔芯,6906 0.5mm（黑色）,办公耗材,盒,得力,,,,0,已启用,,,15.00,否,否
3025,综合物资,6921734998637,得力9863快干印台(红)(只),9863,办公用品,盒,得力,,,,0,已启用,,,,否,否
3026,综合物资,6921734975447,橡皮擦,7535,办公耗材,橡皮擦,得力,,,,0,已启用,,,2.00,否,否
3027,综合物资,6921734933591,得力8521长尾票夹套装(混)(82只/筒),8521,办公用品,盒,得力,,,,0,已启用,,,,否,否
3028,综合物资,6973504003041,得力51054扩音器(黑)(台),51054,办公用品,个,得力,,,,0,已启用,,,,否,否
