id,dict_id,cate_id,cate_name,big_cate_id,big_cate_name,ownership_id,ownership_name,tech_standard_version,org_id,org_code,org_name,inspection_project_id,inspection_project_name,inspection_item_id,inspection_item_code,is_judge,inspection_time_id,inspection_time,sampling_method_id,sampling_method,sampling_dept_org_id,sampling_dept_org_name,inspection_dept_org_id,inspection_dept_org_name,quant_qual_type,initial_reinspect,inspect_unit_qty,inspection_frequency_id,freq_count_text,status,order_status,ct_uid,up_uid,create_time,check_user_signature,process_arr,remark,inspection_unit_id,inspection_unit,inspection_rate_id,inspection_rate,sampling_qty,sampling_unit_id,sampling_unit,deduct_inventory,deduct_qty,deduct_unit_id,deduct_unit,inspection_tool,standard_requirement,abnormal_standard_id,abnormal_standard,indicator_unit_id,indicator_unit,lower_limit,upper_limit,decimal_places,min_unqualified_abnormal,exceed_plan,inspection_method,valid_begin_date,valid_end_date,main_image,sub_images,abnormal_result_id,abnormal_result,version,mat_info,assoc_type
1,BSYB0001,38,白砂糖,4,内容物,5,红牛,Q/RW-TS-001-2023,,,,41,感官,1,YC00000001,1,2,到货检测,1,,5,品管部,5,品管部,2,1,1,1,等于,3,1,139,,2026-06-25 09:39:15,,,,44,批次,,,100,6,g,0,,,,目测检查,晶粒均匀，晶粒或其水溶液味甜，无异味，糖品外观干燥，糖品外观松散洁白，糖品外观有光泽,1,晶粒不均匀/晶粒或其水溶液味非甜/异味/糖品外观潮湿/糖品外观紧密污浊/糖品外观无光泽,,,,,0,1,若有不合格，从同一批次另抽取10袋糖，从中各取100克复检。,每1新批次为一个检测单元，随机从1袋白糖中抽取100克进行检测。,2025-01-01,9999-12-31,,[],14,复检,001,[],"{'assoc_type': 0, 'formPerms': [], 'needSign': ''}"
2,BSYB0002,38,白砂糖,4,内容物,5,红牛,Q/RW-TS-001-2023,,,,41,感官,11,YF00000001,1,2,到货检测,1,,5,品管部,5,品管部,2,2,1,11,大于等于,3,1,139,,2026-06-25 09:39:15,,,,44,批次,,,1000,6,g,0,,,,目测检查,晶粒均匀，晶粒或其水溶液味甜，无异味，糖品外观干燥，糖品外观松散洁白，糖品外观有光泽,1,晶粒不均匀/晶粒或其水溶液味非甜/异味/糖品外观潮湿/糖品外观紧密污浊/糖品外观无光泽,,,,,0,1,若仍有不合格，初检检测单元的所有商品做退货处理。,从同一批次另抽取10袋糖，从中各取100克进行复检。,2025-01-01,9999-12-31,,[],1,退货处理,001,[],"{'assoc_type': 0, 'formPerms': [], 'needSign': ''}"
3,BSYB0003,38,白砂糖,4,内容物,5,红牛,Q/RW-TS-001-2023,,,,64,煮沸实验,1,YC00000001,1,2,到货检测,1,,5,品管部,5,品管部,2,1,1,1,等于,3,1,139,,2026-06-25 09:39:15,,,,44,批次,,,100,6,g,0,,,,电子天平，三角瓶，磁性转子、磁力搅拌器、灭菌锅,加热煮沸，观察是否有褐变现象产生,,,,,,,0,1,煮沸过程中若发生褐变，从同一批次另抽取1袋糖，从中取36克复检。,每1新批次为一个检测单元，随机从1袋白糖中抽取100克，其中36克放入已灭好菌的装有44mLRO水的300mL三角瓶中，加热煮沸20分钟，观察是否有褐变现象产生。,2025-01-01,9999-12-31,,[],14,复检,001,[],"{'assoc_type': 0, 'formPerms': [], 'needSign': ''}"
4,BSYB0004,38,白砂糖,4,内容物,5,红牛,Q/RW-TS-001-2023,,,,64,煮沸实验,12,YF00000002,1,2,到货检测,1,,5,品管部,5,品管部,2,2,1,11,大于等于,3,1,139,,2026-06-25 09:39:15,,,,44,批次,,,100,6,g,0,,,,电子天平，三角瓶，磁性转子、磁力搅拌器、灭菌锅,加热煮沸，观察是否有褐变现象产生,,,,,,,0,1,若仍有不合格，初检检测单元的所有商品做退货处理。,从同一批次另抽取1袋糖，从中取36克复检。放入已灭好菌的装有44mLRO水的300mL三角瓶中，加热煮沸20分钟，观察是否有褐变现象产生。,2025-01-01,9999-12-31,,[],1,退货处理,001,[],"{'assoc_type': 0, 'formPerms': [], 'needSign': ''}"
5,BSYB0005,38,白砂糖,4,内容物,5,红牛,Q/RW-TS-001-2023,,,,65,菌落总数,1,YC00000001,1,2,到货检测,1,,5,品管部,5,品管部,1,1,1,2,等于,3,1,139,139,2026-06-25 09:39:15,,,,44,批次,,,100,6,g,0,,,,滤膜组架、培养箱,≤5CFU/100mL/组,,,29,CFU/100mL,,5,0,1,若有不合格，从同一批次另抽取2袋糖，从中各取36克复检。,每1新批次为一个检测单元，随机从1袋白糖中抽取100克，其中36克做本次检测。每批样品做3组，每组100ml，滤膜法实验。,2025-01-01,9999-12-31,,[],14,复检,001,[],"{'assoc_type': 0, 'formPerms': [], 'needSign': ''}"
6,BSYB0006,38,白砂糖,4,内容物,5,红牛,Q/RW-TS-001-2023,,,,65,菌落总数,13,YF00000003,1,4,使用前检测,1,,5,品管部,5,品管部,1,2,1,11,大于等于,3,1,139,139,2026-06-25 09:39:15,,,,44,批次,,,72,6,g,0,,,,滤膜组架、培养箱,≤5CFU/100mL/组,,,29,CFU/100mL,,5,0,1,若仍有不合格，初检检测单元的所有商品做退货处理。,从同一批次另抽取2袋糖，从中各取36克复检。每批样品做3组，每组100ml，滤膜法实验。,2025-01-01,9999-12-31,,[],1,退货处理,001,[],"{'assoc_type': 0, 'formPerms': [], 'needSign': ''}"
7,BSYB0007,39,香精,4,内容物,5,红牛,Q/RW-TS-001-2023,,,,41,感官,2,YC00000002,1,4,使用前检测,1,,6,生产部,5,品管部,1,1,1,1,等于,3,1,139,,2026-06-25 09:39:15,,,,44,批次,,,100,19,mL,0,,,,目测检查,无色及淡黄色液体，与标准品及色卡对比一致,2,有色/非淡黄色液体，与标准品及色卡不一致,,,50,100,0,1,若不合格，从同批次及相邻批次各抽取2桶，从中各取50ml复检。,每1新批次为一个检测单元，随机从1桶香精中抽取100ml，其中50ml做本次检测，用目测方法观察，与标准样品色卡比对是否符合标准范围。,2025-01-01,9999-12-31,,[],14,复检,001,[],"{'assoc_type': 0, 'formPerms': [], 'needSign': ''}"
8,BSYB0008,39,香精,4,内容物,5,红牛,Q/RW-TS-001-2023,,,,41,感官,14,YF00000004,1,4,使用前检测,1,,6,生产部,5,品管部,1,2,2,11,大于等于,3,1,139,,2026-06-25 09:39:15,,,,44,批次,,,200,19,mL,0,,,,目测检查,无色及淡黄色液体，与标准品及色卡对比一致,2,有色/非淡黄色液体，与标准品及色卡不一致,,,50,100,0,1,若仍有不合格，通知生产部暂停使用有问题批次香精，将具体信息报给技术管理部。问题批次的所有商品做退货处理。,从同批次及相邻批次各抽取2桶，从中各取50ml复检。用目测方法观察，与标准样品色卡比对是否符合标准范围。,2025-01-01,9999-12-31,,[],1,退货处理,001,[],"{'assoc_type': 0, 'formPerms': [], 'needSign': ''}"
9,BSYB0009,39,香精,4,内容物,5,红牛,Q/RW-TS-001-2023,,,,41,感官,2,YC00000002,1,4,使用前检测,1,,6,生产部,5,品管部,2,1,1,1,等于,3,1,139,,2026-06-25 09:39:15,,,,44,批次,,,100,19,mL,0,,,,嗅觉、味觉,香味特征、强度、口感，要求试样与标准品无差异,3,香味特征差异/香味强度差异/口感差异,,,,,0,1,若不合格，从同批次及相邻批次各抽取2桶，从中各取50ml复检。,每1新批次为一个检测单元，随机从1桶香精中抽取100ml，用闻香纸进行蘸取检测。,2025-01-01,9999-12-31,,[],14,复检,001,[],"{'assoc_type': 0, 'formPerms': [], 'needSign': ''}"
10,BSYB0010,39,香精,4,内容物,5,红牛,Q/RW-TS-001-2023,,,,41,感官,14,YF00000004,1,4,使用前检测,1,,6,生产部,5,品管部,2,2,2,11,大于等于,3,1,139,,2026-06-25 09:39:15,,,,44,批次,,,200,19,mL,0,,,,嗅觉、味觉,香味特征、强度、口感，要求试样与标准品无差异,3,香味特征差异/香味强度差异/口感差异,,,,,0,1,若仍有不合格，通知生产部暂停使用有问题批次香精，将具体信息报给技术管理部。问题批次的所有商品做退货处理。,从同批次及相邻批次各抽取2桶，从中各取50ml复检。用闻香纸进行蘸取检测。,2025-01-01,9999-12-31,,[],1,退货处理,001,[],"{'assoc_type': 0, 'formPerms': [], 'needSign': ''}"
11,BSYB0011,39,香精,4,内容物,5,红牛,Q/RW-TS-001-2023,,,,41,感官,2,YC00000002,1,4,使用前检测,1,,6,生产部,5,品管部,2,1,1,1,等于,3,1,139,,2026-06-25 09:39:15,,,,44,批次,,,100,19,mL,0,,,,嗅觉,与标准品对比无差异,,,,,,,0,1,若不合格，从同批次及相邻批次各抽取2桶，从中各取50ml复检。,每1新批次为一个检测单元，随机从1桶香精中抽取100ml。用闻香纸分别蘸取容器内待检试样与标准样品1cm~2cm，然后用嗅觉进行评香。要求试样同标准样品对比一致，应具有复合香精特有的香气，无异杂气。,2025-01-01,9999-12-31,,[],14,复检,001,[],"{'assoc_type': 0, 'formPerms': [], 'needSign': ''}"
12,BSYB0012,39,香精,4,内容物,5,红牛,Q/RW-TS-001-2023,,,,41,感官,14,YF00000004,1,4,使用前检测,1,,6,生产部,5,品管部,2,2,2,11,大于等于,3,1,139,,2026-06-25 09:39:15,,,,44,批次,,,200,19,mL,0,,,,嗅觉,与标准品对比无差异,,,,,,,0,1,若仍有不合格，通知生产部暂停使用有问题批次香精，将具体信息报给技术管理部。问题批次的所有商品做退货处理。,从同批次及相邻批次各抽取2桶，从中各取50ml复检。用闻香纸分别蘸取容器内待检试样与标准样品1cm~2cm，然后用嗅觉进行评香。要求试样同标准样品对比一致，应具有复合香精特有的香气，无异杂气。,2025-01-01,9999-12-31,,[],1,退货处理,001,[],"{'assoc_type': 0, 'formPerms': [], 'needSign': ''}"
13,BSYB0013,39,香精,4,内容物,5,红牛,Q/RW-TS-001-2023,,,,66,相对密度,2,YC00000002,1,4,使用前检测,1,,6,生产部,5,品管部,1,1,1,1,等于,3,1,139,,2026-06-25 09:39:15,,,,44,批次,,,100,19,mL,0,,,,温度计、密度计,内容物温度需达到20℃,,,36,g/cm³,0.9150,0.9350,4,1,若不合格，从同批次及相邻批次各抽取2桶，从中各取10ml复检。,每1新批次为一个检测单元，随机从1桶香精中抽取100ml，其中10ml做本次检测。使用密度计进行检测。,2025-01-01,9999-12-31,,[],14,复检,001,[],"{'assoc_type': 0, 'formPerms': [], 'needSign': ''}"
14,BSYB0014,39,香精,4,内容物,5,红牛,Q/RW-TS-001-2023,,,,66,相对密度,2,YC00000002,1,4,使用前检测,1,,6,生产部,5,品管部,1,1,1,1,等于,3,1,139,,2026-06-25 09:39:15,,,,44,批次,,,100,19,mL,0,,,,温度计、密度计,内容物温度需达到20℃,,,36,g/cm³,0.9180,0.9380,4,1,若不合格，从同批次及相邻批次各抽取2桶，从中各取10ml复检。,每1新批次为一个检测单元，随机从1桶香精中抽取100ml，其中10ml做本次检测。使用密度计进行检测。,2025-01-01,9999-12-31,,[],14,复检,001,[],"{'assoc_type': 0, 'formPerms': [], 'needSign': ''}"
15,BSYB0015,39,香精,4,内容物,5,红牛,Q/RW-TS-001-2023,,,,66,相对密度,2,YC00000002,1,4,使用前检测,1,,6,生产部,5,品管部,1,1,1,1,等于,3,1,139,,2026-06-25 09:39:15,,,,44,批次,,,100,19,mL,0,,,,温度计、密度计,内容物温度需达到20℃,,,36,g/cm³,0.9108,0.9308,4,1,若不合格，从同批次及相邻批次各抽取2桶，从中各取10ml复检。,每1新批次为一个检测单元，随机从1桶香精中抽取100ml，其中10ml做本次检测。使用密度计进行检测。,2025-01-01,9999-12-31,,[],14,复检,001,[],"{'assoc_type': 0, 'formPerms': [], 'needSign': ''}"
16,BSYB0016,39,香精,4,内容物,5,红牛,Q/RW-TS-001-2023,,,,66,相对密度,2,YC00000002,1,4,使用前检测,1,,6,生产部,5,品管部,1,1,1,1,等于,3,1,139,,2026-06-25 09:39:15,,,,44,批次,,,100,19,mL,0,,,,温度计、密度计,内容物温度需达到20℃,,,36,g/cm³,0.9158,0.9358,4,1,若不合格，从同批次及相邻批次各抽取2桶，从中各取10ml复检。,每1新批次为一个检测单元，随机从1桶香精中抽取100ml，其中10ml做本次检测。使用密度计进行检测。,2025-01-01,9999-12-31,,[],14,复检,001,[],"{'assoc_type': 0, 'formPerms': [], 'needSign': ''}"
17,BSYB0017,39,香精,4,内容物,5,红牛,Q/RW-TS-001-2023,,,,66,相对密度,2,YC00000002,1,4,使用前检测,1,,6,生产部,5,品管部,1,1,1,1,等于,3,1,139,,2026-06-25 09:39:15,,,,44,批次,,,100,19,mL,0,,,,温度计、密度计,内容物温度需达到20℃,,,36,g/cm³,0.9180,0.9380,4,1,若不合格，从同批次及相邻批次各抽取2桶，从中各取10ml复检。,每1新批次为一个检测单元，随机从1桶香精中抽取100ml，其中10ml做本次检测。使用密度计进行检测。,2025-01-01,9999-12-31,,[],14,复检,001,[],"{'assoc_type': 0, 'formPerms': [], 'needSign': ''}"
18,BSYB0018,39,香精,4,内容物,5,红牛,Q/RW-TS-001-2023,,,,66,相对密度,14,YF00000004,1,4,使用前检测,1,,6,生产部,5,品管部,1,2,2,11,大于等于,3,1,139,,2026-06-25 09:39:15,,,,44,批次,,,40,19,mL,0,,,,温度计、密度计,内容物温度需达到20℃,,,36,g/cm³,0.9150,0.9350,4,1,若仍有不合格，通知生产部暂停使用有问题批次香精，将具体信息报给技术管理部。问题批次的所有商品做退货处理。,从同批次及相邻批次各抽取2桶，从中各取10ml复检。使用密度计进行检测。,2025-01-01,9999-12-31,,[],1,退货处理,001,[],"{'assoc_type': 0, 'formPerms': [], 'needSign': ''}"
19,BSYB0019,39,香精,4,内容物,5,红牛,Q/RW-TS-001-2023,,,,66,相对密度,14,YF00000004,1,4,使用前检测,1,,6,生产部,5,品管部,1,2,2,11,大于等于,3,1,139,,2026-06-25 09:39:15,,,,44,批次,,,40,19,mL,0,,,,温度计、密度计,内容物温度需达到20℃,,,36,g/cm³,0.9180,0.9380,4,1,若仍有不合格，通知生产部暂停使用有问题批次香精，将具体信息报给技术管理部。问题批次的所有商品做退货处理。,从同批次及相邻批次各抽取2桶，从中各取10ml复检。使用密度计进行检测。,2025-01-01,9999-12-31,,[],1,退货处理,001,[],"{'assoc_type': 0, 'formPerms': [], 'needSign': ''}"
20,BSYB0020,39,香精,4,内容物,5,红牛,Q/RW-TS-001-2023,,,,66,相对密度,14,YF00000004,1,4,使用前检测,1,,6,生产部,5,品管部,1,2,2,11,大于等于,3,1,139,,2026-06-25 09:39:15,,,,44,批次,,,40,19,mL,0,,,,温度计、密度计,内容物温度需达到20℃,,,36,g/cm³,0.9108,0.9308,4,1,若仍有不合格，通知生产部暂停使用有问题批次香精，将具体信息报给技术管理部。问题批次的所有商品做退货处理。,从同批次及相邻批次各抽取2桶，从中各取10ml复检。使用密度计进行检测。,2025-01-01,9999-12-31,,[],1,退货处理,001,[],"{'assoc_type': 0, 'formPerms': [], 'needSign': ''}"
21,BSYB0021,39,香精,4,内容物,5,红牛,Q/RW-TS-001-2023,,,,66,相对密度,14,YF00000004,1,4,使用前检测,1,,6,生产部,5,品管部,1,2,2,11,大于等于,3,1,139,,2026-06-25 09:39:15,,,,44,批次,,,40,19,mL,0,,,,温度计、密度计,内容物温度需达到20℃,,,36,g/cm³,0.9158,0.9358,4,1,若仍有不合格，通知生产部暂停使用有问题批次香精，将具体信息报给技术管理部。问题批次的所有商品做退货处理。,从同批次及相邻批次各抽取2桶，从中各取10ml复检。使用密度计进行检测。,2025-01-01,9999-12-31,,[],1,退货处理,001,[],"{'assoc_type': 0, 'formPerms': [], 'needSign': ''}"
22,BSYB0022,39,香精,4,内容物,5,红牛,Q/RW-TS-001-2023,,,,66,相对密度,14,YF00000004,1,4,使用前检测,1,,6,生产部,5,品管部,1,2,2,11,大于等于,3,1,139,,2026-06-25 09:39:15,,,,44,批次,,,40,19,mL,0,,,,温度计、密度计,内容物温度需达到20℃,,,36,g/cm³,0.9180,0.9380,4,1,若仍有不合格，通知生产部暂停使用有问题批次香精，将具体信息报给技术管理部。问题批次的所有商品做退货处理。,从同批次及相邻批次各抽取2桶，从中各取10ml复检。使用密度计进行检测。,2025-01-01,9999-12-31,,[],1,退货处理,001,[],"{'assoc_type': 0, 'formPerms': [], 'needSign': ''}"
23,BSYB0023,39,香精,4,内容物,5,红牛,Q/RW-TS-001-2023,,,,67,可溶性固形物,2,YC00000002,1,4,使用前检测,1,,6,生产部,5,品管部,1,1,1,1,等于,3,1,139,,2026-06-25 09:39:15,,,,44,批次,,,100,19,mL,0,,,,温度计、糖度计,内容物温度需达到20℃,,,26,%,41.10,42.90,2,1,若不合格，从同批次及相邻批次各抽取2桶，从中各取5ml复检。,每1新批次为一个检测单元，随机从1桶香精中抽取100ml，其中5ml做本次检测。使用密度计进行检测。,2025-01-01,9999-12-31,,[],14,复检,001,[],"{'assoc_type': 0, 'formPerms': [], 'needSign': ''}"
24,BSYB0024,39,香精,4,内容物,5,红牛,Q/RW-TS-001-2023,,,,67,可溶性固形物,2,YC00000002,1,4,使用前检测,1,,6,生产部,5,品管部,1,1,1,1,等于,3,1,139,,2026-06-25 09:39:15,,,,44,批次,,,100,19,mL,0,,,,温度计、糖度计,内容物温度需达到20℃,,,26,%,41.70,43.70,2,1,若不合格，从同批次及相邻批次各抽取2桶，从中各取5ml复检。,每1新批次为一个检测单元，随机从1桶香精中抽取100ml，其中5ml做本次检测。使用密度计进行检测。,2025-01-01,9999-12-31,,[],14,复检,001,[],"{'assoc_type': 0, 'formPerms': [], 'needSign': ''}"
25,BSYB0025,39,香精,4,内容物,5,红牛,Q/RW-TS-001-2023,,,,67,可溶性固形物,2,YC00000002,1,4,使用前检测,1,,6,生产部,5,品管部,1,1,1,1,等于,3,1,139,,2026-06-25 09:39:15,,,,44,批次,,,100,19,mL,0,,,,温度计、糖度计,内容物温度需达到20℃,,,26,%,39.10,41.10,2,1,若不合格，从同批次及相邻批次各抽取2桶，从中各取5ml复检。,每1新批次为一个检测单元，随机从1桶香精中抽取100ml，其中5ml做本次检测。使用密度计进行检测。,2025-01-01,9999-12-31,,[],14,复检,001,[],"{'assoc_type': 0, 'formPerms': [], 'needSign': ''}"
26,BSYB0026,39,香精,4,内容物,5,红牛,Q/RW-TS-001-2023,,,,67,可溶性固形物,2,YC00000002,1,4,使用前检测,1,,6,生产部,5,品管部,1,1,1,1,等于,3,1,139,,2026-06-25 09:39:15,,,,44,批次,,,100,19,mL,0,,,,温度计、糖度计,内容物温度需达到20℃,,,26,%,41.10,42.90,2,1,若不合格，从同批次及相邻批次各抽取2桶，从中各取5ml复检。,每1新批次为一个检测单元，随机从1桶香精中抽取100ml，其中5ml做本次检测。使用密度计进行检测。,2025-01-01,9999-12-31,,[],14,复检,001,[],"{'assoc_type': 0, 'formPerms': [], 'needSign': ''}"
27,BSYB0027,39,香精,4,内容物,5,红牛,Q/RW-TS-001-2023,,,,67,可溶性固形物,2,YC00000002,1,4,使用前检测,1,,6,生产部,5,品管部,1,1,1,1,等于,3,1,139,,2026-06-25 09:39:15,,,,44,批次,,,100,19,mL,0,,,,温度计、糖度计,内容物温度需达到20℃,,,26,%,41.10,43.70,2,1,若不合格，从同批次及相邻批次各抽取2桶，从中各取5ml复检。,每1新批次为一个检测单元，随机从1桶香精中抽取100ml，其中5ml做本次检测。使用密度计进行检测。,2025-01-01,9999-12-31,,[],14,复检,001,[],"{'assoc_type': 0, 'formPerms': [], 'needSign': ''}"
28,BSYB0028,39,香精,4,内容物,5,红牛,Q/RW-TS-001-2023,,,,67,可溶性固形物,14,YF00000004,1,4,使用前检测,1,,6,生产部,5,品管部,1,2,2,11,大于等于,3,1,139,,2026-06-25 09:39:15,,,,44,批次,,,20,19,mL,0,,,,温度计、糖度计,内容物温度需达到20℃,,,26,%,41.10,42.90,2,1,若仍有不合格，通知生产部暂停使用有问题批次香精，将具体信息报给技术管理部。问题批次的所有商品做退货处理。,从同批次及相邻批次各抽取2桶，从中各取5ml复检。使用密度计进行检测。,2025-01-01,9999-12-31,,[],1,退货处理,001,[],"{'assoc_type': 0, 'formPerms': [], 'needSign': ''}"
29,BSYB0029,39,香精,4,内容物,5,红牛,Q/RW-TS-001-2023,,,,67,可溶性固形物,14,YF00000004,1,4,使用前检测,1,,6,生产部,5,品管部,1,2,2,11,大于等于,3,1,139,,2026-06-25 09:39:15,,,,44,批次,,,20,19,mL,0,,,,温度计、糖度计,内容物温度需达到20℃,,,26,%,41.70,43.70,2,1,若仍有不合格，通知生产部暂停使用有问题批次香精，将具体信息报给技术管理部。问题批次的所有商品做退货处理。,从同批次及相邻批次各抽取2桶，从中各取5ml复检。使用密度计进行检测。,2025-01-01,9999-12-31,,[],1,退货处理,001,[],"{'assoc_type': 0, 'formPerms': [], 'needSign': ''}"
30,BSYB0030,39,香精,4,内容物,5,红牛,Q/RW-TS-001-2023,,,,67,可溶性固形物,14,YF00000004,1,4,使用前检测,1,,6,生产部,5,品管部,1,2,2,11,大于等于,3,1,139,,2026-06-25 09:39:15,,,,44,批次,,,20,19,mL,0,,,,温度计、糖度计,内容物温度需达到20℃,,,26,%,39.10,41.10,2,1,若仍有不合格，通知生产部暂停使用有问题批次香精，将具体信息报给技术管理部。问题批次的所有商品做退货处理。,从同批次及相邻批次各抽取2桶，从中各取5ml复检。使用密度计进行检测。,2025-01-01,9999-12-31,,[],1,退货处理,001,[],"{'assoc_type': 0, 'formPerms': [], 'needSign': ''}"
31,BSYB0031,39,香精,4,内容物,5,红牛,Q/RW-TS-001-2023,,,,67,可溶性固形物,14,YF00000004,1,4,使用前检测,1,,6,生产部,5,品管部,1,2,2,11,大于等于,3,1,139,,2026-06-25 09:39:15,,,,44,批次,,,20,19,mL,0,,,,温度计、糖度计,内容物温度需达到20℃,,,26,%,41.10,42.90,2,1,若仍有不合格，通知生产部暂停使用有问题批次香精，将具体信息报给技术管理部。问题批次的所有商品做退货处理。,从同批次及相邻批次各抽取2桶，从中各取5ml复检。使用密度计进行检测。,2025-01-01,9999-12-31,,[],1,退货处理,001,[],"{'assoc_type': 0, 'formPerms': [], 'needSign': ''}"
32,BSYB0032,39,香精,4,内容物,5,红牛,Q/RW-TS-001-2023,,,,67,可溶性固形物,14,YF00000004,1,4,使用前检测,1,,6,生产部,5,品管部,1,2,2,11,大于等于,3,1,139,,2026-06-25 09:39:15,,,,44,批次,,,20,19,mL,0,,,,温度计、糖度计,内容物温度需达到20℃,,,26,%,41.10,43.70,2,1,若仍有不合格，通知生产部暂停使用有问题批次香精，将具体信息报给技术管理部。问题批次的所有商品做退货处理。,从同批次及相邻批次各抽取2桶，从中各取5ml复检。使用密度计进行检测。,2025-01-01,9999-12-31,,[],1,退货处理,001,[],"{'assoc_type': 0, 'formPerms': [], 'needSign': ''}"
33,BSYB0033,39,香精,4,内容物,5,红牛,Q/RW-TS-001-2023,,,,68,铅,3,YC00000003,1,3,定期检测,1,,6,生产部,5,品管部,1,1,,1,等于,3,1,139,139,2026-06-25 09:39:15,,,,,,4,1次/年,50,19,mL,0,,,,原子荧光光度计,≤10,,,46,mg/kg,,10,0,1,若不合格，从同批次及相邻批次各抽取2桶，从中各取50ml复检。,随机对在用香精抽取1桶，从中取约50ml，用带盖离心管盛装进行化验。,2025-01-01,9999-12-31,,[],14,复检,001,[],"{'assoc_type': 0, 'formPerms': [], 'needSign': ''}"
34,BSYB0034,39,香精,4,内容物,5,红牛,Q/RW-TS-001-2023,,,,68,铅,15,YF00000005,1,3,定期检测,1,,6,生产部,5,品管部,1,2,,11,大于等于,3,1,139,139,2026-06-25 09:39:15,,,,,,4,1次/年,200,19,mL,0,,,,原子荧光光度计,≤10,,,46,mg/kg,,10,0,1,若仍有不合格，通知生产部暂停使用有问题批次香精，将具体信息报给技术管理部。问题批次的所有商品做退货处理。,从同批次及相邻批次各抽取2桶，从中各取50ml复检。,2025-01-01,9999-12-31,,[],1,退货处理,001,[],"{'assoc_type': 0, 'formPerms': [], 'needSign': ''}"
35,BSYB0035,39,香精,4,内容物,5,红牛,Q/RW-TS-001-2023,,,,69,砷,3,YC00000003,1,3,定期检测,1,,6,生产部,5,品管部,1,1,,1,等于,3,1,139,139,2026-06-25 09:39:15,,,,,,4,1次/年,50,19,mL,0,,,,原子荧光光度计,≤3,,,46,mg/kg,,3,0,1,若不合格，从同批次及相邻批次各抽取2桶，从中各取50ml复检。,随机对在用香精抽取1桶，从中取约50ml，用带盖离心管盛装进行化验。,2025-01-01,9999-12-31,,[],14,复检,001,[],"{'assoc_type': 0, 'formPerms': [], 'needSign': ''}"
36,BSYB0036,39,香精,4,内容物,5,红牛,Q/RW-TS-001-2023,,,,69,砷,15,YF00000005,1,3,定期检测,1,,6,生产部,5,品管部,1,2,,11,大于等于,3,1,139,139,2026-06-25 09:39:15,,,,,,4,1次/年,200,19,mL,0,,,,原子荧光光度计,≤3,,,46,mg/kg,,3,0,1,若仍有不合格，通知生产部暂停使用有问题批次香精，将具体信息报给技术管理部。问题批次的所有商品做退货处理。,从同批次及相邻批次各抽取2桶，从中各取50ml复检。,2025-01-01,9999-12-31,,[],1,退货处理,001,[],"{'assoc_type': 0, 'formPerms': [], 'needSign': ''}"
37,BSYB0037,57,空罐,3,包材,5,红牛,Q/RW-TS-001-2023,,,,7,缺陷电流,4,YC00000004,1,2,到货检测,1,,4,储运采购部,5,品管部,1,1,8,5,等于,3,1,139,139,2026-06-25 09:39:15,,,,44,批次,,,8,14,CAN,1,8,14,CAN,"贵州基地：罐内涂膜完整性测定仪。
湖北基地：电流仪",＜3mA,,,22,mA,,2.99,2,1,若有不合格，取同一托8罐复检。,每8托为一个检测单元，每一托盘随机抽取样品1罐，共8罐，并做好标识。8罐均做本次检测。,2025-01-01,9999-12-31,,[],14,复检,001,[],"{'assoc_type': 0, 'formPerms': [], 'needSign': ''}"
38,BSYB0038,57,空罐,3,包材,5,红牛,Q/RW-TS-001-2023,,,,7,缺陷电流,16,YF00000006,1,2,到货检测,1,,4,储运采购部,5,品管部,1,2,1,11,大于等于,3,1,139,139,2026-06-25 09:39:15,,,,44,批次,,,8,14,CAN,1,8,14,CAN,"贵州基地：罐内涂膜完整性测定仪。
湖北基地：电流仪",＜3mA,,,22,mA,,2.99,2,1,若仍有不合格，初检检测单元的所有商品做退货处理。,从初检问题托盘中每托取8罐复检。,2025-01-01,9999-12-31,,[],1,退货处理,001,[],"{'assoc_type': 0, 'formPerms': [], 'needSign': ''}"
39,BSYB0039,57,空罐,3,包材,5,红牛,Q/RW-TS-001-2023,,,,140,焊缝外补涂外观,4,YC00000004,1,2,到货检测,1,,4,储运采购部,5,品管部,2,1,8,2,等于,3,1,139,,2026-06-25 09:39:15,,,,44,批次,,,8,14,CAN,1,8,14,CAN,目测检查,均匀、光滑、平整、不得存在露铁、沙眼、毛刺等现象,45,不均匀/粗糙/凹凸/露铁/沙眼/毛刺/其他,,,,,0,1,若有不合格，取同一托20罐复检。,每8托为一个检测单元，每一托盘随机抽取样品1罐，共8罐，并做好标识。其中3罐做本次检测。,2025-01-01,9999-12-31,,[],14,复检,001,[],"{'assoc_type': 0, 'formPerms': [], 'needSign': ''}"
40,BSYB0040,57,空罐,3,包材,5,红牛,Q/RW-TS-001-2023,,,,70,焊缝外补涂实验,4,YC00000004,1,2,到货检测,1,,4,储运采购部,5,品管部,2,1,8,2,等于,3,1,139,,2026-06-25 09:39:15,,,,44,批次,,,8,14,CAN,1,8,14,CAN,20%硫酸铜溶液，棉签,20%硫酸铜溶液涂抹无腐蚀异常,,,,,,,0,1,若出现腐蚀生锈，取同一托20罐复检。,每8托为一个检测单元，每一托盘随机抽取样品1罐，共8罐，并做好标识。其中3罐做本次检测。20%硫酸铜溶液涂抹后静置3分钟，目测观察是否出现腐蚀生锈现象。,2025-01-01,9999-12-31,,[],14,复检,001,[],"{'assoc_type': 0, 'formPerms': [], 'needSign': ''}"
41,BSYB0041,57,空罐,3,包材,5,红牛,Q/RW-TS-001-2023,,,,140,焊缝外补涂外观,17,YF00000007,1,2,到货检测,1,,4,储运采购部,5,品管部,2,2,1,11,大于等于,3,1,139,,2026-06-25 09:39:15,,,,44,批次,,,20,14,CAN,1,20,14,CAN,目测检查,均匀、光滑、平整、不得存在露铁、沙眼、毛刺等现象,45,不均匀/粗糙/凹凸/露铁/沙眼/毛刺/其他,,,,,0,1,若仍有不合格，初检检测单元的所有商品做退货处理。,从初检问题托盘中每托取20罐复检。,2025-01-01,9999-12-31,,[],1,退货处理,001,[],"{'assoc_type': 0, 'formPerms': [], 'needSign': ''}"
42,BSYB0042,57,空罐,3,包材,5,红牛,Q/RW-TS-001-2023,,,,70,焊缝外补涂实验,17,YF00000007,1,2,到货检测,1,,4,储运采购部,5,品管部,2,2,1,11,大于等于,3,1,139,,2026-06-25 09:39:15,,,,44,批次,,,20,14,CAN,1,20,14,CAN,20%硫酸铜溶液，棉签,20%硫酸铜溶液涂抹无腐蚀异常,,,,,,,0,1,若仍有不合格，初检检测单元的所有商品做退货处理。,20%硫酸铜溶液涂抹后静置3分钟，目测观察是否出现腐蚀生锈现象。,2025-01-01,9999-12-31,,[],1,退货处理,001,[],"{'assoc_type': 0, 'formPerms': [], 'needSign': ''}"
43,BSYB0043,57,空罐,3,包材,5,红牛,Q/RW-TS-001-2023,,,,71,标签标识,4,YC00000004,1,2,到货检测,1,,4,储运采购部,5,品管部,2,1,8,1,等于,3,1,139,,2026-06-25 09:39:15,,,,44,批次,,,8,14,CAN,1,8,14,CAN,目测检查,内容正确、无错位、无印刷不良,46,内容错误/内容错位/印刷不良,,,,,0,1,若有不合格，在同一托复检1000罐。,每8托为一个检测单元，每一托盘随机抽取样品1罐，共8罐，并做好标识。其中1罐做本次检测。,2025-01-01,9999-12-31,,[],14,复检,001,[],"{'assoc_type': 0, 'formPerms': [], 'needSign': ''}"
44,BSYB0044,57,空罐,3,包材,5,红牛,Q/RW-TS-001-2023,,,,71,标签标识,18,YF00000008,1,2,到货检测,1,,4,储运采购部,5,品管部,2,2,1,11,大于等于,3,1,139,,2026-06-25 09:39:15,,,,44,批次,,,1000,14,CAN,0,,,,目测检查,内容正确、无错位、无印刷不良,46,内容错误/内容错位/印刷不良,,,,,0,1,若仍有不合格，初检检测单元的所有商品做退货处理。,从初检问题托盘中每托取1000罐复检。,2025-01-01,9999-12-31,,[],1,退货处理,001,[],"{'assoc_type': 0, 'formPerms': [], 'needSign': ''}"
45,BSYB0045,57,空罐,3,包材,5,红牛,Q/RW-TS-001-2023,,,,37,外观质量,4,YC00000004,1,2,到货检测,1,,4,储运采购部,5,品管部,2,1,8,5,等于,3,1,139,,2026-06-25 09:39:15,,,,44,批次,,,8,14,CAN,1,8,14,CAN,目测检查,无A类不合格,4,内涂发霉/罐内有异物/罐内有油污/罐体印刷脏/罐体外焊缝发黑/内流胶/焊缝有毛刺/砂眼/大于1cm²的凹痕/焊缝端两边错位大于0.5mm/内涂膜及焊缝补涂带有明显气泡/焊缝粉末喷涂擦伤露铁/罐体变形/罐体印刷有严重色差/罐体颜色超出标准/内印色/翻边损伤/缩颈变形/印刷图案倒置/罐身有明显划痕/翻边严重变形/罐底无蓝点/蓝点严重划伤/冷焊/漏焊/孔洞/裂口/快口/假卷/大塌边/卷边不完全/卷边牙齿/铁舌/跳封/卷边碎裂/填料挤出/锐边/垂唇/双线,,,,,0,1,若有不合格，在同一托复检1000罐。,每8托为一个检测单元，每一托盘随机抽取样品1罐，共8罐，并做好标识。8罐均做本次检测。,2025-01-01,9999-12-31,,[],14,复检,001,[],"{'assoc_type': 0, 'formPerms': [], 'needSign': ''}"
46,BSYB0046,57,空罐,3,包材,5,红牛,Q/RW-TS-001-2023,,,,37,外观质量,4,YC00000004,1,2,到货检测,1,,4,储运采购部,5,品管部,2,1,8,5,等于,3,1,139,,2026-06-25 09:39:15,,,,44,批次,,,8,14,CAN,1,8,14,CAN,目测检查,无B类不合格,5,轻度凹痕但缺陷电流合格/罐体轻微色差/内涂不匀或有小气泡/内涂有轻微划痕但缺陷电流合格/罐内有焊接飞溅点/填料轻微外挤出/翻边轻度变形/罐底蓝点脏污/罐底蓝点不全/蓝点轻微划伤/翻边轻微损伤/罐身有较多补涂飞溅点/翻边轻度损伤/强化型拉环露铝,,,,,0,1,若有不合格，在同一托复检1000罐。,每8托为一个检测单元，每一托盘随机抽取样品1罐，共8罐，并做好标识。8罐均做本次检测。,2025-01-01,9999-12-31,,[],14,复检,001,[],"{'assoc_type': 0, 'formPerms': [], 'needSign': ''}"
47,BSYB0047,57,空罐,3,包材,5,红牛,Q/RW-TS-001-2023,,,,37,外观质量,18,YF00000008,1,2,到货检测,1,,4,储运采购部,5,品管部,2,2,1,11,大于等于,3,1,139,,2026-06-25 09:39:15,,,,44,批次,,,1000,14,CAN,0,,,,目测检查,无A类不合格,4,内涂发霉/罐内有异物/罐内有油污/罐体印刷脏/罐体外焊缝发黑/内流胶/焊缝有毛刺/砂眼/大于1cm²的凹痕/焊缝端两边错位大于0.5mm/内涂膜及焊缝补涂带有明显气泡/焊缝粉末喷涂擦伤露铁/罐体变形/罐体印刷有严重色差/罐体颜色超出标准/内印色/翻边损伤/缩颈变形/印刷图案倒置/罐身有明显划痕/翻边严重变形/罐底无蓝点/蓝点严重划伤/冷焊/漏焊/孔洞/裂口/快口/假卷/大塌边/卷边不完全/卷边牙齿/铁舌/跳封/卷边碎裂/填料挤出/锐边/垂唇/双线,,,,,0,1,若仍有不合格，初检检测单元的所有商品做退货处理。,从初检问题托盘中每托取1000罐复检。,2025-01-01,9999-12-31,,[],1,退货处理,001,[],"{'assoc_type': 0, 'formPerms': [], 'needSign': ''}"
48,BSYB0048,57,空罐,3,包材,5,红牛,Q/RW-TS-001-2023,,,,37,外观质量,18,YF00000008,1,2,到货检测,1,,4,储运采购部,5,品管部,2,2,1,11,大于等于,3,1,139,,2026-06-25 09:39:15,,,,44,批次,,,1000,14,CAN,0,,,,目测检查,无B类不合格,5,轻度凹痕但缺陷电流合格/罐体轻微色差/内涂不匀或有小气泡/内涂有轻微划痕但缺陷电流合格/罐内有焊接飞溅点/填料轻微外挤出/翻边轻度变形/罐底蓝点脏污/罐底蓝点不全/蓝点轻微划伤/翻边轻微损伤/罐身有较多补涂飞溅点/翻边轻度损伤/强化型拉环露铝,,,,,0,50,若有≥5%的不合格空罐B类缺陷，初检检测单元的所有商品做退货处理。,从初检问题托盘中每托取1000罐复检。,2025-01-01,9999-12-31,,[],1,退货处理,001,[],"{'assoc_type': 0, 'formPerms': [], 'needSign': ''}"
49,BSYB0049,57,空罐,3,包材,5,红牛,Q/RW-TS-001-2023,7,8886,红牛维他命饮料（江苏）有限公司,72,卷边厚度,4,YC00000004,0,2,到货检测,1,,4,储运采购部,5,品管部,1,1,8,1,等于,3,1,139,,2026-06-25 09:39:15,,,,44,批次,,,8,14,CAN,1,8,14,CAN,卷封投影仪,1.20-1.40,,,23,mm,1.20,1.40,2,1,参考标准，制作记录，与供应商及时沟通，暂不做复检和退货处理检测指标,每8托为一个检测单元，每一托盘随机抽取样品1罐，共8罐，并做好标识。其中1罐做本次检测。,2025-01-01,9999-12-31,,[],15,不合格,001,[],"{'assoc_type': 0, 'formPerms': [], 'needSign': ''}"
50,BSYB0050,57,空罐,3,包材,5,红牛,Q/RW-TS-001-2023,6,8885,广东红牛维他命饮料有限公司,72,卷边厚度,4,YC00000004,0,2,到货检测,1,,4,储运采购部,5,品管部,1,1,8,1,等于,3,1,139,,2026-06-25 09:39:15,,,,44,批次,,,8,14,CAN,1,8,14,CAN,卷封投影仪,1.20-1.50,,,23,mm,1.20,1.50,2,1,参考标准，制作记录，与供应商及时沟通，暂不做复检和退货处理检测指标,每8托为一个检测单元，每一托盘随机抽取样品1罐，共8罐，并做好标识。其中1罐做本次检测。,2025-01-01,9999-12-31,,[],15,不合格,001,[],"{'assoc_type': 0, 'formPerms': [], 'needSign': ''}"
51,BSYB0051,57,空罐,3,包材,5,红牛,Q/RW-TS-001-2023,12,8880,红牛维他命饮料有限公司,72,卷边厚度,4,YC00000004,0,2,到货检测,1,,4,储运采购部,5,品管部,1,1,8,1,等于,3,1,139,,2026-06-25 09:39:15,,,,44,批次,,,8,14,CAN,1,8,14,CAN,卷封投影仪,1.20-1.50,,,23,mm,1.20,1.50,2,1,参考标准，制作记录，与供应商及时沟通，暂不做复检和退货处理检测指标,每8托为一个检测单元，每一托盘随机抽取样品1罐，共8罐，并做好标识。其中1罐做本次检测。,2025-01-01,9999-12-31,,[],15,不合格,001,[],"{'assoc_type': 0, 'formPerms': [], 'needSign': ''}"
52,BSYB0052,57,空罐,3,包材,5,红牛,Q/RW-TS-001-2023,5,8883,红牛维他命饮料（湖北）有限公司,72,卷边厚度,4,YC00000004,0,2,到货检测,1,,4,储运采购部,5,品管部,1,1,8,1,等于,3,1,139,,2026-06-25 09:39:15,,,,44,批次,,,8,14,CAN,1,8,14,CAN,卷封投影仪,1.20-1.50,,,23,mm,1.20,1.50,2,1,参考标准，制作记录，与供应商及时沟通，暂不做复检和退货处理检测指标,每8托为一个检测单元，每一托盘随机抽取样品1罐，共8罐，并做好标识。其中1罐做本次检测。,2025-01-01,9999-12-31,,[],15,不合格,001,[],"{'assoc_type': 0, 'formPerms': [], 'needSign': ''}"
53,BSYB0053,57,空罐,3,包材,5,红牛,Q/RW-TS-001-2023,9,6866,华彬快速消费品饮料（福建）有限公司,72,卷边厚度,4,YC00000004,0,2,到货检测,1,,4,储运采购部,5,品管部,1,1,8,1,等于,3,1,139,,2026-06-25 09:39:15,,,,44,批次,,,8,14,CAN,1,8,14,CAN,卷封投影仪,1.20-1.50,,,23,mm,1.20,1.50,2,1,参考标准，制作记录，与供应商及时沟通，暂不做复检和退货处理检测指标,每8托为一个检测单元，每一托盘随机抽取样品1罐，共8罐，并做好标识。其中1罐做本次检测。,2025-01-01,9999-12-31,,[],15,不合格,001,[],"{'assoc_type': 0, 'formPerms': [], 'needSign': ''}"
54,BSYB0054,57,空罐,3,包材,5,红牛,Q/RW-TS-001-2023,8,6865,华彬快速消费品饮料（贵州）有限公司,72,卷边厚度,4,YC00000004,0,2,到货检测,1,,4,储运采购部,5,品管部,1,1,8,1,等于,3,1,139,,2026-06-25 09:39:15,,,,44,批次,,,8,14,CAN,1,8,14,CAN,卷封投影仪,1.20-1.50,,,23,mm,1.20,1.50,2,1,参考标准，制作记录，与供应商及时沟通，暂不做复检和退货处理检测指标,每8托为一个检测单元，每一托盘随机抽取样品1罐，共8罐，并做好标识。其中1罐做本次检测。,2025-01-01,9999-12-31,,[],15,不合格,001,[],"{'assoc_type': 0, 'formPerms': [], 'needSign': ''}"
55,BSYB0055,57,空罐,3,包材,5,红牛,Q/RW-TS-001-2023,7,8886,红牛维他命饮料（江苏）有限公司,73,卷边宽度,4,YC00000004,0,2,到货检测,1,,4,储运采购部,5,品管部,1,1,8,1,等于,3,1,139,,2026-06-25 09:39:15,,,,44,批次,,,8,14,CAN,1,8,14,CAN,卷封投影仪,2.60-2.90,,,23,mm,2.60,2.90,2,1,参考标准，制作记录，与供应商及时沟通，暂不做复检和退货处理检测指标,每8托为一个检测单元，每一托盘随机抽取样品1罐，共8罐，并做好标识。其中1罐做本次检测。,2025-01-01,9999-12-31,,[],15,不合格,001,[],"{'assoc_type': 0, 'formPerms': [], 'needSign': ''}"
56,BSYB0056,57,空罐,3,包材,5,红牛,Q/RW-TS-001-2023,7,8886,红牛维他命饮料（江苏）有限公司,73,卷边宽度,4,YC00000004,0,2,到货检测,1,,4,储运采购部,5,品管部,1,1,8,1,等于,3,1,139,,2026-06-25 09:39:15,,,,44,批次,,,8,14,CAN,1,8,14,CAN,卷封投影仪,2.60-2.90,,,23,mm,2.60,2.90,2,1,参考标准，制作记录，与供应商及时沟通，暂不做复检和退货处理检测指标,每8托为一个检测单元，每一托盘随机抽取样品1罐，共8罐，并做好标识。其中1罐做本次检测。,2025-01-01,9999-12-31,,[],15,不合格,001,[],"{'assoc_type': 0, 'formPerms': [], 'needSign': ''}"
57,BSYB0057,57,空罐,3,包材,5,红牛,Q/RW-TS-001-2023,6,8885,广东红牛维他命饮料有限公司,73,卷边宽度,4,YC00000004,0,2,到货检测,1,,4,储运采购部,5,品管部,1,1,8,1,等于,3,1,139,,2026-06-25 09:39:15,,,,44,批次,,,8,14,CAN,1,8,14,CAN,卷封投影仪,2.50-2.90,,,23,mm,2.50,2.90,2,1,参考标准，制作记录，与供应商及时沟通，暂不做复检和退货处理检测指标,每8托为一个检测单元，每一托盘随机抽取样品1罐，共8罐，并做好标识。其中1罐做本次检测。,2025-01-01,9999-12-31,,[],15,不合格,001,[],"{'assoc_type': 0, 'formPerms': [], 'needSign': ''}"
58,BSYB0058,57,空罐,3,包材,5,红牛,Q/RW-TS-001-2023,6,8885,广东红牛维他命饮料有限公司,73,卷边宽度,4,YC00000004,0,2,到货检测,1,,4,储运采购部,5,品管部,1,1,8,1,等于,3,1,139,,2026-06-25 09:39:15,,,,44,批次,,,8,14,CAN,1,8,14,CAN,卷封投影仪,2.50-2.90,,,23,mm,2.50,2.90,2,1,参考标准，制作记录，与供应商及时沟通，暂不做复检和退货处理检测指标,每8托为一个检测单元，每一托盘随机抽取样品1罐，共8罐，并做好标识。其中1罐做本次检测。,2025-01-01,9999-12-31,,[],15,不合格,001,[],"{'assoc_type': 0, 'formPerms': [], 'needSign': ''}"
59,BSYB0059,57,空罐,3,包材,5,红牛,Q/RW-TS-001-2023,12,8880,红牛维他命饮料有限公司,73,卷边宽度,4,YC00000004,0,2,到货检测,1,,4,储运采购部,5,品管部,1,1,8,1,等于,3,1,139,,2026-06-25 09:39:15,,,,44,批次,,,8,14,CAN,1,8,14,CAN,卷封投影仪,2.50-2.90,,,23,mm,2.50,2.90,2,1,参考标准，制作记录，与供应商及时沟通，暂不做复检和退货处理检测指标,每8托为一个检测单元，每一托盘随机抽取样品1罐，共8罐，并做好标识。其中1罐做本次检测。,2025-01-01,9999-12-31,,[],15,不合格,001,[],"{'assoc_type': 0, 'formPerms': [], 'needSign': ''}"
60,BSYB0060,57,空罐,3,包材,5,红牛,Q/RW-TS-001-2023,12,8880,红牛维他命饮料有限公司,73,卷边宽度,4,YC00000004,0,2,到货检测,1,,4,储运采购部,5,品管部,1,1,8,1,等于,3,1,139,,2026-06-25 09:39:15,,,,44,批次,,,8,14,CAN,1,8,14,CAN,卷封投影仪,2.50-2.90,,,23,mm,2.50,2.90,2,1,参考标准，制作记录，与供应商及时沟通，暂不做复检和退货处理检测指标,每8托为一个检测单元，每一托盘随机抽取样品1罐，共8罐，并做好标识。其中1罐做本次检测。,2025-01-01,9999-12-31,,[],15,不合格,001,[],"{'assoc_type': 0, 'formPerms': [], 'needSign': ''}"
61,BSYB0061,57,空罐,3,包材,5,红牛,Q/RW-TS-001-2023,5,8883,红牛维他命饮料（湖北）有限公司,73,卷边宽度,4,YC00000004,0,2,到货检测,1,,4,储运采购部,5,品管部,1,1,8,1,等于,3,1,139,,2026-06-25 09:39:15,,,,44,批次,,,8,14,CAN,1,8,14,CAN,卷封投影仪,2.50-2.90,,,23,mm,2.50,2.90,2,1,参考标准，制作记录，与供应商及时沟通，暂不做复检和退货处理检测指标,每8托为一个检测单元，每一托盘随机抽取样品1罐，共8罐，并做好标识。其中1罐做本次检测。,2025-01-01,9999-12-31,,[],15,不合格,001,[],"{'assoc_type': 0, 'formPerms': [], 'needSign': ''}"
62,BSYB0062,57,空罐,3,包材,5,红牛,Q/RW-TS-001-2023,5,8883,红牛维他命饮料（湖北）有限公司,73,卷边宽度,4,YC00000004,0,2,到货检测,1,,4,储运采购部,5,品管部,1,1,8,1,等于,3,1,139,,2026-06-25 09:39:15,,,,44,批次,,,8,14,CAN,1,8,14,CAN,卷封投影仪,2.50-2.90,,,23,mm,2.50,2.90,2,1,参考标准，制作记录，与供应商及时沟通，暂不做复检和退货处理检测指标,每8托为一个检测单元，每一托盘随机抽取样品1罐，共8罐，并做好标识。其中1罐做本次检测。,2025-01-01,9999-12-31,,[],15,不合格,001,[],"{'assoc_type': 0, 'formPerms': [], 'needSign': ''}"
63,BSYB0063,57,空罐,3,包材,5,红牛,Q/RW-TS-001-2023,9,6866,华彬快速消费品饮料（福建）有限公司,73,卷边宽度,4,YC00000004,0,2,到货检测,1,,4,储运采购部,5,品管部,1,1,8,1,等于,3,1,139,,2026-06-25 09:39:15,,,,44,批次,,,8,14,CAN,1,8,14,CAN,卷封投影仪,2.50-2.90,,,23,mm,2.50,2.90,2,1,参考标准，制作记录，与供应商及时沟通，暂不做复检和退货处理检测指标,每8托为一个检测单元，每一托盘随机抽取样品1罐，共8罐，并做好标识。其中1罐做本次检测。,2025-01-01,9999-12-31,,[],15,不合格,001,[],"{'assoc_type': 0, 'formPerms': [], 'needSign': ''}"
64,BSYB0064,57,空罐,3,包材,5,红牛,Q/RW-TS-001-2023,9,6866,华彬快速消费品饮料（福建）有限公司,73,卷边宽度,4,YC00000004,0,2,到货检测,1,,4,储运采购部,5,品管部,1,1,8,1,等于,3,1,139,,2026-06-25 09:39:15,,,,44,批次,,,8,14,CAN,1,8,14,CAN,卷封投影仪,2.50-2.90,,,23,mm,2.50,2.90,2,1,参考标准，制作记录，与供应商及时沟通，暂不做复检和退货处理检测指标,每8托为一个检测单元，每一托盘随机抽取样品1罐，共8罐，并做好标识。其中1罐做本次检测。,2025-01-01,9999-12-31,,[],15,不合格,001,[],"{'assoc_type': 0, 'formPerms': [], 'needSign': ''}"
65,BSYB0065,57,空罐,3,包材,5,红牛,Q/RW-TS-001-2023,8,6865,华彬快速消费品饮料（贵州）有限公司,73,卷边宽度,4,YC00000004,0,2,到货检测,1,,4,储运采购部,5,品管部,1,1,8,1,等于,3,1,139,,2026-06-25 09:39:15,,,,44,批次,,,8,14,CAN,1,8,14,CAN,卷封投影仪,2.50-2.90,,,23,mm,2.50,2.90,2,1,参考标准，制作记录，与供应商及时沟通，暂不做复检和退货处理检测指标,每8托为一个检测单元，每一托盘随机抽取样品1罐，共8罐，并做好标识。其中1罐做本次检测。,2025-01-01,9999-12-31,,[],15,不合格,001,[],"{'assoc_type': 0, 'formPerms': [], 'needSign': ''}"
66,BSYB0066,57,空罐,3,包材,5,红牛,Q/RW-TS-001-2023,8,6865,华彬快速消费品饮料（贵州）有限公司,73,卷边宽度,4,YC00000004,0,2,到货检测,1,,4,储运采购部,5,品管部,1,1,8,1,等于,3,1,139,,2026-06-25 09:39:15,,,,44,批次,,,8,14,CAN,1,8,14,CAN,卷封投影仪,2.50-2.90,,,23,mm,2.50,2.90,2,1,参考标准，制作记录，与供应商及时沟通，暂不做复检和退货处理检测指标,每8托为一个检测单元，每一托盘随机抽取样品1罐，共8罐，并做好标识。其中1罐做本次检测。,2025-01-01,9999-12-31,,[],15,不合格,001,[],"{'assoc_type': 0, 'formPerms': [], 'needSign': ''}"
67,BSYB0067,57,空罐,3,包材,5,红牛,Q/RW-TS-001-2023,,,,73,卷边宽度,4,YC00000004,0,2,到货检测,1,,4,储运采购部,5,品管部,1,1,8,1,等于,3,1,139,,2026-06-25 09:39:15,,,,44,批次,,,8,14,CAN,1,8,14,CAN,卷封投影仪,2.50-3.00,,,23,mm,2.50,3.00,2,1,参考标准，制作记录，与供应商及时沟通，暂不做复检和退货处理检测指标,每8托为一个检测单元，每一托盘随机抽取样品1罐，共8罐，并做好标识。其中1罐做本次检测。,2025-01-01,9999-12-31,,[],15,不合格,001,[],"{'assoc_type': 0, 'formPerms': [], 'needSign': ''}"
68,BSYB0068,57,空罐,3,包材,5,红牛,Q/RW-TS-001-2023,7,8886,红牛维他命饮料（江苏）有限公司,74,身钩、盖钩长度,4,YC00000004,0,2,到货检测,1,,4,储运采购部,5,品管部,1,1,8,1,等于,3,1,139,,2026-06-25 09:39:15,,,,44,批次,,,8,14,CAN,1,8,14,CAN,卷封投影仪,1.60-2.00,,,23,mm,1.60,2.00,2,1,参考标准，制作记录，与供应商及时沟通，暂不做复检和退货处理检测指标,每8托为一个检测单元，每一托盘随机抽取样品1罐，共8罐，并做好标识。其中1罐做本次检测。,2025-01-01,9999-12-31,,[],15,不合格,001,[],"{'assoc_type': 0, 'formPerms': [], 'needSign': ''}"
69,BSYB0069,57,空罐,3,包材,5,红牛,Q/RW-TS-001-2023,7,8886,红牛维他命饮料（江苏）有限公司,74,身钩、盖钩长度,4,YC00000004,0,2,到货检测,1,,4,储运采购部,5,品管部,1,1,8,1,等于,3,1,139,,2026-06-25 09:39:15,,,,44,批次,,,8,14,CAN,1,8,14,CAN,卷封投影仪,1.60-2.00,,,23,mm,1.60,2.00,2,1,参考标准，制作记录，与供应商及时沟通，暂不做复检和退货处理检测指标,每8托为一个检测单元，每一托盘随机抽取样品1罐，共8罐，并做好标识。其中1罐做本次检测。,2025-01-01,9999-12-31,,[],15,不合格,001,[],"{'assoc_type': 0, 'formPerms': [], 'needSign': ''}"
70,BSYB0070,57,空罐,3,包材,5,红牛,Q/RW-TS-001-2023,6,8885,广东红牛维他命饮料有限公司,74,身钩、盖钩长度,4,YC00000004,0,2,到货检测,1,,4,储运采购部,5,品管部,1,1,8,1,等于,3,1,139,,2026-06-25 09:39:15,,,,44,批次,,,8,14,CAN,1,8,14,CAN,卷封投影仪,1.50-2.00,,,23,mm,1.50,2.00,2,1,参考标准，制作记录，与供应商及时沟通，暂不做复检和退货处理检测指标,每8托为一个检测单元，每一托盘随机抽取样品1罐，共8罐，并做好标识。其中1罐做本次检测。,2025-01-01,9999-12-31,,[],15,不合格,001,[],"{'assoc_type': 0, 'formPerms': [], 'needSign': ''}"
71,BSYB0071,57,空罐,3,包材,5,红牛,Q/RW-TS-001-2023,6,8885,广东红牛维他命饮料有限公司,74,身钩、盖钩长度,4,YC00000004,0,2,到货检测,1,,4,储运采购部,5,品管部,1,1,8,1,等于,3,1,139,,2026-06-25 09:39:15,,,,44,批次,,,8,14,CAN,1,8,14,CAN,卷封投影仪,1.50-2.00,,,23,mm,1.50,2.00,2,1,参考标准，制作记录，与供应商及时沟通，暂不做复检和退货处理检测指标,每8托为一个检测单元，每一托盘随机抽取样品1罐，共8罐，并做好标识。其中1罐做本次检测。,2025-01-01,9999-12-31,,[],15,不合格,001,[],"{'assoc_type': 0, 'formPerms': [], 'needSign': ''}"
72,BSYB0072,57,空罐,3,包材,5,红牛,Q/RW-TS-001-2023,12,8880,红牛维他命饮料有限公司,74,身钩、盖钩长度,4,YC00000004,0,2,到货检测,1,,4,储运采购部,5,品管部,1,1,8,1,等于,3,1,139,,2026-06-25 09:39:15,,,,44,批次,,,8,14,CAN,1,8,14,CAN,卷封投影仪,1.50-2.00,,,23,mm,1.50,2.00,2,1,参考标准，制作记录，与供应商及时沟通，暂不做复检和退货处理检测指标,每8托为一个检测单元，每一托盘随机抽取样品1罐，共8罐，并做好标识。其中1罐做本次检测。,2025-01-01,9999-12-31,,[],15,不合格,001,[],"{'assoc_type': 0, 'formPerms': [], 'needSign': ''}"
73,BSYB0073,57,空罐,3,包材,5,红牛,Q/RW-TS-001-2023,12,8880,红牛维他命饮料有限公司,74,身钩、盖钩长度,4,YC00000004,0,2,到货检测,1,,4,储运采购部,5,品管部,1,1,8,1,等于,3,1,139,,2026-06-25 09:39:15,,,,44,批次,,,8,14,CAN,1,8,14,CAN,卷封投影仪,1.50-2.00,,,23,mm,1.50,2.00,2,1,参考标准，制作记录，与供应商及时沟通，暂不做复检和退货处理检测指标,每8托为一个检测单元，每一托盘随机抽取样品1罐，共8罐，并做好标识。其中1罐做本次检测。,2025-01-01,9999-12-31,,[],15,不合格,001,[],"{'assoc_type': 0, 'formPerms': [], 'needSign': ''}"
74,BSYB0074,57,空罐,3,包材,5,红牛,Q/RW-TS-001-2023,5,8883,红牛维他命饮料（湖北）有限公司,74,身钩、盖钩长度,4,YC00000004,0,2,到货检测,1,,4,储运采购部,5,品管部,1,1,8,1,等于,3,1,139,,2026-06-25 09:39:15,,,,44,批次,,,8,14,CAN,1,8,14,CAN,卷封投影仪,1.50-2.00,,,23,mm,1.50,2.00,2,1,参考标准，制作记录，与供应商及时沟通，暂不做复检和退货处理检测指标,每8托为一个检测单元，每一托盘随机抽取样品1罐，共8罐，并做好标识。其中1罐做本次检测。,2025-01-01,9999-12-31,,[],15,不合格,001,[],"{'assoc_type': 0, 'formPerms': [], 'needSign': ''}"
75,BSYB0075,57,空罐,3,包材,5,红牛,Q/RW-TS-001-2023,5,8883,红牛维他命饮料（湖北）有限公司,74,身钩、盖钩长度,4,YC00000004,0,2,到货检测,1,,4,储运采购部,5,品管部,1,1,8,1,等于,3,1,139,,2026-06-25 09:39:15,,,,44,批次,,,8,14,CAN,1,8,14,CAN,卷封投影仪,1.50-2.00,,,23,mm,1.50,2.00,2,1,参考标准，制作记录，与供应商及时沟通，暂不做复检和退货处理检测指标,每8托为一个检测单元，每一托盘随机抽取样品1罐，共8罐，并做好标识。其中1罐做本次检测。,2025-01-01,9999-12-31,,[],15,不合格,001,[],"{'assoc_type': 0, 'formPerms': [], 'needSign': ''}"
76,BSYB0076,57,空罐,3,包材,5,红牛,Q/RW-TS-001-2023,9,6866,华彬快速消费品饮料（福建）有限公司,74,身钩、盖钩长度,4,YC00000004,0,2,到货检测,1,,4,储运采购部,5,品管部,1,1,8,1,等于,3,1,139,,2026-06-25 09:39:15,,,,44,批次,,,8,14,CAN,1,8,14,CAN,卷封投影仪,1.50-2.00,,,23,mm,1.50,2.00,2,1,参考标准，制作记录，与供应商及时沟通，暂不做复检和退货处理检测指标,每8托为一个检测单元，每一托盘随机抽取样品1罐，共8罐，并做好标识。其中1罐做本次检测。,2025-01-01,9999-12-31,,[],15,不合格,001,[],"{'assoc_type': 0, 'formPerms': [], 'needSign': ''}"
77,BSYB0077,57,空罐,3,包材,5,红牛,Q/RW-TS-001-2023,9,6866,华彬快速消费品饮料（福建）有限公司,74,身钩、盖钩长度,4,YC00000004,0,2,到货检测,1,,4,储运采购部,5,品管部,1,1,8,1,等于,3,1,139,,2026-06-25 09:39:15,,,,44,批次,,,8,14,CAN,1,8,14,CAN,卷封投影仪,1.50-2.00,,,23,mm,1.50,2.00,2,1,参考标准，制作记录，与供应商及时沟通，暂不做复检和退货处理检测指标,每8托为一个检测单元，每一托盘随机抽取样品1罐，共8罐，并做好标识。其中1罐做本次检测。,2025-01-01,9999-12-31,,[],15,不合格,001,[],"{'assoc_type': 0, 'formPerms': [], 'needSign': ''}"
78,BSYB0078,57,空罐,3,包材,5,红牛,Q/RW-TS-001-2023,8,6865,华彬快速消费品饮料（贵州）有限公司,74,身钩、盖钩长度,4,YC00000004,0,2,到货检测,1,,4,储运采购部,5,品管部,1,1,8,1,等于,3,1,139,,2026-06-25 09:39:15,,,,44,批次,,,8,14,CAN,1,8,14,CAN,卷封投影仪,1.50-2.00,,,23,mm,1.50,2.00,2,1,参考标准，制作记录，与供应商及时沟通，暂不做复检和退货处理检测指标,每8托为一个检测单元，每一托盘随机抽取样品1罐，共8罐，并做好标识。其中1罐做本次检测。,2025-01-01,9999-12-31,,[],15,不合格,001,[],"{'assoc_type': 0, 'formPerms': [], 'needSign': ''}"
79,BSYB0079,57,空罐,3,包材,5,红牛,Q/RW-TS-001-2023,8,6865,华彬快速消费品饮料（贵州）有限公司,74,身钩、盖钩长度,4,YC00000004,0,2,到货检测,1,,4,储运采购部,5,品管部,1,1,8,1,等于,3,1,139,,2026-06-25 09:39:15,,,,44,批次,,,8,14,CAN,1,8,14,CAN,卷封投影仪,1.50-2.00,,,23,mm,1.50,2.00,2,1,参考标准，制作记录，与供应商及时沟通，暂不做复检和退货处理检测指标,每8托为一个检测单元，每一托盘随机抽取样品1罐，共8罐，并做好标识。其中1罐做本次检测。,2025-01-01,9999-12-31,,[],15,不合格,001,[],"{'assoc_type': 0, 'formPerms': [], 'needSign': ''}"
80,BSYB0080,57,空罐,3,包材,5,红牛,Q/RW-TS-001-2023,,,,74,身钩、盖钩长度,4,YC00000004,0,2,到货检测,1,,4,储运采购部,5,品管部,1,1,8,1,等于,3,1,139,,2026-06-25 09:39:15,,,,44,批次,,,8,14,CAN,1,8,14,CAN,卷封投影仪,1.60-2.00,,,23,mm,1.60,2.00,2,1,参考标准，制作记录，与供应商及时沟通，暂不做复检和退货处理检测指标,每8托为一个检测单元，每一托盘随机抽取样品1罐，共8罐，并做好标识。其中1罐做本次检测。,2025-01-01,9999-12-31,,[],15,不合格,001,[],"{'assoc_type': 0, 'formPerms': [], 'needSign': ''}"
81,BSYB0081,57,空罐,3,包材,5,红牛,Q/RW-TS-001-2023,,,,75,盖钩、罐钩间隙,4,YC00000004,1,2,到货检测,1,,4,储运采购部,5,品管部,1,1,8,1,等于,3,1,139,,2026-06-25 09:39:15,,,,44,批次,,,8,14,CAN,1,8,14,CAN,卷封投影仪,≥0.1,,,23,mm,0.1,,1,1,若不合格，取同一托6罐复检。,每8托为一个检测单元，每一托盘随机抽取样品1罐，共8罐，并做好标识。其中1罐做本次检测。,2025-01-01,9999-12-31,,[],14,复检,001,[],"{'assoc_type': 0, 'formPerms': [], 'needSign': ''}"
82,BSYB0082,57,空罐,3,包材,5,红牛,Q/RW-TS-001-2023,,,,75,盖钩、罐钩间隙,19,YF00000009,1,2,到货检测,1,,4,储运采购部,5,品管部,1,2,1,11,大于等于,3,1,139,,2026-06-25 09:39:15,,,,44,批次,,,6,14,CAN,1,6,14,CAN,卷封投影仪,≥0.1,,,23,mm,0.1,,1,1,若仍有不合格，初检检测单元的所有商品做退货处理。,从初检问题托盘中取6罐复检。,2025-01-01,9999-12-31,,[],1,退货处理,001,[],"{'assoc_type': 0, 'formPerms': [], 'needSign': ''}"
83,BSYB0083,57,空罐,3,包材,5,红牛,Q/RW-TS-001-2023,,,,76,迭接长度,4,YC00000004,1,2,到货检测,1,,4,储运采购部,5,品管部,1,1,8,1,等于,3,1,139,,2026-06-25 09:39:15,,,,44,批次,,,8,14,CAN,1,8,14,CAN,卷封投影仪,≥0.90,,,23,mm,0.90,,2,1,若不合格，取同一托6罐复检。,每8托为一个检测单元，每一托盘随机抽取样品1罐，共8罐，并做好标识。其中1罐做本次检测。,2025-01-01,9999-12-31,,[],14,复检,001,[],"{'assoc_type': 0, 'formPerms': [], 'needSign': ''}"
84,BSYB0084,57,空罐,3,包材,5,红牛,Q/RW-TS-001-2023,,,,76,迭接长度,19,YF00000009,1,2,到货检测,1,,4,储运采购部,5,品管部,1,2,1,11,大于等于,3,1,139,,2026-06-25 09:39:15,,,,44,批次,,,6,14,CAN,1,6,14,CAN,卷封投影仪,≥0.90,,,23,mm,0.90,,2,1,若仍有不合格，初检检测单元的所有商品做退货处理。,从初检问题托盘中取6罐复检。,2025-01-01,9999-12-31,,[],1,退货处理,001,[],"{'assoc_type': 0, 'formPerms': [], 'needSign': ''}"
85,BSYB0085,57,空罐,3,包材,5,红牛,Q/RW-TS-001-2023,,,,77,迭接率,4,YC00000004,1,2,到货检测,1,,4,储运采购部,5,品管部,1,1,8,1,等于,3,1,139,,2026-06-25 09:39:15,,,,44,批次,,,8,14,CAN,1,8,14,CAN,卷封投影仪,≥55,,,26,%,1,,0,1,若不合格，取同一托6罐复检。,每8托为一个检测单元，每一托盘随机抽取样品1罐，共8罐，并做好标识。其中1罐做本次检测。,2025-01-01,9999-12-31,,[],14,复检,001,[],"{'assoc_type': 0, 'formPerms': [], 'needSign': ''}"
86,BSYB0086,57,空罐,3,包材,5,红牛,Q/RW-TS-001-2023,,,,77,迭接率,19,YF00000009,1,2,到货检测,1,,4,储运采购部,5,品管部,1,2,1,11,大于等于,3,1,139,,2026-06-25 09:39:15,,,,44,批次,,,6,14,CAN,1,6,14,CAN,卷封投影仪,≥55,,,26,%,1,,0,1,若仍有不合格，初检检测单元的所有商品做退货处理。,从初检问题托盘中取6罐复检。,2025-01-01,9999-12-31,,[],1,退货处理,001,[],"{'assoc_type': 0, 'formPerms': [], 'needSign': ''}"
87,BSYB0087,57,空罐,3,包材,5,红牛,Q/RW-TS-001-2023,,,,78,皱纹度,4,YC00000004,1,2,到货检测,1,,4,储运采购部,5,品管部,1,1,8,1,等于,3,1,139,139,2026-06-25 09:39:15,,,,44,批次,,,8,14,CAN,1,8,14,CAN,目测检查,≤30,,,26,%,,0,0,1,若不合格，取同一托6罐复检。,每8托为一个检测单元，每一托盘随机抽取样品1罐，共8罐，并做好标识。其中1罐做本次检测。,2025-01-01,9999-12-31,,[],14,复检,001,[],"{'assoc_type': 0, 'formPerms': [], 'needSign': ''}"
88,BSYB0088,57,空罐,3,包材,5,红牛,Q/RW-TS-001-2023,,,,78,皱纹度,20,YF00000010,1,2,到货检测,1,,4,储运采购部,5,品管部,1,2,1,11,大于等于,3,1,139,139,2026-06-25 09:39:15,,,,44,批次,,,6,14,CAN,1,6,14,CAN,目测检查,≤30,,,26,%,,0,0,1,若仍有不合格，初检检测单元的所有商品做退货处理。,从初检问题托盘中取6罐复检。,2025-01-01,9999-12-31,,[],1,退货处理,001,[],"{'assoc_type': 0, 'formPerms': [], 'needSign': ''}"
89,BSYB0089,57,空罐,3,包材,5,红牛,Q/RW-TS-001-2023,,,,79,罐体高度,4,YC00000004,1,2,到货检测,1,,4,储运采购部,5,品管部,1,1,8,1,等于,3,1,139,,2026-06-25 09:39:15,,,,44,批次,,,8,14,CAN,1,8,14,CAN,罐身高度检测仪,91.50-91.90,,,23,mm,91.50,91.90,2,1,若有不合格，取同一托6罐复检。,每8托为一个检测单元，每一托盘随机抽取样品1罐，共8罐，并做好标识。其中1罐做本次检测。,2025-01-01,9999-12-31,,[],14,复检,001,[],"{'assoc_type': 0, 'formPerms': [], 'needSign': ''}"
90,BSYB0090,57,空罐,3,包材,5,红牛,Q/RW-TS-001-2023,,,,79,罐体高度,4,YC00000004,1,2,到货检测,1,,4,储运采购部,5,品管部,1,1,8,1,等于,3,1,139,,2026-06-25 09:39:15,,,,44,批次,,,8,14,CAN,1,8,14,CAN,罐身高度检测仪,91.50-91.90,,,23,mm,91.50,91.90,2,1,若有不合格，取同一托6罐复检。,每8托为一个检测单元，每一托盘随机抽取样品1罐，共8罐，并做好标识。其中1罐做本次检测。,2025-01-01,9999-12-31,,[],14,复检,001,[],"{'assoc_type': 0, 'formPerms': [], 'needSign': ''}"
91,BSYB0091,57,空罐,3,包材,5,红牛,Q/RW-TS-001-2023,,,,79,罐体高度,4,YC00000004,1,2,到货检测,1,,4,储运采购部,5,品管部,1,1,8,1,等于,3,1,139,,2026-06-25 09:39:15,,,,44,批次,,,8,14,CAN,1,8,14,CAN,罐身高度检测仪,132.80-133.30,,,23,mm,132.80,133.30,2,1,若有不合格，取同一托6罐复检。,每8托为一个检测单元，每一托盘随机抽取样品1罐，共8罐，并做好标识。其中1罐做本次检测。,2025-01-01,9999-12-31,,[],14,复检,001,[],"{'assoc_type': 0, 'formPerms': [], 'needSign': ''}"
92,BSYB0092,57,空罐,3,包材,5,红牛,Q/RW-TS-001-2023,,,,79,罐体高度,21,YF00000011,1,2,到货检测,1,,4,储运采购部,5,品管部,1,2,1,11,大于等于,3,1,139,,2026-06-25 09:39:15,,,,44,批次,,,6,14,CAN,1,6,14,CAN,罐身高度检测仪,91.50-91.90,,,23,mm,91.50,91.90,2,1,若仍有不合格，初检检测单元的所有商品做退货处理。,从初检问题托盘中每托取6罐复检。,2025-01-01,9999-12-31,,[],1,退货处理,001,[],"{'assoc_type': 0, 'formPerms': [], 'needSign': ''}"
93,BSYB0093,57,空罐,3,包材,5,红牛,Q/RW-TS-001-2023,,,,79,罐体高度,21,YF00000011,1,2,到货检测,1,,4,储运采购部,5,品管部,1,2,1,11,大于等于,3,1,139,,2026-06-25 09:39:15,,,,44,批次,,,6,14,CAN,1,6,14,CAN,罐身高度检测仪,91.50-91.90,,,23,mm,91.50,91.90,2,1,若仍有不合格，初检检测单元的所有商品做退货处理。,从初检问题托盘中每托取6罐复检。,2025-01-01,9999-12-31,,[],1,退货处理,001,[],"{'assoc_type': 0, 'formPerms': [], 'needSign': ''}"
94,BSYB0094,57,空罐,3,包材,5,红牛,Q/RW-TS-001-2023,,,,79,罐体高度,21,YF00000011,1,2,到货检测,1,,4,储运采购部,5,品管部,1,2,1,11,大于等于,3,1,139,,2026-06-25 09:39:15,,,,44,批次,,,6,14,CAN,1,6,14,CAN,罐身高度检测仪,132.80-133.30,,,23,mm,132.80,133.30,2,1,若仍有不合格，初检检测单元的所有商品做退货处理。,从初检问题托盘中每托取6罐复检。,2025-01-01,9999-12-31,,[],1,退货处理,001,[],"{'assoc_type': 0, 'formPerms': [], 'needSign': ''}"
95,BSYB0095,57,空罐,3,包材,5,红牛,Q/RW-TS-001-2023,7,8886,红牛维他命饮料（江苏）有限公司,80,翻边尺寸,4,YC00000004,1,2,到货检测,1,,4,储运采购部,5,品管部,1,1,8,1,等于,3,1,139,,2026-06-25 09:39:15,,,,44,批次,,,8,14,CAN,1,8,14,CAN,空罐翻边宽度检测仪,2.20-2.60,,,23,mm,2.20,2.60,2,1,若有不合格，取同一托6罐复检。,每8托为一个检测单元，每一托盘随机抽取样品1罐，共8罐，并做好标识。其中1罐做本次检测。,2025-01-01,9999-12-31,,[],14,复检,001,[],"{'assoc_type': 0, 'formPerms': [], 'needSign': ''}"
96,BSYB0096,57,空罐,3,包材,5,红牛,Q/RW-TS-001-2023,7,8886,红牛维他命饮料（江苏）有限公司,80,翻边尺寸,4,YC00000004,1,2,到货检测,1,,4,储运采购部,5,品管部,1,1,8,1,等于,3,1,139,,2026-06-25 09:39:15,,,,44,批次,,,8,14,CAN,1,8,14,CAN,空罐翻边宽度检测仪,2.20-2.60,,,23,mm,2.20,2.60,2,1,若有不合格，取同一托6罐复检。,每8托为一个检测单元，每一托盘随机抽取样品1罐，共8罐，并做好标识。其中1罐做本次检测。,2025-01-01,9999-12-31,,[],14,复检,001,[],"{'assoc_type': 0, 'formPerms': [], 'needSign': ''}"
97,BSYB0097,57,空罐,3,包材,5,红牛,Q/RW-TS-001-2023,6,8885,广东红牛维他命饮料有限公司,80,翻边尺寸,4,YC00000004,1,2,到货检测,1,,4,储运采购部,5,品管部,1,1,8,1,等于,3,1,139,,2026-06-25 09:39:15,,,,44,批次,,,8,14,CAN,1,8,14,CAN,空罐翻边宽度检测仪,2.20-2.70,,,23,mm,2.20,2.70,2,1,若有不合格，取同一托6罐复检。,每8托为一个检测单元，每一托盘随机抽取样品1罐，共8罐，并做好标识。其中1罐做本次检测。,2025-01-01,9999-12-31,,[],14,复检,001,[],"{'assoc_type': 0, 'formPerms': [], 'needSign': ''}"
98,BSYB0098,57,空罐,3,包材,5,红牛,Q/RW-TS-001-2023,6,8885,广东红牛维他命饮料有限公司,80,翻边尺寸,4,YC00000004,1,2,到货检测,1,,4,储运采购部,5,品管部,1,1,8,1,等于,3,1,139,,2026-06-25 09:39:15,,,,44,批次,,,8,14,CAN,1,8,14,CAN,空罐翻边宽度检测仪,2.20-2.70,,,23,mm,2.20,2.70,2,1,若有不合格，取同一托6罐复检。,每8托为一个检测单元，每一托盘随机抽取样品1罐，共8罐，并做好标识。其中1罐做本次检测。,2025-01-01,9999-12-31,,[],14,复检,001,[],"{'assoc_type': 0, 'formPerms': [], 'needSign': ''}"
99,BSYB0099,57,空罐,3,包材,5,红牛,Q/RW-TS-001-2023,12,8880,红牛维他命饮料有限公司,80,翻边尺寸,4,YC00000004,1,2,到货检测,1,,4,储运采购部,5,品管部,1,1,8,1,等于,3,1,139,,2026-06-25 09:39:15,,,,44,批次,,,8,14,CAN,1,8,14,CAN,空罐翻边宽度检测仪,2.20-2.70,,,23,mm,2.20,2.70,2,1,若有不合格，取同一托6罐复检。,每8托为一个检测单元，每一托盘随机抽取样品1罐，共8罐，并做好标识。其中1罐做本次检测。,2025-01-01,9999-12-31,,[],14,复检,001,[],"{'assoc_type': 0, 'formPerms': [], 'needSign': ''}"
100,BSYB0100,57,空罐,3,包材,5,红牛,Q/RW-TS-001-2023,12,8880,红牛维他命饮料有限公司,80,翻边尺寸,4,YC00000004,1,2,到货检测,1,,4,储运采购部,5,品管部,1,1,8,1,等于,3,1,139,,2026-06-25 09:39:15,,,,44,批次,,,8,14,CAN,1,8,14,CAN,空罐翻边宽度检测仪,2.20-2.70,,,23,mm,2.20,2.70,2,1,若有不合格，取同一托6罐复检。,每8托为一个检测单元，每一托盘随机抽取样品1罐，共8罐，并做好标识。其中1罐做本次检测。,2025-01-01,9999-12-31,,[],14,复检,001,[],"{'assoc_type': 0, 'formPerms': [], 'needSign': ''}"
101,BSYB0101,57,空罐,3,包材,5,红牛,Q/RW-TS-001-2023,5,8883,红牛维他命饮料（湖北）有限公司,80,翻边尺寸,4,YC00000004,1,2,到货检测,1,,4,储运采购部,5,品管部,1,1,8,1,等于,3,1,139,,2026-06-25 09:39:15,,,,44,批次,,,8,14,CAN,1,8,14,CAN,空罐翻边宽度检测仪,2.20-2.70,,,23,mm,2.20,2.70,2,1,若有不合格，取同一托6罐复检。,每8托为一个检测单元，每一托盘随机抽取样品1罐，共8罐，并做好标识。其中1罐做本次检测。,2025-01-01,9999-12-31,,[],14,复检,001,[],"{'assoc_type': 0, 'formPerms': [], 'needSign': ''}"
102,BSYB0102,57,空罐,3,包材,5,红牛,Q/RW-TS-001-2023,5,8883,红牛维他命饮料（湖北）有限公司,80,翻边尺寸,4,YC00000004,1,2,到货检测,1,,4,储运采购部,5,品管部,1,1,8,1,等于,3,1,139,,2026-06-25 09:39:15,,,,44,批次,,,8,14,CAN,1,8,14,CAN,空罐翻边宽度检测仪,2.20-2.70,,,23,mm,2.20,2.70,2,1,若有不合格，取同一托6罐复检。,每8托为一个检测单元，每一托盘随机抽取样品1罐，共8罐，并做好标识。其中1罐做本次检测。,2025-01-01,9999-12-31,,[],14,复检,001,[],"{'assoc_type': 0, 'formPerms': [], 'needSign': ''}"
103,BSYB0103,57,空罐,3,包材,5,红牛,Q/RW-TS-001-2023,9,6866,华彬快速消费品饮料（福建）有限公司,80,翻边尺寸,4,YC00000004,1,2,到货检测,1,,4,储运采购部,5,品管部,1,1,8,1,等于,3,1,139,,2026-06-25 09:39:15,,,,44,批次,,,8,14,CAN,1,8,14,CAN,空罐翻边宽度检测仪,2.20-2.70,,,23,mm,2.20,2.70,2,1,若有不合格，取同一托6罐复检。,每8托为一个检测单元，每一托盘随机抽取样品1罐，共8罐，并做好标识。其中1罐做本次检测。,2025-01-01,9999-12-31,,[],14,复检,001,[],"{'assoc_type': 0, 'formPerms': [], 'needSign': ''}"
104,BSYB0104,57,空罐,3,包材,5,红牛,Q/RW-TS-001-2023,9,6866,华彬快速消费品饮料（福建）有限公司,80,翻边尺寸,4,YC00000004,1,2,到货检测,1,,4,储运采购部,5,品管部,1,1,8,1,等于,3,1,139,,2026-06-25 09:39:15,,,,44,批次,,,8,14,CAN,1,8,14,CAN,空罐翻边宽度检测仪,2.20-2.70,,,23,mm,2.20,2.70,2,1,若有不合格，取同一托6罐复检。,每8托为一个检测单元，每一托盘随机抽取样品1罐，共8罐，并做好标识。其中1罐做本次检测。,2025-01-01,9999-12-31,,[],14,复检,001,[],"{'assoc_type': 0, 'formPerms': [], 'needSign': ''}"
105,BSYB0105,57,空罐,3,包材,5,红牛,Q/RW-TS-001-2023,8,6865,华彬快速消费品饮料（贵州）有限公司,80,翻边尺寸,4,YC00000004,1,2,到货检测,1,,4,储运采购部,5,品管部,1,1,8,1,等于,3,1,139,,2026-06-25 09:39:15,,,,44,批次,,,8,14,CAN,1,8,14,CAN,空罐翻边宽度检测仪,2.20-2.70,,,23,mm,2.20,2.70,2,1,若有不合格，取同一托6罐复检。,每8托为一个检测单元，每一托盘随机抽取样品1罐，共8罐，并做好标识。其中1罐做本次检测。,2025-01-01,9999-12-31,,[],14,复检,001,[],"{'assoc_type': 0, 'formPerms': [], 'needSign': ''}"
106,BSYB0106,57,空罐,3,包材,5,红牛,Q/RW-TS-001-2023,8,6865,华彬快速消费品饮料（贵州）有限公司,80,翻边尺寸,4,YC00000004,1,2,到货检测,1,,4,储运采购部,5,品管部,1,1,8,1,等于,3,1,139,,2026-06-25 09:39:15,,,,44,批次,,,8,14,CAN,1,8,14,CAN,空罐翻边宽度检测仪,2.20-2.70,,,23,mm,2.20,2.70,2,1,若有不合格，取同一托6罐复检。,每8托为一个检测单元，每一托盘随机抽取样品1罐，共8罐，并做好标识。其中1罐做本次检测。,2025-01-01,9999-12-31,,[],14,复检,001,[],"{'assoc_type': 0, 'formPerms': [], 'needSign': ''}"
107,BSYB0107,57,空罐,3,包材,5,红牛,Q/RW-TS-001-2023,,,,80,翻边尺寸,4,YC00000004,1,2,到货检测,1,,4,储运采购部,5,品管部,1,1,8,1,等于,3,1,139,,2026-06-25 09:39:15,,,,44,批次,,,8,14,CAN,1,8,14,CAN,空罐翻边宽度检测仪,2.30-2.55,,,23,mm,2.30,2.55,2,1,若有不合格，取同一托6罐复检。,每8托为一个检测单元，每一托盘随机抽取样品1罐，共8罐，并做好标识。其中1罐做本次检测。,2025-01-01,9999-12-31,,[],14,复检,001,[],"{'assoc_type': 0, 'formPerms': [], 'needSign': ''}"
108,BSYB0108,57,空罐,3,包材,5,红牛,Q/RW-TS-001-2023,7,8886,红牛维他命饮料（江苏）有限公司,80,翻边尺寸,21,YF00000011,1,2,到货检测,1,,4,储运采购部,5,品管部,1,2,1,11,大于等于,3,1,139,,2026-06-25 09:39:15,,,,44,批次,,,6,14,CAN,1,6,14,CAN,空罐翻边宽度检测仪,2.20-2.60,,,23,mm,2.20,2.60,2,1,若仍有不合格，初检检测单元的所有商品做退货处理。,从初检问题托盘中每托取6罐复检。,2025-01-01,9999-12-31,,[],1,退货处理,001,[],"{'assoc_type': 0, 'formPerms': [], 'needSign': ''}"
109,BSYB0109,57,空罐,3,包材,5,红牛,Q/RW-TS-001-2023,7,8886,红牛维他命饮料（江苏）有限公司,80,翻边尺寸,21,YF00000011,1,2,到货检测,1,,4,储运采购部,5,品管部,1,2,1,11,大于等于,3,1,139,,2026-06-25 09:39:15,,,,44,批次,,,6,14,CAN,1,6,14,CAN,空罐翻边宽度检测仪,2.20-2.60,,,23,mm,2.20,2.60,2,1,若仍有不合格，初检检测单元的所有商品做退货处理。,从初检问题托盘中每托取6罐复检。,2025-01-01,9999-12-31,,[],1,退货处理,001,[],"{'assoc_type': 0, 'formPerms': [], 'needSign': ''}"
110,BSYB0110,57,空罐,3,包材,5,红牛,Q/RW-TS-001-2023,6,8885,广东红牛维他命饮料有限公司,80,翻边尺寸,21,YF00000011,1,2,到货检测,1,,4,储运采购部,5,品管部,1,2,1,11,大于等于,3,1,139,,2026-06-25 09:39:15,,,,44,批次,,,6,14,CAN,1,6,14,CAN,空罐翻边宽度检测仪,2.20-2.70,,,23,mm,2.20,2.70,2,1,若仍有不合格，初检检测单元的所有商品做退货处理。,从初检问题托盘中每托取6罐复检。,2025-01-01,9999-12-31,,[],1,退货处理,001,[],"{'assoc_type': 0, 'formPerms': [], 'needSign': ''}"
111,BSYB0111,57,空罐,3,包材,5,红牛,Q/RW-TS-001-2023,6,8885,广东红牛维他命饮料有限公司,80,翻边尺寸,21,YF00000011,1,2,到货检测,1,,4,储运采购部,5,品管部,1,2,1,11,大于等于,3,1,139,,2026-06-25 09:39:15,,,,44,批次,,,6,14,CAN,1,6,14,CAN,空罐翻边宽度检测仪,2.20-2.70,,,23,mm,2.20,2.70,2,1,若仍有不合格，初检检测单元的所有商品做退货处理。,从初检问题托盘中每托取6罐复检。,2025-01-01,9999-12-31,,[],1,退货处理,001,[],"{'assoc_type': 0, 'formPerms': [], 'needSign': ''}"
112,BSYB0112,57,空罐,3,包材,5,红牛,Q/RW-TS-001-2023,12,8880,红牛维他命饮料有限公司,80,翻边尺寸,21,YF00000011,1,2,到货检测,1,,4,储运采购部,5,品管部,1,2,1,11,大于等于,3,1,139,,2026-06-25 09:39:15,,,,44,批次,,,6,14,CAN,1,6,14,CAN,空罐翻边宽度检测仪,2.20-2.70,,,23,mm,2.20,2.70,2,1,若仍有不合格，初检检测单元的所有商品做退货处理。,从初检问题托盘中每托取6罐复检。,2025-01-01,9999-12-31,,[],1,退货处理,001,[],"{'assoc_type': 0, 'formPerms': [], 'needSign': ''}"
113,BSYB0113,57,空罐,3,包材,5,红牛,Q/RW-TS-001-2023,12,8880,红牛维他命饮料有限公司,80,翻边尺寸,21,YF00000011,1,2,到货检测,1,,4,储运采购部,5,品管部,1,2,1,11,大于等于,3,1,139,,2026-06-25 09:39:15,,,,44,批次,,,6,14,CAN,1,6,14,CAN,空罐翻边宽度检测仪,2.20-2.70,,,23,mm,2.20,2.70,2,1,若仍有不合格，初检检测单元的所有商品做退货处理。,从初检问题托盘中每托取6罐复检。,2025-01-01,9999-12-31,,[],1,退货处理,001,[],"{'assoc_type': 0, 'formPerms': [], 'needSign': ''}"
114,BSYB0114,57,空罐,3,包材,5,红牛,Q/RW-TS-001-2023,5,8883,红牛维他命饮料（湖北）有限公司,80,翻边尺寸,21,YF00000011,1,2,到货检测,1,,4,储运采购部,5,品管部,1,2,1,11,大于等于,3,1,139,,2026-06-25 09:39:15,,,,44,批次,,,6,14,CAN,1,6,14,CAN,空罐翻边宽度检测仪,2.20-2.70,,,23,mm,2.20,2.70,2,1,若仍有不合格，初检检测单元的所有商品做退货处理。,从初检问题托盘中每托取6罐复检。,2025-01-01,9999-12-31,,[],1,退货处理,001,[],"{'assoc_type': 0, 'formPerms': [], 'needSign': ''}"
115,BSYB0115,57,空罐,3,包材,5,红牛,Q/RW-TS-001-2023,5,8883,红牛维他命饮料（湖北）有限公司,80,翻边尺寸,21,YF00000011,1,2,到货检测,1,,4,储运采购部,5,品管部,1,2,1,11,大于等于,3,1,139,,2026-06-25 09:39:15,,,,44,批次,,,6,14,CAN,1,6,14,CAN,空罐翻边宽度检测仪,2.20-2.70,,,23,mm,2.20,2.70,2,1,若仍有不合格，初检检测单元的所有商品做退货处理。,从初检问题托盘中每托取6罐复检。,2025-01-01,9999-12-31,,[],1,退货处理,001,[],"{'assoc_type': 0, 'formPerms': [], 'needSign': ''}"
116,BSYB0116,57,空罐,3,包材,5,红牛,Q/RW-TS-001-2023,9,6866,华彬快速消费品饮料（福建）有限公司,80,翻边尺寸,21,YF00000011,1,2,到货检测,1,,4,储运采购部,5,品管部,1,2,1,11,大于等于,3,1,139,,2026-06-25 09:39:15,,,,44,批次,,,6,14,CAN,1,6,14,CAN,空罐翻边宽度检测仪,2.20-2.70,,,23,mm,2.20,2.70,2,1,若仍有不合格，初检检测单元的所有商品做退货处理。,从初检问题托盘中每托取6罐复检。,2025-01-01,9999-12-31,,[],1,退货处理,001,[],"{'assoc_type': 0, 'formPerms': [], 'needSign': ''}"
117,BSYB0117,57,空罐,3,包材,5,红牛,Q/RW-TS-001-2023,9,6866,华彬快速消费品饮料（福建）有限公司,80,翻边尺寸,21,YF00000011,1,2,到货检测,1,,4,储运采购部,5,品管部,1,2,1,11,大于等于,3,1,139,,2026-06-25 09:39:15,,,,44,批次,,,6,14,CAN,1,6,14,CAN,空罐翻边宽度检测仪,2.20-2.70,,,23,mm,2.20,2.70,2,1,若仍有不合格，初检检测单元的所有商品做退货处理。,从初检问题托盘中每托取6罐复检。,2025-01-01,9999-12-31,,[],1,退货处理,001,[],"{'assoc_type': 0, 'formPerms': [], 'needSign': ''}"
118,BSYB0118,57,空罐,3,包材,5,红牛,Q/RW-TS-001-2023,8,6865,华彬快速消费品饮料（贵州）有限公司,80,翻边尺寸,21,YF00000011,1,2,到货检测,1,,4,储运采购部,5,品管部,1,2,1,11,大于等于,3,1,139,,2026-06-25 09:39:15,,,,44,批次,,,6,14,CAN,1,6,14,CAN,空罐翻边宽度检测仪,2.20-2.70,,,23,mm,2.20,2.70,2,1,若仍有不合格，初检检测单元的所有商品做退货处理。,从初检问题托盘中每托取6罐复检。,2025-01-01,9999-12-31,,[],1,退货处理,001,[],"{'assoc_type': 0, 'formPerms': [], 'needSign': ''}"
119,BSYB0119,57,空罐,3,包材,5,红牛,Q/RW-TS-001-2023,8,6865,华彬快速消费品饮料（贵州）有限公司,80,翻边尺寸,21,YF00000011,1,2,到货检测,1,,4,储运采购部,5,品管部,1,2,1,11,大于等于,3,1,139,,2026-06-25 09:39:15,,,,44,批次,,,6,14,CAN,1,6,14,CAN,空罐翻边宽度检测仪,2.20-2.70,,,23,mm,2.20,2.70,2,1,若仍有不合格，初检检测单元的所有商品做退货处理。,从初检问题托盘中每托取6罐复检。,2025-01-01,9999-12-31,,[],1,退货处理,001,[],"{'assoc_type': 0, 'formPerms': [], 'needSign': ''}"
120,BSYB0120,57,空罐,3,包材,5,红牛,Q/RW-TS-001-2023,,,,80,翻边尺寸,21,YF00000011,1,2,到货检测,1,,4,储运采购部,5,品管部,1,2,1,11,大于等于,3,1,139,,2026-06-25 09:39:15,,,,44,批次,,,6,14,CAN,1,6,14,CAN,空罐翻边宽度检测仪,2.30-2.55,,,23,mm,2.30,2.55,2,1,若仍有不合格，初检检测单元的所有商品做退货处理。,从初检问题托盘中每托取6罐复检。,2025-01-01,9999-12-31,,[],1,退货处理,001,[],"{'assoc_type': 0, 'formPerms': [], 'needSign': ''}"
121,BSYB0121,57,空罐,3,包材,5,红牛,Q/RW-TS-001-2023,,,,5,启破力,4,YC00000004,1,2,到货检测,1,,4,储运采购部,5,品管部,1,1,8,5,等于,3,1,139,,2026-06-25 09:39:15,,,,44,批次,,,8,14,CAN,1,8,14,CAN,数显拉力计,8-14,,,24,N,8,14,0,1,若有不合格，取同一托6罐复检。,每8托为一个检测单元，每一托盘随机抽取样品1罐，共8罐，并做好标识。8罐均做本次检测。,2025-01-01,9999-12-31,,[],14,复检,001,[],"{'assoc_type': 0, 'formPerms': [], 'needSign': ''}"
122,BSYB0122,57,空罐,3,包材,5,红牛,Q/RW-TS-001-2023,,,,5,启破力,22,YF00000012,1,2,到货检测,1,,4,储运采购部,5,品管部,1,2,1,11,大于等于,3,1,139,,2026-06-25 09:39:15,,,,44,批次,,,6,14,CAN,1,6,14,CAN,数显拉力计,8-14,,,24,N,8,14,0,1,若仍有不合格，初检检测单元的所有商品做退货处理。,从初检问题托盘中每托取6罐复检。,2025-01-01,9999-12-31,,[],1,退货处理,001,[],"{'assoc_type': 0, 'formPerms': [], 'needSign': ''}"
123,BSYB0123,57,空罐,3,包材,5,红牛,Q/RW-TS-001-2023,,,,9,底盖蓝点直径,4,YC00000004,1,2,到货检测,1,,4,储运采购部,5,品管部,1,1,8,5,等于,3,1,139,,2026-06-25 09:39:15,,,,44,批次,,,8,14,CAN,1,8,14,CAN,蓝点偏移量检测尺,18±0.5mm,,,23,mm,17.5,18.5,1,1,若有不合格，取同一托20罐复检。,每8托为一个检测单元，每一托盘随机抽取样品1罐，共8罐，并做好标识。8罐均做本次检测。,2025-01-01,9999-12-31,,[],14,复检,001,[],"{'assoc_type': 0, 'formPerms': [], 'needSign': ''}"
124,BSYB0124,57,空罐,3,包材,5,红牛,Q/RW-TS-001-2023,,,,9,底盖蓝点直径,4,YC00000004,1,2,到货检测,1,,4,储运采购部,5,品管部,1,1,8,5,等于,3,1,139,,2026-06-25 09:39:16,,,,44,批次,,,8,14,CAN,1,8,14,CAN,蓝点偏移量检测尺,18±0.5mm,,,23,mm,17.5,18.5,1,1,若有不合格，取同一托20罐复检。,每8托为一个检测单元，每一托盘随机抽取样品1罐，共8罐，并做好标识。8罐均做本次检测。,2025-01-01,9999-12-31,,[],14,复检,001,[],"{'assoc_type': 0, 'formPerms': [], 'needSign': ''}"
125,BSYB0125,57,空罐,3,包材,5,红牛,Q/RW-TS-001-2023,,,,10,底盖蓝点偏移量,4,YC00000004,1,2,到货检测,1,,4,储运采购部,5,品管部,1,1,8,5,等于,3,1,139,139,2026-06-25 09:39:16,,,,44,批次,,,8,14,CAN,1,8,14,CAN,蓝点偏移量检测尺,≤2mm,,,23,mm,,2,0,1,若有不合格，取同一托20罐复检。,每8托为一个检测单元，每一托盘随机抽取样品1罐，共8罐，并做好标识。8罐均做本次检测。,2025-01-01,9999-12-31,,[],14,复检,001,[],"{'assoc_type': 0, 'formPerms': [], 'needSign': ''}"
126,BSYB0126,57,空罐,3,包材,5,红牛,Q/RW-TS-001-2023,,,,10,底盖蓝点偏移量,4,YC00000004,1,2,到货检测,1,,4,储运采购部,5,品管部,1,1,8,5,等于,3,1,139,139,2026-06-25 09:39:16,,,,44,批次,,,8,14,CAN,1,8,14,CAN,蓝点偏移量检测尺,≤2mm,,,23,mm,,2,0,1,若有不合格，取同一托20罐复检。,每8托为一个检测单元，每一托盘随机抽取样品1罐，共8罐，并做好标识。8罐均做本次检测。,2025-01-01,9999-12-31,,[],14,复检,001,[],"{'assoc_type': 0, 'formPerms': [], 'needSign': ''}"
127,BSYB0127,57,空罐,3,包材,5,红牛,Q/RW-TS-001-2023,,,,11,底盖蓝点外观,4,YC00000004,1,2,到货检测,1,,4,储运采购部,5,品管部,2,1,8,5,等于,3,1,139,,2026-06-25 09:39:16,,,,44,批次,,,8,14,CAN,1,8,14,CAN,触觉、目测检查,表面光滑、颜色在样板范围内、无划伤杂质异物等,6,粗糙/颜色不在样板范围内/划伤/杂质异物/其他,,,,,0,1,若有不合格，取同一托20罐复检。,每8托为一个检测单元，每一托盘随机抽取样品1罐，共8罐，并做好标识。8罐均做本次检测。,2025-01-01,9999-12-31,,[],14,复检,001,[],"{'assoc_type': 0, 'formPerms': [], 'needSign': ''}"
128,BSYB0128,57,空罐,3,包材,5,红牛,Q/RW-TS-001-2023,,,,11,底盖蓝点外观,4,YC00000004,1,2,到货检测,1,,4,储运采购部,5,品管部,2,1,8,5,等于,3,1,139,,2026-06-25 09:39:16,,,,44,批次,,,8,14,CAN,1,8,14,CAN,触觉、目测检查,表面光滑、颜色在样板范围内、无划伤杂质异物等,6,粗糙/颜色不在样板范围内/划伤/杂质异物/其他,,,,,0,1,若有不合格，取同一托20罐复检。,每8托为一个检测单元，每一托盘随机抽取样品1罐，共8罐，并做好标识。8罐均做本次检测。,2025-01-01,9999-12-31,,[],14,复检,001,[],"{'assoc_type': 0, 'formPerms': [], 'needSign': ''}"
129,BSYB0129,57,空罐,3,包材,5,红牛,Q/RW-TS-001-2023,,,,9,底盖蓝点直径,23,YF00000013,1,2,到货检测,1,,4,储运采购部,5,品管部,1,2,1,11,大于等于,3,1,139,,2026-06-25 09:39:16,,,,44,批次,,,20,14,CAN,1,20,14,CAN,蓝点偏移量检测尺,18±0.5mm,,,23,mm,17.5,18.5,1,1,若仍有不合格，初检检测单元的所有商品做退货处理。,从初检问题托盘中每托取20罐复检。,2025-01-01,9999-12-31,,[],1,退货处理,001,[],"{'assoc_type': 0, 'formPerms': [], 'needSign': ''}"
130,BSYB0130,57,空罐,3,包材,5,红牛,Q/RW-TS-001-2023,,,,9,底盖蓝点直径,23,YF00000013,1,2,到货检测,1,,4,储运采购部,5,品管部,1,2,1,11,大于等于,3,1,139,,2026-06-25 09:39:16,,,,44,批次,,,20,14,CAN,1,20,14,CAN,蓝点偏移量检测尺,18±0.5mm,,,23,mm,17.5,18.5,1,1,若仍有不合格，初检检测单元的所有商品做退货处理。,从初检问题托盘中每托取20罐复检。,2025-01-01,9999-12-31,,[],1,退货处理,001,[],"{'assoc_type': 0, 'formPerms': [], 'needSign': ''}"
131,BSYB0131,57,空罐,3,包材,5,红牛,Q/RW-TS-001-2023,,,,10,底盖蓝点偏移量,23,YF00000013,1,2,到货检测,1,,4,储运采购部,5,品管部,1,2,1,11,大于等于,3,1,139,139,2026-06-25 09:39:16,,,,44,批次,,,20,14,CAN,1,20,14,CAN,蓝点偏移量检测尺,≤2mm,,,23,mm,,2,0,1,若仍有不合格，初检检测单元的所有商品做退货处理。,从初检问题托盘中每托取20罐复检。,2025-01-01,9999-12-31,,[],1,退货处理,001,[],"{'assoc_type': 0, 'formPerms': [], 'needSign': ''}"
132,BSYB0132,57,空罐,3,包材,5,红牛,Q/RW-TS-001-2023,,,,10,底盖蓝点偏移量,23,YF00000013,1,2,到货检测,1,,4,储运采购部,5,品管部,1,2,1,11,大于等于,3,1,139,139,2026-06-25 09:39:16,,,,44,批次,,,20,14,CAN,1,20,14,CAN,蓝点偏移量检测尺,≤2mm,,,23,mm,,2,0,1,若仍有不合格，初检检测单元的所有商品做退货处理。,从初检问题托盘中每托取20罐复检。,2025-01-01,9999-12-31,,[],1,退货处理,001,[],"{'assoc_type': 0, 'formPerms': [], 'needSign': ''}"
133,BSYB0133,57,空罐,3,包材,5,红牛,Q/RW-TS-001-2023,,,,11,底盖蓝点外观,23,YF00000013,1,2,到货检测,1,,4,储运采购部,5,品管部,2,2,1,11,大于等于,3,1,139,,2026-06-25 09:39:16,,,,44,批次,,,20,14,CAN,1,20,14,CAN,触觉、目测检查,表面光滑、颜色在样板范围内、无划伤杂质异物等,6,粗糙/颜色不在样板范围内/划伤/杂质异物/其他,,,,,0,1,若仍有不合格，初检检测单元的所有商品做退货处理。,从初检问题托盘中每托取20罐复检。,2025-01-01,9999-12-31,,[],1,退货处理,001,[],"{'assoc_type': 0, 'formPerms': [], 'needSign': ''}"
134,BSYB0134,57,空罐,3,包材,5,红牛,Q/RW-TS-001-2023,,,,11,底盖蓝点外观,23,YF00000013,1,2,到货检测,1,,4,储运采购部,5,品管部,2,2,1,11,大于等于,3,1,139,,2026-06-25 09:39:16,,,,44,批次,,,20,14,CAN,1,20,14,CAN,触觉、目测检查,表面光滑、颜色在样板范围内、无划伤杂质异物等,6,粗糙/颜色不在样板范围内/划伤/杂质异物/其他,,,,,0,1,若仍有不合格，初检检测单元的所有商品做退货处理。,从初检问题托盘中每托取20罐复检。,2025-01-01,9999-12-31,,[],1,退货处理,001,[],"{'assoc_type': 0, 'formPerms': [], 'needSign': ''}"
135,BSYB0135,57,空罐,3,包材,5,红牛,Q/RW-TS-001-2023,,,,81,罐底墨码附着力,4,YC00000004,1,2,到货检测,1,,4,储运采购部,5,品管部,2,1,8,4,等于,3,1,139,,2026-06-25 09:39:16,,,,44,批次,,,8,14,CAN,1,8,14,CAN,目测检查,清晰可辨,,,,,,,0,1,若有不合格，初检检测单元的所有商品做退货处理。,每8托为一个检测单元，每一托盘随机抽取样品1罐，共8罐，并做好标识。其中6罐做本次检测。,2025-01-01,9999-12-31,,[],1,退货处理,001,[],"{'assoc_type': 0, 'formPerms': [], 'needSign': ''}"
136,BSYB0136,57,空罐,3,包材,5,红牛,Q/RW-TS-001-2023,,,,81,罐底墨码附着力,4,YC00000004,1,2,到货检测,1,,4,储运采购部,5,品管部,2,1,8,4,等于,3,1,139,,2026-06-25 09:39:16,,,,44,批次,,,8,14,CAN,1,8,14,CAN,目测检查,清晰可辨,,,,,,,0,1,若有不合格，初检检测单元的所有商品做退货处理。,每8托为一个检测单元，每一托盘随机抽取样品1罐，共8罐，并做好标识。其中6罐做本次检测。,2025-01-01,9999-12-31,,[],1,退货处理,001,[],"{'assoc_type': 0, 'formPerms': [], 'needSign': ''}"
137,BSYB0137,57,空罐,3,包材,5,红牛,Q/RW-TS-001-2023,,,,81,罐底墨码附着力,4,YC00000004,1,2,到货检测,1,,4,储运采购部,5,品管部,2,1,8,4,等于,3,1,139,,2026-06-25 09:39:16,,,,44,批次,,,8,14,CAN,1,8,14,CAN,目测检查,手指擦拭2次不掉墨,,,,,,,0,1,若有不合格，初检检测单元的所有商品做退货处理。,每8托为一个检测单元，每一托盘随机抽取样品1罐，共8罐，并做好标识。其中6罐做本次检测。,2025-01-01,9999-12-31,,[],1,退货处理,001,[],"{'assoc_type': 0, 'formPerms': [], 'needSign': ''}"
138,BSYB0138,57,空罐,3,包材,5,红牛,Q/RW-TS-001-2023,,,,81,罐底墨码附着力,4,YC00000004,1,2,到货检测,1,,4,储运采购部,5,品管部,2,1,8,4,等于,3,1,139,,2026-06-25 09:39:16,,,,44,批次,,,8,14,CAN,1,8,14,CAN,目测检查,手指擦拭2次不掉墨,,,,,,,0,1,若有不合格，初检检测单元的所有商品做退货处理。,每8托为一个检测单元，每一托盘随机抽取样品1罐，共8罐，并做好标识。其中6罐做本次检测。,2025-01-01,9999-12-31,,[],1,退货处理,001,[],"{'assoc_type': 0, 'formPerms': [], 'needSign': ''}"
139,BSYB0139,57,空罐,3,包材,5,红牛,Q/RW-TS-001-2023,,,,81,罐底墨码附着力,4,YC00000004,1,2,到货检测,1,,4,储运采购部,5,品管部,2,1,8,4,等于,3,1,139,,2026-06-25 09:39:16,,,,44,批次,,,8,14,CAN,1,8,14,CAN,目测检查,手指擦拭2次不花码,,,,,,,0,1,若有不合格，取同一托8罐复检。,每8托为一个检测单元，每一托盘随机抽取样品1罐，共8罐，并做好标识。其中6罐做本次检测。,2025-01-01,9999-12-31,,[],14,复检,001,[],"{'assoc_type': 0, 'formPerms': [], 'needSign': ''}"
140,BSYB0140,57,空罐,3,包材,5,红牛,Q/RW-TS-001-2023,,,,81,罐底墨码附着力,4,YC00000004,1,2,到货检测,1,,4,储运采购部,5,品管部,2,1,8,4,等于,3,1,139,,2026-06-25 09:39:16,,,,44,批次,,,8,14,CAN,1,8,14,CAN,目测检查,手指擦拭2次不花码,,,,,,,0,1,若有不合格，取同一托8罐复检。,每8托为一个检测单元，每一托盘随机抽取样品1罐，共8罐，并做好标识。其中6罐做本次检测。,2025-01-01,9999-12-31,,[],14,复检,001,[],"{'assoc_type': 0, 'formPerms': [], 'needSign': ''}"
141,BSYB0141,57,空罐,3,包材,5,红牛,Q/RW-TS-001-2023,,,,81,罐底墨码附着力,23,YF00000013,1,2,到货检测,1,,4,储运采购部,5,品管部,2,2,1,11,大于等于,3,1,139,,2026-06-25 09:39:16,,,,44,批次,,,8,14,CAN,1,8,14,CAN,目测检查,手指擦拭2次不花码,,,,,,,0,1,若仍有不合格，初检检测单元的所有商品做退货处理。,从初检问题托盘中每托取8罐复检。,2025-01-01,9999-12-31,,[],1,退货处理,001,[],"{'assoc_type': 0, 'formPerms': [], 'needSign': ''}"
142,BSYB0142,57,空罐,3,包材,5,红牛,Q/RW-TS-001-2023,,,,81,罐底墨码附着力,23,YF00000013,1,2,到货检测,1,,4,储运采购部,5,品管部,2,2,1,11,大于等于,3,1,139,,2026-06-25 09:39:16,,,,44,批次,,,8,14,CAN,1,8,14,CAN,目测检查,手指擦拭2次不花码,,,,,,,0,1,若仍有不合格，初检检测单元的所有商品做退货处理。,从初检问题托盘中每托取8罐复检。,2025-01-01,9999-12-31,,[],1,退货处理,001,[],"{'assoc_type': 0, 'formPerms': [], 'needSign': ''}"
143,BSYB0143,57,空罐,3,包材,5,红牛,Q/RW-TS-001-2023,,,,7,缺陷电流,5,YC00000005,1,2,到货检测,2,,4,储运采购部,5,品管部,1,1,8,10,等于,3,1,139,139,2026-06-25 09:39:16,,,适用于原材料供应商制罐线改型、制罐设备大修后、换版及实验期间,44,批次,,,32,14,CAN,1,32,14,CAN,"贵州基地：罐内涂膜完整性测定仪。
湖北基地：电流仪",＜3mA,,,22,mA,,2.90,2,1,若有不合格，取同一托8罐复检。,每8托为一个检测单元，每一托盘随机抽取样品4罐，共32罐，并做好标识。32罐均做本次检测。,2025-01-01,9999-12-31,,[],14,复检,001,[],"{'assoc_type': 0, 'formPerms': [], 'needSign': ''}"
144,BSYB0144,57,空罐,3,包材,5,红牛,Q/RW-TS-001-2023,,,,7,缺陷电流,24,YF00000014,1,2,到货检测,2,,4,储运采购部,5,品管部,1,2,1,11,大于等于,3,1,139,139,2026-06-25 09:39:16,,,适用于原材料供应商制罐线改型、制罐设备大修后、换版及实验期间,44,批次,,,8,14,CAN,1,8,14,CAN,"贵州基地：罐内涂膜完整性测定仪。
湖北基地：电流仪",＜3mA,,,22,mA,,2.90,2,1,若仍有不合格，初检检测单元的所有商品做退货处理。,从初检问题托盘中每托取8罐复检。,2025-01-01,9999-12-31,,[],1,退货处理,001,[],"{'assoc_type': 0, 'formPerms': [], 'needSign': ''}"
145,BSYB0145,57,空罐,3,包材,5,红牛,Q/RW-TS-001-2023,,,,140,焊缝外补涂外观,5,YC00000005,1,2,到货检测,2,,4,储运采购部,5,品管部,2,1,8,7,等于,3,1,139,,2026-06-25 09:39:16,,,适用于原材料供应商制罐线改型、制罐设备大修后、换版及实验期间,44,批次,,,32,14,CAN,1,32,14,CAN,目测检查,均匀、光滑、平整、不得存在露铁、沙眼、毛刺等现象,45,不均匀/粗糙/凹凸/露铁/沙眼/毛刺/其他,,,,,0,1,若有不合格，取同一托20罐复检。,每8托为一个检测单元，每一托盘随机抽取样品4罐，共32罐，并做好标识。其中12罐做本次检测。,2025-01-01,9999-12-31,,[],14,复检,001,[],"{'assoc_type': 0, 'formPerms': [], 'needSign': ''}"
146,BSYB0146,57,空罐,3,包材,5,红牛,Q/RW-TS-001-2023,,,,70,焊缝外补涂实验,5,YC00000005,1,2,到货检测,2,,4,储运采购部,5,品管部,2,1,8,7,等于,3,1,139,,2026-06-25 09:39:16,,,适用于原材料供应商制罐线改型、制罐设备大修后、换版及实验期间,44,批次,,,32,14,CAN,1,32,14,CAN,20%硫酸铜溶液，棉签,20%硫酸铜溶液涂抹无腐蚀异常,,,,,,,0,1,若出现腐蚀生锈，取同一托20罐复检。,每8托为一个检测单元，每一托盘随机抽取样品4罐，共32罐，并做好标识。其中12罐做本次检测。20%硫酸铜溶液涂抹后静置3分钟，目测观察是否出现腐蚀生锈现象。,2025-01-01,9999-12-31,,[],14,复检,001,[],"{'assoc_type': 0, 'formPerms': [], 'needSign': ''}"
147,BSYB0147,57,空罐,3,包材,5,红牛,Q/RW-TS-001-2023,,,,140,焊缝外补涂外观,25,YF00000015,1,2,到货检测,2,,4,储运采购部,5,品管部,2,2,1,11,大于等于,3,1,139,,2026-06-25 09:39:16,,,适用于原材料供应商制罐线改型、制罐设备大修后、换版及实验期间,44,批次,,,20,14,CAN,1,20,14,CAN,目测检查,均匀、光滑、平整、不得存在露铁、沙眼、毛刺等现象,45,不均匀/粗糙/凹凸/露铁/沙眼/毛刺/其他,,,,,0,1,若仍有不合格，初检检测单元的所有商品做退货处理。,从初检问题托盘中每托取20罐复检。,2025-01-01,9999-12-31,,[],1,退货处理,001,[],"{'assoc_type': 0, 'formPerms': [], 'needSign': ''}"
148,BSYB0148,57,空罐,3,包材,5,红牛,Q/RW-TS-001-2023,,,,70,焊缝外补涂实验,25,YF00000015,1,2,到货检测,2,,4,储运采购部,5,品管部,2,2,1,11,大于等于,3,1,139,,2026-06-25 09:39:16,,,适用于原材料供应商制罐线改型、制罐设备大修后、换版及实验期间,44,批次,,,20,14,CAN,1,20,14,CAN,20%硫酸铜溶液，棉签,20%硫酸铜溶液涂抹无腐蚀异常,,,,,,,0,1,若仍有不合格，初检检测单元的所有商品做退货处理。,20%硫酸铜溶液涂抹后静置3分钟，目测观察是否出现腐蚀生锈现象。,2025-01-01,9999-12-31,,[],1,退货处理,001,[],"{'assoc_type': 0, 'formPerms': [], 'needSign': ''}"
149,BSYB0149,57,空罐,3,包材,5,红牛,Q/RW-TS-001-2023,,,,71,标签标识,5,YC00000005,1,2,到货检测,2,,4,储运采购部,5,品管部,2,1,8,3,等于,3,1,139,,2026-06-25 09:39:16,,,适用于原材料供应商制罐线改型、制罐设备大修后、换版及实验期间,44,批次,,,32,14,CAN,1,32,14,CAN,目测检查,内容正确、无错位、无印刷不良,46,内容错误/内容错位/印刷不良,,,,,0,1,若有不合格，在同一托复检1000罐。,每8托为一个检测单元，每一托盘随机抽取样品4罐，共32罐，并做好标识。其中4罐做本次检测。,2025-01-01,9999-12-31,,[],14,复检,001,[],"{'assoc_type': 0, 'formPerms': [], 'needSign': ''}"
150,BSYB0150,57,空罐,3,包材,5,红牛,Q/RW-TS-001-2023,,,,71,标签标识,26,YF00000016,1,2,到货检测,2,,4,储运采购部,5,品管部,2,2,1,11,大于等于,3,1,139,,2026-06-25 09:39:16,,,适用于原材料供应商制罐线改型、制罐设备大修后、换版及实验期间,44,批次,,,1000,14,CAN,0,,,,目测检查,内容正确、无错位、无印刷不良,46,内容错误/内容错位/印刷不良,,,,,0,1,若仍有不合格，初检检测单元的所有商品做退货处理。,从初检问题托盘中每托取1000罐复检。,2025-01-01,9999-12-31,,[],1,退货处理,001,[],"{'assoc_type': 0, 'formPerms': [], 'needSign': ''}"
151,BSYB0151,57,空罐,3,包材,5,红牛,Q/RW-TS-001-2023,,,,37,外观质量,5,YC00000005,1,2,到货检测,2,,4,储运采购部,5,品管部,2,1,8,10,等于,3,1,139,,2026-06-25 09:39:16,,,适用于原材料供应商制罐线改型、制罐设备大修后、换版及实验期间,44,批次,,,32,14,CAN,1,32,14,CAN,目测检查,无A类不合格,4,内涂发霉/罐内有异物/罐内有油污/罐体印刷脏/罐体外焊缝发黑/内流胶/焊缝有毛刺/砂眼/大于1cm²的凹痕/焊缝端两边错位大于0.5mm/内涂膜及焊缝补涂带有明显气泡/焊缝粉末喷涂擦伤露铁/罐体变形/罐体印刷有严重色差/罐体颜色超出标准/内印色/翻边损伤/缩颈变形/印刷图案倒置/罐身有明显划痕/翻边严重变形/罐底无蓝点/蓝点严重划伤/冷焊/漏焊/孔洞/裂口/快口/假卷/大塌边/卷边不完全/卷边牙齿/铁舌/跳封/卷边碎裂/填料挤出/锐边/垂唇/双线,,,,,0,1,若有不合格，在同一托复检1000罐。,每8托为一个检测单元，每一托盘随机抽取样品4罐，共32罐，并做好标识。32罐均做本次检测。,2025-01-01,9999-12-31,,[],14,复检,001,[],"{'assoc_type': 0, 'formPerms': [], 'needSign': ''}"
152,BSYB0152,57,空罐,3,包材,5,红牛,Q/RW-TS-001-2023,,,,37,外观质量,5,YC00000005,1,2,到货检测,2,,4,储运采购部,5,品管部,2,1,8,10,等于,3,1,139,,2026-06-25 09:39:16,,,适用于原材料供应商制罐线改型、制罐设备大修后、换版及实验期间,44,批次,,,32,14,CAN,1,32,14,CAN,目测检查,无B类不合格,5,轻度凹痕但缺陷电流合格/罐体轻微色差/内涂不匀或有小气泡/内涂有轻微划痕但缺陷电流合格/罐内有焊接飞溅点/填料轻微外挤出/翻边轻度变形/罐底蓝点脏污/罐底蓝点不全/蓝点轻微划伤/翻边轻微损伤/罐身有较多补涂飞溅点/翻边轻度损伤/强化型拉环露铝,,,,,0,1,若有不合格，在同一托复检1000罐。,每8托为一个检测单元，每一托盘随机抽取样品4罐，共32罐，并做好标识。32罐均做本次检测。,2025-01-01,9999-12-31,,[],14,复检,001,[],"{'assoc_type': 0, 'formPerms': [], 'needSign': ''}"
153,BSYB0153,57,空罐,3,包材,5,红牛,Q/RW-TS-001-2023,,,,37,外观质量,26,YF00000016,1,2,到货检测,2,,4,储运采购部,5,品管部,2,2,1,11,大于等于,3,1,139,,2026-06-25 09:39:16,,,适用于原材料供应商制罐线改型、制罐设备大修后、换版及实验期间,44,批次,,,1000,14,CAN,0,,,,目测检查,无A类不合格,4,内涂发霉/罐内有异物/罐内有油污/罐体印刷脏/罐体外焊缝发黑/内流胶/焊缝有毛刺/砂眼/大于1cm²的凹痕/焊缝端两边错位大于0.5mm/内涂膜及焊缝补涂带有明显气泡/焊缝粉末喷涂擦伤露铁/罐体变形/罐体印刷有严重色差/罐体颜色超出标准/内印色/翻边损伤/缩颈变形/印刷图案倒置/罐身有明显划痕/翻边严重变形/罐底无蓝点/蓝点严重划伤/冷焊/漏焊/孔洞/裂口/快口/假卷/大塌边/卷边不完全/卷边牙齿/铁舌/跳封/卷边碎裂/填料挤出/锐边/垂唇/双线,,,,,0,1,若仍有不合格，初检检测单元的所有商品做退货处理。,从初检问题托盘中每托取1000罐复检。,2025-01-01,9999-12-31,,[],1,退货处理,001,[],"{'assoc_type': 0, 'formPerms': [], 'needSign': ''}"
154,BSYB0154,57,空罐,3,包材,5,红牛,Q/RW-TS-001-2023,,,,37,外观质量,26,YF00000016,1,2,到货检测,2,,4,储运采购部,5,品管部,2,2,1,11,大于等于,3,1,139,,2026-06-25 09:39:16,,,适用于原材料供应商制罐线改型、制罐设备大修后、换版及实验期间,44,批次,,,1000,14,CAN,0,,,,目测检查,无B类不合格,5,轻度凹痕但缺陷电流合格/罐体轻微色差/内涂不匀或有小气泡/内涂有轻微划痕但缺陷电流合格/罐内有焊接飞溅点/填料轻微外挤出/翻边轻度变形/罐底蓝点脏污/罐底蓝点不全/蓝点轻微划伤/翻边轻微损伤/罐身有较多补涂飞溅点/翻边轻度损伤/强化型拉环露铝,,,,,0,50,若有≥5%的不合格空罐B类缺陷，初检检测单元的所有商品做退货处理。,从初检问题托盘中每托取1000罐复检。,2025-01-01,9999-12-31,,[],1,退货处理,001,[],"{'assoc_type': 0, 'formPerms': [], 'needSign': ''}"
155,BSYB0155,57,空罐,3,包材,5,红牛,Q/RW-TS-001-2023,7,8886,红牛维他命饮料（江苏）有限公司,72,卷边厚度,5,YC00000005,0,2,到货检测,2,,4,储运采购部,5,品管部,1,1,8,3,等于,3,1,139,,2026-06-25 09:39:16,,,适用于原材料供应商制罐线改型、制罐设备大修后、换版及实验期间,44,批次,,,32,14,CAN,1,32,14,CAN,卷封投影仪,1.20-1.40,,,23,mm,1.20,1.40,2,1,参考标准，制作记录，与供应商及时沟通，暂不做复检和退货处理检测指标,每8托为一个检测单元，每一托盘随机抽取样品4罐，共32罐，并做好标识。其中4罐做本次检测。,2025-01-01,9999-12-31,,[],15,不合格,001,[],"{'assoc_type': 0, 'formPerms': [], 'needSign': ''}"
156,BSYB0156,57,空罐,3,包材,5,红牛,Q/RW-TS-001-2023,6,8885,广东红牛维他命饮料有限公司,72,卷边厚度,5,YC00000005,0,2,到货检测,2,,4,储运采购部,5,品管部,1,1,8,3,等于,3,1,139,,2026-06-25 09:39:16,,,适用于原材料供应商制罐线改型、制罐设备大修后、换版及实验期间,44,批次,,,32,14,CAN,1,32,14,CAN,卷封投影仪,1.20-1.50,,,23,mm,1.20,1.50,2,1,参考标准，制作记录，与供应商及时沟通，暂不做复检和退货处理检测指标,每8托为一个检测单元，每一托盘随机抽取样品4罐，共32罐，并做好标识。其中4罐做本次检测。,2025-01-01,9999-12-31,,[],15,不合格,001,[],"{'assoc_type': 0, 'formPerms': [], 'needSign': ''}"
157,BSYB0157,57,空罐,3,包材,5,红牛,Q/RW-TS-001-2023,12,8880,红牛维他命饮料有限公司,72,卷边厚度,5,YC00000005,0,2,到货检测,2,,4,储运采购部,5,品管部,1,1,8,3,等于,3,1,139,,2026-06-25 09:39:16,,,适用于原材料供应商制罐线改型、制罐设备大修后、换版及实验期间,44,批次,,,32,14,CAN,1,32,14,CAN,卷封投影仪,1.20-1.50,,,23,mm,1.20,1.50,2,1,参考标准，制作记录，与供应商及时沟通，暂不做复检和退货处理检测指标,每8托为一个检测单元，每一托盘随机抽取样品4罐，共32罐，并做好标识。其中4罐做本次检测。,2025-01-01,9999-12-31,,[],15,不合格,001,[],"{'assoc_type': 0, 'formPerms': [], 'needSign': ''}"
158,BSYB0158,57,空罐,3,包材,5,红牛,Q/RW-TS-001-2023,5,8883,红牛维他命饮料（湖北）有限公司,72,卷边厚度,5,YC00000005,0,2,到货检测,2,,4,储运采购部,5,品管部,1,1,8,3,等于,3,1,139,,2026-06-25 09:39:16,,,适用于原材料供应商制罐线改型、制罐设备大修后、换版及实验期间,44,批次,,,32,14,CAN,1,32,14,CAN,卷封投影仪,1.20-1.50,,,23,mm,1.20,1.50,2,1,参考标准，制作记录，与供应商及时沟通，暂不做复检和退货处理检测指标,每8托为一个检测单元，每一托盘随机抽取样品4罐，共32罐，并做好标识。其中4罐做本次检测。,2025-01-01,9999-12-31,,[],15,不合格,001,[],"{'assoc_type': 0, 'formPerms': [], 'needSign': ''}"
159,BSYB0159,57,空罐,3,包材,5,红牛,Q/RW-TS-001-2023,9,6866,华彬快速消费品饮料（福建）有限公司,72,卷边厚度,5,YC00000005,0,2,到货检测,2,,4,储运采购部,5,品管部,1,1,8,3,等于,3,1,139,,2026-06-25 09:39:16,,,适用于原材料供应商制罐线改型、制罐设备大修后、换版及实验期间,44,批次,,,32,14,CAN,1,32,14,CAN,卷封投影仪,1.20-1.50,,,23,mm,1.20,1.50,2,1,参考标准，制作记录，与供应商及时沟通，暂不做复检和退货处理检测指标,每8托为一个检测单元，每一托盘随机抽取样品4罐，共32罐，并做好标识。其中4罐做本次检测。,2025-01-01,9999-12-31,,[],15,不合格,001,[],"{'assoc_type': 0, 'formPerms': [], 'needSign': ''}"
160,BSYB0160,57,空罐,3,包材,5,红牛,Q/RW-TS-001-2023,8,6865,华彬快速消费品饮料（贵州）有限公司,72,卷边厚度,5,YC00000005,0,2,到货检测,2,,4,储运采购部,5,品管部,1,1,8,3,等于,3,1,139,,2026-06-25 09:39:16,,,适用于原材料供应商制罐线改型、制罐设备大修后、换版及实验期间,44,批次,,,32,14,CAN,1,32,14,CAN,卷封投影仪,1.20-1.50,,,23,mm,1.20,1.50,2,1,参考标准，制作记录，与供应商及时沟通，暂不做复检和退货处理检测指标,每8托为一个检测单元，每一托盘随机抽取样品4罐，共32罐，并做好标识。其中4罐做本次检测。,2025-01-01,9999-12-31,,[],15,不合格,001,[],"{'assoc_type': 0, 'formPerms': [], 'needSign': ''}"
161,BSYB0161,57,空罐,3,包材,5,红牛,Q/RW-TS-001-2023,7,8886,红牛维他命饮料（江苏）有限公司,73,卷边宽度,5,YC00000005,0,2,到货检测,2,,4,储运采购部,5,品管部,1,1,8,3,等于,3,1,139,,2026-06-25 09:39:16,,,适用于原材料供应商制罐线改型、制罐设备大修后、换版及实验期间,44,批次,,,32,14,CAN,1,32,14,CAN,卷封投影仪,2.60-2.90,,,23,mm,2.60,2.90,2,1,参考标准，制作记录，与供应商及时沟通，暂不做复检和退货处理检测指标,每8托为一个检测单元，每一托盘随机抽取样品4罐，共32罐，并做好标识。其中4罐做本次检测。,2025-01-01,9999-12-31,,[],15,不合格,001,[],"{'assoc_type': 0, 'formPerms': [], 'needSign': ''}"
162,BSYB0162,57,空罐,3,包材,5,红牛,Q/RW-TS-001-2023,7,8886,红牛维他命饮料（江苏）有限公司,73,卷边宽度,5,YC00000005,0,2,到货检测,2,,4,储运采购部,5,品管部,1,1,8,3,等于,3,1,139,,2026-06-25 09:39:16,,,适用于原材料供应商制罐线改型、制罐设备大修后、换版及实验期间,44,批次,,,32,14,CAN,1,32,14,CAN,卷封投影仪,2.60-2.90,,,23,mm,2.60,2.90,2,1,参考标准，制作记录，与供应商及时沟通，暂不做复检和退货处理检测指标,每8托为一个检测单元，每一托盘随机抽取样品4罐，共32罐，并做好标识。其中4罐做本次检测。,2025-01-01,9999-12-31,,[],15,不合格,001,[],"{'assoc_type': 0, 'formPerms': [], 'needSign': ''}"
163,BSYB0163,57,空罐,3,包材,5,红牛,Q/RW-TS-001-2023,6,8885,广东红牛维他命饮料有限公司,73,卷边宽度,5,YC00000005,0,2,到货检测,2,,4,储运采购部,5,品管部,1,1,8,3,等于,3,1,139,,2026-06-25 09:39:16,,,适用于原材料供应商制罐线改型、制罐设备大修后、换版及实验期间,44,批次,,,32,14,CAN,1,32,14,CAN,卷封投影仪,2.50-2.90,,,23,mm,2.50,2.90,2,1,参考标准，制作记录，与供应商及时沟通，暂不做复检和退货处理检测指标,每8托为一个检测单元，每一托盘随机抽取样品4罐，共32罐，并做好标识。其中4罐做本次检测。,2025-01-01,9999-12-31,,[],15,不合格,001,[],"{'assoc_type': 0, 'formPerms': [], 'needSign': ''}"
164,BSYB0164,57,空罐,3,包材,5,红牛,Q/RW-TS-001-2023,6,8885,广东红牛维他命饮料有限公司,73,卷边宽度,5,YC00000005,0,2,到货检测,2,,4,储运采购部,5,品管部,1,1,8,3,等于,3,1,139,,2026-06-25 09:39:16,,,适用于原材料供应商制罐线改型、制罐设备大修后、换版及实验期间,44,批次,,,32,14,CAN,1,32,14,CAN,卷封投影仪,2.50-2.90,,,23,mm,2.50,2.90,2,1,参考标准，制作记录，与供应商及时沟通，暂不做复检和退货处理检测指标,每8托为一个检测单元，每一托盘随机抽取样品4罐，共32罐，并做好标识。其中4罐做本次检测。,2025-01-01,9999-12-31,,[],15,不合格,001,[],"{'assoc_type': 0, 'formPerms': [], 'needSign': ''}"
165,BSYB0165,57,空罐,3,包材,5,红牛,Q/RW-TS-001-2023,12,8880,红牛维他命饮料有限公司,73,卷边宽度,5,YC00000005,0,2,到货检测,2,,4,储运采购部,5,品管部,1,1,8,3,等于,3,1,139,,2026-06-25 09:39:16,,,适用于原材料供应商制罐线改型、制罐设备大修后、换版及实验期间,44,批次,,,32,14,CAN,1,32,14,CAN,卷封投影仪,2.50-2.90,,,23,mm,2.50,2.90,2,1,参考标准，制作记录，与供应商及时沟通，暂不做复检和退货处理检测指标,每8托为一个检测单元，每一托盘随机抽取样品4罐，共32罐，并做好标识。其中4罐做本次检测。,2025-01-01,9999-12-31,,[],15,不合格,001,[],"{'assoc_type': 0, 'formPerms': [], 'needSign': ''}"
166,BSYB0166,57,空罐,3,包材,5,红牛,Q/RW-TS-001-2023,12,8880,红牛维他命饮料有限公司,73,卷边宽度,5,YC00000005,0,2,到货检测,2,,4,储运采购部,5,品管部,1,1,8,3,等于,3,1,139,,2026-06-25 09:39:16,,,适用于原材料供应商制罐线改型、制罐设备大修后、换版及实验期间,44,批次,,,32,14,CAN,1,32,14,CAN,卷封投影仪,2.50-2.90,,,23,mm,2.50,2.90,2,1,参考标准，制作记录，与供应商及时沟通，暂不做复检和退货处理检测指标,每8托为一个检测单元，每一托盘随机抽取样品4罐，共32罐，并做好标识。其中4罐做本次检测。,2025-01-01,9999-12-31,,[],15,不合格,001,[],"{'assoc_type': 0, 'formPerms': [], 'needSign': ''}"
167,BSYB0167,57,空罐,3,包材,5,红牛,Q/RW-TS-001-2023,5,8883,红牛维他命饮料（湖北）有限公司,73,卷边宽度,5,YC00000005,0,2,到货检测,2,,4,储运采购部,5,品管部,1,1,8,3,等于,3,1,139,,2026-06-25 09:39:16,,,适用于原材料供应商制罐线改型、制罐设备大修后、换版及实验期间,44,批次,,,32,14,CAN,1,32,14,CAN,卷封投影仪,2.50-2.90,,,23,mm,2.50,2.90,2,1,参考标准，制作记录，与供应商及时沟通，暂不做复检和退货处理检测指标,每8托为一个检测单元，每一托盘随机抽取样品4罐，共32罐，并做好标识。其中4罐做本次检测。,2025-01-01,9999-12-31,,[],15,不合格,001,[],"{'assoc_type': 0, 'formPerms': [], 'needSign': ''}"
168,BSYB0168,57,空罐,3,包材,5,红牛,Q/RW-TS-001-2023,5,8883,红牛维他命饮料（湖北）有限公司,73,卷边宽度,5,YC00000005,0,2,到货检测,2,,4,储运采购部,5,品管部,1,1,8,3,等于,3,1,139,,2026-06-25 09:39:16,,,适用于原材料供应商制罐线改型、制罐设备大修后、换版及实验期间,44,批次,,,32,14,CAN,1,32,14,CAN,卷封投影仪,2.50-2.90,,,23,mm,2.50,2.90,2,1,参考标准，制作记录，与供应商及时沟通，暂不做复检和退货处理检测指标,每8托为一个检测单元，每一托盘随机抽取样品4罐，共32罐，并做好标识。其中4罐做本次检测。,2025-01-01,9999-12-31,,[],15,不合格,001,[],"{'assoc_type': 0, 'formPerms': [], 'needSign': ''}"
169,BSYB0169,57,空罐,3,包材,5,红牛,Q/RW-TS-001-2023,9,6866,华彬快速消费品饮料（福建）有限公司,73,卷边宽度,5,YC00000005,0,2,到货检测,2,,4,储运采购部,5,品管部,1,1,8,3,等于,3,1,139,,2026-06-25 09:39:16,,,适用于原材料供应商制罐线改型、制罐设备大修后、换版及实验期间,44,批次,,,32,14,CAN,1,32,14,CAN,卷封投影仪,2.50-2.90,,,23,mm,2.50,2.90,2,1,参考标准，制作记录，与供应商及时沟通，暂不做复检和退货处理检测指标,每8托为一个检测单元，每一托盘随机抽取样品4罐，共32罐，并做好标识。其中4罐做本次检测。,2025-01-01,9999-12-31,,[],15,不合格,001,[],"{'assoc_type': 0, 'formPerms': [], 'needSign': ''}"
170,BSYB0170,57,空罐,3,包材,5,红牛,Q/RW-TS-001-2023,9,6866,华彬快速消费品饮料（福建）有限公司,73,卷边宽度,5,YC00000005,0,2,到货检测,2,,4,储运采购部,5,品管部,1,1,8,3,等于,3,1,139,,2026-06-25 09:39:16,,,适用于原材料供应商制罐线改型、制罐设备大修后、换版及实验期间,44,批次,,,32,14,CAN,1,32,14,CAN,卷封投影仪,2.50-2.90,,,23,mm,2.50,2.90,2,1,参考标准，制作记录，与供应商及时沟通，暂不做复检和退货处理检测指标,每8托为一个检测单元，每一托盘随机抽取样品4罐，共32罐，并做好标识。其中4罐做本次检测。,2025-01-01,9999-12-31,,[],15,不合格,001,[],"{'assoc_type': 0, 'formPerms': [], 'needSign': ''}"
171,BSYB0171,57,空罐,3,包材,5,红牛,Q/RW-TS-001-2023,8,6865,华彬快速消费品饮料（贵州）有限公司,73,卷边宽度,5,YC00000005,0,2,到货检测,2,,4,储运采购部,5,品管部,1,1,8,3,等于,3,1,139,,2026-06-25 09:39:16,,,适用于原材料供应商制罐线改型、制罐设备大修后、换版及实验期间,44,批次,,,32,14,CAN,1,32,14,CAN,卷封投影仪,2.50-2.90,,,23,mm,2.50,2.90,2,1,参考标准，制作记录，与供应商及时沟通，暂不做复检和退货处理检测指标,每8托为一个检测单元，每一托盘随机抽取样品4罐，共32罐，并做好标识。其中4罐做本次检测。,2025-01-01,9999-12-31,,[],15,不合格,001,[],"{'assoc_type': 0, 'formPerms': [], 'needSign': ''}"
172,BSYB0172,57,空罐,3,包材,5,红牛,Q/RW-TS-001-2023,8,6865,华彬快速消费品饮料（贵州）有限公司,73,卷边宽度,5,YC00000005,0,2,到货检测,2,,4,储运采购部,5,品管部,1,1,8,3,等于,3,1,139,,2026-06-25 09:39:16,,,适用于原材料供应商制罐线改型、制罐设备大修后、换版及实验期间,44,批次,,,32,14,CAN,1,32,14,CAN,卷封投影仪,2.50-2.90,,,23,mm,2.50,2.90,2,1,参考标准，制作记录，与供应商及时沟通，暂不做复检和退货处理检测指标,每8托为一个检测单元，每一托盘随机抽取样品4罐，共32罐，并做好标识。其中4罐做本次检测。,2025-01-01,9999-12-31,,[],15,不合格,001,[],"{'assoc_type': 0, 'formPerms': [], 'needSign': ''}"
173,BSYB0173,57,空罐,3,包材,5,红牛,Q/RW-TS-001-2023,,,,73,卷边宽度,5,YC00000005,0,2,到货检测,2,,4,储运采购部,5,品管部,1,1,8,3,等于,3,1,139,,2026-06-25 09:39:16,,,适用于原材料供应商制罐线改型、制罐设备大修后、换版及实验期间,44,批次,,,32,14,CAN,1,32,14,CAN,卷封投影仪,2.50-3.00,,,23,mm,2.50,3.00,2,1,参考标准，制作记录，与供应商及时沟通，暂不做复检和退货处理检测指标,每8托为一个检测单元，每一托盘随机抽取样品4罐，共32罐，并做好标识。其中4罐做本次检测。,2025-01-01,9999-12-31,,[],15,不合格,001,[],"{'assoc_type': 0, 'formPerms': [], 'needSign': ''}"
174,BSYB0174,57,空罐,3,包材,5,红牛,Q/RW-TS-001-2023,7,8886,红牛维他命饮料（江苏）有限公司,74,身钩、盖钩长度,5,YC00000005,0,2,到货检测,2,,4,储运采购部,5,品管部,1,1,8,3,等于,3,1,139,,2026-06-25 09:39:16,,,适用于原材料供应商制罐线改型、制罐设备大修后、换版及实验期间,44,批次,,,32,14,CAN,1,32,14,CAN,卷封投影仪,1.60-2.00,,,23,mm,1.60,2.00,2,1,参考标准，制作记录，与供应商及时沟通，暂不做复检和退货处理检测指标,每8托为一个检测单元，每一托盘随机抽取样品4罐，共32罐，并做好标识。其中4罐做本次检测。,2025-01-01,9999-12-31,,[],15,不合格,001,[],"{'assoc_type': 0, 'formPerms': [], 'needSign': ''}"
175,BSYB0175,57,空罐,3,包材,5,红牛,Q/RW-TS-001-2023,7,8886,红牛维他命饮料（江苏）有限公司,74,身钩、盖钩长度,5,YC00000005,0,2,到货检测,2,,4,储运采购部,5,品管部,1,1,8,3,等于,3,1,139,,2026-06-25 09:39:16,,,适用于原材料供应商制罐线改型、制罐设备大修后、换版及实验期间,44,批次,,,32,14,CAN,1,32,14,CAN,卷封投影仪,1.60-2.00,,,23,mm,1.60,2.00,2,1,参考标准，制作记录，与供应商及时沟通，暂不做复检和退货处理检测指标,每8托为一个检测单元，每一托盘随机抽取样品4罐，共32罐，并做好标识。其中4罐做本次检测。,2025-01-01,9999-12-31,,[],15,不合格,001,[],"{'assoc_type': 0, 'formPerms': [], 'needSign': ''}"
176,BSYB0176,57,空罐,3,包材,5,红牛,Q/RW-TS-001-2023,6,8885,广东红牛维他命饮料有限公司,74,身钩、盖钩长度,5,YC00000005,0,2,到货检测,2,,4,储运采购部,5,品管部,1,1,8,3,等于,3,1,139,,2026-06-25 09:39:16,,,适用于原材料供应商制罐线改型、制罐设备大修后、换版及实验期间,44,批次,,,32,14,CAN,1,32,14,CAN,卷封投影仪,1.50-2.00,,,23,mm,1.50,2.00,2,1,参考标准，制作记录，与供应商及时沟通，暂不做复检和退货处理检测指标,每8托为一个检测单元，每一托盘随机抽取样品4罐，共32罐，并做好标识。其中4罐做本次检测。,2025-01-01,9999-12-31,,[],15,不合格,001,[],"{'assoc_type': 0, 'formPerms': [], 'needSign': ''}"
177,BSYB0177,57,空罐,3,包材,5,红牛,Q/RW-TS-001-2023,6,8885,广东红牛维他命饮料有限公司,74,身钩、盖钩长度,5,YC00000005,0,2,到货检测,2,,4,储运采购部,5,品管部,1,1,8,3,等于,3,1,139,,2026-06-25 09:39:16,,,适用于原材料供应商制罐线改型、制罐设备大修后、换版及实验期间,44,批次,,,32,14,CAN,1,32,14,CAN,卷封投影仪,1.50-2.00,,,23,mm,1.50,2.00,2,1,参考标准，制作记录，与供应商及时沟通，暂不做复检和退货处理检测指标,每8托为一个检测单元，每一托盘随机抽取样品4罐，共32罐，并做好标识。其中4罐做本次检测。,2025-01-01,9999-12-31,,[],15,不合格,001,[],"{'assoc_type': 0, 'formPerms': [], 'needSign': ''}"
178,BSYB0178,57,空罐,3,包材,5,红牛,Q/RW-TS-001-2023,12,8880,红牛维他命饮料有限公司,74,身钩、盖钩长度,5,YC00000005,0,2,到货检测,2,,4,储运采购部,5,品管部,1,1,8,3,等于,3,1,139,,2026-06-25 09:39:16,,,适用于原材料供应商制罐线改型、制罐设备大修后、换版及实验期间,44,批次,,,32,14,CAN,1,32,14,CAN,卷封投影仪,1.50-2.00,,,23,mm,1.50,2.00,2,1,参考标准，制作记录，与供应商及时沟通，暂不做复检和退货处理检测指标,每8托为一个检测单元，每一托盘随机抽取样品4罐，共32罐，并做好标识。其中4罐做本次检测。,2025-01-01,9999-12-31,,[],15,不合格,001,[],"{'assoc_type': 0, 'formPerms': [], 'needSign': ''}"
179,BSYB0179,57,空罐,3,包材,5,红牛,Q/RW-TS-001-2023,12,8880,红牛维他命饮料有限公司,74,身钩、盖钩长度,5,YC00000005,0,2,到货检测,2,,4,储运采购部,5,品管部,1,1,8,3,等于,3,1,139,,2026-06-25 09:39:16,,,适用于原材料供应商制罐线改型、制罐设备大修后、换版及实验期间,44,批次,,,32,14,CAN,1,32,14,CAN,卷封投影仪,1.50-2.00,,,23,mm,1.50,2.00,2,1,参考标准，制作记录，与供应商及时沟通，暂不做复检和退货处理检测指标,每8托为一个检测单元，每一托盘随机抽取样品4罐，共32罐，并做好标识。其中4罐做本次检测。,2025-01-01,9999-12-31,,[],15,不合格,001,[],"{'assoc_type': 0, 'formPerms': [], 'needSign': ''}"
180,BSYB0180,57,空罐,3,包材,5,红牛,Q/RW-TS-001-2023,5,8883,红牛维他命饮料（湖北）有限公司,74,身钩、盖钩长度,5,YC00000005,0,2,到货检测,2,,4,储运采购部,5,品管部,1,1,8,3,等于,3,1,139,,2026-06-25 09:39:16,,,适用于原材料供应商制罐线改型、制罐设备大修后、换版及实验期间,44,批次,,,32,14,CAN,1,32,14,CAN,卷封投影仪,1.50-2.00,,,23,mm,1.50,2.00,2,1,参考标准，制作记录，与供应商及时沟通，暂不做复检和退货处理检测指标,每8托为一个检测单元，每一托盘随机抽取样品4罐，共32罐，并做好标识。其中4罐做本次检测。,2025-01-01,9999-12-31,,[],15,不合格,001,[],"{'assoc_type': 0, 'formPerms': [], 'needSign': ''}"
181,BSYB0181,57,空罐,3,包材,5,红牛,Q/RW-TS-001-2023,5,8883,红牛维他命饮料（湖北）有限公司,74,身钩、盖钩长度,5,YC00000005,0,2,到货检测,2,,4,储运采购部,5,品管部,1,1,8,3,等于,3,1,139,,2026-06-25 09:39:16,,,适用于原材料供应商制罐线改型、制罐设备大修后、换版及实验期间,44,批次,,,32,14,CAN,1,32,14,CAN,卷封投影仪,1.50-2.00,,,23,mm,1.50,2.00,2,1,参考标准，制作记录，与供应商及时沟通，暂不做复检和退货处理检测指标,每8托为一个检测单元，每一托盘随机抽取样品4罐，共32罐，并做好标识。其中4罐做本次检测。,2025-01-01,9999-12-31,,[],15,不合格,001,[],"{'assoc_type': 0, 'formPerms': [], 'needSign': ''}"
182,BSYB0182,57,空罐,3,包材,5,红牛,Q/RW-TS-001-2023,9,6866,华彬快速消费品饮料（福建）有限公司,74,身钩、盖钩长度,5,YC00000005,0,2,到货检测,2,,4,储运采购部,5,品管部,1,1,8,3,等于,3,1,139,,2026-06-25 09:39:16,,,适用于原材料供应商制罐线改型、制罐设备大修后、换版及实验期间,44,批次,,,32,14,CAN,1,32,14,CAN,卷封投影仪,1.50-2.00,,,23,mm,1.50,2.00,2,1,参考标准，制作记录，与供应商及时沟通，暂不做复检和退货处理检测指标,每8托为一个检测单元，每一托盘随机抽取样品4罐，共32罐，并做好标识。其中4罐做本次检测。,2025-01-01,9999-12-31,,[],15,不合格,001,[],"{'assoc_type': 0, 'formPerms': [], 'needSign': ''}"
183,BSYB0183,57,空罐,3,包材,5,红牛,Q/RW-TS-001-2023,9,6866,华彬快速消费品饮料（福建）有限公司,74,身钩、盖钩长度,5,YC00000005,0,2,到货检测,2,,4,储运采购部,5,品管部,1,1,8,3,等于,3,1,139,,2026-06-25 09:39:16,,,适用于原材料供应商制罐线改型、制罐设备大修后、换版及实验期间,44,批次,,,32,14,CAN,1,32,14,CAN,卷封投影仪,1.50-2.00,,,23,mm,1.50,2.00,2,1,参考标准，制作记录，与供应商及时沟通，暂不做复检和退货处理检测指标,每8托为一个检测单元，每一托盘随机抽取样品4罐，共32罐，并做好标识。其中4罐做本次检测。,2025-01-01,9999-12-31,,[],15,不合格,001,[],"{'assoc_type': 0, 'formPerms': [], 'needSign': ''}"
184,BSYB0184,57,空罐,3,包材,5,红牛,Q/RW-TS-001-2023,8,6865,华彬快速消费品饮料（贵州）有限公司,74,身钩、盖钩长度,5,YC00000005,0,2,到货检测,2,,4,储运采购部,5,品管部,1,1,8,3,等于,3,1,139,,2026-06-25 09:39:16,,,适用于原材料供应商制罐线改型、制罐设备大修后、换版及实验期间,44,批次,,,32,14,CAN,1,32,14,CAN,卷封投影仪,1.50-2.00,,,23,mm,1.50,2.00,2,1,参考标准，制作记录，与供应商及时沟通，暂不做复检和退货处理检测指标,每8托为一个检测单元，每一托盘随机抽取样品4罐，共32罐，并做好标识。其中4罐做本次检测。,2025-01-01,9999-12-31,,[],15,不合格,001,[],"{'assoc_type': 0, 'formPerms': [], 'needSign': ''}"
185,BSYB0185,57,空罐,3,包材,5,红牛,Q/RW-TS-001-2023,8,6865,华彬快速消费品饮料（贵州）有限公司,74,身钩、盖钩长度,5,YC00000005,0,2,到货检测,2,,4,储运采购部,5,品管部,1,1,8,3,等于,3,1,139,,2026-06-25 09:39:16,,,适用于原材料供应商制罐线改型、制罐设备大修后、换版及实验期间,44,批次,,,32,14,CAN,1,32,14,CAN,卷封投影仪,1.50-2.00,,,23,mm,1.50,2.00,2,1,参考标准，制作记录，与供应商及时沟通，暂不做复检和退货处理检测指标,每8托为一个检测单元，每一托盘随机抽取样品4罐，共32罐，并做好标识。其中4罐做本次检测。,2025-01-01,9999-12-31,,[],15,不合格,001,[],"{'assoc_type': 0, 'formPerms': [], 'needSign': ''}"
186,BSYB0186,57,空罐,3,包材,5,红牛,Q/RW-TS-001-2023,,,,74,身钩、盖钩长度,5,YC00000005,0,2,到货检测,2,,4,储运采购部,5,品管部,1,1,8,3,等于,3,1,139,,2026-06-25 09:39:16,,,适用于原材料供应商制罐线改型、制罐设备大修后、换版及实验期间,44,批次,,,32,14,CAN,1,32,14,CAN,卷封投影仪,1.60-2.00,,,23,mm,1.60,2.00,2,1,参考标准，制作记录，与供应商及时沟通，暂不做复检和退货处理检测指标,每8托为一个检测单元，每一托盘随机抽取样品4罐，共32罐，并做好标识。其中4罐做本次检测。,2025-01-01,9999-12-31,,[],15,不合格,001,[],"{'assoc_type': 0, 'formPerms': [], 'needSign': ''}"
187,BSYB0187,57,空罐,3,包材,5,红牛,Q/RW-TS-001-2023,,,,75,盖钩、罐钩间隙,5,YC00000005,1,2,到货检测,2,,4,储运采购部,5,品管部,1,1,8,3,等于,3,1,139,,2026-06-25 09:39:16,,,适用于原材料供应商制罐线改型、制罐设备大修后、换版及实验期间,44,批次,,,32,14,CAN,1,32,14,CAN,卷封投影仪,≥0.1,,,23,mm,0.1,,1,1,若不合格，取同一托6罐复检。,每8托为一个检测单元，每一托盘随机抽取样品4罐，共32罐，并做好标识。其中4罐做本次检测。,2025-01-01,9999-12-31,,[],14,复检,001,[],"{'assoc_type': 0, 'formPerms': [], 'needSign': ''}"
188,BSYB0188,57,空罐,3,包材,5,红牛,Q/RW-TS-001-2023,,,,75,盖钩、罐钩间隙,27,YF00000017,1,2,到货检测,2,,4,储运采购部,5,品管部,1,2,1,11,大于等于,3,1,139,,2026-06-25 09:39:16,,,适用于原材料供应商制罐线改型、制罐设备大修后、换版及实验期间,44,批次,,,6,14,CAN,1,6,14,CAN,卷封投影仪,≥0.1,,,23,mm,0.1,,1,1,若仍有不合格，初检检测单元的所有商品做退货处理。,从初检问题托盘中取6罐复检。,2025-01-01,9999-12-31,,[],1,退货处理,001,[],"{'assoc_type': 0, 'formPerms': [], 'needSign': ''}"
189,BSYB0189,57,空罐,3,包材,5,红牛,Q/RW-TS-001-2023,,,,76,迭接长度,5,YC00000005,1,2,到货检测,2,,4,储运采购部,5,品管部,1,1,8,3,等于,3,1,139,,2026-06-25 09:39:16,,,适用于原材料供应商制罐线改型、制罐设备大修后、换版及实验期间,44,批次,,,32,14,CAN,1,32,14,CAN,卷封投影仪,≥0.90,,,23,mm,0.90,,2,1,若不合格，取同一托6罐复检。,每8托为一个检测单元，每一托盘随机抽取样品4罐，共32罐，并做好标识。其中4罐做本次检测。,2025-01-01,9999-12-31,,[],14,复检,001,[],"{'assoc_type': 0, 'formPerms': [], 'needSign': ''}"
190,BSYB0190,57,空罐,3,包材,5,红牛,Q/RW-TS-001-2023,,,,76,迭接长度,27,YF00000017,1,2,到货检测,2,,4,储运采购部,5,品管部,1,2,1,11,大于等于,3,1,139,,2026-06-25 09:39:16,,,适用于原材料供应商制罐线改型、制罐设备大修后、换版及实验期间,44,批次,,,6,14,CAN,1,6,14,CAN,卷封投影仪,≥0.90,,,23,mm,0.90,,2,1,若仍有不合格，初检检测单元的所有商品做退货处理。,从初检问题托盘中取6罐复检。,2025-01-01,9999-12-31,,[],1,退货处理,001,[],"{'assoc_type': 0, 'formPerms': [], 'needSign': ''}"
191,BSYB0191,57,空罐,3,包材,5,红牛,Q/RW-TS-001-2023,,,,77,迭接率,5,YC00000005,1,2,到货检测,2,,4,储运采购部,5,品管部,1,1,8,3,等于,3,1,139,,2026-06-25 09:39:16,,,适用于原材料供应商制罐线改型、制罐设备大修后、换版及实验期间,44,批次,,,32,14,CAN,1,32,14,CAN,卷封投影仪,≥55,,,26,%,1,,0,1,若不合格，取同一托6罐复检。,每8托为一个检测单元，每一托盘随机抽取样品4罐，共32罐，并做好标识。其中4罐做本次检测。,2025-01-01,9999-12-31,,[],14,复检,001,[],"{'assoc_type': 0, 'formPerms': [], 'needSign': ''}"
192,BSYB0192,57,空罐,3,包材,5,红牛,Q/RW-TS-001-2023,,,,77,迭接率,27,YF00000017,1,2,到货检测,2,,4,储运采购部,5,品管部,1,2,1,11,大于等于,3,1,139,,2026-06-25 09:39:16,,,适用于原材料供应商制罐线改型、制罐设备大修后、换版及实验期间,44,批次,,,6,14,CAN,1,6,14,CAN,卷封投影仪,≥55,,,26,%,1,,0,1,若仍有不合格，初检检测单元的所有商品做退货处理。,从初检问题托盘中取6罐复检。,2025-01-01,9999-12-31,,[],1,退货处理,001,[],"{'assoc_type': 0, 'formPerms': [], 'needSign': ''}"
193,BSYB0193,57,空罐,3,包材,5,红牛,Q/RW-TS-001-2023,,,,78,皱纹度,5,YC00000005,1,2,到货检测,2,,4,储运采购部,5,品管部,1,1,8,3,等于,3,1,139,139,2026-06-25 09:39:16,,,适用于原材料供应商制罐线改型、制罐设备大修后、换版及实验期间,44,批次,,,32,14,CAN,1,32,14,CAN,目测检查,≤30,,,26,%,,0,0,1,若不合格，取同一托6罐复检。,每8托为一个检测单元，每一托盘随机抽取样品4罐，共32罐，并做好标识。其中4罐做本次检测。,2025-01-01,9999-12-31,,[],14,复检,001,[],"{'assoc_type': 0, 'formPerms': [], 'needSign': ''}"
194,BSYB0194,57,空罐,3,包材,5,红牛,Q/RW-TS-001-2023,,,,78,皱纹度,28,YF00000018,1,2,到货检测,2,,4,储运采购部,5,品管部,1,2,1,11,大于等于,3,1,139,139,2026-06-25 09:39:16,,,适用于原材料供应商制罐线改型、制罐设备大修后、换版及实验期间,44,批次,,,6,14,CAN,1,6,14,CAN,目测检查,≤30,,,26,%,,0,0,1,若仍有不合格，初检检测单元的所有商品做退货处理。,从初检问题托盘中取6罐复检。,2025-01-01,9999-12-31,,[],1,退货处理,001,[],"{'assoc_type': 0, 'formPerms': [], 'needSign': ''}"
195,BSYB0195,57,空罐,3,包材,5,红牛,Q/RW-TS-001-2023,,,,79,罐体高度,5,YC00000005,1,2,到货检测,2,,4,储运采购部,5,品管部,1,1,8,3,等于,3,1,139,,2026-06-25 09:39:16,,,适用于原材料供应商制罐线改型、制罐设备大修后、换版及实验期间,44,批次,,,32,14,CAN,1,32,14,CAN,罐身高度检测仪,91.50-91.90,,,23,mm,91.50,91.90,2,1,若有不合格，取同一托6罐复检。,每8托为一个检测单元，每一托盘随机抽取样品4罐，共32罐，并做好标识。其中4罐做本次检测。,2025-01-01,9999-12-31,,[],14,复检,001,[],"{'assoc_type': 0, 'formPerms': [], 'needSign': ''}"
196,BSYB0196,57,空罐,3,包材,5,红牛,Q/RW-TS-001-2023,,,,79,罐体高度,5,YC00000005,1,2,到货检测,2,,4,储运采购部,5,品管部,1,1,8,3,等于,3,1,139,,2026-06-25 09:39:16,,,适用于原材料供应商制罐线改型、制罐设备大修后、换版及实验期间,44,批次,,,32,14,CAN,1,32,14,CAN,罐身高度检测仪,91.50-91.90,,,23,mm,91.50,91.90,2,1,若有不合格，取同一托6罐复检。,每8托为一个检测单元，每一托盘随机抽取样品4罐，共32罐，并做好标识。其中4罐做本次检测。,2025-01-01,9999-12-31,,[],14,复检,001,[],"{'assoc_type': 0, 'formPerms': [], 'needSign': ''}"
197,BSYB0197,57,空罐,3,包材,5,红牛,Q/RW-TS-001-2023,,,,79,罐体高度,5,YC00000005,1,2,到货检测,2,,4,储运采购部,5,品管部,1,1,8,3,等于,3,1,139,,2026-06-25 09:39:16,,,适用于原材料供应商制罐线改型、制罐设备大修后、换版及实验期间,44,批次,,,32,14,CAN,1,32,14,CAN,罐身高度检测仪,132.80-133.30,,,23,mm,132.80,133.30,2,1,若有不合格，取同一托6罐复检。,每8托为一个检测单元，每一托盘随机抽取样品4罐，共32罐，并做好标识。其中4罐做本次检测。,2025-01-01,9999-12-31,,[],14,复检,001,[],"{'assoc_type': 0, 'formPerms': [], 'needSign': ''}"
198,BSYB0198,57,空罐,3,包材,5,红牛,Q/RW-TS-001-2023,,,,79,罐体高度,29,YF00000019,1,2,到货检测,2,,4,储运采购部,5,品管部,1,2,1,11,大于等于,3,1,139,,2026-06-25 09:39:16,,,适用于原材料供应商制罐线改型、制罐设备大修后、换版及实验期间,44,批次,,,6,14,CAN,1,6,14,CAN,罐身高度检测仪,91.50-91.90,,,23,mm,91.50,91.90,2,1,若仍有不合格，初检检测单元的所有商品做退货处理。,从初检问题托盘中每托取6罐复检。,2025-01-01,9999-12-31,,[],1,退货处理,001,[],"{'assoc_type': 0, 'formPerms': [], 'needSign': ''}"
199,BSYB0199,57,空罐,3,包材,5,红牛,Q/RW-TS-001-2023,,,,79,罐体高度,29,YF00000019,1,2,到货检测,2,,4,储运采购部,5,品管部,1,2,1,11,大于等于,3,1,139,,2026-06-25 09:39:16,,,适用于原材料供应商制罐线改型、制罐设备大修后、换版及实验期间,44,批次,,,6,14,CAN,1,6,14,CAN,罐身高度检测仪,91.50-91.90,,,23,mm,91.50,91.90,2,1,若仍有不合格，初检检测单元的所有商品做退货处理。,从初检问题托盘中每托取6罐复检。,2025-01-01,9999-12-31,,[],1,退货处理,001,[],"{'assoc_type': 0, 'formPerms': [], 'needSign': ''}"
200,BSYB0200,57,空罐,3,包材,5,红牛,Q/RW-TS-001-2023,,,,79,罐体高度,29,YF00000019,1,2,到货检测,2,,4,储运采购部,5,品管部,1,2,1,11,大于等于,3,1,139,,2026-06-25 09:39:16,,,适用于原材料供应商制罐线改型、制罐设备大修后、换版及实验期间,44,批次,,,6,14,CAN,1,6,14,CAN,罐身高度检测仪,132.80-133.30,,,23,mm,132.80,133.30,2,1,若仍有不合格，初检检测单元的所有商品做退货处理。,从初检问题托盘中每托取6罐复检。,2025-01-01,9999-12-31,,[],1,退货处理,001,[],"{'assoc_type': 0, 'formPerms': [], 'needSign': ''}"
201,BSYB0201,57,空罐,3,包材,5,红牛,Q/RW-TS-001-2023,7,8886,红牛维他命饮料（江苏）有限公司,80,翻边尺寸,5,YC00000005,1,2,到货检测,2,,4,储运采购部,5,品管部,1,1,8,3,等于,3,1,139,,2026-06-25 09:39:16,,,适用于原材料供应商制罐线改型、制罐设备大修后、换版及实验期间,44,批次,,,32,14,CAN,1,32,14,CAN,空罐翻边宽度检测仪,2.20-2.60,,,23,mm,2.20,2.60,2,1,若有不合格，取同一托6罐复检。,每8托为一个检测单元，每一托盘随机抽取样品4罐，共32罐，并做好标识。其中4罐做本次检测。,2025-01-01,9999-12-31,,[],14,复检,001,[],"{'assoc_type': 0, 'formPerms': [], 'needSign': ''}"
202,BSYB0202,57,空罐,3,包材,5,红牛,Q/RW-TS-001-2023,7,8886,红牛维他命饮料（江苏）有限公司,80,翻边尺寸,5,YC00000005,1,2,到货检测,2,,4,储运采购部,5,品管部,1,1,8,3,等于,3,1,139,,2026-06-25 09:39:16,,,适用于原材料供应商制罐线改型、制罐设备大修后、换版及实验期间,44,批次,,,32,14,CAN,1,32,14,CAN,空罐翻边宽度检测仪,2.20-2.60,,,23,mm,2.20,2.60,2,1,若有不合格，取同一托6罐复检。,每8托为一个检测单元，每一托盘随机抽取样品4罐，共32罐，并做好标识。其中4罐做本次检测。,2025-01-01,9999-12-31,,[],14,复检,001,[],"{'assoc_type': 0, 'formPerms': [], 'needSign': ''}"
203,BSYB0203,57,空罐,3,包材,5,红牛,Q/RW-TS-001-2023,6,8885,广东红牛维他命饮料有限公司,80,翻边尺寸,5,YC00000005,1,2,到货检测,2,,4,储运采购部,5,品管部,1,1,8,3,等于,3,1,139,,2026-06-25 09:39:16,,,适用于原材料供应商制罐线改型、制罐设备大修后、换版及实验期间,44,批次,,,32,14,CAN,1,32,14,CAN,空罐翻边宽度检测仪,2.20-2.70,,,23,mm,2.20,2.70,2,1,若有不合格，取同一托6罐复检。,每8托为一个检测单元，每一托盘随机抽取样品4罐，共32罐，并做好标识。其中4罐做本次检测。,2025-01-01,9999-12-31,,[],14,复检,001,[],"{'assoc_type': 0, 'formPerms': [], 'needSign': ''}"
204,BSYB0204,57,空罐,3,包材,5,红牛,Q/RW-TS-001-2023,6,8885,广东红牛维他命饮料有限公司,80,翻边尺寸,5,YC00000005,1,2,到货检测,2,,4,储运采购部,5,品管部,1,1,8,3,等于,3,1,139,,2026-06-25 09:39:16,,,适用于原材料供应商制罐线改型、制罐设备大修后、换版及实验期间,44,批次,,,32,14,CAN,1,32,14,CAN,空罐翻边宽度检测仪,2.20-2.70,,,23,mm,2.20,2.70,2,1,若有不合格，取同一托6罐复检。,每8托为一个检测单元，每一托盘随机抽取样品4罐，共32罐，并做好标识。其中4罐做本次检测。,2025-01-01,9999-12-31,,[],14,复检,001,[],"{'assoc_type': 0, 'formPerms': [], 'needSign': ''}"
205,BSYB0205,57,空罐,3,包材,5,红牛,Q/RW-TS-001-2023,12,8880,红牛维他命饮料有限公司,80,翻边尺寸,5,YC00000005,1,2,到货检测,2,,4,储运采购部,5,品管部,1,1,8,3,等于,3,1,139,,2026-06-25 09:39:16,,,适用于原材料供应商制罐线改型、制罐设备大修后、换版及实验期间,44,批次,,,32,14,CAN,1,32,14,CAN,空罐翻边宽度检测仪,2.20-2.70,,,23,mm,2.20,2.70,2,1,若有不合格，取同一托6罐复检。,每8托为一个检测单元，每一托盘随机抽取样品4罐，共32罐，并做好标识。其中4罐做本次检测。,2025-01-01,9999-12-31,,[],14,复检,001,[],"{'assoc_type': 0, 'formPerms': [], 'needSign': ''}"
206,BSYB0206,57,空罐,3,包材,5,红牛,Q/RW-TS-001-2023,12,8880,红牛维他命饮料有限公司,80,翻边尺寸,5,YC00000005,1,2,到货检测,2,,4,储运采购部,5,品管部,1,1,8,3,等于,3,1,139,,2026-06-25 09:39:16,,,适用于原材料供应商制罐线改型、制罐设备大修后、换版及实验期间,44,批次,,,32,14,CAN,1,32,14,CAN,空罐翻边宽度检测仪,2.20-2.70,,,23,mm,2.20,2.70,2,1,若有不合格，取同一托6罐复检。,每8托为一个检测单元，每一托盘随机抽取样品4罐，共32罐，并做好标识。其中4罐做本次检测。,2025-01-01,9999-12-31,,[],14,复检,001,[],"{'assoc_type': 0, 'formPerms': [], 'needSign': ''}"
207,BSYB0207,57,空罐,3,包材,5,红牛,Q/RW-TS-001-2023,5,8883,红牛维他命饮料（湖北）有限公司,80,翻边尺寸,5,YC00000005,1,2,到货检测,2,,4,储运采购部,5,品管部,1,1,8,3,等于,3,1,139,,2026-06-25 09:39:16,,,适用于原材料供应商制罐线改型、制罐设备大修后、换版及实验期间,44,批次,,,32,14,CAN,1,32,14,CAN,空罐翻边宽度检测仪,2.20-2.70,,,23,mm,2.20,2.70,2,1,若有不合格，取同一托6罐复检。,每8托为一个检测单元，每一托盘随机抽取样品4罐，共32罐，并做好标识。其中4罐做本次检测。,2025-01-01,9999-12-31,,[],14,复检,001,[],"{'assoc_type': 0, 'formPerms': [], 'needSign': ''}"
208,BSYB0208,57,空罐,3,包材,5,红牛,Q/RW-TS-001-2023,5,8883,红牛维他命饮料（湖北）有限公司,80,翻边尺寸,5,YC00000005,1,2,到货检测,2,,4,储运采购部,5,品管部,1,1,8,3,等于,3,1,139,,2026-06-25 09:39:16,,,适用于原材料供应商制罐线改型、制罐设备大修后、换版及实验期间,44,批次,,,32,14,CAN,1,32,14,CAN,空罐翻边宽度检测仪,2.20-2.70,,,23,mm,2.20,2.70,2,1,若有不合格，取同一托6罐复检。,每8托为一个检测单元，每一托盘随机抽取样品4罐，共32罐，并做好标识。其中4罐做本次检测。,2025-01-01,9999-12-31,,[],14,复检,001,[],"{'assoc_type': 0, 'formPerms': [], 'needSign': ''}"
209,BSYB0209,57,空罐,3,包材,5,红牛,Q/RW-TS-001-2023,9,6866,华彬快速消费品饮料（福建）有限公司,80,翻边尺寸,5,YC00000005,1,2,到货检测,2,,4,储运采购部,5,品管部,1,1,8,3,等于,3,1,139,,2026-06-25 09:39:16,,,适用于原材料供应商制罐线改型、制罐设备大修后、换版及实验期间,44,批次,,,32,14,CAN,1,32,14,CAN,空罐翻边宽度检测仪,2.20-2.70,,,23,mm,2.20,2.70,2,1,若有不合格，取同一托6罐复检。,每8托为一个检测单元，每一托盘随机抽取样品4罐，共32罐，并做好标识。其中4罐做本次检测。,2025-01-01,9999-12-31,,[],14,复检,001,[],"{'assoc_type': 0, 'formPerms': [], 'needSign': ''}"
210,BSYB0210,57,空罐,3,包材,5,红牛,Q/RW-TS-001-2023,9,6866,华彬快速消费品饮料（福建）有限公司,80,翻边尺寸,5,YC00000005,1,2,到货检测,2,,4,储运采购部,5,品管部,1,1,8,3,等于,3,1,139,,2026-06-25 09:39:16,,,适用于原材料供应商制罐线改型、制罐设备大修后、换版及实验期间,44,批次,,,32,14,CAN,1,32,14,CAN,空罐翻边宽度检测仪,2.20-2.70,,,23,mm,2.20,2.70,2,1,若有不合格，取同一托6罐复检。,每8托为一个检测单元，每一托盘随机抽取样品4罐，共32罐，并做好标识。其中4罐做本次检测。,2025-01-01,9999-12-31,,[],14,复检,001,[],"{'assoc_type': 0, 'formPerms': [], 'needSign': ''}"
211,BSYB0211,57,空罐,3,包材,5,红牛,Q/RW-TS-001-2023,8,6865,华彬快速消费品饮料（贵州）有限公司,80,翻边尺寸,5,YC00000005,1,2,到货检测,2,,4,储运采购部,5,品管部,1,1,8,3,等于,3,1,139,,2026-06-25 09:39:16,,,适用于原材料供应商制罐线改型、制罐设备大修后、换版及实验期间,44,批次,,,32,14,CAN,1,32,14,CAN,空罐翻边宽度检测仪,2.20-2.70,,,23,mm,2.20,2.70,2,1,若有不合格，取同一托6罐复检。,每8托为一个检测单元，每一托盘随机抽取样品4罐，共32罐，并做好标识。其中4罐做本次检测。,2025-01-01,9999-12-31,,[],14,复检,001,[],"{'assoc_type': 0, 'formPerms': [], 'needSign': ''}"
212,BSYB0212,57,空罐,3,包材,5,红牛,Q/RW-TS-001-2023,8,6865,华彬快速消费品饮料（贵州）有限公司,80,翻边尺寸,5,YC00000005,1,2,到货检测,2,,4,储运采购部,5,品管部,1,1,8,3,等于,3,1,139,,2026-06-25 09:39:16,,,适用于原材料供应商制罐线改型、制罐设备大修后、换版及实验期间,44,批次,,,32,14,CAN,1,32,14,CAN,空罐翻边宽度检测仪,2.20-2.70,,,23,mm,2.20,2.70,2,1,若有不合格，取同一托6罐复检。,每8托为一个检测单元，每一托盘随机抽取样品4罐，共32罐，并做好标识。其中4罐做本次检测。,2025-01-01,9999-12-31,,[],14,复检,001,[],"{'assoc_type': 0, 'formPerms': [], 'needSign': ''}"
213,BSYB0213,57,空罐,3,包材,5,红牛,Q/RW-TS-001-2023,,,,80,翻边尺寸,5,YC00000005,1,2,到货检测,2,,4,储运采购部,5,品管部,1,1,8,3,等于,3,1,139,,2026-06-25 09:39:16,,,适用于原材料供应商制罐线改型、制罐设备大修后、换版及实验期间,44,批次,,,32,14,CAN,1,32,14,CAN,空罐翻边宽度检测仪,2.30-2.55,,,23,mm,2.30,2.55,2,1,若有不合格，取同一托6罐复检。,每8托为一个检测单元，每一托盘随机抽取样品4罐，共32罐，并做好标识。其中4罐做本次检测。,2025-01-01,9999-12-31,,[],14,复检,001,[],"{'assoc_type': 0, 'formPerms': [], 'needSign': ''}"
214,BSYB0214,57,空罐,3,包材,5,红牛,Q/RW-TS-001-2023,7,8886,红牛维他命饮料（江苏）有限公司,80,翻边尺寸,29,YF00000019,1,2,到货检测,2,,4,储运采购部,5,品管部,1,2,1,11,大于等于,3,1,139,,2026-06-25 09:39:16,,,适用于原材料供应商制罐线改型、制罐设备大修后、换版及实验期间,44,批次,,,6,14,CAN,1,6,14,CAN,空罐翻边宽度检测仪,2.20-2.60,,,23,mm,2.20,2.60,2,1,若仍有不合格，初检检测单元的所有商品做退货处理。,从初检问题托盘中每托取6罐复检。,2025-01-01,9999-12-31,,[],1,退货处理,001,[],"{'assoc_type': 0, 'formPerms': [], 'needSign': ''}"
215,BSYB0215,57,空罐,3,包材,5,红牛,Q/RW-TS-001-2023,7,8886,红牛维他命饮料（江苏）有限公司,80,翻边尺寸,29,YF00000019,1,2,到货检测,2,,4,储运采购部,5,品管部,1,2,1,11,大于等于,3,1,139,,2026-06-25 09:39:16,,,适用于原材料供应商制罐线改型、制罐设备大修后、换版及实验期间,44,批次,,,6,14,CAN,1,6,14,CAN,空罐翻边宽度检测仪,2.20-2.60,,,23,mm,2.20,2.60,2,1,若仍有不合格，初检检测单元的所有商品做退货处理。,从初检问题托盘中每托取6罐复检。,2025-01-01,9999-12-31,,[],1,退货处理,001,[],"{'assoc_type': 0, 'formPerms': [], 'needSign': ''}"
216,BSYB0216,57,空罐,3,包材,5,红牛,Q/RW-TS-001-2023,6,8885,广东红牛维他命饮料有限公司,80,翻边尺寸,29,YF00000019,1,2,到货检测,2,,4,储运采购部,5,品管部,1,2,1,11,大于等于,3,1,139,,2026-06-25 09:39:16,,,适用于原材料供应商制罐线改型、制罐设备大修后、换版及实验期间,44,批次,,,6,14,CAN,1,6,14,CAN,空罐翻边宽度检测仪,2.20-2.70,,,23,mm,2.20,2.70,2,1,若仍有不合格，初检检测单元的所有商品做退货处理。,从初检问题托盘中每托取6罐复检。,2025-01-01,9999-12-31,,[],1,退货处理,001,[],"{'assoc_type': 0, 'formPerms': [], 'needSign': ''}"
217,BSYB0217,57,空罐,3,包材,5,红牛,Q/RW-TS-001-2023,6,8885,广东红牛维他命饮料有限公司,80,翻边尺寸,29,YF00000019,1,2,到货检测,2,,4,储运采购部,5,品管部,1,2,1,11,大于等于,3,1,139,,2026-06-25 09:39:16,,,适用于原材料供应商制罐线改型、制罐设备大修后、换版及实验期间,44,批次,,,6,14,CAN,1,6,14,CAN,空罐翻边宽度检测仪,2.20-2.70,,,23,mm,2.20,2.70,2,1,若仍有不合格，初检检测单元的所有商品做退货处理。,从初检问题托盘中每托取6罐复检。,2025-01-01,9999-12-31,,[],1,退货处理,001,[],"{'assoc_type': 0, 'formPerms': [], 'needSign': ''}"
218,BSYB0218,57,空罐,3,包材,5,红牛,Q/RW-TS-001-2023,12,8880,红牛维他命饮料有限公司,80,翻边尺寸,29,YF00000019,1,2,到货检测,2,,4,储运采购部,5,品管部,1,2,1,11,大于等于,3,1,139,,2026-06-25 09:39:16,,,适用于原材料供应商制罐线改型、制罐设备大修后、换版及实验期间,44,批次,,,6,14,CAN,1,6,14,CAN,空罐翻边宽度检测仪,2.20-2.70,,,23,mm,2.20,2.70,2,1,若仍有不合格，初检检测单元的所有商品做退货处理。,从初检问题托盘中每托取6罐复检。,2025-01-01,9999-12-31,,[],1,退货处理,001,[],"{'assoc_type': 0, 'formPerms': [], 'needSign': ''}"
219,BSYB0219,57,空罐,3,包材,5,红牛,Q/RW-TS-001-2023,12,8880,红牛维他命饮料有限公司,80,翻边尺寸,29,YF00000019,1,2,到货检测,2,,4,储运采购部,5,品管部,1,2,1,11,大于等于,3,1,139,,2026-06-25 09:39:16,,,适用于原材料供应商制罐线改型、制罐设备大修后、换版及实验期间,44,批次,,,6,14,CAN,1,6,14,CAN,空罐翻边宽度检测仪,2.20-2.70,,,23,mm,2.20,2.70,2,1,若仍有不合格，初检检测单元的所有商品做退货处理。,从初检问题托盘中每托取6罐复检。,2025-01-01,9999-12-31,,[],1,退货处理,001,[],"{'assoc_type': 0, 'formPerms': [], 'needSign': ''}"
220,BSYB0220,57,空罐,3,包材,5,红牛,Q/RW-TS-001-2023,5,8883,红牛维他命饮料（湖北）有限公司,80,翻边尺寸,29,YF00000019,1,2,到货检测,2,,4,储运采购部,5,品管部,1,2,1,11,大于等于,3,1,139,,2026-06-25 09:39:16,,,适用于原材料供应商制罐线改型、制罐设备大修后、换版及实验期间,44,批次,,,6,14,CAN,1,6,14,CAN,空罐翻边宽度检测仪,2.20-2.70,,,23,mm,2.20,2.70,2,1,若仍有不合格，初检检测单元的所有商品做退货处理。,从初检问题托盘中每托取6罐复检。,2025-01-01,9999-12-31,,[],1,退货处理,001,[],"{'assoc_type': 0, 'formPerms': [], 'needSign': ''}"
221,BSYB0221,57,空罐,3,包材,5,红牛,Q/RW-TS-001-2023,5,8883,红牛维他命饮料（湖北）有限公司,80,翻边尺寸,29,YF00000019,1,2,到货检测,2,,4,储运采购部,5,品管部,1,2,1,11,大于等于,3,1,139,,2026-06-25 09:39:16,,,适用于原材料供应商制罐线改型、制罐设备大修后、换版及实验期间,44,批次,,,6,14,CAN,1,6,14,CAN,空罐翻边宽度检测仪,2.20-2.70,,,23,mm,2.20,2.70,2,1,若仍有不合格，初检检测单元的所有商品做退货处理。,从初检问题托盘中每托取6罐复检。,2025-01-01,9999-12-31,,[],1,退货处理,001,[],"{'assoc_type': 0, 'formPerms': [], 'needSign': ''}"
222,BSYB0222,57,空罐,3,包材,5,红牛,Q/RW-TS-001-2023,9,6866,华彬快速消费品饮料（福建）有限公司,80,翻边尺寸,29,YF00000019,1,2,到货检测,2,,4,储运采购部,5,品管部,1,2,1,11,大于等于,3,1,139,,2026-06-25 09:39:16,,,适用于原材料供应商制罐线改型、制罐设备大修后、换版及实验期间,44,批次,,,6,14,CAN,1,6,14,CAN,空罐翻边宽度检测仪,2.20-2.70,,,23,mm,2.20,2.70,2,1,若仍有不合格，初检检测单元的所有商品做退货处理。,从初检问题托盘中每托取6罐复检。,2025-01-01,9999-12-31,,[],1,退货处理,001,[],"{'assoc_type': 0, 'formPerms': [], 'needSign': ''}"
223,BSYB0223,57,空罐,3,包材,5,红牛,Q/RW-TS-001-2023,9,6866,华彬快速消费品饮料（福建）有限公司,80,翻边尺寸,29,YF00000019,1,2,到货检测,2,,4,储运采购部,5,品管部,1,2,1,11,大于等于,3,1,139,,2026-06-25 09:39:16,,,适用于原材料供应商制罐线改型、制罐设备大修后、换版及实验期间,44,批次,,,6,14,CAN,1,6,14,CAN,空罐翻边宽度检测仪,2.20-2.70,,,23,mm,2.20,2.70,2,1,若仍有不合格，初检检测单元的所有商品做退货处理。,从初检问题托盘中每托取6罐复检。,2025-01-01,9999-12-31,,[],1,退货处理,001,[],"{'assoc_type': 0, 'formPerms': [], 'needSign': ''}"
224,BSYB0224,57,空罐,3,包材,5,红牛,Q/RW-TS-001-2023,8,6865,华彬快速消费品饮料（贵州）有限公司,80,翻边尺寸,29,YF00000019,1,2,到货检测,2,,4,储运采购部,5,品管部,1,2,1,11,大于等于,3,1,139,,2026-06-25 09:39:16,,,适用于原材料供应商制罐线改型、制罐设备大修后、换版及实验期间,44,批次,,,6,14,CAN,1,6,14,CAN,空罐翻边宽度检测仪,2.20-2.70,,,23,mm,2.20,2.70,2,1,若仍有不合格，初检检测单元的所有商品做退货处理。,从初检问题托盘中每托取6罐复检。,2025-01-01,9999-12-31,,[],1,退货处理,001,[],"{'assoc_type': 0, 'formPerms': [], 'needSign': ''}"
225,BSYB0225,57,空罐,3,包材,5,红牛,Q/RW-TS-001-2023,8,6865,华彬快速消费品饮料（贵州）有限公司,80,翻边尺寸,29,YF00000019,1,2,到货检测,2,,4,储运采购部,5,品管部,1,2,1,11,大于等于,3,1,139,,2026-06-25 09:39:16,,,适用于原材料供应商制罐线改型、制罐设备大修后、换版及实验期间,44,批次,,,6,14,CAN,1,6,14,CAN,空罐翻边宽度检测仪,2.20-2.70,,,23,mm,2.20,2.70,2,1,若仍有不合格，初检检测单元的所有商品做退货处理。,从初检问题托盘中每托取6罐复检。,2025-01-01,9999-12-31,,[],1,退货处理,001,[],"{'assoc_type': 0, 'formPerms': [], 'needSign': ''}"
226,BSYB0226,57,空罐,3,包材,5,红牛,Q/RW-TS-001-2023,,,,80,翻边尺寸,29,YF00000019,1,2,到货检测,2,,4,储运采购部,5,品管部,1,2,1,11,大于等于,3,1,139,,2026-06-25 09:39:16,,,适用于原材料供应商制罐线改型、制罐设备大修后、换版及实验期间,44,批次,,,6,14,CAN,1,6,14,CAN,空罐翻边宽度检测仪,2.30-2.55,,,23,mm,2.30,2.55,2,1,若仍有不合格，初检检测单元的所有商品做退货处理。,从初检问题托盘中每托取6罐复检。,2025-01-01,9999-12-31,,[],1,退货处理,001,[],"{'assoc_type': 0, 'formPerms': [], 'needSign': ''}"
227,BSYB0227,57,空罐,3,包材,5,红牛,Q/RW-TS-001-2023,,,,5,启破力,5,YC00000005,1,2,到货检测,2,,4,储运采购部,5,品管部,1,1,8,10,等于,3,1,139,,2026-06-25 09:39:16,,,适用于原材料供应商制罐线改型、制罐设备大修后、换版及实验期间,44,批次,,,32,14,CAN,1,32,14,CAN,数显拉力计,8-14,,,24,N,8,14,0,1,若有不合格，取同一托6罐复检。,每8托为一个检测单元，每一托盘随机抽取样品4罐，共32罐，并做好标识。32罐均做本次检测。,2025-01-01,9999-12-31,,[],14,复检,001,[],"{'assoc_type': 0, 'formPerms': [], 'needSign': ''}"
228,BSYB0228,57,空罐,3,包材,5,红牛,Q/RW-TS-001-2023,,,,5,启破力,30,YF00000020,1,2,到货检测,2,,4,储运采购部,5,品管部,1,2,1,11,大于等于,3,1,139,,2026-06-25 09:39:16,,,适用于原材料供应商制罐线改型、制罐设备大修后、换版及实验期间,44,批次,,,6,14,CAN,1,6,14,CAN,数显拉力计,8-14,,,24,N,8,14,0,1,若仍有不合格，初检检测单元的所有商品做退货处理。,从初检问题托盘中每托取6罐复检。,2025-01-01,9999-12-31,,[],1,退货处理,001,[],"{'assoc_type': 0, 'formPerms': [], 'needSign': ''}"
229,BSYB0229,57,空罐,3,包材,5,红牛,Q/RW-TS-001-2023,,,,9,底盖蓝点直径,5,YC00000005,1,2,到货检测,2,,4,储运采购部,5,品管部,1,1,8,10,等于,3,1,139,,2026-06-25 09:39:16,,,适用于原材料供应商制罐线改型、制罐设备大修后、换版及实验期间,44,批次,,,32,14,CAN,1,32,14,CAN,蓝点偏移量检测尺,18±0.5mm,,,23,mm,17.5,18.5,1,1,若有不合格，取同一托20罐复检。,每8托为一个检测单元，每一托盘随机抽取样品4罐，共32罐，并做好标识。32罐均做本次检测。,2025-01-01,9999-12-31,,[],14,复检,001,[],"{'assoc_type': 0, 'formPerms': [], 'needSign': ''}"
230,BSYB0230,57,空罐,3,包材,5,红牛,Q/RW-TS-001-2023,,,,9,底盖蓝点直径,5,YC00000005,1,2,到货检测,2,,4,储运采购部,5,品管部,1,1,8,10,等于,3,1,139,,2026-06-25 09:39:16,,,适用于原材料供应商制罐线改型、制罐设备大修后、换版及实验期间,44,批次,,,32,14,CAN,1,32,14,CAN,蓝点偏移量检测尺,18±0.5mm,,,23,mm,17.5,18.5,1,1,若有不合格，取同一托20罐复检。,每8托为一个检测单元，每一托盘随机抽取样品4罐，共32罐，并做好标识。32罐均做本次检测。,2025-01-01,9999-12-31,,[],14,复检,001,[],"{'assoc_type': 0, 'formPerms': [], 'needSign': ''}"
231,BSYB0231,57,空罐,3,包材,5,红牛,Q/RW-TS-001-2023,,,,10,底盖蓝点偏移量,5,YC00000005,1,2,到货检测,2,,4,储运采购部,5,品管部,1,1,8,10,等于,3,1,139,139,2026-06-25 09:39:16,,,适用于原材料供应商制罐线改型、制罐设备大修后、换版及实验期间,44,批次,,,32,14,CAN,1,32,14,CAN,蓝点偏移量检测尺,≤2mm,,,23,mm,,2,0,1,若有不合格，取同一托20罐复检。,每8托为一个检测单元，每一托盘随机抽取样品4罐，共32罐，并做好标识。32罐均做本次检测。,2025-01-01,9999-12-31,,[],14,复检,001,[],"{'assoc_type': 0, 'formPerms': [], 'needSign': ''}"
232,BSYB0232,57,空罐,3,包材,5,红牛,Q/RW-TS-001-2023,,,,10,底盖蓝点偏移量,5,YC00000005,1,2,到货检测,2,,4,储运采购部,5,品管部,1,1,8,10,等于,3,1,139,139,2026-06-25 09:39:16,,,适用于原材料供应商制罐线改型、制罐设备大修后、换版及实验期间,44,批次,,,32,14,CAN,1,32,14,CAN,蓝点偏移量检测尺,≤2mm,,,23,mm,,2,0,1,若有不合格，取同一托20罐复检。,每8托为一个检测单元，每一托盘随机抽取样品4罐，共32罐，并做好标识。32罐均做本次检测。,2025-01-01,9999-12-31,,[],14,复检,001,[],"{'assoc_type': 0, 'formPerms': [], 'needSign': ''}"
233,BSYB0233,57,空罐,3,包材,5,红牛,Q/RW-TS-001-2023,,,,11,底盖蓝点外观,5,YC00000005,1,2,到货检测,2,,4,储运采购部,5,品管部,2,1,8,10,等于,3,1,139,,2026-06-25 09:39:16,,,适用于原材料供应商制罐线改型、制罐设备大修后、换版及实验期间,44,批次,,,32,14,CAN,1,32,14,CAN,触觉、目测检查,表面光滑、颜色在样板范围内、无划伤杂质异物等,6,粗糙/颜色不在样板范围内/划伤/杂质异物/其他,,,,,0,1,若有不合格，取同一托20罐复检。,每8托为一个检测单元，每一托盘随机抽取样品4罐，共32罐，并做好标识。32罐均做本次检测。,2025-01-01,9999-12-31,,[],14,复检,001,[],"{'assoc_type': 0, 'formPerms': [], 'needSign': ''}"
234,BSYB0234,57,空罐,3,包材,5,红牛,Q/RW-TS-001-2023,,,,11,底盖蓝点外观,5,YC00000005,1,2,到货检测,2,,4,储运采购部,5,品管部,2,1,8,10,等于,3,1,139,,2026-06-25 09:39:16,,,适用于原材料供应商制罐线改型、制罐设备大修后、换版及实验期间,44,批次,,,32,14,CAN,1,32,14,CAN,触觉、目测检查,表面光滑、颜色在样板范围内、无划伤杂质异物等,6,粗糙/颜色不在样板范围内/划伤/杂质异物/其他,,,,,0,1,若有不合格，取同一托20罐复检。,每8托为一个检测单元，每一托盘随机抽取样品4罐，共32罐，并做好标识。32罐均做本次检测。,2025-01-01,9999-12-31,,[],14,复检,001,[],"{'assoc_type': 0, 'formPerms': [], 'needSign': ''}"
235,BSYB0235,57,空罐,3,包材,5,红牛,Q/RW-TS-001-2023,,,,9,底盖蓝点直径,31,YF00000021,1,2,到货检测,2,,4,储运采购部,5,品管部,1,2,1,11,大于等于,3,1,139,,2026-06-25 09:39:16,,,适用于原材料供应商制罐线改型、制罐设备大修后、换版及实验期间,44,批次,,,20,14,CAN,1,20,14,CAN,蓝点偏移量检测尺,18±0.5mm,,,23,mm,17.5,18.5,1,1,若仍有不合格，初检检测单元的所有商品做退货处理。,从初检问题托盘中每托取20罐复检。,2025-01-01,9999-12-31,,[],1,退货处理,001,[],"{'assoc_type': 0, 'formPerms': [], 'needSign': ''}"
236,BSYB0236,57,空罐,3,包材,5,红牛,Q/RW-TS-001-2023,,,,9,底盖蓝点直径,31,YF00000021,1,2,到货检测,2,,4,储运采购部,5,品管部,1,2,1,11,大于等于,3,1,139,,2026-06-25 09:39:16,,,适用于原材料供应商制罐线改型、制罐设备大修后、换版及实验期间,44,批次,,,20,14,CAN,1,20,14,CAN,蓝点偏移量检测尺,18±0.5mm,,,23,mm,17.5,18.5,1,1,若仍有不合格，初检检测单元的所有商品做退货处理。,从初检问题托盘中每托取20罐复检。,2025-01-01,9999-12-31,,[],1,退货处理,001,[],"{'assoc_type': 0, 'formPerms': [], 'needSign': ''}"
237,BSYB0237,57,空罐,3,包材,5,红牛,Q/RW-TS-001-2023,,,,10,底盖蓝点偏移量,31,YF00000021,1,2,到货检测,2,,4,储运采购部,5,品管部,1,2,1,11,大于等于,3,1,139,139,2026-06-25 09:39:16,,,适用于原材料供应商制罐线改型、制罐设备大修后、换版及实验期间,44,批次,,,20,14,CAN,1,20,14,CAN,蓝点偏移量检测尺,≤2mm,,,23,mm,,2,0,1,若仍有不合格，初检检测单元的所有商品做退货处理。,从初检问题托盘中每托取20罐复检。,2025-01-01,9999-12-31,,[],1,退货处理,001,[],"{'assoc_type': 0, 'formPerms': [], 'needSign': ''}"
238,BSYB0238,57,空罐,3,包材,5,红牛,Q/RW-TS-001-2023,,,,10,底盖蓝点偏移量,31,YF00000021,1,2,到货检测,2,,4,储运采购部,5,品管部,1,2,1,11,大于等于,3,1,139,139,2026-06-25 09:39:16,,,适用于原材料供应商制罐线改型、制罐设备大修后、换版及实验期间,44,批次,,,20,14,CAN,1,20,14,CAN,蓝点偏移量检测尺,≤2mm,,,23,mm,,2,0,1,若仍有不合格，初检检测单元的所有商品做退货处理。,从初检问题托盘中每托取20罐复检。,2025-01-01,9999-12-31,,[],1,退货处理,001,[],"{'assoc_type': 0, 'formPerms': [], 'needSign': ''}"
239,BSYB0239,57,空罐,3,包材,5,红牛,Q/RW-TS-001-2023,,,,11,底盖蓝点外观,31,YF00000021,1,2,到货检测,2,,4,储运采购部,5,品管部,2,2,1,11,大于等于,3,1,139,,2026-06-25 09:39:16,,,适用于原材料供应商制罐线改型、制罐设备大修后、换版及实验期间,44,批次,,,20,14,CAN,1,20,14,CAN,触觉、目测检查,表面光滑、颜色在样板范围内、无划伤杂质异物等,6,粗糙/颜色不在样板范围内/划伤/杂质异物/其他,,,,,0,1,若仍有不合格，初检检测单元的所有商品做退货处理。,从初检问题托盘中每托取20罐复检。,2025-01-01,9999-12-31,,[],1,退货处理,001,[],"{'assoc_type': 0, 'formPerms': [], 'needSign': ''}"
240,BSYB0240,57,空罐,3,包材,5,红牛,Q/RW-TS-001-2023,,,,11,底盖蓝点外观,31,YF00000021,1,2,到货检测,2,,4,储运采购部,5,品管部,2,2,1,11,大于等于,3,1,139,,2026-06-25 09:39:16,,,适用于原材料供应商制罐线改型、制罐设备大修后、换版及实验期间,44,批次,,,20,14,CAN,1,20,14,CAN,触觉、目测检查,表面光滑、颜色在样板范围内、无划伤杂质异物等,6,粗糙/颜色不在样板范围内/划伤/杂质异物/其他,,,,,0,1,若仍有不合格，初检检测单元的所有商品做退货处理。,从初检问题托盘中每托取20罐复检。,2025-01-01,9999-12-31,,[],1,退货处理,001,[],"{'assoc_type': 0, 'formPerms': [], 'needSign': ''}"
241,BSYB0241,57,空罐,3,包材,5,红牛,Q/RW-TS-001-2023,,,,81,罐底墨码附着力,5,YC00000005,1,2,到货检测,2,,4,储运采购部,5,品管部,2,1,8,9,等于,3,1,139,,2026-06-25 09:39:16,,,适用于原材料供应商制罐线改型、制罐设备大修后、换版及实验期间,44,批次,,,32,14,CAN,1,32,14,CAN,目测检查,清晰可辨,,,,,,,0,1,若有不合格，初检检测单元的所有商品做退货处理。,每8托为一个检测单元，每一托盘随机抽取样品4罐，共32罐，并做好标识。其中24罐做本次检测。,2025-01-01,9999-12-31,,[],1,退货处理,001,[],"{'assoc_type': 0, 'formPerms': [], 'needSign': ''}"
242,BSYB0242,57,空罐,3,包材,5,红牛,Q/RW-TS-001-2023,,,,81,罐底墨码附着力,5,YC00000005,1,2,到货检测,2,,4,储运采购部,5,品管部,2,1,8,9,等于,3,1,139,,2026-06-25 09:39:16,,,适用于原材料供应商制罐线改型、制罐设备大修后、换版及实验期间,44,批次,,,32,14,CAN,1,32,14,CAN,目测检查,清晰可辨,,,,,,,0,1,若有不合格，初检检测单元的所有商品做退货处理。,每8托为一个检测单元，每一托盘随机抽取样品4罐，共32罐，并做好标识。其中24罐做本次检测。,2025-01-01,9999-12-31,,[],1,退货处理,001,[],"{'assoc_type': 0, 'formPerms': [], 'needSign': ''}"
243,BSYB0243,57,空罐,3,包材,5,红牛,Q/RW-TS-001-2023,,,,81,罐底墨码附着力,5,YC00000005,1,2,到货检测,2,,4,储运采购部,5,品管部,2,1,8,9,等于,3,1,139,,2026-06-25 09:39:16,,,适用于原材料供应商制罐线改型、制罐设备大修后、换版及实验期间,44,批次,,,32,14,CAN,1,32,14,CAN,目测检查,手指擦拭2次不掉墨,,,,,,,0,1,若有不合格，初检检测单元的所有商品做退货处理。,每8托为一个检测单元，每一托盘随机抽取样品4罐，共32罐，并做好标识。其中24罐做本次检测。,2025-01-01,9999-12-31,,[],1,退货处理,001,[],"{'assoc_type': 0, 'formPerms': [], 'needSign': ''}"
244,BSYB0244,57,空罐,3,包材,5,红牛,Q/RW-TS-001-2023,,,,81,罐底墨码附着力,5,YC00000005,1,2,到货检测,2,,4,储运采购部,5,品管部,2,1,8,9,等于,3,1,139,,2026-06-25 09:39:16,,,适用于原材料供应商制罐线改型、制罐设备大修后、换版及实验期间,44,批次,,,32,14,CAN,1,32,14,CAN,目测检查,手指擦拭2次不掉墨,,,,,,,0,1,若有不合格，初检检测单元的所有商品做退货处理。,每8托为一个检测单元，每一托盘随机抽取样品4罐，共32罐，并做好标识。其中24罐做本次检测。,2025-01-01,9999-12-31,,[],1,退货处理,001,[],"{'assoc_type': 0, 'formPerms': [], 'needSign': ''}"
245,BSYB0245,57,空罐,3,包材,5,红牛,Q/RW-TS-001-2023,,,,81,罐底墨码附着力,5,YC00000005,1,2,到货检测,2,,4,储运采购部,5,品管部,2,1,8,9,等于,3,1,139,,2026-06-25 09:39:16,,,适用于原材料供应商制罐线改型、制罐设备大修后、换版及实验期间,44,批次,,,32,14,CAN,1,32,14,CAN,目测检查,手指擦拭2次不花码,,,,,,,0,1,若有不合格，取同一托8罐复检。,每8托为一个检测单元，每一托盘随机抽取样品4罐，共32罐，并做好标识。其中24罐做本次检测。,2025-01-01,9999-12-31,,[],14,复检,001,[],"{'assoc_type': 0, 'formPerms': [], 'needSign': ''}"
246,BSYB0246,57,空罐,3,包材,5,红牛,Q/RW-TS-001-2023,,,,81,罐底墨码附着力,5,YC00000005,1,2,到货检测,2,,4,储运采购部,5,品管部,2,1,8,9,等于,3,1,139,,2026-06-25 09:39:16,,,适用于原材料供应商制罐线改型、制罐设备大修后、换版及实验期间,44,批次,,,32,14,CAN,1,32,14,CAN,目测检查,手指擦拭2次不花码,,,,,,,0,1,若有不合格，取同一托8罐复检。,每8托为一个检测单元，每一托盘随机抽取样品4罐，共32罐，并做好标识。其中24罐做本次检测。,2025-01-01,9999-12-31,,[],14,复检,001,[],"{'assoc_type': 0, 'formPerms': [], 'needSign': ''}"
247,BSYB0247,57,空罐,3,包材,5,红牛,Q/RW-TS-001-2023,,,,81,罐底墨码附着力,31,YF00000021,1,2,到货检测,2,,4,储运采购部,5,品管部,2,2,1,11,大于等于,3,1,139,,2026-06-25 09:39:16,,,适用于原材料供应商制罐线改型、制罐设备大修后、换版及实验期间,44,批次,,,8,14,CAN,1,8,14,CAN,目测检查,手指擦拭2次不花码,,,,,,,0,1,若仍有不合格，初检检测单元的所有商品做退货处理。,从初检问题托盘中每托取8罐复检。,2025-01-01,9999-12-31,,[],1,退货处理,001,[],"{'assoc_type': 0, 'formPerms': [], 'needSign': ''}"
248,BSYB0248,57,空罐,3,包材,5,红牛,Q/RW-TS-001-2023,,,,81,罐底墨码附着力,31,YF00000021,1,2,到货检测,2,,4,储运采购部,5,品管部,2,2,1,11,大于等于,3,1,139,,2026-06-25 09:39:16,,,适用于原材料供应商制罐线改型、制罐设备大修后、换版及实验期间,44,批次,,,8,14,CAN,1,8,14,CAN,目测检查,手指擦拭2次不花码,,,,,,,0,1,若仍有不合格，初检检测单元的所有商品做退货处理。,从初检问题托盘中每托取8罐复检。,2025-01-01,9999-12-31,,[],1,退货处理,001,[],"{'assoc_type': 0, 'formPerms': [], 'needSign': ''}"
249,BSYB0249,56,顶盖,3,包材,5,红牛,Q/RW-TS-001-2023,,,,1,外径尺寸,6,YC00000006,1,2,到货检测,1,,5,品管部,5,品管部,1,1,1,2,等于,3,1,139,,2026-06-25 09:39:16,,,,44,批次,,,15,16,片,1,15,16,片,盖尺寸综合检测仪,64.52-65.02,,,23,mm,64.52,65.02,2,1,若有不合格，取同一托15片复检。,每1托为一个检测单元，取样品15片，其中3片做本次检测。,2025-01-01,9999-12-31,,[],14,复检,001,[],"{'assoc_type': 0, 'formPerms': [], 'needSign': ''}"
250,BSYB0250,56,顶盖,3,包材,5,红牛,Q/RW-TS-001-2023,,,,1,外径尺寸,32,YF00000022,1,2,到货检测,1,,5,品管部,5,品管部,1,2,1,11,大于等于,3,1,139,,2026-06-25 09:39:16,,,,44,批次,,,15,16,片,1,15,16,片,盖尺寸综合检测仪,64.52-65.02,,,23,mm,64.52,65.02,2,1,若仍有不合格，初检检测单元的所有商品做退货处理。,从初检问题托盘中取15片复检。,2025-01-01,9999-12-31,,[],1,退货处理,001,[],"{'assoc_type': 0, 'formPerms': [], 'needSign': ''}"
251,BSYB0251,32,底盖,3,包材,5,红牛,Q/RW-TS-001-2023,,,,1,外径尺寸,7,YC00000007,1,2,到货检测,1,,5,品管部,5,品管部,1,1,1,2,等于,3,1,139,,2026-06-25 09:39:16,,,,44,批次,,,15,16,片,1,15,16,片,盖尺寸综合检测仪,58.95-59.45,,,23,mm,58.95,59.45,2,1,若有不合格，取同一托15片复检。,每1托为一个检测单元，取样品15片，其中3片做本次检测。,2025-01-01,9999-12-31,,[],14,复检,001,[],"{'assoc_type': 0, 'formPerms': [], 'needSign': ''}"
252,BSYB0252,32,底盖,3,包材,5,红牛,Q/RW-TS-001-2023,,,,1,外径尺寸,33,YF00000023,1,2,到货检测,1,,5,品管部,5,品管部,1,2,1,11,大于等于,3,1,139,,2026-06-25 09:39:16,,,,44,批次,,,15,16,片,1,15,16,片,盖尺寸综合检测仪,58.95-59.45,,,23,mm,58.95,59.45,2,1,若仍有不合格，初检检测单元的所有商品做退货处理。,从初检问题托盘中取15片复检。,2025-01-01,9999-12-31,,[],1,退货处理,001,[],"{'assoc_type': 0, 'formPerms': [], 'needSign': ''}"
253,BSYB0253,56,顶盖,3,包材,5,红牛,Q/RW-TS-001-2023,,,,2,埋头度,6,YC00000006,1,2,到货检测,1,,5,品管部,5,品管部,1,1,1,2,等于,3,1,139,,2026-06-25 09:39:16,,,,44,批次,,,15,16,片,1,15,16,片,盖尺寸综合检测仪,6.20-6.50,,,23,mm,6.20,6.50,2,1,若有不合格，取同一托15片复检。,每1托为一个检测单元，取样品15片，其中3片做本次检测。,2025-01-01,9999-12-31,,[],14,复检,001,[],"{'assoc_type': 0, 'formPerms': [], 'needSign': ''}"
254,BSYB0254,56,顶盖,3,包材,5,红牛,Q/RW-TS-001-2023,,,,2,埋头度,32,YF00000022,1,2,到货检测,1,,5,品管部,5,品管部,1,2,1,11,大于等于,3,1,139,,2026-06-25 09:39:16,,,,44,批次,,,15,16,片,1,15,16,片,盖尺寸综合检测仪,6.20-6.50,,,23,mm,6.20,6.50,2,1,若仍有不合格，初检检测单元的所有商品做退货处理。,从初检问题托盘中取15片复检。,2025-01-01,9999-12-31,,[],1,退货处理,001,[],"{'assoc_type': 0, 'formPerms': [], 'needSign': ''}"
255,BSYB0255,32,底盖,3,包材,5,红牛,Q/RW-TS-001-2023,,,,2,埋头度,7,YC00000007,1,2,到货检测,1,,5,品管部,5,品管部,1,1,1,2,等于,3,1,139,,2026-06-25 09:39:16,,,,44,批次,,,15,16,片,1,15,16,片,盖尺寸综合检测仪,3.85-4.15,,,23,mm,3.85,4.15,2,1,若有不合格，取同一托15片复检。,每1托为一个检测单元，取样品15片，其中3片做本次检测。,2025-01-01,9999-12-31,,[],14,复检,001,[],"{'assoc_type': 0, 'formPerms': [], 'needSign': ''}"
256,BSYB0256,32,底盖,3,包材,5,红牛,Q/RW-TS-001-2023,,,,2,埋头度,33,YF00000023,1,2,到货检测,1,,5,品管部,5,品管部,1,2,1,11,大于等于,3,1,139,,2026-06-25 09:39:16,,,,44,批次,,,15,16,片,1,15,16,片,盖尺寸综合检测仪,3.85-4.15,,,23,mm,3.85,4.15,2,1,若仍有不合格，初检检测单元的所有商品做退货处理。,从初检问题托盘中取15片复检。,2025-01-01,9999-12-31,,[],1,退货处理,001,[],"{'assoc_type': 0, 'formPerms': [], 'needSign': ''}"
257,BSYB0257,56,顶盖,3,包材,5,红牛,Q/RW-TS-001-2023,,,,3,钩边高度,6,YC00000006,1,2,到货检测,1,,5,品管部,5,品管部,1,1,1,2,等于,3,1,139,,2026-06-25 09:39:16,,,,44,批次,,,15,16,片,1,15,16,片,盖尺寸综合检测仪,1.80-2.20,,,23,mm,1.80,2.20,2,1,若有不合格，取同一托15片复检。,每1托为一个检测单元，取样品15片，其中3片做本次检测。,2025-01-01,9999-12-31,,[],14,复检,001,[],"{'assoc_type': 0, 'formPerms': [], 'needSign': ''}"
258,BSYB0258,56,顶盖,3,包材,5,红牛,Q/RW-TS-001-2023,,,,3,钩边高度,32,YF00000022,1,2,到货检测,1,,5,品管部,5,品管部,1,2,1,11,大于等于,3,1,139,,2026-06-25 09:39:16,,,,44,批次,,,15,16,片,1,15,16,片,盖尺寸综合检测仪,1.80-2.20,,,23,mm,1.80,2.20,2,1,若仍有不合格，初检检测单元的所有商品做退货处理。,从初检问题托盘中取15片复检。,2025-01-01,9999-12-31,,[],1,退货处理,001,[],"{'assoc_type': 0, 'formPerms': [], 'needSign': ''}"
259,BSYB0259,32,底盖,3,包材,5,红牛,Q/RW-TS-001-2023,,,,3,钩边高度,7,YC00000007,1,2,到货检测,1,,5,品管部,5,品管部,1,1,1,2,等于,3,1,139,,2026-06-25 09:39:16,,,,44,批次,,,15,16,片,1,15,16,片,盖尺寸综合检测仪,1.90-2.20,,,23,mm,1.90,2.20,2,1,若有不合格，取同一托15片复检。,每1托为一个检测单元，取样品15片，其中3片做本次检测。,2025-01-01,9999-12-31,,[],14,复检,001,[],"{'assoc_type': 0, 'formPerms': [], 'needSign': ''}"
260,BSYB0260,32,底盖,3,包材,5,红牛,Q/RW-TS-001-2023,,,,3,钩边高度,33,YF00000023,1,2,到货检测,1,,5,品管部,5,品管部,1,2,1,11,大于等于,3,1,139,,2026-06-25 09:39:16,,,,44,批次,,,15,16,片,1,15,16,片,盖尺寸综合检测仪,1.90-2.20,,,23,mm,1.90,2.20,2,1,若仍有不合格，初检检测单元的所有商品做退货处理。,从初检问题托盘中取15片复检。,2025-01-01,9999-12-31,,[],1,退货处理,001,[],"{'assoc_type': 0, 'formPerms': [], 'needSign': ''}"
261,BSYB0261,56,顶盖,3,包材,5,红牛,Q/RW-TS-001-2023,,,,4,干膜重量,6,YC00000006,1,2,到货检测,1,,5,品管部,5,品管部,1,1,1,2,等于,3,1,139,,2026-06-25 09:39:16,,,,44,批次,,,15,16,片,1,15,16,片,电子分析天平,35-55,,,7,mg,35,55,0,1,若有不合格，取同一托15片复检。,每1托为一个检测单元，取样品15片，其中3片做本次检测。,2025-01-01,9999-12-31,,[],14,复检,001,[],"{'assoc_type': 0, 'formPerms': [], 'needSign': ''}"
262,BSYB0262,56,顶盖,3,包材,5,红牛,Q/RW-TS-001-2023,,,,4,干膜重量,32,YF00000022,1,2,到货检测,1,,5,品管部,5,品管部,1,2,1,11,大于等于,3,1,139,,2026-06-25 09:39:16,,,,44,批次,,,15,16,片,1,15,16,片,电子分析天平,35-55,,,7,mg,35,55,0,1,若仍有不合格，初检检测单元的所有商品做退货处理。,从初检问题托盘中取15片复检。,2025-01-01,9999-12-31,,[],1,退货处理,001,[],"{'assoc_type': 0, 'formPerms': [], 'needSign': ''}"
263,BSYB0263,32,底盖,3,包材,5,红牛,Q/RW-TS-001-2023,,,,4,干膜重量,7,YC00000007,1,2,到货检测,1,,5,品管部,5,品管部,1,1,1,2,等于,3,1,139,,2026-06-25 09:39:16,,,,44,批次,,,15,16,片,1,15,16,片,电子分析天平,35-55,,,7,mg,35,55,0,1,若有不合格，取同一托15片复检。,每1托为一个检测单元，取样品15片，其中3片做本次检测。,2025-01-01,9999-12-31,,[],14,复检,001,[],"{'assoc_type': 0, 'formPerms': [], 'needSign': ''}"
264,BSYB0264,32,底盖,3,包材,5,红牛,Q/RW-TS-001-2023,,,,4,干膜重量,33,YF00000023,1,2,到货检测,1,,5,品管部,5,品管部,1,2,1,11,大于等于,3,1,139,,2026-06-25 09:39:16,,,,44,批次,,,15,16,片,1,15,16,片,电子分析天平,35-55,,,7,mg,35,55,0,1,若仍有不合格，初检检测单元的所有商品做退货处理。,从初检问题托盘中取15片复检。,2025-01-01,9999-12-31,,[],1,退货处理,001,[],"{'assoc_type': 0, 'formPerms': [], 'needSign': ''}"
265,BSYB0265,56,顶盖,3,包材,5,红牛,Q/RW-TS-001-2023,,,,5,启破力,6,YC00000006,1,2,到货检测,1,,5,品管部,5,品管部,1,1,1,2,等于,3,1,139,,2026-06-25 09:39:16,,,,44,批次,,,15,16,片,1,15,16,片,启破力、全开力测定仪,7-14,,,24,N,7,14,0,1,若有不合格，取同一托15片复检。,每1托为一个检测单元，取样品15片，其中3片做本次检测。,2025-01-01,9999-12-31,,[],14,复检,001,[],"{'assoc_type': 0, 'formPerms': [], 'needSign': ''}"
266,BSYB0266,56,顶盖,3,包材,5,红牛,Q/RW-TS-001-2023,,,,5,启破力,35,YF00000025,1,2,到货检测,1,,5,品管部,5,品管部,1,2,1,11,大于等于,3,1,139,,2026-06-25 09:39:16,,,,44,批次,,,15,16,片,1,15,16,片,启破力、全开力测定仪,7-14,,,24,N,7,14,0,1,若仍有不合格，初检检测单元的所有商品做退货处理。,从初检问题托盘中取15片复检。,2025-01-01,9999-12-31,,[],1,退货处理,001,[],"{'assoc_type': 0, 'formPerms': [], 'needSign': ''}"
267,BSYB0267,56,顶盖,3,包材,5,红牛,Q/RW-TS-001-2023,,,,6,全开力,6,YC00000006,1,2,到货检测,1,,5,品管部,5,品管部,1,1,1,2,等于,3,1,139,,2026-06-25 09:39:16,,,,44,批次,,,15,16,片,1,15,16,片,启破力、全开力测定仪,15-40,,,24,N,15,40,0,1,若有不合格，取同一托15片复检。,每1托为一个检测单元，取样品15片，其中3片做本次检测。,2025-01-01,9999-12-31,,[],14,复检,001,[],"{'assoc_type': 0, 'formPerms': [], 'needSign': ''}"
268,BSYB0268,56,顶盖,3,包材,5,红牛,Q/RW-TS-001-2023,,,,6,全开力,35,YF00000025,1,2,到货检测,1,,5,品管部,5,品管部,1,2,1,11,大于等于,3,1,139,,2026-06-25 09:39:16,,,,44,批次,,,15,16,片,1,15,16,片,启破力、全开力测定仪,15-40,,,24,N,15,40,0,1,若仍有不合格，初检检测单元的所有商品做退货处理。,从初检问题托盘中取15片复检。,2025-01-01,9999-12-31,,[],1,退货处理,001,[],"{'assoc_type': 0, 'formPerms': [], 'needSign': ''}"
269,BSYB0269,56,顶盖,3,包材,5,红牛,Q/RW-TS-001-2023,,,,7,缺陷电流,6,YC00000006,1,2,到货检测,1,,5,品管部,5,品管部,1,1,1,2,等于,3,1,139,139,2026-06-25 09:39:16,,,,44,批次,,,15,16,片,1,15,16,片,电流检测仪,≤3,,,22,mA,,3,0,1,若有不合格，取同一托15片复检。,每1托为一个检测单元，取样品15片，其中3片做本次检测。,2025-01-01,9999-12-31,,[],14,复检,001,[],"{'assoc_type': 0, 'formPerms': [], 'needSign': ''}"
270,BSYB0270,56,顶盖,3,包材,5,红牛,Q/RW-TS-001-2023,,,,7,缺陷电流,32,YF00000022,1,2,到货检测,1,,5,品管部,5,品管部,1,2,1,11,大于等于,3,1,139,139,2026-06-25 09:39:16,,,,44,批次,,,15,16,片,1,15,16,片,电流检测仪,≤3,,,22,mA,,3,0,1,若仍有不合格，初检检测单元的所有商品做退货处理。,从初检问题托盘中取15片复检。,2025-01-01,9999-12-31,,[],1,退货处理,001,[],"{'assoc_type': 0, 'formPerms': [], 'needSign': ''}"
271,BSYB0271,32,底盖,3,包材,5,红牛,Q/RW-TS-001-2023,,,,7,缺陷电流,7,YC00000007,1,2,到货检测,1,,5,品管部,5,品管部,1,1,1,2,等于,3,1,139,139,2026-06-25 09:39:16,,,,44,批次,,,15,16,片,1,15,16,片,电流检测仪,≤3,,,22,mA,,3,0,1,若有不合格，取同一托15片复检。,每1托为一个检测单元，取样品15片，其中3片做本次检测。,2025-01-01,9999-12-31,,[],14,复检,001,[],"{'assoc_type': 0, 'formPerms': [], 'needSign': ''}"
272,BSYB0272,32,底盖,3,包材,5,红牛,Q/RW-TS-001-2023,,,,7,缺陷电流,33,YF00000023,1,2,到货检测,1,,5,品管部,5,品管部,1,2,1,11,大于等于,3,1,139,139,2026-06-25 09:39:16,,,,44,批次,,,15,16,片,1,15,16,片,电流检测仪,≤3,,,22,mA,,3,0,1,若仍有不合格，初检检测单元的所有商品做退货处理。,从初检问题托盘中取15片复检。,2025-01-01,9999-12-31,,[],1,退货处理,001,[],"{'assoc_type': 0, 'formPerms': [], 'needSign': ''}"
273,BSYB0273,56,顶盖,3,包材,5,红牛,Q/RW-TS-001-2023,,,,8,拉环羽化,6,YC00000006,1,2,到货检测,1,,5,品管部,5,品管部,1,1,1,6,等于,3,1,139,139,2026-06-25 09:39:16,,,,44,批次,,,15,16,片,1,15,16,片,目测检查,＜1.5,,,25,级,,1.0,1,1,若有不合格，取同一托50片复检。,每1托为一个检测单元，取样品15片，其中10片做本次检测。顶盖放置于95℃的红牛溶液10分钟，瞬间冷却，拉开拉环，观察舌片上漆膜脱落的程度。,2025-01-01,9999-12-31,,[],14,复检,001,[],"{'assoc_type': 0, 'formPerms': [], 'needSign': ''}"
274,BSYB0274,56,顶盖,3,包材,5,红牛,Q/RW-TS-001-2023,,,,8,拉环羽化,32,YF00000022,1,2,到货检测,1,,5,品管部,5,品管部,1,2,1,11,大于等于,3,1,139,139,2026-06-25 09:39:16,,,,44,批次,,,50,16,片,1,50,16,片,目测检查,＜1.5,,,25,级,,1.0,1,1,若仍有不合格，初检检测单元的所有商品做退货处理。,顶盖放置于95℃的红牛溶液10分钟，瞬间冷却，拉开拉环，观察舌片上漆膜脱落的程度。,2025-01-01,9999-12-31,,[],1,退货处理,001,[],"{'assoc_type': 0, 'formPerms': [], 'needSign': ''}"
275,BSYB0275,32,底盖,3,包材,5,红牛,Q/RW-TS-001-2023,,,,9,底盖蓝点直径,7,YC00000007,1,2,到货检测,1,,5,品管部,5,品管部,1,1,1,8,等于,3,1,139,,2026-06-25 09:39:16,,,,44,批次,,,15,16,片,1,15,16,片,蓝点偏移量检测尺,14±0.5,,,23,mm,13.5,14.5,1,1,若有不合格，取同一托20片复检。,每1托为一个检测单元，取样品15片，15片均做本次检测。,2025-01-01,9999-12-31,,[],14,复检,001,[],"{'assoc_type': 0, 'formPerms': [], 'needSign': ''}"
276,BSYB0276,32,底盖,3,包材,5,红牛,Q/RW-TS-001-2023,,,,9,底盖蓝点直径,33,YF00000023,1,2,到货检测,1,,5,品管部,5,品管部,1,2,1,11,大于等于,3,1,139,,2026-06-25 09:39:16,,,,44,批次,,,20,16,片,1,20,16,片,蓝点偏移量检测尺,14±0.5,,,23,mm,13.5,14.5,1,1,若仍有不合格，初检检测单元的所有商品做退货处理。,从初检问题托盘中取20片复检。,2025-01-01,9999-12-31,,[],1,退货处理,001,[],"{'assoc_type': 0, 'formPerms': [], 'needSign': ''}"
277,BSYB0277,32,底盖,3,包材,5,红牛,Q/RW-TS-001-2023,,,,10,底盖蓝点偏移量,7,YC00000007,1,2,到货检测,1,,5,品管部,5,品管部,1,1,1,8,等于,3,1,139,139,2026-06-25 09:39:16,,,,44,批次,,,15,16,片,1,15,16,片,蓝点偏移量检测尺,＜1.5,,,23,mm,,1.4,1,1,若有不合格，取同一托20片复检。,每1托为一个检测单元，取样品15片，15片均做本次检测。,2025-01-01,9999-12-31,,[],14,复检,001,[],"{'assoc_type': 0, 'formPerms': [], 'needSign': ''}"
278,BSYB0278,32,底盖,3,包材,5,红牛,Q/RW-TS-001-2023,,,,10,底盖蓝点偏移量,33,YF00000023,1,2,到货检测,1,,5,品管部,5,品管部,1,2,1,11,大于等于,3,1,139,139,2026-06-25 09:39:16,,,,44,批次,,,20,16,片,1,20,16,片,蓝点偏移量检测尺,＜1.5,,,23,mm,,1.4,1,1,若仍有不合格，初检检测单元的所有商品做退货处理。,从初检问题托盘中取20片复检。,2025-01-01,9999-12-31,,[],1,退货处理,001,[],"{'assoc_type': 0, 'formPerms': [], 'needSign': ''}"
279,BSYB0279,32,底盖,3,包材,5,红牛,Q/RW-TS-001-2023,,,,11,底盖蓝点外观,7,YC00000007,1,2,到货检测,1,,5,品管部,5,品管部,2,1,1,8,等于,3,1,139,,2026-06-25 09:39:16,,,,44,批次,,,15,16,片,1,15,16,片,触觉、目测检查,表面光滑、颜色在样板范围内、无划伤杂质异物,6,粗糙/颜色不在样板范围内/划伤/杂质异物/其他,,,,,0,1,若有不合格，取同一托20片复检。,每1托为一个检测单元，取样品15片，15片均做本次检测。,2025-01-01,9999-12-31,,[],14,复检,001,[],"{'assoc_type': 0, 'formPerms': [], 'needSign': ''}"
280,BSYB0280,32,底盖,3,包材,5,红牛,Q/RW-TS-001-2023,,,,11,底盖蓝点外观,33,YF00000023,1,2,到货检测,1,,5,品管部,5,品管部,2,2,1,11,大于等于,3,1,139,,2026-06-25 09:39:16,,,,44,批次,,,20,16,片,1,20,16,片,触觉、目测检查,表面光滑、颜色在样板范围内、无划伤杂质异物,6,粗糙/颜色不在样板范围内/划伤/杂质异物/其他,,,,,0,1,若仍有不合格，初检检测单元的所有商品做退货处理。,从初检问题托盘中取20片复检。,2025-01-01,9999-12-31,,[],1,退货处理,001,[],"{'assoc_type': 0, 'formPerms': [], 'needSign': ''}"
281,BSYB0281,56,顶盖,3,包材,5,红牛,Q/RW-TS-001-2023,,,,12,外观印刷（仅顶盖）,6,YC00000006,1,2,到货检测,1,,5,品管部,5,品管部,2,1,1,8,等于,3,1,139,,2026-06-25 09:39:16,,,,44,批次,,,15,16,片,1,15,16,片,目测检查,外观印刷无A类缺陷,7,盖面印刷内容不正确/盖内涂含有杂质/盖内涂有异味/盖内涂有缺损/盖内涂有断胶/盖内涂有局部缺胶/盖内侧明显油污/盖内侧异物污染/金属暴露(单片缺陷电流值≥3mA)/涂膜剥离或脱落/钩边严重皱折/密封胶污染/密封胶搭结不均匀/无密封胶/顶盖拉环明显擦伤有露铝现象(硫酸铜试验)/无拉环(片),,,,,0,1,若有不合格，取同一托1000片复检。,每1托为一个检测单元，取样品15片，15片均做本次检测。,2025-01-01,9999-12-31,,[],14,复检,001,[],"{'assoc_type': 0, 'formPerms': [], 'needSign': ''}"
282,BSYB0282,56,顶盖,3,包材,5,红牛,Q/RW-TS-001-2023,,,,12,外观印刷（仅顶盖）,6,YC00000006,1,2,到货检测,1,,5,品管部,5,品管部,2,1,1,8,等于,3,1,139,,2026-06-25 09:39:16,,,,44,批次,,,15,16,片,1,15,16,片,目测检查,外观印刷无B类缺陷,8,密封胶粘连/密封胶缺失>2mm²/内涂膜划痕/内涂膜擦伤但金属不暴露(缺陷电流值<3mA)/钩边轻度皱折或明显变形,,,,,0,1,若有不合格，取同一托1000片复检。,每1托为一个检测单元，取样品15片，15片均做本次检测。,2025-01-01,9999-12-31,,[],14,复检,001,[],"{'assoc_type': 0, 'formPerms': [], 'needSign': ''}"
283,BSYB0283,56,顶盖,3,包材,5,红牛,Q/RW-TS-001-2023,,,,12,外观印刷（仅顶盖）,34,YF00000024,1,2,到货检测,1,,5,品管部,5,品管部,2,2,1,11,大于等于,3,1,139,,2026-06-25 09:39:16,,,,44,批次,,,1000,16,片,1,1000,16,片,目测检查,外观印刷无A类缺陷,7,盖面印刷内容不正确/盖内涂含有杂质/盖内涂有异味/盖内涂有缺损/盖内涂有断胶/盖内涂有局部缺胶/盖内侧明显油污/盖内侧异物污染/金属暴露(单片缺陷电流值≥3mA)/涂膜剥离或脱落/钩边严重皱折/密封胶污染/密封胶搭结不均匀/无密封胶/顶盖拉环明显擦伤有露铝现象(硫酸铜试验)/无拉环(片),,,,,0,1,若仍有不合格，初检检测单元的所有商品做退货处理。,从初检问题托盘中取1000片复检。,2025-01-01,9999-12-31,,[],1,退货处理,001,[],"{'assoc_type': 0, 'formPerms': [], 'needSign': ''}"
284,BSYB0284,56,顶盖,3,包材,5,红牛,Q/RW-TS-001-2023,,,,12,外观印刷（仅顶盖）,34,YF00000024,1,2,到货检测,1,,5,品管部,5,品管部,2,2,1,11,大于等于,3,1,139,,2026-06-25 09:39:16,,,,44,批次,,,1000,16,片,1,1000,16,片,目测检查,外观印刷无B类缺陷,8,密封胶粘连/密封胶缺失>2mm²/内涂膜划痕/内涂膜擦伤但金属不暴露(缺陷电流值<3mA)/钩边轻度皱折或明显变形,,,,,0,200,若缺陷比例≥20%，初检检测单元的所有商品做退货处理。,从初检问题托盘中取1000片复检。,2025-01-01,9999-12-31,,[],1,退货处理,001,[],"{'assoc_type': 0, 'formPerms': [], 'needSign': ''}"
285,BSYB0285,56,顶盖,3,包材,5,红牛,Q/RW-TS-001-2023,7,8886,红牛维他命饮料（江苏）有限公司,13,注胶附着力（仅顶盖）,6,YC00000006,1,2,到货检测,1,,5,品管部,5,品管部,2,1,1,8,等于,3,1,139,,2026-06-25 09:39:16,,,,44,批次,,,15,16,片,1,15,16,片,38号专用笔,用38号专用笔在顶盖上画线，无明显缩水。,,,,,,,0,1,若有不合格，取同一托50片复检。,每1托为一个检测单元，取样品15片，15片均做本次检测。,2025-01-01,9999-12-31,,[],14,复检,001,[],"{'assoc_type': 0, 'formPerms': [], 'needSign': ''}"
286,BSYB0286,56,顶盖,3,包材,5,红牛,Q/RW-TS-001-2023,6,8885,广东红牛维他命饮料有限公司,13,注胶附着力（仅顶盖）,6,YC00000006,1,2,到货检测,1,,5,品管部,5,品管部,2,1,1,8,等于,3,1,139,,2026-06-25 09:39:16,,,,44,批次,,,15,16,片,1,15,16,片,38号专用笔,用38号专用笔在顶盖上画线，无明显缩水。,,,,,,,0,1,若有不合格，取同一托25片复检。,每1托为一个检测单元，取样品15片，15片均做本次检测。,2025-01-01,9999-12-31,,[],14,复检,001,[],"{'assoc_type': 0, 'formPerms': [], 'needSign': ''}"
287,BSYB0287,56,顶盖,3,包材,5,红牛,Q/RW-TS-001-2023,12,8880,红牛维他命饮料有限公司,13,注胶附着力（仅顶盖）,6,YC00000006,1,2,到货检测,1,,5,品管部,5,品管部,2,1,1,8,等于,3,1,139,,2026-06-25 09:39:16,,,,44,批次,,,15,16,片,1,15,16,片,38号专用笔,用38号专用笔在顶盖上画线，无明显缩水。,,,,,,,0,1,若有不合格，取同一托25片复检。,每1托为一个检测单元，取样品15片，15片均做本次检测。,2025-01-01,9999-12-31,,[],14,复检,001,[],"{'assoc_type': 0, 'formPerms': [], 'needSign': ''}"
288,BSYB0288,56,顶盖,3,包材,5,红牛,Q/RW-TS-001-2023,5,8883,红牛维他命饮料（湖北）有限公司,13,注胶附着力（仅顶盖）,6,YC00000006,1,2,到货检测,1,,5,品管部,5,品管部,2,1,1,8,等于,3,1,139,,2026-06-25 09:39:16,,,,44,批次,,,15,16,片,1,15,16,片,38号专用笔,用38号专用笔在顶盖上画线，无明显缩水。,,,,,,,0,1,若有不合格，取同一托25片复检。,每1托为一个检测单元，取样品15片，15片均做本次检测。,2025-01-01,9999-12-31,,[],14,复检,001,[],"{'assoc_type': 0, 'formPerms': [], 'needSign': ''}"
289,BSYB0289,56,顶盖,3,包材,5,红牛,Q/RW-TS-001-2023,9,6866,华彬快速消费品饮料（福建）有限公司,13,注胶附着力（仅顶盖）,6,YC00000006,1,2,到货检测,1,,5,品管部,5,品管部,2,1,1,8,等于,3,1,139,,2026-06-25 09:39:16,,,,44,批次,,,15,16,片,1,15,16,片,38号专用笔,用38号专用笔在顶盖上画线，无明显缩水。,,,,,,,0,1,若有不合格，取同一托25片复检。,每1托为一个检测单元，取样品15片，15片均做本次检测。,2025-01-01,9999-12-31,,[],14,复检,001,[],"{'assoc_type': 0, 'formPerms': [], 'needSign': ''}"
290,BSYB0290,56,顶盖,3,包材,5,红牛,Q/RW-TS-001-2023,8,6865,华彬快速消费品饮料（贵州）有限公司,13,注胶附着力（仅顶盖）,6,YC00000006,1,2,到货检测,1,,5,品管部,5,品管部,2,1,1,8,等于,3,1,139,,2026-06-25 09:39:16,,,,44,批次,,,15,16,片,1,15,16,片,38号专用笔,用38号专用笔在顶盖上画线，无明显缩水。,,,,,,,0,1,若有不合格，取同一托25片复检。,每1托为一个检测单元，取样品15片，15片均做本次检测。,2025-01-01,9999-12-31,,[],14,复检,001,[],"{'assoc_type': 0, 'formPerms': [], 'needSign': ''}"
291,BSYB0291,56,顶盖,3,包材,5,红牛,Q/RW-TS-001-2023,7,8886,红牛维他命饮料（江苏）有限公司,13,注胶附着力（仅顶盖）,32,YF00000022,1,2,到货检测,1,,5,品管部,5,品管部,2,2,1,11,大于等于,3,1,139,,2026-06-25 09:39:16,,,,44,批次,,,50,16,片,1,50,16,片,38号专用笔,用38号专用笔在顶盖上画线，无明显缩水。,,,,,,,0,1,若仍有不合格，初检检测单元的所有商品做退货处理。,从初检问题托盘中取50片复检。,2025-01-01,9999-12-31,,[],1,退货处理,001,[],"{'assoc_type': 0, 'formPerms': [], 'needSign': ''}"
292,BSYB0292,56,顶盖,3,包材,5,红牛,Q/RW-TS-001-2023,6,8885,广东红牛维他命饮料有限公司,13,注胶附着力（仅顶盖）,32,YF00000022,1,2,到货检测,1,,5,品管部,5,品管部,2,2,1,11,大于等于,3,1,139,,2026-06-25 09:39:16,,,,44,批次,,,25,16,片,1,25,16,片,38号专用笔,用38号专用笔在顶盖上画线，无明显缩水。,,,,,,,0,1,若仍有不合格，初检检测单元的所有商品做退货处理。,从初检问题托盘中取25片复检。,2025-01-01,9999-12-31,,[],1,退货处理,001,[],"{'assoc_type': 0, 'formPerms': [], 'needSign': ''}"
293,BSYB0293,56,顶盖,3,包材,5,红牛,Q/RW-TS-001-2023,12,8880,红牛维他命饮料有限公司,13,注胶附着力（仅顶盖）,32,YF00000022,1,2,到货检测,1,,5,品管部,5,品管部,2,2,1,11,大于等于,3,1,139,,2026-06-25 09:39:16,,,,44,批次,,,25,16,片,1,25,16,片,38号专用笔,用38号专用笔在顶盖上画线，无明显缩水。,,,,,,,0,1,若仍有不合格，初检检测单元的所有商品做退货处理。,从初检问题托盘中取25片复检。,2025-01-01,9999-12-31,,[],1,退货处理,001,[],"{'assoc_type': 0, 'formPerms': [], 'needSign': ''}"
294,BSYB0294,56,顶盖,3,包材,5,红牛,Q/RW-TS-001-2023,5,8883,红牛维他命饮料（湖北）有限公司,13,注胶附着力（仅顶盖）,32,YF00000022,1,2,到货检测,1,,5,品管部,5,品管部,2,2,1,11,大于等于,3,1,139,,2026-06-25 09:39:16,,,,44,批次,,,25,16,片,1,25,16,片,38号专用笔,用38号专用笔在顶盖上画线，无明显缩水。,,,,,,,0,1,若仍有不合格，初检检测单元的所有商品做退货处理。,从初检问题托盘中取25片复检。,2025-01-01,9999-12-31,,[],1,退货处理,001,[],"{'assoc_type': 0, 'formPerms': [], 'needSign': ''}"
295,BSYB0295,56,顶盖,3,包材,5,红牛,Q/RW-TS-001-2023,9,6866,华彬快速消费品饮料（福建）有限公司,13,注胶附着力（仅顶盖）,32,YF00000022,1,2,到货检测,1,,5,品管部,5,品管部,2,2,1,11,大于等于,3,1,139,,2026-06-25 09:39:16,,,,44,批次,,,25,16,片,1,25,16,片,38号专用笔,用38号专用笔在顶盖上画线，无明显缩水。,,,,,,,0,1,若仍有不合格，初检检测单元的所有商品做退货处理。,从初检问题托盘中取25片复检。,2025-01-01,9999-12-31,,[],1,退货处理,001,[],"{'assoc_type': 0, 'formPerms': [], 'needSign': ''}"
296,BSYB0296,56,顶盖,3,包材,5,红牛,Q/RW-TS-001-2023,8,6865,华彬快速消费品饮料（贵州）有限公司,13,注胶附着力（仅顶盖）,32,YF00000022,1,2,到货检测,1,,5,品管部,5,品管部,2,2,1,11,大于等于,3,1,139,,2026-06-25 09:39:16,,,,44,批次,,,25,16,片,1,25,16,片,38号专用笔,用38号专用笔在顶盖上画线，无明显缩水。,,,,,,,0,1,若仍有不合格，初检检测单元的所有商品做退货处理。,从初检问题托盘中取25片复检。,2025-01-01,9999-12-31,,[],1,退货处理,001,[],"{'assoc_type': 0, 'formPerms': [], 'needSign': ''}"
297,BSYB0297,56,顶盖,3,包材,5,红牛,Q/RW-TS-001-2023,,,,14,拉环二维码,6,YC00000006,1,2,到货检测,1,,5,品管部,5,品管部,2,1,1,8,等于,3,1,139,,2026-06-25 09:39:16,,,,44,批次,,,15,16,片,1,15,16,片,手机扫码,清晰、完整、快速识别，扫读内容符合要求,9,模糊/完整/识别慢/扫读内容错误,,,,,0,1,若有不合格，取同一托20片复检。,每1托为一个检测单元，取样品15片，15片均做本次检测。,2025-01-01,9999-12-31,,[],14,复检,001,[],"{'assoc_type': 0, 'formPerms': [], 'needSign': ''}"
298,BSYB0298,56,顶盖,3,包材,5,红牛,Q/RW-TS-001-2023,,,,14,拉环二维码,32,YF00000022,1,2,到货检测,1,,5,品管部,5,品管部,2,2,1,11,大于等于,3,1,139,,2026-06-25 09:39:16,,,,44,批次,,,20,16,片,1,20,16,片,手机扫码,清晰、完整、快速识别，扫读内容符合要求,9,模糊/完整/识别慢/扫读内容错误,,,,,0,1,若仍有不合格，初检检测单元的所有商品做退货处理。,从初检问题托盘中取20片复检。,2025-01-01,9999-12-31,,[],1,退货处理,001,[],"{'assoc_type': 0, 'formPerms': [], 'needSign': ''}"
299,BSYB0299,59,纸箱,3,包材,5,红牛,Q/RW-TS-001-2023,,,,15,重量,8,YC00000008,1,2,到货检测,1,,4,储运采购部,5,品管部,1,1,1,2,等于,3,1,139,,2026-06-25 09:39:16,,,,44,批次,,,3,17,张,1,3,17,张,电子分析天平,180-240,,,6,g,180,240,0,1,若有不合格，取同一检测单元9张进行复检。,每次到货每3万张随机抽检3张，不足3万张按照3万张标准进行抽样检测。用直尺测量图示中相应位置尺寸。,2025-01-01,9999-12-31,,[],14,复检,001,[],"{'assoc_type': 0, 'formPerms': [], 'needSign': ''}"
300,BSYB0300,59,纸箱,3,包材,5,红牛,Q/RW-TS-001-2023,,,,15,重量,8,YC00000008,1,2,到货检测,1,,4,储运采购部,5,品管部,1,1,1,2,等于,3,1,139,,2026-06-25 09:39:16,,,,44,批次,,,3,17,张,1,3,17,张,电子分析天平,180-240,,,6,g,180,240,0,1,若有不合格，取同一检测单元9张进行复检。,每次到货每3万张随机抽检3张，不足3万张按照3万张标准进行抽样检测。用直尺测量图示中相应位置尺寸。,2025-01-01,9999-12-31,,[],14,复检,001,[],"{'assoc_type': 0, 'formPerms': [], 'needSign': ''}"
301,BSYB0301,59,纸箱,3,包材,5,红牛,Q/RW-TS-001-2023,,,,15,重量,8,YC00000008,1,2,到货检测,1,,4,储运采购部,5,品管部,1,1,1,2,等于,3,1,139,,2026-06-25 09:39:16,,,,44,批次,,,3,17,张,1,3,17,张,电子分析天平,180-240,,,6,g,180,240,0,1,若有不合格，取同一检测单元9张进行复检。,每次到货每3万张随机抽检3张，不足3万张按照3万张标准进行抽样检测。用直尺测量图示中相应位置尺寸。,2025-01-01,9999-12-31,,[],14,复检,001,[],"{'assoc_type': 0, 'formPerms': [], 'needSign': ''}"
302,BSYB0302,59,纸箱,3,包材,5,红牛,Q/RW-TS-001-2023,,,,15,重量,8,YC00000008,1,2,到货检测,1,,4,储运采购部,5,品管部,1,1,1,2,等于,3,1,139,,2026-06-25 09:39:16,,,,44,批次,,,3,17,张,1,3,17,张,电子分析天平,180-240,,,6,g,180,240,0,1,若有不合格，取同一检测单元9张进行复检。,每次到货每3万张随机抽检3张，不足3万张按照3万张标准进行抽样检测。用直尺测量图示中相应位置尺寸。,2025-01-01,9999-12-31,,[],14,复检,001,[],"{'assoc_type': 0, 'formPerms': [], 'needSign': ''}"
303,BSYB0303,59,纸箱,3,包材,5,红牛,Q/RW-TS-001-2023,,,,15,重量,8,YC00000008,1,2,到货检测,1,,4,储运采购部,5,品管部,1,1,1,2,等于,3,1,139,,2026-06-25 09:39:16,,,,44,批次,,,3,17,张,1,3,17,张,电子分析天平,160-180,,,6,g,160,180,0,1,若有不合格，取同一检测单元9张进行复检。,每次到货每3万张随机抽检3张，不足3万张按照3万张标准进行抽样检测。用直尺测量图示中相应位置尺寸。,2025-01-01,9999-12-31,,[],14,复检,001,[],"{'assoc_type': 0, 'formPerms': [], 'needSign': ''}"
304,BSYB0304,59,纸箱,3,包材,5,红牛,Q/RW-TS-001-2023,,,,15,重量,36,YF00000026,1,2,到货检测,1,,4,储运采购部,5,品管部,1,2,1,11,大于等于,3,1,139,,2026-06-25 09:39:16,,,,44,批次,,,9,17,张,1,9,17,张,电子分析天平,180-240,,,6,g,180,240,0,1,若仍有不合格，则判定该批次检测不合格。,从初检问题检测单元中取9张进行复检。,2025-01-01,9999-12-31,,[],15,不合格,001,[],"{'assoc_type': 0, 'formPerms': [], 'needSign': ''}"
305,BSYB0305,59,纸箱,3,包材,5,红牛,Q/RW-TS-001-2023,,,,15,重量,36,YF00000026,1,2,到货检测,1,,4,储运采购部,5,品管部,1,2,1,11,大于等于,3,1,139,,2026-06-25 09:39:16,,,,44,批次,,,9,17,张,1,9,17,张,电子分析天平,180-240,,,6,g,180,240,0,1,若仍有不合格，则判定该批次检测不合格。,从初检问题检测单元中取9张进行复检。,2025-01-01,9999-12-31,,[],15,不合格,001,[],"{'assoc_type': 0, 'formPerms': [], 'needSign': ''}"
306,BSYB0306,59,纸箱,3,包材,5,红牛,Q/RW-TS-001-2023,,,,15,重量,36,YF00000026,1,2,到货检测,1,,4,储运采购部,5,品管部,1,2,1,11,大于等于,3,1,139,,2026-06-25 09:39:16,,,,44,批次,,,9,17,张,1,9,17,张,电子分析天平,180-240,,,6,g,180,240,0,1,若仍有不合格，则判定该批次检测不合格。,从初检问题检测单元中取9张进行复检。,2025-01-01,9999-12-31,,[],15,不合格,001,[],"{'assoc_type': 0, 'formPerms': [], 'needSign': ''}"
307,BSYB0307,59,纸箱,3,包材,5,红牛,Q/RW-TS-001-2023,,,,15,重量,36,YF00000026,1,2,到货检测,1,,4,储运采购部,5,品管部,1,2,1,11,大于等于,3,1,139,,2026-06-25 09:39:16,,,,44,批次,,,9,17,张,1,9,17,张,电子分析天平,180-240,,,6,g,180,240,0,1,若仍有不合格，则判定该批次检测不合格。,从初检问题检测单元中取9张进行复检。,2025-01-01,9999-12-31,,[],15,不合格,001,[],"{'assoc_type': 0, 'formPerms': [], 'needSign': ''}"
308,BSYB0308,59,纸箱,3,包材,5,红牛,Q/RW-TS-001-2023,,,,15,重量,36,YF00000026,1,2,到货检测,1,,4,储运采购部,5,品管部,1,2,1,11,大于等于,3,1,139,,2026-06-25 09:39:16,,,,44,批次,,,9,17,张,1,9,17,张,电子分析天平,160-180,,,6,g,160,180,0,1,若仍有不合格，则判定该批次检测不合格。,从初检问题检测单元中取9张进行复检。,2025-01-01,9999-12-31,,[],15,不合格,001,[],"{'assoc_type': 0, 'formPerms': [], 'needSign': ''}"
309,BSYB0309,59,纸箱,3,包材,5,红牛,Q/RW-TS-001-2023,,,,16,位置①长度,8,YC00000008,1,2,到货检测,1,,4,储运采购部,5,品管部,1,1,1,2,等于,3,1,139,,2026-06-25 09:39:16,,,,44,批次,,,3,17,张,1,3,17,张,直尺,45±1,,,23,mm,44,46,0,1,若有不合格，取同一检测单元9张进行复检。,每次到货每3万张随机抽检3张，不足3万张按照3万张标准进行抽样检测。用直尺测量图示中相应位置尺寸。,2025-01-01,9999-12-31,,[],14,复检,001,[],"{'assoc_type': 0, 'formPerms': [], 'needSign': ''}"
310,BSYB0310,59,纸箱,3,包材,5,红牛,Q/RW-TS-001-2023,,,,16,位置①长度,8,YC00000008,1,2,到货检测,1,,4,储运采购部,5,品管部,1,1,1,2,等于,3,1,139,,2026-06-25 09:39:16,,,,44,批次,,,3,17,张,1,3,17,张,直尺,45±1,,,23,mm,44,46,0,1,若有不合格，取同一检测单元9张进行复检。,每次到货每3万张随机抽检3张，不足3万张按照3万张标准进行抽样检测。用直尺测量图示中相应位置尺寸。,2025-01-01,9999-12-31,,[],14,复检,001,[],"{'assoc_type': 0, 'formPerms': [], 'needSign': ''}"
311,BSYB0311,59,纸箱,3,包材,5,红牛,Q/RW-TS-001-2023,,,,16,位置①长度,8,YC00000008,1,2,到货检测,1,,4,储运采购部,5,品管部,1,1,1,2,等于,3,1,139,,2026-06-25 09:39:16,,,,44,批次,,,3,17,张,1,3,17,张,直尺,45±1,,,23,mm,44,46,0,1,若有不合格，取同一检测单元9张进行复检。,每次到货每3万张随机抽检3张，不足3万张按照3万张标准进行抽样检测。用直尺测量图示中相应位置尺寸。,2025-01-01,9999-12-31,,[],14,复检,001,[],"{'assoc_type': 0, 'formPerms': [], 'needSign': ''}"
312,BSYB0312,59,纸箱,3,包材,5,红牛,Q/RW-TS-001-2023,,,,16,位置①长度,8,YC00000008,1,2,到货检测,1,,4,储运采购部,5,品管部,1,1,1,2,等于,3,1,139,,2026-06-25 09:39:16,,,,44,批次,,,3,17,张,1,3,17,张,直尺,57±2,,,23,mm,55,59,0,1,若有不合格，取同一检测单元9张进行复检。,每次到货每3万张随机抽检3张，不足3万张按照3万张标准进行抽样检测。用直尺测量图示中相应位置尺寸。,2025-01-01,9999-12-31,,[],14,复检,001,[],"{'assoc_type': 0, 'formPerms': [], 'needSign': ''}"
313,BSYB0313,59,纸箱,3,包材,5,红牛,Q/RW-TS-001-2023,7,8886,红牛维他命饮料（江苏）有限公司,16,位置①长度,8,YC00000008,1,2,到货检测,1,,4,储运采购部,5,品管部,1,1,1,2,等于,3,1,139,,2026-06-25 09:39:16,,,,44,批次,,,3,17,张,1,3,17,张,直尺,45±1,,,23,mm,44,46,0,1,若有不合格，取同一检测单元9张进行复检。,每次到货每3万张随机抽检3张，不足3万张按照3万张标准进行抽样检测。用直尺测量图示中相应位置尺寸。,2025-01-01,9999-12-31,,[],14,复检,001,[],"{'assoc_type': 0, 'formPerms': [], 'needSign': ''}"
314,BSYB0314,59,纸箱,3,包材,5,红牛,Q/RW-TS-001-2023,6,8885,广东红牛维他命饮料有限公司,16,位置①长度,8,YC00000008,1,2,到货检测,1,,4,储运采购部,5,品管部,1,1,1,2,等于,3,1,139,,2026-06-25 09:39:16,,,,44,批次,,,3,17,张,1,3,17,张,直尺,45±2,,,23,mm,43,47,0,1,若有不合格，取同一检测单元9张进行复检。,每次到货每3万张随机抽检3张，不足3万张按照3万张标准进行抽样检测。用直尺测量图示中相应位置尺寸。,2025-01-01,9999-12-31,,[],14,复检,001,[],"{'assoc_type': 0, 'formPerms': [], 'needSign': ''}"
315,BSYB0315,59,纸箱,3,包材,5,红牛,Q/RW-TS-001-2023,12,8880,红牛维他命饮料有限公司,16,位置①长度,8,YC00000008,1,2,到货检测,1,,4,储运采购部,5,品管部,1,1,1,2,等于,3,1,139,,2026-06-25 09:39:16,,,,44,批次,,,3,17,张,1,3,17,张,直尺,45±2,,,23,mm,43,47,0,1,若有不合格，取同一检测单元9张进行复检。,每次到货每3万张随机抽检3张，不足3万张按照3万张标准进行抽样检测。用直尺测量图示中相应位置尺寸。,2025-01-01,9999-12-31,,[],14,复检,001,[],"{'assoc_type': 0, 'formPerms': [], 'needSign': ''}"
316,BSYB0316,59,纸箱,3,包材,5,红牛,Q/RW-TS-001-2023,5,8883,红牛维他命饮料（湖北）有限公司,16,位置①长度,8,YC00000008,1,2,到货检测,1,,4,储运采购部,5,品管部,1,1,1,2,等于,3,1,139,,2026-06-25 09:39:16,,,,44,批次,,,3,17,张,1,3,17,张,直尺,45±2,,,23,mm,43,47,0,1,若有不合格，取同一检测单元9张进行复检。,每次到货每3万张随机抽检3张，不足3万张按照3万张标准进行抽样检测。用直尺测量图示中相应位置尺寸。,2025-01-01,9999-12-31,,[],14,复检,001,[],"{'assoc_type': 0, 'formPerms': [], 'needSign': ''}"
317,BSYB0317,59,纸箱,3,包材,5,红牛,Q/RW-TS-001-2023,,,,16,位置①长度,36,YF00000026,1,2,到货检测,1,,4,储运采购部,5,品管部,1,2,1,11,大于等于,3,1,139,,2026-06-25 09:39:16,,,,44,批次,,,9,17,张,1,9,17,张,直尺,45±1,,,23,mm,44,46,0,1,若仍有不合格，则判定该批次检测不合格。,从初检问题检测单元中取9张进行复检。,2025-01-01,9999-12-31,,[],15,不合格,001,[],"{'assoc_type': 0, 'formPerms': [], 'needSign': ''}"
318,BSYB0318,59,纸箱,3,包材,5,红牛,Q/RW-TS-001-2023,,,,16,位置①长度,36,YF00000026,1,2,到货检测,1,,4,储运采购部,5,品管部,1,2,1,11,大于等于,3,1,139,,2026-06-25 09:39:16,,,,44,批次,,,9,17,张,1,9,17,张,直尺,45±1,,,23,mm,44,46,0,1,若仍有不合格，则判定该批次检测不合格。,从初检问题检测单元中取9张进行复检。,2025-01-01,9999-12-31,,[],15,不合格,001,[],"{'assoc_type': 0, 'formPerms': [], 'needSign': ''}"
319,BSYB0319,59,纸箱,3,包材,5,红牛,Q/RW-TS-001-2023,,,,16,位置①长度,36,YF00000026,1,2,到货检测,1,,4,储运采购部,5,品管部,1,2,1,11,大于等于,3,1,139,,2026-06-25 09:39:16,,,,44,批次,,,9,17,张,1,9,17,张,直尺,45±1,,,23,mm,44,46,0,1,若仍有不合格，则判定该批次检测不合格。,从初检问题检测单元中取9张进行复检。,2025-01-01,9999-12-31,,[],15,不合格,001,[],"{'assoc_type': 0, 'formPerms': [], 'needSign': ''}"
320,BSYB0320,59,纸箱,3,包材,5,红牛,Q/RW-TS-001-2023,,,,16,位置①长度,36,YF00000026,1,2,到货检测,1,,4,储运采购部,5,品管部,1,2,1,11,大于等于,3,1,139,,2026-06-25 09:39:16,,,,44,批次,,,9,17,张,1,9,17,张,直尺,57±2,,,23,mm,55,59,0,1,若仍有不合格，则判定该批次检测不合格。,从初检问题检测单元中取9张进行复检。,2025-01-01,9999-12-31,,[],15,不合格,001,[],"{'assoc_type': 0, 'formPerms': [], 'needSign': ''}"
321,BSYB0321,59,纸箱,3,包材,5,红牛,Q/RW-TS-001-2023,7,8886,红牛维他命饮料（江苏）有限公司,16,位置①长度,36,YF00000026,1,2,到货检测,1,,4,储运采购部,5,品管部,1,2,1,11,大于等于,3,1,139,,2026-06-25 09:39:16,,,,44,批次,,,9,17,张,1,9,17,张,直尺,45±1,,,23,mm,44,46,0,1,若仍有不合格，则判定该批次检测不合格。,从初检问题检测单元中取9张进行复检。,2025-01-01,9999-12-31,,[],15,不合格,001,[],"{'assoc_type': 0, 'formPerms': [], 'needSign': ''}"
322,BSYB0322,59,纸箱,3,包材,5,红牛,Q/RW-TS-001-2023,6,8885,广东红牛维他命饮料有限公司,16,位置①长度,36,YF00000026,1,2,到货检测,1,,4,储运采购部,5,品管部,1,2,1,11,大于等于,3,1,139,,2026-06-25 09:39:16,,,,44,批次,,,9,17,张,1,9,17,张,直尺,45±2,,,23,mm,43,47,0,1,若仍有不合格，则判定该批次检测不合格。,从初检问题检测单元中取9张进行复检。,2025-01-01,9999-12-31,,[],15,不合格,001,[],"{'assoc_type': 0, 'formPerms': [], 'needSign': ''}"
323,BSYB0323,59,纸箱,3,包材,5,红牛,Q/RW-TS-001-2023,12,8880,红牛维他命饮料有限公司,16,位置①长度,36,YF00000026,1,2,到货检测,1,,4,储运采购部,5,品管部,1,2,1,11,大于等于,3,1,139,,2026-06-25 09:39:16,,,,44,批次,,,9,17,张,1,9,17,张,直尺,45±2,,,23,mm,43,47,0,1,若仍有不合格，则判定该批次检测不合格。,从初检问题检测单元中取9张进行复检。,2025-01-01,9999-12-31,,[],15,不合格,001,[],"{'assoc_type': 0, 'formPerms': [], 'needSign': ''}"
324,BSYB0324,59,纸箱,3,包材,5,红牛,Q/RW-TS-001-2023,5,8883,红牛维他命饮料（湖北）有限公司,16,位置①长度,36,YF00000026,1,2,到货检测,1,,4,储运采购部,5,品管部,1,2,1,11,大于等于,3,1,139,,2026-06-25 09:39:16,,,,44,批次,,,9,17,张,1,9,17,张,直尺,45±2,,,23,mm,43,47,0,1,若仍有不合格，则判定该批次检测不合格。,从初检问题检测单元中取9张进行复检。,2025-01-01,9999-12-31,,[],15,不合格,001,[],"{'assoc_type': 0, 'formPerms': [], 'needSign': ''}"
325,BSYB0325,59,纸箱,3,包材,5,红牛,Q/RW-TS-001-2023,,,,17,位置②长度,8,YC00000008,1,2,到货检测,1,,4,储运采购部,5,品管部,1,1,1,2,等于,3,1,139,,2026-06-25 09:39:16,,,,44,批次,,,3,17,张,1,3,17,张,直尺,94±1,,,23,mm,93,95,0,1,若有不合格，取同一检测单元9张进行复检。,每次到货每3万张随机抽检3张，不足3万张按照3万张标准进行抽样检测。用直尺测量图示中相应位置尺寸。,2025-01-01,9999-12-31,,[],14,复检,001,[],"{'assoc_type': 0, 'formPerms': [], 'needSign': ''}"
326,BSYB0326,59,纸箱,3,包材,5,红牛,Q/RW-TS-001-2023,,,,17,位置②长度,8,YC00000008,1,2,到货检测,1,,4,储运采购部,5,品管部,1,1,1,2,等于,3,1,139,,2026-06-25 09:39:16,,,,44,批次,,,3,17,张,1,3,17,张,直尺,94±1,,,23,mm,93,95,0,1,若有不合格，取同一检测单元9张进行复检。,每次到货每3万张随机抽检3张，不足3万张按照3万张标准进行抽样检测。用直尺测量图示中相应位置尺寸。,2025-01-01,9999-12-31,,[],14,复检,001,[],"{'assoc_type': 0, 'formPerms': [], 'needSign': ''}"
327,BSYB0327,59,纸箱,3,包材,5,红牛,Q/RW-TS-001-2023,,,,17,位置②长度,8,YC00000008,1,2,到货检测,1,,4,储运采购部,5,品管部,1,1,1,2,等于,3,1,139,,2026-06-25 09:39:16,,,,44,批次,,,3,17,张,1,3,17,张,直尺,94±1,,,23,mm,93,95,0,1,若有不合格，取同一检测单元9张进行复检。,每次到货每3万张随机抽检3张，不足3万张按照3万张标准进行抽样检测。用直尺测量图示中相应位置尺寸。,2025-01-01,9999-12-31,,[],14,复检,001,[],"{'assoc_type': 0, 'formPerms': [], 'needSign': ''}"
328,BSYB0328,59,纸箱,3,包材,5,红牛,Q/RW-TS-001-2023,,,,17,位置②长度,8,YC00000008,1,2,到货检测,1,,4,储运采购部,5,品管部,1,1,1,2,等于,3,1,139,,2026-06-25 09:39:16,,,,44,批次,,,3,17,张,1,3,17,张,直尺,135±2,,,23,mm,133,137,0,1,若有不合格，取同一检测单元9张进行复检。,每次到货每3万张随机抽检3张，不足3万张按照3万张标准进行抽样检测。用直尺测量图示中相应位置尺寸。,2025-01-01,9999-12-31,,[],14,复检,001,[],"{'assoc_type': 0, 'formPerms': [], 'needSign': ''}"
329,BSYB0329,59,纸箱,3,包材,5,红牛,Q/RW-TS-001-2023,7,8886,红牛维他命饮料（江苏）有限公司,17,位置②长度,8,YC00000008,1,2,到货检测,1,,4,储运采购部,5,品管部,1,1,1,2,等于,3,1,139,,2026-06-25 09:39:16,,,,44,批次,,,3,17,张,1,3,17,张,直尺,94±1,,,23,mm,93,95,0,1,若有不合格，取同一检测单元9张进行复检。,每次到货每3万张随机抽检3张，不足3万张按照3万张标准进行抽样检测。用直尺测量图示中相应位置尺寸。,2025-01-01,9999-12-31,,[],14,复检,001,[],"{'assoc_type': 0, 'formPerms': [], 'needSign': ''}"
330,BSYB0330,59,纸箱,3,包材,5,红牛,Q/RW-TS-001-2023,6,8885,广东红牛维他命饮料有限公司,17,位置②长度,8,YC00000008,1,2,到货检测,1,,4,储运采购部,5,品管部,1,1,1,2,等于,3,1,139,,2026-06-25 09:39:16,,,,44,批次,,,3,17,张,1,3,17,张,直尺,96±2,,,23,mm,94,98,0,1,若有不合格，取同一检测单元9张进行复检。,每次到货每3万张随机抽检3张，不足3万张按照3万张标准进行抽样检测。用直尺测量图示中相应位置尺寸。,2025-01-01,9999-12-31,,[],14,复检,001,[],"{'assoc_type': 0, 'formPerms': [], 'needSign': ''}"
331,BSYB0331,59,纸箱,3,包材,5,红牛,Q/RW-TS-001-2023,12,8880,红牛维他命饮料有限公司,17,位置②长度,8,YC00000008,1,2,到货检测,1,,4,储运采购部,5,品管部,1,1,1,2,等于,3,1,139,,2026-06-25 09:39:16,,,,44,批次,,,3,17,张,1,3,17,张,直尺,96±2,,,23,mm,94,98,0,1,若有不合格，取同一检测单元9张进行复检。,每次到货每3万张随机抽检3张，不足3万张按照3万张标准进行抽样检测。用直尺测量图示中相应位置尺寸。,2025-01-01,9999-12-31,,[],14,复检,001,[],"{'assoc_type': 0, 'formPerms': [], 'needSign': ''}"
332,BSYB0332,59,纸箱,3,包材,5,红牛,Q/RW-TS-001-2023,5,8883,红牛维他命饮料（湖北）有限公司,17,位置②长度,8,YC00000008,1,2,到货检测,1,,4,储运采购部,5,品管部,1,1,1,2,等于,3,1,139,,2026-06-25 09:39:16,,,,44,批次,,,3,17,张,1,3,17,张,直尺,96±2,,,23,mm,94,98,0,1,若有不合格，取同一检测单元9张进行复检。,每次到货每3万张随机抽检3张，不足3万张按照3万张标准进行抽样检测。用直尺测量图示中相应位置尺寸。,2025-01-01,9999-12-31,,[],14,复检,001,[],"{'assoc_type': 0, 'formPerms': [], 'needSign': ''}"
333,BSYB0333,59,纸箱,3,包材,5,红牛,Q/RW-TS-001-2023,,,,17,位置②长度,36,YF00000026,1,2,到货检测,1,,4,储运采购部,5,品管部,1,2,1,11,大于等于,3,1,139,,2026-06-25 09:39:16,,,,44,批次,,,9,17,张,1,9,17,张,直尺,94±1,,,23,mm,93,95,0,1,若仍有不合格，则判定该批次检测不合格。,从初检问题检测单元中取9张进行复检。,2025-01-01,9999-12-31,,[],15,不合格,001,[],"{'assoc_type': 0, 'formPerms': [], 'needSign': ''}"
334,BSYB0334,59,纸箱,3,包材,5,红牛,Q/RW-TS-001-2023,,,,17,位置②长度,36,YF00000026,1,2,到货检测,1,,4,储运采购部,5,品管部,1,2,1,11,大于等于,3,1,139,,2026-06-25 09:39:16,,,,44,批次,,,9,17,张,1,9,17,张,直尺,94±1,,,23,mm,93,95,0,1,若仍有不合格，则判定该批次检测不合格。,从初检问题检测单元中取9张进行复检。,2025-01-01,9999-12-31,,[],15,不合格,001,[],"{'assoc_type': 0, 'formPerms': [], 'needSign': ''}"
335,BSYB0335,59,纸箱,3,包材,5,红牛,Q/RW-TS-001-2023,,,,17,位置②长度,36,YF00000026,1,2,到货检测,1,,4,储运采购部,5,品管部,1,2,1,11,大于等于,3,1,139,,2026-06-25 09:39:16,,,,44,批次,,,9,17,张,1,9,17,张,直尺,94±1,,,23,mm,93,95,0,1,若仍有不合格，则判定该批次检测不合格。,从初检问题检测单元中取9张进行复检。,2025-01-01,9999-12-31,,[],15,不合格,001,[],"{'assoc_type': 0, 'formPerms': [], 'needSign': ''}"
336,BSYB0336,59,纸箱,3,包材,5,红牛,Q/RW-TS-001-2023,,,,17,位置②长度,36,YF00000026,1,2,到货检测,1,,4,储运采购部,5,品管部,1,2,1,11,大于等于,3,1,139,,2026-06-25 09:39:16,,,,44,批次,,,9,17,张,1,9,17,张,直尺,135±2,,,23,mm,133,137,0,1,若仍有不合格，则判定该批次检测不合格。,从初检问题检测单元中取9张进行复检。,2025-01-01,9999-12-31,,[],15,不合格,001,[],"{'assoc_type': 0, 'formPerms': [], 'needSign': ''}"
337,BSYB0337,59,纸箱,3,包材,5,红牛,Q/RW-TS-001-2023,7,8886,红牛维他命饮料（江苏）有限公司,17,位置②长度,36,YF00000026,1,2,到货检测,1,,4,储运采购部,5,品管部,1,2,1,11,大于等于,3,1,139,,2026-06-25 09:39:16,,,,44,批次,,,9,17,张,1,9,17,张,直尺,94±1,,,23,mm,93,95,0,1,若仍有不合格，则判定该批次检测不合格。,从初检问题检测单元中取9张进行复检。,2025-01-01,9999-12-31,,[],15,不合格,001,[],"{'assoc_type': 0, 'formPerms': [], 'needSign': ''}"
338,BSYB0338,59,纸箱,3,包材,5,红牛,Q/RW-TS-001-2023,6,8885,广东红牛维他命饮料有限公司,17,位置②长度,36,YF00000026,1,2,到货检测,1,,4,储运采购部,5,品管部,1,2,1,11,大于等于,3,1,139,,2026-06-25 09:39:16,,,,44,批次,,,9,17,张,1,9,17,张,直尺,96±2,,,23,mm,94,98,0,1,若仍有不合格，则判定该批次检测不合格。,从初检问题检测单元中取9张进行复检。,2025-01-01,9999-12-31,,[],15,不合格,001,[],"{'assoc_type': 0, 'formPerms': [], 'needSign': ''}"
339,BSYB0339,59,纸箱,3,包材,5,红牛,Q/RW-TS-001-2023,12,8880,红牛维他命饮料有限公司,17,位置②长度,36,YF00000026,1,2,到货检测,1,,4,储运采购部,5,品管部,1,2,1,11,大于等于,3,1,139,,2026-06-25 09:39:16,,,,44,批次,,,9,17,张,1,9,17,张,直尺,96±2,,,23,mm,94,98,0,1,若仍有不合格，则判定该批次检测不合格。,从初检问题检测单元中取9张进行复检。,2025-01-01,9999-12-31,,[],15,不合格,001,[],"{'assoc_type': 0, 'formPerms': [], 'needSign': ''}"
340,BSYB0340,59,纸箱,3,包材,5,红牛,Q/RW-TS-001-2023,5,8883,红牛维他命饮料（湖北）有限公司,17,位置②长度,36,YF00000026,1,2,到货检测,1,,4,储运采购部,5,品管部,1,2,1,11,大于等于,3,1,139,,2026-06-25 09:39:16,,,,44,批次,,,9,17,张,1,9,17,张,直尺,96±2,,,23,mm,94,98,0,1,若仍有不合格，则判定该批次检测不合格。,从初检问题检测单元中取9张进行复检。,2025-01-01,9999-12-31,,[],15,不合格,001,[],"{'assoc_type': 0, 'formPerms': [], 'needSign': ''}"
341,BSYB0341,59,纸箱,3,包材,5,红牛,Q/RW-TS-001-2023,,,,18,位置③长度,8,YC00000008,1,2,到货检测,1,,4,储运采购部,5,品管部,1,1,1,2,等于,3,1,139,,2026-06-25 09:39:16,,,,44,批次,,,3,17,张,1,3,17,张,直尺,267±1,,,23,mm,266,268,0,1,若有不合格，取同一检测单元9张进行复检。,每次到货每3万张随机抽检3张，不足3万张按照3万张标准进行抽样检测。用直尺测量图示中相应位置尺寸。,2025-01-01,9999-12-31,,[],14,复检,001,[],"{'assoc_type': 0, 'formPerms': [], 'needSign': ''}"
342,BSYB0342,59,纸箱,3,包材,5,红牛,Q/RW-TS-001-2023,,,,18,位置③长度,8,YC00000008,1,2,到货检测,1,,4,储运采购部,5,品管部,1,1,1,2,等于,3,1,139,,2026-06-25 09:39:16,,,,44,批次,,,3,17,张,1,3,17,张,直尺,267±1,,,23,mm,266,268,0,1,若有不合格，取同一检测单元9张进行复检。,每次到货每3万张随机抽检3张，不足3万张按照3万张标准进行抽样检测。用直尺测量图示中相应位置尺寸。,2025-01-01,9999-12-31,,[],14,复检,001,[],"{'assoc_type': 0, 'formPerms': [], 'needSign': ''}"
343,BSYB0343,59,纸箱,3,包材,5,红牛,Q/RW-TS-001-2023,,,,18,位置③长度,8,YC00000008,1,2,到货检测,1,,4,储运采购部,5,品管部,1,1,1,2,等于,3,1,139,,2026-06-25 09:39:16,,,,44,批次,,,3,17,张,1,3,17,张,直尺,267±1,,,23,mm,266,268,0,1,若有不合格，取同一检测单元9张进行复检。,每次到货每3万张随机抽检3张，不足3万张按照3万张标准进行抽样检测。用直尺测量图示中相应位置尺寸。,2025-01-01,9999-12-31,,[],14,复检,001,[],"{'assoc_type': 0, 'formPerms': [], 'needSign': ''}"
344,BSYB0344,59,纸箱,3,包材,5,红牛,Q/RW-TS-001-2023,,,,18,位置③长度,8,YC00000008,1,2,到货检测,1,,4,储运采购部,5,品管部,1,1,1,2,等于,3,1,139,,2026-06-25 09:39:16,,,,44,批次,,,3,17,张,1,3,17,张,直尺,214±2,,,23,mm,212,216,0,1,若有不合格，取同一检测单元9张进行复检。,每次到货每3万张随机抽检3张，不足3万张按照3万张标准进行抽样检测。用直尺测量图示中相应位置尺寸。,2025-01-01,9999-12-31,,[],14,复检,001,[],"{'assoc_type': 0, 'formPerms': [], 'needSign': ''}"
345,BSYB0345,59,纸箱,3,包材,5,红牛,Q/RW-TS-001-2023,7,8886,红牛维他命饮料（江苏）有限公司,18,位置③长度,8,YC00000008,1,2,到货检测,1,,4,储运采购部,5,品管部,1,1,1,2,等于,3,1,139,,2026-06-25 09:39:16,,,,44,批次,,,3,17,张,1,3,17,张,直尺,267±1,,,23,mm,266,268,0,1,若有不合格，取同一检测单元9张进行复检。,每次到货每3万张随机抽检3张，不足3万张按照3万张标准进行抽样检测。用直尺测量图示中相应位置尺寸。,2025-01-01,9999-12-31,,[],14,复检,001,[],"{'assoc_type': 0, 'formPerms': [], 'needSign': ''}"
346,BSYB0346,59,纸箱,3,包材,5,红牛,Q/RW-TS-001-2023,6,8885,广东红牛维他命饮料有限公司,18,位置③长度,8,YC00000008,1,2,到货检测,1,,4,储运采购部,5,品管部,1,1,1,2,等于,3,1,139,,2026-06-25 09:39:16,,,,44,批次,,,3,17,张,1,3,17,张,直尺,272±2,,,23,mm,270,274,0,1,若有不合格，取同一检测单元9张进行复检。,每次到货每3万张随机抽检3张，不足3万张按照3万张标准进行抽样检测。用直尺测量图示中相应位置尺寸。,2025-01-01,9999-12-31,,[],14,复检,001,[],"{'assoc_type': 0, 'formPerms': [], 'needSign': ''}"
347,BSYB0347,59,纸箱,3,包材,5,红牛,Q/RW-TS-001-2023,12,8880,红牛维他命饮料有限公司,18,位置③长度,8,YC00000008,1,2,到货检测,1,,4,储运采购部,5,品管部,1,1,1,2,等于,3,1,139,,2026-06-25 09:39:16,,,,44,批次,,,3,17,张,1,3,17,张,直尺,272±2,,,23,mm,270,274,0,1,若有不合格，取同一检测单元9张进行复检。,每次到货每3万张随机抽检3张，不足3万张按照3万张标准进行抽样检测。用直尺测量图示中相应位置尺寸。,2025-01-01,9999-12-31,,[],14,复检,001,[],"{'assoc_type': 0, 'formPerms': [], 'needSign': ''}"
348,BSYB0348,59,纸箱,3,包材,5,红牛,Q/RW-TS-001-2023,5,8883,红牛维他命饮料（湖北）有限公司,18,位置③长度,8,YC00000008,1,2,到货检测,1,,4,储运采购部,5,品管部,1,1,1,2,等于,3,1,139,,2026-06-25 09:39:16,,,,44,批次,,,3,17,张,1,3,17,张,直尺,272±2,,,23,mm,270,274,0,1,若有不合格，取同一检测单元9张进行复检。,每次到货每3万张随机抽检3张，不足3万张按照3万张标准进行抽样检测。用直尺测量图示中相应位置尺寸。,2025-01-01,9999-12-31,,[],14,复检,001,[],"{'assoc_type': 0, 'formPerms': [], 'needSign': ''}"
349,BSYB0349,59,纸箱,3,包材,5,红牛,Q/RW-TS-001-2023,,,,18,位置③长度,36,YF00000026,1,2,到货检测,1,,4,储运采购部,5,品管部,1,2,1,11,大于等于,3,1,139,,2026-06-25 09:39:16,,,,44,批次,,,9,17,张,1,9,17,张,直尺,267±1,,,23,mm,266,268,0,1,若仍有不合格，则判定该批次检测不合格。,从初检问题检测单元中取9张进行复检。,2025-01-01,9999-12-31,,[],15,不合格,001,[],"{'assoc_type': 0, 'formPerms': [], 'needSign': ''}"
350,BSYB0350,59,纸箱,3,包材,5,红牛,Q/RW-TS-001-2023,,,,18,位置③长度,36,YF00000026,1,2,到货检测,1,,4,储运采购部,5,品管部,1,2,1,11,大于等于,3,1,139,,2026-06-25 09:39:16,,,,44,批次,,,9,17,张,1,9,17,张,直尺,267±1,,,23,mm,266,268,0,1,若仍有不合格，则判定该批次检测不合格。,从初检问题检测单元中取9张进行复检。,2025-01-01,9999-12-31,,[],15,不合格,001,[],"{'assoc_type': 0, 'formPerms': [], 'needSign': ''}"
351,BSYB0351,59,纸箱,3,包材,5,红牛,Q/RW-TS-001-2023,,,,18,位置③长度,36,YF00000026,1,2,到货检测,1,,4,储运采购部,5,品管部,1,2,1,11,大于等于,3,1,139,,2026-06-25 09:39:16,,,,44,批次,,,9,17,张,1,9,17,张,直尺,267±1,,,23,mm,266,268,0,1,若仍有不合格，则判定该批次检测不合格。,从初检问题检测单元中取9张进行复检。,2025-01-01,9999-12-31,,[],15,不合格,001,[],"{'assoc_type': 0, 'formPerms': [], 'needSign': ''}"
352,BSYB0352,59,纸箱,3,包材,5,红牛,Q/RW-TS-001-2023,,,,18,位置③长度,36,YF00000026,1,2,到货检测,1,,4,储运采购部,5,品管部,1,2,1,11,大于等于,3,1,139,,2026-06-25 09:39:16,,,,44,批次,,,9,17,张,1,9,17,张,直尺,214±2,,,23,mm,212,216,0,1,若仍有不合格，则判定该批次检测不合格。,从初检问题检测单元中取9张进行复检。,2025-01-01,9999-12-31,,[],15,不合格,001,[],"{'assoc_type': 0, 'formPerms': [], 'needSign': ''}"
353,BSYB0353,59,纸箱,3,包材,5,红牛,Q/RW-TS-001-2023,7,8886,红牛维他命饮料（江苏）有限公司,18,位置③长度,36,YF00000026,1,2,到货检测,1,,4,储运采购部,5,品管部,1,2,1,11,大于等于,3,1,139,,2026-06-25 09:39:16,,,,44,批次,,,9,17,张,1,9,17,张,直尺,267±1,,,23,mm,266,268,0,1,若仍有不合格，则判定该批次检测不合格。,从初检问题检测单元中取9张进行复检。,2025-01-01,9999-12-31,,[],15,不合格,001,[],"{'assoc_type': 0, 'formPerms': [], 'needSign': ''}"
354,BSYB0354,59,纸箱,3,包材,5,红牛,Q/RW-TS-001-2023,6,8885,广东红牛维他命饮料有限公司,18,位置③长度,36,YF00000026,1,2,到货检测,1,,4,储运采购部,5,品管部,1,2,1,11,大于等于,3,1,139,,2026-06-25 09:39:16,,,,44,批次,,,9,17,张,1,9,17,张,直尺,272±2,,,23,mm,270,274,0,1,若仍有不合格，则判定该批次检测不合格。,从初检问题检测单元中取9张进行复检。,2025-01-01,9999-12-31,,[],15,不合格,001,[],"{'assoc_type': 0, 'formPerms': [], 'needSign': ''}"
355,BSYB0355,59,纸箱,3,包材,5,红牛,Q/RW-TS-001-2023,12,8880,红牛维他命饮料有限公司,18,位置③长度,36,YF00000026,1,2,到货检测,1,,4,储运采购部,5,品管部,1,2,1,11,大于等于,3,1,139,,2026-06-25 09:39:16,,,,44,批次,,,9,17,张,1,9,17,张,直尺,272±2,,,23,mm,270,274,0,1,若仍有不合格，则判定该批次检测不合格。,从初检问题检测单元中取9张进行复检。,2025-01-01,9999-12-31,,[],15,不合格,001,[],"{'assoc_type': 0, 'formPerms': [], 'needSign': ''}"
356,BSYB0356,59,纸箱,3,包材,5,红牛,Q/RW-TS-001-2023,5,8883,红牛维他命饮料（湖北）有限公司,18,位置③长度,36,YF00000026,1,2,到货检测,1,,4,储运采购部,5,品管部,1,2,1,11,大于等于,3,1,139,,2026-06-25 09:39:16,,,,44,批次,,,9,17,张,1,9,17,张,直尺,272±2,,,23,mm,270,274,0,1,若仍有不合格，则判定该批次检测不合格。,从初检问题检测单元中取9张进行复检。,2025-01-01,9999-12-31,,[],15,不合格,001,[],"{'assoc_type': 0, 'formPerms': [], 'needSign': ''}"
357,BSYB0357,59,纸箱,3,包材,5,红牛,Q/RW-TS-001-2023,,,,19,位置④长度,8,YC00000008,1,2,到货检测,1,,4,储运采购部,5,品管部,1,1,1,2,等于,3,1,139,,2026-06-25 09:39:16,,,,44,批次,,,3,17,张,1,3,17,张,直尺,94±1,,,23,mm,93,95,0,1,若有不合格，取同一检测单元9张进行复检。,每次到货每3万张随机抽检3张，不足3万张按照3万张标准进行抽样检测。用直尺测量图示中相应位置尺寸。,2025-01-01,9999-12-31,,[],14,复检,001,[],"{'assoc_type': 0, 'formPerms': [], 'needSign': ''}"
358,BSYB0358,59,纸箱,3,包材,5,红牛,Q/RW-TS-001-2023,,,,19,位置④长度,8,YC00000008,1,2,到货检测,1,,4,储运采购部,5,品管部,1,1,1,2,等于,3,1,139,,2026-06-25 09:39:16,,,,44,批次,,,3,17,张,1,3,17,张,直尺,94±1,,,23,mm,93,95,0,1,若有不合格，取同一检测单元9张进行复检。,每次到货每3万张随机抽检3张，不足3万张按照3万张标准进行抽样检测。用直尺测量图示中相应位置尺寸。,2025-01-01,9999-12-31,,[],14,复检,001,[],"{'assoc_type': 0, 'formPerms': [], 'needSign': ''}"
359,BSYB0359,59,纸箱,3,包材,5,红牛,Q/RW-TS-001-2023,,,,19,位置④长度,8,YC00000008,1,2,到货检测,1,,4,储运采购部,5,品管部,1,1,1,2,等于,3,1,139,,2026-06-25 09:39:16,,,,44,批次,,,3,17,张,1,3,17,张,直尺,94±1,,,23,mm,93,95,0,1,若有不合格，取同一检测单元9张进行复检。,每次到货每3万张随机抽检3张，不足3万张按照3万张标准进行抽样检测。用直尺测量图示中相应位置尺寸。,2025-01-01,9999-12-31,,[],14,复检,001,[],"{'assoc_type': 0, 'formPerms': [], 'needSign': ''}"
360,BSYB0360,59,纸箱,3,包材,5,红牛,Q/RW-TS-001-2023,,,,19,位置④长度,8,YC00000008,1,2,到货检测,1,,4,储运采购部,5,品管部,1,1,1,2,等于,3,1,139,,2026-06-25 09:39:16,,,,44,批次,,,3,17,张,1,3,17,张,直尺,135±2,,,23,mm,133,137,0,1,若有不合格，取同一检测单元9张进行复检。,每次到货每3万张随机抽检3张，不足3万张按照3万张标准进行抽样检测。用直尺测量图示中相应位置尺寸。,2025-01-01,9999-12-31,,[],14,复检,001,[],"{'assoc_type': 0, 'formPerms': [], 'needSign': ''}"
361,BSYB0361,59,纸箱,3,包材,5,红牛,Q/RW-TS-001-2023,7,8886,红牛维他命饮料（江苏）有限公司,19,位置④长度,8,YC00000008,1,2,到货检测,1,,4,储运采购部,5,品管部,1,1,1,2,等于,3,1,139,,2026-06-25 09:39:16,,,,44,批次,,,3,17,张,1,3,17,张,直尺,94±1,,,23,mm,93,95,0,1,若有不合格，取同一检测单元9张进行复检。,每次到货每3万张随机抽检3张，不足3万张按照3万张标准进行抽样检测。用直尺测量图示中相应位置尺寸。,2025-01-01,9999-12-31,,[],14,复检,001,[],"{'assoc_type': 0, 'formPerms': [], 'needSign': ''}"
362,BSYB0362,59,纸箱,3,包材,5,红牛,Q/RW-TS-001-2023,6,8885,广东红牛维他命饮料有限公司,19,位置④长度,8,YC00000008,1,2,到货检测,1,,4,储运采购部,5,品管部,1,1,1,2,等于,3,1,139,,2026-06-25 09:39:16,,,,44,批次,,,3,17,张,1,3,17,张,直尺,96±2,,,23,mm,94,98,0,1,若有不合格，取同一检测单元9张进行复检。,每次到货每3万张随机抽检3张，不足3万张按照3万张标准进行抽样检测。用直尺测量图示中相应位置尺寸。,2025-01-01,9999-12-31,,[],14,复检,001,[],"{'assoc_type': 0, 'formPerms': [], 'needSign': ''}"
363,BSYB0363,59,纸箱,3,包材,5,红牛,Q/RW-TS-001-2023,12,8880,红牛维他命饮料有限公司,19,位置④长度,8,YC00000008,1,2,到货检测,1,,4,储运采购部,5,品管部,1,1,1,2,等于,3,1,139,,2026-06-25 09:39:16,,,,44,批次,,,3,17,张,1,3,17,张,直尺,96±2,,,23,mm,94,98,0,1,若有不合格，取同一检测单元9张进行复检。,每次到货每3万张随机抽检3张，不足3万张按照3万张标准进行抽样检测。用直尺测量图示中相应位置尺寸。,2025-01-01,9999-12-31,,[],14,复检,001,[],"{'assoc_type': 0, 'formPerms': [], 'needSign': ''}"
364,BSYB0364,59,纸箱,3,包材,5,红牛,Q/RW-TS-001-2023,5,8883,红牛维他命饮料（湖北）有限公司,19,位置④长度,8,YC00000008,1,2,到货检测,1,,4,储运采购部,5,品管部,1,1,1,2,等于,3,1,139,,2026-06-25 09:39:16,,,,44,批次,,,3,17,张,1,3,17,张,直尺,96±2,,,23,mm,94,98,0,1,若有不合格，取同一检测单元9张进行复检。,每次到货每3万张随机抽检3张，不足3万张按照3万张标准进行抽样检测。用直尺测量图示中相应位置尺寸。,2025-01-01,9999-12-31,,[],14,复检,001,[],"{'assoc_type': 0, 'formPerms': [], 'needSign': ''}"
365,BSYB0365,59,纸箱,3,包材,5,红牛,Q/RW-TS-001-2023,,,,19,位置④长度,36,YF00000026,1,2,到货检测,1,,4,储运采购部,5,品管部,1,2,1,11,大于等于,3,1,139,,2026-06-25 09:39:16,,,,44,批次,,,9,17,张,1,9,17,张,直尺,94±1,,,23,mm,93,95,0,1,若仍有不合格，则判定该批次检测不合格。,从初检问题检测单元中取9张进行复检。,2025-01-01,9999-12-31,,[],15,不合格,001,[],"{'assoc_type': 0, 'formPerms': [], 'needSign': ''}"
366,BSYB0366,59,纸箱,3,包材,5,红牛,Q/RW-TS-001-2023,,,,19,位置④长度,36,YF00000026,1,2,到货检测,1,,4,储运采购部,5,品管部,1,2,1,11,大于等于,3,1,139,,2026-06-25 09:39:16,,,,44,批次,,,9,17,张,1,9,17,张,直尺,94±1,,,23,mm,93,95,0,1,若仍有不合格，则判定该批次检测不合格。,从初检问题检测单元中取9张进行复检。,2025-01-01,9999-12-31,,[],15,不合格,001,[],"{'assoc_type': 0, 'formPerms': [], 'needSign': ''}"
367,BSYB0367,59,纸箱,3,包材,5,红牛,Q/RW-TS-001-2023,,,,19,位置④长度,36,YF00000026,1,2,到货检测,1,,4,储运采购部,5,品管部,1,2,1,11,大于等于,3,1,139,,2026-06-25 09:39:16,,,,44,批次,,,9,17,张,1,9,17,张,直尺,94±1,,,23,mm,93,95,0,1,若仍有不合格，则判定该批次检测不合格。,从初检问题检测单元中取9张进行复检。,2025-01-01,9999-12-31,,[],15,不合格,001,[],"{'assoc_type': 0, 'formPerms': [], 'needSign': ''}"
368,BSYB0368,59,纸箱,3,包材,5,红牛,Q/RW-TS-001-2023,,,,19,位置④长度,36,YF00000026,1,2,到货检测,1,,4,储运采购部,5,品管部,1,2,1,11,大于等于,3,1,139,,2026-06-25 09:39:16,,,,44,批次,,,9,17,张,1,9,17,张,直尺,135±2,,,23,mm,133,137,0,1,若仍有不合格，则判定该批次检测不合格。,从初检问题检测单元中取9张进行复检。,2025-01-01,9999-12-31,,[],15,不合格,001,[],"{'assoc_type': 0, 'formPerms': [], 'needSign': ''}"
369,BSYB0369,59,纸箱,3,包材,5,红牛,Q/RW-TS-001-2023,7,8886,红牛维他命饮料（江苏）有限公司,19,位置④长度,36,YF00000026,1,2,到货检测,1,,4,储运采购部,5,品管部,1,2,1,11,大于等于,3,1,139,,2026-06-25 09:39:16,,,,44,批次,,,9,17,张,1,9,17,张,直尺,94±1,,,23,mm,93,95,0,1,若仍有不合格，则判定该批次检测不合格。,从初检问题检测单元中取9张进行复检。,2025-01-01,9999-12-31,,[],15,不合格,001,[],"{'assoc_type': 0, 'formPerms': [], 'needSign': ''}"
370,BSYB0370,59,纸箱,3,包材,5,红牛,Q/RW-TS-001-2023,6,8885,广东红牛维他命饮料有限公司,19,位置④长度,36,YF00000026,1,2,到货检测,1,,4,储运采购部,5,品管部,1,2,1,11,大于等于,3,1,139,,2026-06-25 09:39:16,,,,44,批次,,,9,17,张,1,9,17,张,直尺,96±2,,,23,mm,94,98,0,1,若仍有不合格，则判定该批次检测不合格。,从初检问题检测单元中取9张进行复检。,2025-01-01,9999-12-31,,[],15,不合格,001,[],"{'assoc_type': 0, 'formPerms': [], 'needSign': ''}"
371,BSYB0371,59,纸箱,3,包材,5,红牛,Q/RW-TS-001-2023,12,8880,红牛维他命饮料有限公司,19,位置④长度,36,YF00000026,1,2,到货检测,1,,4,储运采购部,5,品管部,1,2,1,11,大于等于,3,1,139,,2026-06-25 09:39:16,,,,44,批次,,,9,17,张,1,9,17,张,直尺,96±2,,,23,mm,94,98,0,1,若仍有不合格，则判定该批次检测不合格。,从初检问题检测单元中取9张进行复检。,2025-01-01,9999-12-31,,[],15,不合格,001,[],"{'assoc_type': 0, 'formPerms': [], 'needSign': ''}"
372,BSYB0372,59,纸箱,3,包材,5,红牛,Q/RW-TS-001-2023,5,8883,红牛维他命饮料（湖北）有限公司,19,位置④长度,36,YF00000026,1,2,到货检测,1,,4,储运采购部,5,品管部,1,2,1,11,大于等于,3,1,139,,2026-06-25 09:39:16,,,,44,批次,,,9,17,张,1,9,17,张,直尺,96±2,,,23,mm,94,98,0,1,若仍有不合格，则判定该批次检测不合格。,从初检问题检测单元中取9张进行复检。,2025-01-01,9999-12-31,,[],15,不合格,001,[],"{'assoc_type': 0, 'formPerms': [], 'needSign': ''}"
373,BSYB0373,59,纸箱,3,包材,5,红牛,Q/RW-TS-001-2023,,,,20,位置⑤长度,8,YC00000008,1,2,到货检测,1,,4,储运采购部,5,品管部,1,1,1,2,等于,3,1,139,,2026-06-25 09:39:16,,,,44,批次,,,3,17,张,1,3,17,张,直尺,267±1,,,23,mm,266,268,0,1,若有不合格，取同一检测单元9张进行复检。,每次到货每3万张随机抽检3张，不足3万张按照3万张标准进行抽样检测。用直尺测量图示中相应位置尺寸。,2025-01-01,9999-12-31,,[],14,复检,001,[],"{'assoc_type': 0, 'formPerms': [], 'needSign': ''}"
374,BSYB0374,59,纸箱,3,包材,5,红牛,Q/RW-TS-001-2023,,,,20,位置⑤长度,8,YC00000008,1,2,到货检测,1,,4,储运采购部,5,品管部,1,1,1,2,等于,3,1,139,,2026-06-25 09:39:16,,,,44,批次,,,3,17,张,1,3,17,张,直尺,267±1,,,23,mm,266,268,0,1,若有不合格，取同一检测单元9张进行复检。,每次到货每3万张随机抽检3张，不足3万张按照3万张标准进行抽样检测。用直尺测量图示中相应位置尺寸。,2025-01-01,9999-12-31,,[],14,复检,001,[],"{'assoc_type': 0, 'formPerms': [], 'needSign': ''}"
375,BSYB0375,59,纸箱,3,包材,5,红牛,Q/RW-TS-001-2023,,,,20,位置⑤长度,8,YC00000008,1,2,到货检测,1,,4,储运采购部,5,品管部,1,1,1,2,等于,3,1,139,,2026-06-25 09:39:16,,,,44,批次,,,3,17,张,1,3,17,张,直尺,267±1,,,23,mm,266,268,0,1,若有不合格，取同一检测单元9张进行复检。,每次到货每3万张随机抽检3张，不足3万张按照3万张标准进行抽样检测。用直尺测量图示中相应位置尺寸。,2025-01-01,9999-12-31,,[],14,复检,001,[],"{'assoc_type': 0, 'formPerms': [], 'needSign': ''}"
376,BSYB0376,59,纸箱,3,包材,5,红牛,Q/RW-TS-001-2023,,,,20,位置⑤长度,8,YC00000008,1,2,到货检测,1,,4,储运采购部,5,品管部,1,1,1,2,等于,3,1,139,,2026-06-25 09:39:16,,,,44,批次,,,3,17,张,1,3,17,张,直尺,214±2,,,23,mm,212,216,0,1,若有不合格，取同一检测单元9张进行复检。,每次到货每3万张随机抽检3张，不足3万张按照3万张标准进行抽样检测。用直尺测量图示中相应位置尺寸。,2025-01-01,9999-12-31,,[],14,复检,001,[],"{'assoc_type': 0, 'formPerms': [], 'needSign': ''}"
377,BSYB0377,59,纸箱,3,包材,5,红牛,Q/RW-TS-001-2023,7,8886,红牛维他命饮料（江苏）有限公司,20,位置⑤长度,8,YC00000008,1,2,到货检测,1,,4,储运采购部,5,品管部,1,1,1,2,等于,3,1,139,,2026-06-25 09:39:16,,,,44,批次,,,3,17,张,1,3,17,张,直尺,267±1,,,23,mm,266,268,0,1,若有不合格，取同一检测单元9张进行复检。,每次到货每3万张随机抽检3张，不足3万张按照3万张标准进行抽样检测。用直尺测量图示中相应位置尺寸。,2025-01-01,9999-12-31,,[],14,复检,001,[],"{'assoc_type': 0, 'formPerms': [], 'needSign': ''}"
378,BSYB0378,59,纸箱,3,包材,5,红牛,Q/RW-TS-001-2023,6,8885,广东红牛维他命饮料有限公司,20,位置⑤长度,8,YC00000008,1,2,到货检测,1,,4,储运采购部,5,品管部,1,1,1,2,等于,3,1,139,,2026-06-25 09:39:16,,,,44,批次,,,3,17,张,1,3,17,张,直尺,272±2,,,23,mm,270,274,0,1,若有不合格，取同一检测单元9张进行复检。,每次到货每3万张随机抽检3张，不足3万张按照3万张标准进行抽样检测。用直尺测量图示中相应位置尺寸。,2025-01-01,9999-12-31,,[],14,复检,001,[],"{'assoc_type': 0, 'formPerms': [], 'needSign': ''}"
379,BSYB0379,59,纸箱,3,包材,5,红牛,Q/RW-TS-001-2023,12,8880,红牛维他命饮料有限公司,20,位置⑤长度,8,YC00000008,1,2,到货检测,1,,4,储运采购部,5,品管部,1,1,1,2,等于,3,1,139,,2026-06-25 09:39:16,,,,44,批次,,,3,17,张,1,3,17,张,直尺,272±2,,,23,mm,270,274,0,1,若有不合格，取同一检测单元9张进行复检。,每次到货每3万张随机抽检3张，不足3万张按照3万张标准进行抽样检测。用直尺测量图示中相应位置尺寸。,2025-01-01,9999-12-31,,[],14,复检,001,[],"{'assoc_type': 0, 'formPerms': [], 'needSign': ''}"
380,BSYB0380,59,纸箱,3,包材,5,红牛,Q/RW-TS-001-2023,5,8883,红牛维他命饮料（湖北）有限公司,20,位置⑤长度,8,YC00000008,1,2,到货检测,1,,4,储运采购部,5,品管部,1,1,1,2,等于,3,1,139,,2026-06-25 09:39:16,,,,44,批次,,,3,17,张,1,3,17,张,直尺,272±2,,,23,mm,270,274,0,1,若有不合格，取同一检测单元9张进行复检。,每次到货每3万张随机抽检3张，不足3万张按照3万张标准进行抽样检测。用直尺测量图示中相应位置尺寸。,2025-01-01,9999-12-31,,[],14,复检,001,[],"{'assoc_type': 0, 'formPerms': [], 'needSign': ''}"
381,BSYB0381,59,纸箱,3,包材,5,红牛,Q/RW-TS-001-2023,,,,20,位置⑤长度,36,YF00000026,1,2,到货检测,1,,4,储运采购部,5,品管部,1,2,1,11,大于等于,3,1,139,,2026-06-25 09:39:16,,,,44,批次,,,9,17,张,1,9,17,张,直尺,267±1,,,23,mm,266,268,0,1,若仍有不合格，则判定该批次检测不合格。,从初检问题检测单元中取9张进行复检。,2025-01-01,9999-12-31,,[],15,不合格,001,[],"{'assoc_type': 0, 'formPerms': [], 'needSign': ''}"
382,BSYB0382,59,纸箱,3,包材,5,红牛,Q/RW-TS-001-2023,,,,20,位置⑤长度,36,YF00000026,1,2,到货检测,1,,4,储运采购部,5,品管部,1,2,1,11,大于等于,3,1,139,,2026-06-25 09:39:16,,,,44,批次,,,9,17,张,1,9,17,张,直尺,267±1,,,23,mm,266,268,0,1,若仍有不合格，则判定该批次检测不合格。,从初检问题检测单元中取9张进行复检。,2025-01-01,9999-12-31,,[],15,不合格,001,[],"{'assoc_type': 0, 'formPerms': [], 'needSign': ''}"
383,BSYB0383,59,纸箱,3,包材,5,红牛,Q/RW-TS-001-2023,,,,20,位置⑤长度,36,YF00000026,1,2,到货检测,1,,4,储运采购部,5,品管部,1,2,1,11,大于等于,3,1,139,,2026-06-25 09:39:16,,,,44,批次,,,9,17,张,1,9,17,张,直尺,267±1,,,23,mm,266,268,0,1,若仍有不合格，则判定该批次检测不合格。,从初检问题检测单元中取9张进行复检。,2025-01-01,9999-12-31,,[],15,不合格,001,[],"{'assoc_type': 0, 'formPerms': [], 'needSign': ''}"
384,BSYB0384,59,纸箱,3,包材,5,红牛,Q/RW-TS-001-2023,,,,20,位置⑤长度,36,YF00000026,1,2,到货检测,1,,4,储运采购部,5,品管部,1,2,1,11,大于等于,3,1,139,,2026-06-25 09:39:16,,,,44,批次,,,9,17,张,1,9,17,张,直尺,214±2,,,23,mm,212,216,0,1,若仍有不合格，则判定该批次检测不合格。,从初检问题检测单元中取9张进行复检。,2025-01-01,9999-12-31,,[],15,不合格,001,[],"{'assoc_type': 0, 'formPerms': [], 'needSign': ''}"
385,BSYB0385,59,纸箱,3,包材,5,红牛,Q/RW-TS-001-2023,7,8886,红牛维他命饮料（江苏）有限公司,20,位置⑤长度,36,YF00000026,1,2,到货检测,1,,4,储运采购部,5,品管部,1,2,1,11,大于等于,3,1,139,,2026-06-25 09:39:16,,,,44,批次,,,9,17,张,1,9,17,张,直尺,267±1,,,23,mm,266,268,0,1,若仍有不合格，则判定该批次检测不合格。,从初检问题检测单元中取9张进行复检。,2025-01-01,9999-12-31,,[],15,不合格,001,[],"{'assoc_type': 0, 'formPerms': [], 'needSign': ''}"
386,BSYB0386,59,纸箱,3,包材,5,红牛,Q/RW-TS-001-2023,6,8885,广东红牛维他命饮料有限公司,20,位置⑤长度,36,YF00000026,1,2,到货检测,1,,4,储运采购部,5,品管部,1,2,1,11,大于等于,3,1,139,,2026-06-25 09:39:16,,,,44,批次,,,9,17,张,1,9,17,张,直尺,272±2,,,23,mm,270,274,0,1,若仍有不合格，则判定该批次检测不合格。,从初检问题检测单元中取9张进行复检。,2025-01-01,9999-12-31,,[],15,不合格,001,[],"{'assoc_type': 0, 'formPerms': [], 'needSign': ''}"
387,BSYB0387,59,纸箱,3,包材,5,红牛,Q/RW-TS-001-2023,12,8880,红牛维他命饮料有限公司,20,位置⑤长度,36,YF00000026,1,2,到货检测,1,,4,储运采购部,5,品管部,1,2,1,11,大于等于,3,1,139,,2026-06-25 09:39:16,,,,44,批次,,,9,17,张,1,9,17,张,直尺,272±2,,,23,mm,270,274,0,1,若仍有不合格，则判定该批次检测不合格。,从初检问题检测单元中取9张进行复检。,2025-01-01,9999-12-31,,[],15,不合格,001,[],"{'assoc_type': 0, 'formPerms': [], 'needSign': ''}"
388,BSYB0388,59,纸箱,3,包材,5,红牛,Q/RW-TS-001-2023,5,8883,红牛维他命饮料（湖北）有限公司,20,位置⑤长度,36,YF00000026,1,2,到货检测,1,,4,储运采购部,5,品管部,1,2,1,11,大于等于,3,1,139,,2026-06-25 09:39:16,,,,44,批次,,,9,17,张,1,9,17,张,直尺,272±2,,,23,mm,270,274,0,1,若仍有不合格，则判定该批次检测不合格。,从初检问题检测单元中取9张进行复检。,2025-01-01,9999-12-31,,[],15,不合格,001,[],"{'assoc_type': 0, 'formPerms': [], 'needSign': ''}"
389,BSYB0389,59,纸箱,3,包材,5,红牛,Q/RW-TS-001-2023,,,,21,位置⑥长度,8,YC00000008,1,2,到货检测,1,,4,储运采购部,5,品管部,1,1,1,2,等于,3,1,139,,2026-06-25 09:39:16,,,,44,批次,,,3,17,张,1,3,17,张,直尺,40±1,,,23,mm,39,41,0,1,若有不合格，取同一检测单元9张进行复检。,每次到货每3万张随机抽检3张，不足3万张按照3万张标准进行抽样检测。用直尺测量图示中相应位置尺寸。,2025-01-01,9999-12-31,,[],14,复检,001,[],"{'assoc_type': 0, 'formPerms': [], 'needSign': ''}"
390,BSYB0390,59,纸箱,3,包材,5,红牛,Q/RW-TS-001-2023,,,,21,位置⑥长度,8,YC00000008,1,2,到货检测,1,,4,储运采购部,5,品管部,1,1,1,2,等于,3,1,139,,2026-06-25 09:39:16,,,,44,批次,,,3,17,张,1,3,17,张,直尺,40±1,,,23,mm,39,41,0,1,若有不合格，取同一检测单元9张进行复检。,每次到货每3万张随机抽检3张，不足3万张按照3万张标准进行抽样检测。用直尺测量图示中相应位置尺寸。,2025-01-01,9999-12-31,,[],14,复检,001,[],"{'assoc_type': 0, 'formPerms': [], 'needSign': ''}"
391,BSYB0391,59,纸箱,3,包材,5,红牛,Q/RW-TS-001-2023,,,,21,位置⑥长度,8,YC00000008,1,2,到货检测,1,,4,储运采购部,5,品管部,1,1,1,2,等于,3,1,139,,2026-06-25 09:39:16,,,,44,批次,,,3,17,张,1,3,17,张,直尺,40±1,,,23,mm,39,41,0,1,若有不合格，取同一检测单元9张进行复检。,每次到货每3万张随机抽检3张，不足3万张按照3万张标准进行抽样检测。用直尺测量图示中相应位置尺寸。,2025-01-01,9999-12-31,,[],14,复检,001,[],"{'assoc_type': 0, 'formPerms': [], 'needSign': ''}"
392,BSYB0392,59,纸箱,3,包材,5,红牛,Q/RW-TS-001-2023,,,,21,位置⑥长度,8,YC00000008,1,2,到货检测,1,,4,储运采购部,5,品管部,1,1,1,2,等于,3,1,139,,2026-06-25 09:39:16,,,,44,批次,,,3,17,张,1,3,17,张,直尺,40±2,,,23,mm,38,42,0,1,若有不合格，取同一检测单元9张进行复检。,每次到货每3万张随机抽检3张，不足3万张按照3万张标准进行抽样检测。用直尺测量图示中相应位置尺寸。,2025-01-01,9999-12-31,,[],14,复检,001,[],"{'assoc_type': 0, 'formPerms': [], 'needSign': ''}"
393,BSYB0393,59,纸箱,3,包材,5,红牛,Q/RW-TS-001-2023,7,8886,红牛维他命饮料（江苏）有限公司,21,位置⑥长度,8,YC00000008,1,2,到货检测,1,,4,储运采购部,5,品管部,1,1,1,2,等于,3,1,139,,2026-06-25 09:39:16,,,,44,批次,,,3,17,张,1,3,17,张,直尺,40±1,,,23,mm,39,41,0,1,若有不合格，取同一检测单元9张进行复检。,每次到货每3万张随机抽检3张，不足3万张按照3万张标准进行抽样检测。用直尺测量图示中相应位置尺寸。,2025-01-01,9999-12-31,,[],14,复检,001,[],"{'assoc_type': 0, 'formPerms': [], 'needSign': ''}"
394,BSYB0394,59,纸箱,3,包材,5,红牛,Q/RW-TS-001-2023,6,8885,广东红牛维他命饮料有限公司,21,位置⑥长度,8,YC00000008,1,2,到货检测,1,,4,储运采购部,5,品管部,1,1,1,2,等于,3,1,139,,2026-06-25 09:39:16,,,,44,批次,,,3,17,张,1,3,17,张,直尺,40±2,,,23,mm,38,42,0,1,若有不合格，取同一检测单元9张进行复检。,每次到货每3万张随机抽检3张，不足3万张按照3万张标准进行抽样检测。用直尺测量图示中相应位置尺寸。,2025-01-01,9999-12-31,,[],14,复检,001,[],"{'assoc_type': 0, 'formPerms': [], 'needSign': ''}"
395,BSYB0395,59,纸箱,3,包材,5,红牛,Q/RW-TS-001-2023,12,8880,红牛维他命饮料有限公司,21,位置⑥长度,8,YC00000008,1,2,到货检测,1,,4,储运采购部,5,品管部,1,1,1,2,等于,3,1,139,,2026-06-25 09:39:16,,,,44,批次,,,3,17,张,1,3,17,张,直尺,40±2,,,23,mm,38,42,0,1,若有不合格，取同一检测单元9张进行复检。,每次到货每3万张随机抽检3张，不足3万张按照3万张标准进行抽样检测。用直尺测量图示中相应位置尺寸。,2025-01-01,9999-12-31,,[],14,复检,001,[],"{'assoc_type': 0, 'formPerms': [], 'needSign': ''}"
396,BSYB0396,59,纸箱,3,包材,5,红牛,Q/RW-TS-001-2023,5,8883,红牛维他命饮料（湖北）有限公司,21,位置⑥长度,8,YC00000008,1,2,到货检测,1,,4,储运采购部,5,品管部,1,1,1,2,等于,3,1,139,,2026-06-25 09:39:16,,,,44,批次,,,3,17,张,1,3,17,张,直尺,40±2,,,23,mm,38,42,0,1,若有不合格，取同一检测单元9张进行复检。,每次到货每3万张随机抽检3张，不足3万张按照3万张标准进行抽样检测。用直尺测量图示中相应位置尺寸。,2025-01-01,9999-12-31,,[],14,复检,001,[],"{'assoc_type': 0, 'formPerms': [], 'needSign': ''}"
397,BSYB0397,59,纸箱,3,包材,5,红牛,Q/RW-TS-001-2023,,,,21,位置⑥长度,36,YF00000026,1,2,到货检测,1,,4,储运采购部,5,品管部,1,2,1,11,大于等于,3,1,139,,2026-06-25 09:39:16,,,,44,批次,,,9,17,张,1,9,17,张,直尺,40±1,,,23,mm,39,41,0,1,若仍有不合格，则判定该批次检测不合格。,从初检问题检测单元中取9张进行复检。,2025-01-01,9999-12-31,,[],15,不合格,001,[],"{'assoc_type': 0, 'formPerms': [], 'needSign': ''}"
398,BSYB0398,59,纸箱,3,包材,5,红牛,Q/RW-TS-001-2023,,,,21,位置⑥长度,36,YF00000026,1,2,到货检测,1,,4,储运采购部,5,品管部,1,2,1,11,大于等于,3,1,139,,2026-06-25 09:39:16,,,,44,批次,,,9,17,张,1,9,17,张,直尺,40±1,,,23,mm,39,41,0,1,若仍有不合格，则判定该批次检测不合格。,从初检问题检测单元中取9张进行复检。,2025-01-01,9999-12-31,,[],15,不合格,001,[],"{'assoc_type': 0, 'formPerms': [], 'needSign': ''}"
399,BSYB0399,59,纸箱,3,包材,5,红牛,Q/RW-TS-001-2023,,,,21,位置⑥长度,36,YF00000026,1,2,到货检测,1,,4,储运采购部,5,品管部,1,2,1,11,大于等于,3,1,139,,2026-06-25 09:39:16,,,,44,批次,,,9,17,张,1,9,17,张,直尺,40±1,,,23,mm,39,41,0,1,若仍有不合格，则判定该批次检测不合格。,从初检问题检测单元中取9张进行复检。,2025-01-01,9999-12-31,,[],15,不合格,001,[],"{'assoc_type': 0, 'formPerms': [], 'needSign': ''}"
400,BSYB0400,59,纸箱,3,包材,5,红牛,Q/RW-TS-001-2023,,,,21,位置⑥长度,36,YF00000026,1,2,到货检测,1,,4,储运采购部,5,品管部,1,2,1,11,大于等于,3,1,139,,2026-06-25 09:39:16,,,,44,批次,,,9,17,张,1,9,17,张,直尺,40±2,,,23,mm,38,42,0,1,若仍有不合格，则判定该批次检测不合格。,从初检问题检测单元中取9张进行复检。,2025-01-01,9999-12-31,,[],15,不合格,001,[],"{'assoc_type': 0, 'formPerms': [], 'needSign': ''}"
401,BSYB0401,59,纸箱,3,包材,5,红牛,Q/RW-TS-001-2023,7,8886,红牛维他命饮料（江苏）有限公司,21,位置⑥长度,36,YF00000026,1,2,到货检测,1,,4,储运采购部,5,品管部,1,2,1,11,大于等于,3,1,139,,2026-06-25 09:39:16,,,,44,批次,,,9,17,张,1,9,17,张,直尺,40±1,,,23,mm,39,41,0,1,若仍有不合格，则判定该批次检测不合格。,从初检问题检测单元中取9张进行复检。,2025-01-01,9999-12-31,,[],15,不合格,001,[],"{'assoc_type': 0, 'formPerms': [], 'needSign': ''}"
402,BSYB0402,59,纸箱,3,包材,5,红牛,Q/RW-TS-001-2023,6,8885,广东红牛维他命饮料有限公司,21,位置⑥长度,36,YF00000026,1,2,到货检测,1,,4,储运采购部,5,品管部,1,2,1,11,大于等于,3,1,139,,2026-06-25 09:39:16,,,,44,批次,,,9,17,张,1,9,17,张,直尺,40±2,,,23,mm,38,42,0,1,若仍有不合格，则判定该批次检测不合格。,从初检问题检测单元中取9张进行复检。,2025-01-01,9999-12-31,,[],15,不合格,001,[],"{'assoc_type': 0, 'formPerms': [], 'needSign': ''}"
403,BSYB0403,59,纸箱,3,包材,5,红牛,Q/RW-TS-001-2023,12,8880,红牛维他命饮料有限公司,21,位置⑥长度,36,YF00000026,1,2,到货检测,1,,4,储运采购部,5,品管部,1,2,1,11,大于等于,3,1,139,,2026-06-25 09:39:16,,,,44,批次,,,9,17,张,1,9,17,张,直尺,40±2,,,23,mm,38,42,0,1,若仍有不合格，则判定该批次检测不合格。,从初检问题检测单元中取9张进行复检。,2025-01-01,9999-12-31,,[],15,不合格,001,[],"{'assoc_type': 0, 'formPerms': [], 'needSign': ''}"
404,BSYB0404,59,纸箱,3,包材,5,红牛,Q/RW-TS-001-2023,5,8883,红牛维他命饮料（湖北）有限公司,21,位置⑥长度,36,YF00000026,1,2,到货检测,1,,4,储运采购部,5,品管部,1,2,1,11,大于等于,3,1,139,,2026-06-25 09:39:16,,,,44,批次,,,9,17,张,1,9,17,张,直尺,40±2,,,23,mm,38,42,0,1,若仍有不合格，则判定该批次检测不合格。,从初检问题检测单元中取9张进行复检。,2025-01-01,9999-12-31,,[],15,不合格,001,[],"{'assoc_type': 0, 'formPerms': [], 'needSign': ''}"
405,BSYB0405,59,纸箱,3,包材,5,红牛,Q/RW-TS-001-2023,,,,22,位置⑦长度,8,YC00000008,1,2,到货检测,1,,4,储运采购部,5,品管部,1,1,1,2,等于,3,1,139,,2026-06-25 09:39:16,,,,44,批次,,,3,17,张,1,3,17,张,直尺,402±1,,,23,mm,401,403,0,1,若有不合格，取同一检测单元9张进行复检。,每次到货每3万张随机抽检3张，不足3万张按照3万张标准进行抽样检测。用直尺测量图示中相应位置尺寸。,2025-01-01,9999-12-31,,[],14,复检,001,[],"{'assoc_type': 0, 'formPerms': [], 'needSign': ''}"
406,BSYB0406,59,纸箱,3,包材,5,红牛,Q/RW-TS-001-2023,,,,22,位置⑦长度,8,YC00000008,1,2,到货检测,1,,4,储运采购部,5,品管部,1,1,1,2,等于,3,1,139,,2026-06-25 09:39:16,,,,44,批次,,,3,17,张,1,3,17,张,直尺,402±1,,,23,mm,401,403,0,1,若有不合格，取同一检测单元9张进行复检。,每次到货每3万张随机抽检3张，不足3万张按照3万张标准进行抽样检测。用直尺测量图示中相应位置尺寸。,2025-01-01,9999-12-31,,[],14,复检,001,[],"{'assoc_type': 0, 'formPerms': [], 'needSign': ''}"
407,BSYB0407,59,纸箱,3,包材,5,红牛,Q/RW-TS-001-2023,,,,22,位置⑦长度,8,YC00000008,1,2,到货检测,1,,4,储运采购部,5,品管部,1,1,1,2,等于,3,1,139,,2026-06-25 09:39:16,,,,44,批次,,,3,17,张,1,3,17,张,直尺,402±1,,,23,mm,401,403,0,1,若有不合格，取同一检测单元9张进行复检。,每次到货每3万张随机抽检3张，不足3万张按照3万张标准进行抽样检测。用直尺测量图示中相应位置尺寸。,2025-01-01,9999-12-31,,[],14,复检,001,[],"{'assoc_type': 0, 'formPerms': [], 'needSign': ''}"
408,BSYB0408,59,纸箱,3,包材,5,红牛,Q/RW-TS-001-2023,,,,22,位置⑦长度,8,YC00000008,1,2,到货检测,1,,4,储运采购部,5,品管部,1,1,1,2,等于,3,1,139,,2026-06-25 09:39:16,,,,44,批次,,,3,17,张,1,3,17,张,直尺,321±5,,,23,mm,316,326,0,1,若有不合格，取同一检测单元9张进行复检。,每次到货每3万张随机抽检3张，不足3万张按照3万张标准进行抽样检测。用直尺测量图示中相应位置尺寸。,2025-01-01,9999-12-31,,[],14,复检,001,[],"{'assoc_type': 0, 'formPerms': [], 'needSign': ''}"
409,BSYB0409,59,纸箱,3,包材,5,红牛,Q/RW-TS-001-2023,7,8886,红牛维他命饮料（江苏）有限公司,22,位置⑦长度,8,YC00000008,1,2,到货检测,1,,4,储运采购部,5,品管部,1,1,1,2,等于,3,1,139,,2026-06-25 09:39:17,,,,44,批次,,,3,17,张,1,3,17,张,直尺,402±1,,,23,mm,401,403,0,1,若有不合格，取同一检测单元9张进行复检。,每次到货每3万张随机抽检3张，不足3万张按照3万张标准进行抽样检测。用直尺测量图示中相应位置尺寸。,2025-01-01,9999-12-31,,[],14,复检,001,[],"{'assoc_type': 0, 'formPerms': [], 'needSign': ''}"
410,BSYB0410,59,纸箱,3,包材,5,红牛,Q/RW-TS-001-2023,6,8885,广东红牛维他命饮料有限公司,22,位置⑦长度,8,YC00000008,1,2,到货检测,1,,4,储运采购部,5,品管部,1,1,1,2,等于,3,1,139,,2026-06-25 09:39:17,,,,44,批次,,,3,17,张,1,3,17,张,直尺,406±2,,,23,mm,404,408,0,1,若有不合格，取同一检测单元9张进行复检。,每次到货每3万张随机抽检3张，不足3万张按照3万张标准进行抽样检测。用直尺测量图示中相应位置尺寸。,2025-01-01,9999-12-31,,[],14,复检,001,[],"{'assoc_type': 0, 'formPerms': [], 'needSign': ''}"
411,BSYB0411,59,纸箱,3,包材,5,红牛,Q/RW-TS-001-2023,12,8880,红牛维他命饮料有限公司,22,位置⑦长度,8,YC00000008,1,2,到货检测,1,,4,储运采购部,5,品管部,1,1,1,2,等于,3,1,139,,2026-06-25 09:39:17,,,,44,批次,,,3,17,张,1,3,17,张,直尺,406±2,,,23,mm,404,408,0,1,若有不合格，取同一检测单元9张进行复检。,每次到货每3万张随机抽检3张，不足3万张按照3万张标准进行抽样检测。用直尺测量图示中相应位置尺寸。,2025-01-01,9999-12-31,,[],14,复检,001,[],"{'assoc_type': 0, 'formPerms': [], 'needSign': ''}"
412,BSYB0412,59,纸箱,3,包材,5,红牛,Q/RW-TS-001-2023,5,8883,红牛维他命饮料（湖北）有限公司,22,位置⑦长度,8,YC00000008,1,2,到货检测,1,,4,储运采购部,5,品管部,1,1,1,2,等于,3,1,139,,2026-06-25 09:39:17,,,,44,批次,,,3,17,张,1,3,17,张,直尺,406±2,,,23,mm,404,408,0,1,若有不合格，取同一检测单元9张进行复检。,每次到货每3万张随机抽检3张，不足3万张按照3万张标准进行抽样检测。用直尺测量图示中相应位置尺寸。,2025-01-01,9999-12-31,,[],14,复检,001,[],"{'assoc_type': 0, 'formPerms': [], 'needSign': ''}"
413,BSYB0413,59,纸箱,3,包材,5,红牛,Q/RW-TS-001-2023,,,,22,位置⑦长度,36,YF00000026,1,2,到货检测,1,,4,储运采购部,5,品管部,1,2,1,11,大于等于,3,1,139,,2026-06-25 09:39:17,,,,44,批次,,,9,17,张,1,9,17,张,直尺,402±1,,,23,mm,401,403,0,1,若仍有不合格，则判定该批次检测不合格。,从初检问题检测单元中取9张进行复检。,2025-01-01,9999-12-31,,[],15,不合格,001,[],"{'assoc_type': 0, 'formPerms': [], 'needSign': ''}"
414,BSYB0414,59,纸箱,3,包材,5,红牛,Q/RW-TS-001-2023,,,,22,位置⑦长度,36,YF00000026,1,2,到货检测,1,,4,储运采购部,5,品管部,1,2,1,11,大于等于,3,1,139,,2026-06-25 09:39:17,,,,44,批次,,,9,17,张,1,9,17,张,直尺,402±1,,,23,mm,401,403,0,1,若仍有不合格，则判定该批次检测不合格。,从初检问题检测单元中取9张进行复检。,2025-01-01,9999-12-31,,[],15,不合格,001,[],"{'assoc_type': 0, 'formPerms': [], 'needSign': ''}"
415,BSYB0415,59,纸箱,3,包材,5,红牛,Q/RW-TS-001-2023,,,,22,位置⑦长度,36,YF00000026,1,2,到货检测,1,,4,储运采购部,5,品管部,1,2,1,11,大于等于,3,1,139,,2026-06-25 09:39:17,,,,44,批次,,,9,17,张,1,9,17,张,直尺,402±1,,,23,mm,401,403,0,1,若仍有不合格，则判定该批次检测不合格。,从初检问题检测单元中取9张进行复检。,2025-01-01,9999-12-31,,[],15,不合格,001,[],"{'assoc_type': 0, 'formPerms': [], 'needSign': ''}"
416,BSYB0416,59,纸箱,3,包材,5,红牛,Q/RW-TS-001-2023,,,,22,位置⑦长度,36,YF00000026,1,2,到货检测,1,,4,储运采购部,5,品管部,1,2,1,11,大于等于,3,1,139,,2026-06-25 09:39:17,,,,44,批次,,,9,17,张,1,9,17,张,直尺,321±5,,,23,mm,316,326,0,1,若仍有不合格，则判定该批次检测不合格。,从初检问题检测单元中取9张进行复检。,2025-01-01,9999-12-31,,[],15,不合格,001,[],"{'assoc_type': 0, 'formPerms': [], 'needSign': ''}"
417,BSYB0417,59,纸箱,3,包材,5,红牛,Q/RW-TS-001-2023,7,8886,红牛维他命饮料（江苏）有限公司,22,位置⑦长度,36,YF00000026,1,2,到货检测,1,,4,储运采购部,5,品管部,1,2,1,11,大于等于,3,1,139,,2026-06-25 09:39:17,,,,44,批次,,,9,17,张,1,9,17,张,直尺,402±1,,,23,mm,401,403,0,1,若仍有不合格，则判定该批次检测不合格。,从初检问题检测单元中取9张进行复检。,2025-01-01,9999-12-31,,[],15,不合格,001,[],"{'assoc_type': 0, 'formPerms': [], 'needSign': ''}"
418,BSYB0418,59,纸箱,3,包材,5,红牛,Q/RW-TS-001-2023,6,8885,广东红牛维他命饮料有限公司,22,位置⑦长度,36,YF00000026,1,2,到货检测,1,,4,储运采购部,5,品管部,1,2,1,11,大于等于,3,1,139,,2026-06-25 09:39:17,,,,44,批次,,,9,17,张,1,9,17,张,直尺,406±2,,,23,mm,404,408,0,1,若仍有不合格，则判定该批次检测不合格。,从初检问题检测单元中取9张进行复检。,2025-01-01,9999-12-31,,[],15,不合格,001,[],"{'assoc_type': 0, 'formPerms': [], 'needSign': ''}"
419,BSYB0419,59,纸箱,3,包材,5,红牛,Q/RW-TS-001-2023,12,8880,红牛维他命饮料有限公司,22,位置⑦长度,36,YF00000026,1,2,到货检测,1,,4,储运采购部,5,品管部,1,2,1,11,大于等于,3,1,139,,2026-06-25 09:39:17,,,,44,批次,,,9,17,张,1,9,17,张,直尺,406±2,,,23,mm,404,408,0,1,若仍有不合格，则判定该批次检测不合格。,从初检问题检测单元中取9张进行复检。,2025-01-01,9999-12-31,,[],15,不合格,001,[],"{'assoc_type': 0, 'formPerms': [], 'needSign': ''}"
420,BSYB0420,59,纸箱,3,包材,5,红牛,Q/RW-TS-001-2023,5,8883,红牛维他命饮料（湖北）有限公司,22,位置⑦长度,36,YF00000026,1,2,到货检测,1,,4,储运采购部,5,品管部,1,2,1,11,大于等于,3,1,139,,2026-06-25 09:39:17,,,,44,批次,,,9,17,张,1,9,17,张,直尺,406±2,,,23,mm,404,408,0,1,若仍有不合格，则判定该批次检测不合格。,从初检问题检测单元中取9张进行复检。,2025-01-01,9999-12-31,,[],15,不合格,001,[],"{'assoc_type': 0, 'formPerms': [], 'needSign': ''}"
421,BSYB0421,59,纸箱,3,包材,5,红牛,Q/RW-TS-001-2023,,,,23,位置⑧长度,8,YC00000008,1,2,到货检测,1,,4,储运采购部,5,品管部,1,1,1,2,等于,3,1,139,,2026-06-25 09:39:17,,,,44,批次,,,3,17,张,1,3,17,张,直尺,488±1,,,23,mm,487,489,0,1,若有不合格，取同一检测单元9张进行复检。,每次到货每3万张随机抽检3张，不足3万张按照3万张标准进行抽样检测。用直尺测量图示中相应位置尺寸。,2025-01-01,9999-12-31,,[],14,复检,001,[],"{'assoc_type': 0, 'formPerms': [], 'needSign': ''}"
422,BSYB0422,59,纸箱,3,包材,5,红牛,Q/RW-TS-001-2023,,,,23,位置⑧长度,8,YC00000008,1,2,到货检测,1,,4,储运采购部,5,品管部,1,1,1,2,等于,3,1,139,,2026-06-25 09:39:17,,,,44,批次,,,3,17,张,1,3,17,张,直尺,488±1,,,23,mm,487,489,0,1,若有不合格，取同一检测单元9张进行复检。,每次到货每3万张随机抽检3张，不足3万张按照3万张标准进行抽样检测。用直尺测量图示中相应位置尺寸。,2025-01-01,9999-12-31,,[],14,复检,001,[],"{'assoc_type': 0, 'formPerms': [], 'needSign': ''}"
423,BSYB0423,59,纸箱,3,包材,5,红牛,Q/RW-TS-001-2023,,,,23,位置⑧长度,8,YC00000008,1,2,到货检测,1,,4,储运采购部,5,品管部,1,1,1,2,等于,3,1,139,,2026-06-25 09:39:17,,,,44,批次,,,3,17,张,1,3,17,张,直尺,488±1,,,23,mm,487,489,0,1,若有不合格，取同一检测单元9张进行复检。,每次到货每3万张随机抽检3张，不足3万张按照3万张标准进行抽样检测。用直尺测量图示中相应位置尺寸。,2025-01-01,9999-12-31,,[],14,复检,001,[],"{'assoc_type': 0, 'formPerms': [], 'needSign': ''}"
424,BSYB0424,59,纸箱,3,包材,5,红牛,Q/RW-TS-001-2023,,,,23,位置⑧长度,8,YC00000008,1,2,到货检测,1,,4,储运采购部,5,品管部,1,1,1,2,等于,3,1,139,,2026-06-25 09:39:17,,,,44,批次,,,3,17,张,1,3,17,张,直尺,445±5,,,23,mm,440,450,0,1,若有不合格，取同一检测单元9张进行复检。,每次到货每3万张随机抽检3张，不足3万张按照3万张标准进行抽样检测。用直尺测量图示中相应位置尺寸。,2025-01-01,9999-12-31,,[],14,复检,001,[],"{'assoc_type': 0, 'formPerms': [], 'needSign': ''}"
425,BSYB0425,59,纸箱,3,包材,5,红牛,Q/RW-TS-001-2023,7,8886,红牛维他命饮料（江苏）有限公司,23,位置⑧长度,8,YC00000008,1,2,到货检测,1,,4,储运采购部,5,品管部,1,1,1,2,等于,3,1,139,,2026-06-25 09:39:17,,,,44,批次,,,3,17,张,1,3,17,张,直尺,488±1,,,23,mm,487,489,0,1,若有不合格，取同一检测单元9张进行复检。,每次到货每3万张随机抽检3张，不足3万张按照3万张标准进行抽样检测。用直尺测量图示中相应位置尺寸。,2025-01-01,9999-12-31,,[],14,复检,001,[],"{'assoc_type': 0, 'formPerms': [], 'needSign': ''}"
426,BSYB0426,59,纸箱,3,包材,5,红牛,Q/RW-TS-001-2023,6,8885,广东红牛维他命饮料有限公司,23,位置⑧长度,8,YC00000008,1,2,到货检测,1,,4,储运采购部,5,品管部,1,1,1,2,等于,3,1,139,,2026-06-25 09:39:17,,,,44,批次,,,3,17,张,1,3,17,张,直尺,492±2,,,23,mm,490,494,0,1,若有不合格，取同一检测单元9张进行复检。,每次到货每3万张随机抽检3张，不足3万张按照3万张标准进行抽样检测。用直尺测量图示中相应位置尺寸。,2025-01-01,9999-12-31,,[],14,复检,001,[],"{'assoc_type': 0, 'formPerms': [], 'needSign': ''}"
427,BSYB0427,59,纸箱,3,包材,5,红牛,Q/RW-TS-001-2023,12,8880,红牛维他命饮料有限公司,23,位置⑧长度,8,YC00000008,1,2,到货检测,1,,4,储运采购部,5,品管部,1,1,1,2,等于,3,1,139,,2026-06-25 09:39:17,,,,44,批次,,,3,17,张,1,3,17,张,直尺,492±2,,,23,mm,490,494,0,1,若有不合格，取同一检测单元9张进行复检。,每次到货每3万张随机抽检3张，不足3万张按照3万张标准进行抽样检测。用直尺测量图示中相应位置尺寸。,2025-01-01,9999-12-31,,[],14,复检,001,[],"{'assoc_type': 0, 'formPerms': [], 'needSign': ''}"
428,BSYB0428,59,纸箱,3,包材,5,红牛,Q/RW-TS-001-2023,5,8883,红牛维他命饮料（湖北）有限公司,23,位置⑧长度,8,YC00000008,1,2,到货检测,1,,4,储运采购部,5,品管部,1,1,1,2,等于,3,1,139,,2026-06-25 09:39:17,,,,44,批次,,,3,17,张,1,3,17,张,直尺,492±2,,,23,mm,490,494,0,1,若有不合格，取同一检测单元9张进行复检。,每次到货每3万张随机抽检3张，不足3万张按照3万张标准进行抽样检测。用直尺测量图示中相应位置尺寸。,2025-01-01,9999-12-31,,[],14,复检,001,[],"{'assoc_type': 0, 'formPerms': [], 'needSign': ''}"
429,BSYB0429,59,纸箱,3,包材,5,红牛,Q/RW-TS-001-2023,,,,23,位置⑧长度,36,YF00000026,1,2,到货检测,1,,4,储运采购部,5,品管部,1,2,1,11,大于等于,3,1,139,,2026-06-25 09:39:17,,,,44,批次,,,9,17,张,1,9,17,张,直尺,488±1,,,23,mm,487,489,0,1,若仍有不合格，则判定该批次检测不合格。,从初检问题检测单元中取9张进行复检。,2025-01-01,9999-12-31,,[],15,不合格,001,[],"{'assoc_type': 0, 'formPerms': [], 'needSign': ''}"
430,BSYB0430,59,纸箱,3,包材,5,红牛,Q/RW-TS-001-2023,,,,23,位置⑧长度,36,YF00000026,1,2,到货检测,1,,4,储运采购部,5,品管部,1,2,1,11,大于等于,3,1,139,,2026-06-25 09:39:17,,,,44,批次,,,9,17,张,1,9,17,张,直尺,488±1,,,23,mm,487,489,0,1,若仍有不合格，则判定该批次检测不合格。,从初检问题检测单元中取9张进行复检。,2025-01-01,9999-12-31,,[],15,不合格,001,[],"{'assoc_type': 0, 'formPerms': [], 'needSign': ''}"
431,BSYB0431,59,纸箱,3,包材,5,红牛,Q/RW-TS-001-2023,,,,23,位置⑧长度,36,YF00000026,1,2,到货检测,1,,4,储运采购部,5,品管部,1,2,1,11,大于等于,3,1,139,,2026-06-25 09:39:17,,,,44,批次,,,9,17,张,1,9,17,张,直尺,488±1,,,23,mm,487,489,0,1,若仍有不合格，则判定该批次检测不合格。,从初检问题检测单元中取9张进行复检。,2025-01-01,9999-12-31,,[],15,不合格,001,[],"{'assoc_type': 0, 'formPerms': [], 'needSign': ''}"
432,BSYB0432,59,纸箱,3,包材,5,红牛,Q/RW-TS-001-2023,,,,23,位置⑧长度,36,YF00000026,1,2,到货检测,1,,4,储运采购部,5,品管部,1,2,1,11,大于等于,3,1,139,,2026-06-25 09:39:17,,,,44,批次,,,9,17,张,1,9,17,张,直尺,445±5,,,23,mm,440,450,0,1,若仍有不合格，则判定该批次检测不合格。,从初检问题检测单元中取9张进行复检。,2025-01-01,9999-12-31,,[],15,不合格,001,[],"{'assoc_type': 0, 'formPerms': [], 'needSign': ''}"
433,BSYB0433,59,纸箱,3,包材,5,红牛,Q/RW-TS-001-2023,7,8886,红牛维他命饮料（江苏）有限公司,23,位置⑧长度,36,YF00000026,1,2,到货检测,1,,4,储运采购部,5,品管部,1,2,1,11,大于等于,3,1,139,,2026-06-25 09:39:17,,,,44,批次,,,9,17,张,1,9,17,张,直尺,488±1,,,23,mm,487,489,0,1,若仍有不合格，则判定该批次检测不合格。,从初检问题检测单元中取9张进行复检。,2025-01-01,9999-12-31,,[],15,不合格,001,[],"{'assoc_type': 0, 'formPerms': [], 'needSign': ''}"
434,BSYB0434,59,纸箱,3,包材,5,红牛,Q/RW-TS-001-2023,6,8885,广东红牛维他命饮料有限公司,23,位置⑧长度,36,YF00000026,1,2,到货检测,1,,4,储运采购部,5,品管部,1,2,1,11,大于等于,3,1,139,,2026-06-25 09:39:17,,,,44,批次,,,9,17,张,1,9,17,张,直尺,492±2,,,23,mm,490,494,0,1,若仍有不合格，则判定该批次检测不合格。,从初检问题检测单元中取9张进行复检。,2025-01-01,9999-12-31,,[],15,不合格,001,[],"{'assoc_type': 0, 'formPerms': [], 'needSign': ''}"
435,BSYB0435,59,纸箱,3,包材,5,红牛,Q/RW-TS-001-2023,12,8880,红牛维他命饮料有限公司,23,位置⑧长度,36,YF00000026,1,2,到货检测,1,,4,储运采购部,5,品管部,1,2,1,11,大于等于,3,1,139,,2026-06-25 09:39:17,,,,44,批次,,,9,17,张,1,9,17,张,直尺,492±2,,,23,mm,490,494,0,1,若仍有不合格，则判定该批次检测不合格。,从初检问题检测单元中取9张进行复检。,2025-01-01,9999-12-31,,[],15,不合格,001,[],"{'assoc_type': 0, 'formPerms': [], 'needSign': ''}"
436,BSYB0436,59,纸箱,3,包材,5,红牛,Q/RW-TS-001-2023,5,8883,红牛维他命饮料（湖北）有限公司,23,位置⑧长度,36,YF00000026,1,2,到货检测,1,,4,储运采购部,5,品管部,1,2,1,11,大于等于,3,1,139,,2026-06-25 09:39:17,,,,44,批次,,,9,17,张,1,9,17,张,直尺,492±2,,,23,mm,490,494,0,1,若仍有不合格，则判定该批次检测不合格。,从初检问题检测单元中取9张进行复检。,2025-01-01,9999-12-31,,[],15,不合格,001,[],"{'assoc_type': 0, 'formPerms': [], 'needSign': ''}"
437,BSYB0437,59,纸箱,3,包材,5,红牛,Q/RW-TS-001-2023,,,,24,位置⑨长度,8,YC00000008,1,2,到货检测,1,,4,储运采购部,5,品管部,1,1,1,2,等于,3,1,139,,2026-06-25 09:39:17,,,,44,批次,,,3,17,张,1,3,17,张,直尺,43±1,,,23,mm,42,44,0,1,若有不合格，取同一检测单元9张进行复检。,每次到货每3万张随机抽检3张，不足3万张按照3万张标准进行抽样检测。用直尺测量图示中相应位置尺寸。,2025-01-01,9999-12-31,,[],14,复检,001,[],"{'assoc_type': 0, 'formPerms': [], 'needSign': ''}"
438,BSYB0438,59,纸箱,3,包材,5,红牛,Q/RW-TS-001-2023,,,,24,位置⑨长度,8,YC00000008,1,2,到货检测,1,,4,储运采购部,5,品管部,1,1,1,2,等于,3,1,139,,2026-06-25 09:39:17,,,,44,批次,,,3,17,张,1,3,17,张,直尺,43±1,,,23,mm,42,44,0,1,若有不合格，取同一检测单元9张进行复检。,每次到货每3万张随机抽检3张，不足3万张按照3万张标准进行抽样检测。用直尺测量图示中相应位置尺寸。,2025-01-01,9999-12-31,,[],14,复检,001,[],"{'assoc_type': 0, 'formPerms': [], 'needSign': ''}"
439,BSYB0439,59,纸箱,3,包材,5,红牛,Q/RW-TS-001-2023,,,,24,位置⑨长度,8,YC00000008,1,2,到货检测,1,,4,储运采购部,5,品管部,1,1,1,2,等于,3,1,139,,2026-06-25 09:39:17,,,,44,批次,,,3,17,张,1,3,17,张,直尺,43±1,,,23,mm,42,44,0,1,若有不合格，取同一检测单元9张进行复检。,每次到货每3万张随机抽检3张，不足3万张按照3万张标准进行抽样检测。用直尺测量图示中相应位置尺寸。,2025-01-01,9999-12-31,,[],14,复检,001,[],"{'assoc_type': 0, 'formPerms': [], 'needSign': ''}"
440,BSYB0440,59,纸箱,3,包材,5,红牛,Q/RW-TS-001-2023,,,,24,位置⑨长度,8,YC00000008,1,2,到货检测,1,,4,储运采购部,5,品管部,1,1,1,2,等于,3,1,139,,2026-06-25 09:39:17,,,,44,批次,,,3,17,张,1,3,17,张,直尺,62±2,,,23,mm,60,64,0,1,若有不合格，取同一检测单元9张进行复检。,每次到货每3万张随机抽检3张，不足3万张按照3万张标准进行抽样检测。用直尺测量图示中相应位置尺寸。,2025-01-01,9999-12-31,,[],14,复检,001,[],"{'assoc_type': 0, 'formPerms': [], 'needSign': ''}"
441,BSYB0441,59,纸箱,3,包材,5,红牛,Q/RW-TS-001-2023,7,8886,红牛维他命饮料（江苏）有限公司,24,位置⑨长度,8,YC00000008,1,2,到货检测,1,,4,储运采购部,5,品管部,1,1,1,2,等于,3,1,139,,2026-06-25 09:39:17,,,,44,批次,,,3,17,张,1,3,17,张,直尺,43±1,,,23,mm,42,44,0,1,若有不合格，取同一检测单元9张进行复检。,每次到货每3万张随机抽检3张，不足3万张按照3万张标准进行抽样检测。用直尺测量图示中相应位置尺寸。,2025-01-01,9999-12-31,,[],14,复检,001,[],"{'assoc_type': 0, 'formPerms': [], 'needSign': ''}"
442,BSYB0442,59,纸箱,3,包材,5,红牛,Q/RW-TS-001-2023,6,8885,广东红牛维他命饮料有限公司,24,位置⑨长度,8,YC00000008,1,2,到货检测,1,,4,储运采购部,5,品管部,1,1,1,2,等于,3,1,139,,2026-06-25 09:39:17,,,,44,批次,,,3,17,张,1,3,17,张,直尺,43±2,,,23,mm,41,45,0,1,若有不合格，取同一检测单元9张进行复检。,每次到货每3万张随机抽检3张，不足3万张按照3万张标准进行抽样检测。用直尺测量图示中相应位置尺寸。,2025-01-01,9999-12-31,,[],14,复检,001,[],"{'assoc_type': 0, 'formPerms': [], 'needSign': ''}"
443,BSYB0443,59,纸箱,3,包材,5,红牛,Q/RW-TS-001-2023,12,8880,红牛维他命饮料有限公司,24,位置⑨长度,8,YC00000008,1,2,到货检测,1,,4,储运采购部,5,品管部,1,1,1,2,等于,3,1,139,,2026-06-25 09:39:17,,,,44,批次,,,3,17,张,1,3,17,张,直尺,43±2,,,23,mm,41,45,0,1,若有不合格，取同一检测单元9张进行复检。,每次到货每3万张随机抽检3张，不足3万张按照3万张标准进行抽样检测。用直尺测量图示中相应位置尺寸。,2025-01-01,9999-12-31,,[],14,复检,001,[],"{'assoc_type': 0, 'formPerms': [], 'needSign': ''}"
444,BSYB0444,59,纸箱,3,包材,5,红牛,Q/RW-TS-001-2023,5,8883,红牛维他命饮料（湖北）有限公司,24,位置⑨长度,8,YC00000008,1,2,到货检测,1,,4,储运采购部,5,品管部,1,1,1,2,等于,3,1,139,,2026-06-25 09:39:17,,,,44,批次,,,3,17,张,1,3,17,张,直尺,43±2,,,23,mm,41,45,0,1,若有不合格，取同一检测单元9张进行复检。,每次到货每3万张随机抽检3张，不足3万张按照3万张标准进行抽样检测。用直尺测量图示中相应位置尺寸。,2025-01-01,9999-12-31,,[],14,复检,001,[],"{'assoc_type': 0, 'formPerms': [], 'needSign': ''}"
445,BSYB0445,59,纸箱,3,包材,5,红牛,Q/RW-TS-001-2023,,,,24,位置⑨长度,36,YF00000026,1,2,到货检测,1,,4,储运采购部,5,品管部,1,2,1,11,大于等于,3,1,139,,2026-06-25 09:39:17,,,,44,批次,,,9,17,张,1,9,17,张,直尺,43±1,,,23,mm,42,44,0,1,若仍有不合格，则判定该批次检测不合格。,从初检问题检测单元中取9张进行复检。,2025-01-01,9999-12-31,,[],15,不合格,001,[],"{'assoc_type': 0, 'formPerms': [], 'needSign': ''}"
446,BSYB0446,59,纸箱,3,包材,5,红牛,Q/RW-TS-001-2023,,,,24,位置⑨长度,36,YF00000026,1,2,到货检测,1,,4,储运采购部,5,品管部,1,2,1,11,大于等于,3,1,139,,2026-06-25 09:39:17,,,,44,批次,,,9,17,张,1,9,17,张,直尺,43±1,,,23,mm,42,44,0,1,若仍有不合格，则判定该批次检测不合格。,从初检问题检测单元中取9张进行复检。,2025-01-01,9999-12-31,,[],15,不合格,001,[],"{'assoc_type': 0, 'formPerms': [], 'needSign': ''}"
447,BSYB0447,59,纸箱,3,包材,5,红牛,Q/RW-TS-001-2023,,,,24,位置⑨长度,36,YF00000026,1,2,到货检测,1,,4,储运采购部,5,品管部,1,2,1,11,大于等于,3,1,139,,2026-06-25 09:39:17,,,,44,批次,,,9,17,张,1,9,17,张,直尺,43±1,,,23,mm,42,44,0,1,若仍有不合格，则判定该批次检测不合格。,从初检问题检测单元中取9张进行复检。,2025-01-01,9999-12-31,,[],15,不合格,001,[],"{'assoc_type': 0, 'formPerms': [], 'needSign': ''}"
448,BSYB0448,59,纸箱,3,包材,5,红牛,Q/RW-TS-001-2023,,,,24,位置⑨长度,36,YF00000026,1,2,到货检测,1,,4,储运采购部,5,品管部,1,2,1,11,大于等于,3,1,139,,2026-06-25 09:39:17,,,,44,批次,,,9,17,张,1,9,17,张,直尺,62±2,,,23,mm,60,64,0,1,若仍有不合格，则判定该批次检测不合格。,从初检问题检测单元中取9张进行复检。,2025-01-01,9999-12-31,,[],15,不合格,001,[],"{'assoc_type': 0, 'formPerms': [], 'needSign': ''}"
449,BSYB0449,59,纸箱,3,包材,5,红牛,Q/RW-TS-001-2023,7,8886,红牛维他命饮料（江苏）有限公司,24,位置⑨长度,36,YF00000026,1,2,到货检测,1,,4,储运采购部,5,品管部,1,2,1,11,大于等于,3,1,139,,2026-06-25 09:39:17,,,,44,批次,,,9,17,张,1,9,17,张,直尺,43±1,,,23,mm,42,44,0,1,若仍有不合格，则判定该批次检测不合格。,从初检问题检测单元中取9张进行复检。,2025-01-01,9999-12-31,,[],15,不合格,001,[],"{'assoc_type': 0, 'formPerms': [], 'needSign': ''}"
450,BSYB0450,59,纸箱,3,包材,5,红牛,Q/RW-TS-001-2023,6,8885,广东红牛维他命饮料有限公司,24,位置⑨长度,36,YF00000026,1,2,到货检测,1,,4,储运采购部,5,品管部,1,2,1,11,大于等于,3,1,139,,2026-06-25 09:39:17,,,,44,批次,,,9,17,张,1,9,17,张,直尺,43±2,,,23,mm,41,45,0,1,若仍有不合格，则判定该批次检测不合格。,从初检问题检测单元中取9张进行复检。,2025-01-01,9999-12-31,,[],15,不合格,001,[],"{'assoc_type': 0, 'formPerms': [], 'needSign': ''}"
451,BSYB0451,59,纸箱,3,包材,5,红牛,Q/RW-TS-001-2023,12,8880,红牛维他命饮料有限公司,24,位置⑨长度,36,YF00000026,1,2,到货检测,1,,4,储运采购部,5,品管部,1,2,1,11,大于等于,3,1,139,,2026-06-25 09:39:17,,,,44,批次,,,9,17,张,1,9,17,张,直尺,43±2,,,23,mm,41,45,0,1,若仍有不合格，则判定该批次检测不合格。,从初检问题检测单元中取9张进行复检。,2025-01-01,9999-12-31,,[],15,不合格,001,[],"{'assoc_type': 0, 'formPerms': [], 'needSign': ''}"
452,BSYB0452,59,纸箱,3,包材,5,红牛,Q/RW-TS-001-2023,5,8883,红牛维他命饮料（湖北）有限公司,24,位置⑨长度,36,YF00000026,1,2,到货检测,1,,4,储运采购部,5,品管部,1,2,1,11,大于等于,3,1,139,,2026-06-25 09:39:17,,,,44,批次,,,9,17,张,1,9,17,张,直尺,43±2,,,23,mm,41,45,0,1,若仍有不合格，则判定该批次检测不合格。,从初检问题检测单元中取9张进行复检。,2025-01-01,9999-12-31,,[],15,不合格,001,[],"{'assoc_type': 0, 'formPerms': [], 'needSign': ''}"
453,BSYB0453,59,纸箱,3,包材,5,红牛,Q/RW-TS-001-2023,,,,25,位置⑩长度,8,YC00000008,1,2,到货检测,1,,4,储运采购部,5,品管部,1,1,1,2,等于,3,1,139,,2026-06-25 09:39:17,,,,44,批次,,,3,17,张,1,3,17,张,直尺,398±1,,,23,mm,397,399,0,1,若有不合格，取同一检测单元9张进行复检。,每次到货每3万张随机抽检3张，不足3万张按照3万张标准进行抽样检测。用直尺测量图示中相应位置尺寸。,2025-01-01,9999-12-31,,[],14,复检,001,[],"{'assoc_type': 0, 'formPerms': [], 'needSign': ''}"
454,BSYB0454,59,纸箱,3,包材,5,红牛,Q/RW-TS-001-2023,,,,25,位置⑩长度,8,YC00000008,1,2,到货检测,1,,4,储运采购部,5,品管部,1,1,1,2,等于,3,1,139,,2026-06-25 09:39:17,,,,44,批次,,,3,17,张,1,3,17,张,直尺,398±1,,,23,mm,397,399,0,1,若有不合格，取同一检测单元9张进行复检。,每次到货每3万张随机抽检3张，不足3万张按照3万张标准进行抽样检测。用直尺测量图示中相应位置尺寸。,2025-01-01,9999-12-31,,[],14,复检,001,[],"{'assoc_type': 0, 'formPerms': [], 'needSign': ''}"
455,BSYB0455,59,纸箱,3,包材,5,红牛,Q/RW-TS-001-2023,,,,25,位置⑩长度,8,YC00000008,1,2,到货检测,1,,4,储运采购部,5,品管部,1,1,1,2,等于,3,1,139,,2026-06-25 09:39:17,,,,44,批次,,,3,17,张,1,3,17,张,直尺,398±1,,,23,mm,397,399,0,1,若有不合格，取同一检测单元9张进行复检。,每次到货每3万张随机抽检3张，不足3万张按照3万张标准进行抽样检测。用直尺测量图示中相应位置尺寸。,2025-01-01,9999-12-31,,[],14,复检,001,[],"{'assoc_type': 0, 'formPerms': [], 'needSign': ''}"
456,BSYB0456,59,纸箱,3,包材,5,红牛,Q/RW-TS-001-2023,,,,25,位置⑩长度,8,YC00000008,1,2,到货检测,1,,4,储运采购部,5,品管部,1,1,1,2,等于,3,1,139,,2026-06-25 09:39:17,,,,44,批次,,,3,17,张,1,3,17,张,直尺,318±5,,,23,mm,313,323,0,1,若有不合格，取同一检测单元9张进行复检。,每次到货每3万张随机抽检3张，不足3万张按照3万张标准进行抽样检测。用直尺测量图示中相应位置尺寸。,2025-01-01,9999-12-31,,[],14,复检,001,[],"{'assoc_type': 0, 'formPerms': [], 'needSign': ''}"
457,BSYB0457,59,纸箱,3,包材,5,红牛,Q/RW-TS-001-2023,7,8886,红牛维他命饮料（江苏）有限公司,25,位置⑩长度,8,YC00000008,1,2,到货检测,1,,4,储运采购部,5,品管部,1,1,1,2,等于,3,1,139,,2026-06-25 09:39:17,,,,44,批次,,,3,17,张,1,3,17,张,直尺,398±1,,,23,mm,397,399,0,1,若有不合格，取同一检测单元9张进行复检。,每次到货每3万张随机抽检3张，不足3万张按照3万张标准进行抽样检测。用直尺测量图示中相应位置尺寸。,2025-01-01,9999-12-31,,[],14,复检,001,[],"{'assoc_type': 0, 'formPerms': [], 'needSign': ''}"
458,BSYB0458,59,纸箱,3,包材,5,红牛,Q/RW-TS-001-2023,6,8885,广东红牛维他命饮料有限公司,25,位置⑩长度,8,YC00000008,1,2,到货检测,1,,4,储运采购部,5,品管部,1,1,1,2,等于,3,1,139,,2026-06-25 09:39:17,,,,44,批次,,,3,17,张,1,3,17,张,直尺,402±2,,,23,mm,400,404,0,1,若有不合格，取同一检测单元9张进行复检。,每次到货每3万张随机抽检3张，不足3万张按照3万张标准进行抽样检测。用直尺测量图示中相应位置尺寸。,2025-01-01,9999-12-31,,[],14,复检,001,[],"{'assoc_type': 0, 'formPerms': [], 'needSign': ''}"
459,BSYB0459,59,纸箱,3,包材,5,红牛,Q/RW-TS-001-2023,12,8880,红牛维他命饮料有限公司,25,位置⑩长度,8,YC00000008,1,2,到货检测,1,,4,储运采购部,5,品管部,1,1,1,2,等于,3,1,139,,2026-06-25 09:39:17,,,,44,批次,,,3,17,张,1,3,17,张,直尺,402±2,,,23,mm,400,404,0,1,若有不合格，取同一检测单元9张进行复检。,每次到货每3万张随机抽检3张，不足3万张按照3万张标准进行抽样检测。用直尺测量图示中相应位置尺寸。,2025-01-01,9999-12-31,,[],14,复检,001,[],"{'assoc_type': 0, 'formPerms': [], 'needSign': ''}"
460,BSYB0460,59,纸箱,3,包材,5,红牛,Q/RW-TS-001-2023,5,8883,红牛维他命饮料（湖北）有限公司,25,位置⑩长度,8,YC00000008,1,2,到货检测,1,,4,储运采购部,5,品管部,1,1,1,2,等于,3,1,139,,2026-06-25 09:39:17,,,,44,批次,,,3,17,张,1,3,17,张,直尺,402±2,,,23,mm,400,404,0,1,若有不合格，取同一检测单元9张进行复检。,每次到货每3万张随机抽检3张，不足3万张按照3万张标准进行抽样检测。用直尺测量图示中相应位置尺寸。,2025-01-01,9999-12-31,,[],14,复检,001,[],"{'assoc_type': 0, 'formPerms': [], 'needSign': ''}"
461,BSYB0461,59,纸箱,3,包材,5,红牛,Q/RW-TS-001-2023,,,,25,位置⑩长度,36,YF00000026,1,2,到货检测,1,,4,储运采购部,5,品管部,1,2,1,11,大于等于,3,1,139,,2026-06-25 09:39:17,,,,44,批次,,,9,17,张,1,9,17,张,直尺,398±1,,,23,mm,397,399,0,1,若仍有不合格，则判定该批次检测不合格。,从初检问题检测单元中取9张进行复检。,2025-01-01,9999-12-31,,[],15,不合格,001,[],"{'assoc_type': 0, 'formPerms': [], 'needSign': ''}"
462,BSYB0462,59,纸箱,3,包材,5,红牛,Q/RW-TS-001-2023,,,,25,位置⑩长度,36,YF00000026,1,2,到货检测,1,,4,储运采购部,5,品管部,1,2,1,11,大于等于,3,1,139,,2026-06-25 09:39:17,,,,44,批次,,,9,17,张,1,9,17,张,直尺,398±1,,,23,mm,397,399,0,1,若仍有不合格，则判定该批次检测不合格。,从初检问题检测单元中取9张进行复检。,2025-01-01,9999-12-31,,[],15,不合格,001,[],"{'assoc_type': 0, 'formPerms': [], 'needSign': ''}"
463,BSYB0463,59,纸箱,3,包材,5,红牛,Q/RW-TS-001-2023,,,,25,位置⑩长度,36,YF00000026,1,2,到货检测,1,,4,储运采购部,5,品管部,1,2,1,11,大于等于,3,1,139,,2026-06-25 09:39:17,,,,44,批次,,,9,17,张,1,9,17,张,直尺,398±1,,,23,mm,397,399,0,1,若仍有不合格，则判定该批次检测不合格。,从初检问题检测单元中取9张进行复检。,2025-01-01,9999-12-31,,[],15,不合格,001,[],"{'assoc_type': 0, 'formPerms': [], 'needSign': ''}"
464,BSYB0464,59,纸箱,3,包材,5,红牛,Q/RW-TS-001-2023,,,,25,位置⑩长度,36,YF00000026,1,2,到货检测,1,,4,储运采购部,5,品管部,1,2,1,11,大于等于,3,1,139,,2026-06-25 09:39:17,,,,44,批次,,,9,17,张,1,9,17,张,直尺,318±5,,,23,mm,313,323,0,1,若仍有不合格，则判定该批次检测不合格。,从初检问题检测单元中取9张进行复检。,2025-01-01,9999-12-31,,[],15,不合格,001,[],"{'assoc_type': 0, 'formPerms': [], 'needSign': ''}"
465,BSYB0465,59,纸箱,3,包材,5,红牛,Q/RW-TS-001-2023,7,8886,红牛维他命饮料（江苏）有限公司,25,位置⑩长度,36,YF00000026,1,2,到货检测,1,,4,储运采购部,5,品管部,1,2,1,11,大于等于,3,1,139,,2026-06-25 09:39:17,,,,44,批次,,,9,17,张,1,9,17,张,直尺,398±1,,,23,mm,397,399,0,1,若仍有不合格，则判定该批次检测不合格。,从初检问题检测单元中取9张进行复检。,2025-01-01,9999-12-31,,[],15,不合格,001,[],"{'assoc_type': 0, 'formPerms': [], 'needSign': ''}"
466,BSYB0466,59,纸箱,3,包材,5,红牛,Q/RW-TS-001-2023,6,8885,广东红牛维他命饮料有限公司,25,位置⑩长度,36,YF00000026,1,2,到货检测,1,,4,储运采购部,5,品管部,1,2,1,11,大于等于,3,1,139,,2026-06-25 09:39:17,,,,44,批次,,,9,17,张,1,9,17,张,直尺,402±2,,,23,mm,400,404,0,1,若仍有不合格，则判定该批次检测不合格。,从初检问题检测单元中取9张进行复检。,2025-01-01,9999-12-31,,[],15,不合格,001,[],"{'assoc_type': 0, 'formPerms': [], 'needSign': ''}"
467,BSYB0467,59,纸箱,3,包材,5,红牛,Q/RW-TS-001-2023,12,8880,红牛维他命饮料有限公司,25,位置⑩长度,36,YF00000026,1,2,到货检测,1,,4,储运采购部,5,品管部,1,2,1,11,大于等于,3,1,139,,2026-06-25 09:39:17,,,,44,批次,,,9,17,张,1,9,17,张,直尺,402±2,,,23,mm,400,404,0,1,若仍有不合格，则判定该批次检测不合格。,从初检问题检测单元中取9张进行复检。,2025-01-01,9999-12-31,,[],15,不合格,001,[],"{'assoc_type': 0, 'formPerms': [], 'needSign': ''}"
468,BSYB0468,59,纸箱,3,包材,5,红牛,Q/RW-TS-001-2023,5,8883,红牛维他命饮料（湖北）有限公司,25,位置⑩长度,36,YF00000026,1,2,到货检测,1,,4,储运采购部,5,品管部,1,2,1,11,大于等于,3,1,139,,2026-06-25 09:39:17,,,,44,批次,,,9,17,张,1,9,17,张,直尺,402±2,,,23,mm,400,404,0,1,若仍有不合格，则判定该批次检测不合格。,从初检问题检测单元中取9张进行复检。,2025-01-01,9999-12-31,,[],15,不合格,001,[],"{'assoc_type': 0, 'formPerms': [], 'needSign': ''}"
469,BSYB0469,59,纸箱,3,包材,5,红牛,Q/RW-TS-001-2023,,,,26,外观(色泽、标记、内容、条形码),8,YC00000008,1,2,到货检测,1,,4,储运采购部,5,品管部,2,1,1,2,等于,3,1,139,,2026-06-25 09:39:17,,,,44,批次,,,3,17,张,1,3,17,张,目测、手机微信、支付宝,与标准样板一致，不得有明显色差；无文字、图案错误、遗漏；条形码扫描易识别，条码信息匹配,10,与标准样板不一致/有明显色差/文字错误/图案错误/遗漏/条形码扫读异常/条码信息错配,,,,,0,1,若有不合格，取同一检测单元9张进行复检。,每次到货每3万张随机抽检3张，不足3万张按照3万张标准进行抽样检测。,2025-01-01,9999-12-31,,[],14,复检,001,[],"{'assoc_type': 0, 'formPerms': [], 'needSign': ''}"
470,BSYB0470,59,纸箱,3,包材,5,红牛,Q/RW-TS-001-2023,,,,26,外观(色泽、标记、内容、条形码),36,YF00000026,1,2,到货检测,1,,4,储运采购部,5,品管部,2,2,1,11,大于等于,3,1,139,,2026-06-25 09:39:17,,,,44,批次,,,9,17,张,1,9,17,张,目测、手机微信、支付宝,与标准样板一致，不得有明显色差；无文字、图案错误、遗漏；条形码扫描易识别，条码信息匹配,10,与标准样板不一致/有明显色差/文字错误/图案错误/遗漏/条形码扫读异常/条码信息错配,,,,,0,1,若仍有不合格，则判定该批次检测不合格。,从初检问题检测单元中取9张进行复检。,2025-01-01,9999-12-31,,[],15,不合格,001,[],"{'assoc_type': 0, 'formPerms': [], 'needSign': ''}"
471,BSYB0471,59,纸箱,3,包材,5,红牛,Q/RW-TS-001-2023,,,,27,激光码喷码效果,8,YC00000008,1,2,到货检测,1,,4,储运采购部,5,品管部,2,1,1,2,等于,3,1,139,,2026-06-25 09:39:17,,,,44,批次,,,3,17,张,1,3,17,张,激光喷码机,字体清晰、可识别、信息完整,11,模糊/识别异常/信息不完整,,,,,0,1,若有不合格，取同一检测单元9张进行复检。,每次到货每3万张随机抽检3张，不足3万张按照3万张标准进行抽样检测。用直尺测量图示中相应位置尺寸。,2025-01-01,9999-12-31,,[],14,复检,001,[],"{'assoc_type': 0, 'formPerms': [], 'needSign': ''}"
472,BSYB0472,59,纸箱,3,包材,5,红牛,Q/RW-TS-001-2023,,,,27,激光码喷码效果,36,YF00000026,1,2,到货检测,1,,4,储运采购部,5,品管部,2,2,1,11,大于等于,3,1,139,,2026-06-25 09:39:17,,,,44,批次,,,9,17,张,1,9,17,张,激光喷码机,字体清晰、可识别、信息完整,11,模糊/识别异常/信息不完整,,,,,0,1,若仍有不合格，则判定该批次检测不合格。,从初检问题检测单元中取9张进行复检。,2025-01-01,9999-12-31,,[],15,不合格,001,[],"{'assoc_type': 0, 'formPerms': [], 'needSign': ''}"
473,BSYB0473,59,纸箱,3,包材,5,红牛,Q/RW-TS-001-2023,,,,28,外箱二维码,8,YC00000008,1,2,到货检测,1,,4,储运采购部,5,品管部,2,1,1,2,等于,3,1,139,,2026-06-25 09:39:17,,,,44,批次,,,3,17,张,1,3,17,张,目测检查、手机（微信、支付宝）,打印清晰，可识别，信息完整、准确，位于指定区域内,12,模糊/识别异常/信息不完整/信息错误/未在指定区域,,,,,0,1,若有不合格，取同一检测单元9张进行复检。,每次到货每3万张随机抽检3张，不足3万张按照3万张标准进行抽样检测。用直尺测量图示中相应位置尺寸。,2025-01-01,9999-12-31,,[],14,复检,001,[],"{'assoc_type': 0, 'formPerms': [], 'needSign': ''}"
474,BSYB0474,59,纸箱,3,包材,5,红牛,Q/RW-TS-001-2023,,,,28,外箱二维码,36,YF00000026,1,2,到货检测,1,,4,储运采购部,5,品管部,2,2,1,11,大于等于,3,1,139,,2026-06-25 09:39:17,,,,44,批次,,,9,17,张,1,9,17,张,目测检查、手机（微信、支付宝）,打印清晰，可识别，信息完整、准确，位于指定区域内,12,模糊/识别异常/信息不完整/信息错误/未在指定区域,,,,,0,1,若仍有不合格，则判定该批次检测不合格。,从初检问题检测单元中取9张进行复检。,2025-01-01,9999-12-31,,[],15,不合格,001,[],"{'assoc_type': 0, 'formPerms': [], 'needSign': ''}"
475,BSYB0475,59,纸箱,3,包材,5,红牛,Q/RW-TS-001-2023,,,,29,箱内二维码位置,8,YC00000008,1,2,到货检测,1,,4,储运采购部,5,品管部,2,1,1,2,等于,3,1,139,,2026-06-25 09:39:17,,,,44,批次,,,,17,张,1,3,17,张,目测,在指定范围内,,,,,,,0,1,若有不合格，则判定该批次检测不合格。,在侧边及相邻区域内，无序切不固定打印。,2025-01-01,9999-12-31,,[],15,不合格,001,[],"{'assoc_type': 0, 'formPerms': [], 'needSign': ''}"
476,BSYB0476,59,纸箱,3,包材,5,红牛,Q/RW-TS-001-2023,,,,30,箱内二维码长度,8,YC00000008,1,2,到货检测,1,,4,储运采购部,5,品管部,1,1,1,2,等于,3,1,139,,2026-06-25 09:39:17,,,,44,批次,,,3,17,张,1,3,17,张,直尺,20±1mm,,,23,mm,19,21,0,1,若有不合格，取同一检测单元9张进行复检。,每次到货每3万张随机抽检3张，不足3万张按照3万张标准进行抽样检测。用直尺测量图示中相应位置尺寸。,2025-01-01,9999-12-31,,[],14,复检,001,[],"{'assoc_type': 0, 'formPerms': [], 'needSign': ''}"
477,BSYB0477,59,纸箱,3,包材,5,红牛,Q/RW-TS-001-2023,,,,30,箱内二维码长度,36,YF00000026,1,2,到货检测,1,,4,储运采购部,5,品管部,1,2,1,11,大于等于,3,1,139,,2026-06-25 09:39:17,,,,44,批次,,,9,17,张,1,9,17,张,直尺,20±1mm,,,23,mm,19,21,0,1,若仍有不合格，则判定该批次检测不合格。,从初检问题检测单元中取9张进行复检。,2025-01-01,9999-12-31,,[],15,不合格,001,[],"{'assoc_type': 0, 'formPerms': [], 'needSign': ''}"
478,BSYB0478,59,纸箱,3,包材,5,红牛,Q/RW-TS-001-2023,,,,31,箱内二维码宽度,8,YC00000008,1,2,到货检测,1,,4,储运采购部,5,品管部,1,1,1,2,等于,3,1,139,,2026-06-25 09:39:17,,,,44,批次,,,3,17,张,1,3,17,张,直尺,20±1mm,,,23,mm,19,21,0,1,若有不合格，取同一检测单元9张进行复检。,每次到货每3万张随机抽检3张，不足3万张按照3万张标准进行抽样检测。用直尺测量图示中相应位置尺寸。,2025-01-01,9999-12-31,,[],14,复检,001,[],"{'assoc_type': 0, 'formPerms': [], 'needSign': ''}"
479,BSYB0479,59,纸箱,3,包材,5,红牛,Q/RW-TS-001-2023,,,,31,箱内二维码宽度,36,YF00000026,1,2,到货检测,1,,4,储运采购部,5,品管部,1,2,1,11,大于等于,3,1,139,,2026-06-25 09:39:17,,,,44,批次,,,9,17,张,1,9,17,张,直尺,20±1mm,,,23,mm,19,21,0,1,若仍有不合格，则判定该批次检测不合格。,从初检问题检测单元中取9张进行复检。,2025-01-01,9999-12-31,,[],15,不合格,001,[],"{'assoc_type': 0, 'formPerms': [], 'needSign': ''}"
480,BSYB0480,59,纸箱,3,包材,5,红牛,Q/RW-TS-001-2023,,,,32,箱内二维码外观与扫读,8,YC00000008,1,2,到货检测,1,,4,储运采购部,5,品管部,2,1,1,2,等于,3,1,139,,2026-06-25 09:39:17,,,,44,批次,,,3,17,张,1,3,17,张,目测检查、手机微信、支付宝（广东；专用手机）,印刷清晰，可识别,13,模糊/识别异常,,,,,0,1,若有不合格，取同一检测单元9张进行复检。,每次到货每3万张随机抽检3张，不足3万张按照3万张标准进行抽样检测。用直尺测量图示中相应位置尺寸。,2025-01-01,9999-12-31,,[],14,复检,001,[],"{'assoc_type': 0, 'formPerms': [], 'needSign': ''}"
481,BSYB0481,59,纸箱,3,包材,5,红牛,Q/RW-TS-001-2023,,,,32,箱内二维码外观与扫读,36,YF00000026,1,2,到货检测,1,,4,储运采购部,5,品管部,2,2,1,11,大于等于,3,1,139,,2026-06-25 09:39:17,,,,44,批次,,,9,17,张,1,9,17,张,目测检查、手机微信、支付宝（广东；专用手机）,印刷清晰，可识别,13,模糊/识别异常,,,,,0,1,若仍有不合格，则判定该批次检测不合格。,从初检问题检测单元中取9张进行复检。,2025-01-01,9999-12-31,,[],15,不合格,001,[],"{'assoc_type': 0, 'formPerms': [], 'needSign': ''}"
482,BSYB0482,58,热缩膜,3,包材,5,红牛,Q/RW-TS-001-2023,7,8886,红牛维他命饮料（江苏）有限公司,33,净重,9,YC00000009,1,2,到货检测,1,,5,品管部,5,品管部,1,1,1,2,等于,3,1,139,,2026-06-25 09:39:17,,,,44,批次,,,3,10,卷,0,,,,电子称,标识重量±0.5,,,1,kg,34.5,35.5,1,1,若有不合格，取同一检测单元内同批次3卷进行复检。,每次到货每10吨热缩膜随机抽样3卷检测，不足10吨按照10吨标准进行抽样检测。,2025-01-01,9999-12-31,,[],14,复检,001,[],"{'assoc_type': 0, 'formPerms': [], 'needSign': ''}"
483,BSYB0483,58,热缩膜,3,包材,5,红牛,Q/RW-TS-001-2023,6,8885,广东红牛维他命饮料有限公司,33,净重,9,YC00000009,1,2,到货检测,1,,5,品管部,5,品管部,1,1,1,2,等于,3,1,139,,2026-06-25 09:39:17,,,,44,批次,,,3,10,卷,0,,,,电子称,标识重量±0.5,,,1,kg,34.5,35.5,1,1,若有不合格，取同一检测单元内同批次3卷进行复检。,每次到货每10吨热缩膜随机抽样3卷检测，不足10吨按照10吨标准进行抽样检测。,2025-01-01,9999-12-31,,[],14,复检,001,[],"{'assoc_type': 0, 'formPerms': [], 'needSign': ''}"
484,BSYB0484,58,热缩膜,3,包材,5,红牛,Q/RW-TS-001-2023,12,8880,红牛维他命饮料有限公司,33,净重,9,YC00000009,1,2,到货检测,1,,5,品管部,5,品管部,1,1,1,2,等于,3,1,139,,2026-06-25 09:39:17,,,,44,批次,,,3,10,卷,0,,,,电子称,标识重量±0.5,,,1,kg,34.5,35.5,1,1,若有不合格，取同一检测单元内同批次3卷进行复检。,每次到货每10吨热缩膜随机抽样3卷检测，不足10吨按照10吨标准进行抽样检测。,2025-01-01,9999-12-31,,[],14,复检,001,[],"{'assoc_type': 0, 'formPerms': [], 'needSign': ''}"
485,BSYB0485,58,热缩膜,3,包材,5,红牛,Q/RW-TS-001-2023,5,8883,红牛维他命饮料（湖北）有限公司,33,净重,9,YC00000009,1,2,到货检测,1,,5,品管部,5,品管部,1,1,1,2,等于,3,1,139,,2026-06-25 09:39:17,,,,44,批次,,,3,10,卷,0,,,,电子称,标识重量±0.5,,,1,kg,49.5,50.5,1,1,若有不合格，取同一检测单元内同批次3卷进行复检。,每次到货每10吨热缩膜随机抽样3卷检测，不足10吨按照10吨标准进行抽样检测。,2025-01-01,9999-12-31,,[],14,复检,001,[],"{'assoc_type': 0, 'formPerms': [], 'needSign': ''}"
486,BSYB0486,58,热缩膜,3,包材,5,红牛,Q/RW-TS-001-2023,8,6865,华彬快速消费品饮料（贵州）有限公司,33,净重,9,YC00000009,1,2,到货检测,1,,5,品管部,5,品管部,1,1,1,2,等于,3,1,139,,2026-06-25 09:39:17,,,,44,批次,,,3,10,卷,0,,,,电子称,标识重量±0.5,,,1,kg,49.5,50.5,1,1,若有不合格，取同一检测单元内同批次3卷进行复检。,每次到货每10吨热缩膜随机抽样3卷检测，不足10吨按照10吨标准进行抽样检测。,2025-01-01,9999-12-31,,[],14,复检,001,[],"{'assoc_type': 0, 'formPerms': [], 'needSign': ''}"
487,BSYB0487,58,热缩膜,3,包材,5,红牛,Q/RW-TS-001-2023,9,6866,华彬快速消费品饮料（福建）有限公司,33,净重,9,YC00000009,1,2,到货检测,1,,5,品管部,5,品管部,1,1,1,2,等于,3,1,139,,2026-06-25 09:39:17,,,,44,批次,,,3,10,卷,0,,,,电子称,标识重量±0.5,,,1,kg,49.5,50.5,1,1,若有不合格，取同一检测单元内同批次3卷进行复检。,每次到货每10吨热缩膜随机抽样3卷检测，不足10吨按照10吨标准进行抽样检测。,2025-01-01,9999-12-31,,[],14,复检,001,[],"{'assoc_type': 0, 'formPerms': [], 'needSign': ''}"
488,BSYB0488,58,热缩膜,3,包材,5,红牛,Q/RW-TS-001-2023,,,,33,净重,9,YC00000009,1,2,到货检测,1,,5,品管部,5,品管部,1,1,1,2,等于,3,1,139,,2026-06-25 09:39:17,,,,44,批次,,,3,10,卷,0,,,,电子称,标识重量±0.5,,,1,kg,69.5,70.5,1,1,若有不合格，取同一检测单元内同批次3卷进行复检。,每次到货每10吨热缩膜随机抽样3卷检测，不足10吨按照10吨标准进行抽样检测。,2025-01-01,9999-12-31,,[],14,复检,001,[],"{'assoc_type': 0, 'formPerms': [], 'needSign': ''}"
489,BSYB0489,58,热缩膜,3,包材,5,红牛,Q/RW-TS-001-2023,,,,33,净重,9,YC00000009,1,2,到货检测,1,,5,品管部,5,品管部,1,1,1,2,等于,3,1,139,,2026-06-25 09:39:17,,,,44,批次,,,3,10,卷,0,,,,电子称,标识重量±0.5,,,1,kg,44.5,45.5,1,1,若有不合格，取同一检测单元内同批次3卷进行复检。,每次到货每10吨热缩膜随机抽样3卷检测，不足10吨按照10吨标准进行抽样检测。,2025-01-01,9999-12-31,,[],14,复检,001,[],"{'assoc_type': 0, 'formPerms': [], 'needSign': ''}"
490,BSYB0490,58,热缩膜,3,包材,5,红牛,Q/RW-TS-001-2023,,,,33,净重,9,YC00000009,1,2,到货检测,1,,5,品管部,5,品管部,1,1,1,2,等于,3,1,139,,2026-06-25 09:39:17,,,,44,批次,,,3,10,卷,0,,,,电子称,标识重量±0.5,,,1,kg,39.5,40.5,1,1,若有不合格，取同一检测单元内同批次3卷进行复检。,每次到货每10吨热缩膜随机抽样3卷检测，不足10吨按照10吨标准进行抽样检测。,2025-01-01,9999-12-31,,[],14,复检,001,[],"{'assoc_type': 0, 'formPerms': [], 'needSign': ''}"
491,BSYB0491,58,热缩膜,3,包材,5,红牛,Q/RW-TS-001-2023,7,8886,红牛维他命饮料（江苏）有限公司,33,净重,37,YF00000027,1,2,到货检测,1,,5,品管部,5,品管部,1,2,1,11,大于等于,3,1,139,,2026-06-25 09:39:17,,,,44,批次,,,3,10,卷,0,,,,电子称,标识重量±0.5,,,1,kg,34.5,35.5,1,1,若仍有不合格，则判定该批次检测不合格。,从初检问题检测单元同一批次中取3卷进行复检。,2025-01-01,9999-12-31,,[],15,不合格,001,[],"{'assoc_type': 0, 'formPerms': [], 'needSign': ''}"
492,BSYB0492,58,热缩膜,3,包材,5,红牛,Q/RW-TS-001-2023,6,8885,广东红牛维他命饮料有限公司,33,净重,37,YF00000027,1,2,到货检测,1,,5,品管部,5,品管部,1,2,1,11,大于等于,3,1,139,,2026-06-25 09:39:17,,,,44,批次,,,3,10,卷,0,,,,电子称,标识重量±0.5,,,1,kg,34.5,35.5,1,1,若仍有不合格，则判定该批次检测不合格。,从初检问题检测单元同一批次中取3卷进行复检。,2025-01-01,9999-12-31,,[],15,不合格,001,[],"{'assoc_type': 0, 'formPerms': [], 'needSign': ''}"
493,BSYB0493,58,热缩膜,3,包材,5,红牛,Q/RW-TS-001-2023,12,8880,红牛维他命饮料有限公司,33,净重,37,YF00000027,1,2,到货检测,1,,5,品管部,5,品管部,1,2,1,11,大于等于,3,1,139,,2026-06-25 09:39:17,,,,44,批次,,,3,10,卷,0,,,,电子称,标识重量±0.5,,,1,kg,34.5,35.5,1,1,若仍有不合格，则判定该批次检测不合格。,从初检问题检测单元同一批次中取3卷进行复检。,2025-01-01,9999-12-31,,[],15,不合格,001,[],"{'assoc_type': 0, 'formPerms': [], 'needSign': ''}"
494,BSYB0494,58,热缩膜,3,包材,5,红牛,Q/RW-TS-001-2023,5,8883,红牛维他命饮料（湖北）有限公司,33,净重,37,YF00000027,1,2,到货检测,1,,5,品管部,5,品管部,1,2,1,11,大于等于,3,1,139,,2026-06-25 09:39:17,,,,44,批次,,,3,10,卷,0,,,,电子称,标识重量±0.5,,,1,kg,49.5,50.5,1,1,若仍有不合格，则判定该批次检测不合格。,从初检问题检测单元同一批次中取3卷进行复检。,2025-01-01,9999-12-31,,[],15,不合格,001,[],"{'assoc_type': 0, 'formPerms': [], 'needSign': ''}"
495,BSYB0495,58,热缩膜,3,包材,5,红牛,Q/RW-TS-001-2023,8,6865,华彬快速消费品饮料（贵州）有限公司,33,净重,37,YF00000027,1,2,到货检测,1,,5,品管部,5,品管部,1,2,1,11,大于等于,3,1,139,,2026-06-25 09:39:17,,,,44,批次,,,3,10,卷,0,,,,电子称,标识重量±0.5,,,1,kg,49.5,50.5,1,1,若仍有不合格，则判定该批次检测不合格。,从初检问题检测单元同一批次中取3卷进行复检。,2025-01-01,9999-12-31,,[],15,不合格,001,[],"{'assoc_type': 0, 'formPerms': [], 'needSign': ''}"
496,BSYB0496,58,热缩膜,3,包材,5,红牛,Q/RW-TS-001-2023,9,6866,华彬快速消费品饮料（福建）有限公司,33,净重,37,YF00000027,1,2,到货检测,1,,5,品管部,5,品管部,1,2,1,11,大于等于,3,1,139,,2026-06-25 09:39:17,,,,44,批次,,,3,10,卷,0,,,,电子称,标识重量±0.5,,,1,kg,49.5,50.5,1,1,若仍有不合格，则判定该批次检测不合格。,从初检问题检测单元同一批次中取3卷进行复检。,2025-01-01,9999-12-31,,[],15,不合格,001,[],"{'assoc_type': 0, 'formPerms': [], 'needSign': ''}"
497,BSYB0497,58,热缩膜,3,包材,5,红牛,Q/RW-TS-001-2023,,,,33,净重,37,YF00000027,1,2,到货检测,1,,5,品管部,5,品管部,1,2,1,11,大于等于,3,1,139,,2026-06-25 09:39:17,,,,44,批次,,,3,10,卷,0,,,,电子称,标识重量±0.5,,,1,kg,69.5,70.5,1,1,若仍有不合格，则判定该批次检测不合格。,从初检问题检测单元同一批次中取3卷进行复检。,2025-01-01,9999-12-31,,[],15,不合格,001,[],"{'assoc_type': 0, 'formPerms': [], 'needSign': ''}"
498,BSYB0498,58,热缩膜,3,包材,5,红牛,Q/RW-TS-001-2023,,,,33,净重,37,YF00000027,1,2,到货检测,1,,5,品管部,5,品管部,1,2,1,11,大于等于,3,1,139,,2026-06-25 09:39:17,,,,44,批次,,,3,10,卷,0,,,,电子称,标识重量±0.5,,,1,kg,44.5,45.5,1,1,若仍有不合格，则判定该批次检测不合格。,从初检问题检测单元同一批次中取3卷进行复检。,2025-01-01,9999-12-31,,[],15,不合格,001,[],"{'assoc_type': 0, 'formPerms': [], 'needSign': ''}"
499,BSYB0499,58,热缩膜,3,包材,5,红牛,Q/RW-TS-001-2023,,,,33,净重,37,YF00000027,1,2,到货检测,1,,5,品管部,5,品管部,1,2,1,11,大于等于,3,1,139,,2026-06-25 09:39:17,,,,44,批次,,,3,10,卷,0,,,,电子称,标识重量±0.5,,,1,kg,39.5,40.5,1,1,若仍有不合格，则判定该批次检测不合格。,从初检问题检测单元同一批次中取3卷进行复检。,2025-01-01,9999-12-31,,[],15,不合格,001,[],"{'assoc_type': 0, 'formPerms': [], 'needSign': ''}"
500,BSYB0500,58,热缩膜,3,包材,5,红牛,Q/RW-TS-001-2023,,,,34,热缩膜厚度,9,YC00000009,1,2,到货检测,1,,5,品管部,5,品管部,1,1,1,2,等于,3,1,139,,2026-06-25 09:39:17,,,,44,批次,,,3,10,卷,0,,,,螺旋测微仪,0.06-0.07,,,23,mm,0.06,0.07,2,1,若有不合格，取同一检测单元内同批次3卷进行复检。,每次到货每10吨热缩膜随机抽样3卷检测，不足10吨按照10吨标准进行抽样检测。,2025-01-01,9999-12-31,,[],14,复检,001,[],"{'assoc_type': 0, 'formPerms': [], 'needSign': ''}"
501,BSYB0501,58,热缩膜,3,包材,5,红牛,Q/RW-TS-001-2023,,,,34,热缩膜厚度,9,YC00000009,1,2,到货检测,1,,5,品管部,5,品管部,1,1,1,2,等于,3,1,139,,2026-06-25 09:39:17,,,,44,批次,,,3,10,卷,0,,,,螺旋测微仪,0.06-0.07,,,23,mm,0.06,0.07,2,1,若有不合格，取同一检测单元内同批次3卷进行复检。,每次到货每10吨热缩膜随机抽样3卷检测，不足10吨按照10吨标准进行抽样检测。,2025-01-01,9999-12-31,,[],14,复检,001,[],"{'assoc_type': 0, 'formPerms': [], 'needSign': ''}"
502,BSYB0502,58,热缩膜,3,包材,5,红牛,Q/RW-TS-001-2023,,,,34,热缩膜厚度,9,YC00000009,1,2,到货检测,1,,5,品管部,5,品管部,1,1,1,2,等于,3,1,139,,2026-06-25 09:39:17,,,,44,批次,,,3,10,卷,0,,,,螺旋测微仪,0.06-0.07,,,23,mm,0.06,0.07,2,1,若有不合格，取同一检测单元内同批次3卷进行复检。,每次到货每10吨热缩膜随机抽样3卷检测，不足10吨按照10吨标准进行抽样检测。,2025-01-01,9999-12-31,,[],14,复检,001,[],"{'assoc_type': 0, 'formPerms': [], 'needSign': ''}"
503,BSYB0503,58,热缩膜,3,包材,5,红牛,Q/RW-TS-001-2023,,,,34,热缩膜厚度,9,YC00000009,1,2,到货检测,1,,5,品管部,5,品管部,1,1,1,2,等于,3,1,139,,2026-06-25 09:39:17,,,,44,批次,,,3,10,卷,0,,,,螺旋测微仪,0.07-0.09,,,23,mm,0.07,0.09,2,1,若有不合格，取同一检测单元内同批次3卷进行复检。,每次到货每10吨热缩膜随机抽样3卷检测，不足10吨按照10吨标准进行抽样检测。,2025-01-01,9999-12-31,,[],14,复检,001,[],"{'assoc_type': 0, 'formPerms': [], 'needSign': ''}"
504,BSYB0504,58,热缩膜,3,包材,5,红牛,Q/RW-TS-001-2023,,,,34,热缩膜厚度,37,YF00000027,1,2,到货检测,1,,5,品管部,5,品管部,1,2,1,11,大于等于,3,1,139,,2026-06-25 09:39:17,,,,44,批次,,,3,10,卷,0,,,,螺旋测微仪,0.06-0.07,,,23,mm,0.06,0.07,2,1,若仍有不合格，则判定该批次检测不合格。,从初检问题检测单元同一批次中取3卷进行复检。,2025-01-01,9999-12-31,,[],15,不合格,001,[],"{'assoc_type': 0, 'formPerms': [], 'needSign': ''}"
505,BSYB0505,58,热缩膜,3,包材,5,红牛,Q/RW-TS-001-2023,,,,34,热缩膜厚度,37,YF00000027,1,2,到货检测,1,,5,品管部,5,品管部,1,2,1,11,大于等于,3,1,139,,2026-06-25 09:39:17,,,,44,批次,,,3,10,卷,0,,,,螺旋测微仪,0.06-0.07,,,23,mm,0.06,0.07,2,1,若仍有不合格，则判定该批次检测不合格。,从初检问题检测单元同一批次中取3卷进行复检。,2025-01-01,9999-12-31,,[],15,不合格,001,[],"{'assoc_type': 0, 'formPerms': [], 'needSign': ''}"
506,BSYB0506,58,热缩膜,3,包材,5,红牛,Q/RW-TS-001-2023,,,,34,热缩膜厚度,37,YF00000027,1,2,到货检测,1,,5,品管部,5,品管部,1,2,1,11,大于等于,3,1,139,,2026-06-25 09:39:17,,,,44,批次,,,3,10,卷,0,,,,螺旋测微仪,0.06-0.07,,,23,mm,0.06,0.07,2,1,若仍有不合格，则判定该批次检测不合格。,从初检问题检测单元同一批次中取3卷进行复检。,2025-01-01,9999-12-31,,[],15,不合格,001,[],"{'assoc_type': 0, 'formPerms': [], 'needSign': ''}"
507,BSYB0507,58,热缩膜,3,包材,5,红牛,Q/RW-TS-001-2023,,,,34,热缩膜厚度,37,YF00000027,1,2,到货检测,1,,5,品管部,5,品管部,1,2,1,11,大于等于,3,1,139,,2026-06-25 09:39:17,,,,44,批次,,,3,10,卷,0,,,,螺旋测微仪,0.07-0.09,,,23,mm,0.07,0.09,2,1,若仍有不合格，则判定该批次检测不合格。,从初检问题检测单元同一批次中取3卷进行复检。,2025-01-01,9999-12-31,,[],15,不合格,001,[],"{'assoc_type': 0, 'formPerms': [], 'needSign': ''}"
508,BSYB0508,58,热缩膜,3,包材,5,红牛,Q/RW-TS-001-2023,,,,35,热缩膜宽度,9,YC00000009,1,2,到货检测,1,,5,品管部,5,品管部,1,1,1,2,等于,3,1,139,,2026-06-25 09:39:17,,,,44,批次,,,3,10,卷,0,,,,直尺,450±5,,,23,mm,445,455,0,1,若有不合格，取同一检测单元内同批次3卷进行复检。,每次到货每10吨热缩膜随机抽样3卷检测，不足10吨按照10吨标准进行抽样检测。,2025-01-01,9999-12-31,,[],14,复检,001,[],"{'assoc_type': 0, 'formPerms': [], 'needSign': ''}"
509,BSYB0509,58,热缩膜,3,包材,5,红牛,Q/RW-TS-001-2023,,,,35,热缩膜宽度,9,YC00000009,1,2,到货检测,1,,5,品管部,5,品管部,1,1,1,2,等于,3,1,139,,2026-06-25 09:39:17,,,,44,批次,,,3,10,卷,0,,,,直尺,900±10,,,23,mm,890,910,0,1,若有不合格，取同一检测单元内同批次3卷进行复检。,每次到货每10吨热缩膜随机抽样3卷检测，不足10吨按照10吨标准进行抽样检测。,2025-01-01,9999-12-31,,[],14,复检,001,[],"{'assoc_type': 0, 'formPerms': [], 'needSign': ''}"
510,BSYB0510,58,热缩膜,3,包材,5,红牛,Q/RW-TS-001-2023,,,,35,热缩膜宽度,9,YC00000009,1,2,到货检测,1,,5,品管部,5,品管部,1,1,1,2,等于,3,1,139,,2026-06-25 09:39:17,,,,44,批次,,,3,10,卷,0,,,,直尺,380±5,,,23,mm,375,385,0,1,若有不合格，取同一检测单元内同批次3卷进行复检。,每次到货每10吨热缩膜随机抽样3卷检测，不足10吨按照10吨标准进行抽样检测。,2025-01-01,9999-12-31,,[],14,复检,001,[],"{'assoc_type': 0, 'formPerms': [], 'needSign': ''}"
511,BSYB0511,58,热缩膜,3,包材,5,红牛,Q/RW-TS-001-2023,,,,35,热缩膜宽度,9,YC00000009,1,2,到货检测,1,,5,品管部,5,品管部,1,1,1,2,等于,3,1,139,,2026-06-25 09:39:17,,,,44,批次,,,3,10,卷,0,,,,直尺,540±5,,,23,mm,535,545,0,1,若有不合格，取同一检测单元内同批次3卷进行复检。,每次到货每10吨热缩膜随机抽样3卷检测，不足10吨按照10吨标准进行抽样检测。,2025-01-01,9999-12-31,,[],14,复检,001,[],"{'assoc_type': 0, 'formPerms': [], 'needSign': ''}"
512,BSYB0512,58,热缩膜,3,包材,5,红牛,Q/RW-TS-001-2023,,,,35,热缩膜宽度,37,YF00000027,1,2,到货检测,1,,5,品管部,5,品管部,1,2,1,11,大于等于,3,1,139,,2026-06-25 09:39:17,,,,44,批次,,,3,10,卷,0,,,,直尺,450±5,,,23,mm,445,455,0,1,若仍有不合格，则判定该批次检测不合格。,从初检问题检测单元同一批次中取3卷进行复检。,2025-01-01,9999-12-31,,[],15,不合格,001,[],"{'assoc_type': 0, 'formPerms': [], 'needSign': ''}"
513,BSYB0513,58,热缩膜,3,包材,5,红牛,Q/RW-TS-001-2023,,,,35,热缩膜宽度,37,YF00000027,1,2,到货检测,1,,5,品管部,5,品管部,1,2,1,11,大于等于,3,1,139,,2026-06-25 09:39:17,,,,44,批次,,,3,10,卷,0,,,,直尺,900±10,,,23,mm,890,910,0,1,若仍有不合格，则判定该批次检测不合格。,从初检问题检测单元同一批次中取3卷进行复检。,2025-01-01,9999-12-31,,[],15,不合格,001,[],"{'assoc_type': 0, 'formPerms': [], 'needSign': ''}"
514,BSYB0514,58,热缩膜,3,包材,5,红牛,Q/RW-TS-001-2023,,,,35,热缩膜宽度,37,YF00000027,1,2,到货检测,1,,5,品管部,5,品管部,1,2,1,11,大于等于,3,1,139,,2026-06-25 09:39:17,,,,44,批次,,,3,10,卷,0,,,,直尺,380±5,,,23,mm,375,385,0,1,若仍有不合格，则判定该批次检测不合格。,从初检问题检测单元同一批次中取3卷进行复检。,2025-01-01,9999-12-31,,[],15,不合格,001,[],"{'assoc_type': 0, 'formPerms': [], 'needSign': ''}"
515,BSYB0515,58,热缩膜,3,包材,5,红牛,Q/RW-TS-001-2023,,,,35,热缩膜宽度,37,YF00000027,1,2,到货检测,1,,5,品管部,5,品管部,1,2,1,11,大于等于,3,1,139,,2026-06-25 09:39:17,,,,44,批次,,,3,10,卷,0,,,,直尺,540±5,,,23,mm,535,545,0,1,若仍有不合格，则判定该批次检测不合格。,从初检问题检测单元同一批次中取3卷进行复检。,2025-01-01,9999-12-31,,[],15,不合格,001,[],"{'assoc_type': 0, 'formPerms': [], 'needSign': ''}"
516,BSYB0516,58,热缩膜,3,包材,5,红牛,Q/RW-TS-001-2023,,,,36,热缩膜筒内径,9,YC00000009,1,2,到货检测,1,,5,品管部,5,品管部,1,1,1,2,等于,3,1,139,,2026-06-25 09:39:17,,,,44,批次,,,3,10,卷,0,,,,游标卡尺,76±2,,,23,mm,74,78,0,1,若有不合格，取同一检测单元内同批次3卷进行复检。,每次到货每10吨热缩膜随机抽样3卷检测，不足10吨按照10吨标准进行抽样检测。,2025-01-01,9999-12-31,,[],14,复检,001,[],"{'assoc_type': 0, 'formPerms': [], 'needSign': ''}"
517,BSYB0517,58,热缩膜,3,包材,5,红牛,Q/RW-TS-001-2023,,,,36,热缩膜筒内径,37,YF00000027,1,2,到货检测,1,,5,品管部,5,品管部,1,2,1,11,大于等于,3,1,139,,2026-06-25 09:39:17,,,,44,批次,,,3,10,卷,0,,,,游标卡尺,76±2,,,23,mm,74,78,0,1,若仍有不合格，则判定该批次检测不合格。,从初检问题检测单元同一批次中取3卷进行复检。,2025-01-01,9999-12-31,,[],15,不合格,001,[],"{'assoc_type': 0, 'formPerms': [], 'needSign': ''}"
518,BSYB0518,58,热缩膜,3,包材,5,红牛,Q/RW-TS-001-2023,,,,37,外观质量,9,YC00000009,1,2,到货检测,1,,5,品管部,5,品管部,2,1,1,2,等于,3,1,139,,2026-06-25 09:39:17,,,,44,批次,,,3,10,卷,0,,,,目测检查,膜体完整无破损、擦伤、变形；无明显脏污、刀丝、 干版、皱褶等；颜色透明，符合使用要求,14,破损/擦伤/变形/脏污/刀丝/干版/褶皱/颜色不透明/不符合使用要求,,,,,0,1,若有不合格，取同一检测单元内同批次3卷进行复检。,每次到货每10吨热缩膜随机抽样3卷检测，不足10吨按照10吨标准进行抽样检测。,2025-01-01,9999-12-31,,[],14,复检,001,[],"{'assoc_type': 0, 'formPerms': [], 'needSign': ''}"
519,BSYB0519,58,热缩膜,3,包材,5,红牛,Q/RW-TS-001-2023,,,,37,外观质量,37,YF00000027,1,2,到货检测,1,,5,品管部,5,品管部,2,2,1,11,大于等于,3,1,139,,2026-06-25 09:39:17,,,,44,批次,,,3,10,卷,0,,,,目测检查,膜体完整无破损、擦伤、变形；无明显脏污、刀丝、 干版、皱褶等；颜色透明，符合使用要求,14,破损/擦伤/变形/脏污/刀丝/干版/褶皱/颜色不透明/不符合使用要求,,,,,0,1,若仍有不合格，则判定该批次检测不合格。,从初检问题检测单元同一批次中取3卷进行复检。,2025-01-01,9999-12-31,,[],15,不合格,001,[],"{'assoc_type': 0, 'formPerms': [], 'needSign': ''}"
520,BSYB0520,58,热缩膜,3,包材,5,红牛,Q/RW-TS-001-2023,,,,38,彩膜外观要求,9,YC00000009,1,2,到货检测,1,,5,品管部,5,品管部,2,1,1,2,等于,3,1,139,,2026-06-25 09:39:17,,,,44,批次,,,3,10,卷,0,,,,目测检查,字体及图案清晰完整、漏印等,15,字体及图案模糊/字体及图案不完整/字体及图案漏印,,,,,0,1,若有不合格，取同一检测单元内同批次3卷进行复检。,每次到货每10吨热缩膜随机抽样3卷检测，不足10吨按照10吨标准进行抽样检测。,2025-01-01,9999-12-31,,[],14,复检,001,[],"{'assoc_type': 0, 'formPerms': [], 'needSign': ''}"
521,BSYB0521,58,热缩膜,3,包材,5,红牛,Q/RW-TS-001-2023,,,,38,彩膜外观要求,37,YF00000027,1,2,到货检测,1,,5,品管部,5,品管部,2,2,1,11,大于等于,3,1,139,,2026-06-25 09:39:17,,,,44,批次,,,3,10,卷,0,,,,目测检查,字体及图案清晰完整、漏印等,15,字体及图案模糊/字体及图案不完整/字体及图案漏印,,,,,0,1,若仍有不合格，则判定该批次检测不合格。,从初检问题检测单元同一批次中取3卷进行复检。,2025-01-01,9999-12-31,,[],15,不合格,001,[],"{'assoc_type': 0, 'formPerms': [], 'needSign': ''}"
522,BSYB0522,58,热缩膜,3,包材,5,红牛,Q/RW-TS-001-2023,,,,39,彩膜条形码,9,YC00000009,1,2,到货检测,1,,5,品管部,5,品管部,2,1,1,2,等于,3,1,139,,2026-06-25 09:39:17,,,,44,批次,,,3,10,卷,0,,,,扫码枪,条码扫描仪易识别，条码与对应纸箱信息匹配,16,识别异常/条码与对应纸箱信息不匹配,,,,,0,1,若有不合格，取同一检测单元内同批次3卷进行复检。,每次到货每10吨热缩膜随机抽样3卷检测，不足10吨按照10吨标准进行抽样检测。,2025-01-01,9999-12-31,,[],14,复检,001,[],"{'assoc_type': 0, 'formPerms': [], 'needSign': ''}"
523,BSYB0523,58,热缩膜,3,包材,5,红牛,Q/RW-TS-001-2023,,,,39,彩膜条形码,37,YF00000027,1,2,到货检测,1,,5,品管部,5,品管部,2,2,1,11,大于等于,3,1,139,,2026-06-25 09:39:17,,,,44,批次,,,3,10,卷,0,,,,扫码枪,条码扫描仪易识别，条码与对应纸箱信息匹配,16,识别异常/条码与对应纸箱信息不匹配,,,,,0,1,若仍有不合格，则判定该批次检测不合格。,从初检问题检测单元同一批次中取3卷进行复检。,2025-01-01,9999-12-31,,[],15,不合格,001,[],"{'assoc_type': 0, 'formPerms': [], 'needSign': ''}"
524,BSYB0524,58,热缩膜,3,包材,5,红牛,Q/RW-TS-001-2023,,,,40,彩膜油墨附着力,9,YC00000009,1,2,到货检测,1,,5,品管部,5,品管部,2,1,1,2,等于,3,1,139,,2026-06-25 09:39:17,,,,44,批次,,,3,10,卷,0,,,,目测检查,双手搓10下无掉墨。,,,,,,,0,1,若有不合格，取同一检测单元内同批次3卷进行复检。,每次到货每10吨热缩膜随机抽样3卷检测，不足10吨按照10吨标准进行抽样检测。,2025-01-01,9999-12-31,,[],14,复检,001,[],"{'assoc_type': 0, 'formPerms': [], 'needSign': ''}"
525,BSYB0525,58,热缩膜,3,包材,5,红牛,Q/RW-TS-001-2023,,,,40,彩膜油墨附着力,37,YF00000027,1,2,到货检测,1,,5,品管部,5,品管部,2,2,1,11,大于等于,3,1,139,,2026-06-25 09:39:17,,,,44,批次,,,3,10,卷,0,,,,目测检查,双手搓10下无掉墨。,,,,,,,0,1,若仍有不合格，则判定该批次检测不合格。,从初检问题检测单元同一批次中取3卷进行复检。,2025-01-01,9999-12-31,,[],15,不合格,001,[],"{'assoc_type': 0, 'formPerms': [], 'needSign': ''}"
526,BSYB0526,40,牛磺酸,4,内容物,5,红牛,Q/RW-TS-001-2023,,,,82,含量、干燥减重,10,YC00000010,1,2,到货检测,1,,5,品管部,7,第三方检测机构,2,1,1,1,等于,3,1,139,,2026-06-25 09:39:17,,,,44,批次,,,100,6,g,1,0.1,1,kg,外检,GB 14759,,,,,,,0,1,若有不合格，从同一批次另抽取1袋，从中各取100克复检。,每1新批次为一个检测单元，随机从1袋牛磺酸中抽取100克进行检测。,2025-01-01,9999-12-31,,[],1,退货处理,001,[],"{'assoc_type': 0, 'formPerms': [], 'needSign': ''}"
527,BSYB0527,19,咖啡因,4,内容物,5,红牛,Q/RW-TS-001-2023,,,,82,含量、干燥减重,10,YC00000010,1,2,到货检测,1,,5,品管部,7,第三方检测机构,2,1,1,1,等于,3,1,139,,2026-06-25 09:39:17,,,,44,批次,,,100,6,g,1,0.1,1,kg,外检,GB 14758,,,,,,,0,1,若有不合格，从同一批次另抽取1袋，从中各取100克复检。,每1新批次为一个检测单元，随机从1袋咖啡因中抽取100克进行检测。,2025-01-01,9999-12-31,,[],1,退货处理,001,[],"{'assoc_type': 0, 'formPerms': [], 'needSign': ''}"
