序号,操作,上层代码,上层名称,工厂库位名称,工厂库位代码,备注
1,编辑 删除,89A8,华彬广东战马宣传品零价值工厂,广东大朗广宣品仓库,0002,华彬广东战马宣传品零价值工厂
2,编辑 删除,89A8,华彬广东战马宣传品零价值工厂,北京怀柔广宣品仓库,0001,华彬广东战马宣传品零价值工厂
3,编辑 删除,89A7,华彬广东战马宣传品工厂,促销活动库存地,0009,华彬广东战马宣传品工厂
4,编辑 删除,89A7,华彬广东战马宣传品工厂,广东大朗（电子商务）库存地,0008,华彬广东战马宣传品工厂
5,编辑 删除,89A7,华彬广东战马宣传品工厂,北京怀柔（电子商务）库存地,0007,华彬广东战马宣传品工厂
6,编辑 删除,89A7,华彬广东战马宣传品工厂,供应商库存地（二）,0006,华彬广东战马宣传品工厂
7,编辑 删除,89A7,华彬广东战马宣传品工厂,营业单位第三方库存地,0005,华彬广东战马宣传品工厂
8,编辑 删除,89A7,华彬广东战马宣传品工厂,供应商广宣品库存地,0004,华彬广东战马宣传品工厂
9,编辑 删除,89A7,华彬广东战马宣传品工厂,礼品网站广宣品库存地,0003,华彬广东战马宣传品工厂
10,编辑 删除,89A7,华彬广东战马宣传品工厂,广东大朗广宣品库存地,0002,华彬广东战马宣传品工厂
11,编辑 删除,89A7,华彬广东战马宣传品工厂,北京怀柔广宣品库存地,0001,华彬广东战马宣传品工厂
12,编辑 删除,89A7,华彬广东战马宣传品工厂,采购服务库位,0000,华彬广东战马宣传品工厂
13,编辑 删除,89A3,华彬广东宣传品零价值工厂,广东大朗广宣品仓库,0002,华彬广东宣传品零价值工厂
14,编辑 删除,89A3,华彬广东宣传品零价值工厂,北京怀柔广宣品仓库,0001,华彬广东宣传品零价值工厂
15,编辑 删除,89A2,华彬广东宣传品工厂,促销活动库存地,0009,华彬广东宣传品工厂
16,编辑 删除,89A2,华彬广东宣传品工厂,广东大朗（电子商务）库存地,0008,华彬广东宣传品工厂
17,编辑 删除,89A2,华彬广东宣传品工厂,北京怀柔（电子商务）库存地,0007,华彬广东宣传品工厂
18,编辑 删除,89A2,华彬广东宣传品工厂,北京华彬中心库存地,0006,华彬广东宣传品工厂
19,编辑 删除,89A2,华彬广东宣传品工厂,营业单位第三方库存地,0005,华彬广东宣传品工厂
20,编辑 删除,89A2,华彬广东宣传品工厂,供应商广宣品库存地,0004,华彬广东宣传品工厂
21,编辑 删除,89A2,华彬广东宣传品工厂,礼品网站广宣品库存地,0003,华彬广东宣传品工厂
22,编辑 删除,89A2,华彬广东宣传品工厂,广东大朗广宣品库存地,0002,华彬广东宣传品工厂
23,编辑 删除,89A2,华彬广东宣传品工厂,北京怀柔广宣品库存地,0001,华彬广东宣传品工厂
24,编辑 删除,89A2,华彬广东宣传品工厂,采购服务库位,0000,华彬广东宣传品工厂
25,编辑 删除,89A1,华彬广东第三方物流工厂,西藏库位,XZ01,华彬广东第三方物流工厂
26,编辑 删除,89A1,华彬广东第三方物流工厂,电商郑州仓,DS09,华彬广东第三方物流工厂
27,编辑 删除,89A1,华彬广东第三方物流工厂,电商西安仓,DS08,华彬广东第三方物流工厂
28,编辑 删除,89A1,华彬广东第三方物流工厂,电商沈阳仓,DS07,华彬广东第三方物流工厂
29,编辑 删除,89A1,华彬广东第三方物流工厂,电商济南仓,DS06,华彬广东第三方物流工厂
30,编辑 删除,89A1,华彬广东第三方物流工厂,电商成都仓,DS05,华彬广东第三方物流工厂
31,编辑 删除,89A1,华彬广东第三方物流工厂,电商武汉仓,DS04,华彬广东第三方物流工厂
32,编辑 删除,89A1,华彬广东第三方物流工厂,电商广州仓,DS03,华彬广东第三方物流工厂
33,编辑 删除,89A1,华彬广东第三方物流工厂,电商天津仓,DS02,华彬广东第三方物流工厂
34,编辑 删除,89A1,华彬广东第三方物流工厂,电商南京仓,DS01,华彬广东第三方物流工厂
35,编辑 删除,89A1,华彬广东第三方物流工厂,天猫苏州仓,9018,华彬广东第三方物流工厂
36,编辑 删除,89A1,华彬广东第三方物流工厂,天猫佛山仓,9017,华彬广东第三方物流工厂
37,编辑 删除,89A1,华彬广东第三方物流工厂,天猫南京仓,9016,华彬广东第三方物流工厂
38,编辑 删除,89A1,华彬广东第三方物流工厂,天猫天津仓,9011,华彬广东第三方物流工厂
39,编辑 删除,89A1,华彬广东第三方物流工厂,天猫广州仓,9008,华彬广东第三方物流工厂
40,编辑 删除,89A1,华彬广东第三方物流工厂,天猫上海仓,9007,华彬广东第三方物流工厂
41,编辑 删除,89A1,华彬广东第三方物流工厂,委外库存地,9001,华彬广东第三方物流工厂
42,编辑 删除,89A1,华彬广东第三方物流工厂,汕头睿通,6004,华彬广东第三方物流工厂
43,编辑 删除,89A1,华彬广东第三方物流工厂,湛江睿通,6003,华彬广东第三方物流工厂
44,编辑 删除,89A1,华彬广东第三方物流工厂,泉州睿通,6002,华彬广东第三方物流工厂
45,编辑 删除,89A1,华彬广东第三方物流工厂,福州睿通,6001,华彬广东第三方物流工厂
46,编辑 删除,89A1,华彬广东第三方物流工厂,赣州数据在线,2053,华彬广东第三方物流工厂
47,编辑 删除,89A1,华彬广东第三方物流工厂,进口品上海数据在线,2051,华彬广东第三方物流工厂
48,编辑 删除,89A1,华彬广东第三方物流工厂,石家庄数据在线,2050,华彬广东第三方物流工厂
49,编辑 删除,89A1,华彬广东第三方物流工厂,怀柔数据在线,2049,华彬广东第三方物流工厂
50,编辑 删除,89A1,华彬广东第三方物流工厂,和田数据在线,2048,华彬广东第三方物流工厂
51,编辑 删除,89A1,华彬广东第三方物流工厂,天津数据在线,2047,华彬广东第三方物流工厂
52,编辑 删除,89A1,华彬广东第三方物流工厂,安康数据在线,2046,华彬广东第三方物流工厂
53,编辑 删除,89A1,华彬广东第三方物流工厂,贵港数据在线,2045,华彬广东第三方物流工厂
54,编辑 删除,89A1,华彬广东第三方物流工厂,柳州数据在线,2044,华彬广东第三方物流工厂
55,编辑 删除,89A1,华彬广东第三方物流工厂,南宁数据在线,2043,华彬广东第三方物流工厂
56,编辑 删除,89A1,华彬广东第三方物流工厂,海口数据在线,2042,华彬广东第三方物流工厂
57,编辑 删除,89A1,华彬广东第三方物流工厂,东莞数据在线,2041,华彬广东第三方物流工厂
58,编辑 删除,89A1,华彬广东第三方物流工厂,深圳数据在线,2040,华彬广东第三方物流工厂
59,编辑 删除,89A1,华彬广东第三方物流工厂,佛山数据在线,2039,华彬广东第三方物流工厂
60,编辑 删除,89A1,华彬广东第三方物流工厂,南昌数据在线,2038,华彬广东第三方物流工厂
61,编辑 删除,89A1,华彬广东第三方物流工厂,南充数据在线,2037,华彬广东第三方物流工厂
62,编辑 删除,89A1,华彬广东第三方物流工厂,成都数据在线,2036,华彬广东第三方物流工厂
63,编辑 删除,89A1,华彬广东第三方物流工厂,荆州数据在线,2035,华彬广东第三方物流工厂
64,编辑 删除,89A1,华彬广东第三方物流工厂,衡阳数据在线,2034,华彬广东第三方物流工厂
65,编辑 删除,89A1,华彬广东第三方物流工厂,邵阳数据在线,2033,华彬广东第三方物流工厂
66,编辑 删除,89A1,华彬广东第三方物流工厂,长沙数据在线,2032,华彬广东第三方物流工厂
67,编辑 删除,89A1,华彬广东第三方物流工厂,武汉数据在线,2031,华彬广东第三方物流工厂
68,编辑 删除,89A1,华彬广东第三方物流工厂,遵义数据在线,2030,华彬广东第三方物流工厂
69,编辑 删除,89A1,华彬广东第三方物流工厂,贵阳数据在线,2029,华彬广东第三方物流工厂
70,编辑 删除,89A1,华彬广东第三方物流工厂,重庆数据在线,2028,华彬广东第三方物流工厂
71,编辑 删除,89A1,华彬广东第三方物流工厂,大理数据在线,2027,华彬广东第三方物流工厂
72,编辑 删除,89A1,华彬广东第三方物流工厂,昆明数据在线,2026,华彬广东第三方物流工厂
73,编辑 删除,89A1,华彬广东第三方物流工厂,合肥数据在线,2025,华彬广东第三方物流工厂
74,编辑 删除,89A1,华彬广东第三方物流工厂,上海数据在线,2024,华彬广东第三方物流工厂
75,编辑 删除,89A1,华彬广东第三方物流工厂,南京数据在线,2023,华彬广东第三方物流工厂
76,编辑 删除,89A1,华彬广东第三方物流工厂,台州数据在线,2022,华彬广东第三方物流工厂
77,编辑 删除,89A1,华彬广东第三方物流工厂,金华数据在线,2021,华彬广东第三方物流工厂
78,编辑 删除,89A1,华彬广东第三方物流工厂,杭州数据在线,2020,华彬广东第三方物流工厂
79,编辑 删除,89A1,华彬广东第三方物流工厂,淮安数据在线,2019,华彬广东第三方物流工厂
80,编辑 删除,89A1,华彬广东第三方物流工厂,青岛数据在线,2018,华彬广东第三方物流工厂
81,编辑 删除,89A1,华彬广东第三方物流工厂,济南数据在线,2017,华彬广东第三方物流工厂
82,编辑 删除,89A1,华彬广东第三方物流工厂,西宁数据在线,2016,华彬广东第三方物流工厂
83,编辑 删除,89A1,华彬广东第三方物流工厂,库尔勒数据在线,2015,华彬广东第三方物流工厂
84,编辑 删除,89A1,华彬广东第三方物流工厂,喀什数据在线,2014,华彬广东第三方物流工厂
85,编辑 删除,89A1,华彬广东第三方物流工厂,西安数据在线,2013,华彬广东第三方物流工厂
86,编辑 删除,89A1,华彬广东第三方物流工厂,兰州数据在线,2012,华彬广东第三方物流工厂
87,编辑 删除,89A1,华彬广东第三方物流工厂,乌鲁木齐数据在线,2011,华彬广东第三方物流工厂
88,编辑 删除,89A1,华彬广东第三方物流工厂,驻马店数据在线,2010,华彬广东第三方物流工厂
89,编辑 删除,89A1,华彬广东第三方物流工厂,郑州数据在线,2009,华彬广东第三方物流工厂
90,编辑 删除,89A1,华彬广东第三方物流工厂,包头数据在线,2008,华彬广东第三方物流工厂
91,编辑 删除,89A1,华彬广东第三方物流工厂,长春数据在线,2007,华彬广东第三方物流工厂
92,编辑 删除,89A1,华彬广东第三方物流工厂,哈尔滨数据在线,2006,华彬广东第三方物流工厂
93,编辑 删除,89A1,华彬广东第三方物流工厂,沈阳数据在线,2005,华彬广东第三方物流工厂
94,编辑 删除,89A1,华彬广东第三方物流工厂,北京京津港平谷,2004,华彬广东第三方物流工厂
95,编辑 删除,89A1,华彬广东第三方物流工厂,北京数据在线,2003,华彬广东第三方物流工厂
96,编辑 删除,89A1,华彬广东第三方物流工厂,太原数据在线,2002,华彬广东第三方物流工厂
97,编辑 删除,89A1,华彬广东第三方物流工厂,数据在线,2001,华彬广东第三方物流工厂
98,编辑 删除,89A1,华彬广东第三方物流工厂,虚拟库存地,0099,华彬广东第三方物流工厂
99,编辑 删除,89A1,华彬广东第三方物流工厂,咸宁基地,0098,华彬广东第三方物流工厂
100,编辑 删除,89A1,华彬广东第三方物流工厂,怀柔基地,0097,华彬广东第三方物流工厂
101,编辑 删除,89A1,华彬广东第三方物流工厂,海口基地,0096,华彬广东第三方物流工厂
102,编辑 删除,89A1,华彬广东第三方物流工厂,佛山基地,0095,华彬广东第三方物流工厂
103,编辑 删除,89A1,华彬广东第三方物流工厂,江苏基地,0094,华彬广东第三方物流工厂
104,编辑 删除,89A1,华彬广东第三方物流工厂,百仕欣怀柔工厂,0093,华彬广东第三方物流工厂
105,编辑 删除,89A1,华彬广东第三方物流工厂,贵州基地,0091,华彬广东第三方物流工厂
106,编辑 删除,89A1,华彬广东第三方物流工厂,厦门基地,0090,华彬广东第三方物流工厂
107,编辑 删除,89A1,华彬广东第三方物流工厂,采购服务库位,0000,华彬广东第三方物流工厂
108,编辑 删除,8908,珠海红牛销售总公司战马宣传品零价值工厂,广东大朗广宣品仓库,0002,珠海红牛销售总公司战马宣传品零价值工厂
109,编辑 删除,8908,珠海红牛销售总公司战马宣传品零价值工厂,北京怀柔广宣品仓库,0001,珠海红牛销售总公司战马宣传品零价值工厂
110,编辑 删除,8907,珠海红牛销售总公司战马宣传品工厂,促销活动库存地,0009,珠海红牛销售总公司战马宣传品工厂
111,编辑 删除,8907,珠海红牛销售总公司战马宣传品工厂,广东大朗（电子商务）库存地,0008,珠海红牛销售总公司战马宣传品工厂
112,编辑 删除,8907,珠海红牛销售总公司战马宣传品工厂,北京怀柔（电子商务）库存地,0007,珠海红牛销售总公司战马宣传品工厂
113,编辑 删除,8907,珠海红牛销售总公司战马宣传品工厂,北京华彬中心库存地,0006,珠海红牛销售总公司战马宣传品工厂
114,编辑 删除,8907,珠海红牛销售总公司战马宣传品工厂,营业单位第三方库存地,0005,珠海红牛销售总公司战马宣传品工厂
115,编辑 删除,8907,珠海红牛销售总公司战马宣传品工厂,供应商广宣品库存地,0004,珠海红牛销售总公司战马宣传品工厂
116,编辑 删除,8907,珠海红牛销售总公司战马宣传品工厂,礼品网站广宣品库存地,0003,珠海红牛销售总公司战马宣传品工厂
117,编辑 删除,8907,珠海红牛销售总公司战马宣传品工厂,广东大朗广宣品库存地,0002,珠海红牛销售总公司战马宣传品工厂
118,编辑 删除,8907,珠海红牛销售总公司战马宣传品工厂,北京怀柔广宣品库存地,0001,珠海红牛销售总公司战马宣传品工厂
119,编辑 删除,8907,珠海红牛销售总公司战马宣传品工厂,采购服务库位,0000,珠海红牛销售总公司战马宣传品工厂
120,编辑 删除,8905,珠海红牛销售总公司百仕欣宣传品工厂,广东大朗（电子商务）库存地,0008,珠海红牛销售总公司百仕欣宣传品工厂
121,编辑 删除,8905,珠海红牛销售总公司百仕欣宣传品工厂,北京怀柔（电子商务）库存地,0007,珠海红牛销售总公司百仕欣宣传品工厂
122,编辑 删除,8905,珠海红牛销售总公司百仕欣宣传品工厂,北京华彬中心库存地,0006,珠海红牛销售总公司百仕欣宣传品工厂
123,编辑 删除,8905,珠海红牛销售总公司百仕欣宣传品工厂,营业单位第三方库存地,0005,珠海红牛销售总公司百仕欣宣传品工厂
124,编辑 删除,8905,珠海红牛销售总公司百仕欣宣传品工厂,供应商广宣品库存地,0004,珠海红牛销售总公司百仕欣宣传品工厂
125,编辑 删除,8905,珠海红牛销售总公司百仕欣宣传品工厂,礼品网站广宣品库存地,0003,珠海红牛销售总公司百仕欣宣传品工厂
126,编辑 删除,8905,珠海红牛销售总公司百仕欣宣传品工厂,广东大朗广宣品库存地,0002,珠海红牛销售总公司百仕欣宣传品工厂
127,编辑 删除,8905,珠海红牛销售总公司百仕欣宣传品工厂,北京怀柔广宣品库存地,0001,珠海红牛销售总公司百仕欣宣传品工厂
128,编辑 删除,8905,珠海红牛销售总公司百仕欣宣传品工厂,采购服务库位,0000,珠海红牛销售总公司百仕欣宣传品工厂
129,编辑 删除,8903,珠海红牛销售总公司宣传品零价值工厂,广东大朗广宣品仓库,0002,珠海红牛销售总公司宣传品零价值工厂
130,编辑 删除,8903,珠海红牛销售总公司宣传品零价值工厂,北京怀柔广宣品仓库,0001,珠海红牛销售总公司宣传品零价值工厂
131,编辑 删除,8902,珠海红牛销售总公司宣传品工厂,促销活动库存地,0009,珠海红牛销售总公司宣传品工厂
132,编辑 删除,8902,珠海红牛销售总公司宣传品工厂,广东大朗（电子商务）库存地,0008,珠海红牛销售总公司宣传品工厂
133,编辑 删除,8902,珠海红牛销售总公司宣传品工厂,北京怀柔（电子商务）库存地,0007,珠海红牛销售总公司宣传品工厂
134,编辑 删除,8902,珠海红牛销售总公司宣传品工厂,北京华彬中心库存地,0006,珠海红牛销售总公司宣传品工厂
135,编辑 删除,8902,珠海红牛销售总公司宣传品工厂,营业单位第三方库存地,0005,珠海红牛销售总公司宣传品工厂
136,编辑 删除,8902,珠海红牛销售总公司宣传品工厂,供应商广宣品库存地,0004,珠海红牛销售总公司宣传品工厂
137,编辑 删除,8902,珠海红牛销售总公司宣传品工厂,礼品网站广宣品库存地,0003,珠海红牛销售总公司宣传品工厂
138,编辑 删除,8902,珠海红牛销售总公司宣传品工厂,广东大朗广宣品库存地,0002,珠海红牛销售总公司宣传品工厂
139,编辑 删除,8902,珠海红牛销售总公司宣传品工厂,北京怀柔广宣品库存地,0001,珠海红牛销售总公司宣传品工厂
140,编辑 删除,8902,珠海红牛销售总公司宣传品工厂,采购服务库位,0000,珠海红牛销售总公司宣传品工厂
141,编辑 删除,8901,珠海红牛销售总公司第三方物流工厂,电商沈阳仓,DS07,珠海红牛销售总公司第三方物流工厂
142,编辑 删除,8901,珠海红牛销售总公司第三方物流工厂,电商济南仓,DS06,珠海红牛销售总公司第三方物流工厂
143,编辑 删除,8901,珠海红牛销售总公司第三方物流工厂,电商成都仓,DS05,珠海红牛销售总公司第三方物流工厂
144,编辑 删除,8901,珠海红牛销售总公司第三方物流工厂,电商武汉仓,DS04,珠海红牛销售总公司第三方物流工厂
145,编辑 删除,8901,珠海红牛销售总公司第三方物流工厂,电商广州仓,DS03,珠海红牛销售总公司第三方物流工厂
146,编辑 删除,8901,珠海红牛销售总公司第三方物流工厂,电商天津仓,DS02,珠海红牛销售总公司第三方物流工厂
147,编辑 删除,8901,珠海红牛销售总公司第三方物流工厂,电商南京仓,DS01,珠海红牛销售总公司第三方物流工厂
148,编辑 删除,8901,珠海红牛销售总公司第三方物流工厂,天猫天津仓,9011,珠海红牛销售总公司第三方物流工厂
149,编辑 删除,8901,珠海红牛销售总公司第三方物流工厂,天猫广州仓,9008,珠海红牛销售总公司第三方物流工厂
150,编辑 删除,8901,珠海红牛销售总公司第三方物流工厂,天猫上海仓,9007,珠海红牛销售总公司第三方物流工厂
151,编辑 删除,8901,珠海红牛销售总公司第三方物流工厂,委外库存地,9001,珠海红牛销售总公司第三方物流工厂
152,编辑 删除,8901,珠海红牛销售总公司第三方物流工厂,汕头睿通,6004,珠海红牛销售总公司第三方物流工厂
153,编辑 删除,8901,珠海红牛销售总公司第三方物流工厂,湛江睿通,6003,珠海红牛销售总公司第三方物流工厂
154,编辑 删除,8901,珠海红牛销售总公司第三方物流工厂,泉州睿通,6002,珠海红牛销售总公司第三方物流工厂
155,编辑 删除,8901,珠海红牛销售总公司第三方物流工厂,福州睿通,6001,珠海红牛销售总公司第三方物流工厂
156,编辑 删除,8901,珠海红牛销售总公司第三方物流工厂,南昌九裕,5001,珠海红牛销售总公司第三方物流工厂
157,编辑 删除,8901,珠海红牛销售总公司第三方物流工厂,百色神龙,4005,珠海红牛销售总公司第三方物流工厂
158,编辑 删除,8901,珠海红牛销售总公司第三方物流工厂,贵港神龙,4004,珠海红牛销售总公司第三方物流工厂
159,编辑 删除,8901,珠海红牛销售总公司第三方物流工厂,柳州神龙,4003,珠海红牛销售总公司第三方物流工厂
160,编辑 删除,8901,珠海红牛销售总公司第三方物流工厂,南宁神龙,4002,珠海红牛销售总公司第三方物流工厂
161,编辑 删除,8901,珠海红牛销售总公司第三方物流工厂,南充神龙,4001,珠海红牛销售总公司第三方物流工厂
162,编辑 删除,8901,珠海红牛销售总公司第三方物流工厂,成都神龙,4000,珠海红牛销售总公司第三方物流工厂
163,编辑 删除,8901,珠海红牛销售总公司第三方物流工厂,汕头安和,3001,珠海红牛销售总公司第三方物流工厂
164,编辑 删除,8901,珠海红牛销售总公司第三方物流工厂,湛江安和,3000,珠海红牛销售总公司第三方物流工厂
165,编辑 删除,8901,珠海红牛销售总公司第三方物流工厂,赣州数据在线,2053,珠海红牛销售总公司第三方物流工厂
166,编辑 删除,8901,珠海红牛销售总公司第三方物流工厂,进口品上海数据在线,2051,珠海红牛销售总公司第三方物流工厂
167,编辑 删除,8901,珠海红牛销售总公司第三方物流工厂,河北数据在线,2050,珠海红牛销售总公司第三方物流工厂
168,编辑 删除,8901,珠海红牛销售总公司第三方物流工厂,怀柔数据在线,2049,珠海红牛销售总公司第三方物流工厂
169,编辑 删除,8901,珠海红牛销售总公司第三方物流工厂,和田数据在线,2048,珠海红牛销售总公司第三方物流工厂
170,编辑 删除,8901,珠海红牛销售总公司第三方物流工厂,天津数据在线,2047,珠海红牛销售总公司第三方物流工厂
171,编辑 删除,8901,珠海红牛销售总公司第三方物流工厂,安康数据在线,2046,珠海红牛销售总公司第三方物流工厂
172,编辑 删除,8901,珠海红牛销售总公司第三方物流工厂,贵港数据在线,2045,珠海红牛销售总公司第三方物流工厂
173,编辑 删除,8901,珠海红牛销售总公司第三方物流工厂,柳州数据在线,2044,珠海红牛销售总公司第三方物流工厂
174,编辑 删除,8901,珠海红牛销售总公司第三方物流工厂,南宁数据在线,2043,珠海红牛销售总公司第三方物流工厂
175,编辑 删除,8901,珠海红牛销售总公司第三方物流工厂,海口数据在线,2042,珠海红牛销售总公司第三方物流工厂
176,编辑 删除,8901,珠海红牛销售总公司第三方物流工厂,东莞数据在线,2041,珠海红牛销售总公司第三方物流工厂
177,编辑 删除,8901,珠海红牛销售总公司第三方物流工厂,深圳数据在线,2040,珠海红牛销售总公司第三方物流工厂
178,编辑 删除,8901,珠海红牛销售总公司第三方物流工厂,佛山数据在线,2039,珠海红牛销售总公司第三方物流工厂
179,编辑 删除,8901,珠海红牛销售总公司第三方物流工厂,南昌数据在线,2038,珠海红牛销售总公司第三方物流工厂
180,编辑 删除,8901,珠海红牛销售总公司第三方物流工厂,南充数据在线,2037,珠海红牛销售总公司第三方物流工厂
181,编辑 删除,8901,珠海红牛销售总公司第三方物流工厂,成都数据在线,2036,珠海红牛销售总公司第三方物流工厂
182,编辑 删除,8901,珠海红牛销售总公司第三方物流工厂,荆州数据在线,2035,珠海红牛销售总公司第三方物流工厂
183,编辑 删除,8901,珠海红牛销售总公司第三方物流工厂,衡阳数据在线,2034,珠海红牛销售总公司第三方物流工厂
184,编辑 删除,8901,珠海红牛销售总公司第三方物流工厂,邵阳数据在线,2033,珠海红牛销售总公司第三方物流工厂
185,编辑 删除,8901,珠海红牛销售总公司第三方物流工厂,长沙数据在线,2032,珠海红牛销售总公司第三方物流工厂
186,编辑 删除,8901,珠海红牛销售总公司第三方物流工厂,武汉数据在线,2031,珠海红牛销售总公司第三方物流工厂
187,编辑 删除,8901,珠海红牛销售总公司第三方物流工厂,遵义数据在线,2030,珠海红牛销售总公司第三方物流工厂
188,编辑 删除,8901,珠海红牛销售总公司第三方物流工厂,贵阳数据在线,2029,珠海红牛销售总公司第三方物流工厂
189,编辑 删除,8901,珠海红牛销售总公司第三方物流工厂,重庆数据在线,2028,珠海红牛销售总公司第三方物流工厂
190,编辑 删除,8901,珠海红牛销售总公司第三方物流工厂,大理数据在线,2027,珠海红牛销售总公司第三方物流工厂
191,编辑 删除,8901,珠海红牛销售总公司第三方物流工厂,昆明数据在线,2026,珠海红牛销售总公司第三方物流工厂
192,编辑 删除,8901,珠海红牛销售总公司第三方物流工厂,合肥数据在线,2025,珠海红牛销售总公司第三方物流工厂
193,编辑 删除,8901,珠海红牛销售总公司第三方物流工厂,上海数据在线,2024,珠海红牛销售总公司第三方物流工厂
194,编辑 删除,8901,珠海红牛销售总公司第三方物流工厂,南京数据在线,2023,珠海红牛销售总公司第三方物流工厂
195,编辑 删除,8901,珠海红牛销售总公司第三方物流工厂,台州数据在线,2022,珠海红牛销售总公司第三方物流工厂
196,编辑 删除,8901,珠海红牛销售总公司第三方物流工厂,金华数据在线,2021,珠海红牛销售总公司第三方物流工厂
197,编辑 删除,8901,珠海红牛销售总公司第三方物流工厂,杭州数据在线,2020,珠海红牛销售总公司第三方物流工厂
198,编辑 删除,8901,珠海红牛销售总公司第三方物流工厂,淮安数据在线,2019,珠海红牛销售总公司第三方物流工厂
199,编辑 删除,8901,珠海红牛销售总公司第三方物流工厂,青岛数据在线,2018,珠海红牛销售总公司第三方物流工厂
200,编辑 删除,8901,珠海红牛销售总公司第三方物流工厂,济南数据在线,2017,珠海红牛销售总公司第三方物流工厂
201,编辑 删除,8901,珠海红牛销售总公司第三方物流工厂,西宁数据在线,2016,珠海红牛销售总公司第三方物流工厂
202,编辑 删除,8901,珠海红牛销售总公司第三方物流工厂,库尔勒数据在线,2015,珠海红牛销售总公司第三方物流工厂
203,编辑 删除,8901,珠海红牛销售总公司第三方物流工厂,喀什数据在线,2014,珠海红牛销售总公司第三方物流工厂
204,编辑 删除,8901,珠海红牛销售总公司第三方物流工厂,西安数据在线,2013,珠海红牛销售总公司第三方物流工厂
205,编辑 删除,8901,珠海红牛销售总公司第三方物流工厂,兰州数据在线,2012,珠海红牛销售总公司第三方物流工厂
206,编辑 删除,8901,珠海红牛销售总公司第三方物流工厂,乌鲁木齐数据在线,2011,珠海红牛销售总公司第三方物流工厂
207,编辑 删除,8901,珠海红牛销售总公司第三方物流工厂,驻马店数据在线,2010,珠海红牛销售总公司第三方物流工厂
208,编辑 删除,8901,珠海红牛销售总公司第三方物流工厂,郑州数据在线,2009,珠海红牛销售总公司第三方物流工厂
209,编辑 删除,8901,珠海红牛销售总公司第三方物流工厂,包头数据在线,2008,珠海红牛销售总公司第三方物流工厂
210,编辑 删除,8901,珠海红牛销售总公司第三方物流工厂,长春数据在线,2007,珠海红牛销售总公司第三方物流工厂
211,编辑 删除,8901,珠海红牛销售总公司第三方物流工厂,哈尔滨数据在线,2006,珠海红牛销售总公司第三方物流工厂
212,编辑 删除,8901,珠海红牛销售总公司第三方物流工厂,沈阳数据在线,2005,珠海红牛销售总公司第三方物流工厂
213,编辑 删除,8901,珠海红牛销售总公司第三方物流工厂,北京京津港平谷,2004,珠海红牛销售总公司第三方物流工厂
214,编辑 删除,8901,珠海红牛销售总公司第三方物流工厂,北京数据在线,2003,珠海红牛销售总公司第三方物流工厂
215,编辑 删除,8901,珠海红牛销售总公司第三方物流工厂,太原数据在线,2002,珠海红牛销售总公司第三方物流工厂
216,编辑 删除,8901,珠海红牛销售总公司第三方物流工厂,数据在线,2001,珠海红牛销售总公司第三方物流工厂
217,编辑 删除,8901,珠海红牛销售总公司第三方物流工厂,南充全程,1014,珠海红牛销售总公司第三方物流工厂
218,编辑 删除,8901,珠海红牛销售总公司第三方物流工厂,遵义全程,1013,珠海红牛销售总公司第三方物流工厂
219,编辑 删除,8901,珠海红牛销售总公司第三方物流工厂,泉州全程,1012,珠海红牛销售总公司第三方物流工厂
220,编辑 删除,8901,珠海红牛销售总公司第三方物流工厂,长春全程,1011,珠海红牛销售总公司第三方物流工厂
221,编辑 删除,8901,珠海红牛销售总公司第三方物流工厂,贵港全程,1010,珠海红牛销售总公司第三方物流工厂
222,编辑 删除,8901,珠海红牛销售总公司第三方物流工厂,哈尔滨全程,1009,珠海红牛销售总公司第三方物流工厂
223,编辑 删除,8901,珠海红牛销售总公司第三方物流工厂,沈阳全程,1008,珠海红牛销售总公司第三方物流工厂
224,编辑 删除,8901,珠海红牛销售总公司第三方物流工厂,柳州全程,1007,珠海红牛销售总公司第三方物流工厂
225,编辑 删除,8901,珠海红牛销售总公司第三方物流工厂,南宁全程,1006,珠海红牛销售总公司第三方物流工厂
226,编辑 删除,8901,珠海红牛销售总公司第三方物流工厂,福州全程,1005,珠海红牛销售总公司第三方物流工厂
227,编辑 删除,8901,珠海红牛销售总公司第三方物流工厂,贵阳全程,1004,珠海红牛销售总公司第三方物流工厂
228,编辑 删除,8901,珠海红牛销售总公司第三方物流工厂,重庆全程,1003,珠海红牛销售总公司第三方物流工厂
229,编辑 删除,8901,珠海红牛销售总公司第三方物流工厂,成都全程,1002,珠海红牛销售总公司第三方物流工厂
230,编辑 删除,8901,珠海红牛销售总公司第三方物流工厂,南昌全程,1001,珠海红牛销售总公司第三方物流工厂
231,编辑 删除,8901,珠海红牛销售总公司第三方物流工厂,虚拟库存地,0099,珠海红牛销售总公司第三方物流工厂
232,编辑 删除,8901,珠海红牛销售总公司第三方物流工厂,咸宁基地,0098,珠海红牛销售总公司第三方物流工厂
233,编辑 删除,8901,珠海红牛销售总公司第三方物流工厂,怀柔基地,0097,珠海红牛销售总公司第三方物流工厂
234,编辑 删除,8901,珠海红牛销售总公司第三方物流工厂,海口基地,0096,珠海红牛销售总公司第三方物流工厂
235,编辑 删除,8901,珠海红牛销售总公司第三方物流工厂,佛山基地,0095,珠海红牛销售总公司第三方物流工厂
236,编辑 删除,8901,珠海红牛销售总公司第三方物流工厂,江苏基地,0094,珠海红牛销售总公司第三方物流工厂
237,编辑 删除,8901,珠海红牛销售总公司第三方物流工厂,百仕欣怀柔工厂,0093,珠海红牛销售总公司第三方物流工厂
238,编辑 删除,8901,珠海红牛销售总公司第三方物流工厂,贵州基地,0091,珠海红牛销售总公司第三方物流工厂
239,编辑 删除,8901,珠海红牛销售总公司第三方物流工厂,厦门基地,0090,珠海红牛销售总公司第三方物流工厂
240,编辑 删除,8901,珠海红牛销售总公司第三方物流工厂,驻马店宝供,0043,珠海红牛销售总公司第三方物流工厂
241,编辑 删除,8901,珠海红牛销售总公司第三方物流工厂,青岛宝供,0042,珠海红牛销售总公司第三方物流工厂
242,编辑 删除,8901,珠海红牛销售总公司第三方物流工厂,淮安宝供,0041,珠海红牛销售总公司第三方物流工厂
243,编辑 删除,8901,珠海红牛销售总公司第三方物流工厂,台州宝供,0040,珠海红牛销售总公司第三方物流工厂
244,编辑 删除,8901,珠海红牛销售总公司第三方物流工厂,荆州宝供,0039,珠海红牛销售总公司第三方物流工厂
245,编辑 删除,8901,珠海红牛销售总公司第三方物流工厂,衡阳宝供,0038,珠海红牛销售总公司第三方物流工厂
246,编辑 删除,8901,珠海红牛销售总公司第三方物流工厂,大理宝供,0037,珠海红牛销售总公司第三方物流工厂
247,编辑 删除,8901,珠海红牛销售总公司第三方物流工厂,金华宝供,0036,珠海红牛销售总公司第三方物流工厂
248,编辑 删除,8901,珠海红牛销售总公司第三方物流工厂,邵阳宝供,0035,珠海红牛销售总公司第三方物流工厂
249,编辑 删除,8901,珠海红牛销售总公司第三方物流工厂,包头宝供,0034,珠海红牛销售总公司第三方物流工厂
250,编辑 删除,8901,珠海红牛销售总公司第三方物流工厂,东莞常平宝供,0033,珠海红牛销售总公司第三方物流工厂
251,编辑 删除,8901,珠海红牛销售总公司第三方物流工厂,温州宝供,0032,珠海红牛销售总公司第三方物流工厂
252,编辑 删除,8901,珠海红牛销售总公司第三方物流工厂,合肥宝供,0031,珠海红牛销售总公司第三方物流工厂
253,编辑 删除,8901,珠海红牛销售总公司第三方物流工厂,西宁宝供,0030,珠海红牛销售总公司第三方物流工厂
254,编辑 删除,8901,珠海红牛销售总公司第三方物流工厂,湛江宝供,0029,珠海红牛销售总公司第三方物流工厂
255,编辑 删除,8901,珠海红牛销售总公司第三方物流工厂,库尔勒宝供,0028,珠海红牛销售总公司第三方物流工厂
256,编辑 删除,8901,珠海红牛销售总公司第三方物流工厂,天津宝供,0027,珠海红牛销售总公司第三方物流工厂
257,编辑 删除,8901,珠海红牛销售总公司第三方物流工厂,汕头宝供,0026,珠海红牛销售总公司第三方物流工厂
258,编辑 删除,8901,珠海红牛销售总公司第三方物流工厂,佛山宝供,0025,珠海红牛销售总公司第三方物流工厂
259,编辑 删除,8901,珠海红牛销售总公司第三方物流工厂,喀什宝供,0024,珠海红牛销售总公司第三方物流工厂
260,编辑 删除,8901,珠海红牛销售总公司第三方物流工厂,东莞南城宝供,0023,珠海红牛销售总公司第三方物流工厂
261,编辑 删除,8901,珠海红牛销售总公司第三方物流工厂,新疆宝供,0022,珠海红牛销售总公司第三方物流工厂
262,编辑 删除,8901,珠海红牛销售总公司第三方物流工厂,兰州宝供,0021,珠海红牛销售总公司第三方物流工厂
263,编辑 删除,8901,珠海红牛销售总公司第三方物流工厂,西安宝供,0020,珠海红牛销售总公司第三方物流工厂
264,编辑 删除,8901,珠海红牛销售总公司第三方物流工厂,重庆宝供,0019,珠海红牛销售总公司第三方物流工厂
265,编辑 删除,8901,珠海红牛销售总公司第三方物流工厂,贵阳宝供,0018,珠海红牛销售总公司第三方物流工厂
266,编辑 删除,8901,珠海红牛销售总公司第三方物流工厂,昆明宝供,0017,珠海红牛销售总公司第三方物流工厂
267,编辑 删除,8901,珠海红牛销售总公司第三方物流工厂,成都宝供,0016,珠海红牛销售总公司第三方物流工厂
268,编辑 删除,8901,珠海红牛销售总公司第三方物流工厂,海口宝供,0015,珠海红牛销售总公司第三方物流工厂
269,编辑 删除,8901,珠海红牛销售总公司第三方物流工厂,长沙宝供,0014,珠海红牛销售总公司第三方物流工厂
270,编辑 删除,8901,珠海红牛销售总公司第三方物流工厂,深圳宝供,0013,珠海红牛销售总公司第三方物流工厂
271,编辑 删除,8901,珠海红牛销售总公司第三方物流工厂,柳州宝供,0012,珠海红牛销售总公司第三方物流工厂
272,编辑 删除,8901,珠海红牛销售总公司第三方物流工厂,南宁宝供,0011,珠海红牛销售总公司第三方物流工厂
273,编辑 删除,8901,珠海红牛销售总公司第三方物流工厂,广州宝供,0010,珠海红牛销售总公司第三方物流工厂
274,编辑 删除,8901,珠海红牛销售总公司第三方物流工厂,上海宝供,0009,珠海红牛销售总公司第三方物流工厂
275,编辑 删除,8901,珠海红牛销售总公司第三方物流工厂,杭州宝供,0008,珠海红牛销售总公司第三方物流工厂
276,编辑 删除,8901,珠海红牛销售总公司第三方物流工厂,福州宝供,0007,珠海红牛销售总公司第三方物流工厂
277,编辑 删除,8901,珠海红牛销售总公司第三方物流工厂,南京宝供,0006,珠海红牛销售总公司第三方物流工厂
278,编辑 删除,8901,珠海红牛销售总公司第三方物流工厂,济南宝供,0005,珠海红牛销售总公司第三方物流工厂
279,编辑 删除,8901,珠海红牛销售总公司第三方物流工厂,武汉宝供,0004,珠海红牛销售总公司第三方物流工厂
280,编辑 删除,8901,珠海红牛销售总公司第三方物流工厂,郑州宝供,0003,珠海红牛销售总公司第三方物流工厂
281,编辑 删除,8901,珠海红牛销售总公司第三方物流工厂,沈阳宝供,0002,珠海红牛销售总公司第三方物流工厂
282,编辑 删除,8901,珠海红牛销售总公司第三方物流工厂,采购服务库位,0000,珠海红牛销售总公司第三方物流工厂
283,编辑 删除,88A4,华彬饮料销售总公司零价值工厂,天猫武汉仓,9012,华彬饮料销售总公司零价值工厂
284,编辑 删除,88A4,华彬饮料销售总公司零价值工厂,天猫天津仓,9011,华彬饮料销售总公司零价值工厂
285,编辑 删除,88A4,华彬饮料销售总公司零价值工厂,天猫安徽六安仓,9010,华彬饮料销售总公司零价值工厂
286,编辑 删除,88A4,华彬饮料销售总公司零价值工厂,怀柔临时仓库,9009,华彬饮料销售总公司零价值工厂
287,编辑 删除,88A4,华彬饮料销售总公司零价值工厂,天猫广州仓,9008,华彬饮料销售总公司零价值工厂
288,编辑 删除,88A4,华彬饮料销售总公司零价值工厂,天猫上海仓,9007,华彬饮料销售总公司零价值工厂
289,编辑 删除,88A4,华彬饮料销售总公司零价值工厂,天猫北京仓,9006,华彬饮料销售总公司零价值工厂
290,编辑 删除,88A4,华彬饮料销售总公司零价值工厂,华彬大厦22层-芙丝,9000,华彬饮料销售总公司零价值工厂
291,编辑 删除,88A4,华彬饮料销售总公司零价值工厂,汕头睿通,6004,华彬饮料销售总公司零价值工厂
292,编辑 删除,88A4,华彬饮料销售总公司零价值工厂,湛江睿通,6003,华彬饮料销售总公司零价值工厂
293,编辑 删除,88A4,华彬饮料销售总公司零价值工厂,泉州睿通,6002,华彬饮料销售总公司零价值工厂
294,编辑 删除,88A4,华彬饮料销售总公司零价值工厂,福州睿通,6001,华彬饮料销售总公司零价值工厂
295,编辑 删除,88A4,华彬饮料销售总公司零价值工厂,河北数据在线,2050,华彬饮料销售总公司零价值工厂
296,编辑 删除,88A4,华彬饮料销售总公司零价值工厂,怀柔数据在线,2049,华彬饮料销售总公司零价值工厂
297,编辑 删除,88A4,华彬饮料销售总公司零价值工厂,和田数据在线,2048,华彬饮料销售总公司零价值工厂
298,编辑 删除,88A4,华彬饮料销售总公司零价值工厂,天津数据在线,2047,华彬饮料销售总公司零价值工厂
299,编辑 删除,88A4,华彬饮料销售总公司零价值工厂,贵港数据在线,2045,华彬饮料销售总公司零价值工厂
300,编辑 删除,88A4,华彬饮料销售总公司零价值工厂,柳州数据在线,2044,华彬饮料销售总公司零价值工厂
301,编辑 删除,88A4,华彬饮料销售总公司零价值工厂,南宁数据在线,2043,华彬饮料销售总公司零价值工厂
302,编辑 删除,88A4,华彬饮料销售总公司零价值工厂,海口数据在线,2042,华彬饮料销售总公司零价值工厂
303,编辑 删除,88A4,华彬饮料销售总公司零价值工厂,东莞数据在线,2041,华彬饮料销售总公司零价值工厂
304,编辑 删除,88A4,华彬饮料销售总公司零价值工厂,深圳数据在线,2040,华彬饮料销售总公司零价值工厂
305,编辑 删除,88A4,华彬饮料销售总公司零价值工厂,广州数据在线,2039,华彬饮料销售总公司零价值工厂
306,编辑 删除,88A4,华彬饮料销售总公司零价值工厂,南昌数据在线,2038,华彬饮料销售总公司零价值工厂
307,编辑 删除,88A4,华彬饮料销售总公司零价值工厂,南充数据在线,2037,华彬饮料销售总公司零价值工厂
308,编辑 删除,88A4,华彬饮料销售总公司零价值工厂,成都数据在线,2036,华彬饮料销售总公司零价值工厂
309,编辑 删除,88A4,华彬饮料销售总公司零价值工厂,荆州数据在线,2035,华彬饮料销售总公司零价值工厂
310,编辑 删除,88A4,华彬饮料销售总公司零价值工厂,衡阳数据在线,2034,华彬饮料销售总公司零价值工厂
311,编辑 删除,88A4,华彬饮料销售总公司零价值工厂,邵阳数据在线,2033,华彬饮料销售总公司零价值工厂
312,编辑 删除,88A4,华彬饮料销售总公司零价值工厂,长沙数据在线,2032,华彬饮料销售总公司零价值工厂
313,编辑 删除,88A4,华彬饮料销售总公司零价值工厂,武汉数据在线,2031,华彬饮料销售总公司零价值工厂
314,编辑 删除,88A4,华彬饮料销售总公司零价值工厂,遵义数据在线,2030,华彬饮料销售总公司零价值工厂
315,编辑 删除,88A4,华彬饮料销售总公司零价值工厂,贵阳数据在线,2029,华彬饮料销售总公司零价值工厂
316,编辑 删除,88A4,华彬饮料销售总公司零价值工厂,重庆数据在线,2028,华彬饮料销售总公司零价值工厂
317,编辑 删除,88A4,华彬饮料销售总公司零价值工厂,大理数据在线,2027,华彬饮料销售总公司零价值工厂
318,编辑 删除,88A4,华彬饮料销售总公司零价值工厂,昆明数据在线,2026,华彬饮料销售总公司零价值工厂
319,编辑 删除,88A4,华彬饮料销售总公司零价值工厂,合肥数据在线,2025,华彬饮料销售总公司零价值工厂
320,编辑 删除,88A4,华彬饮料销售总公司零价值工厂,上海数据在线,2024,华彬饮料销售总公司零价值工厂
321,编辑 删除,88A4,华彬饮料销售总公司零价值工厂,南京数据在线,2023,华彬饮料销售总公司零价值工厂
322,编辑 删除,88A4,华彬饮料销售总公司零价值工厂,台州数据在线,2022,华彬饮料销售总公司零价值工厂
323,编辑 删除,88A4,华彬饮料销售总公司零价值工厂,金华数据在线,2021,华彬饮料销售总公司零价值工厂
324,编辑 删除,88A4,华彬饮料销售总公司零价值工厂,杭州数据在线,2020,华彬饮料销售总公司零价值工厂
325,编辑 删除,88A4,华彬饮料销售总公司零价值工厂,淮安数据在线,2019,华彬饮料销售总公司零价值工厂
326,编辑 删除,88A4,华彬饮料销售总公司零价值工厂,青岛数据在线,2018,华彬饮料销售总公司零价值工厂
327,编辑 删除,88A4,华彬饮料销售总公司零价值工厂,济南数据在线,2017,华彬饮料销售总公司零价值工厂
328,编辑 删除,88A4,华彬饮料销售总公司零价值工厂,西宁数据在线,2016,华彬饮料销售总公司零价值工厂
329,编辑 删除,88A4,华彬饮料销售总公司零价值工厂,库尔勒数据在线,2015,华彬饮料销售总公司零价值工厂
330,编辑 删除,88A4,华彬饮料销售总公司零价值工厂,喀什数据在线,2014,华彬饮料销售总公司零价值工厂
331,编辑 删除,88A4,华彬饮料销售总公司零价值工厂,西安数据在线,2013,华彬饮料销售总公司零价值工厂
332,编辑 删除,88A4,华彬饮料销售总公司零价值工厂,兰州数据在线,2012,华彬饮料销售总公司零价值工厂
333,编辑 删除,88A4,华彬饮料销售总公司零价值工厂,乌鲁木齐数据在线,2011,华彬饮料销售总公司零价值工厂
334,编辑 删除,88A4,华彬饮料销售总公司零价值工厂,驻马店数据在线,2010,华彬饮料销售总公司零价值工厂
335,编辑 删除,88A4,华彬饮料销售总公司零价值工厂,郑州数据在线,2009,华彬饮料销售总公司零价值工厂
336,编辑 删除,88A4,华彬饮料销售总公司零价值工厂,包头数据在线,2008,华彬饮料销售总公司零价值工厂
337,编辑 删除,88A4,华彬饮料销售总公司零价值工厂,长春数据在线,2007,华彬饮料销售总公司零价值工厂
338,编辑 删除,88A4,华彬饮料销售总公司零价值工厂,哈尔滨数据在线,2006,华彬饮料销售总公司零价值工厂
339,编辑 删除,88A4,华彬饮料销售总公司零价值工厂,沈阳数据在线,2005,华彬饮料销售总公司零价值工厂
340,编辑 删除,88A4,华彬饮料销售总公司零价值工厂,北京京津港平谷,2004,华彬饮料销售总公司零价值工厂
341,编辑 删除,88A4,华彬饮料销售总公司零价值工厂,北京数据在线,2003,华彬饮料销售总公司零价值工厂
342,编辑 删除,88A4,华彬饮料销售总公司零价值工厂,太原数据在线,2002,华彬饮料销售总公司零价值工厂
343,编辑 删除,88A4,华彬饮料销售总公司零价值工厂,数据在线,2001,华彬饮料销售总公司零价值工厂
344,编辑 删除,88A4,华彬饮料销售总公司零价值工厂,芙丝在途库,0099,华彬饮料销售总公司零价值工厂
345,编辑 删除,88A4,华彬饮料销售总公司零价值工厂,咸宁基地,0098,华彬饮料销售总公司零价值工厂
346,编辑 删除,88A4,华彬饮料销售总公司零价值工厂,怀柔基地,0097,华彬饮料销售总公司零价值工厂
347,编辑 删除,88A4,华彬饮料销售总公司零价值工厂,佛山基地,0095,华彬饮料销售总公司零价值工厂
348,编辑 删除,88A4,华彬饮料销售总公司零价值工厂,江苏宜兴基地,0094,华彬饮料销售总公司零价值工厂
349,编辑 删除,88A4,华彬饮料销售总公司零价值工厂,陕西安康库,0001,华彬饮料销售总公司零价值工厂
350,编辑 删除,88A3,华彬饮料销售总公司宣传品零价值工厂,广东大朗广宣品仓库,0002,华彬饮料销售总公司宣传品零价值工厂
351,编辑 删除,88A3,华彬饮料销售总公司宣传品零价值工厂,北京怀柔广宣品仓库,0001,华彬饮料销售总公司宣传品零价值工厂
352,编辑 删除,88A2,华彬饮料销售总公司宣传品工厂,促销活动库存地,0009,华彬饮料销售总公司宣传品工厂
353,编辑 删除,88A2,华彬饮料销售总公司宣传品工厂,广东大朗（电子商务）库存地,0008,华彬饮料销售总公司宣传品工厂
354,编辑 删除,88A2,华彬饮料销售总公司宣传品工厂,北京怀柔（电子商务）库存地,0007,华彬饮料销售总公司宣传品工厂
355,编辑 删除,88A2,华彬饮料销售总公司宣传品工厂,供应商库存地（二）,0006,华彬饮料销售总公司宣传品工厂
356,编辑 删除,88A2,华彬饮料销售总公司宣传品工厂,营业单位第三方库存地,0005,华彬饮料销售总公司宣传品工厂
357,编辑 删除,88A2,华彬饮料销售总公司宣传品工厂,供应商广宣品库存地,0004,华彬饮料销售总公司宣传品工厂
358,编辑 删除,88A2,华彬饮料销售总公司宣传品工厂,礼品网站广宣品库存地,0003,华彬饮料销售总公司宣传品工厂
359,编辑 删除,88A2,华彬饮料销售总公司宣传品工厂,广东大朗广宣品库存地,0002,华彬饮料销售总公司宣传品工厂
360,编辑 删除,88A2,华彬饮料销售总公司宣传品工厂,北京怀柔广宣品库存地,0001,华彬饮料销售总公司宣传品工厂
361,编辑 删除,88A2,华彬饮料销售总公司宣传品工厂,采购服务库位,0000,华彬饮料销售总公司宣传品工厂
362,编辑 删除,88A1,华彬饮料销售总公司工厂,集团直供虚拟库位,VOSS,华彬饮料销售总公司工厂
363,编辑 删除,88A1,华彬饮料销售总公司工厂,电商郑州仓,DS09,华彬饮料销售总公司工厂
364,编辑 删除,88A1,华彬饮料销售总公司工厂,电商西安仓,DS08,华彬饮料销售总公司工厂
365,编辑 删除,88A1,华彬饮料销售总公司工厂,电商沈阳仓,DS07,华彬饮料销售总公司工厂
366,编辑 删除,88A1,华彬饮料销售总公司工厂,电商济南仓,DS06,华彬饮料销售总公司工厂
367,编辑 删除,88A1,华彬饮料销售总公司工厂,电商成都仓,DS05,华彬饮料销售总公司工厂
368,编辑 删除,88A1,华彬饮料销售总公司工厂,电商武汉仓,DS04,华彬饮料销售总公司工厂
369,编辑 删除,88A1,华彬饮料销售总公司工厂,电商广州仓,DS03,华彬饮料销售总公司工厂
370,编辑 删除,88A1,华彬饮料销售总公司工厂,电商天津仓,DS02,华彬饮料销售总公司工厂
371,编辑 删除,88A1,华彬饮料销售总公司工厂,电商南京仓,DS01,华彬饮料销售总公司工厂
372,编辑 删除,88A1,华彬饮料销售总公司工厂,天猫苏州仓,9018,华彬饮料销售总公司工厂
373,编辑 删除,88A1,华彬饮料销售总公司工厂,天猫佛山仓,9017,华彬饮料销售总公司工厂
374,编辑 删除,88A1,华彬饮料销售总公司工厂,天猫南京仓,9016,华彬饮料销售总公司工厂
375,编辑 删除,88A1,华彬饮料销售总公司工厂,天猫东莞仓,9015,华彬饮料销售总公司工厂
376,编辑 删除,88A1,华彬饮料销售总公司工厂,天猫长沙仓,9014,华彬饮料销售总公司工厂
377,编辑 删除,88A1,华彬饮料销售总公司工厂,天猫天津仓,9011,华彬饮料销售总公司工厂
378,编辑 删除,88A1,华彬饮料销售总公司工厂,天猫安徽六安仓,9010,华彬饮料销售总公司工厂
379,编辑 删除,88A1,华彬饮料销售总公司工厂,怀柔临时仓库,9009,华彬饮料销售总公司工厂
380,编辑 删除,88A1,华彬饮料销售总公司工厂,天猫广州仓,9008,华彬饮料销售总公司工厂
381,编辑 删除,88A1,华彬饮料销售总公司工厂,天猫上海仓,9007,华彬饮料销售总公司工厂
382,编辑 删除,88A1,华彬饮料销售总公司工厂,华彬大厦22层-芙丝,9006,华彬饮料销售总公司工厂
383,编辑 删除,88A1,华彬饮料销售总公司工厂,委外库存地,9001,华彬饮料销售总公司工厂
384,编辑 删除,88A1,华彬饮料销售总公司工厂,汕头睿通,6004,华彬饮料销售总公司工厂
385,编辑 删除,88A1,华彬饮料销售总公司工厂,湛江睿通,6003,华彬饮料销售总公司工厂
386,编辑 删除,88A1,华彬饮料销售总公司工厂,泉州睿通,6002,华彬饮料销售总公司工厂
387,编辑 删除,88A1,华彬饮料销售总公司工厂,福州睿通,6001,华彬饮料销售总公司工厂
388,编辑 删除,88A1,华彬饮料销售总公司工厂,南昌九裕,5001,华彬饮料销售总公司工厂
389,编辑 删除,88A1,华彬饮料销售总公司工厂,百色神龙,4005,华彬饮料销售总公司工厂
390,编辑 删除,88A1,华彬饮料销售总公司工厂,贵港神龙,4004,华彬饮料销售总公司工厂
391,编辑 删除,88A1,华彬饮料销售总公司工厂,柳州神龙,4003,华彬饮料销售总公司工厂
392,编辑 删除,88A1,华彬饮料销售总公司工厂,南宁神龙,4002,华彬饮料销售总公司工厂
393,编辑 删除,88A1,华彬饮料销售总公司工厂,南充神龙,4001,华彬饮料销售总公司工厂
394,编辑 删除,88A1,华彬饮料销售总公司工厂,成都神龙,4000,华彬饮料销售总公司工厂
395,编辑 删除,88A1,华彬饮料销售总公司工厂,汕头安和,3001,华彬饮料销售总公司工厂
396,编辑 删除,88A1,华彬饮料销售总公司工厂,湛江安和,3000,华彬饮料销售总公司工厂
397,编辑 删除,88A1,华彬饮料销售总公司工厂,赣州数据在线,2053,华彬饮料销售总公司工厂
398,编辑 删除,88A1,华彬饮料销售总公司工厂,进口品上海数据在线,2051,华彬饮料销售总公司工厂
399,编辑 删除,88A1,华彬饮料销售总公司工厂,河北数据在线,2050,华彬饮料销售总公司工厂
400,编辑 删除,88A1,华彬饮料销售总公司工厂,怀柔数据在线,2049,华彬饮料销售总公司工厂
401,编辑 删除,88A1,华彬饮料销售总公司工厂,和田数据在线,2048,华彬饮料销售总公司工厂
402,编辑 删除,88A1,华彬饮料销售总公司工厂,天津数据在线,2047,华彬饮料销售总公司工厂
403,编辑 删除,88A1,华彬饮料销售总公司工厂,安康数据在线,2046,华彬饮料销售总公司工厂
404,编辑 删除,88A1,华彬饮料销售总公司工厂,贵港数据在线,2045,华彬饮料销售总公司工厂
405,编辑 删除,88A1,华彬饮料销售总公司工厂,柳州数据在线,2044,华彬饮料销售总公司工厂
406,编辑 删除,88A1,华彬饮料销售总公司工厂,南宁数据在线,2043,华彬饮料销售总公司工厂
407,编辑 删除,88A1,华彬饮料销售总公司工厂,海口数据在线,2042,华彬饮料销售总公司工厂
408,编辑 删除,88A1,华彬饮料销售总公司工厂,东莞数据在线,2041,华彬饮料销售总公司工厂
409,编辑 删除,88A1,华彬饮料销售总公司工厂,深圳数据在线,2040,华彬饮料销售总公司工厂
410,编辑 删除,88A1,华彬饮料销售总公司工厂,广州数据在线,2039,华彬饮料销售总公司工厂
411,编辑 删除,88A1,华彬饮料销售总公司工厂,南昌数据在线,2038,华彬饮料销售总公司工厂
412,编辑 删除,88A1,华彬饮料销售总公司工厂,南充数据在线,2037,华彬饮料销售总公司工厂
413,编辑 删除,88A1,华彬饮料销售总公司工厂,成都数据在线,2036,华彬饮料销售总公司工厂
414,编辑 删除,88A1,华彬饮料销售总公司工厂,荆州数据在线,2035,华彬饮料销售总公司工厂
415,编辑 删除,88A1,华彬饮料销售总公司工厂,衡阳数据在线,2034,华彬饮料销售总公司工厂
416,编辑 删除,88A1,华彬饮料销售总公司工厂,邵阳数据在线,2033,华彬饮料销售总公司工厂
417,编辑 删除,88A1,华彬饮料销售总公司工厂,长沙数据在线,2032,华彬饮料销售总公司工厂
418,编辑 删除,88A1,华彬饮料销售总公司工厂,武汉数据在线,2031,华彬饮料销售总公司工厂
419,编辑 删除,88A1,华彬饮料销售总公司工厂,遵义数据在线,2030,华彬饮料销售总公司工厂
420,编辑 删除,88A1,华彬饮料销售总公司工厂,贵阳数据在线,2029,华彬饮料销售总公司工厂
421,编辑 删除,88A1,华彬饮料销售总公司工厂,重庆数据在线,2028,华彬饮料销售总公司工厂
422,编辑 删除,88A1,华彬饮料销售总公司工厂,大理数据在线,2027,华彬饮料销售总公司工厂
423,编辑 删除,88A1,华彬饮料销售总公司工厂,昆明数据在线,2026,华彬饮料销售总公司工厂
424,编辑 删除,88A1,华彬饮料销售总公司工厂,合肥数据在线,2025,华彬饮料销售总公司工厂
425,编辑 删除,88A1,华彬饮料销售总公司工厂,上海数据在线,2024,华彬饮料销售总公司工厂
426,编辑 删除,88A1,华彬饮料销售总公司工厂,南京数据在线,2023,华彬饮料销售总公司工厂
427,编辑 删除,88A1,华彬饮料销售总公司工厂,台州数据在线,2022,华彬饮料销售总公司工厂
428,编辑 删除,88A1,华彬饮料销售总公司工厂,金华数据在线,2021,华彬饮料销售总公司工厂
429,编辑 删除,88A1,华彬饮料销售总公司工厂,杭州数据在线,2020,华彬饮料销售总公司工厂
430,编辑 删除,88A1,华彬饮料销售总公司工厂,淮安数据在线,2019,华彬饮料销售总公司工厂
431,编辑 删除,88A1,华彬饮料销售总公司工厂,青岛数据在线,2018,华彬饮料销售总公司工厂
432,编辑 删除,88A1,华彬饮料销售总公司工厂,济南数据在线,2017,华彬饮料销售总公司工厂
433,编辑 删除,88A1,华彬饮料销售总公司工厂,西宁数据在线,2016,华彬饮料销售总公司工厂
434,编辑 删除,88A1,华彬饮料销售总公司工厂,库尔勒数据在线,2015,华彬饮料销售总公司工厂
435,编辑 删除,88A1,华彬饮料销售总公司工厂,喀什数据在线,2014,华彬饮料销售总公司工厂
436,编辑 删除,88A1,华彬饮料销售总公司工厂,西安数据在线,2013,华彬饮料销售总公司工厂
437,编辑 删除,88A1,华彬饮料销售总公司工厂,兰州数据在线,2012,华彬饮料销售总公司工厂
438,编辑 删除,88A1,华彬饮料销售总公司工厂,乌鲁木齐数据在线,2011,华彬饮料销售总公司工厂
439,编辑 删除,88A1,华彬饮料销售总公司工厂,驻马店数据在线,2010,华彬饮料销售总公司工厂
440,编辑 删除,88A1,华彬饮料销售总公司工厂,郑州数据在线,2009,华彬饮料销售总公司工厂
441,编辑 删除,88A1,华彬饮料销售总公司工厂,包头数据在线,2008,华彬饮料销售总公司工厂
442,编辑 删除,88A1,华彬饮料销售总公司工厂,长春数据在线,2007,华彬饮料销售总公司工厂
443,编辑 删除,88A1,华彬饮料销售总公司工厂,哈尔滨数据在线,2006,华彬饮料销售总公司工厂
444,编辑 删除,88A1,华彬饮料销售总公司工厂,沈阳数据在线,2005,华彬饮料销售总公司工厂
445,编辑 删除,88A1,华彬饮料销售总公司工厂,北京京津港平谷,2004,华彬饮料销售总公司工厂
446,编辑 删除,88A1,华彬饮料销售总公司工厂,北京数据在线,2003,华彬饮料销售总公司工厂
447,编辑 删除,88A1,华彬饮料销售总公司工厂,太原数据在线,2002,华彬饮料销售总公司工厂
448,编辑 删除,88A1,华彬饮料销售总公司工厂,数据在线,2001,华彬饮料销售总公司工厂
449,编辑 删除,88A1,华彬饮料销售总公司工厂,南充全程,1014,华彬饮料销售总公司工厂
450,编辑 删除,88A1,华彬饮料销售总公司工厂,遵义全程,1013,华彬饮料销售总公司工厂
451,编辑 删除,88A1,华彬饮料销售总公司工厂,泉州全程,1012,华彬饮料销售总公司工厂
452,编辑 删除,88A1,华彬饮料销售总公司工厂,长春全程,1011,华彬饮料销售总公司工厂
453,编辑 删除,88A1,华彬饮料销售总公司工厂,贵港全程,1010,华彬饮料销售总公司工厂
454,编辑 删除,88A1,华彬饮料销售总公司工厂,哈尔滨全程,1009,华彬饮料销售总公司工厂
455,编辑 删除,88A1,华彬饮料销售总公司工厂,沈阳全程,1008,华彬饮料销售总公司工厂
456,编辑 删除,88A1,华彬饮料销售总公司工厂,柳州全程,1007,华彬饮料销售总公司工厂
457,编辑 删除,88A1,华彬饮料销售总公司工厂,南宁全程,1006,华彬饮料销售总公司工厂
458,编辑 删除,88A1,华彬饮料销售总公司工厂,福州全程,1005,华彬饮料销售总公司工厂
459,编辑 删除,88A1,华彬饮料销售总公司工厂,贵阳全程,1004,华彬饮料销售总公司工厂
460,编辑 删除,88A1,华彬饮料销售总公司工厂,重庆全程,1003,华彬饮料销售总公司工厂
461,编辑 删除,88A1,华彬饮料销售总公司工厂,成都全程,1002,华彬饮料销售总公司工厂
462,编辑 删除,88A1,华彬饮料销售总公司工厂,南昌全程,1001,华彬饮料销售总公司工厂
463,编辑 删除,88A1,华彬饮料销售总公司工厂,芙丝在途库,0099,华彬饮料销售总公司工厂
464,编辑 删除,88A1,华彬饮料销售总公司工厂,咸宁基地,0098,华彬饮料销售总公司工厂
465,编辑 删除,88A1,华彬饮料销售总公司工厂,怀柔基地,0097,华彬饮料销售总公司工厂
466,编辑 删除,88A1,华彬饮料销售总公司工厂,海口基地,0096,华彬饮料销售总公司工厂
467,编辑 删除,88A1,华彬饮料销售总公司工厂,佛山基地,0095,华彬饮料销售总公司工厂
468,编辑 删除,88A1,华彬饮料销售总公司工厂,江苏基地,0094,华彬饮料销售总公司工厂
469,编辑 删除,88A1,华彬饮料销售总公司工厂,百仕欣怀柔工厂,0093,华彬饮料销售总公司工厂
470,编辑 删除,88A1,华彬饮料销售总公司工厂,贵州基地,0091,华彬饮料销售总公司工厂
471,编辑 删除,88A1,华彬饮料销售总公司工厂,厦门基地,0090,华彬饮料销售总公司工厂
472,编辑 删除,88A1,华彬饮料销售总公司工厂,驻马店宝供,0043,华彬饮料销售总公司工厂
473,编辑 删除,88A1,华彬饮料销售总公司工厂,青岛宝供,0042,华彬饮料销售总公司工厂
474,编辑 删除,88A1,华彬饮料销售总公司工厂,淮安宝供,0041,华彬饮料销售总公司工厂
475,编辑 删除,88A1,华彬饮料销售总公司工厂,台州宝供,0040,华彬饮料销售总公司工厂
476,编辑 删除,88A1,华彬饮料销售总公司工厂,荆州宝供,0039,华彬饮料销售总公司工厂
477,编辑 删除,88A1,华彬饮料销售总公司工厂,衡阳宝供,0038,华彬饮料销售总公司工厂
478,编辑 删除,88A1,华彬饮料销售总公司工厂,大理宝供,0037,华彬饮料销售总公司工厂
479,编辑 删除,88A1,华彬饮料销售总公司工厂,金华宝供,0036,华彬饮料销售总公司工厂
480,编辑 删除,88A1,华彬饮料销售总公司工厂,邵阳宝供,0035,华彬饮料销售总公司工厂
481,编辑 删除,88A1,华彬饮料销售总公司工厂,包头宝供,0034,华彬饮料销售总公司工厂
482,编辑 删除,88A1,华彬饮料销售总公司工厂,东莞常平宝供,0033,华彬饮料销售总公司工厂
483,编辑 删除,88A1,华彬饮料销售总公司工厂,温州宝供,0032,华彬饮料销售总公司工厂
484,编辑 删除,88A1,华彬饮料销售总公司工厂,合肥宝供,0031,华彬饮料销售总公司工厂
485,编辑 删除,88A1,华彬饮料销售总公司工厂,西宁宝供,0030,华彬饮料销售总公司工厂
486,编辑 删除,88A1,华彬饮料销售总公司工厂,湛江宝供,0029,华彬饮料销售总公司工厂
487,编辑 删除,88A1,华彬饮料销售总公司工厂,库尔勒宝供,0028,华彬饮料销售总公司工厂
488,编辑 删除,88A1,华彬饮料销售总公司工厂,天津宝供,0027,华彬饮料销售总公司工厂
489,编辑 删除,88A1,华彬饮料销售总公司工厂,汕头宝供,0026,华彬饮料销售总公司工厂
490,编辑 删除,88A1,华彬饮料销售总公司工厂,佛山宝供,0025,华彬饮料销售总公司工厂
491,编辑 删除,88A1,华彬饮料销售总公司工厂,喀什宝供,0024,华彬饮料销售总公司工厂
492,编辑 删除,88A1,华彬饮料销售总公司工厂,东莞南城宝供,0023,华彬饮料销售总公司工厂
493,编辑 删除,88A1,华彬饮料销售总公司工厂,新疆宝供,0022,华彬饮料销售总公司工厂
494,编辑 删除,88A1,华彬饮料销售总公司工厂,兰州宝供,0021,华彬饮料销售总公司工厂
495,编辑 删除,88A1,华彬饮料销售总公司工厂,西安宝供,0020,华彬饮料销售总公司工厂
496,编辑 删除,88A1,华彬饮料销售总公司工厂,重庆宝供,0019,华彬饮料销售总公司工厂
497,编辑 删除,88A1,华彬饮料销售总公司工厂,贵阳宝供,0018,华彬饮料销售总公司工厂
498,编辑 删除,88A1,华彬饮料销售总公司工厂,昆明宝供,0017,华彬饮料销售总公司工厂
499,编辑 删除,88A1,华彬饮料销售总公司工厂,成都宝供,0016,华彬饮料销售总公司工厂
500,编辑 删除,88A1,华彬饮料销售总公司工厂,海口宝供,0015,华彬饮料销售总公司工厂
501,编辑 删除,88A1,华彬饮料销售总公司工厂,长沙宝供,0014,华彬饮料销售总公司工厂
502,编辑 删除,88A1,华彬饮料销售总公司工厂,深圳宝供,0013,华彬饮料销售总公司工厂
503,编辑 删除,88A1,华彬饮料销售总公司工厂,柳州宝供,0012,华彬饮料销售总公司工厂
504,编辑 删除,88A1,华彬饮料销售总公司工厂,南宁宝供,0011,华彬饮料销售总公司工厂
505,编辑 删除,88A1,华彬饮料销售总公司工厂,广州宝供,0010,华彬饮料销售总公司工厂
506,编辑 删除,88A1,华彬饮料销售总公司工厂,上海宝供,0009,华彬饮料销售总公司工厂
507,编辑 删除,88A1,华彬饮料销售总公司工厂,杭州宝供,0008,华彬饮料销售总公司工厂
508,编辑 删除,88A1,华彬饮料销售总公司工厂,福州宝供,0007,华彬饮料销售总公司工厂
509,编辑 删除,88A1,华彬饮料销售总公司工厂,南京宝供,0006,华彬饮料销售总公司工厂
510,编辑 删除,88A1,华彬饮料销售总公司工厂,济南宝供,0005,华彬饮料销售总公司工厂
511,编辑 删除,88A1,华彬饮料销售总公司工厂,武汉宝供,0004,华彬饮料销售总公司工厂
512,编辑 删除,88A1,华彬饮料销售总公司工厂,郑州宝供,0003,华彬饮料销售总公司工厂
513,编辑 删除,88A1,华彬饮料销售总公司工厂,沈阳宝供,0002,华彬饮料销售总公司工厂
514,编辑 删除,88A1,华彬饮料销售总公司工厂,华彬快消库存地,0001,华彬饮料销售总公司工厂
515,编辑 删除,88A1,华彬饮料销售总公司工厂,采购服务库位,0000,华彬饮料销售总公司工厂
516,编辑 删除,8805,红牛销售总公司战马宣传品零价值工厂,促销活动库存地,0004,红牛销售总公司战马宣传品零价值工厂
517,编辑 删除,8805,红牛销售总公司战马宣传品零价值工厂,礼品网站库存地,0003,红牛销售总公司战马宣传品零价值工厂
518,编辑 删除,8805,红牛销售总公司战马宣传品零价值工厂,广东大朗广宣品仓库,0002,红牛销售总公司战马宣传品零价值工厂
519,编辑 删除,8805,红牛销售总公司战马宣传品零价值工厂,北京怀柔广宣品仓库,0001,红牛销售总公司战马宣传品零价值工厂
520,编辑 删除,8804,红牛销售总公司战马宣传品工厂,促销活动库存地,0009,红牛销售总公司战马宣传品工厂
521,编辑 删除,8804,红牛销售总公司战马宣传品工厂,广东大朗（电子商务）库存地,0008,红牛销售总公司战马宣传品工厂
522,编辑 删除,8804,红牛销售总公司战马宣传品工厂,北京怀柔（电子商务）库存地,0007,红牛销售总公司战马宣传品工厂
523,编辑 删除,8804,红牛销售总公司战马宣传品工厂,北京华彬中心库存地,0006,红牛销售总公司战马宣传品工厂
524,编辑 删除,8804,红牛销售总公司战马宣传品工厂,营业单位第三方库存地,0005,红牛销售总公司战马宣传品工厂
525,编辑 删除,8804,红牛销售总公司战马宣传品工厂,供应商广宣品库存地,0004,红牛销售总公司战马宣传品工厂
526,编辑 删除,8804,红牛销售总公司战马宣传品工厂,礼品网站广宣品库存地,0003,红牛销售总公司战马宣传品工厂
527,编辑 删除,8804,红牛销售总公司战马宣传品工厂,广东大朗广宣品库存地,0002,红牛销售总公司战马宣传品工厂
528,编辑 删除,8804,红牛销售总公司战马宣传品工厂,北京怀柔广宣品库存地,0001,红牛销售总公司战马宣传品工厂
529,编辑 删除,8804,红牛销售总公司战马宣传品工厂,采购服务库位,0000,红牛销售总公司战马宣传品工厂
530,编辑 删除,8803,红牛销售总公司宣传品零价值工厂,北京数据在线库存地,2003,红牛销售总公司宣传品零价值工厂
531,编辑 删除,8803,红牛销售总公司宣传品零价值工厂,促销活动库存地,0004,红牛销售总公司宣传品零价值工厂
532,编辑 删除,8803,红牛销售总公司宣传品零价值工厂,礼品网站库存地,0003,红牛销售总公司宣传品零价值工厂
533,编辑 删除,8803,红牛销售总公司宣传品零价值工厂,广东大朗广宣品仓库,0002,红牛销售总公司宣传品零价值工厂
534,编辑 删除,8803,红牛销售总公司宣传品零价值工厂,北京怀柔广宣品仓库,0001,红牛销售总公司宣传品零价值工厂
535,编辑 删除,8802,红牛销售总公司宣传品工厂,促销活动库存地,0009,红牛销售总公司宣传品工厂
536,编辑 删除,8802,红牛销售总公司宣传品工厂,广东大朗（电子商务）库存地,0008,红牛销售总公司宣传品工厂
537,编辑 删除,8802,红牛销售总公司宣传品工厂,北京怀柔（电子商务）库存地,0007,红牛销售总公司宣传品工厂
538,编辑 删除,8802,红牛销售总公司宣传品工厂,北京华彬中心库存地,0006,红牛销售总公司宣传品工厂
539,编辑 删除,8802,红牛销售总公司宣传品工厂,营业单位第三方库存地,0005,红牛销售总公司宣传品工厂
540,编辑 删除,8802,红牛销售总公司宣传品工厂,供应商广宣品库存地,0004,红牛销售总公司宣传品工厂
541,编辑 删除,8802,红牛销售总公司宣传品工厂,礼品网站广宣品库存地,0003,红牛销售总公司宣传品工厂
542,编辑 删除,8802,红牛销售总公司宣传品工厂,广东大朗广宣品库存地,0002,红牛销售总公司宣传品工厂
543,编辑 删除,8802,红牛销售总公司宣传品工厂,北京怀柔广宣品库存地,0001,红牛销售总公司宣传品工厂
544,编辑 删除,8802,红牛销售总公司宣传品工厂,采购服务库位,0000,红牛销售总公司宣传品工厂
545,编辑 删除,8801,红牛销售总公司第三方物流工厂,西藏库位,XZ01,红牛销售总公司第三方物流工厂
546,编辑 删除,8801,红牛销售总公司第三方物流工厂,电商郑州仓,DS09,红牛销售总公司第三方物流工厂
547,编辑 删除,8801,红牛销售总公司第三方物流工厂,电商西安仓,DS08,红牛销售总公司第三方物流工厂
548,编辑 删除,8801,红牛销售总公司第三方物流工厂,电商沈阳仓,DS07,红牛销售总公司第三方物流工厂
549,编辑 删除,8801,红牛销售总公司第三方物流工厂,电商济南仓,DS06,红牛销售总公司第三方物流工厂
550,编辑 删除,8801,红牛销售总公司第三方物流工厂,电商成都仓,DS05,红牛销售总公司第三方物流工厂
551,编辑 删除,8801,红牛销售总公司第三方物流工厂,电商武汉仓,DS04,红牛销售总公司第三方物流工厂
552,编辑 删除,8801,红牛销售总公司第三方物流工厂,电商广州仓,DS03,红牛销售总公司第三方物流工厂
553,编辑 删除,8801,红牛销售总公司第三方物流工厂,电商天津仓,DS02,红牛销售总公司第三方物流工厂
554,编辑 删除,8801,红牛销售总公司第三方物流工厂,电商南京仓,DS01,红牛销售总公司第三方物流工厂
555,编辑 删除,8801,红牛销售总公司第三方物流工厂,天猫苏州仓,9018,红牛销售总公司第三方物流工厂
556,编辑 删除,8801,红牛销售总公司第三方物流工厂,天猫天津仓,9011,红牛销售总公司第三方物流工厂
557,编辑 删除,8801,红牛销售总公司第三方物流工厂,天猫广州仓,9008,红牛销售总公司第三方物流工厂
558,编辑 删除,8801,红牛销售总公司第三方物流工厂,天猫上海仓,9007,红牛销售总公司第三方物流工厂
559,编辑 删除,8801,红牛销售总公司第三方物流工厂,成品委外库存地,9003,红牛销售总公司第三方物流工厂
560,编辑 删除,8801,红牛销售总公司第三方物流工厂,委外库存地,9001,红牛销售总公司第三方物流工厂
561,编辑 删除,8801,红牛销售总公司第三方物流工厂,汕头睿通,6004,红牛销售总公司第三方物流工厂
562,编辑 删除,8801,红牛销售总公司第三方物流工厂,湛江睿通,6003,红牛销售总公司第三方物流工厂
563,编辑 删除,8801,红牛销售总公司第三方物流工厂,泉州睿通,6002,红牛销售总公司第三方物流工厂
564,编辑 删除,8801,红牛销售总公司第三方物流工厂,福州睿通,6001,红牛销售总公司第三方物流工厂
565,编辑 删除,8801,红牛销售总公司第三方物流工厂,南昌九裕,5001,红牛销售总公司第三方物流工厂
566,编辑 删除,8801,红牛销售总公司第三方物流工厂,百色神龙,4005,红牛销售总公司第三方物流工厂
567,编辑 删除,8801,红牛销售总公司第三方物流工厂,贵港神龙,4004,红牛销售总公司第三方物流工厂
568,编辑 删除,8801,红牛销售总公司第三方物流工厂,柳州神龙,4003,红牛销售总公司第三方物流工厂
569,编辑 删除,8801,红牛销售总公司第三方物流工厂,南宁神龙,4002,红牛销售总公司第三方物流工厂
570,编辑 删除,8801,红牛销售总公司第三方物流工厂,南充神龙,4001,红牛销售总公司第三方物流工厂
571,编辑 删除,8801,红牛销售总公司第三方物流工厂,成都神龙,4000,红牛销售总公司第三方物流工厂
572,编辑 删除,8801,红牛销售总公司第三方物流工厂,汕头安和,3001,红牛销售总公司第三方物流工厂
573,编辑 删除,8801,红牛销售总公司第三方物流工厂,湛江安和,3000,红牛销售总公司第三方物流工厂
574,编辑 删除,8801,红牛销售总公司第三方物流工厂,赣州数据在线,2053,红牛销售总公司第三方物流工厂
575,编辑 删除,8801,红牛销售总公司第三方物流工厂,进口品上海数据在线,2051,红牛销售总公司第三方物流工厂
576,编辑 删除,8801,红牛销售总公司第三方物流工厂,河北数据在线,2050,红牛销售总公司第三方物流工厂
577,编辑 删除,8801,红牛销售总公司第三方物流工厂,怀柔数据在线,2049,红牛销售总公司第三方物流工厂
578,编辑 删除,8801,红牛销售总公司第三方物流工厂,和田数据在线,2048,红牛销售总公司第三方物流工厂
579,编辑 删除,8801,红牛销售总公司第三方物流工厂,天津数据在线,2047,红牛销售总公司第三方物流工厂
580,编辑 删除,8801,红牛销售总公司第三方物流工厂,安康数据在线,2046,红牛销售总公司第三方物流工厂
581,编辑 删除,8801,红牛销售总公司第三方物流工厂,贵港数据在线,2045,红牛销售总公司第三方物流工厂
582,编辑 删除,8801,红牛销售总公司第三方物流工厂,柳州数据在线,2044,红牛销售总公司第三方物流工厂
583,编辑 删除,8801,红牛销售总公司第三方物流工厂,南宁数据在线,2043,红牛销售总公司第三方物流工厂
584,编辑 删除,8801,红牛销售总公司第三方物流工厂,海口数据在线,2042,红牛销售总公司第三方物流工厂
585,编辑 删除,8801,红牛销售总公司第三方物流工厂,东莞数据在线,2041,红牛销售总公司第三方物流工厂
586,编辑 删除,8801,红牛销售总公司第三方物流工厂,深圳数据在线,2040,红牛销售总公司第三方物流工厂
587,编辑 删除,8801,红牛销售总公司第三方物流工厂,广州数据在线,2039,红牛销售总公司第三方物流工厂
588,编辑 删除,8801,红牛销售总公司第三方物流工厂,南昌数据在线,2038,红牛销售总公司第三方物流工厂
589,编辑 删除,8801,红牛销售总公司第三方物流工厂,南充数据在线,2037,红牛销售总公司第三方物流工厂
590,编辑 删除,8801,红牛销售总公司第三方物流工厂,成都数据在线,2036,红牛销售总公司第三方物流工厂
591,编辑 删除,8801,红牛销售总公司第三方物流工厂,荆州数据在线,2035,红牛销售总公司第三方物流工厂
592,编辑 删除,8801,红牛销售总公司第三方物流工厂,衡阳数据在线,2034,红牛销售总公司第三方物流工厂
593,编辑 删除,8801,红牛销售总公司第三方物流工厂,邵阳数据在线,2033,红牛销售总公司第三方物流工厂
594,编辑 删除,8801,红牛销售总公司第三方物流工厂,长沙数据在线,2032,红牛销售总公司第三方物流工厂
595,编辑 删除,8801,红牛销售总公司第三方物流工厂,武汉数据在线,2031,红牛销售总公司第三方物流工厂
596,编辑 删除,8801,红牛销售总公司第三方物流工厂,遵义数据在线,2030,红牛销售总公司第三方物流工厂
597,编辑 删除,8801,红牛销售总公司第三方物流工厂,贵阳数据在线,2029,红牛销售总公司第三方物流工厂
598,编辑 删除,8801,红牛销售总公司第三方物流工厂,重庆数据在线,2028,红牛销售总公司第三方物流工厂
599,编辑 删除,8801,红牛销售总公司第三方物流工厂,大理数据在线,2027,红牛销售总公司第三方物流工厂
600,编辑 删除,8801,红牛销售总公司第三方物流工厂,昆明数据在线,2026,红牛销售总公司第三方物流工厂
601,编辑 删除,8801,红牛销售总公司第三方物流工厂,合肥数据在线,2025,红牛销售总公司第三方物流工厂
602,编辑 删除,8801,红牛销售总公司第三方物流工厂,上海数据在线,2024,红牛销售总公司第三方物流工厂
603,编辑 删除,8801,红牛销售总公司第三方物流工厂,南京数据在线,2023,红牛销售总公司第三方物流工厂
604,编辑 删除,8801,红牛销售总公司第三方物流工厂,台州数据在线,2022,红牛销售总公司第三方物流工厂
605,编辑 删除,8801,红牛销售总公司第三方物流工厂,金华数据在线,2021,红牛销售总公司第三方物流工厂
606,编辑 删除,8801,红牛销售总公司第三方物流工厂,杭州数据在线,2020,红牛销售总公司第三方物流工厂
607,编辑 删除,8801,红牛销售总公司第三方物流工厂,淮安数据在线,2019,红牛销售总公司第三方物流工厂
608,编辑 删除,8801,红牛销售总公司第三方物流工厂,青岛数据在线,2018,红牛销售总公司第三方物流工厂
609,编辑 删除,8801,红牛销售总公司第三方物流工厂,济南数据在线,2017,红牛销售总公司第三方物流工厂
610,编辑 删除,8801,红牛销售总公司第三方物流工厂,西宁数据在线,2016,红牛销售总公司第三方物流工厂
611,编辑 删除,8801,红牛销售总公司第三方物流工厂,库尔勒数据在线,2015,红牛销售总公司第三方物流工厂
612,编辑 删除,8801,红牛销售总公司第三方物流工厂,喀什数据在线,2014,红牛销售总公司第三方物流工厂
613,编辑 删除,8801,红牛销售总公司第三方物流工厂,西安数据在线,2013,红牛销售总公司第三方物流工厂
614,编辑 删除,8801,红牛销售总公司第三方物流工厂,兰州数据在线,2012,红牛销售总公司第三方物流工厂
615,编辑 删除,8801,红牛销售总公司第三方物流工厂,乌鲁木齐数据在线,2011,红牛销售总公司第三方物流工厂
616,编辑 删除,8801,红牛销售总公司第三方物流工厂,驻马店数据在线,2010,红牛销售总公司第三方物流工厂
617,编辑 删除,8801,红牛销售总公司第三方物流工厂,郑州数据在线,2009,红牛销售总公司第三方物流工厂
618,编辑 删除,8801,红牛销售总公司第三方物流工厂,包头数据在线,2008,红牛销售总公司第三方物流工厂
619,编辑 删除,8801,红牛销售总公司第三方物流工厂,长春数据在线,2007,红牛销售总公司第三方物流工厂
620,编辑 删除,8801,红牛销售总公司第三方物流工厂,哈尔滨数据在线,2006,红牛销售总公司第三方物流工厂
621,编辑 删除,8801,红牛销售总公司第三方物流工厂,沈阳数据在线,2005,红牛销售总公司第三方物流工厂
622,编辑 删除,8801,红牛销售总公司第三方物流工厂,北京京津港平谷,2004,红牛销售总公司第三方物流工厂
623,编辑 删除,8801,红牛销售总公司第三方物流工厂,北京数据在线,2003,红牛销售总公司第三方物流工厂
624,编辑 删除,8801,红牛销售总公司第三方物流工厂,太原数据在线,2002,红牛销售总公司第三方物流工厂
625,编辑 删除,8801,红牛销售总公司第三方物流工厂,数据在线,2001,红牛销售总公司第三方物流工厂
626,编辑 删除,8801,红牛销售总公司第三方物流工厂,南充全程,1014,红牛销售总公司第三方物流工厂
627,编辑 删除,8801,红牛销售总公司第三方物流工厂,遵义全程,1013,红牛销售总公司第三方物流工厂
628,编辑 删除,8801,红牛销售总公司第三方物流工厂,泉州全程,1012,红牛销售总公司第三方物流工厂
629,编辑 删除,8801,红牛销售总公司第三方物流工厂,长春全程,1011,红牛销售总公司第三方物流工厂
630,编辑 删除,8801,红牛销售总公司第三方物流工厂,贵港全程,1010,红牛销售总公司第三方物流工厂
631,编辑 删除,8801,红牛销售总公司第三方物流工厂,哈尔滨全程,1009,红牛销售总公司第三方物流工厂
632,编辑 删除,8801,红牛销售总公司第三方物流工厂,沈阳全程,1008,红牛销售总公司第三方物流工厂
633,编辑 删除,8801,红牛销售总公司第三方物流工厂,柳州全程,1007,红牛销售总公司第三方物流工厂
634,编辑 删除,8801,红牛销售总公司第三方物流工厂,南宁全程,1006,红牛销售总公司第三方物流工厂
635,编辑 删除,8801,红牛销售总公司第三方物流工厂,福州全程,1005,红牛销售总公司第三方物流工厂
636,编辑 删除,8801,红牛销售总公司第三方物流工厂,贵阳全程,1004,红牛销售总公司第三方物流工厂
637,编辑 删除,8801,红牛销售总公司第三方物流工厂,重庆全程,1003,红牛销售总公司第三方物流工厂
638,编辑 删除,8801,红牛销售总公司第三方物流工厂,成都全程,1002,红牛销售总公司第三方物流工厂
639,编辑 删除,8801,红牛销售总公司第三方物流工厂,南昌全程,1001,红牛销售总公司第三方物流工厂
640,编辑 删除,8801,红牛销售总公司第三方物流工厂,虚拟库存地,0099,红牛销售总公司第三方物流工厂
641,编辑 删除,8801,红牛销售总公司第三方物流工厂,咸宁基地,0098,红牛销售总公司第三方物流工厂
642,编辑 删除,8801,红牛销售总公司第三方物流工厂,怀柔基地,0097,红牛销售总公司第三方物流工厂
643,编辑 删除,8801,红牛销售总公司第三方物流工厂,海口基地,0096,红牛销售总公司第三方物流工厂
644,编辑 删除,8801,红牛销售总公司第三方物流工厂,佛山基地,0095,红牛销售总公司第三方物流工厂
645,编辑 删除,8801,红牛销售总公司第三方物流工厂,江苏基地,0094,红牛销售总公司第三方物流工厂
646,编辑 删除,8801,红牛销售总公司第三方物流工厂,百仕欣怀柔工厂,0093,红牛销售总公司第三方物流工厂
647,编辑 删除,8801,红牛销售总公司第三方物流工厂,贵州基地,0091,红牛销售总公司第三方物流工厂
648,编辑 删除,8801,红牛销售总公司第三方物流工厂,厦门基地,0090,红牛销售总公司第三方物流工厂
649,编辑 删除,8801,红牛销售总公司第三方物流工厂,驻马店宝供,0043,红牛销售总公司第三方物流工厂
650,编辑 删除,8801,红牛销售总公司第三方物流工厂,青岛宝供,0042,红牛销售总公司第三方物流工厂
651,编辑 删除,8801,红牛销售总公司第三方物流工厂,淮安宝供,0041,红牛销售总公司第三方物流工厂
652,编辑 删除,8801,红牛销售总公司第三方物流工厂,台州宝供,0040,红牛销售总公司第三方物流工厂
653,编辑 删除,8801,红牛销售总公司第三方物流工厂,荆州宝供,0039,红牛销售总公司第三方物流工厂
654,编辑 删除,8801,红牛销售总公司第三方物流工厂,衡阳宝供,0038,红牛销售总公司第三方物流工厂
655,编辑 删除,8801,红牛销售总公司第三方物流工厂,大理宝供,0037,红牛销售总公司第三方物流工厂
656,编辑 删除,8801,红牛销售总公司第三方物流工厂,金华宝供,0036,红牛销售总公司第三方物流工厂
657,编辑 删除,8801,红牛销售总公司第三方物流工厂,邵阳宝供,0035,红牛销售总公司第三方物流工厂
658,编辑 删除,8801,红牛销售总公司第三方物流工厂,包头宝供,0034,红牛销售总公司第三方物流工厂
659,编辑 删除,8801,红牛销售总公司第三方物流工厂,东莞常平宝供,0033,红牛销售总公司第三方物流工厂
660,编辑 删除,8801,红牛销售总公司第三方物流工厂,温州宝供,0032,红牛销售总公司第三方物流工厂
661,编辑 删除,8801,红牛销售总公司第三方物流工厂,合肥宝供,0031,红牛销售总公司第三方物流工厂
662,编辑 删除,8801,红牛销售总公司第三方物流工厂,西宁宝供,0030,红牛销售总公司第三方物流工厂
663,编辑 删除,8801,红牛销售总公司第三方物流工厂,湛江宝供,0029,红牛销售总公司第三方物流工厂
664,编辑 删除,8801,红牛销售总公司第三方物流工厂,库尔勒宝供,0028,红牛销售总公司第三方物流工厂
665,编辑 删除,8801,红牛销售总公司第三方物流工厂,天津宝供,0027,红牛销售总公司第三方物流工厂
666,编辑 删除,8801,红牛销售总公司第三方物流工厂,汕头宝供,0026,红牛销售总公司第三方物流工厂
667,编辑 删除,8801,红牛销售总公司第三方物流工厂,佛山宝供,0025,红牛销售总公司第三方物流工厂
668,编辑 删除,8801,红牛销售总公司第三方物流工厂,喀什宝供,0024,红牛销售总公司第三方物流工厂
669,编辑 删除,8801,红牛销售总公司第三方物流工厂,东莞南城宝供,0023,红牛销售总公司第三方物流工厂
670,编辑 删除,8801,红牛销售总公司第三方物流工厂,新疆宝供,0022,红牛销售总公司第三方物流工厂
671,编辑 删除,8801,红牛销售总公司第三方物流工厂,兰州宝供,0021,红牛销售总公司第三方物流工厂
672,编辑 删除,8801,红牛销售总公司第三方物流工厂,西安宝供,0020,红牛销售总公司第三方物流工厂
673,编辑 删除,8801,红牛销售总公司第三方物流工厂,重庆宝供,0019,红牛销售总公司第三方物流工厂
674,编辑 删除,8801,红牛销售总公司第三方物流工厂,贵阳宝供,0018,红牛销售总公司第三方物流工厂
675,编辑 删除,8801,红牛销售总公司第三方物流工厂,昆明宝供,0017,红牛销售总公司第三方物流工厂
676,编辑 删除,8801,红牛销售总公司第三方物流工厂,成都宝供,0016,红牛销售总公司第三方物流工厂
677,编辑 删除,8801,红牛销售总公司第三方物流工厂,海口宝供,0015,红牛销售总公司第三方物流工厂
678,编辑 删除,8801,红牛销售总公司第三方物流工厂,长沙宝供,0014,红牛销售总公司第三方物流工厂
679,编辑 删除,8801,红牛销售总公司第三方物流工厂,深圳宝供,0013,红牛销售总公司第三方物流工厂
680,编辑 删除,8801,红牛销售总公司第三方物流工厂,柳州宝供,0012,红牛销售总公司第三方物流工厂
681,编辑 删除,8801,红牛销售总公司第三方物流工厂,南宁宝供,0011,红牛销售总公司第三方物流工厂
682,编辑 删除,8801,红牛销售总公司第三方物流工厂,广州宝供,0010,红牛销售总公司第三方物流工厂
683,编辑 删除,8801,红牛销售总公司第三方物流工厂,上海宝供,0009,红牛销售总公司第三方物流工厂
684,编辑 删除,8801,红牛销售总公司第三方物流工厂,杭州宝供,0008,红牛销售总公司第三方物流工厂
685,编辑 删除,8801,红牛销售总公司第三方物流工厂,福州宝供,0007,红牛销售总公司第三方物流工厂
686,编辑 删除,8801,红牛销售总公司第三方物流工厂,南京宝供,0006,红牛销售总公司第三方物流工厂
687,编辑 删除,8801,红牛销售总公司第三方物流工厂,济南宝供,0005,红牛销售总公司第三方物流工厂
688,编辑 删除,8801,红牛销售总公司第三方物流工厂,武汉宝供,0004,红牛销售总公司第三方物流工厂
689,编辑 删除,8801,红牛销售总公司第三方物流工厂,郑州宝供,0003,红牛销售总公司第三方物流工厂
690,编辑 删除,8801,红牛销售总公司第三方物流工厂,沈阳宝供,0002,红牛销售总公司第三方物流工厂
691,编辑 删除,8801,红牛销售总公司第三方物流工厂,采购服务库位,0000,红牛销售总公司第三方物流工厂
692,编辑 删除,86A3,华彬饮料湖北销售公司宣传品零价值工厂,广东大朗广宣品仓库,0002,华彬饮料湖北销售公司宣传品零价值工厂
693,编辑 删除,86A3,华彬饮料湖北销售公司宣传品零价值工厂,北京怀柔广宣品仓库,0001,华彬饮料湖北销售公司宣传品零价值工厂
694,编辑 删除,86A2,华彬饮料湖北销售公司宣传品工厂,促销活动库存地,0009,华彬饮料湖北销售公司宣传品工厂
695,编辑 删除,86A2,华彬饮料湖北销售公司宣传品工厂,广东大朗（电子商务）库存地,0008,华彬饮料湖北销售公司宣传品工厂
696,编辑 删除,86A2,华彬饮料湖北销售公司宣传品工厂,北京怀柔（电子商务）库存地,0007,华彬饮料湖北销售公司宣传品工厂
697,编辑 删除,86A2,华彬饮料湖北销售公司宣传品工厂,北京华彬中心库存地,0006,华彬饮料湖北销售公司宣传品工厂
698,编辑 删除,86A2,华彬饮料湖北销售公司宣传品工厂,营业单位第三方库存地,0005,华彬饮料湖北销售公司宣传品工厂
699,编辑 删除,86A2,华彬饮料湖北销售公司宣传品工厂,供应商广宣品库存地,0004,华彬饮料湖北销售公司宣传品工厂
700,编辑 删除,86A2,华彬饮料湖北销售公司宣传品工厂,礼品网站广宣品库存地,0003,华彬饮料湖北销售公司宣传品工厂
701,编辑 删除,86A2,华彬饮料湖北销售公司宣传品工厂,广东大朗广宣品库存地,0002,华彬饮料湖北销售公司宣传品工厂
702,编辑 删除,86A2,华彬饮料湖北销售公司宣传品工厂,北京怀柔广宣品库存地,0001,华彬饮料湖北销售公司宣传品工厂
703,编辑 删除,86A2,华彬饮料湖北销售公司宣传品工厂,采购服务库位,0000,华彬饮料湖北销售公司宣传品工厂
704,编辑 删除,86A1,华彬饮料湖北销售公司工厂,西藏库位,XZ01,华彬饮料湖北销售公司工厂
705,编辑 删除,86A1,华彬饮料湖北销售公司工厂,电商郑州仓,DS09,华彬饮料湖北销售公司工厂
706,编辑 删除,86A1,华彬饮料湖北销售公司工厂,电商西安仓,DS08,华彬饮料湖北销售公司工厂
707,编辑 删除,86A1,华彬饮料湖北销售公司工厂,电商沈阳仓,DS07,华彬饮料湖北销售公司工厂
708,编辑 删除,86A1,华彬饮料湖北销售公司工厂,电商济南仓,DS06,华彬饮料湖北销售公司工厂
709,编辑 删除,86A1,华彬饮料湖北销售公司工厂,电商成都仓,DS05,华彬饮料湖北销售公司工厂
710,编辑 删除,86A1,华彬饮料湖北销售公司工厂,电商武汉仓,DS04,华彬饮料湖北销售公司工厂
711,编辑 删除,86A1,华彬饮料湖北销售公司工厂,电商广州仓,DS03,华彬饮料湖北销售公司工厂
712,编辑 删除,86A1,华彬饮料湖北销售公司工厂,电商天津仓,DS02,华彬饮料湖北销售公司工厂
713,编辑 删除,86A1,华彬饮料湖北销售公司工厂,电商南京仓,DS01,华彬饮料湖北销售公司工厂
714,编辑 删除,86A1,华彬饮料湖北销售公司工厂,天猫苏州仓,9018,华彬饮料湖北销售公司工厂
715,编辑 删除,86A1,华彬饮料湖北销售公司工厂,天猫佛山仓,9017,华彬饮料湖北销售公司工厂
716,编辑 删除,86A1,华彬饮料湖北销售公司工厂,天猫南京仓,9016,华彬饮料湖北销售公司工厂
717,编辑 删除,86A1,华彬饮料湖北销售公司工厂,天猫长沙仓,9014,华彬饮料湖北销售公司工厂
718,编辑 删除,86A1,华彬饮料湖北销售公司工厂,天猫天津仓,9011,华彬饮料湖北销售公司工厂
719,编辑 删除,86A1,华彬饮料湖北销售公司工厂,天猫广州仓,9008,华彬饮料湖北销售公司工厂
720,编辑 删除,86A1,华彬饮料湖北销售公司工厂,天猫上海仓,9007,华彬饮料湖北销售公司工厂
721,编辑 删除,86A1,华彬饮料湖北销售公司工厂,委外库存地,9001,华彬饮料湖北销售公司工厂
722,编辑 删除,86A1,华彬饮料湖北销售公司工厂,汕头睿通,6004,华彬饮料湖北销售公司工厂
723,编辑 删除,86A1,华彬饮料湖北销售公司工厂,湛江睿通,6003,华彬饮料湖北销售公司工厂
724,编辑 删除,86A1,华彬饮料湖北销售公司工厂,泉州睿通,6002,华彬饮料湖北销售公司工厂
725,编辑 删除,86A1,华彬饮料湖北销售公司工厂,福州睿通,6001,华彬饮料湖北销售公司工厂
726,编辑 删除,86A1,华彬饮料湖北销售公司工厂,南昌九裕,5001,华彬饮料湖北销售公司工厂
727,编辑 删除,86A1,华彬饮料湖北销售公司工厂,百色神龙,4005,华彬饮料湖北销售公司工厂
728,编辑 删除,86A1,华彬饮料湖北销售公司工厂,贵港神龙,4004,华彬饮料湖北销售公司工厂
729,编辑 删除,86A1,华彬饮料湖北销售公司工厂,柳州神龙,4003,华彬饮料湖北销售公司工厂
730,编辑 删除,86A1,华彬饮料湖北销售公司工厂,南宁神龙,4002,华彬饮料湖北销售公司工厂
731,编辑 删除,86A1,华彬饮料湖北销售公司工厂,南充神龙,4001,华彬饮料湖北销售公司工厂
732,编辑 删除,86A1,华彬饮料湖北销售公司工厂,成都神龙,4000,华彬饮料湖北销售公司工厂
733,编辑 删除,86A1,华彬饮料湖北销售公司工厂,汕头安和,3001,华彬饮料湖北销售公司工厂
734,编辑 删除,86A1,华彬饮料湖北销售公司工厂,湛江安和,3000,华彬饮料湖北销售公司工厂
735,编辑 删除,86A1,华彬饮料湖北销售公司工厂,赣州数据在线,2053,华彬饮料湖北销售公司工厂
736,编辑 删除,86A1,华彬饮料湖北销售公司工厂,进口品上海数据在线,2051,华彬饮料湖北销售公司工厂
737,编辑 删除,86A1,华彬饮料湖北销售公司工厂,河北数据在线,2050,华彬饮料湖北销售公司工厂
738,编辑 删除,86A1,华彬饮料湖北销售公司工厂,怀柔数据在线,2049,华彬饮料湖北销售公司工厂
739,编辑 删除,86A1,华彬饮料湖北销售公司工厂,和田数据在线,2048,华彬饮料湖北销售公司工厂
740,编辑 删除,86A1,华彬饮料湖北销售公司工厂,天津数据在线,2047,华彬饮料湖北销售公司工厂
741,编辑 删除,86A1,华彬饮料湖北销售公司工厂,安康数据在线,2046,华彬饮料湖北销售公司工厂
742,编辑 删除,86A1,华彬饮料湖北销售公司工厂,贵港数据在线,2045,华彬饮料湖北销售公司工厂
743,编辑 删除,86A1,华彬饮料湖北销售公司工厂,柳州数据在线,2044,华彬饮料湖北销售公司工厂
744,编辑 删除,86A1,华彬饮料湖北销售公司工厂,南宁数据在线,2043,华彬饮料湖北销售公司工厂
745,编辑 删除,86A1,华彬饮料湖北销售公司工厂,海口数据在线,2042,华彬饮料湖北销售公司工厂
746,编辑 删除,86A1,华彬饮料湖北销售公司工厂,东莞数据在线,2041,华彬饮料湖北销售公司工厂
747,编辑 删除,86A1,华彬饮料湖北销售公司工厂,深圳数据在线,2040,华彬饮料湖北销售公司工厂
748,编辑 删除,86A1,华彬饮料湖北销售公司工厂,佛山数据在线,2039,华彬饮料湖北销售公司工厂
749,编辑 删除,86A1,华彬饮料湖北销售公司工厂,南昌数据在线,2038,华彬饮料湖北销售公司工厂
750,编辑 删除,86A1,华彬饮料湖北销售公司工厂,南充数据在线,2037,华彬饮料湖北销售公司工厂
751,编辑 删除,86A1,华彬饮料湖北销售公司工厂,成都数据在线,2036,华彬饮料湖北销售公司工厂
752,编辑 删除,86A1,华彬饮料湖北销售公司工厂,荆州数据在线,2035,华彬饮料湖北销售公司工厂
753,编辑 删除,86A1,华彬饮料湖北销售公司工厂,衡阳数据在线,2034,华彬饮料湖北销售公司工厂
754,编辑 删除,86A1,华彬饮料湖北销售公司工厂,邵阳数据在线,2033,华彬饮料湖北销售公司工厂
755,编辑 删除,86A1,华彬饮料湖北销售公司工厂,长沙数据在线,2032,华彬饮料湖北销售公司工厂
756,编辑 删除,86A1,华彬饮料湖北销售公司工厂,武汉数据在线,2031,华彬饮料湖北销售公司工厂
757,编辑 删除,86A1,华彬饮料湖北销售公司工厂,遵义数据在线,2030,华彬饮料湖北销售公司工厂
758,编辑 删除,86A1,华彬饮料湖北销售公司工厂,贵阳数据在线,2029,华彬饮料湖北销售公司工厂
759,编辑 删除,86A1,华彬饮料湖北销售公司工厂,重庆数据在线,2028,华彬饮料湖北销售公司工厂
760,编辑 删除,86A1,华彬饮料湖北销售公司工厂,大理数据在线,2027,华彬饮料湖北销售公司工厂
761,编辑 删除,86A1,华彬饮料湖北销售公司工厂,昆明数据在线,2026,华彬饮料湖北销售公司工厂
762,编辑 删除,86A1,华彬饮料湖北销售公司工厂,合肥数据在线,2025,华彬饮料湖北销售公司工厂
763,编辑 删除,86A1,华彬饮料湖北销售公司工厂,上海数据在线,2024,华彬饮料湖北销售公司工厂
764,编辑 删除,86A1,华彬饮料湖北销售公司工厂,南京数据在线,2023,华彬饮料湖北销售公司工厂
765,编辑 删除,86A1,华彬饮料湖北销售公司工厂,台州数据在线,2022,华彬饮料湖北销售公司工厂
766,编辑 删除,86A1,华彬饮料湖北销售公司工厂,金华数据在线,2021,华彬饮料湖北销售公司工厂
767,编辑 删除,86A1,华彬饮料湖北销售公司工厂,杭州数据在线,2020,华彬饮料湖北销售公司工厂
768,编辑 删除,86A1,华彬饮料湖北销售公司工厂,淮安数据在线,2019,华彬饮料湖北销售公司工厂
769,编辑 删除,86A1,华彬饮料湖北销售公司工厂,青岛数据在线,2018,华彬饮料湖北销售公司工厂
770,编辑 删除,86A1,华彬饮料湖北销售公司工厂,济南数据在线,2017,华彬饮料湖北销售公司工厂
771,编辑 删除,86A1,华彬饮料湖北销售公司工厂,西宁数据在线,2016,华彬饮料湖北销售公司工厂
772,编辑 删除,86A1,华彬饮料湖北销售公司工厂,库尔勒数据在线,2015,华彬饮料湖北销售公司工厂
773,编辑 删除,86A1,华彬饮料湖北销售公司工厂,喀什数据在线,2014,华彬饮料湖北销售公司工厂
774,编辑 删除,86A1,华彬饮料湖北销售公司工厂,西安数据在线,2013,华彬饮料湖北销售公司工厂
775,编辑 删除,86A1,华彬饮料湖北销售公司工厂,兰州数据在线,2012,华彬饮料湖北销售公司工厂
776,编辑 删除,86A1,华彬饮料湖北销售公司工厂,乌鲁木齐数据在线,2011,华彬饮料湖北销售公司工厂
777,编辑 删除,86A1,华彬饮料湖北销售公司工厂,驻马店数据在线,2010,华彬饮料湖北销售公司工厂
778,编辑 删除,86A1,华彬饮料湖北销售公司工厂,郑州数据在线,2009,华彬饮料湖北销售公司工厂
779,编辑 删除,86A1,华彬饮料湖北销售公司工厂,包头数据在线,2008,华彬饮料湖北销售公司工厂
780,编辑 删除,86A1,华彬饮料湖北销售公司工厂,长春数据在线,2007,华彬饮料湖北销售公司工厂
781,编辑 删除,86A1,华彬饮料湖北销售公司工厂,哈尔滨数据在线,2006,华彬饮料湖北销售公司工厂
782,编辑 删除,86A1,华彬饮料湖北销售公司工厂,沈阳数据在线,2005,华彬饮料湖北销售公司工厂
783,编辑 删除,86A1,华彬饮料湖北销售公司工厂,北京京津港平谷,2004,华彬饮料湖北销售公司工厂
784,编辑 删除,86A1,华彬饮料湖北销售公司工厂,北京数据在线,2003,华彬饮料湖北销售公司工厂
785,编辑 删除,86A1,华彬饮料湖北销售公司工厂,太原数据在线,2002,华彬饮料湖北销售公司工厂
786,编辑 删除,86A1,华彬饮料湖北销售公司工厂,数据在线,2001,华彬饮料湖北销售公司工厂
787,编辑 删除,86A1,华彬饮料湖北销售公司工厂,虚拟库存地,0099,华彬饮料湖北销售公司工厂
788,编辑 删除,86A1,华彬饮料湖北销售公司工厂,咸宁基地,0098,华彬饮料湖北销售公司工厂
789,编辑 删除,86A1,华彬饮料湖北销售公司工厂,怀柔基地,0097,华彬饮料湖北销售公司工厂
790,编辑 删除,86A1,华彬饮料湖北销售公司工厂,海口基地,0096,华彬饮料湖北销售公司工厂
791,编辑 删除,86A1,华彬饮料湖北销售公司工厂,佛山基地,0095,华彬饮料湖北销售公司工厂
792,编辑 删除,86A1,华彬饮料湖北销售公司工厂,江苏基地,0094,华彬饮料湖北销售公司工厂
793,编辑 删除,86A1,华彬饮料湖北销售公司工厂,百仕欣怀柔工厂,0093,华彬饮料湖北销售公司工厂
794,编辑 删除,86A1,华彬饮料湖北销售公司工厂,贵州基地,0091,华彬饮料湖北销售公司工厂
795,编辑 删除,86A1,华彬饮料湖北销售公司工厂,厦门基地,0090,华彬饮料湖北销售公司工厂
796,编辑 删除,86A1,华彬饮料湖北销售公司工厂,采购服务库位,0000,华彬饮料湖北销售公司工厂
797,编辑 删除,8611,红牛江苏宜兴基地二期工厂,废品库,0008,红牛江苏宜兴基地二期工厂
798,编辑 删除,8611,红牛江苏宜兴基地二期工厂,二期成品库,0004,红牛江苏宜兴基地二期工厂
799,编辑 删除,8611,红牛江苏宜兴基地二期工厂,采购服务库位,0000,红牛江苏宜兴基地二期工厂
800,编辑 删除,8602,红牛江苏宜兴零价值工厂,在途-杭州,0006,红牛江苏宜兴零价值工厂
801,编辑 删除,8602,红牛江苏宜兴零价值工厂,在途-上海,0005,红牛江苏宜兴零价值工厂
802,编辑 删除,8602,红牛江苏宜兴零价值工厂,索赔库,0004,红牛江苏宜兴零价值工厂
803,编辑 删除,8602,红牛江苏宜兴零价值工厂,在用,0003,红牛江苏宜兴零价值工厂
804,编辑 删除,8602,红牛江苏宜兴零价值工厂,辅料库存地,0002,红牛江苏宜兴零价值工厂
805,编辑 删除,8602,红牛江苏宜兴零价值工厂,无价值备件库,0001,红牛江苏宜兴零价值工厂
806,编辑 删除,8601,红牛江苏宜兴基地一期工厂,促进物库位,9999,红牛江苏宜兴基地一期工厂
807,编辑 删除,8601,红牛江苏宜兴基地一期工厂,原料称料库,0099,红牛江苏宜兴基地一期工厂
808,编辑 删除,8601,红牛江苏宜兴基地一期工厂,二期在线库,0015,红牛江苏宜兴基地一期工厂
809,编辑 删除,8601,红牛江苏宜兴基地一期工厂,二期生产原料库,0011,红牛江苏宜兴基地一期工厂
810,编辑 删除,8601,红牛江苏宜兴基地一期工厂,废品库,0008,红牛江苏宜兴基地一期工厂
811,编辑 删除,8601,红牛江苏宜兴基地一期工厂,委外原材料库存地,0006,红牛江苏宜兴基地一期工厂
812,编辑 删除,8601,红牛江苏宜兴基地一期工厂,一期在线库,0005,红牛江苏宜兴基地一期工厂
813,编辑 删除,8601,红牛江苏宜兴基地一期工厂,一期成品库,0004,红牛江苏宜兴基地一期工厂
814,编辑 删除,8601,红牛江苏宜兴基地一期工厂,备品备件库,0003,红牛江苏宜兴基地一期工厂
815,编辑 删除,8601,红牛江苏宜兴基地一期工厂,一期生产辅料库,0002,红牛江苏宜兴基地一期工厂
816,编辑 删除,8601,红牛江苏宜兴基地一期工厂,一期生产原料库,0001,红牛江苏宜兴基地一期工厂
817,编辑 删除,8601,红牛江苏宜兴基地一期工厂,采购服务库位,0000,红牛江苏宜兴基地一期工厂
818,编辑 删除,85A3,华彬饮料贵州销售公司宣传品零价值工厂,广东大朗广宣品仓库,0002,华彬饮料贵州销售公司宣传品零价值工厂
819,编辑 删除,85A3,华彬饮料贵州销售公司宣传品零价值工厂,北京怀柔广宣品仓库,0001,华彬饮料贵州销售公司宣传品零价值工厂
820,编辑 删除,85A2,华彬饮料贵州销售公司宣传品工厂,促销活动库存地,0009,华彬饮料贵州销售公司宣传品工厂
821,编辑 删除,85A2,华彬饮料贵州销售公司宣传品工厂,广东大朗（电子商务）库存地,0008,华彬饮料贵州销售公司宣传品工厂
822,编辑 删除,85A2,华彬饮料贵州销售公司宣传品工厂,北京怀柔（电子商务）库存地,0007,华彬饮料贵州销售公司宣传品工厂
823,编辑 删除,85A2,华彬饮料贵州销售公司宣传品工厂,北京华彬中心库存地,0006,华彬饮料贵州销售公司宣传品工厂
824,编辑 删除,85A2,华彬饮料贵州销售公司宣传品工厂,营业单位第三方库存地,0005,华彬饮料贵州销售公司宣传品工厂
825,编辑 删除,85A2,华彬饮料贵州销售公司宣传品工厂,供应商广宣品库存地,0004,华彬饮料贵州销售公司宣传品工厂
826,编辑 删除,85A2,华彬饮料贵州销售公司宣传品工厂,礼品网站广宣品库存地,0003,华彬饮料贵州销售公司宣传品工厂
827,编辑 删除,85A2,华彬饮料贵州销售公司宣传品工厂,广东大朗广宣品库存地,0002,华彬饮料贵州销售公司宣传品工厂
828,编辑 删除,85A2,华彬饮料贵州销售公司宣传品工厂,北京怀柔广宣品库存地,0001,华彬饮料贵州销售公司宣传品工厂
829,编辑 删除,85A2,华彬饮料贵州销售公司宣传品工厂,采购服务库位,0000,华彬饮料贵州销售公司宣传品工厂
830,编辑 删除,85A1,华彬饮料贵州销售公司工厂,西藏库位,XZ01,华彬饮料贵州销售公司工厂
831,编辑 删除,85A1,华彬饮料贵州销售公司工厂,电商郑州仓,DS09,华彬饮料贵州销售公司工厂
832,编辑 删除,85A1,华彬饮料贵州销售公司工厂,电商西安仓,DS08,华彬饮料贵州销售公司工厂
833,编辑 删除,85A1,华彬饮料贵州销售公司工厂,电商沈阳仓,DS07,华彬饮料贵州销售公司工厂
834,编辑 删除,85A1,华彬饮料贵州销售公司工厂,电商济南仓,DS06,华彬饮料贵州销售公司工厂
835,编辑 删除,85A1,华彬饮料贵州销售公司工厂,电商成都仓,DS05,华彬饮料贵州销售公司工厂
836,编辑 删除,85A1,华彬饮料贵州销售公司工厂,电商武汉仓,DS04,华彬饮料贵州销售公司工厂
837,编辑 删除,85A1,华彬饮料贵州销售公司工厂,电商广州仓,DS03,华彬饮料贵州销售公司工厂
838,编辑 删除,85A1,华彬饮料贵州销售公司工厂,电商天津仓,DS02,华彬饮料贵州销售公司工厂
839,编辑 删除,85A1,华彬饮料贵州销售公司工厂,电商南京仓,DS01,华彬饮料贵州销售公司工厂
840,编辑 删除,85A1,华彬饮料贵州销售公司工厂,天猫苏州仓,9018,华彬饮料贵州销售公司工厂
841,编辑 删除,85A1,华彬饮料贵州销售公司工厂,天猫佛山仓,9017,华彬饮料贵州销售公司工厂
842,编辑 删除,85A1,华彬饮料贵州销售公司工厂,天猫南京仓,9016,华彬饮料贵州销售公司工厂
843,编辑 删除,85A1,华彬饮料贵州销售公司工厂,天猫天津仓,9011,华彬饮料贵州销售公司工厂
844,编辑 删除,85A1,华彬饮料贵州销售公司工厂,天猫广州仓,9008,华彬饮料贵州销售公司工厂
845,编辑 删除,85A1,华彬饮料贵州销售公司工厂,天猫上海仓,9007,华彬饮料贵州销售公司工厂
846,编辑 删除,85A1,华彬饮料贵州销售公司工厂,委外库存地,9001,华彬饮料贵州销售公司工厂
847,编辑 删除,85A1,华彬饮料贵州销售公司工厂,汕头睿通,6004,华彬饮料贵州销售公司工厂
848,编辑 删除,85A1,华彬饮料贵州销售公司工厂,湛江睿通,6003,华彬饮料贵州销售公司工厂
849,编辑 删除,85A1,华彬饮料贵州销售公司工厂,泉州睿通,6002,华彬饮料贵州销售公司工厂
850,编辑 删除,85A1,华彬饮料贵州销售公司工厂,福州睿通,6001,华彬饮料贵州销售公司工厂
851,编辑 删除,85A1,华彬饮料贵州销售公司工厂,南昌九裕,5001,华彬饮料贵州销售公司工厂
852,编辑 删除,85A1,华彬饮料贵州销售公司工厂,百色神龙,4005,华彬饮料贵州销售公司工厂
853,编辑 删除,85A1,华彬饮料贵州销售公司工厂,贵港神龙,4004,华彬饮料贵州销售公司工厂
854,编辑 删除,85A1,华彬饮料贵州销售公司工厂,柳州神龙,4003,华彬饮料贵州销售公司工厂
855,编辑 删除,85A1,华彬饮料贵州销售公司工厂,南宁神龙,4002,华彬饮料贵州销售公司工厂
856,编辑 删除,85A1,华彬饮料贵州销售公司工厂,南充神龙,4001,华彬饮料贵州销售公司工厂
857,编辑 删除,85A1,华彬饮料贵州销售公司工厂,成都神龙,4000,华彬饮料贵州销售公司工厂
858,编辑 删除,85A1,华彬饮料贵州销售公司工厂,汕头安和,3001,华彬饮料贵州销售公司工厂
859,编辑 删除,85A1,华彬饮料贵州销售公司工厂,湛江安和,3000,华彬饮料贵州销售公司工厂
860,编辑 删除,85A1,华彬饮料贵州销售公司工厂,赣州数据在线,2053,华彬饮料贵州销售公司工厂
861,编辑 删除,85A1,华彬饮料贵州销售公司工厂,进口品上海数据在线,2051,华彬饮料贵州销售公司工厂
862,编辑 删除,85A1,华彬饮料贵州销售公司工厂,河北数据在线,2050,华彬饮料贵州销售公司工厂
863,编辑 删除,85A1,华彬饮料贵州销售公司工厂,怀柔数据在线,2049,华彬饮料贵州销售公司工厂
864,编辑 删除,85A1,华彬饮料贵州销售公司工厂,和田数据在线,2048,华彬饮料贵州销售公司工厂
865,编辑 删除,85A1,华彬饮料贵州销售公司工厂,天津数据在线,2047,华彬饮料贵州销售公司工厂
866,编辑 删除,85A1,华彬饮料贵州销售公司工厂,安康数据在线,2046,华彬饮料贵州销售公司工厂
867,编辑 删除,85A1,华彬饮料贵州销售公司工厂,贵港数据在线,2045,华彬饮料贵州销售公司工厂
868,编辑 删除,85A1,华彬饮料贵州销售公司工厂,柳州数据在线,2044,华彬饮料贵州销售公司工厂
869,编辑 删除,85A1,华彬饮料贵州销售公司工厂,南宁数据在线,2043,华彬饮料贵州销售公司工厂
870,编辑 删除,85A1,华彬饮料贵州销售公司工厂,海口数据在线,2042,华彬饮料贵州销售公司工厂
871,编辑 删除,85A1,华彬饮料贵州销售公司工厂,东莞数据在线,2041,华彬饮料贵州销售公司工厂
872,编辑 删除,85A1,华彬饮料贵州销售公司工厂,深圳数据在线,2040,华彬饮料贵州销售公司工厂
873,编辑 删除,85A1,华彬饮料贵州销售公司工厂,佛山数据在线,2039,华彬饮料贵州销售公司工厂
874,编辑 删除,85A1,华彬饮料贵州销售公司工厂,南昌数据在线,2038,华彬饮料贵州销售公司工厂
875,编辑 删除,85A1,华彬饮料贵州销售公司工厂,南充数据在线,2037,华彬饮料贵州销售公司工厂
876,编辑 删除,85A1,华彬饮料贵州销售公司工厂,成都数据在线,2036,华彬饮料贵州销售公司工厂
877,编辑 删除,85A1,华彬饮料贵州销售公司工厂,荆州数据在线,2035,华彬饮料贵州销售公司工厂
878,编辑 删除,85A1,华彬饮料贵州销售公司工厂,衡阳数据在线,2034,华彬饮料贵州销售公司工厂
879,编辑 删除,85A1,华彬饮料贵州销售公司工厂,邵阳数据在线,2033,华彬饮料贵州销售公司工厂
880,编辑 删除,85A1,华彬饮料贵州销售公司工厂,长沙数据在线,2032,华彬饮料贵州销售公司工厂
881,编辑 删除,85A1,华彬饮料贵州销售公司工厂,武汉数据在线,2031,华彬饮料贵州销售公司工厂
882,编辑 删除,85A1,华彬饮料贵州销售公司工厂,遵义数据在线,2030,华彬饮料贵州销售公司工厂
883,编辑 删除,85A1,华彬饮料贵州销售公司工厂,贵阳数据在线,2029,华彬饮料贵州销售公司工厂
884,编辑 删除,85A1,华彬饮料贵州销售公司工厂,重庆数据在线,2028,华彬饮料贵州销售公司工厂
885,编辑 删除,85A1,华彬饮料贵州销售公司工厂,大理数据在线,2027,华彬饮料贵州销售公司工厂
886,编辑 删除,85A1,华彬饮料贵州销售公司工厂,昆明数据在线,2026,华彬饮料贵州销售公司工厂
887,编辑 删除,85A1,华彬饮料贵州销售公司工厂,合肥数据在线,2025,华彬饮料贵州销售公司工厂
888,编辑 删除,85A1,华彬饮料贵州销售公司工厂,上海数据在线,2024,华彬饮料贵州销售公司工厂
889,编辑 删除,85A1,华彬饮料贵州销售公司工厂,南京数据在线,2023,华彬饮料贵州销售公司工厂
890,编辑 删除,85A1,华彬饮料贵州销售公司工厂,台州数据在线,2022,华彬饮料贵州销售公司工厂
891,编辑 删除,85A1,华彬饮料贵州销售公司工厂,金华数据在线,2021,华彬饮料贵州销售公司工厂
892,编辑 删除,85A1,华彬饮料贵州销售公司工厂,杭州数据在线,2020,华彬饮料贵州销售公司工厂
893,编辑 删除,85A1,华彬饮料贵州销售公司工厂,淮安数据在线,2019,华彬饮料贵州销售公司工厂
894,编辑 删除,85A1,华彬饮料贵州销售公司工厂,青岛数据在线,2018,华彬饮料贵州销售公司工厂
895,编辑 删除,85A1,华彬饮料贵州销售公司工厂,济南数据在线,2017,华彬饮料贵州销售公司工厂
896,编辑 删除,85A1,华彬饮料贵州销售公司工厂,西宁数据在线,2016,华彬饮料贵州销售公司工厂
897,编辑 删除,85A1,华彬饮料贵州销售公司工厂,库尔勒数据在线,2015,华彬饮料贵州销售公司工厂
898,编辑 删除,85A1,华彬饮料贵州销售公司工厂,喀什数据在线,2014,华彬饮料贵州销售公司工厂
899,编辑 删除,85A1,华彬饮料贵州销售公司工厂,西安数据在线,2013,华彬饮料贵州销售公司工厂
900,编辑 删除,85A1,华彬饮料贵州销售公司工厂,兰州数据在线,2012,华彬饮料贵州销售公司工厂
901,编辑 删除,85A1,华彬饮料贵州销售公司工厂,乌鲁木齐数据在线,2011,华彬饮料贵州销售公司工厂
902,编辑 删除,85A1,华彬饮料贵州销售公司工厂,驻马店数据在线,2010,华彬饮料贵州销售公司工厂
903,编辑 删除,85A1,华彬饮料贵州销售公司工厂,郑州数据在线,2009,华彬饮料贵州销售公司工厂
904,编辑 删除,85A1,华彬饮料贵州销售公司工厂,包头数据在线,2008,华彬饮料贵州销售公司工厂
905,编辑 删除,85A1,华彬饮料贵州销售公司工厂,长春数据在线,2007,华彬饮料贵州销售公司工厂
906,编辑 删除,85A1,华彬饮料贵州销售公司工厂,哈尔滨数据在线,2006,华彬饮料贵州销售公司工厂
907,编辑 删除,85A1,华彬饮料贵州销售公司工厂,沈阳数据在线,2005,华彬饮料贵州销售公司工厂
908,编辑 删除,85A1,华彬饮料贵州销售公司工厂,北京京津港平谷,2004,华彬饮料贵州销售公司工厂
909,编辑 删除,85A1,华彬饮料贵州销售公司工厂,北京数据在线,2003,华彬饮料贵州销售公司工厂
910,编辑 删除,85A1,华彬饮料贵州销售公司工厂,太原数据在线,2002,华彬饮料贵州销售公司工厂
911,编辑 删除,85A1,华彬饮料贵州销售公司工厂,数据在线,2001,华彬饮料贵州销售公司工厂
912,编辑 删除,85A1,华彬饮料贵州销售公司工厂,虚拟库存地,0099,华彬饮料贵州销售公司工厂
913,编辑 删除,85A1,华彬饮料贵州销售公司工厂,咸宁基地,0098,华彬饮料贵州销售公司工厂
914,编辑 删除,85A1,华彬饮料贵州销售公司工厂,怀柔基地,0097,华彬饮料贵州销售公司工厂
915,编辑 删除,85A1,华彬饮料贵州销售公司工厂,海口基地,0096,华彬饮料贵州销售公司工厂
916,编辑 删除,85A1,华彬饮料贵州销售公司工厂,佛山基地,0095,华彬饮料贵州销售公司工厂
917,编辑 删除,85A1,华彬饮料贵州销售公司工厂,江苏基地,0094,华彬饮料贵州销售公司工厂
918,编辑 删除,85A1,华彬饮料贵州销售公司工厂,百仕欣怀柔工厂,0093,华彬饮料贵州销售公司工厂
919,编辑 删除,85A1,华彬饮料贵州销售公司工厂,贵州基地,0091,华彬饮料贵州销售公司工厂
920,编辑 删除,85A1,华彬饮料贵州销售公司工厂,厦门基地,0090,华彬饮料贵州销售公司工厂
921,编辑 删除,85A1,华彬饮料贵州销售公司工厂,采购服务库位,0000,华彬饮料贵州销售公司工厂
922,编辑 删除,8594,广东基地湖北奥瑞金委外工厂,称料委外库存地,9099,广东基地湖北奥瑞金委外工厂
923,编辑 删除,8594,广东基地湖北奥瑞金委外工厂,辅料委外库存地,9010,广东基地湖北奥瑞金委外工厂
924,编辑 删除,8594,广东基地湖北奥瑞金委外工厂,次品委外库存地,9008,广东基地湖北奥瑞金委外工厂
925,编辑 删除,8594,广东基地湖北奥瑞金委外工厂,在线库委外库存地,9005,广东基地湖北奥瑞金委外工厂
926,编辑 删除,8594,广东基地湖北奥瑞金委外工厂,成品委外库存地,9004,广东基地湖北奥瑞金委外工厂
927,编辑 删除,8594,广东基地湖北奥瑞金委外工厂,原材料委外库存地,9001,广东基地湖北奥瑞金委外工厂
928,编辑 删除,8594,广东基地湖北奥瑞金委外工厂,汕头睿通,6004,广东基地湖北奥瑞金委外工厂
929,编辑 删除,8594,广东基地湖北奥瑞金委外工厂,湛江睿通,6003,广东基地湖北奥瑞金委外工厂
930,编辑 删除,8594,广东基地湖北奥瑞金委外工厂,泉州睿通,6002,广东基地湖北奥瑞金委外工厂
931,编辑 删除,8594,广东基地湖北奥瑞金委外工厂,福州睿通,6001,广东基地湖北奥瑞金委外工厂
932,编辑 删除,8594,广东基地湖北奥瑞金委外工厂,南昌九裕,5001,广东基地湖北奥瑞金委外工厂
933,编辑 删除,8594,广东基地湖北奥瑞金委外工厂,百色神龙,4005,广东基地湖北奥瑞金委外工厂
934,编辑 删除,8594,广东基地湖北奥瑞金委外工厂,贵港神龙,4004,广东基地湖北奥瑞金委外工厂
935,编辑 删除,8594,广东基地湖北奥瑞金委外工厂,柳州神龙,4003,广东基地湖北奥瑞金委外工厂
936,编辑 删除,8594,广东基地湖北奥瑞金委外工厂,南宁神龙,4002,广东基地湖北奥瑞金委外工厂
937,编辑 删除,8594,广东基地湖北奥瑞金委外工厂,南充神龙,4001,广东基地湖北奥瑞金委外工厂
938,编辑 删除,8594,广东基地湖北奥瑞金委外工厂,成都神龙,4000,广东基地湖北奥瑞金委外工厂
939,编辑 删除,8594,广东基地湖北奥瑞金委外工厂,汕头安和,3001,广东基地湖北奥瑞金委外工厂
940,编辑 删除,8594,广东基地湖北奥瑞金委外工厂,湛江安和,3000,广东基地湖北奥瑞金委外工厂
941,编辑 删除,8594,广东基地湖北奥瑞金委外工厂,怀柔数据在线,2049,广东基地湖北奥瑞金委外工厂
942,编辑 删除,8594,广东基地湖北奥瑞金委外工厂,和田数据在线,2048,广东基地湖北奥瑞金委外工厂
943,编辑 删除,8594,广东基地湖北奥瑞金委外工厂,天津数据在线,2047,广东基地湖北奥瑞金委外工厂
944,编辑 删除,8594,广东基地湖北奥瑞金委外工厂,贵港数据在线,2045,广东基地湖北奥瑞金委外工厂
945,编辑 删除,8594,广东基地湖北奥瑞金委外工厂,柳州数据在线,2044,广东基地湖北奥瑞金委外工厂
946,编辑 删除,8594,广东基地湖北奥瑞金委外工厂,南宁数据在线,2043,广东基地湖北奥瑞金委外工厂
947,编辑 删除,8594,广东基地湖北奥瑞金委外工厂,海口数据在线,2042,广东基地湖北奥瑞金委外工厂
948,编辑 删除,8594,广东基地湖北奥瑞金委外工厂,东莞数据在线,2041,广东基地湖北奥瑞金委外工厂
949,编辑 删除,8594,广东基地湖北奥瑞金委外工厂,深圳数据在线,2040,广东基地湖北奥瑞金委外工厂
950,编辑 删除,8594,广东基地湖北奥瑞金委外工厂,广州数据在线,2039,广东基地湖北奥瑞金委外工厂
951,编辑 删除,8594,广东基地湖北奥瑞金委外工厂,南昌数据在线,2038,广东基地湖北奥瑞金委外工厂
952,编辑 删除,8594,广东基地湖北奥瑞金委外工厂,南充数据在线,2037,广东基地湖北奥瑞金委外工厂
953,编辑 删除,8594,广东基地湖北奥瑞金委外工厂,成都数据在线,2036,广东基地湖北奥瑞金委外工厂
954,编辑 删除,8594,广东基地湖北奥瑞金委外工厂,荆州数据在线,2035,广东基地湖北奥瑞金委外工厂
955,编辑 删除,8594,广东基地湖北奥瑞金委外工厂,衡阳数据在线,2034,广东基地湖北奥瑞金委外工厂
956,编辑 删除,8594,广东基地湖北奥瑞金委外工厂,邵阳数据在线,2033,广东基地湖北奥瑞金委外工厂
957,编辑 删除,8594,广东基地湖北奥瑞金委外工厂,长沙数据在线,2032,广东基地湖北奥瑞金委外工厂
958,编辑 删除,8594,广东基地湖北奥瑞金委外工厂,武汉数据在线,2031,广东基地湖北奥瑞金委外工厂
959,编辑 删除,8594,广东基地湖北奥瑞金委外工厂,遵义数据在线,2030,广东基地湖北奥瑞金委外工厂
960,编辑 删除,8594,广东基地湖北奥瑞金委外工厂,贵阳数据在线,2029,广东基地湖北奥瑞金委外工厂
961,编辑 删除,8594,广东基地湖北奥瑞金委外工厂,重庆数据在线,2028,广东基地湖北奥瑞金委外工厂
962,编辑 删除,8594,广东基地湖北奥瑞金委外工厂,大理数据在线,2027,广东基地湖北奥瑞金委外工厂
963,编辑 删除,8594,广东基地湖北奥瑞金委外工厂,昆明数据在线,2026,广东基地湖北奥瑞金委外工厂
964,编辑 删除,8594,广东基地湖北奥瑞金委外工厂,合肥数据在线,2025,广东基地湖北奥瑞金委外工厂
965,编辑 删除,8594,广东基地湖北奥瑞金委外工厂,上海数据在线,2024,广东基地湖北奥瑞金委外工厂
966,编辑 删除,8594,广东基地湖北奥瑞金委外工厂,南京数据在线,2023,广东基地湖北奥瑞金委外工厂
967,编辑 删除,8594,广东基地湖北奥瑞金委外工厂,台州数据在线,2022,广东基地湖北奥瑞金委外工厂
968,编辑 删除,8594,广东基地湖北奥瑞金委外工厂,金华数据在线,2021,广东基地湖北奥瑞金委外工厂
969,编辑 删除,8594,广东基地湖北奥瑞金委外工厂,杭州数据在线,2020,广东基地湖北奥瑞金委外工厂
970,编辑 删除,8594,广东基地湖北奥瑞金委外工厂,淮安数据在线,2019,广东基地湖北奥瑞金委外工厂
971,编辑 删除,8594,广东基地湖北奥瑞金委外工厂,青岛数据在线,2018,广东基地湖北奥瑞金委外工厂
972,编辑 删除,8594,广东基地湖北奥瑞金委外工厂,济南数据在线,2017,广东基地湖北奥瑞金委外工厂
973,编辑 删除,8594,广东基地湖北奥瑞金委外工厂,西宁数据在线,2016,广东基地湖北奥瑞金委外工厂
974,编辑 删除,8594,广东基地湖北奥瑞金委外工厂,库尔勒数据在线,2015,广东基地湖北奥瑞金委外工厂
975,编辑 删除,8594,广东基地湖北奥瑞金委外工厂,喀什数据在线,2014,广东基地湖北奥瑞金委外工厂
976,编辑 删除,8594,广东基地湖北奥瑞金委外工厂,西安数据在线,2013,广东基地湖北奥瑞金委外工厂
977,编辑 删除,8594,广东基地湖北奥瑞金委外工厂,兰州数据在线,2012,广东基地湖北奥瑞金委外工厂
978,编辑 删除,8594,广东基地湖北奥瑞金委外工厂,乌鲁木齐数据在线,2011,广东基地湖北奥瑞金委外工厂
979,编辑 删除,8594,广东基地湖北奥瑞金委外工厂,驻马店数据在线,2010,广东基地湖北奥瑞金委外工厂
980,编辑 删除,8594,广东基地湖北奥瑞金委外工厂,郑州数据在线,2009,广东基地湖北奥瑞金委外工厂
981,编辑 删除,8594,广东基地湖北奥瑞金委外工厂,包头数据在线,2008,广东基地湖北奥瑞金委外工厂
982,编辑 删除,8594,广东基地湖北奥瑞金委外工厂,长春数据在线,2007,广东基地湖北奥瑞金委外工厂
983,编辑 删除,8594,广东基地湖北奥瑞金委外工厂,哈尔滨数据在线,2006,广东基地湖北奥瑞金委外工厂
984,编辑 删除,8594,广东基地湖北奥瑞金委外工厂,沈阳数据在线,2005,广东基地湖北奥瑞金委外工厂
985,编辑 删除,8594,广东基地湖北奥瑞金委外工厂,北京京津港平谷,2004,广东基地湖北奥瑞金委外工厂
986,编辑 删除,8594,广东基地湖北奥瑞金委外工厂,北京数据在线,2003,广东基地湖北奥瑞金委外工厂
987,编辑 删除,8594,广东基地湖北奥瑞金委外工厂,太原数据在线,2002,广东基地湖北奥瑞金委外工厂
988,编辑 删除,8594,广东基地湖北奥瑞金委外工厂,数据在线,2001,广东基地湖北奥瑞金委外工厂
989,编辑 删除,8594,广东基地湖北奥瑞金委外工厂,虚拟库存地,0099,广东基地湖北奥瑞金委外工厂
990,编辑 删除,8594,广东基地湖北奥瑞金委外工厂,咸宁基地,0098,广东基地湖北奥瑞金委外工厂
991,编辑 删除,8594,广东基地湖北奥瑞金委外工厂,怀柔基地,0097,广东基地湖北奥瑞金委外工厂
992,编辑 删除,8594,广东基地湖北奥瑞金委外工厂,海口基地,0096,广东基地湖北奥瑞金委外工厂
993,编辑 删除,8594,广东基地湖北奥瑞金委外工厂,佛山基地,0095,广东基地湖北奥瑞金委外工厂
994,编辑 删除,8594,广东基地湖北奥瑞金委外工厂,江苏基地,0094,广东基地湖北奥瑞金委外工厂
995,编辑 删除,8594,广东基地湖北奥瑞金委外工厂,百仕欣怀柔工厂,0093,广东基地湖北奥瑞金委外工厂
996,编辑 删除,8594,广东基地湖北奥瑞金委外工厂,采购服务库位,0000,广东基地湖北奥瑞金委外工厂
997,编辑 删除,8521,红牛广州三水基地五号/六号线工厂,废品库,0008,红牛广州三水基地五号/六号线工厂
998,编辑 删除,8521,红牛广州三水基地五号/六号线工厂,五/六号线成品库,0004,红牛广州三水基地五号/六号线工厂
999,编辑 删除,8521,红牛广州三水基地五号/六号线工厂,采购服务库位,0000,红牛广州三水基地五号/六号线工厂
1000,编辑 删除,8511,红牛广州三水基地三号/四号线工厂,废品库,0008,红牛广州三水基地三号/四号线工厂
1001,编辑 删除,8511,红牛广州三水基地三号/四号线工厂,三/四号线成品库,0004,红牛广州三水基地三号/四号线工厂
1002,编辑 删除,8511,红牛广州三水基地三号/四号线工厂,采购服务库位,0000,红牛广州三水基地三号/四号线工厂
1003,编辑 删除,8502,红牛广州三水零价值工厂,三期无价值备件库,0012,红牛广州三水零价值工厂
1004,编辑 删除,8502,红牛广州三水零价值工厂,二期无价值备件库,0011,红牛广州三水零价值工厂
1005,编辑 删除,8502,红牛广州三水零价值工厂,辅料库存地,0002,红牛广州三水零价值工厂
1006,编辑 删除,8502,红牛广州三水零价值工厂,一期无价值备件库,0001,红牛广州三水零价值工厂
1007,编辑 删除,8501,红牛广州三水基地一号/二号线工厂,促进物库位,9999,红牛广州三水基地一号/二号线工厂
1008,编辑 删除,8501,红牛广州三水基地一号/二号线工厂,原料称料库,0099,红牛广州三水基地一号/二号线工厂
1009,编辑 删除,8501,红牛广州三水基地一号/二号线工厂,集中称料库,0098,红牛广州三水基地一号/二号线工厂
1010,编辑 删除,8501,红牛广州三水基地一号/二号线工厂,液体糖专用库,0027,红牛广州三水基地一号/二号线工厂
1011,编辑 删除,8501,红牛广州三水基地一号/二号线工厂,三期水暖备件库,0026,红牛广州三水基地一号/二号线工厂
1012,编辑 删除,8501,红牛广州三水基地一号/二号线工厂,三期电气备件库,0025,红牛广州三水基地一号/二号线工厂
1013,编辑 删除,8501,红牛广州三水基地一号/二号线工厂,三期机械备件库,0024,红牛广州三水基地一号/二号线工厂
1014,编辑 删除,8501,红牛广州三水基地一号/二号线工厂,二期水暖备件库,0023,红牛广州三水基地一号/二号线工厂
1015,编辑 删除,8501,红牛广州三水基地一号/二号线工厂,二期电气备件库,0022,红牛广州三水基地一号/二号线工厂
1016,编辑 删除,8501,红牛广州三水基地一号/二号线工厂,二期机械备件库,0021,红牛广州三水基地一号/二号线工厂
1017,编辑 删除,8501,红牛广州三水基地一号/二号线工厂,五/六号线在线库,0016,红牛广州三水基地一号/二号线工厂
1018,编辑 删除,8501,红牛广州三水基地一号/二号线工厂,五/六号线生产辅料库,0015,红牛广州三水基地一号/二号线工厂
1019,编辑 删除,8501,红牛广州三水基地一号/二号线工厂,五/六号线生产原料库,0014,红牛广州三水基地一号/二号线工厂
1020,编辑 删除,8501,红牛广州三水基地一号/二号线工厂,一期水暖备件库,0013,红牛广州三水基地一号/二号线工厂
1021,编辑 删除,8501,红牛广州三水基地一号/二号线工厂,一期电器备件库,0012,红牛广州三水基地一号/二号线工厂
1022,编辑 删除,8501,红牛广州三水基地一号/二号线工厂,三/四号线在线库,0011,红牛广州三水基地一号/二号线工厂
1023,编辑 删除,8501,红牛广州三水基地一号/二号线工厂,三/四号线生产辅料库,0010,红牛广州三水基地一号/二号线工厂
1024,编辑 删除,8501,红牛广州三水基地一号/二号线工厂,三/四号线生产原料库,0009,红牛广州三水基地一号/二号线工厂
1025,编辑 删除,8501,红牛广州三水基地一号/二号线工厂,废品库,0008,红牛广州三水基地一号/二号线工厂
1026,编辑 删除,8501,红牛广州三水基地一号/二号线工厂,委外原材料库存地,0006,红牛广州三水基地一号/二号线工厂
1027,编辑 删除,8501,红牛广州三水基地一号/二号线工厂,一/二号线在线库,0005,红牛广州三水基地一号/二号线工厂
1028,编辑 删除,8501,红牛广州三水基地一号/二号线工厂,一/二号线成品库,0004,红牛广州三水基地一号/二号线工厂
1029,编辑 删除,8501,红牛广州三水基地一号/二号线工厂,一期机械备件库,0003,红牛广州三水基地一号/二号线工厂
1030,编辑 删除,8501,红牛广州三水基地一号/二号线工厂,一/二号线生产辅料库,0002,红牛广州三水基地一号/二号线工厂
1031,编辑 删除,8501,红牛广州三水基地一号/二号线工厂,一/二号线生产原料库,0001,红牛广州三水基地一号/二号线工厂
1032,编辑 删除,8501,红牛广州三水基地一号/二号线工厂,采购服务库位,0000,红牛广州三水基地一号/二号线工厂
1033,编辑 删除,84A3,华彬饮料福建销售公司宣传品零价值工厂,广东大朗广宣品仓库,0002,华彬饮料福建销售公司宣传品零价值工厂
1034,编辑 删除,84A3,华彬饮料福建销售公司宣传品零价值工厂,北京怀柔广宣品仓库,0001,华彬饮料福建销售公司宣传品零价值工厂
1035,编辑 删除,84A2,华彬饮料福建销售公司宣传品工厂,促销活动库存地,0009,华彬饮料福建销售公司宣传品工厂
1036,编辑 删除,84A2,华彬饮料福建销售公司宣传品工厂,广东大朗（电子商务）库存地,0008,华彬饮料福建销售公司宣传品工厂
1037,编辑 删除,84A2,华彬饮料福建销售公司宣传品工厂,北京怀柔（电子商务）库存地,0007,华彬饮料福建销售公司宣传品工厂
1038,编辑 删除,84A2,华彬饮料福建销售公司宣传品工厂,北京华彬中心库存地,0006,华彬饮料福建销售公司宣传品工厂
1039,编辑 删除,84A2,华彬饮料福建销售公司宣传品工厂,营业单位第三方库存地,0005,华彬饮料福建销售公司宣传品工厂
1040,编辑 删除,84A2,华彬饮料福建销售公司宣传品工厂,供应商广宣品库存地,0004,华彬饮料福建销售公司宣传品工厂
1041,编辑 删除,84A2,华彬饮料福建销售公司宣传品工厂,礼品网站广宣品库存地,0003,华彬饮料福建销售公司宣传品工厂
1042,编辑 删除,84A2,华彬饮料福建销售公司宣传品工厂,广东大朗广宣品库存地,0002,华彬饮料福建销售公司宣传品工厂
1043,编辑 删除,84A2,华彬饮料福建销售公司宣传品工厂,北京怀柔广宣品库存地,0001,华彬饮料福建销售公司宣传品工厂
1044,编辑 删除,84A2,华彬饮料福建销售公司宣传品工厂,采购服务库位,0000,华彬饮料福建销售公司宣传品工厂
1045,编辑 删除,84A1,华彬饮料福建销售公司工厂,西藏库位,XZ01,华彬饮料福建销售公司工厂
1046,编辑 删除,84A1,华彬饮料福建销售公司工厂,电商郑州仓,DS09,华彬饮料福建销售公司工厂
1047,编辑 删除,84A1,华彬饮料福建销售公司工厂,电商西安仓,DS08,华彬饮料福建销售公司工厂
1048,编辑 删除,84A1,华彬饮料福建销售公司工厂,电商沈阳仓,DS07,华彬饮料福建销售公司工厂
1049,编辑 删除,84A1,华彬饮料福建销售公司工厂,电商济南仓,DS06,华彬饮料福建销售公司工厂
1050,编辑 删除,84A1,华彬饮料福建销售公司工厂,电商成都仓,DS05,华彬饮料福建销售公司工厂
1051,编辑 删除,84A1,华彬饮料福建销售公司工厂,电商武汉仓,DS04,华彬饮料福建销售公司工厂
1052,编辑 删除,84A1,华彬饮料福建销售公司工厂,电商广州仓,DS03,华彬饮料福建销售公司工厂
1053,编辑 删除,84A1,华彬饮料福建销售公司工厂,电商天津仓,DS02,华彬饮料福建销售公司工厂
1054,编辑 删除,84A1,华彬饮料福建销售公司工厂,电商南京仓,DS01,华彬饮料福建销售公司工厂
1055,编辑 删除,84A1,华彬饮料福建销售公司工厂,天猫苏州仓,9018,华彬饮料福建销售公司工厂
1056,编辑 删除,84A1,华彬饮料福建销售公司工厂,天猫佛山仓,9017,华彬饮料福建销售公司工厂
1057,编辑 删除,84A1,华彬饮料福建销售公司工厂,天猫南京仓,9016,华彬饮料福建销售公司工厂
1058,编辑 删除,84A1,华彬饮料福建销售公司工厂,天猫湖北仓,9012,华彬饮料福建销售公司工厂
1059,编辑 删除,84A1,华彬饮料福建销售公司工厂,天猫天津仓,9011,华彬饮料福建销售公司工厂
1060,编辑 删除,84A1,华彬饮料福建销售公司工厂,天猫广州仓,9008,华彬饮料福建销售公司工厂
1061,编辑 删除,84A1,华彬饮料福建销售公司工厂,天猫上海仓,9007,华彬饮料福建销售公司工厂
1062,编辑 删除,84A1,华彬饮料福建销售公司工厂,委外库存地,9001,华彬饮料福建销售公司工厂
1063,编辑 删除,84A1,华彬饮料福建销售公司工厂,汕头睿通,6004,华彬饮料福建销售公司工厂
1064,编辑 删除,84A1,华彬饮料福建销售公司工厂,湛江睿通,6003,华彬饮料福建销售公司工厂
1065,编辑 删除,84A1,华彬饮料福建销售公司工厂,泉州睿通,6002,华彬饮料福建销售公司工厂
1066,编辑 删除,84A1,华彬饮料福建销售公司工厂,福州睿通,6001,华彬饮料福建销售公司工厂
1067,编辑 删除,84A1,华彬饮料福建销售公司工厂,南昌九裕,5001,华彬饮料福建销售公司工厂
1068,编辑 删除,84A1,华彬饮料福建销售公司工厂,百色神龙,4005,华彬饮料福建销售公司工厂
1069,编辑 删除,84A1,华彬饮料福建销售公司工厂,贵港神龙,4004,华彬饮料福建销售公司工厂
1070,编辑 删除,84A1,华彬饮料福建销售公司工厂,柳州神龙,4003,华彬饮料福建销售公司工厂
1071,编辑 删除,84A1,华彬饮料福建销售公司工厂,南宁神龙,4002,华彬饮料福建销售公司工厂
1072,编辑 删除,84A1,华彬饮料福建销售公司工厂,南充神龙,4001,华彬饮料福建销售公司工厂
1073,编辑 删除,84A1,华彬饮料福建销售公司工厂,成都神龙,4000,华彬饮料福建销售公司工厂
1074,编辑 删除,84A1,华彬饮料福建销售公司工厂,汕头安和,3001,华彬饮料福建销售公司工厂
1075,编辑 删除,84A1,华彬饮料福建销售公司工厂,湛江安和,3000,华彬饮料福建销售公司工厂
1076,编辑 删除,84A1,华彬饮料福建销售公司工厂,赣州数据在线,2053,华彬饮料福建销售公司工厂
1077,编辑 删除,84A1,华彬饮料福建销售公司工厂,进口品上海数据在线,2051,华彬饮料福建销售公司工厂
1078,编辑 删除,84A1,华彬饮料福建销售公司工厂,河北数据在线,2050,华彬饮料福建销售公司工厂
1079,编辑 删除,84A1,华彬饮料福建销售公司工厂,怀柔数据在线,2049,华彬饮料福建销售公司工厂
1080,编辑 删除,84A1,华彬饮料福建销售公司工厂,和田数据在线,2048,华彬饮料福建销售公司工厂
1081,编辑 删除,84A1,华彬饮料福建销售公司工厂,天津数据在线,2047,华彬饮料福建销售公司工厂
1082,编辑 删除,84A1,华彬饮料福建销售公司工厂,安康数据在线,2046,华彬饮料福建销售公司工厂
1083,编辑 删除,84A1,华彬饮料福建销售公司工厂,贵港数据在线,2045,华彬饮料福建销售公司工厂
1084,编辑 删除,84A1,华彬饮料福建销售公司工厂,柳州数据在线,2044,华彬饮料福建销售公司工厂
1085,编辑 删除,84A1,华彬饮料福建销售公司工厂,南宁数据在线,2043,华彬饮料福建销售公司工厂
1086,编辑 删除,84A1,华彬饮料福建销售公司工厂,海口数据在线,2042,华彬饮料福建销售公司工厂
1087,编辑 删除,84A1,华彬饮料福建销售公司工厂,东莞数据在线,2041,华彬饮料福建销售公司工厂
1088,编辑 删除,84A1,华彬饮料福建销售公司工厂,深圳数据在线,2040,华彬饮料福建销售公司工厂
1089,编辑 删除,84A1,华彬饮料福建销售公司工厂,佛山数据在线,2039,华彬饮料福建销售公司工厂
1090,编辑 删除,84A1,华彬饮料福建销售公司工厂,南昌数据在线,2038,华彬饮料福建销售公司工厂
1091,编辑 删除,84A1,华彬饮料福建销售公司工厂,南充数据在线,2037,华彬饮料福建销售公司工厂
1092,编辑 删除,84A1,华彬饮料福建销售公司工厂,成都数据在线,2036,华彬饮料福建销售公司工厂
1093,编辑 删除,84A1,华彬饮料福建销售公司工厂,荆州数据在线,2035,华彬饮料福建销售公司工厂
1094,编辑 删除,84A1,华彬饮料福建销售公司工厂,衡阳数据在线,2034,华彬饮料福建销售公司工厂
1095,编辑 删除,84A1,华彬饮料福建销售公司工厂,邵阳数据在线,2033,华彬饮料福建销售公司工厂
1096,编辑 删除,84A1,华彬饮料福建销售公司工厂,长沙数据在线,2032,华彬饮料福建销售公司工厂
1097,编辑 删除,84A1,华彬饮料福建销售公司工厂,武汉数据在线,2031,华彬饮料福建销售公司工厂
1098,编辑 删除,84A1,华彬饮料福建销售公司工厂,遵义数据在线,2030,华彬饮料福建销售公司工厂
1099,编辑 删除,84A1,华彬饮料福建销售公司工厂,贵阳数据在线,2029,华彬饮料福建销售公司工厂
1100,编辑 删除,84A1,华彬饮料福建销售公司工厂,重庆数据在线,2028,华彬饮料福建销售公司工厂
1101,编辑 删除,84A1,华彬饮料福建销售公司工厂,大理数据在线,2027,华彬饮料福建销售公司工厂
1102,编辑 删除,84A1,华彬饮料福建销售公司工厂,昆明数据在线,2026,华彬饮料福建销售公司工厂
1103,编辑 删除,84A1,华彬饮料福建销售公司工厂,合肥数据在线,2025,华彬饮料福建销售公司工厂
1104,编辑 删除,84A1,华彬饮料福建销售公司工厂,上海数据在线,2024,华彬饮料福建销售公司工厂
1105,编辑 删除,84A1,华彬饮料福建销售公司工厂,南京数据在线,2023,华彬饮料福建销售公司工厂
1106,编辑 删除,84A1,华彬饮料福建销售公司工厂,台州数据在线,2022,华彬饮料福建销售公司工厂
1107,编辑 删除,84A1,华彬饮料福建销售公司工厂,金华数据在线,2021,华彬饮料福建销售公司工厂
1108,编辑 删除,84A1,华彬饮料福建销售公司工厂,杭州数据在线,2020,华彬饮料福建销售公司工厂
1109,编辑 删除,84A1,华彬饮料福建销售公司工厂,淮安数据在线,2019,华彬饮料福建销售公司工厂
1110,编辑 删除,84A1,华彬饮料福建销售公司工厂,青岛数据在线,2018,华彬饮料福建销售公司工厂
1111,编辑 删除,84A1,华彬饮料福建销售公司工厂,济南数据在线,2017,华彬饮料福建销售公司工厂
1112,编辑 删除,84A1,华彬饮料福建销售公司工厂,西宁数据在线,2016,华彬饮料福建销售公司工厂
1113,编辑 删除,84A1,华彬饮料福建销售公司工厂,库尔勒数据在线,2015,华彬饮料福建销售公司工厂
1114,编辑 删除,84A1,华彬饮料福建销售公司工厂,喀什数据在线,2014,华彬饮料福建销售公司工厂
1115,编辑 删除,84A1,华彬饮料福建销售公司工厂,西安数据在线,2013,华彬饮料福建销售公司工厂
1116,编辑 删除,84A1,华彬饮料福建销售公司工厂,兰州数据在线,2012,华彬饮料福建销售公司工厂
1117,编辑 删除,84A1,华彬饮料福建销售公司工厂,乌鲁木齐数据在线,2011,华彬饮料福建销售公司工厂
1118,编辑 删除,84A1,华彬饮料福建销售公司工厂,驻马店数据在线,2010,华彬饮料福建销售公司工厂
1119,编辑 删除,84A1,华彬饮料福建销售公司工厂,郑州数据在线,2009,华彬饮料福建销售公司工厂
1120,编辑 删除,84A1,华彬饮料福建销售公司工厂,包头数据在线,2008,华彬饮料福建销售公司工厂
1121,编辑 删除,84A1,华彬饮料福建销售公司工厂,长春数据在线,2007,华彬饮料福建销售公司工厂
1122,编辑 删除,84A1,华彬饮料福建销售公司工厂,哈尔滨数据在线,2006,华彬饮料福建销售公司工厂
1123,编辑 删除,84A1,华彬饮料福建销售公司工厂,沈阳数据在线,2005,华彬饮料福建销售公司工厂
1124,编辑 删除,84A1,华彬饮料福建销售公司工厂,北京京津港平谷,2004,华彬饮料福建销售公司工厂
1125,编辑 删除,84A1,华彬饮料福建销售公司工厂,北京数据在线,2003,华彬饮料福建销售公司工厂
1126,编辑 删除,84A1,华彬饮料福建销售公司工厂,太原数据在线,2002,华彬饮料福建销售公司工厂
1127,编辑 删除,84A1,华彬饮料福建销售公司工厂,数据在线,2001,华彬饮料福建销售公司工厂
1128,编辑 删除,84A1,华彬饮料福建销售公司工厂,虚拟库存地,0099,华彬饮料福建销售公司工厂
1129,编辑 删除,84A1,华彬饮料福建销售公司工厂,咸宁基地,0098,华彬饮料福建销售公司工厂
1130,编辑 删除,84A1,华彬饮料福建销售公司工厂,怀柔基地,0097,华彬饮料福建销售公司工厂
1131,编辑 删除,84A1,华彬饮料福建销售公司工厂,海口基地,0096,华彬饮料福建销售公司工厂
1132,编辑 删除,84A1,华彬饮料福建销售公司工厂,佛山基地,0095,华彬饮料福建销售公司工厂
1133,编辑 删除,84A1,华彬饮料福建销售公司工厂,江苏基地,0094,华彬饮料福建销售公司工厂
1134,编辑 删除,84A1,华彬饮料福建销售公司工厂,百仕欣怀柔工厂,0093,华彬饮料福建销售公司工厂
1135,编辑 删除,84A1,华彬饮料福建销售公司工厂,贵州基地,0091,华彬饮料福建销售公司工厂
1136,编辑 删除,84A1,华彬饮料福建销售公司工厂,厦门基地,0090,华彬饮料福建销售公司工厂
1137,编辑 删除,84A1,华彬饮料福建销售公司工厂,采购服务库位,0000,华彬饮料福建销售公司工厂
1138,编辑 删除,8491,朗臣奥瑞金委托工厂,称料库存地,9099,朗臣奥瑞金委托工厂
1139,编辑 删除,8491,朗臣奥瑞金委托工厂,在线库存地,9005,朗臣奥瑞金委托工厂
1140,编辑 删除,8491,朗臣奥瑞金委托工厂,成品委外库存地,9004,朗臣奥瑞金委托工厂
1141,编辑 删除,8491,朗臣奥瑞金委托工厂,原材料委外库存地,9001,朗臣奥瑞金委托工厂
1142,编辑 删除,8491,朗臣奥瑞金委托工厂,汕头睿通,6004,朗臣奥瑞金委托工厂
1143,编辑 删除,8491,朗臣奥瑞金委托工厂,湛江睿通,6003,朗臣奥瑞金委托工厂
1144,编辑 删除,8491,朗臣奥瑞金委托工厂,泉州睿通,6002,朗臣奥瑞金委托工厂
1145,编辑 删除,8491,朗臣奥瑞金委托工厂,福州睿通,6001,朗臣奥瑞金委托工厂
1146,编辑 删除,8491,朗臣奥瑞金委托工厂,赣州数据在线,2053,朗臣奥瑞金委托工厂
1147,编辑 删除,8491,朗臣奥瑞金委托工厂,河北数据在线,2050,朗臣奥瑞金委托工厂
1148,编辑 删除,8491,朗臣奥瑞金委托工厂,和田数据在线,2048,朗臣奥瑞金委托工厂
1149,编辑 删除,8491,朗臣奥瑞金委托工厂,天津数据在线,2047,朗臣奥瑞金委托工厂
1150,编辑 删除,8491,朗臣奥瑞金委托工厂,贵港数据在线,2045,朗臣奥瑞金委托工厂
1151,编辑 删除,8491,朗臣奥瑞金委托工厂,柳州数据在线,2044,朗臣奥瑞金委托工厂
1152,编辑 删除,8491,朗臣奥瑞金委托工厂,南宁数据在线,2043,朗臣奥瑞金委托工厂
1153,编辑 删除,8491,朗臣奥瑞金委托工厂,海口数据在线,2042,朗臣奥瑞金委托工厂
1154,编辑 删除,8491,朗臣奥瑞金委托工厂,东莞数据在线,2041,朗臣奥瑞金委托工厂
1155,编辑 删除,8491,朗臣奥瑞金委托工厂,深圳数据在线,2040,朗臣奥瑞金委托工厂
1156,编辑 删除,8491,朗臣奥瑞金委托工厂,广州数据在线,2039,朗臣奥瑞金委托工厂
1157,编辑 删除,8491,朗臣奥瑞金委托工厂,南昌数据在线,2038,朗臣奥瑞金委托工厂
1158,编辑 删除,8491,朗臣奥瑞金委托工厂,南充数据在线,2037,朗臣奥瑞金委托工厂
1159,编辑 删除,8491,朗臣奥瑞金委托工厂,成都数据在线,2036,朗臣奥瑞金委托工厂
1160,编辑 删除,8491,朗臣奥瑞金委托工厂,荆州数据在线,2035,朗臣奥瑞金委托工厂
1161,编辑 删除,8491,朗臣奥瑞金委托工厂,衡阳数据在线,2034,朗臣奥瑞金委托工厂
1162,编辑 删除,8491,朗臣奥瑞金委托工厂,邵阳数据在线,2033,朗臣奥瑞金委托工厂
1163,编辑 删除,8491,朗臣奥瑞金委托工厂,长沙数据在线,2032,朗臣奥瑞金委托工厂
1164,编辑 删除,8491,朗臣奥瑞金委托工厂,武汉数据在线,2031,朗臣奥瑞金委托工厂
1165,编辑 删除,8491,朗臣奥瑞金委托工厂,遵义数据在线,2030,朗臣奥瑞金委托工厂
1166,编辑 删除,8491,朗臣奥瑞金委托工厂,贵阳数据在线,2029,朗臣奥瑞金委托工厂
1167,编辑 删除,8491,朗臣奥瑞金委托工厂,重庆数据在线,2028,朗臣奥瑞金委托工厂
1168,编辑 删除,8491,朗臣奥瑞金委托工厂,大理数据在线,2027,朗臣奥瑞金委托工厂
1169,编辑 删除,8491,朗臣奥瑞金委托工厂,昆明数据在线,2026,朗臣奥瑞金委托工厂
1170,编辑 删除,8491,朗臣奥瑞金委托工厂,合肥数据在线,2025,朗臣奥瑞金委托工厂
1171,编辑 删除,8491,朗臣奥瑞金委托工厂,上海数据在线,2024,朗臣奥瑞金委托工厂
1172,编辑 删除,8491,朗臣奥瑞金委托工厂,南京数据在线,2023,朗臣奥瑞金委托工厂
1173,编辑 删除,8491,朗臣奥瑞金委托工厂,台州数据在线,2022,朗臣奥瑞金委托工厂
1174,编辑 删除,8491,朗臣奥瑞金委托工厂,金华数据在线,2021,朗臣奥瑞金委托工厂
1175,编辑 删除,8491,朗臣奥瑞金委托工厂,杭州数据在线,2020,朗臣奥瑞金委托工厂
1176,编辑 删除,8491,朗臣奥瑞金委托工厂,淮安数据在线,2019,朗臣奥瑞金委托工厂
1177,编辑 删除,8491,朗臣奥瑞金委托工厂,青岛数据在线,2018,朗臣奥瑞金委托工厂
1178,编辑 删除,8491,朗臣奥瑞金委托工厂,济南数据在线,2017,朗臣奥瑞金委托工厂
1179,编辑 删除,8491,朗臣奥瑞金委托工厂,西宁数据在线,2016,朗臣奥瑞金委托工厂
1180,编辑 删除,8491,朗臣奥瑞金委托工厂,库尔勒数据在线,2015,朗臣奥瑞金委托工厂
1181,编辑 删除,8491,朗臣奥瑞金委托工厂,喀什数据在线,2014,朗臣奥瑞金委托工厂
1182,编辑 删除,8491,朗臣奥瑞金委托工厂,西安数据在线,2013,朗臣奥瑞金委托工厂
1183,编辑 删除,8491,朗臣奥瑞金委托工厂,兰州数据在线,2012,朗臣奥瑞金委托工厂
1184,编辑 删除,8491,朗臣奥瑞金委托工厂,乌鲁木齐数据在线,2011,朗臣奥瑞金委托工厂
1185,编辑 删除,8491,朗臣奥瑞金委托工厂,驻马店数据在线,2010,朗臣奥瑞金委托工厂
1186,编辑 删除,8491,朗臣奥瑞金委托工厂,郑州数据在线,2009,朗臣奥瑞金委托工厂
1187,编辑 删除,8491,朗臣奥瑞金委托工厂,包头数据在线,2008,朗臣奥瑞金委托工厂
1188,编辑 删除,8491,朗臣奥瑞金委托工厂,长春数据在线,2007,朗臣奥瑞金委托工厂
1189,编辑 删除,8491,朗臣奥瑞金委托工厂,哈尔滨数据在线,2006,朗臣奥瑞金委托工厂
1190,编辑 删除,8491,朗臣奥瑞金委托工厂,沈阳数据在线,2005,朗臣奥瑞金委托工厂
1191,编辑 删除,8491,朗臣奥瑞金委托工厂,北京平谷数据在线,2004,朗臣奥瑞金委托工厂
1192,编辑 删除,8491,朗臣奥瑞金委托工厂,北京数据在线,2003,朗臣奥瑞金委托工厂
1193,编辑 删除,8491,朗臣奥瑞金委托工厂,太原数据在线,2002,朗臣奥瑞金委托工厂
1194,编辑 删除,8491,朗臣奥瑞金委托工厂,咸宁基地,0098,朗臣奥瑞金委托工厂
1195,编辑 删除,8491,朗臣奥瑞金委托工厂,怀柔基地,0097,朗臣奥瑞金委托工厂
1196,编辑 删除,8491,朗臣奥瑞金委托工厂,佛山基地,0095,朗臣奥瑞金委托工厂
1197,编辑 删除,8491,朗臣奥瑞金委托工厂,江苏宜兴基地,0094,朗臣奥瑞金委托工厂
1198,编辑 删除,8491,朗臣奥瑞金委托工厂,采购服务库位,0000,朗臣奥瑞金委托工厂
1199,编辑 删除,8402,朗臣备件零价值工厂,备品备件库存地,0001,朗臣备件零价值工厂
1200,编辑 删除,8401,朗臣工厂,成品库,0004,朗臣工厂
1201,编辑 删除,8401,朗臣工厂,备品备件库,0003,朗臣工厂
1202,编辑 删除,8401,朗臣工厂,生产辅料库,0002,朗臣工厂
1203,编辑 删除,8401,朗臣工厂,生产原料库,0001,朗臣工厂
1204,编辑 删除,8401,朗臣工厂,采购服务库位,0000,朗臣工厂
1205,编辑 删除,83A1,华彬饮料江苏销售公司工厂,西藏库位,XZ01,华彬饮料江苏销售公司工厂
1206,编辑 删除,83A1,华彬饮料江苏销售公司工厂,电商郑州仓,DS09,华彬饮料江苏销售公司工厂
1207,编辑 删除,83A1,华彬饮料江苏销售公司工厂,电商西安仓,DS08,华彬饮料江苏销售公司工厂
1208,编辑 删除,83A1,华彬饮料江苏销售公司工厂,电商沈阳仓,DS07,华彬饮料江苏销售公司工厂
1209,编辑 删除,83A1,华彬饮料江苏销售公司工厂,电商济南仓,DS06,华彬饮料江苏销售公司工厂
1210,编辑 删除,83A1,华彬饮料江苏销售公司工厂,电商成都仓,DS05,华彬饮料江苏销售公司工厂
1211,编辑 删除,83A1,华彬饮料江苏销售公司工厂,电商武汉仓,DS04,华彬饮料江苏销售公司工厂
1212,编辑 删除,83A1,华彬饮料江苏销售公司工厂,电商广州仓,DS03,华彬饮料江苏销售公司工厂
1213,编辑 删除,83A1,华彬饮料江苏销售公司工厂,电商天津仓,DS02,华彬饮料江苏销售公司工厂
1214,编辑 删除,83A1,华彬饮料江苏销售公司工厂,电商南京仓,DS01,华彬饮料江苏销售公司工厂
1215,编辑 删除,83A1,华彬饮料江苏销售公司工厂,天猫佛山仓,9017,华彬饮料江苏销售公司工厂
1216,编辑 删除,83A1,华彬饮料江苏销售公司工厂,天猫南京仓,9016,华彬饮料江苏销售公司工厂
1217,编辑 删除,83A1,华彬饮料江苏销售公司工厂,天猫长沙仓,9014,华彬饮料江苏销售公司工厂
1218,编辑 删除,83A1,华彬饮料江苏销售公司工厂,天猫天津仓,9011,华彬饮料江苏销售公司工厂
1219,编辑 删除,83A1,华彬饮料江苏销售公司工厂,天猫广州仓,9008,华彬饮料江苏销售公司工厂
1220,编辑 删除,83A1,华彬饮料江苏销售公司工厂,天猫上海仓,9007,华彬饮料江苏销售公司工厂
1221,编辑 删除,83A1,华彬饮料江苏销售公司工厂,委外库存地,9001,华彬饮料江苏销售公司工厂
1222,编辑 删除,83A1,华彬饮料江苏销售公司工厂,汕头睿通,6004,华彬饮料江苏销售公司工厂
1223,编辑 删除,83A1,华彬饮料江苏销售公司工厂,湛江睿通,6003,华彬饮料江苏销售公司工厂
1224,编辑 删除,83A1,华彬饮料江苏销售公司工厂,泉州睿通,6002,华彬饮料江苏销售公司工厂
1225,编辑 删除,83A1,华彬饮料江苏销售公司工厂,福州睿通,6001,华彬饮料江苏销售公司工厂
1226,编辑 删除,83A1,华彬饮料江苏销售公司工厂,南昌九裕,5001,华彬饮料江苏销售公司工厂
1227,编辑 删除,83A1,华彬饮料江苏销售公司工厂,百色神龙,4005,华彬饮料江苏销售公司工厂
1228,编辑 删除,83A1,华彬饮料江苏销售公司工厂,贵港神龙,4004,华彬饮料江苏销售公司工厂
1229,编辑 删除,83A1,华彬饮料江苏销售公司工厂,柳州神龙,4003,华彬饮料江苏销售公司工厂
1230,编辑 删除,83A1,华彬饮料江苏销售公司工厂,南宁神龙,4002,华彬饮料江苏销售公司工厂
1231,编辑 删除,83A1,华彬饮料江苏销售公司工厂,南充神龙,4001,华彬饮料江苏销售公司工厂
1232,编辑 删除,83A1,华彬饮料江苏销售公司工厂,成都神龙,4000,华彬饮料江苏销售公司工厂
1233,编辑 删除,83A1,华彬饮料江苏销售公司工厂,汕头安和,3001,华彬饮料江苏销售公司工厂
1234,编辑 删除,83A1,华彬饮料江苏销售公司工厂,湛江安和,3000,华彬饮料江苏销售公司工厂
1235,编辑 删除,83A1,华彬饮料江苏销售公司工厂,赣州数据在线,2053,华彬饮料江苏销售公司工厂
1236,编辑 删除,83A1,华彬饮料江苏销售公司工厂,进口品上海数据在线,2051,华彬饮料江苏销售公司工厂
1237,编辑 删除,83A1,华彬饮料江苏销售公司工厂,石家庄数据在线,2050,华彬饮料江苏销售公司工厂
1238,编辑 删除,83A1,华彬饮料江苏销售公司工厂,怀柔数据在线,2049,华彬饮料江苏销售公司工厂
1239,编辑 删除,83A1,华彬饮料江苏销售公司工厂,和田数据在线,2048,华彬饮料江苏销售公司工厂
1240,编辑 删除,83A1,华彬饮料江苏销售公司工厂,天津数据在线,2047,华彬饮料江苏销售公司工厂
1241,编辑 删除,83A1,华彬饮料江苏销售公司工厂,安康数据在线,2046,华彬饮料江苏销售公司工厂
1242,编辑 删除,83A1,华彬饮料江苏销售公司工厂,贵港数据在线,2045,华彬饮料江苏销售公司工厂
1243,编辑 删除,83A1,华彬饮料江苏销售公司工厂,柳州数据在线,2044,华彬饮料江苏销售公司工厂
1244,编辑 删除,83A1,华彬饮料江苏销售公司工厂,南宁数据在线,2043,华彬饮料江苏销售公司工厂
1245,编辑 删除,83A1,华彬饮料江苏销售公司工厂,海口数据在线,2042,华彬饮料江苏销售公司工厂
1246,编辑 删除,83A1,华彬饮料江苏销售公司工厂,东莞数据在线,2041,华彬饮料江苏销售公司工厂
1247,编辑 删除,83A1,华彬饮料江苏销售公司工厂,深圳数据在线,2040,华彬饮料江苏销售公司工厂
1248,编辑 删除,83A1,华彬饮料江苏销售公司工厂,佛山数据在线,2039,华彬饮料江苏销售公司工厂
1249,编辑 删除,83A1,华彬饮料江苏销售公司工厂,南昌数据在线,2038,华彬饮料江苏销售公司工厂
1250,编辑 删除,83A1,华彬饮料江苏销售公司工厂,南充数据在线,2037,华彬饮料江苏销售公司工厂
1251,编辑 删除,83A1,华彬饮料江苏销售公司工厂,成都数据在线,2036,华彬饮料江苏销售公司工厂
1252,编辑 删除,83A1,华彬饮料江苏销售公司工厂,荆州数据在线,2035,华彬饮料江苏销售公司工厂
1253,编辑 删除,83A1,华彬饮料江苏销售公司工厂,衡阳数据在线,2034,华彬饮料江苏销售公司工厂
1254,编辑 删除,83A1,华彬饮料江苏销售公司工厂,邵阳数据在线,2033,华彬饮料江苏销售公司工厂
1255,编辑 删除,83A1,华彬饮料江苏销售公司工厂,长沙数据在线,2032,华彬饮料江苏销售公司工厂
1256,编辑 删除,83A1,华彬饮料江苏销售公司工厂,武汉数据在线,2031,华彬饮料江苏销售公司工厂
1257,编辑 删除,83A1,华彬饮料江苏销售公司工厂,遵义数据在线,2030,华彬饮料江苏销售公司工厂
1258,编辑 删除,83A1,华彬饮料江苏销售公司工厂,贵阳数据在线,2029,华彬饮料江苏销售公司工厂
1259,编辑 删除,83A1,华彬饮料江苏销售公司工厂,重庆数据在线,2028,华彬饮料江苏销售公司工厂
1260,编辑 删除,83A1,华彬饮料江苏销售公司工厂,大理数据在线,2027,华彬饮料江苏销售公司工厂
1261,编辑 删除,83A1,华彬饮料江苏销售公司工厂,昆明数据在线,2026,华彬饮料江苏销售公司工厂
1262,编辑 删除,83A1,华彬饮料江苏销售公司工厂,合肥数据在线,2025,华彬饮料江苏销售公司工厂
1263,编辑 删除,83A1,华彬饮料江苏销售公司工厂,上海数据在线,2024,华彬饮料江苏销售公司工厂
1264,编辑 删除,83A1,华彬饮料江苏销售公司工厂,南京数据在线,2023,华彬饮料江苏销售公司工厂
1265,编辑 删除,83A1,华彬饮料江苏销售公司工厂,台州数据在线,2022,华彬饮料江苏销售公司工厂
1266,编辑 删除,83A1,华彬饮料江苏销售公司工厂,金华数据在线,2021,华彬饮料江苏销售公司工厂
1267,编辑 删除,83A1,华彬饮料江苏销售公司工厂,杭州数据在线,2020,华彬饮料江苏销售公司工厂
1268,编辑 删除,83A1,华彬饮料江苏销售公司工厂,淮安数据在线,2019,华彬饮料江苏销售公司工厂
1269,编辑 删除,83A1,华彬饮料江苏销售公司工厂,青岛数据在线,2018,华彬饮料江苏销售公司工厂
1270,编辑 删除,83A1,华彬饮料江苏销售公司工厂,济南数据在线,2017,华彬饮料江苏销售公司工厂
1271,编辑 删除,83A1,华彬饮料江苏销售公司工厂,西宁数据在线,2016,华彬饮料江苏销售公司工厂
1272,编辑 删除,83A1,华彬饮料江苏销售公司工厂,库尔勒数据在线,2015,华彬饮料江苏销售公司工厂
1273,编辑 删除,83A1,华彬饮料江苏销售公司工厂,喀什数据在线,2014,华彬饮料江苏销售公司工厂
1274,编辑 删除,83A1,华彬饮料江苏销售公司工厂,西安数据在线,2013,华彬饮料江苏销售公司工厂
1275,编辑 删除,83A1,华彬饮料江苏销售公司工厂,兰州数据在线,2012,华彬饮料江苏销售公司工厂
1276,编辑 删除,83A1,华彬饮料江苏销售公司工厂,乌鲁木齐数据在线,2011,华彬饮料江苏销售公司工厂
1277,编辑 删除,83A1,华彬饮料江苏销售公司工厂,驻马店数据在线,2010,华彬饮料江苏销售公司工厂
1278,编辑 删除,83A1,华彬饮料江苏销售公司工厂,郑州数据在线,2009,华彬饮料江苏销售公司工厂
1279,编辑 删除,83A1,华彬饮料江苏销售公司工厂,包头数据在线,2008,华彬饮料江苏销售公司工厂
1280,编辑 删除,83A1,华彬饮料江苏销售公司工厂,长春数据在线,2007,华彬饮料江苏销售公司工厂
1281,编辑 删除,83A1,华彬饮料江苏销售公司工厂,哈尔滨数据在线,2006,华彬饮料江苏销售公司工厂
1282,编辑 删除,83A1,华彬饮料江苏销售公司工厂,沈阳数据在线,2005,华彬饮料江苏销售公司工厂
1283,编辑 删除,83A1,华彬饮料江苏销售公司工厂,北京京津港平谷,2004,华彬饮料江苏销售公司工厂
1284,编辑 删除,83A1,华彬饮料江苏销售公司工厂,北京数据在线,2003,华彬饮料江苏销售公司工厂
1285,编辑 删除,83A1,华彬饮料江苏销售公司工厂,太原数据在线,2002,华彬饮料江苏销售公司工厂
1286,编辑 删除,83A1,华彬饮料江苏销售公司工厂,数据在线,2001,华彬饮料江苏销售公司工厂
1287,编辑 删除,83A1,华彬饮料江苏销售公司工厂,虚拟库存地,0099,华彬饮料江苏销售公司工厂
1288,编辑 删除,83A1,华彬饮料江苏销售公司工厂,咸宁基地,0098,华彬饮料江苏销售公司工厂
1289,编辑 删除,83A1,华彬饮料江苏销售公司工厂,怀柔基地,0097,华彬饮料江苏销售公司工厂
1290,编辑 删除,83A1,华彬饮料江苏销售公司工厂,海口基地,0096,华彬饮料江苏销售公司工厂
1291,编辑 删除,83A1,华彬饮料江苏销售公司工厂,佛山基地,0095,华彬饮料江苏销售公司工厂
1292,编辑 删除,83A1,华彬饮料江苏销售公司工厂,江苏基地,0094,华彬饮料江苏销售公司工厂
1293,编辑 删除,83A1,华彬饮料江苏销售公司工厂,百仕欣怀柔工厂,0093,华彬饮料江苏销售公司工厂
1294,编辑 删除,83A1,华彬饮料江苏销售公司工厂,贵州基地,0091,华彬饮料江苏销售公司工厂
1295,编辑 删除,83A1,华彬饮料江苏销售公司工厂,厦门基地,0090,华彬饮料江苏销售公司工厂
1296,编辑 删除,83A1,华彬饮料江苏销售公司工厂,成品库,0004,华彬饮料江苏销售公司工厂
1297,编辑 删除,83A1,华彬饮料江苏销售公司工厂,采购服务库位,0000,华彬饮料江苏销售公司工厂
1298,编辑 删除,8394,红牛湖北委外工厂,称料委外库存地,9099,红牛湖北委外工厂
1299,编辑 删除,8394,红牛湖北委外工厂,辅料委外库存地,9010,红牛湖北委外工厂
1300,编辑 删除,8394,红牛湖北委外工厂,次品委外库存地,9008,红牛湖北委外工厂
1301,编辑 删除,8394,红牛湖北委外工厂,在线库委外库存地,9005,红牛湖北委外工厂
1302,编辑 删除,8394,红牛湖北委外工厂,成品委外库存地,9004,红牛湖北委外工厂
1303,编辑 删除,8394,红牛湖北委外工厂,原材料委外库存地,9001,红牛湖北委外工厂
1304,编辑 删除,8394,红牛湖北委外工厂,汕头睿通,6004,红牛湖北委外工厂
1305,编辑 删除,8394,红牛湖北委外工厂,湛江睿通,6003,红牛湖北委外工厂
1306,编辑 删除,8394,红牛湖北委外工厂,泉州睿通,6002,红牛湖北委外工厂
1307,编辑 删除,8394,红牛湖北委外工厂,福州睿通,6001,红牛湖北委外工厂
1308,编辑 删除,8394,红牛湖北委外工厂,南昌九裕,5001,红牛湖北委外工厂
1309,编辑 删除,8394,红牛湖北委外工厂,百色神龙,4005,红牛湖北委外工厂
1310,编辑 删除,8394,红牛湖北委外工厂,贵港神龙,4004,红牛湖北委外工厂
1311,编辑 删除,8394,红牛湖北委外工厂,柳州神龙,4003,红牛湖北委外工厂
1312,编辑 删除,8394,红牛湖北委外工厂,南宁神龙,4002,红牛湖北委外工厂
1313,编辑 删除,8394,红牛湖北委外工厂,南充神龙,4001,红牛湖北委外工厂
1314,编辑 删除,8394,红牛湖北委外工厂,成都神龙,4000,红牛湖北委外工厂
1315,编辑 删除,8394,红牛湖北委外工厂,汕头安和,3001,红牛湖北委外工厂
1316,编辑 删除,8394,红牛湖北委外工厂,湛江安和,3000,红牛湖北委外工厂
1317,编辑 删除,8394,红牛湖北委外工厂,怀柔数据在线,2049,红牛湖北委外工厂
1318,编辑 删除,8394,红牛湖北委外工厂,和田数据在线,2048,红牛湖北委外工厂
1319,编辑 删除,8394,红牛湖北委外工厂,天津数据在线,2047,红牛湖北委外工厂
1320,编辑 删除,8394,红牛湖北委外工厂,贵港数据在线,2045,红牛湖北委外工厂
1321,编辑 删除,8394,红牛湖北委外工厂,柳州数据在线,2044,红牛湖北委外工厂
1322,编辑 删除,8394,红牛湖北委外工厂,南宁数据在线,2043,红牛湖北委外工厂
1323,编辑 删除,8394,红牛湖北委外工厂,海口数据在线,2042,红牛湖北委外工厂
1324,编辑 删除,8394,红牛湖北委外工厂,东莞数据在线,2041,红牛湖北委外工厂
1325,编辑 删除,8394,红牛湖北委外工厂,深圳数据在线,2040,红牛湖北委外工厂
1326,编辑 删除,8394,红牛湖北委外工厂,广州数据在线,2039,红牛湖北委外工厂
1327,编辑 删除,8394,红牛湖北委外工厂,南昌数据在线,2038,红牛湖北委外工厂
1328,编辑 删除,8394,红牛湖北委外工厂,南充数据在线,2037,红牛湖北委外工厂
1329,编辑 删除,8394,红牛湖北委外工厂,成都数据在线,2036,红牛湖北委外工厂
1330,编辑 删除,8394,红牛湖北委外工厂,荆州数据在线,2035,红牛湖北委外工厂
1331,编辑 删除,8394,红牛湖北委外工厂,衡阳数据在线,2034,红牛湖北委外工厂
1332,编辑 删除,8394,红牛湖北委外工厂,邵阳数据在线,2033,红牛湖北委外工厂
1333,编辑 删除,8394,红牛湖北委外工厂,长沙数据在线,2032,红牛湖北委外工厂
1334,编辑 删除,8394,红牛湖北委外工厂,武汉数据在线,2031,红牛湖北委外工厂
1335,编辑 删除,8394,红牛湖北委外工厂,遵义数据在线,2030,红牛湖北委外工厂
1336,编辑 删除,8394,红牛湖北委外工厂,贵阳数据在线,2029,红牛湖北委外工厂
1337,编辑 删除,8394,红牛湖北委外工厂,重庆数据在线,2028,红牛湖北委外工厂
1338,编辑 删除,8394,红牛湖北委外工厂,大理数据在线,2027,红牛湖北委外工厂
1339,编辑 删除,8394,红牛湖北委外工厂,昆明数据在线,2026,红牛湖北委外工厂
1340,编辑 删除,8394,红牛湖北委外工厂,合肥数据在线,2025,红牛湖北委外工厂
1341,编辑 删除,8394,红牛湖北委外工厂,上海数据在线,2024,红牛湖北委外工厂
1342,编辑 删除,8394,红牛湖北委外工厂,南京数据在线,2023,红牛湖北委外工厂
1343,编辑 删除,8394,红牛湖北委外工厂,台州数据在线,2022,红牛湖北委外工厂
1344,编辑 删除,8394,红牛湖北委外工厂,金华数据在线,2021,红牛湖北委外工厂
1345,编辑 删除,8394,红牛湖北委外工厂,杭州数据在线,2020,红牛湖北委外工厂
1346,编辑 删除,8394,红牛湖北委外工厂,淮安数据在线,2019,红牛湖北委外工厂
1347,编辑 删除,8394,红牛湖北委外工厂,青岛数据在线,2018,红牛湖北委外工厂
1348,编辑 删除,8394,红牛湖北委外工厂,济南数据在线,2017,红牛湖北委外工厂
1349,编辑 删除,8394,红牛湖北委外工厂,西宁数据在线,2016,红牛湖北委外工厂
1350,编辑 删除,8394,红牛湖北委外工厂,库尔勒数据在线,2015,红牛湖北委外工厂
1351,编辑 删除,8394,红牛湖北委外工厂,喀什数据在线,2014,红牛湖北委外工厂
1352,编辑 删除,8394,红牛湖北委外工厂,西安数据在线,2013,红牛湖北委外工厂
1353,编辑 删除,8394,红牛湖北委外工厂,兰州数据在线,2012,红牛湖北委外工厂
1354,编辑 删除,8394,红牛湖北委外工厂,乌鲁木齐数据在线,2011,红牛湖北委外工厂
1355,编辑 删除,8394,红牛湖北委外工厂,驻马店数据在线,2010,红牛湖北委外工厂
1356,编辑 删除,8394,红牛湖北委外工厂,郑州数据在线,2009,红牛湖北委外工厂
1357,编辑 删除,8394,红牛湖北委外工厂,包头数据在线,2008,红牛湖北委外工厂
1358,编辑 删除,8394,红牛湖北委外工厂,长春数据在线,2007,红牛湖北委外工厂
1359,编辑 删除,8394,红牛湖北委外工厂,哈尔滨数据在线,2006,红牛湖北委外工厂
1360,编辑 删除,8394,红牛湖北委外工厂,沈阳数据在线,2005,红牛湖北委外工厂
1361,编辑 删除,8394,红牛湖北委外工厂,北京京津港平谷,2004,红牛湖北委外工厂
1362,编辑 删除,8394,红牛湖北委外工厂,北京数据在线,2003,红牛湖北委外工厂
1363,编辑 删除,8394,红牛湖北委外工厂,太原数据在线,2002,红牛湖北委外工厂
1364,编辑 删除,8394,红牛湖北委外工厂,数据在线,2001,红牛湖北委外工厂
1365,编辑 删除,8394,红牛湖北委外工厂,虚拟库存地,0099,红牛湖北委外工厂
1366,编辑 删除,8394,红牛湖北委外工厂,咸宁基地,0098,红牛湖北委外工厂
1367,编辑 删除,8394,红牛湖北委外工厂,怀柔基地,0097,红牛湖北委外工厂
1368,编辑 删除,8394,红牛湖北委外工厂,海口基地,0096,红牛湖北委外工厂
1369,编辑 删除,8394,红牛湖北委外工厂,佛山基地,0095,红牛湖北委外工厂
1370,编辑 删除,8394,红牛湖北委外工厂,江苏基地,0094,红牛湖北委外工厂
1371,编辑 删除,8394,红牛湖北委外工厂,百仕欣怀柔工厂,0093,红牛湖北委外工厂
1372,编辑 删除,8394,红牛湖北委外工厂,采购服务库位,0000,红牛湖北委外工厂
1373,编辑 删除,8321,红牛湖北咸宁基地五号/六号线工厂,废品库,0008,红牛湖北咸宁基地五号/六号线工厂
1374,编辑 删除,8321,红牛湖北咸宁基地五号/六号线工厂,五/六号线成品库,0004,红牛湖北咸宁基地五号/六号线工厂
1375,编辑 删除,8321,红牛湖北咸宁基地五号/六号线工厂,采购服务库位,0000,红牛湖北咸宁基地五号/六号线工厂
1376,编辑 删除,8311,红牛湖北咸宁基地三号/四号线工厂,废品库,0008,红牛湖北咸宁基地三号/四号线工厂
1377,编辑 删除,8311,红牛湖北咸宁基地三号/四号线工厂,三/四号线成品库,0004,红牛湖北咸宁基地三号/四号线工厂
1378,编辑 删除,8311,红牛湖北咸宁基地三号/四号线工厂,采购服务库位,0000,红牛湖北咸宁基地三号/四号线工厂
1379,编辑 删除,8303,红牛湖北制罐工厂,物料库存地点,0001,红牛湖北制罐工厂
1380,编辑 删除,8303,红牛湖北制罐工厂,采购服务库位,0000,红牛湖北制罐工厂
1381,编辑 删除,8302,红牛湖北咸宁零价值工厂,三期无价值备件库,0012,红牛湖北咸宁零价值工厂
1382,编辑 删除,8302,红牛湖北咸宁零价值工厂,二期无价值备件库,0011,红牛湖北咸宁零价值工厂
1383,编辑 删除,8302,红牛湖北咸宁零价值工厂,辅料库存地,0002,红牛湖北咸宁零价值工厂
1384,编辑 删除,8302,红牛湖北咸宁零价值工厂,一期无价值备件库,0001,红牛湖北咸宁零价值工厂
1385,编辑 删除,8301,红牛湖北咸宁基地一号/二号线工厂,促进物库位,9999,红牛湖北咸宁基地一号/二号线工厂
1386,编辑 删除,8301,红牛湖北咸宁基地一号/二号线工厂,原料称料库,0099,红牛湖北咸宁基地一号/二号线工厂
1387,编辑 删除,8301,红牛湖北咸宁基地一号/二号线工厂,战马成品库,0032,红牛湖北咸宁基地一号/二号线工厂
1388,编辑 删除,8301,红牛湖北咸宁基地一号/二号线工厂,战马在线库,0031,红牛湖北咸宁基地一号/二号线工厂
1389,编辑 删除,8301,红牛湖北咸宁基地一号/二号线工厂,战马原材料库,0030,红牛湖北咸宁基地一号/二号线工厂
1390,编辑 删除,8301,红牛湖北咸宁基地一号/二号线工厂,三期水暖备件库,0026,红牛湖北咸宁基地一号/二号线工厂
1391,编辑 删除,8301,红牛湖北咸宁基地一号/二号线工厂,三期电气备件库,0025,红牛湖北咸宁基地一号/二号线工厂
1392,编辑 删除,8301,红牛湖北咸宁基地一号/二号线工厂,三期机械备件库,0024,红牛湖北咸宁基地一号/二号线工厂
1393,编辑 删除,8301,红牛湖北咸宁基地一号/二号线工厂,二期水暖备件库,0023,红牛湖北咸宁基地一号/二号线工厂
1394,编辑 删除,8301,红牛湖北咸宁基地一号/二号线工厂,二期电气备件库,0022,红牛湖北咸宁基地一号/二号线工厂
1395,编辑 删除,8301,红牛湖北咸宁基地一号/二号线工厂,二期机械备件库,0021,红牛湖北咸宁基地一号/二号线工厂
1396,编辑 删除,8301,红牛湖北咸宁基地一号/二号线工厂,五/六号线在线库,0016,红牛湖北咸宁基地一号/二号线工厂
1397,编辑 删除,8301,红牛湖北咸宁基地一号/二号线工厂,五/六号线生产辅料库,0015,红牛湖北咸宁基地一号/二号线工厂
1398,编辑 删除,8301,红牛湖北咸宁基地一号/二号线工厂,五/六号线生产原料库,0014,红牛湖北咸宁基地一号/二号线工厂
1399,编辑 删除,8301,红牛湖北咸宁基地一号/二号线工厂,一期水暖备件库,0013,红牛湖北咸宁基地一号/二号线工厂
1400,编辑 删除,8301,红牛湖北咸宁基地一号/二号线工厂,一期电器备件库,0012,红牛湖北咸宁基地一号/二号线工厂
1401,编辑 删除,8301,红牛湖北咸宁基地一号/二号线工厂,三/四号线在线库,0011,红牛湖北咸宁基地一号/二号线工厂
1402,编辑 删除,8301,红牛湖北咸宁基地一号/二号线工厂,三/四号线生产辅料库,0010,红牛湖北咸宁基地一号/二号线工厂
1403,编辑 删除,8301,红牛湖北咸宁基地一号/二号线工厂,三/四号线生产原料库,0009,红牛湖北咸宁基地一号/二号线工厂
1404,编辑 删除,8301,红牛湖北咸宁基地一号/二号线工厂,废品库,0008,红牛湖北咸宁基地一号/二号线工厂
1405,编辑 删除,8301,红牛湖北咸宁基地一号/二号线工厂,委外原材料库存地,0006,红牛湖北咸宁基地一号/二号线工厂
1406,编辑 删除,8301,红牛湖北咸宁基地一号/二号线工厂,一/二号线在线库,0005,红牛湖北咸宁基地一号/二号线工厂
1407,编辑 删除,8301,红牛湖北咸宁基地一号/二号线工厂,一/二号线成品库,0004,红牛湖北咸宁基地一号/二号线工厂
1408,编辑 删除,8301,红牛湖北咸宁基地一号/二号线工厂,一期机械备件库,0003,红牛湖北咸宁基地一号/二号线工厂
1409,编辑 删除,8301,红牛湖北咸宁基地一号/二号线工厂,一/二号线生产辅料库,0002,红牛湖北咸宁基地一号/二号线工厂
1410,编辑 删除,8301,红牛湖北咸宁基地一号/二号线工厂,一/二号线生产原料库,0001,红牛湖北咸宁基地一号/二号线工厂
1411,编辑 删除,8301,红牛湖北咸宁基地一号/二号线工厂,采购服务库位,0000,红牛湖北咸宁基地一号/二号线工厂
1412,编辑 删除,8097,红牛北京怀柔基地-厦门基地工厂,成品库,0004,红牛北京怀柔基地-厦门基地工厂
1413,编辑 删除,8097,红牛北京怀柔基地-厦门基地工厂,采购服务库位,0000,红牛北京怀柔基地-厦门基地工厂
1414,编辑 删除,8096,红牛北京怀柔基地-贵州基地工厂,成品库,0004,红牛北京怀柔基地-贵州基地工厂
1415,编辑 删除,8096,红牛北京怀柔基地-贵州基地工厂,采购服务库位,0000,红牛北京怀柔基地-贵州基地工厂
1416,编辑 删除,8095,红牛北京奥瑞金辽宁委外工厂,称料委外库存地,9099,红牛北京奥瑞金辽宁委外工厂
1417,编辑 删除,8095,红牛北京奥瑞金辽宁委外工厂,辅料委外库存地,9010,红牛北京奥瑞金辽宁委外工厂
1418,编辑 删除,8095,红牛北京奥瑞金辽宁委外工厂,次品委外库存地,9008,红牛北京奥瑞金辽宁委外工厂
1419,编辑 删除,8095,红牛北京奥瑞金辽宁委外工厂,在线库委外库存地,9005,红牛北京奥瑞金辽宁委外工厂
1420,编辑 删除,8095,红牛北京奥瑞金辽宁委外工厂,成品委外库存地,9004,红牛北京奥瑞金辽宁委外工厂
1421,编辑 删除,8095,红牛北京奥瑞金辽宁委外工厂,原材料委外库存地,9001,红牛北京奥瑞金辽宁委外工厂
1422,编辑 删除,8095,红牛北京奥瑞金辽宁委外工厂,汕头睿通,6004,红牛北京奥瑞金辽宁委外工厂
1423,编辑 删除,8095,红牛北京奥瑞金辽宁委外工厂,湛江睿通,6003,红牛北京奥瑞金辽宁委外工厂
1424,编辑 删除,8095,红牛北京奥瑞金辽宁委外工厂,泉州睿通,6002,红牛北京奥瑞金辽宁委外工厂
1425,编辑 删除,8095,红牛北京奥瑞金辽宁委外工厂,福州睿通,6001,红牛北京奥瑞金辽宁委外工厂
1426,编辑 删除,8095,红牛北京奥瑞金辽宁委外工厂,南昌九裕,5001,红牛北京奥瑞金辽宁委外工厂
1427,编辑 删除,8095,红牛北京奥瑞金辽宁委外工厂,百色神龙,4005,红牛北京奥瑞金辽宁委外工厂
1428,编辑 删除,8095,红牛北京奥瑞金辽宁委外工厂,贵港神龙,4004,红牛北京奥瑞金辽宁委外工厂
1429,编辑 删除,8095,红牛北京奥瑞金辽宁委外工厂,柳州神龙,4003,红牛北京奥瑞金辽宁委外工厂
1430,编辑 删除,8095,红牛北京奥瑞金辽宁委外工厂,南宁神龙,4002,红牛北京奥瑞金辽宁委外工厂
1431,编辑 删除,8095,红牛北京奥瑞金辽宁委外工厂,南充神龙,4001,红牛北京奥瑞金辽宁委外工厂
1432,编辑 删除,8095,红牛北京奥瑞金辽宁委外工厂,成都神龙,4000,红牛北京奥瑞金辽宁委外工厂
1433,编辑 删除,8095,红牛北京奥瑞金辽宁委外工厂,汕头安和,3001,红牛北京奥瑞金辽宁委外工厂
1434,编辑 删除,8095,红牛北京奥瑞金辽宁委外工厂,湛江安和,3000,红牛北京奥瑞金辽宁委外工厂
1435,编辑 删除,8095,红牛北京奥瑞金辽宁委外工厂,怀柔数据在线,2049,红牛北京奥瑞金辽宁委外工厂
1436,编辑 删除,8095,红牛北京奥瑞金辽宁委外工厂,和田数据在线,2048,红牛北京奥瑞金辽宁委外工厂
1437,编辑 删除,8095,红牛北京奥瑞金辽宁委外工厂,天津数据在线,2047,红牛北京奥瑞金辽宁委外工厂
1438,编辑 删除,8095,红牛北京奥瑞金辽宁委外工厂,贵港数据在线,2045,红牛北京奥瑞金辽宁委外工厂
1439,编辑 删除,8095,红牛北京奥瑞金辽宁委外工厂,柳州数据在线,2044,红牛北京奥瑞金辽宁委外工厂
1440,编辑 删除,8095,红牛北京奥瑞金辽宁委外工厂,南宁数据在线,2043,红牛北京奥瑞金辽宁委外工厂
1441,编辑 删除,8095,红牛北京奥瑞金辽宁委外工厂,海口数据在线,2042,红牛北京奥瑞金辽宁委外工厂
1442,编辑 删除,8095,红牛北京奥瑞金辽宁委外工厂,东莞数据在线,2041,红牛北京奥瑞金辽宁委外工厂
1443,编辑 删除,8095,红牛北京奥瑞金辽宁委外工厂,深圳数据在线,2040,红牛北京奥瑞金辽宁委外工厂
1444,编辑 删除,8095,红牛北京奥瑞金辽宁委外工厂,广州数据在线,2039,红牛北京奥瑞金辽宁委外工厂
1445,编辑 删除,8095,红牛北京奥瑞金辽宁委外工厂,南昌数据在线,2038,红牛北京奥瑞金辽宁委外工厂
1446,编辑 删除,8095,红牛北京奥瑞金辽宁委外工厂,南充数据在线,2037,红牛北京奥瑞金辽宁委外工厂
1447,编辑 删除,8095,红牛北京奥瑞金辽宁委外工厂,成都数据在线,2036,红牛北京奥瑞金辽宁委外工厂
1448,编辑 删除,8095,红牛北京奥瑞金辽宁委外工厂,荆州数据在线,2035,红牛北京奥瑞金辽宁委外工厂
1449,编辑 删除,8095,红牛北京奥瑞金辽宁委外工厂,衡阳数据在线,2034,红牛北京奥瑞金辽宁委外工厂
1450,编辑 删除,8095,红牛北京奥瑞金辽宁委外工厂,邵阳数据在线,2033,红牛北京奥瑞金辽宁委外工厂
1451,编辑 删除,8095,红牛北京奥瑞金辽宁委外工厂,长沙数据在线,2032,红牛北京奥瑞金辽宁委外工厂
1452,编辑 删除,8095,红牛北京奥瑞金辽宁委外工厂,武汉数据在线,2031,红牛北京奥瑞金辽宁委外工厂
1453,编辑 删除,8095,红牛北京奥瑞金辽宁委外工厂,遵义数据在线,2030,红牛北京奥瑞金辽宁委外工厂
1454,编辑 删除,8095,红牛北京奥瑞金辽宁委外工厂,贵阳数据在线,2029,红牛北京奥瑞金辽宁委外工厂
1455,编辑 删除,8095,红牛北京奥瑞金辽宁委外工厂,重庆数据在线,2028,红牛北京奥瑞金辽宁委外工厂
1456,编辑 删除,8095,红牛北京奥瑞金辽宁委外工厂,大理数据在线,2027,红牛北京奥瑞金辽宁委外工厂
1457,编辑 删除,8095,红牛北京奥瑞金辽宁委外工厂,昆明数据在线,2026,红牛北京奥瑞金辽宁委外工厂
1458,编辑 删除,8095,红牛北京奥瑞金辽宁委外工厂,合肥数据在线,2025,红牛北京奥瑞金辽宁委外工厂
1459,编辑 删除,8095,红牛北京奥瑞金辽宁委外工厂,上海数据在线,2024,红牛北京奥瑞金辽宁委外工厂
1460,编辑 删除,8095,红牛北京奥瑞金辽宁委外工厂,南京数据在线,2023,红牛北京奥瑞金辽宁委外工厂
1461,编辑 删除,8095,红牛北京奥瑞金辽宁委外工厂,台州数据在线,2022,红牛北京奥瑞金辽宁委外工厂
1462,编辑 删除,8095,红牛北京奥瑞金辽宁委外工厂,金华数据在线,2021,红牛北京奥瑞金辽宁委外工厂
1463,编辑 删除,8095,红牛北京奥瑞金辽宁委外工厂,杭州数据在线,2020,红牛北京奥瑞金辽宁委外工厂
1464,编辑 删除,8095,红牛北京奥瑞金辽宁委外工厂,淮安数据在线,2019,红牛北京奥瑞金辽宁委外工厂
1465,编辑 删除,8095,红牛北京奥瑞金辽宁委外工厂,青岛数据在线,2018,红牛北京奥瑞金辽宁委外工厂
1466,编辑 删除,8095,红牛北京奥瑞金辽宁委外工厂,济南数据在线,2017,红牛北京奥瑞金辽宁委外工厂
1467,编辑 删除,8095,红牛北京奥瑞金辽宁委外工厂,西宁数据在线,2016,红牛北京奥瑞金辽宁委外工厂
1468,编辑 删除,8095,红牛北京奥瑞金辽宁委外工厂,库尔勒数据在线,2015,红牛北京奥瑞金辽宁委外工厂
1469,编辑 删除,8095,红牛北京奥瑞金辽宁委外工厂,喀什数据在线,2014,红牛北京奥瑞金辽宁委外工厂
1470,编辑 删除,8095,红牛北京奥瑞金辽宁委外工厂,西安数据在线,2013,红牛北京奥瑞金辽宁委外工厂
1471,编辑 删除,8095,红牛北京奥瑞金辽宁委外工厂,兰州数据在线,2012,红牛北京奥瑞金辽宁委外工厂
1472,编辑 删除,8095,红牛北京奥瑞金辽宁委外工厂,乌鲁木齐数据在线,2011,红牛北京奥瑞金辽宁委外工厂
1473,编辑 删除,8095,红牛北京奥瑞金辽宁委外工厂,驻马店数据在线,2010,红牛北京奥瑞金辽宁委外工厂
1474,编辑 删除,8095,红牛北京奥瑞金辽宁委外工厂,郑州数据在线,2009,红牛北京奥瑞金辽宁委外工厂
1475,编辑 删除,8095,红牛北京奥瑞金辽宁委外工厂,包头数据在线,2008,红牛北京奥瑞金辽宁委外工厂
1476,编辑 删除,8095,红牛北京奥瑞金辽宁委外工厂,长春数据在线,2007,红牛北京奥瑞金辽宁委外工厂
1477,编辑 删除,8095,红牛北京奥瑞金辽宁委外工厂,哈尔滨数据在线,2006,红牛北京奥瑞金辽宁委外工厂
1478,编辑 删除,8095,红牛北京奥瑞金辽宁委外工厂,沈阳数据在线,2005,红牛北京奥瑞金辽宁委外工厂
1479,编辑 删除,8095,红牛北京奥瑞金辽宁委外工厂,北京京津港平谷,2004,红牛北京奥瑞金辽宁委外工厂
1480,编辑 删除,8095,红牛北京奥瑞金辽宁委外工厂,北京数据在线,2003,红牛北京奥瑞金辽宁委外工厂
1481,编辑 删除,8095,红牛北京奥瑞金辽宁委外工厂,太原数据在线,2002,红牛北京奥瑞金辽宁委外工厂
1482,编辑 删除,8095,红牛北京奥瑞金辽宁委外工厂,数据在线,2001,红牛北京奥瑞金辽宁委外工厂
1483,编辑 删除,8095,红牛北京奥瑞金辽宁委外工厂,虚拟库存地,0099,红牛北京奥瑞金辽宁委外工厂
1484,编辑 删除,8095,红牛北京奥瑞金辽宁委外工厂,咸宁基地,0098,红牛北京奥瑞金辽宁委外工厂
1485,编辑 删除,8095,红牛北京奥瑞金辽宁委外工厂,怀柔基地,0097,红牛北京奥瑞金辽宁委外工厂
1486,编辑 删除,8095,红牛北京奥瑞金辽宁委外工厂,海口基地,0096,红牛北京奥瑞金辽宁委外工厂
1487,编辑 删除,8095,红牛北京奥瑞金辽宁委外工厂,佛山基地,0095,红牛北京奥瑞金辽宁委外工厂
1488,编辑 删除,8095,红牛北京奥瑞金辽宁委外工厂,江苏基地,0094,红牛北京奥瑞金辽宁委外工厂
1489,编辑 删除,8095,红牛北京奥瑞金辽宁委外工厂,百仕欣怀柔工厂,0093,红牛北京奥瑞金辽宁委外工厂
1490,编辑 删除,8095,红牛北京奥瑞金辽宁委外工厂,采购服务库位,0000,红牛北京奥瑞金辽宁委外工厂
1491,编辑 删除,8094,红牛北京奥瑞金委外工厂,称料委外库存地,9099,红牛北京奥瑞金委外工厂
1492,编辑 删除,8094,红牛北京奥瑞金委外工厂,辅料委外库存地,9010,红牛北京奥瑞金委外工厂
1493,编辑 删除,8094,红牛北京奥瑞金委外工厂,次品委外库存地,9008,红牛北京奥瑞金委外工厂
1494,编辑 删除,8094,红牛北京奥瑞金委外工厂,在线库委外库存地,9005,红牛北京奥瑞金委外工厂
1495,编辑 删除,8094,红牛北京奥瑞金委外工厂,成品委外库存地,9004,红牛北京奥瑞金委外工厂
1496,编辑 删除,8094,红牛北京奥瑞金委外工厂,原材料委外库存地,9001,红牛北京奥瑞金委外工厂
1497,编辑 删除,8094,红牛北京奥瑞金委外工厂,汕头睿通,6004,红牛北京奥瑞金委外工厂
1498,编辑 删除,8094,红牛北京奥瑞金委外工厂,湛江睿通,6003,红牛北京奥瑞金委外工厂
1499,编辑 删除,8094,红牛北京奥瑞金委外工厂,泉州睿通,6002,红牛北京奥瑞金委外工厂
1500,编辑 删除,8094,红牛北京奥瑞金委外工厂,福州睿通,6001,红牛北京奥瑞金委外工厂
1501,编辑 删除,8094,红牛北京奥瑞金委外工厂,南昌九裕,5001,红牛北京奥瑞金委外工厂
1502,编辑 删除,8094,红牛北京奥瑞金委外工厂,百色神龙,4005,红牛北京奥瑞金委外工厂
1503,编辑 删除,8094,红牛北京奥瑞金委外工厂,贵港神龙,4004,红牛北京奥瑞金委外工厂
1504,编辑 删除,8094,红牛北京奥瑞金委外工厂,柳州神龙,4003,红牛北京奥瑞金委外工厂
1505,编辑 删除,8094,红牛北京奥瑞金委外工厂,南宁神龙,4002,红牛北京奥瑞金委外工厂
1506,编辑 删除,8094,红牛北京奥瑞金委外工厂,南充神龙,4001,红牛北京奥瑞金委外工厂
1507,编辑 删除,8094,红牛北京奥瑞金委外工厂,成都神龙,4000,红牛北京奥瑞金委外工厂
1508,编辑 删除,8094,红牛北京奥瑞金委外工厂,汕头安和,3001,红牛北京奥瑞金委外工厂
1509,编辑 删除,8094,红牛北京奥瑞金委外工厂,湛江安和,3000,红牛北京奥瑞金委外工厂
1510,编辑 删除,8094,红牛北京奥瑞金委外工厂,怀柔数据在线,2049,红牛北京奥瑞金委外工厂
1511,编辑 删除,8094,红牛北京奥瑞金委外工厂,和田数据在线,2048,红牛北京奥瑞金委外工厂
1512,编辑 删除,8094,红牛北京奥瑞金委外工厂,天津数据在线,2047,红牛北京奥瑞金委外工厂
1513,编辑 删除,8094,红牛北京奥瑞金委外工厂,贵港数据在线,2045,红牛北京奥瑞金委外工厂
1514,编辑 删除,8094,红牛北京奥瑞金委外工厂,柳州数据在线,2044,红牛北京奥瑞金委外工厂
1515,编辑 删除,8094,红牛北京奥瑞金委外工厂,南宁数据在线,2043,红牛北京奥瑞金委外工厂
1516,编辑 删除,8094,红牛北京奥瑞金委外工厂,海口数据在线,2042,红牛北京奥瑞金委外工厂
1517,编辑 删除,8094,红牛北京奥瑞金委外工厂,东莞数据在线,2041,红牛北京奥瑞金委外工厂
1518,编辑 删除,8094,红牛北京奥瑞金委外工厂,深圳数据在线,2040,红牛北京奥瑞金委外工厂
1519,编辑 删除,8094,红牛北京奥瑞金委外工厂,广州数据在线,2039,红牛北京奥瑞金委外工厂
1520,编辑 删除,8094,红牛北京奥瑞金委外工厂,南昌数据在线,2038,红牛北京奥瑞金委外工厂
1521,编辑 删除,8094,红牛北京奥瑞金委外工厂,南充数据在线,2037,红牛北京奥瑞金委外工厂
1522,编辑 删除,8094,红牛北京奥瑞金委外工厂,成都数据在线,2036,红牛北京奥瑞金委外工厂
1523,编辑 删除,8094,红牛北京奥瑞金委外工厂,荆州数据在线,2035,红牛北京奥瑞金委外工厂
1524,编辑 删除,8094,红牛北京奥瑞金委外工厂,衡阳数据在线,2034,红牛北京奥瑞金委外工厂
1525,编辑 删除,8094,红牛北京奥瑞金委外工厂,邵阳数据在线,2033,红牛北京奥瑞金委外工厂
1526,编辑 删除,8094,红牛北京奥瑞金委外工厂,长沙数据在线,2032,红牛北京奥瑞金委外工厂
1527,编辑 删除,8094,红牛北京奥瑞金委外工厂,武汉数据在线,2031,红牛北京奥瑞金委外工厂
1528,编辑 删除,8094,红牛北京奥瑞金委外工厂,遵义数据在线,2030,红牛北京奥瑞金委外工厂
1529,编辑 删除,8094,红牛北京奥瑞金委外工厂,贵阳数据在线,2029,红牛北京奥瑞金委外工厂
1530,编辑 删除,8094,红牛北京奥瑞金委外工厂,重庆数据在线,2028,红牛北京奥瑞金委外工厂
1531,编辑 删除,8094,红牛北京奥瑞金委外工厂,大理数据在线,2027,红牛北京奥瑞金委外工厂
1532,编辑 删除,8094,红牛北京奥瑞金委外工厂,昆明数据在线,2026,红牛北京奥瑞金委外工厂
1533,编辑 删除,8094,红牛北京奥瑞金委外工厂,合肥数据在线,2025,红牛北京奥瑞金委外工厂
1534,编辑 删除,8094,红牛北京奥瑞金委外工厂,上海数据在线,2024,红牛北京奥瑞金委外工厂
1535,编辑 删除,8094,红牛北京奥瑞金委外工厂,南京数据在线,2023,红牛北京奥瑞金委外工厂
1536,编辑 删除,8094,红牛北京奥瑞金委外工厂,台州数据在线,2022,红牛北京奥瑞金委外工厂
1537,编辑 删除,8094,红牛北京奥瑞金委外工厂,金华数据在线,2021,红牛北京奥瑞金委外工厂
1538,编辑 删除,8094,红牛北京奥瑞金委外工厂,杭州数据在线,2020,红牛北京奥瑞金委外工厂
1539,编辑 删除,8094,红牛北京奥瑞金委外工厂,淮安数据在线,2019,红牛北京奥瑞金委外工厂
1540,编辑 删除,8094,红牛北京奥瑞金委外工厂,青岛数据在线,2018,红牛北京奥瑞金委外工厂
1541,编辑 删除,8094,红牛北京奥瑞金委外工厂,济南数据在线,2017,红牛北京奥瑞金委外工厂
1542,编辑 删除,8094,红牛北京奥瑞金委外工厂,西宁数据在线,2016,红牛北京奥瑞金委外工厂
1543,编辑 删除,8094,红牛北京奥瑞金委外工厂,库尔勒数据在线,2015,红牛北京奥瑞金委外工厂
1544,编辑 删除,8094,红牛北京奥瑞金委外工厂,喀什数据在线,2014,红牛北京奥瑞金委外工厂
1545,编辑 删除,8094,红牛北京奥瑞金委外工厂,西安数据在线,2013,红牛北京奥瑞金委外工厂
1546,编辑 删除,8094,红牛北京奥瑞金委外工厂,兰州数据在线,2012,红牛北京奥瑞金委外工厂
1547,编辑 删除,8094,红牛北京奥瑞金委外工厂,乌鲁木齐数据在线,2011,红牛北京奥瑞金委外工厂
1548,编辑 删除,8094,红牛北京奥瑞金委外工厂,驻马店数据在线,2010,红牛北京奥瑞金委外工厂
1549,编辑 删除,8094,红牛北京奥瑞金委外工厂,郑州数据在线,2009,红牛北京奥瑞金委外工厂
1550,编辑 删除,8094,红牛北京奥瑞金委外工厂,包头数据在线,2008,红牛北京奥瑞金委外工厂
1551,编辑 删除,8094,红牛北京奥瑞金委外工厂,长春数据在线,2007,红牛北京奥瑞金委外工厂
1552,编辑 删除,8094,红牛北京奥瑞金委外工厂,哈尔滨数据在线,2006,红牛北京奥瑞金委外工厂
1553,编辑 删除,8094,红牛北京奥瑞金委外工厂,沈阳数据在线,2005,红牛北京奥瑞金委外工厂
1554,编辑 删除,8094,红牛北京奥瑞金委外工厂,北京京津港平谷,2004,红牛北京奥瑞金委外工厂
1555,编辑 删除,8094,红牛北京奥瑞金委外工厂,北京数据在线,2003,红牛北京奥瑞金委外工厂
1556,编辑 删除,8094,红牛北京奥瑞金委外工厂,太原数据在线,2002,红牛北京奥瑞金委外工厂
1557,编辑 删除,8094,红牛北京奥瑞金委外工厂,数据在线,2001,红牛北京奥瑞金委外工厂
1558,编辑 删除,8094,红牛北京奥瑞金委外工厂,虚拟库存地,0099,红牛北京奥瑞金委外工厂
1559,编辑 删除,8094,红牛北京奥瑞金委外工厂,咸宁基地,0098,红牛北京奥瑞金委外工厂
1560,编辑 删除,8094,红牛北京奥瑞金委外工厂,怀柔基地,0097,红牛北京奥瑞金委外工厂
1561,编辑 删除,8094,红牛北京奥瑞金委外工厂,海口基地,0096,红牛北京奥瑞金委外工厂
1562,编辑 删除,8094,红牛北京奥瑞金委外工厂,佛山基地,0095,红牛北京奥瑞金委外工厂
1563,编辑 删除,8094,红牛北京奥瑞金委外工厂,江苏基地,0094,红牛北京奥瑞金委外工厂
1564,编辑 删除,8094,红牛北京奥瑞金委外工厂,百仕欣怀柔工厂,0093,红牛北京奥瑞金委外工厂
1565,编辑 删除,8094,红牛北京奥瑞金委外工厂,采购服务库位,0000,红牛北京奥瑞金委外工厂
1566,编辑 删除,8011,红牛北京怀柔基地三号线,总公司八佰里库,0009,红牛北京怀柔基地三号线
1567,编辑 删除,8011,红牛北京怀柔基地三号线,总公司仓库,0007,红牛北京怀柔基地三号线
1568,编辑 删除,8011,红牛北京怀柔基地三号线,三号线成品仓库,0004,红牛北京怀柔基地三号线
1569,编辑 删除,8011,红牛北京怀柔基地三号线,采购服务库位,0000,红牛北京怀柔基地三号线
1570,编辑 删除,8003,红牛总公司宣传品工厂,总公司体育营销部,0001,红牛总公司宣传品工厂
1571,编辑 删除,8003,红牛总公司宣传品工厂,采购服务库位,0000,红牛总公司宣传品工厂
1572,编辑 删除,8002,怀柔备品备件零价值工厂,备品备件库存地,0001,怀柔备品备件零价值工厂
1573,编辑 删除,8001,红牛北京怀柔基地,促进物库位,9999,红牛北京怀柔基地
1574,编辑 删除,8001,红牛北京怀柔基地,原料称料库,0099,红牛北京怀柔基地
1575,编辑 删除,8001,红牛北京怀柔基地,原材料湖北基地暂存库,0016,红牛北京怀柔基地
1576,编辑 删除,8001,红牛北京怀柔基地,三号线在线库,0015,红牛北京怀柔基地
1577,编辑 删除,8001,红牛北京怀柔基地,三号线生产原料库,0011,红牛北京怀柔基地
1578,编辑 删除,8001,红牛北京怀柔基地,总公司八佰里库,0009,红牛北京怀柔基地
1579,编辑 删除,8001,红牛北京怀柔基地,废品库,0008,红牛北京怀柔基地
1580,编辑 删除,8001,红牛北京怀柔基地,总公司仓库,0007,红牛北京怀柔基地
1581,编辑 删除,8001,红牛北京怀柔基地,委外原材料库存地,0006,红牛北京怀柔基地
1582,编辑 删除,8001,红牛北京怀柔基地,在线库,0005,红牛北京怀柔基地
1583,编辑 删除,8001,红牛北京怀柔基地,成品库,0004,红牛北京怀柔基地
1584,编辑 删除,8001,红牛北京怀柔基地,备品备件库,0003,红牛北京怀柔基地
1585,编辑 删除,8001,红牛北京怀柔基地,生产辅料库,0002,红牛北京怀柔基地
1586,编辑 删除,8001,红牛北京怀柔基地,生产原料库,0001,红牛北京怀柔基地
1587,编辑 删除,8001,红牛北京怀柔基地,采购服务库位,0000,红牛北京怀柔基地
1588,编辑 删除,70C3,华彬力美浙江安迈欣委外工厂,促进物库位,9999,华彬力美浙江安迈欣委外工厂
1589,编辑 删除,70C3,华彬力美浙江安迈欣委外工厂,汕头睿通,6004,华彬力美浙江安迈欣委外工厂
1590,编辑 删除,70C3,华彬力美浙江安迈欣委外工厂,湛江睿通,6003,华彬力美浙江安迈欣委外工厂
1591,编辑 删除,70C3,华彬力美浙江安迈欣委外工厂,泉州睿通,6002,华彬力美浙江安迈欣委外工厂
1592,编辑 删除,70C3,华彬力美浙江安迈欣委外工厂,福州睿通,6001,华彬力美浙江安迈欣委外工厂
1593,编辑 删除,70C3,华彬力美浙江安迈欣委外工厂,赣州数据在线,2053,华彬力美浙江安迈欣委外工厂
1594,编辑 删除,70C3,华彬力美浙江安迈欣委外工厂,河北数据在线,2050,华彬力美浙江安迈欣委外工厂
1595,编辑 删除,70C3,华彬力美浙江安迈欣委外工厂,怀柔数据在线,2049,华彬力美浙江安迈欣委外工厂
1596,编辑 删除,70C3,华彬力美浙江安迈欣委外工厂,和田数据在线,2048,华彬力美浙江安迈欣委外工厂
1597,编辑 删除,70C3,华彬力美浙江安迈欣委外工厂,天津数据在线,2047,华彬力美浙江安迈欣委外工厂
1598,编辑 删除,70C3,华彬力美浙江安迈欣委外工厂,贵港数据在线,2045,华彬力美浙江安迈欣委外工厂
1599,编辑 删除,70C3,华彬力美浙江安迈欣委外工厂,柳州数据在线,2044,华彬力美浙江安迈欣委外工厂
1600,编辑 删除,70C3,华彬力美浙江安迈欣委外工厂,南宁数据在线,2043,华彬力美浙江安迈欣委外工厂
1601,编辑 删除,70C3,华彬力美浙江安迈欣委外工厂,海口数据在线,2042,华彬力美浙江安迈欣委外工厂
1602,编辑 删除,70C3,华彬力美浙江安迈欣委外工厂,东莞数据在线,2041,华彬力美浙江安迈欣委外工厂
1603,编辑 删除,70C3,华彬力美浙江安迈欣委外工厂,深圳数据在线,2040,华彬力美浙江安迈欣委外工厂
1604,编辑 删除,70C3,华彬力美浙江安迈欣委外工厂,广州数据在线,2039,华彬力美浙江安迈欣委外工厂
1605,编辑 删除,70C3,华彬力美浙江安迈欣委外工厂,南昌数据在线,2038,华彬力美浙江安迈欣委外工厂
1606,编辑 删除,70C3,华彬力美浙江安迈欣委外工厂,南充数据在线,2037,华彬力美浙江安迈欣委外工厂
1607,编辑 删除,70C3,华彬力美浙江安迈欣委外工厂,成都数据在线,2036,华彬力美浙江安迈欣委外工厂
1608,编辑 删除,70C3,华彬力美浙江安迈欣委外工厂,荆州数据在线,2035,华彬力美浙江安迈欣委外工厂
1609,编辑 删除,70C3,华彬力美浙江安迈欣委外工厂,衡阳数据在线,2034,华彬力美浙江安迈欣委外工厂
1610,编辑 删除,70C3,华彬力美浙江安迈欣委外工厂,邵阳数据在线,2033,华彬力美浙江安迈欣委外工厂
1611,编辑 删除,70C3,华彬力美浙江安迈欣委外工厂,长沙数据在线,2032,华彬力美浙江安迈欣委外工厂
1612,编辑 删除,70C3,华彬力美浙江安迈欣委外工厂,武汉数据在线,2031,华彬力美浙江安迈欣委外工厂
1613,编辑 删除,70C3,华彬力美浙江安迈欣委外工厂,遵义数据在线,2030,华彬力美浙江安迈欣委外工厂
1614,编辑 删除,70C3,华彬力美浙江安迈欣委外工厂,贵阳数据在线,2029,华彬力美浙江安迈欣委外工厂
1615,编辑 删除,70C3,华彬力美浙江安迈欣委外工厂,重庆数据在线,2028,华彬力美浙江安迈欣委外工厂
1616,编辑 删除,70C3,华彬力美浙江安迈欣委外工厂,大理数据在线,2027,华彬力美浙江安迈欣委外工厂
1617,编辑 删除,70C3,华彬力美浙江安迈欣委外工厂,昆明数据在线,2026,华彬力美浙江安迈欣委外工厂
1618,编辑 删除,70C3,华彬力美浙江安迈欣委外工厂,合肥数据在线,2025,华彬力美浙江安迈欣委外工厂
1619,编辑 删除,70C3,华彬力美浙江安迈欣委外工厂,上海数据在线,2024,华彬力美浙江安迈欣委外工厂
1620,编辑 删除,70C3,华彬力美浙江安迈欣委外工厂,南京数据在线,2023,华彬力美浙江安迈欣委外工厂
1621,编辑 删除,70C3,华彬力美浙江安迈欣委外工厂,台州数据在线,2022,华彬力美浙江安迈欣委外工厂
1622,编辑 删除,70C3,华彬力美浙江安迈欣委外工厂,金华数据在线,2021,华彬力美浙江安迈欣委外工厂
1623,编辑 删除,70C3,华彬力美浙江安迈欣委外工厂,杭州数据在线,2020,华彬力美浙江安迈欣委外工厂
1624,编辑 删除,70C3,华彬力美浙江安迈欣委外工厂,淮安数据在线,2019,华彬力美浙江安迈欣委外工厂
1625,编辑 删除,70C3,华彬力美浙江安迈欣委外工厂,青岛数据在线,2018,华彬力美浙江安迈欣委外工厂
1626,编辑 删除,70C3,华彬力美浙江安迈欣委外工厂,济南数据在线,2017,华彬力美浙江安迈欣委外工厂
1627,编辑 删除,70C3,华彬力美浙江安迈欣委外工厂,西宁数据在线,2016,华彬力美浙江安迈欣委外工厂
1628,编辑 删除,70C3,华彬力美浙江安迈欣委外工厂,库尔勒数据在线,2015,华彬力美浙江安迈欣委外工厂
1629,编辑 删除,70C3,华彬力美浙江安迈欣委外工厂,喀什数据在线,2014,华彬力美浙江安迈欣委外工厂
1630,编辑 删除,70C3,华彬力美浙江安迈欣委外工厂,西安数据在线,2013,华彬力美浙江安迈欣委外工厂
1631,编辑 删除,70C3,华彬力美浙江安迈欣委外工厂,兰州数据在线,2012,华彬力美浙江安迈欣委外工厂
1632,编辑 删除,70C3,华彬力美浙江安迈欣委外工厂,乌鲁木齐数据在线,2011,华彬力美浙江安迈欣委外工厂
1633,编辑 删除,70C3,华彬力美浙江安迈欣委外工厂,驻马店数据在线,2010,华彬力美浙江安迈欣委外工厂
1634,编辑 删除,70C3,华彬力美浙江安迈欣委外工厂,郑州数据在线,2009,华彬力美浙江安迈欣委外工厂
1635,编辑 删除,70C3,华彬力美浙江安迈欣委外工厂,包头数据在线,2008,华彬力美浙江安迈欣委外工厂
1636,编辑 删除,70C3,华彬力美浙江安迈欣委外工厂,长春数据在线,2007,华彬力美浙江安迈欣委外工厂
1637,编辑 删除,70C3,华彬力美浙江安迈欣委外工厂,哈尔滨数据在线,2006,华彬力美浙江安迈欣委外工厂
1638,编辑 删除,70C3,华彬力美浙江安迈欣委外工厂,沈阳数据在线,2005,华彬力美浙江安迈欣委外工厂
1639,编辑 删除,70C3,华彬力美浙江安迈欣委外工厂,北京京津港平谷,2004,华彬力美浙江安迈欣委外工厂
1640,编辑 删除,70C3,华彬力美浙江安迈欣委外工厂,北京数据在线,2003,华彬力美浙江安迈欣委外工厂
1641,编辑 删除,70C3,华彬力美浙江安迈欣委外工厂,太原数据在线,2002,华彬力美浙江安迈欣委外工厂
1642,编辑 删除,70C3,华彬力美浙江安迈欣委外工厂,咸宁基地,0098,华彬力美浙江安迈欣委外工厂
1643,编辑 删除,70C3,华彬力美浙江安迈欣委外工厂,怀柔基地,0097,华彬力美浙江安迈欣委外工厂
1644,编辑 删除,70C3,华彬力美浙江安迈欣委外工厂,佛山基地,0095,华彬力美浙江安迈欣委外工厂
1645,编辑 删除,70C3,华彬力美浙江安迈欣委外工厂,江苏宜兴基地,0094,华彬力美浙江安迈欣委外工厂
1646,编辑 删除,70C3,华彬力美浙江安迈欣委外工厂,废品库,0008,华彬力美浙江安迈欣委外工厂
1647,编辑 删除,70C3,华彬力美浙江安迈欣委外工厂,半成品库,0007,华彬力美浙江安迈欣委外工厂
1648,编辑 删除,70C3,华彬力美浙江安迈欣委外工厂,在线库,0005,华彬力美浙江安迈欣委外工厂
1649,编辑 删除,70C3,华彬力美浙江安迈欣委外工厂,成品库,0004,华彬力美浙江安迈欣委外工厂
1650,编辑 删除,70C3,华彬力美浙江安迈欣委外工厂,备品备件库,0003,华彬力美浙江安迈欣委外工厂
1651,编辑 删除,70C3,华彬力美浙江安迈欣委外工厂,生产辅料库,0002,华彬力美浙江安迈欣委外工厂
1652,编辑 删除,70C3,华彬力美浙江安迈欣委外工厂,生产原料库,0001,华彬力美浙江安迈欣委外工厂
1653,编辑 删除,70C3,华彬力美浙江安迈欣委外工厂,采购服务库位,0000,华彬力美浙江安迈欣委外工厂
1654,编辑 删除,70C2,华彬力美广东德源委外工厂,促进物库位,9999,华彬力美广东德源委外工厂
1655,编辑 删除,70C2,华彬力美广东德源委外工厂,汕头睿通,6004,华彬力美广东德源委外工厂
1656,编辑 删除,70C2,华彬力美广东德源委外工厂,湛江睿通,6003,华彬力美广东德源委外工厂
1657,编辑 删除,70C2,华彬力美广东德源委外工厂,泉州睿通,6002,华彬力美广东德源委外工厂
1658,编辑 删除,70C2,华彬力美广东德源委外工厂,福州睿通,6001,华彬力美广东德源委外工厂
1659,编辑 删除,70C2,华彬力美广东德源委外工厂,赣州数据在线,2053,华彬力美广东德源委外工厂
1660,编辑 删除,70C2,华彬力美广东德源委外工厂,河北数据在线,2050,华彬力美广东德源委外工厂
1661,编辑 删除,70C2,华彬力美广东德源委外工厂,怀柔数据在线,2049,华彬力美广东德源委外工厂
1662,编辑 删除,70C2,华彬力美广东德源委外工厂,和田数据在线,2048,华彬力美广东德源委外工厂
1663,编辑 删除,70C2,华彬力美广东德源委外工厂,天津数据在线,2047,华彬力美广东德源委外工厂
1664,编辑 删除,70C2,华彬力美广东德源委外工厂,贵港数据在线,2045,华彬力美广东德源委外工厂
1665,编辑 删除,70C2,华彬力美广东德源委外工厂,柳州数据在线,2044,华彬力美广东德源委外工厂
1666,编辑 删除,70C2,华彬力美广东德源委外工厂,南宁数据在线,2043,华彬力美广东德源委外工厂
1667,编辑 删除,70C2,华彬力美广东德源委外工厂,海口数据在线,2042,华彬力美广东德源委外工厂
1668,编辑 删除,70C2,华彬力美广东德源委外工厂,东莞数据在线,2041,华彬力美广东德源委外工厂
1669,编辑 删除,70C2,华彬力美广东德源委外工厂,深圳数据在线,2040,华彬力美广东德源委外工厂
1670,编辑 删除,70C2,华彬力美广东德源委外工厂,广州数据在线,2039,华彬力美广东德源委外工厂
1671,编辑 删除,70C2,华彬力美广东德源委外工厂,南昌数据在线,2038,华彬力美广东德源委外工厂
1672,编辑 删除,70C2,华彬力美广东德源委外工厂,南充数据在线,2037,华彬力美广东德源委外工厂
1673,编辑 删除,70C2,华彬力美广东德源委外工厂,成都数据在线,2036,华彬力美广东德源委外工厂
1674,编辑 删除,70C2,华彬力美广东德源委外工厂,荆州数据在线,2035,华彬力美广东德源委外工厂
1675,编辑 删除,70C2,华彬力美广东德源委外工厂,衡阳数据在线,2034,华彬力美广东德源委外工厂
1676,编辑 删除,70C2,华彬力美广东德源委外工厂,邵阳数据在线,2033,华彬力美广东德源委外工厂
1677,编辑 删除,70C2,华彬力美广东德源委外工厂,长沙数据在线,2032,华彬力美广东德源委外工厂
1678,编辑 删除,70C2,华彬力美广东德源委外工厂,武汉数据在线,2031,华彬力美广东德源委外工厂
1679,编辑 删除,70C2,华彬力美广东德源委外工厂,遵义数据在线,2030,华彬力美广东德源委外工厂
1680,编辑 删除,70C2,华彬力美广东德源委外工厂,贵阳数据在线,2029,华彬力美广东德源委外工厂
1681,编辑 删除,70C2,华彬力美广东德源委外工厂,重庆数据在线,2028,华彬力美广东德源委外工厂
1682,编辑 删除,70C2,华彬力美广东德源委外工厂,大理数据在线,2027,华彬力美广东德源委外工厂
1683,编辑 删除,70C2,华彬力美广东德源委外工厂,昆明数据在线,2026,华彬力美广东德源委外工厂
1684,编辑 删除,70C2,华彬力美广东德源委外工厂,合肥数据在线,2025,华彬力美广东德源委外工厂
1685,编辑 删除,70C2,华彬力美广东德源委外工厂,上海数据在线,2024,华彬力美广东德源委外工厂
1686,编辑 删除,70C2,华彬力美广东德源委外工厂,南京数据在线,2023,华彬力美广东德源委外工厂
1687,编辑 删除,70C2,华彬力美广东德源委外工厂,台州数据在线,2022,华彬力美广东德源委外工厂
1688,编辑 删除,70C2,华彬力美广东德源委外工厂,金华数据在线,2021,华彬力美广东德源委外工厂
1689,编辑 删除,70C2,华彬力美广东德源委外工厂,杭州数据在线,2020,华彬力美广东德源委外工厂
1690,编辑 删除,70C2,华彬力美广东德源委外工厂,淮安数据在线,2019,华彬力美广东德源委外工厂
1691,编辑 删除,70C2,华彬力美广东德源委外工厂,青岛数据在线,2018,华彬力美广东德源委外工厂
1692,编辑 删除,70C2,华彬力美广东德源委外工厂,济南数据在线,2017,华彬力美广东德源委外工厂
1693,编辑 删除,70C2,华彬力美广东德源委外工厂,西宁数据在线,2016,华彬力美广东德源委外工厂
1694,编辑 删除,70C2,华彬力美广东德源委外工厂,库尔勒数据在线,2015,华彬力美广东德源委外工厂
1695,编辑 删除,70C2,华彬力美广东德源委外工厂,喀什数据在线,2014,华彬力美广东德源委外工厂
1696,编辑 删除,70C2,华彬力美广东德源委外工厂,西安数据在线,2013,华彬力美广东德源委外工厂
1697,编辑 删除,70C2,华彬力美广东德源委外工厂,兰州数据在线,2012,华彬力美广东德源委外工厂
1698,编辑 删除,70C2,华彬力美广东德源委外工厂,乌鲁木齐数据在线,2011,华彬力美广东德源委外工厂
1699,编辑 删除,70C2,华彬力美广东德源委外工厂,驻马店数据在线,2010,华彬力美广东德源委外工厂
1700,编辑 删除,70C2,华彬力美广东德源委外工厂,郑州数据在线,2009,华彬力美广东德源委外工厂
1701,编辑 删除,70C2,华彬力美广东德源委外工厂,包头数据在线,2008,华彬力美广东德源委外工厂
1702,编辑 删除,70C2,华彬力美广东德源委外工厂,长春数据在线,2007,华彬力美广东德源委外工厂
1703,编辑 删除,70C2,华彬力美广东德源委外工厂,哈尔滨数据在线,2006,华彬力美广东德源委外工厂
1704,编辑 删除,70C2,华彬力美广东德源委外工厂,沈阳数据在线,2005,华彬力美广东德源委外工厂
1705,编辑 删除,70C2,华彬力美广东德源委外工厂,北京京津港平谷,2004,华彬力美广东德源委外工厂
1706,编辑 删除,70C2,华彬力美广东德源委外工厂,北京数据在线,2003,华彬力美广东德源委外工厂
1707,编辑 删除,70C2,华彬力美广东德源委外工厂,太原数据在线,2002,华彬力美广东德源委外工厂
1708,编辑 删除,70C2,华彬力美广东德源委外工厂,咸宁基地,0098,华彬力美广东德源委外工厂
1709,编辑 删除,70C2,华彬力美广东德源委外工厂,怀柔基地,0097,华彬力美广东德源委外工厂
1710,编辑 删除,70C2,华彬力美广东德源委外工厂,佛山基地,0095,华彬力美广东德源委外工厂
1711,编辑 删除,70C2,华彬力美广东德源委外工厂,江苏宜兴基地,0094,华彬力美广东德源委外工厂
1712,编辑 删除,70C2,华彬力美广东德源委外工厂,废品库,0008,华彬力美广东德源委外工厂
1713,编辑 删除,70C2,华彬力美广东德源委外工厂,半成品库,0007,华彬力美广东德源委外工厂
1714,编辑 删除,70C2,华彬力美广东德源委外工厂,在线库,0005,华彬力美广东德源委外工厂
1715,编辑 删除,70C2,华彬力美广东德源委外工厂,成品库,0004,华彬力美广东德源委外工厂
1716,编辑 删除,70C2,华彬力美广东德源委外工厂,备品备件库,0003,华彬力美广东德源委外工厂
1717,编辑 删除,70C2,华彬力美广东德源委外工厂,生产辅料库,0002,华彬力美广东德源委外工厂
1718,编辑 删除,70C2,华彬力美广东德源委外工厂,生产原料库,0001,华彬力美广东德源委外工厂
1719,编辑 删除,70C2,华彬力美广东德源委外工厂,采购服务库位,0000,华彬力美广东德源委外工厂
1720,编辑 删除,70C1,华彬力美基地工厂,促进物库位,9999,华彬力美基地工厂
1721,编辑 删除,70C1,华彬力美基地工厂,汕头睿通,6004,华彬力美基地工厂
1722,编辑 删除,70C1,华彬力美基地工厂,湛江睿通,6003,华彬力美基地工厂
1723,编辑 删除,70C1,华彬力美基地工厂,泉州睿通,6002,华彬力美基地工厂
1724,编辑 删除,70C1,华彬力美基地工厂,福州睿通,6001,华彬力美基地工厂
1725,编辑 删除,70C1,华彬力美基地工厂,赣州数据在线,2053,华彬力美基地工厂
1726,编辑 删除,70C1,华彬力美基地工厂,河北数据在线,2050,华彬力美基地工厂
1727,编辑 删除,70C1,华彬力美基地工厂,怀柔数据在线,2049,华彬力美基地工厂
1728,编辑 删除,70C1,华彬力美基地工厂,和田数据在线,2048,华彬力美基地工厂
1729,编辑 删除,70C1,华彬力美基地工厂,天津数据在线,2047,华彬力美基地工厂
1730,编辑 删除,70C1,华彬力美基地工厂,贵港数据在线,2045,华彬力美基地工厂
1731,编辑 删除,70C1,华彬力美基地工厂,柳州数据在线,2044,华彬力美基地工厂
1732,编辑 删除,70C1,华彬力美基地工厂,南宁数据在线,2043,华彬力美基地工厂
1733,编辑 删除,70C1,华彬力美基地工厂,海口数据在线,2042,华彬力美基地工厂
1734,编辑 删除,70C1,华彬力美基地工厂,东莞数据在线,2041,华彬力美基地工厂
1735,编辑 删除,70C1,华彬力美基地工厂,深圳数据在线,2040,华彬力美基地工厂
1736,编辑 删除,70C1,华彬力美基地工厂,广州数据在线,2039,华彬力美基地工厂
1737,编辑 删除,70C1,华彬力美基地工厂,南昌数据在线,2038,华彬力美基地工厂
1738,编辑 删除,70C1,华彬力美基地工厂,南充数据在线,2037,华彬力美基地工厂
1739,编辑 删除,70C1,华彬力美基地工厂,成都数据在线,2036,华彬力美基地工厂
1740,编辑 删除,70C1,华彬力美基地工厂,荆州数据在线,2035,华彬力美基地工厂
1741,编辑 删除,70C1,华彬力美基地工厂,衡阳数据在线,2034,华彬力美基地工厂
1742,编辑 删除,70C1,华彬力美基地工厂,邵阳数据在线,2033,华彬力美基地工厂
1743,编辑 删除,70C1,华彬力美基地工厂,长沙数据在线,2032,华彬力美基地工厂
1744,编辑 删除,70C1,华彬力美基地工厂,武汉数据在线,2031,华彬力美基地工厂
1745,编辑 删除,70C1,华彬力美基地工厂,遵义数据在线,2030,华彬力美基地工厂
1746,编辑 删除,70C1,华彬力美基地工厂,贵阳数据在线,2029,华彬力美基地工厂
1747,编辑 删除,70C1,华彬力美基地工厂,重庆数据在线,2028,华彬力美基地工厂
1748,编辑 删除,70C1,华彬力美基地工厂,大理数据在线,2027,华彬力美基地工厂
1749,编辑 删除,70C1,华彬力美基地工厂,昆明数据在线,2026,华彬力美基地工厂
1750,编辑 删除,70C1,华彬力美基地工厂,合肥数据在线,2025,华彬力美基地工厂
1751,编辑 删除,70C1,华彬力美基地工厂,上海数据在线,2024,华彬力美基地工厂
1752,编辑 删除,70C1,华彬力美基地工厂,南京数据在线,2023,华彬力美基地工厂
1753,编辑 删除,70C1,华彬力美基地工厂,台州数据在线,2022,华彬力美基地工厂
1754,编辑 删除,70C1,华彬力美基地工厂,金华数据在线,2021,华彬力美基地工厂
1755,编辑 删除,70C1,华彬力美基地工厂,杭州数据在线,2020,华彬力美基地工厂
1756,编辑 删除,70C1,华彬力美基地工厂,淮安数据在线,2019,华彬力美基地工厂
1757,编辑 删除,70C1,华彬力美基地工厂,青岛数据在线,2018,华彬力美基地工厂
1758,编辑 删除,70C1,华彬力美基地工厂,济南数据在线,2017,华彬力美基地工厂
1759,编辑 删除,70C1,华彬力美基地工厂,西宁数据在线,2016,华彬力美基地工厂
1760,编辑 删除,70C1,华彬力美基地工厂,库尔勒数据在线,2015,华彬力美基地工厂
1761,编辑 删除,70C1,华彬力美基地工厂,喀什数据在线,2014,华彬力美基地工厂
1762,编辑 删除,70C1,华彬力美基地工厂,西安数据在线,2013,华彬力美基地工厂
1763,编辑 删除,70C1,华彬力美基地工厂,兰州数据在线,2012,华彬力美基地工厂
1764,编辑 删除,70C1,华彬力美基地工厂,乌鲁木齐数据在线,2011,华彬力美基地工厂
1765,编辑 删除,70C1,华彬力美基地工厂,驻马店数据在线,2010,华彬力美基地工厂
1766,编辑 删除,70C1,华彬力美基地工厂,郑州数据在线,2009,华彬力美基地工厂
1767,编辑 删除,70C1,华彬力美基地工厂,包头数据在线,2008,华彬力美基地工厂
1768,编辑 删除,70C1,华彬力美基地工厂,长春数据在线,2007,华彬力美基地工厂
1769,编辑 删除,70C1,华彬力美基地工厂,哈尔滨数据在线,2006,华彬力美基地工厂
1770,编辑 删除,70C1,华彬力美基地工厂,沈阳数据在线,2005,华彬力美基地工厂
1771,编辑 删除,70C1,华彬力美基地工厂,北京京津港平谷,2004,华彬力美基地工厂
1772,编辑 删除,70C1,华彬力美基地工厂,北京数据在线,2003,华彬力美基地工厂
1773,编辑 删除,70C1,华彬力美基地工厂,太原数据在线,2002,华彬力美基地工厂
1774,编辑 删除,70C1,华彬力美基地工厂,咸宁基地,0098,华彬力美基地工厂
1775,编辑 删除,70C1,华彬力美基地工厂,怀柔基地,0097,华彬力美基地工厂
1776,编辑 删除,70C1,华彬力美基地工厂,佛山基地,0095,华彬力美基地工厂
1777,编辑 删除,70C1,华彬力美基地工厂,江苏宜兴基地,0094,华彬力美基地工厂
1778,编辑 删除,70C1,华彬力美基地工厂,废品库,0008,华彬力美基地工厂
1779,编辑 删除,70C1,华彬力美基地工厂,半成品库,0007,华彬力美基地工厂
1780,编辑 删除,70C1,华彬力美基地工厂,在线库,0005,华彬力美基地工厂
1781,编辑 删除,70C1,华彬力美基地工厂,成品库,0004,华彬力美基地工厂
1782,编辑 删除,70C1,华彬力美基地工厂,备品备件库,0003,华彬力美基地工厂
1783,编辑 删除,70C1,华彬力美基地工厂,生产辅料库,0002,华彬力美基地工厂
1784,编辑 删除,70C1,华彬力美基地工厂,生产原料库,0001,华彬力美基地工厂
1785,编辑 删除,70C1,华彬力美基地工厂,采购服务库位,0000,华彬力美基地工厂
1786,编辑 删除,70A1,华彬智力销售公司工厂,西藏库位,XZ01,华彬智力销售公司工厂
1787,编辑 删除,70A1,华彬智力销售公司工厂,电商郑州仓,DS09,华彬智力销售公司工厂
1788,编辑 删除,70A1,华彬智力销售公司工厂,电商西安仓,DS08,华彬智力销售公司工厂
1789,编辑 删除,70A1,华彬智力销售公司工厂,电商沈阳仓,DS07,华彬智力销售公司工厂
1790,编辑 删除,70A1,华彬智力销售公司工厂,电商济南仓,DS06,华彬智力销售公司工厂
1791,编辑 删除,70A1,华彬智力销售公司工厂,电商成都仓,DS05,华彬智力销售公司工厂
1792,编辑 删除,70A1,华彬智力销售公司工厂,电商武汉仓,DS04,华彬智力销售公司工厂
1793,编辑 删除,70A1,华彬智力销售公司工厂,电商广州仓,DS03,华彬智力销售公司工厂
1794,编辑 删除,70A1,华彬智力销售公司工厂,电商天津仓,DS02,华彬智力销售公司工厂
1795,编辑 删除,70A1,华彬智力销售公司工厂,电商南京仓,DS01,华彬智力销售公司工厂
1796,编辑 删除,70A1,华彬智力销售公司工厂,天猫苏州仓,9018,华彬智力销售公司工厂
1797,编辑 删除,70A1,华彬智力销售公司工厂,天猫佛山仓,9017,华彬智力销售公司工厂
1798,编辑 删除,70A1,华彬智力销售公司工厂,天猫南京仓,9016,华彬智力销售公司工厂
1799,编辑 删除,70A1,华彬智力销售公司工厂,天猫湖北仓,9012,华彬智力销售公司工厂
1800,编辑 删除,70A1,华彬智力销售公司工厂,天猫天津仓,9011,华彬智力销售公司工厂
1801,编辑 删除,70A1,华彬智力销售公司工厂,天猫广州仓,9008,华彬智力销售公司工厂
1802,编辑 删除,70A1,华彬智力销售公司工厂,天猫上海仓,9007,华彬智力销售公司工厂
1803,编辑 删除,70A1,华彬智力销售公司工厂,委外库存地,9001,华彬智力销售公司工厂
1804,编辑 删除,70A1,华彬智力销售公司工厂,汕头睿通,6004,华彬智力销售公司工厂
1805,编辑 删除,70A1,华彬智力销售公司工厂,湛江睿通,6003,华彬智力销售公司工厂
1806,编辑 删除,70A1,华彬智力销售公司工厂,泉州睿通,6002,华彬智力销售公司工厂
1807,编辑 删除,70A1,华彬智力销售公司工厂,福州睿通,6001,华彬智力销售公司工厂
1808,编辑 删除,70A1,华彬智力销售公司工厂,南昌九裕,5001,华彬智力销售公司工厂
1809,编辑 删除,70A1,华彬智力销售公司工厂,百色神龙,4005,华彬智力销售公司工厂
1810,编辑 删除,70A1,华彬智力销售公司工厂,贵港神龙,4004,华彬智力销售公司工厂
1811,编辑 删除,70A1,华彬智力销售公司工厂,柳州神龙,4003,华彬智力销售公司工厂
1812,编辑 删除,70A1,华彬智力销售公司工厂,南宁神龙,4002,华彬智力销售公司工厂
1813,编辑 删除,70A1,华彬智力销售公司工厂,南充神龙,4001,华彬智力销售公司工厂
1814,编辑 删除,70A1,华彬智力销售公司工厂,成都神龙,4000,华彬智力销售公司工厂
1815,编辑 删除,70A1,华彬智力销售公司工厂,汕头安和,3001,华彬智力销售公司工厂
1816,编辑 删除,70A1,华彬智力销售公司工厂,湛江安和,3000,华彬智力销售公司工厂
1817,编辑 删除,70A1,华彬智力销售公司工厂,赣州数据在线,2053,华彬智力销售公司工厂
1818,编辑 删除,70A1,华彬智力销售公司工厂,进口品上海数据在线,2051,华彬智力销售公司工厂
1819,编辑 删除,70A1,华彬智力销售公司工厂,石家庄数据在线,2050,华彬智力销售公司工厂
1820,编辑 删除,70A1,华彬智力销售公司工厂,怀柔数据在线,2049,华彬智力销售公司工厂
1821,编辑 删除,70A1,华彬智力销售公司工厂,和田数据在线,2048,华彬智力销售公司工厂
1822,编辑 删除,70A1,华彬智力销售公司工厂,天津数据在线,2047,华彬智力销售公司工厂
1823,编辑 删除,70A1,华彬智力销售公司工厂,安康数据在线,2046,华彬智力销售公司工厂
1824,编辑 删除,70A1,华彬智力销售公司工厂,贵港数据在线,2045,华彬智力销售公司工厂
1825,编辑 删除,70A1,华彬智力销售公司工厂,柳州数据在线,2044,华彬智力销售公司工厂
1826,编辑 删除,70A1,华彬智力销售公司工厂,南宁数据在线,2043,华彬智力销售公司工厂
1827,编辑 删除,70A1,华彬智力销售公司工厂,海口数据在线,2042,华彬智力销售公司工厂
1828,编辑 删除,70A1,华彬智力销售公司工厂,东莞数据在线,2041,华彬智力销售公司工厂
1829,编辑 删除,70A1,华彬智力销售公司工厂,深圳数据在线,2040,华彬智力销售公司工厂
1830,编辑 删除,70A1,华彬智力销售公司工厂,佛山数据在线,2039,华彬智力销售公司工厂
1831,编辑 删除,70A1,华彬智力销售公司工厂,南昌数据在线,2038,华彬智力销售公司工厂
1832,编辑 删除,70A1,华彬智力销售公司工厂,南充数据在线,2037,华彬智力销售公司工厂
1833,编辑 删除,70A1,华彬智力销售公司工厂,成都数据在线,2036,华彬智力销售公司工厂
1834,编辑 删除,70A1,华彬智力销售公司工厂,荆州数据在线,2035,华彬智力销售公司工厂
1835,编辑 删除,70A1,华彬智力销售公司工厂,衡阳数据在线,2034,华彬智力销售公司工厂
1836,编辑 删除,70A1,华彬智力销售公司工厂,邵阳数据在线,2033,华彬智力销售公司工厂
1837,编辑 删除,70A1,华彬智力销售公司工厂,长沙数据在线,2032,华彬智力销售公司工厂
1838,编辑 删除,70A1,华彬智力销售公司工厂,武汉数据在线,2031,华彬智力销售公司工厂
1839,编辑 删除,70A1,华彬智力销售公司工厂,遵义数据在线,2030,华彬智力销售公司工厂
1840,编辑 删除,70A1,华彬智力销售公司工厂,贵阳数据在线,2029,华彬智力销售公司工厂
1841,编辑 删除,70A1,华彬智力销售公司工厂,重庆数据在线,2028,华彬智力销售公司工厂
1842,编辑 删除,70A1,华彬智力销售公司工厂,大理数据在线,2027,华彬智力销售公司工厂
1843,编辑 删除,70A1,华彬智力销售公司工厂,昆明数据在线,2026,华彬智力销售公司工厂
1844,编辑 删除,70A1,华彬智力销售公司工厂,合肥数据在线,2025,华彬智力销售公司工厂
1845,编辑 删除,70A1,华彬智力销售公司工厂,上海数据在线,2024,华彬智力销售公司工厂
1846,编辑 删除,70A1,华彬智力销售公司工厂,南京数据在线,2023,华彬智力销售公司工厂
1847,编辑 删除,70A1,华彬智力销售公司工厂,台州数据在线,2022,华彬智力销售公司工厂
1848,编辑 删除,70A1,华彬智力销售公司工厂,金华数据在线,2021,华彬智力销售公司工厂
1849,编辑 删除,70A1,华彬智力销售公司工厂,杭州数据在线,2020,华彬智力销售公司工厂
1850,编辑 删除,70A1,华彬智力销售公司工厂,淮安数据在线,2019,华彬智力销售公司工厂
1851,编辑 删除,70A1,华彬智力销售公司工厂,青岛数据在线,2018,华彬智力销售公司工厂
1852,编辑 删除,70A1,华彬智力销售公司工厂,济南数据在线,2017,华彬智力销售公司工厂
1853,编辑 删除,70A1,华彬智力销售公司工厂,西宁数据在线,2016,华彬智力销售公司工厂
1854,编辑 删除,70A1,华彬智力销售公司工厂,库尔勒数据在线,2015,华彬智力销售公司工厂
1855,编辑 删除,70A1,华彬智力销售公司工厂,喀什数据在线,2014,华彬智力销售公司工厂
1856,编辑 删除,70A1,华彬智力销售公司工厂,西安数据在线,2013,华彬智力销售公司工厂
1857,编辑 删除,70A1,华彬智力销售公司工厂,兰州数据在线,2012,华彬智力销售公司工厂
1858,编辑 删除,70A1,华彬智力销售公司工厂,乌鲁木齐数据在线,2011,华彬智力销售公司工厂
1859,编辑 删除,70A1,华彬智力销售公司工厂,驻马店数据在线,2010,华彬智力销售公司工厂
1860,编辑 删除,70A1,华彬智力销售公司工厂,郑州数据在线,2009,华彬智力销售公司工厂
1861,编辑 删除,70A1,华彬智力销售公司工厂,包头数据在线,2008,华彬智力销售公司工厂
1862,编辑 删除,70A1,华彬智力销售公司工厂,长春数据在线,2007,华彬智力销售公司工厂
1863,编辑 删除,70A1,华彬智力销售公司工厂,哈尔滨数据在线,2006,华彬智力销售公司工厂
1864,编辑 删除,70A1,华彬智力销售公司工厂,沈阳数据在线,2005,华彬智力销售公司工厂
1865,编辑 删除,70A1,华彬智力销售公司工厂,北京京津港平谷,2004,华彬智力销售公司工厂
1866,编辑 删除,70A1,华彬智力销售公司工厂,北京数据在线,2003,华彬智力销售公司工厂
1867,编辑 删除,70A1,华彬智力销售公司工厂,太原数据在线,2002,华彬智力销售公司工厂
1868,编辑 删除,70A1,华彬智力销售公司工厂,数据在线,2001,华彬智力销售公司工厂
1869,编辑 删除,70A1,华彬智力销售公司工厂,虚拟库存地,0099,华彬智力销售公司工厂
1870,编辑 删除,70A1,华彬智力销售公司工厂,咸宁基地,0098,华彬智力销售公司工厂
1871,编辑 删除,70A1,华彬智力销售公司工厂,怀柔基地,0097,华彬智力销售公司工厂
1872,编辑 删除,70A1,华彬智力销售公司工厂,海口基地,0096,华彬智力销售公司工厂
1873,编辑 删除,70A1,华彬智力销售公司工厂,佛山基地,0095,华彬智力销售公司工厂
1874,编辑 删除,70A1,华彬智力销售公司工厂,江苏基地,0094,华彬智力销售公司工厂
1875,编辑 删除,70A1,华彬智力销售公司工厂,百仕欣怀柔工厂,0093,华彬智力销售公司工厂
1876,编辑 删除,70A1,华彬智力销售公司工厂,贵州基地,0091,华彬智力销售公司工厂
1877,编辑 删除,70A1,华彬智力销售公司工厂,厦门基地,0090,华彬智力销售公司工厂
1878,编辑 删除,70A1,华彬智力销售公司工厂,采购服务库位,0000,华彬智力销售公司工厂
1879,编辑 删除,6798,无锡战马厦门基地委外工厂,称料库存地,9099,无锡战马厦门基地委外工厂
1880,编辑 删除,6798,无锡战马厦门基地委外工厂,在线库存地,9005,无锡战马厦门基地委外工厂
1881,编辑 删除,6798,无锡战马厦门基地委外工厂,成品委外库存地,9004,无锡战马厦门基地委外工厂
1882,编辑 删除,6798,无锡战马厦门基地委外工厂,原材料委外库存地,9001,无锡战马厦门基地委外工厂
1883,编辑 删除,6798,无锡战马厦门基地委外工厂,汕头睿通,6004,无锡战马厦门基地委外工厂
1884,编辑 删除,6798,无锡战马厦门基地委外工厂,湛江睿通,6003,无锡战马厦门基地委外工厂
1885,编辑 删除,6798,无锡战马厦门基地委外工厂,泉州睿通,6002,无锡战马厦门基地委外工厂
1886,编辑 删除,6798,无锡战马厦门基地委外工厂,福州睿通,6001,无锡战马厦门基地委外工厂
1887,编辑 删除,6798,无锡战马厦门基地委外工厂,赣州数据在线,2053,无锡战马厦门基地委外工厂
1888,编辑 删除,6798,无锡战马厦门基地委外工厂,河北数据在线,2050,无锡战马厦门基地委外工厂
1889,编辑 删除,6798,无锡战马厦门基地委外工厂,和田数据在线,2048,无锡战马厦门基地委外工厂
1890,编辑 删除,6798,无锡战马厦门基地委外工厂,天津数据在线,2047,无锡战马厦门基地委外工厂
1891,编辑 删除,6798,无锡战马厦门基地委外工厂,贵港数据在线,2045,无锡战马厦门基地委外工厂
1892,编辑 删除,6798,无锡战马厦门基地委外工厂,柳州数据在线,2044,无锡战马厦门基地委外工厂
1893,编辑 删除,6798,无锡战马厦门基地委外工厂,南宁数据在线,2043,无锡战马厦门基地委外工厂
1894,编辑 删除,6798,无锡战马厦门基地委外工厂,海口数据在线,2042,无锡战马厦门基地委外工厂
1895,编辑 删除,6798,无锡战马厦门基地委外工厂,东莞数据在线,2041,无锡战马厦门基地委外工厂
1896,编辑 删除,6798,无锡战马厦门基地委外工厂,深圳数据在线,2040,无锡战马厦门基地委外工厂
1897,编辑 删除,6798,无锡战马厦门基地委外工厂,广州数据在线,2039,无锡战马厦门基地委外工厂
1898,编辑 删除,6798,无锡战马厦门基地委外工厂,南昌数据在线,2038,无锡战马厦门基地委外工厂
1899,编辑 删除,6798,无锡战马厦门基地委外工厂,南充数据在线,2037,无锡战马厦门基地委外工厂
1900,编辑 删除,6798,无锡战马厦门基地委外工厂,成都数据在线,2036,无锡战马厦门基地委外工厂
1901,编辑 删除,6798,无锡战马厦门基地委外工厂,荆州数据在线,2035,无锡战马厦门基地委外工厂
1902,编辑 删除,6798,无锡战马厦门基地委外工厂,衡阳数据在线,2034,无锡战马厦门基地委外工厂
1903,编辑 删除,6798,无锡战马厦门基地委外工厂,邵阳数据在线,2033,无锡战马厦门基地委外工厂
1904,编辑 删除,6798,无锡战马厦门基地委外工厂,长沙数据在线,2032,无锡战马厦门基地委外工厂
1905,编辑 删除,6798,无锡战马厦门基地委外工厂,武汉数据在线,2031,无锡战马厦门基地委外工厂
1906,编辑 删除,6798,无锡战马厦门基地委外工厂,遵义数据在线,2030,无锡战马厦门基地委外工厂
1907,编辑 删除,6798,无锡战马厦门基地委外工厂,贵阳数据在线,2029,无锡战马厦门基地委外工厂
1908,编辑 删除,6798,无锡战马厦门基地委外工厂,重庆数据在线,2028,无锡战马厦门基地委外工厂
1909,编辑 删除,6798,无锡战马厦门基地委外工厂,大理数据在线,2027,无锡战马厦门基地委外工厂
1910,编辑 删除,6798,无锡战马厦门基地委外工厂,昆明数据在线,2026,无锡战马厦门基地委外工厂
1911,编辑 删除,6798,无锡战马厦门基地委外工厂,合肥数据在线,2025,无锡战马厦门基地委外工厂
1912,编辑 删除,6798,无锡战马厦门基地委外工厂,上海数据在线,2024,无锡战马厦门基地委外工厂
1913,编辑 删除,6798,无锡战马厦门基地委外工厂,南京数据在线,2023,无锡战马厦门基地委外工厂
1914,编辑 删除,6798,无锡战马厦门基地委外工厂,台州数据在线,2022,无锡战马厦门基地委外工厂
1915,编辑 删除,6798,无锡战马厦门基地委外工厂,金华数据在线,2021,无锡战马厦门基地委外工厂
1916,编辑 删除,6798,无锡战马厦门基地委外工厂,杭州数据在线,2020,无锡战马厦门基地委外工厂
1917,编辑 删除,6798,无锡战马厦门基地委外工厂,淮安数据在线,2019,无锡战马厦门基地委外工厂
1918,编辑 删除,6798,无锡战马厦门基地委外工厂,青岛数据在线,2018,无锡战马厦门基地委外工厂
1919,编辑 删除,6798,无锡战马厦门基地委外工厂,济南数据在线,2017,无锡战马厦门基地委外工厂
1920,编辑 删除,6798,无锡战马厦门基地委外工厂,西宁数据在线,2016,无锡战马厦门基地委外工厂
1921,编辑 删除,6798,无锡战马厦门基地委外工厂,库尔勒数据在线,2015,无锡战马厦门基地委外工厂
1922,编辑 删除,6798,无锡战马厦门基地委外工厂,喀什数据在线,2014,无锡战马厦门基地委外工厂
1923,编辑 删除,6798,无锡战马厦门基地委外工厂,西安数据在线,2013,无锡战马厦门基地委外工厂
1924,编辑 删除,6798,无锡战马厦门基地委外工厂,兰州数据在线,2012,无锡战马厦门基地委外工厂
1925,编辑 删除,6798,无锡战马厦门基地委外工厂,乌鲁木齐数据在线,2011,无锡战马厦门基地委外工厂
1926,编辑 删除,6798,无锡战马厦门基地委外工厂,驻马店数据在线,2010,无锡战马厦门基地委外工厂
1927,编辑 删除,6798,无锡战马厦门基地委外工厂,郑州数据在线,2009,无锡战马厦门基地委外工厂
1928,编辑 删除,6798,无锡战马厦门基地委外工厂,包头数据在线,2008,无锡战马厦门基地委外工厂
1929,编辑 删除,6798,无锡战马厦门基地委外工厂,长春数据在线,2007,无锡战马厦门基地委外工厂
1930,编辑 删除,6798,无锡战马厦门基地委外工厂,哈尔滨数据在线,2006,无锡战马厦门基地委外工厂
1931,编辑 删除,6798,无锡战马厦门基地委外工厂,沈阳数据在线,2005,无锡战马厦门基地委外工厂
1932,编辑 删除,6798,无锡战马厦门基地委外工厂,北京平谷数据在线,2004,无锡战马厦门基地委外工厂
1933,编辑 删除,6798,无锡战马厦门基地委外工厂,北京数据在线,2003,无锡战马厦门基地委外工厂
1934,编辑 删除,6798,无锡战马厦门基地委外工厂,太原数据在线,2002,无锡战马厦门基地委外工厂
1935,编辑 删除,6798,无锡战马厦门基地委外工厂,咸宁基地,0098,无锡战马厦门基地委外工厂
1936,编辑 删除,6798,无锡战马厦门基地委外工厂,怀柔基地,0097,无锡战马厦门基地委外工厂
1937,编辑 删除,6798,无锡战马厦门基地委外工厂,佛山基地,0095,无锡战马厦门基地委外工厂
1938,编辑 删除,6798,无锡战马厦门基地委外工厂,江苏宜兴基地,0094,无锡战马厦门基地委外工厂
1939,编辑 删除,6798,无锡战马厦门基地委外工厂,采购服务库位,0000,无锡战马厦门基地委外工厂
1940,编辑 删除,6797,无锡战马贵州委外工厂,称料库存地,9099,无锡战马贵州委外工厂
1941,编辑 删除,6797,无锡战马贵州委外工厂,在线库存地,9005,无锡战马贵州委外工厂
1942,编辑 删除,6797,无锡战马贵州委外工厂,成品委外库存地,9004,无锡战马贵州委外工厂
1943,编辑 删除,6797,无锡战马贵州委外工厂,原材料委外库存地,9001,无锡战马贵州委外工厂
1944,编辑 删除,6797,无锡战马贵州委外工厂,汕头睿通,6004,无锡战马贵州委外工厂
1945,编辑 删除,6797,无锡战马贵州委外工厂,湛江睿通,6003,无锡战马贵州委外工厂
1946,编辑 删除,6797,无锡战马贵州委外工厂,泉州睿通,6002,无锡战马贵州委外工厂
1947,编辑 删除,6797,无锡战马贵州委外工厂,福州睿通,6001,无锡战马贵州委外工厂
1948,编辑 删除,6797,无锡战马贵州委外工厂,赣州数据在线,2053,无锡战马贵州委外工厂
1949,编辑 删除,6797,无锡战马贵州委外工厂,河北数据在线,2050,无锡战马贵州委外工厂
1950,编辑 删除,6797,无锡战马贵州委外工厂,和田数据在线,2048,无锡战马贵州委外工厂
1951,编辑 删除,6797,无锡战马贵州委外工厂,天津数据在线,2047,无锡战马贵州委外工厂
1952,编辑 删除,6797,无锡战马贵州委外工厂,贵港数据在线,2045,无锡战马贵州委外工厂
1953,编辑 删除,6797,无锡战马贵州委外工厂,柳州数据在线,2044,无锡战马贵州委外工厂
1954,编辑 删除,6797,无锡战马贵州委外工厂,南宁数据在线,2043,无锡战马贵州委外工厂
1955,编辑 删除,6797,无锡战马贵州委外工厂,海口数据在线,2042,无锡战马贵州委外工厂
1956,编辑 删除,6797,无锡战马贵州委外工厂,东莞数据在线,2041,无锡战马贵州委外工厂
1957,编辑 删除,6797,无锡战马贵州委外工厂,深圳数据在线,2040,无锡战马贵州委外工厂
1958,编辑 删除,6797,无锡战马贵州委外工厂,广州数据在线,2039,无锡战马贵州委外工厂
1959,编辑 删除,6797,无锡战马贵州委外工厂,南昌数据在线,2038,无锡战马贵州委外工厂
1960,编辑 删除,6797,无锡战马贵州委外工厂,南充数据在线,2037,无锡战马贵州委外工厂
1961,编辑 删除,6797,无锡战马贵州委外工厂,成都数据在线,2036,无锡战马贵州委外工厂
1962,编辑 删除,6797,无锡战马贵州委外工厂,荆州数据在线,2035,无锡战马贵州委外工厂
1963,编辑 删除,6797,无锡战马贵州委外工厂,衡阳数据在线,2034,无锡战马贵州委外工厂
1964,编辑 删除,6797,无锡战马贵州委外工厂,邵阳数据在线,2033,无锡战马贵州委外工厂
1965,编辑 删除,6797,无锡战马贵州委外工厂,长沙数据在线,2032,无锡战马贵州委外工厂
1966,编辑 删除,6797,无锡战马贵州委外工厂,武汉数据在线,2031,无锡战马贵州委外工厂
1967,编辑 删除,6797,无锡战马贵州委外工厂,遵义数据在线,2030,无锡战马贵州委外工厂
1968,编辑 删除,6797,无锡战马贵州委外工厂,贵阳数据在线,2029,无锡战马贵州委外工厂
1969,编辑 删除,6797,无锡战马贵州委外工厂,重庆数据在线,2028,无锡战马贵州委外工厂
1970,编辑 删除,6797,无锡战马贵州委外工厂,大理数据在线,2027,无锡战马贵州委外工厂
1971,编辑 删除,6797,无锡战马贵州委外工厂,昆明数据在线,2026,无锡战马贵州委外工厂
1972,编辑 删除,6797,无锡战马贵州委外工厂,合肥数据在线,2025,无锡战马贵州委外工厂
1973,编辑 删除,6797,无锡战马贵州委外工厂,上海数据在线,2024,无锡战马贵州委外工厂
1974,编辑 删除,6797,无锡战马贵州委外工厂,南京数据在线,2023,无锡战马贵州委外工厂
1975,编辑 删除,6797,无锡战马贵州委外工厂,台州数据在线,2022,无锡战马贵州委外工厂
1976,编辑 删除,6797,无锡战马贵州委外工厂,金华数据在线,2021,无锡战马贵州委外工厂
1977,编辑 删除,6797,无锡战马贵州委外工厂,杭州数据在线,2020,无锡战马贵州委外工厂
1978,编辑 删除,6797,无锡战马贵州委外工厂,淮安数据在线,2019,无锡战马贵州委外工厂
1979,编辑 删除,6797,无锡战马贵州委外工厂,青岛数据在线,2018,无锡战马贵州委外工厂
1980,编辑 删除,6797,无锡战马贵州委外工厂,济南数据在线,2017,无锡战马贵州委外工厂
1981,编辑 删除,6797,无锡战马贵州委外工厂,西宁数据在线,2016,无锡战马贵州委外工厂
1982,编辑 删除,6797,无锡战马贵州委外工厂,库尔勒数据在线,2015,无锡战马贵州委外工厂
1983,编辑 删除,6797,无锡战马贵州委外工厂,喀什数据在线,2014,无锡战马贵州委外工厂
1984,编辑 删除,6797,无锡战马贵州委外工厂,西安数据在线,2013,无锡战马贵州委外工厂
1985,编辑 删除,6797,无锡战马贵州委外工厂,兰州数据在线,2012,无锡战马贵州委外工厂
1986,编辑 删除,6797,无锡战马贵州委外工厂,乌鲁木齐数据在线,2011,无锡战马贵州委外工厂
1987,编辑 删除,6797,无锡战马贵州委外工厂,驻马店数据在线,2010,无锡战马贵州委外工厂
1988,编辑 删除,6797,无锡战马贵州委外工厂,郑州数据在线,2009,无锡战马贵州委外工厂
1989,编辑 删除,6797,无锡战马贵州委外工厂,包头数据在线,2008,无锡战马贵州委外工厂
1990,编辑 删除,6797,无锡战马贵州委外工厂,长春数据在线,2007,无锡战马贵州委外工厂
1991,编辑 删除,6797,无锡战马贵州委外工厂,哈尔滨数据在线,2006,无锡战马贵州委外工厂
1992,编辑 删除,6797,无锡战马贵州委外工厂,沈阳数据在线,2005,无锡战马贵州委外工厂
1993,编辑 删除,6797,无锡战马贵州委外工厂,北京平谷数据在线,2004,无锡战马贵州委外工厂
1994,编辑 删除,6797,无锡战马贵州委外工厂,北京数据在线,2003,无锡战马贵州委外工厂
1995,编辑 删除,6797,无锡战马贵州委外工厂,太原数据在线,2002,无锡战马贵州委外工厂
1996,编辑 删除,6797,无锡战马贵州委外工厂,咸宁基地,0098,无锡战马贵州委外工厂
1997,编辑 删除,6797,无锡战马贵州委外工厂,怀柔基地,0097,无锡战马贵州委外工厂
1998,编辑 删除,6797,无锡战马贵州委外工厂,佛山基地,0095,无锡战马贵州委外工厂
1999,编辑 删除,6797,无锡战马贵州委外工厂,江苏宜兴基地,0094,无锡战马贵州委外工厂
2000,编辑 删除,6797,无锡战马贵州委外工厂,采购服务库位,0000,无锡战马贵州委外工厂
2001,编辑 删除,6796,无锡战马朗臣委外工厂,称料库存地,9099,无锡战马朗臣委外工厂
2002,编辑 删除,6796,无锡战马朗臣委外工厂,在线库存地,9005,无锡战马朗臣委外工厂
2003,编辑 删除,6796,无锡战马朗臣委外工厂,成品委外库存地,9004,无锡战马朗臣委外工厂
2004,编辑 删除,6796,无锡战马朗臣委外工厂,原材料委外库存地,9001,无锡战马朗臣委外工厂
2005,编辑 删除,6796,无锡战马朗臣委外工厂,汕头睿通,6004,无锡战马朗臣委外工厂
2006,编辑 删除,6796,无锡战马朗臣委外工厂,湛江睿通,6003,无锡战马朗臣委外工厂
2007,编辑 删除,6796,无锡战马朗臣委外工厂,泉州睿通,6002,无锡战马朗臣委外工厂
2008,编辑 删除,6796,无锡战马朗臣委外工厂,福州睿通,6001,无锡战马朗臣委外工厂
2009,编辑 删除,6796,无锡战马朗臣委外工厂,赣州数据在线,2053,无锡战马朗臣委外工厂
2010,编辑 删除,6796,无锡战马朗臣委外工厂,河北数据在线,2050,无锡战马朗臣委外工厂
2011,编辑 删除,6796,无锡战马朗臣委外工厂,怀柔数据在线,2049,无锡战马朗臣委外工厂
2012,编辑 删除,6796,无锡战马朗臣委外工厂,和田数据在线,2048,无锡战马朗臣委外工厂
2013,编辑 删除,6796,无锡战马朗臣委外工厂,天津数据在线,2047,无锡战马朗臣委外工厂
2014,编辑 删除,6796,无锡战马朗臣委外工厂,贵港数据在线,2045,无锡战马朗臣委外工厂
2015,编辑 删除,6796,无锡战马朗臣委外工厂,柳州数据在线,2044,无锡战马朗臣委外工厂
2016,编辑 删除,6796,无锡战马朗臣委外工厂,南宁数据在线,2043,无锡战马朗臣委外工厂
2017,编辑 删除,6796,无锡战马朗臣委外工厂,海口数据在线,2042,无锡战马朗臣委外工厂
2018,编辑 删除,6796,无锡战马朗臣委外工厂,东莞数据在线,2041,无锡战马朗臣委外工厂
2019,编辑 删除,6796,无锡战马朗臣委外工厂,深圳数据在线,2040,无锡战马朗臣委外工厂
2020,编辑 删除,6796,无锡战马朗臣委外工厂,广州数据在线,2039,无锡战马朗臣委外工厂
2021,编辑 删除,6796,无锡战马朗臣委外工厂,南昌数据在线,2038,无锡战马朗臣委外工厂
2022,编辑 删除,6796,无锡战马朗臣委外工厂,南充数据在线,2037,无锡战马朗臣委外工厂
2023,编辑 删除,6796,无锡战马朗臣委外工厂,成都数据在线,2036,无锡战马朗臣委外工厂
2024,编辑 删除,6796,无锡战马朗臣委外工厂,荆州数据在线,2035,无锡战马朗臣委外工厂
2025,编辑 删除,6796,无锡战马朗臣委外工厂,衡阳数据在线,2034,无锡战马朗臣委外工厂
2026,编辑 删除,6796,无锡战马朗臣委外工厂,邵阳数据在线,2033,无锡战马朗臣委外工厂
2027,编辑 删除,6796,无锡战马朗臣委外工厂,长沙数据在线,2032,无锡战马朗臣委外工厂
2028,编辑 删除,6796,无锡战马朗臣委外工厂,武汉数据在线,2031,无锡战马朗臣委外工厂
2029,编辑 删除,6796,无锡战马朗臣委外工厂,遵义数据在线,2030,无锡战马朗臣委外工厂
2030,编辑 删除,6796,无锡战马朗臣委外工厂,贵阳数据在线,2029,无锡战马朗臣委外工厂
2031,编辑 删除,6796,无锡战马朗臣委外工厂,重庆数据在线,2028,无锡战马朗臣委外工厂
2032,编辑 删除,6796,无锡战马朗臣委外工厂,大理数据在线,2027,无锡战马朗臣委外工厂
2033,编辑 删除,6796,无锡战马朗臣委外工厂,昆明数据在线,2026,无锡战马朗臣委外工厂
2034,编辑 删除,6796,无锡战马朗臣委外工厂,合肥数据在线,2025,无锡战马朗臣委外工厂
2035,编辑 删除,6796,无锡战马朗臣委外工厂,上海数据在线,2024,无锡战马朗臣委外工厂
2036,编辑 删除,6796,无锡战马朗臣委外工厂,南京数据在线,2023,无锡战马朗臣委外工厂
2037,编辑 删除,6796,无锡战马朗臣委外工厂,台州数据在线,2022,无锡战马朗臣委外工厂
2038,编辑 删除,6796,无锡战马朗臣委外工厂,金华数据在线,2021,无锡战马朗臣委外工厂
2039,编辑 删除,6796,无锡战马朗臣委外工厂,杭州数据在线,2020,无锡战马朗臣委外工厂
2040,编辑 删除,6796,无锡战马朗臣委外工厂,淮安数据在线,2019,无锡战马朗臣委外工厂
2041,编辑 删除,6796,无锡战马朗臣委外工厂,青岛数据在线,2018,无锡战马朗臣委外工厂
2042,编辑 删除,6796,无锡战马朗臣委外工厂,济南数据在线,2017,无锡战马朗臣委外工厂
2043,编辑 删除,6796,无锡战马朗臣委外工厂,西宁数据在线,2016,无锡战马朗臣委外工厂
2044,编辑 删除,6796,无锡战马朗臣委外工厂,库尔勒数据在线,2015,无锡战马朗臣委外工厂
2045,编辑 删除,6796,无锡战马朗臣委外工厂,喀什数据在线,2014,无锡战马朗臣委外工厂
2046,编辑 删除,6796,无锡战马朗臣委外工厂,西安数据在线,2013,无锡战马朗臣委外工厂
2047,编辑 删除,6796,无锡战马朗臣委外工厂,兰州数据在线,2012,无锡战马朗臣委外工厂
2048,编辑 删除,6796,无锡战马朗臣委外工厂,乌鲁木齐数据在线,2011,无锡战马朗臣委外工厂
2049,编辑 删除,6796,无锡战马朗臣委外工厂,驻马店数据在线,2010,无锡战马朗臣委外工厂
2050,编辑 删除,6796,无锡战马朗臣委外工厂,郑州数据在线,2009,无锡战马朗臣委外工厂
2051,编辑 删除,6796,无锡战马朗臣委外工厂,包头数据在线,2008,无锡战马朗臣委外工厂
2052,编辑 删除,6796,无锡战马朗臣委外工厂,长春数据在线,2007,无锡战马朗臣委外工厂
2053,编辑 删除,6796,无锡战马朗臣委外工厂,哈尔滨数据在线,2006,无锡战马朗臣委外工厂
2054,编辑 删除,6796,无锡战马朗臣委外工厂,沈阳数据在线,2005,无锡战马朗臣委外工厂
2055,编辑 删除,6796,无锡战马朗臣委外工厂,北京平谷数据在线,2004,无锡战马朗臣委外工厂
2056,编辑 删除,6796,无锡战马朗臣委外工厂,北京数据在线,2003,无锡战马朗臣委外工厂
2057,编辑 删除,6796,无锡战马朗臣委外工厂,太原数据在线,2002,无锡战马朗臣委外工厂
2058,编辑 删除,6796,无锡战马朗臣委外工厂,咸宁基地,0098,无锡战马朗臣委外工厂
2059,编辑 删除,6796,无锡战马朗臣委外工厂,怀柔基地,0097,无锡战马朗臣委外工厂
2060,编辑 删除,6796,无锡战马朗臣委外工厂,佛山基地,0095,无锡战马朗臣委外工厂
2061,编辑 删除,6796,无锡战马朗臣委外工厂,江苏宜兴基地,0094,无锡战马朗臣委外工厂
2062,编辑 删除,6796,无锡战马朗臣委外工厂,采购服务库位,0000,无锡战马朗臣委外工厂
2063,编辑 删除,6795,无锡战马广东委外工厂,称料库存地,9099,无锡战马广东委外工厂
2064,编辑 删除,6795,无锡战马广东委外工厂,在线库存地,9005,无锡战马广东委外工厂
2065,编辑 删除,6795,无锡战马广东委外工厂,成品委外库存地,9004,无锡战马广东委外工厂
2066,编辑 删除,6795,无锡战马广东委外工厂,原材料委外库存地,9001,无锡战马广东委外工厂
2067,编辑 删除,6795,无锡战马广东委外工厂,汕头睿通,6004,无锡战马广东委外工厂
2068,编辑 删除,6795,无锡战马广东委外工厂,湛江睿通,6003,无锡战马广东委外工厂
2069,编辑 删除,6795,无锡战马广东委外工厂,泉州睿通,6002,无锡战马广东委外工厂
2070,编辑 删除,6795,无锡战马广东委外工厂,福州睿通,6001,无锡战马广东委外工厂
2071,编辑 删除,6795,无锡战马广东委外工厂,赣州数据在线,2053,无锡战马广东委外工厂
2072,编辑 删除,6795,无锡战马广东委外工厂,河北数据在线,2050,无锡战马广东委外工厂
2073,编辑 删除,6795,无锡战马广东委外工厂,和田数据在线,2048,无锡战马广东委外工厂
2074,编辑 删除,6795,无锡战马广东委外工厂,天津数据在线,2047,无锡战马广东委外工厂
2075,编辑 删除,6795,无锡战马广东委外工厂,贵港数据在线,2045,无锡战马广东委外工厂
2076,编辑 删除,6795,无锡战马广东委外工厂,柳州数据在线,2044,无锡战马广东委外工厂
2077,编辑 删除,6795,无锡战马广东委外工厂,南宁数据在线,2043,无锡战马广东委外工厂
2078,编辑 删除,6795,无锡战马广东委外工厂,海口数据在线,2042,无锡战马广东委外工厂
2079,编辑 删除,6795,无锡战马广东委外工厂,东莞数据在线,2041,无锡战马广东委外工厂
2080,编辑 删除,6795,无锡战马广东委外工厂,深圳数据在线,2040,无锡战马广东委外工厂
2081,编辑 删除,6795,无锡战马广东委外工厂,广州数据在线,2039,无锡战马广东委外工厂
2082,编辑 删除,6795,无锡战马广东委外工厂,南昌数据在线,2038,无锡战马广东委外工厂
2083,编辑 删除,6795,无锡战马广东委外工厂,南充数据在线,2037,无锡战马广东委外工厂
2084,编辑 删除,6795,无锡战马广东委外工厂,成都数据在线,2036,无锡战马广东委外工厂
2085,编辑 删除,6795,无锡战马广东委外工厂,荆州数据在线,2035,无锡战马广东委外工厂
2086,编辑 删除,6795,无锡战马广东委外工厂,衡阳数据在线,2034,无锡战马广东委外工厂
2087,编辑 删除,6795,无锡战马广东委外工厂,邵阳数据在线,2033,无锡战马广东委外工厂
2088,编辑 删除,6795,无锡战马广东委外工厂,长沙数据在线,2032,无锡战马广东委外工厂
2089,编辑 删除,6795,无锡战马广东委外工厂,武汉数据在线,2031,无锡战马广东委外工厂
2090,编辑 删除,6795,无锡战马广东委外工厂,遵义数据在线,2030,无锡战马广东委外工厂
2091,编辑 删除,6795,无锡战马广东委外工厂,贵阳数据在线,2029,无锡战马广东委外工厂
2092,编辑 删除,6795,无锡战马广东委外工厂,重庆数据在线,2028,无锡战马广东委外工厂
2093,编辑 删除,6795,无锡战马广东委外工厂,大理数据在线,2027,无锡战马广东委外工厂
2094,编辑 删除,6795,无锡战马广东委外工厂,昆明数据在线,2026,无锡战马广东委外工厂
2095,编辑 删除,6795,无锡战马广东委外工厂,合肥数据在线,2025,无锡战马广东委外工厂
2096,编辑 删除,6795,无锡战马广东委外工厂,上海数据在线,2024,无锡战马广东委外工厂
2097,编辑 删除,6795,无锡战马广东委外工厂,南京数据在线,2023,无锡战马广东委外工厂
2098,编辑 删除,6795,无锡战马广东委外工厂,台州数据在线,2022,无锡战马广东委外工厂
2099,编辑 删除,6795,无锡战马广东委外工厂,金华数据在线,2021,无锡战马广东委外工厂
2100,编辑 删除,6795,无锡战马广东委外工厂,杭州数据在线,2020,无锡战马广东委外工厂
2101,编辑 删除,6795,无锡战马广东委外工厂,淮安数据在线,2019,无锡战马广东委外工厂
2102,编辑 删除,6795,无锡战马广东委外工厂,青岛数据在线,2018,无锡战马广东委外工厂
2103,编辑 删除,6795,无锡战马广东委外工厂,济南数据在线,2017,无锡战马广东委外工厂
2104,编辑 删除,6795,无锡战马广东委外工厂,西宁数据在线,2016,无锡战马广东委外工厂
2105,编辑 删除,6795,无锡战马广东委外工厂,库尔勒数据在线,2015,无锡战马广东委外工厂
2106,编辑 删除,6795,无锡战马广东委外工厂,喀什数据在线,2014,无锡战马广东委外工厂
2107,编辑 删除,6795,无锡战马广东委外工厂,西安数据在线,2013,无锡战马广东委外工厂
2108,编辑 删除,6795,无锡战马广东委外工厂,兰州数据在线,2012,无锡战马广东委外工厂
2109,编辑 删除,6795,无锡战马广东委外工厂,乌鲁木齐数据在线,2011,无锡战马广东委外工厂
2110,编辑 删除,6795,无锡战马广东委外工厂,驻马店数据在线,2010,无锡战马广东委外工厂
2111,编辑 删除,6795,无锡战马广东委外工厂,郑州数据在线,2009,无锡战马广东委外工厂
2112,编辑 删除,6795,无锡战马广东委外工厂,包头数据在线,2008,无锡战马广东委外工厂
2113,编辑 删除,6795,无锡战马广东委外工厂,长春数据在线,2007,无锡战马广东委外工厂
2114,编辑 删除,6795,无锡战马广东委外工厂,哈尔滨数据在线,2006,无锡战马广东委外工厂
2115,编辑 删除,6795,无锡战马广东委外工厂,沈阳数据在线,2005,无锡战马广东委外工厂
2116,编辑 删除,6795,无锡战马广东委外工厂,北京平谷数据在线,2004,无锡战马广东委外工厂
2117,编辑 删除,6795,无锡战马广东委外工厂,北京数据在线,2003,无锡战马广东委外工厂
2118,编辑 删除,6795,无锡战马广东委外工厂,太原数据在线,2002,无锡战马广东委外工厂
2119,编辑 删除,6795,无锡战马广东委外工厂,咸宁基地,0098,无锡战马广东委外工厂
2120,编辑 删除,6795,无锡战马广东委外工厂,怀柔基地,0097,无锡战马广东委外工厂
2121,编辑 删除,6795,无锡战马广东委外工厂,佛山基地,0095,无锡战马广东委外工厂
2122,编辑 删除,6795,无锡战马广东委外工厂,江苏宜兴基地,0094,无锡战马广东委外工厂
2123,编辑 删除,6795,无锡战马广东委外工厂,采购服务库位,0000,无锡战马广东委外工厂
2124,编辑 删除,6794,无锡战马奥瑞金委外工厂,金华虚拟库,ZM41,无锡战马奥瑞金委外工厂
2125,编辑 删除,6794,无锡战马奥瑞金委外工厂,温州虚拟库,ZM40,无锡战马奥瑞金委外工厂
2126,编辑 删除,6794,无锡战马奥瑞金委外工厂,豫南虚拟库,ZM39,无锡战马奥瑞金委外工厂
2127,编辑 删除,6794,无锡战马奥瑞金委外工厂,湛江虚拟库,ZM38,无锡战马奥瑞金委外工厂
2128,编辑 删除,6794,无锡战马奥瑞金委外工厂,南疆虚拟库,ZM37,无锡战马奥瑞金委外工厂
2129,编辑 删除,6794,无锡战马奥瑞金委外工厂,东莞虚拟库,ZM36,无锡战马奥瑞金委外工厂
2130,编辑 删除,6794,无锡战马奥瑞金委外工厂,新疆虚拟库,ZM35,无锡战马奥瑞金委外工厂
2131,编辑 删除,6794,无锡战马奥瑞金委外工厂,宁夏虚拟库,ZM34,无锡战马奥瑞金委外工厂
2132,编辑 删除,6794,无锡战马奥瑞金委外工厂,青海虚拟库,ZM33,无锡战马奥瑞金委外工厂
2133,编辑 删除,6794,无锡战马奥瑞金委外工厂,西藏虚拟库,ZM32,无锡战马奥瑞金委外工厂
2134,编辑 删除,6794,无锡战马奥瑞金委外工厂,甘肃虚拟库,ZM31,无锡战马奥瑞金委外工厂
2135,编辑 删除,6794,无锡战马奥瑞金委外工厂,陕西虚拟库,ZM30,无锡战马奥瑞金委外工厂
2136,编辑 删除,6794,无锡战马奥瑞金委外工厂,重庆虚拟库,ZM29,无锡战马奥瑞金委外工厂
2137,编辑 删除,6794,无锡战马奥瑞金委外工厂,贵州虚拟库,ZM28,无锡战马奥瑞金委外工厂
2138,编辑 删除,6794,无锡战马奥瑞金委外工厂,云南虚拟库,ZM27,无锡战马奥瑞金委外工厂
2139,编辑 删除,6794,无锡战马奥瑞金委外工厂,成都虚拟库,ZM26,无锡战马奥瑞金委外工厂
2140,编辑 删除,6794,无锡战马奥瑞金委外工厂,海南虚拟库,ZM25,无锡战马奥瑞金委外工厂
2141,编辑 删除,6794,无锡战马奥瑞金委外工厂,粤东虚拟库,ZM24,无锡战马奥瑞金委外工厂
2142,编辑 删除,6794,无锡战马奥瑞金委外工厂,湖南虚拟库,ZM23,无锡战马奥瑞金委外工厂
2143,编辑 删除,6794,无锡战马奥瑞金委外工厂,深圳虚拟库,ZM22,无锡战马奥瑞金委外工厂
2144,编辑 删除,6794,无锡战马奥瑞金委外工厂,广西虚拟库,ZM21,无锡战马奥瑞金委外工厂
2145,编辑 删除,6794,无锡战马奥瑞金委外工厂,广州虚拟库,ZM20,无锡战马奥瑞金委外工厂
2146,编辑 删除,6794,无锡战马奥瑞金委外工厂,上海虚拟库,ZM19,无锡战马奥瑞金委外工厂
2147,编辑 删除,6794,无锡战马奥瑞金委外工厂,杭州虚拟库,ZM18,无锡战马奥瑞金委外工厂
2148,编辑 删除,6794,无锡战马奥瑞金委外工厂,福建虚拟库,ZM17,无锡战马奥瑞金委外工厂
2149,编辑 删除,6794,无锡战马奥瑞金委外工厂,安徽虚拟库,ZM16,无锡战马奥瑞金委外工厂
2150,编辑 删除,6794,无锡战马奥瑞金委外工厂,南京虚拟库,ZM15,无锡战马奥瑞金委外工厂
2151,编辑 删除,6794,无锡战马奥瑞金委外工厂,青岛虚拟库,ZM14,无锡战马奥瑞金委外工厂
2152,编辑 删除,6794,无锡战马奥瑞金委外工厂,苏北虚拟库,ZM13,无锡战马奥瑞金委外工厂
2153,编辑 删除,6794,无锡战马奥瑞金委外工厂,山东虚拟库,ZM12,无锡战马奥瑞金委外工厂
2154,编辑 删除,6794,无锡战马奥瑞金委外工厂,江西虚拟库,ZM11,无锡战马奥瑞金委外工厂
2155,编辑 删除,6794,无锡战马奥瑞金委外工厂,湖北虚拟库,ZM10,无锡战马奥瑞金委外工厂
2156,编辑 删除,6794,无锡战马奥瑞金委外工厂,河南虚拟库,ZM09,无锡战马奥瑞金委外工厂
2157,编辑 删除,6794,无锡战马奥瑞金委外工厂,哈尔滨虚拟库,ZM08,无锡战马奥瑞金委外工厂
2158,编辑 删除,6794,无锡战马奥瑞金委外工厂,吉林虚拟库,ZM07,无锡战马奥瑞金委外工厂
2159,编辑 删除,6794,无锡战马奥瑞金委外工厂,辽宁虚拟库,ZM06,无锡战马奥瑞金委外工厂
2160,编辑 删除,6794,无锡战马奥瑞金委外工厂,内蒙虚拟库,ZM05,无锡战马奥瑞金委外工厂
2161,编辑 删除,6794,无锡战马奥瑞金委外工厂,山西虚拟库,ZM04,无锡战马奥瑞金委外工厂
2162,编辑 删除,6794,无锡战马奥瑞金委外工厂,天津虚拟库,ZM03,无锡战马奥瑞金委外工厂
2163,编辑 删除,6794,无锡战马奥瑞金委外工厂,河北虚拟库,ZM02,无锡战马奥瑞金委外工厂
2164,编辑 删除,6794,无锡战马奥瑞金委外工厂,北京虚拟库,ZM01,无锡战马奥瑞金委外工厂
2165,编辑 删除,6794,无锡战马奥瑞金委外工厂,西藏库位,XZ01,无锡战马奥瑞金委外工厂
2166,编辑 删除,6794,无锡战马奥瑞金委外工厂,电商西安仓,DS08,无锡战马奥瑞金委外工厂
2167,编辑 删除,6794,无锡战马奥瑞金委外工厂,电商沈阳仓,DS07,无锡战马奥瑞金委外工厂
2168,编辑 删除,6794,无锡战马奥瑞金委外工厂,电商济南仓,DS06,无锡战马奥瑞金委外工厂
2169,编辑 删除,6794,无锡战马奥瑞金委外工厂,电商成都仓,DS05,无锡战马奥瑞金委外工厂
2170,编辑 删除,6794,无锡战马奥瑞金委外工厂,电商武汉仓,DS04,无锡战马奥瑞金委外工厂
2171,编辑 删除,6794,无锡战马奥瑞金委外工厂,电商广州仓,DS03,无锡战马奥瑞金委外工厂
2172,编辑 删除,6794,无锡战马奥瑞金委外工厂,电商天津仓,DS02,无锡战马奥瑞金委外工厂
2173,编辑 删除,6794,无锡战马奥瑞金委外工厂,电商南京仓,DS01,无锡战马奥瑞金委外工厂
2174,编辑 删除,6794,无锡战马奥瑞金委外工厂,称料委外库存地,9099,无锡战马奥瑞金委外工厂
2175,编辑 删除,6794,无锡战马奥瑞金委外工厂,次品委外库存地,9008,无锡战马奥瑞金委外工厂
2176,编辑 删除,6794,无锡战马奥瑞金委外工厂,在线库委外库存地,9005,无锡战马奥瑞金委外工厂
2177,编辑 删除,6794,无锡战马奥瑞金委外工厂,成品委外库存地,9004,无锡战马奥瑞金委外工厂
2178,编辑 删除,6794,无锡战马奥瑞金委外工厂,原材料委外库存地,9001,无锡战马奥瑞金委外工厂
2179,编辑 删除,6794,无锡战马奥瑞金委外工厂,汕头睿通,6004,无锡战马奥瑞金委外工厂
2180,编辑 删除,6794,无锡战马奥瑞金委外工厂,湛江睿通,6003,无锡战马奥瑞金委外工厂
2181,编辑 删除,6794,无锡战马奥瑞金委外工厂,泉州睿通,6002,无锡战马奥瑞金委外工厂
2182,编辑 删除,6794,无锡战马奥瑞金委外工厂,福州睿通,6001,无锡战马奥瑞金委外工厂
2183,编辑 删除,6794,无锡战马奥瑞金委外工厂,南昌九裕,5001,无锡战马奥瑞金委外工厂
2184,编辑 删除,6794,无锡战马奥瑞金委外工厂,百色神龙,4005,无锡战马奥瑞金委外工厂
2185,编辑 删除,6794,无锡战马奥瑞金委外工厂,贵港神龙,4004,无锡战马奥瑞金委外工厂
2186,编辑 删除,6794,无锡战马奥瑞金委外工厂,柳州神龙,4003,无锡战马奥瑞金委外工厂
2187,编辑 删除,6794,无锡战马奥瑞金委外工厂,南宁神龙,4002,无锡战马奥瑞金委外工厂
2188,编辑 删除,6794,无锡战马奥瑞金委外工厂,南充神龙,4001,无锡战马奥瑞金委外工厂
2189,编辑 删除,6794,无锡战马奥瑞金委外工厂,成都神龙,4000,无锡战马奥瑞金委外工厂
2190,编辑 删除,6794,无锡战马奥瑞金委外工厂,汕头安和,3001,无锡战马奥瑞金委外工厂
2191,编辑 删除,6794,无锡战马奥瑞金委外工厂,湛江安和,3000,无锡战马奥瑞金委外工厂
2192,编辑 删除,6794,无锡战马奥瑞金委外工厂,赣州数据在线,2053,无锡战马奥瑞金委外工厂
2193,编辑 删除,6794,无锡战马奥瑞金委外工厂,河北数据在线,2050,无锡战马奥瑞金委外工厂
2194,编辑 删除,6794,无锡战马奥瑞金委外工厂,怀柔数据在线,2049,无锡战马奥瑞金委外工厂
2195,编辑 删除,6794,无锡战马奥瑞金委外工厂,和田数据在线,2048,无锡战马奥瑞金委外工厂
2196,编辑 删除,6794,无锡战马奥瑞金委外工厂,天津数据在线,2047,无锡战马奥瑞金委外工厂
2197,编辑 删除,6794,无锡战马奥瑞金委外工厂,贵港数据在线,2045,无锡战马奥瑞金委外工厂
2198,编辑 删除,6794,无锡战马奥瑞金委外工厂,柳州数据在线,2044,无锡战马奥瑞金委外工厂
2199,编辑 删除,6794,无锡战马奥瑞金委外工厂,南宁数据在线,2043,无锡战马奥瑞金委外工厂
2200,编辑 删除,6794,无锡战马奥瑞金委外工厂,海口数据在线,2042,无锡战马奥瑞金委外工厂
2201,编辑 删除,6794,无锡战马奥瑞金委外工厂,东莞数据在线,2041,无锡战马奥瑞金委外工厂
2202,编辑 删除,6794,无锡战马奥瑞金委外工厂,深圳数据在线,2040,无锡战马奥瑞金委外工厂
2203,编辑 删除,6794,无锡战马奥瑞金委外工厂,广州数据在线,2039,无锡战马奥瑞金委外工厂
2204,编辑 删除,6794,无锡战马奥瑞金委外工厂,南昌数据在线,2038,无锡战马奥瑞金委外工厂
2205,编辑 删除,6794,无锡战马奥瑞金委外工厂,南充数据在线,2037,无锡战马奥瑞金委外工厂
2206,编辑 删除,6794,无锡战马奥瑞金委外工厂,成都数据在线,2036,无锡战马奥瑞金委外工厂
2207,编辑 删除,6794,无锡战马奥瑞金委外工厂,荆州数据在线,2035,无锡战马奥瑞金委外工厂
2208,编辑 删除,6794,无锡战马奥瑞金委外工厂,衡阳数据在线,2034,无锡战马奥瑞金委外工厂
2209,编辑 删除,6794,无锡战马奥瑞金委外工厂,邵阳数据在线,2033,无锡战马奥瑞金委外工厂
2210,编辑 删除,6794,无锡战马奥瑞金委外工厂,长沙数据在线,2032,无锡战马奥瑞金委外工厂
2211,编辑 删除,6794,无锡战马奥瑞金委外工厂,武汉数据在线,2031,无锡战马奥瑞金委外工厂
2212,编辑 删除,6794,无锡战马奥瑞金委外工厂,遵义数据在线,2030,无锡战马奥瑞金委外工厂
2213,编辑 删除,6794,无锡战马奥瑞金委外工厂,贵阳数据在线,2029,无锡战马奥瑞金委外工厂
2214,编辑 删除,6794,无锡战马奥瑞金委外工厂,重庆数据在线,2028,无锡战马奥瑞金委外工厂
2215,编辑 删除,6794,无锡战马奥瑞金委外工厂,大理数据在线,2027,无锡战马奥瑞金委外工厂
2216,编辑 删除,6794,无锡战马奥瑞金委外工厂,昆明数据在线,2026,无锡战马奥瑞金委外工厂
2217,编辑 删除,6794,无锡战马奥瑞金委外工厂,合肥数据在线,2025,无锡战马奥瑞金委外工厂
2218,编辑 删除,6794,无锡战马奥瑞金委外工厂,上海数据在线,2024,无锡战马奥瑞金委外工厂
2219,编辑 删除,6794,无锡战马奥瑞金委外工厂,南京数据在线,2023,无锡战马奥瑞金委外工厂
2220,编辑 删除,6794,无锡战马奥瑞金委外工厂,台州数据在线,2022,无锡战马奥瑞金委外工厂
2221,编辑 删除,6794,无锡战马奥瑞金委外工厂,金华数据在线,2021,无锡战马奥瑞金委外工厂
2222,编辑 删除,6794,无锡战马奥瑞金委外工厂,杭州数据在线,2020,无锡战马奥瑞金委外工厂
2223,编辑 删除,6794,无锡战马奥瑞金委外工厂,淮安数据在线,2019,无锡战马奥瑞金委外工厂
2224,编辑 删除,6794,无锡战马奥瑞金委外工厂,青岛数据在线,2018,无锡战马奥瑞金委外工厂
2225,编辑 删除,6794,无锡战马奥瑞金委外工厂,济南数据在线,2017,无锡战马奥瑞金委外工厂
2226,编辑 删除,6794,无锡战马奥瑞金委外工厂,西宁数据在线,2016,无锡战马奥瑞金委外工厂
2227,编辑 删除,6794,无锡战马奥瑞金委外工厂,库尔勒数据在线,2015,无锡战马奥瑞金委外工厂
2228,编辑 删除,6794,无锡战马奥瑞金委外工厂,喀什数据在线,2014,无锡战马奥瑞金委外工厂
2229,编辑 删除,6794,无锡战马奥瑞金委外工厂,西安数据在线,2013,无锡战马奥瑞金委外工厂
2230,编辑 删除,6794,无锡战马奥瑞金委外工厂,兰州数据在线,2012,无锡战马奥瑞金委外工厂
2231,编辑 删除,6794,无锡战马奥瑞金委外工厂,乌鲁木齐数据在线,2011,无锡战马奥瑞金委外工厂
2232,编辑 删除,6794,无锡战马奥瑞金委外工厂,驻马店数据在线,2010,无锡战马奥瑞金委外工厂
2233,编辑 删除,6794,无锡战马奥瑞金委外工厂,郑州数据在线,2009,无锡战马奥瑞金委外工厂
2234,编辑 删除,6794,无锡战马奥瑞金委外工厂,包头数据在线,2008,无锡战马奥瑞金委外工厂
2235,编辑 删除,6794,无锡战马奥瑞金委外工厂,长春数据在线,2007,无锡战马奥瑞金委外工厂
2236,编辑 删除,6794,无锡战马奥瑞金委外工厂,哈尔滨数据在线,2006,无锡战马奥瑞金委外工厂
2237,编辑 删除,6794,无锡战马奥瑞金委外工厂,沈阳数据在线,2005,无锡战马奥瑞金委外工厂
2238,编辑 删除,6794,无锡战马奥瑞金委外工厂,北京京津港平谷,2004,无锡战马奥瑞金委外工厂
2239,编辑 删除,6794,无锡战马奥瑞金委外工厂,北京数据在线,2003,无锡战马奥瑞金委外工厂
2240,编辑 删除,6794,无锡战马奥瑞金委外工厂,太原数据在线,2002,无锡战马奥瑞金委外工厂
2241,编辑 删除,6794,无锡战马奥瑞金委外工厂,数据在线,2001,无锡战马奥瑞金委外工厂
2242,编辑 删除,6794,无锡战马奥瑞金委外工厂,虚拟库存地,0099,无锡战马奥瑞金委外工厂
2243,编辑 删除,6794,无锡战马奥瑞金委外工厂,咸宁基地,0098,无锡战马奥瑞金委外工厂
2244,编辑 删除,6794,无锡战马奥瑞金委外工厂,怀柔基地,0097,无锡战马奥瑞金委外工厂
2245,编辑 删除,6794,无锡战马奥瑞金委外工厂,海口基地,0096,无锡战马奥瑞金委外工厂
2246,编辑 删除,6794,无锡战马奥瑞金委外工厂,佛山基地,0095,无锡战马奥瑞金委外工厂
2247,编辑 删除,6794,无锡战马奥瑞金委外工厂,江苏基地,0094,无锡战马奥瑞金委外工厂
2248,编辑 删除,6794,无锡战马奥瑞金委外工厂,百仕欣怀柔工厂,0093,无锡战马奥瑞金委外工厂
2249,编辑 删除,6794,无锡战马奥瑞金委外工厂,贵州基地,0091,无锡战马奥瑞金委外工厂
2250,编辑 删除,6794,无锡战马奥瑞金委外工厂,厦门基地,0090,无锡战马奥瑞金委外工厂
2251,编辑 删除,6794,无锡战马奥瑞金委外工厂,采购服务库位,0000,无锡战马奥瑞金委外工厂
2252,编辑 删除,6793,无锡战马湖北委外工厂,称料库存地,9099,无锡战马湖北委外工厂
2253,编辑 删除,6793,无锡战马湖北委外工厂,在线库存地,9005,无锡战马湖北委外工厂
2254,编辑 删除,6793,无锡战马湖北委外工厂,成品委外库存地,9004,无锡战马湖北委外工厂
2255,编辑 删除,6793,无锡战马湖北委外工厂,原材料委外库存地,9001,无锡战马湖北委外工厂
2256,编辑 删除,6793,无锡战马湖北委外工厂,汕头睿通,6004,无锡战马湖北委外工厂
2257,编辑 删除,6793,无锡战马湖北委外工厂,湛江睿通,6003,无锡战马湖北委外工厂
2258,编辑 删除,6793,无锡战马湖北委外工厂,泉州睿通,6002,无锡战马湖北委外工厂
2259,编辑 删除,6793,无锡战马湖北委外工厂,福州睿通,6001,无锡战马湖北委外工厂
2260,编辑 删除,6793,无锡战马湖北委外工厂,赣州数据在线,2053,无锡战马湖北委外工厂
2261,编辑 删除,6793,无锡战马湖北委外工厂,河北数据在线,2050,无锡战马湖北委外工厂
2262,编辑 删除,6793,无锡战马湖北委外工厂,怀柔数据在线,2049,无锡战马湖北委外工厂
2263,编辑 删除,6793,无锡战马湖北委外工厂,和田数据在线,2048,无锡战马湖北委外工厂
2264,编辑 删除,6793,无锡战马湖北委外工厂,天津数据在线,2047,无锡战马湖北委外工厂
2265,编辑 删除,6793,无锡战马湖北委外工厂,贵港数据在线,2045,无锡战马湖北委外工厂
2266,编辑 删除,6793,无锡战马湖北委外工厂,柳州数据在线,2044,无锡战马湖北委外工厂
2267,编辑 删除,6793,无锡战马湖北委外工厂,南宁数据在线,2043,无锡战马湖北委外工厂
2268,编辑 删除,6793,无锡战马湖北委外工厂,海口数据在线,2042,无锡战马湖北委外工厂
2269,编辑 删除,6793,无锡战马湖北委外工厂,东莞数据在线,2041,无锡战马湖北委外工厂
2270,编辑 删除,6793,无锡战马湖北委外工厂,深圳数据在线,2040,无锡战马湖北委外工厂
2271,编辑 删除,6793,无锡战马湖北委外工厂,广州数据在线,2039,无锡战马湖北委外工厂
2272,编辑 删除,6793,无锡战马湖北委外工厂,南昌数据在线,2038,无锡战马湖北委外工厂
2273,编辑 删除,6793,无锡战马湖北委外工厂,南充数据在线,2037,无锡战马湖北委外工厂
2274,编辑 删除,6793,无锡战马湖北委外工厂,成都数据在线,2036,无锡战马湖北委外工厂
2275,编辑 删除,6793,无锡战马湖北委外工厂,荆州数据在线,2035,无锡战马湖北委外工厂
2276,编辑 删除,6793,无锡战马湖北委外工厂,衡阳数据在线,2034,无锡战马湖北委外工厂
2277,编辑 删除,6793,无锡战马湖北委外工厂,邵阳数据在线,2033,无锡战马湖北委外工厂
2278,编辑 删除,6793,无锡战马湖北委外工厂,长沙数据在线,2032,无锡战马湖北委外工厂
2279,编辑 删除,6793,无锡战马湖北委外工厂,武汉数据在线,2031,无锡战马湖北委外工厂
2280,编辑 删除,6793,无锡战马湖北委外工厂,遵义数据在线,2030,无锡战马湖北委外工厂
2281,编辑 删除,6793,无锡战马湖北委外工厂,贵阳数据在线,2029,无锡战马湖北委外工厂
2282,编辑 删除,6793,无锡战马湖北委外工厂,重庆数据在线,2028,无锡战马湖北委外工厂
2283,编辑 删除,6793,无锡战马湖北委外工厂,大理数据在线,2027,无锡战马湖北委外工厂
2284,编辑 删除,6793,无锡战马湖北委外工厂,昆明数据在线,2026,无锡战马湖北委外工厂
2285,编辑 删除,6793,无锡战马湖北委外工厂,合肥数据在线,2025,无锡战马湖北委外工厂
2286,编辑 删除,6793,无锡战马湖北委外工厂,上海数据在线,2024,无锡战马湖北委外工厂
2287,编辑 删除,6793,无锡战马湖北委外工厂,南京数据在线,2023,无锡战马湖北委外工厂
2288,编辑 删除,6793,无锡战马湖北委外工厂,台州数据在线,2022,无锡战马湖北委外工厂
2289,编辑 删除,6793,无锡战马湖北委外工厂,金华数据在线,2021,无锡战马湖北委外工厂
2290,编辑 删除,6793,无锡战马湖北委外工厂,杭州数据在线,2020,无锡战马湖北委外工厂
2291,编辑 删除,6793,无锡战马湖北委外工厂,淮安数据在线,2019,无锡战马湖北委外工厂
2292,编辑 删除,6793,无锡战马湖北委外工厂,青岛数据在线,2018,无锡战马湖北委外工厂
2293,编辑 删除,6793,无锡战马湖北委外工厂,济南数据在线,2017,无锡战马湖北委外工厂
2294,编辑 删除,6793,无锡战马湖北委外工厂,西宁数据在线,2016,无锡战马湖北委外工厂
2295,编辑 删除,6793,无锡战马湖北委外工厂,库尔勒数据在线,2015,无锡战马湖北委外工厂
2296,编辑 删除,6793,无锡战马湖北委外工厂,喀什数据在线,2014,无锡战马湖北委外工厂
2297,编辑 删除,6793,无锡战马湖北委外工厂,西安数据在线,2013,无锡战马湖北委外工厂
2298,编辑 删除,6793,无锡战马湖北委外工厂,兰州数据在线,2012,无锡战马湖北委外工厂
2299,编辑 删除,6793,无锡战马湖北委外工厂,乌鲁木齐数据在线,2011,无锡战马湖北委外工厂
2300,编辑 删除,6793,无锡战马湖北委外工厂,驻马店数据在线,2010,无锡战马湖北委外工厂
2301,编辑 删除,6793,无锡战马湖北委外工厂,郑州数据在线,2009,无锡战马湖北委外工厂
2302,编辑 删除,6793,无锡战马湖北委外工厂,包头数据在线,2008,无锡战马湖北委外工厂
2303,编辑 删除,6793,无锡战马湖北委外工厂,长春数据在线,2007,无锡战马湖北委外工厂
2304,编辑 删除,6793,无锡战马湖北委外工厂,哈尔滨数据在线,2006,无锡战马湖北委外工厂
2305,编辑 删除,6793,无锡战马湖北委外工厂,沈阳数据在线,2005,无锡战马湖北委外工厂
2306,编辑 删除,6793,无锡战马湖北委外工厂,北京平谷数据在线,2004,无锡战马湖北委外工厂
2307,编辑 删除,6793,无锡战马湖北委外工厂,北京数据在线,2003,无锡战马湖北委外工厂
2308,编辑 删除,6793,无锡战马湖北委外工厂,太原数据在线,2002,无锡战马湖北委外工厂
2309,编辑 删除,6793,无锡战马湖北委外工厂,咸宁基地,0098,无锡战马湖北委外工厂
2310,编辑 删除,6793,无锡战马湖北委外工厂,怀柔基地,0097,无锡战马湖北委外工厂
2311,编辑 删除,6793,无锡战马湖北委外工厂,佛山基地,0095,无锡战马湖北委外工厂
2312,编辑 删除,6793,无锡战马湖北委外工厂,江苏宜兴基地,0094,无锡战马湖北委外工厂
2313,编辑 删除,6793,无锡战马湖北委外工厂,采购服务库位,0000,无锡战马湖北委外工厂
2314,编辑 删除,6792,无锡战马江苏委外工厂,金华虚拟库,ZM41,无锡战马江苏委外工厂
2315,编辑 删除,6792,无锡战马江苏委外工厂,温州虚拟库,ZM40,无锡战马江苏委外工厂
2316,编辑 删除,6792,无锡战马江苏委外工厂,豫南虚拟库,ZM39,无锡战马江苏委外工厂
2317,编辑 删除,6792,无锡战马江苏委外工厂,湛江虚拟库,ZM38,无锡战马江苏委外工厂
2318,编辑 删除,6792,无锡战马江苏委外工厂,南疆虚拟库,ZM37,无锡战马江苏委外工厂
2319,编辑 删除,6792,无锡战马江苏委外工厂,东莞虚拟库,ZM36,无锡战马江苏委外工厂
2320,编辑 删除,6792,无锡战马江苏委外工厂,新疆虚拟库,ZM35,无锡战马江苏委外工厂
2321,编辑 删除,6792,无锡战马江苏委外工厂,宁夏虚拟库,ZM34,无锡战马江苏委外工厂
2322,编辑 删除,6792,无锡战马江苏委外工厂,青海虚拟库,ZM33,无锡战马江苏委外工厂
2323,编辑 删除,6792,无锡战马江苏委外工厂,西藏虚拟库,ZM32,无锡战马江苏委外工厂
2324,编辑 删除,6792,无锡战马江苏委外工厂,甘肃虚拟库,ZM31,无锡战马江苏委外工厂
2325,编辑 删除,6792,无锡战马江苏委外工厂,陕西虚拟库,ZM30,无锡战马江苏委外工厂
2326,编辑 删除,6792,无锡战马江苏委外工厂,重庆虚拟库,ZM29,无锡战马江苏委外工厂
2327,编辑 删除,6792,无锡战马江苏委外工厂,贵州虚拟库,ZM28,无锡战马江苏委外工厂
2328,编辑 删除,6792,无锡战马江苏委外工厂,云南虚拟库,ZM27,无锡战马江苏委外工厂
2329,编辑 删除,6792,无锡战马江苏委外工厂,成都虚拟库,ZM26,无锡战马江苏委外工厂
2330,编辑 删除,6792,无锡战马江苏委外工厂,海南虚拟库,ZM25,无锡战马江苏委外工厂
2331,编辑 删除,6792,无锡战马江苏委外工厂,粤东虚拟库,ZM24,无锡战马江苏委外工厂
2332,编辑 删除,6792,无锡战马江苏委外工厂,湖南虚拟库,ZM23,无锡战马江苏委外工厂
2333,编辑 删除,6792,无锡战马江苏委外工厂,深圳虚拟库,ZM22,无锡战马江苏委外工厂
2334,编辑 删除,6792,无锡战马江苏委外工厂,广西虚拟库,ZM21,无锡战马江苏委外工厂
2335,编辑 删除,6792,无锡战马江苏委外工厂,广州虚拟库,ZM20,无锡战马江苏委外工厂
2336,编辑 删除,6792,无锡战马江苏委外工厂,上海虚拟库,ZM19,无锡战马江苏委外工厂
2337,编辑 删除,6792,无锡战马江苏委外工厂,杭州虚拟库,ZM18,无锡战马江苏委外工厂
2338,编辑 删除,6792,无锡战马江苏委外工厂,福建虚拟库,ZM17,无锡战马江苏委外工厂
2339,编辑 删除,6792,无锡战马江苏委外工厂,安徽虚拟库,ZM16,无锡战马江苏委外工厂
2340,编辑 删除,6792,无锡战马江苏委外工厂,南京虚拟库,ZM15,无锡战马江苏委外工厂
2341,编辑 删除,6792,无锡战马江苏委外工厂,青岛虚拟库,ZM14,无锡战马江苏委外工厂
2342,编辑 删除,6792,无锡战马江苏委外工厂,苏北虚拟库,ZM13,无锡战马江苏委外工厂
2343,编辑 删除,6792,无锡战马江苏委外工厂,山东虚拟库,ZM12,无锡战马江苏委外工厂
2344,编辑 删除,6792,无锡战马江苏委外工厂,江西虚拟库,ZM11,无锡战马江苏委外工厂
2345,编辑 删除,6792,无锡战马江苏委外工厂,湖北虚拟库,ZM10,无锡战马江苏委外工厂
2346,编辑 删除,6792,无锡战马江苏委外工厂,河南虚拟库,ZM09,无锡战马江苏委外工厂
2347,编辑 删除,6792,无锡战马江苏委外工厂,哈尔滨虚拟库,ZM08,无锡战马江苏委外工厂
2348,编辑 删除,6792,无锡战马江苏委外工厂,吉林虚拟库,ZM07,无锡战马江苏委外工厂
2349,编辑 删除,6792,无锡战马江苏委外工厂,辽宁虚拟库,ZM06,无锡战马江苏委外工厂
2350,编辑 删除,6792,无锡战马江苏委外工厂,内蒙虚拟库,ZM05,无锡战马江苏委外工厂
2351,编辑 删除,6792,无锡战马江苏委外工厂,山西虚拟库,ZM04,无锡战马江苏委外工厂
2352,编辑 删除,6792,无锡战马江苏委外工厂,天津虚拟库,ZM03,无锡战马江苏委外工厂
2353,编辑 删除,6792,无锡战马江苏委外工厂,河北虚拟库,ZM02,无锡战马江苏委外工厂
2354,编辑 删除,6792,无锡战马江苏委外工厂,北京虚拟库,ZM01,无锡战马江苏委外工厂
2355,编辑 删除,6792,无锡战马江苏委外工厂,成品次品库存地,9004,无锡战马江苏委外工厂
2356,编辑 删除,6792,无锡战马江苏委外工厂,成品委外库存地,9003,无锡战马江苏委外工厂
2357,编辑 删除,6792,无锡战马江苏委外工厂,瓶柸委外库存地,9002,无锡战马江苏委外工厂
2358,编辑 删除,6792,无锡战马江苏委外工厂,原材料委外库存地,9001,无锡战马江苏委外工厂
2359,编辑 删除,6792,无锡战马江苏委外工厂,汕头睿通,6004,无锡战马江苏委外工厂
2360,编辑 删除,6792,无锡战马江苏委外工厂,湛江睿通,6003,无锡战马江苏委外工厂
2361,编辑 删除,6792,无锡战马江苏委外工厂,泉州睿通,6002,无锡战马江苏委外工厂
2362,编辑 删除,6792,无锡战马江苏委外工厂,福州睿通,6001,无锡战马江苏委外工厂
2363,编辑 删除,6792,无锡战马江苏委外工厂,南昌九裕,5001,无锡战马江苏委外工厂
2364,编辑 删除,6792,无锡战马江苏委外工厂,百色神龙,4005,无锡战马江苏委外工厂
2365,编辑 删除,6792,无锡战马江苏委外工厂,贵港神龙,4004,无锡战马江苏委外工厂
2366,编辑 删除,6792,无锡战马江苏委外工厂,柳州神龙,4003,无锡战马江苏委外工厂
2367,编辑 删除,6792,无锡战马江苏委外工厂,南宁神龙,4002,无锡战马江苏委外工厂
2368,编辑 删除,6792,无锡战马江苏委外工厂,南充神龙,4001,无锡战马江苏委外工厂
2369,编辑 删除,6792,无锡战马江苏委外工厂,成都神龙,4000,无锡战马江苏委外工厂
2370,编辑 删除,6792,无锡战马江苏委外工厂,汕头安和,3001,无锡战马江苏委外工厂
2371,编辑 删除,6792,无锡战马江苏委外工厂,湛江安和,3000,无锡战马江苏委外工厂
2372,编辑 删除,6792,无锡战马江苏委外工厂,赣州数据在线,2053,无锡战马江苏委外工厂
2373,编辑 删除,6792,无锡战马江苏委外工厂,河北数据在线,2050,无锡战马江苏委外工厂
2374,编辑 删除,6792,无锡战马江苏委外工厂,怀柔数据在线,2049,无锡战马江苏委外工厂
2375,编辑 删除,6792,无锡战马江苏委外工厂,和田数据在线,2048,无锡战马江苏委外工厂
2376,编辑 删除,6792,无锡战马江苏委外工厂,天津数据在线,2047,无锡战马江苏委外工厂
2377,编辑 删除,6792,无锡战马江苏委外工厂,贵港数据在线,2045,无锡战马江苏委外工厂
2378,编辑 删除,6792,无锡战马江苏委外工厂,柳州数据在线,2044,无锡战马江苏委外工厂
2379,编辑 删除,6792,无锡战马江苏委外工厂,南宁数据在线,2043,无锡战马江苏委外工厂
2380,编辑 删除,6792,无锡战马江苏委外工厂,海口数据在线,2042,无锡战马江苏委外工厂
2381,编辑 删除,6792,无锡战马江苏委外工厂,东莞数据在线,2041,无锡战马江苏委外工厂
2382,编辑 删除,6792,无锡战马江苏委外工厂,深圳数据在线,2040,无锡战马江苏委外工厂
2383,编辑 删除,6792,无锡战马江苏委外工厂,广州数据在线,2039,无锡战马江苏委外工厂
2384,编辑 删除,6792,无锡战马江苏委外工厂,南昌数据在线,2038,无锡战马江苏委外工厂
2385,编辑 删除,6792,无锡战马江苏委外工厂,南充数据在线,2037,无锡战马江苏委外工厂
2386,编辑 删除,6792,无锡战马江苏委外工厂,成都数据在线,2036,无锡战马江苏委外工厂
2387,编辑 删除,6792,无锡战马江苏委外工厂,荆州数据在线,2035,无锡战马江苏委外工厂
2388,编辑 删除,6792,无锡战马江苏委外工厂,衡阳数据在线,2034,无锡战马江苏委外工厂
2389,编辑 删除,6792,无锡战马江苏委外工厂,邵阳数据在线,2033,无锡战马江苏委外工厂
2390,编辑 删除,6792,无锡战马江苏委外工厂,长沙数据在线,2032,无锡战马江苏委外工厂
2391,编辑 删除,6792,无锡战马江苏委外工厂,武汉数据在线,2031,无锡战马江苏委外工厂
2392,编辑 删除,6792,无锡战马江苏委外工厂,遵义数据在线,2030,无锡战马江苏委外工厂
2393,编辑 删除,6792,无锡战马江苏委外工厂,贵阳数据在线,2029,无锡战马江苏委外工厂
2394,编辑 删除,6792,无锡战马江苏委外工厂,重庆数据在线,2028,无锡战马江苏委外工厂
2395,编辑 删除,6792,无锡战马江苏委外工厂,大理数据在线,2027,无锡战马江苏委外工厂
2396,编辑 删除,6792,无锡战马江苏委外工厂,昆明数据在线,2026,无锡战马江苏委外工厂
2397,编辑 删除,6792,无锡战马江苏委外工厂,合肥数据在线,2025,无锡战马江苏委外工厂
2398,编辑 删除,6792,无锡战马江苏委外工厂,上海数据在线,2024,无锡战马江苏委外工厂
2399,编辑 删除,6792,无锡战马江苏委外工厂,南京数据在线,2023,无锡战马江苏委外工厂
2400,编辑 删除,6792,无锡战马江苏委外工厂,台州数据在线,2022,无锡战马江苏委外工厂
2401,编辑 删除,6792,无锡战马江苏委外工厂,金华数据在线,2021,无锡战马江苏委外工厂
2402,编辑 删除,6792,无锡战马江苏委外工厂,杭州数据在线,2020,无锡战马江苏委外工厂
2403,编辑 删除,6792,无锡战马江苏委外工厂,淮安数据在线,2019,无锡战马江苏委外工厂
2404,编辑 删除,6792,无锡战马江苏委外工厂,青岛数据在线,2018,无锡战马江苏委外工厂
2405,编辑 删除,6792,无锡战马江苏委外工厂,济南数据在线,2017,无锡战马江苏委外工厂
2406,编辑 删除,6792,无锡战马江苏委外工厂,西宁数据在线,2016,无锡战马江苏委外工厂
2407,编辑 删除,6792,无锡战马江苏委外工厂,库尔勒数据在线,2015,无锡战马江苏委外工厂
2408,编辑 删除,6792,无锡战马江苏委外工厂,喀什数据在线,2014,无锡战马江苏委外工厂
2409,编辑 删除,6792,无锡战马江苏委外工厂,西安数据在线,2013,无锡战马江苏委外工厂
2410,编辑 删除,6792,无锡战马江苏委外工厂,兰州数据在线,2012,无锡战马江苏委外工厂
2411,编辑 删除,6792,无锡战马江苏委外工厂,乌鲁木齐数据在线,2011,无锡战马江苏委外工厂
2412,编辑 删除,6792,无锡战马江苏委外工厂,驻马店数据在线,2010,无锡战马江苏委外工厂
2413,编辑 删除,6792,无锡战马江苏委外工厂,郑州数据在线,2009,无锡战马江苏委外工厂
2414,编辑 删除,6792,无锡战马江苏委外工厂,包头数据在线,2008,无锡战马江苏委外工厂
2415,编辑 删除,6792,无锡战马江苏委外工厂,长春数据在线,2007,无锡战马江苏委外工厂
2416,编辑 删除,6792,无锡战马江苏委外工厂,哈尔滨数据在线,2006,无锡战马江苏委外工厂
2417,编辑 删除,6792,无锡战马江苏委外工厂,沈阳数据在线,2005,无锡战马江苏委外工厂
2418,编辑 删除,6792,无锡战马江苏委外工厂,北京京津港平谷,2004,无锡战马江苏委外工厂
2419,编辑 删除,6792,无锡战马江苏委外工厂,北京数据在线,2003,无锡战马江苏委外工厂
2420,编辑 删除,6792,无锡战马江苏委外工厂,太原数据在线,2002,无锡战马江苏委外工厂
2421,编辑 删除,6792,无锡战马江苏委外工厂,数据在线,2001,无锡战马江苏委外工厂
2422,编辑 删除,6792,无锡战马江苏委外工厂,南充全程,1014,无锡战马江苏委外工厂
2423,编辑 删除,6792,无锡战马江苏委外工厂,遵义全程,1013,无锡战马江苏委外工厂
2424,编辑 删除,6792,无锡战马江苏委外工厂,泉州全程,1012,无锡战马江苏委外工厂
2425,编辑 删除,6792,无锡战马江苏委外工厂,长春全程,1011,无锡战马江苏委外工厂
2426,编辑 删除,6792,无锡战马江苏委外工厂,贵港全程,1010,无锡战马江苏委外工厂
2427,编辑 删除,6792,无锡战马江苏委外工厂,哈尔滨全程,1009,无锡战马江苏委外工厂
2428,编辑 删除,6792,无锡战马江苏委外工厂,沈阳全程,1008,无锡战马江苏委外工厂
2429,编辑 删除,6792,无锡战马江苏委外工厂,柳州全程,1007,无锡战马江苏委外工厂
2430,编辑 删除,6792,无锡战马江苏委外工厂,南宁全程,1006,无锡战马江苏委外工厂
2431,编辑 删除,6792,无锡战马江苏委外工厂,福州全程,1005,无锡战马江苏委外工厂
2432,编辑 删除,6792,无锡战马江苏委外工厂,贵阳全程,1004,无锡战马江苏委外工厂
2433,编辑 删除,6792,无锡战马江苏委外工厂,重庆全程,1003,无锡战马江苏委外工厂
2434,编辑 删除,6792,无锡战马江苏委外工厂,成都全程,1002,无锡战马江苏委外工厂
2435,编辑 删除,6792,无锡战马江苏委外工厂,南昌全程,1001,无锡战马江苏委外工厂
2436,编辑 删除,6792,无锡战马江苏委外工厂,虚拟库存地,0099,无锡战马江苏委外工厂
2437,编辑 删除,6792,无锡战马江苏委外工厂,咸宁基地,0098,无锡战马江苏委外工厂
2438,编辑 删除,6792,无锡战马江苏委外工厂,怀柔基地,0097,无锡战马江苏委外工厂
2439,编辑 删除,6792,无锡战马江苏委外工厂,海口基地,0096,无锡战马江苏委外工厂
2440,编辑 删除,6792,无锡战马江苏委外工厂,佛山基地,0095,无锡战马江苏委外工厂
2441,编辑 删除,6792,无锡战马江苏委外工厂,江苏基地,0094,无锡战马江苏委外工厂
2442,编辑 删除,6792,无锡战马江苏委外工厂,百仕欣怀柔工厂,0093,无锡战马江苏委外工厂
2443,编辑 删除,6792,无锡战马江苏委外工厂,驻马店宝供,0043,无锡战马江苏委外工厂
2444,编辑 删除,6792,无锡战马江苏委外工厂,青岛宝供,0042,无锡战马江苏委外工厂
2445,编辑 删除,6792,无锡战马江苏委外工厂,淮安宝供,0041,无锡战马江苏委外工厂
2446,编辑 删除,6792,无锡战马江苏委外工厂,台州宝供,0040,无锡战马江苏委外工厂
2447,编辑 删除,6792,无锡战马江苏委外工厂,荆州宝供,0039,无锡战马江苏委外工厂
2448,编辑 删除,6792,无锡战马江苏委外工厂,衡阳宝供,0038,无锡战马江苏委外工厂
2449,编辑 删除,6792,无锡战马江苏委外工厂,大理宝供,0037,无锡战马江苏委外工厂
2450,编辑 删除,6792,无锡战马江苏委外工厂,金华宝供,0036,无锡战马江苏委外工厂
2451,编辑 删除,6792,无锡战马江苏委外工厂,邵阳宝供,0035,无锡战马江苏委外工厂
2452,编辑 删除,6792,无锡战马江苏委外工厂,包头宝供,0034,无锡战马江苏委外工厂
2453,编辑 删除,6792,无锡战马江苏委外工厂,东莞常平宝供,0033,无锡战马江苏委外工厂
2454,编辑 删除,6792,无锡战马江苏委外工厂,温州宝供,0032,无锡战马江苏委外工厂
2455,编辑 删除,6792,无锡战马江苏委外工厂,合肥宝供,0031,无锡战马江苏委外工厂
2456,编辑 删除,6792,无锡战马江苏委外工厂,西宁宝供,0030,无锡战马江苏委外工厂
2457,编辑 删除,6792,无锡战马江苏委外工厂,湛江宝供,0029,无锡战马江苏委外工厂
2458,编辑 删除,6792,无锡战马江苏委外工厂,库尔勒宝供,0028,无锡战马江苏委外工厂
2459,编辑 删除,6792,无锡战马江苏委外工厂,天津宝供,0027,无锡战马江苏委外工厂
2460,编辑 删除,6792,无锡战马江苏委外工厂,汕头宝供,0026,无锡战马江苏委外工厂
2461,编辑 删除,6792,无锡战马江苏委外工厂,佛山宝供,0025,无锡战马江苏委外工厂
2462,编辑 删除,6792,无锡战马江苏委外工厂,喀什宝供,0024,无锡战马江苏委外工厂
2463,编辑 删除,6792,无锡战马江苏委外工厂,东莞南城宝供,0023,无锡战马江苏委外工厂
2464,编辑 删除,6792,无锡战马江苏委外工厂,新疆宝供,0022,无锡战马江苏委外工厂
2465,编辑 删除,6792,无锡战马江苏委外工厂,兰州宝供,0021,无锡战马江苏委外工厂
2466,编辑 删除,6792,无锡战马江苏委外工厂,西安宝供,0020,无锡战马江苏委外工厂
2467,编辑 删除,6792,无锡战马江苏委外工厂,重庆宝供,0019,无锡战马江苏委外工厂
2468,编辑 删除,6792,无锡战马江苏委外工厂,贵阳宝供,0018,无锡战马江苏委外工厂
2469,编辑 删除,6792,无锡战马江苏委外工厂,昆明宝供,0017,无锡战马江苏委外工厂
2470,编辑 删除,6792,无锡战马江苏委外工厂,成都宝供,0016,无锡战马江苏委外工厂
2471,编辑 删除,6792,无锡战马江苏委外工厂,海口宝供,0015,无锡战马江苏委外工厂
2472,编辑 删除,6792,无锡战马江苏委外工厂,长沙宝供,0014,无锡战马江苏委外工厂
2473,编辑 删除,6792,无锡战马江苏委外工厂,深圳宝供,0013,无锡战马江苏委外工厂
2474,编辑 删除,6792,无锡战马江苏委外工厂,柳州宝供,0012,无锡战马江苏委外工厂
2475,编辑 删除,6792,无锡战马江苏委外工厂,南宁宝供,0011,无锡战马江苏委外工厂
2476,编辑 删除,6792,无锡战马江苏委外工厂,广州宝供,0010,无锡战马江苏委外工厂
2477,编辑 删除,6792,无锡战马江苏委外工厂,上海宝供,0009,无锡战马江苏委外工厂
2478,编辑 删除,6792,无锡战马江苏委外工厂,杭州宝供,0008,无锡战马江苏委外工厂
2479,编辑 删除,6792,无锡战马江苏委外工厂,福州宝供,0007,无锡战马江苏委外工厂
2480,编辑 删除,6792,无锡战马江苏委外工厂,南京宝供,0006,无锡战马江苏委外工厂
2481,编辑 删除,6792,无锡战马江苏委外工厂,济南宝供,0005,无锡战马江苏委外工厂
2482,编辑 删除,6792,无锡战马江苏委外工厂,武汉宝供,0004,无锡战马江苏委外工厂
2483,编辑 删除,6792,无锡战马江苏委外工厂,郑州宝供,0003,无锡战马江苏委外工厂
2484,编辑 删除,6792,无锡战马江苏委外工厂,沈阳宝供,0002,无锡战马江苏委外工厂
2485,编辑 删除,6792,无锡战马江苏委外工厂,采购服务库位,0000,无锡战马江苏委外工厂
2486,编辑 删除,6781,无锡战马百仕欣基地委外工厂,称料库存地,9099,无锡战马百仕欣基地委外工厂
2487,编辑 删除,6781,无锡战马百仕欣基地委外工厂,在线库存地,9005,无锡战马百仕欣基地委外工厂
2488,编辑 删除,6781,无锡战马百仕欣基地委外工厂,成品委外库存地,9004,无锡战马百仕欣基地委外工厂
2489,编辑 删除,6781,无锡战马百仕欣基地委外工厂,原材料委外库存地,9001,无锡战马百仕欣基地委外工厂
2490,编辑 删除,6781,无锡战马百仕欣基地委外工厂,汕头睿通,6004,无锡战马百仕欣基地委外工厂
2491,编辑 删除,6781,无锡战马百仕欣基地委外工厂,湛江睿通,6003,无锡战马百仕欣基地委外工厂
2492,编辑 删除,6781,无锡战马百仕欣基地委外工厂,泉州睿通,6002,无锡战马百仕欣基地委外工厂
2493,编辑 删除,6781,无锡战马百仕欣基地委外工厂,福州睿通,6001,无锡战马百仕欣基地委外工厂
2494,编辑 删除,6781,无锡战马百仕欣基地委外工厂,赣州数据在线,2053,无锡战马百仕欣基地委外工厂
2495,编辑 删除,6781,无锡战马百仕欣基地委外工厂,河北数据在线,2050,无锡战马百仕欣基地委外工厂
2496,编辑 删除,6781,无锡战马百仕欣基地委外工厂,和田数据在线,2048,无锡战马百仕欣基地委外工厂
2497,编辑 删除,6781,无锡战马百仕欣基地委外工厂,天津数据在线,2047,无锡战马百仕欣基地委外工厂
2498,编辑 删除,6781,无锡战马百仕欣基地委外工厂,贵港数据在线,2045,无锡战马百仕欣基地委外工厂
2499,编辑 删除,6781,无锡战马百仕欣基地委外工厂,柳州数据在线,2044,无锡战马百仕欣基地委外工厂
2500,编辑 删除,6781,无锡战马百仕欣基地委外工厂,南宁数据在线,2043,无锡战马百仕欣基地委外工厂
2501,编辑 删除,6781,无锡战马百仕欣基地委外工厂,海口数据在线,2042,无锡战马百仕欣基地委外工厂
2502,编辑 删除,6781,无锡战马百仕欣基地委外工厂,东莞数据在线,2041,无锡战马百仕欣基地委外工厂
2503,编辑 删除,6781,无锡战马百仕欣基地委外工厂,深圳数据在线,2040,无锡战马百仕欣基地委外工厂
2504,编辑 删除,6781,无锡战马百仕欣基地委外工厂,广州数据在线,2039,无锡战马百仕欣基地委外工厂
2505,编辑 删除,6781,无锡战马百仕欣基地委外工厂,南昌数据在线,2038,无锡战马百仕欣基地委外工厂
2506,编辑 删除,6781,无锡战马百仕欣基地委外工厂,南充数据在线,2037,无锡战马百仕欣基地委外工厂
2507,编辑 删除,6781,无锡战马百仕欣基地委外工厂,成都数据在线,2036,无锡战马百仕欣基地委外工厂
2508,编辑 删除,6781,无锡战马百仕欣基地委外工厂,荆州数据在线,2035,无锡战马百仕欣基地委外工厂
2509,编辑 删除,6781,无锡战马百仕欣基地委外工厂,衡阳数据在线,2034,无锡战马百仕欣基地委外工厂
2510,编辑 删除,6781,无锡战马百仕欣基地委外工厂,邵阳数据在线,2033,无锡战马百仕欣基地委外工厂
2511,编辑 删除,6781,无锡战马百仕欣基地委外工厂,长沙数据在线,2032,无锡战马百仕欣基地委外工厂
2512,编辑 删除,6781,无锡战马百仕欣基地委外工厂,武汉数据在线,2031,无锡战马百仕欣基地委外工厂
2513,编辑 删除,6781,无锡战马百仕欣基地委外工厂,遵义数据在线,2030,无锡战马百仕欣基地委外工厂
2514,编辑 删除,6781,无锡战马百仕欣基地委外工厂,贵阳数据在线,2029,无锡战马百仕欣基地委外工厂
2515,编辑 删除,6781,无锡战马百仕欣基地委外工厂,重庆数据在线,2028,无锡战马百仕欣基地委外工厂
2516,编辑 删除,6781,无锡战马百仕欣基地委外工厂,大理数据在线,2027,无锡战马百仕欣基地委外工厂
2517,编辑 删除,6781,无锡战马百仕欣基地委外工厂,昆明数据在线,2026,无锡战马百仕欣基地委外工厂
2518,编辑 删除,6781,无锡战马百仕欣基地委外工厂,合肥数据在线,2025,无锡战马百仕欣基地委外工厂
2519,编辑 删除,6781,无锡战马百仕欣基地委外工厂,上海数据在线,2024,无锡战马百仕欣基地委外工厂
2520,编辑 删除,6781,无锡战马百仕欣基地委外工厂,南京数据在线,2023,无锡战马百仕欣基地委外工厂
2521,编辑 删除,6781,无锡战马百仕欣基地委外工厂,台州数据在线,2022,无锡战马百仕欣基地委外工厂
2522,编辑 删除,6781,无锡战马百仕欣基地委外工厂,金华数据在线,2021,无锡战马百仕欣基地委外工厂
2523,编辑 删除,6781,无锡战马百仕欣基地委外工厂,杭州数据在线,2020,无锡战马百仕欣基地委外工厂
2524,编辑 删除,6781,无锡战马百仕欣基地委外工厂,淮安数据在线,2019,无锡战马百仕欣基地委外工厂
2525,编辑 删除,6781,无锡战马百仕欣基地委外工厂,青岛数据在线,2018,无锡战马百仕欣基地委外工厂
2526,编辑 删除,6781,无锡战马百仕欣基地委外工厂,济南数据在线,2017,无锡战马百仕欣基地委外工厂
2527,编辑 删除,6781,无锡战马百仕欣基地委外工厂,西宁数据在线,2016,无锡战马百仕欣基地委外工厂
2528,编辑 删除,6781,无锡战马百仕欣基地委外工厂,库尔勒数据在线,2015,无锡战马百仕欣基地委外工厂
2529,编辑 删除,6781,无锡战马百仕欣基地委外工厂,喀什数据在线,2014,无锡战马百仕欣基地委外工厂
2530,编辑 删除,6781,无锡战马百仕欣基地委外工厂,西安数据在线,2013,无锡战马百仕欣基地委外工厂
2531,编辑 删除,6781,无锡战马百仕欣基地委外工厂,兰州数据在线,2012,无锡战马百仕欣基地委外工厂
2532,编辑 删除,6781,无锡战马百仕欣基地委外工厂,乌鲁木齐数据在线,2011,无锡战马百仕欣基地委外工厂
2533,编辑 删除,6781,无锡战马百仕欣基地委外工厂,驻马店数据在线,2010,无锡战马百仕欣基地委外工厂
2534,编辑 删除,6781,无锡战马百仕欣基地委外工厂,郑州数据在线,2009,无锡战马百仕欣基地委外工厂
2535,编辑 删除,6781,无锡战马百仕欣基地委外工厂,包头数据在线,2008,无锡战马百仕欣基地委外工厂
2536,编辑 删除,6781,无锡战马百仕欣基地委外工厂,长春数据在线,2007,无锡战马百仕欣基地委外工厂
2537,编辑 删除,6781,无锡战马百仕欣基地委外工厂,哈尔滨数据在线,2006,无锡战马百仕欣基地委外工厂
2538,编辑 删除,6781,无锡战马百仕欣基地委外工厂,沈阳数据在线,2005,无锡战马百仕欣基地委外工厂
2539,编辑 删除,6781,无锡战马百仕欣基地委外工厂,北京平谷数据在线,2004,无锡战马百仕欣基地委外工厂
2540,编辑 删除,6781,无锡战马百仕欣基地委外工厂,北京数据在线,2003,无锡战马百仕欣基地委外工厂
2541,编辑 删除,6781,无锡战马百仕欣基地委外工厂,太原数据在线,2002,无锡战马百仕欣基地委外工厂
2542,编辑 删除,6781,无锡战马百仕欣基地委外工厂,咸宁基地,0098,无锡战马百仕欣基地委外工厂
2543,编辑 删除,6781,无锡战马百仕欣基地委外工厂,怀柔基地,0097,无锡战马百仕欣基地委外工厂
2544,编辑 删除,6781,无锡战马百仕欣基地委外工厂,佛山基地,0095,无锡战马百仕欣基地委外工厂
2545,编辑 删除,6781,无锡战马百仕欣基地委外工厂,江苏宜兴基地,0094,无锡战马百仕欣基地委外工厂
2546,编辑 删除,6781,无锡战马百仕欣基地委外工厂,采购服务库位,0000,无锡战马百仕欣基地委外工厂
2547,编辑 删除,6780,无锡战马广西委外工厂,称料库存地,9099,无锡战马广西委外工厂
2548,编辑 删除,6780,无锡战马广西委外工厂,在线库存地,9005,无锡战马广西委外工厂
2549,编辑 删除,6780,无锡战马广西委外工厂,成品次品库存地,9004,无锡战马广西委外工厂
2550,编辑 删除,6780,无锡战马广西委外工厂,成品委外库存地,9003,无锡战马广西委外工厂
2551,编辑 删除,6780,无锡战马广西委外工厂,原材料委外库存地,9001,无锡战马广西委外工厂
2552,编辑 删除,6780,无锡战马广西委外工厂,汕头睿通,6004,无锡战马广西委外工厂
2553,编辑 删除,6780,无锡战马广西委外工厂,湛江睿通,6003,无锡战马广西委外工厂
2554,编辑 删除,6780,无锡战马广西委外工厂,泉州睿通,6002,无锡战马广西委外工厂
2555,编辑 删除,6780,无锡战马广西委外工厂,福州睿通,6001,无锡战马广西委外工厂
2556,编辑 删除,6780,无锡战马广西委外工厂,赣州数据在线,2053,无锡战马广西委外工厂
2557,编辑 删除,6780,无锡战马广西委外工厂,河北数据在线,2050,无锡战马广西委外工厂
2558,编辑 删除,6780,无锡战马广西委外工厂,和田数据在线,2048,无锡战马广西委外工厂
2559,编辑 删除,6780,无锡战马广西委外工厂,天津数据在线,2047,无锡战马广西委外工厂
2560,编辑 删除,6780,无锡战马广西委外工厂,贵港数据在线,2045,无锡战马广西委外工厂
2561,编辑 删除,6780,无锡战马广西委外工厂,柳州数据在线,2044,无锡战马广西委外工厂
2562,编辑 删除,6780,无锡战马广西委外工厂,南宁数据在线,2043,无锡战马广西委外工厂
2563,编辑 删除,6780,无锡战马广西委外工厂,海口数据在线,2042,无锡战马广西委外工厂
2564,编辑 删除,6780,无锡战马广西委外工厂,东莞数据在线,2041,无锡战马广西委外工厂
2565,编辑 删除,6780,无锡战马广西委外工厂,深圳数据在线,2040,无锡战马广西委外工厂
2566,编辑 删除,6780,无锡战马广西委外工厂,广州数据在线,2039,无锡战马广西委外工厂
2567,编辑 删除,6780,无锡战马广西委外工厂,南昌数据在线,2038,无锡战马广西委外工厂
2568,编辑 删除,6780,无锡战马广西委外工厂,南充数据在线,2037,无锡战马广西委外工厂
2569,编辑 删除,6780,无锡战马广西委外工厂,成都数据在线,2036,无锡战马广西委外工厂
2570,编辑 删除,6780,无锡战马广西委外工厂,荆州数据在线,2035,无锡战马广西委外工厂
2571,编辑 删除,6780,无锡战马广西委外工厂,衡阳数据在线,2034,无锡战马广西委外工厂
2572,编辑 删除,6780,无锡战马广西委外工厂,邵阳数据在线,2033,无锡战马广西委外工厂
2573,编辑 删除,6780,无锡战马广西委外工厂,长沙数据在线,2032,无锡战马广西委外工厂
2574,编辑 删除,6780,无锡战马广西委外工厂,武汉数据在线,2031,无锡战马广西委外工厂
2575,编辑 删除,6780,无锡战马广西委外工厂,遵义数据在线,2030,无锡战马广西委外工厂
2576,编辑 删除,6780,无锡战马广西委外工厂,贵阳数据在线,2029,无锡战马广西委外工厂
2577,编辑 删除,6780,无锡战马广西委外工厂,重庆数据在线,2028,无锡战马广西委外工厂
2578,编辑 删除,6780,无锡战马广西委外工厂,大理数据在线,2027,无锡战马广西委外工厂
2579,编辑 删除,6780,无锡战马广西委外工厂,昆明数据在线,2026,无锡战马广西委外工厂
2580,编辑 删除,6780,无锡战马广西委外工厂,合肥数据在线,2025,无锡战马广西委外工厂
2581,编辑 删除,6780,无锡战马广西委外工厂,上海数据在线,2024,无锡战马广西委外工厂
2582,编辑 删除,6780,无锡战马广西委外工厂,南京数据在线,2023,无锡战马广西委外工厂
2583,编辑 删除,6780,无锡战马广西委外工厂,台州数据在线,2022,无锡战马广西委外工厂
2584,编辑 删除,6780,无锡战马广西委外工厂,金华数据在线,2021,无锡战马广西委外工厂
2585,编辑 删除,6780,无锡战马广西委外工厂,杭州数据在线,2020,无锡战马广西委外工厂
2586,编辑 删除,6780,无锡战马广西委外工厂,淮安数据在线,2019,无锡战马广西委外工厂
2587,编辑 删除,6780,无锡战马广西委外工厂,青岛数据在线,2018,无锡战马广西委外工厂
2588,编辑 删除,6780,无锡战马广西委外工厂,济南数据在线,2017,无锡战马广西委外工厂
2589,编辑 删除,6780,无锡战马广西委外工厂,西宁数据在线,2016,无锡战马广西委外工厂
2590,编辑 删除,6780,无锡战马广西委外工厂,库尔勒数据在线,2015,无锡战马广西委外工厂
2591,编辑 删除,6780,无锡战马广西委外工厂,喀什数据在线,2014,无锡战马广西委外工厂
2592,编辑 删除,6780,无锡战马广西委外工厂,西安数据在线,2013,无锡战马广西委外工厂
2593,编辑 删除,6780,无锡战马广西委外工厂,兰州数据在线,2012,无锡战马广西委外工厂
2594,编辑 删除,6780,无锡战马广西委外工厂,乌鲁木齐数据在线,2011,无锡战马广西委外工厂
2595,编辑 删除,6780,无锡战马广西委外工厂,驻马店数据在线,2010,无锡战马广西委外工厂
2596,编辑 删除,6780,无锡战马广西委外工厂,郑州数据在线,2009,无锡战马广西委外工厂
2597,编辑 删除,6780,无锡战马广西委外工厂,包头数据在线,2008,无锡战马广西委外工厂
2598,编辑 删除,6780,无锡战马广西委外工厂,长春数据在线,2007,无锡战马广西委外工厂
2599,编辑 删除,6780,无锡战马广西委外工厂,哈尔滨数据在线,2006,无锡战马广西委外工厂
2600,编辑 删除,6780,无锡战马广西委外工厂,沈阳数据在线,2005,无锡战马广西委外工厂
2601,编辑 删除,6780,无锡战马广西委外工厂,北京平谷数据在线,2004,无锡战马广西委外工厂
2602,编辑 删除,6780,无锡战马广西委外工厂,北京数据在线,2003,无锡战马广西委外工厂
2603,编辑 删除,6780,无锡战马广西委外工厂,太原数据在线,2002,无锡战马广西委外工厂
2604,编辑 删除,6780,无锡战马广西委外工厂,咸宁基地,0098,无锡战马广西委外工厂
2605,编辑 删除,6780,无锡战马广西委外工厂,怀柔基地,0097,无锡战马广西委外工厂
2606,编辑 删除,6780,无锡战马广西委外工厂,佛山基地,0095,无锡战马广西委外工厂
2607,编辑 删除,6780,无锡战马广西委外工厂,江苏宜兴基地,0094,无锡战马广西委外工厂
2608,编辑 删除,6780,无锡战马广西委外工厂,采购服务库位,0000,无锡战马广西委外工厂
2609,编辑 删除,6703,无锡战马公司宣传品工厂,促销活动库存地,0009,无锡战马公司宣传品工厂
2610,编辑 删除,6703,无锡战马公司宣传品工厂,广东大朗（电子商务）库存地,0008,无锡战马公司宣传品工厂
2611,编辑 删除,6703,无锡战马公司宣传品工厂,北京怀柔（电子商务）库存地,0007,无锡战马公司宣传品工厂
2612,编辑 删除,6703,无锡战马公司宣传品工厂,供应商库存地（二）,0006,无锡战马公司宣传品工厂
2613,编辑 删除,6703,无锡战马公司宣传品工厂,营业单位第三方库存地,0005,无锡战马公司宣传品工厂
2614,编辑 删除,6703,无锡战马公司宣传品工厂,供应商广宣品库存地,0004,无锡战马公司宣传品工厂
2615,编辑 删除,6703,无锡战马公司宣传品工厂,礼品网站广宣品库存地,0003,无锡战马公司宣传品工厂
2616,编辑 删除,6703,无锡战马公司宣传品工厂,广东大朗广宣品库存地,0002,无锡战马公司宣传品工厂
2617,编辑 删除,6703,无锡战马公司宣传品工厂,北京怀柔广宣品库存地,0001,无锡战马公司宣传品工厂
2618,编辑 删除,6703,无锡战马公司宣传品工厂,采购服务库位,0000,无锡战马公司宣传品工厂
2619,编辑 删除,6702,无锡战马公司宣传品零价值工厂,广东大朗广宣品仓库,0002,无锡战马公司宣传品零价值工厂
2620,编辑 删除,6702,无锡战马公司宣传品零价值工厂,北京怀柔广宣品仓库,0001,无锡战马公司宣传品零价值工厂
2621,编辑 删除,6701,无锡战马公司工厂,电商西安仓,DS08,无锡战马公司工厂
2622,编辑 删除,6701,无锡战马公司工厂,电商沈阳仓,DS07,无锡战马公司工厂
2623,编辑 删除,6701,无锡战马公司工厂,电商济南仓,DS06,无锡战马公司工厂
2624,编辑 删除,6701,无锡战马公司工厂,电商成都仓,DS05,无锡战马公司工厂
2625,编辑 删除,6701,无锡战马公司工厂,电商武汉仓,DS04,无锡战马公司工厂
2626,编辑 删除,6701,无锡战马公司工厂,电商广州仓,DS03,无锡战马公司工厂
2627,编辑 删除,6701,无锡战马公司工厂,电商天津仓,DS02,无锡战马公司工厂
2628,编辑 删除,6701,无锡战马公司工厂,电商南京仓,DS01,无锡战马公司工厂
2629,编辑 删除,6701,无锡战马公司工厂,天猫佛山仓,9017,无锡战马公司工厂
2630,编辑 删除,6701,无锡战马公司工厂,天猫南京仓,9016,无锡战马公司工厂
2631,编辑 删除,6701,无锡战马公司工厂,天猫长沙仓,9014,无锡战马公司工厂
2632,编辑 删除,6701,无锡战马公司工厂,天猫天津仓,9011,无锡战马公司工厂
2633,编辑 删除,6701,无锡战马公司工厂,天猫广州仓,9008,无锡战马公司工厂
2634,编辑 删除,6701,无锡战马公司工厂,天猫上海仓,9007,无锡战马公司工厂
2635,编辑 删除,6701,无锡战马公司工厂,成品委外库存地,9004,无锡战马公司工厂
2636,编辑 删除,6701,无锡战马公司工厂,委外库存地,9001,无锡战马公司工厂
2637,编辑 删除,6701,无锡战马公司工厂,汕头睿通,6004,无锡战马公司工厂
2638,编辑 删除,6701,无锡战马公司工厂,湛江睿通,6003,无锡战马公司工厂
2639,编辑 删除,6701,无锡战马公司工厂,泉州睿通,6002,无锡战马公司工厂
2640,编辑 删除,6701,无锡战马公司工厂,福州睿通,6001,无锡战马公司工厂
2641,编辑 删除,6701,无锡战马公司工厂,赣州数据在线,2053,无锡战马公司工厂
2642,编辑 删除,6701,无锡战马公司工厂,进口品上海数据在线,2051,无锡战马公司工厂
2643,编辑 删除,6701,无锡战马公司工厂,石家庄数据在线,2050,无锡战马公司工厂
2644,编辑 删除,6701,无锡战马公司工厂,怀柔数据在线,2049,无锡战马公司工厂
2645,编辑 删除,6701,无锡战马公司工厂,和田数据在线,2048,无锡战马公司工厂
2646,编辑 删除,6701,无锡战马公司工厂,天津数据在线,2047,无锡战马公司工厂
2647,编辑 删除,6701,无锡战马公司工厂,安康数据在线,2046,无锡战马公司工厂
2648,编辑 删除,6701,无锡战马公司工厂,贵港数据在线,2045,无锡战马公司工厂
2649,编辑 删除,6701,无锡战马公司工厂,柳州数据在线,2044,无锡战马公司工厂
2650,编辑 删除,6701,无锡战马公司工厂,南宁数据在线,2043,无锡战马公司工厂
2651,编辑 删除,6701,无锡战马公司工厂,海口数据在线,2042,无锡战马公司工厂
2652,编辑 删除,6701,无锡战马公司工厂,东莞数据在线,2041,无锡战马公司工厂
2653,编辑 删除,6701,无锡战马公司工厂,深圳数据在线,2040,无锡战马公司工厂
2654,编辑 删除,6701,无锡战马公司工厂,佛山数据在线,2039,无锡战马公司工厂
2655,编辑 删除,6701,无锡战马公司工厂,南昌数据在线,2038,无锡战马公司工厂
2656,编辑 删除,6701,无锡战马公司工厂,南充数据在线,2037,无锡战马公司工厂
2657,编辑 删除,6701,无锡战马公司工厂,成都数据在线,2036,无锡战马公司工厂
2658,编辑 删除,6701,无锡战马公司工厂,荆州数据在线,2035,无锡战马公司工厂
2659,编辑 删除,6701,无锡战马公司工厂,衡阳数据在线,2034,无锡战马公司工厂
2660,编辑 删除,6701,无锡战马公司工厂,邵阳数据在线,2033,无锡战马公司工厂
2661,编辑 删除,6701,无锡战马公司工厂,长沙数据在线,2032,无锡战马公司工厂
2662,编辑 删除,6701,无锡战马公司工厂,武汉数据在线,2031,无锡战马公司工厂
2663,编辑 删除,6701,无锡战马公司工厂,遵义数据在线,2030,无锡战马公司工厂
2664,编辑 删除,6701,无锡战马公司工厂,贵阳数据在线,2029,无锡战马公司工厂
2665,编辑 删除,6701,无锡战马公司工厂,重庆数据在线,2028,无锡战马公司工厂
2666,编辑 删除,6701,无锡战马公司工厂,大理数据在线,2027,无锡战马公司工厂
2667,编辑 删除,6701,无锡战马公司工厂,昆明数据在线,2026,无锡战马公司工厂
2668,编辑 删除,6701,无锡战马公司工厂,合肥数据在线,2025,无锡战马公司工厂
2669,编辑 删除,6701,无锡战马公司工厂,上海数据在线,2024,无锡战马公司工厂
2670,编辑 删除,6701,无锡战马公司工厂,南京数据在线,2023,无锡战马公司工厂
2671,编辑 删除,6701,无锡战马公司工厂,台州数据在线,2022,无锡战马公司工厂
2672,编辑 删除,6701,无锡战马公司工厂,金华数据在线,2021,无锡战马公司工厂
2673,编辑 删除,6701,无锡战马公司工厂,杭州数据在线,2020,无锡战马公司工厂
2674,编辑 删除,6701,无锡战马公司工厂,淮安数据在线,2019,无锡战马公司工厂
2675,编辑 删除,6701,无锡战马公司工厂,青岛数据在线,2018,无锡战马公司工厂
2676,编辑 删除,6701,无锡战马公司工厂,济南数据在线,2017,无锡战马公司工厂
2677,编辑 删除,6701,无锡战马公司工厂,西宁数据在线,2016,无锡战马公司工厂
2678,编辑 删除,6701,无锡战马公司工厂,库尔勒数据在线,2015,无锡战马公司工厂
2679,编辑 删除,6701,无锡战马公司工厂,喀什数据在线,2014,无锡战马公司工厂
2680,编辑 删除,6701,无锡战马公司工厂,西安数据在线,2013,无锡战马公司工厂
2681,编辑 删除,6701,无锡战马公司工厂,兰州数据在线,2012,无锡战马公司工厂
2682,编辑 删除,6701,无锡战马公司工厂,乌鲁木齐数据在线,2011,无锡战马公司工厂
2683,编辑 删除,6701,无锡战马公司工厂,驻马店数据在线,2010,无锡战马公司工厂
2684,编辑 删除,6701,无锡战马公司工厂,郑州数据在线,2009,无锡战马公司工厂
2685,编辑 删除,6701,无锡战马公司工厂,包头数据在线,2008,无锡战马公司工厂
2686,编辑 删除,6701,无锡战马公司工厂,长春数据在线,2007,无锡战马公司工厂
2687,编辑 删除,6701,无锡战马公司工厂,哈尔滨数据在线,2006,无锡战马公司工厂
2688,编辑 删除,6701,无锡战马公司工厂,沈阳数据在线,2005,无锡战马公司工厂
2689,编辑 删除,6701,无锡战马公司工厂,北京京津港平谷,2004,无锡战马公司工厂
2690,编辑 删除,6701,无锡战马公司工厂,北京数据在线,2003,无锡战马公司工厂
2691,编辑 删除,6701,无锡战马公司工厂,太原数据在线,2002,无锡战马公司工厂
2692,编辑 删除,6701,无锡战马公司工厂,数据在线,2001,无锡战马公司工厂
2693,编辑 删除,6701,无锡战马公司工厂,虚拟库存地,0099,无锡战马公司工厂
2694,编辑 删除,6701,无锡战马公司工厂,咸宁基地,0098,无锡战马公司工厂
2695,编辑 删除,6701,无锡战马公司工厂,怀柔基地,0097,无锡战马公司工厂
2696,编辑 删除,6701,无锡战马公司工厂,海口基地,0096,无锡战马公司工厂
2697,编辑 删除,6701,无锡战马公司工厂,佛山基地,0095,无锡战马公司工厂
2698,编辑 删除,6701,无锡战马公司工厂,江苏基地,0094,无锡战马公司工厂
2699,编辑 删除,6701,无锡战马公司工厂,百仕欣怀柔工厂,0093,无锡战马公司工厂
2700,编辑 删除,6701,无锡战马公司工厂,贵州基地,0091,无锡战马公司工厂
2701,编辑 删除,6701,无锡战马公司工厂,厦门基地,0090,无锡战马公司工厂
2702,编辑 删除,6701,无锡战马公司工厂,促销活动库存地,0009,无锡战马公司工厂
2703,编辑 删除,6701,无锡战马公司工厂,广东大朗（电子商务）库存地,0008,无锡战马公司工厂
2704,编辑 删除,6701,无锡战马公司工厂,北京怀柔（电子商务）库存地,0007,无锡战马公司工厂
2705,编辑 删除,6701,无锡战马公司工厂,供应商库存地（二）,0006,无锡战马公司工厂
2706,编辑 删除,6701,无锡战马公司工厂,营业单位第三方库存地,0005,无锡战马公司工厂
2707,编辑 删除,6701,无锡战马公司工厂,供应商广宣品库存地,0004,无锡战马公司工厂
2708,编辑 删除,6701,无锡战马公司工厂,礼品网站广宣品库存地,0003,无锡战马公司工厂
2709,编辑 删除,6701,无锡战马公司工厂,广东大朗广宣品库存地,0002,无锡战马公司工厂
2710,编辑 删除,6701,无锡战马公司工厂,北京怀柔广宣品库存地,0001,无锡战马公司工厂
2711,编辑 删除,6701,无锡战马公司工厂,采购服务库位,0000,无锡战马公司工厂
2712,编辑 删除,6604,华彬快速消费品饮料（福建）备件工厂,成品库,0004,华彬快速消费品饮料（福建）备件工厂
2713,编辑 删除,6604,华彬快速消费品饮料（福建）备件工厂,采购服务库位,0000,华彬快速消费品饮料（福建）备件工厂
2714,编辑 删除,6603,华彬快速消费品饮料（福建）备件工厂-停用,汕头睿通,6004,华彬快速消费品饮料（福建）备件工厂-停用
2715,编辑 删除,6603,华彬快速消费品饮料（福建）备件工厂-停用,湛江睿通,6003,华彬快速消费品饮料（福建）备件工厂-停用
2716,编辑 删除,6603,华彬快速消费品饮料（福建）备件工厂-停用,泉州睿通,6002,华彬快速消费品饮料（福建）备件工厂-停用
2717,编辑 删除,6603,华彬快速消费品饮料（福建）备件工厂-停用,福州睿通,6001,华彬快速消费品饮料（福建）备件工厂-停用
2718,编辑 删除,6603,华彬快速消费品饮料（福建）备件工厂-停用,怀柔数据在线,2049,华彬快速消费品饮料（福建）备件工厂-停用
2719,编辑 删除,6603,华彬快速消费品饮料（福建）备件工厂-停用,和田数据在线,2048,华彬快速消费品饮料（福建）备件工厂-停用
2720,编辑 删除,6603,华彬快速消费品饮料（福建）备件工厂-停用,天津数据在线,2047,华彬快速消费品饮料（福建）备件工厂-停用
2721,编辑 删除,6603,华彬快速消费品饮料（福建）备件工厂-停用,贵港数据在线,2045,华彬快速消费品饮料（福建）备件工厂-停用
2722,编辑 删除,6603,华彬快速消费品饮料（福建）备件工厂-停用,柳州数据在线,2044,华彬快速消费品饮料（福建）备件工厂-停用
2723,编辑 删除,6603,华彬快速消费品饮料（福建）备件工厂-停用,南宁数据在线,2043,华彬快速消费品饮料（福建）备件工厂-停用
2724,编辑 删除,6603,华彬快速消费品饮料（福建）备件工厂-停用,海口数据在线,2042,华彬快速消费品饮料（福建）备件工厂-停用
2725,编辑 删除,6603,华彬快速消费品饮料（福建）备件工厂-停用,东莞数据在线,2041,华彬快速消费品饮料（福建）备件工厂-停用
2726,编辑 删除,6603,华彬快速消费品饮料（福建）备件工厂-停用,深圳数据在线,2040,华彬快速消费品饮料（福建）备件工厂-停用
2727,编辑 删除,6603,华彬快速消费品饮料（福建）备件工厂-停用,广州数据在线,2039,华彬快速消费品饮料（福建）备件工厂-停用
2728,编辑 删除,6603,华彬快速消费品饮料（福建）备件工厂-停用,南昌数据在线,2038,华彬快速消费品饮料（福建）备件工厂-停用
2729,编辑 删除,6603,华彬快速消费品饮料（福建）备件工厂-停用,南充数据在线,2037,华彬快速消费品饮料（福建）备件工厂-停用
2730,编辑 删除,6603,华彬快速消费品饮料（福建）备件工厂-停用,成都数据在线,2036,华彬快速消费品饮料（福建）备件工厂-停用
2731,编辑 删除,6603,华彬快速消费品饮料（福建）备件工厂-停用,荆州数据在线,2035,华彬快速消费品饮料（福建）备件工厂-停用
2732,编辑 删除,6603,华彬快速消费品饮料（福建）备件工厂-停用,衡阳数据在线,2034,华彬快速消费品饮料（福建）备件工厂-停用
2733,编辑 删除,6603,华彬快速消费品饮料（福建）备件工厂-停用,邵阳数据在线,2033,华彬快速消费品饮料（福建）备件工厂-停用
2734,编辑 删除,6603,华彬快速消费品饮料（福建）备件工厂-停用,长沙数据在线,2032,华彬快速消费品饮料（福建）备件工厂-停用
2735,编辑 删除,6603,华彬快速消费品饮料（福建）备件工厂-停用,武汉数据在线,2031,华彬快速消费品饮料（福建）备件工厂-停用
2736,编辑 删除,6603,华彬快速消费品饮料（福建）备件工厂-停用,遵义数据在线,2030,华彬快速消费品饮料（福建）备件工厂-停用
2737,编辑 删除,6603,华彬快速消费品饮料（福建）备件工厂-停用,贵阳数据在线,2029,华彬快速消费品饮料（福建）备件工厂-停用
2738,编辑 删除,6603,华彬快速消费品饮料（福建）备件工厂-停用,重庆数据在线,2028,华彬快速消费品饮料（福建）备件工厂-停用
2739,编辑 删除,6603,华彬快速消费品饮料（福建）备件工厂-停用,大理数据在线,2027,华彬快速消费品饮料（福建）备件工厂-停用
2740,编辑 删除,6603,华彬快速消费品饮料（福建）备件工厂-停用,昆明数据在线,2026,华彬快速消费品饮料（福建）备件工厂-停用
2741,编辑 删除,6603,华彬快速消费品饮料（福建）备件工厂-停用,合肥数据在线,2025,华彬快速消费品饮料（福建）备件工厂-停用
2742,编辑 删除,6603,华彬快速消费品饮料（福建）备件工厂-停用,上海数据在线,2024,华彬快速消费品饮料（福建）备件工厂-停用
2743,编辑 删除,6603,华彬快速消费品饮料（福建）备件工厂-停用,南京数据在线,2023,华彬快速消费品饮料（福建）备件工厂-停用
2744,编辑 删除,6603,华彬快速消费品饮料（福建）备件工厂-停用,台州数据在线,2022,华彬快速消费品饮料（福建）备件工厂-停用
2745,编辑 删除,6603,华彬快速消费品饮料（福建）备件工厂-停用,金华数据在线,2021,华彬快速消费品饮料（福建）备件工厂-停用
2746,编辑 删除,6603,华彬快速消费品饮料（福建）备件工厂-停用,杭州数据在线,2020,华彬快速消费品饮料（福建）备件工厂-停用
2747,编辑 删除,6603,华彬快速消费品饮料（福建）备件工厂-停用,淮安数据在线,2019,华彬快速消费品饮料（福建）备件工厂-停用
2748,编辑 删除,6603,华彬快速消费品饮料（福建）备件工厂-停用,青岛数据在线,2018,华彬快速消费品饮料（福建）备件工厂-停用
2749,编辑 删除,6603,华彬快速消费品饮料（福建）备件工厂-停用,济南数据在线,2017,华彬快速消费品饮料（福建）备件工厂-停用
2750,编辑 删除,6603,华彬快速消费品饮料（福建）备件工厂-停用,西宁数据在线,2016,华彬快速消费品饮料（福建）备件工厂-停用
2751,编辑 删除,6603,华彬快速消费品饮料（福建）备件工厂-停用,库尔勒数据在线,2015,华彬快速消费品饮料（福建）备件工厂-停用
2752,编辑 删除,6603,华彬快速消费品饮料（福建）备件工厂-停用,喀什数据在线,2014,华彬快速消费品饮料（福建）备件工厂-停用
2753,编辑 删除,6603,华彬快速消费品饮料（福建）备件工厂-停用,西安数据在线,2013,华彬快速消费品饮料（福建）备件工厂-停用
2754,编辑 删除,6603,华彬快速消费品饮料（福建）备件工厂-停用,兰州数据在线,2012,华彬快速消费品饮料（福建）备件工厂-停用
2755,编辑 删除,6603,华彬快速消费品饮料（福建）备件工厂-停用,乌鲁木齐数据在线,2011,华彬快速消费品饮料（福建）备件工厂-停用
2756,编辑 删除,6603,华彬快速消费品饮料（福建）备件工厂-停用,驻马店数据在线,2010,华彬快速消费品饮料（福建）备件工厂-停用
2757,编辑 删除,6603,华彬快速消费品饮料（福建）备件工厂-停用,郑州数据在线,2009,华彬快速消费品饮料（福建）备件工厂-停用
2758,编辑 删除,6603,华彬快速消费品饮料（福建）备件工厂-停用,包头数据在线,2008,华彬快速消费品饮料（福建）备件工厂-停用
2759,编辑 删除,6603,华彬快速消费品饮料（福建）备件工厂-停用,长春数据在线,2007,华彬快速消费品饮料（福建）备件工厂-停用
2760,编辑 删除,6603,华彬快速消费品饮料（福建）备件工厂-停用,哈尔滨数据在线,2006,华彬快速消费品饮料（福建）备件工厂-停用
2761,编辑 删除,6603,华彬快速消费品饮料（福建）备件工厂-停用,沈阳数据在线,2005,华彬快速消费品饮料（福建）备件工厂-停用
2762,编辑 删除,6603,华彬快速消费品饮料（福建）备件工厂-停用,北京京津港平谷,2004,华彬快速消费品饮料（福建）备件工厂-停用
2763,编辑 删除,6603,华彬快速消费品饮料（福建）备件工厂-停用,北京数据在线,2003,华彬快速消费品饮料（福建）备件工厂-停用
2764,编辑 删除,6603,华彬快速消费品饮料（福建）备件工厂-停用,太原数据在线,2002,华彬快速消费品饮料（福建）备件工厂-停用
2765,编辑 删除,6603,华彬快速消费品饮料（福建）备件工厂-停用,咸宁基地,0098,华彬快速消费品饮料（福建）备件工厂-停用
2766,编辑 删除,6603,华彬快速消费品饮料（福建）备件工厂-停用,怀柔基地,0097,华彬快速消费品饮料（福建）备件工厂-停用
2767,编辑 删除,6603,华彬快速消费品饮料（福建）备件工厂-停用,佛山基地,0095,华彬快速消费品饮料（福建）备件工厂-停用
2768,编辑 删除,6603,华彬快速消费品饮料（福建）备件工厂-停用,江苏宜兴基地,0094,华彬快速消费品饮料（福建）备件工厂-停用
2769,编辑 删除,6603,华彬快速消费品饮料（福建）备件工厂-停用,废品库,0008,华彬快速消费品饮料（福建）备件工厂-停用
2770,编辑 删除,6603,华彬快速消费品饮料（福建）备件工厂-停用,半成品库,0007,华彬快速消费品饮料（福建）备件工厂-停用
2771,编辑 删除,6603,华彬快速消费品饮料（福建）备件工厂-停用,在线库,0005,华彬快速消费品饮料（福建）备件工厂-停用
2772,编辑 删除,6603,华彬快速消费品饮料（福建）备件工厂-停用,成品库,0004,华彬快速消费品饮料（福建）备件工厂-停用
2773,编辑 删除,6603,华彬快速消费品饮料（福建）备件工厂-停用,备品备件库,0003,华彬快速消费品饮料（福建）备件工厂-停用
2774,编辑 删除,6603,华彬快速消费品饮料（福建）备件工厂-停用,生产辅料库,0002,华彬快速消费品饮料（福建）备件工厂-停用
2775,编辑 删除,6603,华彬快速消费品饮料（福建）备件工厂-停用,生产原料库,0001,华彬快速消费品饮料（福建）备件工厂-停用
2776,编辑 删除,6603,华彬快速消费品饮料（福建）备件工厂-停用,采购服务库位,0000,华彬快速消费品饮料（福建）备件工厂-停用
2777,编辑 删除,6602,华彬快速消费品饮料（福建）零价值工厂,废品库,0008,华彬快速消费品饮料（福建）零价值工厂
2778,编辑 删除,6602,华彬快速消费品饮料（福建）零价值工厂,备品备件库存地,0001,华彬快速消费品饮料（福建）零价值工厂
2779,编辑 删除,6601,华彬快速消费品饮料（福建）工厂,促进物库位,9999,华彬快速消费品饮料（福建）工厂
2780,编辑 删除,6601,华彬快速消费品饮料（福建）工厂,原料称料库,0099,华彬快速消费品饮料（福建）工厂
2781,编辑 删除,6601,华彬快速消费品饮料（福建）工厂,废品库,0008,华彬快速消费品饮料（福建）工厂
2782,编辑 删除,6601,华彬快速消费品饮料（福建）工厂,半成品库,0007,华彬快速消费品饮料（福建）工厂
2783,编辑 删除,6601,华彬快速消费品饮料（福建）工厂,外租库,0006,华彬快速消费品饮料（福建）工厂
2784,编辑 删除,6601,华彬快速消费品饮料（福建）工厂,在线库,0005,华彬快速消费品饮料（福建）工厂
2785,编辑 删除,6601,华彬快速消费品饮料（福建）工厂,成品库,0004,华彬快速消费品饮料（福建）工厂
2786,编辑 删除,6601,华彬快速消费品饮料（福建）工厂,备品备件库,0003,华彬快速消费品饮料（福建）工厂
2787,编辑 删除,6601,华彬快速消费品饮料（福建）工厂,生产辅料库,0002,华彬快速消费品饮料（福建）工厂
2788,编辑 删除,6601,华彬快速消费品饮料（福建）工厂,生产原料库,0001,华彬快速消费品饮料（福建）工厂
2789,编辑 删除,6601,华彬快速消费品饮料（福建）工厂,采购服务库位,0000,华彬快速消费品饮料（福建）工厂
2790,编辑 删除,6502,华彬快速消费品饮料（贵州）零价值工厂,三期无价值备件库,0012,华彬快速消费品饮料（贵州）零价值工厂
2791,编辑 删除,6502,华彬快速消费品饮料（贵州）零价值工厂,二期无价值备件库,0011,华彬快速消费品饮料（贵州）零价值工厂
2792,编辑 删除,6502,华彬快速消费品饮料（贵州）零价值工厂,辅料库存地,0002,华彬快速消费品饮料（贵州）零价值工厂
2793,编辑 删除,6502,华彬快速消费品饮料（贵州）零价值工厂,一期无价值备件库,0001,华彬快速消费品饮料（贵州）零价值工厂
2794,编辑 删除,6501,华彬快速消费品饮料（贵州）工厂,促进物库位,9999,华彬快速消费品饮料（贵州）工厂
2795,编辑 删除,6501,华彬快速消费品饮料（贵州）工厂,原料称料库,0099,华彬快速消费品饮料（贵州）工厂
2796,编辑 删除,6501,华彬快速消费品饮料（贵州）工厂,集中称料库,0098,华彬快速消费品饮料（贵州）工厂
2797,编辑 删除,6501,华彬快速消费品饮料（贵州）工厂,三期水暖备件库,0026,华彬快速消费品饮料（贵州）工厂
2798,编辑 删除,6501,华彬快速消费品饮料（贵州）工厂,三期电气备件库,0025,华彬快速消费品饮料（贵州）工厂
2799,编辑 删除,6501,华彬快速消费品饮料（贵州）工厂,三期机械备件库,0024,华彬快速消费品饮料（贵州）工厂
2800,编辑 删除,6501,华彬快速消费品饮料（贵州）工厂,二期水暖备件库,0023,华彬快速消费品饮料（贵州）工厂
2801,编辑 删除,6501,华彬快速消费品饮料（贵州）工厂,二期电气备件库,0022,华彬快速消费品饮料（贵州）工厂
2802,编辑 删除,6501,华彬快速消费品饮料（贵州）工厂,二期机械备件库,0021,华彬快速消费品饮料（贵州）工厂
2803,编辑 删除,6501,华彬快速消费品饮料（贵州）工厂,五/六号线在线库,0016,华彬快速消费品饮料（贵州）工厂
2804,编辑 删除,6501,华彬快速消费品饮料（贵州）工厂,五/六号线生产辅料库,0015,华彬快速消费品饮料（贵州）工厂
2805,编辑 删除,6501,华彬快速消费品饮料（贵州）工厂,五/六号线生产原料库,0014,华彬快速消费品饮料（贵州）工厂
2806,编辑 删除,6501,华彬快速消费品饮料（贵州）工厂,一期水暖备件库,0013,华彬快速消费品饮料（贵州）工厂
2807,编辑 删除,6501,华彬快速消费品饮料（贵州）工厂,一期电器备件库,0012,华彬快速消费品饮料（贵州）工厂
2808,编辑 删除,6501,华彬快速消费品饮料（贵州）工厂,三/四号线在线库,0011,华彬快速消费品饮料（贵州）工厂
2809,编辑 删除,6501,华彬快速消费品饮料（贵州）工厂,三/四号线生产辅料库,0010,华彬快速消费品饮料（贵州）工厂
2810,编辑 删除,6501,华彬快速消费品饮料（贵州）工厂,三/四号线生产原料库,0009,华彬快速消费品饮料（贵州）工厂
2811,编辑 删除,6501,华彬快速消费品饮料（贵州）工厂,废品库,0008,华彬快速消费品饮料（贵州）工厂
2812,编辑 删除,6501,华彬快速消费品饮料（贵州）工厂,委外原材料库存地,0006,华彬快速消费品饮料（贵州）工厂
2813,编辑 删除,6501,华彬快速消费品饮料（贵州）工厂,一/二号线在线库,0005,华彬快速消费品饮料（贵州）工厂
2814,编辑 删除,6501,华彬快速消费品饮料（贵州）工厂,一/二号线成品库,0004,华彬快速消费品饮料（贵州）工厂
2815,编辑 删除,6501,华彬快速消费品饮料（贵州）工厂,一期机械备件库,0003,华彬快速消费品饮料（贵州）工厂
2816,编辑 删除,6501,华彬快速消费品饮料（贵州）工厂,一/二号线生产辅料库,0002,华彬快速消费品饮料（贵州）工厂
2817,编辑 删除,6501,华彬快速消费品饮料（贵州）工厂,一/二号线生产原料库,0001,华彬快速消费品饮料（贵州）工厂
2818,编辑 删除,6501,华彬快速消费品饮料（贵州）工厂,采购服务库位,0000,华彬快速消费品饮料（贵州）工厂
2819,编辑 删除,6403,芙丝中国饮品销售有限公司宣传品零价值工厂,电商天津仓,DS02,芙丝中国饮品销售有限公司宣传品零价值工厂
2820,编辑 删除,6403,芙丝中国饮品销售有限公司宣传品零价值工厂,电商南京仓,DS01,芙丝中国饮品销售有限公司宣传品零价值工厂
2821,编辑 删除,6403,芙丝中国饮品销售有限公司宣传品零价值工厂,基地成品委外库存地,9003,芙丝中国饮品销售有限公司宣传品零价值工厂
2822,编辑 删除,6403,芙丝中国饮品销售有限公司宣传品零价值工厂,怀柔数据在线,2049,芙丝中国饮品销售有限公司宣传品零价值工厂
2823,编辑 删除,6403,芙丝中国饮品销售有限公司宣传品零价值工厂,天津数据在线,2047,芙丝中国饮品销售有限公司宣传品零价值工厂
2824,编辑 删除,6403,芙丝中国饮品销售有限公司宣传品零价值工厂,成都数据在线,2036,芙丝中国饮品销售有限公司宣传品零价值工厂
2825,编辑 删除,6403,芙丝中国饮品销售有限公司宣传品零价值工厂,武汉数据在线,2031,芙丝中国饮品销售有限公司宣传品零价值工厂
2826,编辑 删除,6403,芙丝中国饮品销售有限公司宣传品零价值工厂,重庆数据在线,2028,芙丝中国饮品销售有限公司宣传品零价值工厂
2827,编辑 删除,6403,芙丝中国饮品销售有限公司宣传品零价值工厂,上海数据在线,2024,芙丝中国饮品销售有限公司宣传品零价值工厂
2828,编辑 删除,6403,芙丝中国饮品销售有限公司宣传品零价值工厂,南京数据在线,2023,芙丝中国饮品销售有限公司宣传品零价值工厂
2829,编辑 删除,6403,芙丝中国饮品销售有限公司宣传品零价值工厂,北京数据在线,2003,芙丝中国饮品销售有限公司宣传品零价值工厂
2830,编辑 删除,6403,芙丝中国饮品销售有限公司宣传品零价值工厂,促销活动库存地,0004,芙丝中国饮品销售有限公司宣传品零价值工厂
2831,编辑 删除,6403,芙丝中国饮品销售有限公司宣传品零价值工厂,礼品网站库存地,0003,芙丝中国饮品销售有限公司宣传品零价值工厂
2832,编辑 删除,6403,芙丝中国饮品销售有限公司宣传品零价值工厂,广东大朗广宣品仓库,0002,芙丝中国饮品销售有限公司宣传品零价值工厂
2833,编辑 删除,6403,芙丝中国饮品销售有限公司宣传品零价值工厂,北京怀柔广宣品仓库,0001,芙丝中国饮品销售有限公司宣传品零价值工厂
2834,编辑 删除,6402,芙丝中国饮品销售有限公司宣传品工厂,促销活动库存地,0009,芙丝中国饮品销售有限公司宣传品工厂
2835,编辑 删除,6402,芙丝中国饮品销售有限公司宣传品工厂,广东大朗（电子商务）库存地,0008,芙丝中国饮品销售有限公司宣传品工厂
2836,编辑 删除,6402,芙丝中国饮品销售有限公司宣传品工厂,北京怀柔（电子商务）库存地,0007,芙丝中国饮品销售有限公司宣传品工厂
2837,编辑 删除,6402,芙丝中国饮品销售有限公司宣传品工厂,北京华彬中心库存地,0006,芙丝中国饮品销售有限公司宣传品工厂
2838,编辑 删除,6402,芙丝中国饮品销售有限公司宣传品工厂,营业单位第三方库存地,0005,芙丝中国饮品销售有限公司宣传品工厂
2839,编辑 删除,6402,芙丝中国饮品销售有限公司宣传品工厂,供应商广宣品库存地,0004,芙丝中国饮品销售有限公司宣传品工厂
2840,编辑 删除,6402,芙丝中国饮品销售有限公司宣传品工厂,礼品网站广宣品库存地,0003,芙丝中国饮品销售有限公司宣传品工厂
2841,编辑 删除,6402,芙丝中国饮品销售有限公司宣传品工厂,广东大朗广宣品库存地,0002,芙丝中国饮品销售有限公司宣传品工厂
2842,编辑 删除,6402,芙丝中国饮品销售有限公司宣传品工厂,北京怀柔广宣品库存地,0001,芙丝中国饮品销售有限公司宣传品工厂
2843,编辑 删除,6402,芙丝中国饮品销售有限公司宣传品工厂,采购服务库位,0000,芙丝中国饮品销售有限公司宣传品工厂
2844,编辑 删除,6401,芙丝中国饮品销售有限公司工厂,西藏库位,XZ01,芙丝中国饮品销售有限公司工厂
2845,编辑 删除,6401,芙丝中国饮品销售有限公司工厂,田东虚拟仓,TD99,芙丝中国饮品销售有限公司工厂
2846,编辑 删除,6401,芙丝中国饮品销售有限公司工厂,山姆武汉仓,SM05,芙丝中国饮品销售有限公司工厂
2847,编辑 删除,6401,芙丝中国饮品销售有限公司工厂,山姆成都仓,SM04,芙丝中国饮品销售有限公司工厂
2848,编辑 删除,6401,芙丝中国饮品销售有限公司工厂,山姆惠州仓,SM03,芙丝中国饮品销售有限公司工厂
2849,编辑 删除,6401,芙丝中国饮品销售有限公司工厂,山姆天津仓,SM02,芙丝中国饮品销售有限公司工厂
2850,编辑 删除,6401,芙丝中国饮品销售有限公司工厂,山姆嘉兴仓,SM01,芙丝中国饮品销售有限公司工厂
2851,编辑 删除,6401,芙丝中国饮品销售有限公司工厂,电商郑州仓,DS09,芙丝中国饮品销售有限公司工厂
2852,编辑 删除,6401,芙丝中国饮品销售有限公司工厂,电商西安仓,DS08,芙丝中国饮品销售有限公司工厂
2853,编辑 删除,6401,芙丝中国饮品销售有限公司工厂,电商沈阳仓,DS07,芙丝中国饮品销售有限公司工厂
2854,编辑 删除,6401,芙丝中国饮品销售有限公司工厂,电商济南仓,DS06,芙丝中国饮品销售有限公司工厂
2855,编辑 删除,6401,芙丝中国饮品销售有限公司工厂,电商成都仓,DS05,芙丝中国饮品销售有限公司工厂
2856,编辑 删除,6401,芙丝中国饮品销售有限公司工厂,电商武汉仓,DS04,芙丝中国饮品销售有限公司工厂
2857,编辑 删除,6401,芙丝中国饮品销售有限公司工厂,电商广州仓,DS03,芙丝中国饮品销售有限公司工厂
2858,编辑 删除,6401,芙丝中国饮品销售有限公司工厂,电商天津仓,DS02,芙丝中国饮品销售有限公司工厂
2859,编辑 删除,6401,芙丝中国饮品销售有限公司工厂,电商南京仓,DS01,芙丝中国饮品销售有限公司工厂
2860,编辑 删除,6401,芙丝中国饮品销售有限公司工厂,东航深圳仓,DH05,芙丝中国饮品销售有限公司工厂
2861,编辑 删除,6401,芙丝中国饮品销售有限公司工厂,东航青岛仓,DH04,芙丝中国饮品销售有限公司工厂
2862,编辑 删除,6401,芙丝中国饮品销售有限公司工厂,东航南京仓,DH03,芙丝中国饮品销售有限公司工厂
2863,编辑 删除,6401,芙丝中国饮品销售有限公司工厂,东航上海仓,DH02,芙丝中国饮品销售有限公司工厂
2864,编辑 删除,6401,芙丝中国饮品销售有限公司工厂,东航北京仓,DH01,芙丝中国饮品销售有限公司工厂
2865,编辑 删除,6401,芙丝中国饮品销售有限公司工厂,滴滴南京仓,DD14,芙丝中国饮品销售有限公司工厂
2866,编辑 删除,6401,芙丝中国饮品销售有限公司工厂,滴滴苏州仓,DD13,芙丝中国饮品销售有限公司工厂
2867,编辑 删除,6401,芙丝中国饮品销售有限公司工厂,滴滴长沙仓,DD12,芙丝中国饮品销售有限公司工厂
2868,编辑 删除,6401,芙丝中国饮品销售有限公司工厂,滴滴重庆仓,DD11,芙丝中国饮品销售有限公司工厂
2869,编辑 删除,6401,芙丝中国饮品销售有限公司工厂,滴滴海南仓,DD10,芙丝中国饮品销售有限公司工厂
2870,编辑 删除,6401,芙丝中国饮品销售有限公司工厂,滴滴武汉仓,DD09,芙丝中国饮品销售有限公司工厂
2871,编辑 删除,6401,芙丝中国饮品销售有限公司工厂,滴滴天津仓,DD08,芙丝中国饮品销售有限公司工厂
2872,编辑 删除,6401,芙丝中国饮品销售有限公司工厂,滴滴西安仓,DD07,芙丝中国饮品销售有限公司工厂
2873,编辑 删除,6401,芙丝中国饮品销售有限公司工厂,滴滴成都仓,DD06,芙丝中国饮品销售有限公司工厂
2874,编辑 删除,6401,芙丝中国饮品销售有限公司工厂,滴滴杭州仓,DD05,芙丝中国饮品销售有限公司工厂
2875,编辑 删除,6401,芙丝中国饮品销售有限公司工厂,滴滴深圳仓,DD04,芙丝中国饮品销售有限公司工厂
2876,编辑 删除,6401,芙丝中国饮品销售有限公司工厂,滴滴广州仓,DD03,芙丝中国饮品销售有限公司工厂
2877,编辑 删除,6401,芙丝中国饮品销售有限公司工厂,滴滴上海仓,DD02,芙丝中国饮品销售有限公司工厂
2878,编辑 删除,6401,芙丝中国饮品销售有限公司工厂,滴滴北京仓,DD01,芙丝中国饮品销售有限公司工厂
2879,编辑 删除,6401,芙丝中国饮品销售有限公司工厂,安得苏州仓,AD13,芙丝中国饮品销售有限公司工厂
2880,编辑 删除,6401,芙丝中国饮品销售有限公司工厂,安得武汉仓,AD12,芙丝中国饮品销售有限公司工厂
2881,编辑 删除,6401,芙丝中国饮品销售有限公司工厂,安得青岛仓,AD11,芙丝中国饮品销售有限公司工厂
2882,编辑 删除,6401,芙丝中国饮品销售有限公司工厂,安得成都仓,AD10,芙丝中国饮品销售有限公司工厂
2883,编辑 删除,6401,芙丝中国饮品销售有限公司工厂,安得西安仓,AD09,芙丝中国饮品销售有限公司工厂
2884,编辑 删除,6401,芙丝中国饮品销售有限公司工厂,安得重庆仓,AD08,芙丝中国饮品销售有限公司工厂
2885,编辑 删除,6401,芙丝中国饮品销售有限公司工厂,安得北京仓,AD07,芙丝中国饮品销售有限公司工厂
2886,编辑 删除,6401,芙丝中国饮品销售有限公司工厂,安得三亚仓,AD06,芙丝中国饮品销售有限公司工厂
2887,编辑 删除,6401,芙丝中国饮品销售有限公司工厂,安得广州仓,AD05,芙丝中国饮品销售有限公司工厂
2888,编辑 删除,6401,芙丝中国饮品销售有限公司工厂,安得深圳仓,AD04,芙丝中国饮品销售有限公司工厂
2889,编辑 删除,6401,芙丝中国饮品销售有限公司工厂,安得上海仓,AD03,芙丝中国饮品销售有限公司工厂
2890,编辑 删除,6401,芙丝中国饮品销售有限公司工厂,安得南京仓,AD02,芙丝中国饮品销售有限公司工厂
2891,编辑 删除,6401,芙丝中国饮品销售有限公司工厂,安得天津仓,AD01,芙丝中国饮品销售有限公司工厂
2892,编辑 删除,6401,芙丝中国饮品销售有限公司工厂,天猫苏州仓,9018,芙丝中国饮品销售有限公司工厂
2893,编辑 删除,6401,芙丝中国饮品销售有限公司工厂,天猫佛山仓,9017,芙丝中国饮品销售有限公司工厂
2894,编辑 删除,6401,芙丝中国饮品销售有限公司工厂,天猫南京仓,9016,芙丝中国饮品销售有限公司工厂
2895,编辑 删除,6401,芙丝中国饮品销售有限公司工厂,天猫东莞仓,9015,芙丝中国饮品销售有限公司工厂
2896,编辑 删除,6401,芙丝中国饮品销售有限公司工厂,天猫长沙仓,9014,芙丝中国饮品销售有限公司工厂
2897,编辑 删除,6401,芙丝中国饮品销售有限公司工厂,天猫武汉仓,9012,芙丝中国饮品销售有限公司工厂
2898,编辑 删除,6401,芙丝中国饮品销售有限公司工厂,天猫天津仓,9011,芙丝中国饮品销售有限公司工厂
2899,编辑 删除,6401,芙丝中国饮品销售有限公司工厂,天猫安徽六安仓,9010,芙丝中国饮品销售有限公司工厂
2900,编辑 删除,6401,芙丝中国饮品销售有限公司工厂,怀柔临时仓库,9009,芙丝中国饮品销售有限公司工厂
2901,编辑 删除,6401,芙丝中国饮品销售有限公司工厂,天猫广州仓,9008,芙丝中国饮品销售有限公司工厂
2902,编辑 删除,6401,芙丝中国饮品销售有限公司工厂,天猫上海仓,9007,芙丝中国饮品销售有限公司工厂
2903,编辑 删除,6401,芙丝中国饮品销售有限公司工厂,天猫北京仓,9006,芙丝中国饮品销售有限公司工厂
2904,编辑 删除,6401,芙丝中国饮品销售有限公司工厂,成品委外库存地,9003,芙丝中国饮品销售有限公司工厂
2905,编辑 删除,6401,芙丝中国饮品销售有限公司工厂,华彬大厦22层-芙丝,9000,芙丝中国饮品销售有限公司工厂
2906,编辑 删除,6401,芙丝中国饮品销售有限公司工厂,汕头睿通,6004,芙丝中国饮品销售有限公司工厂
2907,编辑 删除,6401,芙丝中国饮品销售有限公司工厂,湛江睿通,6003,芙丝中国饮品销售有限公司工厂
2908,编辑 删除,6401,芙丝中国饮品销售有限公司工厂,泉州睿通,6002,芙丝中国饮品销售有限公司工厂
2909,编辑 删除,6401,芙丝中国饮品销售有限公司工厂,福州睿通,6001,芙丝中国饮品销售有限公司工厂
2910,编辑 删除,6401,芙丝中国饮品销售有限公司工厂,赣州数据在线,2053,芙丝中国饮品销售有限公司工厂
2911,编辑 删除,6401,芙丝中国饮品销售有限公司工厂,进口品上海数据在线,2051,芙丝中国饮品销售有限公司工厂
2912,编辑 删除,6401,芙丝中国饮品销售有限公司工厂,河北数据在线,2050,芙丝中国饮品销售有限公司工厂
2913,编辑 删除,6401,芙丝中国饮品销售有限公司工厂,怀柔数据在线,2049,芙丝中国饮品销售有限公司工厂
2914,编辑 删除,6401,芙丝中国饮品销售有限公司工厂,和田数据在线,2048,芙丝中国饮品销售有限公司工厂
2915,编辑 删除,6401,芙丝中国饮品销售有限公司工厂,天津数据在线,2047,芙丝中国饮品销售有限公司工厂
2916,编辑 删除,6401,芙丝中国饮品销售有限公司工厂,安康数据在线,2046,芙丝中国饮品销售有限公司工厂
2917,编辑 删除,6401,芙丝中国饮品销售有限公司工厂,贵港数据在线,2045,芙丝中国饮品销售有限公司工厂
2918,编辑 删除,6401,芙丝中国饮品销售有限公司工厂,柳州数据在线,2044,芙丝中国饮品销售有限公司工厂
2919,编辑 删除,6401,芙丝中国饮品销售有限公司工厂,南宁数据在线,2043,芙丝中国饮品销售有限公司工厂
2920,编辑 删除,6401,芙丝中国饮品销售有限公司工厂,海口数据在线,2042,芙丝中国饮品销售有限公司工厂
2921,编辑 删除,6401,芙丝中国饮品销售有限公司工厂,东莞数据在线,2041,芙丝中国饮品销售有限公司工厂
2922,编辑 删除,6401,芙丝中国饮品销售有限公司工厂,深圳数据在线,2040,芙丝中国饮品销售有限公司工厂
2923,编辑 删除,6401,芙丝中国饮品销售有限公司工厂,广州数据在线,2039,芙丝中国饮品销售有限公司工厂
2924,编辑 删除,6401,芙丝中国饮品销售有限公司工厂,南昌数据在线,2038,芙丝中国饮品销售有限公司工厂
2925,编辑 删除,6401,芙丝中国饮品销售有限公司工厂,南充数据在线,2037,芙丝中国饮品销售有限公司工厂
2926,编辑 删除,6401,芙丝中国饮品销售有限公司工厂,成都数据在线,2036,芙丝中国饮品销售有限公司工厂
2927,编辑 删除,6401,芙丝中国饮品销售有限公司工厂,荆州数据在线,2035,芙丝中国饮品销售有限公司工厂
2928,编辑 删除,6401,芙丝中国饮品销售有限公司工厂,衡阳数据在线,2034,芙丝中国饮品销售有限公司工厂
2929,编辑 删除,6401,芙丝中国饮品销售有限公司工厂,邵阳数据在线,2033,芙丝中国饮品销售有限公司工厂
2930,编辑 删除,6401,芙丝中国饮品销售有限公司工厂,长沙数据在线,2032,芙丝中国饮品销售有限公司工厂
2931,编辑 删除,6401,芙丝中国饮品销售有限公司工厂,武汉数据在线,2031,芙丝中国饮品销售有限公司工厂
2932,编辑 删除,6401,芙丝中国饮品销售有限公司工厂,遵义数据在线,2030,芙丝中国饮品销售有限公司工厂
2933,编辑 删除,6401,芙丝中国饮品销售有限公司工厂,贵阳数据在线,2029,芙丝中国饮品销售有限公司工厂
2934,编辑 删除,6401,芙丝中国饮品销售有限公司工厂,重庆数据在线,2028,芙丝中国饮品销售有限公司工厂
2935,编辑 删除,6401,芙丝中国饮品销售有限公司工厂,大理数据在线,2027,芙丝中国饮品销售有限公司工厂
2936,编辑 删除,6401,芙丝中国饮品销售有限公司工厂,昆明数据在线,2026,芙丝中国饮品销售有限公司工厂
2937,编辑 删除,6401,芙丝中国饮品销售有限公司工厂,合肥数据在线,2025,芙丝中国饮品销售有限公司工厂
2938,编辑 删除,6401,芙丝中国饮品销售有限公司工厂,上海数据在线,2024,芙丝中国饮品销售有限公司工厂
2939,编辑 删除,6401,芙丝中国饮品销售有限公司工厂,南京数据在线,2023,芙丝中国饮品销售有限公司工厂
2940,编辑 删除,6401,芙丝中国饮品销售有限公司工厂,台州数据在线,2022,芙丝中国饮品销售有限公司工厂
2941,编辑 删除,6401,芙丝中国饮品销售有限公司工厂,金华数据在线,2021,芙丝中国饮品销售有限公司工厂
2942,编辑 删除,6401,芙丝中国饮品销售有限公司工厂,杭州数据在线,2020,芙丝中国饮品销售有限公司工厂
2943,编辑 删除,6401,芙丝中国饮品销售有限公司工厂,淮安数据在线,2019,芙丝中国饮品销售有限公司工厂
2944,编辑 删除,6401,芙丝中国饮品销售有限公司工厂,青岛数据在线,2018,芙丝中国饮品销售有限公司工厂
2945,编辑 删除,6401,芙丝中国饮品销售有限公司工厂,济南数据在线,2017,芙丝中国饮品销售有限公司工厂
2946,编辑 删除,6401,芙丝中国饮品销售有限公司工厂,西宁数据在线,2016,芙丝中国饮品销售有限公司工厂
2947,编辑 删除,6401,芙丝中国饮品销售有限公司工厂,库尔勒数据在线,2015,芙丝中国饮品销售有限公司工厂
2948,编辑 删除,6401,芙丝中国饮品销售有限公司工厂,喀什数据在线,2014,芙丝中国饮品销售有限公司工厂
2949,编辑 删除,6401,芙丝中国饮品销售有限公司工厂,西安数据在线,2013,芙丝中国饮品销售有限公司工厂
2950,编辑 删除,6401,芙丝中国饮品销售有限公司工厂,兰州数据在线,2012,芙丝中国饮品销售有限公司工厂
2951,编辑 删除,6401,芙丝中国饮品销售有限公司工厂,乌鲁木齐数据在线,2011,芙丝中国饮品销售有限公司工厂
2952,编辑 删除,6401,芙丝中国饮品销售有限公司工厂,驻马店数据在线,2010,芙丝中国饮品销售有限公司工厂
2953,编辑 删除,6401,芙丝中国饮品销售有限公司工厂,郑州数据在线,2009,芙丝中国饮品销售有限公司工厂
2954,编辑 删除,6401,芙丝中国饮品销售有限公司工厂,包头数据在线,2008,芙丝中国饮品销售有限公司工厂
2955,编辑 删除,6401,芙丝中国饮品销售有限公司工厂,长春数据在线,2007,芙丝中国饮品销售有限公司工厂
2956,编辑 删除,6401,芙丝中国饮品销售有限公司工厂,哈尔滨数据在线,2006,芙丝中国饮品销售有限公司工厂
2957,编辑 删除,6401,芙丝中国饮品销售有限公司工厂,沈阳数据在线,2005,芙丝中国饮品销售有限公司工厂
2958,编辑 删除,6401,芙丝中国饮品销售有限公司工厂,北京京津港平谷,2004,芙丝中国饮品销售有限公司工厂
2959,编辑 删除,6401,芙丝中国饮品销售有限公司工厂,北京数据在线,2003,芙丝中国饮品销售有限公司工厂
2960,编辑 删除,6401,芙丝中国饮品销售有限公司工厂,太原数据在线,2002,芙丝中国饮品销售有限公司工厂
2961,编辑 删除,6401,芙丝中国饮品销售有限公司工厂,数据在线,2001,芙丝中国饮品销售有限公司工厂
2962,编辑 删除,6401,芙丝中国饮品销售有限公司工厂,芙丝在途库,0099,芙丝中国饮品销售有限公司工厂
2963,编辑 删除,6401,芙丝中国饮品销售有限公司工厂,咸宁基地,0098,芙丝中国饮品销售有限公司工厂
2964,编辑 删除,6401,芙丝中国饮品销售有限公司工厂,怀柔基地,0097,芙丝中国饮品销售有限公司工厂
2965,编辑 删除,6401,芙丝中国饮品销售有限公司工厂,佛山基地,0095,芙丝中国饮品销售有限公司工厂
2966,编辑 删除,6401,芙丝中国饮品销售有限公司工厂,江苏宜兴基地,0094,芙丝中国饮品销售有限公司工厂
2967,编辑 删除,6401,芙丝中国饮品销售有限公司工厂,虚拟库,0093,芙丝中国饮品销售有限公司工厂
2968,编辑 删除,6401,芙丝中国饮品销售有限公司工厂,芙丝基地库存地,0092,芙丝中国饮品销售有限公司工厂
2969,编辑 删除,6401,芙丝中国饮品销售有限公司工厂,贵州基地,0091,芙丝中国饮品销售有限公司工厂
2970,编辑 删除,6401,芙丝中国饮品销售有限公司工厂,厦门基地,0090,芙丝中国饮品销售有限公司工厂
2971,编辑 删除,6401,芙丝中国饮品销售有限公司工厂,陕西安康库,0001,芙丝中国饮品销售有限公司工厂
2972,编辑 删除,6401,芙丝中国饮品销售有限公司工厂,采购服务库位,0000,芙丝中国饮品销售有限公司工厂
2973,编辑 删除,6398,战马厦门基地委外工厂,称料库存地,9099,战马厦门基地委外工厂
2974,编辑 删除,6398,战马厦门基地委外工厂,在线库存地,9005,战马厦门基地委外工厂
2975,编辑 删除,6398,战马厦门基地委外工厂,成品委外库存地,9004,战马厦门基地委外工厂
2976,编辑 删除,6398,战马厦门基地委外工厂,原材料委外库存地,9001,战马厦门基地委外工厂
2977,编辑 删除,6398,战马厦门基地委外工厂,汕头睿通,6004,战马厦门基地委外工厂
2978,编辑 删除,6398,战马厦门基地委外工厂,湛江睿通,6003,战马厦门基地委外工厂
2979,编辑 删除,6398,战马厦门基地委外工厂,泉州睿通,6002,战马厦门基地委外工厂
2980,编辑 删除,6398,战马厦门基地委外工厂,福州睿通,6001,战马厦门基地委外工厂
2981,编辑 删除,6398,战马厦门基地委外工厂,赣州数据在线,2053,战马厦门基地委外工厂
2982,编辑 删除,6398,战马厦门基地委外工厂,河北数据在线,2050,战马厦门基地委外工厂
2983,编辑 删除,6398,战马厦门基地委外工厂,和田数据在线,2048,战马厦门基地委外工厂
2984,编辑 删除,6398,战马厦门基地委外工厂,天津数据在线,2047,战马厦门基地委外工厂
2985,编辑 删除,6398,战马厦门基地委外工厂,贵港数据在线,2045,战马厦门基地委外工厂
2986,编辑 删除,6398,战马厦门基地委外工厂,柳州数据在线,2044,战马厦门基地委外工厂
2987,编辑 删除,6398,战马厦门基地委外工厂,南宁数据在线,2043,战马厦门基地委外工厂
2988,编辑 删除,6398,战马厦门基地委外工厂,海口数据在线,2042,战马厦门基地委外工厂
2989,编辑 删除,6398,战马厦门基地委外工厂,东莞数据在线,2041,战马厦门基地委外工厂
2990,编辑 删除,6398,战马厦门基地委外工厂,深圳数据在线,2040,战马厦门基地委外工厂
2991,编辑 删除,6398,战马厦门基地委外工厂,广州数据在线,2039,战马厦门基地委外工厂
2992,编辑 删除,6398,战马厦门基地委外工厂,南昌数据在线,2038,战马厦门基地委外工厂
2993,编辑 删除,6398,战马厦门基地委外工厂,南充数据在线,2037,战马厦门基地委外工厂
2994,编辑 删除,6398,战马厦门基地委外工厂,成都数据在线,2036,战马厦门基地委外工厂
2995,编辑 删除,6398,战马厦门基地委外工厂,荆州数据在线,2035,战马厦门基地委外工厂
2996,编辑 删除,6398,战马厦门基地委外工厂,衡阳数据在线,2034,战马厦门基地委外工厂
2997,编辑 删除,6398,战马厦门基地委外工厂,邵阳数据在线,2033,战马厦门基地委外工厂
2998,编辑 删除,6398,战马厦门基地委外工厂,长沙数据在线,2032,战马厦门基地委外工厂
2999,编辑 删除,6398,战马厦门基地委外工厂,武汉数据在线,2031,战马厦门基地委外工厂
3000,编辑 删除,6398,战马厦门基地委外工厂,遵义数据在线,2030,战马厦门基地委外工厂
3001,编辑 删除,6398,战马厦门基地委外工厂,贵阳数据在线,2029,战马厦门基地委外工厂
3002,编辑 删除,6398,战马厦门基地委外工厂,重庆数据在线,2028,战马厦门基地委外工厂
3003,编辑 删除,6398,战马厦门基地委外工厂,大理数据在线,2027,战马厦门基地委外工厂
3004,编辑 删除,6398,战马厦门基地委外工厂,昆明数据在线,2026,战马厦门基地委外工厂
3005,编辑 删除,6398,战马厦门基地委外工厂,合肥数据在线,2025,战马厦门基地委外工厂
3006,编辑 删除,6398,战马厦门基地委外工厂,上海数据在线,2024,战马厦门基地委外工厂
3007,编辑 删除,6398,战马厦门基地委外工厂,南京数据在线,2023,战马厦门基地委外工厂
3008,编辑 删除,6398,战马厦门基地委外工厂,台州数据在线,2022,战马厦门基地委外工厂
3009,编辑 删除,6398,战马厦门基地委外工厂,金华数据在线,2021,战马厦门基地委外工厂
3010,编辑 删除,6398,战马厦门基地委外工厂,杭州数据在线,2020,战马厦门基地委外工厂
3011,编辑 删除,6398,战马厦门基地委外工厂,淮安数据在线,2019,战马厦门基地委外工厂
3012,编辑 删除,6398,战马厦门基地委外工厂,青岛数据在线,2018,战马厦门基地委外工厂
3013,编辑 删除,6398,战马厦门基地委外工厂,济南数据在线,2017,战马厦门基地委外工厂
3014,编辑 删除,6398,战马厦门基地委外工厂,西宁数据在线,2016,战马厦门基地委外工厂
3015,编辑 删除,6398,战马厦门基地委外工厂,库尔勒数据在线,2015,战马厦门基地委外工厂
3016,编辑 删除,6398,战马厦门基地委外工厂,喀什数据在线,2014,战马厦门基地委外工厂
3017,编辑 删除,6398,战马厦门基地委外工厂,西安数据在线,2013,战马厦门基地委外工厂
3018,编辑 删除,6398,战马厦门基地委外工厂,兰州数据在线,2012,战马厦门基地委外工厂
3019,编辑 删除,6398,战马厦门基地委外工厂,乌鲁木齐数据在线,2011,战马厦门基地委外工厂
3020,编辑 删除,6398,战马厦门基地委外工厂,驻马店数据在线,2010,战马厦门基地委外工厂
3021,编辑 删除,6398,战马厦门基地委外工厂,郑州数据在线,2009,战马厦门基地委外工厂
3022,编辑 删除,6398,战马厦门基地委外工厂,包头数据在线,2008,战马厦门基地委外工厂
3023,编辑 删除,6398,战马厦门基地委外工厂,长春数据在线,2007,战马厦门基地委外工厂
3024,编辑 删除,6398,战马厦门基地委外工厂,哈尔滨数据在线,2006,战马厦门基地委外工厂
3025,编辑 删除,6398,战马厦门基地委外工厂,沈阳数据在线,2005,战马厦门基地委外工厂
3026,编辑 删除,6398,战马厦门基地委外工厂,北京平谷数据在线,2004,战马厦门基地委外工厂
3027,编辑 删除,6398,战马厦门基地委外工厂,北京数据在线,2003,战马厦门基地委外工厂
3028,编辑 删除,6398,战马厦门基地委外工厂,太原数据在线,2002,战马厦门基地委外工厂
3029,编辑 删除,6398,战马厦门基地委外工厂,咸宁基地,0098,战马厦门基地委外工厂
3030,编辑 删除,6398,战马厦门基地委外工厂,怀柔基地,0097,战马厦门基地委外工厂
3031,编辑 删除,6398,战马厦门基地委外工厂,佛山基地,0095,战马厦门基地委外工厂
3032,编辑 删除,6398,战马厦门基地委外工厂,江苏宜兴基地,0094,战马厦门基地委外工厂
3033,编辑 删除,6398,战马厦门基地委外工厂,采购服务库位,0000,战马厦门基地委外工厂
3034,编辑 删除,6397,战马贵州委外工厂,称料库存地,9099,战马贵州委外工厂
3035,编辑 删除,6397,战马贵州委外工厂,在线库存地,9005,战马贵州委外工厂
3036,编辑 删除,6397,战马贵州委外工厂,成品委外库存地,9004,战马贵州委外工厂
3037,编辑 删除,6397,战马贵州委外工厂,原材料委外库存地,9001,战马贵州委外工厂
3038,编辑 删除,6397,战马贵州委外工厂,汕头睿通,6004,战马贵州委外工厂
3039,编辑 删除,6397,战马贵州委外工厂,湛江睿通,6003,战马贵州委外工厂
3040,编辑 删除,6397,战马贵州委外工厂,泉州睿通,6002,战马贵州委外工厂
3041,编辑 删除,6397,战马贵州委外工厂,福州睿通,6001,战马贵州委外工厂
3042,编辑 删除,6397,战马贵州委外工厂,赣州数据在线,2053,战马贵州委外工厂
3043,编辑 删除,6397,战马贵州委外工厂,河北数据在线,2050,战马贵州委外工厂
3044,编辑 删除,6397,战马贵州委外工厂,和田数据在线,2048,战马贵州委外工厂
3045,编辑 删除,6397,战马贵州委外工厂,天津数据在线,2047,战马贵州委外工厂
3046,编辑 删除,6397,战马贵州委外工厂,贵港数据在线,2045,战马贵州委外工厂
3047,编辑 删除,6397,战马贵州委外工厂,柳州数据在线,2044,战马贵州委外工厂
3048,编辑 删除,6397,战马贵州委外工厂,南宁数据在线,2043,战马贵州委外工厂
3049,编辑 删除,6397,战马贵州委外工厂,海口数据在线,2042,战马贵州委外工厂
3050,编辑 删除,6397,战马贵州委外工厂,东莞数据在线,2041,战马贵州委外工厂
3051,编辑 删除,6397,战马贵州委外工厂,深圳数据在线,2040,战马贵州委外工厂
3052,编辑 删除,6397,战马贵州委外工厂,广州数据在线,2039,战马贵州委外工厂
3053,编辑 删除,6397,战马贵州委外工厂,南昌数据在线,2038,战马贵州委外工厂
3054,编辑 删除,6397,战马贵州委外工厂,南充数据在线,2037,战马贵州委外工厂
3055,编辑 删除,6397,战马贵州委外工厂,成都数据在线,2036,战马贵州委外工厂
3056,编辑 删除,6397,战马贵州委外工厂,荆州数据在线,2035,战马贵州委外工厂
3057,编辑 删除,6397,战马贵州委外工厂,衡阳数据在线,2034,战马贵州委外工厂
3058,编辑 删除,6397,战马贵州委外工厂,邵阳数据在线,2033,战马贵州委外工厂
3059,编辑 删除,6397,战马贵州委外工厂,长沙数据在线,2032,战马贵州委外工厂
3060,编辑 删除,6397,战马贵州委外工厂,武汉数据在线,2031,战马贵州委外工厂
3061,编辑 删除,6397,战马贵州委外工厂,遵义数据在线,2030,战马贵州委外工厂
3062,编辑 删除,6397,战马贵州委外工厂,贵阳数据在线,2029,战马贵州委外工厂
3063,编辑 删除,6397,战马贵州委外工厂,重庆数据在线,2028,战马贵州委外工厂
3064,编辑 删除,6397,战马贵州委外工厂,大理数据在线,2027,战马贵州委外工厂
3065,编辑 删除,6397,战马贵州委外工厂,昆明数据在线,2026,战马贵州委外工厂
3066,编辑 删除,6397,战马贵州委外工厂,合肥数据在线,2025,战马贵州委外工厂
3067,编辑 删除,6397,战马贵州委外工厂,上海数据在线,2024,战马贵州委外工厂
3068,编辑 删除,6397,战马贵州委外工厂,南京数据在线,2023,战马贵州委外工厂
3069,编辑 删除,6397,战马贵州委外工厂,台州数据在线,2022,战马贵州委外工厂
3070,编辑 删除,6397,战马贵州委外工厂,金华数据在线,2021,战马贵州委外工厂
3071,编辑 删除,6397,战马贵州委外工厂,杭州数据在线,2020,战马贵州委外工厂
3072,编辑 删除,6397,战马贵州委外工厂,淮安数据在线,2019,战马贵州委外工厂
3073,编辑 删除,6397,战马贵州委外工厂,青岛数据在线,2018,战马贵州委外工厂
3074,编辑 删除,6397,战马贵州委外工厂,济南数据在线,2017,战马贵州委外工厂
3075,编辑 删除,6397,战马贵州委外工厂,西宁数据在线,2016,战马贵州委外工厂
3076,编辑 删除,6397,战马贵州委外工厂,库尔勒数据在线,2015,战马贵州委外工厂
3077,编辑 删除,6397,战马贵州委外工厂,喀什数据在线,2014,战马贵州委外工厂
3078,编辑 删除,6397,战马贵州委外工厂,西安数据在线,2013,战马贵州委外工厂
3079,编辑 删除,6397,战马贵州委外工厂,兰州数据在线,2012,战马贵州委外工厂
3080,编辑 删除,6397,战马贵州委外工厂,乌鲁木齐数据在线,2011,战马贵州委外工厂
3081,编辑 删除,6397,战马贵州委外工厂,驻马店数据在线,2010,战马贵州委外工厂
3082,编辑 删除,6397,战马贵州委外工厂,郑州数据在线,2009,战马贵州委外工厂
3083,编辑 删除,6397,战马贵州委外工厂,包头数据在线,2008,战马贵州委外工厂
3084,编辑 删除,6397,战马贵州委外工厂,长春数据在线,2007,战马贵州委外工厂
3085,编辑 删除,6397,战马贵州委外工厂,哈尔滨数据在线,2006,战马贵州委外工厂
3086,编辑 删除,6397,战马贵州委外工厂,沈阳数据在线,2005,战马贵州委外工厂
3087,编辑 删除,6397,战马贵州委外工厂,北京平谷数据在线,2004,战马贵州委外工厂
3088,编辑 删除,6397,战马贵州委外工厂,北京数据在线,2003,战马贵州委外工厂
3089,编辑 删除,6397,战马贵州委外工厂,太原数据在线,2002,战马贵州委外工厂
3090,编辑 删除,6397,战马贵州委外工厂,咸宁基地,0098,战马贵州委外工厂
3091,编辑 删除,6397,战马贵州委外工厂,怀柔基地,0097,战马贵州委外工厂
3092,编辑 删除,6397,战马贵州委外工厂,佛山基地,0095,战马贵州委外工厂
3093,编辑 删除,6397,战马贵州委外工厂,江苏宜兴基地,0094,战马贵州委外工厂
3094,编辑 删除,6397,战马贵州委外工厂,采购服务库位,0000,战马贵州委外工厂
3095,编辑 删除,6396,战马朗臣委外工厂,称料库存地,9099,战马朗臣委外工厂
3096,编辑 删除,6396,战马朗臣委外工厂,在线库存地,9005,战马朗臣委外工厂
3097,编辑 删除,6396,战马朗臣委外工厂,成品委外库存地,9004,战马朗臣委外工厂
3098,编辑 删除,6396,战马朗臣委外工厂,原材料委外库存地,9001,战马朗臣委外工厂
3099,编辑 删除,6396,战马朗臣委外工厂,汕头睿通,6004,战马朗臣委外工厂
3100,编辑 删除,6396,战马朗臣委外工厂,湛江睿通,6003,战马朗臣委外工厂
3101,编辑 删除,6396,战马朗臣委外工厂,泉州睿通,6002,战马朗臣委外工厂
3102,编辑 删除,6396,战马朗臣委外工厂,福州睿通,6001,战马朗臣委外工厂
3103,编辑 删除,6396,战马朗臣委外工厂,赣州数据在线,2053,战马朗臣委外工厂
3104,编辑 删除,6396,战马朗臣委外工厂,河北数据在线,2050,战马朗臣委外工厂
3105,编辑 删除,6396,战马朗臣委外工厂,怀柔数据在线,2049,战马朗臣委外工厂
3106,编辑 删除,6396,战马朗臣委外工厂,和田数据在线,2048,战马朗臣委外工厂
3107,编辑 删除,6396,战马朗臣委外工厂,天津数据在线,2047,战马朗臣委外工厂
3108,编辑 删除,6396,战马朗臣委外工厂,贵港数据在线,2045,战马朗臣委外工厂
3109,编辑 删除,6396,战马朗臣委外工厂,柳州数据在线,2044,战马朗臣委外工厂
3110,编辑 删除,6396,战马朗臣委外工厂,南宁数据在线,2043,战马朗臣委外工厂
3111,编辑 删除,6396,战马朗臣委外工厂,海口数据在线,2042,战马朗臣委外工厂
3112,编辑 删除,6396,战马朗臣委外工厂,东莞数据在线,2041,战马朗臣委外工厂
3113,编辑 删除,6396,战马朗臣委外工厂,深圳数据在线,2040,战马朗臣委外工厂
3114,编辑 删除,6396,战马朗臣委外工厂,广州数据在线,2039,战马朗臣委外工厂
3115,编辑 删除,6396,战马朗臣委外工厂,南昌数据在线,2038,战马朗臣委外工厂
3116,编辑 删除,6396,战马朗臣委外工厂,南充数据在线,2037,战马朗臣委外工厂
3117,编辑 删除,6396,战马朗臣委外工厂,成都数据在线,2036,战马朗臣委外工厂
3118,编辑 删除,6396,战马朗臣委外工厂,荆州数据在线,2035,战马朗臣委外工厂
3119,编辑 删除,6396,战马朗臣委外工厂,衡阳数据在线,2034,战马朗臣委外工厂
3120,编辑 删除,6396,战马朗臣委外工厂,邵阳数据在线,2033,战马朗臣委外工厂
3121,编辑 删除,6396,战马朗臣委外工厂,长沙数据在线,2032,战马朗臣委外工厂
3122,编辑 删除,6396,战马朗臣委外工厂,武汉数据在线,2031,战马朗臣委外工厂
3123,编辑 删除,6396,战马朗臣委外工厂,遵义数据在线,2030,战马朗臣委外工厂
3124,编辑 删除,6396,战马朗臣委外工厂,贵阳数据在线,2029,战马朗臣委外工厂
3125,编辑 删除,6396,战马朗臣委外工厂,重庆数据在线,2028,战马朗臣委外工厂
3126,编辑 删除,6396,战马朗臣委外工厂,大理数据在线,2027,战马朗臣委外工厂
3127,编辑 删除,6396,战马朗臣委外工厂,昆明数据在线,2026,战马朗臣委外工厂
3128,编辑 删除,6396,战马朗臣委外工厂,合肥数据在线,2025,战马朗臣委外工厂
3129,编辑 删除,6396,战马朗臣委外工厂,上海数据在线,2024,战马朗臣委外工厂
3130,编辑 删除,6396,战马朗臣委外工厂,南京数据在线,2023,战马朗臣委外工厂
3131,编辑 删除,6396,战马朗臣委外工厂,台州数据在线,2022,战马朗臣委外工厂
3132,编辑 删除,6396,战马朗臣委外工厂,金华数据在线,2021,战马朗臣委外工厂
3133,编辑 删除,6396,战马朗臣委外工厂,杭州数据在线,2020,战马朗臣委外工厂
3134,编辑 删除,6396,战马朗臣委外工厂,淮安数据在线,2019,战马朗臣委外工厂
3135,编辑 删除,6396,战马朗臣委外工厂,青岛数据在线,2018,战马朗臣委外工厂
3136,编辑 删除,6396,战马朗臣委外工厂,济南数据在线,2017,战马朗臣委外工厂
3137,编辑 删除,6396,战马朗臣委外工厂,西宁数据在线,2016,战马朗臣委外工厂
3138,编辑 删除,6396,战马朗臣委外工厂,库尔勒数据在线,2015,战马朗臣委外工厂
3139,编辑 删除,6396,战马朗臣委外工厂,喀什数据在线,2014,战马朗臣委外工厂
3140,编辑 删除,6396,战马朗臣委外工厂,西安数据在线,2013,战马朗臣委外工厂
3141,编辑 删除,6396,战马朗臣委外工厂,兰州数据在线,2012,战马朗臣委外工厂
3142,编辑 删除,6396,战马朗臣委外工厂,乌鲁木齐数据在线,2011,战马朗臣委外工厂
3143,编辑 删除,6396,战马朗臣委外工厂,驻马店数据在线,2010,战马朗臣委外工厂
3144,编辑 删除,6396,战马朗臣委外工厂,郑州数据在线,2009,战马朗臣委外工厂
3145,编辑 删除,6396,战马朗臣委外工厂,包头数据在线,2008,战马朗臣委外工厂
3146,编辑 删除,6396,战马朗臣委外工厂,长春数据在线,2007,战马朗臣委外工厂
3147,编辑 删除,6396,战马朗臣委外工厂,哈尔滨数据在线,2006,战马朗臣委外工厂
3148,编辑 删除,6396,战马朗臣委外工厂,沈阳数据在线,2005,战马朗臣委外工厂
3149,编辑 删除,6396,战马朗臣委外工厂,北京平谷数据在线,2004,战马朗臣委外工厂
3150,编辑 删除,6396,战马朗臣委外工厂,北京数据在线,2003,战马朗臣委外工厂
3151,编辑 删除,6396,战马朗臣委外工厂,太原数据在线,2002,战马朗臣委外工厂
3152,编辑 删除,6396,战马朗臣委外工厂,咸宁基地,0098,战马朗臣委外工厂
3153,编辑 删除,6396,战马朗臣委外工厂,怀柔基地,0097,战马朗臣委外工厂
3154,编辑 删除,6396,战马朗臣委外工厂,佛山基地,0095,战马朗臣委外工厂
3155,编辑 删除,6396,战马朗臣委外工厂,江苏宜兴基地,0094,战马朗臣委外工厂
3156,编辑 删除,6396,战马朗臣委外工厂,采购服务库位,0000,战马朗臣委外工厂
3157,编辑 删除,6395,战马广东委外工厂,称料库存地,9099,战马广东委外工厂
3158,编辑 删除,6395,战马广东委外工厂,在线库存地,9005,战马广东委外工厂
3159,编辑 删除,6395,战马广东委外工厂,成品委外库存地,9004,战马广东委外工厂
3160,编辑 删除,6395,战马广东委外工厂,原材料委外库存地,9001,战马广东委外工厂
3161,编辑 删除,6395,战马广东委外工厂,汕头睿通,6004,战马广东委外工厂
3162,编辑 删除,6395,战马广东委外工厂,湛江睿通,6003,战马广东委外工厂
3163,编辑 删除,6395,战马广东委外工厂,泉州睿通,6002,战马广东委外工厂
3164,编辑 删除,6395,战马广东委外工厂,福州睿通,6001,战马广东委外工厂
3165,编辑 删除,6395,战马广东委外工厂,赣州数据在线,2053,战马广东委外工厂
3166,编辑 删除,6395,战马广东委外工厂,河北数据在线,2050,战马广东委外工厂
3167,编辑 删除,6395,战马广东委外工厂,和田数据在线,2048,战马广东委外工厂
3168,编辑 删除,6395,战马广东委外工厂,天津数据在线,2047,战马广东委外工厂
3169,编辑 删除,6395,战马广东委外工厂,贵港数据在线,2045,战马广东委外工厂
3170,编辑 删除,6395,战马广东委外工厂,柳州数据在线,2044,战马广东委外工厂
3171,编辑 删除,6395,战马广东委外工厂,南宁数据在线,2043,战马广东委外工厂
3172,编辑 删除,6395,战马广东委外工厂,海口数据在线,2042,战马广东委外工厂
3173,编辑 删除,6395,战马广东委外工厂,东莞数据在线,2041,战马广东委外工厂
3174,编辑 删除,6395,战马广东委外工厂,深圳数据在线,2040,战马广东委外工厂
3175,编辑 删除,6395,战马广东委外工厂,广州数据在线,2039,战马广东委外工厂
3176,编辑 删除,6395,战马广东委外工厂,南昌数据在线,2038,战马广东委外工厂
3177,编辑 删除,6395,战马广东委外工厂,南充数据在线,2037,战马广东委外工厂
3178,编辑 删除,6395,战马广东委外工厂,成都数据在线,2036,战马广东委外工厂
3179,编辑 删除,6395,战马广东委外工厂,荆州数据在线,2035,战马广东委外工厂
3180,编辑 删除,6395,战马广东委外工厂,衡阳数据在线,2034,战马广东委外工厂
3181,编辑 删除,6395,战马广东委外工厂,邵阳数据在线,2033,战马广东委外工厂
3182,编辑 删除,6395,战马广东委外工厂,长沙数据在线,2032,战马广东委外工厂
3183,编辑 删除,6395,战马广东委外工厂,武汉数据在线,2031,战马广东委外工厂
3184,编辑 删除,6395,战马广东委外工厂,遵义数据在线,2030,战马广东委外工厂
3185,编辑 删除,6395,战马广东委外工厂,贵阳数据在线,2029,战马广东委外工厂
3186,编辑 删除,6395,战马广东委外工厂,重庆数据在线,2028,战马广东委外工厂
3187,编辑 删除,6395,战马广东委外工厂,大理数据在线,2027,战马广东委外工厂
3188,编辑 删除,6395,战马广东委外工厂,昆明数据在线,2026,战马广东委外工厂
3189,编辑 删除,6395,战马广东委外工厂,合肥数据在线,2025,战马广东委外工厂
3190,编辑 删除,6395,战马广东委外工厂,上海数据在线,2024,战马广东委外工厂
3191,编辑 删除,6395,战马广东委外工厂,南京数据在线,2023,战马广东委外工厂
3192,编辑 删除,6395,战马广东委外工厂,台州数据在线,2022,战马广东委外工厂
3193,编辑 删除,6395,战马广东委外工厂,金华数据在线,2021,战马广东委外工厂
3194,编辑 删除,6395,战马广东委外工厂,杭州数据在线,2020,战马广东委外工厂
3195,编辑 删除,6395,战马广东委外工厂,淮安数据在线,2019,战马广东委外工厂
3196,编辑 删除,6395,战马广东委外工厂,青岛数据在线,2018,战马广东委外工厂
3197,编辑 删除,6395,战马广东委外工厂,济南数据在线,2017,战马广东委外工厂
3198,编辑 删除,6395,战马广东委外工厂,西宁数据在线,2016,战马广东委外工厂
3199,编辑 删除,6395,战马广东委外工厂,库尔勒数据在线,2015,战马广东委外工厂
3200,编辑 删除,6395,战马广东委外工厂,喀什数据在线,2014,战马广东委外工厂
3201,编辑 删除,6395,战马广东委外工厂,西安数据在线,2013,战马广东委外工厂
3202,编辑 删除,6395,战马广东委外工厂,兰州数据在线,2012,战马广东委外工厂
3203,编辑 删除,6395,战马广东委外工厂,乌鲁木齐数据在线,2011,战马广东委外工厂
3204,编辑 删除,6395,战马广东委外工厂,驻马店数据在线,2010,战马广东委外工厂
3205,编辑 删除,6395,战马广东委外工厂,郑州数据在线,2009,战马广东委外工厂
3206,编辑 删除,6395,战马广东委外工厂,包头数据在线,2008,战马广东委外工厂
3207,编辑 删除,6395,战马广东委外工厂,长春数据在线,2007,战马广东委外工厂
3208,编辑 删除,6395,战马广东委外工厂,哈尔滨数据在线,2006,战马广东委外工厂
3209,编辑 删除,6395,战马广东委外工厂,沈阳数据在线,2005,战马广东委外工厂
3210,编辑 删除,6395,战马广东委外工厂,北京平谷数据在线,2004,战马广东委外工厂
3211,编辑 删除,6395,战马广东委外工厂,北京数据在线,2003,战马广东委外工厂
3212,编辑 删除,6395,战马广东委外工厂,太原数据在线,2002,战马广东委外工厂
3213,编辑 删除,6395,战马广东委外工厂,咸宁基地,0098,战马广东委外工厂
3214,编辑 删除,6395,战马广东委外工厂,怀柔基地,0097,战马广东委外工厂
3215,编辑 删除,6395,战马广东委外工厂,佛山基地,0095,战马广东委外工厂
3216,编辑 删除,6395,战马广东委外工厂,江苏宜兴基地,0094,战马广东委外工厂
3217,编辑 删除,6395,战马广东委外工厂,采购服务库位,0000,战马广东委外工厂
3218,编辑 删除,6394,战马奥瑞金委外工厂,金华虚拟库,ZM41,战马奥瑞金委外工厂
3219,编辑 删除,6394,战马奥瑞金委外工厂,温州虚拟库,ZM40,战马奥瑞金委外工厂
3220,编辑 删除,6394,战马奥瑞金委外工厂,豫南虚拟库,ZM39,战马奥瑞金委外工厂
3221,编辑 删除,6394,战马奥瑞金委外工厂,湛江虚拟库,ZM38,战马奥瑞金委外工厂
3222,编辑 删除,6394,战马奥瑞金委外工厂,南疆虚拟库,ZM37,战马奥瑞金委外工厂
3223,编辑 删除,6394,战马奥瑞金委外工厂,东莞虚拟库,ZM36,战马奥瑞金委外工厂
3224,编辑 删除,6394,战马奥瑞金委外工厂,新疆虚拟库,ZM35,战马奥瑞金委外工厂
3225,编辑 删除,6394,战马奥瑞金委外工厂,宁夏虚拟库,ZM34,战马奥瑞金委外工厂
3226,编辑 删除,6394,战马奥瑞金委外工厂,青海虚拟库,ZM33,战马奥瑞金委外工厂
3227,编辑 删除,6394,战马奥瑞金委外工厂,西藏虚拟库,ZM32,战马奥瑞金委外工厂
3228,编辑 删除,6394,战马奥瑞金委外工厂,甘肃虚拟库,ZM31,战马奥瑞金委外工厂
3229,编辑 删除,6394,战马奥瑞金委外工厂,陕西虚拟库,ZM30,战马奥瑞金委外工厂
3230,编辑 删除,6394,战马奥瑞金委外工厂,重庆虚拟库,ZM29,战马奥瑞金委外工厂
3231,编辑 删除,6394,战马奥瑞金委外工厂,贵州虚拟库,ZM28,战马奥瑞金委外工厂
3232,编辑 删除,6394,战马奥瑞金委外工厂,云南虚拟库,ZM27,战马奥瑞金委外工厂
3233,编辑 删除,6394,战马奥瑞金委外工厂,成都虚拟库,ZM26,战马奥瑞金委外工厂
3234,编辑 删除,6394,战马奥瑞金委外工厂,海南虚拟库,ZM25,战马奥瑞金委外工厂
3235,编辑 删除,6394,战马奥瑞金委外工厂,粤东虚拟库,ZM24,战马奥瑞金委外工厂
3236,编辑 删除,6394,战马奥瑞金委外工厂,湖南虚拟库,ZM23,战马奥瑞金委外工厂
3237,编辑 删除,6394,战马奥瑞金委外工厂,深圳虚拟库,ZM22,战马奥瑞金委外工厂
3238,编辑 删除,6394,战马奥瑞金委外工厂,广西虚拟库,ZM21,战马奥瑞金委外工厂
3239,编辑 删除,6394,战马奥瑞金委外工厂,广州虚拟库,ZM20,战马奥瑞金委外工厂
3240,编辑 删除,6394,战马奥瑞金委外工厂,上海虚拟库,ZM19,战马奥瑞金委外工厂
3241,编辑 删除,6394,战马奥瑞金委外工厂,杭州虚拟库,ZM18,战马奥瑞金委外工厂
3242,编辑 删除,6394,战马奥瑞金委外工厂,福建虚拟库,ZM17,战马奥瑞金委外工厂
3243,编辑 删除,6394,战马奥瑞金委外工厂,安徽虚拟库,ZM16,战马奥瑞金委外工厂
3244,编辑 删除,6394,战马奥瑞金委外工厂,南京虚拟库,ZM15,战马奥瑞金委外工厂
3245,编辑 删除,6394,战马奥瑞金委外工厂,青岛虚拟库,ZM14,战马奥瑞金委外工厂
3246,编辑 删除,6394,战马奥瑞金委外工厂,苏北虚拟库,ZM13,战马奥瑞金委外工厂
3247,编辑 删除,6394,战马奥瑞金委外工厂,山东虚拟库,ZM12,战马奥瑞金委外工厂
3248,编辑 删除,6394,战马奥瑞金委外工厂,江西虚拟库,ZM11,战马奥瑞金委外工厂
3249,编辑 删除,6394,战马奥瑞金委外工厂,湖北虚拟库,ZM10,战马奥瑞金委外工厂
3250,编辑 删除,6394,战马奥瑞金委外工厂,河南虚拟库,ZM09,战马奥瑞金委外工厂
3251,编辑 删除,6394,战马奥瑞金委外工厂,哈尔滨虚拟库,ZM08,战马奥瑞金委外工厂
3252,编辑 删除,6394,战马奥瑞金委外工厂,吉林虚拟库,ZM07,战马奥瑞金委外工厂
3253,编辑 删除,6394,战马奥瑞金委外工厂,辽宁虚拟库,ZM06,战马奥瑞金委外工厂
3254,编辑 删除,6394,战马奥瑞金委外工厂,内蒙虚拟库,ZM05,战马奥瑞金委外工厂
3255,编辑 删除,6394,战马奥瑞金委外工厂,山西虚拟库,ZM04,战马奥瑞金委外工厂
3256,编辑 删除,6394,战马奥瑞金委外工厂,天津虚拟库,ZM03,战马奥瑞金委外工厂
3257,编辑 删除,6394,战马奥瑞金委外工厂,河北虚拟库,ZM02,战马奥瑞金委外工厂
3258,编辑 删除,6394,战马奥瑞金委外工厂,北京虚拟库,ZM01,战马奥瑞金委外工厂
3259,编辑 删除,6394,战马奥瑞金委外工厂,电商沈阳仓,DS07,战马奥瑞金委外工厂
3260,编辑 删除,6394,战马奥瑞金委外工厂,电商济南仓,DS06,战马奥瑞金委外工厂
3261,编辑 删除,6394,战马奥瑞金委外工厂,电商成都仓,DS05,战马奥瑞金委外工厂
3262,编辑 删除,6394,战马奥瑞金委外工厂,电商武汉仓,DS04,战马奥瑞金委外工厂
3263,编辑 删除,6394,战马奥瑞金委外工厂,电商广州仓,DS03,战马奥瑞金委外工厂
3264,编辑 删除,6394,战马奥瑞金委外工厂,电商天津仓,DS02,战马奥瑞金委外工厂
3265,编辑 删除,6394,战马奥瑞金委外工厂,电商南京仓,DS01,战马奥瑞金委外工厂
3266,编辑 删除,6394,战马奥瑞金委外工厂,称料委外库存地,9099,战马奥瑞金委外工厂
3267,编辑 删除,6394,战马奥瑞金委外工厂,次品委外库存地,9008,战马奥瑞金委外工厂
3268,编辑 删除,6394,战马奥瑞金委外工厂,在线库委外库存地,9005,战马奥瑞金委外工厂
3269,编辑 删除,6394,战马奥瑞金委外工厂,成品委外库存地,9004,战马奥瑞金委外工厂
3270,编辑 删除,6394,战马奥瑞金委外工厂,原材料委外库存地,9001,战马奥瑞金委外工厂
3271,编辑 删除,6394,战马奥瑞金委外工厂,汕头睿通,6004,战马奥瑞金委外工厂
3272,编辑 删除,6394,战马奥瑞金委外工厂,湛江睿通,6003,战马奥瑞金委外工厂
3273,编辑 删除,6394,战马奥瑞金委外工厂,泉州睿通,6002,战马奥瑞金委外工厂
3274,编辑 删除,6394,战马奥瑞金委外工厂,福州睿通,6001,战马奥瑞金委外工厂
3275,编辑 删除,6394,战马奥瑞金委外工厂,南昌九裕,5001,战马奥瑞金委外工厂
3276,编辑 删除,6394,战马奥瑞金委外工厂,百色神龙,4005,战马奥瑞金委外工厂
3277,编辑 删除,6394,战马奥瑞金委外工厂,贵港神龙,4004,战马奥瑞金委外工厂
3278,编辑 删除,6394,战马奥瑞金委外工厂,柳州神龙,4003,战马奥瑞金委外工厂
3279,编辑 删除,6394,战马奥瑞金委外工厂,南宁神龙,4002,战马奥瑞金委外工厂
3280,编辑 删除,6394,战马奥瑞金委外工厂,南充神龙,4001,战马奥瑞金委外工厂
3281,编辑 删除,6394,战马奥瑞金委外工厂,成都神龙,4000,战马奥瑞金委外工厂
3282,编辑 删除,6394,战马奥瑞金委外工厂,汕头安和,3001,战马奥瑞金委外工厂
3283,编辑 删除,6394,战马奥瑞金委外工厂,湛江安和,3000,战马奥瑞金委外工厂
3284,编辑 删除,6394,战马奥瑞金委外工厂,赣州数据在线,2053,战马奥瑞金委外工厂
3285,编辑 删除,6394,战马奥瑞金委外工厂,河北数据在线,2050,战马奥瑞金委外工厂
3286,编辑 删除,6394,战马奥瑞金委外工厂,怀柔数据在线,2049,战马奥瑞金委外工厂
3287,编辑 删除,6394,战马奥瑞金委外工厂,和田数据在线,2048,战马奥瑞金委外工厂
3288,编辑 删除,6394,战马奥瑞金委外工厂,天津数据在线,2047,战马奥瑞金委外工厂
3289,编辑 删除,6394,战马奥瑞金委外工厂,贵港数据在线,2045,战马奥瑞金委外工厂
3290,编辑 删除,6394,战马奥瑞金委外工厂,柳州数据在线,2044,战马奥瑞金委外工厂
3291,编辑 删除,6394,战马奥瑞金委外工厂,南宁数据在线,2043,战马奥瑞金委外工厂
3292,编辑 删除,6394,战马奥瑞金委外工厂,海口数据在线,2042,战马奥瑞金委外工厂
3293,编辑 删除,6394,战马奥瑞金委外工厂,东莞数据在线,2041,战马奥瑞金委外工厂
3294,编辑 删除,6394,战马奥瑞金委外工厂,深圳数据在线,2040,战马奥瑞金委外工厂
3295,编辑 删除,6394,战马奥瑞金委外工厂,广州数据在线,2039,战马奥瑞金委外工厂
3296,编辑 删除,6394,战马奥瑞金委外工厂,南昌数据在线,2038,战马奥瑞金委外工厂
3297,编辑 删除,6394,战马奥瑞金委外工厂,南充数据在线,2037,战马奥瑞金委外工厂
3298,编辑 删除,6394,战马奥瑞金委外工厂,成都数据在线,2036,战马奥瑞金委外工厂
3299,编辑 删除,6394,战马奥瑞金委外工厂,荆州数据在线,2035,战马奥瑞金委外工厂
3300,编辑 删除,6394,战马奥瑞金委外工厂,衡阳数据在线,2034,战马奥瑞金委外工厂
3301,编辑 删除,6394,战马奥瑞金委外工厂,邵阳数据在线,2033,战马奥瑞金委外工厂
3302,编辑 删除,6394,战马奥瑞金委外工厂,长沙数据在线,2032,战马奥瑞金委外工厂
3303,编辑 删除,6394,战马奥瑞金委外工厂,武汉数据在线,2031,战马奥瑞金委外工厂
3304,编辑 删除,6394,战马奥瑞金委外工厂,遵义数据在线,2030,战马奥瑞金委外工厂
3305,编辑 删除,6394,战马奥瑞金委外工厂,贵阳数据在线,2029,战马奥瑞金委外工厂
3306,编辑 删除,6394,战马奥瑞金委外工厂,重庆数据在线,2028,战马奥瑞金委外工厂
3307,编辑 删除,6394,战马奥瑞金委外工厂,大理数据在线,2027,战马奥瑞金委外工厂
3308,编辑 删除,6394,战马奥瑞金委外工厂,昆明数据在线,2026,战马奥瑞金委外工厂
3309,编辑 删除,6394,战马奥瑞金委外工厂,合肥数据在线,2025,战马奥瑞金委外工厂
3310,编辑 删除,6394,战马奥瑞金委外工厂,上海数据在线,2024,战马奥瑞金委外工厂
3311,编辑 删除,6394,战马奥瑞金委外工厂,南京数据在线,2023,战马奥瑞金委外工厂
3312,编辑 删除,6394,战马奥瑞金委外工厂,台州数据在线,2022,战马奥瑞金委外工厂
3313,编辑 删除,6394,战马奥瑞金委外工厂,金华数据在线,2021,战马奥瑞金委外工厂
3314,编辑 删除,6394,战马奥瑞金委外工厂,杭州数据在线,2020,战马奥瑞金委外工厂
3315,编辑 删除,6394,战马奥瑞金委外工厂,淮安数据在线,2019,战马奥瑞金委外工厂
3316,编辑 删除,6394,战马奥瑞金委外工厂,青岛数据在线,2018,战马奥瑞金委外工厂
3317,编辑 删除,6394,战马奥瑞金委外工厂,济南数据在线,2017,战马奥瑞金委外工厂
3318,编辑 删除,6394,战马奥瑞金委外工厂,西宁数据在线,2016,战马奥瑞金委外工厂
3319,编辑 删除,6394,战马奥瑞金委外工厂,库尔勒数据在线,2015,战马奥瑞金委外工厂
3320,编辑 删除,6394,战马奥瑞金委外工厂,喀什数据在线,2014,战马奥瑞金委外工厂
3321,编辑 删除,6394,战马奥瑞金委外工厂,西安数据在线,2013,战马奥瑞金委外工厂
3322,编辑 删除,6394,战马奥瑞金委外工厂,兰州数据在线,2012,战马奥瑞金委外工厂
3323,编辑 删除,6394,战马奥瑞金委外工厂,乌鲁木齐数据在线,2011,战马奥瑞金委外工厂
3324,编辑 删除,6394,战马奥瑞金委外工厂,驻马店数据在线,2010,战马奥瑞金委外工厂
3325,编辑 删除,6394,战马奥瑞金委外工厂,郑州数据在线,2009,战马奥瑞金委外工厂
3326,编辑 删除,6394,战马奥瑞金委外工厂,包头数据在线,2008,战马奥瑞金委外工厂
3327,编辑 删除,6394,战马奥瑞金委外工厂,长春数据在线,2007,战马奥瑞金委外工厂
3328,编辑 删除,6394,战马奥瑞金委外工厂,哈尔滨数据在线,2006,战马奥瑞金委外工厂
3329,编辑 删除,6394,战马奥瑞金委外工厂,沈阳数据在线,2005,战马奥瑞金委外工厂
3330,编辑 删除,6394,战马奥瑞金委外工厂,北京京津港平谷,2004,战马奥瑞金委外工厂
3331,编辑 删除,6394,战马奥瑞金委外工厂,北京数据在线,2003,战马奥瑞金委外工厂
3332,编辑 删除,6394,战马奥瑞金委外工厂,太原数据在线,2002,战马奥瑞金委外工厂
3333,编辑 删除,6394,战马奥瑞金委外工厂,数据在线,2001,战马奥瑞金委外工厂
3334,编辑 删除,6394,战马奥瑞金委外工厂,虚拟库存地,0099,战马奥瑞金委外工厂
3335,编辑 删除,6394,战马奥瑞金委外工厂,咸宁基地,0098,战马奥瑞金委外工厂
3336,编辑 删除,6394,战马奥瑞金委外工厂,怀柔基地,0097,战马奥瑞金委外工厂
3337,编辑 删除,6394,战马奥瑞金委外工厂,海口基地,0096,战马奥瑞金委外工厂
3338,编辑 删除,6394,战马奥瑞金委外工厂,佛山基地,0095,战马奥瑞金委外工厂
3339,编辑 删除,6394,战马奥瑞金委外工厂,江苏基地,0094,战马奥瑞金委外工厂
3340,编辑 删除,6394,战马奥瑞金委外工厂,百仕欣怀柔工厂,0093,战马奥瑞金委外工厂
3341,编辑 删除,6394,战马奥瑞金委外工厂,采购服务库位,0000,战马奥瑞金委外工厂
3342,编辑 删除,6393,战马湖北委外工厂,称料库存地,9099,战马湖北委外工厂
3343,编辑 删除,6393,战马湖北委外工厂,在线库存地,9005,战马湖北委外工厂
3344,编辑 删除,6393,战马湖北委外工厂,成品委外库存地,9004,战马湖北委外工厂
3345,编辑 删除,6393,战马湖北委外工厂,原材料委外库存地,9001,战马湖北委外工厂
3346,编辑 删除,6393,战马湖北委外工厂,汕头睿通,6004,战马湖北委外工厂
3347,编辑 删除,6393,战马湖北委外工厂,湛江睿通,6003,战马湖北委外工厂
3348,编辑 删除,6393,战马湖北委外工厂,泉州睿通,6002,战马湖北委外工厂
3349,编辑 删除,6393,战马湖北委外工厂,福州睿通,6001,战马湖北委外工厂
3350,编辑 删除,6393,战马湖北委外工厂,赣州数据在线,2053,战马湖北委外工厂
3351,编辑 删除,6393,战马湖北委外工厂,河北数据在线,2050,战马湖北委外工厂
3352,编辑 删除,6393,战马湖北委外工厂,怀柔数据在线,2049,战马湖北委外工厂
3353,编辑 删除,6393,战马湖北委外工厂,和田数据在线,2048,战马湖北委外工厂
3354,编辑 删除,6393,战马湖北委外工厂,天津数据在线,2047,战马湖北委外工厂
3355,编辑 删除,6393,战马湖北委外工厂,贵港数据在线,2045,战马湖北委外工厂
3356,编辑 删除,6393,战马湖北委外工厂,柳州数据在线,2044,战马湖北委外工厂
3357,编辑 删除,6393,战马湖北委外工厂,南宁数据在线,2043,战马湖北委外工厂
3358,编辑 删除,6393,战马湖北委外工厂,海口数据在线,2042,战马湖北委外工厂
3359,编辑 删除,6393,战马湖北委外工厂,东莞数据在线,2041,战马湖北委外工厂
3360,编辑 删除,6393,战马湖北委外工厂,深圳数据在线,2040,战马湖北委外工厂
3361,编辑 删除,6393,战马湖北委外工厂,广州数据在线,2039,战马湖北委外工厂
3362,编辑 删除,6393,战马湖北委外工厂,南昌数据在线,2038,战马湖北委外工厂
3363,编辑 删除,6393,战马湖北委外工厂,南充数据在线,2037,战马湖北委外工厂
3364,编辑 删除,6393,战马湖北委外工厂,成都数据在线,2036,战马湖北委外工厂
3365,编辑 删除,6393,战马湖北委外工厂,荆州数据在线,2035,战马湖北委外工厂
3366,编辑 删除,6393,战马湖北委外工厂,衡阳数据在线,2034,战马湖北委外工厂
3367,编辑 删除,6393,战马湖北委外工厂,邵阳数据在线,2033,战马湖北委外工厂
3368,编辑 删除,6393,战马湖北委外工厂,长沙数据在线,2032,战马湖北委外工厂
3369,编辑 删除,6393,战马湖北委外工厂,武汉数据在线,2031,战马湖北委外工厂
3370,编辑 删除,6393,战马湖北委外工厂,遵义数据在线,2030,战马湖北委外工厂
3371,编辑 删除,6393,战马湖北委外工厂,贵阳数据在线,2029,战马湖北委外工厂
3372,编辑 删除,6393,战马湖北委外工厂,重庆数据在线,2028,战马湖北委外工厂
3373,编辑 删除,6393,战马湖北委外工厂,大理数据在线,2027,战马湖北委外工厂
3374,编辑 删除,6393,战马湖北委外工厂,昆明数据在线,2026,战马湖北委外工厂
3375,编辑 删除,6393,战马湖北委外工厂,合肥数据在线,2025,战马湖北委外工厂
3376,编辑 删除,6393,战马湖北委外工厂,上海数据在线,2024,战马湖北委外工厂
3377,编辑 删除,6393,战马湖北委外工厂,南京数据在线,2023,战马湖北委外工厂
3378,编辑 删除,6393,战马湖北委外工厂,台州数据在线,2022,战马湖北委外工厂
3379,编辑 删除,6393,战马湖北委外工厂,金华数据在线,2021,战马湖北委外工厂
3380,编辑 删除,6393,战马湖北委外工厂,杭州数据在线,2020,战马湖北委外工厂
3381,编辑 删除,6393,战马湖北委外工厂,淮安数据在线,2019,战马湖北委外工厂
3382,编辑 删除,6393,战马湖北委外工厂,青岛数据在线,2018,战马湖北委外工厂
3383,编辑 删除,6393,战马湖北委外工厂,济南数据在线,2017,战马湖北委外工厂
3384,编辑 删除,6393,战马湖北委外工厂,西宁数据在线,2016,战马湖北委外工厂
3385,编辑 删除,6393,战马湖北委外工厂,库尔勒数据在线,2015,战马湖北委外工厂
3386,编辑 删除,6393,战马湖北委外工厂,喀什数据在线,2014,战马湖北委外工厂
3387,编辑 删除,6393,战马湖北委外工厂,西安数据在线,2013,战马湖北委外工厂
3388,编辑 删除,6393,战马湖北委外工厂,兰州数据在线,2012,战马湖北委外工厂
3389,编辑 删除,6393,战马湖北委外工厂,乌鲁木齐数据在线,2011,战马湖北委外工厂
3390,编辑 删除,6393,战马湖北委外工厂,驻马店数据在线,2010,战马湖北委外工厂
3391,编辑 删除,6393,战马湖北委外工厂,郑州数据在线,2009,战马湖北委外工厂
3392,编辑 删除,6393,战马湖北委外工厂,包头数据在线,2008,战马湖北委外工厂
3393,编辑 删除,6393,战马湖北委外工厂,长春数据在线,2007,战马湖北委外工厂
3394,编辑 删除,6393,战马湖北委外工厂,哈尔滨数据在线,2006,战马湖北委外工厂
3395,编辑 删除,6393,战马湖北委外工厂,沈阳数据在线,2005,战马湖北委外工厂
3396,编辑 删除,6393,战马湖北委外工厂,北京平谷数据在线,2004,战马湖北委外工厂
3397,编辑 删除,6393,战马湖北委外工厂,北京数据在线,2003,战马湖北委外工厂
3398,编辑 删除,6393,战马湖北委外工厂,太原数据在线,2002,战马湖北委外工厂
3399,编辑 删除,6393,战马湖北委外工厂,咸宁基地,0098,战马湖北委外工厂
3400,编辑 删除,6393,战马湖北委外工厂,怀柔基地,0097,战马湖北委外工厂
3401,编辑 删除,6393,战马湖北委外工厂,佛山基地,0095,战马湖北委外工厂
3402,编辑 删除,6393,战马湖北委外工厂,江苏宜兴基地,0094,战马湖北委外工厂
3403,编辑 删除,6393,战马湖北委外工厂,采购服务库位,0000,战马湖北委外工厂
3404,编辑 删除,6392,战马江苏委外工厂,金华虚拟库,ZM41,战马江苏委外工厂
3405,编辑 删除,6392,战马江苏委外工厂,温州虚拟库,ZM40,战马江苏委外工厂
3406,编辑 删除,6392,战马江苏委外工厂,豫南虚拟库,ZM39,战马江苏委外工厂
3407,编辑 删除,6392,战马江苏委外工厂,湛江虚拟库,ZM38,战马江苏委外工厂
3408,编辑 删除,6392,战马江苏委外工厂,南疆虚拟库,ZM37,战马江苏委外工厂
3409,编辑 删除,6392,战马江苏委外工厂,东莞虚拟库,ZM36,战马江苏委外工厂
3410,编辑 删除,6392,战马江苏委外工厂,新疆虚拟库,ZM35,战马江苏委外工厂
3411,编辑 删除,6392,战马江苏委外工厂,宁夏虚拟库,ZM34,战马江苏委外工厂
3412,编辑 删除,6392,战马江苏委外工厂,青海虚拟库,ZM33,战马江苏委外工厂
3413,编辑 删除,6392,战马江苏委外工厂,西藏虚拟库,ZM32,战马江苏委外工厂
3414,编辑 删除,6392,战马江苏委外工厂,甘肃虚拟库,ZM31,战马江苏委外工厂
3415,编辑 删除,6392,战马江苏委外工厂,陕西虚拟库,ZM30,战马江苏委外工厂
3416,编辑 删除,6392,战马江苏委外工厂,重庆虚拟库,ZM29,战马江苏委外工厂
3417,编辑 删除,6392,战马江苏委外工厂,贵州虚拟库,ZM28,战马江苏委外工厂
3418,编辑 删除,6392,战马江苏委外工厂,云南虚拟库,ZM27,战马江苏委外工厂
3419,编辑 删除,6392,战马江苏委外工厂,成都虚拟库,ZM26,战马江苏委外工厂
3420,编辑 删除,6392,战马江苏委外工厂,海南虚拟库,ZM25,战马江苏委外工厂
3421,编辑 删除,6392,战马江苏委外工厂,粤东虚拟库,ZM24,战马江苏委外工厂
3422,编辑 删除,6392,战马江苏委外工厂,湖南虚拟库,ZM23,战马江苏委外工厂
3423,编辑 删除,6392,战马江苏委外工厂,深圳虚拟库,ZM22,战马江苏委外工厂
3424,编辑 删除,6392,战马江苏委外工厂,广西虚拟库,ZM21,战马江苏委外工厂
3425,编辑 删除,6392,战马江苏委外工厂,广州虚拟库,ZM20,战马江苏委外工厂
3426,编辑 删除,6392,战马江苏委外工厂,上海虚拟库,ZM19,战马江苏委外工厂
3427,编辑 删除,6392,战马江苏委外工厂,杭州虚拟库,ZM18,战马江苏委外工厂
3428,编辑 删除,6392,战马江苏委外工厂,福建虚拟库,ZM17,战马江苏委外工厂
3429,编辑 删除,6392,战马江苏委外工厂,安徽虚拟库,ZM16,战马江苏委外工厂
3430,编辑 删除,6392,战马江苏委外工厂,南京虚拟库,ZM15,战马江苏委外工厂
3431,编辑 删除,6392,战马江苏委外工厂,青岛虚拟库,ZM14,战马江苏委外工厂
3432,编辑 删除,6392,战马江苏委外工厂,苏北虚拟库,ZM13,战马江苏委外工厂
3433,编辑 删除,6392,战马江苏委外工厂,山东虚拟库,ZM12,战马江苏委外工厂
3434,编辑 删除,6392,战马江苏委外工厂,江西虚拟库,ZM11,战马江苏委外工厂
3435,编辑 删除,6392,战马江苏委外工厂,湖北虚拟库,ZM10,战马江苏委外工厂
3436,编辑 删除,6392,战马江苏委外工厂,河南虚拟库,ZM09,战马江苏委外工厂
3437,编辑 删除,6392,战马江苏委外工厂,哈尔滨虚拟库,ZM08,战马江苏委外工厂
3438,编辑 删除,6392,战马江苏委外工厂,吉林虚拟库,ZM07,战马江苏委外工厂
3439,编辑 删除,6392,战马江苏委外工厂,辽宁虚拟库,ZM06,战马江苏委外工厂
3440,编辑 删除,6392,战马江苏委外工厂,内蒙虚拟库,ZM05,战马江苏委外工厂
3441,编辑 删除,6392,战马江苏委外工厂,山西虚拟库,ZM04,战马江苏委外工厂
3442,编辑 删除,6392,战马江苏委外工厂,天津虚拟库,ZM03,战马江苏委外工厂
3443,编辑 删除,6392,战马江苏委外工厂,河北虚拟库,ZM02,战马江苏委外工厂
3444,编辑 删除,6392,战马江苏委外工厂,北京虚拟库,ZM01,战马江苏委外工厂
3445,编辑 删除,6392,战马江苏委外工厂,成品次品库存地,9004,战马江苏委外工厂
3446,编辑 删除,6392,战马江苏委外工厂,成品委外库存地,9003,战马江苏委外工厂
3447,编辑 删除,6392,战马江苏委外工厂,瓶柸委外库存地,9002,战马江苏委外工厂
3448,编辑 删除,6392,战马江苏委外工厂,原材料委外库存地,9001,战马江苏委外工厂
3449,编辑 删除,6392,战马江苏委外工厂,汕头睿通,6004,战马江苏委外工厂
3450,编辑 删除,6392,战马江苏委外工厂,湛江睿通,6003,战马江苏委外工厂
3451,编辑 删除,6392,战马江苏委外工厂,泉州睿通,6002,战马江苏委外工厂
3452,编辑 删除,6392,战马江苏委外工厂,福州睿通,6001,战马江苏委外工厂
3453,编辑 删除,6392,战马江苏委外工厂,南昌九裕,5001,战马江苏委外工厂
3454,编辑 删除,6392,战马江苏委外工厂,百色神龙,4005,战马江苏委外工厂
3455,编辑 删除,6392,战马江苏委外工厂,贵港神龙,4004,战马江苏委外工厂
3456,编辑 删除,6392,战马江苏委外工厂,柳州神龙,4003,战马江苏委外工厂
3457,编辑 删除,6392,战马江苏委外工厂,南宁神龙,4002,战马江苏委外工厂
3458,编辑 删除,6392,战马江苏委外工厂,南充神龙,4001,战马江苏委外工厂
3459,编辑 删除,6392,战马江苏委外工厂,成都神龙,4000,战马江苏委外工厂
3460,编辑 删除,6392,战马江苏委外工厂,汕头安和,3001,战马江苏委外工厂
3461,编辑 删除,6392,战马江苏委外工厂,湛江安和,3000,战马江苏委外工厂
3462,编辑 删除,6392,战马江苏委外工厂,赣州数据在线,2053,战马江苏委外工厂
3463,编辑 删除,6392,战马江苏委外工厂,河北数据在线,2050,战马江苏委外工厂
3464,编辑 删除,6392,战马江苏委外工厂,怀柔数据在线,2049,战马江苏委外工厂
3465,编辑 删除,6392,战马江苏委外工厂,和田数据在线,2048,战马江苏委外工厂
3466,编辑 删除,6392,战马江苏委外工厂,天津数据在线,2047,战马江苏委外工厂
3467,编辑 删除,6392,战马江苏委外工厂,贵港数据在线,2045,战马江苏委外工厂
3468,编辑 删除,6392,战马江苏委外工厂,柳州数据在线,2044,战马江苏委外工厂
3469,编辑 删除,6392,战马江苏委外工厂,南宁数据在线,2043,战马江苏委外工厂
3470,编辑 删除,6392,战马江苏委外工厂,海口数据在线,2042,战马江苏委外工厂
3471,编辑 删除,6392,战马江苏委外工厂,东莞数据在线,2041,战马江苏委外工厂
3472,编辑 删除,6392,战马江苏委外工厂,深圳数据在线,2040,战马江苏委外工厂
3473,编辑 删除,6392,战马江苏委外工厂,广州数据在线,2039,战马江苏委外工厂
3474,编辑 删除,6392,战马江苏委外工厂,南昌数据在线,2038,战马江苏委外工厂
3475,编辑 删除,6392,战马江苏委外工厂,南充数据在线,2037,战马江苏委外工厂
3476,编辑 删除,6392,战马江苏委外工厂,成都数据在线,2036,战马江苏委外工厂
3477,编辑 删除,6392,战马江苏委外工厂,荆州数据在线,2035,战马江苏委外工厂
3478,编辑 删除,6392,战马江苏委外工厂,衡阳数据在线,2034,战马江苏委外工厂
3479,编辑 删除,6392,战马江苏委外工厂,邵阳数据在线,2033,战马江苏委外工厂
3480,编辑 删除,6392,战马江苏委外工厂,长沙数据在线,2032,战马江苏委外工厂
3481,编辑 删除,6392,战马江苏委外工厂,武汉数据在线,2031,战马江苏委外工厂
3482,编辑 删除,6392,战马江苏委外工厂,遵义数据在线,2030,战马江苏委外工厂
3483,编辑 删除,6392,战马江苏委外工厂,贵阳数据在线,2029,战马江苏委外工厂
3484,编辑 删除,6392,战马江苏委外工厂,重庆数据在线,2028,战马江苏委外工厂
3485,编辑 删除,6392,战马江苏委外工厂,大理数据在线,2027,战马江苏委外工厂
3486,编辑 删除,6392,战马江苏委外工厂,昆明数据在线,2026,战马江苏委外工厂
3487,编辑 删除,6392,战马江苏委外工厂,合肥数据在线,2025,战马江苏委外工厂
3488,编辑 删除,6392,战马江苏委外工厂,上海数据在线,2024,战马江苏委外工厂
3489,编辑 删除,6392,战马江苏委外工厂,南京数据在线,2023,战马江苏委外工厂
3490,编辑 删除,6392,战马江苏委外工厂,台州数据在线,2022,战马江苏委外工厂
3491,编辑 删除,6392,战马江苏委外工厂,金华数据在线,2021,战马江苏委外工厂
3492,编辑 删除,6392,战马江苏委外工厂,杭州数据在线,2020,战马江苏委外工厂
3493,编辑 删除,6392,战马江苏委外工厂,淮安数据在线,2019,战马江苏委外工厂
3494,编辑 删除,6392,战马江苏委外工厂,青岛数据在线,2018,战马江苏委外工厂
3495,编辑 删除,6392,战马江苏委外工厂,济南数据在线,2017,战马江苏委外工厂
3496,编辑 删除,6392,战马江苏委外工厂,西宁数据在线,2016,战马江苏委外工厂
3497,编辑 删除,6392,战马江苏委外工厂,库尔勒数据在线,2015,战马江苏委外工厂
3498,编辑 删除,6392,战马江苏委外工厂,喀什数据在线,2014,战马江苏委外工厂
3499,编辑 删除,6392,战马江苏委外工厂,西安数据在线,2013,战马江苏委外工厂
3500,编辑 删除,6392,战马江苏委外工厂,兰州数据在线,2012,战马江苏委外工厂
3501,编辑 删除,6392,战马江苏委外工厂,乌鲁木齐数据在线,2011,战马江苏委外工厂
3502,编辑 删除,6392,战马江苏委外工厂,驻马店数据在线,2010,战马江苏委外工厂
3503,编辑 删除,6392,战马江苏委外工厂,郑州数据在线,2009,战马江苏委外工厂
3504,编辑 删除,6392,战马江苏委外工厂,包头数据在线,2008,战马江苏委外工厂
3505,编辑 删除,6392,战马江苏委外工厂,长春数据在线,2007,战马江苏委外工厂
3506,编辑 删除,6392,战马江苏委外工厂,哈尔滨数据在线,2006,战马江苏委外工厂
3507,编辑 删除,6392,战马江苏委外工厂,沈阳数据在线,2005,战马江苏委外工厂
3508,编辑 删除,6392,战马江苏委外工厂,北京京津港平谷,2004,战马江苏委外工厂
3509,编辑 删除,6392,战马江苏委外工厂,北京数据在线,2003,战马江苏委外工厂
3510,编辑 删除,6392,战马江苏委外工厂,太原数据在线,2002,战马江苏委外工厂
3511,编辑 删除,6392,战马江苏委外工厂,数据在线,2001,战马江苏委外工厂
3512,编辑 删除,6392,战马江苏委外工厂,南充全程,1014,战马江苏委外工厂
3513,编辑 删除,6392,战马江苏委外工厂,遵义全程,1013,战马江苏委外工厂
3514,编辑 删除,6392,战马江苏委外工厂,泉州全程,1012,战马江苏委外工厂
3515,编辑 删除,6392,战马江苏委外工厂,长春全程,1011,战马江苏委外工厂
3516,编辑 删除,6392,战马江苏委外工厂,贵港全程,1010,战马江苏委外工厂
3517,编辑 删除,6392,战马江苏委外工厂,哈尔滨全程,1009,战马江苏委外工厂
3518,编辑 删除,6392,战马江苏委外工厂,沈阳全程,1008,战马江苏委外工厂
3519,编辑 删除,6392,战马江苏委外工厂,柳州全程,1007,战马江苏委外工厂
3520,编辑 删除,6392,战马江苏委外工厂,南宁全程,1006,战马江苏委外工厂
3521,编辑 删除,6392,战马江苏委外工厂,福州全程,1005,战马江苏委外工厂
3522,编辑 删除,6392,战马江苏委外工厂,贵阳全程,1004,战马江苏委外工厂
3523,编辑 删除,6392,战马江苏委外工厂,重庆全程,1003,战马江苏委外工厂
3524,编辑 删除,6392,战马江苏委外工厂,成都全程,1002,战马江苏委外工厂
3525,编辑 删除,6392,战马江苏委外工厂,南昌全程,1001,战马江苏委外工厂
3526,编辑 删除,6392,战马江苏委外工厂,虚拟库存地,0099,战马江苏委外工厂
3527,编辑 删除,6392,战马江苏委外工厂,咸宁基地,0098,战马江苏委外工厂
3528,编辑 删除,6392,战马江苏委外工厂,怀柔基地,0097,战马江苏委外工厂
3529,编辑 删除,6392,战马江苏委外工厂,海口基地,0096,战马江苏委外工厂
3530,编辑 删除,6392,战马江苏委外工厂,佛山基地,0095,战马江苏委外工厂
3531,编辑 删除,6392,战马江苏委外工厂,江苏基地,0094,战马江苏委外工厂
3532,编辑 删除,6392,战马江苏委外工厂,百仕欣怀柔工厂,0093,战马江苏委外工厂
3533,编辑 删除,6392,战马江苏委外工厂,驻马店宝供,0043,战马江苏委外工厂
3534,编辑 删除,6392,战马江苏委外工厂,青岛宝供,0042,战马江苏委外工厂
3535,编辑 删除,6392,战马江苏委外工厂,淮安宝供,0041,战马江苏委外工厂
3536,编辑 删除,6392,战马江苏委外工厂,台州宝供,0040,战马江苏委外工厂
3537,编辑 删除,6392,战马江苏委外工厂,荆州宝供,0039,战马江苏委外工厂
3538,编辑 删除,6392,战马江苏委外工厂,衡阳宝供,0038,战马江苏委外工厂
3539,编辑 删除,6392,战马江苏委外工厂,大理宝供,0037,战马江苏委外工厂
3540,编辑 删除,6392,战马江苏委外工厂,金华宝供,0036,战马江苏委外工厂
3541,编辑 删除,6392,战马江苏委外工厂,邵阳宝供,0035,战马江苏委外工厂
3542,编辑 删除,6392,战马江苏委外工厂,包头宝供,0034,战马江苏委外工厂
3543,编辑 删除,6392,战马江苏委外工厂,东莞常平宝供,0033,战马江苏委外工厂
3544,编辑 删除,6392,战马江苏委外工厂,温州宝供,0032,战马江苏委外工厂
3545,编辑 删除,6392,战马江苏委外工厂,合肥宝供,0031,战马江苏委外工厂
3546,编辑 删除,6392,战马江苏委外工厂,西宁宝供,0030,战马江苏委外工厂
3547,编辑 删除,6392,战马江苏委外工厂,湛江宝供,0029,战马江苏委外工厂
3548,编辑 删除,6392,战马江苏委外工厂,库尔勒宝供,0028,战马江苏委外工厂
3549,编辑 删除,6392,战马江苏委外工厂,天津宝供,0027,战马江苏委外工厂
3550,编辑 删除,6392,战马江苏委外工厂,汕头宝供,0026,战马江苏委外工厂
3551,编辑 删除,6392,战马江苏委外工厂,佛山宝供,0025,战马江苏委外工厂
3552,编辑 删除,6392,战马江苏委外工厂,喀什宝供,0024,战马江苏委外工厂
3553,编辑 删除,6392,战马江苏委外工厂,东莞南城宝供,0023,战马江苏委外工厂
3554,编辑 删除,6392,战马江苏委外工厂,新疆宝供,0022,战马江苏委外工厂
3555,编辑 删除,6392,战马江苏委外工厂,兰州宝供,0021,战马江苏委外工厂
3556,编辑 删除,6392,战马江苏委外工厂,西安宝供,0020,战马江苏委外工厂
3557,编辑 删除,6392,战马江苏委外工厂,重庆宝供,0019,战马江苏委外工厂
3558,编辑 删除,6392,战马江苏委外工厂,贵阳宝供,0018,战马江苏委外工厂
3559,编辑 删除,6392,战马江苏委外工厂,昆明宝供,0017,战马江苏委外工厂
3560,编辑 删除,6392,战马江苏委外工厂,成都宝供,0016,战马江苏委外工厂
3561,编辑 删除,6392,战马江苏委外工厂,海口宝供,0015,战马江苏委外工厂
3562,编辑 删除,6392,战马江苏委外工厂,长沙宝供,0014,战马江苏委外工厂
3563,编辑 删除,6392,战马江苏委外工厂,深圳宝供,0013,战马江苏委外工厂
3564,编辑 删除,6392,战马江苏委外工厂,柳州宝供,0012,战马江苏委外工厂
3565,编辑 删除,6392,战马江苏委外工厂,南宁宝供,0011,战马江苏委外工厂
3566,编辑 删除,6392,战马江苏委外工厂,广州宝供,0010,战马江苏委外工厂
3567,编辑 删除,6392,战马江苏委外工厂,上海宝供,0009,战马江苏委外工厂
3568,编辑 删除,6392,战马江苏委外工厂,杭州宝供,0008,战马江苏委外工厂
3569,编辑 删除,6392,战马江苏委外工厂,福州宝供,0007,战马江苏委外工厂
3570,编辑 删除,6392,战马江苏委外工厂,南京宝供,0006,战马江苏委外工厂
3571,编辑 删除,6392,战马江苏委外工厂,济南宝供,0005,战马江苏委外工厂
3572,编辑 删除,6392,战马江苏委外工厂,武汉宝供,0004,战马江苏委外工厂
3573,编辑 删除,6392,战马江苏委外工厂,郑州宝供,0003,战马江苏委外工厂
3574,编辑 删除,6392,战马江苏委外工厂,沈阳宝供,0002,战马江苏委外工厂
3575,编辑 删除,6392,战马江苏委外工厂,采购服务库位,0000,战马江苏委外工厂
3576,编辑 删除,6303,战马公司宣传品工厂,促销活动库存地,0009,战马公司宣传品工厂
3577,编辑 删除,6303,战马公司宣传品工厂,广东大朗（电子商务）库存地,0008,战马公司宣传品工厂
3578,编辑 删除,6303,战马公司宣传品工厂,北京怀柔（电子商务）库存地,0007,战马公司宣传品工厂
3579,编辑 删除,6303,战马公司宣传品工厂,北京华彬中心库存地,0006,战马公司宣传品工厂
3580,编辑 删除,6303,战马公司宣传品工厂,营业单位第三方库存地,0005,战马公司宣传品工厂
3581,编辑 删除,6303,战马公司宣传品工厂,供应商广宣品库存地,0004,战马公司宣传品工厂
3582,编辑 删除,6303,战马公司宣传品工厂,礼品网站广宣品库存地,0003,战马公司宣传品工厂
3583,编辑 删除,6303,战马公司宣传品工厂,广东大朗广宣品库存地,0002,战马公司宣传品工厂
3584,编辑 删除,6303,战马公司宣传品工厂,北京怀柔广宣品库存地,0001,战马公司宣传品工厂
3585,编辑 删除,6303,战马公司宣传品工厂,采购服务库位,0000,战马公司宣传品工厂
3586,编辑 删除,6302,战马公司宣传品零价值工厂,广东大朗广宣品仓库,0002,战马公司宣传品零价值工厂
3587,编辑 删除,6302,战马公司宣传品零价值工厂,北京怀柔广宣品仓库,0001,战马公司宣传品零价值工厂
3588,编辑 删除,6301,战马公司工厂,西藏库位,XZ01,战马公司工厂
3589,编辑 删除,6301,战马公司工厂,电商郑州仓,DS09,战马公司工厂
3590,编辑 删除,6301,战马公司工厂,电商西安仓,DS08,战马公司工厂
3591,编辑 删除,6301,战马公司工厂,电商沈阳仓,DS07,战马公司工厂
3592,编辑 删除,6301,战马公司工厂,电商济南仓,DS06,战马公司工厂
3593,编辑 删除,6301,战马公司工厂,电商成都仓,DS05,战马公司工厂
3594,编辑 删除,6301,战马公司工厂,电商武汉仓,DS04,战马公司工厂
3595,编辑 删除,6301,战马公司工厂,电商广州仓,DS03,战马公司工厂
3596,编辑 删除,6301,战马公司工厂,电商天津仓,DS02,战马公司工厂
3597,编辑 删除,6301,战马公司工厂,电商南京仓,DS01,战马公司工厂
3598,编辑 删除,6301,战马公司工厂,天猫苏州仓,9018,战马公司工厂
3599,编辑 删除,6301,战马公司工厂,天猫佛山仓,9017,战马公司工厂
3600,编辑 删除,6301,战马公司工厂,天猫南京仓,9016,战马公司工厂
3601,编辑 删除,6301,战马公司工厂,天猫天津仓,9011,战马公司工厂
3602,编辑 删除,6301,战马公司工厂,天猫广州仓,9008,战马公司工厂
3603,编辑 删除,6301,战马公司工厂,天猫上海仓,9007,战马公司工厂
3604,编辑 删除,6301,战马公司工厂,成品委外库存地,9003,战马公司工厂
3605,编辑 删除,6301,战马公司工厂,委外库存地,9001,战马公司工厂
3606,编辑 删除,6301,战马公司工厂,汕头睿通,6004,战马公司工厂
3607,编辑 删除,6301,战马公司工厂,湛江睿通,6003,战马公司工厂
3608,编辑 删除,6301,战马公司工厂,泉州睿通,6002,战马公司工厂
3609,编辑 删除,6301,战马公司工厂,福州睿通,6001,战马公司工厂
3610,编辑 删除,6301,战马公司工厂,赣州数据在线,2053,战马公司工厂
3611,编辑 删除,6301,战马公司工厂,进口品上海数据在线,2051,战马公司工厂
3612,编辑 删除,6301,战马公司工厂,石家庄数据在线,2050,战马公司工厂
3613,编辑 删除,6301,战马公司工厂,怀柔数据在线,2049,战马公司工厂
3614,编辑 删除,6301,战马公司工厂,和田数据在线,2048,战马公司工厂
3615,编辑 删除,6301,战马公司工厂,天津数据在线,2047,战马公司工厂
3616,编辑 删除,6301,战马公司工厂,安康数据在线,2046,战马公司工厂
3617,编辑 删除,6301,战马公司工厂,贵港数据在线,2045,战马公司工厂
3618,编辑 删除,6301,战马公司工厂,柳州数据在线,2044,战马公司工厂
3619,编辑 删除,6301,战马公司工厂,南宁数据在线,2043,战马公司工厂
3620,编辑 删除,6301,战马公司工厂,海口数据在线,2042,战马公司工厂
3621,编辑 删除,6301,战马公司工厂,东莞数据在线,2041,战马公司工厂
3622,编辑 删除,6301,战马公司工厂,深圳数据在线,2040,战马公司工厂
3623,编辑 删除,6301,战马公司工厂,佛山数据在线,2039,战马公司工厂
3624,编辑 删除,6301,战马公司工厂,南昌数据在线,2038,战马公司工厂
3625,编辑 删除,6301,战马公司工厂,南充数据在线,2037,战马公司工厂
3626,编辑 删除,6301,战马公司工厂,成都数据在线,2036,战马公司工厂
3627,编辑 删除,6301,战马公司工厂,荆州数据在线,2035,战马公司工厂
3628,编辑 删除,6301,战马公司工厂,衡阳数据在线,2034,战马公司工厂
3629,编辑 删除,6301,战马公司工厂,邵阳数据在线,2033,战马公司工厂
3630,编辑 删除,6301,战马公司工厂,长沙数据在线,2032,战马公司工厂
3631,编辑 删除,6301,战马公司工厂,武汉数据在线,2031,战马公司工厂
3632,编辑 删除,6301,战马公司工厂,遵义数据在线,2030,战马公司工厂
3633,编辑 删除,6301,战马公司工厂,贵阳数据在线,2029,战马公司工厂
3634,编辑 删除,6301,战马公司工厂,重庆数据在线,2028,战马公司工厂
3635,编辑 删除,6301,战马公司工厂,大理数据在线,2027,战马公司工厂
3636,编辑 删除,6301,战马公司工厂,昆明数据在线,2026,战马公司工厂
3637,编辑 删除,6301,战马公司工厂,合肥数据在线,2025,战马公司工厂
3638,编辑 删除,6301,战马公司工厂,上海数据在线,2024,战马公司工厂
3639,编辑 删除,6301,战马公司工厂,南京数据在线,2023,战马公司工厂
3640,编辑 删除,6301,战马公司工厂,台州数据在线,2022,战马公司工厂
3641,编辑 删除,6301,战马公司工厂,金华数据在线,2021,战马公司工厂
3642,编辑 删除,6301,战马公司工厂,杭州数据在线,2020,战马公司工厂
3643,编辑 删除,6301,战马公司工厂,淮安数据在线,2019,战马公司工厂
3644,编辑 删除,6301,战马公司工厂,青岛数据在线,2018,战马公司工厂
3645,编辑 删除,6301,战马公司工厂,济南数据在线,2017,战马公司工厂
3646,编辑 删除,6301,战马公司工厂,西宁数据在线,2016,战马公司工厂
3647,编辑 删除,6301,战马公司工厂,库尔勒数据在线,2015,战马公司工厂
3648,编辑 删除,6301,战马公司工厂,喀什数据在线,2014,战马公司工厂
3649,编辑 删除,6301,战马公司工厂,西安数据在线,2013,战马公司工厂
3650,编辑 删除,6301,战马公司工厂,兰州数据在线,2012,战马公司工厂
3651,编辑 删除,6301,战马公司工厂,乌鲁木齐数据在线,2011,战马公司工厂
3652,编辑 删除,6301,战马公司工厂,驻马店数据在线,2010,战马公司工厂
3653,编辑 删除,6301,战马公司工厂,郑州数据在线,2009,战马公司工厂
3654,编辑 删除,6301,战马公司工厂,包头数据在线,2008,战马公司工厂
3655,编辑 删除,6301,战马公司工厂,长春数据在线,2007,战马公司工厂
3656,编辑 删除,6301,战马公司工厂,哈尔滨数据在线,2006,战马公司工厂
3657,编辑 删除,6301,战马公司工厂,沈阳数据在线,2005,战马公司工厂
3658,编辑 删除,6301,战马公司工厂,北京京津港平谷,2004,战马公司工厂
3659,编辑 删除,6301,战马公司工厂,北京数据在线,2003,战马公司工厂
3660,编辑 删除,6301,战马公司工厂,太原数据在线,2002,战马公司工厂
3661,编辑 删除,6301,战马公司工厂,数据在线,2001,战马公司工厂
3662,编辑 删除,6301,战马公司工厂,虚拟库存地,0099,战马公司工厂
3663,编辑 删除,6301,战马公司工厂,咸宁基地,0098,战马公司工厂
3664,编辑 删除,6301,战马公司工厂,怀柔基地,0097,战马公司工厂
3665,编辑 删除,6301,战马公司工厂,海口基地,0096,战马公司工厂
3666,编辑 删除,6301,战马公司工厂,佛山基地,0095,战马公司工厂
3667,编辑 删除,6301,战马公司工厂,江苏基地,0094,战马公司工厂
3668,编辑 删除,6301,战马公司工厂,百仕欣怀柔工厂,0093,战马公司工厂
3669,编辑 删除,6301,战马公司工厂,贵州基地,0091,战马公司工厂
3670,编辑 删除,6301,战马公司工厂,厦门基地,0090,战马公司工厂
3671,编辑 删除,6301,战马公司工厂,促销活动库存地,0009,战马公司工厂
3672,编辑 删除,6301,战马公司工厂,广东大朗（电子商务）库存地,0008,战马公司工厂
3673,编辑 删除,6301,战马公司工厂,北京怀柔（电子商务）库存地,0007,战马公司工厂
3674,编辑 删除,6301,战马公司工厂,供应商库存地（二）,0006,战马公司工厂
3675,编辑 删除,6301,战马公司工厂,营业单位第三方库存地,0005,战马公司工厂
3676,编辑 删除,6301,战马公司工厂,供应商广宣品库存地,0004,战马公司工厂
3677,编辑 删除,6301,战马公司工厂,礼品网站广宣品库存地,0003,战马公司工厂
3678,编辑 删除,6301,战马公司工厂,广东大朗广宣品库存地,0002,战马公司工厂
3679,编辑 删除,6301,战马公司工厂,北京怀柔广宣品库存地,0001,战马公司工厂
3680,编辑 删除,6301,战马公司工厂,采购服务库位,0000,战马公司工厂
3681,编辑 删除,6293,芙丝湖北田东委外工厂,在线库委外库存地,9005,芙丝湖北田东委外工厂
3682,编辑 删除,6293,芙丝湖北田东委外工厂,成品次品库存地,9004,芙丝湖北田东委外工厂
3683,编辑 删除,6293,芙丝湖北田东委外工厂,成品委外库存地,9003,芙丝湖北田东委外工厂
3684,编辑 删除,6293,芙丝湖北田东委外工厂,瓶柸委外库存地,9002,芙丝湖北田东委外工厂
3685,编辑 删除,6293,芙丝湖北田东委外工厂,原材料委外库存地,9001,芙丝湖北田东委外工厂
3686,编辑 删除,6293,芙丝湖北田东委外工厂,汕头睿通,6004,芙丝湖北田东委外工厂
3687,编辑 删除,6293,芙丝湖北田东委外工厂,湛江睿通,6003,芙丝湖北田东委外工厂
3688,编辑 删除,6293,芙丝湖北田东委外工厂,泉州睿通,6002,芙丝湖北田东委外工厂
3689,编辑 删除,6293,芙丝湖北田东委外工厂,福州睿通,6001,芙丝湖北田东委外工厂
3690,编辑 删除,6293,芙丝湖北田东委外工厂,南昌九裕,5001,芙丝湖北田东委外工厂
3691,编辑 删除,6293,芙丝湖北田东委外工厂,百色神龙,4005,芙丝湖北田东委外工厂
3692,编辑 删除,6293,芙丝湖北田东委外工厂,贵港神龙,4004,芙丝湖北田东委外工厂
3693,编辑 删除,6293,芙丝湖北田东委外工厂,柳州神龙,4003,芙丝湖北田东委外工厂
3694,编辑 删除,6293,芙丝湖北田东委外工厂,南宁神龙,4002,芙丝湖北田东委外工厂
3695,编辑 删除,6293,芙丝湖北田东委外工厂,南充神龙,4001,芙丝湖北田东委外工厂
3696,编辑 删除,6293,芙丝湖北田东委外工厂,成都神龙,4000,芙丝湖北田东委外工厂
3697,编辑 删除,6293,芙丝湖北田东委外工厂,汕头安和,3001,芙丝湖北田东委外工厂
3698,编辑 删除,6293,芙丝湖北田东委外工厂,湛江安和,3000,芙丝湖北田东委外工厂
3699,编辑 删除,6293,芙丝湖北田东委外工厂,怀柔数据在线,2049,芙丝湖北田东委外工厂
3700,编辑 删除,6293,芙丝湖北田东委外工厂,和田数据在线,2048,芙丝湖北田东委外工厂
3701,编辑 删除,6293,芙丝湖北田东委外工厂,天津数据在线,2047,芙丝湖北田东委外工厂
3702,编辑 删除,6293,芙丝湖北田东委外工厂,贵港数据在线,2045,芙丝湖北田东委外工厂
3703,编辑 删除,6293,芙丝湖北田东委外工厂,柳州数据在线,2044,芙丝湖北田东委外工厂
3704,编辑 删除,6293,芙丝湖北田东委外工厂,南宁数据在线,2043,芙丝湖北田东委外工厂
3705,编辑 删除,6293,芙丝湖北田东委外工厂,海口数据在线,2042,芙丝湖北田东委外工厂
3706,编辑 删除,6293,芙丝湖北田东委外工厂,东莞数据在线,2041,芙丝湖北田东委外工厂
3707,编辑 删除,6293,芙丝湖北田东委外工厂,深圳数据在线,2040,芙丝湖北田东委外工厂
3708,编辑 删除,6293,芙丝湖北田东委外工厂,广州数据在线,2039,芙丝湖北田东委外工厂
3709,编辑 删除,6293,芙丝湖北田东委外工厂,南昌数据在线,2038,芙丝湖北田东委外工厂
3710,编辑 删除,6293,芙丝湖北田东委外工厂,南充数据在线,2037,芙丝湖北田东委外工厂
3711,编辑 删除,6293,芙丝湖北田东委外工厂,成都数据在线,2036,芙丝湖北田东委外工厂
3712,编辑 删除,6293,芙丝湖北田东委外工厂,荆州数据在线,2035,芙丝湖北田东委外工厂
3713,编辑 删除,6293,芙丝湖北田东委外工厂,衡阳数据在线,2034,芙丝湖北田东委外工厂
3714,编辑 删除,6293,芙丝湖北田东委外工厂,邵阳数据在线,2033,芙丝湖北田东委外工厂
3715,编辑 删除,6293,芙丝湖北田东委外工厂,长沙数据在线,2032,芙丝湖北田东委外工厂
3716,编辑 删除,6293,芙丝湖北田东委外工厂,武汉数据在线,2031,芙丝湖北田东委外工厂
3717,编辑 删除,6293,芙丝湖北田东委外工厂,遵义数据在线,2030,芙丝湖北田东委外工厂
3718,编辑 删除,6293,芙丝湖北田东委外工厂,贵阳数据在线,2029,芙丝湖北田东委外工厂
3719,编辑 删除,6293,芙丝湖北田东委外工厂,重庆数据在线,2028,芙丝湖北田东委外工厂
3720,编辑 删除,6293,芙丝湖北田东委外工厂,大理数据在线,2027,芙丝湖北田东委外工厂
3721,编辑 删除,6293,芙丝湖北田东委外工厂,昆明数据在线,2026,芙丝湖北田东委外工厂
3722,编辑 删除,6293,芙丝湖北田东委外工厂,合肥数据在线,2025,芙丝湖北田东委外工厂
3723,编辑 删除,6293,芙丝湖北田东委外工厂,上海数据在线,2024,芙丝湖北田东委外工厂
3724,编辑 删除,6293,芙丝湖北田东委外工厂,南京数据在线,2023,芙丝湖北田东委外工厂
3725,编辑 删除,6293,芙丝湖北田东委外工厂,台州数据在线,2022,芙丝湖北田东委外工厂
3726,编辑 删除,6293,芙丝湖北田东委外工厂,金华数据在线,2021,芙丝湖北田东委外工厂
3727,编辑 删除,6293,芙丝湖北田东委外工厂,杭州数据在线,2020,芙丝湖北田东委外工厂
3728,编辑 删除,6293,芙丝湖北田东委外工厂,淮安数据在线,2019,芙丝湖北田东委外工厂
3729,编辑 删除,6293,芙丝湖北田东委外工厂,青岛数据在线,2018,芙丝湖北田东委外工厂
3730,编辑 删除,6293,芙丝湖北田东委外工厂,济南数据在线,2017,芙丝湖北田东委外工厂
3731,编辑 删除,6293,芙丝湖北田东委外工厂,西宁数据在线,2016,芙丝湖北田东委外工厂
3732,编辑 删除,6293,芙丝湖北田东委外工厂,库尔勒数据在线,2015,芙丝湖北田东委外工厂
3733,编辑 删除,6293,芙丝湖北田东委外工厂,喀什数据在线,2014,芙丝湖北田东委外工厂
3734,编辑 删除,6293,芙丝湖北田东委外工厂,西安数据在线,2013,芙丝湖北田东委外工厂
3735,编辑 删除,6293,芙丝湖北田东委外工厂,兰州数据在线,2012,芙丝湖北田东委外工厂
3736,编辑 删除,6293,芙丝湖北田东委外工厂,乌鲁木齐数据在线,2011,芙丝湖北田东委外工厂
3737,编辑 删除,6293,芙丝湖北田东委外工厂,驻马店数据在线,2010,芙丝湖北田东委外工厂
3738,编辑 删除,6293,芙丝湖北田东委外工厂,郑州数据在线,2009,芙丝湖北田东委外工厂
3739,编辑 删除,6293,芙丝湖北田东委外工厂,包头数据在线,2008,芙丝湖北田东委外工厂
3740,编辑 删除,6293,芙丝湖北田东委外工厂,长春数据在线,2007,芙丝湖北田东委外工厂
3741,编辑 删除,6293,芙丝湖北田东委外工厂,哈尔滨数据在线,2006,芙丝湖北田东委外工厂
3742,编辑 删除,6293,芙丝湖北田东委外工厂,沈阳数据在线,2005,芙丝湖北田东委外工厂
3743,编辑 删除,6293,芙丝湖北田东委外工厂,北京京津港平谷,2004,芙丝湖北田东委外工厂
3744,编辑 删除,6293,芙丝湖北田东委外工厂,北京数据在线,2003,芙丝湖北田东委外工厂
3745,编辑 删除,6293,芙丝湖北田东委外工厂,太原数据在线,2002,芙丝湖北田东委外工厂
3746,编辑 删除,6293,芙丝湖北田东委外工厂,数据在线,2001,芙丝湖北田东委外工厂
3747,编辑 删除,6293,芙丝湖北田东委外工厂,南充全程,1014,芙丝湖北田东委外工厂
3748,编辑 删除,6293,芙丝湖北田东委外工厂,遵义全程,1013,芙丝湖北田东委外工厂
3749,编辑 删除,6293,芙丝湖北田东委外工厂,泉州全程,1012,芙丝湖北田东委外工厂
3750,编辑 删除,6293,芙丝湖北田东委外工厂,长春全程,1011,芙丝湖北田东委外工厂
3751,编辑 删除,6293,芙丝湖北田东委外工厂,贵港全程,1010,芙丝湖北田东委外工厂
3752,编辑 删除,6293,芙丝湖北田东委外工厂,哈尔滨全程,1009,芙丝湖北田东委外工厂
3753,编辑 删除,6293,芙丝湖北田东委外工厂,沈阳全程,1008,芙丝湖北田东委外工厂
3754,编辑 删除,6293,芙丝湖北田东委外工厂,柳州全程,1007,芙丝湖北田东委外工厂
3755,编辑 删除,6293,芙丝湖北田东委外工厂,南宁全程,1006,芙丝湖北田东委外工厂
3756,编辑 删除,6293,芙丝湖北田东委外工厂,福州全程,1005,芙丝湖北田东委外工厂
3757,编辑 删除,6293,芙丝湖北田东委外工厂,贵阳全程,1004,芙丝湖北田东委外工厂
3758,编辑 删除,6293,芙丝湖北田东委外工厂,重庆全程,1003,芙丝湖北田东委外工厂
3759,编辑 删除,6293,芙丝湖北田东委外工厂,成都全程,1002,芙丝湖北田东委外工厂
3760,编辑 删除,6293,芙丝湖北田东委外工厂,南昌全程,1001,芙丝湖北田东委外工厂
3761,编辑 删除,6293,芙丝湖北田东委外工厂,虚拟库存地,0099,芙丝湖北田东委外工厂
3762,编辑 删除,6293,芙丝湖北田东委外工厂,咸宁基地,0098,芙丝湖北田东委外工厂
3763,编辑 删除,6293,芙丝湖北田东委外工厂,怀柔基地,0097,芙丝湖北田东委外工厂
3764,编辑 删除,6293,芙丝湖北田东委外工厂,海口基地,0096,芙丝湖北田东委外工厂
3765,编辑 删除,6293,芙丝湖北田东委外工厂,佛山基地,0095,芙丝湖北田东委外工厂
3766,编辑 删除,6293,芙丝湖北田东委外工厂,江苏基地,0094,芙丝湖北田东委外工厂
3767,编辑 删除,6293,芙丝湖北田东委外工厂,百仕欣怀柔工厂,0093,芙丝湖北田东委外工厂
3768,编辑 删除,6293,芙丝湖北田东委外工厂,驻马店宝供,0043,芙丝湖北田东委外工厂
3769,编辑 删除,6293,芙丝湖北田东委外工厂,青岛宝供,0042,芙丝湖北田东委外工厂
3770,编辑 删除,6293,芙丝湖北田东委外工厂,淮安宝供,0041,芙丝湖北田东委外工厂
3771,编辑 删除,6293,芙丝湖北田东委外工厂,台州宝供,0040,芙丝湖北田东委外工厂
3772,编辑 删除,6293,芙丝湖北田东委外工厂,荆州宝供,0039,芙丝湖北田东委外工厂
3773,编辑 删除,6293,芙丝湖北田东委外工厂,衡阳宝供,0038,芙丝湖北田东委外工厂
3774,编辑 删除,6293,芙丝湖北田东委外工厂,大理宝供,0037,芙丝湖北田东委外工厂
3775,编辑 删除,6293,芙丝湖北田东委外工厂,金华宝供,0036,芙丝湖北田东委外工厂
3776,编辑 删除,6293,芙丝湖北田东委外工厂,邵阳宝供,0035,芙丝湖北田东委外工厂
3777,编辑 删除,6293,芙丝湖北田东委外工厂,包头宝供,0034,芙丝湖北田东委外工厂
3778,编辑 删除,6293,芙丝湖北田东委外工厂,东莞常平宝供,0033,芙丝湖北田东委外工厂
3779,编辑 删除,6293,芙丝湖北田东委外工厂,温州宝供,0032,芙丝湖北田东委外工厂
3780,编辑 删除,6293,芙丝湖北田东委外工厂,合肥宝供,0031,芙丝湖北田东委外工厂
3781,编辑 删除,6293,芙丝湖北田东委外工厂,西宁宝供,0030,芙丝湖北田东委外工厂
3782,编辑 删除,6293,芙丝湖北田东委外工厂,湛江宝供,0029,芙丝湖北田东委外工厂
3783,编辑 删除,6293,芙丝湖北田东委外工厂,库尔勒宝供,0028,芙丝湖北田东委外工厂
3784,编辑 删除,6293,芙丝湖北田东委外工厂,天津宝供,0027,芙丝湖北田东委外工厂
3785,编辑 删除,6293,芙丝湖北田东委外工厂,汕头宝供,0026,芙丝湖北田东委外工厂
3786,编辑 删除,6293,芙丝湖北田东委外工厂,佛山宝供,0025,芙丝湖北田东委外工厂
3787,编辑 删除,6293,芙丝湖北田东委外工厂,喀什宝供,0024,芙丝湖北田东委外工厂
3788,编辑 删除,6293,芙丝湖北田东委外工厂,东莞南城宝供,0023,芙丝湖北田东委外工厂
3789,编辑 删除,6293,芙丝湖北田东委外工厂,新疆宝供,0022,芙丝湖北田东委外工厂
3790,编辑 删除,6293,芙丝湖北田东委外工厂,兰州宝供,0021,芙丝湖北田东委外工厂
3791,编辑 删除,6293,芙丝湖北田东委外工厂,西安宝供,0020,芙丝湖北田东委外工厂
3792,编辑 删除,6293,芙丝湖北田东委外工厂,重庆宝供,0019,芙丝湖北田东委外工厂
3793,编辑 删除,6293,芙丝湖北田东委外工厂,贵阳宝供,0018,芙丝湖北田东委外工厂
3794,编辑 删除,6293,芙丝湖北田东委外工厂,昆明宝供,0017,芙丝湖北田东委外工厂
3795,编辑 删除,6293,芙丝湖北田东委外工厂,成都宝供,0016,芙丝湖北田东委外工厂
3796,编辑 删除,6293,芙丝湖北田东委外工厂,海口宝供,0015,芙丝湖北田东委外工厂
3797,编辑 删除,6293,芙丝湖北田东委外工厂,长沙宝供,0014,芙丝湖北田东委外工厂
3798,编辑 删除,6293,芙丝湖北田东委外工厂,深圳宝供,0013,芙丝湖北田东委外工厂
3799,编辑 删除,6293,芙丝湖北田东委外工厂,柳州宝供,0012,芙丝湖北田东委外工厂
3800,编辑 删除,6293,芙丝湖北田东委外工厂,南宁宝供,0011,芙丝湖北田东委外工厂
3801,编辑 删除,6293,芙丝湖北田东委外工厂,广州宝供,0010,芙丝湖北田东委外工厂
3802,编辑 删除,6293,芙丝湖北田东委外工厂,上海宝供,0009,芙丝湖北田东委外工厂
3803,编辑 删除,6293,芙丝湖北田东委外工厂,杭州宝供,0008,芙丝湖北田东委外工厂
3804,编辑 删除,6293,芙丝湖北田东委外工厂,福州宝供,0007,芙丝湖北田东委外工厂
3805,编辑 删除,6293,芙丝湖北田东委外工厂,南京宝供,0006,芙丝湖北田东委外工厂
3806,编辑 删除,6293,芙丝湖北田东委外工厂,济南宝供,0005,芙丝湖北田东委外工厂
3807,编辑 删除,6293,芙丝湖北田东委外工厂,武汉宝供,0004,芙丝湖北田东委外工厂
3808,编辑 删除,6293,芙丝湖北田东委外工厂,郑州宝供,0003,芙丝湖北田东委外工厂
3809,编辑 删除,6293,芙丝湖北田东委外工厂,沈阳宝供,0002,芙丝湖北田东委外工厂
3810,编辑 删除,6293,芙丝湖北田东委外工厂,采购服务库位,0000,芙丝湖北田东委外工厂
3811,编辑 删除,6292,芙丝湖北广西委外工厂,在线库委外库存地,9005,芙丝湖北广西委外工厂
3812,编辑 删除,6292,芙丝湖北广西委外工厂,成品次品库存地,9004,芙丝湖北广西委外工厂
3813,编辑 删除,6292,芙丝湖北广西委外工厂,成品委外库存地,9003,芙丝湖北广西委外工厂
3814,编辑 删除,6292,芙丝湖北广西委外工厂,瓶柸委外库存地,9002,芙丝湖北广西委外工厂
3815,编辑 删除,6292,芙丝湖北广西委外工厂,原材料委外库存地,9001,芙丝湖北广西委外工厂
3816,编辑 删除,6292,芙丝湖北广西委外工厂,汕头睿通,6004,芙丝湖北广西委外工厂
3817,编辑 删除,6292,芙丝湖北广西委外工厂,湛江睿通,6003,芙丝湖北广西委外工厂
3818,编辑 删除,6292,芙丝湖北广西委外工厂,泉州睿通,6002,芙丝湖北广西委外工厂
3819,编辑 删除,6292,芙丝湖北广西委外工厂,福州睿通,6001,芙丝湖北广西委外工厂
3820,编辑 删除,6292,芙丝湖北广西委外工厂,南昌九裕,5001,芙丝湖北广西委外工厂
3821,编辑 删除,6292,芙丝湖北广西委外工厂,百色神龙,4005,芙丝湖北广西委外工厂
3822,编辑 删除,6292,芙丝湖北广西委外工厂,贵港神龙,4004,芙丝湖北广西委外工厂
3823,编辑 删除,6292,芙丝湖北广西委外工厂,柳州神龙,4003,芙丝湖北广西委外工厂
3824,编辑 删除,6292,芙丝湖北广西委外工厂,南宁神龙,4002,芙丝湖北广西委外工厂
3825,编辑 删除,6292,芙丝湖北广西委外工厂,南充神龙,4001,芙丝湖北广西委外工厂
3826,编辑 删除,6292,芙丝湖北广西委外工厂,成都神龙,4000,芙丝湖北广西委外工厂
3827,编辑 删除,6292,芙丝湖北广西委外工厂,汕头安和,3001,芙丝湖北广西委外工厂
3828,编辑 删除,6292,芙丝湖北广西委外工厂,湛江安和,3000,芙丝湖北广西委外工厂
3829,编辑 删除,6292,芙丝湖北广西委外工厂,怀柔数据在线,2049,芙丝湖北广西委外工厂
3830,编辑 删除,6292,芙丝湖北广西委外工厂,和田数据在线,2048,芙丝湖北广西委外工厂
3831,编辑 删除,6292,芙丝湖北广西委外工厂,天津数据在线,2047,芙丝湖北广西委外工厂
3832,编辑 删除,6292,芙丝湖北广西委外工厂,贵港数据在线,2045,芙丝湖北广西委外工厂
3833,编辑 删除,6292,芙丝湖北广西委外工厂,柳州数据在线,2044,芙丝湖北广西委外工厂
3834,编辑 删除,6292,芙丝湖北广西委外工厂,南宁数据在线,2043,芙丝湖北广西委外工厂
3835,编辑 删除,6292,芙丝湖北广西委外工厂,海口数据在线,2042,芙丝湖北广西委外工厂
3836,编辑 删除,6292,芙丝湖北广西委外工厂,东莞数据在线,2041,芙丝湖北广西委外工厂
3837,编辑 删除,6292,芙丝湖北广西委外工厂,深圳数据在线,2040,芙丝湖北广西委外工厂
3838,编辑 删除,6292,芙丝湖北广西委外工厂,广州数据在线,2039,芙丝湖北广西委外工厂
3839,编辑 删除,6292,芙丝湖北广西委外工厂,南昌数据在线,2038,芙丝湖北广西委外工厂
3840,编辑 删除,6292,芙丝湖北广西委外工厂,南充数据在线,2037,芙丝湖北广西委外工厂
3841,编辑 删除,6292,芙丝湖北广西委外工厂,成都数据在线,2036,芙丝湖北广西委外工厂
3842,编辑 删除,6292,芙丝湖北广西委外工厂,荆州数据在线,2035,芙丝湖北广西委外工厂
3843,编辑 删除,6292,芙丝湖北广西委外工厂,衡阳数据在线,2034,芙丝湖北广西委外工厂
3844,编辑 删除,6292,芙丝湖北广西委外工厂,邵阳数据在线,2033,芙丝湖北广西委外工厂
3845,编辑 删除,6292,芙丝湖北广西委外工厂,长沙数据在线,2032,芙丝湖北广西委外工厂
3846,编辑 删除,6292,芙丝湖北广西委外工厂,武汉数据在线,2031,芙丝湖北广西委外工厂
3847,编辑 删除,6292,芙丝湖北广西委外工厂,遵义数据在线,2030,芙丝湖北广西委外工厂
3848,编辑 删除,6292,芙丝湖北广西委外工厂,贵阳数据在线,2029,芙丝湖北广西委外工厂
3849,编辑 删除,6292,芙丝湖北广西委外工厂,重庆数据在线,2028,芙丝湖北广西委外工厂
3850,编辑 删除,6292,芙丝湖北广西委外工厂,大理数据在线,2027,芙丝湖北广西委外工厂
3851,编辑 删除,6292,芙丝湖北广西委外工厂,昆明数据在线,2026,芙丝湖北广西委外工厂
3852,编辑 删除,6292,芙丝湖北广西委外工厂,合肥数据在线,2025,芙丝湖北广西委外工厂
3853,编辑 删除,6292,芙丝湖北广西委外工厂,上海数据在线,2024,芙丝湖北广西委外工厂
3854,编辑 删除,6292,芙丝湖北广西委外工厂,南京数据在线,2023,芙丝湖北广西委外工厂
3855,编辑 删除,6292,芙丝湖北广西委外工厂,台州数据在线,2022,芙丝湖北广西委外工厂
3856,编辑 删除,6292,芙丝湖北广西委外工厂,金华数据在线,2021,芙丝湖北广西委外工厂
3857,编辑 删除,6292,芙丝湖北广西委外工厂,杭州数据在线,2020,芙丝湖北广西委外工厂
3858,编辑 删除,6292,芙丝湖北广西委外工厂,淮安数据在线,2019,芙丝湖北广西委外工厂
3859,编辑 删除,6292,芙丝湖北广西委外工厂,青岛数据在线,2018,芙丝湖北广西委外工厂
3860,编辑 删除,6292,芙丝湖北广西委外工厂,济南数据在线,2017,芙丝湖北广西委外工厂
3861,编辑 删除,6292,芙丝湖北广西委外工厂,西宁数据在线,2016,芙丝湖北广西委外工厂
3862,编辑 删除,6292,芙丝湖北广西委外工厂,库尔勒数据在线,2015,芙丝湖北广西委外工厂
3863,编辑 删除,6292,芙丝湖北广西委外工厂,喀什数据在线,2014,芙丝湖北广西委外工厂
3864,编辑 删除,6292,芙丝湖北广西委外工厂,西安数据在线,2013,芙丝湖北广西委外工厂
3865,编辑 删除,6292,芙丝湖北广西委外工厂,兰州数据在线,2012,芙丝湖北广西委外工厂
3866,编辑 删除,6292,芙丝湖北广西委外工厂,乌鲁木齐数据在线,2011,芙丝湖北广西委外工厂
3867,编辑 删除,6292,芙丝湖北广西委外工厂,驻马店数据在线,2010,芙丝湖北广西委外工厂
3868,编辑 删除,6292,芙丝湖北广西委外工厂,郑州数据在线,2009,芙丝湖北广西委外工厂
3869,编辑 删除,6292,芙丝湖北广西委外工厂,包头数据在线,2008,芙丝湖北广西委外工厂
3870,编辑 删除,6292,芙丝湖北广西委外工厂,长春数据在线,2007,芙丝湖北广西委外工厂
3871,编辑 删除,6292,芙丝湖北广西委外工厂,哈尔滨数据在线,2006,芙丝湖北广西委外工厂
3872,编辑 删除,6292,芙丝湖北广西委外工厂,沈阳数据在线,2005,芙丝湖北广西委外工厂
3873,编辑 删除,6292,芙丝湖北广西委外工厂,北京京津港平谷,2004,芙丝湖北广西委外工厂
3874,编辑 删除,6292,芙丝湖北广西委外工厂,北京数据在线,2003,芙丝湖北广西委外工厂
3875,编辑 删除,6292,芙丝湖北广西委外工厂,太原数据在线,2002,芙丝湖北广西委外工厂
3876,编辑 删除,6292,芙丝湖北广西委外工厂,数据在线,2001,芙丝湖北广西委外工厂
3877,编辑 删除,6292,芙丝湖北广西委外工厂,南充全程,1014,芙丝湖北广西委外工厂
3878,编辑 删除,6292,芙丝湖北广西委外工厂,遵义全程,1013,芙丝湖北广西委外工厂
3879,编辑 删除,6292,芙丝湖北广西委外工厂,泉州全程,1012,芙丝湖北广西委外工厂
3880,编辑 删除,6292,芙丝湖北广西委外工厂,长春全程,1011,芙丝湖北广西委外工厂
3881,编辑 删除,6292,芙丝湖北广西委外工厂,贵港全程,1010,芙丝湖北广西委外工厂
3882,编辑 删除,6292,芙丝湖北广西委外工厂,哈尔滨全程,1009,芙丝湖北广西委外工厂
3883,编辑 删除,6292,芙丝湖北广西委外工厂,沈阳全程,1008,芙丝湖北广西委外工厂
3884,编辑 删除,6292,芙丝湖北广西委外工厂,柳州全程,1007,芙丝湖北广西委外工厂
3885,编辑 删除,6292,芙丝湖北广西委外工厂,南宁全程,1006,芙丝湖北广西委外工厂
3886,编辑 删除,6292,芙丝湖北广西委外工厂,福州全程,1005,芙丝湖北广西委外工厂
3887,编辑 删除,6292,芙丝湖北广西委外工厂,贵阳全程,1004,芙丝湖北广西委外工厂
3888,编辑 删除,6292,芙丝湖北广西委外工厂,重庆全程,1003,芙丝湖北广西委外工厂
3889,编辑 删除,6292,芙丝湖北广西委外工厂,成都全程,1002,芙丝湖北广西委外工厂
3890,编辑 删除,6292,芙丝湖北广西委外工厂,南昌全程,1001,芙丝湖北广西委外工厂
3891,编辑 删除,6292,芙丝湖北广西委外工厂,虚拟库存地,0099,芙丝湖北广西委外工厂
3892,编辑 删除,6292,芙丝湖北广西委外工厂,咸宁基地,0098,芙丝湖北广西委外工厂
3893,编辑 删除,6292,芙丝湖北广西委外工厂,怀柔基地,0097,芙丝湖北广西委外工厂
3894,编辑 删除,6292,芙丝湖北广西委外工厂,海口基地,0096,芙丝湖北广西委外工厂
3895,编辑 删除,6292,芙丝湖北广西委外工厂,佛山基地,0095,芙丝湖北广西委外工厂
3896,编辑 删除,6292,芙丝湖北广西委外工厂,江苏基地,0094,芙丝湖北广西委外工厂
3897,编辑 删除,6292,芙丝湖北广西委外工厂,百仕欣怀柔工厂,0093,芙丝湖北广西委外工厂
3898,编辑 删除,6292,芙丝湖北广西委外工厂,驻马店宝供,0043,芙丝湖北广西委外工厂
3899,编辑 删除,6292,芙丝湖北广西委外工厂,青岛宝供,0042,芙丝湖北广西委外工厂
3900,编辑 删除,6292,芙丝湖北广西委外工厂,淮安宝供,0041,芙丝湖北广西委外工厂
3901,编辑 删除,6292,芙丝湖北广西委外工厂,台州宝供,0040,芙丝湖北广西委外工厂
3902,编辑 删除,6292,芙丝湖北广西委外工厂,荆州宝供,0039,芙丝湖北广西委外工厂
3903,编辑 删除,6292,芙丝湖北广西委外工厂,衡阳宝供,0038,芙丝湖北广西委外工厂
3904,编辑 删除,6292,芙丝湖北广西委外工厂,大理宝供,0037,芙丝湖北广西委外工厂
3905,编辑 删除,6292,芙丝湖北广西委外工厂,金华宝供,0036,芙丝湖北广西委外工厂
3906,编辑 删除,6292,芙丝湖北广西委外工厂,邵阳宝供,0035,芙丝湖北广西委外工厂
3907,编辑 删除,6292,芙丝湖北广西委外工厂,包头宝供,0034,芙丝湖北广西委外工厂
3908,编辑 删除,6292,芙丝湖北广西委外工厂,东莞常平宝供,0033,芙丝湖北广西委外工厂
3909,编辑 删除,6292,芙丝湖北广西委外工厂,温州宝供,0032,芙丝湖北广西委外工厂
3910,编辑 删除,6292,芙丝湖北广西委外工厂,合肥宝供,0031,芙丝湖北广西委外工厂
3911,编辑 删除,6292,芙丝湖北广西委外工厂,西宁宝供,0030,芙丝湖北广西委外工厂
3912,编辑 删除,6292,芙丝湖北广西委外工厂,湛江宝供,0029,芙丝湖北广西委外工厂
3913,编辑 删除,6292,芙丝湖北广西委外工厂,库尔勒宝供,0028,芙丝湖北广西委外工厂
3914,编辑 删除,6292,芙丝湖北广西委外工厂,天津宝供,0027,芙丝湖北广西委外工厂
3915,编辑 删除,6292,芙丝湖北广西委外工厂,汕头宝供,0026,芙丝湖北广西委外工厂
3916,编辑 删除,6292,芙丝湖北广西委外工厂,佛山宝供,0025,芙丝湖北广西委外工厂
3917,编辑 删除,6292,芙丝湖北广西委外工厂,喀什宝供,0024,芙丝湖北广西委外工厂
3918,编辑 删除,6292,芙丝湖北广西委外工厂,东莞南城宝供,0023,芙丝湖北广西委外工厂
3919,编辑 删除,6292,芙丝湖北广西委外工厂,新疆宝供,0022,芙丝湖北广西委外工厂
3920,编辑 删除,6292,芙丝湖北广西委外工厂,兰州宝供,0021,芙丝湖北广西委外工厂
3921,编辑 删除,6292,芙丝湖北广西委外工厂,西安宝供,0020,芙丝湖北广西委外工厂
3922,编辑 删除,6292,芙丝湖北广西委外工厂,重庆宝供,0019,芙丝湖北广西委外工厂
3923,编辑 删除,6292,芙丝湖北广西委外工厂,贵阳宝供,0018,芙丝湖北广西委外工厂
3924,编辑 删除,6292,芙丝湖北广西委外工厂,昆明宝供,0017,芙丝湖北广西委外工厂
3925,编辑 删除,6292,芙丝湖北广西委外工厂,成都宝供,0016,芙丝湖北广西委外工厂
3926,编辑 删除,6292,芙丝湖北广西委外工厂,海口宝供,0015,芙丝湖北广西委外工厂
3927,编辑 删除,6292,芙丝湖北广西委外工厂,长沙宝供,0014,芙丝湖北广西委外工厂
3928,编辑 删除,6292,芙丝湖北广西委外工厂,深圳宝供,0013,芙丝湖北广西委外工厂
3929,编辑 删除,6292,芙丝湖北广西委外工厂,柳州宝供,0012,芙丝湖北广西委外工厂
3930,编辑 删除,6292,芙丝湖北广西委外工厂,南宁宝供,0011,芙丝湖北广西委外工厂
3931,编辑 删除,6292,芙丝湖北广西委外工厂,广州宝供,0010,芙丝湖北广西委外工厂
3932,编辑 删除,6292,芙丝湖北广西委外工厂,上海宝供,0009,芙丝湖北广西委外工厂
3933,编辑 删除,6292,芙丝湖北广西委外工厂,杭州宝供,0008,芙丝湖北广西委外工厂
3934,编辑 删除,6292,芙丝湖北广西委外工厂,福州宝供,0007,芙丝湖北广西委外工厂
3935,编辑 删除,6292,芙丝湖北广西委外工厂,南京宝供,0006,芙丝湖北广西委外工厂
3936,编辑 删除,6292,芙丝湖北广西委外工厂,济南宝供,0005,芙丝湖北广西委外工厂
3937,编辑 删除,6292,芙丝湖北广西委外工厂,武汉宝供,0004,芙丝湖北广西委外工厂
3938,编辑 删除,6292,芙丝湖北广西委外工厂,郑州宝供,0003,芙丝湖北广西委外工厂
3939,编辑 删除,6292,芙丝湖北广西委外工厂,沈阳宝供,0002,芙丝湖北广西委外工厂
3940,编辑 删除,6292,芙丝湖北广西委外工厂,采购服务库位,0000,芙丝湖北广西委外工厂
3941,编辑 删除,6291,芙丝湖北奥瑞金委外工厂,在线库委外库存地,9005,芙丝湖北奥瑞金委外工厂
3942,编辑 删除,6291,芙丝湖北奥瑞金委外工厂,成品次品库存地,9004,芙丝湖北奥瑞金委外工厂
3943,编辑 删除,6291,芙丝湖北奥瑞金委外工厂,成品委外库存地,9003,芙丝湖北奥瑞金委外工厂
3944,编辑 删除,6291,芙丝湖北奥瑞金委外工厂,瓶柸委外库存地,9002,芙丝湖北奥瑞金委外工厂
3945,编辑 删除,6291,芙丝湖北奥瑞金委外工厂,原材料委外库存地,9001,芙丝湖北奥瑞金委外工厂
3946,编辑 删除,6291,芙丝湖北奥瑞金委外工厂,汕头睿通,6004,芙丝湖北奥瑞金委外工厂
3947,编辑 删除,6291,芙丝湖北奥瑞金委外工厂,湛江睿通,6003,芙丝湖北奥瑞金委外工厂
3948,编辑 删除,6291,芙丝湖北奥瑞金委外工厂,泉州睿通,6002,芙丝湖北奥瑞金委外工厂
3949,编辑 删除,6291,芙丝湖北奥瑞金委外工厂,福州睿通,6001,芙丝湖北奥瑞金委外工厂
3950,编辑 删除,6291,芙丝湖北奥瑞金委外工厂,南昌九裕,5001,芙丝湖北奥瑞金委外工厂
3951,编辑 删除,6291,芙丝湖北奥瑞金委外工厂,百色神龙,4005,芙丝湖北奥瑞金委外工厂
3952,编辑 删除,6291,芙丝湖北奥瑞金委外工厂,贵港神龙,4004,芙丝湖北奥瑞金委外工厂
3953,编辑 删除,6291,芙丝湖北奥瑞金委外工厂,柳州神龙,4003,芙丝湖北奥瑞金委外工厂
3954,编辑 删除,6291,芙丝湖北奥瑞金委外工厂,南宁神龙,4002,芙丝湖北奥瑞金委外工厂
3955,编辑 删除,6291,芙丝湖北奥瑞金委外工厂,南充神龙,4001,芙丝湖北奥瑞金委外工厂
3956,编辑 删除,6291,芙丝湖北奥瑞金委外工厂,成都神龙,4000,芙丝湖北奥瑞金委外工厂
3957,编辑 删除,6291,芙丝湖北奥瑞金委外工厂,汕头安和,3001,芙丝湖北奥瑞金委外工厂
3958,编辑 删除,6291,芙丝湖北奥瑞金委外工厂,湛江安和,3000,芙丝湖北奥瑞金委外工厂
3959,编辑 删除,6291,芙丝湖北奥瑞金委外工厂,怀柔数据在线,2049,芙丝湖北奥瑞金委外工厂
3960,编辑 删除,6291,芙丝湖北奥瑞金委外工厂,和田数据在线,2048,芙丝湖北奥瑞金委外工厂
3961,编辑 删除,6291,芙丝湖北奥瑞金委外工厂,天津数据在线,2047,芙丝湖北奥瑞金委外工厂
3962,编辑 删除,6291,芙丝湖北奥瑞金委外工厂,贵港数据在线,2045,芙丝湖北奥瑞金委外工厂
3963,编辑 删除,6291,芙丝湖北奥瑞金委外工厂,柳州数据在线,2044,芙丝湖北奥瑞金委外工厂
3964,编辑 删除,6291,芙丝湖北奥瑞金委外工厂,南宁数据在线,2043,芙丝湖北奥瑞金委外工厂
3965,编辑 删除,6291,芙丝湖北奥瑞金委外工厂,海口数据在线,2042,芙丝湖北奥瑞金委外工厂
3966,编辑 删除,6291,芙丝湖北奥瑞金委外工厂,东莞数据在线,2041,芙丝湖北奥瑞金委外工厂
3967,编辑 删除,6291,芙丝湖北奥瑞金委外工厂,深圳数据在线,2040,芙丝湖北奥瑞金委外工厂
3968,编辑 删除,6291,芙丝湖北奥瑞金委外工厂,广州数据在线,2039,芙丝湖北奥瑞金委外工厂
3969,编辑 删除,6291,芙丝湖北奥瑞金委外工厂,南昌数据在线,2038,芙丝湖北奥瑞金委外工厂
3970,编辑 删除,6291,芙丝湖北奥瑞金委外工厂,南充数据在线,2037,芙丝湖北奥瑞金委外工厂
3971,编辑 删除,6291,芙丝湖北奥瑞金委外工厂,成都数据在线,2036,芙丝湖北奥瑞金委外工厂
3972,编辑 删除,6291,芙丝湖北奥瑞金委外工厂,荆州数据在线,2035,芙丝湖北奥瑞金委外工厂
3973,编辑 删除,6291,芙丝湖北奥瑞金委外工厂,衡阳数据在线,2034,芙丝湖北奥瑞金委外工厂
3974,编辑 删除,6291,芙丝湖北奥瑞金委外工厂,邵阳数据在线,2033,芙丝湖北奥瑞金委外工厂
3975,编辑 删除,6291,芙丝湖北奥瑞金委外工厂,长沙数据在线,2032,芙丝湖北奥瑞金委外工厂
3976,编辑 删除,6291,芙丝湖北奥瑞金委外工厂,武汉数据在线,2031,芙丝湖北奥瑞金委外工厂
3977,编辑 删除,6291,芙丝湖北奥瑞金委外工厂,遵义数据在线,2030,芙丝湖北奥瑞金委外工厂
3978,编辑 删除,6291,芙丝湖北奥瑞金委外工厂,贵阳数据在线,2029,芙丝湖北奥瑞金委外工厂
3979,编辑 删除,6291,芙丝湖北奥瑞金委外工厂,重庆数据在线,2028,芙丝湖北奥瑞金委外工厂
3980,编辑 删除,6291,芙丝湖北奥瑞金委外工厂,大理数据在线,2027,芙丝湖北奥瑞金委外工厂
3981,编辑 删除,6291,芙丝湖北奥瑞金委外工厂,昆明数据在线,2026,芙丝湖北奥瑞金委外工厂
3982,编辑 删除,6291,芙丝湖北奥瑞金委外工厂,合肥数据在线,2025,芙丝湖北奥瑞金委外工厂
3983,编辑 删除,6291,芙丝湖北奥瑞金委外工厂,上海数据在线,2024,芙丝湖北奥瑞金委外工厂
3984,编辑 删除,6291,芙丝湖北奥瑞金委外工厂,南京数据在线,2023,芙丝湖北奥瑞金委外工厂
3985,编辑 删除,6291,芙丝湖北奥瑞金委外工厂,台州数据在线,2022,芙丝湖北奥瑞金委外工厂
3986,编辑 删除,6291,芙丝湖北奥瑞金委外工厂,金华数据在线,2021,芙丝湖北奥瑞金委外工厂
3987,编辑 删除,6291,芙丝湖北奥瑞金委外工厂,杭州数据在线,2020,芙丝湖北奥瑞金委外工厂
3988,编辑 删除,6291,芙丝湖北奥瑞金委外工厂,淮安数据在线,2019,芙丝湖北奥瑞金委外工厂
3989,编辑 删除,6291,芙丝湖北奥瑞金委外工厂,青岛数据在线,2018,芙丝湖北奥瑞金委外工厂
3990,编辑 删除,6291,芙丝湖北奥瑞金委外工厂,济南数据在线,2017,芙丝湖北奥瑞金委外工厂
3991,编辑 删除,6291,芙丝湖北奥瑞金委外工厂,西宁数据在线,2016,芙丝湖北奥瑞金委外工厂
3992,编辑 删除,6291,芙丝湖北奥瑞金委外工厂,库尔勒数据在线,2015,芙丝湖北奥瑞金委外工厂
3993,编辑 删除,6291,芙丝湖北奥瑞金委外工厂,喀什数据在线,2014,芙丝湖北奥瑞金委外工厂
3994,编辑 删除,6291,芙丝湖北奥瑞金委外工厂,西安数据在线,2013,芙丝湖北奥瑞金委外工厂
3995,编辑 删除,6291,芙丝湖北奥瑞金委外工厂,兰州数据在线,2012,芙丝湖北奥瑞金委外工厂
3996,编辑 删除,6291,芙丝湖北奥瑞金委外工厂,乌鲁木齐数据在线,2011,芙丝湖北奥瑞金委外工厂
3997,编辑 删除,6291,芙丝湖北奥瑞金委外工厂,驻马店数据在线,2010,芙丝湖北奥瑞金委外工厂
3998,编辑 删除,6291,芙丝湖北奥瑞金委外工厂,郑州数据在线,2009,芙丝湖北奥瑞金委外工厂
3999,编辑 删除,6291,芙丝湖北奥瑞金委外工厂,包头数据在线,2008,芙丝湖北奥瑞金委外工厂
4000,编辑 删除,6291,芙丝湖北奥瑞金委外工厂,长春数据在线,2007,芙丝湖北奥瑞金委外工厂
4001,编辑 删除,6291,芙丝湖北奥瑞金委外工厂,哈尔滨数据在线,2006,芙丝湖北奥瑞金委外工厂
4002,编辑 删除,6291,芙丝湖北奥瑞金委外工厂,沈阳数据在线,2005,芙丝湖北奥瑞金委外工厂
4003,编辑 删除,6291,芙丝湖北奥瑞金委外工厂,北京京津港平谷,2004,芙丝湖北奥瑞金委外工厂
4004,编辑 删除,6291,芙丝湖北奥瑞金委外工厂,北京数据在线,2003,芙丝湖北奥瑞金委外工厂
4005,编辑 删除,6291,芙丝湖北奥瑞金委外工厂,太原数据在线,2002,芙丝湖北奥瑞金委外工厂
4006,编辑 删除,6291,芙丝湖北奥瑞金委外工厂,数据在线,2001,芙丝湖北奥瑞金委外工厂
4007,编辑 删除,6291,芙丝湖北奥瑞金委外工厂,南充全程,1014,芙丝湖北奥瑞金委外工厂
4008,编辑 删除,6291,芙丝湖北奥瑞金委外工厂,遵义全程,1013,芙丝湖北奥瑞金委外工厂
4009,编辑 删除,6291,芙丝湖北奥瑞金委外工厂,泉州全程,1012,芙丝湖北奥瑞金委外工厂
4010,编辑 删除,6291,芙丝湖北奥瑞金委外工厂,长春全程,1011,芙丝湖北奥瑞金委外工厂
4011,编辑 删除,6291,芙丝湖北奥瑞金委外工厂,贵港全程,1010,芙丝湖北奥瑞金委外工厂
4012,编辑 删除,6291,芙丝湖北奥瑞金委外工厂,哈尔滨全程,1009,芙丝湖北奥瑞金委外工厂
4013,编辑 删除,6291,芙丝湖北奥瑞金委外工厂,沈阳全程,1008,芙丝湖北奥瑞金委外工厂
4014,编辑 删除,6291,芙丝湖北奥瑞金委外工厂,柳州全程,1007,芙丝湖北奥瑞金委外工厂
4015,编辑 删除,6291,芙丝湖北奥瑞金委外工厂,南宁全程,1006,芙丝湖北奥瑞金委外工厂
4016,编辑 删除,6291,芙丝湖北奥瑞金委外工厂,福州全程,1005,芙丝湖北奥瑞金委外工厂
4017,编辑 删除,6291,芙丝湖北奥瑞金委外工厂,贵阳全程,1004,芙丝湖北奥瑞金委外工厂
4018,编辑 删除,6291,芙丝湖北奥瑞金委外工厂,重庆全程,1003,芙丝湖北奥瑞金委外工厂
4019,编辑 删除,6291,芙丝湖北奥瑞金委外工厂,成都全程,1002,芙丝湖北奥瑞金委外工厂
4020,编辑 删除,6291,芙丝湖北奥瑞金委外工厂,南昌全程,1001,芙丝湖北奥瑞金委外工厂
4021,编辑 删除,6291,芙丝湖北奥瑞金委外工厂,虚拟库存地,0099,芙丝湖北奥瑞金委外工厂
4022,编辑 删除,6291,芙丝湖北奥瑞金委外工厂,咸宁基地,0098,芙丝湖北奥瑞金委外工厂
4023,编辑 删除,6291,芙丝湖北奥瑞金委外工厂,怀柔基地,0097,芙丝湖北奥瑞金委外工厂
4024,编辑 删除,6291,芙丝湖北奥瑞金委外工厂,海口基地,0096,芙丝湖北奥瑞金委外工厂
4025,编辑 删除,6291,芙丝湖北奥瑞金委外工厂,佛山基地,0095,芙丝湖北奥瑞金委外工厂
4026,编辑 删除,6291,芙丝湖北奥瑞金委外工厂,江苏基地,0094,芙丝湖北奥瑞金委外工厂
4027,编辑 删除,6291,芙丝湖北奥瑞金委外工厂,百仕欣怀柔工厂,0093,芙丝湖北奥瑞金委外工厂
4028,编辑 删除,6291,芙丝湖北奥瑞金委外工厂,驻马店宝供,0043,芙丝湖北奥瑞金委外工厂
4029,编辑 删除,6291,芙丝湖北奥瑞金委外工厂,青岛宝供,0042,芙丝湖北奥瑞金委外工厂
4030,编辑 删除,6291,芙丝湖北奥瑞金委外工厂,淮安宝供,0041,芙丝湖北奥瑞金委外工厂
4031,编辑 删除,6291,芙丝湖北奥瑞金委外工厂,台州宝供,0040,芙丝湖北奥瑞金委外工厂
4032,编辑 删除,6291,芙丝湖北奥瑞金委外工厂,荆州宝供,0039,芙丝湖北奥瑞金委外工厂
4033,编辑 删除,6291,芙丝湖北奥瑞金委外工厂,衡阳宝供,0038,芙丝湖北奥瑞金委外工厂
4034,编辑 删除,6291,芙丝湖北奥瑞金委外工厂,大理宝供,0037,芙丝湖北奥瑞金委外工厂
4035,编辑 删除,6291,芙丝湖北奥瑞金委外工厂,金华宝供,0036,芙丝湖北奥瑞金委外工厂
4036,编辑 删除,6291,芙丝湖北奥瑞金委外工厂,邵阳宝供,0035,芙丝湖北奥瑞金委外工厂
4037,编辑 删除,6291,芙丝湖北奥瑞金委外工厂,包头宝供,0034,芙丝湖北奥瑞金委外工厂
4038,编辑 删除,6291,芙丝湖北奥瑞金委外工厂,东莞常平宝供,0033,芙丝湖北奥瑞金委外工厂
4039,编辑 删除,6291,芙丝湖北奥瑞金委外工厂,温州宝供,0032,芙丝湖北奥瑞金委外工厂
4040,编辑 删除,6291,芙丝湖北奥瑞金委外工厂,合肥宝供,0031,芙丝湖北奥瑞金委外工厂
4041,编辑 删除,6291,芙丝湖北奥瑞金委外工厂,西宁宝供,0030,芙丝湖北奥瑞金委外工厂
4042,编辑 删除,6291,芙丝湖北奥瑞金委外工厂,湛江宝供,0029,芙丝湖北奥瑞金委外工厂
4043,编辑 删除,6291,芙丝湖北奥瑞金委外工厂,库尔勒宝供,0028,芙丝湖北奥瑞金委外工厂
4044,编辑 删除,6291,芙丝湖北奥瑞金委外工厂,天津宝供,0027,芙丝湖北奥瑞金委外工厂
4045,编辑 删除,6291,芙丝湖北奥瑞金委外工厂,汕头宝供,0026,芙丝湖北奥瑞金委外工厂
4046,编辑 删除,6291,芙丝湖北奥瑞金委外工厂,佛山宝供,0025,芙丝湖北奥瑞金委外工厂
4047,编辑 删除,6291,芙丝湖北奥瑞金委外工厂,喀什宝供,0024,芙丝湖北奥瑞金委外工厂
4048,编辑 删除,6291,芙丝湖北奥瑞金委外工厂,东莞南城宝供,0023,芙丝湖北奥瑞金委外工厂
4049,编辑 删除,6291,芙丝湖北奥瑞金委外工厂,新疆宝供,0022,芙丝湖北奥瑞金委外工厂
4050,编辑 删除,6291,芙丝湖北奥瑞金委外工厂,兰州宝供,0021,芙丝湖北奥瑞金委外工厂
4051,编辑 删除,6291,芙丝湖北奥瑞金委外工厂,西安宝供,0020,芙丝湖北奥瑞金委外工厂
4052,编辑 删除,6291,芙丝湖北奥瑞金委外工厂,重庆宝供,0019,芙丝湖北奥瑞金委外工厂
4053,编辑 删除,6291,芙丝湖北奥瑞金委外工厂,贵阳宝供,0018,芙丝湖北奥瑞金委外工厂
4054,编辑 删除,6291,芙丝湖北奥瑞金委外工厂,昆明宝供,0017,芙丝湖北奥瑞金委外工厂
4055,编辑 删除,6291,芙丝湖北奥瑞金委外工厂,成都宝供,0016,芙丝湖北奥瑞金委外工厂
4056,编辑 删除,6291,芙丝湖北奥瑞金委外工厂,海口宝供,0015,芙丝湖北奥瑞金委外工厂
4057,编辑 删除,6291,芙丝湖北奥瑞金委外工厂,长沙宝供,0014,芙丝湖北奥瑞金委外工厂
4058,编辑 删除,6291,芙丝湖北奥瑞金委外工厂,深圳宝供,0013,芙丝湖北奥瑞金委外工厂
4059,编辑 删除,6291,芙丝湖北奥瑞金委外工厂,柳州宝供,0012,芙丝湖北奥瑞金委外工厂
4060,编辑 删除,6291,芙丝湖北奥瑞金委外工厂,南宁宝供,0011,芙丝湖北奥瑞金委外工厂
4061,编辑 删除,6291,芙丝湖北奥瑞金委外工厂,广州宝供,0010,芙丝湖北奥瑞金委外工厂
4062,编辑 删除,6291,芙丝湖北奥瑞金委外工厂,上海宝供,0009,芙丝湖北奥瑞金委外工厂
4063,编辑 删除,6291,芙丝湖北奥瑞金委外工厂,杭州宝供,0008,芙丝湖北奥瑞金委外工厂
4064,编辑 删除,6291,芙丝湖北奥瑞金委外工厂,福州宝供,0007,芙丝湖北奥瑞金委外工厂
4065,编辑 删除,6291,芙丝湖北奥瑞金委外工厂,南京宝供,0006,芙丝湖北奥瑞金委外工厂
4066,编辑 删除,6291,芙丝湖北奥瑞金委外工厂,济南宝供,0005,芙丝湖北奥瑞金委外工厂
4067,编辑 删除,6291,芙丝湖北奥瑞金委外工厂,武汉宝供,0004,芙丝湖北奥瑞金委外工厂
4068,编辑 删除,6291,芙丝湖北奥瑞金委外工厂,郑州宝供,0003,芙丝湖北奥瑞金委外工厂
4069,编辑 删除,6291,芙丝湖北奥瑞金委外工厂,沈阳宝供,0002,芙丝湖北奥瑞金委外工厂
4070,编辑 删除,6291,芙丝湖北奥瑞金委外工厂,采购服务库位,0000,芙丝湖北奥瑞金委外工厂
4071,编辑 删除,6203,芙丝湖北十堰基地备件工厂,汕头睿通,6004,芙丝湖北十堰基地备件工厂
4072,编辑 删除,6203,芙丝湖北十堰基地备件工厂,湛江睿通,6003,芙丝湖北十堰基地备件工厂
4073,编辑 删除,6203,芙丝湖北十堰基地备件工厂,泉州睿通,6002,芙丝湖北十堰基地备件工厂
4074,编辑 删除,6203,芙丝湖北十堰基地备件工厂,福州睿通,6001,芙丝湖北十堰基地备件工厂
4075,编辑 删除,6203,芙丝湖北十堰基地备件工厂,怀柔数据在线,2049,芙丝湖北十堰基地备件工厂
4076,编辑 删除,6203,芙丝湖北十堰基地备件工厂,和田数据在线,2048,芙丝湖北十堰基地备件工厂
4077,编辑 删除,6203,芙丝湖北十堰基地备件工厂,天津数据在线,2047,芙丝湖北十堰基地备件工厂
4078,编辑 删除,6203,芙丝湖北十堰基地备件工厂,贵港数据在线,2045,芙丝湖北十堰基地备件工厂
4079,编辑 删除,6203,芙丝湖北十堰基地备件工厂,柳州数据在线,2044,芙丝湖北十堰基地备件工厂
4080,编辑 删除,6203,芙丝湖北十堰基地备件工厂,南宁数据在线,2043,芙丝湖北十堰基地备件工厂
4081,编辑 删除,6203,芙丝湖北十堰基地备件工厂,海口数据在线,2042,芙丝湖北十堰基地备件工厂
4082,编辑 删除,6203,芙丝湖北十堰基地备件工厂,东莞数据在线,2041,芙丝湖北十堰基地备件工厂
4083,编辑 删除,6203,芙丝湖北十堰基地备件工厂,深圳数据在线,2040,芙丝湖北十堰基地备件工厂
4084,编辑 删除,6203,芙丝湖北十堰基地备件工厂,广州数据在线,2039,芙丝湖北十堰基地备件工厂
4085,编辑 删除,6203,芙丝湖北十堰基地备件工厂,南昌数据在线,2038,芙丝湖北十堰基地备件工厂
4086,编辑 删除,6203,芙丝湖北十堰基地备件工厂,南充数据在线,2037,芙丝湖北十堰基地备件工厂
4087,编辑 删除,6203,芙丝湖北十堰基地备件工厂,成都数据在线,2036,芙丝湖北十堰基地备件工厂
4088,编辑 删除,6203,芙丝湖北十堰基地备件工厂,荆州数据在线,2035,芙丝湖北十堰基地备件工厂
4089,编辑 删除,6203,芙丝湖北十堰基地备件工厂,衡阳数据在线,2034,芙丝湖北十堰基地备件工厂
4090,编辑 删除,6203,芙丝湖北十堰基地备件工厂,邵阳数据在线,2033,芙丝湖北十堰基地备件工厂
4091,编辑 删除,6203,芙丝湖北十堰基地备件工厂,长沙数据在线,2032,芙丝湖北十堰基地备件工厂
4092,编辑 删除,6203,芙丝湖北十堰基地备件工厂,武汉数据在线,2031,芙丝湖北十堰基地备件工厂
4093,编辑 删除,6203,芙丝湖北十堰基地备件工厂,遵义数据在线,2030,芙丝湖北十堰基地备件工厂
4094,编辑 删除,6203,芙丝湖北十堰基地备件工厂,贵阳数据在线,2029,芙丝湖北十堰基地备件工厂
4095,编辑 删除,6203,芙丝湖北十堰基地备件工厂,重庆数据在线,2028,芙丝湖北十堰基地备件工厂
4096,编辑 删除,6203,芙丝湖北十堰基地备件工厂,大理数据在线,2027,芙丝湖北十堰基地备件工厂
4097,编辑 删除,6203,芙丝湖北十堰基地备件工厂,昆明数据在线,2026,芙丝湖北十堰基地备件工厂
4098,编辑 删除,6203,芙丝湖北十堰基地备件工厂,合肥数据在线,2025,芙丝湖北十堰基地备件工厂
4099,编辑 删除,6203,芙丝湖北十堰基地备件工厂,上海数据在线,2024,芙丝湖北十堰基地备件工厂
4100,编辑 删除,6203,芙丝湖北十堰基地备件工厂,南京数据在线,2023,芙丝湖北十堰基地备件工厂
4101,编辑 删除,6203,芙丝湖北十堰基地备件工厂,台州数据在线,2022,芙丝湖北十堰基地备件工厂
4102,编辑 删除,6203,芙丝湖北十堰基地备件工厂,金华数据在线,2021,芙丝湖北十堰基地备件工厂
4103,编辑 删除,6203,芙丝湖北十堰基地备件工厂,杭州数据在线,2020,芙丝湖北十堰基地备件工厂
4104,编辑 删除,6203,芙丝湖北十堰基地备件工厂,淮安数据在线,2019,芙丝湖北十堰基地备件工厂
4105,编辑 删除,6203,芙丝湖北十堰基地备件工厂,青岛数据在线,2018,芙丝湖北十堰基地备件工厂
4106,编辑 删除,6203,芙丝湖北十堰基地备件工厂,济南数据在线,2017,芙丝湖北十堰基地备件工厂
4107,编辑 删除,6203,芙丝湖北十堰基地备件工厂,西宁数据在线,2016,芙丝湖北十堰基地备件工厂
4108,编辑 删除,6203,芙丝湖北十堰基地备件工厂,库尔勒数据在线,2015,芙丝湖北十堰基地备件工厂
4109,编辑 删除,6203,芙丝湖北十堰基地备件工厂,喀什数据在线,2014,芙丝湖北十堰基地备件工厂
4110,编辑 删除,6203,芙丝湖北十堰基地备件工厂,西安数据在线,2013,芙丝湖北十堰基地备件工厂
4111,编辑 删除,6203,芙丝湖北十堰基地备件工厂,兰州数据在线,2012,芙丝湖北十堰基地备件工厂
4112,编辑 删除,6203,芙丝湖北十堰基地备件工厂,乌鲁木齐数据在线,2011,芙丝湖北十堰基地备件工厂
4113,编辑 删除,6203,芙丝湖北十堰基地备件工厂,驻马店数据在线,2010,芙丝湖北十堰基地备件工厂
4114,编辑 删除,6203,芙丝湖北十堰基地备件工厂,郑州数据在线,2009,芙丝湖北十堰基地备件工厂
4115,编辑 删除,6203,芙丝湖北十堰基地备件工厂,包头数据在线,2008,芙丝湖北十堰基地备件工厂
4116,编辑 删除,6203,芙丝湖北十堰基地备件工厂,长春数据在线,2007,芙丝湖北十堰基地备件工厂
4117,编辑 删除,6203,芙丝湖北十堰基地备件工厂,哈尔滨数据在线,2006,芙丝湖北十堰基地备件工厂
4118,编辑 删除,6203,芙丝湖北十堰基地备件工厂,沈阳数据在线,2005,芙丝湖北十堰基地备件工厂
4119,编辑 删除,6203,芙丝湖北十堰基地备件工厂,北京京津港平谷,2004,芙丝湖北十堰基地备件工厂
4120,编辑 删除,6203,芙丝湖北十堰基地备件工厂,北京数据在线,2003,芙丝湖北十堰基地备件工厂
4121,编辑 删除,6203,芙丝湖北十堰基地备件工厂,太原数据在线,2002,芙丝湖北十堰基地备件工厂
4122,编辑 删除,6203,芙丝湖北十堰基地备件工厂,咸宁基地,0098,芙丝湖北十堰基地备件工厂
4123,编辑 删除,6203,芙丝湖北十堰基地备件工厂,怀柔基地,0097,芙丝湖北十堰基地备件工厂
4124,编辑 删除,6203,芙丝湖北十堰基地备件工厂,佛山基地,0095,芙丝湖北十堰基地备件工厂
4125,编辑 删除,6203,芙丝湖北十堰基地备件工厂,江苏宜兴基地,0094,芙丝湖北十堰基地备件工厂
4126,编辑 删除,6203,芙丝湖北十堰基地备件工厂,废品库,0008,芙丝湖北十堰基地备件工厂
4127,编辑 删除,6203,芙丝湖北十堰基地备件工厂,半成品库,0007,芙丝湖北十堰基地备件工厂
4128,编辑 删除,6203,芙丝湖北十堰基地备件工厂,在线库,0005,芙丝湖北十堰基地备件工厂
4129,编辑 删除,6203,芙丝湖北十堰基地备件工厂,成品库,0004,芙丝湖北十堰基地备件工厂
4130,编辑 删除,6203,芙丝湖北十堰基地备件工厂,备品备件库,0003,芙丝湖北十堰基地备件工厂
4131,编辑 删除,6203,芙丝湖北十堰基地备件工厂,生产辅料库,0002,芙丝湖北十堰基地备件工厂
4132,编辑 删除,6203,芙丝湖北十堰基地备件工厂,生产原料库,0001,芙丝湖北十堰基地备件工厂
4133,编辑 删除,6203,芙丝湖北十堰基地备件工厂,采购服务库位,0000,芙丝湖北十堰基地备件工厂
4134,编辑 删除,6202,芙丝湖北十堰基地零价值工厂,废品库,0008,芙丝湖北十堰基地零价值工厂
4135,编辑 删除,6202,芙丝湖北十堰基地零价值工厂,备品备件库存地,0001,芙丝湖北十堰基地零价值工厂
4136,编辑 删除,6201,芙丝湖北十堰基地,西藏库位,XZ01,芙丝湖北十堰基地
4137,编辑 删除,6201,芙丝湖北十堰基地,促进物库位,9999,芙丝湖北十堰基地
4138,编辑 删除,6201,芙丝湖北十堰基地,汕头睿通,6004,芙丝湖北十堰基地
4139,编辑 删除,6201,芙丝湖北十堰基地,湛江睿通,6003,芙丝湖北十堰基地
4140,编辑 删除,6201,芙丝湖北十堰基地,泉州睿通,6002,芙丝湖北十堰基地
4141,编辑 删除,6201,芙丝湖北十堰基地,福州睿通,6001,芙丝湖北十堰基地
4142,编辑 删除,6201,芙丝湖北十堰基地,赣州数据在线,2053,芙丝湖北十堰基地
4143,编辑 删除,6201,芙丝湖北十堰基地,河北数据在线,2050,芙丝湖北十堰基地
4144,编辑 删除,6201,芙丝湖北十堰基地,怀柔数据在线,2049,芙丝湖北十堰基地
4145,编辑 删除,6201,芙丝湖北十堰基地,和田数据在线,2048,芙丝湖北十堰基地
4146,编辑 删除,6201,芙丝湖北十堰基地,天津数据在线,2047,芙丝湖北十堰基地
4147,编辑 删除,6201,芙丝湖北十堰基地,贵港数据在线,2045,芙丝湖北十堰基地
4148,编辑 删除,6201,芙丝湖北十堰基地,柳州数据在线,2044,芙丝湖北十堰基地
4149,编辑 删除,6201,芙丝湖北十堰基地,南宁数据在线,2043,芙丝湖北十堰基地
4150,编辑 删除,6201,芙丝湖北十堰基地,海口数据在线,2042,芙丝湖北十堰基地
4151,编辑 删除,6201,芙丝湖北十堰基地,东莞数据在线,2041,芙丝湖北十堰基地
4152,编辑 删除,6201,芙丝湖北十堰基地,深圳数据在线,2040,芙丝湖北十堰基地
4153,编辑 删除,6201,芙丝湖北十堰基地,广州数据在线,2039,芙丝湖北十堰基地
4154,编辑 删除,6201,芙丝湖北十堰基地,南昌数据在线,2038,芙丝湖北十堰基地
4155,编辑 删除,6201,芙丝湖北十堰基地,南充数据在线,2037,芙丝湖北十堰基地
4156,编辑 删除,6201,芙丝湖北十堰基地,成都数据在线,2036,芙丝湖北十堰基地
4157,编辑 删除,6201,芙丝湖北十堰基地,荆州数据在线,2035,芙丝湖北十堰基地
4158,编辑 删除,6201,芙丝湖北十堰基地,衡阳数据在线,2034,芙丝湖北十堰基地
4159,编辑 删除,6201,芙丝湖北十堰基地,邵阳数据在线,2033,芙丝湖北十堰基地
4160,编辑 删除,6201,芙丝湖北十堰基地,长沙数据在线,2032,芙丝湖北十堰基地
4161,编辑 删除,6201,芙丝湖北十堰基地,武汉数据在线,2031,芙丝湖北十堰基地
4162,编辑 删除,6201,芙丝湖北十堰基地,遵义数据在线,2030,芙丝湖北十堰基地
4163,编辑 删除,6201,芙丝湖北十堰基地,贵阳数据在线,2029,芙丝湖北十堰基地
4164,编辑 删除,6201,芙丝湖北十堰基地,重庆数据在线,2028,芙丝湖北十堰基地
4165,编辑 删除,6201,芙丝湖北十堰基地,大理数据在线,2027,芙丝湖北十堰基地
4166,编辑 删除,6201,芙丝湖北十堰基地,昆明数据在线,2026,芙丝湖北十堰基地
4167,编辑 删除,6201,芙丝湖北十堰基地,合肥数据在线,2025,芙丝湖北十堰基地
4168,编辑 删除,6201,芙丝湖北十堰基地,上海数据在线,2024,芙丝湖北十堰基地
4169,编辑 删除,6201,芙丝湖北十堰基地,南京数据在线,2023,芙丝湖北十堰基地
4170,编辑 删除,6201,芙丝湖北十堰基地,台州数据在线,2022,芙丝湖北十堰基地
4171,编辑 删除,6201,芙丝湖北十堰基地,金华数据在线,2021,芙丝湖北十堰基地
4172,编辑 删除,6201,芙丝湖北十堰基地,杭州数据在线,2020,芙丝湖北十堰基地
4173,编辑 删除,6201,芙丝湖北十堰基地,淮安数据在线,2019,芙丝湖北十堰基地
4174,编辑 删除,6201,芙丝湖北十堰基地,青岛数据在线,2018,芙丝湖北十堰基地
4175,编辑 删除,6201,芙丝湖北十堰基地,济南数据在线,2017,芙丝湖北十堰基地
4176,编辑 删除,6201,芙丝湖北十堰基地,西宁数据在线,2016,芙丝湖北十堰基地
4177,编辑 删除,6201,芙丝湖北十堰基地,库尔勒数据在线,2015,芙丝湖北十堰基地
4178,编辑 删除,6201,芙丝湖北十堰基地,喀什数据在线,2014,芙丝湖北十堰基地
4179,编辑 删除,6201,芙丝湖北十堰基地,西安数据在线,2013,芙丝湖北十堰基地
4180,编辑 删除,6201,芙丝湖北十堰基地,兰州数据在线,2012,芙丝湖北十堰基地
4181,编辑 删除,6201,芙丝湖北十堰基地,乌鲁木齐数据在线,2011,芙丝湖北十堰基地
4182,编辑 删除,6201,芙丝湖北十堰基地,驻马店数据在线,2010,芙丝湖北十堰基地
4183,编辑 删除,6201,芙丝湖北十堰基地,郑州数据在线,2009,芙丝湖北十堰基地
4184,编辑 删除,6201,芙丝湖北十堰基地,包头数据在线,2008,芙丝湖北十堰基地
4185,编辑 删除,6201,芙丝湖北十堰基地,长春数据在线,2007,芙丝湖北十堰基地
4186,编辑 删除,6201,芙丝湖北十堰基地,哈尔滨数据在线,2006,芙丝湖北十堰基地
4187,编辑 删除,6201,芙丝湖北十堰基地,沈阳数据在线,2005,芙丝湖北十堰基地
4188,编辑 删除,6201,芙丝湖北十堰基地,北京京津港平谷,2004,芙丝湖北十堰基地
4189,编辑 删除,6201,芙丝湖北十堰基地,北京数据在线,2003,芙丝湖北十堰基地
4190,编辑 删除,6201,芙丝湖北十堰基地,太原数据在线,2002,芙丝湖北十堰基地
4191,编辑 删除,6201,芙丝湖北十堰基地,咸宁基地,0098,芙丝湖北十堰基地
4192,编辑 删除,6201,芙丝湖北十堰基地,怀柔基地,0097,芙丝湖北十堰基地
4193,编辑 删除,6201,芙丝湖北十堰基地,佛山基地,0095,芙丝湖北十堰基地
4194,编辑 删除,6201,芙丝湖北十堰基地,江苏宜兴基地,0094,芙丝湖北十堰基地
4195,编辑 删除,6201,芙丝湖北十堰基地,神农水成品库,0009,芙丝湖北十堰基地
4196,编辑 删除,6201,芙丝湖北十堰基地,废品库,0008,芙丝湖北十堰基地
4197,编辑 删除,6201,芙丝湖北十堰基地,半成品库,0007,芙丝湖北十堰基地
4198,编辑 删除,6201,芙丝湖北十堰基地,在线库,0005,芙丝湖北十堰基地
4199,编辑 删除,6201,芙丝湖北十堰基地,成品库,0004,芙丝湖北十堰基地
4200,编辑 删除,6201,芙丝湖北十堰基地,备品备件库,0003,芙丝湖北十堰基地
4201,编辑 删除,6201,芙丝湖北十堰基地,生产辅料库,0002,芙丝湖北十堰基地
4202,编辑 删除,6201,芙丝湖北十堰基地,生产原料库,0001,芙丝湖北十堰基地
4203,编辑 删除,6201,芙丝湖北十堰基地,采购服务库位,0000,芙丝湖北十堰基地
4204,编辑 删除,6021,百仕欣生产基地罐装工厂,促进物库位,9999,百仕欣生产基地罐装工厂
4205,编辑 删除,6021,百仕欣生产基地罐装工厂,河北数据在线,2050,百仕欣生产基地罐装工厂
4206,编辑 删除,6021,百仕欣生产基地罐装工厂,怀柔数据在线,2049,百仕欣生产基地罐装工厂
4207,编辑 删除,6021,百仕欣生产基地罐装工厂,北京数据在线库位,2003,百仕欣生产基地罐装工厂
4208,编辑 删除,6021,百仕欣生产基地罐装工厂,数据在线,2001,百仕欣生产基地罐装工厂
4209,编辑 删除,6021,百仕欣生产基地罐装工厂,原料称料库,0099,百仕欣生产基地罐装工厂
4210,编辑 删除,6021,百仕欣生产基地罐装工厂,咸宁基地,0098,百仕欣生产基地罐装工厂
4211,编辑 删除,6021,百仕欣生产基地罐装工厂,原材料湖北基地暂存库,0016,百仕欣生产基地罐装工厂
4212,编辑 删除,6021,百仕欣生产基地罐装工厂,三号线在线库,0015,百仕欣生产基地罐装工厂
4213,编辑 删除,6021,百仕欣生产基地罐装工厂,三号线生产原料库,0011,百仕欣生产基地罐装工厂
4214,编辑 删除,6021,百仕欣生产基地罐装工厂,百仕欣总部周转库,0010,百仕欣生产基地罐装工厂
4215,编辑 删除,6021,百仕欣生产基地罐装工厂,总公司八佰里库,0009,百仕欣生产基地罐装工厂
4216,编辑 删除,6021,百仕欣生产基地罐装工厂,废品库,0008,百仕欣生产基地罐装工厂
4217,编辑 删除,6021,百仕欣生产基地罐装工厂,总公司仓库,0007,百仕欣生产基地罐装工厂
4218,编辑 删除,6021,百仕欣生产基地罐装工厂,委外原材料库存地,0006,百仕欣生产基地罐装工厂
4219,编辑 删除,6021,百仕欣生产基地罐装工厂,在线库,0005,百仕欣生产基地罐装工厂
4220,编辑 删除,6021,百仕欣生产基地罐装工厂,成品库,0004,百仕欣生产基地罐装工厂
4221,编辑 删除,6021,百仕欣生产基地罐装工厂,备品备件库,0003,百仕欣生产基地罐装工厂
4222,编辑 删除,6021,百仕欣生产基地罐装工厂,生产辅料库,0002,百仕欣生产基地罐装工厂
4223,编辑 删除,6021,百仕欣生产基地罐装工厂,生产原料库,0001,百仕欣生产基地罐装工厂
4224,编辑 删除,6021,百仕欣生产基地罐装工厂,采购服务库位,0000,百仕欣生产基地罐装工厂
4225,编辑 删除,6011,百仕欣生产基地瓶装工厂,促进物库位,9999,百仕欣生产基地瓶装工厂
4226,编辑 删除,6011,百仕欣生产基地瓶装工厂,河北数据在线,2050,百仕欣生产基地瓶装工厂
4227,编辑 删除,6011,百仕欣生产基地瓶装工厂,怀柔数据在线,2049,百仕欣生产基地瓶装工厂
4228,编辑 删除,6011,百仕欣生产基地瓶装工厂,北京数据在线库位,2003,百仕欣生产基地瓶装工厂
4229,编辑 删除,6011,百仕欣生产基地瓶装工厂,数据在线,2001,百仕欣生产基地瓶装工厂
4230,编辑 删除,6011,百仕欣生产基地瓶装工厂,原料称料库,0099,百仕欣生产基地瓶装工厂
4231,编辑 删除,6011,百仕欣生产基地瓶装工厂,咸宁基地,0098,百仕欣生产基地瓶装工厂
4232,编辑 删除,6011,百仕欣生产基地瓶装工厂,原材料湖北基地暂存库,0016,百仕欣生产基地瓶装工厂
4233,编辑 删除,6011,百仕欣生产基地瓶装工厂,三号线在线库,0015,百仕欣生产基地瓶装工厂
4234,编辑 删除,6011,百仕欣生产基地瓶装工厂,三号线生产原料库,0011,百仕欣生产基地瓶装工厂
4235,编辑 删除,6011,百仕欣生产基地瓶装工厂,百仕欣总部周转库,0010,百仕欣生产基地瓶装工厂
4236,编辑 删除,6011,百仕欣生产基地瓶装工厂,总公司八佰里库,0009,百仕欣生产基地瓶装工厂
4237,编辑 删除,6011,百仕欣生产基地瓶装工厂,废品库,0008,百仕欣生产基地瓶装工厂
4238,编辑 删除,6011,百仕欣生产基地瓶装工厂,总公司仓库,0007,百仕欣生产基地瓶装工厂
4239,编辑 删除,6011,百仕欣生产基地瓶装工厂,委外原材料库存地,0006,百仕欣生产基地瓶装工厂
4240,编辑 删除,6011,百仕欣生产基地瓶装工厂,在线库,0005,百仕欣生产基地瓶装工厂
4241,编辑 删除,6011,百仕欣生产基地瓶装工厂,成品库,0004,百仕欣生产基地瓶装工厂
4242,编辑 删除,6011,百仕欣生产基地瓶装工厂,备品备件库,0003,百仕欣生产基地瓶装工厂
4243,编辑 删除,6011,百仕欣生产基地瓶装工厂,生产辅料库,0002,百仕欣生产基地瓶装工厂
4244,编辑 删除,6011,百仕欣生产基地瓶装工厂,生产原料库,0001,百仕欣生产基地瓶装工厂
4245,编辑 删除,6011,百仕欣生产基地瓶装工厂,采购服务库位,0000,百仕欣生产基地瓶装工厂
4246,编辑 删除,6003,百仕欣公司宣传品工厂,总公司体育营销部,0001,百仕欣公司宣传品工厂
4247,编辑 删除,6003,百仕欣公司宣传品工厂,采购服务库位,0000,百仕欣公司宣传品工厂
4248,编辑 删除,6002,百仕欣怀柔备品备件零价值工厂,备品备件库存地,0001,百仕欣怀柔备品备件零价值工厂
4249,编辑 删除,6001,百仕欣北京怀柔基地,促进物库位,9999,百仕欣北京怀柔基地
4250,编辑 删除,6001,百仕欣北京怀柔基地,河北数据在线,2050,百仕欣北京怀柔基地
4251,编辑 删除,6001,百仕欣北京怀柔基地,怀柔数据在线,2049,百仕欣北京怀柔基地
4252,编辑 删除,6001,百仕欣北京怀柔基地,北京数据在线库位,2003,百仕欣北京怀柔基地
4253,编辑 删除,6001,百仕欣北京怀柔基地,数据在线,2001,百仕欣北京怀柔基地
4254,编辑 删除,6001,百仕欣北京怀柔基地,原料称料库,0099,百仕欣北京怀柔基地
4255,编辑 删除,6001,百仕欣北京怀柔基地,咸宁基地,0098,百仕欣北京怀柔基地
4256,编辑 删除,6001,百仕欣北京怀柔基地,原材料湖北基地暂存库,0016,百仕欣北京怀柔基地
4257,编辑 删除,6001,百仕欣北京怀柔基地,三号线在线库,0015,百仕欣北京怀柔基地
4258,编辑 删除,6001,百仕欣北京怀柔基地,三号线生产原料库,0011,百仕欣北京怀柔基地
4259,编辑 删除,6001,百仕欣北京怀柔基地,百仕欣总部周转库,0010,百仕欣北京怀柔基地
4260,编辑 删除,6001,百仕欣北京怀柔基地,总公司八佰里库,0009,百仕欣北京怀柔基地
4261,编辑 删除,6001,百仕欣北京怀柔基地,废品库,0008,百仕欣北京怀柔基地
4262,编辑 删除,6001,百仕欣北京怀柔基地,总公司仓库,0007,百仕欣北京怀柔基地
4263,编辑 删除,6001,百仕欣北京怀柔基地,委外原材料库存地,0006,百仕欣北京怀柔基地
4264,编辑 删除,6001,百仕欣北京怀柔基地,在线库,0005,百仕欣北京怀柔基地
4265,编辑 删除,6001,百仕欣北京怀柔基地,成品库,0004,百仕欣北京怀柔基地
4266,编辑 删除,6001,百仕欣北京怀柔基地,备品备件库,0003,百仕欣北京怀柔基地
4267,编辑 删除,6001,百仕欣北京怀柔基地,生产辅料库,0002,百仕欣北京怀柔基地
4268,编辑 删除,6001,百仕欣北京怀柔基地,生产原料库,0001,百仕欣北京怀柔基地
4269,编辑 删除,6001,百仕欣北京怀柔基地,采购服务库位,0000,百仕欣北京怀柔基地