id,pol,pod,route_code,handling_mode,ship_via,sort,ct_uid,up_uid,create_time
402,武汉,湖北省孝感市孝南区,Z09073,1,汽运,-402,1,,2024-04-18 14:54:48
403,汕头,广东省河源市,Z06390,1,汽运,-403,1,,2024-04-19 20:48:16
404,汕头,广东省汕头市潮阳区,Z06386,1,汽运,-404,1,1,2024-04-20 09:14:01
405,汕头,广东省汕头市普宁市,Z06387,1,汽运,-405,1,1,2024-04-20 09:14:38
6389,济南,山东省德州市庆云县,Z05891,,,0,,,2026-01-13 09:28:13
6390,,湖北省武汉市东西湖区,Z10239,,,0,,,2026-01-13 09:38:09
6391,太原,山西省朔州市应县,Z04004,,,0,,,2026-01-13 10:52:28
6392,太原,山西省晋中市平遥县,Z03962,,,0,,,2026-01-13 10:52:34
6393,西安,陕西省延安市宜川县,Z05621,,,0,,,2026-01-13 11:11:05
6394,西安,陕西省延安市延长县,Z05619,,,0,,,2026-01-13 11:11:15
6395,西安,陕西省延安市黄陵县,Z05616,,,0,,,2026-01-13 11:11:26
6396,西安,陕西省延安市富县,Z05636,,,0,,,2026-01-13 11:11:29
6397,驻马店,河南省南阳市社旗县,Z04896,,,0,,,2026-01-13 11:15:22
6398,驻马店,河南省信阳市息县,Z04916,,,0,,,2026-01-13 11:15:46
6399,西安,陕西省商洛市洛南县,Z05660,,,0,,,2026-01-13 13:38:34
6400,西安,陕西省安康市平利县,Z05653,,,0,,,2026-01-13 13:39:39
6401,乌鲁木齐,新疆维吾尔自治区阿勒泰地区青河县,Z05407,,,0,,,2026-01-13 14:11:26
6402,西宁,青海省海东市化隆回族自治县,Z05795,,,0,,,2026-01-13 16:49:23
6403,兰州,甘肃省嘉峪关市,Z05487,,,0,,,2026-01-13 16:49:54
6404,兰州,甘肃省定西市渭源县,Z05553,,,0,,,2026-01-13 16:50:19
6405,济南,山东省德州市平原县,Z05869,,,0,,,2026-01-13 17:23:04
6407,广州,广东省广州市海珠区,Z09326,,,0,,,2026-01-13 17:45:36
6408,广州,广东省广州市海珠区,Z07970,,,0,,,2026-01-13 17:46:25
6409,广州,广东省广州市海珠区,Z09318,,,0,,,2026-01-13 17:51:54
6410,西安,陕西省安康市旬阳市,Z05654,,,0,,,2026-01-13 17:55:50
6411,济南,山东省菏泽市东明县,Z05879,,,0,,,2026-01-13 17:56:27
6412,济南,山东省济宁市任城区,Z05817,,,0,,,2026-01-13 17:57:22
6413,济南,山东省德州市夏津县,Z05878,,,0,,,2026-01-13 17:57:50
6414,济南,山东省聊城市莘县,Z05874,,,0,,,2026-01-13 17:58:16
6415,济南,山东省德州市武城县,Z05900,,,0,,,2026-01-13 17:58:36
6416,杭州,浙江省宁波市北仑区,Z06430,,,0,,,2026-01-13 17:59:06
6417,包头,内蒙古自治区乌兰察布市兴和县,Z08613,,,0,,,2026-01-13 18:13:25
6418,包头,内蒙古自治区乌兰察布市丰镇市,Z08610,,,0,,,2026-01-13 18:13:26
6419,哈尔滨,黑龙江省黑河市逊克县,Z04614,,,0,,,2026-01-13 18:28:46
6420,石家庄,河北省石家庄市辛集市,Z08639,,,0,,,2026-01-13 18:34:48
6421,济南,山东省泰安市新泰市,Z05885,,,0,,,2026-01-14 09:41:44
6422,昆明,云南省普洱市宁洱哈尼族彝族自治县,Z07033,,,0,,,2026-01-14 14:28:15
6423,太原,山西省忻州市神池县,Z04025,,,0,,,2026-01-14 16:07:00
6424,太原,山西省运城市芮城县,Z04040,,,0,,,2026-01-14 16:07:43
6425,济南,山东省济宁市嘉祥县,Z05856,,,0,,,2026-01-14 17:17:16
6426,北京,河北省承德市承德县,Z04355,,,0,,,2026-01-14 17:21:26
6427,北京,河北省承德市宽城满族自治县,Z04349,,,0,,,2026-01-14 17:21:30
6428,兰州,甘肃省庆阳市宁县,Z05562,,,0,,,2026-01-14 17:23:10
6429,西安,陕西省渭南市华州区,Z05651,,,0,,,2026-01-14 17:23:24
6430,哈尔滨,黑龙江省鸡西市鸡冠区,Z04563,,,0,,,2026-01-14 17:39:02
6431,哈尔滨,黑龙江省哈尔滨市香坊区,Z04522,,,0,,,2026-01-14 17:39:14
6432,济南,山东省济宁市梁山县,Z05853,,,0,,,2026-01-14 17:54:30
6433,太原,山西省长治市襄垣县,Z04056,,,0,,,2026-01-14 17:54:43
6434,郑州,河南省郑州市二七区,Z04976,,,0,,,2026-01-14 18:23:30
6435,济南,山东省菏泽市巨野县,Z06040,,,0,,,2026-01-15 11:05:37
6436,济南,山东省滨州市滨城区,Z09394,,,0,,,2026-01-15 11:38:38
6437,北京,河北省承德市隆化县,Z04350,,,0,,,2026-01-15 13:30:52
6438,西安,宁夏回族自治区吴忠市青铜峡市,Z05648,,,0,,,2026-01-15 13:54:02
6439,济南,山东省滨州市沾化区,Z05898,,,0,,,2026-01-15 16:34:21
6440,广州,广东省清远市佛冈县,Z10519,,,0,,,2026-01-15 17:18:02
6441,南宁,广西壮族自治区百色市乐业县,Z09587,,,0,,,2026-01-15 17:23:28
6442,西安,陕西省商洛市商南县,Z05599,,,0,,,2026-01-15 17:25:15
6443,西安,陕西省商洛市丹凤县,Z05661,,,0,,,2026-01-15 17:25:17
6444,哈尔滨,内蒙古自治区呼伦贝尔市新巴尔虎左旗,Z04622,,,0,,,2026-01-15 17:45:36
6446,济南,,Z09399,,,0,,,2026-01-15 17:50:26
6447,驻马店,河南省许昌市襄城县,Z04926,,,0,,,2026-01-15 17:54:38
6448,石家庄,河北省保定市阜平县,Z08627,,,0,,,2026-01-15 18:15:42
6449,太原,山西省太原市杏花岭区,Z09564,,,0,,,2026-01-16 15:10:58
6450,,,Z01134,,,0,,,2026-01-16 15:11:29
6451,青岛,山东省日照市岚山区,Z10286,,,0,,,2026-01-16 15:51:30
6452,济南,山东省济宁市邹城市,Z05819,,,0,,,2026-01-16 16:39:52
6453,太原,山西省吕梁市岚县,Z03993,,,0,,,2026-01-16 17:29:45
6454,包头,内蒙古自治区乌兰察布市商都县,Z10041,,,0,,,2026-01-16 17:47:27
6455,包头,内蒙古自治区乌兰察布市四子王旗,Z05988,,,0,,,2026-01-16 18:11:31
6456,郑州,河南省三门峡市灵宝市,Z10446,,,0,,,2026-01-16 18:22:44
6457,石家庄,河北省邯郸市涉县,Z08692,,,0,,,2026-01-16 18:25:49
6458,石家庄,河北省邯郸市峰峰矿区,Z08680,,,0,,,2026-01-16 18:25:51
6459,哈尔滨,黑龙江省大兴安岭地区呼玛县,Z09719,,,0,,,2026-01-16 18:27:54
6460,贵港,广西壮族自治区贵港市桂平市,Z08418,,,0,,,2026-01-16 19:16:56
6461,济南,山东省滨州市无棣县,Z05894,,,0,,,2026-01-16 19:29:47
6462,济南,山东省聊城市临清市,Z05854,,,0,,,2026-01-16 19:30:15
6463,济南,山东省滨州市邹平市,Z05811,,,0,,,2026-01-16 19:30:53
6464,北京,河北省廊坊市永清县,Z04368,,,0,,,2026-01-19 14:08:05
6466,郑州,河南省濮阳市台前县,Z05000,,,0,,,2026-01-19 15:19:21
6467,郑州,河南省新乡市新乡县,Z09994,,,0,,,2026-01-19 15:22:21
6468,北京,河北省张家口市怀安县,Z04378,,,0,,,2026-01-19 15:28:53
6469,西宁,青海省果洛藏族自治州班玛县,Z05778,,,0,,,2026-01-19 15:57:04
6470,深圳,北京市北京市昌平区,000001,,,0,,,2026-01-19 18:06:32
6471,太原,山西省朔州市平鲁区,Z04001,,,0,,,2026-01-19 18:08:02
6472,柳州,广西壮族自治区河池市巴马瑶族自治县,Z10401,,,0,,,2026-01-19 18:43:02
6473,郑州,河南省洛阳市汝阳县,Z04938,,,0,,,2026-01-20 10:59:57
6474,济南,山东省聊城市茌平区,Z05871,,,0,,,2026-01-20 13:16:01
6475,济南,山东省济宁市曲阜市,Z05886,,,0,,,2026-01-20 13:16:22
6476,太原,山西省太原市娄烦县,Z04007,,,0,,,2026-01-20 13:17:58
6477,太原,山西省大同市阳高县,Z03958,,,0,,,2026-01-20 16:01:11
6478,金华,浙江省衢州市衢江区,Z10532,,,0,,,2026-01-20 16:23:34
6479,北京,河北省张家口市赤城县,Z04375,,,0,,,2026-01-20 17:03:47
6480,长春,吉林省白山市长白朝鲜族自治县,Z04656,,,0,,,2026-01-20 18:17:07
6481,海口,海南省文昌市文昌市,Z08005,,,0,,,2026-01-20 18:21:23
6482,太原,山西省临汾市乡宁县,Z03988,,,0,,,2026-01-20 18:37:28
6483,太原,山西省临汾市吉县,Z03983,,,0,,,2026-01-20 18:37:29
6484,太原,山西省太原市古交市,Z04006,,,0,,,2026-01-20 18:38:53
6485,太原,山西省长治市沁源县,Z04053,,,0,,,2026-01-21 11:08:03
6486,成都,四川省泸州市叙永县,Z10533,,,0,,,2026-01-21 11:29:51
6487,西安,宁夏回族自治区固原市隆德县,Z05579,,,0,,,2026-01-21 15:16:51
6488,泉州,,000001,,,0,,,2026-01-21 17:21:49
6489,济南,山东省济南市平阴县,Z05902,,,0,,,2026-01-21 17:46:02
6490,长春,内蒙古自治区兴安盟阿尔山市,Z04694,,,0,,,2026-01-21 17:47:30
6491,沈阳,内蒙古自治区通辽市奈曼旗,Z08834,,,0,,,2026-01-21 17:48:54
6492,西安,,Z05673,,,0,,,2026-01-21 18:21:23
6493,济南,山东省滨州市博兴县,Z05896,,,0,,,2026-01-22 11:25:41
6494,成都,四川省阿坝藏族羌族自治州马尔康市,Z07569,,,0,,,2026-01-22 14:13:25
6495,西安,陕西省咸阳市长武县,Z05671,,,0,,,2026-01-22 14:22:53
6496,西宁,,Z05802,,,0,,,2026-01-22 14:46:27
6497,乌鲁木齐,新疆维吾尔自治区乌鲁木齐市新市区,Z05429,,,0,,,2026-01-22 16:00:19
6498,兰州,甘肃省陇南市成县,Z05495,,,0,,,2026-01-22 16:01:31
6500,南昌,江西省上饶市信州区,Z07801,,,0,,,2026-01-22 17:38:36
6501,太原,山西省忻州市河曲县,Z04020,,,0,,,2026-01-22 18:09:15
6502,石家庄,河北省邯郸市广平县,Z08691,,,0,,,2026-01-22 18:34:24
6503,柳州,广西壮族自治区桂林市叠彩区,Z09634,,,0,,,2026-01-22 18:35:50
6504,贵港,广西壮族自治区贵港市桂平市,Z08354,,,0,,,2026-01-22 18:43:34
6505,石家庄,河北省邯郸市临漳县,Z08684,,,0,,,2026-01-22 18:44:38
6506,石家庄,河北省邯郸市肥乡区,Z08690,,,0,,,2026-01-22 18:44:45
6507,石家庄,河北省保定市竞秀区,Z08672,,,0,,,2026-01-22 18:46:31
6508,郑州,河南省洛阳市偃师区,Z09983,,,0,,,2026-01-23 17:06:27
6509,广州,广东省广州市海珠区,Z08008,,,0,,,2026-01-23 17:09:09
6510,石家庄,河北省沧州市吴桥县,Z08722,,,0,,,2026-01-23 18:21:11
6511,哈尔滨,黑龙江省齐齐哈尔市甘南县,Z04650,,,0,,,2026-01-23 18:22:29
6512,北京,河北省廊坊市文安县,Z04366,,,0,,,2026-01-23 18:31:17
6514,济南,山东省聊城市东阿县,Z05822,,,0,,,2026-01-23 19:22:29
6515,北京,吉林省长春市朝阳区,Z04334,,,0,,,2026-01-26 10:18:50
6516,,广东省广州市白云区,Z10535,,,0,,,2026-01-26 10:30:39
6517,喀什,新疆维吾尔自治区阿克苏地区阿克苏市,Z05807,,,0,,,2026-01-26 13:55:07
6518,南充,四川省南充市顺庆区,Z09869,,,0,,,2026-01-26 13:59:11
6520,济南,,Z09407,,,0,,,2026-01-26 16:24:50
6521,沈阳,辽宁省铁岭市铁岭县,Z04468,,,0,,,2026-01-26 17:45:27
6522,长春,吉林省吉林市船营区,Z10285,,,0,,,2026-01-26 17:47:14
6523,长春,吉林省通化市通化县,Z04682,,,0,,,2026-01-26 17:48:29
6524,沈阳,辽宁省葫芦岛市连山区,Z10315,,,0,,,2026-01-26 17:52:01
6525,济南,山东省淄博市淄川区,Z05848,,,0,,,2026-01-26 17:55:53
6527,石家庄,河北省石家庄市灵寿县,Z08740,,,0,,,2026-01-26 18:38:56
6528,石家庄,河北省邢台市内丘县,Z08695,,,0,,,2026-01-26 18:41:01
6529,兰州,甘肃省临夏回族自治州临夏县,Z09493,,,0,,,2026-01-26 18:51:13
6530,贵港,广西壮族自治区贵港市桂平市,Z08417,,,0,,,2026-01-26 18:52:27
6531,南京,,Z06629,,,0,,,2026-01-26 18:53:16
6532,昆明,云南省保山市龙陵县,Z07040,,,0,,,2026-01-26 18:53:16
6533,西安,,Z05600,,,0,,,2026-01-26 18:56:07
6534,兰州,甘肃省酒泉市玉门市,Z05560,,,0,,,2026-01-26 19:02:23
6535,郑州,河南省三门峡市陕州区,Z10013,,,0,,,2026-01-26 19:02:52
6536,太原,山西省大同市天镇县,Z03957,,,0,,,2026-01-26 19:04:11
6537,济南,山东省临沂市罗庄区,Z09408,,,0,,,2026-01-26 19:04:24
6538,济南,山东省泰安市东平县,Z05872,,,0,,,2026-01-26 19:04:59
6539,石家庄,河北省邯郸市武安市,Z08636,,,0,,,2026-01-27 10:57:57
6541,郑州,河南省安阳市北关区,Z04933,,,0,,,2026-01-27 14:29:20
6542,广州,广东省广州市海珠区,Z08038,,,0,,,2026-01-27 14:30:27
6543,南昌,江西省萍乡市湘东区,Z07800,,,0,,,2026-01-27 17:37:28
6544,太原,山西省长治市沁县,Z04052,,,0,,,2026-01-27 17:44:49
6545,石家庄,河北省保定市博野县,Z08667,,,0,,,2026-01-27 18:13:53
6546,石家庄,河北省石家庄市井陉县,Z08659,,,0,,,2026-01-27 18:13:58
6547,石家庄,河北省石家庄市深泽县,Z08741,,,0,,,2026-01-27 18:14:02
6548,兰州,甘肃省甘南藏族自治州玛曲县,Z05469,,,0,,,2026-01-27 19:22:16
6549,合肥,安徽省六安市叶集区,Z06575,,,0,,,2026-01-28 11:17:19
6550,太原,山西省运城市绛县,Z04037,,,0,,,2026-01-28 15:15:30
6551,泉州,福建省福州市台江区,Z10263,,,0,,,2026-01-28 16:37:48
6552,福州,福建省福州市台江区,Z08899,,,0,,,2026-01-28 16:49:44
6553,福州,福建省福州市台江区,Z08977,,,0,,,2026-01-28 16:50:35
6554,泉州,福建省福州市台江区,Z06275,,,0,,,2026-01-28 16:50:43
6555,哈尔滨,黑龙江省黑河市五大连池市,Z04562,,,0,,,2026-01-28 16:59:13
6556,西安,,Z05588,,,0,,,2026-01-28 18:06:33
6557,石家庄,河北省衡水市枣强县,Z08649,,,0,,,2026-01-28 18:08:01
6558,福州,福建省福州市台江区,Z06122,,,0,,,2026-01-28 18:14:58
6559,福州,福建省福州市台江区,Z08908,,,0,,,2026-01-28 18:17:34
6560,兰州,甘肃省天水市清水县,Z05466,,,0,,,2026-01-28 18:24:16
6561,兰州,甘肃省天水市秦州区,Z05541,,,0,,,2026-01-28 18:24:20
6562,兰州,甘肃省平凉市华亭市,Z05500,,,0,,,2026-01-28 18:24:34
6563,杭州,浙江省杭州市临平区,Z10218,,,0,,,2026-01-28 18:25:17
6564,合肥,安徽省宣城市旌德县,Z06561,,,0,,,2026-01-29 10:11:03
6565,西安,陕西省宝鸡市陇县,Z05640,,,0,,,2026-01-29 10:21:03
6566,太原,山西省大同市浑源县,Z03955,,,0,,,2026-01-29 10:44:34
6567,驻马店,河南省南阳市西峡县,Z04902,,,0,,,2026-01-29 16:32:32
6568,济南,山东省滨州市阳信县,Z10080,,,0,,,2026-01-29 17:12:22
6569,厦门,金华,zz1552,1,汽运,0,75,,2026-01-29 17:37:09
6570,,上海市上海市浦东新区,Z10536,,,0,,,2026-01-30 15:03:44
6572,北京,北京市北京市朝阳区,Z03722,,,0,,,2026-02-02 14:22:46
6574,泉州,福建省福州市台江区,Z06237,,,0,,,2026-02-02 14:38:39
6575,汕头,广东省汕头市龙湖区,Z06382,,,0,,,2026-02-02 15:29:58
6576,,上海市上海市嘉定区,Z10538,,,0,,,2026-02-02 15:57:36
6577,哈尔滨,,Z09682,,,0,,,2026-02-02 16:20:45
6578,哈尔滨,黑龙江省佳木斯市富锦市,Z10525,,,0,,,2026-02-02 16:20:58
6579,北京,北京市北京市朝阳区,Z03723,,,0,,,2026-02-02 16:25:36
6580,北京,北京市北京市朝阳区,Z00080,,,0,,,2026-02-02 16:25:37
6581,北京,河北省张家口市崇礼区,Z04376,,,0,,,2026-02-02 17:31:49
6582,和田,新疆维吾尔自治区喀什地区莎车县,Z10234,,,0,,,2026-02-02 18:19:25
6583,驻马店,河南省驻马店市驿城区,Z10037,,,0,,,2026-02-02 19:05:27
6584,太原,,Z04036,,,0,,,2026-02-02 19:12:15
6585,济南,山东省济南市历下区,Z09406,,,0,,,2026-02-02 19:16:06
6586,青岛,山东省青岛市黄岛区,Z09458,,,0,,,2026-02-03 11:16:57
6587,西安,陕西省延安市宝塔区,000001,,,0,,,2026-02-03 11:18:41
6588,西安,陕西省西安市鄠邑区,Z09906,,,0,,,2026-02-03 11:18:48
6589,杭州,上海市上海市虹口区,,,,0,,,2026-02-03 11:31:47
6590,杭州,上海市上海市静安区,,,,0,,,2026-02-03 11:31:48
6591,武汉,广东省江门市江海区,,,,0,,,2026-02-03 14:12:50
6592,库尔勒,新疆维吾尔自治区喀什地区喀什市,Z01892,,,0,,,2026-02-03 14:47:49
6593,杭州,上海市上海市松江区,,,,0,,,2026-02-03 15:42:43
6594,北京,河北省保定市莲池区,Z10222,,,0,,,2026-02-03 16:06:23
6595,北京,北京市北京市朝阳区,Z00076,,,0,,,2026-02-03 16:06:32
6596,南京,,Z06625,,,0,,,2026-02-03 16:29:37
6597,台州,浙江省温州市鹿城区,Z06486,,,0,,,2026-02-03 16:54:58
6598,西安,宁夏回族自治区石嘴山市惠农区,Z05666,,,0,,,2026-02-03 17:02:08
6599,台州,浙江省温州市鹿城区,Z06481,,,0,,,2026-02-03 17:25:22
6600,台州,浙江省温州市鹿城区,Z06483,,,0,,,2026-02-03 17:25:30
6601,台州,浙江省温州市鹿城区,Z06482,,,0,,,2026-02-03 17:25:38
6602,台州,浙江省温州市鹿城区,Z06479,,,0,,,2026-02-03 17:25:42
6603,台州,浙江省温州市鹿城区,Z06484,,,0,,,2026-02-03 17:25:46
6604,台州,浙江省温州市鹿城区,Z08841,,,0,,,2026-02-03 17:25:47
6608,兰州,甘肃省陇南市西和县,Z05472,,,0,,,2026-02-03 18:18:10
6609,兰州,甘肃省平凉市崇信县,Z05549,,,0,,,2026-02-03 18:20:52
6610,驻马店,河南省漯河市源汇区,,,,0,,,2026-02-03 18:47:30
6611,济南,山东省淄博市高青县,Z05907,,,0,,,2026-02-04 10:42:18
6612,太原,山西省运城市万荣县,Z04041,,,0,,,2026-02-04 14:32:22
6613,昆明,云南省怒江傈僳族自治州福贡县,Z07096,,,0,,,2026-02-04 14:59:51
6614,太原,山西省朔州市右玉县,Z04005,,,0,,,2026-02-04 15:45:12
6615,喀什,新疆维吾尔自治区巴音郭楞蒙古自治州轮台县,Z09213,,,0,,,2026-02-04 16:20:05
6616,郑州,河南省郑州市中原区,Z09962,,,0,,,2026-02-04 17:47:27
6617,泉州,福建省福州市台江区,Z06221,,,0,,,2026-02-04 18:06:30
6618,福州,福建省福州市台江区,Z06125,,,0,,,2026-02-04 18:06:59
6619,柳州,广西壮族自治区桂林市永福县,Z09638,,,0,,,2026-02-04 18:46:55
6620,北京,北京市北京市朝阳区,Z00764,,,0,,,2026-02-05 11:16:33
6621,青岛,山东省青岛市黄岛区,Z09453,,,0,,,2026-02-05 14:51:08
6622,青岛,山东省青岛市黄岛区,Z09452,,,0,,,2026-02-05 14:53:25
6623,兰州,甘肃省庆阳市华池县,Z05504,,,0,,,2026-02-05 16:34:48
6624,兰州,甘肃省庆阳市镇原县,Z05473,,,0,,,2026-02-05 16:34:57
6625,太原,山西省太原市杏花岭区,Z04015,,,0,,,2026-02-05 17:16:01
6626,太原,山西省太原市杏花岭区,Z04028,,,0,,,2026-02-05 17:16:06
6627,太原,山西省太原市杏花岭区,Z04003,,,0,,,2026-02-05 17:16:09
6628,太原,山西省太原市杏花岭区,Z03984,,,0,,,2026-02-05 17:18:44
6629,太原,山西省太原市杏花岭区,Z04057,,,0,,,2026-02-05 17:19:00
6630,金华,,Z06450,,,0,,,2026-02-05 17:24:01
6631,北京,北京市北京市朝阳区,Z00754,,,0,,,2026-02-05 17:27:54
6632,太原,山西省太原市杏花岭区,Z03952,,,0,,,2026-02-05 17:48:15
6633,合肥,安徽省淮南市凤台县,Z06512,,,0,,,2026-02-05 18:00:13
6634,沈阳,辽宁省沈阳市和平区,Z04463,,,0,,,2026-02-05 18:13:59
6635,太原,山西省太原市杏花岭区,Z04047,,,0,,,2026-02-06 11:10:56
6636,太原,山西省太原市杏花岭区,Z04032,,,0,,,2026-02-06 11:11:05
6637,西安,陕西省宝鸡市陈仓区,Z10087,,,0,,,2026-02-06 14:05:56
6638,太原,山西省吕梁市石楼县,Z03997,,,0,,,2026-02-06 16:06:39
6639,昆明,云南省曲靖市会泽县,Z07103,,,0,,,2026-02-06 16:24:24
6640,福州,福建省福州市台江区,Z06127,,,0,,,2026-02-06 18:13:08
6641,石家庄,河北省邢台市巨鹿县,Z08651,,,0,,,2026-02-06 18:25:06
6642,石家庄,河北省保定市莲池区,Z08661,,,0,,,2026-02-06 18:29:43
6643,贵阳,贵州省黔西南布依族苗族自治州贞丰县,Z06834,,,0,,,2026-02-06 18:30:23
6644,西安,陕西省宝鸡市凤县,Z05664,,,0,,,2026-02-06 19:11:28
6645,青岛,山东省青岛市黄岛区,Z05910,,,0,,,2026-02-09 14:37:44
6646,和田,新疆维吾尔自治区喀什地区叶城县,Z10235,,,0,,,2026-02-09 16:37:18
6647,武汉,湖北省天门市天门市,Z07264,,,0,,,2026-02-09 16:45:12
6649,郑州,河南省郑州市惠济区,Z09966,,,0,,,2026-02-09 19:24:46
6650,兰州,甘肃省临夏回族自治州临夏县,Z05492,,,0,,,2026-02-10 11:09:58
6651,青岛,山东省潍坊市寒亭区,Z10539,,,0,,,2026-02-10 17:27:51
6652,沈阳,,Z04459,,,0,,,2026-02-10 17:47:39
6653,兰州,甘肃省甘南藏族自治州舟曲县,Z05536,,,0,,,2026-02-10 18:13:42
6654,哈尔滨,黑龙江省哈尔滨市香坊区,Z09674,,,0,,,2026-02-11 17:38:40
6655,郑州,河南省郑州市金水区,Z09963,,,0,,,2026-02-11 18:05:54
6656,济南,山东省济南市历下区,Z09400,,,0,,,2026-02-24 14:46:48
6657,驻马店,河南省漯河市郾城区,Z04889,,,0,,,2026-02-24 16:47:41
6658,淮安,,Z06351,,,0,,,2026-02-24 17:23:22
6659,贵州基地,遵义,#REF!,1,汽运,0,75,,2026-02-24 17:26:06
6661,兰州,甘肃省陇南市康县,Z05561,,,0,,,2026-02-24 17:52:49
6662,驻马店,河南省许昌市,Z09482,,,0,,,2026-02-24 17:59:12
6663,石家庄,河北省衡水市冀州区,Z08708,,,0,,,2026-02-24 18:00:06
6664,驻马店,河南省南阳市宛城区,Z09477,,,0,,,2026-02-25 15:45:19
6665,昆明,云南省昆明市五华区,Z10186,,,0,,,2026-02-25 16:17:25
6666,南宁,,Z09601,,,0,,,2026-02-25 16:52:26
6667,南昌,江西省抚州市资溪县,Z09266,,,0,,,2026-02-25 17:14:00
6668,哈尔滨,黑龙江省双鸭山市尖山区,Z04568,,,0,,,2026-02-25 17:16:10
6669,青岛,山东省潍坊市昌邑市,,,,0,,,2026-02-25 17:28:06
6670,南昌,江西省南昌市安义县,Z09752,,,0,,,2026-02-25 17:56:03
6671,郑州,河南省新乡市牧野区,Z09993,,,0,,,2026-02-25 17:57:27
6674,合肥,安徽省淮南市潘集区,Z09419,,,0,,,2026-02-26 16:21:08
6676,贵州基地,贵阳,#REF!,1,汽运,0,75,,2026-02-26 17:21:39
6680,成都,四川省内江市资中县,Z07671,,,0,,,2026-02-26 17:42:01
6681,西安,陕西省西安市未央区,Z09905,,,0,,,2026-02-26 17:43:43
6682,济南,山东省济南市天桥区,Z09399,,,0,,,2026-02-26 17:44:24
6686,沈阳,辽宁省沈阳市和平区,Z04447,,,0,,,2026-03-02 17:28:23
6687,贵州基地,昆明,#REF!,1,汽运,0,75,,2026-03-02 17:30:11
6688,贵州基地,大理,#REF!,1,汽运,0,75,,2026-03-02 17:30:11
6689,泉州,,Z06275,,,0,,,2026-03-03 10:22:54
6690,兰州,甘肃省兰州市皋兰县,Z09491,,,0,,,2026-03-03 13:46:55
6691,乌鲁木齐,新疆维吾尔自治区乌鲁木齐市水磨沟区,Z09960,,,0,,,2026-03-03 15:51:51
6692,北京,河北省承德市平泉市,Z04352,,,0,,,2026-03-03 16:23:52
6693,贵州基地,南充,#REF!,1,汽运,0,75,,2026-03-04 17:27:37
6695,库尔勒,新疆维吾尔自治区喀什地区巴楚县,Z05722,,,0,,,2026-03-05 15:43:15
6696,库尔勒,新疆维吾尔自治区图木舒克市图木舒克市,Z05746,,,0,,,2026-03-05 15:43:16
6697,成都,四川省成都市武侯区,Z07660,,,0,,,2026-03-05 16:37:18
6702,济南,山东省德州市禹城市,Z06039,,,0,,,2026-03-06 15:05:04
6704,西安,陕西省咸阳市礼泉县,Z05646,,,0,,,2026-03-06 16:30:51
6705,沈阳,辽宁省沈阳市和平区,Z10493,,,0,,,2026-03-06 17:50:36
6706,沈阳,辽宁省大连市西岗区,Z04451,,,0,,,2026-03-06 18:11:22
6707,泉州,,Z06278,,,0,,,2026-03-09 09:25:00
6709,广州,,Z10313,,,0,,,2026-03-09 17:16:25
6710,福州,福建省泉州市永春县,Z06188,,,0,,,2026-03-09 18:22:09
6711,济南,辽宁省丹东市凤城市,Z09092,,,0,,,2026-03-10 13:17:46
6713,贵港,,Z09662,,,0,,,2026-03-10 17:57:20
6714,柳州,广西壮族自治区柳州市融水苗族自治县,Z08294,,,0,,,2026-03-11 11:36:18
6715,青岛,山东省青岛市市南区,Z09451,,,0,,,2026-03-11 13:38:29
6716,济南,山东省济宁市金乡县,Z05882,,,0,,,2026-03-13 09:11:34
6717,青岛,山东省日照市五莲县,Z10500,,,0,,,2026-03-13 11:05:04
6723,哈尔滨,黑龙江省哈尔滨市双城区,Z09673,,,0,,,2026-03-13 18:23:43
6724,石家庄,河北省石家庄市赵县,Z08731,,,0,,,2026-03-13 19:12:25
6725,荆州,湖北省襄阳市谷城县,Z07538,,,0,,,2026-03-13 19:12:52
6736,包头,内蒙古自治区呼和浩特市玉泉区,Z09725,,,0,,,2026-03-17 09:23:06
6737,成都,四川省绵阳市北川羌族自治县,Z07739,,,0,,,2026-03-17 14:11:54
6738,库尔勒,,Z05765,,,0,,,2026-03-18 14:38:58
6739,石家庄,河北省邢台市任泽区,Z08749,,,0,,,2026-03-19 18:01:45
6740,石家庄,河北省沧州市运河区,Z08728,,,0,,,2026-03-19 18:20:57
6747,北京,天津市天津市宁河区,Z08485,,,0,,,2026-03-23 16:31:49
6748,西宁,,Z10460,,,0,,,2026-03-23 18:19:29
6749,济南,山东省淄博市桓台县,Z05851,,,0,,,2026-03-24 11:31:49
6750,昆明,云南省昭通市巧家县,Z09245,,,0,,,2026-03-24 17:14:25
6751,,湖北省十堰市郧阳区,Z10206,,,0,,,2026-03-24 18:23:52
6752,石家庄,河北省邯郸市磁县,Z08681,,,0,,,2026-03-25 11:25:15
6753,青岛,山东省青岛市黄岛区,Z05929,,,0,,,2026-03-25 16:30:42
6754,沈阳,,Z04471,,,0,,,2026-03-25 17:57:38
6755,乌鲁木齐,新疆维吾尔自治区乌鲁木齐市新市区,Z09955,,,0,,,2026-03-25 18:05:27
6756,贵阳,贵州省黔西南布依族苗族自治州贞丰县,Z06843,,,0,,,2026-03-25 18:07:18
6757,太原,山西省吕梁市交城县,Z10146,,,0,,,2026-03-25 18:07:21
6758,北京,河北省承德市鹰手营子矿区,Z04356,,,0,,,2026-03-25 18:07:24
6759,北京,河北省承德市丰宁满族自治县,Z04348,,,0,,,2026-03-25 18:07:58
6760,太原,山西省忻州市偏关县,Z04024,,,0,,,2026-03-26 13:38:45
6761,沈阳,辽宁省辽阳市白塔区,Z10126,,,0,,,2026-03-26 18:17:27
6762,广州,广东省韶关市曲江区,Z10520,,,0,,,2026-03-26 18:58:15
6763,昆明,云南省昆明市官渡区,Z07075,,,0,,,2026-03-27 11:51:55
6764,湛江,广东省湛江市霞山区,Z06374,,,0,,,2026-03-27 15:56:54
6765,合肥,安徽省芜湖市南陵县,Z06576,,,0,,,2026-03-27 16:36:27
6766,成都,四川省内江市隆昌市,Z07669,,,0,,,2026-03-27 17:12:41
6767,哈尔滨,黑龙江省哈尔滨市道里区,Z04522,,,0,,,2026-03-27 17:37:57
6768,哈尔滨,黑龙江省哈尔滨市,Z09677,,,0,,,2026-03-27 17:44:05
6769,哈尔滨,黑龙江省哈尔滨市,Z09679,,,0,,,2026-03-27 17:44:12
6770,济南,山东省德州市陵城区,Z10081,,,0,,,2026-03-27 18:46:32
6771,济南,山东省济宁市微山县,,,,0,,,2026-03-27 23:13:39
6772,合肥,安徽省合肥市肥西县,Z06556,,,0,,,2026-03-30 15:40:12
6773,合肥,安徽省六安市裕安区,Z06502,,,0,,,2026-03-30 15:40:14
6774,合肥,安徽省安庆市桐城市,Z06505,,,0,,,2026-03-30 16:47:19
6775,太原,山西省晋中市和顺县,Z03969,,,0,,,2026-03-31 11:07:44
6776,长沙,湖南省常德市鼎城区,Z07295,,,0,,,2026-04-01 11:01:38
6777,成都,四川省甘孜藏族自治州康定市,Z10541,,,0,,,2026-04-01 13:57:18
6778,泉州,福建省泉州市丰泽区,,,,0,,,2026-04-01 16:18:44
6779,昆明,云南省昆明市盘龙区,Z10202,,,0,,,2026-04-01 17:12:54
6780,西安,陕西省延安市黄龙县,Z08887,,,0,,,2026-04-02 15:47:42
6781,西安,陕西省安康市石泉县,Z05649,,,0,,,2026-04-02 15:47:43
6783,泉州,福建省福州市台江区,Z06247,,,0,,,2026-04-07 16:15:52
6784,贵阳,贵州省遵义市红花岗区,Z06807,,,0,,,2026-04-07 18:26:37
6785,驻马店,,Z04897,,,0,,,2026-04-08 09:31:01
6786,合肥,安徽省黄山市黄山区,Z10540,,,0,,,2026-04-08 14:18:02
6787,石家庄,河北省衡水市桃城区,Z08757,,,0,,,2026-04-08 14:37:41
6788,东莞,广东省东莞市,,,,0,,,2026-04-08 16:10:38
6789,长沙,,Z09500,,,0,,,2026-04-09 11:45:10
6791,成都,四川省攀枝花市西区,Z10530,,,0,,,2026-04-10 15:30:45
6792,西安,陕西省安康市镇坪县,Z08889,,,0,,,2026-04-10 17:39:53
6793,长沙,湖南省湘潭市湘潭县,Z09505,,,0,,,2026-04-10 17:44:22
6794,石家庄,河北省沧州市海兴县,Z08732,,,0,,,2026-04-10 17:47:43
6795,昆明,云南省昆明市晋宁区,Z07077,,,0,,,2026-04-10 17:47:49
6796,太原,山西省太原市杏花岭区,Z03996,,,0,,,2026-04-10 18:18:56
6797,泉州,福建省福州市台江区,Z08863,,,0,,,2026-04-13 16:40:43
6798,沈阳,,000001,,,0,,,2026-04-13 17:28:00
6799,西安,陕西省西安市雁塔区,Z05641,,,0,,,2026-04-13 18:08:38
6800,衡阳,湖南省郴州市宜章县,Z07489,,,0,,,2026-04-14 17:42:48
6801,太原,,000001,,,0,,,2026-04-14 17:52:13
6802,成都,,000001,,,0,,,2026-04-14 17:52:15
6803,济南,,000001,,,0,,,2026-04-14 17:52:16
6804,乌鲁木齐,,000001,,,0,,,2026-04-14 17:52:19
6805,天津,,000001,,,0,,,2026-04-14 17:52:21
6806,哈尔滨,黑龙江省牡丹江市西安区,Z09715,,,0,,,2026-04-14 18:19:48
6807,贵阳,贵州省黔南布依族苗族自治州长顺县,Z06743,,,0,,,2026-04-14 18:37:47
6808,南昌,江西省南昌市南昌县,Z09750,,,0,,,2026-04-14 18:54:56
6809,西安,陕西省西安市雁塔区,Z10094,,,0,,,2026-04-15 11:13:55
6810,哈尔滨,内蒙古自治区呼伦贝尔市额尔古纳市,Z10200,,,0,,,2026-04-15 17:07:31
6813,太原,山西省忻州市代县,Z04017,,,0,,,2026-04-15 17:45:52
6814,西安,陕西省西安市雁塔区,Z09907,,,0,,,2026-04-16 15:58:03
6815,西安,宁夏回族自治区银川市贺兰县,Z10164,,,0,,,2026-04-17 14:03:07
6816,淮安,,Z06348,,,0,,,2026-04-20 14:40:42
6817,太原,山西省长治市黎城县,Z04049,,,0,,,2026-04-20 15:18:39
6820,衡阳,湖南省岳阳市岳阳楼区,Z10550,,,0,,,2026-04-21 14:45:33
6821,太原,山西省忻州市五台县,Z04026,,,0,,,2026-04-21 15:58:34
6822,衡阳,湖南省怀化市鹤城区,Z10548,,,0,,,2026-04-22 11:44:10
6823,长沙,湖南省邵阳市邵东市,Z07347,,,0,,,2026-04-23 10:45:08
6824,衡阳,湖南省邵阳市双清区,Z10544,,,0,,,2026-04-24 14:51:25
6825,哈尔滨,黑龙江省牡丹江市东宁市,Z04626,,,0,,,2026-04-27 16:36:41
6826,喀什,新疆维吾尔自治区和田地区和田市,Z05691,,,0,,,2026-04-27 16:38:32
6827,喀什,新疆维吾尔自治区和田地区墨玉县,Z05697,,,0,,,2026-04-27 16:40:04
6828,深圳,,Z07966,,,0,,,2026-04-27 16:41:28
6829,福州,福建省宁德市周宁县,Z06159,,,0,,,2026-04-28 17:52:19
6830,济南,山东省济南市历下区,Z05890,,,0,,,2026-04-28 17:52:23
6831,济南,山东省济南市历下区,Z09403,,,0,,,2026-04-28 17:59:08
6834,太原,山西省晋城市城区,Z03964,,,0,,,2026-05-06 15:15:46
6835,汕头,广东省揭阳市普宁市,Z10551,,,0,,,2026-05-06 15:58:40
6836,广州,广东省清远市清城区,Z07969,,,0,,,2026-05-06 17:32:55
6838,福州,福建省福州市台江区,Z06151,,,0,,,2026-05-07 18:33:27
6839,北京,北京市北京市怀柔区,Z04339,,,0,,,2026-05-08 13:19:27
6840,大理,云南省怒江傈僳族自治州泸水市,Z10552,,,0,,,2026-05-09 17:17:30
6841,成都,西藏自治区昌都市八宿县,Z07708,,,0,,,2026-05-11 15:53:29
6842,衡阳,湖南省永州市祁阳市,Z10547,,,0,,,2026-05-11 15:55:23
6844,泉州,福建省龙岩市新罗区,Z09066,,,0,,,2026-05-11 17:42:35
6845,衡阳,湖南省长沙市开福区,Z07457,,,0,,,2026-05-12 14:22:14
6846,昆明,云南省红河哈尼族彝族自治州开远市,,,,0,,,2026-05-13 17:40:05
6847,乌鲁木齐,新疆维吾尔自治区哈密市巴里坤哈萨克自治县,Z05422,,,0,,,2026-05-13 17:42:01
6848,武汉,湖北省襄阳市樊城区,Z10303,,,0,,,2026-05-13 17:43:13
6849,衡阳,湖南省长沙市开福区,Z07464,,,0,,,2026-05-14 15:54:17
6852,南昌,江西省上饶市鄱阳县,Z07876,,,0,,,2026-05-18 18:15:03
6853,长沙,湖南省怀化市鹤城区,Z09501,,,0,,,2026-05-19 10:53:47
6854,长沙,湖南省长沙市开福区,Z09501,,,0,,,2026-05-19 11:05:31
6855,南京,,Z06634,,,0,,,2026-05-19 14:22:21
6856,太原,山西省长治市潞城区,Z04050,,,0,,,2026-05-19 14:37:37
6857,济南,山东省济南市章丘区,Z10554,,,0,,,2026-05-19 16:21:21
6858,武汉,湖北省随州市随县,Z09891,,,0,,,2026-05-19 16:55:26
6859,荆州,湖北省武汉市江汉区,,,,0,,,2026-05-19 18:18:54
6860,北京,河北省张家口市崇礼区,Z04374,,,0,,,2026-05-20 11:08:31
6861,包头,内蒙古自治区呼和浩特市赛罕区,Z10475,,,0,,,2026-05-20 15:50:49
6866,荆州,湖北省荆门市东宝区,Z10172,,,0,,,2026-05-22 16:09:26
6867,太原,山西省运城市稷山县,Z04036,,,0,,,2026-05-22 17:11:55
6868,南昌,江西省上饶市鄱阳县,Z07870,,,0,,,2026-05-22 18:35:49
6869,重庆,重庆市重庆市云阳县,Z10543,,,0,,,2026-05-22 19:57:54
6870,福州,福建省福州市台江区,Z09012,,,0,,,2026-05-25 16:14:09
6871,太原,山西省吕梁市交口县,Z04013,,,0,,,2026-05-25 16:31:51
6872,沈阳,辽宁省本溪市明山区,Z10112,,,0,,,2026-05-25 18:46:43
6873,东莞,,Z08018,,,0,,,2026-05-26 17:56:13
6874,福州,福建省福州市闽侯县,Z08885,,,0,,,2026-05-26 17:57:51
6875,海口,海南省海口市龙华区,Z08012,,,0,,,2026-05-26 18:54:45
6876,,湖北省武汉市青山区,,,,0,,,2026-05-27 09:37:36
6877,青岛,,000001,,,0,,,2026-05-27 14:59:54
6878,郑州,河南省郑州市管城回族区,Z09962,,,0,,,2026-05-27 18:44:46
6879,郑州,河南省郑州市新郑市,Z09963,,,0,,,2026-05-27 18:51:17
6880,海口,,Z10067,,,0,,,2026-05-28 13:55:48
6881,济南,山东省济南市历下区,Z09399,,,0,,,2026-05-28 16:00:41
6882,济南,山东省济南市历下区,Z09404,,,0,,,2026-05-28 16:43:26
6883,杭州,北京市北京市朝阳区,Z06431,,,0,,,2026-06-01 13:51:55
6884,深圳,,Z09843,,,0,,,2026-06-01 17:45:05
6885,济南,山东省济南市历下区,Z05818,,,0,,,2026-06-01 18:19:16
6886,长春,吉林省长春市南关区,Z10505,,,0,,,2026-06-02 16:54:05
6887,重庆,重庆市重庆市云阳县,Z10557,,,0,,,2026-06-02 17:46:40
6888,北京,,Z04339,,,0,,,2026-06-03 11:06:19
6889,武汉,,Z09902,,,0,,,2026-06-03 16:25:03
6890,驻马店,河南省漯河市源汇区,Z04888,,,0,,,2026-06-03 17:35:37
6891,驻马店,河南省许昌市魏都区,Z09481,,,0,,,2026-06-04 10:23:30
6892,济南,山东省济南市历下区,Z09401,,,0,,,2026-06-04 17:49:45
6893,济南,山东省济南市历下区,Z05849,,,0,,,2026-06-08 16:27:17
6894,东莞,广东省东莞市,Z08024,,,0,,,2026-06-09 11:01:59
6895,南京,,Z09857,,,0,,,2026-06-09 16:15:43
6896,,,Z06587,,,0,,,2026-06-09 16:20:09
6899,和田,新疆维吾尔自治区喀什地区泽普县,Z10506,,,0,,,2026-06-09 17:47:11
6900,长沙,湖南省长沙市开福区,Z09509,,,0,,,2026-06-10 14:46:01
6901,长沙,湖南省长沙市开福区,Z07355,,,0,,,2026-06-10 16:32:02
6902,昆明,云南省大理白族自治州洱源县,Z07131,,,0,,,2026-06-11 13:11:07
6903,邵阳,湖南省长沙市开福区,Z07445,,,0,,,2026-06-11 18:12:20
6904,邵阳,湖南省长沙市开福区,Z09521,,,0,,,2026-06-11 18:18:21
6905,福州,福建省福州市台江区,Z10240,,,0,,,2026-06-11 18:21:16
6906,长沙,湖南省长沙市开福区,Z07380,,,0,,,2026-06-12 18:30:31
6907,衡阳,湖南省长沙市开福区,Z07459,,,0,,,2026-06-12 18:30:32
6908,福州,福建省福州市台江区,Z06142,,,0,,,2026-06-15 16:26:32
6909,长沙,湖南省长沙市开福区,Z07372,,,0,,,2026-06-15 19:15:07
6910,衡阳,湖南省长沙市开福区,Z07462,,,0,,,2026-06-16 16:40:00
6911,喀什,新疆维吾尔自治区阿克苏地区阿克苏市,Z05684,,,0,,,2026-06-16 16:46:30
6912,哈尔滨,黑龙江省绥化市肇东市,Z09673,,,0,,,2026-06-16 16:50:35
6913,南宁,,Z08094,,,0,,,2026-06-16 17:11:18
6914,西安,陕西省西安市雁塔区,Z05614,,,0,,,2026-06-16 17:53:53
6915,西安,,Z05609,,,0,,,2026-06-16 17:55:17
6916,西安,陕西省咸阳市渭城区,Z05612,,,0,,,2026-06-16 17:55:19
6917,西安,陕西省延安市宝塔区,Z05613,,,0,,,2026-06-16 17:55:21
6918,西安,陕西省安康市汉滨区,Z05589,,,0,,,2026-06-17 11:33:08
6919,西安,陕西省宝鸡市金台区,Z05593,,,0,,,2026-06-17 17:58:11
6920,南昌,江西省上饶市鄱阳县,Z07878,,,0,,,2026-06-17 17:58:35
6921,武汉,湖北省黄石市黄石港区,Z10555,,,0,,,2026-06-17 18:02:20
6922,贵阳,贵州省贵阳市修文县,Z06857,,,0,,,2026-06-17 18:02:47
6923,泉州,福建省福州市福清市,000001,,,0,,,2026-06-18 18:07:55
6924,重庆,重庆市重庆市两江新区,Z09917,,,0,,,2026-06-18 18:50:46
6926,上海,广东省深圳市龙岗区,,,,0,,,2026-06-22 14:19:33
6927,南昌,广东省深圳市龙岗区,,,,0,,,2026-06-22 14:19:46
6928,杭州,广东省深圳市龙岗区,,,,0,,,2026-06-22 14:23:42
6929,南京,广东省深圳市龙岗区,,,,0,,,2026-06-22 14:23:42
6930,西安,宁夏回族自治区吴忠市盐池县,Z05669,,,0,,,2026-06-22 17:48:37
6931,长沙,广东省深圳市龙岗区,,,,0,,,2026-06-23 11:31:35
6932,太原,广东省深圳市龙岗区,000001,,,0,,,2026-06-23 15:20:12
6933,北京,广东省深圳市龙岗区,000001,,,0,,,2026-06-23 15:20:14
6934,石家庄,广东省深圳市龙岗区,000001,,,0,,,2026-06-23 15:20:18
6935,青岛,广东省深圳市龙岗区,000001,,,0,,,2026-06-23 15:20:19
6936,武汉,广东省深圳市龙岗区,000001,,,0,,,2026-06-23 15:20:20
6937,济南,广东省深圳市龙岗区,000001,,,0,,,2026-06-23 15:20:21
6938,南充,广东省深圳市龙岗区,000001,,,0,,,2026-06-23 15:20:23
6939,贵阳,广东省深圳市龙岗区,000001,,,0,,,2026-06-23 15:20:25
6940,南宁,广东省深圳市龙岗区,000001,,,0,,,2026-06-23 15:20:27
6941,南充,四川省成都市武侯区,Z09870,,,0,,,2026-06-23 17:26:20
6942,衡阳,湖南省衡阳市耒阳市,Z07483,,,0,,,2026-06-23 18:19:55
6943,成都,广东省深圳市龙岗区,000001,,,0,,,2026-06-23 18:23:16
6944,成都,广东省深圳市龙岗区,,,,0,,,2026-06-24 11:13:10
6945,昆明,广东省深圳市龙岗区,,,,0,,,2026-06-24 15:21:50
6946,哈尔滨,广东省深圳市龙岗区,,,,0,,,2026-06-24 15:21:55
6947,郑州,广东省深圳市龙岗区,,,,0,,,2026-06-24 15:21:57
6948,重庆,广东省深圳市龙岗区,,,,0,,,2026-06-24 15:21:58
6949,长春,广东省深圳市龙岗区,,,,0,,,2026-06-24 15:21:59
6950,沈阳,广东省深圳市龙岗区,,,,0,,,2026-06-24 15:22:02
6951,泉州,福建省厦门市翔安区,Z08983,,,0,,,2026-06-24 18:12:50
6952,合肥,安徽省六安市霍山县,Z06572,,,0,,,2026-06-24 19:28:28
6954,济南,山东省济南市商河县,Z05903,,,0,,,2026-06-25 17:28:04
6955,北京,北京市北京市朝阳区,Z04372,,,0,,,2026-06-25 17:29:36
6956,福州,,Z08989,,,0,,,2026-06-25 18:20:43
6957,哈尔滨,内蒙古自治区呼伦贝尔市莫力达瓦达斡尔族自治旗,Z04522,,,0,,,2026-06-25 18:25:29
5782,乌鲁木齐,新疆维吾尔自治区昌吉回族自治州呼图壁县,Z10304,,,0,,,2025-12-05 16:09:54
5783,库尔勒,新疆维吾尔自治区巴音郭楞蒙古自治州和静县,Z05751,,,0,,,2025-12-05 16:10:57
5784,兰州,甘肃省酒泉市肃州区,Z09488,,,0,,,2025-12-05 16:11:06
5785,合肥,安徽省安庆市潜山市,Z06523,,,0,,,2025-12-05 16:24:15
5786,石家庄,河北省保定市高碑店市,Z08677,,,0,,,2025-12-05 17:30:58
5787,石家庄,河北省邢台市新河县,Z08698,,,0,,,2025-12-05 17:31:28
5788,合肥,安徽省黄山市休宁县,Z06569,,,0,,,2025-12-05 17:34:39
5789,兰州,甘肃省庆阳市西峰区,Z05506,,,0,,,2025-12-05 17:35:02
5790,合肥,安徽省黄山市歙县,Z06563,,,0,,,2025-12-05 17:35:19
5791,合肥,安徽省黄山市黄山区,Z06555,,,0,,,2025-12-05 17:36:04
5792,合肥,安徽省六安市,Z06575,,,0,,,2025-12-05 17:37:16
5793,石家庄,河北省邯郸市曲周县,Z08683,,,0,,,2025-12-05 18:06:07
5794,太原,山西省晋中市榆社县,Z03974,,,0,,,2025-12-05 18:06:11
5800,奥瑞金战马,北京基地,#N/A,1,汽运,0,89,,2025-12-05 18:17:33
5801,奥瑞金战马,百仕欣,#N/A,1,汽运,0,89,,2025-12-05 18:17:33
5806,奥瑞金战马,广东基地,#N/A,1,汽运,0,89,,2025-12-05 18:17:34
5810,西安,陕西省延安市志丹县,Z05622,,,0,,,2025-12-05 18:29:30
5811,西安,陕西省榆林市神木市,Z05675,,,0,,,2025-12-05 18:29:57
5812,西安,陕西省宝鸡市眉县,Z05641,,,0,,,2025-12-05 18:30:40
5813,西安,陕西省延安市洛川县,Z05617,,,0,,,2025-12-05 18:33:35
5814,金华,浙江省金华市东阳市,Z08851,,,0,,,2025-12-08 10:52:31
5815,西安,陕西省咸阳市杨陵区,Z05581,,,0,,,2025-12-08 11:12:30
5816,西安,陕西省安康市岚皋县,Z05566,,,0,,,2025-12-08 11:12:44
5817,兰州,甘肃省天水市甘谷县,Z05508,,,0,,,2025-12-08 11:23:09
5818,乌鲁木齐,新疆维吾尔自治区阿勒泰地区吉木乃县,Z05406,,,0,,,2025-12-08 11:45:02
5819,乌鲁木齐,新疆维吾尔自治区昌吉回族自治州玛纳斯县,Z05416,,,0,,,2025-12-08 11:45:03
5821,太原,山西省忻州市原平市,Z04029,,,0,,,2025-12-08 13:38:10
5824,西宁,,Z06098,,,0,,,2025-12-08 15:11:19
5825,兰州,甘肃省天水市麦积区,Z09496,,,0,,,2025-12-08 15:15:08
5826,西安,陕西省咸阳市彬州市,Z05570,,,0,,,2025-12-08 16:12:26
5827,库尔勒,新疆维吾尔自治区阿拉尔市阿拉尔市,Z05741,,,0,,,2025-12-08 16:12:45
5828,西安,陕西省铜川市宜君县,Z10477,,,0,,,2025-12-08 16:43:06
5829,西安,陕西省西安市新城区,Z10089,,,0,,,2025-12-08 16:43:12
5830,太原,山西省晋中市寿阳县,Z03972,,,0,,,2025-12-08 17:13:53
5831,太原,山西省晋城市沁水县,Z03966,,,0,,,2025-12-08 17:13:58
5838,金华,浙江省丽水市龙泉市,Z06462,,,0,,,2025-12-08 17:45:43
5839,沈阳,辽宁省朝阳市建平县,Z04476,,,0,,,2025-12-08 18:10:13
5840,长春,吉林省长春市农安县,Z09576,,,0,,,2025-12-08 18:12:50
5841,哈尔滨,,Z09678,,,0,,,2025-12-08 18:15:45
5842,石家庄,河北省雄安新区容城县,Z08675,,,0,,,2025-12-08 18:16:48
5843,武汉,,Z07272,,,0,,,2025-12-08 18:17:39
5844,郑州,河南省郑州市中原区,Z04973,,,0,,,2025-12-08 18:19:39
5845,郑州,河南省濮阳市清丰县,Z05019,,,0,,,2025-12-08 18:19:45
5846,西安,陕西省铜川市印台区,Z10085,,,0,,,2025-12-08 18:20:12
5847,西宁,青海省玉树藏族自治州玉树市,Z05776,,,0,,,2025-12-08 18:56:36
5848,驻马店,,Z04912,,,0,,,2025-12-09 09:14:19
5849,南充,四川省达州市渠县,Z09873,,,0,,,2025-12-09 10:15:18
5850,成都,四川省自贡市自流井区,Z09758,,,0,,,2025-12-09 10:16:06
5851,天津,河北省唐山市开平区,Z10445,,,0,,,2025-12-09 10:37:04
5852,西安,宁夏回族自治区银川市贺兰县,Z05588,,,0,,,2025-12-09 11:19:03
5854,兰州,甘肃省平凉市泾川县,Z05501,,,0,,,2025-12-09 11:19:19
5855,兰州,甘肃省临夏回族自治州和政县,Z05545,,,0,,,2025-12-09 11:19:22
5856,昆明,云南省大理白族自治州大理市,Z07049,,,0,,,2025-12-09 13:54:59
5857,西宁,青海省玉树藏族自治州治多县,Z05780,,,0,,,2025-12-09 14:44:43
5858,兰州,甘肃省甘南藏族自治州卓尼县,Z05542,,,0,,,2025-12-09 14:46:52
5859,太原,山西省运城市河津市,Z04034,,,0,,,2025-12-09 16:09:55
5860,太原,山西省阳泉市平定县,Z04030,,,0,,,2025-12-09 16:10:27
5861,成都,四川省攀枝花市米易县,Z07729,,,0,,,2025-12-09 16:10:45
5862,淮安,江苏省徐州市云龙区,Z09546,,,0,,,2025-12-09 16:12:22
5867,西安,陕西省安康市紫阳县,Z05592,,,0,,,2025-12-09 17:36:15
5868,驻马店,河南省驻马店市西平县,Z04873,,,0,,,2025-12-09 17:37:18
5869,青岛,山东省日照市莒县,Z05933,,,0,,,2025-12-09 17:39:02
5870,合肥,安徽省合肥市巢湖市,Z06500,,,0,,,2025-12-09 17:39:49
5871,青岛,山东省东营市东营区,Z09449,,,0,,,2025-12-09 17:39:58
5872,青岛,山东省东营市广饶县,Z05936,,,0,,,2025-12-09 17:40:37
5873,淮安,,Z09546,,,0,,,2025-12-09 17:42:34
5874,石家庄,河北省石家庄市平山县,Z08647,,,0,,,2025-12-09 17:59:25
5875,贵阳,贵州省黔东南苗族侗族自治州黎平县,Z07200,,,0,,,2025-12-09 18:05:40
5876,沈阳,辽宁省营口市大石桥市,Z04470,,,0,,,2025-12-09 18:09:55
5877,郑州,河南省濮阳市濮阳县,Z04955,,,0,,,2025-12-09 18:11:28
5878,石家庄,河北省邯郸市丛台区,Z08713,,,0,,,2025-12-09 18:11:39
5879,郑州,,Z04955,,,0,,,2025-12-09 18:12:07
5880,上海,上海市上海市虹口区,Z06586,,,0,,,2025-12-10 10:55:42
5881,郑州,河南省三门峡市渑池县,Z05017,,,0,,,2025-12-10 11:26:36
5882,金华,浙江省丽水市莲都区,Z09844,,,0,,,2025-12-10 13:41:04
5883,青岛,山东省东营市河口区,Z06036,,,0,,,2025-12-10 14:12:03
5884,合肥,安徽省滁州市天长市,Z06536,,,0,,,2025-12-10 14:12:16
5886,西安,陕西省安康市汉滨区,Z09907,,,0,,,2025-12-10 14:53:50
5887,兰州,甘肃省白银市靖远县,Z05479,,,0,,,2025-12-10 16:18:10
5888,西安,陕西省安康市旬阳市,Z09907,,,0,,,2025-12-10 16:19:24
5889,哈尔滨,黑龙江省七台河市桃山区,Z09711,,,0,,,2025-12-10 16:49:08
5890,哈尔滨,黑龙江省七台河市茄子河区,Z09711,,,0,,,2025-12-10 16:49:13
5891,哈尔滨,内蒙古自治区呼伦贝尔市牙克石市,Z04582,,,0,,,2025-12-10 16:50:03
5892,青岛,山东省潍坊市诸城市,Z05943,,,0,,,2025-12-10 16:53:07
5895,郑州,河南省新乡市辉县市,Z10001,,,0,,,2025-12-10 17:35:02
5896,广州,广东省佛山市南海区,Z09326,,,0,,,2025-12-10 17:35:51
5897,郑州,河南省洛阳市老城区,Z04938,,,0,,,2025-12-10 17:37:33
5898,郑州,河南省洛阳市偃师区,Z05010,,,0,,,2025-12-10 17:38:56
5899,合肥,安徽省安庆市怀宁县,Z06517,,,0,,,2025-12-10 17:39:30
5900,乌鲁木齐,新疆维吾尔自治区五家渠市五家渠市,Z05430,,,0,,,2025-12-10 17:40:37
5901,乌鲁木齐,新疆维吾尔自治区昌吉回族自治州呼图壁县,Z05414,,,0,,,2025-12-10 17:40:41
5902,赣州,江西省吉安市永丰县,Z09924,,,0,,,2025-12-11 10:19:07
5903,太原,山西省晋城市高平市,Z03963,,,0,,,2025-12-11 10:19:20
5904,太原,山西省太原市万柏林区,Z09563,,,0,,,2025-12-11 10:19:28
5905,重庆,重庆市重庆市两江新区,Z09914,,,0,,,2025-12-11 11:20:15
5906,库尔勒,新疆维吾尔自治区阿克苏地区库车市,Z05757,,,0,,,2025-12-11 11:20:19
5907,喀什,新疆维吾尔自治区石河子市石河子市,Z05720,,,0,,,2025-12-11 11:20:29
5908,西安,陕西省宝鸡市凤翔区,Z05593,,,0,,,2025-12-11 13:37:29
5909,重庆,重庆市重庆市两江新区,Z09915,,,0,,,2025-12-11 13:37:31
5910,兰州,甘肃省白银市平川区,Z05565,,,0,,,2025-12-11 14:29:28
5911,兰州,甘肃省定西市漳县,Z05546,,,0,,,2025-12-11 14:29:29
5912,北京,河北省张家口市涿鹿县,Z04384,,,0,,,2025-12-11 14:30:21
5913,西安,陕西省西安市雁塔区,Z05593,,,0,,,2025-12-11 14:39:24
5914,哈尔滨,黑龙江省佳木斯市同江市,Z10522,,,0,,,2025-12-11 15:21:31
5916,金华,浙江省丽水市青田县,Z06460,,,0,,,2025-12-11 15:52:35
5917,汕头,广东省潮州市饶平县,Z10488,,,0,,,2025-12-11 16:19:32
5918,荆州,,Z09895,,,0,,,2025-12-11 17:02:22
5919,西安,宁夏回族自治区石嘴山市平罗县,Z05657,,,0,,,2025-12-11 17:24:40
5920,西安,宁夏回族自治区石嘴山市大武口区,Z05584,,,0,,,2025-12-11 17:25:08
5921,喀什,新疆维吾尔自治区喀什地区麦盖提县,Z05704,,,0,,,2025-12-11 17:25:32
5922,沈阳,辽宁省朝阳市凌源市,Z10115,,,0,,,2025-12-11 17:44:50
5923,哈尔滨,黑龙江省鸡西市鸡东县,Z09683,,,0,,,2025-12-11 17:48:00
5924,哈尔滨,内蒙古自治区呼伦贝尔市陈巴尔虎旗,Z04623,,,0,,,2025-12-11 17:48:03
5925,太原,山西省临汾市洪洞县,Z03981,,,0,,,2025-12-11 17:49:54
5926,西安,陕西省西安市碑林区,Z10089,,,0,,,2025-12-11 17:50:10
5927,石家庄,,Z08660,,,0,,,2025-12-11 18:07:03
5928,驻马店,河南省平顶山市郏县,Z04910,,,0,,,2025-12-11 18:08:01
5929,天津,河北省唐山市曹妃甸区,Z10160,,,0,,,2025-12-12 09:50:44
5930,成都,四川省成都市双流区,Z07591,,,0,,,2025-12-12 10:31:30
5931,北京,天津市天津市西青区,Z08476,,,0,,,2025-12-12 10:51:46
5933,西宁,青海省西宁市城西区,Z10057,,,0,,,2025-12-12 14:46:40
5934,青岛,山东省潍坊市昌乐县,Z05947,,,0,,,2025-12-12 15:22:03
5935,青岛,山东省烟台市莱山区,Z09458,,,0,,,2025-12-12 15:22:18
5936,青岛,山东省烟台市莱州市,Z05926,,,0,,,2025-12-12 15:32:32
5937,青岛,山东省潍坊市高密市,Z05945,,,0,,,2025-12-12 15:54:58
5938,南昌,江西省南昌市新建区,Z07798,,,0,,,2025-12-12 16:03:49
5939,西宁,青海省果洛藏族自治州久治县,Z05799,,,0,,,2025-12-12 16:09:19
5940,兰州,甘肃省定西市临洮县,Z05482,,,0,,,2025-12-12 16:11:33
5941,兰州,甘肃省兰州市永登县,Z05491,,,0,,,2025-12-12 16:11:35
5943,石家庄,河北省衡水市深州市,Z08701,,,0,,,2025-12-12 17:16:15
5944,青岛,山东省潍坊市昌邑市,Z05946,,,0,,,2025-12-12 17:16:17
5945,西安,陕西省汉中市西乡县,Z05574,,,0,,,2025-12-12 17:39:50
5946,西安,宁夏回族自治区吴忠市利通区,Z05569,,,0,,,2025-12-12 17:40:15
5947,西安,宁夏回族自治区吴忠市同心县,Z05569,,,0,,,2025-12-12 17:40:40
5948,兰州,甘肃省酒泉市敦煌市,Z05483,,,0,,,2025-12-12 17:41:30
5949,兰州,甘肃省酒泉市瓜州县,Z05489,,,0,,,2025-12-12 17:41:31
5950,重庆,重庆市重庆市两江新区,Z09922,,,0,,,2025-12-12 17:41:43
5951,西安,宁夏回族自治区银川市灵武市,Z05639,,,0,,,2025-12-12 17:42:53
5952,哈尔滨,黑龙江省绥化市海伦市,Z04573,,,0,,,2025-12-12 18:10:06
5953,沈阳,辽宁省本溪市平山区,Z10113,,,0,,,2025-12-12 18:10:40
5954,贵阳,贵州省黔南布依族苗族自治州平塘县,Z06750,,,0,,,2025-12-12 18:11:50
5955,贵阳,贵州省贵阳市白云区,Z06755,,,0,,,2025-12-12 18:12:15
5956,贵阳,贵州省黔东南苗族侗族自治州施秉县,Z06779,,,0,,,2025-12-12 18:12:27
5957,青岛,山东省青岛市黄岛区,Z03685,,,0,,,2025-12-15 09:40:33
5959,驻马店,河南省平顶山市宝丰县,Z04908,,,0,,,2025-12-15 10:41:35
5960,青岛,山东省烟台市福山区,Z09456,,,0,,,2025-12-15 14:31:52
5961,兰州,内蒙古自治区阿拉善盟阿拉善左旗,Z05531,,,0,,,2025-12-15 15:21:33
5962,西宁,青海省玉树藏族自治州称多县,Z05800,,,0,,,2025-12-15 15:49:52
5963,哈尔滨,黑龙江省双鸭山市饶河县,Z10523,,,0,,,2025-12-15 16:15:56
5964,哈尔滨,黑龙江省双鸭山市饶河县,Z10521,,,0,,,2025-12-15 16:15:57
5965,驻马店,河南省信阳市潢川县,Z04918,,,0,,,2025-12-15 16:35:52
5966,郑州,,Z05021,,,0,,,2025-12-15 16:45:40
5967,长春,吉林省白城市洮北区,Z04695,,,0,,,2025-12-15 16:47:15
5968,合肥,安徽省六安市舒城县,Z06564,,,0,,,2025-12-15 16:47:35
5969,武汉,,Z00906,,,0,,,2025-12-15 17:17:06
5970,重庆,重庆市重庆市璧山区,Z09917,,,0,,,2025-12-15 17:49:08
5971,武汉,,Z00909,,,0,,,2025-12-15 17:51:57
5972,西宁,青海省海南藏族自治州兴海县,Z05772,,,0,,,2025-12-15 17:52:16
5973,合肥,安徽省淮南市寿县,Z06510,,,0,,,2025-12-15 17:55:07
5974,青岛,山东省潍坊市诸城市,Z10459,,,0,,,2025-12-15 17:56:18
5975,南宁,广西壮族自治区北海市,Z08078,,,0,,,2025-12-15 18:29:56
5976,郑州,河南省濮阳市范县,Z05031,,,0,,,2025-12-15 18:30:29
5977,郑州,河南省焦作市孟州市,Z06072,,,0,,,2025-12-15 18:30:33
5978,郑州,河南省开封市兰考县,Z04989,,,0,,,2025-12-15 18:34:00
5983,成都,四川省成都市武侯区,Z10529,,,0,,,2025-12-16 09:57:20
5984,合肥,安徽省芜湖市南陵县,Z06525,,,0,,,2025-12-16 10:07:26
5985,合肥,安徽省黄山市黟县,Z06573,,,0,,,2025-12-16 10:38:16
5986,荆州,,Z07506,,,0,,,2025-12-16 11:28:42
5987,合肥,安徽省黄山市祁门县,Z06570,,,0,,,2025-12-16 13:10:43
5989,乌鲁木齐,新疆维吾尔自治区伊犁哈萨克自治州尼勒克县,Z05438,,,0,,,2025-12-16 15:05:37
5990,兰州,甘肃省平凉市庄浪县,Z05465,,,0,,,2025-12-16 15:05:55
5991,西安,陕西省渭南市富平县,Z05605,,,0,,,2025-12-16 15:06:03
5992,北京,,Z02620,,,0,,,2025-12-16 15:06:18
5993,沈阳,辽宁省葫芦岛市兴城市,Z04480,,,0,,,2025-12-16 16:22:39
5995,奥瑞金战马虚拟,佛山三水,000001,1,,0,1,,2025-12-16 16:36:27
6046,青岛,,Z09458,,,0,,,2025-12-16 16:39:06
6047,驻马店,河南省周口市西华县,Z04880,,,0,,,2025-12-16 17:27:00
6048,青岛,山东省日照市东港区,Z09452,,,0,,,2025-12-16 17:31:24
6049,贵港,广西壮族自治区贵港市港北区,Z10327,,,0,,,2025-12-16 17:56:38
6050,荆州,湖北省仙桃市仙桃市,Z09558,,,0,,,2025-12-16 17:57:53
6051,福州,福建省泉州市南安市,Z06179,,,0,,,2025-12-16 18:00:29
6052,石家庄,河北省保定市曲阳县,Z08662,,,0,,,2025-12-16 18:00:43
6053,合肥,安徽省池州市青阳县,Z06527,,,0,,,2025-12-16 18:00:51
6054,包头,内蒙古自治区锡林郭勒盟多伦县,Z04858,,,0,,,2025-12-16 18:02:06
6055,西安,陕西省商洛市山阳县,Z05598,,,0,,,2025-12-16 18:02:19
6056,青岛,山东省青岛市黄岛区,Z05915,,,0,,,2025-12-16 18:02:33
6058,合肥,安徽省蚌埠市固镇县,Z06526,,,0,,,2025-12-17 09:48:52
6059,南京,江苏省南京市浦口区,Z10526,,,0,,,2025-12-17 11:01:34
6060,青岛,山东省潍坊市临朐县,Z05948,,,0,,,2025-12-17 11:11:58
6061,成都,四川省眉山市东坡区,Z09912,,,0,,,2025-12-17 14:17:09
6062,荆州,,Z07536,,,0,,,2025-12-17 14:49:45
6063,南京,,Z09738,,,0,,,2025-12-17 14:49:59
6064,海口,海南省海口市龙华区,Z07992,,,0,,,2025-12-17 15:12:40
6065,南宁,广西壮族自治区南宁市武鸣区,Z10472,,,0,,,2025-12-17 15:58:44
6066,郑州,河南省新乡市原阳县,Z06070,,,0,,,2025-12-17 17:07:44
6067,合肥,安徽省芜湖市湾沚区,Z09741,,,0,,,2025-12-17 17:16:08
6068,郑州,河南省洛阳市洛龙区,Z09981,,,0,,,2025-12-17 17:17:00
6069,西安,陕西省宝鸡市岐山县,Z05577,,,0,,,2025-12-17 17:46:22
6070,石家庄,河北省邯郸市成安县,Z08687,,,0,,,2025-12-17 18:11:21
6071,石家庄,河北省石家庄市元氏县,Z08656,,,0,,,2025-12-17 18:11:23
6072,哈尔滨,黑龙江省双鸭山市集贤县,Z10199,,,0,,,2025-12-17 18:11:52
6073,长春,吉林省长春市公主岭市,Z09576,,,0,,,2025-12-17 18:15:20
6074,沈阳,辽宁省朝阳市龙城区,Z10493,,,0,,,2025-12-17 18:16:14
6075,兰州,甘肃省武威市天祝藏族自治县,Z05552,,,0,,,2025-12-17 18:16:59
6076,石家庄,河北省保定市涞源县,Z08664,,,0,,,2025-12-17 18:18:13
6077,武汉,,Z00918,,,0,,,2025-12-17 18:20:03
6078,石家庄,河北省石家庄市藁城区,Z08657,,,0,,,2025-12-17 18:20:35
6079,石家庄,河北省石家庄市赞皇县,Z08734,,,0,,,2025-12-17 18:20:40
6080,济南,山东省济南市历下区,Z09396,,,0,,,2025-12-18 09:56:10
6081,济南,山东省临沂市郯城县,Z05861,,,0,,,2025-12-18 10:26:44
6082,济南,山东省济南市历城区,Z09399,,,0,,,2025-12-18 10:26:53
6083,合肥,,Z10296,,,0,,,2025-12-18 14:55:11
6084,青岛,山东省潍坊市安丘市,Z05941,,,0,,,2025-12-18 14:55:47
6085,西安,陕西省渭南市潼关县,Z08888,,,0,,,2025-12-18 15:36:55
6088,济南,山东省济南市济阳区,Z05866,,,0,,,2025-12-18 17:19:48
6089,沈阳,辽宁省营口市鲅鱼圈区,Z04489,,,0,,,2025-12-18 17:24:58
6090,,江苏省无锡市宜兴市,000001,,,0,,,2025-12-18 17:25:31
6091,长春,吉林省四平市伊通满族自治县,Z04676,,,0,,,2025-12-18 17:53:39
6092,南京,,Z10228,,,0,,,2025-12-18 17:56:01
6093,合肥,安徽省蚌埠市五河县,Z06529,,,0,,,2025-12-18 17:57:00
6094,石家庄,河北省石家庄市无极县,Z08721,,,0,,,2025-12-18 18:16:08
6095,乌鲁木齐,新疆维吾尔自治区乌鲁木齐市米东区,Z09956,,,0,,,2025-12-18 18:16:57
6096,兰州,甘肃省临夏回族自治州康乐县,Z05554,,,0,,,2025-12-18 18:23:04
6097,兰州,甘肃省临夏回族自治州东乡族自治县,Z05551,,,0,,,2025-12-18 18:23:05
6098,石家庄,河北省沧州市河间市,Z08733,,,0,,,2025-12-18 18:29:34
6099,太原,山西省太原市小店区,Z08897,,,0,,,2025-12-19 09:52:38
6100,成都,四川省成都市成华区,Z10153,,,0,,,2025-12-19 10:24:15
6101,济南,山东省菏泽市郓城县,Z05890,,,0,,,2025-12-19 13:19:24
6102,武汉,,Z00907,,,0,,,2025-12-19 14:41:09
6103,汕头,广东省汕头市龙湖区,000001,,,0,,,2025-12-19 15:48:04
6104,兰州,甘肃省庆阳市合水县,Z05537,,,0,,,2025-12-19 15:48:42
6105,兰州,甘肃省酒泉市金塔县,Z05559,,,0,,,2025-12-19 15:48:43
6106,荆州,湖北省天门市天门市,Z10078,,,0,,,2025-12-19 15:49:01
6107,兰州,甘肃省陇南市文县,Z05497,,,0,,,2025-12-19 15:51:18
6108,包头,内蒙古自治区乌兰察布市集宁区,Z04850,,,0,,,2025-12-19 16:14:21
6109,郑州,河南省濮阳市范县,Z10009,,,0,,,2025-12-19 16:15:52
6110,石家庄,河北省沧州市献县,Z08712,,,0,,,2025-12-19 16:16:54
6111,青岛,山东省烟台市蓬莱区,Z05929,,,0,,,2025-12-19 17:15:51
6112,金华,浙江省丽水市庆元县,Z06463,,,0,,,2025-12-19 17:16:30
6113,青岛,山东省日照市岚山区,Z05934,,,0,,,2025-12-19 17:19:13
6114,青岛,山东省潍坊市潍城区,Z05940,,,0,,,2025-12-19 17:19:27
6115,金华,浙江省丽水市遂昌县,Z06458,,,0,,,2025-12-19 17:20:34
6116,沈阳,辽宁省铁岭市西丰县,Z04471,,,0,,,2025-12-19 17:22:26
6117,东莞,,000001,,,0,,,2025-12-19 17:38:48
6118,济南,山东省菏泽市定陶区,Z05901,,,0,,,2025-12-19 17:55:56
6119,济南,山东省济南市莱芜区,Z09092,,,0,,,2025-12-19 17:56:04
6120,湛江,,000001,,,0,,,2025-12-19 17:56:57
6121,济南,山东省泰安市岱岳区,Z10501,,,0,,,2025-12-19 17:57:06
6122,济南,山东省泰安市泰山区,Z09409,,,0,,,2025-12-19 17:57:33
6123,石家庄,河北省保定市高阳县,Z08670,,,0,,,2025-12-19 18:31:45
6124,济南,山东省济南市历下区,Z06042,,,0,,,2025-12-19 18:31:57
6125,济南,山东省临沂市河东区,Z06042,,,0,,,2025-12-19 18:34:41
6126,济南,山东省枣庄市滕州市,Z05844,,,0,,,2025-12-19 18:34:50
6127,武汉,,Z00866,,,0,,,2025-12-19 18:56:35
6128,乌鲁木齐,新疆维吾尔自治区伊犁哈萨克自治州新源县,Z05449,,,0,,,2025-12-19 19:09:22
6129,济南,山东省枣庄市薛城区,Z06716,,,0,,,2025-12-22 09:32:31
6130,济南,山东省济宁市微山县,Z05904,,,0,,,2025-12-22 09:32:33
6131,济南,山东省枣庄市台儿庄区,Z06045,,,0,,,2025-12-22 09:32:35
6132,济南,山东省枣庄市山亭区,Z09411,,,0,,,2025-12-22 09:32:38
6133,西宁,,Z05798,,,0,,,2025-12-22 11:01:30
6137,成都,四川省阿坝藏族羌族自治州黑水县,Z07565,,,0,,,2025-12-22 14:31:31
6138,济南,山东省济南市历城区,Z09400,,,0,,,2025-12-22 14:32:02
6139,济南,山东省临沂市临沭县,Z05826,,,0,,,2025-12-22 14:32:36
6140,成都,四川省泸州市古蔺县,Z10318,,,0,,,2025-12-22 14:32:41
6141,西宁,青海省海南藏族自治州同德县,Z05797,,,0,,,2025-12-22 15:00:53
6142,哈尔滨,黑龙江省齐齐哈尔市克山县,Z04540,,,0,,,2025-12-22 16:21:06
6143,济南,山东省泰安市肥城市,Z05873,,,0,,,2025-12-22 17:00:43
6145,青岛,山东省青岛市莱西市,Z05913,,,0,,,2025-12-22 17:02:43
6146,沈阳,辽宁省葫芦岛市建昌县,Z04479,,,0,,,2025-12-22 17:03:29
6147,合肥,安徽省阜阳市颍州区,Z06546,,,0,,,2025-12-22 17:11:11
6148,济南,山东省菏泽市曹县,Z05880,,,0,,,2025-12-22 17:11:19
6149,石家庄,河北省保定市顺平县,Z08666,,,0,,,2025-12-22 17:56:58
6151,武汉,,Z07219,,,0,,,2025-12-22 18:39:58
6152,郑州,河南省新乡市获嘉县,Z05040,,,0,,,2025-12-22 18:45:04
6153,西安,宁夏回族自治区吴忠市利通区,Z05585,,,0,,,2025-12-22 18:49:29
6154,重庆,重庆市重庆市綦江区,Z10481,,,0,,,2025-12-22 18:52:36
6155,哈尔滨,黑龙江省鹤岗市绥滨县,Z04617,,,0,,,2025-12-22 18:54:53
6156,济南,山东省德州市宁津县,Z05875,,,0,,,2025-12-22 18:54:56
6157,乌鲁木齐,新疆维吾尔自治区伊犁哈萨克自治州奎屯市,Z05437,,,0,,,2025-12-22 18:55:09
6158,石家庄,河北省衡水市景县,Z08653,,,0,,,2025-12-22 18:57:21
6159,驻马店,河南省南阳市唐河县,Z04894,,,0,,,2025-12-22 18:58:40
6160,石家庄,河北省衡水市阜城县,Z08648,,,0,,,2025-12-22 18:58:48
6161,乌鲁木齐,新疆维吾尔自治区昌吉回族自治州吉木萨尔县,Z05415,,,0,,,2025-12-22 18:59:16
6162,天津,河北省唐山市古冶区,Z10060,,,0,,,2025-12-23 09:22:21
6163,济南,山东省临沂市费县,Z05858,,,0,,,2025-12-23 10:17:23
6164,西安,,000001,,,0,,,2025-12-23 15:27:34
6165,西安,陕西省咸阳市武功县,Z05650,,,0,,,2025-12-23 15:29:25
6166,重庆,重庆市重庆市奉节县,Z10238,,,0,,,2025-12-23 15:37:50
6168,济南,山东省淄博市张店区,Z09413,,,0,,,2025-12-23 17:06:33
6169,长春,吉林省长春市宽城区,Z10098,,,0,,,2025-12-23 17:06:37
6170,南京,,Z06666,,,0,,,2025-12-23 17:07:35
6171,青岛,山东省烟台市莱阳市,Z05927,,,0,,,2025-12-23 17:07:38
6172,北京,北京市北京市朝阳区,Z04333,,,0,,,2025-12-23 17:08:21
6173,青岛,山东省烟台市海阳市,Z05925,,,0,,,2025-12-23 17:08:37
6174,济南,山东省济宁市兖州区,Z05818,,,0,,,2025-12-23 17:13:40
6175,合肥,安徽省宿州市泗县,Z06532,,,0,,,2025-12-23 17:15:17
6176,驻马店,河南省信阳市固始县,Z04921,,,0,,,2025-12-23 17:32:24
6177,喀什,新疆维吾尔自治区和田地区皮山县,Z05699,,,0,,,2025-12-23 18:34:03
6178,郑州,河南省新乡市卫辉市,Z06074,,,0,,,2025-12-23 18:37:58
6179,郑州,河南省新乡市新乡县,Z09997,,,0,,,2025-12-23 18:38:17
6180,兰州,内蒙古自治区阿拉善盟额济纳旗,Z05512,,,0,,,2025-12-23 18:38:52
6181,兰州,甘肃省天水市秦安县,Z05509,,,0,,,2025-12-23 18:39:38
6183,西宁,,Z05805,,,0,,,2025-12-24 09:33:46
6184,青岛,山东省潍坊市寿光市,Z05944,,,0,,,2025-12-24 10:04:17
6185,合肥,安徽省黄山市徽州区,Z09425,,,0,,,2025-12-24 10:24:46
6186,济南,山东省济南市市中区,Z09401,,,0,,,2025-12-24 13:50:45
6187,济南,山东省济南市天桥区,Z09402,,,0,,,2025-12-24 13:50:47
6188,济南,山东省济南市槐荫区,Z09397,,,0,,,2025-12-24 13:50:49
6189,荆州,,Z07497,,,0,,,2025-12-24 16:20:28
6190,武汉,,Z00905,,,0,,,2025-12-24 16:21:25
6191,成都,西藏自治区昌都市八宿县,Z10156,,,0,,,2025-12-24 16:22:28
6193,济南,山东省济宁市任城区,Z09403,,,0,,,2025-12-24 18:00:19
6194,石家庄,河北省保定市涿州市,Z08646,,,0,,,2025-12-24 18:33:50
6195,石家庄,河北省衡水市故城县,Z08707,,,0,,,2025-12-24 18:38:47
6196,济南,山东省德州市齐河县,Z05865,,,0,,,2025-12-25 11:16:09
6197,驻马店,河南省南阳市南召县,Z04900,,,0,,,2025-12-25 11:36:53
6198,北京,河北省张家口市宣化区,Z04381,,,0,,,2025-12-25 11:37:01
6199,兰州,甘肃省张掖市临泽县,Z05453,,,0,,,2025-12-25 15:06:17
6200,兰州,甘肃省张掖市高台县,Z05470,,,0,,,2025-12-25 15:06:18
6201,武汉,湖北省武汉市武昌区,Z09892,,,0,,,2025-12-25 15:11:26
6202,石家庄,河北省沧州市泊头市,Z08719,,,0,,,2025-12-25 15:54:03
6203,石家庄,河北省沧州市新华区,Z08711,,,0,,,2025-12-25 15:54:04
6204,太原,山西省晋城市陵川县,Z03965,,,0,,,2025-12-25 17:03:48
6205,太原,,Z04040,,,0,,,2025-12-25 17:03:50
6207,南昌,江西省九江市湖口县,Z09275,,,0,,,2025-12-25 17:25:33
6208,武汉,,Z00882,,,0,,,2025-12-26 11:19:50
6209,武汉,,Z00886,,,0,,,2025-12-26 11:20:31
6210,太原,山西省长治市武乡县,Z04055,,,0,,,2025-12-26 13:19:16
6211,乌鲁木齐,新疆维吾尔自治区伊犁哈萨克自治州昭苏县,Z05451,,,0,,,2025-12-26 15:02:49
6212,西安,陕西省汉中市洋县,Z05655,,,0,,,2025-12-26 15:12:12
6213,西安,陕西省汉中市略阳县,Z05572,,,0,,,2025-12-26 15:12:55
6214,荆州,,Z07533,,,0,,,2025-12-26 15:50:06
6215,荆州,,Z07522,,,0,,,2025-12-26 15:54:38
6216,济南,山东省临沂市兰陵县,Z09406,,,0,,,2025-12-26 16:41:10
6217,哈尔滨,黑龙江省大兴安岭地区塔河县,Z04593,,,0,,,2025-12-26 17:32:29
6218,沈阳,辽宁省沈阳市皇姑区,Z10040,,,0,,,2025-12-26 17:34:23
6219,沈阳,辽宁省本溪市本溪满族自治县,Z08838,,,0,,,2025-12-26 17:38:19
6220,济南,山东省临沂市沂南县,Z05827,,,0,,,2025-12-26 17:39:19
6223,西安,陕西省西安市未央区,Z10089,,,0,,,2025-12-26 18:08:13
6224,赣州,江西省赣州市兴国县,Z09257,,,0,,,2025-12-26 18:08:43
6225,驻马店,河南省信阳市光山县,Z04917,,,0,,,2025-12-26 18:11:04
6226,西安,陕西省榆林市府谷县,Z05626,,,0,,,2025-12-26 18:11:45
6227,青岛,山东省青岛市黄岛区,Z05917,,,0,,,2025-12-29 10:58:18
6228,武汉,湖北省武汉市江汉区,Z09895,,,0,,,2025-12-29 11:43:09
6229,青岛,山东省日照市莒县,Z10287,,,0,,,2025-12-29 13:37:45
6230,太原,山西省长治市上党区,Z04058,,,0,,,2025-12-29 13:38:39
6231,郑州,河南省洛阳市西工区,Z09981,,,0,,,2025-12-29 14:01:58
6232,济南,山东省临沂市莒南县,Z05860,,,0,,,2025-12-29 14:37:20
6235,济南,山东省德州市德城区,Z09395,,,0,,,2025-12-29 15:57:32
6236,济南,山东省济宁市汶上县,Z05877,,,0,,,2025-12-29 16:58:50
6237,济南,山东省菏泽市鄄城县,Z05892,,,0,,,2025-12-29 16:58:51
6238,济南,山东省济南市章丘区,Z05849,,,0,,,2025-12-29 16:59:11
6239,驻马店,河南省驻马店市泌阳县,Z04876,,,0,,,2025-12-29 17:31:10
6240,驻马店,河南省漯河市临颍县,Z04890,,,0,,,2025-12-29 17:31:18
6241,兰州,甘肃省庆阳市宁县,Z05474,,,0,,,2025-12-29 17:36:28
6242,驻马店,河南省信阳市罗山县,Z04915,,,0,,,2025-12-29 17:37:51
6243,济南,山东省枣庄市市中区,Z09412,,,0,,,2025-12-29 18:17:10
6244,济南,山东省淄博市临淄区,Z05847,,,0,,,2025-12-29 18:17:21
6245,济南,山东省德州市临邑县,Z06038,,,0,,,2025-12-29 18:17:46
6246,济南,山东省聊城市东昌府区,Z09404,,,0,,,2025-12-29 18:17:53
6247,驻马店,河南省信阳市新县,Z04920,,,0,,,2025-12-29 18:17:59
6248,济南,山东省滨州市惠民县,Z05897,,,0,,,2025-12-30 08:50:26
6249,济南,山东省聊城市阳谷县,Z05893,,,0,,,2025-12-30 08:50:40
6250,郑州,河南省郑州市登封市,Z04973,,,0,,,2025-12-30 09:14:41
6251,西安,陕西省渭南市华阴市,Z05607,,,0,,,2025-12-30 15:32:57
6252,昆明,云南省昆明市呈贡区,Z07079,,,0,,,2025-12-31 14:19:56
6253,西安,陕西省商洛市镇安县,Z05643,,,0,,,2025-12-31 15:03:33
6254,西安,陕西省商洛市柞水县,Z05659,,,0,,,2025-12-31 15:03:36
6255,北京,河北省承德市滦平县,Z04351,,,0,,,2026-01-01 21:34:01
6256,北京,河北省承德市双滦区,Z10220,,,0,,,2026-01-01 21:34:02
6257,济南,山东省临沂市平邑县,Z06044,,,0,,,2026-01-04 10:24:23
6258,济南,山东省临沂市蒙阴县,Z06043,,,0,,,2026-01-04 10:24:24
6259,乌鲁木齐,新疆维吾尔自治区昌吉回族自治州奇台县,Z05418,,,0,,,2026-01-04 13:29:47
6260,乌鲁木齐,新疆维吾尔自治区哈密市伊州区,Z05422,,,0,,,2026-01-04 13:29:54
6261,乌鲁木齐,新疆维吾尔自治区哈密市伊吾县,Z09952,,,0,,,2026-01-04 13:30:02
6262,青岛,山东省烟台市牟平区,Z05924,,,0,,,2026-01-04 14:03:01
6264,北京,河北省张家口市万全区,Z10221,,,0,,,2026-01-04 15:16:56
6265,北京,河北省张家口市康保县,Z04379,,,0,,,2026-01-04 15:17:00
6266,太原,山西省吕梁市兴县,Z03998,,,0,,,2026-01-04 15:53:09
6267,重庆,重庆市重庆市渝中区,Z09919,,,0,,,2026-01-04 16:04:41
6268,西安,陕西省渭南市澄城县,Z05603,,,0,,,2026-01-04 16:06:02
6269,济南,山东省菏泽市牡丹区,Z09880,,,0,,,2026-01-04 16:55:55
6270,济南,山东省菏泽市单县,Z05859,,,0,,,2026-01-04 16:57:49
6271,济南,山东省淄博市周村区,Z09414,,,0,,,2026-01-04 16:58:14
6272,济南,山东省济宁市鱼台县,Z05884,,,0,,,2026-01-04 16:58:19
6273,沈阳,内蒙古自治区通辽市科尔沁左翼中旗,Z08833,,,0,,,2026-01-04 17:24:00
6274,沈阳,内蒙古自治区通辽市库伦旗,Z08835,,,0,,,2026-01-04 17:24:02
6275,沈阳,辽宁省丹东市宽甸满族自治县,Z04485,,,0,,,2026-01-04 17:24:32
6276,兰州,甘肃省白银市景泰县,Z05478,,,0,,,2026-01-04 17:26:49
6277,长春,内蒙古自治区兴安盟扎赉特旗,Z08852,,,0,,,2026-01-04 17:27:14
6278,兰州,甘肃省甘南藏族自治州迭部县,Z05486,,,0,,,2026-01-04 17:27:40
6279,兰州,甘肃省甘南藏族自治州临潭县,Z05539,,,0,,,2026-01-04 17:27:59
6280,兰州,甘肃省平凉市静宁县,Z05480,,,0,,,2026-01-04 17:28:03
6281,乌鲁木齐,新疆维吾尔自治区伊犁哈萨克自治州巩留县,Z05434,,,0,,,2026-01-04 18:04:04
6282,乌鲁木齐,新疆维吾尔自治区克拉玛依市克拉玛依区,Z10151,,,0,,,2026-01-04 18:04:20
6283,乌鲁木齐,新疆维吾尔自治区塔城地区和布克赛尔蒙古自治县,Z05443,,,0,,,2026-01-04 18:04:32
6284,乌鲁木齐,新疆维吾尔自治区伊犁哈萨克自治州察布查尔锡伯自治县,Z05433,,,0,,,2026-01-04 18:04:54
6285,济南,山东省淄博市沂源县,Z05908,,,0,,,2026-01-04 18:07:17
6286,北京,河北省保定市清苑区,Z08510,,,0,,,2026-01-05 10:13:31
6287,西安,宁夏回族自治区固原市彭阳县,Z05642,,,0,,,2026-01-05 10:14:05
6288,青岛,山东省东营市垦利区,Z05937,,,0,,,2026-01-05 13:41:17
6289,库尔勒,新疆维吾尔自治区阿克苏地区拜城县,Z05761,,,0,,,2026-01-05 13:51:52
6290,郑州,河南省洛阳市西工区,Z09977,,,0,,,2026-01-05 13:59:23
6291,济南,山东省临沂市兰山区,Z09407,,,0,,,2026-01-05 14:23:04
6292,太原,山西省忻州市代县,Z09572,,,0,,,2026-01-05 14:47:26
6293,乌鲁木齐,新疆维吾尔自治区克拉玛依市白碱滩区,Z09953,,,0,,,2026-01-05 15:05:13
6294,邵阳,湖南省怀化市中方县,Z07434,,,0,,,2026-01-05 15:06:13
6295,福州,福建省泉州市晋江市,Z06172,,,0,,,2026-01-05 16:32:11
6296,北京,河北省张家口市桥东区,Z04371,,,0,,,2026-01-05 16:37:21
6297,北京,河北省张家口市张北县,Z04383,,,0,,,2026-01-05 16:37:22
6298,北京,河北省张家口市蔚县,Z04380,,,0,,,2026-01-05 16:37:23
6299,西安,宁夏回族自治区吴忠市盐池县,Z05586,,,0,,,2026-01-05 17:28:17
6300,济南,山东省菏泽市成武县,Z05889,,,0,,,2026-01-05 17:29:43
6301,兰州,甘肃省金昌市永昌县,Z05556,,,0,,,2026-01-05 17:29:59
6302,兰州,甘肃省定西市通渭县,Z05535,,,0,,,2026-01-05 17:30:00
6303,太原,山西省阳泉市城区,Z09568,,,0,,,2026-01-05 18:01:34
6304,太原,山西省吕梁市临县,Z03994,,,0,,,2026-01-05 18:01:35
6305,石家庄,河北省邢台市沙河市,Z08642,,,0,,,2026-01-05 18:16:04
6306,郑州,河南省安阳市内黄县,Z04934,,,0,,,2026-01-05 18:22:57
6307,包头,内蒙古自治区锡林郭勒盟正蓝旗,Z04862,,,0,,,2026-01-05 18:24:54
6308,包头,内蒙古自治区锡林郭勒盟东乌珠穆沁旗,Z08617,,,0,,,2026-01-05 18:26:17
6309,包头,内蒙古自治区锡林郭勒盟东乌珠穆沁旗,Z04861,,,0,,,2026-01-05 18:26:52
6310,包头,内蒙古自治区锡林郭勒盟阿巴嘎旗,Z08857,,,0,,,2026-01-05 18:27:06
6311,包头,内蒙古自治区锡林郭勒盟正镶白旗,Z05989,,,0,,,2026-01-05 18:27:17
6312,包头,内蒙古自治区锡林郭勒盟锡林浩特市,Z04865,,,0,,,2026-01-05 18:27:19
6313,包头,内蒙古自治区锡林郭勒盟苏尼特左旗,Z04866,,,0,,,2026-01-05 18:27:23
6314,驻马店,河南省驻马店市确山县,Z04870,,,0,,,2026-01-05 18:30:52
6315,石家庄,河北省邢台市南和区,Z08696,,,0,,,2026-01-05 18:32:21
6316,太原,山西省运城市垣曲县,Z04046,,,0,,,2026-01-06 13:18:03
6317,乌鲁木齐,新疆维吾尔自治区塔城地区托里县,Z05446,,,0,,,2026-01-06 14:11:42
6318,西安,陕西省宝鸡市扶风县,Z05595,,,0,,,2026-01-06 14:11:49
6319,西安,陕西省宝鸡市陈仓区,Z10097,,,0,,,2026-01-06 14:11:59
6320,西安,陕西省宝鸡市凤翔区,Z05594,,,0,,,2026-01-06 14:12:03
6321,和田,新疆维吾尔自治区阿拉尔市阿拉尔市,Z08607,,,0,,,2026-01-06 14:12:07
6322,库尔勒,新疆维吾尔自治区巴音郭楞蒙古自治州若羌县,Z05755,,,0,,,2026-01-06 14:12:20
6323,西安,陕西省延安市甘泉县,Z05615,,,0,,,2026-01-06 16:29:33
6324,西安,陕西省延安市延川县,Z05575,,,0,,,2026-01-06 16:29:43
6325,西安,陕西省延安市吴起县,Z05618,,,0,,,2026-01-06 16:31:24
6326,西安,陕西省延安市安塞区,Z05614,,,0,,,2026-01-06 16:31:28
6327,乌鲁木齐,新疆维吾尔自治区塔城地区额敏县,Z05442,,,0,,,2026-01-06 16:31:48
6328,沈阳,内蒙古自治区通辽市开鲁县,Z04518,,,0,,,2026-01-06 16:46:43
6329,包头,内蒙古自治区鄂尔多斯市达拉特旗,Z04839,,,0,,,2026-01-06 17:47:13
6330,石家庄,河北省沧州市东光县,Z08729,,,0,,,2026-01-06 17:58:43
6331,东莞,广东省东莞市,Z08046,,,0,,,2026-01-07 11:25:12
6332,东莞,广东省东莞市,Z08009,,,0,,,2026-01-07 11:25:52
6333,东莞,广东省东莞市,Z08016,,,0,,,2026-01-07 11:25:55
6334,东莞,广东省东莞市,Z08053,,,0,,,2026-01-07 14:21:18
6335,济南,山东省济南市历下区,Z05816,,,0,,,2026-01-07 15:34:54
6336,乌鲁木齐,新疆维吾尔自治区博尔塔拉蒙古自治州温泉县,Z05409,,,0,,,2026-01-07 15:44:39
6337,太原,山西省吕梁市方山县,Z03992,,,0,,,2026-01-07 16:36:32
6338,兰州,甘肃省临夏回族自治州积石山保安族东乡族撒拉族自治县,Z10044,,,0,,,2026-01-07 17:19:24
6339,包头,内蒙古自治区巴彦淖尔市杭锦后旗,Z04849,,,0,,,2026-01-07 17:35:02
6340,包头,内蒙古自治区乌兰察布市察哈尔右翼后旗,Z08616,,,0,,,2026-01-07 17:35:40
6341,包头,内蒙古自治区锡林郭勒盟二连浩特市,Z04857,,,0,,,2026-01-07 17:36:13
6342,驻马店,河南省平顶山市鲁山县,Z04909,,,0,,,2026-01-07 17:42:40
6343,济南,山东省青岛市即墨区,Z05829,,,0,,,2026-01-07 18:08:29
6344,荆州,湖北省宜昌市当阳市,Z07544,,,0,,,2026-01-08 15:09:44
6345,西安,陕西省渭南市合阳县,Z05606,,,0,,,2026-01-08 15:10:31
6346,兰州,甘肃省平凉市灵台县,Z05548,,,0,,,2026-01-08 15:49:46
6347,青岛,山东省烟台市芝罘区,Z09459,,,0,,,2026-01-08 16:36:35
6348,济南,山东省济南市长清区,Z06041,,,0,,,2026-01-08 16:37:15
6349,贵阳,贵州省黔南布依族苗族自治州三都水族自治县,Z06751,,,0,,,2026-01-08 16:58:33
6350,包头,内蒙古自治区鄂尔多斯市杭锦旗,Z04847,,,0,,,2026-01-08 17:44:25
6351,石家庄,河北省邢台市巨鹿县,Z08654,,,0,,,2026-01-08 17:46:11
6352,郑州,河南省开封市鼓楼区,Z09973,,,0,,,2026-01-08 17:50:18
6353,郑州,河南省郑州市中牟县,Z09969,,,0,,,2026-01-08 17:50:24
6354,驻马店,河南省驻马店市平舆县,Z04875,,,0,,,2026-01-08 17:51:52
6355,驻马店,河南省信阳市商城县,Z04922,,,0,,,2026-01-08 17:52:37
6356,济南,山东省聊城市高唐县,Z05823,,,0,,,2026-01-08 17:57:10
6357,包头,内蒙古自治区锡林郭勒盟苏尼特右旗,Z04855,,,0,,,2026-01-09 09:19:13
6358,驻马店,河南省周口市鹿邑县,Z04887,,,0,,,2026-01-09 11:42:52
6359,驻马店,河南省驻马店市遂平县,Z04869,,,0,,,2026-01-09 11:43:05
6360,乌鲁木齐,新疆维吾尔自治区北屯市北屯市,Z05408,,,0,,,2026-01-09 14:27:01
6361,乌鲁木齐,新疆维吾尔自治区塔城地区裕民县,Z05447,,,0,,,2026-01-09 14:27:02
6362,乌鲁木齐,新疆维吾尔自治区五家渠市五家渠市,Z10304,,,0,,,2026-01-09 14:27:38
6363,郑州,河南省开封市禹王台区,Z09972,,,0,,,2026-01-09 14:49:33
6364,济南,山东省聊城市冠县,Z05905,,,0,,,2026-01-09 16:16:00
6365,太原,山西省吕梁市中阳县,Z03999,,,0,,,2026-01-09 16:16:23
6366,西安,陕西省汉中市汉台区,Z10094,,,0,,,2026-01-09 17:34:04
6367,西安,陕西省汉中市宁强县,Z05573,,,0,,,2026-01-09 17:34:12
6368,厦门,南京,zz1554,1,汽运,0,75,,2026-01-09 17:43:29
6369,合肥,安徽省蚌埠市淮上区,Z10296,,,0,,,2026-01-09 17:59:59
6370,石家庄,河北省保定市定兴县,Z08674,,,0,,,2026-01-09 18:18:50
6371,郑州,河南省洛阳市新安县,Z04940,,,0,,,2026-01-09 18:21:03
6372,郑州,,Z04992,,,0,,,2026-01-09 18:21:04
6373,郑州,河南省新乡市牧野区,Z04961,,,0,,,2026-01-09 18:21:18
6374,驻马店,河南省平顶山市叶县,Z04906,,,0,,,2026-01-09 18:24:33
6376,石家庄,河北省邢台市临西县,Z08644,,,0,,,2026-01-12 09:16:11
6377,东莞,广东省东莞市,Z08058,,,0,,,2026-01-12 09:58:19
6378,东莞,广东省东莞市,Z08047,,,0,,,2026-01-12 09:58:24
6379,乌鲁木齐,新疆维吾尔自治区阿勒泰地区布尔津县,Z05402,,,0,,,2026-01-12 11:03:58
6380,驻马店,河南省平顶山市舞钢市,Z04907,,,0,,,2026-01-12 13:52:46
6381,西安,陕西省安康市白河县,Z05590,,,0,,,2026-01-12 16:13:49
6382,汕头,广东省汕头市龙湖区,Z06383,,,0,,,2026-01-12 16:15:06
6383,汕头,广东省汕头市龙湖区,Z06395,,,0,,,2026-01-12 16:15:06
6384,驻马店,河南省驻马店市正阳县,Z04874,,,0,,,2026-01-12 18:59:28
6385,东莞,广东省东莞市,Z08019,,,0,,,2026-01-13 09:05:47
6386,济南,山东省临沂市沂水县,Z05862,,,0,,,2026-01-13 09:16:43
6387,青岛,山东省青岛市李沧区,Z09450,,,0,,,2026-01-13 09:16:54
6388,济南,山东省德州市乐陵市,Z05852,,,0,,,2026-01-13 09:28:11
5251,乌鲁木齐,新疆维吾尔自治区石河子市石河子市,Z05425,,,0,,,2025-11-19 13:16:49
5252,乌鲁木齐,新疆维吾尔自治区阿勒泰地区吉木乃县,Z05408,,,0,,,2025-11-19 13:16:55
5253,乌鲁木齐,新疆维吾尔自治区阿勒泰地区阿勒泰市,Z05401,,,0,,,2025-11-19 13:16:57
5254,郑州,河南省三门峡市湖滨区,Z10012,,,0,,,2025-11-19 14:26:44
5255,太原,山西省运城市新绛县,Z04044,,,0,,,2025-11-19 15:59:48
5256,太原,山西省运城市闻喜县,Z04042,,,0,,,2025-11-19 15:59:49
5257,驻马店,河南省南阳市社旗县,Z04894,,,0,,,2025-11-19 16:09:17
5258,郑州,河南省三门峡市湖滨区,Z04956,,,0,,,2025-11-19 16:11:00
5259,包头,内蒙古自治区巴彦淖尔市乌拉特前旗,Z04842,,,0,,,2025-11-19 16:20:38
5260,包头,内蒙古自治区鄂尔多斯市准格尔旗,Z04864,,,0,,,2025-11-19 16:20:41
5261,包头,内蒙古自治区乌海市海勃湾区,Z09727,,,0,,,2025-11-19 16:20:54
5262,石家庄,河北省邢台市襄都区,Z08747,,,0,,,2025-11-19 16:20:59
5263,石家庄,河北省衡水市武邑县,Z08705,,,0,,,2025-11-19 16:21:37
5264,石家庄,河北省石家庄市晋州市,Z08723,,,0,,,2025-11-19 16:22:06
5265,石家庄,河北省邯郸市永年区,Z08693,,,0,,,2025-11-19 16:22:07
5266,石家庄,河北省邢台市临城县,Z08694,,,0,,,2025-11-19 16:22:21
5267,金华,浙江省衢州市柯城区,Z09845,,,0,,,2025-11-19 16:22:35
5268,包头,内蒙古自治区巴彦淖尔市磴口县,Z04851,,,0,,,2025-11-19 16:22:36
5269,太原,山西省大同市平城区,Z10213,,,0,,,2025-11-19 16:22:37
5270,太原,山西省临汾市曲沃县,Z03986,,,0,,,2025-11-19 16:22:39
5271,兰州,甘肃省兰州市城关区,Z09490,,,0,,,2025-11-19 17:04:26
5272,兰州,甘肃省张掖市民乐县,Z05558,,,0,,,2025-11-19 17:04:28
5273,哈尔滨,黑龙江省大庆市林甸县,Z04531,,,0,,,2025-11-19 17:12:29
5274,哈尔滨,内蒙古自治区呼伦贝尔市新巴尔虎右旗,Z04633,,,0,,,2025-11-19 17:12:31
5275,哈尔滨,黑龙江省伊春市铁力市,Z04571,,,0,,,2025-11-19 17:12:32
5276,哈尔滨,黑龙江省大庆市肇州县,Z04530,,,0,,,2025-11-19 17:12:33
5277,哈尔滨,黑龙江省伊春市伊美区,Z09700,,,0,,,2025-11-19 17:12:35
5278,哈尔滨,黑龙江省绥化市北林区,Z09718,,,0,,,2025-11-19 17:12:49
5279,长春,吉林省吉林市桦甸市,Z04667,,,0,,,2025-11-19 17:12:54
5280,沈阳,辽宁省营口市盖州市,Z04493,,,0,,,2025-11-19 17:14:41
5281,沈阳,辽宁省沈阳市苏家屯区,Z06703,,,0,,,2025-11-19 17:14:45
5282,哈尔滨,黑龙江省黑河市嫩江市,Z04561,,,0,,,2025-11-19 17:15:55
5283,驻马店,河南省郑州市金水区,Z09475,,,0,,,2025-11-19 17:46:08
5284,石家庄,河北省石家庄市高邑县,Z08724,,,0,,,2025-11-19 17:46:14
5285,金华,浙江省衢州市开化县,Z06468,,,0,,,2025-11-20 09:04:00
5286,哈尔滨,黑龙江省哈尔滨市巴彦县,Z04608,,,0,,,2025-11-20 10:17:05
5287,西宁,青海省海东市平安区,Z05784,,,0,,,2025-11-20 10:46:03
5288,西宁,青海省海西蒙古族藏族自治州德令哈市,Z05775,,,0,,,2025-11-20 10:46:50
5289,西安,陕西省咸阳市淳化县,Z09910,,,0,,,2025-11-20 10:56:03
5290,兰州,甘肃省天水市秦州区,Z09497,,,0,,,2025-11-20 11:07:26
5291,西安,宁夏回族自治区中卫市海原县,Z05672,,,0,,,2025-11-20 11:19:01
5292,太原,山西省阳泉市郊区,Z09569,,,0,,,2025-11-20 13:20:45
5293,太原,山西省运城市平陆县,Z04039,,,0,,,2025-11-20 13:20:49
5294,石家庄,河北省邯郸市大名县,Z08686,,,0,,,2025-11-20 13:33:36
5295,石家庄,河北省邯郸市馆陶县,Z08685,,,0,,,2025-11-20 13:33:42
5296,驻马店,河南省南阳市镇平县,Z04897,,,0,,,2025-11-20 13:40:36
5297,郑州,河南省郑州市金水区,Z04973,,,0,,,2025-11-20 13:41:00
5298,郑州,河南省郑州市荥阳市,Z04930,,,0,,,2025-11-20 13:41:13
5299,郑州,河南省焦作市温县,Z05012,,,0,,,2025-11-20 13:41:23
5300,成都,四川省凉山彝族自治州越西县,Z07731,,,0,,,2025-11-20 15:10:44
5301,西宁,青海省海北藏族自治州祁连县,Z05777,,,0,,,2025-11-20 15:48:21
5302,库尔勒,新疆维吾尔自治区阿克苏地区阿克苏市,Z05756,,,0,,,2025-11-20 15:48:58
5303,北京,河北省承德市围场满族蒙古族自治县,Z04354,,,0,,,2025-11-20 15:59:37
5304,北京,,Z04343,,,0,,,2025-11-20 16:21:23
5305,西安,宁夏回族自治区中卫市中宁县,Z05656,,,0,,,2025-11-20 16:32:58
5308,北京,北京市北京市海淀区,Z04338,,,0,,,2025-11-20 17:26:04
5309,长春,吉林省白山市长白朝鲜族自治县,Z06061,,,0,,,2025-11-20 17:43:32
5310,长春,吉林省白山市浑江区,Z10101,,,0,,,2025-11-20 17:43:34
5311,哈尔滨,黑龙江省大庆市肇源县,Z04529,,,0,,,2025-11-20 17:44:35
5312,哈尔滨,黑龙江省大庆市萨尔图区,Z09696,,,0,,,2025-11-20 17:44:40
5313,哈尔滨,黑龙江省双鸭山市饶河县,Z04597,,,0,,,2025-11-20 17:44:46
5314,哈尔滨,黑龙江省哈尔滨市阿城区,Z04527,,,0,,,2025-11-20 17:45:41
5315,驻马店,河南省南阳市内乡县,Z04904,,,0,,,2025-11-20 17:45:53
5316,长春,吉林省延边朝鲜族自治州安图县,Z06061,,,0,,,2025-11-20 17:46:50
5317,郑州,河南省商丘市夏邑县,Z04959,,,0,,,2025-11-20 17:47:54
5318,兰州,甘肃省兰州市七里河区,Z09492,,,0,,,2025-11-20 17:48:04
5319,兰州,,Z05505,,,0,,,2025-11-20 17:48:06
5320,兰州,甘肃省庆阳市环县,Z05505,,,0,,,2025-11-20 17:48:07
5321,石家庄,河北省石家庄市长安区,Z08855,,,0,,,2025-11-20 17:48:12
5322,沈阳,辽宁省抚顺市新宾满族自治县,Z04456,,,0,,,2025-11-20 17:49:29
5323,沈阳,辽宁省抚顺市新抚区,Z10122,,,0,,,2025-11-20 17:49:31
5324,沈阳,辽宁省铁岭市昌图县,Z04520,,,0,,,2025-11-20 17:49:32
5325,沈阳,辽宁省辽阳市太子河区,Z10129,,,0,,,2025-11-20 17:49:40
5326,贵阳,贵州省黔东南苗族侗族自治州从江县,Z06842,,,0,,,2025-11-20 17:49:54
5327,乌鲁木齐,新疆维吾尔自治区伊犁哈萨克自治州霍尔果斯市,Z10435,,,0,,,2025-11-20 17:50:30
5328,沈阳,辽宁省辽阳市灯塔市,Z04478,,,0,,,2025-11-20 17:52:24
5329,乌鲁木齐,新疆维吾尔自治区吐鲁番市托克逊县,Z05428,,,0,,,2025-11-20 17:52:27
5330,西安,陕西省渭南市白水县,Z05602,,,0,,,2025-11-20 17:52:55
5331,西安,陕西省榆林市米脂县,Z05630,,,0,,,2025-11-20 17:52:57
5332,太原,山西省晋中市榆次区,Z09582,,,0,,,2025-11-21 09:48:26
5333,西安,陕西省延安市子长市,Z05623,,,0,,,2025-11-21 10:39:09
5334,西宁,青海省海北藏族自治州刚察县,Z05796,,,0,,,2025-11-21 10:39:44
5335,西安,陕西省汉中市南郑区,Z05667,,,0,,,2025-11-21 10:39:50
5336,西安,陕西省西安市雁塔区,Z05667,,,0,,,2025-11-21 10:39:54
5337,库尔勒,新疆维吾尔自治区巴音郭楞蒙古自治州且末县,Z05753,,,0,,,2025-11-21 10:40:24
5338,库尔勒,新疆维吾尔自治区巴音郭楞蒙古自治州轮台县,Z05749,,,0,,,2025-11-21 10:40:28
5339,兰州,甘肃省定西市岷县,Z10045,,,0,,,2025-11-21 14:34:42
5340,兰州,甘肃省陇南市武都区,Z05557,,,0,,,2025-11-21 14:34:52
5341,兰州,甘肃省陇南市礼县,Z05468,,,0,,,2025-11-21 14:35:50
5342,兰州,甘肃省兰州市安宁区,Z09489,,,0,,,2025-11-21 14:36:00
5343,成都,四川省成都市青白江区,Z10464,,,0,,,2025-11-21 14:45:15
5344,西安,宁夏回族自治区银川市贺兰县,Z05673,,,0,,,2025-11-21 15:11:51
5345,西安,陕西省商洛市商州区,Z09903,,,0,,,2025-11-21 15:32:54
5346,西安,陕西省西安市雁塔区,Z09903,,,0,,,2025-11-21 15:33:08
5347,兰州,甘肃省兰州市皋兰县,Z09246,,,0,,,2025-11-21 15:39:34
5348,太原,山西省太原市晋源区,Z10163,,,0,,,2025-11-21 16:02:27
5349,海口,海南省海口市龙华区,Z07998,,,0,,,2025-11-21 16:23:27
5350,北京,河北省张家口市桥西区,Z04372,,,0,,,2025-11-21 16:24:46
5351,北京,北京市北京市平谷区,Z04341,,,0,,,2025-11-21 16:25:00
5352,北京,,Z10461,,,0,,,2025-11-21 16:27:24
5353,包头,内蒙古自治区呼和浩特市玉泉区,Z09724,,,0,,,2025-11-21 16:49:18
5354,长春,吉林省长春市双阳区,Z04664,,,0,,,2025-11-21 17:13:21
5355,长春,吉林省辽源市龙山区,Z10103,,,0,,,2025-11-21 17:13:36
5356,哈尔滨,内蒙古自治区呼伦贝尔市额尔古纳市,Z04621,,,0,,,2025-11-21 17:13:45
5357,哈尔滨,黑龙江省牡丹江市绥芬河市,Z04546,,,0,,,2025-11-21 17:13:55
5358,长春,吉林省四平市铁西区,Z04688,,,0,,,2025-11-21 17:14:54
5359,长春,吉林省延边朝鲜族自治州敦化市,Z04688,,,0,,,2025-11-21 17:14:55
5360,哈尔滨,内蒙古自治区呼伦贝尔市新巴尔虎左旗,Z10482,,,0,,,2025-11-21 17:15:58
5361,哈尔滨,黑龙江省绥化市海伦市,Z04574,,,0,,,2025-11-21 17:16:03
5362,西安,陕西省西安市临潼区,Z05580,,,0,,,2025-11-21 17:19:37
5363,沈阳,辽宁省沈阳市皇姑区,Z10132,,,0,,,2025-11-21 17:20:40
5364,西安,陕西省铜川市耀州区,Z10083,,,0,,,2025-11-21 17:21:02
5365,沈阳,内蒙古自治区通辽市霍林郭勒市,Z10143,,,0,,,2025-11-21 17:21:05
5366,沈阳,辽宁省本溪市桓仁满族自治县,Z04449,,,0,,,2025-11-21 17:21:11
5367,沈阳,辽宁省锦州市黑山县,Z04472,,,0,,,2025-11-21 17:21:22
5368,沈阳,内蒙古自治区赤峰市宁城县,Z04514,,,0,,,2025-11-21 17:21:25
5369,哈尔滨,黑龙江省鸡西市虎林市,Z04565,,,0,,,2025-11-21 17:21:34
5370,西安,陕西省西安市雁塔区,Z10083,,,0,,,2025-11-21 17:21:36
5371,北京,河北省张家口市沽源县,Z04377,,,0,,,2025-11-21 17:22:56
5372,北京,河北省张家口市阳原县,Z04382,,,0,,,2025-11-21 17:23:02
5373,北京,河北省张家口市怀来县,Z04370,,,0,,,2025-11-21 17:23:03
5374,乌鲁木齐,新疆维吾尔自治区塔城地区乌苏市,Z05678,,,0,,,2025-11-21 17:46:27
5375,西安,陕西省榆林市绥德县,Z05633,,,0,,,2025-11-21 17:55:26
5376,哈尔滨,黑龙江省齐齐哈尔市建华区,Z09681,,,0,,,2025-11-21 17:56:07
5377,西安,陕西省榆林市子洲县,Z05635,,,0,,,2025-11-21 17:56:09
5378,西安,陕西省榆林市佳县,Z05628,,,0,,,2025-11-21 17:56:10
5379,西安,陕西省榆林市清涧县,Z05631,,,0,,,2025-11-21 17:56:11
5380,西安,陕西省榆林市吴堡县,Z05634,,,0,,,2025-11-21 17:56:13
5381,西安,宁夏回族自治区固原市原州区,Z10165,,,0,,,2025-11-21 17:56:18
5382,包头,内蒙古自治区鄂尔多斯市鄂托克旗,Z04853,,,0,,,2025-11-21 18:18:52
5383,包头,内蒙古自治区包头市土默特右旗,Z04838,,,0,,,2025-11-21 18:18:57
5384,包头,内蒙古自治区巴彦淖尔市临河区,Z04848,,,0,,,2025-11-21 18:19:42
5385,郑州,河南省开封市尉氏县,Z05011,,,0,,,2025-11-21 18:25:41
5386,郑州,河南省商丘市民权县,Z04991,,,0,,,2025-11-21 18:25:59
5387,郑州,河南省三门峡市灵宝市,Z05035,,,0,,,2025-11-21 18:26:02
5388,石家庄,河北省邢台市平乡县,Z08655,,,0,,,2025-11-21 18:26:53
5389,石家庄,河北省石家庄市栾城区,Z08737,,,0,,,2025-11-21 18:26:54
5390,石家庄,河北省保定市高碑店市,Z08628,,,0,,,2025-11-21 18:26:56
5391,郑州,河南省郑州市新郑市,Z04976,,,0,,,2025-11-21 18:27:20
5392,石家庄,河北省石家庄市正定县,Z08645,,,0,,,2025-11-21 18:29:15
5393,石家庄,河北省石家庄市裕华区,Z08717,,,0,,,2025-11-21 18:29:16
5394,石家庄,河北省沧州市青县,Z08678,,,0,,,2025-11-24 09:39:51
5395,太原,山西省太原市杏花岭区,Z04009,,,0,,,2025-11-24 10:00:37
5396,包头,内蒙古自治区巴彦淖尔市乌拉特中旗,Z06031,,,0,,,2025-11-24 10:00:45
5397,太原,山西省运城市夏县,Z04043,,,0,,,2025-11-24 11:36:29
5398,太原,山西省太原市阳曲县,Z04010,,,0,,,2025-11-24 11:36:33
5399,西宁,青海省海北藏族自治州门源回族自治县,Z05768,,,0,,,2025-11-24 14:03:23
5400,乌鲁木齐,新疆维吾尔自治区乌鲁木齐市头屯河区,Z09960,,,0,,,2025-11-24 14:08:29
5401,乌鲁木齐,新疆维吾尔自治区乌鲁木齐市头屯河区,Z09958,,,0,,,2025-11-24 14:08:32
5402,乌鲁木齐,新疆维吾尔自治区克拉玛依市乌尔禾区,Z05400,,,0,,,2025-11-24 14:08:34
5403,金华,浙江省衢州市江山市,Z06467,,,0,,,2025-11-24 14:29:20
5404,兰州,甘肃省临夏回族自治州临夏市,Z05492,,,0,,,2025-11-24 14:29:54
5405,太原,山西省忻州市忻府区,Z09567,,,0,,,2025-11-24 15:12:53
5406,太原,山西省忻州市五寨县,Z04027,,,0,,,2025-11-24 15:12:55
5407,太原,山西省忻州市繁峙县,Z04019,,,0,,,2025-11-24 15:12:57
5408,合肥,安徽省亳州市涡阳县,Z06542,,,0,,,2025-11-24 15:13:12
5409,合肥,安徽省合肥市庐阳区,Z09426,,,0,,,2025-11-24 15:13:30
5410,金华,浙江省金华市兰溪市,Z06448,,,0,,,2025-11-24 15:13:36
5411,上海,上海市上海市普陀区,Z06582,,,0,,,2025-11-24 15:13:53
5412,合肥,安徽省六安市金安区,Z09851,,,0,,,2025-11-24 15:37:40
5413,合肥,安徽省阜阳市阜南县,Z06539,,,0,,,2025-11-24 15:37:57
5414,合肥,安徽省滁州市全椒县,Z06508,,,0,,,2025-11-24 16:02:03
5415,合肥,安徽省合肥市瑶海区,Z09940,,,0,,,2025-11-24 16:02:28
5417,合肥,安徽省阜阳市界首市,Z06545,,,0,,,2025-11-24 16:02:54
5418,合肥,安徽省阜阳市太和县,Z06546,,,0,,,2025-11-24 16:28:57
5422,广州,广东省清远市阳山县,Z10518,,,0,,,2025-11-24 16:52:14
5423,北京,河北省廊坊市文安县,Z04362,,,0,,,2025-11-24 16:55:27
5424,郑州,河南省鹤壁市淇滨区,Z09991,,,0,,,2025-11-24 17:21:45
5425,西宁,青海省果洛藏族自治州玛沁县,Z05774,,,0,,,2025-11-24 17:23:39
5426,合肥,安徽省阜阳市临泉县,Z06553,,,0,,,2025-11-24 17:25:20
5427,郑州,河南省安阳市殷都区,Z10508,,,0,,,2025-11-24 17:25:23
5428,,山东省日照市五莲县,Z10500,,,0,,,2025-11-24 17:27:24
5429,合肥,安徽省阜阳市颍州区,Z09849,,,0,,,2025-11-24 17:27:59
5431,太原,山西省朔州市怀仁市,Z04000,,,0,,,2025-11-24 17:28:24
5432,太原,山西省临汾市襄汾县,Z03989,,,0,,,2025-11-24 17:28:31
5433,合肥,安徽省六安市霍邱县,Z06537,,,0,,,2025-11-24 17:28:43
5434,哈尔滨,黑龙江省七台河市勃利县,Z04591,,,0,,,2025-11-24 17:51:19
5435,哈尔滨,黑龙江省齐齐哈尔市泰来县,Z04536,,,0,,,2025-11-24 17:51:34
5436,哈尔滨,内蒙古自治区呼伦贝尔市扎赉诺尔区,Z04634,,,0,,,2025-11-24 17:51:38
5437,长春,,Z04656,,,0,,,2025-11-24 17:55:12
5438,长春,吉林省白山市临江市,Z04659,,,0,,,2025-11-24 17:55:13
5439,长春,吉林省白城市通榆县,Z04654,,,0,,,2025-11-24 17:55:14
5440,长春,吉林省延边朝鲜族自治州图们市,Z04690,,,0,,,2025-11-24 17:55:18
5441,长春,吉林省延边朝鲜族自治州和龙市,Z04698,,,0,,,2025-11-24 17:55:49
5442,哈尔滨,黑龙江省佳木斯市桦川县,Z09708,,,0,,,2025-11-24 17:55:59
5443,哈尔滨,黑龙江省大庆市大同区,Z04603,,,0,,,2025-11-24 17:56:03
5444,长春,内蒙古自治区兴安盟科尔沁右翼中旗,Z04693,,,0,,,2025-11-24 17:58:21
5445,沈阳,辽宁省大连市普兰店区,Z04473,,,0,,,2025-11-24 18:01:54
5446,沈阳,辽宁省辽阳市宏伟区,Z10128,,,0,,,2025-11-24 18:01:57
5447,沈阳,内蒙古自治区通辽市科尔沁区,Z10144,,,0,,,2025-11-24 18:01:59
5448,沈阳,辽宁省抚顺市清原满族自治县,Z04475,,,0,,,2025-11-24 18:02:03
5449,沈阳,内蒙古自治区赤峰市敖汉旗,Z04507,,,0,,,2025-11-24 18:02:06
5450,沈阳,,Z10111,,,0,,,2025-11-24 18:02:15
5451,合肥,安徽省淮南市田家庵区,Z10305,,,0,,,2025-11-24 18:02:18
5452,合肥,安徽省马鞍山市雨山区,Z10516,,,0,,,2025-11-24 19:07:01
5453,合肥,安徽省马鞍山市当涂县,Z06567,,,0,,,2025-11-24 19:07:11
5454,石家庄,河北省沧州市沧县,Z08753,,,0,,,2025-11-24 19:07:40
5455,石家庄,河北省邢台市宁晋县,Z08643,,,0,,,2025-11-24 19:07:41
5456,石家庄,河北省石家庄市鹿泉区,Z08658,,,0,,,2025-11-24 19:07:45
5457,沈阳,辽宁省沈阳市法库县,Z04492,,,0,,,2025-11-24 19:07:59
5458,合肥,安徽省芜湖市弋江区,Z09853,,,0,,,2025-11-24 19:08:38
5459,西安,陕西省延安市宝塔区,Z10091,,,0,,,2025-11-25 10:17:04
5460,西安,陕西省西安市雁塔区,Z10091,,,0,,,2025-11-25 10:17:16
5461,合肥,安徽省宣城市广德市,Z06535,,,0,,,2025-11-25 10:17:55
5462,合肥,安徽省池州市贵池区,Z09742,,,0,,,2025-11-25 10:18:16
5464,太原,山西省晋城市城区,Z09581,,,0,,,2025-11-25 11:19:31
5465,乌鲁木齐,新疆维吾尔自治区阿勒泰地区福海县,Z05403,,,0,,,2025-11-25 11:30:01
5466,西安,陕西省宝鸡市金台区,Z10087,,,0,,,2025-11-25 13:44:04
5467,西安,陕西省西安市雁塔区,Z10087,,,0,,,2025-11-25 13:44:15
5468,石家庄,河北省沧州市黄骅市,Z08633,,,0,,,2025-11-25 13:54:22
5469,太原,山西省晋中市昔阳县,Z04031,,,0,,,2025-11-25 13:58:53
5470,兰州,甘肃省武威市凉州区,Z09498,,,0,,,2025-11-25 14:29:43
5471,兰州,甘肃省庆阳市庆城县,Z09495,,,0,,,2025-11-25 14:29:44
5472,兰州,甘肃省定西市陇西县,Z05498,,,0,,,2025-11-25 14:29:46
5473,上海,上海市上海市闵行区,Z06591,,,0,,,2025-11-25 14:51:50
5474,西安,陕西省西安市阎良区,Z05677,,,0,,,2025-11-25 15:01:06
5475,西安,陕西省西安市周至县,Z05611,,,0,,,2025-11-25 15:01:10
5476,西宁,,Z05783,,,0,,,2025-11-25 15:02:40
5477,哈尔滨,黑龙江省牡丹江市穆棱市,Z04547,,,0,,,2025-11-25 16:35:36
5478,昆明,云南省普洱市景谷傣族彝族自治县,Z10188,,,0,,,2025-11-25 16:37:04
5480,沈阳,辽宁省盘锦市双台子区,Z10140,,,0,,,2025-11-25 16:37:31
5481,沈阳,辽宁省鞍山市海城市,Z04447,,,0,,,2025-11-25 16:37:36
5482,沈阳,辽宁省辽阳市弓长岭区,Z10127,,,0,,,2025-11-25 16:37:38
5483,沈阳,辽宁省铁岭市开原市,Z04467,,,0,,,2025-11-25 16:38:04
5484,哈尔滨,黑龙江省哈尔滨市方正县,Z04523,,,0,,,2025-11-25 17:06:15
5485,太原,山西省忻州市宁武县,Z04023,,,0,,,2025-11-25 17:07:22
5486,合肥,安徽省滁州市来安县,Z06566,,,0,,,2025-11-25 17:07:23
5487,合肥,安徽省合肥市肥东县,Z06501,,,0,,,2025-11-25 17:07:30
5488,合肥,安徽省黄山市黄山区,Z06549,,,0,,,2025-11-25 17:08:00
5489,长春,吉林省松原市长岭县,Z04679,,,0,,,2025-11-25 17:08:06
5490,合肥,安徽省黄山市屯溪区,Z09423,,,0,,,2025-11-25 17:08:27
5493,驻马店,河南省周口市郸城县,Z04884,,,0,,,2025-11-25 17:26:54
5494,驻马店,河南省驻马店市汝南县,Z04871,,,0,,,2025-11-25 17:26:55
5495,驻马店,河南省平顶山市卫东区,Z09479,,,0,,,2025-11-25 17:28:10
5496,驻马店,河南省漯河市舞阳县,Z04891,,,0,,,2025-11-25 17:28:14
5497,西宁,青海省西宁市大通回族土族自治县,Z05789,,,0,,,2025-11-25 17:34:43
5498,西宁,,Z05786,,,0,,,2025-11-25 17:34:44
5499,郑州,河南省焦作市沁阳市,Z10008,,,0,,,2025-11-25 17:34:53
5500,郑州,河南省开封市龙亭区,Z09971,,,0,,,2025-11-25 17:34:53
5501,郑州,河南省商丘市虞城县,Z05036,,,0,,,2025-11-25 17:34:59
5502,郑州,河南省新乡市封丘县,Z04988,,,0,,,2025-11-25 17:35:03
5503,长春,内蒙古自治区兴安盟突泉县,Z04692,,,0,,,2025-11-25 17:36:51
5504,长春,吉林省白山市江源区,Z10104,,,0,,,2025-11-25 17:36:57
5505,长春,吉林省通化市辉南县,Z04683,,,0,,,2025-11-25 17:36:58
5506,长春,吉林省白山市抚松县,Z04657,,,0,,,2025-11-25 17:36:59
5507,长春,内蒙古自治区兴安盟乌兰浩特市,Z04691,,,0,,,2025-11-25 17:37:07
5508,兰州,甘肃省兰州市红古区,Z05564,,,0,,,2025-11-25 17:37:18
5509,兰州,甘肃省临夏回族自治州永靖县,Z05550,,,0,,,2025-11-25 17:37:19
5510,合肥,安徽省合肥市蜀山区,Z09420,,,0,,,2025-11-25 17:38:00
5511,郑州,河南省商丘市柘城县,Z05022,,,0,,,2025-11-25 17:38:05
5512,乌鲁木齐,新疆维吾尔自治区塔城地区塔城市,Z05444,,,0,,,2025-11-25 17:38:17
5513,合肥,安徽省宣城市绩溪县,Z06571,,,0,,,2025-11-25 17:38:35
5514,合肥,安徽省蚌埠市禹会区,Z09421,,,0,,,2025-11-25 17:38:47
5515,郑州,河南省商丘市宁陵县,Z06069,,,0,,,2025-11-25 18:07:35
5516,长春,吉林省白山市靖宇县,Z04658,,,0,,,2025-11-25 18:07:42
5517,郑州,河南省开封市杞县,Z05009,,,0,,,2025-11-25 18:08:22
5518,西宁,青海省黄南藏族自治州同仁市,Z05787,,,0,,,2025-11-25 18:08:28
5519,西宁,青海省黄南藏族自治州泽库县,Z05773,,,0,,,2025-11-25 18:08:29
5520,西宁,青海省黄南藏族自治州河南蒙古族自治县,Z05770,,,0,,,2025-11-25 18:08:32
5521,西宁,,Z05795,,,0,,,2025-11-25 18:08:32
5522,兰州,甘肃省兰州市榆中县,Z05540,,,0,,,2025-11-25 18:08:45
5523,石家庄,河北省沧州市肃宁县,Z08679,,,0,,,2025-11-25 18:08:47
5524,石家庄,河北省衡水市武强县,Z08703,,,0,,,2025-11-25 18:08:49
5525,石家庄,河北省衡水市安平县,Z08700,,,0,,,2025-11-25 18:08:50
5526,石家庄,河北省沧州市南皮县,Z08710,,,0,,,2025-11-25 18:08:53
5527,合肥,安徽省宣城市宣州区,Z06506,,,0,,,2025-11-25 18:08:58
5528,石家庄,河北省邯郸市邯山区,Z08720,,,0,,,2025-11-25 18:08:59
5529,石家庄,河北省保定市蠡县,Z08629,,,0,,,2025-11-25 18:09:00
5530,石家庄,河北省沧州市盐山县,Z08725,,,0,,,2025-11-25 18:09:08
5531,石家庄,河北省保定市徐水区,Z08671,,,0,,,2025-11-25 18:09:10
5532,驻马店,河南省南阳市邓州市,Z04899,,,0,,,2025-11-26 09:28:07
5533,驻马店,河南省周口市淮阳区,Z10035,,,0,,,2025-11-26 09:28:11
5535,西安,陕西省西安市新城区,Z09905,,,0,,,2025-11-26 10:59:11
5536,西安,陕西省西安市未央区,Z05609,,,0,,,2025-11-26 10:59:37
5537,西安,陕西省安康市汉阴县,Z05591,,,0,,,2025-11-26 11:00:22
5538,合肥,安徽省合肥市包河区,Z06499,,,0,,,2025-11-26 13:15:39
5539,,山东省济南市历下区,Z06045,,,0,,,2025-11-26 13:15:44
5541,合肥,安徽省淮北市濉溪县,Z06562,,,0,,,2025-11-26 13:15:55
5542,合肥,安徽省宣城市宁国市,Z06533,,,0,,,2025-11-26 13:15:58
5543,合肥,安徽省池州市东至县,Z06552,,,0,,,2025-11-26 13:17:20
5544,兰州,甘肃省兰州市红古区,Z05491,,,0,,,2025-11-26 13:36:07
5545,合肥,安徽省合肥市庐江县,Z06503,,,0,,,2025-11-26 14:12:29
5546,青岛,山东省威海市乳山市,Z05921,,,0,,,2025-11-26 14:12:45
5547,郑州,河南省安阳市滑县,Z05014,,,0,,,2025-11-26 14:58:02
5548,郑州,河南省商丘市睢阳区,Z10017,,,0,,,2025-11-26 14:58:03
5549,郑州,河南省商丘市梁园区,Z10016,,,0,,,2025-11-26 14:58:42
5550,合肥,安徽省滁州市明光市,Z06514,,,0,,,2025-11-26 15:18:20
5551,青岛,山东省威海市环翠区,Z09453,,,0,,,2025-11-26 15:18:57
5552,青岛,山东省青岛市城阳区,Z05918,,,0,,,2025-11-26 15:19:18
5553,合肥,安徽省滁州市琅琊区,Z09740,,,0,,,2025-11-26 15:20:19
5554,太原,山西省朔州市山阴县,Z04002,,,0,,,2025-11-26 15:20:54
5555,太原,山西省晋中市祁县,Z03971,,,0,,,2025-11-26 15:20:55
5556,太原,山西省太原市清徐县,Z04008,,,0,,,2025-11-26 15:20:59
5557,合肥,安徽省芜湖市无为市,Z06509,,,0,,,2025-11-26 15:21:28
5558,驻马店,河南省郑州市金水区,000001,,,0,,,2025-11-26 16:07:43
5559,金华,浙江省金华市婺城区,Z09846,,,0,,,2025-11-26 16:09:05
5560,合肥,安徽省宣城市郎溪县,Z06560,,,0,,,2025-11-26 16:09:42
5561,郑州,河南省商丘市睢阳区,Z10016,,,0,,,2025-11-26 16:31:59
5562,郑州,河南省洛阳市栾川县,Z04939,,,0,,,2025-11-26 16:32:11
5563,郑州,河南省洛阳市嵩县,Z04995,,,0,,,2025-11-26 16:32:12
5564,青岛,山东省青岛市李沧区,Z05917,,,0,,,2025-11-26 16:33:55
5565,合肥,安徽省宣城市泾县,Z06559,,,0,,,2025-11-26 16:34:04
5566,青岛,山东省潍坊市坊子区,Z10479,,,0,,,2025-11-26 16:34:12
5567,青岛,山东省潍坊市青州市,Z05942,,,0,,,2025-11-26 16:34:20
5568,青岛,山东省青岛市黄岛区,Z10306,,,0,,,2025-11-26 16:34:32
5569,沈阳,,Z10293,,,0,,,2025-11-26 16:46:26
5570,沈阳,辽宁省葫芦岛市绥中县,Z04459,,,0,,,2025-11-26 16:46:28
5571,沈阳,辽宁省沈阳市和平区,Z01188,,,0,,,2025-11-26 16:46:43
5572,沈阳,辽宁省营口市西市区,Z10139,,,0,,,2025-11-26 16:47:14
5573,哈尔滨,黑龙江省黑河市孙吴县,Z04607,,,0,,,2025-11-26 16:52:30
5574,长春,吉林省白城市大安市,Z04695,,,0,,,2025-11-26 16:52:45
5575,哈尔滨,内蒙古自治区呼伦贝尔市满洲里市,Z04580,,,0,,,2025-11-26 16:56:33
5576,哈尔滨,黑龙江省佳木斯市汤原县,Z10522,,,0,,,2025-11-26 17:02:24
5577,哈尔滨,黑龙江省哈尔滨市道外区,Z09675,,,0,,,2025-11-26 17:02:35
5578,哈尔滨,黑龙江省哈尔滨市双城区,Z04526,,,0,,,2025-11-26 17:02:44
5579,沈阳,辽宁省锦州市北镇市,Z04482,,,0,,,2025-11-26 17:02:52
5580,沈阳,辽宁省沈阳市和平区,Z10131,,,0,,,2025-11-26 17:02:55
5581,合肥,安徽省马鞍山市含山县,Z06565,,,0,,,2025-11-26 17:29:02
5583,青岛,山东省青岛市即墨区,Z05910,,,0,,,2025-11-26 17:29:05
5584,驻马店,河南省许昌市鄢陵县,Z04925,,,0,,,2025-11-26 17:29:10
5585,驻马店,河南省驻马店市上蔡县,Z04872,,,0,,,2025-11-26 17:29:11
5586,驻马店,河南省信阳市浉河区,Z09480,,,0,,,2025-11-26 17:29:13
5587,西安,陕西省宝鸡市渭滨区,Z10096,,,0,,,2025-11-26 17:29:32
5588,青岛,山东省烟台市招远市,Z05931,,,0,,,2025-11-26 17:29:33
5589,石家庄,河北省保定市安国市,Z08661,,,0,,,2025-11-26 17:30:35
5590,青岛,山东省青岛市崂山区,Z05916,,,0,,,2025-11-26 17:31:36
5591,合肥,安徽省安庆市宜秀区,Z09416,,,0,,,2025-11-26 17:31:38
5592,合肥,安徽省铜陵市郊区,Z10471,,,0,,,2025-11-26 17:32:21
5593,,山东省济南市历下区,Z05889,,,0,,,2025-11-26 17:59:17
5594,合肥,安徽省宿州市埇桥区,Z09424,,,0,,,2025-11-26 17:59:25
5595,合肥,安徽省宿州市灵璧县,Z06548,,,0,,,2025-11-26 17:59:27
5596,驻马店,河南省南阳市桐柏县,Z04893,,,0,,,2025-11-26 18:03:55
5598,郑州,河南省新乡市长垣市,Z04962,,,0,,,2025-11-26 18:04:09
5599,郑州,河南省济源市济源市,Z10020,,,0,,,2025-11-26 18:04:12
5601,西宁,,Z05790,,,0,,,2025-11-27 11:04:57
5602,哈尔滨,黑龙江省哈尔滨市宾县,Z04601,,,0,,,2025-11-27 13:34:56
5603,合肥,安徽省安庆市太湖县,Z06521,,,0,,,2025-11-27 14:16:13
5604,西安,陕西省汉中市勉县,Z05578,,,0,,,2025-11-27 14:29:35
5605,西安,陕西省西安市蓝田县,Z05610,,,0,,,2025-11-27 14:30:30
5606,西安,陕西省咸阳市兴平市,Z05647,,,0,,,2025-11-27 14:30:36
5607,郑州,河南省商丘市永城市,Z04960,,,0,,,2025-11-27 14:30:51
5608,西安,陕西省渭南市蒲城县,Z05608,,,0,,,2025-11-27 14:36:06
5609,西安,陕西省榆林市定边县,Z05625,,,0,,,2025-11-27 14:36:18
5610,金华,,Z06447,,,0,,,2025-11-27 15:17:49
5611,合肥,安徽省亳州市蒙城县,Z06538,,,0,,,2025-11-27 15:18:25
5612,合肥,安徽省合肥市包河区,Z06538,,,0,,,2025-11-27 15:18:28
5613,兰州,甘肃省张掖市甘州区,Z09499,,,0,,,2025-11-27 16:03:00
5614,西宁,,Z05791,,,0,,,2025-11-27 16:03:14
5615,兰州,甘肃省白银市会宁县,Z05477,,,0,,,2025-11-27 16:08:58
5616,兰州,甘肃省甘南藏族自治州合作市,Z05485,,,0,,,2025-11-27 16:08:59
5617,兰州,甘肃省平凉市崆峒区,Z09494,,,0,,,2025-11-27 16:09:18
5618,兰州,甘肃省定西市安定区,Z09560,,,0,,,2025-11-27 16:09:20
5619,合肥,安徽省马鞍山市和县,Z06558,,,0,,,2025-11-27 16:09:51
5620,合肥,安徽省亳州市利辛县,Z06540,,,0,,,2025-11-27 16:10:32
5621,合肥,安徽省亳州市谯城区,Z09422,,,0,,,2025-11-27 16:10:36
5622,合肥,安徽省安庆市宿松县,Z06541,,,0,,,2025-11-27 16:48:47
5623,西安,,Z10219,,,0,,,2025-11-27 17:13:41
5625,西安,陕西省西安市长安区,Z09905,,,0,,,2025-11-27 18:07:51
5626,海口,,000001,,,0,,,2025-11-28 09:36:49
5627,太原,山西省临汾市尧都区,Z09583,,,0,,,2025-11-28 13:19:39
5629,青岛,,Z09450,,,0,,,2025-12-01 11:24:35
5631,青岛,山东省青岛市市北区,Z09450,,,0,,,2025-12-01 11:25:03
5633,青岛,山东省威海市荣成市,Z05920,,,0,,,2025-12-01 14:51:48
5634,青岛,山东省青岛市胶州市,Z05912,,,0,,,2025-12-01 14:52:16
5635,乌鲁木齐,新疆维吾尔自治区塔城地区塔城市,Z05445,,,0,,,2025-12-01 15:00:49
5636,兰州,甘肃省张掖市山丹县,Z05467,,,0,,,2025-12-01 15:01:28
5637,兰州,甘肃省嘉峪关市嘉峪关市,Z05487,,,0,,,2025-12-01 15:01:34
5638,兰州,甘肃省武威市古浪县,Z05534,,,0,,,2025-12-01 15:01:39
5639,兰州,甘肃省金昌市金川区,Z09487,,,0,,,2025-12-01 15:02:08
5640,兰州,内蒙古自治区阿拉善盟阿拉善右旗,Z05530,,,0,,,2025-12-01 15:02:14
5641,兰州,甘肃省陇南市宕昌县,Z05475,,,0,,,2025-12-01 15:02:15
5642,青岛,山东省潍坊市潍城区,Z09454,,,0,,,2025-12-01 15:04:09
5643,大理,云南省临沧市耿马傣族佤族自治县,Z06992,,,0,,,2025-12-01 16:44:43
5644,广州,广东省广州市海珠区,Z09330,,,0,,,2025-12-01 16:44:47
5645,太原,山西省太原市尖草坪区,Z09564,,,0,,,2025-12-01 16:51:17
5646,太原,山西省长治市潞州区,Z10148,,,0,,,2025-12-01 17:02:05
5647,哈尔滨,黑龙江省伊春市伊美区,Z04570,,,0,,,2025-12-01 17:14:46
5648,沈阳,辽宁省大连市瓦房店市,Z04484,,,0,,,2025-12-01 17:16:10
5649,沈阳,,Z06702,,,0,,,2025-12-01 17:16:24
5650,哈尔滨,内蒙古自治区呼伦贝尔市扎兰屯市,Z04581,,,0,,,2025-12-01 17:17:10
5651,哈尔滨,黑龙江省大庆市让胡路区,Z09698,,,0,,,2025-12-01 17:17:11
5652,哈尔滨,黑龙江省齐齐哈尔市拜泉县,Z04537,,,0,,,2025-12-01 17:17:15
5653,哈尔滨,黑龙江省齐齐哈尔市昂昂溪区,Z04627,,,0,,,2025-12-01 17:17:18
5654,哈尔滨,黑龙江省齐齐哈尔市富拉尔基区,Z04543,,,0,,,2025-12-01 17:17:19
5655,哈尔滨,黑龙江省大庆市龙凤区,Z09697,,,0,,,2025-12-01 17:17:29
5656,长春,吉林省吉林市蛟河市,Z04668,,,0,,,2025-12-01 17:18:45
5657,长春,吉林省吉林市磐石市,Z04672,,,0,,,2025-12-01 17:18:50
5658,沈阳,辽宁省朝阳市龙城区,Z10114,,,0,,,2025-12-01 17:21:38
5659,库尔勒,新疆维吾尔自治区巴音郭楞蒙古自治州库尔勒市,Z05747,,,0,,,2025-12-01 17:25:36
5660,库尔勒,新疆维吾尔自治区阿克苏地区新和县,Z05763,,,0,,,2025-12-01 17:25:43
5661,库尔勒,新疆维吾尔自治区巴音郭楞蒙古自治州焉耆回族自治县,Z05748,,,0,,,2025-12-01 17:26:20
5662,哈尔滨,黑龙江省绥化市庆安县,Z04610,,,0,,,2025-12-01 17:27:10
5664,石家庄,河北省衡水市桃城区,Z08714,,,0,,,2025-12-01 17:51:37
5665,合肥,安徽省宿州市砀山县,Z06554,,,0,,,2025-12-01 17:52:14
5666,合肥,安徽省宿州市萧县,Z06551,,,0,,,2025-12-01 17:52:47
5667,驻马店,河南省周口市项城市,Z04881,,,0,,,2025-12-02 11:05:39
5668,驻马店,河南省信阳市淮滨县,Z04919,,,0,,,2025-12-02 11:05:40
5669,西安,陕西省榆林市靖边县,Z05629,,,0,,,2025-12-02 11:06:39
5670,西安,陕西省西安市雁塔区,Z05629,,,0,,,2025-12-02 11:06:55
5671,西安,陕西省渭南市大荔县,Z05604,,,0,,,2025-12-02 11:17:30
5672,金华,浙江省金华市东阳市,Z06452,,,0,,,2025-12-02 13:28:17
5673,西安,陕西省西安市雁塔区,Z05633,,,0,,,2025-12-02 13:58:37
5674,西宁,青海省海南藏族自治州共和县,Z05792,,,0,,,2025-12-02 14:09:00
5675,兰州,甘肃省兰州市西固区,Z10431,,,0,,,2025-12-02 14:10:13
5676,合肥,安徽省芜湖市繁昌区,Z06568,,,0,,,2025-12-02 16:25:44
5677,哈尔滨,云南省昆明市五华区,Z09717,,,0,,,2025-12-02 16:34:01
5678,长春,吉林省通化市集安市,Z04684,,,0,,,2025-12-02 16:35:48
5679,长春,吉林省松原市宁江区,Z04677,,,0,,,2025-12-02 16:35:55
5680,长春,吉林省松原市宁江区,Z04696,,,0,,,2025-12-02 16:35:56
5681,长春,吉林省白城市大安市,Z04652,,,0,,,2025-12-02 16:36:06
5682,驻马店,河南省南阳市方城县,Z04895,,,0,,,2025-12-02 17:15:24
5683,包头,内蒙古自治区鄂尔多斯市准格尔旗,Z04846,,,0,,,2025-12-02 17:15:41
5684,库尔勒,新疆维吾尔自治区阿克苏地区乌什县,Z05764,,,0,,,2025-12-02 17:19:25
5685,郑州,河南省安阳市北关区,Z09861,,,0,,,2025-12-02 17:19:46
5686,郑州,河南省安阳市殷都区,Z05034,,,0,,,2025-12-02 17:19:49
5687,郑州,河南省洛阳市涧西区,Z09979,,,0,,,2025-12-02 17:19:56
5688,西安,陕西省咸阳市永寿县,Z08878,,,0,,,2025-12-02 17:21:24
5689,驻马店,河南省许昌市长葛市,Z04927,,,0,,,2025-12-02 17:21:30
5690,青岛,山东省烟台市龙口市,Z05928,,,0,,,2025-12-02 17:21:48
5691,郑州,河南省濮阳市华龙区,Z10009,,,0,,,2025-12-02 17:23:25
5692,驻马店,河南省许昌市建安区,Z09482,,,0,,,2025-12-02 17:23:40
5693,长春,吉林省通化市柳河县,Z04686,,,0,,,2025-12-02 17:32:42
5694,哈尔滨,黑龙江省哈尔滨市道外区,Z09678,,,0,,,2025-12-02 17:33:12
5695,西宁,青海省海西蒙古族藏族自治州都兰县,Z05804,,,0,,,2025-12-02 17:34:36
5696,沈阳,辽宁省葫芦岛市,Z10315,,,0,,,2025-12-02 17:56:00
5697,西安,宁夏回族自治区固原市西吉县,Z05567,,,0,,,2025-12-02 17:56:12
5698,西安,宁夏回族自治区吴忠市红寺堡区,Z05645,,,0,,,2025-12-02 17:56:29
5699,合肥,安徽省马鞍山市花山区,Z09417,,,0,,,2025-12-02 17:57:18
5700,驻马店,河南省周口市太康县,Z04886,,,0,,,2025-12-03 11:14:03
5701,驻马店,河南省周口市扶沟县,Z04885,,,0,,,2025-12-03 11:14:05
5702,西安,陕西省咸阳市三原县,Z05576,,,0,,,2025-12-03 11:14:35
5703,太原,山西省运城市临猗县,Z04038,,,0,,,2025-12-03 13:16:29
5705,乌鲁木齐,新疆维吾尔自治区博尔塔拉蒙古自治州精河县,Z05411,,,0,,,2025-12-03 14:17:40
5706,金华,浙江省衢州市龙游县,Z06465,,,0,,,2025-12-03 15:19:32
5707,青岛,山东省威海市文登区,Z05922,,,0,,,2025-12-03 15:40:37
5708,青岛,,Z05917,,,0,,,2025-12-03 16:32:38
5709,成都,四川省成都市青白江区,Z10152,,,0,,,2025-12-03 16:54:16
5711,沈阳,内蒙古自治区赤峰市翁牛特旗,Z04509,,,0,,,2025-12-03 17:14:33
5712,驻马店,河南省南阳市内乡县,Z04901,,,0,,,2025-12-03 17:15:17
5713,西安,陕西省西安市雁塔区,Z05625,,,0,,,2025-12-03 17:16:36
5714,西安,陕西省渭南市韩城市,Z05663,,,0,,,2025-12-03 17:18:03
5715,西安,陕西省西安市碑林区,Z09909,,,0,,,2025-12-03 17:19:44
5716,兰州,甘肃省白银市白银区,Z09484,,,0,,,2025-12-03 17:20:22
5717,驻马店,河南省漯河市源汇区,Z09483,,,0,,,2025-12-03 17:21:03
5718,合肥,安徽省蚌埠市怀远县,Z06522,,,0,,,2025-12-03 17:21:10
5719,合肥,安徽省安庆市望江县,Z06531,,,0,,,2025-12-03 17:34:43
5720,石家庄,河北省保定市易县,Z08631,,,0,,,2025-12-03 17:49:05
5721,石家庄,河北省沧州市孟村回族自治县,Z08726,,,0,,,2025-12-03 17:55:26
5722,郑州,,Z09964,,,0,,,2025-12-03 17:55:54
5723,郑州,河南省新乡市红旗区,Z09993,,,0,,,2025-12-03 17:55:55
5724,郑州,河南省新乡市延津县,Z09993,,,0,,,2025-12-03 17:55:58
5725,驻马店,河南省许昌市禹州市,Z04928,,,0,,,2025-12-03 17:57:05
5726,金华,浙江省丽水市景宁畲族自治县,Z06461,,,0,,,2025-12-03 17:57:06
5727,合肥,安徽省滁州市凤阳县,Z06544,,,0,,,2025-12-03 17:57:45
5728,金华,浙江省丽水市云和县,Z06459,,,0,,,2025-12-04 10:22:50
5729,西宁,青海省海西蒙古族藏族自治州天峻县,Z05803,,,0,,,2025-12-04 10:32:51
5730,西宁,青海省海南藏族自治州贵德县,Z05793,,,0,,,2025-12-04 10:53:25
5731,西宁,,Z10453,,,0,,,2025-12-04 10:53:27
5732,郑州,河南省焦作市博爱县,Z06071,,,0,,,2025-12-04 11:34:46
5733,郑州,河南省安阳市北关区,Z09984,,,0,,,2025-12-04 11:34:46
5734,郑州,河南省焦作市山阳区,Z10006,,,0,,,2025-12-04 11:35:12
5735,郑州,河南省焦作市修武县,Z05004,,,0,,,2025-12-04 11:35:18
5736,郑州,河南省开封市通许县,Z04990,,,0,,,2025-12-04 11:45:20
5737,沈阳,辽宁省沈阳市铁西区,Z10136,,,0,,,2025-12-04 13:25:43
5738,库尔勒,新疆维吾尔自治区阿克苏地区拜城县,Z10109,,,0,,,2025-12-04 13:35:58
5739,西宁,青海省玉树藏族自治州囊谦县,Z05782,,,0,,,2025-12-04 14:57:47
5740,兰州,甘肃省天水市武山县,Z05555,,,0,,,2025-12-04 14:57:56
5741,兰州,甘肃省陇南市徽县,Z05496,,,0,,,2025-12-04 14:57:58
5742,兰州,甘肃省临夏回族自治州广河县,Z05544,,,0,,,2025-12-04 14:58:00
5748,青岛,山东省烟台市栖霞市,Z05930,,,0,,,2025-12-04 15:49:54
5749,金华,浙江省金华市浦江县,Z06453,,,0,,,2025-12-04 16:08:41
5750,金华,浙江省丽水市松阳县,Z06457,,,0,,,2025-12-04 16:11:29
5751,包头,内蒙古自治区巴彦淖尔市五原县,Z04844,,,0,,,2025-12-04 16:25:29
5752,哈尔滨,黑龙江省齐齐哈尔市讷河市,Z04628,,,0,,,2025-12-04 16:40:44
5753,哈尔滨,黑龙江省大庆市杜尔伯特蒙古族自治县,Z10196,,,0,,,2025-12-04 16:40:52
5754,哈尔滨,黑龙江省齐齐哈尔市富裕县,Z04534,,,0,,,2025-12-04 16:40:55
5755,青岛,山东省青岛市平度市,Z05914,,,0,,,2025-12-04 16:59:28
5756,南京,,Z09388,,,0,,,2025-12-04 17:30:37
5757,郑州,河南省焦作市武陟县,Z05003,,,0,,,2025-12-04 17:35:59
5760,石家庄,河北省保定市竞秀区,Z08750,,,0,,,2025-12-04 18:01:21
5761,石家庄,河北省衡水市饶阳县,Z08702,,,0,,,2025-12-04 18:01:25
5762,哈尔滨,内蒙古自治区呼伦贝尔市鄂伦春自治旗,Z04583,,,0,,,2025-12-04 18:05:47
5763,合肥,安徽省滁州市定远县,Z06515,,,0,,,2025-12-04 18:09:05
5764,西安,宁夏回族自治区中卫市沙坡头区,Z05587,,,0,,,2025-12-04 18:25:58
5765,西安,陕西省商洛市商州区,Z05597,,,0,,,2025-12-05 09:42:23
5766,西安,陕西省咸阳市乾县,Z05646,,,0,,,2025-12-05 09:42:35
5767,兰州,甘肃省武威市民勤县,Z05464,,,0,,,2025-12-05 09:42:41
5768,合肥,安徽省阜阳市颍上县,Z06524,,,0,,,2025-12-05 11:05:03
5769,合肥,安徽省合肥市包河区,Z06524,,,0,,,2025-12-05 11:05:04
5770,长沙,湖南省衡阳市雁峰区,Z07313,,,0,,,2025-12-05 11:27:40
5771,太原,山西省吕梁市孝义市,Z04015,,,0,,,2025-12-05 11:37:57
5772,太原,山西省晋城市阳城县,Z03967,,,0,,,2025-12-05 13:30:14
5773,太原,山西省晋中市左权县,Z03975,,,0,,,2025-12-05 13:30:46
5774,金华,浙江省金华市金东区,Z09847,,,0,,,2025-12-05 13:30:47
5776,库尔勒,新疆维吾尔自治区巴音郭楞蒙古自治州尉犁县,Z05750,,,0,,,2025-12-05 13:51:29
5777,乌鲁木齐,新疆维吾尔自治区伊犁哈萨克自治州伊宁市,Z05431,,,0,,,2025-12-05 13:53:33
5778,衡阳,湖南省衡阳市雁峰区,Z07461,,,0,,,2025-12-05 15:32:35
5779,郑州,河南省洛阳市洛宁县,Z04993,,,0,,,2025-12-05 15:40:56
5780,郑州,河南省濮阳市南乐县,Z05030,,,0,,,2025-12-05 15:43:35
5781,郑州,河南省洛阳市宜阳县,Z05016,,,0,,,2025-12-05 15:43:42
4672,贵阳,贵州省黔东南苗族侗族自治州从江县,Z06765,,,0,,,2025-09-16 17:49:53
4673,赣州,江西省赣州市于都县,Z09747,,,0,,,2025-09-16 17:51:59
4675,成都,四川省阿坝藏族羌族自治州金川县,Z07741,,,0,,,2025-09-17 15:21:57
4676,南充,四川省南充市南部县,Z09754,,,0,,,2025-09-17 15:23:37
4677,,河北省廊坊市文安县,Z04362,,,0,,,2025-09-17 15:42:41
4678,重庆,重庆市重庆市奉节县,Z09239,,,0,,,2025-09-17 16:13:44
4679,,河南省三门峡市湖滨区,Z04956,,,0,,,2025-09-17 16:37:10
4680,,山西省阳泉市城区,Z04032,,,0,,,2025-09-17 17:30:43
4681,昆明,云南省怒江傈僳族自治州泸水市,Z07100,,,0,,,2025-09-17 17:31:48
4682,,宁夏回族自治区石嘴山市平罗县,Z05657,,,0,,,2025-09-17 17:32:39
4683,柳州,广西壮族自治区柳州市柳南区,Z09652,,,0,,,2025-09-17 17:53:16
4684,遵义,贵州省遵义市习水县,Z06923,,,0,,,2025-09-17 17:55:54
4685,台州,浙江省温州市文成县,Z06485,,,0,,,2025-09-17 17:56:23
4686,台州,浙江省温州市永嘉县,Z06486,,,0,,,2025-09-17 17:56:31
4688,武汉,湖北省武汉市江夏区,Z09892,,,0,,,2025-09-18 13:53:45
4689,,山东省青岛市崂山区,Z09450,,,0,,,2025-09-18 14:04:29
4690,昆明,云南省楚雄彝族自治州牟定县,Z07044,,,0,,,2025-09-18 16:18:16
4691,成都,四川省凉山彝族自治州布拖县,Z07735,,,0,,,2025-09-18 16:19:29
4692,成都,四川省凉山彝族自治州昭觉县,Z07723,,,0,,,2025-09-18 16:19:40
4693,成都,四川省甘孜藏族自治州泸定县,Z07619,,,0,,,2025-09-18 16:23:09
4694,遵义,贵州省遵义市绥阳县,Z06933,,,0,,,2025-09-18 17:51:45
4695,贵阳,贵州省黔东南苗族侗族自治州榕江县,Z06821,,,0,,,2025-09-18 17:52:52
4696,遵义,贵州省遵义市习水县,Z06957,,,0,,,2025-09-18 17:52:57
4697,遵义,贵州省遵义市播州区,Z09357,,,0,,,2025-09-18 17:53:21
4698,,河北省石家庄市高邑县,Z08724,,,0,,,2025-09-18 17:53:24
4699,,吉林省松原市宁江区,Z04677,,,0,,,2025-09-18 17:54:06
4700,贵阳,贵州省黔西南布依族苗族自治州兴义市,Z09355,,,0,,,2025-09-18 17:55:03
4701,,安徽省合肥市肥西县,Z06556,,,0,,,2025-09-19 15:00:54
4703,成都,西藏自治区昌都市察雅县,Z10156,,,0,,,2025-09-19 15:30:24
4704,成都,四川省眉山市洪雅县,Z07657,,,0,,,2025-09-19 15:33:09
4705,,内蒙古自治区赤峰市敖汉旗,Z04508,,,0,,,2025-09-19 16:39:35
4706,贵阳,,000001,,,0,,,2025-09-19 17:20:54
4707,贵阳,贵州省黔南布依族苗族自治州龙里县,Z06748,,,0,,,2025-09-19 17:22:31
4708,,黑龙江省大庆市杜尔伯特蒙古族自治县,Z10196,,,0,,,2025-09-19 18:05:34
4709,贵阳,贵州省六盘水市水城区,Z06860,,,0,,,2025-09-19 18:09:24
4710,贵阳,贵州省六盘水市水城区,Z07193,,,0,,,2025-09-19 18:09:25
4711,贵阳,贵州省六盘水市水城区,Z06875,,,0,,,2025-09-19 18:11:08
4714,成都,四川省甘孜藏族自治州道孚县,Z07610,,,0,,,2025-09-22 14:31:27
4715,重庆,重庆市重庆市巫山县,Z09233,,,0,,,2025-09-22 15:28:30
4717,汕头,广东省汕头市澄海区,000001,,,0,,,2025-09-22 17:12:06
4718,南昌,江西省新余市渝水区,Z10497,,,0,,,2025-09-22 17:47:28
4719,,吉林省长春市南关区,Z04660,,,0,,,2025-09-22 17:48:57
4720,,黑龙江省佳木斯市东风区,Z09964,,,0,,,2025-09-22 17:50:50
4721,,河南省三门峡市灵宝市,Z05035,,,0,,,2025-09-22 17:51:16
4722,台州,浙江省温州市瑞安市,Z06483,,,0,,,2025-09-22 17:52:04
4723,成都,四川省资阳市乐至县,Z07704,,,0,,,2025-09-22 18:13:40
4724,三水基地,成都,ZZ0946,1,汽运,0,2,,2025-09-22 18:16:23
4725,大理,云南省大理白族自治州永平县,Z06985,,,0,,,2025-09-22 18:19:18
4727,,陕西省延安市黄陵县,Z05616,,,0,,,2025-09-23 10:20:09
4728,喀什,新疆维吾尔自治区喀什地区喀什市,Z05702,,,0,,,2025-09-23 10:21:07
4729,成都,四川省阿坝藏族羌族自治州九寨沟县,Z07567,,,0,,,2025-09-23 16:23:28
4730,和田,新疆维吾尔自治区喀什地区喀什市,Z08603,,,0,,,2025-09-23 16:57:05
4731,昆明,云南省玉溪市澄江市,Z07115,,,0,,,2025-09-23 17:30:38
4732,三水基地,新疆维吾尔自治区乌鲁木齐市沙依巴克区,,,,0,,,2025-09-23 17:44:01
4733,贵港,广西壮族自治区梧州市岑溪市,Z10418,,,0,,,2025-09-23 18:01:56
4734,贵阳,贵州省黔东南苗族侗族自治州锦屏县,Z07203,,,0,,,2025-09-23 18:03:58
4735,长沙,,Z09517,,,0,,,2025-09-23 18:05:22
4736,重庆,重庆市重庆市巫山县,Z09231,,,0,,,2025-09-23 18:07:36
4737,淮安,江苏省宿迁市宿豫区,Z09543,,,0,,,2025-09-23 18:07:42
4738,昆明,云南省红河哈尼族彝族自治州河口瑶族自治县,Z07060,,,0,,,2025-09-23 18:07:53
4739,成都,四川省成都市武侯区,Z07703,,,0,,,2025-09-24 11:00:36
4740,,陕西省延安市宝塔区,Z05613,,,0,,,2025-09-24 11:00:51
4741,,,Z04332,,,0,,,2025-09-24 13:42:51
4742,广州,北京市北京市朝阳区,000001,,,0,,,2025-09-24 14:33:40
4743,台州,浙江省温州市鹿城区,Z08840,,,0,,,2025-09-24 15:05:02
4744,台州,浙江省温州市鹿城区,Z06472,,,0,,,2025-09-24 15:05:05
4745,,安徽省淮南市凤台县,Z06512,,,0,,,2025-09-24 15:05:34
4746,,陕西省榆林市吴堡县,Z05634,,,0,,,2025-09-24 15:15:12
4747,重庆,重庆市重庆市巫溪县,Z09242,,,0,,,2025-09-24 15:16:03
4748,荆州,湖北省襄阳市襄州区,Z09883,,,0,,,2025-09-24 16:31:47
4749,泉州,福建省泉州市石狮市,Z09059,,,0,,,2025-09-24 16:37:45
4750,昆明,云南省迪庆藏族自治州维西傈僳族自治县,Z07057,,,0,,,2025-09-24 16:41:25
4751,泉州,福建省漳州市龙文区,Z10266,,,0,,,2025-09-24 16:43:59
4752,贵阳,贵州省六盘水市盘州市,Z09351,,,0,,,2025-09-24 16:50:12
4753,长沙,湖南省长沙市开福区,Z09518,,,0,,,2025-09-24 17:18:03
4754,,新疆维吾尔自治区博尔塔拉蒙古自治州精河县,Z05411,,,0,,,2025-09-24 17:25:16
4755,,黑龙江省哈尔滨市,Z09679,,,0,,,2025-09-24 17:31:24
4756,,云南省昆明市五华区,Z09717,,,0,,,2025-09-24 17:31:36
4758,,北京市北京市朝阳区,Z03737,,,0,,,2025-09-25 13:59:21
4759,,山东省青岛市崂山区,Z09458,,,0,,,2025-09-25 14:58:16
4761,,山东省日照市东港区,Z10286,,,0,,,2025-09-25 15:29:14
4762,,北京市北京市朝阳区,Z03729,,,0,,,2025-09-25 17:26:59
4763,贵阳,贵州省黔东南苗族侗族自治州从江县,Z09347,,,0,,,2025-09-25 17:58:17
4764,重庆,重庆市重庆市巫山县,Z09228,,,0,,,2025-09-25 18:05:53
4765,成都,四川省宜宾市兴文县,Z07699,,,0,,,2025-09-25 18:12:15
4766,,陕西省西安市雁塔区,Z10083,,,0,,,2025-09-25 18:12:46
4767,福州,福建省福州市闽侯县,Z09208,,,0,,,2025-09-25 18:14:30
4769,,陕西省渭南市临渭区,Z05601,,,0,,,2025-09-26 09:38:27
4770,重庆,重庆市重庆市巫山县,Z09232,,,0,,,2025-09-26 09:47:16
4771,,河北省保定市博野县,Z08667,,,0,,,2025-09-26 09:58:46
4772,长沙,湖南省长沙市雨花区,Z09513,,,0,,,2025-09-26 14:07:44
4773,,山东省青岛市崂山区,Z05910,,,0,,,2025-09-26 15:12:46
4774,成都,四川省凉山彝族自治州宁南县,Z07728,,,0,,,2025-09-26 15:50:29
4775,成都,四川省绵阳市平武县,Z07664,,,0,,,2025-09-26 15:51:17
4776,成都,四川省凉山彝族自治州普格县,Z07737,,,0,,,2025-09-26 15:53:18
4778,成都,四川省成都市新都区,Z07586,,,0,,,2025-09-26 16:27:53
4779,,陕西省宝鸡市凤翔区,Z05593,,,0,,,2025-09-26 16:57:36
4780,,陕西省宝鸡市凤县,Z05664,,,0,,,2025-09-26 16:57:38
4781,重庆,重庆市重庆市城口县,Z06890,,,0,,,2025-09-26 16:58:34
4782,贵阳,贵州省安顺市紫云苗族布依族自治县,Z06730,,,0,,,2025-09-26 17:53:04
4783,,吉林省四平市伊通满族自治县,Z04676,,,0,,,2025-09-26 17:58:31
4784,大理,云南省迪庆藏族自治州德钦县,Z07009,,,0,,,2025-09-26 18:02:58
4785,昆明,云南省玉溪市华宁县,Z07117,,,0,,,2025-09-26 18:03:12
4786,昆明,云南省楚雄彝族自治州禄丰市,Z07035,,,0,,,2025-09-26 18:04:07
4787,昆明,云南省楚雄彝族自治州禄丰市,Z07141,,,0,,,2025-09-26 18:04:13
4788,,河北省石家庄市鹿泉区,Z08737,,,0,,,2025-09-26 18:43:15
4793,,河南省洛阳市涧西区,Z09981,,,0,,,2025-09-28 14:57:20
4794,,山东省济南市历下区,Z09409,,,0,,,2025-09-28 15:20:08
4795,昆明,云南省玉溪市峨山彝族自治县,Z07116,,,0,,,2025-09-28 15:44:38
4796,成都,四川省阿坝藏族羌族自治州理县,Z07568,,,0,,,2025-09-28 15:47:54
4797,成都,四川省甘孜藏族自治州甘孜县,Z07614,,,0,,,2025-09-28 15:48:04
4798,成都,四川省凉山彝族自治州雷波县,Z07720,,,0,,,2025-09-28 15:48:17
4799,成都,四川省阿坝藏族羌族自治州小金县,Z07575,,,0,,,2025-09-28 15:49:04
4800,南昌,江西省上饶市余干县,Z10495,,,0,,,2025-09-28 17:38:34
4801,大理,云南省丽江市永胜县,Z06990,,,0,,,2025-09-28 17:54:40
4802,成都,四川省攀枝花市西区,Z07679,,,0,,,2025-09-28 17:59:47
4803,成都,四川省攀枝花市东区,Z07679,,,0,,,2025-09-28 17:59:48
4804,大理,云南省大理白族自治州云龙县,Z06986,,,0,,,2025-09-28 18:47:20
4805,昆明,云南省楚雄彝族自治州武定县,Z07046,,,0,,,2025-09-28 18:48:09
4806,昆明,云南省普洱市墨江哈尼族自治县,Z07108,,,0,,,2025-09-28 18:48:17
4807,大理,云南省大理白族自治州云龙县,Z07002,,,0,,,2025-09-28 18:48:31
4808,重庆,重庆市重庆市彭水苗族土家族自治县,Z09733,,,0,,,2025-09-29 10:18:53
4809,,甘肃省天水市秦州区,Z05541,,,0,,,2025-09-29 10:20:55
4810,武汉,,Z00897,,,0,,,2025-09-29 14:58:06
4811,台州,浙江省温州市瓯海区,Z08840,,,0,,,2025-09-29 17:24:33
4813,,山西省太原市杏花岭区,Z09564,,,0,,,2025-09-30 12:36:33
4814,昆明,云南省普洱市景谷傣族彝族自治县,Z10237,,,0,,,2025-09-30 16:27:25
4815,南充,四川省达州市通川区,Z07748,,,0,,,2025-10-09 15:28:43
4816,成都,四川省宜宾市南溪区,Z07698,,,0,,,2025-10-09 15:29:00
4817,成都,四川省泸州市古蔺县,Z08860,,,0,,,2025-10-09 15:29:01
4820,重庆,重庆市重庆市巫山县,Z09234,,,0,,,2025-10-09 15:55:50
4821,武汉,,Z00900,,,0,,,2025-10-09 16:03:17
4822,贵阳,贵州省毕节市七星关区,Z09338,,,0,,,2025-10-09 17:48:19
4823,福州,,Z08974,,,0,,,2025-10-09 17:51:14
4824,,,Z04334,,,0,,,2025-10-09 18:18:23
4825,,北京市北京市怀柔区,Z04339,,,0,,,2025-10-09 18:21:46
4826,汕头,广东省揭阳市揭东区,Z06402,,,0,,,2025-10-10 10:16:52
4827,,山东省青岛市崂山区,Z09453,,,0,,,2025-10-10 14:01:59
4828,,山东省青岛市崂山区,Z09452,,,0,,,2025-10-10 14:02:10
4829,大理,云南省临沧市耿马傣族佤族自治县,Z07006,,,0,,,2025-10-10 14:12:49
4831,南昌,江西省上饶市鄱阳县,Z07872,,,0,,,2025-10-10 17:19:47
4833,大理,云南省怒江傈僳族自治州兰坪白族普米族自治县,Z07015,,,0,,,2025-10-11 15:29:16
4834,成都,四川省甘孜藏族自治州丹巴县,Z07609,,,0,,,2025-10-11 15:31:08
4835,昆明,云南省玉溪市元江哈尼族彝族傣族自治县,Z07139,,,0,,,2025-10-11 17:28:38
4836,贵阳,贵州省毕节市七星关区,Z09337,,,0,,,2025-10-11 17:30:12
4837,,宁夏回族自治区银川市贺兰县,Z05588,,,0,,,2025-10-13 11:04:48
4838,成都,四川省宜宾市珙县,Z07695,,,0,,,2025-10-13 15:42:23
4839,成都,四川省宜宾市长宁县,Z07693,,,0,,,2025-10-13 15:42:24
4840,,河南省新乡市延津县,Z04961,,,0,,,2025-10-13 18:28:56
4841,,辽宁省丹东市凤城市,Z09092,,,0,,,2025-10-13 18:29:54
4842,喀什,新疆维吾尔自治区克孜勒苏柯尔克孜自治州乌恰县,Z05690,,,0,,,2025-10-14 15:05:24
4845,,河南省郑州市管城回族区,Z04973,,,0,,,2025-10-14 17:48:03
4846,,山东省济南市历下区,Z05890,,,0,,,2025-10-15 11:05:32
4847,,山东省泰安市宁阳县,Z05906,,,0,,,2025-10-15 13:58:21
4848,,山东省济南市历下区,Z09880,,,0,,,2025-10-15 14:12:58
4849,成都,四川省广元市青川县,Z07635,,,0,,,2025-10-15 15:21:08
4850,,山东省济南市历下区,Z05897,,,0,,,2025-10-15 16:34:59
4851,昆明,云南省楚雄彝族自治州大姚县,Z07030,,,0,,,2025-10-15 17:18:57
4852,泉州,福建省漳州市龙海区,Z08992,,,0,,,2025-10-15 17:18:59
4853,昆明,云南省曲靖市罗平县,Z07105,,,0,,,2025-10-15 17:20:57
4855,南宁,,Z08082,,,0,,,2025-10-15 17:57:54
4856,长沙,湖南省衡阳市石鼓区,,,,0,,,2025-10-16 16:11:10
4857,,吉林省白城市大安市,Z04695,,,0,,,2025-10-16 16:56:22
4858,,陕西省宝鸡市金台区,Z05593,,,0,,,2025-10-17 17:44:08
4860,,陕西省商洛市柞水县,Z05659,,,0,,,2025-10-20 16:12:30
4861,昆明,云南省楚雄彝族自治州姚安县,Z07029,,,0,,,2025-10-20 17:00:26
4862,,吉林省长春市南关区,Z09575,,,0,,,2025-10-20 17:03:20
4863,贵阳,贵州省贵阳市云岩区,Z06763,,,0,,,2025-10-20 17:29:36
4864,贵阳,贵州省贵阳市云岩区,Z09868,,,0,,,2025-10-21 16:28:23
4865,贵阳,贵州省贵阳市云岩区,Z09334,,,0,,,2025-10-21 17:20:04
4866,,陕西省延安市宝塔区,000001,,,0,,,2025-10-22 10:36:04
4867,三水基地,,000001,,,0,,,2025-10-23 16:00:43
4869,邵阳,湖南省长沙市开福区,Z07444,,,0,,,2025-10-24 15:44:23
4870,,山东省济南市历下区,Z09404,,,0,,,2025-10-24 16:05:48
4871,南充,四川省南充市仪陇县,Z10436,,,0,,,2025-10-24 16:56:32
4872,上海,上海市上海市闵行区,Z06595,,,0,,,2025-10-24 16:58:18
4873,赣州,江西省南昌市青云谱区,Z08941,,,0,,,2025-10-24 17:21:39
4874,赣州,江西省南昌市青云谱区,Z08937,,,0,,,2025-10-24 17:21:58
4875,赣州,江西省南昌市青云谱区,Z08914,,,0,,,2025-10-24 17:22:12
4876,赣州,江西省南昌市青云谱区,Z08921,,,0,,,2025-10-24 17:51:10
4877,赣州,江西省南昌市青云谱区,Z09925,,,0,,,2025-10-27 17:03:49
4878,,安徽省滁州市南谯区,Z09740,,,0,,,2025-10-28 16:02:17
4879,,山东省青岛市崂山区,Z05916,,,0,,,2025-10-28 16:05:48
4880,,山东省济南市历下区,Z09413,,,0,,,2025-10-28 16:42:20
4881,,陕西省宝鸡市金台区,Z05641,,,0,,,2025-10-28 17:34:10
4882,昆明,云南省曲靖市师宗县,Z07106,,,0,,,2025-10-28 17:59:47
4883,,辽宁省铁岭市西丰县,Z04471,,,0,,,2025-10-29 14:16:08
4884,,山东省青岛市崂山区,Z05931,,,0,,,2025-10-29 16:22:14
4885,邵阳,湖南省长沙市开福区,Z07419,,,0,,,2025-10-29 16:57:14
4886,,黑龙江省伊春市伊美区,Z04570,,,0,,,2025-10-29 17:17:35
4887,,安徽省合肥市包河区,Z09423,,,0,,,2025-10-29 17:46:33
4888,成都,四川省甘孜藏族自治州乡城县,Z07623,,,0,,,2025-10-29 17:46:57
4889,贵阳,贵州省贵阳市云岩区,Z09353,,,0,,,2025-10-29 17:48:36
4890,,山东省青岛市崂山区,Z05947,,,0,,,2025-10-30 09:16:31
4891,,安徽省合肥市包河区,Z10516,,,0,,,2025-10-30 16:02:45
4892,,安徽省合肥市包河区,Z06500,,,0,,,2025-10-30 16:24:57
4893,,,Z06450,,,0,,,2025-11-03 10:57:11
4894,成都,四川省阿坝藏族羌族自治州若尔盖县,Z10167,,,0,,,2025-11-03 15:16:49
4895,成都,四川省甘孜藏族自治州稻城县,Z10297,,,0,,,2025-11-03 15:17:02
4896,长沙,湖南省长沙市开福区,Z07370,,,0,,,2025-11-03 16:52:27
4898,贵阳,贵州省黔东南苗族侗族自治州黎平县,Z07199,,,0,,,2025-11-04 17:17:02
4899,遵义,贵州省贵阳市云岩区,Z06920,,,0,,,2025-11-04 17:17:27
4903,,山东省青岛市崂山区,Z10306,,,0,,,2025-11-04 17:50:25
4906,荆州,,Z07510,,,0,,,2025-11-05 15:19:19
4907,昆明,云南省楚雄彝族自治州双柏县,Z07133,,,0,,,2025-11-05 17:15:38
4908,杭州,浙江省嘉兴市秀洲区,Z09081,,,0,,,2025-11-05 17:16:35
4909,大理,云南省德宏傣族景颇族自治州芒市,Z06998,,,0,,,2025-11-05 17:17:02
4927,厦门,台州,zz1553,1,汽运,0,75,,2025-11-05 17:27:47
4928,,河南省焦作市博爱县,Z06071,,,0,,,2025-11-05 17:50:30
4929,淮安,江苏省淮安市淮阴区,Z09534,,,0,,,2025-11-06 14:48:04
4930,长沙,湖南省长沙市开福区,Z07396,,,0,,,2025-11-06 15:08:49
4934,,河南省南阳市新野县,Z04898,,,0,,,2025-11-06 17:06:31
4943,三水基地,广东省佛山市三水区,,,,0,,,2025-11-07 17:17:54
4944,遵义,贵州省贵阳市云岩区,Z06947,,,0,,,2025-11-07 17:51:24
4946,太原,山西省运城市永济市,Z10149,,,0,,,2025-11-10 10:15:47
4947,太原,山西省阳泉市盂县,Z04033,,,0,,,2025-11-10 10:16:11
4948,太原,山西省临汾市翼城县,Z03990,,,0,,,2025-11-10 10:16:13
4949,太原,山西省晋中市灵石县,Z03961,,,0,,,2025-11-10 11:07:48
4950,北京,北京市北京市通州区,Z04343,,,0,,,2025-11-10 11:07:49
4951,北京,北京市北京市朝阳区,Z04334,,,0,,,2025-11-10 11:07:51
4952,太原,山西省忻州市岢岚县,Z04022,,,0,,,2025-11-10 11:07:52
4953,,陕西省汉中市汉台区,Z10094,,,0,,,2025-11-10 11:38:58
4954,北京,北京市北京市顺义区,Z04342,,,0,,,2025-11-10 13:49:54
4955,北京,北京市北京市房山区,Z04336,,,0,,,2025-11-10 13:49:55
4956,西宁,青海省海南藏族自治州贵南县,Z05771,,,0,,,2025-11-10 14:22:37
4958,太原,山西省忻州市保德县,Z04016,,,0,,,2025-11-10 16:10:55
4959,太原,山西省吕梁市离石区,Z09584,,,0,,,2025-11-10 16:10:56
4960,哈尔滨,黑龙江省佳木斯市富锦市,Z04556,,,0,,,2025-11-10 16:39:47
4961,哈尔滨,黑龙江省佳木斯市桦川县,Z04554,,,0,,,2025-11-10 16:39:50
4962,哈尔滨,黑龙江省齐齐哈尔市龙江县,Z04542,,,0,,,2025-11-10 16:39:53
4963,哈尔滨,黑龙江省佳木斯市抚远市,Z04555,,,0,,,2025-11-10 16:39:54
4964,哈尔滨,黑龙江省齐齐哈尔市讷河市,Z04544,,,0,,,2025-11-10 16:40:03
4965,哈尔滨,黑龙江省佳木斯市桦南县,Z04558,,,0,,,2025-11-10 16:40:05
4966,哈尔滨,黑龙江省齐齐哈尔市铁锋区,Z09682,,,0,,,2025-11-10 16:45:47
4967,哈尔滨,内蒙古自治区呼伦贝尔市莫力达瓦达斡尔族自治旗,Z04596,,,0,,,2025-11-10 16:45:47
4968,哈尔滨,黑龙江省鹤岗市东山区,Z09690,,,0,,,2025-11-10 16:45:48
4969,长春,吉林省长春市宽城区,Z09576,,,0,,,2025-11-10 16:46:42
4970,长春,吉林省长春市九台区,Z04662,,,0,,,2025-11-10 16:46:44
4971,长春,吉林省长春市农安县,Z04663,,,0,,,2025-11-10 16:46:45
4972,长春,吉林省长春市绿园区,Z09576,,,0,,,2025-11-10 16:46:48
4973,长春,吉林省延边朝鲜族自治州延吉市,Z04687,,,0,,,2025-11-10 16:46:55
4974,长春,吉林省吉林市龙潭区,Z10105,,,0,,,2025-11-10 16:47:15
4975,太原,山西省运城市盐湖区,Z09570,,,0,,,2025-11-10 16:49:44
4976,北京,北京市北京市大兴区,Z04335,,,0,,,2025-11-10 16:49:53
4977,库尔勒,新疆维吾尔自治区阿克苏地区阿克苏市,Z05758,,,0,,,2025-11-10 17:31:01
4978,库尔勒,新疆维吾尔自治区阿拉尔市阿拉尔市,Z05766,,,0,,,2025-11-10 17:32:06
4979,福州,福建省厦门市同安区,Z08873,,,0,,,2025-11-10 18:16:31
4980,哈尔滨,黑龙江省牡丹江市林口县,Z04551,,,0,,,2025-11-10 18:17:01
4981,哈尔滨,黑龙江省牡丹江市阳明区,Z09712,,,0,,,2025-11-10 18:17:02
4982,哈尔滨,黑龙江省牡丹江市东安区,Z09712,,,0,,,2025-11-10 18:17:04
4983,哈尔滨,黑龙江省哈尔滨市南岗区,Z09674,,,0,,,2025-11-10 18:17:08
4984,哈尔滨,黑龙江省牡丹江市爱民区,Z09714,,,0,,,2025-11-10 18:17:11
4985,沈阳,辽宁省阜新市细河区,Z04457,,,0,,,2025-11-10 18:17:25
4986,沈阳,辽宁省阜新市彰武县,Z04494,,,0,,,2025-11-10 18:17:42
4987,沈阳,辽宁省沈阳市于洪区,Z10040,,,0,,,2025-11-10 18:17:50
4988,哈尔滨,黑龙江省大兴安岭地区加格达奇区,Z04593,,,0,,,2025-11-10 18:18:12
4989,沈阳,辽宁省沈阳市沈北新区,Z10134,,,0,,,2025-11-10 18:19:03
4990,哈尔滨,黑龙江省大兴安岭地区加格达奇区,Z04577,,,0,,,2025-11-10 18:19:20
4991,长春,吉林省松原市乾安县,Z04680,,,0,,,2025-11-10 18:21:36
4992,长春,吉林省松原市扶余市,Z04678,,,0,,,2025-11-10 18:21:37
4993,长春,吉林省吉林市昌邑区,Z10099,,,0,,,2025-11-10 18:21:37
4994,长春,吉林省白城市洮北区,Z10108,,,0,,,2025-11-10 18:21:38
4995,北京,北京市北京市昌平区,Z04333,,,0,,,2025-11-11 11:04:39
4996,西宁,青海省海东市循化撒拉族自治县,Z05785,,,0,,,2025-11-11 11:55:15
4997,西宁,,Z05794,,,0,,,2025-11-11 11:55:17
4998,西宁,,Z10057,,,0,,,2025-11-11 11:55:18
4999,金华,浙江省金华市永康市,Z06451,,,0,,,2025-11-11 13:15:27
5000,包头,内蒙古自治区锡林郭勒盟西乌珠穆沁旗,Z04860,,,0,,,2025-11-11 14:04:35
5001,包头,内蒙古自治区鄂尔多斯市伊金霍洛旗,Z04845,,,0,,,2025-11-11 14:04:48
5002,包头,内蒙古自治区呼和浩特市回民区,Z09726,,,0,,,2025-11-11 14:05:30
5003,哈尔滨,黑龙江省牡丹江市海林市,Z04549,,,0,,,2025-11-11 15:33:29
5004,哈尔滨,内蒙古自治区呼伦贝尔市海拉尔区,Z04578,,,0,,,2025-11-11 15:33:31
5005,哈尔滨,内蒙古自治区呼伦贝尔市根河市,Z04584,,,0,,,2025-11-11 15:33:39
5006,长春,吉林省四平市铁东区,Z09573,,,0,,,2025-11-11 15:35:15
5007,长春,吉林省松原市宁江区,Z09574,,,0,,,2025-11-11 15:35:24
5008,长春,吉林省四平市梨树县,Z09331,,,0,,,2025-11-11 15:35:43
5009,广州,广东省广州市海珠区,Z07969,,,0,,,2025-11-11 15:54:59
5010,广州,广东省广州市海珠区,Z10312,,,0,,,2025-11-11 15:55:26
5011,北京,河北省承德市双桥区,Z04357,,,0,,,2025-11-11 15:56:19
5012,长沙,湖南省长沙市开福区,Z09500,,,0,,,2025-11-11 16:07:10
5013,太原,山西省忻州市静乐县,Z04021,,,0,,,2025-11-11 16:19:20
5014,金华,浙江省金华市武义县,Z06449,,,0,,,2025-11-11 16:29:52
5017,哈尔滨,黑龙江省哈尔滨市香坊区,Z09678,,,0,,,2025-11-11 17:42:45
5018,沈阳,辽宁省鞍山市岫岩满族自治县,Z04495,,,0,,,2025-11-11 17:43:03
5019,沈阳,辽宁省丹东市东港市,Z04453,,,0,,,2025-11-11 17:43:07
5020,沈阳,辽宁省丹东市元宝区,Z10120,,,0,,,2025-11-11 17:43:11
5021,沈阳,辽宁省大连市庄河市,Z04481,,,0,,,2025-11-11 17:43:14
5022,沈阳,辽宁省沈阳市大东区,Z10130,,,0,,,2025-11-11 17:43:17
5023,沈阳,辽宁省大连市甘井子区,Z10116,,,0,,,2025-11-11 17:43:37
5024,沈阳,辽宁省锦州市凌河区,Z10125,,,0,,,2025-11-11 17:43:56
5025,沈阳,辽宁省沈阳市浑南区,Z10133,,,0,,,2025-11-11 17:44:01
5026,沈阳,辽宁省锦州市凌海市,Z04483,,,0,,,2025-11-11 17:44:03
5027,哈尔滨,黑龙江省哈尔滨市松北区,Z09677,,,0,,,2025-11-11 17:44:32
5028,长春,吉林省长春市榆树市,Z04665,,,0,,,2025-11-11 18:06:08
5029,长春,吉林省长春市德惠市,Z04661,,,0,,,2025-11-11 18:06:20
5030,长春,吉林省辽源市东丰县,Z04671,,,0,,,2025-11-11 18:06:23
5031,长春,吉林省通化市梅河口市,Z04685,,,0,,,2025-11-11 18:06:26
5032,长春,吉林省长春市南关区,Z10100,,,0,,,2025-11-11 18:06:36
5033,包头,内蒙古自治区呼和浩特市新城区,Z09724,,,0,,,2025-11-11 18:08:23
5034,长春,吉林省通化市东昌区,Z10102,,,0,,,2025-11-11 18:09:41
5035,南宁,广西壮族自治区百色市右江区,Z08063,,,0,,,2025-11-11 18:12:16
5036,太原,山西省吕梁市汾阳市,Z04011,,,0,,,2025-11-11 18:14:22
5037,厦门,合肥,zz1556,1,汽运,0,75,,2025-11-12 10:08:12
5038,厦门,上海,zz1555,1,汽运,0,75,,2025-11-12 10:08:12
5039,太原,山西省临汾市隰县,Z03987,,,0,,,2025-11-12 10:08:20
5040,金华,浙江省金华市义乌市,Z06450,,,0,,,2025-11-12 11:22:25
5041,包头,内蒙古自治区锡林郭勒盟锡林浩特市,Z04859,,,0,,,2025-11-12 15:38:11
5042,库尔勒,新疆维吾尔自治区克孜勒苏柯尔克孜自治州阿合奇县,Z05765,,,0,,,2025-11-12 15:38:33
5043,大理,云南省大理白族自治州大理市,Z10524,,,0,,,2025-11-12 16:20:01
5044,沈阳,辽宁省沈阳市浑南区,Z10466,,,0,,,2025-11-12 16:20:04
5045,武汉,湖北省武汉市蔡甸区,Z10465,,,0,,,2025-11-12 16:20:39
5046,太原,山西省朔州市朔城区,Z09585,,,0,,,2025-11-12 16:32:09
5047,太原,山西省晋中市太谷区,Z03973,,,0,,,2025-11-12 16:32:11
5048,哈尔滨,黑龙江省牡丹江市宁安市,Z04550,,,0,,,2025-11-12 16:40:28
5049,哈尔滨,内蒙古自治区呼伦贝尔市鄂温克族自治旗,Z04624,,,0,,,2025-11-12 16:40:31
5050,哈尔滨,黑龙江省佳木斯市向阳区,Z09705,,,0,,,2025-11-12 16:40:32
5051,哈尔滨,黑龙江省佳木斯市郊区,Z09708,,,0,,,2025-11-12 16:40:33
5052,哈尔滨,黑龙江省牡丹江市宁安市,Z04594,,,0,,,2025-11-12 16:40:34
5053,哈尔滨,黑龙江省黑河市爱辉区,Z09717,,,0,,,2025-11-12 16:41:26
5054,哈尔滨,黑龙江省哈尔滨市依兰县,Z04524,,,0,,,2025-11-12 16:41:30
5055,哈尔滨,黑龙江省哈尔滨市尚志市,Z04525,,,0,,,2025-11-12 16:41:31
5056,长春,内蒙古自治区兴安盟科尔沁右翼前旗,Z06056,,,0,,,2025-11-12 16:41:43
5057,长春,吉林省吉林市丰满区,Z10106,,,0,,,2025-11-12 16:41:58
5058,长春,吉林省长春市二道区,Z09575,,,0,,,2025-11-12 16:43:08
5059,沈阳,内蒙古自治区赤峰市克什克腾旗,Z04508,,,0,,,2025-11-12 16:54:57
5060,沈阳,辽宁省朝阳市北票市,Z04486,,,0,,,2025-11-12 16:55:17
5061,海口,北京市北京市朝阳区,000001,,,0,,,2025-11-12 16:55:23
5062,邵阳,湖南省长沙市开福区,Z09526,,,0,,,2025-11-12 17:06:32
5063,西宁,青海省海北藏族自治州海晏县,Z05769,,,0,,,2025-11-12 17:15:57
5064,沈阳,辽宁省鞍山市铁西区,Z10111,,,0,,,2025-11-12 17:49:46
5065,沈阳,内蒙古自治区通辽市扎鲁特旗,Z04517,,,0,,,2025-11-12 17:50:28
5066,哈尔滨,黑龙江省绥化市肇东市,Z04602,,,0,,,2025-11-13 10:44:57
5067,西宁,青海省海东市互助土族自治县,Z05786,,,0,,,2025-11-13 11:25:38
5068,,河北省沧州市海兴县,Z08732,,,0,,,2025-11-13 11:26:26
5073,北京,北京市北京市怀柔区,Z10210,,,0,,,2025-11-13 14:49:13
5074,北京,北京市北京市密云区,Z04340,,,0,,,2025-11-13 14:49:16
5075,太原,山西省临汾市侯马市,Z04035,,,0,,,2025-11-13 15:22:37
5076,库尔勒,新疆维吾尔自治区巴音郭楞蒙古自治州和硕县,Z05752,,,0,,,2025-11-13 16:02:37
5077,西宁,青海省海西蒙古族藏族自治州格尔木市,Z05779,,,0,,,2025-11-13 16:04:41
5078,郑州,河南省新乡市牧野区,Z09996,,,0,,,2025-11-13 16:46:05
5079,郑州,河南省郑州市中原区,Z09961,,,0,,,2025-11-13 16:46:07
5082,北京,北京市北京市丰台区,Z04337,,,0,,,2025-11-13 16:56:37
5083,北京,,000001,,,0,,,2025-11-13 16:56:54
5084,哈尔滨,黑龙江省七台河市桃山区,Z09710,,,0,,,2025-11-13 17:03:50
5085,哈尔滨,黑龙江省牡丹江市东宁市,Z04548,,,0,,,2025-11-13 17:04:17
5086,哈尔滨,黑龙江省鸡西市鸡东县,Z04625,,,0,,,2025-11-13 17:04:18
5087,哈尔滨,黑龙江省鸡西市鸡冠区,Z09683,,,0,,,2025-11-13 17:04:20
5088,长春,吉林省长春市朝阳区,Z10098,,,0,,,2025-11-13 17:06:57
5089,长春,吉林省长春市绿园区,Z09577,,,0,,,2025-11-13 17:07:00
5090,包头,内蒙古自治区鄂尔多斯市乌审旗,Z04854,,,0,,,2025-11-13 17:08:05
5091,哈尔滨,黑龙江省绥化市明水县,Z04613,,,0,,,2025-11-13 17:08:17
5092,哈尔滨,黑龙江省双鸭山市宝清县,Z04589,,,0,,,2025-11-13 17:08:18
5093,哈尔滨,黑龙江省绥化市绥棱县,Z04575,,,0,,,2025-11-13 17:08:19
5094,包头,内蒙古自治区鄂尔多斯市东胜区,Z09723,,,0,,,2025-11-13 17:08:23
5095,包头,内蒙古自治区鄂尔多斯市鄂托克前旗,Z04863,,,0,,,2025-11-13 17:08:25
5096,厦门,杭州,zz1551,1,汽运,0,75,,2025-11-13 17:20:16
5097,沈阳,内蒙古自治区通辽市科尔沁左翼后旗,Z08836,,,0,,,2025-11-13 17:40:50
5098,沈阳,内蒙古自治区赤峰市林西县,Z04513,,,0,,,2025-11-13 17:40:52
5099,包头,内蒙古自治区包头市九原区,Z09736,,,0,,,2025-11-13 18:02:32
5100,西宁,青海省西宁市城北区,Z10058,,,0,,,2025-11-14 11:16:16
5101,北京,河北省廊坊市广阳区,Z04363,,,0,,,2025-11-14 13:29:27
5102,太原,山西省吕梁市文水县,Z10145,,,0,,,2025-11-14 13:51:35
5103,库尔勒,新疆维吾尔自治区阿克苏地区阿瓦提县,Z05762,,,0,,,2025-11-14 15:01:52
5104,乌鲁木齐,新疆维吾尔自治区乌鲁木齐市沙依巴克区,Z09957,,,0,,,2025-11-14 15:02:02
5105,库尔勒,新疆维吾尔自治区阿克苏地区沙雅县,Z05760,,,0,,,2025-11-14 15:02:33
5106,石家庄,河北省邢台市隆尧县,Z08650,,,0,,,2025-11-14 15:12:15
5107,北京,河北省廊坊市霸州市,Z04359,,,0,,,2025-11-14 16:17:14
5108,郑州,河南省洛阳市涧西区,Z09981,,,0,,,2025-11-14 16:26:50
5109,郑州,河南省郑州市登封市,Z04974,,,0,,,2025-11-14 16:26:51
5110,哈尔滨,黑龙江省绥化市青冈县,Z04612,,,0,,,2025-11-14 16:54:40
5111,沈阳,内蒙古自治区赤峰市红山区,Z10141,,,0,,,2025-11-14 16:55:15
5112,哈尔滨,黑龙江省黑河市北安市,Z04560,,,0,,,2025-11-14 16:57:14
5113,哈尔滨,黑龙江省哈尔滨市平房区,Z09676,,,0,,,2025-11-14 16:58:56
5114,长春,吉林省长春市南关区,Z10504,,,0,,,2025-11-14 17:00:06
5115,哈尔滨,黑龙江省哈尔滨市五常市,Z04588,,,0,,,2025-11-14 17:00:13
5116,哈尔滨,黑龙江省哈尔滨市延寿县,Z04598,,,0,,,2025-11-14 17:00:14
5117,长春,吉林省长春市南关区,Z09575,,,0,,,2025-11-14 17:01:09
5118,沈阳,辽宁省大连市中山区,Z10119,,,0,,,2025-11-14 17:01:21
5119,沈阳,辽宁省鞍山市台安县,Z04521,,,0,,,2025-11-14 17:01:24
5120,哈尔滨,黑龙江省双鸭山市集贤县,Z04569,,,0,,,2025-11-14 17:01:38
5121,哈尔滨,黑龙江省双鸭山市尖山区,Z09692,,,0,,,2025-11-14 17:24:13
5125,西安,陕西省西安市雁塔区,Z05609,,,0,,,2025-11-14 17:39:58
5126,西安,宁夏回族自治区银川市西夏区,Z10166,,,0,,,2025-11-14 17:41:02
5127,西安,陕西省西安市雁塔区,Z09905,,,0,,,2025-11-14 17:41:52
5128,西安,陕西省西安市莲湖区,Z10088,,,0,,,2025-11-14 17:41:53
5129,乌鲁木齐,新疆维吾尔自治区吐鲁番市鄯善县,Z05427,,,0,,,2025-11-14 17:44:25
5130,乌鲁木齐,新疆维吾尔自治区吐鲁番市高昌区,Z05426,,,0,,,2025-11-14 17:44:56
5131,郑州,河南省郑州市中牟县,Z04977,,,0,,,2025-11-14 18:07:33
5132,郑州,河南省郑州市新密市,Z04975,,,0,,,2025-11-14 18:10:14
5133,西宁,青海省黄南藏族自治州尖扎县,Z05788,,,0,,,2025-11-17 10:16:10
5134,西安,陕西省渭南市临渭区,Z09904,,,0,,,2025-11-17 11:07:23
5135,西安,陕西省西安市雁塔区,Z09904,,,0,,,2025-11-17 11:07:37
5136,太原,山西省长治市屯留区,Z04054,,,0,,,2025-11-17 13:10:58
5137,,山东省济南市历城区,Z09396,,,0,,,2025-11-17 14:13:56
5138,郑州,河南省郑州市荥阳市,Z09970,,,0,,,2025-11-17 14:20:47
5139,郑州,河南省郑州市巩义市,Z05005,,,0,,,2025-11-17 14:20:48
5140,石家庄,河北省雄安新区雄县,Z08673,,,0,,,2025-11-17 14:21:08
5141,石家庄,河北省保定市涞水县,Z08676,,,0,,,2025-11-17 14:21:13
5142,石家庄,河北省沧州市任丘市,Z08634,,,0,,,2025-11-17 14:21:25
5143,郑州,,Z09962,,,0,,,2025-11-17 14:21:45
5144,乌鲁木齐,新疆维吾尔自治区昌吉回族自治州奇台县,Z05419,,,0,,,2025-11-17 14:53:17
5145,西安,陕西省咸阳市三原县,Z10086,,,0,,,2025-11-17 15:06:29
5147,哈尔滨,黑龙江省哈尔滨市道里区,Z09673,,,0,,,2025-11-17 15:48:38
5148,哈尔滨,黑龙江省大兴安岭地区漠河市,Z04590,,,0,,,2025-11-17 15:48:48
5149,哈尔滨,黑龙江省佳木斯市同江市,Z04557,,,0,,,2025-11-17 15:48:48
5150,哈尔滨,黑龙江省大庆市龙凤区,Z09696,,,0,,,2025-11-17 15:48:49
5151,哈尔滨,黑龙江省齐齐哈尔市依安县,Z04541,,,0,,,2025-11-17 15:48:50
5152,哈尔滨,黑龙江省佳木斯市富锦市,Z04553,,,0,,,2025-11-17 15:48:56
5153,哈尔滨,黑龙江省佳木斯市汤原县,Z04599,,,0,,,2025-11-17 15:49:00
5154,哈尔滨,黑龙江省鹤岗市萝北县,Z04567,,,0,,,2025-11-17 15:49:02
5155,哈尔滨,内蒙古自治区呼伦贝尔市阿荣旗,Z04592,,,0,,,2025-11-17 15:49:03
5156,长春,吉林省长春市公主岭市,Z04674,,,0,,,2025-11-17 15:50:08
5157,长春,吉林省延边朝鲜族自治州汪清县,Z04697,,,0,,,2025-11-17 15:50:12
5158,长春,吉林省长春市南关区,Z04660,,,0,,,2025-11-17 15:50:17
5159,乌鲁木齐,新疆维吾尔自治区乌鲁木齐市新市区,Z09958,,,0,,,2025-11-17 16:00:21
5160,西安,陕西省榆林市榆阳区,Z05627,,,0,,,2025-11-17 16:22:09
5161,金华,浙江省衢州市常山县,Z06466,,,0,,,2025-11-17 16:22:26
5162,驻马店,河南省驻马店市新蔡县,Z04877,,,0,,,2025-11-17 16:53:21
5163,驻马店,河南省驻马店市驿城区,Z09475,,,0,,,2025-11-17 16:53:22
5164,驻马店,河南省周口市沈丘县,Z04883,,,0,,,2025-11-17 16:53:30
5166,郑州,河南省洛阳市老城区,Z09976,,,0,,,2025-11-17 16:55:25
5167,郑州,,Z09963,,,0,,,2025-11-17 16:55:32
5168,郑州,河南省安阳市汤阴县,Z04931,,,0,,,2025-11-17 16:55:36
5169,郑州,河南省商丘市睢县,Z04998,,,0,,,2025-11-17 16:55:37
5170,福州,福建省福州市晋安区,Z06701,,,0,,,2025-11-17 17:09:20
5171,西安,陕西省西安市高陵区,Z05658,,,0,,,2025-11-17 17:19:00
5172,西安,陕西省西安市鄠邑区,Z10084,,,0,,,2025-11-17 17:19:34
5173,西安,陕西省西安市雁塔区,Z05627,,,0,,,2025-11-17 17:41:54
5174,沈阳,辽宁省大连市金州区,Z06702,,,0,,,2025-11-17 17:43:08
5175,沈阳,辽宁省丹东市凤城市,Z04454,,,0,,,2025-11-17 17:43:10
5176,沈阳,辽宁省铁岭市银州区,Z10137,,,0,,,2025-11-17 17:43:12
5177,遵义,贵州省贵阳市南明区,Z09344,,,0,,,2025-11-17 17:45:12
5178,石家庄,河北省邯郸市魏县,Z08682,,,0,,,2025-11-17 17:45:22
5179,石家庄,河北省石家庄市新华区,Z08716,,,0,,,2025-11-17 17:45:24
5180,哈尔滨,黑龙江省齐齐哈尔市甘南县,Z04535,,,0,,,2025-11-17 17:45:58
5181,哈尔滨,黑龙江省鸡西市鸡冠区,Z04564,,,0,,,2025-11-17 17:46:01
5182,哈尔滨,黑龙江省哈尔滨市通河县,Z04609,,,0,,,2025-11-17 17:46:23
5183,哈尔滨,黑龙江省绥化市兰西县,Z04604,,,0,,,2025-11-17 17:46:26
5184,哈尔滨,黑龙江省哈尔滨市呼兰区,Z09679,,,0,,,2025-11-17 17:46:30
5185,乌鲁木齐,新疆维吾尔自治区昌吉回族自治州阜康市,Z05420,,,0,,,2025-11-17 17:46:51
5186,西安,陕西省西安市未央区,Z09908,,,0,,,2025-11-17 17:46:54
5187,西安,陕西省西安市长安区,Z09906,,,0,,,2025-11-17 17:47:45
5188,沈阳,辽宁省沈阳市辽中区,Z04464,,,0,,,2025-11-17 17:47:49
5189,石家庄,河北省保定市唐县,Z08663,,,0,,,2025-11-17 17:47:51
5190,石家庄,河北省保定市定州市,Z08660,,,0,,,2025-11-17 17:47:52
5192,郑州,河南省洛阳市伊川县,Z04941,,,0,,,2025-11-17 18:13:24
5193,郑州,河南省郑州市二七区,Z09962,,,0,,,2025-11-17 18:13:29
5194,郑州,河南省郑州市金水区,Z09964,,,0,,,2025-11-17 18:13:32
5195,金华,浙江省金华市磐安县,Z06454,,,0,,,2025-11-18 09:15:47
5196,西安,陕西省榆林市神木市,Z05632,,,0,,,2025-11-18 10:46:56
5197,西安,陕西省西安市雁塔区,Z05632,,,0,,,2025-11-18 10:47:13
5198,西安,陕西省西安市灞桥区,Z09959,,,0,,,2025-11-18 10:47:21
5199,西安,陕西省咸阳市渭城区,Z10086,,,0,,,2025-11-18 10:47:27
5200,西安,陕西省西安市雁塔区,Z10086,,,0,,,2025-11-18 10:47:34
5201,西安,陕西省咸阳市泾阳县,Z05638,,,0,,,2025-11-18 10:47:41
5202,西安,陕西省咸阳市旬邑县,Z05662,,,0,,,2025-11-18 11:18:40
5203,乌鲁木齐,新疆维吾尔自治区昌吉回族自治州昌吉市,Z05413,,,0,,,2025-11-18 11:29:21
5204,西安,陕西省汉中市城固县,Z05644,,,0,,,2025-11-18 14:13:42
5205,太原,山西省吕梁市柳林县,Z03995,,,0,,,2025-11-18 14:33:25
5206,贵港,广西壮族自治区贵港市桂平市,Z08419,,,0,,,2025-11-18 14:51:43
5207,石家庄,河北省雄安新区安新县,Z08668,,,0,,,2025-11-18 14:52:37
5208,北京,河北省廊坊市大城县,Z04361,,,0,,,2025-11-18 15:49:10
5209,北京,河北省廊坊市三河市,Z04364,,,0,,,2025-11-18 16:00:27
5210,北京,河北省廊坊市香河县,Z04367,,,0,,,2025-11-18 16:00:28
5211,喀什,新疆维吾尔自治区阿拉尔市阿拉尔市,Z05687,,,0,,,2025-11-18 16:20:34
5212,西安,陕西省汉中市镇巴县,Z05670,,,0,,,2025-11-18 16:31:37
5213,太原,山西省晋中市介休市,Z03960,,,0,,,2025-11-18 16:58:52
5214,太原,山西省临汾市霍州市,Z03982,,,0,,,2025-11-18 17:02:53
5215,驻马店,河南省南阳市卧龙区,Z10031,,,0,,,2025-11-18 17:12:37
5216,哈尔滨,黑龙江省绥化市安达市,Z04573,,,0,,,2025-11-18 17:28:42
5217,哈尔滨,黑龙江省双鸭山市友谊县,Z04595,,,0,,,2025-11-18 17:32:23
5218,哈尔滨,黑龙江省哈尔滨市木兰县,Z04611,,,0,,,2025-11-18 17:32:28
5219,哈尔滨,黑龙江省绥化市望奎县,Z04605,,,0,,,2025-11-18 17:32:29
5220,驻马店,河南省周口市川汇区,Z09476,,,0,,,2025-11-18 17:33:14
5221,长春,吉林省四平市双辽市,Z04675,,,0,,,2025-11-18 17:34:26
5222,长春,吉林省吉林市舒兰市,Z04669,,,0,,,2025-11-18 17:34:42
5223,长春,吉林省延边朝鲜族自治州珲春市,Z04689,,,0,,,2025-11-18 17:34:46
5224,长春,吉林省白城市镇赉县,Z04653,,,0,,,2025-11-18 17:34:47
5225,沈阳,辽宁省铁岭市调兵山市,Z04466,,,0,,,2025-11-18 17:34:49
5226,沈阳,辽宁省沈阳市于洪区,Z04463,,,0,,,2025-11-18 17:34:56
5227,沈阳,辽宁省朝阳市双塔区,Z10493,,,0,,,2025-11-18 17:34:59
5228,沈阳,辽宁省沈阳市新民市,Z04465,,,0,,,2025-11-18 17:36:14
5233,石家庄,河北省邢台市清河县,Z08641,,,0,,,2025-11-18 17:56:19
5234,石家庄,河北省邢台市威县,Z08652,,,0,,,2025-11-18 17:56:21
5235,石家庄,河北省石家庄市行唐县,Z08739,,,0,,,2025-11-18 17:56:22
5236,石家庄,河北省石家庄市新乐市,Z08727,,,0,,,2025-11-18 17:56:22
5237,乌鲁木齐,新疆维吾尔自治区博尔塔拉蒙古自治州温泉县,Z05412,,,0,,,2025-11-18 17:58:41
5238,乌鲁木齐,新疆维吾尔自治区哈密市伊州区,Z10150,,,0,,,2025-11-18 17:58:46
5239,乌鲁木齐,新疆维吾尔自治区阿勒泰地区富蕴县,Z05404,,,0,,,2025-11-18 17:58:48
5240,太原,山西省大同市灵丘县,Z03956,,,0,,,2025-11-18 17:59:38
5241,郑州,河南省郑州市管城回族区,Z04977,,,0,,,2025-11-18 17:59:45
5242,郑州,河南省郑州市管城回族区,Z09963,,,0,,,2025-11-18 17:59:50
5243,郑州,河南省三门峡市灵宝市,Z04957,,,0,,,2025-11-18 17:59:59
5244,石家庄,河北省保定市莲池区,Z08751,,,0,,,2025-11-18 18:00:07
5245,重庆,重庆市重庆市巫溪县,Z09241,,,0,,,2025-11-18 18:00:42
5246,北京,,Z04333,,,0,,,2025-11-19 09:54:59
5247,西安,陕西省咸阳市礼泉县,Z05571,,,0,,,2025-11-19 10:55:02
5248,西安,陕西省西安市未央区,Z10088,,,0,,,2025-11-19 10:55:31
5249,金华,浙江省丽水市缙云县,Z06456,,,0,,,2025-11-19 10:55:37
5250,西宁,青海省玉树藏族自治州杂多县,Z05781,,,0,,,2025-11-19 11:25:47
4140,成都,四川省成都市青白江区,Z07593,,,0,,,2025-08-12 16:14:44
4141,重庆,重庆市重庆市黔江区,Z06904,,,0,,,2025-08-12 16:25:35
4142,昆明,云南省红河哈尼族彝族自治州绿春县,Z07066,,,0,,,2025-08-12 16:35:27
4143,贵阳,贵州省毕节市威宁彝族回族苗族自治县,Z06737,,,0,,,2025-08-12 17:37:33
4144,贵阳,贵州省毕节市织金县,Z06738,,,0,,,2025-08-12 17:37:39
4145,成都,四川省泸州市古蔺县,Z07650,,,0,,,2025-08-12 17:37:44
4146,成都,四川省眉山市彭山区,Z09912,,,0,,,2025-08-12 17:37:54
4147,成都,四川省甘孜藏族自治州巴塘县,Z07607,,,0,,,2025-08-12 17:37:54
4148,昆明,云南省曲靖市陆良县,Z07104,,,0,,,2025-08-12 17:38:44
4149,昆明,云南省红河哈尼族彝族自治州开远市,Z07064,,,0,,,2025-08-12 17:38:45
4150,昆明,云南省昭通市盐津县,Z07126,,,0,,,2025-08-12 17:38:48
4151,贵港,,Z10408,,,0,,,2025-08-12 17:45:32
4152,贵港,,Z02559,,,0,,,2025-08-12 17:45:36
4153,柳州,,Z09636,,,0,,,2025-08-12 17:47:43
4154,贵港,广西壮族自治区贵港市桂平市,Z08413,,,0,,,2025-08-12 17:48:35
4155,重庆,重庆市重庆市石柱土家族自治县,Z06906,,,0,,,2025-08-12 17:50:18
4156,长沙,湖南省株洲市天元区,Z10513,,,0,,,2025-08-12 17:50:20
4157,武汉,湖北省十堰市茅箭区,Z07260,,,0,,,2025-08-12 17:50:32
4158,重庆,重庆市重庆市梁平区,Z06899,,,0,,,2025-08-12 17:50:33
4159,,陕西省咸阳市,Z05612,,,0,,,2025-08-12 17:50:34
4160,重庆,重庆市重庆市云阳县,Z06918,,,0,,,2025-08-12 17:50:48
4161,昆明,云南省玉溪市新平彝族傣族自治县,Z07119,,,0,,,2025-08-13 13:59:19
4162,大理,云南省怒江傈僳族自治州福贡县,Z07017,,,0,,,2025-08-13 13:59:20
4163,昆明,云南省昆明市禄劝彝族苗族自治县,Z07078,,,0,,,2025-08-13 13:59:21
4164,昆明,云南省昆明市富民县,Z07140,,,0,,,2025-08-13 13:59:24
4165,昆明,云南省昆明市五华区,Z07073,,,0,,,2025-08-13 13:59:31
4166,成都,四川省宜宾市高县,Z07694,,,0,,,2025-08-13 15:11:44
4167,成都,四川省凉山彝族自治州西昌市,Z07683,,,0,,,2025-08-13 15:11:44
4168,成都,西藏自治区昌都市卡若区,Z10157,,,0,,,2025-08-13 15:11:48
4169,成都,四川省泸州市龙马潭区,Z07649,,,0,,,2025-08-13 15:11:49
4170,成都,四川省眉山市东坡区,Z07655,,,0,,,2025-08-13 15:11:50
4171,南充,四川省巴中市通江县,Z07747,,,0,,,2025-08-13 15:12:05
4172,淮安,,Z06332,,,0,,,2025-08-13 15:33:26
4173,衡阳,湖南省衡阳市耒阳市,Z10474,,,0,,,2025-08-13 15:41:02
4174,,,Z04036,,,0,,,2025-08-13 15:43:59
4175,,山西省晋中市,Z04031,,,0,,,2025-08-13 15:44:00
4176,重庆,重庆市重庆市巫山县,Z06912,,,0,,,2025-08-13 15:52:47
4177,喀什,新疆维吾尔自治区图木舒克市图木舒克市,Z05720,,,0,,,2025-08-13 16:15:19
4178,成都,四川省资阳市雁江区,Z09760,,,0,,,2025-08-13 16:24:55
4179,成都,四川省凉山彝族自治州冕宁县,Z07742,,,0,,,2025-08-13 16:24:57
4180,成都,四川省乐山市犍为县,Z07642,,,0,,,2025-08-13 16:24:58
4181,昆明,云南省红河哈尼族彝族自治州,Z07060,,,0,,,2025-08-13 16:25:17
4182,成都,四川省内江市市中区,Z09759,,,0,,,2025-08-13 16:25:25
4183,成都,四川省成都市龙泉驿区,Z09948,,,0,,,2025-08-13 16:25:26
4184,昆明,云南省普洱市思茅区,Z07109,,,0,,,2025-08-13 16:25:47
4185,深圳,广东省东莞市,Z09843,,,0,,,2025-08-13 16:34:02
4186,遵义,贵州省遵义市道真仡佬族苗族自治县,Z06932,,,0,,,2025-08-13 16:44:26
4187,贵阳,贵州省黔东南苗族侗族自治州榕江县,Z06774,,,0,,,2025-08-13 16:44:44
4188,贵阳,贵州省安顺市关岭布依族苗族自治县,Z06724,,,0,,,2025-08-13 16:44:49
4189,贵阳,贵州省黔西南布依族苗族自治州贞丰县,Z06802,,,0,,,2025-08-13 16:44:59
4190,贵阳,贵州省铜仁市碧江区,Z09868,,,0,,,2025-08-13 16:45:03
4191,贵阳,贵州省黔西南布依族苗族自治州兴义市,Z06795,,,0,,,2025-08-13 16:45:05
4192,贵阳,贵州省黔东南苗族侗族自治州黄平县,Z06768,,,0,,,2025-08-13 16:45:05
4193,贵阳,贵州省黔西南布依族苗族自治州兴仁市,Z06801,,,0,,,2025-08-13 16:45:47
4194,贵阳,贵州省黔东南苗族侗族自治州天柱县,Z06778,,,0,,,2025-08-13 16:47:30
4195,贵港,广西壮族自治区贵港市港南区,Z08432,,,0,,,2025-08-13 16:47:43
4196,南宁,广西壮族自治区北海市合浦县,Z10509,,,0,,,2025-08-13 16:48:03
4197,南昌,江西省南昌市,Z07799,,,0,,,2025-08-13 16:48:07
4198,,新疆维吾尔自治区阿勒泰地区吉木乃县,Z05408,,,0,,,2025-08-13 17:18:24
4199,,山东省潍坊市,Z05946,,,0,,,2025-08-13 17:18:38
4200,重庆,重庆市重庆市九龙坡区,Z09917,,,0,,,2025-08-13 17:28:54
4201,,黑龙江省佳木斯市,Z09964,,,0,,,2025-08-13 17:29:14
4202,,河南省新乡市,Z09993,,,0,,,2025-08-13 17:29:35
4203,,河南省三门峡市,Z05035,,,0,,,2025-08-13 17:39:59
4205,贵阳,贵州省贵阳市白云区,Z06754,,,0,,,2025-08-13 17:50:09
4206,成都,四川省凉山彝族自治州美姑县,Z07734,,,0,,,2025-08-14 11:16:33
4207,成都,四川省凉山彝族自治州会东县,Z07725,,,0,,,2025-08-14 11:16:33
4208,成都,四川省凉山彝族自治州甘洛县,Z07721,,,0,,,2025-08-14 11:16:34
4209,成都,四川省宜宾市叙州区,Z10052,,,0,,,2025-08-14 11:16:40
4210,昆明,云南省曲靖市富源县,Z07102,,,0,,,2025-08-14 11:16:46
4211,昆明,云南省曲靖市宣威市,Z07107,,,0,,,2025-08-14 11:16:47
4212,昆明,云南省昆明市寻甸回族彝族自治县,Z07135,,,0,,,2025-08-14 14:09:29
4213,重庆,,Z09915,,,0,,,2025-08-14 14:19:26
4214,成都,西藏自治区昌都市芒康县,Z07709,,,0,,,2025-08-14 14:49:58
4215,成都,四川省成都市金牛区,Z10152,,,0,,,2025-08-14 14:50:01
4216,成都,四川省眉山市仁寿县,Z07660,,,0,,,2025-08-14 15:23:53
4217,重庆,重庆市重庆市潼南区,Z06909,,,0,,,2025-08-14 16:00:55
4218,重庆,重庆市重庆市合川区,Z06896,,,0,,,2025-08-14 16:00:57
4219,福州,福建省福州市晋安区,Z09206,,,0,,,2025-08-14 17:21:52
4220,泉州,福建省厦门市集美区,Z10283,,,0,,,2025-08-14 17:29:54
4221,和田,新疆维吾尔自治区和田地区,Z08603,,,0,,,2025-08-14 17:30:59
4222,昆明,云南省文山壮族苗族自治州砚山县,Z07031,,,0,,,2025-08-14 17:31:00
4223,大理,云南省保山市腾冲市,Z06966,,,0,,,2025-08-14 17:31:03
4224,贵阳,贵州省毕节市大方县,Z06732,,,0,,,2025-08-14 17:31:13
4225,贵阳,贵州省毕节市七星关区,Z09335,,,0,,,2025-08-14 17:31:17
4226,贵阳,贵州省六盘水市水城区,Z06862,,,0,,,2025-08-14 17:31:20
4227,贵阳,贵州省六盘水市水城区,Z06850,,,0,,,2025-08-14 17:31:23
4228,贵阳,贵州省黔东南苗族侗族自治州施秉县,Z06776,,,0,,,2025-08-14 17:31:25
4229,遵义,贵州省遵义市播州区,Z09468,,,0,,,2025-08-14 17:31:27
4230,贵阳,贵州省六盘水市六枝特区,Z06782,,,0,,,2025-08-14 17:31:29
4231,贵阳,贵州省六盘水市钟山区,Z06781,,,0,,,2025-08-14 17:31:32
4232,遵义,贵州省遵义市绥阳县,Z09360,,,0,,,2025-08-14 17:31:33
4233,,黑龙江省哈尔滨市,Z09676,,,0,,,2025-08-14 17:46:50
4234,南昌,江西省南昌市,Z09750,,,0,,,2025-08-14 17:53:23
4235,南昌,江西省新余市,Z09932,,,0,,,2025-08-14 17:54:12
4236,南宁,广西壮族自治区百色市田阳区,Z08075,,,0,,,2025-08-14 17:57:16
4237,南宁,广西壮族自治区南宁市,Z09601,,,0,,,2025-08-14 17:57:26
4238,,宁夏回族自治区银川市贺兰县,Z05673,,,0,,,2025-08-14 17:58:06
4239,,新疆维吾尔自治区乌鲁木齐市头屯河区,Z09960,,,0,,,2025-08-15 10:56:37
4240,,陕西省西安市雁塔区,Z09904,,,0,,,2025-08-15 11:15:43
4241,成都,四川省凉山彝族自治州木里藏族自治县,Z07727,,,0,,,2025-08-15 11:27:08
4242,成都,西藏自治区昌都市贡觉县,Z07711,,,0,,,2025-08-15 11:27:13
4243,成都,四川省德阳市旌阳区,Z09877,,,0,,,2025-08-15 11:27:22
4244,昆明,云南省文山壮族苗族自治州砚山县,Z07217,,,0,,,2025-08-15 11:27:46
4245,昆明,云南省玉溪市红塔区,Z10191,,,0,,,2025-08-15 11:27:52
4246,昆明,云南省红河哈尼族彝族自治州泸西县,Z07065,,,0,,,2025-08-15 11:28:03
4247,成都,四川省甘孜藏族自治州,Z07614,,,0,,,2025-08-15 11:28:19
4248,成都,四川省乐山市井研县,Z07644,,,0,,,2025-08-15 11:28:20
4249,南充,四川省达州市宣汉县,Z07753,,,0,,,2025-08-15 11:28:21
4250,,北京市北京市朝阳区,Z04467,,,0,,,2025-08-15 14:21:18
4253,,山东省济南市历下区,Z06042,,,0,,,2025-08-15 15:00:35
4254,上海,,Z06597,,,0,,,2025-08-15 15:03:19
4255,,辽宁省本溪市桓仁满族自治县,Z04449,,,0,,,2025-08-15 15:56:02
4256,,吉林省长春市公主岭市,Z09576,,,0,,,2025-08-15 15:56:37
4257,,吉林省长春市南关区,Z10504,,,0,,,2025-08-15 15:56:38
4258,喀什,新疆维吾尔自治区喀什地区喀什市,Z05701,,,0,,,2025-08-15 15:58:14
4259,贵阳,贵州省六盘水市水城区,Z09353,,,0,,,2025-08-15 16:06:06
4260,遵义,贵州省遵义市桐梓县,Z06925,,,0,,,2025-08-15 16:06:06
4261,深圳,广东省东莞市东莞市,Z10458,,,0,,,2025-08-15 16:39:43
4262,成都,四川省广元市苍溪县,Z07632,,,0,,,2025-08-15 17:21:52
4263,大理,云南省迪庆藏族自治州德钦县,Z07010,,,0,,,2025-08-15 17:22:44
4264,昆明,云南省楚雄彝族自治州楚雄市,Z07042,,,0,,,2025-08-15 17:22:51
4265,昆明,云南省楚雄彝族自治州南华县,Z10184,,,0,,,2025-08-15 17:22:51
4266,大理,云南省丽江市宁蒗彝族自治县,Z06989,,,0,,,2025-08-15 17:23:02
4267,成都,四川省成都市崇州市,Z07580,,,0,,,2025-08-15 17:23:48
4268,泉州,福建省漳州市,Z06261,,,0,,,2025-08-15 17:23:54
4269,海口,海南省海口市琼山区,Z10066,,,0,,,2025-08-15 17:42:13
4270,长沙,湖南省长沙市开福区,Z09510,,,0,,,2025-08-15 17:42:32
4271,长沙,湖南省长沙市开福区,Z09511,,,0,,,2025-08-15 17:42:51
4272,贵阳,贵州省安顺市关岭布依族苗族自治县,Z06854,,,0,,,2025-08-15 17:44:09
4273,贵阳,贵州省安顺市,Z06730,,,0,,,2025-08-15 17:44:09
4274,南宁,,Z09595,,,0,,,2025-08-15 17:44:16
4275,重庆,重庆市重庆市渝中区,Z09916,,,0,,,2025-08-15 17:45:12
4276,,山东省聊城市茌平区,Z05871,,,0,,,2025-08-18 09:21:41
4277,,山西省临汾市安泽县,Z03976,,,0,,,2025-08-18 13:17:18
4279,成都,四川省成都市大邑县,Z07581,,,0,,,2025-08-18 16:08:44
4280,成都,四川省绵阳市盐亭县,Z07666,,,0,,,2025-08-18 16:09:06
4281,成都,四川省成都市成华区,Z07718,,,0,,,2025-08-18 16:09:14
4282,成都,四川省泸州市泸县,Z07652,,,0,,,2025-08-18 16:14:10
4283,成都,西藏自治区拉萨市城关区,Z08436,,,0,,,2025-08-18 16:14:30
4284,成都,四川省泸州市叙永县,Z07654,,,0,,,2025-08-18 16:14:32
4285,成都,四川省泸州市古蔺县,Z08859,,,0,,,2025-08-18 16:14:40
4286,南充,四川省南充市阆中市,Z07761,,,0,,,2025-08-18 16:14:57
4287,南充,四川省广安市广安区,Z09874,,,0,,,2025-08-18 16:15:10
4288,大理,云南省保山市龙陵县,Z06964,,,0,,,2025-08-18 16:16:24
4289,大理,云南省大理白族自治州洱源县,Z06979,,,0,,,2025-08-18 16:16:32
4290,,黑龙江省牡丹江市东宁市,Z09712,,,0,,,2025-08-18 16:55:57
4291,,黑龙江省大兴安岭地区,Z04593,,,0,,,2025-08-18 16:57:00
4292,,辽宁省营口市西市区,Z10139,,,0,,,2025-08-18 17:05:00
4293,,黑龙江省绥化市肇东市,Z04522,,,0,,,2025-08-18 17:06:10
4294,南充,四川省南充市高坪区,Z09875,,,0,,,2025-08-18 17:32:29
4295,成都,四川省德阳市广汉市,Z07602,,,0,,,2025-08-18 17:32:32
4296,重庆,重庆市重庆市巫溪县,Z06913,,,0,,,2025-08-18 17:33:44
4297,贵阳,贵州省黔南布依族苗族自治州荔波县,Z06746,,,0,,,2025-08-18 17:33:45
4298,喀什,新疆维吾尔自治区克孜勒苏柯尔克孜自治州阿图什市,Z05688,,,0,,,2025-08-18 17:33:51
4299,喀什,新疆维吾尔自治区喀什地区岳普湖县,Z05712,,,0,,,2025-08-18 17:33:54
4300,贵阳,贵州省黔东南苗族侗族自治州雷山县,Z06771,,,0,,,2025-08-18 17:34:14
4301,和田,新疆维吾尔自治区和田地区民丰县,Z08606,,,0,,,2025-08-18 17:34:22
4302,重庆,重庆市重庆市奉节县,Z06894,,,0,,,2025-08-18 17:34:37
4303,南充,四川省巴中市平昌县,Z07746,,,0,,,2025-08-18 17:34:41
4304,贵阳,贵州省黔西南布依族苗族自治州望谟县,Z06800,,,0,,,2025-08-18 17:34:45
4305,重庆,重庆市重庆市涪陵区,Z06895,,,0,,,2025-08-18 17:34:59
4306,重庆,重庆市重庆市忠县,Z06919,,,0,,,2025-08-18 17:35:33
4307,大理,云南省德宏傣族景颇族自治州芒市,Z07020,,,0,,,2025-08-18 17:36:09
4308,昆明,云南省昭通市昭阳区,Z10194,,,0,,,2025-08-18 17:36:12
4309,昆明,云南省西双版纳傣族自治州勐腊县,Z07181,,,0,,,2025-08-18 17:36:33
4310,上海,,Z06595,,,0,,,2025-08-18 17:36:42
4314,南宁,,Z08078,,,0,,,2025-08-18 17:58:21
4315,,河南省周口市扶沟县,Z04885,,,0,,,2025-08-18 18:01:17
4316,上海,上海市上海市虹口区,Z06596,,,0,,,2025-08-18 18:05:54
4317,重庆,重庆市重庆市永川区,Z06916,,,0,,,2025-08-18 18:06:38
4319,重庆,重庆市重庆市开州区,Z06898,,,0,,,2025-08-19 11:07:21
4320,,安徽省阜阳市太和县,Z06546,,,0,,,2025-08-19 14:36:11
4321,,山东省德州市乐陵市,Z05852,,,0,,,2025-08-19 14:37:35
4322,成都,四川省成都市彭州市,Z07585,,,0,,,2025-08-19 15:14:44
4323,南充,四川省广安市岳池县,Z07759,,,0,,,2025-08-19 15:15:07
4324,南充,四川省广安市武胜县,Z07758,,,0,,,2025-08-19 15:15:08
4325,南充,四川省达州市宣汉县,Z10053,,,0,,,2025-08-19 15:15:26
4326,成都,四川省成都市金堂县,Z07583,,,0,,,2025-08-19 15:15:26
4327,昆明,云南省昆明市石林彝族自治县,Z07079,,,0,,,2025-08-19 15:19:51
4328,大理,云南省大理白族自治州大理市,Z06977,,,0,,,2025-08-19 15:19:55
4329,昆明,云南省普洱市景东彝族自治县,Z07034,,,0,,,2025-08-19 15:20:20
4330,南充,四川省达州市万源市,Z07752,,,0,,,2025-08-19 15:21:26
4331,贵阳,贵州省贵阳市修文县,Z06762,,,0,,,2025-08-19 16:16:54
4332,贵阳,贵州省黔东南苗族侗族自治州凯里市,Z06763,,,0,,,2025-08-19 16:17:07
4333,遵义,贵州省遵义市仁怀市,Z06929,,,0,,,2025-08-19 16:17:13
4334,遵义,贵州省遵义市汇川区,Z09359,,,0,,,2025-08-19 16:17:14
4335,贵阳,贵州省黔西南布依族苗族自治州晴隆县,Z06799,,,0,,,2025-08-19 16:17:15
4336,,黑龙江省绥化市肇东市,Z09673,,,0,,,2025-08-19 16:17:45
4337,,辽宁省沈阳市浑南区,Z04463,,,0,,,2025-08-19 16:23:27
4338,昆明,云南省昭通市镇雄县,Z10195,,,0,,,2025-08-19 17:39:24
4339,昆明,云南省昭通市绥江县,Z07166,,,0,,,2025-08-19 17:39:24
4340,昆明,云南省昭通市大关县,Z07122,,,0,,,2025-08-19 17:39:25
4341,重庆,重庆市重庆市武隆区,Z06914,,,0,,,2025-08-19 17:39:41
4342,贵阳,贵州省六盘水市水城区,Z06849,,,0,,,2025-08-19 17:40:44
4343,,陕西省榆林市,Z05630,,,0,,,2025-08-19 18:04:41
4344,成都,四川省成都市新津区,Z07594,,,0,,,2025-08-20 10:28:28
4345,,河北省保定市莲池区,Z10222,,,0,,,2025-08-20 11:22:16
4346,,安徽省合肥市包河区,Z09416,,,0,,,2025-08-20 11:31:41
4347,,甘肃省白银市平川区,Z05565,,,0,,,2025-08-20 13:52:26
4348,大理,云南省大理白族自治州南涧彝族自治县,Z06981,,,0,,,2025-08-20 15:25:30
4349,成都,四川省资阳市安岳县,Z07702,,,0,,,2025-08-20 15:28:24
4350,大理,云南省大理白族自治州巍山彝族回族自治县,Z06982,,,0,,,2025-08-20 15:28:57
4351,泉州,福建省龙岩市上杭县,Z10269,,,0,,,2025-08-20 15:50:07
4352,成都,四川省甘孜藏族自治州稻城县,Z07611,,,0,,,2025-08-20 15:52:17
4353,大理,云南省德宏傣族景颇族自治州盈江县,Z07000,,,0,,,2025-08-20 16:33:56
4354,贵阳,贵州省六盘水市水城区,Z06869,,,0,,,2025-08-20 17:49:31
4355,武汉,湖北省十堰市郧阳区,Z09889,,,0,,,2025-08-21 08:50:22
4356,武汉,湖北省黄石市黄石港区,Z07244,,,0,,,2025-08-21 09:52:52
4357,,河南省南阳市,Z04893,,,0,,,2025-08-21 11:14:13
4358,东莞,广东省东莞市,Z08759,,,0,,,2025-08-21 11:14:20
4359,,内蒙古自治区锡林郭勒盟西乌珠穆沁旗,Z04860,,,0,,,2025-08-21 11:14:28
4360,,内蒙古自治区乌兰察布市察哈尔右翼前旗,Z10491,,,0,,,2025-08-21 11:14:29
4361,南充,四川省达州市渠县,Z07751,,,0,,,2025-08-21 15:26:10
4362,成都,四川省绵阳市三台县,Z07665,,,0,,,2025-08-21 15:28:34
4363,成都,四川省绵阳市江油市,Z07663,,,0,,,2025-08-21 15:28:35
4364,成都,四川省绵阳市安州区,Z07662,,,0,,,2025-08-21 15:28:36
4365,南充,四川省巴中市南江县,Z07745,,,0,,,2025-08-21 15:28:50
4366,南充,四川省巴中市巴州区,Z09871,,,0,,,2025-08-21 15:28:59
4367,南充,四川省成都市武侯区,Z09875,,,0,,,2025-08-21 15:29:04
4368,,陕西省商洛市商州区,Z05597,,,0,,,2025-08-21 15:38:48
4369,,陕西省西安市雁塔区,Z05597,,,0,,,2025-08-21 15:38:54
4370,湛江,广东省茂名市,Z06368,,,0,,,2025-08-21 15:59:40
4371,成都,四川省泸州市纳溪区,Z07653,,,0,,,2025-08-21 16:51:33
4372,成都,四川省德阳市中江县,Z07606,,,0,,,2025-08-21 16:51:34
4373,成都,四川省广元市利州区,Z10051,,,0,,,2025-08-21 16:53:20
4374,成都,四川省凉山彝族自治州会理市,Z07724,,,0,,,2025-08-21 16:53:25
4375,昆明,云南省文山壮族苗族自治州麻栗坡县,Z07112,,,0,,,2025-08-21 17:15:51
4376,,辽宁省本溪市明山区,Z10112,,,0,,,2025-08-21 17:23:19
4377,贵阳,贵州省黔南布依族苗族自治州独山县,Z06741,,,0,,,2025-08-21 17:24:15
4378,遵义,贵州省遵义市湄潭县,Z06927,,,0,,,2025-08-21 17:24:33
4379,贵阳,贵州省黔西南布依族苗族自治州兴义市,Z07189,,,0,,,2025-08-21 17:24:47
4380,贵阳,贵州省黔东南苗族侗族自治州丹寨县,Z06767,,,0,,,2025-08-21 17:24:53
4381,贵阳,贵州省安顺市普定县,Z06728,,,0,,,2025-08-21 17:25:02
4382,遵义,贵州省遵义市正安县,Z06934,,,0,,,2025-08-21 17:25:08
4383,贵阳,贵州省黔东南苗族侗族自治州台江县,Z06777,,,0,,,2025-08-21 17:25:13
4384,淮安,江苏省镇江市京口区,Z09550,,,0,,,2025-08-21 17:26:56
4385,遵义,贵州省铜仁市石阡县,Z06944,,,0,,,2025-08-21 17:27:41
4386,遵义,贵州省铜仁市沿河土家族自治县,Z06945,,,0,,,2025-08-21 17:27:42
4387,重庆,重庆市重庆市巫山县,Z09227,,,0,,,2025-08-21 17:38:15
4388,,青海省玉树藏族自治州玉树市,Z05776,,,0,,,2025-08-21 17:39:01
4389,,山东省青岛市崂山区,Z05917,,,0,,,2025-08-21 17:39:22
4390,,河南省濮阳市范县,Z05031,,,0,,,2025-08-21 17:48:20
4392,,甘肃省兰州市永登县,Z05491,,,0,,,2025-08-22 10:54:02
4393,成都,四川省广元市旺苍县,Z07636,,,0,,,2025-08-22 15:10:46
4394,成都,四川省广元市剑阁县,Z07634,,,0,,,2025-08-22 15:10:50
4395,,安徽省黄山市屯溪区,Z09423,,,0,,,2025-08-22 15:42:53
4396,,陕西省西安市新城区,Z10089,,,0,,,2025-08-22 16:03:26
4397,成都,四川省凉山彝族自治州金阳县,Z07722,,,0,,,2025-08-22 16:18:41
4398,成都,四川省雅安市天全县,Z07690,,,0,,,2025-08-22 16:18:47
4399,成都,四川省雅安市石棉县,Z07689,,,0,,,2025-08-22 16:18:49
4400,,河北省邯郸市涉县,Z08692,,,0,,,2025-08-22 16:19:57
4401,南宁,广西壮族自治区南宁市横州市,Z08453,,,0,,,2025-08-22 16:20:23
4402,南宁,广西壮族自治区钦州市钦北区,Z08169,,,0,,,2025-08-22 16:20:48
4403,成都,四川省自贡市荣县,Z07706,,,0,,,2025-08-22 16:22:10
4404,贵阳,贵州省黔西南布依族苗族自治州安龙县,Z06796,,,0,,,2025-08-22 17:24:43
4405,遵义,贵州省遵义市播州区,Z06939,,,0,,,2025-08-22 17:24:45
4406,遵义,贵州省遵义市仁怀市,Z06920,,,0,,,2025-08-22 17:24:47
4407,贵阳,贵州省黔西南布依族苗族自治州兴义市,Z06802,,,0,,,2025-08-22 17:25:02
4408,遵义,贵州省遵义市红花岗区,Z09467,,,0,,,2025-08-22 17:25:03
4409,南充,四川省达州市达川区,Z09872,,,0,,,2025-08-22 17:25:13
4410,南充,四川省广安市邻水县,Z07757,,,0,,,2025-08-22 17:25:16
4411,成都,四川省甘孜藏族自治州康定市,Z07616,,,0,,,2025-08-22 17:25:38
4412,成都,四川省阿坝藏族羌族自治州汶川县,Z07574,,,0,,,2025-08-22 17:25:39
4413,贵阳,贵州省毕节市,Z06736,,,0,,,2025-08-22 17:25:41
4414,,山东省泰安市岱岳区,Z10501,,,0,,,2025-08-22 17:48:01
4415,贵阳,贵州省黔南布依族苗族自治州惠水县,Z06743,,,0,,,2025-08-22 17:48:01
4416,成都,四川省阿坝藏族羌族自治州汶川县,Z10168,,,0,,,2025-08-22 17:48:12
4417,大理,云南省大理白族自治州弥渡县,Z07012,,,0,,,2025-08-22 17:48:32
4419,,青海省海东市平安区,Z05784,,,0,,,2025-08-25 10:58:23
4420,,安徽省宿州市泗县,Z06532,,,0,,,2025-08-25 13:26:21
4421,长沙,湖南省长沙市岳麓区,Z07290,,,0,,,2025-08-25 14:54:30
4422,南京,江苏省苏州市吴中区,Z09859,,,0,,,2025-08-25 15:04:19
4423,重庆,重庆市重庆市巫溪县,Z09243,,,0,,,2025-08-25 15:52:53
4424,,甘肃省甘南藏族自治州,Z05543,,,0,,,2025-08-25 15:53:24
4425,,河北省保定市易县,Z08631,,,0,,,2025-08-25 16:16:56
4426,,河北省保定市顺平县,Z08666,,,0,,,2025-08-25 16:17:07
4427,重庆,重庆市重庆市丰都县,Z06893,,,0,,,2025-08-25 16:18:26
4428,大理,云南省迪庆藏族自治州香格里拉市,Z07005,,,0,,,2025-08-25 16:42:30
4429,南充,四川省达州市宣汉县,Z07915,,,0,,,2025-08-25 16:43:01
4430,南充,四川省达州市宣汉县,Z07754,,,0,,,2025-08-25 16:43:01
4431,大理,云南省临沧市沧源佤族自治县,Z07008,,,0,,,2025-08-25 16:43:14
4432,大理,云南省临沧市云县,Z06995,,,0,,,2025-08-25 16:43:19
4433,大理,云南省临沧市镇康县,Z07007,,,0,,,2025-08-25 16:43:35
4434,大理,云南省大理白族自治州大理市,Z10180,,,0,,,2025-08-25 16:43:49
4435,,,Z09678,,,0,,,2025-08-25 16:59:08
4436,,黑龙江省佳木斯市,Z04553,,,0,,,2025-08-25 17:11:08
4437,贵阳,贵州省安顺市平坝区,Z06727,,,0,,,2025-08-25 17:41:30
4438,贵阳,贵州省六盘水市盘州市,Z06783,,,0,,,2025-08-25 17:41:34
4439,,河北省沧州市泊头市,Z08719,,,0,,,2025-08-25 18:08:51
4440,,山东省烟台市莱阳市,Z10514,,,0,,,2025-08-25 18:12:45
4441,,山东省青岛市崂山区,Z03685,,,0,,,2025-08-26 09:57:57
4442,,宁夏回族自治区吴忠市,Z05569,,,0,,,2025-08-26 14:18:22
4443,重庆,重庆市重庆市垫江县,Z06892,,,0,,,2025-08-26 14:18:30
4444,大理,云南省保山市施甸县,Z06965,,,0,,,2025-08-26 15:51:47
4445,昆明,云南省保山市隆阳区,Z10183,,,0,,,2025-08-26 15:51:49
4446,成都,四川省眉山市仁寿县,Z07773,,,0,,,2025-08-26 15:53:14
4447,成都,四川省凉山彝族自治州盐源县,Z07726,,,0,,,2025-08-26 15:53:26
4448,成都,四川省乐山市夹江县,Z07641,,,0,,,2025-08-26 15:53:29
4449,喀什,新疆维吾尔自治区克孜勒苏柯尔克孜自治州阿图什市,Z05690,,,0,,,2025-08-26 16:35:41
4450,贵阳,贵州省黔西南布依族苗族自治州普安县,Z06798,,,0,,,2025-08-26 17:55:39
4451,贵阳,贵州省黔南布依族苗族自治州瓮安县,Z06752,,,0,,,2025-08-26 17:56:12
4452,贵阳,贵州省黔南布依族苗族自治州贵定县,Z06725,,,0,,,2025-08-26 17:56:16
4453,成都,四川省甘孜藏族自治州德格县,Z07613,,,0,,,2025-08-26 18:00:45
4454,大理,云南省德宏傣族景颇族自治州梁河县,Z06997,,,0,,,2025-08-26 18:00:48
4455,,内蒙古自治区通辽市库伦旗,Z08835,,,0,,,2025-08-26 18:01:15
4456,,辽宁省本溪市平山区,Z10113,,,0,,,2025-08-26 18:01:22
4457,昆明,云南省红河哈尼族彝族自治州弥勒市,Z07068,,,0,,,2025-08-26 18:01:31
4459,昆明,云南省红河哈尼族彝族自治州金平苗族瑶族傣族自治县,Z07063,,,0,,,2025-08-27 13:50:16
4460,,山东省潍坊市昌乐县,Z05947,,,0,,,2025-08-27 14:12:19
4461,,山东省济南市历下区,Z09412,,,0,,,2025-08-27 16:30:30
4462,南昌,江西省抚州市,Z09263,,,0,,,2025-08-27 16:58:10
4463,,安徽省合肥市包河区,Z09422,,,0,,,2025-08-27 17:05:15
4464,,黑龙江省哈尔滨市平房区,Z09678,,,0,,,2025-08-27 17:15:06
4465,,山东省滨州市阳信县,Z10080,,,0,,,2025-08-27 17:16:54
4466,荆州,,Z07508,,,0,,,2025-08-27 17:32:08
4467,遵义,贵州省遵义市余庆县,Z08881,,,0,,,2025-08-27 17:38:30
4468,成都,四川省阿坝藏族羌族自治州松潘县,Z07573,,,0,,,2025-08-27 17:39:35
4469,,青海省海北藏族自治州门源回族自治县,Z05768,,,0,,,2025-08-27 17:58:50
4470,和田,新疆维吾尔自治区北屯市北屯市,Z08607,,,0,,,2025-08-27 18:01:00
4471,昆明,云南省昭通市威信县,Z07125,,,0,,,2025-08-27 18:01:48
4472,贵阳,贵州省黔东南苗族侗族自治州黎平县,Z06866,,,0,,,2025-08-27 18:02:29
4473,,浙江省温州市鹿城区,Z06472,,,0,,,2025-08-28 09:24:54
4474,,安徽省蚌埠市怀远县,Z06522,,,0,,,2025-08-28 09:24:57
4475,,内蒙古自治区锡林郭勒盟锡林浩特市,Z04865,,,0,,,2025-08-28 14:39:49
4476,成都,四川省甘孜藏族自治州九龙县,Z07615,,,0,,,2025-08-28 17:06:28
4477,大理,云南省大理白族自治州云龙县,Z07013,,,0,,,2025-08-28 17:18:19
4478,昆明,云南省文山壮族苗族自治州富宁县,Z07110,,,0,,,2025-08-28 17:19:20
4479,昆明,云南省楚雄彝族自治州双柏县,Z07172,,,0,,,2025-08-28 17:24:34
4480,大理,云南省丽江市华坪县,Z06988,,,0,,,2025-08-28 17:24:36
4481,,河南省许昌市建安区,Z09482,,,0,,,2025-08-28 17:54:53
4482,重庆,重庆市重庆市长寿区,Z06889,,,0,,,2025-08-28 17:55:10
4484,昆明,云南省楚雄彝族自治州元谋县,Z07048,,,0,,,2025-08-29 15:50:15
4485,昆明,云南省文山壮族苗族自治州丘北县,Z07032,,,0,,,2025-08-29 15:50:16
4487,,北京市北京市朝阳区,Z04339,,,0,,,2025-09-01 10:17:26
4491,南京,,000001,,,0,,,2025-09-01 14:30:20
4492,成都,西藏自治区昌都市江达县,Z07707,,,0,,,2025-09-01 15:02:04
4493,南充,四川省南充市南部县,Z07762,,,0,,,2025-09-01 15:02:27
4494,成都,四川省绵阳市梓潼县,Z07667,,,0,,,2025-09-01 15:02:33
4495,重庆,重庆市重庆市,Z06890,,,0,,,2025-09-01 15:43:03
4496,,黑龙江省哈尔滨市松北区,Z04588,,,0,,,2025-09-01 16:46:45
4497,,黑龙江省齐齐哈尔市,Z04627,,,0,,,2025-09-01 16:50:52
4498,大理,云南省大理白族自治州漾濞彝族自治县,Z07021,,,0,,,2025-09-01 17:52:22
4499,大理,云南省大理白族自治州剑川县,Z06984,,,0,,,2025-09-01 17:53:18
4500,大理,云南省临沧市凤庆县,Z06991,,,0,,,2025-09-01 17:53:34
4501,,河南省焦作市沁阳市,Z10008,,,0,,,2025-09-01 17:55:18
4502,昆明,云南省文山壮族苗族自治州马关县,Z07137,,,0,,,2025-09-01 17:56:19
4503,昆明,云南省普洱市,Z10237,,,0,,,2025-09-01 17:56:27
4504,贵阳,贵州省六盘水市盘州市,Z09352,,,0,,,2025-09-01 17:56:56
4505,贵阳,贵州省黔东南苗族侗族自治州从江县,Z06766,,,0,,,2025-09-01 17:57:24
4506,遵义,贵州省遵义市凤冈县,Z08446,,,0,,,2025-09-01 17:57:27
4507,成都,四川省泸州市古蔺县,Z08862,,,0,,,2025-09-01 17:57:46
4508,汕头,广东省揭阳市揭东区,Z06383,,,0,,,2025-09-01 18:26:54
4512,成都,四川省甘孜藏族自治州得荣县,Z07612,,,0,,,2025-09-02 14:10:24
4513,,青海省果洛藏族自治州玛多县,Z06097,,,0,,,2025-09-02 14:22:57
4514,,河北省张家口市,Z04374,,,0,,,2025-09-02 14:33:48
4515,,山东省青岛市黄岛区,Z05911,,,0,,,2025-09-02 14:43:40
4516,武汉,,Z00903,,,0,,,2025-09-02 16:05:09
4517,贵阳,贵州省毕节市纳雍县,Z09333,,,0,,,2025-09-02 17:32:51
4518,贵阳,贵州省铜仁市玉屏侗族自治县,Z06794,,,0,,,2025-09-02 17:32:52
4519,昆明,云南省玉溪市华宁县,Z10192,,,0,,,2025-09-02 17:34:55
4520,昆明,云南省红河哈尼族彝族自治州个旧市,Z07059,,,0,,,2025-09-02 17:34:58
4521,昆明,云南省楚雄彝族自治州永仁县,Z07047,,,0,,,2025-09-02 17:35:01
4522,,安徽省宣城市旌德县,Z06561,,,0,,,2025-09-03 11:22:36
4523,淮安,江苏省宿迁市泗阳县,Z06350,,,0,,,2025-09-03 15:45:34
4524,杭州,浙江省嘉兴市秀洲区,Z06422,,,0,,,2025-09-03 16:18:07
4525,贵阳,贵州省黔西南布依族苗族自治州兴义市,Z06831,,,0,,,2025-09-03 16:38:35
4526,遵义,贵州省遵义市红花岗区,Z06940,,,0,,,2025-09-03 16:38:46
4527,昆明,云南省玉溪市江川区,Z07180,,,0,,,2025-09-03 17:10:39
4528,,安徽省马鞍山市雨山区,Z10516,,,0,,,2025-09-03 17:10:43
4529,,山西省太原市,Z09564,,,0,,,2025-09-03 17:10:59
4530,重庆,重庆市重庆市奉节县,Z09236,,,0,,,2025-09-03 17:21:10
4531,重庆,重庆市重庆市奉节县,Z09734,,,0,,,2025-09-03 17:21:12
4532,,河南省新乡市新乡县,Z09994,,,0,,,2025-09-03 17:32:28
4533,贵港,广西壮族自治区贵港市港南区,Z08433,,,0,,,2025-09-03 17:41:46
4534,,河南省郑州市管城回族区,Z04977,,,0,,,2025-09-04 10:12:56
4535,,北京市北京市朝阳区,XA0003,,,0,,,2025-09-04 13:58:14
4537,成都,四川省凉山彝族自治州冕宁县,Z07732,,,0,,,2025-09-04 17:23:36
4538,贵阳,贵州省黔东南苗族侗族自治州黎平县,Z06772,,,0,,,2025-09-04 17:37:01
4539,贵阳,贵州省黔东南苗族侗族自治州剑河县,Z06769,,,0,,,2025-09-05 15:29:49
4540,,河南省郑州市新郑市,Z09963,,,0,,,2025-09-05 15:50:42
4541,南充,四川省达州市开江县,Z07750,,,0,,,2025-09-05 16:03:16
4542,成都,四川省宜宾市珙县,Z09879,,,0,,,2025-09-05 16:03:27
4543,成都,西藏自治区昌都市,Z10156,,,0,,,2025-09-05 16:04:18
4544,昆明,云南省普洱市镇沅彝族哈尼族拉祜族自治县,Z07156,,,0,,,2025-09-05 17:18:04
4545,昆明,云南省红河哈尼族彝族自治州建水县,Z07062,,,0,,,2025-09-05 17:18:22
4546,昆明,云南省昭通市镇雄县,Z07129,,,0,,,2025-09-05 17:18:36
4547,淮安,,Z06322,,,0,,,2025-09-05 17:20:24
4548,昆明,云南省红河哈尼族彝族自治州红河县,Z07061,,,0,,,2025-09-05 17:31:51
4549,贵港,,Z09656,,,0,,,2025-09-05 17:58:01
4550,南宁,,Z09628,,,0,,,2025-09-05 17:59:05
4551,,陕西省西安市莲湖区,Z05609,,,0,,,2025-09-05 18:03:33
4554,大理,云南省德宏傣族景颇族自治州陇川县,Z07028,,,0,,,2025-09-08 13:39:42
4555,昆明,云南省昭通市水富市,Z07124,,,0,,,2025-09-08 13:39:47
4556,,黑龙江省大兴安岭地区呼玛县,Z04615,,,0,,,2025-09-08 16:07:37
4557,南昌,江西省南昌市西湖区,Z09752,,,0,,,2025-09-08 16:39:32
4558,南昌,江西省宜春市铜鼓县,Z10496,,,0,,,2025-09-08 16:39:42
4559,贵阳,贵州省黔东南苗族侗族自治州岑巩县,Z06764,,,0,,,2025-09-08 16:49:47
4560,贵阳,贵州省黔东南苗族侗族自治州凯里市,Z06768,,,0,,,2025-09-08 16:50:11
4561,重庆,重庆市重庆市奉节县,Z09238,,,0,,,2025-09-08 17:10:48
4562,贵阳,贵州省黔南布依族苗族自治州平塘县,Z06820,,,0,,,2025-09-08 17:22:03
4563,南宁,,Z09598,,,0,,,2025-09-08 17:29:36
4564,柳州,,Z08272,,,0,,,2025-09-08 17:31:25
4565,台州,浙江省台州市温岭市,Z06475,,,0,,,2025-09-08 17:32:55
4566,台州,浙江省台州市天台县,Z06474,,,0,,,2025-09-08 17:32:57
4567,台州,浙江省台州市三门县,Z06473,,,0,,,2025-09-08 17:32:57
4568,台州,,Z08840,,,0,,,2025-09-08 17:32:58
4569,贵阳,贵州省黔东南苗族侗族自治州锦屏县,Z09348,,,0,,,2025-09-08 17:45:24
4570,贵阳,贵州省黔东南苗族侗族自治州黎平县,Z07201,,,0,,,2025-09-08 17:45:24
4571,南宁,,Z09611,,,0,,,2025-09-08 18:02:31
4572,南宁,,Z08161,,,0,,,2025-09-08 18:03:04
4573,台州,浙江省台州市路桥区,Z06472,,,0,,,2025-09-09 09:55:55
4574,,河北省沧州市,Z08678,,,0,,,2025-09-09 14:41:35
4575,遵义,贵州省遵义市桐梓县,Z06954,,,0,,,2025-09-09 17:33:18
4576,遵义,贵州省遵义市凤冈县,Z09358,,,0,,,2025-09-09 17:34:00
4577,台州,浙江省台州市椒江区,Z06470,,,0,,,2025-09-09 17:46:13
4578,台州,浙江省台州市玉环市,Z06477,,,0,,,2025-09-09 17:48:27
4579,台州,,Z06477,,,0,,,2025-09-09 17:48:35
4580,台州,浙江省温州市龙港市,Z09793,,,0,,,2025-09-09 17:48:52
4581,台州,浙江省温州市乐清市,Z06481,,,0,,,2025-09-09 17:48:53
4582,台州,浙江省台州市临海市,Z06471,,,0,,,2025-09-09 17:48:55
4583,台州,浙江省温州市苍南县,Z06479,,,0,,,2025-09-09 17:48:57
4584,台州,浙江省台州市黄岩区,Z06469,,,0,,,2025-09-09 17:48:57
4585,,河南省南阳市,Z04904,,,0,,,2025-09-09 18:09:15
4586,成都,四川省宜宾市筠连县,Z07697,,,0,,,2025-09-10 09:06:36
4587,成都,四川省德阳市什邡市,Z07605,,,0,,,2025-09-10 09:06:42
4588,杭州,浙江省杭州市上城区,Z06421,,,0,,,2025-09-10 09:11:54
4591,重庆,重庆市重庆市巫山县,Z09235,,,0,,,2025-09-10 14:23:32
4592,昆明,云南省昭通市永善县,Z07218,,,0,,,2025-09-10 15:08:30
4593,昆明,云南省昆明市呈贡区,Z07077,,,0,,,2025-09-10 15:08:30
4594,昆明,云南省玉溪市新平彝族傣族自治县,Z07159,,,0,,,2025-09-10 15:09:03
4595,昆明,云南省昆明市安宁市,Z07074,,,0,,,2025-09-10 15:09:03
4596,大理,云南省大理白族自治州宾川县,Z06978,,,0,,,2025-09-10 15:09:05
4597,成都,四川省甘孜藏族自治州炉霍县,Z07620,,,0,,,2025-09-10 15:09:29
4598,三水基地,佛山三水,ZZ0299,1,汽运,0,2,,2025-09-10 15:22:39
4599,泉州,福建省漳州市华安县,Z08955,,,0,,,2025-09-10 16:44:19
4600,大理,云南省怒江傈僳族自治州兰坪白族普米族自治县,Z07016,,,0,,,2025-09-10 16:44:31
4601,昆明,云南省昆明市,Z07079,,,0,,,2025-09-10 16:44:33
4602,大理,云南省丽江市古城区,Z10181,,,0,,,2025-09-10 16:45:56
4603,昆明,云南省普洱市孟连傣族拉祜族佤族自治县,Z07155,,,0,,,2025-09-10 16:45:59
4605,遵义,贵州省遵义市播州区,Z09356,,,0,,,2025-09-10 18:38:29
4606,成都,四川省乐山市峨边彝族自治县,Z07639,,,0,,,2025-09-11 10:44:12
4607,成都,四川省资阳市雁江区,Z07701,,,0,,,2025-09-11 10:44:16
4608,咸宁,,000001,,,0,,,2025-09-11 11:34:08
4609,,辽宁省沈阳市苏家屯区,Z04463,,,0,,,2025-09-11 13:15:26
4610,昆明,云南省普洱市思茅区,Z07034,,,0,,,2025-09-11 15:49:54
4611,遵义,贵州省遵义市播州区,Z06952,,,0,,,2025-09-11 16:35:27
4612,贵阳,贵州省贵阳市观山湖区,Z06755,,,0,,,2025-09-11 16:35:29
4613,台州,浙江省温州市平阳县,Z06482,,,0,,,2025-09-11 16:48:01
4614,台州,浙江省台州市仙居县,Z06476,,,0,,,2025-09-11 16:48:06
4615,大理,云南省保山市昌宁县,Z06963,,,0,,,2025-09-11 17:20:29
4616,昆明,云南省昆明市东川区,Z07076,,,0,,,2025-09-11 17:20:33
4617,贵港,广西壮族自治区玉林市博白县,Z08393,,,0,,,2025-09-11 17:20:40
4618,遵义,贵州省遵义市习水县,Z09469,,,0,,,2025-09-11 17:44:27
4619,遵义,贵州省遵义市习水县,Z06961,,,0,,,2025-09-11 17:44:28
4620,台州,浙江省温州市泰顺县,Z06484,,,0,,,2025-09-11 17:44:40
4621,台州,浙江省温州市龙湾区,Z08841,,,0,,,2025-09-11 17:44:46
4622,台州,浙江省台州市临海市,Z06487,,,0,,,2025-09-11 17:44:47
4625,重庆,重庆市重庆市綦江区,Z06910,,,0,,,2025-09-12 13:35:21
4627,成都,四川省宜宾市江安县,Z07696,,,0,,,2025-09-12 14:26:38
4628,成都,四川省宜宾市屏山县,Z10050,,,0,,,2025-09-12 14:26:39
4629,汕头,广东省汕头市澄海区,Z06382,,,0,,,2025-09-12 15:58:31
4630,贵阳,贵州省黔东南苗族侗族自治州黎平县,Z09349,,,0,,,2025-09-12 16:42:03
4631,贵阳,贵州省毕节市黔西市,Z06736,,,0,,,2025-09-12 16:42:03
4632,贵阳,贵州省贵阳市息烽县,Z06761,,,0,,,2025-09-12 16:45:02
4633,,黑龙江省鸡西市鸡冠区,Z04564,,,0,,,2025-09-12 17:13:17
4634,重庆,重庆市重庆市奉节县,Z09237,,,0,,,2025-09-12 17:38:35
4635,,辽宁省沈阳市沈河区,Z10135,,,0,,,2025-09-12 17:39:51
4636,昆明,云南省普洱市西盟佤族自治县,Z07150,,,0,,,2025-09-12 18:06:38
4637,昆明,云南省玉溪市通海县,Z07118,,,0,,,2025-09-12 18:06:43
4640,成都,四川省凉山彝族自治州德昌县,Z07736,,,0,,,2025-09-15 10:03:51
4641,成都,四川省成都市武侯区,Z07590,,,0,,,2025-09-15 10:03:56
4642,成都,四川省眉山市彭山区,Z07658,,,0,,,2025-09-15 14:00:43
4643,成都,四川省甘孜藏族自治州雅江县,Z07625,,,0,,,2025-09-15 14:24:46
4644,成都,四川省甘孜藏族自治州新龙县,Z07624,,,0,,,2025-09-15 14:24:47
4645,成都,四川省乐山市峨眉山市,Z07640,,,0,,,2025-09-15 14:25:34
4646,喀什,新疆维吾尔自治区喀什地区喀什市,Z05711,,,0,,,2025-09-15 14:47:09
4647,,黑龙江省牡丹江市西安区,Z09715,,,0,,,2025-09-15 15:56:34
4648,大理,云南省保山市龙陵县,Z10179,,,0,,,2025-09-15 16:08:11
4649,南昌,江西省上饶市信州区,Z10074,,,0,,,2025-09-15 16:10:46
4650,南昌,江西省南昌市东湖区,Z07798,,,0,,,2025-09-15 16:10:47
4651,重庆,重庆市重庆市奉节县,Z09240,,,0,,,2025-09-15 16:40:27
4652,贵阳,贵州省黔东南苗族侗族自治州黎平县,Z07202,,,0,,,2025-09-15 16:41:58
4653,遵义,贵州省遵义市汇川区,Z09471,,,0,,,2025-09-15 16:41:59
4654,遵义,贵州省遵义市仁怀市,Z06931,,,0,,,2025-09-15 16:42:00
4655,,,Z09845,,,0,,,2025-09-15 17:12:43
4657,泉州,福建省漳州市南靖县,Z06259,,,0,,,2025-09-15 17:51:50
4659,荆州,湖北省宜昌市兴山县,Z07547,,,0,,,2025-09-16 11:05:46
4660,武汉,湖北省武汉市东西湖区,Z09896,,,0,,,2025-09-16 11:06:14
4661,成都,四川省雅安市名山区,Z07688,,,0,,,2025-09-16 14:38:43
4662,大理,云南省大理白族自治州鹤庆县,Z06993,,,0,,,2025-09-16 14:42:04
4663,成都,四川省阿坝藏族羌族自治州红原县,Z07566,,,0,,,2025-09-16 15:47:06
4664,武汉,,Z00881,,,0,,,2025-09-16 15:47:11
4665,成都,四川省德阳市绵竹市,Z07604,,,0,,,2025-09-16 15:47:21
4666,成都,四川省甘孜藏族自治州康定市,Z07617,,,0,,,2025-09-16 15:49:03
4667,淮安,江苏省淮安市洪泽区,Z06348,,,0,,,2025-09-16 16:43:07
4668,,辽宁省朝阳市龙城区,Z10493,,,0,,,2025-09-16 17:05:13
4669,福州,福建省福州市仓山区,Z08979,,,0,,,2025-09-16 17:05:42
4670,贵阳,贵州省六盘水市水城区,Z06856,,,0,,,2025-09-16 17:49:23
4671,贵阳,贵州省黔东南苗族侗族自治州黎平县,Z07197,,,0,,,2025-09-16 17:49:39
3592,,四川省阿坝藏族羌族自治州黑水县,Z07565,,,0,,,2025-01-07 16:41:40
3593,,,Z06702,,,0,,,2025-01-07 17:51:13
3594,,宁夏回族自治区固原市隆德县,Z05579,,,0,,,2025-01-07 18:12:37
3595,,陕西省咸阳市,Z08878,,,0,,,2025-01-07 18:23:36
3596,,,Z09962,,,0,,,2025-01-07 18:28:04
3597,,山西省吕梁市兴县,Z03998,,,0,,,2025-01-08 11:15:03
3598,衡阳,湖南省郴州市宜章县,Z07475,,,0,,,2025-01-08 14:31:21
3599,,辽宁省锦州市凌河区,Z10125,,,0,,,2025-01-08 14:46:42
3600,,河北省邢台市平乡县,Z08655,,,0,,,2025-01-08 16:58:22
3601,,山西省朔州市,Z04000,,,0,,,2025-01-08 17:30:18
3602,,吉林省白城市大安市,Z04652,,,0,,,2025-01-08 17:30:29
3603,柳州,广西壮族自治区桂林市阳朔县,Z09382,,,0,,,2025-01-08 17:52:54
3604,贵港,广西壮族自治区梧州市苍梧县,Z10417,,,0,,,2025-01-08 17:58:58
3605,,河南省安阳市殷都区,Z05034,,,0,,,2025-01-08 18:03:37
3606,,云南省玉溪市澄江市,Z07115,,,0,,,2025-01-08 18:11:15
3607,南京,江苏省南通市通州区,Z06666,,,0,,,2025-01-09 08:59:52
3608,武汉,湖北省荆州市监利市,,,,0,,,2025-01-09 11:11:11
3609,,云南省保山市龙陵县,Z10179,,,0,,,2025-01-09 13:12:37
3610,,宁夏回族自治区石嘴山市,Z05657,,,0,,,2025-01-09 13:31:24
3611,,新疆维吾尔自治区喀什地区疏附县,Z05702,,,0,,,2025-01-09 14:53:35
3612,,四川省乐山市沐川县,Z07646,,,0,,,2025-01-09 14:53:48
3613,,安徽省宣城市,Z06560,,,0,,,2025-01-09 16:27:05
3614,,四川省凉山彝族自治州越西县,Z07731,,,0,,,2025-01-09 16:27:07
3615,,新疆维吾尔自治区喀什地区喀什市,Z05704,,,0,,,2025-01-09 16:48:33
3616,,新疆维吾尔自治区和田地区和田市,Z08604,,,0,,,2025-01-09 16:48:46
3618,赣州,江西省赣州市于都县,Z09746,,,0,,,2025-01-09 16:59:28
3619,,,Z06947,,,0,,,2025-01-09 17:22:51
3620,,黑龙江省大兴安岭地区加格达奇区,Z09719,,,0,,,2025-01-09 17:31:15
3621,南京,江苏省无锡市梁溪区,Z06632,,,0,,,2025-01-09 17:45:23
3622,,河南省商丘市梁园区,Z10017,,,0,,,2025-01-09 18:14:55
3623,,河南省洛阳市涧西区,Z09979,,,0,,,2025-01-09 18:19:30
3625,南宁,广西壮族自治区南宁市武鸣区,Z08163,,,0,,,2025-01-10 10:17:15
3626,,安徽省宿州市灵璧县,Z06548,,,0,,,2025-01-10 10:47:17
3627,,青海省玉树藏族自治州治多县,Z05780,,,0,,,2025-01-10 13:30:13
3628,,四川省成都市金牛区,Z07718,,,0,,,2025-01-10 14:16:12
3629,,,Z05921,,,0,,,2025-01-10 14:53:04
3630,荆州,湖北省宜昌市五峰土家族自治县,Z07546,,,0,,,2025-01-10 16:20:40
3631,荆州,湖北省宜昌市五峰土家族自治县,Z10307,,,0,,,2025-01-10 16:20:41
3632,,贵州省黔西南布依族苗族自治州兴义市,Z06831,,,0,,,2025-01-10 17:03:08
3633,,贵州省黔东南苗族侗族自治州从江县,Z09347,,,0,,,2025-01-10 17:03:26
3634,,辽宁省葫芦岛市,Z10315,,,0,,,2025-01-10 17:23:50
3636,,河南省南阳市社旗县,Z04896,,,0,,,2025-01-13 13:27:52
3637,泉州,福建省泉州市永春县,Z06298,,,0,,,2025-01-13 15:20:01
3638,,四川省阿坝藏族羌族自治州汶川县,Z10168,,,0,,,2025-01-13 15:28:37
3639,,山西省吕梁市岚县,Z03993,,,0,,,2025-01-13 16:31:58
3640,,山东省济宁市,Z05877,,,0,,,2025-01-13 16:50:39
3641,,山东省德州市平原县,Z05869,,,0,,,2025-01-13 16:51:21
3642,咸宁,湖北省咸宁市,000001,,,0,,,2025-01-13 17:13:04
3643,,云南省玉溪市红塔区,Z07114,,,0,,,2025-01-13 17:13:42
3644,赣州,江西省赣州市会昌县,Z08930,,,0,,,2025-01-13 17:14:41
3645,广州,广东省韶关市乳源瑶族自治县,Z10487,,,0,,,2025-01-13 17:58:25
3646,长沙,湖南省岳阳市华容县,Z07369,,,0,,,2025-01-13 18:00:05
3647,邵阳,湖南省怀化市沅陵县,Z10456,,,0,,,2025-01-13 18:00:09
3648,,,Z09458,,,0,,,2025-01-14 10:54:25
3649,长沙,湖南省湘西土家族苗族自治州古丈县,Z07553,,,0,,,2025-01-14 13:37:04
3650,荆州,湖北省荆州市监利市,Z07886,,,0,,,2025-01-14 13:37:39
3651,,四川省成都市龙泉驿区,Z09948,,,0,,,2025-01-14 14:49:09
3652,,山西省运城市垣曲县,Z04046,,,0,,,2025-01-14 15:08:45
3653,,山东省青岛市平度市,Z10484,,,0,,,2025-01-14 15:19:54
3654,,山东省济宁市泗水县,Z05887,,,0,,,2025-01-14 15:20:49
3655,,陕西省安康市汉滨区,Z05589,,,0,,,2025-01-14 15:31:22
3656,,云南省文山壮族苗族自治州西畴县,Z07146,,,0,,,2025-01-14 15:40:56
3657,,四川省甘孜藏族自治州,Z07614,,,0,,,2025-01-14 15:41:09
3658,武汉,湖北省神农架林区神农架林区,Z10178,,,0,,,2025-01-14 16:02:06
3659,武汉,湖北省神农架林区神农架林区,Z07403,,,0,,,2025-01-14 16:02:07
3660,武汉,湖北省十堰市竹溪县,Z09889,,,0,,,2025-01-14 16:02:23
3663,,山西省临汾市曲沃县,Z03986,,,0,,,2025-01-14 17:04:01
3664,,山西省忻州市偏关县,Z04024,,,0,,,2025-01-14 17:04:02
3665,,山西省忻州市岢岚县,Z04022,,,0,,,2025-01-14 17:04:02
3666,,山西省运城市夏县,Z04043,,,0,,,2025-01-14 17:04:04
3667,,辽宁省朝阳市龙城区,Z10114,,,0,,,2025-01-14 17:14:47
3668,,贵州省六盘水市水城区,Z06856,,,0,,,2025-01-14 17:36:45
3669,,河北省石家庄市,Z08727,,,0,,,2025-01-14 17:57:28
3670,,河北省石家庄市井陉县,Z08659,,,0,,,2025-01-14 17:57:29
3671,,陕西省咸阳市,Z05638,,,0,,,2025-01-14 17:58:13
3672,,河南省新乡市红旗区,Z09993,,,0,,,2025-01-15 10:53:46
3673,南京,江苏省苏州市相城区,Z06622,,,0,,,2025-01-15 11:32:41
3674,,贵州省六盘水市水城区,Z07193,,,0,,,2025-01-15 16:10:17
3675,长沙,湖南省湘潭市岳塘区,Z07353,,,0,,,2025-01-15 16:21:03
3676,,山东省济南市历下区,Z00939,,,0,,,2025-01-15 17:33:21
3677,南昌,江西省宜春市袁州区,Z07806,,,0,,,2025-01-15 17:33:31
3678,深圳,广东省惠州市惠阳区,Z10211,,,0,,,2025-01-15 17:44:42
3679,,黑龙江省绥化市明水县,Z09673,,,0,,,2025-01-15 17:45:38
3680,,贵州省贵阳市云岩区,Z09353,,,0,,,2025-01-15 17:57:16
3681,,四川省成都市青白江区,Z07593,,,0,,,2025-01-15 17:57:20
3682,柳州,广西壮族自治区柳州市三江侗族自治县,Z09654,,,0,,,2025-01-15 18:07:20
3683,,云南省大理白族自治州大理市,Z07049,,,0,,,2025-01-16 14:14:30
3684,湛江,广东省阳江市阳西县,Z06370,,,0,,,2025-01-16 14:19:33
3685,,山西省忻州市河曲县,Z04020,,,0,,,2025-01-16 15:24:29
3686,,河北省张家口市蔚县,Z04380,,,0,,,2025-01-16 15:29:17
3687,,河北省张家口市赤城县,Z04375,,,0,,,2025-01-16 15:29:17
3688,,陕西省西安市雁塔区,Z10087,,,0,,,2025-01-16 16:10:56
3689,,陕西省西安市雁塔区,Z09907,,,0,,,2025-01-16 16:11:27
3690,广州,广东省韶关市乐昌市,Z10486,,,0,,,2025-01-16 16:41:48
3691,,贵州省黔东南苗族侗族自治州黎平县,Z07197,,,0,,,2025-01-16 17:33:25
3692,,贵州省黔东南苗族侗族自治州黎平县,Z06866,,,0,,,2025-01-16 17:33:25
3693,,黑龙江省齐齐哈尔市富拉尔基区,Z04543,,,0,,,2025-01-16 17:33:35
3694,,贵州省黔西南布依族苗族自治州兴义市,Z09355,,,0,,,2025-01-16 17:33:41
3695,,贵州省贵阳市云岩区,Z06739,,,0,,,2025-01-16 17:33:48
3696,,山西省长治市沁县,Z04052,,,0,,,2025-01-16 17:34:10
3697,淮安,,Z06347,,,0,,,2025-01-16 17:59:43
3698,,内蒙古自治区赤峰市林西县,Z04513,,,0,,,2025-01-16 18:00:13
3699,,陕西省咸阳市长武县,Z05671,,,0,,,2025-01-16 18:04:01
3701,南宁,广西壮族自治区崇左市宁明县,Z10452,,,0,,,2025-01-16 18:31:12
3702,武汉,湖北省黄冈市浠水县,Z07248,,,0,,,2025-01-17 11:02:41
3703,,四川省凉山彝族自治州甘洛县,Z07721,,,0,,,2025-01-17 11:12:46
3704,,四川省宜宾市翠屏区,Z07698,,,0,,,2025-01-17 14:45:51
3705,,山西省长治市屯留区,Z04054,,,0,,,2025-01-17 16:19:50
3706,泉州,福建省漳州市南靖县,Z09000,,,0,,,2025-01-17 16:23:25
3707,淮安,江苏省盐城市大丰区,Z06333,,,0,,,2025-01-17 16:47:28
3708,南宁,广西壮族自治区南宁市横州市,Z09604,,,0,,,2025-01-17 17:38:15
3709,,四川省绵阳市平武县,Z07664,,,0,,,2025-01-17 17:40:30
3710,,陕西省咸阳市渭城区,Z10492,,,0,,,2025-01-17 18:03:35
3711,,贵州省黔西南布依族苗族自治州贞丰县,Z06834,,,0,,,2025-01-17 18:04:37
3712,,河南省平顶山市宝丰县,Z04908,,,0,,,2025-01-17 18:06:06
3713,,贵州省贵阳市云岩区,Z06790,,,0,,,2025-01-17 18:07:40
3714,,四川省成都市成华区,Z07718,,,0,,,2025-01-17 18:09:32
3715,,重庆市重庆市巫溪县,Z09732,,,0,,,2025-01-17 18:10:22
3716,福州,福建省莆田市涵江区,Z08971,,,0,,,2025-01-17 18:38:24
3717,泉州,福建省漳州市龙海区,Z06260,,,0,,,2025-01-20 11:04:20
3718,泉州,福建省泉州市,Z06304,,,0,,,2025-01-20 11:04:22
3719,,,Z05609,,,0,,,2025-01-20 11:25:02
3720,荆州,湖北省宜昌市长阳土家族自治县,Z10485,,,0,,,2025-01-20 11:35:06
3721,,新疆维吾尔自治区阿克苏地区阿瓦提县,Z05809,,,0,,,2025-01-20 13:20:34
3722,,云南省普洱市景谷傣族彝族自治县,Z07154,,,0,,,2025-01-20 14:08:07
3723,,,Z06532,,,0,,,2025-01-20 14:47:31
3724,,山西省晋中市和顺县,Z03969,,,0,,,2025-01-20 14:59:37
3732,南昌,江西省九江市柴桑区,Z10451,,,0,,,2025-01-20 16:18:10
3734,福州,,Z08988,,,0,,,2025-01-20 16:45:59
3735,,,Z05918,,,0,,,2025-01-20 16:58:31
3736,淮安,,Z06330,,,0,,,2025-01-20 17:11:51
3737,淮安,江苏省淮安市,Z06348,,,0,,,2025-01-20 17:12:51
3738,,新疆维吾尔自治区伊犁哈萨克自治州巩留县,Z05434,,,0,,,2025-01-20 18:16:22
3739,,,Z09905,,,0,,,2025-01-20 18:19:22
3740,贵港,广西壮族自治区贵港市港南区,Z09657,,,0,,,2025-01-20 18:51:28
3741,,安徽省滁州市来安县,Z06566,,,0,,,2025-01-21 10:43:15
3742,,内蒙古自治区呼和浩特市回民区,Z09726,,,0,,,2025-01-21 16:00:14
3743,,陕西省咸阳市旬邑县,Z05662,,,0,,,2025-01-21 16:51:04
3744,,陕西省咸阳市渭城区,Z05612,,,0,,,2025-01-21 16:51:18
3745,,陕西省商洛市丹凤县,Z05661,,,0,,,2025-01-21 16:52:24
3746,淮安,,Z06346,,,0,,,2025-01-21 17:11:43
3747,,贵州省遵义市余庆县,Z09470,,,0,,,2025-01-21 17:13:18
3748,,贵州省遵义市汇川区,Z06924,,,0,,,2025-01-21 17:37:07
3749,,河南省郑州市中牟县,Z09969,,,0,,,2025-01-21 17:44:15
3750,,山西省朔州市平鲁区,Z04001,,,0,,,2025-01-21 17:45:03
3751,,山西省朔州市,Z04002,,,0,,,2025-01-21 17:45:03
3752,湛江,广东省湛江市霞山区,Z06365,,,0,,,2025-01-22 10:40:38
3753,淮安,江苏省盐城市阜宁县,Z09547,,,0,,,2025-01-22 15:47:01
3754,武汉,湖北省鄂州市华容区,Z09146,,,0,,,2025-01-22 15:47:19
3755,,甘肃省平凉市崇信县,Z05549,,,0,,,2025-01-22 16:14:29
3756,,陕西省商洛市洛南县,Z05660,,,0,,,2025-01-22 16:18:03
3757,,四川省成都市武侯区,Z09875,,,0,,,2025-01-22 17:02:24
3758,上海,江苏省南京市鼓楼区,,,,0,,,2025-01-22 17:30:08
3759,,山西省晋中市榆社县,Z03974,,,0,,,2025-01-22 18:03:06
3760,,新疆维吾尔自治区喀什地区,Z05704,,,0,,,2025-01-23 13:56:02
3761,,四川省内江市资中县,Z07671,,,0,,,2025-01-23 17:43:03
3763,,河南省周口市淮阳区,Z04879,,,0,,,2025-01-26 15:54:04
3764,泉州,福建省漳州市诏安县,Z09248,,,0,,,2025-02-05 13:21:42
3765,,新疆维吾尔自治区阿勒泰地区,Z05402,,,0,,,2025-02-05 13:21:54
3766,,新疆维吾尔自治区北屯市北屯市,Z05408,,,0,,,2025-02-05 13:22:01
3767,,山西省忻州市神池县,Z04025,,,0,,,2025-02-05 13:22:08
3768,,四川省眉山市彭山区,Z09912,,,0,,,2025-02-05 13:31:53
3769,,山西省忻州市,Z09572,,,0,,,2025-02-05 14:32:59
3770,,河北省张家口市张北县,Z04383,,,0,,,2025-02-05 17:07:32
3771,南宁,广西壮族自治区南宁市武鸣区,Z09617,,,0,,,2025-02-05 17:41:47
3772,海口,海南省琼中黎族苗族自治县琼中黎族苗族自治县,Z08012,,,0,,,2025-02-05 17:42:48
3773,,陕西省渭南市华州区,Z05651,,,0,,,2025-02-05 17:51:50
3774,,云南省大理白族自治州云龙县,Z07002,,,0,,,2025-02-06 11:31:25
3775,,河北省邯郸市馆陶县,Z08685,,,0,,,2025-02-06 15:33:51
3776,,四川省甘孜藏族自治州雅江县,Z07625,,,0,,,2025-02-06 16:56:18
3777,淮安,,Z06343,,,0,,,2025-02-06 17:17:52
3778,南宁,广西壮族自治区百色市,Z08074,,,0,,,2025-02-06 17:17:53
3779,,黑龙江省哈尔滨市,Z04526,,,0,,,2025-02-06 17:37:30
3781,衡阳,湖南省衡阳市耒阳市,Z10480,,,0,,,2025-02-07 11:11:19
3782,,安徽省合肥市包河区,Z09849,,,0,,,2025-02-07 15:44:59
3783,,山西省晋中市太谷区,Z03973,,,0,,,2025-02-07 15:45:13
3784,南昌,,Z09266,,,0,,,2025-02-07 17:32:00
3785,,山西省临汾市蒲县,Z03985,,,0,,,2025-02-08 10:59:47
3786,,山西省临汾市隰县,Z03987,,,0,,,2025-02-08 10:59:47
3787,柳州,广西壮族自治区南宁市兴宁区,Z09636,,,0,,,2025-02-08 18:19:17
3788,南宁,广西壮族自治区南宁市兴宁区,Z08082,,,0,,,2025-02-08 18:20:58
3789,,四川省凉山彝族自治州宁南县,Z07728,,,0,,,2025-02-10 13:34:00
3790,东莞,广东省东莞市东莞市,Z08047,,,0,,,2025-02-10 15:05:05
3791,武汉,北京市北京市朝阳区,000001,,,0,,,2025-02-10 17:33:51
3792,,内蒙古自治区锡林郭勒盟正蓝旗,Z04862,,,0,,,2025-02-11 11:10:33
3793,荆州,湖北省荆州市监利市,Z07513,,,0,,,2025-02-11 15:34:03
3794,杭州,浙江省宁波市镇海区,Z09085,,,0,,,2025-02-11 17:40:15
3800,淮安,,Z06335,,,0,,,2025-02-13 16:49:47
3801,,黑龙江省伊春市伊美区,Z04566,,,0,,,2025-02-13 17:48:34
3802,,辽宁省本溪市,Z10112,,,0,,,2025-02-13 17:59:48
3803,,,Z10164,,,0,,,2025-02-13 18:01:49
3804,,四川省阿坝藏族羌族自治州若尔盖县,Z10167,,,0,,,2025-02-14 15:45:56
3805,柳州,广西壮族自治区贺州市富川瑶族自治县,Z10399,,,0,,,2025-02-14 17:18:41
3806,杭州,浙江省绍兴市柯桥区,Z09078,,,0,,,2025-02-14 17:19:02
3808,,黑龙江省鹤岗市东山区,Z04566,,,0,,,2025-02-17 16:30:54
3809,,贵州省黔南布依族苗族自治州平塘县,Z06750,,,0,,,2025-02-17 17:31:59
3810,,贵州省黔东南苗族侗族自治州黎平县,Z07202,,,0,,,2025-02-17 17:33:18
3811,,山东省济南市历城区,Z09400,,,0,,,2025-02-17 17:33:30
3812,,辽宁省沈阳市于洪区,Z04463,,,0,,,2025-02-17 17:58:04
3813,海口,海南省三亚市海棠区,Z10068,,,0,,,2025-02-17 18:00:07
3814,广州,广东省清远市连山壮族瑶族自治县,Z07970,,,0,,,2025-02-17 18:00:29
3815,淮安,,Z06350,,,0,,,2025-02-18 11:04:49
3816,,四川省甘孜藏族自治州康定市,Z07617,,,0,,,2025-02-18 11:14:22
3817,,四川省广安市广安区,Z09874,,,0,,,2025-02-18 13:45:23
3818,南京,江苏省常州市武进区,Z06607,,,0,,,2025-02-18 14:05:57
3819,,青海省玉树藏族自治州杂多县,Z05781,,,0,,,2025-02-18 17:33:40
3820,福州,福建省泉州市南安市,Z06178,,,0,,,2025-02-18 17:34:35
3821,,云南省大理白族自治州宾川县,Z07130,,,0,,,2025-02-19 15:58:18
3822,,河北省沧州市吴桥县,Z08722,,,0,,,2025-02-19 16:44:36
3824,广州,,Z09318,,,0,,,2025-02-20 17:18:30
3825,南昌,江西省南昌市新建区,Z09749,,,0,,,2025-02-20 17:19:46
3826,,河北省沧州市沧县,Z08753,,,0,,,2025-02-20 17:41:10
3827,泉州,福建省泉州市洛江区,Z09006,,,0,,,2025-02-21 14:45:42
3828,,山东省烟台市福山区,Z09456,,,0,,,2025-02-21 16:30:23
3829,,陕西省延安市延长县,Z05619,,,0,,,2025-02-21 16:51:01
3830,赣州,江西省赣州市大余县,Z08927,,,0,,,2025-02-21 17:17:33
3831,广州,广东省韶关市,Z09330,,,0,,,2025-02-21 17:51:09
3832,广州,广东省清远市佛冈县,Z07969,,,0,,,2025-02-21 17:51:15
3833,,山东省临沂市兰山区,Z09407,,,0,,,2025-02-24 11:27:01
3834,,云南省大理白族自治州巍山彝族回族自治县,Z07132,,,0,,,2025-02-24 15:38:00
3836,南宁,广西壮族自治区南宁市武鸣区,Z09616,,,0,,,2025-02-24 17:45:39
3837,,山东省淄博市高青县,Z05907,,,0,,,2025-02-24 18:10:59
3839,泉州,福建省福州市台江区,Z09032,,,0,,,2025-02-25 11:26:54
3840,,陕西省西安市高陵区,Z10090,,,0,,,2025-02-25 16:52:13
3841,,河南省洛阳市老城区,Z04938,,,0,,,2025-02-25 17:43:45
3842,,,Z09921,,,0,,,2025-02-25 17:46:04
3844,,黑龙江省哈尔滨市双城区,Z09673,,,0,,,2025-02-26 17:17:29
3845,,四川省甘孜藏族自治州色达县,Z07621,,,0,,,2025-02-26 17:18:18
3849,淮安,江苏省泰州市泰兴市,Z06321,,,0,,,2025-02-26 17:39:52
3850,杭州,浙江省杭州市钱塘区,Z09091,,,0,,,2025-02-26 17:41:50
3851,武汉,湖北省武汉市东西湖区,Z07265,,,0,,,2025-02-28 10:05:43
3853,,西藏自治区昌都市,Z07708,,,0,,,2025-03-03 11:01:01
3854,,山东省烟台市栖霞市,Z05930,,,0,,,2025-03-03 14:45:55
3855,,贵州省六盘水市水城区,Z06860,,,0,,,2025-03-03 15:57:50
3856,,,Z08901,,,0,,,2025-03-03 15:59:37
3857,赣州,江西省吉安市井冈山市,Z08920,,,0,,,2025-03-03 16:00:45
3858,,黑龙江省绥化市青冈县,Z09673,,,0,,,2025-03-03 16:54:53
3859,柳州,广西壮族自治区南宁市兴宁区,Z08272,,,0,,,2025-03-03 17:32:50
3860,福州,福建省莆田市仙游县,Z09253,,,0,,,2025-03-03 17:39:24
3862,武汉,,Z09894,,,0,,,2025-03-04 10:33:13
3863,汕头,广东省梅州市,Z06397,,,0,,,2025-03-04 15:18:22
3865,泉州,福建省漳州市东山县,Z06262,,,0,,,2025-03-04 17:47:41
3866,武汉,湖北省黄石市下陆区,Z10176,,,0,,,2025-03-05 14:58:34
3867,,山东省临沂市兰山区,Z05824,,,0,,,2025-03-05 15:50:44
3868,,河北省沧州市,Z08711,,,0,,,2025-03-05 17:24:22
3869,长沙,湖南省岳阳市湘阴县,Z07373,,,0,,,2025-03-06 13:27:59
3870,,,Z05927,,,0,,,2025-03-06 17:32:00
3871,南宁,广西壮族自治区南宁市武鸣区,Z09375,,,0,,,2025-03-06 18:49:25
3872,,新疆维吾尔自治区克孜勒苏柯尔克孜自治州阿合奇县,Z05765,,,0,,,2025-03-07 15:54:36
3873,,四川省绵阳市北川羌族自治县,Z07739,,,0,,,2025-03-07 16:12:35
3874,,,Z05912,,,0,,,2025-03-07 17:53:00
3875,,河南省洛阳市汝阳县,Z04938,,,0,,,2025-03-10 17:52:22
3876,,河北省衡水市武邑县,Z08705,,,0,,,2025-03-10 17:54:15
3877,柳州,广西壮族自治区河池市金城江区,Z10308,,,0,,,2025-03-10 17:54:58
3878,,,Z05914,,,0,,,2025-03-11 09:51:55
3882,,河南省濮阳市清丰县,Z05019,,,0,,,2025-03-11 18:01:54
3883,,,Z10306,,,0,,,2025-03-12 13:51:51
3884,,,Z05915,,,0,,,2025-03-12 13:52:33
3885,,,Z09449,,,0,,,2025-03-12 15:06:11
3886,,,Z08840,,,0,,,2025-03-12 17:05:18
3888,,,Z05943,,,0,,,2025-03-13 10:35:15
3889,,新疆维吾尔自治区阿克苏地区温宿县,Z05756,,,0,,,2025-03-13 13:16:45
3890,,,Z05920,,,0,,,2025-03-13 14:37:46
3891,,,Z09453,,,0,,,2025-03-13 14:38:08
3892,,安徽省蚌埠市蚌山区,Z10478,,,0,,,2025-03-13 16:21:43
3893,南昌,北京市北京市朝阳区,000001,,,0,,,2025-03-13 17:04:18
3894,,山东省淄博市张店区,Z05845,,,0,,,2025-03-13 17:24:45
3895,,云南省昆明市盘龙区,Z10185,,,0,,,2025-03-13 17:35:50
3896,,贵州省黔南布依族苗族自治州平塘县,Z06820,,,0,,,2025-03-13 17:36:46
3897,,山东省枣庄市,Z09411,,,0,,,2025-03-14 10:52:27
3898,,,Z05944,,,0,,,2025-03-14 11:02:51
3899,武汉,,000001,,,0,,,2025-03-14 13:15:20
3900,泉州,福建省泉州市鲤城区,Z09069,,,0,,,2025-03-14 13:15:43
3901,淮安,江苏省泰州市姜堰区,Z10498,,,0,,,2025-03-14 16:25:01
3902,,山西省大同市浑源县,Z03955,,,0,,,2025-03-14 16:35:32
3903,泉州,福建省厦门市翔安区,Z08976,,,0,,,2025-03-14 17:30:52
3904,,山西省晋中市左权县,Z03975,,,0,,,2025-03-17 13:46:19
3905,,,Z05942,,,0,,,2025-03-17 15:13:56
3907,,,Z05805,,,0,,,2025-03-17 16:44:34
3908,武汉,湖北省武汉市,Z09896,,,0,,,2025-03-17 17:42:22
3909,福州,福建省福州市平潭县,Z06129,,,0,,,2025-03-17 17:43:52
3910,广州,广东省清远市阳山县,Z07969,,,0,,,2025-03-17 18:31:38
3911,邵阳,,Z07412,,,0,,,2025-03-18 11:14:46
3912,福州,福建省福州市福清市,Z06124,,,0,,,2025-03-18 11:35:09
3913,,新疆维吾尔自治区和田地区,Z08603,,,0,,,2025-03-18 15:53:14
3914,,黑龙江省牡丹江市东宁市,Z04626,,,0,,,2025-03-18 15:53:20
3915,,陕西省汉中市南郑区,Z10093,,,0,,,2025-03-18 18:27:03
3916,柳州,广西壮族自治区河池市天峨县,Z09643,,,0,,,2025-03-18 18:27:20
3917,,山东省济南市天桥区,Z09399,,,0,,,2025-03-19 14:26:07
3918,淮安,江苏省盐城市射阳县,Z06335,,,0,,,2025-03-19 15:03:50
3920,武汉,湖北省仙桃市仙桃市,Z10499,,,0,,,2025-03-19 15:31:18
3921,三水基地,深圳,ZZ0184,1,汽运,0,1,,2025-04-23 10:19:41
3928,,陕西省西安市雁塔区,Z10086,,,0,,,2025-08-08 16:53:41
3929,昆明,云南省昭通市彝良县,Z07127,,,0,,,2025-08-08 16:53:42
3930,昆明,云南省红河哈尼族彝族自治州石屏县,Z07070,,,0,,,2025-08-08 16:53:48
3931,昆明,云南省文山壮族苗族自治州西畴县,Z07146,,,0,,,2025-08-08 16:53:51
3932,贵阳,贵州省贵阳市开阳县,Z06756,,,0,,,2025-08-08 16:53:58
3933,贵阳,贵州省贵阳市开阳县,Z06754,,,0,,,2025-08-08 16:53:58
3934,贵阳,贵州省黔东南苗族侗族自治州凯里市,Z09350,,,0,,,2025-08-08 16:54:20
3935,昆明,云南省红河哈尼族彝族自治州元阳县,Z07071,,,0,,,2025-08-08 16:54:24
3936,大理,云南省临沧市双江拉祜族佤族布朗族傣族自治县,Z07022,,,0,,,2025-08-08 16:54:34
3937,大理,云南省临沧市永德县,Z06996,,,0,,,2025-08-08 16:54:35
3938,遵义,贵州省遵义市习水县,Z06921,,,0,,,2025-08-08 16:54:41
3939,贵阳,贵州省黔南布依族苗族自治州罗甸县,Z06748,,,0,,,2025-08-08 16:54:43
3940,,陕西省西安市雁塔区,Z05633,,,0,,,2025-08-08 16:54:50
3941,喀什,新疆维吾尔自治区喀什地区巴楚县,Z05702,,,0,,,2025-08-08 16:55:05
3942,贵阳,贵州省贵阳市花溪区,Z06755,,,0,,,2025-08-08 16:55:07
3943,遵义,贵州省遵义市赤水市,Z06922,,,0,,,2025-08-08 16:55:08
3944,贵阳,贵州省安顺市西秀区,Z10316,,,0,,,2025-08-08 16:55:09
3945,贵阳,贵州省黔东南苗族侗族自治州凯里市,Z06765,,,0,,,2025-08-08 16:55:11
3946,贵阳,贵州省黔南布依族苗族自治州都匀市,Z06751,,,0,,,2025-08-08 16:55:13
3947,,陕西省西安市雁塔区,Z05667,,,0,,,2025-08-08 16:56:13
3948,深圳,广东省深圳市福田区,Z07965,,,0,,,2025-08-08 16:57:07
3949,,黑龙江省牡丹江市,Z04546,,,0,,,2025-08-08 16:57:08
3950,,黑龙江省鹤岗市东山区,Z09690,,,0,,,2025-08-08 16:57:10
3951,,河北省廊坊市,Z04362,,,0,,,2025-08-08 16:58:36
3952,泉州,福建省泉州市鲤城区,Z08896,,,0,,,2025-08-08 16:59:37
3953,南昌,河南省郑州市金水区,Z09748,,,0,,,2025-08-08 17:01:26
3954,,河南省商丘市睢阳区,Z10017,,,0,,,2025-08-08 17:01:36
3955,,河南省安阳市殷都区,Z10508,,,0,,,2025-08-08 17:01:45
3956,柳州,广西壮族自治区柳州市鱼峰区,Z10510,,,0,,,2025-08-08 17:02:14
3957,,安徽省合肥市包河区,Z06562,,,0,,,2025-08-08 17:02:33
3958,,辽宁省铁岭市银州区,Z10137,,,0,,,2025-08-08 17:03:08
3960,,新疆维吾尔自治区乌鲁木齐市新市区,Z09958,,,0,,,2025-08-08 17:03:19
3961,喀什,新疆维吾尔自治区喀什地区莎车县,Z05705,,,0,,,2025-08-08 17:03:45
3962,和田,新疆维吾尔自治区和田地区洛浦县,Z08605,,,0,,,2025-08-08 17:04:40
3963,,黑龙江省大庆市,Z09696,,,0,,,2025-08-08 17:05:20
3964,重庆,重庆市重庆市璧山区,Z06888,,,0,,,2025-08-08 17:05:48
3965,重庆,重庆市重庆市沙坪坝区,Z09921,,,0,,,2025-08-08 17:05:50
3966,重庆,重庆市重庆市万州区,Z06911,,,0,,,2025-08-08 17:05:54
3967,重庆,重庆市重庆市巴南区,Z09920,,,0,,,2025-08-08 17:05:59
3968,重庆,重庆市重庆市江北区,Z09914,,,0,,,2025-08-08 17:06:01
3969,昆明,云南省昆明市西山区,Z10187,,,0,,,2025-08-08 17:06:02
3970,重庆,重庆市重庆市大足区,Z06891,,,0,,,2025-08-08 17:06:06
3971,昆明,云南省昆明市官渡区,Z10185,,,0,,,2025-08-08 17:06:10
3972,大理,云南省怒江傈僳族自治州泸水市,Z07003,,,0,,,2025-08-08 17:06:11
3973,成都,四川省阿坝藏族羌族自治州若尔盖县,Z07572,,,0,,,2025-08-08 17:09:35
3974,成都,四川省甘孜藏族自治州石渠县,Z07622,,,0,,,2025-08-08 17:09:36
3975,重庆,重庆市重庆市渝北区,Z09915,,,0,,,2025-08-08 17:09:36
3976,成都,四川省自贡市富顺县,Z07743,,,0,,,2025-08-08 17:09:37
3977,,陕西省西安市灞桥区,Z05609,,,0,,,2025-08-08 17:09:41
3978,成都,,Z07590,,,0,,,2025-08-08 17:09:43
3979,南充,四川省达州市大竹县,Z07749,,,0,,,2025-08-08 17:09:54
3980,成都,四川省绵阳市涪城区,Z09757,,,0,,,2025-08-08 17:10:04
3981,成都,四川省乐山市市中区,Z09913,,,0,,,2025-08-08 17:10:08
3982,成都,四川省成都市温江区,Z07592,,,0,,,2025-08-08 17:10:10
3983,贵阳,贵州省贵阳市乌当区,Z06760,,,0,,,2025-08-08 17:10:14
3984,大理,云南省怒江傈僳族自治州贡山独龙族怒族自治县,Z08618,,,0,,,2025-08-08 17:10:16
3985,昆明,云南省普洱市江城哈尼族彝族自治县,Z07168,,,0,,,2025-08-08 17:10:24
3986,,山东省日照市莒县,Z10287,,,0,,,2025-08-08 17:10:29
3987,赣州,江西省南昌市青云谱区,Z09924,,,0,,,2025-08-08 17:10:32
3988,成都,四川省内江市威远县,Z07670,,,0,,,2025-08-08 17:10:37
3989,南充,四川省南充市仪陇县,Z07765,,,0,,,2025-08-08 17:10:48
3990,成都,四川省泸州市古蔺县,Z08858,,,0,,,2025-08-08 17:10:52
3991,成都,四川省攀枝花市米易县,Z07719,,,0,,,2025-08-08 17:10:53
3992,成都,四川省成都市双流区,Z07590,,,0,,,2025-08-08 17:10:58
3993,大理,云南省德宏傣族景颇族自治州瑞丽市,Z06999,,,0,,,2025-08-08 17:11:11
3994,昆明,云南省昆明市宜良县,Z07081,,,0,,,2025-08-08 17:11:12
3995,昆明,云南省昭通市鲁甸县,Z07145,,,0,,,2025-08-08 17:11:14
3996,昆明,云南省文山壮族苗族自治州文山市,Z07113,,,0,,,2025-08-08 17:11:18
3997,重庆,重庆市重庆市彭水苗族土家族自治县,Z06902,,,0,,,2025-08-08 17:13:23
3998,重庆,重庆市重庆市江津区,Z06897,,,0,,,2025-08-08 17:13:25
3999,重庆,重庆市重庆市荣昌区,Z06905,,,0,,,2025-08-08 17:14:24
4000,遵义,贵州省遵义市凤冈县,Z06928,,,0,,,2025-08-08 17:15:33
4001,遵义,贵州省铜仁市印江土家族苗族自治县,Z06947,,,0,,,2025-08-08 17:15:34
4002,贵阳,贵州省贵阳市南明区,Z09344,,,0,,,2025-08-08 17:15:36
4003,长沙,湖南省长沙市长沙县,Z07290,,,0,,,2025-08-08 17:15:39
4004,遵义,贵州省毕节市金沙县,Z06949,,,0,,,2025-08-08 17:15:39
4005,昆明,云南省昆明市禄劝彝族苗族自治县,Z07079,,,0,,,2025-08-08 17:15:43
4006,贵阳,贵州省毕节市赫章县,Z06733,,,0,,,2025-08-08 17:15:47
4007,贵阳,贵州省黔东南苗族侗族自治州镇远县,Z06779,,,0,,,2025-08-08 17:15:47
4008,昆明,云南省红河哈尼族彝族自治州蒙自市,Z07067,,,0,,,2025-08-08 17:16:06
4009,大理,云南省大理白族自治州漾濞彝族自治县,Z07023,,,0,,,2025-08-08 17:16:12
4010,三水基地,广东省佛山市顺德区,Z02208,,,0,,,2025-08-08 17:16:18
4011,昆明,云南省曲靖市麒麟区,Z10189,,,0,,,2025-08-08 17:18:18
4012,喀什,新疆维吾尔自治区喀什地区疏附县,Z10110,,,0,,,2025-08-08 17:18:35
4013,和田,新疆维吾尔自治区和田地区于田县,Z08609,,,0,,,2025-08-08 17:18:39
4014,和田,新疆维吾尔自治区和田地区策勒县,Z08604,,,0,,,2025-08-08 17:18:40
4015,喀什,新疆维吾尔自治区喀什地区叶城县,Z05710,,,0,,,2025-08-08 17:18:52
4016,喀什,新疆维吾尔自治区喀什地区英吉沙县,Z05711,,,0,,,2025-08-08 17:18:53
4017,喀什,新疆维吾尔自治区喀什地区喀什市,Z05704,,,0,,,2025-08-08 17:18:55
4018,淮安,江苏省盐城市,Z06333,,,0,,,2025-08-08 17:18:56
4019,喀什,新疆维吾尔自治区喀什地区泽普县,Z05713,,,0,,,2025-08-08 17:19:02
4020,喀什,新疆维吾尔自治区喀什地区伽师县,Z05728,,,0,,,2025-08-08 17:19:04
4021,和田,新疆维吾尔自治区和田地区皮山县,Z08608,,,0,,,2025-08-08 17:19:06
4022,贵阳,贵州省黔南布依族苗族自治州龙里县,Z06747,,,0,,,2025-08-08 17:20:00
4023,贵阳,贵州省贵阳市清镇市,Z06759,,,0,,,2025-08-08 17:20:10
4024,昆明,云南省西双版纳傣族自治州勐海县,Z07183,,,0,,,2025-08-08 17:20:11
4025,成都,四川省攀枝花市东区,Z09951,,,0,,,2025-08-08 17:20:47
4026,成都,四川省成都市邛崃市,Z07589,,,0,,,2025-08-08 17:20:52
4027,成都,四川省成都市武侯区,Z09911,,,0,,,2025-08-08 17:20:54
4028,重庆,重庆市重庆市铜梁区,Z06908,,,0,,,2025-08-08 17:59:44
4029,重庆,重庆市重庆市南岸区,Z09919,,,0,,,2025-08-08 17:59:51
4030,汕头,广东省汕头市,Z06382,,,0,,,2025-08-08 18:01:26
4031,东莞,广东省东莞市,Z08018,,,0,,,2025-08-08 18:01:50
4032,贵阳,贵州省毕节市七星关区,Z09334,,,0,,,2025-08-08 18:02:13
4033,广州,广东省中山市,Z09328,,,0,,,2025-08-08 18:02:30
4034,重庆,重庆市重庆市南川区,Z06901,,,0,,,2025-08-08 18:02:40
4035,昆明,云南省昆明市呈贡区,Z07075,,,0,,,2025-08-08 18:02:47
4036,贵港,广西壮族自治区玉林市北流市,Z08386,,,0,,,2025-08-08 18:20:22
4037,柳州,广西壮族自治区桂林市全州县,Z09635,,,0,,,2025-08-08 18:20:50
4039,成都,四川省自贡市沿滩区,Z09758,,,0,,,2025-08-11 10:09:14
4040,成都,四川省成都市武侯区,Z07591,,,0,,,2025-08-11 10:11:08
4041,,,Z10219,,,0,,,2025-08-11 10:30:24
4042,成都,四川省成都市蒲江县,Z07587,,,0,,,2025-08-11 10:30:33
4043,成都,四川省成都市青白江区,Z07588,,,0,,,2025-08-11 10:30:34
4044,南充,四川省遂宁市射洪市,Z07769,,,0,,,2025-08-11 10:30:37
4045,东莞,广东省东莞市,Z07951,,,0,,,2025-08-11 13:20:34
4046,和田,新疆维吾尔自治区和田地区和田市,Z08603,,,0,,,2025-08-11 14:15:51
4047,,北京市北京市朝阳区,Z03690,,,0,,,2025-08-11 14:34:30
4048,,北京市北京市朝阳区,Z05863,,,0,,,2025-08-11 15:39:21
4049,东莞,广东省东莞市,Z08054,,,0,,,2025-08-11 15:57:18
4050,,黑龙江省佳木斯市同江市,Z04553,,,0,,,2025-08-11 16:05:29
4051,赣州,江西省吉安市吉州区,Z09923,,,0,,,2025-08-11 16:06:42
4052,,辽宁省阜新市细河区,Z04457,,,0,,,2025-08-11 16:08:01
4053,成都,四川省成都市金牛区,Z07718,,,0,,,2025-08-11 16:09:31
4054,南充,四川省南充市蓬安县,Z07763,,,0,,,2025-08-11 16:09:54
4055,成都,四川省乐山市沐川县,Z07646,,,0,,,2025-08-11 16:10:30
4056,成都,四川省阿坝藏族羌族自治州茂县,Z07570,,,0,,,2025-08-11 16:10:31
4057,成都,四川省成都市郫都区,Z07586,,,0,,,2025-08-11 16:10:31
4058,成都,四川省雅安市雨城区,Z09778,,,0,,,2025-08-11 16:10:32
4059,成都,四川省甘孜藏族自治州白玉县,Z07608,,,0,,,2025-08-11 16:10:45
4060,成都,四川省乐山市马边彝族自治县,Z07645,,,0,,,2025-08-11 16:10:48
4061,成都,四川省雅安市汉源县,Z07686,,,0,,,2025-08-11 16:11:06
4062,成都,四川省雅安市荥经县,Z07691,,,0,,,2025-08-11 16:11:07
4064,福州,福建省福州市罗源县,Z06126,,,0,,,2025-08-11 16:20:26
4065,南充,四川省南充市营山县,Z07766,,,0,,,2025-08-11 16:21:44
4066,和田,新疆维吾尔自治区和田地区墨玉县,Z08607,,,0,,,2025-08-11 16:23:20
4067,重庆,重庆市重庆市巫溪县,Z09732,,,0,,,2025-08-11 17:14:26
4068,重庆,重庆市重庆市秀山土家族苗族自治县,Z06915,,,0,,,2025-08-11 17:14:29
4069,重庆,重庆市重庆市北碚区,Z09922,,,0,,,2025-08-11 17:14:36
4070,昆明,云南省红河哈尼族彝族自治州弥勒市,Z07069,,,0,,,2025-08-11 17:14:38
4071,大理,云南省大理白族自治州大理市,Z07001,,,0,,,2025-08-11 17:14:38
4072,大理,云南省大理白族自治州祥云县,Z06983,,,0,,,2025-08-11 17:14:39
4073,重庆,重庆市重庆市大渡口区,Z09918,,,0,,,2025-08-11 17:14:41
4074,昆明,云南省昆明市官渡区,Z10202,,,0,,,2025-08-11 17:14:48
4075,昆明,云南省昆明市盘龙区,Z10185,,,0,,,2025-08-11 17:14:52
4076,昆明,云南省玉溪市易门县,Z07120,,,0,,,2025-08-11 17:14:57
4077,昆明,云南省文山壮族苗族自治州广南县,Z07111,,,0,,,2025-08-11 17:14:57
4078,昆明,云南省昭通市巧家县,Z07123,,,0,,,2025-08-11 17:14:58
4079,昆明,,Z07072,,,0,,,2025-08-11 17:14:58
4080,南充,四川省达州市通川区,Z09873,,,0,,,2025-08-11 17:14:59
4081,南充,四川省遂宁市蓬溪县,Z07770,,,0,,,2025-08-11 17:15:08
4082,南充,四川省遂宁市大英县,Z07768,,,0,,,2025-08-11 17:15:09
4083,成都,四川省内江市东兴区,Z10046,,,0,,,2025-08-11 17:15:10
4084,成都,四川省泸州市合江县,Z07651,,,0,,,2025-08-11 17:15:11
4085,成都,四川省成都市新都区,Z07593,,,0,,,2025-08-11 17:15:18
4086,成都,西藏自治区昌都市丁青县,Z07712,,,0,,,2025-08-11 17:15:20
4087,成都,西藏自治区昌都市察雅县,Z07716,,,0,,,2025-08-11 17:15:20
4088,成都,西藏自治区昌都市左贡县,Z07714,,,0,,,2025-08-11 17:15:21
4089,成都,西藏自治区昌都市边坝县,Z07710,,,0,,,2025-08-11 17:15:21
4090,成都,西藏自治区昌都市洛隆县,Z07713,,,0,,,2025-08-11 17:15:21
4091,成都,四川省甘孜藏族自治州色达县,Z07621,,,0,,,2025-08-11 17:15:26
4092,成都,四川省甘孜藏族自治州理塘县,Z07618,,,0,,,2025-08-11 17:15:27
4093,成都,四川省成都市都江堰市,Z07582,,,0,,,2025-08-11 17:15:29
4094,成都,四川省成都市简阳市,Z07703,,,0,,,2025-08-11 17:15:31
4095,南充,四川省遂宁市船山区,Z09870,,,0,,,2025-08-11 17:15:34
4097,贵阳,贵州省黔西南布依族苗族自治州册亨县,Z06797,,,0,,,2025-08-11 17:29:49
4098,贵阳,贵州省六盘水市水城区,Z06827,,,0,,,2025-08-11 17:36:35
4099,贵阳,贵州省六盘水市水城区,Z08443,,,0,,,2025-08-11 17:36:35
4100,遵义,贵州省铜仁市德江县,Z06946,,,0,,,2025-08-11 17:36:37
4101,遵义,贵州省遵义市播州区,Z06936,,,0,,,2025-08-11 17:36:46
4102,贵阳,贵州省黔南布依族苗族自治州福泉市,Z06742,,,0,,,2025-08-11 17:36:47
4103,遵义,贵州省遵义市务川仡佬族苗族自治县,Z06926,,,0,,,2025-08-11 17:37:00
4104,贵阳,贵州省贵阳市,Z06755,,,0,,,2025-08-11 17:37:01
4105,贵阳,贵州省黔东南苗族侗族自治州三穗县,Z06775,,,0,,,2025-08-11 17:37:02
4106,贵阳,贵州省黔南布依族苗族自治州平塘县,Z06749,,,0,,,2025-08-11 17:37:06
4107,重庆,重庆市重庆市酉阳土家族苗族自治县,Z06917,,,0,,,2025-08-11 17:37:55
4108,贵阳,贵州省贵阳市观山湖区,Z09343,,,0,,,2025-08-11 17:38:02
4109,贵阳,贵州省贵阳市云岩区,Z09345,,,0,,,2025-08-11 17:38:05
4110,贵阳,贵州省六盘水市钟山区,Z09353,,,0,,,2025-08-11 17:38:06
4111,成都,,Z07593,,,0,,,2025-08-11 18:01:51
4112,贵阳,贵州省安顺市镇宁布依族苗族自治县,Z10317,,,0,,,2025-08-11 18:02:26
4113,南宁,,Z08338,,,0,,,2025-08-11 18:20:30
4114,南宁,,Z09591,,,0,,,2025-08-11 18:20:35
4115,贵港,,Z09672,,,0,,,2025-08-11 18:21:01
4116,南宁,,Z08150,,,0,,,2025-08-11 18:21:24
4117,柳州,,Z00542,,,0,,,2025-08-11 18:21:30
4118,,陕西省延安市黄龙县,Z08887,,,0,,,2025-08-12 11:04:08
4119,喀什,新疆维吾尔自治区喀什地区喀什市,Z05708,,,0,,,2025-08-12 11:04:52
4120,大理,云南省临沧市临翔区,Z10182,,,0,,,2025-08-12 14:28:29
4121,昆明,云南省普洱市澜沧拉祜族自治县,Z07154,,,0,,,2025-08-12 14:28:32
4122,昆明,云南省曲靖市富源县,Z07176,,,0,,,2025-08-12 14:28:39
4123,南充,四川省南充市西充县,Z07764,,,0,,,2025-08-12 14:28:47
4124,,陕西省西安市雁塔区,Z05641,,,0,,,2025-08-12 14:59:30
4125,南京,江苏省南京市浦口区,,,,0,,,2025-08-12 15:28:46
4126,南京,江苏省无锡市滨湖区,Z10227,,,0,,,2025-08-12 15:31:37
4127,重庆,重庆市重庆市綦江区,Z06903,,,0,,,2025-08-12 16:04:13
4128,武汉,湖北省恩施土家族苗族自治州利川市,Z07234,,,0,,,2025-08-12 16:04:35
4129,,黑龙江省齐齐哈尔市讷河市,Z04628,,,0,,,2025-08-12 16:12:19
4130,成都,四川省成都市龙泉驿区,Z07584,,,0,,,2025-08-12 16:12:42
4131,成都,四川省阿坝藏族羌族自治州阿坝县,Z07564,,,0,,,2025-08-12 16:12:43
4132,贵阳,贵州省黔南布依族苗族自治州长顺县,Z06740,,,0,,,2025-08-12 16:12:54
4133,贵阳,贵州省铜仁市江口县,Z06787,,,0,,,2025-08-12 16:12:55
4134,贵阳,贵州省毕节市纳雍县,Z06735,,,0,,,2025-08-12 16:13:07
4135,贵阳,贵州省黔南布依族苗族自治州都匀市,Z06739,,,0,,,2025-08-12 16:13:13
4136,贵阳,贵州省铜仁市松桃苗族自治县,Z06790,,,0,,,2025-08-12 16:13:14
4137,遵义,贵州省遵义市余庆县,Z09361,,,0,,,2025-08-12 16:13:14
4138,遵义,贵州省铜仁市思南县,Z06943,,,0,,,2025-08-12 16:13:19
4139,贵阳,贵州省黔东南苗族侗族自治州锦屏县,Z06770,,,0,,,2025-08-12 16:13:20
3057,邵阳,湖南省邵阳市隆回县,Z09525,,,0,,,2024-10-08 16:57:12
3059,,山东省枣庄市薛城区,Z06716,,,0,,,2024-10-08 17:22:42
3060,,山东省临沂市罗庄区,Z09407,,,0,,,2024-10-08 17:22:45
3061,,山东省菏泽市巨野县,Z06040,,,0,,,2024-10-08 17:22:48
3062,,山东省德州市临邑县,Z06038,,,0,,,2024-10-08 17:22:51
3063,,山东省德州市庆云县,Z05852,,,0,,,2024-10-08 17:22:51
3064,,山东省济宁市曲阜市,Z05886,,,0,,,2024-10-08 17:22:56
3065,,河北省衡水市景县,Z08653,,,0,,,2024-10-08 17:23:45
3066,,河北省石家庄市元氏县,Z08656,,,0,,,2024-10-08 17:23:45
3067,,山西省运城市万荣县,Z04041,,,0,,,2024-10-08 17:24:04
3068,,山西省晋城市陵川县,Z03965,,,0,,,2024-10-08 17:24:04
3069,,山西省长治市黎城县,Z04049,,,0,,,2024-10-08 17:24:06
3070,,山西省阳泉市城区,Z09568,,,0,,,2024-10-08 17:24:15
3071,杭州,浙江省杭州市滨江区,Z09729,,,0,,,2024-10-08 17:24:26
3072,杭州,浙江省湖州市安吉县,Z06417,,,0,,,2024-10-08 17:24:34
3073,,云南省昆明市官渡区,Z07075,,,0,,,2024-10-08 17:52:36
3074,,甘肃省酒泉市玉门市,Z05560,,,0,,,2024-10-08 17:53:21
3075,,辽宁省阜新市彰武县,Z04494,,,0,,,2024-10-08 17:53:29
3076,,内蒙古自治区通辽市开鲁县,Z04518,,,0,,,2024-10-08 17:53:32
3077,,,Z08835,,,0,,,2024-10-08 17:53:33
3078,,辽宁省本溪市本溪满族自治县,Z08838,,,0,,,2024-10-08 17:53:37
3079,,辽宁省朝阳市北票市,Z04486,,,0,,,2024-10-08 17:53:45
3080,,,Z05795,,,0,,,2024-10-09 10:14:46
3081,,陕西省渭南市澄城县,Z05603,,,0,,,2024-10-09 10:14:58
3082,,陕西省宝鸡市陇县,Z05640,,,0,,,2024-10-09 10:14:59
3083,邵阳,湖南省怀化市会同县,Z07435,,,0,,,2024-10-09 10:25:54
3084,,山东省日照市东港区,Z05932,,,0,,,2024-10-09 10:25:59
3085,,山东省潍坊市临朐县,Z05948,,,0,,,2024-10-09 10:26:18
3086,邵阳,湖南省怀化市辰溪县,Z07439,,,0,,,2024-10-09 10:26:19
3087,长沙,湖南省岳阳市汨罗市,Z07371,,,0,,,2024-10-09 10:59:07
3088,,河南省周口市淮阳区,Z04882,,,0,,,2024-10-09 11:09:09
3089,,河南省洛阳市洛宁县,Z04993,,,0,,,2024-10-09 11:09:40
3090,,陕西省安康市汉阴县,Z05591,,,0,,,2024-10-09 13:32:59
3091,,陕西省榆林市神木市,Z05675,,,0,,,2024-10-09 13:33:01
3092,,黑龙江省牡丹江市穆棱市,Z04547,,,0,,,2024-10-09 14:36:49
3093,湛江,广东省江门市新会区,Z06377,,,0,,,2024-10-09 15:08:21
3094,海口,海南省万宁市万宁市,Z08004,,,0,,,2024-10-09 15:18:49
3095,,陕西省汉中市洋县,Z05655,,,0,,,2024-10-09 15:19:10
3096,,,Z05802,,,0,,,2024-10-09 15:19:19
3097,,四川省甘孜藏族自治州理塘县,Z07618,,,0,,,2024-10-09 15:19:26
3098,,,Z05794,,,0,,,2024-10-09 15:19:30
3099,,甘肃省张掖市山丹县,Z05467,,,0,,,2024-10-09 15:19:40
3100,,,Z06098,,,0,,,2024-10-09 15:19:56
3101,,河北省沧州市献县,Z08712,,,0,,,2024-10-09 16:26:31
3102,,河北省邯郸市广平县,Z08691,,,0,,,2024-10-09 16:26:33
3103,,河北省保定市定州市,Z08660,,,0,,,2024-10-09 16:26:34
3109,,甘肃省庆阳市华池县,Z05504,,,0,,,2024-10-09 16:48:54
3110,,辽宁省铁岭市昌图县,Z04520,,,0,,,2024-10-09 16:49:13
3111,,陕西省商洛市镇安县,Z05643,,,0,,,2024-10-09 16:49:57
3112,南昌,江西省上饶市余干县,Z07918,,,0,,,2024-10-09 16:50:05
3113,赣州,江西省赣州市全南县,Z08932,,,0,,,2024-10-09 16:50:10
3114,海口,海南省澄迈县澄迈县,Z07993,,,0,,,2024-10-09 17:13:53
3116,,宁夏回族自治区固原市彭阳县,Z05642,,,0,,,2024-10-09 17:40:13
3117,,,Z10166,,,0,,,2024-10-09 17:40:13
3118,,西藏自治区昌都市贡觉县,Z07711,,,0,,,2024-10-09 17:40:15
3119,,西藏自治区昌都市,Z10156,,,0,,,2024-10-09 17:40:15
3120,柳州,广西壮族自治区柳州市鱼峰区,Z08289,,,0,,,2024-10-09 18:07:31
3121,贵港,广西壮族自治区玉林市博白县,Z08390,,,0,,,2024-10-09 18:08:01
3122,贵港,广西壮族自治区玉林市博白县,Z08455,,,0,,,2024-10-09 18:08:01
3123,贵港,广西壮族自治区玉林市博白县,Z08392,,,0,,,2024-10-09 18:08:02
3124,贵港,广西壮族自治区玉林市容县,Z08404,,,0,,,2024-10-09 18:08:03
3125,,宁夏回族自治区银川市金凤区,Z10164,,,0,,,2024-10-09 18:08:16
3126,南宁,广西壮族自治区百色市西林县,Z09590,,,0,,,2024-10-09 18:08:28
3127,淮安,,Z06354,,,0,,,2024-10-10 09:46:15
3129,南昌,江西省抚州市崇仁县,Z09260,,,0,,,2024-10-10 13:19:20
3130,泉州,北京市北京市朝阳区,000001,,,0,,,2024-10-10 13:19:26
3131,,安徽省宣城市绩溪县,Z06571,,,0,,,2024-10-10 13:49:39
3132,,安徽省黄山市休宁县,Z06569,,,0,,,2024-10-10 13:49:43
3133,长沙,湖南省湘西土家族苗族自治州保靖县,Z07333,,,0,,,2024-10-10 15:12:51
3134,,河北省承德市双滦区,Z10220,,,0,,,2024-10-10 16:04:57
3135,赣州,江西省赣州市石城县,Z08912,,,0,,,2024-10-10 16:47:46
3136,,四川省成都市青羊区,Z09911,,,0,,,2024-10-10 17:09:37
3137,海口,海南省三亚市吉阳区,Z08002,,,0,,,2024-10-10 17:09:39
3138,,四川省攀枝花市西区,Z07679,,,0,,,2024-10-10 17:09:42
3139,,黑龙江省哈尔滨市木兰县,Z04611,,,0,,,2024-10-10 17:09:48
3140,,辽宁省沈阳市大东区,Z10130,,,0,,,2024-10-10 17:32:49
3141,,北京市北京市朝阳区,Z04367,,,0,,,2024-10-10 17:32:50
3142,贵港,广西壮族自治区玉林市博白县,Z09667,,,0,,,2024-10-10 17:44:01
3143,南宁,广西壮族自治区河池市大化瑶族自治县,Z08124,,,0,,,2024-10-10 17:44:15
3144,,浙江省衢州市开化县,Z06468,,,0,,,2024-10-10 17:55:24
3145,长沙,湖南省益阳市沅江市,Z07358,,,0,,,2024-10-11 10:07:02
3146,汕头,广东省潮州市潮安区,Z06384,,,0,,,2024-10-11 11:28:14
3147,福州,福建省福州市仓山区,Z06119,,,0,,,2024-10-11 13:29:54
3148,,黑龙江省齐齐哈尔市龙江县,Z04628,,,0,,,2024-10-11 13:50:14
3149,,四川省阿坝藏族羌族自治州茂县,Z07570,,,0,,,2024-10-11 14:52:30
3150,,河南省商丘市柘城县,Z05022,,,0,,,2024-10-11 15:35:08
3151,,贵州省黔东南苗族侗族自治州黎平县,Z07200,,,0,,,2024-10-11 16:06:15
3152,,贵州省黔东南苗族侗族自治州黎平县,Z09349,,,0,,,2024-10-11 16:06:15
3153,,贵州省黔东南苗族侗族自治州黎平县,Z07201,,,0,,,2024-10-11 16:06:15
3154,,吉林省松原市宁江区,Z04696,,,0,,,2024-10-11 16:06:21
3155,,四川省绵阳市梓潼县,Z07667,,,0,,,2024-10-11 16:06:22
3156,,陕西省汉中市镇巴县,Z05670,,,0,,,2024-10-11 16:16:33
3157,,宁夏回族自治区吴忠市盐池县,Z05586,,,0,,,2024-10-11 16:16:44
3158,,宁夏回族自治区吴忠市盐池县,Z05669,,,0,,,2024-10-11 16:16:48
3159,,陕西省西安市雁塔区,Z10091,,,0,,,2024-10-11 16:16:53
3161,海口,海南省临高县临高县,Z07999,,,0,,,2024-10-11 16:59:00
3162,,辽宁省抚顺市清原满族自治县,Z04475,,,0,,,2024-10-11 16:59:13
3163,,四川省泸州市古蔺县,Z10318,,,0,,,2024-10-11 17:10:21
3164,邵阳,湖南省永州市双牌县,Z07423,,,0,,,2024-10-11 17:32:57
3165,贵港,广西壮族自治区贵港市覃塘区,Z10330,,,0,,,2024-10-11 17:43:42
3166,,陕西省西安市阎良区,Z05677,,,0,,,2024-10-11 17:43:49
3168,,山西省临汾市洪洞县,Z03981,,,0,,,2024-10-12 10:22:02
3169,长沙,湖南省常德市汉寿县,Z07297,,,0,,,2024-10-12 10:22:02
3171,,新疆维吾尔自治区昌吉回族自治州玛纳斯县,Z05416,,,0,,,2024-10-12 14:06:22
3172,长沙,湖南省益阳市安化县,Z07355,,,0,,,2024-10-12 14:35:13
3174,,黑龙江省牡丹江市爱民区,Z04546,,,0,,,2024-10-12 15:04:15
3175,,河北省石家庄市无极县,Z08721,,,0,,,2024-10-12 15:04:24
3176,,山西省晋城市高平市,Z03963,,,0,,,2024-10-12 16:33:40
3177,,内蒙古自治区通辽市科尔沁区,Z10144,,,0,,,2024-10-12 17:04:56
3178,南宁,广西壮族自治区钦州市浦北县,Z09377,,,0,,,2024-10-12 17:38:20
3179,南宁,广西壮族自治区南宁市横州市,Z09373,,,0,,,2024-10-12 17:38:27
3180,南宁,广西壮族自治区南宁市武鸣区,Z08164,,,0,,,2024-10-12 17:38:39
3181,,山东省临沂市临沭县,Z05826,,,0,,,2024-10-12 17:38:41
3182,,河北省保定市竞秀区,Z08672,,,0,,,2024-10-12 18:13:41
3183,,四川省广元市青川县,Z07635,,,0,,,2024-10-12 18:13:49
3184,,云南省昆明市呈贡区,Z07079,,,0,,,2024-10-14 11:32:37
3185,,甘肃省临夏回族自治州积石山保安族东乡族撒拉族自治县,Z10044,,,0,,,2024-10-14 13:42:58
3186,,河北省邢台市临西县,Z08644,,,0,,,2024-10-14 14:16:32
3187,,,Z09847,,,0,,,2024-10-14 14:50:01
3188,,,Z09844,,,0,,,2024-10-14 14:50:05
3189,邵阳,湖南省娄底市新化县,Z09521,,,0,,,2024-10-14 14:50:10
3190,深圳,,000001,,,0,,,2024-10-14 16:37:32
3191,,辽宁省丹东市凤城市,Z04454,,,0,,,2024-10-14 16:37:39
3192,,青海省果洛藏族自治州玛沁县,Z05774,,,0,,,2024-10-14 17:15:56
3193,,,Z06449,,,0,,,2024-10-14 17:55:35
3194,,新疆维吾尔自治区昌吉回族自治州阜康市,Z05420,,,0,,,2024-10-14 17:56:28
3195,武汉,湖北省咸宁市嘉鱼县,Z07272,,,0,,,2024-10-14 17:56:40
3196,,安徽省芜湖市湾沚区,Z09741,,,0,,,2024-10-14 17:56:54
3197,,陕西省汉中市勉县,Z05578,,,0,,,2024-10-14 17:57:07
3198,,吉林省白山市长白朝鲜族自治县,Z04656,,,0,,,2024-10-14 17:57:08
3199,,陕西省汉中市略阳县,Z05572,,,0,,,2024-10-14 17:57:12
3200,,河北省石家庄市晋州市,Z08723,,,0,,,2024-10-14 17:57:48
3201,,,Z08631,,,0,,,2024-10-14 17:57:50
3202,,贵州省遵义市播州区,Z09357,,,0,,,2024-10-14 17:57:54
3203,,内蒙古自治区锡林郭勒盟多伦县,Z04858,,,0,,,2024-10-14 17:57:55
3204,,内蒙古自治区巴彦淖尔市杭锦后旗,Z04849,,,0,,,2024-10-14 17:57:56
3205,,内蒙古自治区巴彦淖尔市乌拉特前旗,Z04842,,,0,,,2024-10-14 17:57:57
3206,,贵州省黔东南苗族侗族自治州锦屏县,Z09348,,,0,,,2024-10-14 18:40:30
3207,南京,江苏省无锡市锡山区,Z09737,,,0,,,2024-10-14 18:40:31
3208,,河北省保定市徐水区,Z08671,,,0,,,2024-10-15 10:52:48
3209,长沙,湖南省益阳市南县,Z07356,,,0,,,2024-10-15 13:16:20
3210,,甘肃省庆阳市宁县,Z05562,,,0,,,2024-10-15 16:38:28
3211,,甘肃省甘南藏族自治州临潭县,Z05539,,,0,,,2024-10-15 16:40:41
3212,,河南省信阳市商城县,Z04922,,,0,,,2024-10-15 17:07:22
3213,,云南省普洱市澜沧拉祜族自治县,Z07154,,,0,,,2024-10-15 17:34:58
3214,,河南省南阳市内乡县,Z04904,,,0,,,2024-10-15 17:35:01
3215,广州,,000001,,,0,,,2024-10-15 17:35:03
3216,,湖北省十堰市竹溪县,Z10205,,,0,,,2024-10-15 17:35:04
3217,,河北省邢台市巨鹿县,Z08654,,,0,,,2024-10-15 18:05:00
3218,,新疆维吾尔自治区塔城地区额敏县,Z05442,,,0,,,2024-10-16 13:12:38
3219,,新疆维吾尔自治区昌吉回族自治州呼图壁县,Z10304,,,0,,,2024-10-16 13:12:39
3220,衡阳,湖南省长沙市开福区,Z09530,,,0,,,2024-10-16 14:53:49
3222,,山西省吕梁市方山县,Z03992,,,0,,,2024-10-16 15:24:46
3223,,甘肃省平凉市庄浪县,Z05465,,,0,,,2024-10-16 17:00:22
3225,,重庆市重庆市长寿区,Z06889,,,0,,,2024-10-16 17:12:31
3228,,安徽省黄山市黟县,Z06573,,,0,,,2024-10-16 17:58:09
3229,长沙,,000001,,,0,,,2024-10-17 09:20:42
3230,邵阳,湖南省邵阳市洞口县,Z07910,,,0,,,2024-10-17 15:36:12
3231,,四川省甘孜藏族自治州新龙县,Z07624,,,0,,,2024-10-17 16:18:28
3232,,山东省滨州市沾化区,Z05898,,,0,,,2024-10-17 16:29:26
3233,南昌,江西省南昌市青山湖区,Z09750,,,0,,,2024-10-17 17:13:52
3234,淮安,江苏省镇江市润州区,Z09551,,,0,,,2024-10-17 17:36:09
3235,,,Z04559,,,0,,,2024-10-18 16:14:07
3236,,黑龙江省黑河市爱辉区,Z09717,,,0,,,2024-10-18 16:14:08
3237,杭州,浙江省宁波市海曙区,Z06426,,,0,,,2024-10-18 16:17:00
3238,赣州,江西省赣州市定南县,Z08928,,,0,,,2024-10-18 16:17:03
3239,,,Z10461,,,0,,,2024-10-18 16:17:28
3240,,陕西省商洛市商南县,Z05599,,,0,,,2024-10-18 16:52:09
3241,,陕西省西安市雁塔区,Z09903,,,0,,,2024-10-18 16:52:32
3242,杭州,浙江省杭州市建德市,Z06411,,,0,,,2024-10-18 18:09:49
3243,武汉,湖北省武汉市青山区,Z09893,,,0,,,2024-10-21 10:57:26
3244,武汉,湖北省黄冈市黄州区,Z09890,,,0,,,2024-10-21 10:57:30
3245,,云南省楚雄彝族自治州双柏县,Z07172,,,0,,,2024-10-21 13:25:27
3246,,云南省丽江市宁蒗彝族自治县,Z06989,,,0,,,2024-10-21 13:25:28
3247,,四川省乐山市犍为县,Z07642,,,0,,,2024-10-21 14:19:33
3248,,甘肃省陇南市徽县,Z05496,,,0,,,2024-10-21 14:50:53
3250,,四川省阿坝藏族羌族自治州红原县,Z07566,,,0,,,2024-10-21 15:56:40
3251,长沙,湖南省湘西土家族苗族自治州龙山县,Z07896,,,0,,,2024-10-21 15:57:14
3252,东莞,广东省东莞市东莞市,Z08026,,,0,,,2024-10-21 17:09:37
3256,,河北省沧州市肃宁县,Z08679,,,0,,,2024-10-21 17:50:33
3257,杭州,浙江省宁波市北仑区,Z10069,,,0,,,2024-10-21 17:51:17
3258,,山西省太原市古交市,Z04006,,,0,,,2024-10-21 17:51:21
3259,长沙,湖南省常德市安乡县,Z07296,,,0,,,2024-10-22 10:39:39
3260,,河南省信阳市淮滨县,Z04919,,,0,,,2024-10-22 11:00:08
3261,,山东省滨州市邹平市,Z05811,,,0,,,2024-10-22 11:09:50
3262,,新疆维吾尔自治区伊犁哈萨克自治州察布查尔锡伯自治县,Z05433,,,0,,,2024-10-22 13:13:56
3263,海口,海南省海口市龙华区,Z08006,,,0,,,2024-10-22 14:48:39
3264,海口,海南省五指山市五指山市,Z08006,,,0,,,2024-10-22 14:48:44
3265,,四川省阿坝藏族羌族自治州小金县,Z07575,,,0,,,2024-10-22 15:30:38
3266,,云南省普洱市西盟佤族自治县,Z07150,,,0,,,2024-10-22 16:48:07
3267,荆州,,Z07548,,,0,,,2024-10-22 17:11:55
3268,贵港,广西壮族自治区玉林市陆川县,Z08399,,,0,,,2024-10-22 17:12:00
3269,,河北省邢台市南宫市,Z08651,,,0,,,2024-10-22 17:38:40
3270,,山西省吕梁市石楼县,Z03997,,,0,,,2024-10-23 11:16:29
3271,,河北省邯郸市峰峰矿区,Z08680,,,0,,,2024-10-23 14:18:52
3272,荆州,湖北省宜昌市枝江市,Z07551,,,0,,,2024-10-23 14:41:49
3273,,云南省昭通市镇雄县,Z07129,,,0,,,2024-10-23 15:59:49
3274,,山西省长治市壶关县,Z04048,,,0,,,2024-10-23 16:00:23
3275,,山西省朔州市朔城区,Z09585,,,0,,,2024-10-23 16:29:22
3276,淮安,,Z09539,,,0,,,2024-10-23 16:59:36
3277,,四川省甘孜藏族自治州石渠县,Z07622,,,0,,,2024-10-23 16:59:46
3278,,河北省保定市阜平县,Z08627,,,0,,,2024-10-23 17:32:39
3279,,河北省保定市高阳县,Z08670,,,0,,,2024-10-23 17:32:39
3280,,内蒙古自治区巴彦淖尔市五原县,Z04844,,,0,,,2024-10-24 10:19:38
3281,,河南省信阳市新县,Z04920,,,0,,,2024-10-24 11:39:37
3282,,新疆维吾尔自治区伊犁哈萨克自治州昭苏县,Z05451,,,0,,,2024-10-24 13:19:51
3283,南昌,,Z09752,,,0,,,2024-10-24 15:33:27
3284,,山西省临汾市霍州市,Z03982,,,0,,,2024-10-24 16:36:46
3286,,河北省沧州市东光县,Z08729,,,0,,,2024-10-24 17:11:37
3287,南宁,广西壮族自治区北海市海城区,Z09367,,,0,,,2024-10-24 17:11:49
3288,广州,,Z07989,,,0,,,2024-10-24 17:48:14
3289,杭州,,000001,,,0,,,2024-10-25 14:28:30
3290,武汉,湖北省十堰市张湾区,Z10177,,,0,,,2024-10-25 14:48:59
3291,,云南省红河哈尼族彝族自治州弥勒市,Z07068,,,0,,,2024-10-25 15:09:31
3292,,山西省晋中市介休市,Z03960,,,0,,,2024-10-25 15:22:48
3293,,甘肃省临夏回族自治州和政县,Z05545,,,0,,,2024-10-25 15:42:37
3294,,,Z05790,,,0,,,2024-10-25 15:42:51
3295,,青海省果洛藏族自治州久治县,Z05799,,,0,,,2024-10-25 15:44:14
3296,,河北省张家口市桥东区,Z04371,,,0,,,2024-10-25 16:32:43
3297,福州,福建省莆田市秀屿区,Z08969,,,0,,,2024-10-25 17:26:27
3298,,安徽省安庆市望江县,Z06531,,,0,,,2024-10-25 17:57:04
3301,,四川省遂宁市,Z07768,,,0,,,2024-12-10 14:45:11
3302,,甘肃省临夏回族自治州临夏市,Z05492,,,0,,,2024-12-10 14:46:13
3303,武汉,湖北省十堰市竹山县,Z07408,,,0,,,2024-12-10 14:46:35
3304,,西藏自治区昌都市,Z10157,,,0,,,2024-12-10 14:47:06
3305,东莞,广东省东莞市东莞市,Z08759,,,0,,,2024-12-10 14:47:11
3306,,吉林省四平市,Z09331,,,0,,,2024-12-10 14:47:11
3307,,吉林省通化市柳河县,Z04686,,,0,,,2024-12-10 14:47:14
3308,泉州,福建省漳州市,Z06257,,,0,,,2024-12-10 14:47:34
3309,,安徽省阜阳市阜南县,Z06539,,,0,,,2024-12-10 14:48:09
3310,,河南省安阳市,Z04934,,,0,,,2024-12-10 14:48:38
3311,南宁,广西壮族自治区百色市田东县,Z08070,,,0,,,2024-12-10 14:48:46
3312,贵港,广西壮族自治区贵港市覃塘区,Z10325,,,0,,,2024-12-10 14:48:50
3313,,河北省邯郸市成安县,Z08687,,,0,,,2024-12-10 14:51:02
3314,淮安,,Z06327,,,0,,,2024-12-10 14:51:17
3315,,贵州省黔东南苗族侗族自治州台江县,Z06777,,,0,,,2024-12-10 14:51:36
3316,,贵州省毕节市,Z06736,,,0,,,2024-12-10 14:51:47
3317,,贵州省遵义市桐梓县,Z06954,,,0,,,2024-12-10 14:51:52
3318,,贵州省遵义市桐梓县,Z06941,,,0,,,2024-12-10 14:51:53
3319,,贵州省铜仁市印江土家族苗族自治县,Z06947,,,0,,,2024-12-10 14:51:58
3320,海口,海南省海口市秀英区,Z07997,,,0,,,2024-12-10 14:54:51
3321,,云南省丽江市永胜县,Z06990,,,0,,,2024-12-10 15:53:27
3322,淮安,江苏省徐州市沛县,Z06325,,,0,,,2024-12-10 16:13:24
3323,淮安,,Z06328,,,0,,,2024-12-10 16:13:57
3324,,河北省张家口市崇礼区,Z04376,,,0,,,2024-12-10 16:33:40
3325,,黑龙江省牡丹江市宁安市,Z09712,,,0,,,2024-12-10 16:54:29
3326,,辽宁省盘锦市,Z10140,,,0,,,2024-12-10 16:54:35
3327,南昌,江西省宜春市袁州区,Z07803,,,0,,,2024-12-10 17:05:04
3328,淮安,,Z09541,,,0,,,2024-12-10 17:14:47
3329,,山东省烟台市莱阳市,Z05927,,,0,,,2024-12-10 17:21:46
3330,,新疆维吾尔自治区伊犁哈萨克自治州,Z05449,,,0,,,2024-12-10 17:47:09
3331,,河南省新乡市红旗区,Z09996,,,0,,,2024-12-10 17:57:10
3332,南宁,广西壮族自治区南宁市宾阳县,Z08154,,,0,,,2024-12-10 18:06:55
3333,,山东省德州市,Z05900,,,0,,,2024-12-10 18:17:25
3334,,新疆维吾尔自治区阿克苏地区,Z05756,,,0,,,2024-12-11 13:20:08
3335,,新疆维吾尔自治区和田地区民丰县,Z08606,,,0,,,2024-12-11 13:20:20
3336,武汉,湖北省武汉市,Z07242,,,0,,,2024-12-11 13:20:25
3338,,贵州省遵义市播州区,Z09356,,,0,,,2024-12-11 13:59:31
3339,武汉,湖北省恩施土家族苗族自治州恩施市,Z07230,,,0,,,2024-12-11 14:41:21
3340,武汉,湖北省荆州市洪湖市,Z07253,,,0,,,2024-12-11 14:41:22
3341,武汉,湖北省宜昌市伍家岗区,,,,0,,,2024-12-11 15:12:09
3342,南京,江苏省常州市钟楼区,Z10230,,,0,,,2024-12-11 15:53:43
3343,,内蒙古自治区赤峰市克什克腾旗,Z04508,,,0,,,2024-12-11 16:54:27
3344,,内蒙古自治区兴安盟,Z06056,,,0,,,2024-12-11 16:54:27
3345,,四川省泸州市古蔺县,Z08860,,,0,,,2024-12-11 17:23:16
3346,,贵州省遵义市播州区,Z09468,,,0,,,2024-12-11 17:25:09
3347,,贵州省贵阳市南明区,Z09344,,,0,,,2024-12-11 17:25:19
3348,广州,,Z09326,,,0,,,2024-12-11 17:45:39
3349,广州,广东省中山市中山市,Z07989,,,0,,,2024-12-11 17:45:40
3350,,内蒙古自治区呼和浩特市赛罕区,Z10475,,,0,,,2024-12-11 17:46:14
3351,,吉林省白城市,Z04695,,,0,,,2024-12-12 14:13:52
3352,南昌,江西省九江市瑞昌市,Z09278,,,0,,,2024-12-12 14:21:55
3353,,黑龙江省绥化市安达市,Z04573,,,0,,,2024-12-12 14:44:37
3354,,安徽省黄山市祁门县,Z06570,,,0,,,2024-12-12 15:50:07
3355,,山东省日照市五莲县,Z05932,,,0,,,2024-12-12 15:50:18
3356,淮安,江苏省淮安市淮安区,Z09533,,,0,,,2024-12-12 16:36:42
3357,,河北省石家庄市,Z08724,,,0,,,2024-12-12 16:59:59
3358,,贵州省黔西南布依族苗族自治州,Z06801,,,0,,,2024-12-12 17:21:46
3359,,贵州省安顺市关岭布依族苗族自治县,Z06854,,,0,,,2024-12-12 17:21:56
3360,,四川省甘孜藏族自治州得荣县,Z07612,,,0,,,2024-12-12 17:21:57
3361,,河南省信阳市,Z04921,,,0,,,2024-12-12 17:46:14
3362,,河南省三门峡市灵宝市,Z10446,,,0,,,2024-12-12 17:46:24
3363,,青海省黄南藏族自治州尖扎县,Z05788,,,0,,,2024-12-12 17:46:33
3364,杭州,浙江省舟山市岱山县,Z06439,,,0,,,2024-12-12 18:11:25
3365,杭州,浙江省杭州市临安区,Z06412,,,0,,,2024-12-12 18:11:39
3366,,,,,,0,,,2024-12-13 11:03:15
3367,,青海省黄南藏族自治州,Z05773,,,0,,,2024-12-13 15:35:45
3368,,陕西省汉中市西乡县,Z05574,,,0,,,2024-12-13 15:36:47
3369,,甘肃省临夏回族自治州临夏市,Z10044,,,0,,,2024-12-13 15:36:59
3370,上海,上海市上海市静安区,Z06586,,,0,,,2024-12-13 16:27:02
3371,,黑龙江省佳木斯市,Z04599,,,0,,,2024-12-13 16:59:12
3372,,贵州省六盘水市水城区,Z06875,,,0,,,2024-12-13 16:59:30
3373,,贵州省六盘水市盘州市,Z09351,,,0,,,2024-12-13 16:59:34
3374,,贵州省六盘水市盘州市,Z09352,,,0,,,2024-12-13 16:59:35
3375,,陕西省西安市,Z09905,,,0,,,2024-12-13 17:31:27
3376,泉州,,Z08976,,,0,,,2024-12-13 17:31:32
3377,泉州,福建省厦门市同安区,Z09031,,,0,,,2024-12-13 17:31:32
3378,,河南省驻马店市平舆县,Z04875,,,0,,,2024-12-13 17:51:34
3379,杭州,浙江省杭州市建德市,Z06410,,,0,,,2024-12-13 18:44:10
3380,,山东省济南市历下区,Z09403,,,0,,,2024-12-16 11:21:30
3381,,甘肃省酒泉市金塔县,Z05559,,,0,,,2024-12-16 13:11:49
3382,,西藏自治区昌都市江达县,Z07707,,,0,,,2024-12-16 13:12:13
3383,荆州,湖北省荆门市,Z07503,,,0,,,2024-12-16 14:59:02
3388,,重庆市重庆市巫溪县,Z09241,,,0,,,2024-12-16 17:17:36
3389,贵港,广西壮族自治区贵港市覃塘区,Z09659,,,0,,,2024-12-16 17:41:15
3390,贵港,广西壮族自治区贵港市覃塘区,Z08350,,,0,,,2024-12-16 17:41:15
3391,,河南省驻马店市西平县,Z04873,,,0,,,2024-12-16 17:41:22
3392,,甘肃省陇南市康县,Z05561,,,0,,,2024-12-17 13:25:14
3393,长沙,湖南省益阳市安化县,Z07892,,,0,,,2024-12-17 15:18:56
3394,武汉,湖北省孝感市孝昌县,Z07282,,,0,,,2024-12-17 15:29:37
3395,,,Z05765,,,0,,,2024-12-17 15:40:47
3396,,河北省张家口市怀安县,Z04378,,,0,,,2024-12-17 16:32:22
3397,,贵州省黔南布依族苗族自治州,Z06747,,,0,,,2024-12-17 16:53:09
3398,,甘肃省兰州市七里河区,Z09246,,,0,,,2024-12-17 16:53:18
3399,邵阳,湖南省怀化市溆浦县,Z10455,,,0,,,2024-12-17 16:53:38
3400,,河南省许昌市鄢陵县,Z04925,,,0,,,2024-12-17 17:03:54
3401,,河南省商丘市夏邑县,Z04959,,,0,,,2024-12-17 17:11:11
3402,,河南省洛阳市西工区,Z09982,,,0,,,2024-12-17 17:11:19
3403,南宁,广西壮族自治区南宁市上林县,Z08224,,,0,,,2024-12-17 17:13:21
3404,,贵州省贵阳市,Z06754,,,0,,,2024-12-17 17:14:00
3405,柳州,广西壮族自治区河池市,Z08266,,,0,,,2024-12-17 17:14:05
3406,海口,海南省海口市龙华区,Z08000,,,0,,,2024-12-18 10:55:12
3407,荆州,湖北省宜昌市西陵区,Z07543,,,0,,,2024-12-18 11:05:10
3408,邵阳,湖南省永州市,Z07428,,,0,,,2024-12-18 14:16:16
3409,,黑龙江省齐齐哈尔市甘南县,Z04650,,,0,,,2024-12-18 14:46:45
3410,,黑龙江省哈尔滨市道外区,Z09678,,,0,,,2024-12-18 14:46:46
3411,,辽宁省铁岭市开原市,Z04467,,,0,,,2024-12-18 14:46:47
3412,,云南省文山壮族苗族自治州砚山县,Z07031,,,0,,,2024-12-18 14:58:23
3413,贵港,广西壮族自治区玉林市,Z09672,,,0,,,2024-12-18 15:08:45
3414,贵港,广西壮族自治区玉林市陆川县,Z08400,,,0,,,2024-12-18 15:08:59
3415,,宁夏回族自治区石嘴山市惠农区,Z05666,,,0,,,2024-12-18 15:10:24
3416,,宁夏回族自治区石嘴山市大武口区,Z05584,,,0,,,2024-12-18 15:10:24
3417,,四川省乐山市井研县,Z07644,,,0,,,2024-12-18 16:40:39
3418,,河南省新乡市,Z05040,,,0,,,2024-12-18 16:48:35
3419,,云南省昭通市巧家县,Z09245,,,0,,,2024-12-18 16:51:06
3420,,河南省周口市川汇区,Z04880,,,0,,,2024-12-18 17:28:36
3421,,河北省张家口市怀来县,Z04370,,,0,,,2024-12-18 17:31:50
3422,,贵州省毕节市七星关区,Z09335,,,0,,,2024-12-18 17:32:21
3423,,河北省沧州市南皮县,Z08719,,,0,,,2024-12-18 17:39:29
3424,福州,福建省三明市宁化县,Z06496,,,0,,,2024-12-18 17:42:19
3425,南昌,江西省九江市浔阳区,Z09928,,,0,,,2024-12-19 14:49:15
3426,,山西省吕梁市孝义市,Z04015,,,0,,,2024-12-19 15:39:26
3427,,贵州省黔东南苗族侗族自治州凯里市,Z06768,,,0,,,2024-12-19 17:27:28
3428,南昌,江西省上饶市,Z09291,,,0,,,2024-12-19 17:27:39
3429,邵阳,湖南省永州市,Z07422,,,0,,,2024-12-19 17:28:10
3430,,新疆维吾尔自治区昌吉回族自治州,Z05419,,,0,,,2024-12-19 17:28:13
3431,南宁,广西壮族自治区钦州市钦南区,Z09627,,,0,,,2024-12-19 17:34:33
3432,贵港,广西壮族自治区贵港市覃塘区,Z10335,,,0,,,2024-12-19 17:38:34
3434,,山东省德州市,Z05878,,,0,,,2024-12-20 11:30:07
3435,淮安,江苏省宿迁市,Z06351,,,0,,,2024-12-20 11:31:20
3436,,安徽省阜阳市颍上县,Z06524,,,0,,,2024-12-20 11:32:13
3437,武汉,湖北省荆州市公安县,,,,0,,,2024-12-20 13:09:20
3438,赣州,江西省吉安市吉水县,Z08918,,,0,,,2024-12-20 13:24:18
3439,,云南省昆明市呈贡区,Z07077,,,0,,,2024-12-20 13:34:25
3440,,云南省红河哈尼族彝族自治州石屏县,Z07070,,,0,,,2024-12-20 16:37:06
3441,,四川省凉山彝族自治州布拖县,Z07735,,,0,,,2024-12-20 16:37:22
3442,,内蒙古自治区锡林郭勒盟,Z04857,,,0,,,2024-12-20 16:59:51
3443,贵港,广西壮族自治区玉林市博白县,Z08614,,,0,,,2024-12-20 17:10:23
3444,,甘肃省定西市,Z09560,,,0,,,2024-12-20 17:30:41
3445,,宁夏回族自治区中卫市中宁县,Z05656,,,0,,,2024-12-20 17:31:03
3446,贵港,广西壮族自治区贵港市覃塘区,Z08356,,,0,,,2024-12-20 17:31:14
3447,,贵州省黔东南苗族侗族自治州黎平县,Z07199,,,0,,,2024-12-20 17:31:20
3448,武汉,湖北省荆州市公安县,000001,,,0,,,2024-12-20 17:41:46
3449,,云南省曲靖市师宗县,Z07106,,,0,,,2024-12-20 17:42:00
3450,,河南省新乡市红旗区,Z09998,,,0,,,2024-12-20 17:52:49
3452,,吉林省四平市双辽市,Z04675,,,0,,,2024-12-23 15:42:03
3453,,青海省海北藏族自治州刚察县,Z05796,,,0,,,2024-12-23 15:42:35
3454,武汉,湖北省武汉市青山区,Z09892,,,0,,,2024-12-23 15:53:55
3455,泉州,北京市北京市朝阳区,,,,0,,,2024-12-23 16:22:46
3456,,内蒙古自治区阿拉善盟额济纳旗,Z05512,,,0,,,2024-12-23 17:05:51
3457,上海,浙江省舟山市,Z06586,,,0,,,2024-12-23 17:57:29
3458,柳州,广西壮族自治区河池市都安瑶族自治县,Z08269,,,0,,,2024-12-23 17:57:48
3459,淮安,,Z09553,,,0,,,2024-12-23 17:57:53
3460,,贵州省黔东南苗族侗族自治州雷山县,Z06771,,,0,,,2024-12-23 17:58:28
3461,,重庆市重庆市,Z06890,,,0,,,2024-12-23 17:58:53
3462,,河北省邢台市广宗县,Z08699,,,0,,,2024-12-24 11:11:17
3463,,河南省新乡市牧野区,Z04961,,,0,,,2024-12-24 11:20:40
3464,,山东省济南市平阴县,Z05902,,,0,,,2024-12-24 16:05:31
3465,,山西省太原市尖草坪区,Z09564,,,0,,,2024-12-24 16:16:41
3466,,,Z04992,,,0,,,2024-12-24 16:58:20
3467,,四川省内江市市中区,Z10046,,,0,,,2024-12-24 17:10:10
3468,贵港,广西壮族自治区玉林市北流市,Z09665,,,0,,,2024-12-24 17:42:19
3469,,四川省泸州市泸县,Z10048,,,0,,,2024-12-25 09:49:27
3470,,甘肃省张掖市民乐县,Z05558,,,0,,,2024-12-25 09:59:47
3471,荆州,湖北省荆州市监利市,Z07512,,,0,,,2024-12-25 12:31:20
3472,荆州,湖北省荆州市监利市,Z07516,,,0,,,2024-12-25 12:31:21
3473,荆州,湖北省荆州市监利市,Z07942,,,0,,,2024-12-25 12:31:22
3474,,贵州省黔东南苗族侗族自治州锦屏县,Z07203,,,0,,,2024-12-25 14:43:11
3476,,新疆维吾尔自治区和田地区皮山县,Z05699,,,0,,,2024-12-25 15:24:11
3477,,安徽省滁州市全椒县,Z06508,,,0,,,2024-12-25 15:33:15
3478,邵阳,湖南省怀化市溆浦县,Z10433,,,0,,,2024-12-25 16:18:43
3479,,陕西省西安市未央区,Z09905,,,0,,,2024-12-25 17:00:17
3481,,山西省运城市稷山县,Z04036,,,0,,,2024-12-25 17:30:33
3482,武汉,湖北省黄冈市武穴市,Z07889,,,0,,,2024-12-26 13:16:48
3483,,贵州省贵阳市云岩区,Z09359,,,0,,,2024-12-26 14:16:13
3484,,贵州省黔西南布依族苗族自治州安龙县,Z06796,,,0,,,2024-12-26 14:16:28
3485,,四川省宜宾市珙县,Z09879,,,0,,,2024-12-26 14:18:27
3486,,四川省宜宾市珙县,Z07695,,,0,,,2024-12-26 14:18:27
3487,,四川省宜宾市屏山县,Z10050,,,0,,,2024-12-26 14:18:28
3488,长沙,湖南省长沙市天心区,Z09516,,,0,,,2024-12-26 14:18:30
3489,,陕西省咸阳市,Z05576,,,0,,,2024-12-26 14:23:35
3490,,甘肃省定西市渭源县,Z05553,,,0,,,2024-12-26 14:26:37
3491,,甘肃省白银市景泰县,Z05478,,,0,,,2024-12-26 14:28:03
3492,,山东省烟台市海阳市,Z05925,,,0,,,2024-12-26 15:38:26
3493,武汉,湖北省十堰市房县,Z07557,,,0,,,2024-12-26 17:01:24
3494,深圳,广东省惠州市,Z08900,,,0,,,2024-12-26 17:21:38
3495,,陕西省宝鸡市陈仓区,Z10097,,,0,,,2024-12-26 17:22:07
3496,,辽宁省本溪市,Z08838,,,0,,,2024-12-26 17:22:17
3497,,天津市天津市北辰区,Z08464,,,0,,,2024-12-26 17:22:19
3498,,山西省朔州市右玉县,Z04005,,,0,,,2024-12-26 17:53:23
3499,,河南省焦作市武陟县,Z05003,,,0,,,2024-12-27 13:22:47
3500,,河南省郑州市新郑市,Z09969,,,0,,,2024-12-27 13:22:48
3501,,宁夏回族自治区银川市,Z10166,,,0,,,2024-12-27 13:22:52
3502,荆州,湖北省襄阳市老河口市,Z07539,,,0,,,2024-12-27 14:25:37
3503,,山东省日照市东港区,Z10287,,,0,,,2024-12-27 15:46:10
3504,,山东省青岛市李沧区,Z09450,,,0,,,2024-12-27 15:47:11
3505,,四川省宜宾市长宁县,Z07693,,,0,,,2024-12-27 16:29:20
3506,海口,海南省海口市龙华区,Z10067,,,0,,,2024-12-27 18:23:13
3507,,河南省郑州市中原区,Z09968,,,0,,,2024-12-27 18:23:25
3508,,河南省新乡市卫滨区,Z09994,,,0,,,2024-12-27 18:23:27
3509,,内蒙古自治区呼伦贝尔市新巴尔虎左旗,Z10482,,,0,,,2024-12-30 11:22:30
3510,,北京市北京市朝阳区,Z04333,,,0,,,2024-12-30 17:47:50
3511,,云南省怒江傈僳族自治州福贡县,Z07096,,,0,,,2025-01-02 13:14:59
3512,,云南省怒江傈僳族自治州泸水市,Z07100,,,0,,,2025-01-02 13:14:59
3513,,黑龙江省大兴安岭地区加格达奇区,Z04593,,,0,,,2025-01-02 14:25:48
3514,泉州,福建省福州市台江区,Z08864,,,0,,,2025-01-02 14:26:20
3515,,内蒙古自治区兴安盟扎赉特旗,Z08852,,,0,,,2025-01-02 14:36:17
3516,,陕西省榆林市绥德县,Z05633,,,0,,,2025-01-02 15:06:41
3517,,山西省忻州市五寨县,Z04027,,,0,,,2025-01-02 15:16:27
3518,,内蒙古自治区锡林郭勒盟东乌珠穆沁旗,Z08617,,,0,,,2025-01-02 16:08:35
3519,,内蒙古自治区锡林郭勒盟东乌珠穆沁旗,Z04861,,,0,,,2025-01-02 16:08:36
3520,,内蒙古自治区锡林郭勒盟正镶白旗,Z05989,,,0,,,2025-01-02 16:19:16
3521,,内蒙古自治区锡林郭勒盟苏尼特左旗,Z04866,,,0,,,2025-01-02 16:19:18
3522,,内蒙古自治区锡林郭勒盟阿巴嘎旗,Z08857,,,0,,,2025-01-02 16:19:18
3523,,,Z04865,,,0,,,2025-01-02 16:19:21
3524,,内蒙古自治区通辽市科尔沁左翼中旗,Z08833,,,0,,,2025-01-02 16:58:54
3525,,内蒙古自治区通辽市霍林郭勒市,Z10143,,,0,,,2025-01-02 16:58:59
3526,,陕西省咸阳市,Z09910,,,0,,,2025-01-02 17:00:25
3527,,山东省济南市,Z09402,,,0,,,2025-01-02 17:10:55
3528,,北京市北京市延庆区,Z04346,,,0,,,2025-01-02 17:11:18
3529,,新疆维吾尔自治区昌吉回族自治州,Z05418,,,0,,,2025-01-02 17:21:15
3530,,新疆维吾尔自治区伊犁哈萨克自治州霍尔果斯市,Z10435,,,0,,,2025-01-02 17:21:26
3531,,陕西省汉中市宁强县,Z05573,,,0,,,2025-01-02 17:21:52
3532,,甘肃省甘南藏族自治州舟曲县,Z05536,,,0,,,2025-01-02 17:43:47
3533,,甘肃省庆阳市,Z05505,,,0,,,2025-01-02 17:44:04
3534,,重庆市重庆市巫山县,Z09234,,,0,,,2025-01-02 17:44:07
3535,,陕西省西安市长安区,Z09905,,,0,,,2025-01-02 17:44:29
3536,,河北省雄安新区雄县,Z08673,,,0,,,2025-01-02 17:52:49
3537,,贵州省贵阳市云岩区,Z09343,,,0,,,2025-01-03 10:14:44
3538,,山西省大同市天镇县,Z03957,,,0,,,2025-01-03 11:05:47
3539,,河北省雄安新区容城县,Z08675,,,0,,,2025-01-03 11:15:34
3540,,,Z05505,,,0,,,2025-01-03 13:16:58
3541,,云南省昆明市安宁市,000001,,,0,,,2025-01-03 13:17:03
3542,,新疆维吾尔自治区博尔塔拉蒙古自治州博乐市,Z05411,,,0,,,2025-01-03 13:27:55
3543,,新疆维吾尔自治区哈密市伊吾县,Z09952,,,0,,,2025-01-03 13:28:06
3544,,新疆维吾尔自治区伊犁哈萨克自治州,Z05437,,,0,,,2025-01-03 13:28:07
3545,,陕西省榆林市子洲县,Z05635,,,0,,,2025-01-03 13:38:12
3546,,新疆维吾尔自治区塔城地区裕民县,Z05447,,,0,,,2025-01-03 13:58:41
3547,南昌,,000001,,,0,,,2025-01-03 13:58:44
3548,,四川省凉山彝族自治州木里藏族自治县,Z07727,,,0,,,2025-01-03 14:39:22
3549,,甘肃省临夏回族自治州康乐县,Z05554,,,0,,,2025-01-03 15:00:20
3550,,山西省忻州市宁武县,Z04023,,,0,,,2025-01-03 15:09:02
3551,,山西省晋城市沁水县,Z03966,,,0,,,2025-01-03 15:10:28
3552,荆州,湖北省荆州市松滋市,Z07520,,,0,,,2025-01-03 16:33:09
3553,,新疆维吾尔自治区昆玉市昆玉市,Z08607,,,0,,,2025-01-03 16:44:48
3554,,河南省平顶山市舞钢市,Z04907,,,0,,,2025-01-03 16:54:46
3555,,河北省邯郸市磁县,Z08681,,,0,,,2025-01-03 17:02:23
3556,,内蒙古自治区巴彦淖尔市磴口县,Z04851,,,0,,,2025-01-03 17:04:10
3557,,内蒙古自治区鄂尔多斯市鄂托克前旗,Z04856,,,0,,,2025-01-03 17:04:11
3558,,四川省甘孜藏族自治州稻城县,Z10297,,,0,,,2025-01-03 17:06:02
3559,,贵州省黔东南苗族侗族自治州从江县,Z06842,,,0,,,2025-01-03 17:46:36
3560,,贵州省安顺市镇宁布依族苗族自治县,Z06729,,,0,,,2025-01-03 17:46:40
3561,,贵州省安顺市,Z06730,,,0,,,2025-01-03 17:46:41
3562,,河南省三门峡市陕州区,Z10013,,,0,,,2025-01-03 17:47:05
3563,福州,福建省泉州市晋江市,Z06173,,,0,,,2025-01-03 18:07:56
3564,,云南省红河哈尼族彝族自治州,Z07060,,,0,,,2025-01-03 21:48:50
3566,,山西省运城市绛县,Z04037,,,0,,,2025-01-06 12:03:04
3567,,陕西省延安市吴起县,Z05618,,,0,,,2025-01-06 13:14:34
3568,,陕西省延安市安塞区,Z05614,,,0,,,2025-01-06 13:14:35
3569,福州,福建省泉州市丰泽区,Z08870,,,0,,,2025-01-06 13:14:56
3570,南昌,江西省九江市柴桑区,Z09284,,,0,,,2025-01-06 15:18:38
3571,南京,江苏省苏州市姑苏区,Z06610,,,0,,,2025-01-06 15:28:22
3572,,山东省聊城市东阿县,Z05822,,,0,,,2025-01-06 15:38:11
3573,南昌,,Z09750,,,0,,,2025-01-06 16:09:22
3574,,甘肃省甘南藏族自治州,Z05469,,,0,,,2025-01-06 16:49:07
3575,,内蒙古自治区乌兰察布市集宁区,Z10491,,,0,,,2025-01-06 17:20:57
3576,上海,上海市上海市徐汇区,Z06591,,,0,,,2025-01-06 17:31:54
3577,,四川省凉山彝族自治州美姑县,Z07734,,,0,,,2025-01-06 17:33:01
3578,,四川省凉山彝族自治州冕宁县,Z07732,,,0,,,2025-01-06 17:33:02
3579,贵港,广西壮族自治区梧州市岑溪市,Z08380,,,0,,,2025-01-06 17:33:21
3580,,贵州省遵义市播州区,Z06952,,,0,,,2025-01-06 17:33:28
3581,武汉,湖北省鄂州市梁子湖区,Z09888,,,0,,,2025-01-06 17:54:16
3582,,河南省焦作市,Z06071,,,0,,,2025-01-06 18:13:15
3583,,河北省雄安新区安新县,Z08668,,,0,,,2025-01-06 18:15:01
3584,,重庆市重庆市渝北区,Z06890,,,0,,,2025-01-06 18:15:04
3585,,河北省保定市曲阳县,Z08662,,,0,,,2025-01-07 11:24:12
3588,,贵州省黔东南苗族侗族自治州榕江县,Z06821,,,0,,,2025-01-07 14:47:33
3589,上海,,Z06588,,,0,,,2025-01-07 15:08:08
3590,,,Z05588,,,0,,,2025-01-07 16:10:29
3591,南宁,,Z08230,,,0,,,2025-01-07 16:10:43
2541,,,Z04552,,,0,,,2024-09-23 11:33:34
2542,,,Z05791,,,0,,,2024-09-23 11:33:35
2543,,黑龙江省齐齐哈尔市克山县,Z04540,,,0,,,2024-09-23 11:33:46
2544,,,Z04562,,,0,,,2024-09-23 11:33:48
2545,,甘肃省陇南市文县,Z05497,,,0,,,2024-09-23 11:33:52
2546,汕头,广东省梅州市大埔县,Z06400,,,0,,,2024-09-23 11:34:00
2547,南京,,Z06633,,,0,,,2024-09-23 11:34:02
2548,,甘肃省天水市麦积区,Z09496,,,0,,,2024-09-23 11:34:12
2549,泉州,福建省泉州市惠安县,Z08959,,,0,,,2024-09-23 13:16:44
2550,福州,福建省厦门市翔安区,Z09720,,,0,,,2024-09-23 13:16:49
2551,泉州,福建省泉州市南安市,Z08457,,,0,,,2024-09-23 13:16:50
2552,福州,福建省莆田市仙游县,Z06161,,,0,,,2024-09-23 13:16:51
2553,福州,福建省三明市大田县,Z06193,,,0,,,2024-09-23 13:16:51
2554,,新疆维吾尔自治区石河子市石河子市,Z05720,,,0,,,2024-09-23 13:16:59
2555,,陕西省铜川市耀州区,Z10083,,,0,,,2024-09-23 13:43:38
2556,,甘肃省嘉峪关市嘉峪关市,Z05487,,,0,,,2024-09-23 13:43:46
2557,,四川省南充市南部县,Z07762,,,0,,,2024-09-23 13:43:52
2558,,贵州省遵义市播州区,Z06936,,,0,,,2024-09-23 13:43:54
2559,,贵州省黔南布依族苗族自治州都匀市,Z06751,,,0,,,2024-09-23 13:43:59
2560,,贵州省遵义市红花岗区,Z06940,,,0,,,2024-09-23 13:44:04
2561,,四川省成都市武侯区,Z07762,,,0,,,2024-09-23 13:44:06
2562,,贵州省黔东南苗族侗族自治州凯里市,Z06765,,,0,,,2024-09-23 13:44:06
2563,,贵州省黔东南苗族侗族自治州从江县,Z06765,,,0,,,2024-09-23 13:44:06
2564,,黑龙江省齐齐哈尔市泰来县,Z04536,,,0,,,2024-09-23 13:44:07
2565,,山东省滨州市滨城区,Z09394,,,0,,,2024-09-23 14:11:11
2566,,山东省临沂市费县,Z05858,,,0,,,2024-09-23 14:11:13
2567,南京,江苏省常州市新北区,Z09855,,,0,,,2024-09-23 14:11:23
2569,福州,,000001,,,0,,,2024-09-23 14:11:25
2570,南京,江苏省苏州市太仓市,Z06624,,,0,,,2024-09-23 14:11:26
2571,南京,江苏省南京市鼓楼区,Z09390,,,0,,,2024-09-23 14:11:39
2572,,四川省阿坝藏族羌族自治州理县,Z07568,,,0,,,2024-09-23 14:39:32
2573,,,Z10453,,,0,,,2024-09-23 14:39:32
2575,淮安,江苏省淮安市金湖县,Z06345,,,0,,,2024-09-23 14:39:34
2576,衡阳,湖南省郴州市安仁县,Z07462,,,0,,,2024-09-23 15:08:04
2577,长沙,湖南省张家界市慈利县,Z07376,,,0,,,2024-09-23 15:08:08
2578,,山西省临汾市侯马市,Z04035,,,0,,,2024-09-23 15:37:07
2579,,山西省运城市芮城县,Z04040,,,0,,,2024-09-23 15:37:08
2581,,陕西省咸阳市杨陵区,Z05581,,,0,,,2024-09-23 15:37:32
2582,,陕西省咸阳市彬州市,Z05570,,,0,,,2024-09-23 15:37:33
2583,,吉林省延边朝鲜族自治州安图县,Z06061,,,0,,,2024-09-23 15:37:40
2584,,吉林省松原市扶余市,Z04678,,,0,,,2024-09-23 15:37:47
2585,,吉林省延边朝鲜族自治州和龙市,Z04698,,,0,,,2024-09-23 15:37:47
2586,淮安,江苏省徐州市丰县,Z06324,,,0,,,2024-09-23 16:08:10
2587,南京,,Z09858,,,0,,,2024-09-23 16:08:14
2588,南昌,江西省九江市武宁县,Z09279,,,0,,,2024-09-23 16:08:57
2589,武汉,湖北省武汉市汉阳区,Z09894,,,0,,,2024-09-23 16:08:58
2590,南昌,江西省上饶市余干县,Z07947,,,0,,,2024-09-23 16:09:01
2591,南昌,江西省上饶市余干县,Z07922,,,0,,,2024-09-23 16:09:02
2592,,山东省东营市广饶县,Z05936,,,0,,,2024-09-23 16:09:06
2593,赣州,江西省吉安市泰和县,Z08921,,,0,,,2024-09-23 16:09:13
2594,,四川省遂宁市蓬溪县,Z07770,,,0,,,2024-09-23 16:41:44
2595,广州,广东省肇庆市端州区,Z09323,,,0,,,2024-09-23 16:41:46
2596,广州,广东省韶关市浈江区,Z09330,,,0,,,2024-09-23 16:41:53
2597,,山东省济南市历下区,Z09397,,,0,,,2024-09-23 16:42:03
2598,武汉,湖北省随州市广水市,Z07281,,,0,,,2024-09-23 16:42:04
2599,,云南省德宏傣族景颇族自治州陇川县,Z07028,,,0,,,2024-09-23 16:42:13
2600,深圳,广东省深圳市宝安区,Z08438,,,0,,,2024-09-23 16:42:26
2601,,云南省楚雄彝族自治州牟定县,Z07044,,,0,,,2024-09-23 16:42:28
2602,荆州,湖北省宜昌市当阳市,Z07545,,,0,,,2024-09-23 16:42:38
2603,南京,江苏省苏州市常熟市,Z09857,,,0,,,2024-09-23 17:17:39
2604,,新疆维吾尔自治区五家渠市五家渠市,Z05430,,,0,,,2024-09-23 17:17:50
2605,,山东省潍坊市诸城市,Z10459,,,0,,,2024-09-23 17:18:04
2606,,四川省宜宾市江安县,Z07696,,,0,,,2024-09-23 17:18:08
2607,,贵州省黔东南苗族侗族自治州凯里市,Z09350,,,0,,,2024-09-23 17:18:28
2608,贵港,广西壮族自治区梧州市蒙山县,Z08381,,,0,,,2024-09-23 17:54:21
2609,,河南省商丘市虞城县,Z05036,,,0,,,2024-09-23 17:54:42
2610,,河北省石家庄市裕华区,Z08638,,,0,,,2024-09-23 17:56:00
2611,,河南省南阳市南召县,Z04900,,,0,,,2024-09-23 17:56:06
2612,柳州,广西壮族自治区柳州市三江侗族自治县,Z08295,,,0,,,2024-09-23 17:56:12
2613,柳州,,Z09647,,,0,,,2024-09-23 17:56:13
2614,南宁,广西壮族自治区南宁市武鸣区,Z09612,,,0,,,2024-09-23 17:56:17
2615,南宁,广西壮族自治区南宁市横州市,Z08158,,,0,,,2024-09-23 17:56:25
2616,,河北省邯郸市武安市,Z08636,,,0,,,2024-09-23 17:56:26
2617,柳州,广西壮族自治区柳州市融安县,Z09652,,,0,,,2024-09-23 17:56:28
2618,柳州,广西壮族自治区桂林市平乐县,Z08259,,,0,,,2024-09-23 17:56:29
2619,,河北省沧州市任丘市,Z08634,,,0,,,2024-09-23 17:56:29
2620,柳州,广西壮族自治区桂林市阳朔县,Z08262,,,0,,,2024-09-23 17:56:30
2621,,河北省石家庄市平山县,Z08647,,,0,,,2024-09-23 17:56:31
2622,,河北省保定市涞源县,Z08664,,,0,,,2024-09-23 17:56:36
2623,南宁,广西壮族自治区防城港市东兴市,Z08093,,,0,,,2024-09-23 17:56:44
2624,贵港,广西壮族自治区梧州市藤县,Z08383,,,0,,,2024-09-23 17:56:45
2625,,河南省平顶山市叶县,Z04906,,,0,,,2024-09-23 17:56:48
2626,淮安,,Z06316,,,0,,,2024-09-23 17:56:50
2627,,黑龙江省绥化市明水县,Z04613,,,0,,,2024-09-23 17:56:55
2628,,,Z10196,,,0,,,2024-09-23 17:56:56
2629,柳州,广西壮族自治区柳州市柳江区,Z08291,,,0,,,2024-09-23 17:56:57
2630,贵港,广西壮族自治区梧州市岑溪市,Z09661,,,0,,,2024-09-23 17:57:01
2631,南宁,广西壮族自治区钦州市钦南区,Z10309,,,0,,,2024-09-23 17:57:06
2632,,甘肃省天水市清水县,Z05466,,,0,,,2024-09-23 17:57:07
2633,贵港,广西壮族自治区贵港市桂平市,Z08352,,,0,,,2024-09-23 17:57:08
2634,,山东省烟台市芝罘区,Z09459,,,0,,,2024-09-23 17:57:09
2635,,宁夏回族自治区吴忠市同心县,Z05569,,,0,,,2024-09-23 17:57:16
2636,,北京市北京市昌平区,Z04333,,,0,,,2024-09-23 17:57:18
2637,,重庆市重庆市垫江县,Z06892,,,0,,,2024-09-23 17:57:40
2638,深圳,广东省惠州市龙门县,Z08900,,,0,,,2024-09-23 18:35:23
2639,,重庆市重庆市巫溪县,Z09242,,,0,,,2024-09-24 09:24:00
2640,,陕西省西安市未央区,Z10088,,,0,,,2024-09-24 09:24:32
2642,南京,江苏省常州市天宁区,Z10232,,,0,,,2024-09-24 10:48:31
2643,长沙,湖南省岳阳市临湘市,Z07370,,,0,,,2024-09-24 10:48:35
2644,,新疆维吾尔自治区哈密市伊州区,Z05422,,,0,,,2024-09-24 10:48:41
2645,,山西省晋中市灵石县,Z03961,,,0,,,2024-09-24 11:19:55
2646,,山西省阳泉市郊区,Z09569,,,0,,,2024-09-24 11:19:58
2647,,新疆维吾尔自治区伊犁哈萨克自治州新源县,Z05449,,,0,,,2024-09-24 11:20:00
2648,贵港,广西壮族自治区梧州市万秀区,Z10408,,,0,,,2024-09-24 13:30:44
2649,贵港,广西壮族自治区玉林市玉州区,Z08386,,,0,,,2024-09-24 13:32:30
2650,贵港,广西壮族自治区玉林市博白县,Z08615,,,0,,,2024-09-24 13:32:31
2651,南宁,广西壮族自治区南宁市马山县,Z08161,,,0,,,2024-09-24 13:32:34
2652,南宁,广西壮族自治区南宁市武鸣区,Z09614,,,0,,,2024-09-24 13:32:35
2653,南宁,广西壮族自治区南宁市武鸣区,Z09613,,,0,,,2024-09-24 13:32:36
2654,南宁,广西壮族自治区南宁市宾阳县,Z08153,,,0,,,2024-09-24 13:32:36
2655,柳州,广西壮族自治区河池市东兰县,Z08268,,,0,,,2024-09-24 13:32:37
2656,贵港,广西壮族自治区贵港市港北区,Z08425,,,0,,,2024-09-24 13:32:41
2657,海口,海南省屯昌县屯昌县,Z08003,,,0,,,2024-09-24 13:42:44
2658,海口,,Z08012,,,0,,,2024-09-24 13:42:56
2659,,安徽省宣城市郎溪县,Z06560,,,0,,,2024-09-24 14:02:53
2660,,山西省忻州市繁峙县,Z04019,,,0,,,2024-09-24 14:03:05
2661,,山西省晋中市祁县,Z03971,,,0,,,2024-09-24 14:03:09
2662,,山西省晋中市祁县,Z03973,,,0,,,2024-09-24 14:03:10
2664,,河北省廊坊市永清县,Z04368,,,0,,,2024-09-24 14:03:21
2665,,山西省朔州市应县,Z04004,,,0,,,2024-09-24 14:03:23
2666,,山东省滨州市无棣县,Z05894,,,0,,,2024-09-24 14:03:24
2667,南京,江苏省南京市建邺区,Z10061,,,0,,,2024-09-24 14:03:27
2668,,甘肃省庆阳市正宁县,Z05474,,,0,,,2024-09-24 14:13:19
2669,,青海省海西蒙古族藏族自治州德令哈市,Z05775,,,0,,,2024-09-24 14:13:35
2670,,甘肃省陇南市西和县,Z05472,,,0,,,2024-09-24 14:13:49
2671,武汉,湖北省武汉市江汉区,Z09898,,,0,,,2024-09-24 14:13:53
2672,,贵州省黔东南苗族侗族自治州锦屏县,Z06770,,,0,,,2024-09-24 14:34:15
2673,,四川省资阳市乐至县,Z07704,,,0,,,2024-09-24 14:34:33
2674,,黑龙江省绥化市庆安县,Z04610,,,0,,,2024-09-24 14:44:41
2675,,黑龙江省哈尔滨市道里区,Z04522,,,0,,,2024-09-24 14:44:46
2676,,山东省菏泽市东明县,Z05879,,,0,,,2024-09-24 14:55:02
2677,荆州,湖北省荆门市京山市,Z07502,,,0,,,2024-09-24 14:55:07
2678,,安徽省马鞍山市当涂县,Z06567,,,0,,,2024-09-24 14:55:10
2679,,陕西省咸阳市乾县,Z05646,,,0,,,2024-09-24 14:55:13
2680,,山东省菏泽市牡丹区,Z09880,,,0,,,2024-09-24 15:48:25
2681,荆州,湖北省恩施土家族苗族自治州建始县,Z07495,,,0,,,2024-09-24 15:48:37
2682,长沙,湖南省常德市石门县,Z07301,,,0,,,2024-09-24 15:48:40
2683,衡阳,湖南省郴州市临武县,Z07473,,,0,,,2024-09-24 15:48:41
2684,,安徽省芜湖市无为市,Z06509,,,0,,,2024-09-24 16:11:37
2685,深圳,广东省东莞市,Z10458,,,0,,,2024-09-24 16:11:50
2686,,黑龙江省双鸭山市饶河县,Z04597,,,0,,,2024-09-24 16:40:48
2687,,青海省玉树藏族自治州囊谦县,Z05782,,,0,,,2024-09-24 16:40:50
2688,,青海省玉树藏族自治州称多县,Z05800,,,0,,,2024-09-24 16:40:51
2689,,辽宁省鞍山市海城市,Z04447,,,0,,,2024-09-24 16:40:55
2690,,内蒙古自治区包头市昆都仑区,Z09722,,,0,,,2024-09-24 16:41:10
2691,,辽宁省营口市鲅鱼圈区,Z04489,,,0,,,2024-09-24 16:41:16
2692,,河南省南阳市桐柏县,Z04893,,,0,,,2024-09-24 16:41:43
2693,,四川省达州市开江县,Z07750,,,0,,,2024-09-24 16:41:46
2694,上海,浙江省舟山市普陀区,Z06586,,,0,,,2024-09-24 16:41:48
2695,,山西省长治市武乡县,Z04055,,,0,,,2024-09-24 16:41:52
2696,,宁夏回族自治区吴忠市红寺堡区,Z05645,,,0,,,2024-09-24 16:41:53
2697,海口,,Z08005,,,0,,,2024-09-24 16:41:54
2698,赣州,江西省吉安市井冈山市,Z08939,,,0,,,2024-09-24 16:41:59
2699,南昌,江西省南昌市,Z09752,,,0,,,2024-09-24 16:42:01
2700,南昌,江西省新余市渝水区,Z09300,,,0,,,2024-09-24 16:42:04
2701,,云南省临沧市永德县,Z06996,,,0,,,2024-09-24 16:42:06
2702,南昌,江西省九江市修水县,Z07869,,,0,,,2024-09-24 16:42:20
2703,,陕西省宝鸡市扶风县,Z05595,,,0,,,2024-09-24 16:42:28
2704,淮安,江苏省盐城市东台市,Z06332,,,0,,,2024-09-24 16:42:29
2705,,新疆维吾尔自治区阿拉尔市阿拉尔市,Z05741,,,0,,,2024-09-24 16:43:58
2706,贵港,广西壮族自治区南宁市兴宁区,Z02559,,,0,,,2024-09-24 17:16:58
2707,柳州,广西壮族自治区南宁市兴宁区,Z00542,,,0,,,2024-09-24 17:17:24
2708,,吉林省通化市梅河口市,Z04685,,,0,,,2024-09-24 17:19:10
2709,,河北省承德市承德县,Z04355,,,0,,,2024-09-24 17:20:28
2710,武汉,湖北省黄冈市英山县,Z07243,,,0,,,2024-09-24 17:20:29
2711,武汉,湖北省黄冈市罗田县,Z07555,,,0,,,2024-09-24 17:20:29
2712,,新疆维吾尔自治区克拉玛依市白碱滩区,Z09953,,,0,,,2024-09-24 17:20:34
2713,,辽宁省丹东市宽甸满族自治县,Z04485,,,0,,,2024-09-24 17:21:05
2714,,辽宁省辽阳市弓长岭区,Z10127,,,0,,,2024-09-24 17:21:05
2715,,河北省沧州市青县,Z08678,,,0,,,2024-09-24 17:21:06
2716,海口,海南省海口市秀英区,Z10064,,,0,,,2024-09-24 17:21:08
2717,,河北省衡水市武强县,Z08703,,,0,,,2024-09-24 17:21:17
2718,,安徽省滁州市,Z09740,,,0,,,2024-09-24 17:58:00
2719,长沙,湖南省张家界市武陵源区,Z07402,,,0,,,2024-09-24 18:01:58
2720,,安徽省亳州市蒙城县,Z06538,,,0,,,2024-09-24 18:02:00
2721,,陕西省渭南市华阴市,Z05607,,,0,,,2024-09-24 18:02:03
2722,,四川省雅安市荥经县,Z07691,,,0,,,2024-09-24 18:02:05
2723,,四川省内江市市中区,Z09759,,,0,,,2024-09-24 18:02:08
2724,,陕西省延安市子长市,Z05623,,,0,,,2024-09-24 18:02:09
2725,淮安,江苏省扬州市仪征市,Z06341,,,0,,,2024-09-24 18:02:09
2726,,黑龙江省七台河市勃利县,Z04591,,,0,,,2024-09-24 18:02:10
2727,贵港,广西壮族自治区玉林市博白县,Z08388,,,0,,,2024-09-24 18:02:20
2728,淮安,江苏省镇江市扬中市,Z06344,,,0,,,2024-09-24 18:02:26
2729,,贵州省遵义市余庆县,Z06937,,,0,,,2024-09-24 18:02:30
2730,,贵州省黔南布依族苗族自治州惠水县,Z06743,,,0,,,2024-09-24 18:02:31
2731,,贵州省黔东南苗族侗族自治州岑巩县,Z06764,,,0,,,2024-09-24 18:02:32
2732,,贵州省贵阳市开阳县,Z06756,,,0,,,2024-09-24 18:02:40
2733,福州,福建省三明市将乐县,Z09033,,,0,,,2024-09-24 18:02:42
2734,南京,江苏省苏州市常熟市,Z06623,,,0,,,2024-09-24 18:02:57
2735,,陕西省西安市临潼区,Z05580,,,0,,,2024-09-24 18:03:16
2736,,山西省晋中市寿阳县,Z03972,,,0,,,2024-09-24 18:03:24
2737,,山西省忻州市代县,Z09572,,,0,,,2024-09-24 18:03:25
2738,上海,浙江省嘉兴市平湖市,000001,,,0,,,2024-09-24 18:03:26
2739,,贵州省黔西南布依族苗族自治州册亨县,Z06797,,,0,,,2024-09-24 18:03:30
2740,,河南省濮阳市华龙区,Z04955,,,0,,,2024-09-24 18:03:36
2741,,安徽省宣城市宁国市,Z06533,,,0,,,2024-09-24 18:45:10
2742,,陕西省西安市雁塔区,Z09959,,,0,,,2024-09-25 09:12:54
2743,,河北省石家庄市裕华区,Z08591,,,0,,,2024-09-25 10:25:53
2744,,安徽省滁州市明光市,Z06514,,,0,,,2024-09-25 10:36:10
2745,淮安,江苏省镇江市句容市,Z06352,,,0,,,2024-09-25 10:36:13
2746,,浙江省金华市东阳市,Z08851,,,0,,,2024-09-25 10:36:29
2748,海口,海南省昌江黎族自治县昌江黎族自治县,Z07992,,,0,,,2024-09-25 11:07:01
2749,,河南省新乡市延津县,Z05041,,,0,,,2024-09-25 11:07:12
2750,,河南省安阳市滑县,Z05014,,,0,,,2024-09-25 11:07:12
2751,荆州,湖北省荆州市江陵县,Z07913,,,0,,,2024-09-25 13:22:44
2752,,辽宁省大连市庄河市,Z04481,,,0,,,2024-09-25 14:35:15
2753,,辽宁省沈阳市浑南区,Z10133,,,0,,,2024-09-25 14:35:45
2754,,内蒙古自治区鄂尔多斯市伊金霍洛旗,Z04845,,,0,,,2024-09-25 15:17:27
2755,,内蒙古自治区乌兰察布市兴和县,Z08613,,,0,,,2024-09-25 15:17:28
2756,,内蒙古自治区乌兰察布市丰镇市,Z08610,,,0,,,2024-09-25 15:17:29
2757,湛江,广东省云浮市罗定市,Z06379,,,0,,,2024-09-25 15:18:14
2758,,内蒙古自治区鄂尔多斯市准格尔旗,Z04846,,,0,,,2024-09-25 15:18:58
2759,,陕西省宝鸡市凤翔区,Z05594,,,0,,,2024-09-25 15:41:50
2760,,陕西省安康市紫阳县,Z05592,,,0,,,2024-09-25 15:41:52
2761,,甘肃省天水市张家川回族自治县,Z05541,,,0,,,2024-09-25 15:41:54
2762,赣州,江西省赣州市会昌县,Z08929,,,0,,,2024-09-25 15:42:46
2763,长沙,湖南省岳阳市岳阳县,Z07374,,,0,,,2024-09-25 15:42:47
2764,荆州,湖北省荆州市公安县,Z07507,,,0,,,2024-09-25 15:42:50
2765,,四川省南充市仪陇县,Z10436,,,0,,,2024-09-25 15:43:21
2766,武汉,湖北省黄冈市蕲春县,Z07247,,,0,,,2024-09-25 15:57:05
2767,,安徽省合肥市庐江县,Z06503,,,0,,,2024-09-25 16:19:54
2768,,山东省淄博市淄川区,Z05848,,,0,,,2024-09-25 16:20:21
2769,,浙江省丽水市庆元县,Z06463,,,0,,,2024-09-25 16:20:30
2770,,浙江省丽水市松阳县,Z06457,,,0,,,2024-09-25 16:20:31
2771,,安徽省马鞍山市含山县,Z06565,,,0,,,2024-09-25 16:20:41
2772,,山东省日照市莒县,Z05933,,,0,,,2024-09-25 16:21:38
2773,南京,江苏省南通市海安市,Z06619,,,0,,,2024-09-25 16:22:10
2774,,黑龙江省哈尔滨市依兰县,Z04524,,,0,,,2024-09-25 16:22:16
2775,南京,江苏省南通市如皋市,Z06621,,,0,,,2024-09-25 16:22:26
2776,,辽宁省沈阳市法库县,Z04492,,,0,,,2024-09-25 16:22:47
2777,,辽宁省营口市大石桥市,Z04470,,,0,,,2024-09-25 16:22:49
2778,,,Z10081,,,0,,,2024-09-25 16:22:50
2779,,山东省菏泽市定陶区,Z05901,,,0,,,2024-09-25 16:22:51
2780,,河南省商丘市民权县,Z04991,,,0,,,2024-09-25 16:50:48
2781,,陕西省汉中市城固县,Z05644,,,0,,,2024-09-25 16:52:03
2782,,陕西省铜川市印台区,Z10085,,,0,,,2024-09-25 16:52:08
2783,,河北省石家庄市长安区,Z08855,,,0,,,2024-09-25 16:52:09
2784,,河北省保定市定兴县,Z08674,,,0,,,2024-09-25 16:52:11
2785,武汉,湖北省黄石市阳新县,Z07249,,,0,,,2024-09-25 16:52:16
2786,,河北省张家口市康保县,Z04379,,,0,,,2024-09-25 16:52:26
2787,,河北省张家口市阳原县,Z04382,,,0,,,2024-09-25 16:52:26
2788,,河北省张家口市万全区,Z10221,,,0,,,2024-09-25 16:52:26
2789,,河北省张家口市涿鹿县,Z04384,,,0,,,2024-09-25 16:52:27
2790,,贵州省黔南布依族苗族自治州瓮安县,Z06752,,,0,,,2024-09-25 16:53:02
2791,南昌,江西省萍乡市上栗县,Z09936,,,0,,,2024-09-25 16:53:09
2792,南昌,江西省上饶市德兴市,Z09289,,,0,,,2024-09-25 16:53:11
2793,南昌,江西省上饶市横峰县,Z09291,,,0,,,2024-09-25 16:53:11
2794,,四川省德阳市绵竹市,Z07604,,,0,,,2024-09-25 16:53:28
2795,,辽宁省大连市普兰店区,Z04473,,,0,,,2024-09-25 16:53:37
2796,,内蒙古自治区赤峰市宁城县,Z04514,,,0,,,2024-09-25 16:53:38
2797,湛江,广东省湛江市霞山区,Z06369,,,0,,,2024-09-25 17:22:18
2798,广州,广东省韶关市始兴县,Z08036,,,0,,,2024-09-25 17:23:49
2799,湛江,广东省江门市台山市,Z06376,,,0,,,2024-09-25 17:24:44
2800,,贵州省黔西南布依族苗族自治州晴隆县,Z06799,,,0,,,2024-09-25 17:25:20
2801,,甘肃省金昌市永昌县,Z05556,,,0,,,2024-09-25 17:25:26
2802,,山西省忻州市代县,Z04017,,,0,,,2024-09-25 17:25:28
2803,,陕西省渭南市富平县,Z05605,,,0,,,2024-09-25 17:25:34
2804,邵阳,湖南省娄底市新化县,Z09522,,,0,,,2024-09-25 17:25:35
2805,长沙,湖南省常德市桃源县,Z07302,,,0,,,2024-09-25 17:25:37
2806,衡阳,湖南省衡阳市耒阳市,Z07484,,,0,,,2024-09-25 17:25:40
2807,南京,江苏省南通市如东县,Z06658,,,0,,,2024-09-25 17:59:19
2808,,山东省潍坊市坊子区,Z10479,,,0,,,2024-09-25 17:59:20
2809,,浙江省丽水市景宁畲族自治县,Z06461,,,0,,,2024-09-25 17:59:26
2810,,河北省沧州市河间市,Z08733,,,0,,,2024-09-25 17:59:41
2811,,内蒙古自治区鄂尔多斯市鄂托克前旗,Z04863,,,0,,,2024-09-25 17:59:48
2812,,山东省东营市河口区,Z06036,,,0,,,2024-09-25 17:59:50
2813,,新疆维吾尔自治区吐鲁番市托克逊县,Z05428,,,0,,,2024-09-25 17:59:52
2814,南昌,江西省南昌市安义县,Z07796,,,0,,,2024-09-25 17:59:55
2815,,云南省红河哈尼族彝族自治州泸西县,Z07065,,,0,,,2024-09-25 18:00:06
2816,,山东省济宁市金乡县,Z05882,,,0,,,2024-09-25 18:00:12
2817,,云南省德宏傣族景颇族自治州梁河县,Z06997,,,0,,,2024-09-25 18:00:12
2818,,河北省邯郸市临漳县,Z08684,,,0,,,2024-09-25 18:00:23
2819,,河北省邯郸市肥乡区,Z08690,,,0,,,2024-09-25 18:00:23
2820,,山西省太原市娄烦县,Z04007,,,0,,,2024-09-25 18:00:27
2821,,浙江省丽水市遂昌县,Z06458,,,0,,,2024-09-25 18:00:30
2822,,重庆市重庆市铜梁区,Z06908,,,0,,,2024-09-25 18:00:33
2823,,重庆市重庆市巫山县,Z09231,,,0,,,2024-09-25 18:00:38
2824,泉州,福建省泉州市安溪县,Z10300,,,0,,,2024-09-25 18:00:49
2825,泉州,福建省泉州市安溪县,Z09204,,,0,,,2024-09-25 18:00:49
2826,,山西省阳泉市平定县,Z04030,,,0,,,2024-09-26 11:08:36
2827,,新疆维吾尔自治区阿拉尔市阿拉尔市,Z05681,,,0,,,2024-09-26 11:08:54
2828,,河南省郑州市新密市,Z04975,,,0,,,2024-09-26 11:32:40
2829,,河南省济源市济源市,Z10020,,,0,,,2024-09-26 11:33:02
2830,,河南省济源市济源市,Z04935,,,0,,,2024-09-26 11:33:07
2831,,河南省安阳市内黄县,Z04934,,,0,,,2024-09-26 11:34:07
2832,衡阳,湖南省郴州市永兴县,Z07466,,,0,,,2024-09-26 11:34:25
2833,,新疆维吾尔自治区伊犁哈萨克自治州尼勒克县,Z05438,,,0,,,2024-09-26 11:34:38
2834,南昌,江西省南昌市东湖区,Z09748,,,0,,,2024-09-26 12:00:15
2835,,新疆维吾尔自治区喀什地区泽普县,Z05713,,,0,,,2024-09-26 13:19:10
2836,广州,广东省江门市新会区,Z08735,,,0,,,2024-09-26 13:44:33
2837,,陕西省渭南市合阳县,Z05606,,,0,,,2024-09-26 14:12:50
2838,,青海省海东市循化撒拉族自治县,Z05785,,,0,,,2024-09-26 14:12:51
2839,,青海省海东市互助土族自治县,Z05784,,,0,,,2024-09-26 14:12:52
2840,,陕西省延安市宜川县,Z05621,,,0,,,2024-09-26 14:12:53
2841,,陕西省延安市延川县,Z05575,,,0,,,2024-09-26 14:12:53
2842,,陕西省延安市甘泉县,Z05615,,,0,,,2024-09-26 14:12:53
2843,,陕西省延安市洛川县,Z05617,,,0,,,2024-09-26 14:13:24
2844,,青海省黄南藏族自治州同仁市,Z05787,,,0,,,2024-09-26 14:14:15
2845,,黑龙江省大兴安岭地区塔河县,Z04593,,,0,,,2024-09-26 14:14:59
2846,,黑龙江省双鸭山市集贤县,Z04569,,,0,,,2024-09-26 14:15:00
2847,,黑龙江省齐齐哈尔市富裕县,Z04534,,,0,,,2024-09-26 14:15:00
2848,,黑龙江省黑河市孙吴县,Z04607,,,0,,,2024-09-26 14:15:01
2849,,黑龙江省大兴安岭地区漠河市,Z04590,,,0,,,2024-09-26 14:15:01
2850,,四川省阿坝藏族羌族自治州松潘县,Z07573,,,0,,,2024-09-26 14:15:05
2851,,四川省阿坝藏族羌族自治州九寨沟县,Z07567,,,0,,,2024-09-26 14:15:06
2852,,四川省凉山彝族自治州普格县,Z07737,,,0,,,2024-09-26 14:15:07
2853,武汉,湖北省武汉市汉阳区,Z09896,,,0,,,2024-09-26 14:15:18
2854,,河北省承德市平泉市,Z04352,,,0,,,2024-09-26 14:44:30
2855,淮安,江苏省盐城市响水县,Z06336,,,0,,,2024-09-26 14:44:33
2856,,山东省德州市宁津县,Z05875,,,0,,,2024-09-26 14:44:44
2858,武汉,湖北省十堰市茅箭区,Z09889,,,0,,,2024-09-26 14:44:54
2859,荆州,湖北省荆州市监利市,Z07515,,,0,,,2024-09-26 15:15:24
2860,邵阳,湖南省永州市新田县,Z07424,,,0,,,2024-09-26 15:15:34
2861,荆州,湖北省宜昌市秭归县,Z07552,,,0,,,2024-09-26 15:15:47
2862,,内蒙古自治区鄂尔多斯市达拉特旗,Z04839,,,0,,,2024-09-26 15:47:14
2863,,,Z04860,,,0,,,2024-09-26 15:47:14
2864,,内蒙古自治区巴彦淖尔市乌拉特中旗,Z06031,,,0,,,2024-09-26 15:47:14
2865,深圳,广东省深圳市光明区,Z08847,,,0,,,2024-09-26 15:48:15
2866,,河南省洛阳市伊川县,Z04941,,,0,,,2024-09-26 15:48:33
2867,广州,广东省广州市增城区,Z10463,,,0,,,2024-09-26 15:48:40
2868,荆州,湖北省恩施土家族苗族自治州宣恩县,Z07500,,,0,,,2024-09-26 15:48:41
2869,淮安,江苏省徐州市贾汪区,Z08853,,,0,,,2024-09-26 16:22:17
2870,,山西省长治市上党区,Z04058,,,0,,,2024-09-26 16:22:46
2871,上海,江苏省苏州市昆山市,Z10462,,,0,,,2024-09-26 16:22:51
2872,,山西省运城市永济市,Z10149,,,0,,,2024-09-26 16:23:48
2873,,安徽省黄山市徽州区,Z09425,,,0,,,2024-09-26 16:59:17
2874,,四川省凉山彝族自治州盐源县,Z07726,,,0,,,2024-09-26 16:59:19
2875,,四川省凉山彝族自治州昭觉县,Z07723,,,0,,,2024-09-26 16:59:20
2876,,安徽省宿州市砀山县,Z06554,,,0,,,2024-09-26 16:59:22
2877,,安徽省阜阳市颍州区,Z09849,,,0,,,2024-09-26 16:59:22
2878,,安徽省合肥市巢湖市,Z06500,,,0,,,2024-09-26 16:59:24
2879,,安徽省阜阳市颍州区,Z06546,,,0,,,2024-09-26 16:59:40
2880,,吉林省辽源市东丰县,Z04671,,,0,,,2024-09-26 16:59:45
2881,,吉林省白城市镇赉县,Z04653,,,0,,,2024-09-26 16:59:51
2882,,河北省沧州市运河区,Z08728,,,0,,,2024-09-26 17:00:14
2883,,贵州省黔西南布依族苗族自治州普安县,Z06798,,,0,,,2024-09-26 17:00:18
2884,,安徽省马鞍山市和县,Z06558,,,0,,,2024-09-26 17:00:22
2885,,河北省邢台市沙河市,Z08642,,,0,,,2024-09-26 17:00:31
2886,,河北省保定市安国市,Z08661,,,0,,,2024-09-26 17:00:32
2887,,河北省衡水市故城县,Z08707,,,0,,,2024-09-26 17:00:32
2889,,贵州省黔东南苗族侗族自治州剑河县,Z06769,,,0,,,2024-09-26 17:00:41
2890,,四川省眉山市洪雅县,Z07657,,,0,,,2024-09-26 17:00:57
2891,,四川省乐山市夹江县,Z07641,,,0,,,2024-09-26 17:00:58
2892,,四川省眉山市仁寿县,Z07773,,,0,,,2024-09-26 17:00:59
2893,,云南省文山壮族苗族自治州丘北县,Z07032,,,0,,,2024-09-26 17:01:02
2894,,甘肃省临夏回族自治州临夏县,Z09493,,,0,,,2024-09-26 17:38:25
2895,,甘肃省临夏回族自治州广河县,Z05544,,,0,,,2024-09-26 17:38:26
2896,,安徽省合肥市包河区,Z09426,,,0,,,2024-09-26 17:38:34
2897,,甘肃省庆阳市镇原县,Z05473,,,0,,,2024-09-26 17:39:07
2898,,甘肃省白银市靖远县,Z05479,,,0,,,2024-09-26 17:39:41
2900,,新疆维吾尔自治区昌吉回族自治州呼图壁县,Z05414,,,0,,,2024-09-26 17:40:13
2901,,山西省晋中市平遥县,Z03962,,,0,,,2024-09-26 17:40:15
2902,,山西省临汾市尧都区,Z09583,,,0,,,2024-09-26 17:40:19
2903,,安徽省芜湖市繁昌区,Z06568,,,0,,,2024-09-26 17:40:33
2904,,宁夏回族自治区吴忠市青铜峡市,Z05648,,,0,,,2024-09-26 17:40:33
2905,广州,,Z08008,,,0,,,2024-09-26 18:21:02
2906,,贵州省黔南布依族苗族自治州贵定县,Z06725,,,0,,,2024-09-26 18:21:44
2907,,河南省新乡市获嘉县,Z05040,,,0,,,2024-09-26 18:22:11
2908,,云南省迪庆藏族自治州维西傈僳族自治县,Z07057,,,0,,,2024-09-26 18:22:13
2909,长沙,湖南省湘西土家族苗族自治州凤凰县,Z07334,,,0,,,2024-09-26 18:23:00
2910,衡阳,湖南省郴州市嘉禾县,Z07471,,,0,,,2024-09-26 18:23:02
2911,东莞,广东省东莞市东莞市,Z08021,,,0,,,2024-09-27 09:18:25
2912,,内蒙古自治区赤峰市翁牛特旗,Z04509,,,0,,,2024-09-27 09:18:35
2913,,内蒙古自治区赤峰市敖汉旗,Z04507,,,0,,,2024-09-27 09:18:38
2914,武汉,湖北省荆州市荆州区,,,,0,,,2024-09-27 10:33:48
2915,,甘肃省张掖市甘州区,Z09499,,,0,,,2024-09-27 11:09:32
2916,,甘肃省张掖市高台县,Z05470,,,0,,,2024-09-27 11:09:33
2917,,甘肃省平凉市静宁县,Z05480,,,0,,,2024-09-27 11:10:28
2918,,安徽省蚌埠市禹会区,Z09421,,,0,,,2024-09-27 11:32:05
2919,,四川省乐山市峨眉山市,Z07640,,,0,,,2024-09-27 11:32:39
2920,淮安,江苏省淮安市盱眙县,Z06349,,,0,,,2024-09-27 11:33:45
2921,,山西省临汾市吉县,Z03983,,,0,,,2024-09-27 11:34:33
2922,,山西省临汾市乡宁县,Z03988,,,0,,,2024-09-27 11:34:33
2923,武汉,湖北省鄂州市梁子湖区,Z07943,,,0,,,2024-09-27 11:35:01
2924,,,Z06477,,,0,,,2024-09-27 11:35:22
2925,,黑龙江省牡丹江市宁安市,Z04594,,,0,,,2024-09-27 13:15:49
2926,邵阳,湖南省邵阳市邵东市,Z07906,,,0,,,2024-09-27 13:16:27
2927,,黑龙江省鹤岗市萝北县,Z04567,,,0,,,2024-09-27 14:09:47
2928,,内蒙古自治区呼伦贝尔市鄂温克族自治旗,Z04624,,,0,,,2024-09-27 14:09:47
2929,武汉,湖北省黄冈市麻城市,Z07239,,,0,,,2024-09-27 14:36:52
2930,,云南省迪庆藏族自治州德钦县,Z07010,,,0,,,2024-09-27 15:05:08
2931,,云南省普洱市镇沅彝族哈尼族拉祜族自治县,Z07156,,,0,,,2024-09-27 15:05:09
2932,,河南省驻马店市遂平县,Z04869,,,0,,,2024-09-27 15:05:10
2933,,河南省许昌市襄城县,Z04926,,,0,,,2024-09-27 15:05:15
2934,武汉,湖北省武汉市武昌区,Z09896,,,0,,,2024-09-27 15:05:23
2935,,云南省大理白族自治州云龙县,Z06986,,,0,,,2024-09-27 15:05:26
2936,,山西省大同市阳高县,Z03958,,,0,,,2024-09-27 16:06:05
2937,,河北省唐山市古冶区,Z10060,,,0,,,2024-09-27 16:07:07
2938,,浙江省衢州市龙游县,Z06465,,,0,,,2024-09-27 16:07:13
2939,南京,江苏省南通市海门区,Z06605,,,0,,,2024-09-27 16:07:17
2940,,山东省潍坊市青州市,Z05942,,,0,,,2024-09-27 16:07:22
2941,南京,江苏省南通市启东市,Z06620,,,0,,,2024-09-27 16:07:33
2942,,四川省攀枝花市米易县,Z07719,,,0,,,2024-09-27 16:39:32
2943,,陕西省榆林市府谷县,Z05626,,,0,,,2024-09-27 16:39:43
2944,,贵州省黔东南苗族侗族自治州黄平县,Z06768,,,0,,,2024-09-27 16:39:55
2945,,黑龙江省哈尔滨市方正县,Z04523,,,0,,,2024-09-27 16:39:58
2946,荆州,湖北省荆门市沙洋县,Z07503,,,0,,,2024-09-27 16:40:12
2947,,新疆维吾尔自治区喀什地区岳普湖县,Z05712,,,0,,,2024-09-27 16:40:16
2948,,河南省焦作市解放区,Z10008,,,0,,,2024-09-27 17:15:26
2949,,河南省焦作市修武县,Z05004,,,0,,,2024-09-27 17:15:30
2950,荆州,湖北省恩施土家族苗族自治州鹤峰县,Z07493,,,0,,,2024-09-27 17:15:45
2951,,云南省临沧市沧源佤族自治县,Z07008,,,0,,,2024-09-27 17:15:49
2952,,云南省大理白族自治州大理市,Z07001,,,0,,,2024-09-27 17:15:50
2953,,陕西省西安市蓝田县,Z05610,,,0,,,2024-09-27 17:16:03
2954,赣州,江西省赣州市安远县,Z08925,,,0,,,2024-09-27 17:16:04
2955,荆州,湖北省襄阳市南漳县,Z07540,,,0,,,2024-09-27 17:16:15
2956,福州,福建省宁德市柘荣县,Z06158,,,0,,,2024-09-27 17:16:19
2957,海口,海南省定安县定安县,Z07995,,,0,,,2024-09-27 17:59:59
2958,福州,福建省三明市清流县,Z08981,,,0,,,2024-09-27 18:01:28
2959,,黑龙江省绥化市绥棱县,Z04575,,,0,,,2024-09-27 18:01:47
2960,,安徽省淮南市寿县,Z06510,,,0,,,2024-09-27 18:01:47
2961,深圳,广东省深圳市福田区,Z08059,,,0,,,2024-09-27 18:01:48
2962,,,Z05798,,,0,,,2024-09-27 18:01:48
2963,,山东省潍坊市安丘市,Z05941,,,0,,,2024-09-27 18:02:01
2964,,甘肃省武威市天祝藏族自治县,Z05552,,,0,,,2024-09-27 18:02:37
2965,,甘肃省甘南藏族自治州迭部县,Z05486,,,0,,,2024-09-27 18:02:38
2966,,甘肃省甘南藏族自治州玛曲县,Z05469,,,0,,,2024-09-27 18:02:39
2967,,辽宁省朝阳市凌源市,Z10115,,,0,,,2024-09-27 18:02:42
2968,杭州,浙江省舟山市岱山县,Z06438,,,0,,,2024-09-27 18:50:11
2969,杭州,浙江省嘉兴市南湖区,Z09080,,,0,,,2024-09-27 18:50:26
2970,南宁,广西壮族自治区北海市合浦县,Z08215,,,0,,,2024-09-27 18:50:30
2974,,重庆市重庆市城口县,Z06890,,,0,,,2024-09-27 19:39:27
2975,,重庆市重庆市巫山县,Z09227,,,0,,,2024-09-27 19:39:28
2976,邵阳,湖南省永州市蓝山县,Z07427,,,0,,,2024-09-27 19:39:47
2977,,宁夏回族自治区银川市灵武市,Z05639,,,0,,,2024-09-27 19:39:57
2978,武汉,湖北省十堰市郧阳区,Z10340,,,0,,,2024-09-27 19:40:00
2979,武汉,湖北省黄石市大冶市,Z07245,,,0,,,2024-09-27 19:40:02
2980,长沙,湖南省株洲市天元区,Z07378,,,0,,,2024-09-27 19:40:05
2981,,云南省昭通市永善县,Z07218,,,0,,,2024-09-27 19:40:09
2982,,陕西省咸阳市永寿县,Z08878,,,0,,,2024-09-27 19:40:10
2983,荆州,湖北省恩施土家族苗族自治州巴东县,Z07492,,,0,,,2024-09-27 19:40:15
2984,长沙,湖南省岳阳市平江县,Z07372,,,0,,,2024-09-27 19:40:16
2985,,宁夏回族自治区中卫市沙坡头区,Z05587,,,0,,,2024-09-27 19:40:20
2986,,山东省枣庄市市中区,Z09412,,,0,,,2024-09-27 19:40:30
2987,,山东省枣庄市山亭区,Z09411,,,0,,,2024-09-27 19:40:31
2988,广州,海南省海口市秀英区,,,,0,,,2024-09-29 09:27:52
2989,长沙,湖南省常德市津市市,Z07298,,,0,,,2024-09-29 09:29:42
2990,福州,福建省福州市闽侯县,Z09029,,,0,,,2024-09-29 10:21:28
2991,,山东省临沂市兰陵县,Z09406,,,0,,,2024-09-29 10:48:08
2992,,山东省枣庄市台儿庄区,Z06045,,,0,,,2024-09-29 10:48:08
2993,,山东省临沂市沂水县,Z05862,,,0,,,2024-09-29 10:48:10
2994,,山东省济宁市邹城市,Z05819,,,0,,,2024-09-29 10:48:13
2995,,山东省德州市夏津县,Z05878,,,0,,,2024-09-29 10:48:14
2996,武汉,湖北省武汉市洪山区,Z07267,,,0,,,2024-09-29 11:16:28
2997,荆州,湖北省襄阳市老河口市,Z07538,,,0,,,2024-09-29 13:41:45
2998,武汉,湖北省十堰市竹溪县,Z07560,,,0,,,2024-09-29 13:41:54
2999,,云南省大理白族自治州鹤庆县,Z06993,,,0,,,2024-09-29 13:42:04
3000,,贵州省黔南布依族苗族自治州独山县,Z06741,,,0,,,2024-09-29 13:42:05
3001,荆州,湖北省襄阳市樊城区,Z07536,,,0,,,2024-09-29 14:18:21
3002,,陕西省宝鸡市岐山县,Z05577,,,0,,,2024-09-29 14:18:30
3003,,山东省济南市历下区,Z09399,,,0,,,2024-09-29 14:18:35
3005,,河南省平顶山市鲁山县,Z04909,,,0,,,2024-09-29 14:20:31
3006,,山西省朔州市怀仁市,Z04000,,,0,,,2024-09-29 14:20:40
3007,,陕西省安康市旬阳市,Z05654,,,0,,,2024-09-29 14:20:58
3008,深圳,广东省深圳市福田区,Z07975,,,0,,,2024-09-29 16:17:29
3009,,山西省临汾市襄汾县,Z03989,,,0,,,2024-09-29 16:17:51
3010,,云南省玉溪市江川区,Z07180,,,0,,,2024-09-29 16:17:56
3011,荆州,湖北省襄阳市宜城市,Z07541,,,0,,,2024-09-29 16:18:02
3012,,云南省昭通市盐津县,Z07126,,,0,,,2024-09-29 17:00:34
3013,福州,福建省三明市建宁县,Z06194,,,0,,,2024-09-29 17:00:49
3014,,云南省昭通市大关县,Z07122,,,0,,,2024-09-29 17:01:03
3015,,云南省昭通市鲁甸县,Z07145,,,0,,,2024-09-29 17:01:04
3016,,山东省济宁市嘉祥县,Z05856,,,0,,,2024-09-29 17:45:49
3017,武汉,湖北省十堰市郧西县,Z07262,,,0,,,2024-09-29 17:46:03
3018,,云南省楚雄彝族自治州双柏县,Z07133,,,0,,,2024-09-29 17:46:07
3019,,山东省济宁市梁山县,Z05853,,,0,,,2024-09-29 18:31:32
3021,,云南省普洱市墨江哈尼族自治县,Z07108,,,0,,,2024-09-30 14:26:41
3022,,云南省玉溪市新平彝族傣族自治县,Z07119,,,0,,,2024-09-30 15:21:14
3023,,云南省文山壮族苗族自治州马关县,Z07137,,,0,,,2024-09-30 15:21:14
3024,,云南省玉溪市峨山彝族自治县,Z07116,,,0,,,2024-09-30 15:21:15
3025,,云南省楚雄彝族自治州永仁县,Z07047,,,0,,,2024-09-30 15:21:16
3026,,黑龙江省双鸭山市友谊县,Z04595,,,0,,,2024-10-08 13:08:42
3027,,云南省临沧市耿马傣族佤族自治县,Z06992,,,0,,,2024-10-08 13:08:52
3028,,云南省楚雄彝族自治州禄丰市,Z07141,,,0,,,2024-10-08 13:08:56
3029,广州,广东省韶关市仁化县,Z08442,,,0,,,2024-10-08 13:19:30
3030,,新疆维吾尔自治区阿勒泰地区富蕴县,Z05404,,,0,,,2024-10-08 13:50:38
3031,,新疆维吾尔自治区阿勒泰地区布尔津县,Z05402,,,0,,,2024-10-08 13:50:38
3032,,新疆维吾尔自治区塔城地区托里县,Z05446,,,0,,,2024-10-08 13:50:40
3033,,内蒙古自治区兴安盟阿尔山市,Z04694,,,0,,,2024-10-08 14:55:30
3034,,内蒙古自治区兴安盟科尔沁右翼中旗,Z04693,,,0,,,2024-10-08 14:55:32
3035,,内蒙古自治区兴安盟突泉县,Z04692,,,0,,,2024-10-08 14:55:32
3036,,吉林省白城市通榆县,Z04654,,,0,,,2024-10-08 14:55:35
3039,南昌,江西省上饶市婺源县,Z10076,,,0,,,2024-10-08 15:59:28
3040,衡阳,湖南省郴州市资兴市,Z07480,,,0,,,2024-10-08 16:10:59
3041,衡阳,湖南省郴州市桂阳县,Z07472,,,0,,,2024-10-08 16:21:44
3042,柳州,广西壮族自治区桂林市恭城瑶族自治县,Z08253,,,0,,,2024-10-08 16:33:13
3043,广州,广东省韶关市乳源瑶族自治县,Z07971,,,0,,,2024-10-08 16:54:48
3044,广州,广东省肇庆市高要区,Z07982,,,0,,,2024-10-08 16:54:50
3045,,黑龙江省哈尔滨市延寿县,Z04598,,,0,,,2024-10-08 16:55:30
3046,,吉林省白山市临江市,Z04659,,,0,,,2024-10-08 16:55:48
3047,,黑龙江省双鸭山市集贤县,Z10199,,,0,,,2024-10-08 16:55:55
3048,,四川省甘孜藏族自治州德格县,Z07613,,,0,,,2024-10-08 16:56:25
3049,,贵州省遵义市凤冈县,Z09358,,,0,,,2024-10-08 16:56:25
3050,,四川省甘孜藏族自治州炉霍县,Z07620,,,0,,,2024-10-08 16:56:26
3051,,四川省甘孜藏族自治州白玉县,Z07608,,,0,,,2024-10-08 16:56:26
3052,,贵州省遵义市汇川区,Z09471,,,0,,,2024-10-08 16:56:26
3053,,贵州省毕节市纳雍县,Z09333,,,0,,,2024-10-08 16:56:45
3054,柳州,广西壮族自治区河池市天峨县,Z08275,,,0,,,2024-10-08 16:56:55
3055,赣州,江西省吉安市峡江县,Z09258,,,0,,,2024-10-08 16:57:04
3056,赣州,江西省吉安市井冈山市,Z08919,,,0,,,2024-10-08 16:57:05
2015,,,Z09717,,,0,,,2024-09-13 10:50:23
2016,,云南省文山壮族苗族自治州麻栗坡县,Z07112,,,0,,,2024-09-13 10:50:24
2017,淮安,江苏省盐城市大丰区,Z06331,,,0,,,2024-09-13 11:20:30
2018,淮安,江苏省淮安市清江浦区,Z09537,,,0,,,2024-09-13 11:21:09
2019,南京,江苏省苏州市虎丘区,Z09859,,,0,,,2024-09-13 11:21:19
2020,,内蒙古自治区乌兰察布市四子王旗,Z05988,,,0,,,2024-09-13 13:12:24
2021,,内蒙古自治区锡林郭勒盟苏尼特右旗,Z04855,,,0,,,2024-09-13 13:12:26
2022,,内蒙古自治区包头市九原区,Z09736,,,0,,,2024-09-13 13:12:27
2023,湛江,广东省茂名市高州市,Z06364,,,0,,,2024-09-13 13:12:29
2024,湛江,广东省江门市恩平市,Z06373,,,0,,,2024-09-13 13:12:31
2025,,四川省泸州市纳溪区,Z07653,,,0,,,2024-09-13 13:32:23
2026,,四川省广元市旺苍县,Z07636,,,0,,,2024-09-13 13:32:23
2027,,云南省保山市施甸县,Z06965,,,0,,,2024-09-13 13:42:25
2028,,云南省保山市龙陵县,Z06964,,,0,,,2024-09-13 13:42:27
2029,,云南省楚雄彝族自治州大姚县,Z07030,,,0,,,2024-09-13 13:42:28
2030,海口,海南省儋州市,Z10432,,,0,,,2024-09-13 14:22:37
2031,东莞,广东省东莞市东莞市,Z08058,,,0,,,2024-09-13 14:22:43
2032,,黑龙江省齐齐哈尔市拜泉县,Z04537,,,0,,,2024-09-13 14:32:53
2033,,贵州省遵义市播州区,Z06939,,,0,,,2024-09-13 14:32:55
2034,,贵州省毕节市七星关区,Z09337,,,0,,,2024-09-13 14:32:56
2035,,山东省淄博市张店区,Z09413,,,0,,,2024-09-13 14:43:16
2036,杭州,浙江省绍兴市新昌县,Z06435,,,0,,,2024-09-13 14:43:19
2037,,山西省太原市阳曲县,Z04010,,,0,,,2024-09-13 14:43:19
2038,,山西省晋中市昔阳县,Z04031,,,0,,,2024-09-13 14:43:20
2039,杭州,浙江省宁波市海曙区,Z09086,,,0,,,2024-09-13 14:43:22
2040,杭州,浙江省宁波市鄞州区,Z09088,,,0,,,2024-09-13 14:43:23
2041,,浙江省丽水市龙泉市,Z06462,,,0,,,2024-09-13 14:43:30
2042,,浙江省丽水市缙云县,Z06456,,,0,,,2024-09-13 14:43:30
2043,荆州,湖北省天门市天门市,Z07533,,,0,,,2024-09-13 14:43:32
2044,,贵州省遵义市湄潭县,Z06927,,,0,,,2024-09-13 14:43:33
2045,邵阳,湖南省邵阳市隆回县,Z09524,,,0,,,2024-09-13 14:43:36
2046,荆州,湖北省荆州市洪湖市,Z07509,,,0,,,2024-09-13 14:43:38
2047,,贵州省黔南布依族苗族自治州罗甸县,Z06748,,,0,,,2024-09-13 14:43:40
2048,,贵州省毕节市纳雍县,Z06735,,,0,,,2024-09-13 14:43:43
2049,,贵州省贵阳市云岩区,Z09345,,,0,,,2024-09-13 14:43:44
2050,,四川省泸州市泸县,Z07652,,,0,,,2024-09-13 14:43:46
2051,,,Z10293,,,0,,,2024-09-13 14:43:49
2052,武汉,湖北省黄冈市红安县,Z07237,,,0,,,2024-09-13 14:43:51
2053,海口,海南省海口市龙华区,Z08001,,,0,,,2024-09-13 14:53:55
2054,海口,海南省琼海市琼海市,Z08001,,,0,,,2024-09-13 14:54:04
2055,,黑龙江省绥化市青冈县,Z04612,,,0,,,2024-09-13 14:54:17
2056,,贵州省六盘水市钟山区,Z09353,,,0,,,2024-09-13 15:14:27
2057,,四川省南充市营山县,Z07766,,,0,,,2024-09-13 15:14:28
2058,衡阳,湖南省郴州市宜章县,Z07464,,,0,,,2024-09-13 15:24:34
2059,泉州,福建省泉州市惠安县,Z09017,,,0,,,2024-09-13 15:24:36
2060,长沙,湖南省张家界市永定区,Z09511,,,0,,,2024-09-13 15:24:37
2061,邵阳,湖南省永州市东安县,Z07421,,,0,,,2024-09-13 15:24:39
2062,,云南省昭通市绥江县,Z07166,,,0,,,2024-09-13 15:35:04
2063,,吉林省吉林市船营区,Z10285,,,0,,,2024-09-13 15:45:28
2064,,吉林省吉林市桦甸市,Z04667,,,0,,,2024-09-13 15:45:29
2065,赣州,江西省赣州市上犹县,Z08935,,,0,,,2024-09-13 15:55:57
2066,南昌,江西省九江市永修县,Z09284,,,0,,,2024-09-13 15:56:00
2067,衡阳,湖南省郴州市桂东县,Z07488,,,0,,,2024-09-13 15:56:02
2068,邵阳,湖南省怀化市麻阳苗族自治县,Z07436,,,0,,,2024-09-13 15:56:02
2069,,山西省运城市临猗县,Z04038,,,0,,,2024-09-13 16:06:03
2070,广州,广东省韶关市南雄市,Z08033,,,0,,,2024-09-13 16:16:15
2071,广州,广东省广州市海珠区,Z08007,,,0,,,2024-09-13 16:16:27
2072,,贵州省遵义市习水县,Z06921,,,0,,,2024-09-13 16:16:45
2073,荆州,湖北省恩施土家族苗族自治州利川市,Z07497,,,0,,,2024-09-13 16:27:01
2074,荆州,湖北省恩施土家族苗族自治州来凤县,Z07496,,,0,,,2024-09-13 16:27:04
2075,泉州,福建省泉州市丰泽区,Z06235,,,0,,,2024-09-13 16:27:06
2076,,河北省廊坊市文安县,Z04366,,,0,,,2024-09-13 16:27:08
2077,,河北省廊坊市大城县,Z04361,,,0,,,2024-09-13 16:27:08
2078,,四川省甘孜藏族自治州稻城县,Z07611,,,0,,,2024-09-13 16:27:10
2079,,四川省甘孜藏族自治州道孚县,Z07610,,,0,,,2024-09-13 16:27:10
2080,武汉,湖北省仙桃市仙桃市,Z07268,,,0,,,2024-09-13 16:47:40
2081,赣州,江西省赣州市兴国县,Z08913,,,0,,,2024-09-13 16:47:52
2082,广州,广东省清远市英德市,Z08043,,,0,,,2024-09-13 17:00:26
2083,,四川省雅安市汉源县,Z07686,,,0,,,2024-09-13 17:00:35
2084,南昌,江西省九江市庐山市,Z10449,,,0,,,2024-09-13 17:00:42
2085,,河北省石家庄市行唐县,Z08739,,,0,,,2024-09-13 17:13:20
2086,,河北省石家庄市新华区,Z08856,,,0,,,2024-09-13 17:13:21
2087,,河南省驻马店市汝南县,Z04871,,,0,,,2024-09-13 17:13:38
2088,,河南省驻马店市新蔡县,Z04877,,,0,,,2024-09-13 17:13:38
2089,,河南省信阳市潢川县,Z04918,,,0,,,2024-09-13 17:13:39
2090,,河南省许昌市长葛市,Z04927,,,0,,,2024-09-13 17:13:42
2091,,河南省南阳市邓州市,Z04899,,,0,,,2024-09-13 17:13:42
2092,,河南省开封市尉氏县,Z05011,,,0,,,2024-09-13 17:13:57
2093,,河北省邢台市隆尧县,Z08650,,,0,,,2024-09-13 17:14:20
2094,泉州,福建省厦门市同安区,Z06275,,,0,,,2024-09-13 17:15:36
2095,,山东省淄博市临淄区,Z05847,,,0,,,2024-09-13 17:15:36
2096,,山东省菏泽市单县,Z05859,,,0,,,2024-09-13 17:15:40
2097,,安徽省合肥市肥东县,Z06501,,,0,,,2024-09-13 17:35:34
2098,,安徽省六安市舒城县,Z06564,,,0,,,2024-09-13 17:36:00
2099,,云南省曲靖市陆良县,Z07104,,,0,,,2024-09-13 17:36:02
2100,,陕西省渭南市潼关县,Z08888,,,0,,,2024-09-13 17:36:04
2101,,四川省雅安市雨城区,Z09778,,,0,,,2024-09-13 17:37:26
2102,,黑龙江省双鸭山市宝清县,Z04589,,,0,,,2024-09-13 17:37:27
2103,,山东省德州市庆云县,Z05891,,,0,,,2024-09-13 17:37:28
2104,,甘肃省兰州市红古区,Z05491,,,0,,,2024-09-13 17:37:29
2105,,四川省雅安市石棉县,Z07689,,,0,,,2024-09-13 17:37:30
2106,淮安,江苏省盐城市滨海县,Z06330,,,0,,,2024-09-13 17:37:32
2107,淮安,江苏省盐城市射阳县,Z10201,,,0,,,2024-09-13 17:37:33
2108,,山东省泰安市东平县,Z05872,,,0,,,2024-09-13 17:37:33
2109,长沙,湖南省长沙市芙蓉区,Z09517,,,0,,,2024-09-13 17:37:34
2110,,辽宁省辽阳市太子河区,Z10129,,,0,,,2024-09-13 17:37:37
2111,淮安,江苏省盐城市建湖县,Z06334,,,0,,,2024-09-13 17:37:40
2112,,重庆市重庆市涪陵区,Z06895,,,0,,,2024-09-13 17:37:51
2113,,宁夏回族自治区吴忠市利通区,Z05585,,,0,,,2024-09-13 17:37:53
2114,,青海省海南藏族自治州贵德县,Z05793,,,0,,,2024-09-13 17:38:02
2115,,甘肃省定西市安定区,Z09560,,,0,,,2024-09-13 17:38:04
2116,,黑龙江省哈尔滨市尚志市,Z04525,,,0,,,2024-09-13 17:38:05
2117,,重庆市重庆市合川区,Z06896,,,0,,,2024-09-13 17:38:09
2118,广州,广东省广州市海珠区,Z07963,,,0,,,2024-09-13 17:58:54
2119,,河北省保定市,Z08673,,,0,,,2024-09-13 18:00:07
2120,广州,广东省广州市荔湾区,Z09324,,,0,,,2024-09-13 18:00:16
2121,广州,广东省广州市海珠区,Z07962,,,0,,,2024-09-13 18:00:27
2122,广州,广东省广州市海珠区,Z08043,,,0,,,2024-09-13 18:00:34
2123,南宁,广西壮族自治区防城港市上思县,Z09597,,,0,,,2024-09-13 18:22:54
2124,柳州,广西壮族自治区桂林市兴安县,Z09637,,,0,,,2024-09-13 18:22:55
2125,柳州,广西壮族自治区桂林市全州县,Z08260,,,0,,,2024-09-13 18:22:58
2126,南宁,广西壮族自治区南宁市横州市,Z09601,,,0,,,2024-09-13 18:23:00
2127,贵港,广西壮族自治区玉林市陆川县,Z09669,,,0,,,2024-09-13 18:23:00
2128,柳州,广西壮族自治区来宾市兴宾区,Z09647,,,0,,,2024-09-13 18:23:05
2129,柳州,广西壮族自治区柳州市鹿寨县,Z09651,,,0,,,2024-09-13 18:23:08
2130,南宁,广西壮族自治区南宁市上林县,Z08162,,,0,,,2024-09-13 18:23:10
2131,南宁,广西壮族自治区钦州市钦南区,Z09628,,,0,,,2024-09-13 18:23:14
2132,杭州,浙江省宁波市奉化区,Z06428,,,0,,,2024-09-14 10:00:28
2133,杭州,浙江省杭州市淳安县,Z06444,,,0,,,2024-09-14 10:00:29
2134,,浙江省衢州市常山县,Z06466,,,0,,,2024-09-14 10:00:30
2135,,山东省潍坊市高密市,Z05945,,,0,,,2024-09-14 10:30:42
2136,杭州,浙江省杭州市上城区,Z06445,,,0,,,2024-09-14 10:30:46
2137,,山东省泰安市肥城市,Z05873,,,0,,,2024-09-14 10:30:48
2139,,陕西省渭南市白水县,Z05602,,,0,,,2024-09-14 10:50:59
2140,,云南省临沧市凤庆县,Z06991,,,0,,,2024-09-14 10:51:01
2141,,青海省果洛藏族自治州达日县,Z05805,,,0,,,2024-09-14 10:51:02
2142,,青海省果洛藏族自治州班玛县,Z05778,,,0,,,2024-09-14 10:51:02
2143,,重庆市重庆市江津区,Z09917,,,0,,,2024-09-14 10:51:03
2146,,浙江省丽水市青田县,Z06460,,,0,,,2024-09-14 11:11:21
2147,南昌,江西省南昌市,Z09752,,,0,,,2024-09-14 11:21:48
2148,长沙,湖南省湘西土家族苗族自治州龙山县,Z07336,,,0,,,2024-09-14 11:21:50
2149,,四川省达州市达川区,Z09872,,,0,,,2024-09-14 14:13:18
2150,邵阳,湖南省怀化市新晃侗族自治县,Z07437,,,0,,,2024-09-14 14:13:19
2151,长沙,湖南省长沙市开福区,Z07336,,,0,,,2024-09-14 14:23:27
2152,东莞,广东省东莞市东莞市,Z08015,,,0,,,2024-09-14 14:43:24
2153,南宁,广西壮族自治区崇左市凭祥市,Z08087,,,0,,,2024-09-14 14:53:31
2154,,山东省威海市文登区,Z05922,,,0,,,2024-09-14 14:53:38
2155,,河北省邢台市南和区,Z08696,,,0,,,2024-09-14 14:53:42
2156,,河北省沧州市孟村回族自治县,Z08726,,,0,,,2024-09-14 14:53:42
2157,,河北省邢台市襄都区,Z08747,,,0,,,2024-09-14 14:53:42
2158,,河北省石家庄市赞皇县,Z08734,,,0,,,2024-09-14 14:53:43
2159,,贵州省贵阳市云岩区,Z06939,,,0,,,2024-09-14 14:53:45
2160,,河北省石家庄市辛集市,Z08639,,,0,,,2024-09-14 14:53:49
2161,,吉林省通化市集安市,Z04684,,,0,,,2024-09-14 14:53:50
2162,,吉林省松原市乾安县,Z04680,,,0,,,2024-09-14 14:53:53
2163,,黑龙江省伊春市伊美区,Z09700,,,0,,,2024-09-14 14:53:55
2164,,内蒙古自治区鄂尔多斯市康巴什区,Z04845,,,0,,,2024-09-14 14:53:56
2165,,黑龙江省佳木斯市桦川县,Z04554,,,0,,,2024-09-14 14:54:00
2166,,河北省张家口市沽源县,Z04377,,,0,,,2024-09-14 14:54:00
2167,南京,,Z09391,,,0,,,2024-09-14 15:29:25
2168,,四川省甘孜藏族自治州康定市,Z07616,,,0,,,2024-09-14 15:29:37
2169,南昌,江西省上饶市万年县,Z09294,,,0,,,2024-09-14 15:52:28
2170,海口,海南省陵水黎族自治县陵水黎族自治县,Z08000,,,0,,,2024-09-14 16:03:00
2171,海口,海南省保亭黎族苗族自治县保亭黎族苗族自治县,Z07991,,,0,,,2024-09-14 16:03:11
2172,,云南省普洱市景东彝族自治县,Z07034,,,0,,,2024-09-14 16:03:12
2173,,山东省济南市历下区,Z05816,,,0,,,2024-09-14 16:13:31
2174,淮安,江苏省连云港市灌云县,Z06318,,,0,,,2024-09-14 16:21:46
2175,上海,上海市上海市崇明区,Z06600,,,0,,,2024-09-14 16:22:56
2176,淮安,江苏省连云港市海州区,Z09539,,,0,,,2024-09-14 16:22:57
2177,广州,广东省广州市海珠区,Z10314,,,0,,,2024-09-14 16:41:07
2178,,四川省甘孜藏族自治州乡城县,Z07623,,,0,,,2024-09-14 16:43:04
2179,,新疆维吾尔自治区乌鲁木齐市水磨沟区,Z09960,,,0,,,2024-09-14 16:43:04
2180,,甘肃省甘南藏族自治州合作市,Z05485,,,0,,,2024-09-14 16:54:05
2181,,内蒙古自治区阿拉善盟阿拉善右旗,Z05530,,,0,,,2024-09-14 16:54:11
2182,,贵州省六盘水市盘州市,Z06783,,,0,,,2024-09-14 17:04:56
2183,,,Z05584,,,0,,,2024-09-14 17:05:02
2186,南京,,Z09390,,,0,,,2024-09-14 17:23:11
2187,,甘肃省兰州市皋兰县,Z09491,,,0,,,2024-09-14 17:25:09
2188,,陕西省安康市镇坪县,Z08889,,,0,,,2024-09-14 17:25:10
2189,,,Z04960,,,0,,,2024-09-14 17:33:29
2190,,河南省新乡市原阳县,Z06070,,,0,,,2024-09-14 17:35:11
2192,,河南省新乡市牧野区,Z09996,,,0,,,2024-09-14 17:35:16
2193,,河南省信阳市光山县,Z04917,,,0,,,2024-09-14 17:35:21
2194,,河北省廊坊市固安县,Z04362,,,0,,,2024-09-14 17:35:24
2195,柳州,广西壮族自治区桂林市临桂区,Z08256,,,0,,,2024-09-14 17:46:19
2196,柳州,广西壮族自治区柳州市柳城县,Z08290,,,0,,,2024-09-14 17:46:19
2197,柳州,广西壮族自治区桂林市永福县,Z08263,,,0,,,2024-09-14 17:46:19
2198,南宁,广西壮族自治区南宁市青秀区,Z09608,,,0,,,2024-09-14 17:46:20
2199,柳州,广西壮族自治区桂林市灵川县,Z08257,,,0,,,2024-09-14 17:46:20
2200,,安徽省滁州市凤阳县,Z06544,,,0,,,2024-09-14 17:46:21
2201,杭州,浙江省绍兴市诸暨市,Z06436,,,0,,,2024-09-14 17:46:23
2202,柳州,广西壮族自治区来宾市象州县,Z08287,,,0,,,2024-09-14 17:46:24
2203,柳州,广西壮族自治区桂林市龙胜各族自治县,Z08258,,,0,,,2024-09-14 17:46:25
2204,贵港,广西壮族自治区贵港市港北区,Z08433,,,0,,,2024-09-14 17:46:29
2205,杭州,浙江省绍兴市上虞区,Z06433,,,0,,,2024-09-14 17:46:30
2206,杭州,浙江省湖州市德清县,Z06419,,,0,,,2024-09-14 17:46:31
2207,杭州,浙江省杭州市拱墅区,Z09089,,,0,,,2024-09-14 17:46:33
2208,,安徽省亳州市涡阳县,Z06542,,,0,,,2024-09-14 17:46:36
2209,杭州,浙江省湖州市长兴县,Z06418,,,0,,,2024-09-14 17:46:38
2210,杭州,浙江省舟山市普陀区,Z06442,,,0,,,2024-09-14 17:46:39
2211,南京,江苏省无锡市宜兴市,Z06634,,,0,,,2024-09-14 17:46:44
2214,,黑龙江省齐齐哈尔市讷河市,Z04544,,,0,,,2024-09-18 10:21:12
2215,,内蒙古自治区呼伦贝尔市额尔古纳市,Z04621,,,0,,,2024-09-18 10:21:13
2216,,黑龙江省牡丹江市林口县,Z04551,,,0,,,2024-09-18 10:21:13
2217,,青海省海南藏族自治州兴海县,Z05772,,,0,,,2024-09-18 10:21:14
2218,,西藏自治区昌都市洛隆县,Z07713,,,0,,,2024-09-18 10:22:48
2219,,西藏自治区昌都市卡若区,Z10157,,,0,,,2024-09-18 10:22:49
2220,,内蒙古自治区呼伦贝尔市额尔古纳市,Z10200,,,0,,,2024-09-18 10:22:52
2221,,黑龙江省大庆市让胡路区,Z09698,,,0,,,2024-09-18 10:22:52
2223,南京,江苏省南京市六合区,Z09389,,,0,,,2024-09-18 11:00:57
2224,,浙江省金华市浦江县,Z06453,,,0,,,2024-09-18 11:01:07
2225,长沙,湖南省常德市临澧县,Z07300,,,0,,,2024-09-18 11:09:19
2226,衡阳,湖南省郴州市北湖区,Z09528,,,0,,,2024-09-18 11:11:55
2227,,新疆维吾尔自治区昌吉回族自治州昌吉市,Z05413,,,0,,,2024-09-18 11:12:07
2228,,四川省凉山彝族自治州雷波县,Z07720,,,0,,,2024-09-18 13:28:09
2229,,黑龙江省齐齐哈尔市铁锋区,Z04533,,,0,,,2024-09-18 13:29:13
2230,,四川省成都市成华区,Z07584,,,0,,,2024-09-18 13:29:16
2231,,黑龙江省齐齐哈尔市依安县,Z04541,,,0,,,2024-09-18 13:29:17
2232,,新疆维吾尔自治区克拉玛依市克拉玛依区,Z10151,,,0,,,2024-09-18 13:29:33
2233,,新疆维吾尔自治区和田地区和田县,Z08603,,,0,,,2024-09-18 13:29:37
2234,荆州,湖北省潜江市潜江市,Z07523,,,0,,,2024-09-18 13:29:39
2235,荆州,湖北省荆州市公安县,Z07897,,,0,,,2024-09-18 13:29:40
2236,,新疆维吾尔自治区巴音郭楞蒙古自治州焉耆回族自治县,Z05748,,,0,,,2024-09-18 13:29:41
2237,,新疆维吾尔自治区巴音郭楞蒙古自治州且末县,Z05753,,,0,,,2024-09-18 13:29:42
2238,荆州,湖北省宜昌市夷陵区,Z10175,,,0,,,2024-09-18 13:29:52
2239,,河北省石家庄市深泽县,Z08741,,,0,,,2024-09-18 14:14:13
2240,,河北省石家庄市裕华区,Z08717,,,0,,,2024-09-18 14:17:02
2241,东莞,广东省东莞市东莞市,Z07949,,,0,,,2024-09-18 14:17:09
2243,,山东省烟台市牟平区,Z05924,,,0,,,2024-09-18 15:55:52
2244,,四川省巴中市巴州区,Z09871,,,0,,,2024-09-18 15:56:27
2245,,四川省巴中市平昌县,Z07746,,,0,,,2024-09-18 15:56:28
2246,,四川省巴中市通江县,Z07747,,,0,,,2024-09-18 15:56:28
2248,,四川省巴中市南江县,Z07745,,,0,,,2024-09-18 15:56:32
2249,,山西省太原市迎泽区,Z09566,,,0,,,2024-09-18 15:56:41
2250,,山西省运城市闻喜县,Z04042,,,0,,,2024-09-18 15:56:41
2251,,山西省长治市襄垣县,Z04056,,,0,,,2024-09-18 15:56:42
2252,南京,,Z06626,,,0,,,2024-09-18 15:56:46
2253,南京,,Z09854,,,0,,,2024-09-18 15:56:48
2254,,安徽省淮南市田家庵区,Z10305,,,0,,,2024-09-18 15:56:49
2255,,四川省内江市隆昌市,Z07669,,,0,,,2024-09-18 15:56:54
2256,上海,,Z06582,,,0,,,2024-09-18 15:56:58
2257,,四川省达州市万源市,Z07752,,,0,,,2024-09-18 15:57:06
2258,,浙江省金华市兰溪市,Z06448,,,0,,,2024-09-18 15:57:08
2259,,贵州省黔东南苗族侗族自治州从江县,Z06766,,,0,,,2024-09-18 15:57:11
2260,,贵州省黔东南苗族侗族自治州榕江县,Z06774,,,0,,,2024-09-18 15:57:13
2261,,贵州省六盘水市水城区,Z06849,,,0,,,2024-09-18 15:57:13
2262,,贵州省遵义市凤冈县,Z06928,,,0,,,2024-09-18 15:57:14
2263,,贵州省遵义市仁怀市,Z06929,,,0,,,2024-09-18 15:57:17
2264,,贵州省遵义市正安县,Z06934,,,0,,,2024-09-18 15:57:18
2265,淮安,江苏省连云港市赣榆区,Z06316,,,0,,,2024-09-18 15:57:20
2266,,贵州省遵义市余庆县,Z09361,,,0,,,2024-09-18 15:57:25
2267,,重庆市重庆市忠县,Z06919,,,0,,,2024-09-18 15:57:29
2268,,重庆市重庆市巫山县,Z09228,,,0,,,2024-09-18 15:57:31
2269,,重庆市重庆市潼南区,Z06909,,,0,,,2024-09-18 15:57:34
2270,,甘肃省兰州市七里河区,Z09492,,,0,,,2024-09-18 16:22:29
2271,,甘肃省庆阳市合水县,Z05537,,,0,,,2024-09-18 16:22:31
2272,,陕西省宝鸡市渭滨区,Z10096,,,0,,,2024-09-18 16:22:53
2273,,陕西省咸阳市泾阳县,Z05638,,,0,,,2024-09-18 16:23:05
2274,,陕西省咸阳市淳化县,Z09910,,,0,,,2024-09-18 16:23:05
2275,,,Z05783,,,0,,,2024-09-18 16:23:12
2277,,甘肃省定西市陇西县,Z05498,,,0,,,2024-09-18 16:23:28
2278,,贵州省黔南布依族苗族自治州长顺县,Z06740,,,0,,,2024-09-18 16:23:30
2279,荆州,湖北省襄阳市保康县,Z07537,,,0,,,2024-09-18 16:23:40
2280,,四川省广元市剑阁县,Z07634,,,0,,,2024-09-18 16:51:44
2281,,四川省德阳市什邡市,Z07605,,,0,,,2024-09-18 16:52:14
2282,,四川省广元市利州区,Z10051,,,0,,,2024-09-18 16:52:15
2283,,北京市北京市平谷区,Z04341,,,0,,,2024-09-18 16:52:18
2284,,河北省张家口市宣化区,Z04381,,,0,,,2024-09-18 16:52:18
2285,,北京市北京市门头沟区,Z08461,,,0,,,2024-09-18 16:52:19
2286,南昌,江西省新余市分宜县,Z09299,,,0,,,2024-09-18 16:52:33
2287,南昌,江西省抚州市宜黄县,Z09265,,,0,,,2024-09-18 16:52:34
2288,,黑龙江省黑河市嫩江市,Z04561,,,0,,,2024-09-18 16:53:00
2289,,辽宁省大连市瓦房店市,Z04484,,,0,,,2024-09-18 16:53:03
2290,,河南省郑州市中原区,Z04973,,,0,,,2024-09-18 16:53:03
2291,,辽宁省丹东市东港市,Z04453,,,0,,,2024-09-18 16:53:04
2292,,辽宁省丹东市元宝区,Z10120,,,0,,,2024-09-18 16:53:05
2293,,四川省资阳市安岳县,Z07702,,,0,,,2024-09-18 17:23:10
2294,,四川省成都市成华区,Z10153,,,0,,,2024-09-18 17:23:52
2295,,贵州省贵阳市云岩区,Z06774,,,0,,,2024-09-18 17:23:57
2296,,四川省眉山市东坡区,Z07655,,,0,,,2024-09-18 17:24:25
2297,,四川省成都市蒲江县,Z07587,,,0,,,2024-09-18 17:24:29
2298,,贵州省铜仁市玉屏侗族自治县,Z06794,,,0,,,2024-09-18 17:24:29
2299,,四川省成都市邛崃市,Z07589,,,0,,,2024-09-18 17:24:29
2300,海口,海南省乐东黎族自治县乐东黎族自治县,Z07998,,,0,,,2024-09-18 17:24:35
2301,,贵州省贵阳市云岩区,Z09467,,,0,,,2024-09-18 17:24:38
2302,,四川省攀枝花市东区,Z09951,,,0,,,2024-09-18 17:25:01
2303,,辽宁省沈阳市皇姑区,Z10040,,,0,,,2024-09-18 17:25:03
2304,福州,福建省三明市沙县区,Z06197,,,0,,,2024-09-18 17:25:13
2305,长沙,,Z07396,,,0,,,2024-09-18 17:25:15
2306,,新疆维吾尔自治区塔城地区乌苏市,Z05678,,,0,,,2024-09-18 17:25:16
2307,邵阳,湖南省怀化市沅陵县,Z07441,,,0,,,2024-09-18 17:25:20
2308,福州,福建省泉州市南安市,Z08892,,,0,,,2024-09-18 17:25:21
2309,,四川省资阳市雁江区,Z09760,,,0,,,2024-09-18 17:56:55
2310,,陕西省咸阳市三原县,Z05576,,,0,,,2024-09-18 17:58:30
2311,柳州,广西壮族自治区来宾市武宣县,Z08286,,,0,,,2024-09-18 17:58:31
2312,南宁,广西壮族自治区南宁市宾阳县,Z09598,,,0,,,2024-09-18 17:58:32
2313,南宁,广西壮族自治区南宁市宾阳县,Z08151,,,0,,,2024-09-18 17:58:34
2316,南宁,广西壮族自治区崇左市天等县,Z09596,,,0,,,2024-09-18 17:58:49
2317,南宁,广西壮族自治区崇左市宁明县,Z08086,,,0,,,2024-09-18 17:58:49
2318,,内蒙古自治区乌兰察布市集宁区,Z04850,,,0,,,2024-09-18 17:58:54
2319,,云南省普洱市江城哈尼族彝族自治县,Z07168,,,0,,,2024-09-18 17:58:58
2320,,云南省普洱市景谷傣族彝族自治县,Z10188,,,0,,,2024-09-18 17:59:02
2321,,浙江省温州市永嘉县,Z06486,,,0,,,2024-09-18 17:59:10
2322,,河北省廊坊市大厂回族自治县,Z04360,,,0,,,2024-09-18 17:59:23
2323,,浙江省温州市龙港市,Z09793,,,0,,,2024-09-18 17:59:29
2324,,云南省昭通市威信县,Z07125,,,0,,,2024-09-18 17:59:30
2327,,陕西省渭南市大荔县,Z05604,,,0,,,2024-09-19 10:21:50
2328,邵阳,湖南省永州市江永县,Z07429,,,0,,,2024-09-19 10:22:00
2329,海口,海南省东方市东方市,Z07996,,,0,,,2024-09-19 10:33:12
2330,,新疆维吾尔自治区阿克苏地区阿瓦提县,Z05762,,,0,,,2024-09-19 10:43:59
2331,杭州,浙江省杭州市钱塘区,Z06408,,,0,,,2024-09-19 11:04:54
2332,淮安,江苏省宿迁市泗洪县,Z06351,,,0,,,2024-09-19 11:05:06
2333,,浙江省温州市平阳县,Z06482,,,0,,,2024-09-19 11:05:07
2334,淮安,江苏省宿迁市沭阳县,Z06347,,,0,,,2024-09-19 11:05:26
2336,荆州,湖北省襄阳市枣阳市,Z07542,,,0,,,2024-09-19 13:07:24
2337,,新疆维吾尔自治区阿克苏地区拜城县,Z10109,,,0,,,2024-09-19 13:07:34
2338,,黑龙江省鸡西市虎林市,Z04565,,,0,,,2024-09-19 13:27:27
2339,,黑龙江省绥化市望奎县,Z04605,,,0,,,2024-09-19 13:27:27
2340,,内蒙古自治区呼伦贝尔市鄂伦春自治旗,Z04583,,,0,,,2024-09-19 13:27:28
2341,,黑龙江省哈尔滨市香坊区,Z04522,,,0,,,2024-09-19 13:27:36
2342,,甘肃省平凉市灵台县,Z05548,,,0,,,2024-09-19 13:27:44
2343,,云南省大理白族自治州剑川县,Z06984,,,0,,,2024-09-19 13:27:45
2344,,云南省丽江市华坪县,Z06988,,,0,,,2024-09-19 13:27:47
2345,,云南省迪庆藏族自治州香格里拉市,Z07005,,,0,,,2024-09-19 13:27:49
2346,,,000001,,,0,,,2024-09-19 14:08:31
2348,,四川省南充市顺庆区,Z07760,,,0,,,2024-09-19 14:39:46
2349,荆州,,Z07490,,,0,,,2024-09-19 14:39:48
2350,,四川省泸州市古蔺县,Z08859,,,0,,,2024-09-19 14:39:51
2351,,四川省成都市彭州市,Z07585,,,0,,,2024-09-19 14:39:52
2352,,四川省广安市岳池县,Z07759,,,0,,,2024-09-19 14:39:54
2353,武汉,湖北省孝感市大悟县,Z07554,,,0,,,2024-09-19 14:39:58
2354,武汉,湖北省鄂州市华容区,Z09887,,,0,,,2024-09-19 14:40:04
2355,,山西省太原市清徐县,Z04008,,,0,,,2024-09-19 14:50:14
2357,海口,海南省海口市龙华区,Z07996,,,0,,,2024-09-19 15:01:01
2358,武汉,湖北省武汉市汉南区,Z09900,,,0,,,2024-09-19 15:11:31
2359,海口,海南省海口市龙华区,Z07997,,,0,,,2024-09-19 15:32:04
2360,荆州,湖北省恩施土家族苗族自治州咸丰县,Z07498,,,0,,,2024-09-19 15:32:06
2361,,四川省甘孜藏族自治州丹巴县,Z07609,,,0,,,2024-09-19 15:42:03
2362,,四川省绵阳市安州区,Z07662,,,0,,,2024-09-19 15:42:18
2363,,河北省承德市滦平县,Z04351,,,0,,,2024-09-19 15:52:45
2364,赣州,江西省吉安市泰和县,Z09924,,,0,,,2024-09-19 15:52:53
2365,赣州,江西省吉安市永丰县,Z08923,,,0,,,2024-09-19 15:52:57
2366,邵阳,湖南省娄底市新化县,Z10434,,,0,,,2024-09-19 15:53:02
2367,南京,,Z09860,,,0,,,2024-09-19 16:02:59
2368,,吉林省白山市靖宇县,Z04658,,,0,,,2024-09-19 16:13:38
2369,,云南省楚雄彝族自治州元谋县,Z07048,,,0,,,2024-09-19 16:13:49
2370,,四川省遂宁市大英县,Z07768,,,0,,,2024-09-19 16:13:55
2371,,甘肃省张掖市临泽县,Z05453,,,0,,,2024-09-19 16:13:58
2372,,甘肃省陇南市礼县,Z05468,,,0,,,2024-09-19 16:13:58
2373,,甘肃省定西市通渭县,Z05535,,,0,,,2024-09-19 16:14:01
2374,,新疆维吾尔自治区石河子市石河子市,Z05425,,,0,,,2024-09-19 16:24:51
2375,,新疆维吾尔自治区吐鲁番市高昌区,Z05426,,,0,,,2024-09-19 16:24:51
2376,,贵州省遵义市道真仡佬族苗族自治县,Z06932,,,0,,,2024-09-19 16:35:01
2377,,贵州省黔东南苗族侗族自治州丹寨县,Z06767,,,0,,,2024-09-19 16:35:44
2378,,贵州省黔南布依族苗族自治州都匀市,Z06739,,,0,,,2024-09-19 16:35:44
2379,,贵州省铜仁市江口县,Z06787,,,0,,,2024-09-19 16:35:46
2380,,贵州省黔东南苗族侗族自治州施秉县,Z06776,,,0,,,2024-09-19 16:35:51
2381,,贵州省遵义市仁怀市,Z06920,,,0,,,2024-09-19 16:36:02
2382,,新疆维吾尔自治区昌吉回族自治州木垒哈萨克自治县,Z05418,,,0,,,2024-09-19 16:36:04
2383,,辽宁省葫芦岛市兴城市,Z04480,,,0,,,2024-09-19 16:46:36
2384,,辽宁省营口市站前区,Z10139,,,0,,,2024-09-19 16:46:41
2385,,青海省黄南藏族自治州河南蒙古族自治县,Z05770,,,0,,,2024-09-19 16:46:50
2386,武汉,湖北省孝感市安陆市,Z07447,,,0,,,2024-09-19 16:46:51
2387,,河北省衡水市冀州区,Z08708,,,0,,,2024-09-19 16:56:07
2388,,河北省邢台市内丘县,Z08695,,,0,,,2024-09-19 16:57:35
2389,湛江,广东省湛江市霞山区,Z06372,,,0,,,2024-09-19 16:57:38
2390,,云南省曲靖市会泽县,Z07103,,,0,,,2024-09-19 16:58:16
2391,,安徽省滁州市定远县,Z06515,,,0,,,2024-09-19 17:08:16
2392,,安徽省黄山市黄山区,Z06555,,,0,,,2024-09-19 17:08:47
2393,,安徽省黄山市黄山区,Z06549,,,0,,,2024-09-19 17:08:48
2394,,安徽省亳州市谯城区,Z09422,,,0,,,2024-09-19 17:09:37
2395,,安徽省滁州市天长市,Z06536,,,0,,,2024-09-19 17:09:43
2396,,河北省唐山市曹妃甸区,Z10160,,,0,,,2024-09-19 17:09:48
2397,南宁,广西壮族自治区钦州市灵山县,Z08167,,,0,,,2024-09-19 17:10:51
2398,南宁,广西壮族自治区崇左市江州区,Z08338,,,0,,,2024-09-19 17:10:54
2399,南宁,广西壮族自治区崇左市扶绥县,Z09593,,,0,,,2024-09-19 17:10:55
2400,南宁,广西壮族自治区崇左市龙州县,Z08084,,,0,,,2024-09-19 17:10:56
2401,南宁,广西壮族自治区南宁市武鸣区,Z10361,,,0,,,2024-09-19 17:10:58
2402,南宁,广西壮族自治区南宁市良庆区,Z09622,,,0,,,2024-09-19 17:11:04
2403,贵港,广西壮族自治区玉林市陆川县,Z09670,,,0,,,2024-09-19 17:11:09
2404,贵港,广西壮族自治区玉林市博白县,Z08394,,,0,,,2024-09-19 17:11:11
2405,,河南省三门峡市渑池县,Z05017,,,0,,,2024-09-19 17:33:06
2406,,河南省洛阳市宜阳县,Z05016,,,0,,,2024-09-19 17:33:10
2407,,黑龙江省哈尔滨市双城区,Z04526,,,0,,,2024-09-19 17:33:57
2408,,辽宁省锦州市北镇市,Z04482,,,0,,,2024-09-19 17:34:03
2409,,四川省宜宾市叙州区,Z10052,,,0,,,2024-09-19 17:34:19
2410,,贵州省安顺市关岭布依族苗族自治县,Z06724,,,0,,,2024-09-19 17:34:38
2411,,贵州省六盘水市水城区,Z06869,,,0,,,2024-09-19 17:34:42
2412,,贵州省六盘水市水城区,Z06862,,,0,,,2024-09-19 17:34:42
2413,,陕西省榆林市米脂县,Z05630,,,0,,,2024-09-19 17:34:48
2414,,贵州省贵阳市息烽县,Z06761,,,0,,,2024-09-19 17:34:48
2415,,贵州省贵阳市观山湖区,Z06754,,,0,,,2024-09-19 17:34:50
2416,,新疆维吾尔自治区巴音郭楞蒙古自治州和静县,Z05751,,,0,,,2024-09-19 17:58:12
2417,,新疆维吾尔自治区阿克苏地区新和县,Z05763,,,0,,,2024-09-19 17:58:14
2418,,河北省衡水市深州市,Z08701,,,0,,,2024-09-19 17:58:52
2419,,河北省衡水市饶阳县,Z08702,,,0,,,2024-09-19 17:58:52
2420,,河北省衡水市安平县,Z08700,,,0,,,2024-09-19 17:58:52
2421,,河北省邯郸市曲周县,Z08683,,,0,,,2024-09-19 17:58:53
2422,赣州,江西省赣州市寻乌县,Z08934,,,0,,,2024-09-19 17:59:03
2423,,河北省承德市双桥区,Z04357,,,0,,,2024-09-19 17:59:18
2424,,北京市北京市顺义区,Z04334,,,0,,,2024-09-19 17:59:19
2425,,重庆市重庆市奉节县,Z09237,,,0,,,2024-09-19 17:59:24
2426,,宁夏回族自治区固原市西吉县,Z05567,,,0,,,2024-09-19 17:59:28
2427,,宁夏回族自治区固原市原州区,Z10165,,,0,,,2024-09-19 17:59:33
2428,,贵州省贵阳市修文县,Z06762,,,0,,,2024-09-19 17:59:35
2429,东莞,广东省东莞市东莞市,Z08019,,,0,,,2024-09-20 08:56:59
2430,,陕西省安康市平利县,Z05653,,,0,,,2024-09-20 09:07:10
2431,,陕西省榆林市佳县,Z05628,,,0,,,2024-09-20 09:07:10
2432,,陕西省榆林市清涧县,Z05631,,,0,,,2024-09-20 09:07:11
2433,衡阳,湖南省株洲市茶陵县,Z07463,,,0,,,2024-09-20 09:59:32
2434,邵阳,湖南省娄底市冷水江市,Z07443,,,0,,,2024-09-20 09:59:46
2435,长沙,湖南省湘西土家族苗族自治州花垣县,Z07335,,,0,,,2024-09-20 10:41:07
2436,,内蒙古自治区呼伦贝尔市扎赉诺尔区,Z04580,,,0,,,2024-09-20 10:41:11
2437,,四川省广安市武胜县,Z07758,,,0,,,2024-09-20 11:01:58
2438,,四川省广安市邻水县,Z07757,,,0,,,2024-09-20 11:01:59
2439,,四川省南充市蓬安县,Z07763,,,0,,,2024-09-20 11:02:10
2440,,四川省泸州市古蔺县,Z08862,,,0,,,2024-09-20 11:02:10
2441,,四川省雅安市天全县,Z07690,,,0,,,2024-09-20 11:02:13
2442,,浙江省衢州市柯城区,Z09845,,,0,,,2024-09-20 11:12:50
2443,淮安,江苏省宿迁市泗洪县,Z06350,,,0,,,2024-09-20 11:12:58
2445,,河南省许昌市,Z09482,,,0,,,2024-09-20 13:24:22
2446,,河南省南阳市内乡县,Z04901,,,0,,,2024-09-20 13:24:23
2447,,河南省漯河市临颍县,Z04890,,,0,,,2024-09-20 13:24:24
2448,,内蒙古自治区鄂尔多斯市乌审旗,Z04854,,,0,,,2024-09-20 13:24:36
2449,,四川省成都市武侯区,Z10056,,,0,,,2024-09-20 13:44:01
2450,,四川省凉山彝族自治州德昌县,Z07736,,,0,,,2024-09-20 13:44:27
2451,,四川省成都市武侯区,Z09870,,,0,,,2024-09-20 14:04:45
2452,,黑龙江省黑河市逊克县,Z04614,,,0,,,2024-09-20 14:04:49
2453,,甘肃省金昌市金川区,Z09487,,,0,,,2024-09-20 14:04:52
2454,,山西省吕梁市交城县,Z10146,,,0,,,2024-09-20 14:57:00
2455,湛江,广东省阳江市江城区,Z06369,,,0,,,2024-09-20 14:57:09
2456,湛江,广东省湛江市徐闻县,Z06361,,,0,,,2024-09-20 14:57:11
2457,,山西省晋中市榆次区,Z09582,,,0,,,2024-09-20 14:57:18
2458,,山东省潍坊市潍城区,Z05940,,,0,,,2024-09-20 15:07:54
2459,赣州,江西省赣州市于都县,Z09745,,,0,,,2024-09-20 15:49:51
2460,,新疆维吾尔自治区巴音郭楞蒙古自治州轮台县,Z05749,,,0,,,2024-09-20 15:49:58
2461,,安徽省芜湖市南陵县,Z06525,,,0,,,2024-09-20 16:10:15
2462,,安徽省黄山市徽州区,Z09423,,,0,,,2024-09-20 16:10:18
2463,,安徽省蚌埠市固镇县,Z06526,,,0,,,2024-09-20 16:10:56
2464,,山西省忻州市保德县,Z04016,,,0,,,2024-09-20 16:11:28
2465,,新疆维吾尔自治区北屯市北屯市,Z08607,,,0,,,2024-09-20 16:11:50
2466,南昌,江西省上饶市信州区,Z09931,,,0,,,2024-09-20 16:11:53
2467,,河北省承德市隆化县,Z04350,,,0,,,2024-09-20 16:11:57
2468,,陕西省宝鸡市金台区,Z10087,,,0,,,2024-09-20 16:21:18
2469,,,Z04676,,,0,,,2024-09-20 16:21:41
2470,,,Z04656,,,0,,,2024-09-20 16:21:46
2471,,吉林省长春市二道区,Z09575,,,0,,,2024-09-20 16:21:48
2472,,黑龙江省哈尔滨市南岗区,Z09675,,,0,,,2024-09-20 16:22:08
2473,,青海省黄南藏族自治州泽库县,Z05773,,,0,,,2024-09-20 16:22:11
2474,,四川省宜宾市珙县,Z07697,,,0,,,2024-09-20 16:22:15
2475,,四川省宜宾市高县,Z07694,,,0,,,2024-09-20 16:22:28
2476,,辽宁省铁岭市铁岭县,Z04468,,,0,,,2024-09-20 16:22:46
2477,,甘肃省天水市武山县,Z05555,,,0,,,2024-09-20 16:22:47
2478,南昌,江西省九江市濂溪区,Z07794,,,0,,,2024-09-20 16:34:56
2479,湛江,广东省湛江市霞山区,Z06362,,,0,,,2024-09-20 16:48:06
2480,,吉林省白山市江源区,Z10104,,,0,,,2024-09-20 16:48:07
2481,,贵州省铜仁市石阡县,Z06944,,,0,,,2024-09-20 16:48:10
2482,,贵州省遵义市绥阳县,Z06933,,,0,,,2024-09-20 16:48:13
2483,,贵州省遵义市绥阳县,Z09360,,,0,,,2024-09-20 16:48:20
2484,,贵州省遵义市桐梓县,Z06925,,,0,,,2024-09-20 16:48:26
2485,,贵州省六盘水市钟山区,Z06781,,,0,,,2024-09-20 16:48:57
2486,,贵州省黔西南布依族苗族自治州兴义市,Z07189,,,0,,,2024-09-20 16:49:07
2487,,贵州省安顺市镇宁布依族苗族自治县,Z10317,,,0,,,2024-09-20 16:49:12
2488,,河北省石家庄市新乐市,Z08727,,,0,,,2024-09-20 17:10:58
2489,,河南省安阳市北关区,Z09984,,,0,,,2024-09-20 17:11:35
2490,,重庆市重庆市奉节县,Z09734,,,0,,,2024-09-20 17:13:15
2491,,重庆市重庆市开州区,Z06898,,,0,,,2024-09-20 17:13:15
2492,,重庆市重庆市巫山县,Z09232,,,0,,,2024-09-20 17:13:18
2493,邵阳,湖南省永州市道县,Z07426,,,0,,,2024-09-20 17:13:21
2494,,新疆维吾尔自治区乌鲁木齐市米东区,Z09956,,,0,,,2024-09-20 17:13:23
2495,,四川省达州市宣汉县,Z07754,,,0,,,2024-09-20 17:13:27
2496,,重庆市重庆市彭水苗族土家族自治县,Z09733,,,0,,,2024-09-20 17:13:28
2497,,内蒙古自治区通辽市奈曼旗,Z08834,,,0,,,2024-09-20 17:38:01
2498,,贵州省六盘水市水城区,Z08443,,,0,,,2024-09-20 17:38:03
2499,,贵州省六盘水市水城区,Z06827,,,0,,,2024-09-20 17:38:03
2500,,贵州省毕节市黔西市,Z06736,,,0,,,2024-09-20 17:38:04
2501,,贵州省黔东南苗族侗族自治州镇远县,Z06779,,,0,,,2024-09-20 17:38:07
2502,,贵州省遵义市赤水市,Z06922,,,0,,,2024-09-20 17:38:08
2503,,贵州省遵义市习水县,Z06961,,,0,,,2024-09-20 17:38:15
2504,,贵州省遵义市习水县,Z06957,,,0,,,2024-09-20 17:38:16
2505,,贵州省遵义市习水县,Z06923,,,0,,,2024-09-20 17:38:16
2506,,贵州省铜仁市沿河土家族自治县,Z06945,,,0,,,2024-09-20 17:38:17
2507,上海,江苏省苏州市昆山市,Z10043,,,0,,,2024-09-20 17:38:23
2508,,四川省泸州市合江县,Z07651,,,0,,,2024-09-20 17:38:25
2509,南宁,广西壮族自治区南宁市兴宁区,Z09591,,,0,,,2024-09-20 18:01:38
2510,南宁,广西壮族自治区南宁市横州市,Z08157,,,0,,,2024-09-20 18:03:40
2511,南宁,广西壮族自治区钦州市钦南区,Z08196,,,0,,,2024-09-20 18:03:43
2512,南宁,,Z10472,,,0,,,2024-09-20 18:03:43
2513,南宁,广西壮族自治区南宁市横州市,Z09602,,,0,,,2024-09-20 18:03:44
2514,贵港,广西壮族自治区贵港市港南区,Z10438,,,0,,,2024-09-20 18:03:44
2515,贵港,广西壮族自治区玉林市陆川县,Z10236,,,0,,,2024-09-20 18:03:46
2516,柳州,广西壮族自治区河池市巴马瑶族自治县,Z08266,,,0,,,2024-09-20 18:03:50
2517,南宁,广西壮族自治区南宁市横州市,Z09372,,,0,,,2024-09-20 18:03:53
2518,南宁,广西壮族自治区南宁市横州市,Z09603,,,0,,,2024-09-20 18:03:54
2520,,河北省保定市高碑店市,Z08677,,,0,,,2024-09-20 18:04:24
2521,杭州,浙江省湖州市吴兴区,Z06421,,,0,,,2024-09-20 18:04:25
2522,,云南省临沧市镇康县,Z07007,,,0,,,2024-09-20 18:04:31
2523,,,Z05776,,,0,,,2024-09-20 18:04:34
2524,杭州,浙江省绍兴市越城区,Z09079,,,0,,,2024-09-20 18:04:38
2525,杭州,浙江省杭州市桐庐县,Z06413,,,0,,,2024-09-20 18:04:38
2526,,贵州省六盘水市水城区,Z06850,,,0,,,2024-09-20 18:04:51
2527,,贵州省六盘水市六枝特区,Z06782,,,0,,,2024-09-20 18:30:53
2528,,贵州省遵义市仁怀市,Z06931,,,0,,,2024-09-20 18:30:57
2531,,贵州省贵阳市云岩区,Z06779,,,0,,,2024-09-20 18:30:58
2532,,贵州省贵阳市云岩区,Z06945,,,0,,,2024-09-20 18:31:01
2533,,贵州省铜仁市德江县,Z06946,,,0,,,2024-09-20 18:31:04
2536,,云南省保山市腾冲市,Z06966,,,0,,,2024-09-23 11:10:00
2537,,云南省临沧市耿马傣族佤族自治县,Z07006,,,0,,,2024-09-23 11:10:03
2538,南京,,Z09856,,,0,,,2024-09-23 11:10:03
2540,,青海省海北藏族自治州祁连县,Z05777,,,0,,,2024-09-23 11:32:54
1497,,辽宁省铁岭市调兵山市,Z04466,,,0,,,2024-09-10 09:20:44
1498,,辽宁省沈阳市和平区,Z04463,,,0,,,2024-09-10 09:20:44
1499,,河南省信阳市罗山县,Z04915,,,0,,,2024-09-10 09:20:44
1500,,河南省周口市淮阳区,Z10035,,,0,,,2024-09-10 09:20:45
1501,,云南省昭通市水富市,Z07124,,,0,,,2024-09-10 09:20:46
1502,,辽宁省鞍山市台安县,Z04521,,,0,,,2024-09-10 09:20:47
1503,,,Z10111,,,0,,,2024-09-10 09:20:48
1504,,辽宁省葫芦岛市建昌县,Z04479,,,0,,,2024-09-10 09:20:48
1505,,重庆市重庆市奉节县,Z09240,,,0,,,2024-09-10 09:20:51
1506,,辽宁省营口市盖州市,Z04493,,,0,,,2024-09-10 09:20:51
1507,,辽宁省锦州市凌海市,Z04483,,,0,,,2024-09-10 09:20:51
1508,邵阳,湖南省邵阳市城步苗族自治县,Z07417,,,0,,,2024-09-10 09:20:55
1509,,河北省邯郸市丛台区,Z08713,,,0,,,2024-09-10 09:20:56
1510,,河南省洛阳市洛龙区,Z09981,,,0,,,2024-09-10 09:20:57
1511,,河南省洛阳市,Z09979,,,0,,,2024-09-10 09:20:57
1512,,河南省洛阳市老城区,Z09976,,,0,,,2024-09-10 09:20:57
1513,,河南省洛阳市西工区,Z09977,,,0,,,2024-09-10 09:20:58
1514,,山西省吕梁市临县,Z03994,,,0,,,2024-09-10 09:21:11
1515,长沙,湖南省湘西土家族苗族自治州泸溪县,Z07337,,,0,,,2024-09-10 09:21:12
1516,,山东省菏泽市郓城县,Z05890,,,0,,,2024-09-10 09:21:12
1517,,山东省泰安市泰山区,Z09409,,,0,,,2024-09-10 09:21:14
1518,,山东省淄博市桓台县,Z05851,,,0,,,2024-09-10 09:21:15
1519,,山东省菏泽市曹县,Z05880,,,0,,,2024-09-10 09:21:15
1520,,山东省临沂市郯城县,Z05861,,,0,,,2024-09-10 09:21:17
1521,,山东省淄博市周村区,Z09414,,,0,,,2024-09-10 09:21:17
1522,,山东省济南市市中区,Z09401,,,0,,,2024-09-10 09:21:22
1523,,山东省菏泽市成武县,Z05889,,,0,,,2024-09-10 09:21:22
1524,,山东省临沂市沂南县,Z05827,,,0,,,2024-09-10 09:21:23
1525,,山东省聊城市临清市,Z05854,,,0,,,2024-09-10 09:21:23
1526,,山东省济南市济阳区,Z05866,,,0,,,2024-09-10 09:21:24
1527,,山东省泰安市新泰市,Z05885,,,0,,,2024-09-10 09:21:24
1528,,山东省临沂市河东区,Z06042,,,0,,,2024-09-10 09:21:26
1529,,山东省临沂市莒南县,Z05860,,,0,,,2024-09-10 09:21:26
1530,,山东省聊城市冠县,Z05905,,,0,,,2024-09-10 09:21:28
1531,,山东省菏泽市鄄城县,Z05892,,,0,,,2024-09-10 09:21:28
1532,,山东省聊城市莘县,Z05874,,,0,,,2024-09-10 09:21:29
1533,,山东省淄博市沂源县,Z05908,,,0,,,2024-09-10 09:21:30
1534,,山东省济南市莱芜区,Z09092,,,0,,,2024-09-10 09:21:31
1535,杭州,浙江省杭州市上城区,Z09080,,,0,,,2024-09-10 09:23:04
1536,杭州,浙江省杭州市上城区,Z09087,,,0,,,2024-09-10 09:23:04
1537,杭州,浙江省杭州市上城区,Z09079,,,0,,,2024-09-10 09:23:07
1538,杭州,浙江省杭州市上城区,Z06423,,,0,,,2024-09-10 09:23:08
1540,东莞,广东省东莞市,Z08021,,,0,,,2024-09-10 10:25:20
1541,东莞,广东省东莞市,Z07953,,,0,,,2024-09-10 10:35:28
1542,海口,海南省海口市龙华区,Z10064,,,0,,,2024-09-10 10:35:34
1543,,山西省临汾市翼城县,Z03990,,,0,,,2024-09-10 11:15:57
1544,,山东省聊城市阳谷县,Z05893,,,0,,,2024-09-10 11:25:50
1545,,山东省聊城市高唐县,Z05823,,,0,,,2024-09-10 11:25:52
1546,,,Z09407,,,0,,,2024-09-10 11:25:53
1547,,山东省济南市章丘区,Z05849,,,0,,,2024-09-10 11:25:53
1548,,山东省济宁市微山县,Z05904,,,0,,,2024-09-10 11:25:58
1549,杭州,浙江省绍兴市嵊州市,Z06434,,,0,,,2024-09-10 11:25:58
1550,南京,江苏省南京市江宁区,Z09391,,,0,,,2024-09-10 11:26:07
1551,南京,江苏省南京市栖霞区,Z10062,,,0,,,2024-09-10 11:26:07
1552,南京,江苏省常州市溧阳市,Z06608,,,0,,,2024-09-10 11:26:07
1553,,黑龙江省牡丹江市宁安市,Z04550,,,0,,,2024-09-10 13:16:53
1554,,黑龙江省伊春市铁力市,Z04571,,,0,,,2024-09-10 13:16:53
1555,南昌,江西省上饶市弋阳县,Z09295,,,0,,,2024-09-10 13:17:01
1556,南昌,江西省南昌市新建区,Z09750,,,0,,,2024-09-10 13:17:02
1557,南昌,江西省鹰潭市余江区,Z09317,,,0,,,2024-09-10 13:17:04
1558,,新疆维吾尔自治区阿克苏地区库车市,Z05757,,,0,,,2024-09-10 13:17:05
1559,,新疆维吾尔自治区阿克苏地区沙雅县,Z05760,,,0,,,2024-09-10 13:17:06
1560,,新疆维吾尔自治区和田地区洛浦县,Z08605,,,0,,,2024-09-10 13:17:06
1561,,新疆维吾尔自治区和田地区于田县,Z08609,,,0,,,2024-09-10 13:17:06
1562,,新疆维吾尔自治区和田地区墨玉县,Z08607,,,0,,,2024-09-10 13:17:06
1563,,新疆维吾尔自治区喀什地区疏附县,Z10110,,,0,,,2024-09-10 13:17:07
1564,,新疆维吾尔自治区和田地区皮山县,Z08608,,,0,,,2024-09-10 13:17:07
1565,,新疆维吾尔自治区阿克苏地区乌什县,Z05764,,,0,,,2024-09-10 13:17:07
1566,,新疆维吾尔自治区巴音郭楞蒙古自治州库尔勒市,Z05747,,,0,,,2024-09-10 13:17:08
1567,,新疆维吾尔自治区巴音郭楞蒙古自治州尉犁县,Z05750,,,0,,,2024-09-10 13:17:08
1568,南昌,江西省九江市濂溪区,Z09935,,,0,,,2024-09-10 13:17:31
1569,南昌,江西省上饶市广信区,Z10074,,,0,,,2024-09-10 13:17:33
1570,,新疆维吾尔自治区喀什地区叶城县,Z05710,,,0,,,2024-09-10 13:17:38
1571,,新疆维吾尔自治区昌吉回族自治州奇台县,Z05419,,,0,,,2024-09-10 13:17:38
1572,,新疆维吾尔自治区克拉玛依市乌尔禾区,Z05400,,,0,,,2024-09-10 13:17:40
1573,,新疆维吾尔自治区乌鲁木齐市沙依巴克区,Z09957,,,0,,,2024-09-10 13:17:41
1574,,贵州省毕节市威宁彝族回族苗族自治县,Z06737,,,0,,,2024-09-10 13:27:15
1575,,云南省玉溪市易门县,Z07120,,,0,,,2024-09-10 13:46:59
1576,,云南省保山市昌宁县,Z06963,,,0,,,2024-09-10 13:46:59
1577,,,Z07072,,,0,,,2024-09-10 13:47:03
1578,,云南省怒江傈僳族自治州泸水市,Z07003,,,0,,,2024-09-10 13:47:05
1579,武汉,湖北省武汉市江汉区,Z09899,,,0,,,2024-09-10 13:47:35
1580,荆州,湖北省潜江市潜江市,Z07522,,,0,,,2024-09-10 13:47:36
1581,荆州,湖北省恩施土家族苗族自治州巴东县,Z07939,,,0,,,2024-09-10 13:47:37
1582,,黑龙江省齐齐哈尔市昂昂溪区,Z04627,,,0,,,2024-09-10 13:47:37
1583,泉州,福建省漳州市龙文区,Z08965,,,0,,,2024-09-10 13:57:53
1584,,陕西省咸阳市兴平市,Z05647,,,0,,,2024-09-10 14:07:32
1585,,陕西省咸阳市武功县,Z05650,,,0,,,2024-09-10 14:07:32
1586,,陕西省西安市碑林区,Z09909,,,0,,,2024-09-10 14:07:33
1587,,陕西省西安市鄠邑区,Z10084,,,0,,,2024-09-10 14:07:34
1588,,青海省西宁市大通回族土族自治县,Z05789,,,0,,,2024-09-10 14:07:40
1589,武汉,湖北省孝感市云梦县,Z07453,,,0,,,2024-09-10 14:18:38
1590,,河北省沧州市沧县,Z08678,,,0,,,2024-09-10 14:28:10
1591,,河北省邯郸市魏县,Z08682,,,0,,,2024-09-10 14:28:11
1592,,河北省衡水市枣强县,Z08649,,,0,,,2024-09-10 14:28:46
1593,湛江,广东省湛江市廉江市,Z06358,,,0,,,2024-09-10 14:28:49
1594,,河南省郑州市中原区,Z09964,,,0,,,2024-09-10 14:38:18
1595,,河南省开封市兰考县,Z04989,,,0,,,2024-09-10 14:38:19
1596,,河南省洛阳市新安县,Z04940,,,0,,,2024-09-10 14:38:21
1597,,河南省焦作市山阳区,Z05003,,,0,,,2024-09-10 14:38:21
1598,,河南省焦作市温县,Z05012,,,0,,,2024-09-10 14:38:22
1599,,河南省濮阳市南乐县,Z05030,,,0,,,2024-09-10 14:38:22
1600,,云南省红河哈尼族彝族自治州弥勒市,Z07069,,,0,,,2024-09-10 14:38:56
1601,,内蒙古自治区阿拉善盟阿拉善左旗,Z05531,,,0,,,2024-09-10 14:39:00
1602,,甘肃省甘南藏族自治州卓尼县,Z05542,,,0,,,2024-09-10 14:39:01
1603,,甘肃省武威市民勤县,Z05464,,,0,,,2024-09-10 14:39:01
1604,,甘肃省武威市古浪县,Z05534,,,0,,,2024-09-10 14:39:01
1605,,甘肃省兰州市皋兰县,Z09246,,,0,,,2024-09-10 14:39:02
1606,武汉,湖北省孝感市应城市,Z07283,,,0,,,2024-09-10 14:39:04
1607,武汉,湖北省武汉市洪山区,Z07944,,,0,,,2024-09-10 14:39:06
1608,,四川省成都市武侯区,Z07718,,,0,,,2024-09-10 14:58:12
1609,,四川省南充市西充县,Z07764,,,0,,,2024-09-10 14:58:53
1610,,四川省南充市阆中市,Z07761,,,0,,,2024-09-10 14:58:54
1611,,四川省阿坝藏族羌族自治州阿坝县,Z07564,,,0,,,2024-09-10 14:58:57
1612,,四川省凉山彝族自治州西昌市,Z07683,,,0,,,2024-09-10 14:58:57
1613,,四川省凉山彝族自治州会理市,Z07724,,,0,,,2024-09-10 14:58:58
1614,,四川省成都市简阳市,Z07703,,,0,,,2024-09-10 14:58:58
1616,,山西省太原市小店区,Z08897,,,0,,,2024-09-10 15:09:12
1617,,山西省吕梁市离石区,Z09584,,,0,,,2024-09-10 15:09:13
1618,,山东省青岛市胶州市,Z05912,,,0,,,2024-09-10 15:09:15
1619,,,Z09399,,,0,,,2024-09-10 15:09:17
1620,,山东省临沂市平邑县,Z06044,,,0,,,2024-09-10 15:09:17
1621,,山东省德州市禹城市,Z06039,,,0,,,2024-09-10 15:09:20
1622,,山东省德州市武城县,Z05900,,,0,,,2024-09-10 15:09:21
1623,,山东省潍坊市奎文区,Z09455,,,0,,,2024-09-10 15:09:22
1624,,山东省日照市岚山区,Z05934,,,0,,,2024-09-10 15:09:30
1625,,浙江省丽水市莲都区,Z09844,,,0,,,2024-09-10 15:19:27
1626,淮安,,Z06349,,,0,,,2024-09-10 15:19:31
1627,淮安,,Z09537,,,0,,,2024-09-10 15:19:31
1628,淮安,江苏省扬州市广陵区,Z09549,,,0,,,2024-09-10 15:19:33
1629,淮安,江苏省盐城市亭湖区,Z09547,,,0,,,2024-09-10 15:19:39
1631,荆州,湖北省荆州市江陵县,Z07518,,,0,,,2024-09-10 15:29:35
1635,湛江,广东省湛江市霞山区,Z06358,,,0,,,2024-09-10 16:21:16
1636,湛江,广东省云浮市郁南县,Z06381,,,0,,,2024-09-10 16:21:18
1637,湛江,广东省湛江市吴川市,Z06360,,,0,,,2024-09-10 16:21:20
1638,荆州,湖北省宜昌市长阳土家族自治县,Z07550,,,0,,,2024-09-10 16:21:27
1639,长沙,湖南省益阳市安化县,Z07395,,,0,,,2024-09-10 16:21:28
1640,邵阳,湖南省永州市冷水滩区,Z07419,,,0,,,2024-09-10 16:21:29
1641,邵阳,湖南省永州市零陵区,Z09527,,,0,,,2024-09-10 16:21:31
1642,邵阳,湖南省怀化市通道侗族自治县,Z07440,,,0,,,2024-09-10 16:21:31
1643,赣州,江西省赣州市崇义县,Z08926,,,0,,,2024-09-10 16:22:03
1644,南昌,江西省景德镇市昌江区,Z09267,,,0,,,2024-09-10 16:22:05
1645,南昌,江西省宜春市宜丰县,Z09309,,,0,,,2024-09-10 16:22:05
1646,南昌,江西省景德镇市浮梁县,Z09268,,,0,,,2024-09-10 16:22:06
1647,南昌,,Z09267,,,0,,,2024-09-10 16:22:07
1648,邵阳,湖南省邵阳市绥宁县,Z07418,,,0,,,2024-09-10 16:22:16
1649,东莞,广东省东莞市,Z07954,,,0,,,2024-09-10 16:32:01
1650,深圳,广东省深圳市南山区,Z08439,,,0,,,2024-09-10 16:32:36
1651,,河北省保定市竞秀区,Z08750,,,0,,,2024-09-10 16:32:42
1652,,河北省石家庄市藁城区,Z08657,,,0,,,2024-09-10 16:32:43
1653,深圳,广东省深圳市罗湖区,Z08059,,,0,,,2024-09-10 16:32:48
1654,广州,广东省肇庆市四会市,Z07988,,,0,,,2024-09-10 16:42:02
1655,,,Z09964,,,0,,,2024-09-10 16:42:03
1656,,河南省开封市顺河回族区,Z09971,,,0,,,2024-09-10 16:42:05
1657,广州,广东省韶关市新丰县,Z08038,,,0,,,2024-09-10 16:42:10
1658,广州,广东省韶关市翁源县,Z08042,,,0,,,2024-09-10 16:42:12
1659,,吉林省吉林市蛟河市,Z04668,,,0,,,2024-09-10 16:42:47
1660,,吉林省延边朝鲜族自治州汪清县,Z04697,,,0,,,2024-09-10 16:42:48
1661,,河南省南阳市西峡县,Z04902,,,0,,,2024-09-10 16:42:55
1662,,河南省驻马店市泌阳县,Z04876,,,0,,,2024-09-10 16:42:56
1663,,河南省焦作市孟州市,Z06072,,,0,,,2024-09-10 16:43:00
1666,,四川省成都市武侯区,Z09911,,,0,,,2024-09-10 17:02:50
1667,,贵州省贵阳市乌当区,Z06760,,,0,,,2024-09-10 17:02:57
1668,,四川省成都市龙泉驿区,Z07584,,,0,,,2024-09-10 17:02:57
1669,,贵州省黔西南布依族苗族自治州望谟县,Z06800,,,0,,,2024-09-10 17:03:25
1670,,贵州省安顺市平坝区,Z06727,,,0,,,2024-09-10 17:03:25
1671,,贵州省六盘水市水城区,Z09353,,,0,,,2024-09-10 17:03:35
1672,,贵州省铜仁市松桃苗族自治县,Z06790,,,0,,,2024-09-10 17:03:37
1673,,贵州省铜仁市碧江区,Z09868,,,0,,,2024-09-10 17:03:38
1674,福州,福建省厦门市湖里区,Z06221,,,0,,,2024-09-10 17:03:46
1675,,四川省凉山彝族自治州金阳县,Z07722,,,0,,,2024-09-10 17:03:47
1676,长沙,湖南省长沙市芙蓉区,Z09514,,,0,,,2024-09-10 17:03:48
1677,福州,福建省福州市长乐区,Z09207,,,0,,,2024-09-10 17:03:54
1678,广州,广东省韶关市乐昌市,Z08041,,,0,,,2024-09-10 17:03:59
1679,广州,广东省佛山市禅城区,Z07956,,,0,,,2024-09-10 17:04:00
1680,广州,广东省佛山市禅城区,Z10312,,,0,,,2024-09-10 17:04:01
1681,广州,广东省肇庆市广宁县,Z07986,,,0,,,2024-09-10 17:04:01
1682,广州,,Z09327,,,0,,,2024-09-10 17:04:03
1683,南宁,广西壮族自治区南宁市隆安县,Z08160,,,0,,,2024-09-10 17:14:41
1684,南宁,广西壮族自治区南宁市江南区,Z09607,,,0,,,2024-09-10 17:14:42
1685,柳州,广西壮族自治区来宾市忻城县,Z08288,,,0,,,2024-09-10 17:14:43
1686,贵港,广西壮族自治区梧州市长洲区,Z09663,,,0,,,2024-09-10 17:14:44
1687,柳州,广西壮族自治区河池市环江毛南族自治县,Z09641,,,0,,,2024-09-10 17:14:48
1688,南宁,广西壮族自治区防城港市防城区,Z08094,,,0,,,2024-09-10 17:14:49
1689,柳州,广西壮族自治区河池市凤山县,Z08270,,,0,,,2024-09-10 17:14:50
1690,淮安,江苏省扬州市宝应县,Z06338,,,0,,,2024-09-10 17:14:52
1691,南京,江苏省南京市溧水区,Z06606,,,0,,,2024-09-10 17:14:57
1692,南京,江苏省南京市雨花台区,Z09388,,,0,,,2024-09-10 17:14:57
1693,,辽宁省葫芦岛市绥中县,Z04459,,,0,,,2024-09-10 17:14:57
1694,,辽宁省大连市金州区,Z06702,,,0,,,2024-09-10 17:14:59
1695,,,Z04449,,,0,,,2024-09-10 17:15:00
1696,杭州,浙江省宁波市象山县,Z06430,,,0,,,2024-09-10 17:15:09
1697,杭州,,Z06415,,,0,,,2024-09-10 17:15:10
1698,杭州,浙江省杭州市余杭区,Z06415,,,0,,,2024-09-10 17:15:10
1699,,黑龙江省哈尔滨市道外区,Z09674,,,0,,,2024-09-10 17:15:12
1700,,内蒙古自治区通辽市扎鲁特旗,Z04517,,,0,,,2024-09-10 17:15:15
1701,,辽宁省锦州市太和区,Z10125,,,0,,,2024-09-10 17:24:59
1702,,辽宁省阜新市细河区,Z10124,,,0,,,2024-09-10 17:25:00
1703,,辽宁省锦州市黑山县,Z04472,,,0,,,2024-09-10 17:25:01
1704,,黑龙江省大兴安岭地区加格达奇区,Z04577,,,0,,,2024-09-10 17:25:08
1705,,黑龙江省哈尔滨市宾县,Z09679,,,0,,,2024-09-10 17:25:10
1706,,重庆市重庆市万州区,Z06911,,,0,,,2024-09-10 17:25:13
1707,,黑龙江省鸡西市鸡冠区,Z09683,,,0,,,2024-09-10 17:25:13
1708,南昌,江西省抚州市临川区,Z09927,,,0,,,2024-09-10 17:35:13
1709,南昌,江西省南昌市红谷滩区,Z09749,,,0,,,2024-09-10 17:35:16
1710,,重庆市重庆市大渡口区,Z09917,,,0,,,2024-09-10 17:35:25
1711,,云南省昆明市官渡区,Z10185,,,0,,,2024-09-10 17:35:53
1712,,新疆维吾尔自治区喀什地区喀什市,Z05711,,,0,,,2024-09-10 17:36:18
1713,,四川省自贡市荣县,Z07706,,,0,,,2024-09-10 17:36:18
1714,,四川省成都市新都区,Z07593,,,0,,,2024-09-10 17:36:21
1715,广州,广东省佛山市三水区,Z09326,,,0,,,2024-09-10 17:36:22
1716,广州,,Z09319,,,0,,,2024-09-10 17:36:23
1717,福州,福建省福州市长乐区,Z06120,,,0,,,2024-09-10 17:36:23
1718,,新疆维吾尔自治区阿勒泰地区青河县,Z05407,,,0,,,2024-09-10 17:36:27
1719,,新疆维吾尔自治区克拉玛依市独山子区,Z09954,,,0,,,2024-09-10 17:36:27
1720,,安徽省亳州市利辛县,Z06540,,,0,,,2024-09-10 17:45:10
1721,,安徽省合肥市包河区,Z06499,,,0,,,2024-09-10 17:45:15
1722,,浙江省温州市龙湾区,Z08841,,,0,,,2024-09-10 17:46:53
1723,淮安,,Z09548,,,0,,,2024-09-10 17:46:56
1724,,浙江省温州市苍南县,Z06479,,,0,,,2024-09-10 17:46:57
1725,,浙江省温州市乐清市,Z06481,,,0,,,2024-09-10 17:46:57
1726,,浙江省温州市瑞安市,Z06483,,,0,,,2024-09-10 17:46:57
1727,,浙江省台州市临海市,Z06471,,,0,,,2024-09-10 17:46:58
1728,上海,上海市上海市静安区,Z06593,,,0,,,2024-09-10 17:47:00
1729,南京,江苏省苏州市虎丘区,Z10339,,,0,,,2024-09-10 17:47:25
1730,,山东省德州市齐河县,Z05865,,,0,,,2024-09-10 17:47:30
1731,,云南省昆明市宜良县,Z07081,,,0,,,2024-09-10 17:47:30
1732,,云南省昆明市晋宁区,Z07077,,,0,,,2024-09-10 17:47:31
1733,,云南省昆明市东川区,Z07076,,,0,,,2024-09-10 17:47:31
1734,,云南省昆明市石林彝族自治县,Z07079,,,0,,,2024-09-10 17:47:31
1735,,云南省昆明市富民县,Z07140,,,0,,,2024-09-10 17:47:31
1736,,云南省玉溪市红塔区,Z10191,,,0,,,2024-09-10 17:47:32
1737,,云南省玉溪市通海县,Z07118,,,0,,,2024-09-10 17:47:32
1738,,云南省玉溪市元江哈尼族彝族傣族自治县,Z07139,,,0,,,2024-09-10 17:47:32
1739,,云南省大理白族自治州大理市,Z06977,,,0,,,2024-09-10 17:47:32
1740,,云南省怒江傈僳族自治州兰坪白族普米族自治县,Z07016,,,0,,,2024-09-10 17:47:32
1741,,云南省大理白族自治州洱源县,Z06979,,,0,,,2024-09-10 17:47:33
1742,,云南省大理白族自治州宾川县,Z06978,,,0,,,2024-09-10 17:47:33
1743,,云南省大理白族自治州云龙县,Z07013,,,0,,,2024-09-10 17:47:33
1744,,云南省大理白族自治州巍山彝族回族自治县,Z06982,,,0,,,2024-09-10 17:47:33
1745,,云南省大理白族自治州永平县,Z06985,,,0,,,2024-09-10 17:47:33
1746,,云南省大理白族自治州弥渡县,Z07012,,,0,,,2024-09-10 17:47:33
1747,,云南省大理白族自治州南涧彝族自治县,Z06981,,,0,,,2024-09-10 17:47:34
1748,,云南省昭通市昭阳区,Z10194,,,0,,,2024-09-10 17:47:34
1749,,云南省昭通市彝良县,Z07127,,,0,,,2024-09-10 17:47:34
1750,,云南省昭通市巧家县,Z07123,,,0,,,2024-09-10 17:47:35
1751,,云南省文山壮族苗族自治州富宁县,Z07110,,,0,,,2024-09-10 17:47:35
1752,,云南省文山壮族苗族自治州广南县,Z07111,,,0,,,2024-09-10 17:47:35
1753,,云南省红河哈尼族彝族自治州建水县,Z07062,,,0,,,2024-09-10 17:47:35
1754,,云南省红河哈尼族彝族自治州开远市,Z07064,,,0,,,2024-09-10 17:47:35
1755,,云南省红河哈尼族彝族自治州河口瑶族自治县,Z07060,,,0,,,2024-09-10 17:47:35
1756,,云南省红河哈尼族彝族自治州元阳县,Z07071,,,0,,,2024-09-10 17:47:36
1757,,云南省红河哈尼族彝族自治州金平苗族瑶族傣族自治县,Z07063,,,0,,,2024-09-10 17:47:36
1758,,云南省红河哈尼族彝族自治州绿春县,Z07066,,,0,,,2024-09-10 17:47:36
1759,,云南省红河哈尼族彝族自治州个旧市,Z07059,,,0,,,2024-09-10 17:47:36
1760,,云南省红河哈尼族彝族自治州红河县,Z07061,,,0,,,2024-09-10 17:47:36
1761,,云南省普洱市孟连傣族拉祜族佤族自治县,Z07155,,,0,,,2024-09-10 17:47:36
1762,,云南省普洱市思茅区,Z07109,,,0,,,2024-09-10 17:47:36
1763,,陕西省西安市未央区,Z05609,,,0,,,2024-09-10 17:48:03
1764,,黑龙江省绥化市兰西县,Z04604,,,0,,,2024-09-11 08:47:40
1765,,黑龙江省齐齐哈尔市甘南县,Z04535,,,0,,,2024-09-11 09:44:57
1766,,陕西省安康市汉滨区,Z09907,,,0,,,2024-09-11 09:54:50
1767,,陕西省汉中市南郑区,Z05667,,,0,,,2024-09-11 09:55:03
1768,,陕西省咸阳市秦都区,Z10219,,,0,,,2024-09-11 09:56:14
1769,,,Z06472,,,0,,,2024-09-11 10:16:22
1770,,,Z06447,,,0,,,2024-09-11 10:16:23
1771,,内蒙古自治区乌兰察布市商都县,Z10041,,,0,,,2024-09-11 10:26:31
1772,,内蒙古自治区乌兰察布市察哈尔右翼后旗,Z08616,,,0,,,2024-09-11 10:26:31
1773,,新疆维吾尔自治区阿勒泰地区哈巴河县,Z05405,,,0,,,2024-09-11 10:48:54
1774,,新疆维吾尔自治区克孜勒苏柯尔克孜自治州乌恰县,Z05690,,,0,,,2024-09-11 10:49:01
1776,,山西省运城市新绛县,Z04044,,,0,,,2024-09-11 11:20:43
1777,,河北省石家庄市新华区,Z08714,,,0,,,2024-09-11 11:31:00
1778,,河北省衡水市桃城区,Z08714,,,0,,,2024-09-11 11:31:01
1779,长沙,湖南省长沙市开福区,Z07290,,,0,,,2024-09-11 11:31:05
1780,,贵州省毕节市大方县,Z06732,,,0,,,2024-09-11 11:40:52
1781,,贵州省毕节市织金县,Z06738,,,0,,,2024-09-11 11:40:53
1782,,贵州省毕节市七星关区,Z09334,,,0,,,2024-09-11 11:40:54
1783,,贵州省毕节市七星关区,Z09338,,,0,,,2024-09-11 11:40:55
1784,,贵州省黔西南布依族苗族自治州兴义市,Z06801,,,0,,,2024-09-11 11:40:56
1785,,贵州省黔南布依族苗族自治州荔波县,Z06746,,,0,,,2024-09-11 11:41:00
1786,,贵州省黔东南苗族侗族自治州凯里市,Z06763,,,0,,,2024-09-11 13:13:09
1787,,贵州省黔南布依族苗族自治州福泉市,Z06742,,,0,,,2024-09-11 13:13:10
1788,衡阳,湖南省衡阳市常宁市,Z07465,,,0,,,2024-09-11 13:33:28
1789,,云南省普洱市宁洱哈尼族彝族自治县,Z07033,,,0,,,2024-09-11 13:33:32
1790,,云南省曲靖市宣威市,Z07107,,,0,,,2024-09-11 13:33:33
1791,,甘肃省白银市会宁县,Z05477,,,0,,,2024-09-11 13:33:34
1792,长沙,湖南省常德市澧县,Z07299,,,0,,,2024-09-11 14:15:01
1795,湛江,广东省湛江市霞山区,Z04099,,,0,,,2024-09-11 14:33:17
1796,,河北省邢台市新河县,Z08698,,,0,,,2024-09-11 14:35:37
1797,,河北省沧州市盐山县,Z08725,,,0,,,2024-09-11 14:35:37
1798,,河北省保定市,Z08675,,,0,,,2024-09-11 14:35:38
1799,,陕西省安康市石泉县,Z05649,,,0,,,2024-09-11 14:36:38
1800,,四川省宜宾市兴文县,Z07699,,,0,,,2024-09-11 14:37:12
1801,,青海省西宁市城北区,Z10058,,,0,,,2024-09-11 14:37:13
1802,,吉林省白城市洮南市,Z04695,,,0,,,2024-09-11 14:37:16
1803,,吉林省松原市长岭县,Z04679,,,0,,,2024-09-11 14:37:18
1804,,吉林省白山市长白朝鲜族自治县,Z06061,,,0,,,2024-09-11 14:37:19
1805,,云南省怒江傈僳族自治州福贡县,Z07017,,,0,,,2024-09-11 14:37:20
1806,,云南省文山壮族苗族自治州砚山县,Z07217,,,0,,,2024-09-11 14:37:20
1807,湛江,广东省湛江市霞山区,Z06357,,,0,,,2024-09-11 14:55:36
1808,,山西省太原市小店区,Z09566,,,0,,,2024-09-11 14:59:04
1809,,山西省晋城市城区,Z09581,,,0,,,2024-09-11 14:59:05
1810,,浙江省衢州市江山市,Z06467,,,0,,,2024-09-11 14:59:06
1811,,河北省廊坊市霸州市,Z04359,,,0,,,2024-09-11 14:59:08
1812,,河北省承德市鹰手营子矿区,Z04356,,,0,,,2024-09-11 14:59:12
1813,,河北省承德市丰宁满族自治县,Z04348,,,0,,,2024-09-11 14:59:13
1814,上海,,000001,,,0,,,2024-09-11 14:59:48
1815,,山东省烟台市莱山区,Z09458,,,0,,,2024-09-11 14:59:51
1816,广州,广东省肇庆市德庆县,Z07983,,,0,,,2024-09-11 14:59:55
1817,广州,广东省广州市海珠区,Z09324,,,0,,,2024-09-11 14:59:57
1818,湛江,广东省阳江市阳春市,Z06371,,,0,,,2024-09-11 15:00:11
1819,,黑龙江省大庆市肇州县,Z04530,,,0,,,2024-09-11 15:23:33
1820,,内蒙古自治区通辽市科尔沁左翼后旗,Z08836,,,0,,,2024-09-11 15:23:34
1821,,辽宁省抚顺市新宾满族自治县,Z04456,,,0,,,2024-09-11 15:23:35
1822,,辽宁省抚顺市新抚区,Z10122,,,0,,,2024-09-11 15:23:35
1823,,四川省泸州市叙永县,Z07654,,,0,,,2024-09-11 15:23:48
1824,东莞,广东省东莞市东莞市,Z08016,,,0,,,2024-09-11 16:09:13
1826,,山东省青岛市城阳区,Z05918,,,0,,,2024-09-11 16:10:03
1827,,安徽省合肥市瑶海区,Z09940,,,0,,,2024-09-11 16:10:09
1828,,新疆维吾尔自治区喀什地区喀什市,Z05705,,,0,,,2024-09-11 16:10:12
1829,泉州,福建省泉州市安溪县,Z06290,,,0,,,2024-09-11 16:10:14
1830,东莞,广东省东莞市东莞市,Z08053,,,0,,,2024-09-11 16:10:15
1831,,,Z04343,,,0,,,2024-09-11 16:10:17
1832,,新疆维吾尔自治区阿拉尔市阿拉尔市,Z05766,,,0,,,2024-09-11 16:10:17
1833,武汉,湖北省武汉市洪山区,Z09892,,,0,,,2024-09-11 16:11:06
1834,,河南省安阳市殷都区,Z09987,,,0,,,2024-09-11 16:33:23
1835,,贵州省黔南布依族苗族自治州平塘县,Z06749,,,0,,,2024-09-11 16:33:25
1836,深圳,广东省深圳市龙华区,Z08441,,,0,,,2024-09-11 16:34:14
1837,,四川省雅安市名山区,Z07688,,,0,,,2024-09-11 16:34:21
1838,,河南省郑州市金水区,Z04973,,,0,,,2024-09-11 16:34:22
1839,,黑龙江省大庆市肇源县,Z04529,,,0,,,2024-09-11 16:35:22
1840,,河南省周口市项城市,Z04881,,,0,,,2024-09-11 16:35:24
1841,荆州,湖北省荆门市掇刀区,Z10173,,,0,,,2024-09-11 16:36:13
1842,,四川省眉山市彭山区,Z07658,,,0,,,2024-09-11 16:59:17
1843,武汉,湖北省咸宁市通山县,Z07275,,,0,,,2024-09-11 17:01:01
1844,,云南省楚雄彝族自治州禄丰市,Z07035,,,0,,,2024-09-11 17:01:03
1846,南昌,江西省上饶市铅山县,Z09293,,,0,,,2024-09-11 17:01:07
1847,南昌,江西省九江市都昌县,Z09273,,,0,,,2024-09-11 17:01:11
1848,南昌,江西省宜春市上高县,Z09306,,,0,,,2024-09-11 17:01:13
1849,,山东省济南市槐荫区,Z09397,,,0,,,2024-09-11 17:26:43
1850,,山东省济南市历下区,Z09396,,,0,,,2024-09-11 17:26:45
1851,淮安,江苏省镇江市丹徒区,Z09553,,,0,,,2024-09-11 17:26:53
1852,,,Z04912,,,0,,,2024-09-11 17:26:53
1853,南宁,广西壮族自治区百色市那坡县,Z08070,,,0,,,2024-09-11 17:26:55
1854,南宁,广西壮族自治区南宁市江南区,Z09606,,,0,,,2024-09-11 17:26:55
1855,贵港,广西壮族自治区贵港市港南区,Z08411,,,0,,,2024-09-11 17:26:56
1856,柳州,广西壮族自治区贺州市八步区,Z08279,,,0,,,2024-09-11 17:26:56
1857,,河南省南阳市卧龙区,Z10031,,,0,,,2024-09-11 17:26:58
1858,南宁,广西壮族自治区崇左市大新县,Z08082,,,0,,,2024-09-11 17:27:45
1859,,重庆市重庆市巫山县,Z09233,,,0,,,2024-09-11 17:27:47
1860,,重庆市重庆市梁平区,Z06899,,,0,,,2024-09-11 17:27:48
1861,柳州,广西壮族自治区贺州市平桂区,Z10382,,,0,,,2024-09-11 17:27:48
1862,赣州,江西省赣州市信丰县,Z08937,,,0,,,2024-09-11 17:27:51
1863,,重庆市重庆市石柱土家族自治县,Z06906,,,0,,,2024-09-11 17:27:54
1864,,重庆市重庆市大足区,Z06891,,,0,,,2024-09-11 17:27:55
1865,柳州,广西壮族自治区贺州市平桂区,Z10380,,,0,,,2024-09-11 17:27:55
1866,,重庆市重庆市黔江区,Z06904,,,0,,,2024-09-11 17:27:56
1867,,重庆市重庆市奉节县,Z09239,,,0,,,2024-09-11 17:27:58
1868,南宁,广西壮族自治区南宁市横州市,Z08159,,,0,,,2024-09-11 17:28:01
1869,南宁,广西壮族自治区钦州市浦北县,Z09378,,,0,,,2024-09-11 17:28:01
1870,,云南省曲靖市麒麟区,Z10189,,,0,,,2024-09-11 17:28:04
1871,,安徽省阜阳市临泉县,Z06553,,,0,,,2024-09-11 17:53:56
1872,,内蒙古自治区巴彦淖尔市临河区,Z04848,,,0,,,2024-09-11 17:54:52
1873,,内蒙古自治区乌海市海勃湾区,Z09727,,,0,,,2024-09-11 17:54:54
1874,,重庆市重庆市荣昌区,Z06905,,,0,,,2024-09-11 17:54:59
1875,,云南省玉溪市华宁县,Z10192,,,0,,,2024-09-11 17:55:02
1876,南宁,广西壮族自治区百色市靖西市,Z08065,,,0,,,2024-09-11 17:55:02
1877,,四川省内江市东兴区,Z10046,,,0,,,2024-09-11 17:55:03
1878,,四川省内江市威远县,Z07670,,,0,,,2024-09-11 17:55:03
1879,,重庆市重庆市云阳县,Z06918,,,0,,,2024-09-11 17:55:03
1880,南宁,广西壮族自治区百色市田东县,Z08073,,,0,,,2024-09-11 17:55:04
1881,南宁,广西壮族自治区百色市平果市,Z08071,,,0,,,2024-09-11 17:55:10
1882,柳州,广西壮族自治区来宾市金秀瑶族自治县,Z09383,,,0,,,2024-09-11 17:55:13
1883,柳州,广西壮族自治区河池市罗城仫佬族自治县,Z08273,,,0,,,2024-09-11 17:55:13
1886,杭州,浙江省嘉兴市海宁市,Z06423,,,0,,,2024-09-11 17:55:20
1887,杭州,浙江省舟山市嵊泗县,Z06443,,,0,,,2024-09-11 17:55:22
1888,,安徽省宿州市萧县,Z06551,,,0,,,2024-09-11 17:55:23
1889,,山西省吕梁市柳林县,Z03995,,,0,,,2024-09-11 17:55:26
1890,泉州,福建省泉州市南安市,Z08907,,,0,,,2024-09-11 18:22:44
1891,,贵州省黔西南布依族苗族自治州贞丰县,Z06802,,,0,,,2024-09-12 09:12:47
1892,湛江,广东省湛江市坡头区,Z08460,,,0,,,2024-09-12 10:13:40
1893,泉州,福建省泉州市晋江市,Z08866,,,0,,,2024-09-12 10:44:06
1894,泉州,福建省泉州市石狮市,Z06282,,,0,,,2024-09-12 10:44:07
1895,泉州,福建省泉州市石狮市,Z06281,,,0,,,2024-09-12 10:44:07
1896,福州,福建省南平市邵武市,Z06145,,,0,,,2024-09-12 10:44:10
1897,赣州,江西省赣州市赣县区,Z08915,,,0,,,2024-09-12 10:44:11
1898,,陕西省咸阳市礼泉县,Z05571,,,0,,,2024-09-12 10:54:24
1899,南昌,江西省宜春市靖安县,Z09305,,,0,,,2024-09-12 10:55:00
1900,南昌,江西省宜春市铜鼓县,Z10075,,,0,,,2024-09-12 10:55:01
1901,南昌,江西省抚州市金溪县,Z09262,,,0,,,2024-09-12 10:55:01
1903,,河北省邯郸市永年区,Z08693,,,0,,,2024-09-12 11:05:13
1904,,河北省石家庄市正定县,Z08645,,,0,,,2024-09-12 11:05:13
1905,,山西省大同市灵丘县,Z03956,,,0,,,2024-09-12 11:05:15
1906,,山西省吕梁市文水县,Z10145,,,0,,,2024-09-12 11:05:16
1907,,山西省运城市平陆县,Z04039,,,0,,,2024-09-12 11:05:17
1908,衡阳,湖南省衡阳市祁东县,Z07474,,,0,,,2024-09-12 11:27:03
1909,,贵州省黔东南苗族侗族自治州天柱县,Z06778,,,0,,,2024-09-12 11:36:41
1910,,安徽省蚌埠市淮上区,Z10296,,,0,,,2024-09-12 11:36:42
1911,,黑龙江省大庆市大同区,Z04603,,,0,,,2024-09-12 11:37:12
1912,,黑龙江省牡丹江市绥芬河市,Z04546,,,0,,,2024-09-12 11:37:13
1913,,山西省阳泉市盂县,Z04033,,,0,,,2024-09-12 11:37:13
1914,武汉,湖北省咸宁市赤壁市,Z07270,,,0,,,2024-09-12 14:19:47
1915,,贵州省贵阳市观山湖区,Z09343,,,0,,,2024-09-12 14:28:26
1916,,云南省怒江傈僳族自治州兰坪白族普米族自治县,Z07015,,,0,,,2024-09-12 14:28:57
1917,,云南省怒江傈僳族自治州贡山独龙族怒族自治县,Z08618,,,0,,,2024-09-12 14:28:57
1918,,四川省成都市金牛区,Z10152,,,0,,,2024-09-12 14:30:00
1919,柳州,广西壮族自治区柳州市鱼峰区,Z10440,,,0,,,2024-09-12 15:00:24
1920,贵港,广西壮族自治区梧州市藤县,Z08382,,,0,,,2024-09-12 15:00:25
1921,贵港,广西壮族自治区贵港市覃塘区,Z08359,,,0,,,2024-09-12 15:00:25
1922,贵港,广西壮族自治区贵港市港北区,Z09656,,,0,,,2024-09-12 15:00:25
1923,南宁,广西壮族自治区北海市合浦县,Z08079,,,0,,,2024-09-12 15:00:26
1924,柳州,广西壮族自治区河池市宜州区,Z08276,,,0,,,2024-09-12 15:00:26
1925,柳州,广西壮族自治区河池市南丹县,Z08274,,,0,,,2024-09-12 15:00:26
1926,柳州,广西壮族自治区河池市金城江区,Z08272,,,0,,,2024-09-12 15:00:27
1927,柳州,广西壮族自治区贺州市昭平县,Z10390,,,0,,,2024-09-12 15:00:27
1928,柳州,广西壮族自治区贺州市富川瑶族自治县,Z08278,,,0,,,2024-09-12 15:00:27
1929,柳州,广西壮族自治区贺州市钟山县,Z08282,,,0,,,2024-09-12 15:00:27
1930,柳州,广西壮族自治区桂林市荔浦市,Z08255,,,0,,,2024-09-12 15:00:27
1931,深圳,广东省深圳市光明区,Z08847,,,0,,,2024-09-12 15:02:05
1932,,河南省信阳市息县,Z04916,,,0,,,2024-09-12 15:11:48
1933,,河南省周口市太康县,Z04886,,,0,,,2024-09-12 15:12:19
1934,,河南省郑州市登封市,Z04974,,,0,,,2024-09-12 15:19:31
1935,,河南省新乡市延津县,Z09993,,,0,,,2024-09-12 15:19:33
1936,,河南省漯河市源汇区,Z09483,,,0,,,2024-09-12 15:20:09
1937,,河南省郑州市新郑市,Z04977,,,0,,,2024-09-12 15:22:16
1938,,甘肃省酒泉市瓜州县,Z05489,,,0,,,2024-09-12 15:42:44
1939,,甘肃省兰州市西固区,Z10431,,,0,,,2024-09-12 15:42:45
1940,,黑龙江省佳木斯市富锦市,Z04553,,,0,,,2024-09-12 15:53:25
1941,,黑龙江省哈尔滨市宾县,Z04601,,,0,,,2024-09-12 15:53:27
1942,,黑龙江省哈尔滨市巴彦县,Z04608,,,0,,,2024-09-12 15:53:27
1943,,黑龙江省哈尔滨市松北区,Z09679,,,0,,,2024-09-12 15:53:27
1944,,吉林省长春市,Z09575,,,0,,,2024-09-12 15:53:38
1945,,吉林省松原市,Z09574,,,0,,,2024-09-12 15:53:42
1946,,吉林省吉林市舒兰市,Z04669,,,0,,,2024-09-12 15:53:43
1947,,四川省自贡市沿滩区,Z09758,,,0,,,2024-09-12 16:05:50
1948,,四川省泸州市古蔺县,Z08858,,,0,,,2024-09-12 16:05:51
1949,,四川省广安市前锋区,Z10056,,,0,,,2024-09-12 16:05:52
1950,邵阳,湖南省娄底市双峰县,Z07445,,,0,,,2024-09-12 16:17:48
1951,衡阳,湖南省衡阳市耒阳市,Z07486,,,0,,,2024-09-12 16:17:54
1952,,河北省邯郸市大名县,Z08686,,,0,,,2024-09-12 16:18:07
1953,,新疆维吾尔自治区喀什地区喀什市,Z05708,,,0,,,2024-09-12 16:18:10
1954,邵阳,湖南省娄底市新化县,Z07444,,,0,,,2024-09-12 16:18:13
1955,湛江,广东省茂名市电白区,Z06363,,,0,,,2024-09-12 16:18:14
1956,南昌,江西省鹰潭市贵溪市,Z09316,,,0,,,2024-09-12 16:18:45
1957,武汉,湖北省鄂州市鄂城区,Z09886,,,0,,,2024-09-12 16:19:05
1958,,山东省济宁市汶上县,Z05877,,,0,,,2024-09-12 16:19:31
1959,长沙,湖南省长沙市望城区,Z09516,,,0,,,2024-09-12 16:19:34
1960,泉州,福建省泉州市惠安县,Z09015,,,0,,,2024-09-12 16:19:34
1961,广州,广东省广州市海珠区,Z09329,,,0,,,2024-09-12 16:29:32
1962,广州,广东省广州市海珠区,Z07959,,,0,,,2024-09-12 16:29:33
1963,上海,,Z06587,,,0,,,2024-09-12 16:29:42
1964,,安徽省滁州市琅琊区,Z09740,,,0,,,2024-09-12 16:31:06
1965,,辽宁省鞍山市岫岩满族自治县,Z04495,,,0,,,2024-09-12 16:31:32
1966,,内蒙古自治区赤峰市红山区,Z10141,,,0,,,2024-09-12 16:31:33
1967,,辽宁省朝阳市建平县,Z04476,,,0,,,2024-09-12 16:31:34
1968,邵阳,湖南省怀化市鹤城区,Z09519,,,0,,,2024-09-12 17:15:12
1969,,河北省承德市宽城满族自治县,Z04349,,,0,,,2024-09-12 17:15:16
1970,,陕西省榆林市神木市,Z05632,,,0,,,2024-09-12 17:39:23
1971,杭州,浙江省舟山市普陀区,Z09084,,,0,,,2024-09-12 17:39:24
1972,杭州,浙江省舟山市定海区,Z06440,,,0,,,2024-09-12 17:39:25
1973,,黑龙江省牡丹江市东宁市,Z04548,,,0,,,2024-09-12 17:40:19
1974,,四川省乐山市峨边彝族自治县,Z07639,,,0,,,2024-09-12 17:40:25
1975,,山东省青岛市莱西市,Z05913,,,0,,,2024-09-12 17:40:30
1976,,新疆维吾尔自治区昌吉回族自治州吉木萨尔县,Z05415,,,0,,,2024-09-12 17:40:32
1977,,新疆维吾尔自治区哈密市伊吾县,Z05423,,,0,,,2024-09-12 17:40:35
1978,杭州,浙江省嘉兴市嘉善县,Z06424,,,0,,,2024-09-12 17:40:39
1979,杭州,浙江省宁波市余姚市,Z06431,,,0,,,2024-09-12 17:40:46
1980,,河北省衡水市阜城县,Z08648,,,0,,,2024-09-12 18:02:32
1981,广州,广东省广州市海珠区,Z07958,,,0,,,2024-09-12 18:04:46
1982,广州,广东省广州市海珠区,Z08034,,,0,,,2024-09-12 18:04:47
1983,广州,广东省广州市海珠区,Z09328,,,0,,,2024-09-12 18:04:49
1984,广州,广东省广州市海珠区,Z09320,,,0,,,2024-09-12 18:05:49
1985,贵港,广西壮族自治区玉林市兴业县,Z08405,,,0,,,2024-09-12 18:05:57
1986,,河北省沧州市新华区,Z08711,,,0,,,2024-09-12 18:05:58
1987,,河北省保定市涞水县,Z08676,,,0,,,2024-09-12 18:05:58
1988,,河北省保定市涿州市,Z08646,,,0,,,2024-09-12 18:05:58
1989,南宁,广西壮族自治区百色市隆林各族自治县,Z10354,,,0,,,2024-09-12 18:06:07
1990,南宁,广西壮族自治区百色市德保县,Z08064,,,0,,,2024-09-12 18:06:10
1991,衡阳,湖南省郴州市汝城县,Z07477,,,0,,,2024-09-12 18:06:15
1992,柳州,广西壮族自治区桂林市资源县,Z08264,,,0,,,2024-09-12 18:06:15
1993,柳州,广西壮族自治区柳州市融水苗族自治县,Z09653,,,0,,,2024-09-12 18:06:19
1994,,贵州省贵阳市白云区,Z06754,,,0,,,2024-09-12 18:06:21
1995,杭州,浙江省杭州市上城区,Z06440,,,0,,,2024-09-12 18:06:22
1996,,河南省三门峡市湖滨区,Z10012,,,0,,,2024-09-12 18:06:22
1997,,河南省三门峡市灵宝市,Z04957,,,0,,,2024-09-12 18:06:23
1998,邵阳,湖南省永州市江华瑶族自治县,Z07428,,,0,,,2024-09-12 18:06:23
1999,,贵州省贵阳市清镇市,Z06759,,,0,,,2024-09-12 18:06:23
2000,,浙江省台州市仙居县,Z06476,,,0,,,2024-09-12 18:06:25
2001,,浙江省台州市临海市,Z06487,,,0,,,2024-09-12 18:06:35
2002,,浙江省台州市三门县,Z06473,,,0,,,2024-09-12 18:06:35
2003,,浙江省台州市天台县,Z06474,,,0,,,2024-09-12 18:06:35
2006,,内蒙古自治区呼伦贝尔市阿荣旗,Z04592,,,0,,,2024-09-13 10:18:53
2007,,黑龙江省牡丹江市海林市,Z04549,,,0,,,2024-09-13 10:18:54
2008,,新疆维吾尔自治区塔城地区塔城市,Z05445,,,0,,,2024-09-13 10:19:08
2009,,云南省德宏傣族景颇族自治州芒市,Z07020,,,0,,,2024-09-13 10:19:17
2010,,云南省德宏傣族景颇族自治州瑞丽市,Z06999,,,0,,,2024-09-13 10:19:18
2011,,河南省焦作市山阳区,Z10006,,,0,,,2024-09-13 10:39:55
2012,,,Z05021,,,0,,,2024-09-13 10:39:56
2013,,河南省新乡市长垣市,Z04962,,,0,,,2024-09-13 10:39:56
2014,,黑龙江省鹤岗市东山区,Z09687,,,0,,,2024-09-13 10:50:23
984,,吉林省白山市抚松县,Z04657,,,0,,,2024-09-05 17:29:41
985,,重庆市重庆市巴南区,Z09920,,,0,,,2024-09-05 17:29:42
986,,吉林省辽源市龙山区,Z10103,,,0,,,2024-09-05 17:29:44
987,,重庆市重庆市巫山县,Z06912,,,0,,,2024-09-05 17:29:44
988,,吉林省四平市铁东区,Z09573,,,0,,,2024-09-05 17:29:46
989,,重庆市重庆市璧山区,Z06888,,,0,,,2024-09-05 17:29:48
990,,重庆市重庆市武隆区,Z06914,,,0,,,2024-09-05 17:29:49
991,,重庆市重庆市沙坪坝区,Z09921,,,0,,,2024-09-05 17:29:50
992,,贵州省安顺市普定县,Z06728,,,0,,,2024-09-05 17:29:51
993,,黑龙江省绥化市海伦市,Z04574,,,0,,,2024-09-05 17:29:52
994,,黑龙江省大庆市龙凤区,Z09696,,,0,,,2024-09-05 17:29:53
995,,重庆市重庆市北碚区,Z09922,,,0,,,2024-09-05 17:29:54
996,,贵州省贵阳市南明区,Z06755,,,0,,,2024-09-05 17:29:55
997,,贵州省毕节市赫章县,Z06733,,,0,,,2024-09-05 17:29:56
998,,贵州省黔东南苗族侗族自治州黎平县,Z06772,,,0,,,2024-09-05 17:29:57
999,,贵州省黔南布依族苗族自治州都匀市,Z06747,,,0,,,2024-09-05 17:29:58
1000,,贵州省黔南布依族苗族自治州龙里县,Z06747,,,0,,,2024-09-05 17:29:58
1001,,贵州省黔东南苗族侗族自治州三穗县,Z06775,,,0,,,2024-09-05 17:29:58
1002,,贵州省黔西南布依族苗族自治州兴义市,Z06795,,,0,,,2024-09-05 17:29:59
1003,,重庆市重庆市酉阳土家族苗族自治县,Z06917,,,0,,,2024-09-05 17:29:59
1004,,贵州省遵义市汇川区,Z09359,,,0,,,2024-09-05 17:30:01
1005,,甘肃省庆阳市庆城县,Z09495,,,0,,,2024-09-05 17:30:02
1006,,甘肃省庆阳市环县,Z05505,,,0,,,2024-09-05 17:30:02
1007,,甘肃省白银市白银区,Z09484,,,0,,,2024-09-05 17:30:04
1008,,重庆市重庆市永川区,Z06916,,,0,,,2024-09-05 17:30:13
1009,,重庆市重庆市奉节县,Z09238,,,0,,,2024-09-05 17:30:14
1010,,贵州省贵阳市花溪区,Z06755,,,0,,,2024-09-05 17:31:29
1011,,河北省邢台市宁晋县,Z08643,,,0,,,2024-09-05 17:41:43
1012,柳州,广西壮族自治区柳州市柳江区,Z09649,,,0,,,2024-09-05 17:41:47
1013,贵港,广西壮族自治区玉林市玉州区,Z09672,,,0,,,2024-09-05 17:41:48
1014,南宁,广西壮族自治区钦州市钦北区,Z09626,,,0,,,2024-09-05 17:41:49
1015,贵港,广西壮族自治区贵港市覃塘区,Z10333,,,0,,,2024-09-05 17:41:49
1016,广州,广东省广州市黄埔区,Z10463,,,0,,,2024-09-05 17:41:51
1017,柳州,广西壮族自治区柳州市柳北区,Z10443,,,0,,,2024-09-05 17:41:52
1018,柳州,广西壮族自治区柳州市柳江区,Z09650,,,0,,,2024-09-05 17:41:53
1019,南宁,广西壮族自治区南宁市兴宁区,Z09620,,,0,,,2024-09-05 17:41:55
1020,南宁,广西壮族自治区百色市凌云县,Z09588,,,0,,,2024-09-05 17:41:57
1021,南宁,广西壮族自治区南宁市邕宁区,Z09623,,,0,,,2024-09-05 17:41:57
1022,,河北省保定市唐县,Z08663,,,0,,,2024-09-05 17:41:57
1023,南宁,广西壮族自治区百色市田林县,Z08074,,,0,,,2024-09-05 17:41:58
1024,,新疆维吾尔自治区伊犁哈萨克自治州伊宁市,Z05431,,,0,,,2024-09-05 17:42:00
1025,南宁,广西壮族自治区百色市乐业县,Z08067,,,0,,,2024-09-05 17:42:02
1026,南宁,广西壮族自治区百色市田阳区,Z09589,,,0,,,2024-09-05 17:42:03
1027,,新疆维吾尔自治区博尔塔拉蒙古自治州温泉县,Z05412,,,0,,,2024-09-05 17:43:20
1028,贵港,广西壮族自治区贵港市平南县,Z08357,,,0,,,2024-09-05 17:43:21
1029,贵港,广西壮族自治区贵港市桂平市,Z08348,,,0,,,2024-09-05 17:43:22
1030,贵港,广西壮族自治区梧州市龙圩区,Z09662,,,0,,,2024-09-05 17:43:22
1031,南宁,广西壮族自治区百色市右江区,Z09591,,,0,,,2024-09-05 17:43:23
1032,泉州,福建省泉州市惠安县,Z06304,,,0,,,2024-09-05 17:43:25
1033,,山东省青岛市市北区,Z09450,,,0,,,2024-09-05 17:43:25
1034,南宁,广西壮族自治区河池市都安瑶族自治县,Z08126,,,0,,,2024-09-05 17:43:26
1035,,云南省曲靖市罗平县,Z07105,,,0,,,2024-09-05 17:43:27
1036,福州,福建省三明市三元区,Z08882,,,0,,,2024-09-05 17:43:28
1037,福州,福建省福州市平潭县,Z09028,,,0,,,2024-09-05 17:43:29
1038,,河北省保定市蠡县,Z08629,,,0,,,2024-09-05 17:43:32
1039,,河南省郑州市中原区,Z09961,,,0,,,2024-09-05 17:43:32
1040,,河南省郑州市中原区,Z09962,,,0,,,2024-09-05 17:43:32
1041,,浙江省台州市黄岩区,Z06469,,,0,,,2024-09-05 17:43:34
1042,,浙江省温州市瓯海区,Z08840,,,0,,,2024-09-05 17:43:35
1043,,河南省信阳市浉河区,Z09480,,,0,,,2024-09-05 17:43:37
1044,长沙,湖南省湘潭市湘乡市,Z07406,,,0,,,2024-09-06 09:20:52
1045,,甘肃省酒泉市敦煌市,Z05483,,,0,,,2024-09-06 09:51:06
1046,,甘肃省陇南市成县,Z05495,,,0,,,2024-09-06 09:51:08
1047,,陕西省商洛市山阳县,Z05598,,,0,,,2024-09-06 09:51:11
1049,,四川省南充市顺庆区,Z09869,,,0,,,2024-09-06 10:11:24
1050,,四川省成都市青白江区,Z07588,,,0,,,2024-09-06 10:11:24
1051,,四川省成都市双流区,Z07590,,,0,,,2024-09-06 10:11:24
1052,,四川省成都市武侯区,Z07591,,,0,,,2024-09-06 10:11:24
1053,邵阳,湖南省邵阳市双清区,Z09526,,,0,,,2024-09-06 10:31:33
1054,泉州,福建省泉州市石狮市,Z06291,,,0,,,2024-09-06 10:41:44
1055,泉州,福建省泉州市石狮市,Z08906,,,0,,,2024-09-06 10:41:45
1056,长沙,湖南省长沙市宁乡市,Z07404,,,0,,,2024-09-06 10:41:46
1057,,山东省临沂市蒙阴县,Z06043,,,0,,,2024-09-06 10:51:55
1060,,新疆维吾尔自治区图木舒克市图木舒克市,Z05720,,,0,,,2024-09-06 10:52:02
1061,,云南省昆明市五华区,Z07073,,,0,,,2024-09-06 11:01:57
1062,,云南省昆明市禄劝彝族苗族自治县,Z07079,,,0,,,2024-09-06 11:02:03
1063,淮安,江苏省宿迁市宿城区,Z09542,,,0,,,2024-09-06 11:11:57
1064,,安徽省宣城市宣州区,Z06506,,,0,,,2024-09-06 11:11:57
1065,,安徽省芜湖市弋江区,Z09853,,,0,,,2024-09-06 11:11:58
1066,淮安,江苏省徐州市铜山区,Z06354,,,0,,,2024-09-06 11:11:58
1067,淮安,江苏省盐城市阜宁县,Z06333,,,0,,,2024-09-06 11:11:59
1068,淮安,江苏省徐州市新沂市,Z06328,,,0,,,2024-09-06 11:12:01
1069,杭州,浙江省杭州市萧山区,Z06414,,,0,,,2024-09-06 11:12:07
1070,福州,福建省三明市永安市,Z06199,,,0,,,2024-09-06 11:22:15
1071,荆州,湖北省荆州市荆州区,Z10079,,,0,,,2024-09-06 11:22:16
1072,东莞,广东省东莞市东莞市,Z08049,,,0,,,2024-09-06 11:32:13
1073,东莞,广东省东莞市东莞市,Z08046,,,0,,,2024-09-06 11:32:15
1074,东莞,广东省东莞市,Z08015,,,0,,,2024-09-06 11:32:18
1075,淮安,,Z09542,,,0,,,2024-09-06 13:12:42
1076,,河南省郑州市管城回族区,Z09964,,,0,,,2024-09-06 13:22:37
1077,,河南省郑州市二七区,Z09963,,,0,,,2024-09-06 13:22:37
1078,,河南省驻马店市上蔡县,Z04872,,,0,,,2024-09-06 13:22:39
1079,,河南省漯河市舞阳县,Z04891,,,0,,,2024-09-06 13:22:39
1080,,河北省石家庄市桥西区,Z08856,,,0,,,2024-09-06 13:22:44
1081,,内蒙古自治区鄂尔多斯市鄂托克旗,Z04853,,,0,,,2024-09-06 13:22:44
1082,,内蒙古自治区鄂尔多斯市东胜区,Z09723,,,0,,,2024-09-06 13:22:45
1083,,内蒙古自治区锡林郭勒盟二连浩特市,Z04857,,,0,,,2024-09-06 13:22:45
1084,,四川省成都市成华区,Z10152,,,0,,,2024-09-06 13:22:46
1085,,河南省平顶山市卫东区,Z09479,,,0,,,2024-09-06 13:22:48
1086,,河南省驻马店市正阳县,Z04874,,,0,,,2024-09-06 13:22:49
1087,,河南省周口市沈丘县,Z04883,,,0,,,2024-09-06 13:22:50
1088,,河南省许昌市禹州市,Z04928,,,0,,,2024-09-06 13:22:51
1089,,河南省南阳市社旗县,Z04894,,,0,,,2024-09-06 13:22:53
1090,,山东省济南市历下区,Z09400,,,0,,,2024-09-06 13:22:57
1091,,山西省晋城市阳城县,Z03967,,,0,,,2024-09-06 13:22:58
1092,,山西省太原市晋源区,Z10163,,,0,,,2024-09-06 13:22:58
1093,,山西省太原市小店区,Z04009,,,0,,,2024-09-06 13:22:58
1094,衡阳,湖南省株洲市攸县,Z07459,,,0,,,2024-09-06 13:32:59
1095,武汉,,Z07265,,,0,,,2024-09-06 13:33:00
1096,邵阳,湖南省怀化市溆浦县,Z07433,,,0,,,2024-09-06 13:33:00
1097,邵阳,湖南省邵阳市邵阳县,Z07412,,,0,,,2024-09-06 13:33:02
1098,福州,福建省福州市鼓楼区,Z06119,,,0,,,2024-09-06 13:33:03
1099,,新疆维吾尔自治区喀什地区巴楚县,Z05702,,,0,,,2024-09-06 13:33:07
1100,,新疆维吾尔自治区喀什地区伽师县,Z05728,,,0,,,2024-09-06 13:33:08
1101,,新疆维吾尔自治区喀什地区麦盖提县,Z05704,,,0,,,2024-09-06 13:33:08
1102,,新疆维吾尔自治区喀什地区喀什市,Z01892,,,0,,,2024-09-06 13:33:10
1103,,新疆维吾尔自治区喀什地区喀什市,Z05701,,,0,,,2024-09-06 13:33:11
1104,,新疆维吾尔自治区喀什地区喀什市,Z08603,,,0,,,2024-09-06 13:33:11
1105,荆州,湖北省荆州市石首市,Z07519,,,0,,,2024-09-06 13:33:11
1106,,新疆维吾尔自治区喀什地区英吉沙县,Z05711,,,0,,,2024-09-06 13:33:13
1107,荆州,湖北省襄阳市襄州区,Z10171,,,0,,,2024-09-06 13:33:13
1108,邵阳,湖南省怀化市芷江侗族自治县,Z07432,,,0,,,2024-09-06 14:03:23
1109,邵阳,湖南省邵阳市新邵县,Z07410,,,0,,,2024-09-06 14:03:25
1110,荆州,,Z07505,,,0,,,2024-09-06 14:03:27
1111,福州,福建省福州市台江区,Z06119,,,0,,,2024-09-06 14:13:40
1113,,甘肃省定西市临洮县,Z05482,,,0,,,2024-09-06 14:23:33
1114,,甘肃省天水市秦安县,Z05509,,,0,,,2024-09-06 14:23:34
1115,,甘肃省定西市漳县,Z05546,,,0,,,2024-09-06 14:23:35
1116,泉州,福建省福州市台江区,Z06235,,,0,,,2024-09-06 14:23:47
1117,长沙,湖南省湘潭市岳塘区,Z07911,,,0,,,2024-09-06 14:23:48
1118,,青海省西宁市城西区,Z10057,,,0,,,2024-09-06 14:33:33
1119,,四川省甘孜藏族自治州巴塘县,Z07607,,,0,,,2024-09-06 14:33:47
1120,,甘肃省平凉市崆峒区,Z09494,,,0,,,2024-09-06 14:33:47
1121,,甘肃省平凉市泾川县,Z05501,,,0,,,2024-09-06 14:33:54
1122,,甘肃省定西市岷县,Z10045,,,0,,,2024-09-06 14:33:55
1123,,甘肃省兰州市安宁区,Z09489,,,0,,,2024-09-06 14:33:55
1124,淮安,,Z06317,,,0,,,2024-09-06 14:43:45
1125,,浙江省金华市义乌市,Z06450,,,0,,,2024-09-06 14:43:53
1126,,吉林省延边朝鲜族自治州珲春市,Z04689,,,0,,,2024-09-06 14:43:55
1127,,吉林省长春市绿园区,Z09576,,,0,,,2024-09-06 14:43:56
1128,,吉林省延边朝鲜族自治州延吉市,Z04687,,,0,,,2024-09-06 14:43:56
1129,,吉林省长春市公主岭市,Z04674,,,0,,,2024-09-06 14:43:57
1130,,内蒙古自治区兴安盟乌兰浩特市,Z04691,,,0,,,2024-09-06 14:43:57
1131,,吉林省白城市洮北区,Z10108,,,0,,,2024-09-06 14:43:58
1132,,吉林省通化市东昌区,Z10102,,,0,,,2024-09-06 14:44:01
1133,,吉林省白山市浑江区,Z10101,,,0,,,2024-09-06 14:44:04
1134,,吉林省通化市辉南县,Z04683,,,0,,,2024-09-06 14:44:07
1135,,吉林省长春市宽城区,Z09576,,,0,,,2024-09-06 14:44:09
1136,,吉林省吉林市磐石市,Z04672,,,0,,,2024-09-06 14:44:09
1137,,吉林省松原市宁江区,Z09574,,,0,,,2024-09-06 14:44:10
1138,淮安,江苏省徐州市邳州市,Z06326,,,0,,,2024-09-06 14:44:11
1139,,山东省青岛市黄岛区,Z10306,,,0,,,2024-09-06 14:44:12
1140,,山东省济南市天桥区,Z09402,,,0,,,2024-09-06 14:44:12
1141,,山东省滨州市惠民县,Z05897,,,0,,,2024-09-06 14:44:13
1142,,天津市天津市西青区,Z08473,,,0,,,2024-09-06 14:54:14
1143,,河北省石家庄市长安区,Z08591,,,0,,,2024-09-06 14:54:15
1145,,北京市北京市密云区,Z04340,,,0,,,2024-09-06 14:54:23
1146,南昌,江西省南昌市南昌县,Z07798,,,0,,,2024-09-06 15:04:18
1147,,新疆维吾尔自治区阿克苏地区阿克苏市,Z05758,,,0,,,2024-09-06 15:04:19
1148,荆州,湖北省宜昌市伍家岗区,Z09884,,,0,,,2024-09-06 15:04:20
1149,,河南省新乡市辉县市,Z10001,,,0,,,2024-09-06 15:14:04
1150,,河南省信阳市固始县,Z04921,,,0,,,2024-09-06 15:14:06
1151,,河南省新乡市卫辉市,Z06074,,,0,,,2024-09-06 15:14:26
1152,,河南省新乡市新乡县,Z09997,,,0,,,2024-09-06 15:14:29
1153,南宁,广西壮族自治区南宁市兴宁区,Z08150,,,0,,,2024-09-06 15:24:44
1154,南宁,广西壮族自治区南宁市兴宁区,Z09595,,,0,,,2024-09-06 15:24:45
1155,,内蒙古自治区包头市土默特右旗,Z04838,,,0,,,2024-09-06 15:24:46
1156,南宁,广西壮族自治区崇左市宁明县,Z09595,,,0,,,2024-09-06 15:24:47
1157,,河北省石家庄市栾城区,Z08737,,,0,,,2024-09-06 15:24:48
1158,,河北省保定市莲池区,Z08751,,,0,,,2024-09-06 15:24:48
1159,泉州,福建省福州市台江区,Z06278,,,0,,,2024-09-06 15:35:21
1160,赣州,江西省吉安市青原区,Z09924,,,0,,,2024-09-06 15:35:34
1161,赣州,江西省赣州市南康区,Z08936,,,0,,,2024-09-06 15:35:34
1162,赣州,江西省吉安市万安县,Z08922,,,0,,,2024-09-06 15:35:35
1163,南昌,江西省新余市分宜县,Z09932,,,0,,,2024-09-06 15:35:36
1164,南昌,江西省南昌市青山湖区,Z09751,,,0,,,2024-09-06 15:35:36
1165,南昌,江西省九江市修水县,Z10450,,,0,,,2024-09-06 15:35:37
1166,南昌,,Z09748,,,0,,,2024-09-06 15:35:37
1167,南昌,江西省宜春市万载县,Z09308,,,0,,,2024-09-06 15:35:37
1168,南昌,江西省九江市柴桑区,Z09928,,,0,,,2024-09-06 15:35:38
1169,武汉,湖北省武汉市新洲区,Z07242,,,0,,,2024-09-06 15:35:39
1170,南昌,江西省宜春市高安市,Z09303,,,0,,,2024-09-06 15:35:43
1171,赣州,,Z09925,,,0,,,2024-09-06 15:35:45
1172,南昌,江西省抚州市南城县,Z09264,,,0,,,2024-09-06 15:35:45
1173,南昌,江西省抚州市东乡区,Z09261,,,0,,,2024-09-06 15:35:46
1174,南昌,江西省抚州市南丰县,Z07778,,,0,,,2024-09-06 15:35:46
1175,南昌,江西省抚州市广昌县,Z07776,,,0,,,2024-09-06 15:35:47
1176,东莞,广东省东莞市,Z07949,,,0,,,2024-09-06 15:45:51
1177,,黑龙江省鹤岗市绥滨县,Z04617,,,0,,,2024-09-06 15:45:55
1178,,黑龙江省大庆市龙凤区,Z09697,,,0,,,2024-09-06 15:45:55
1179,,黑龙江省鸡西市密山市,Z04564,,,0,,,2024-09-06 15:45:55
1180,,黑龙江省佳木斯市汤原县,Z04599,,,0,,,2024-09-06 15:45:56
1181,广州,广东省清远市清新区,Z08034,,,0,,,2024-09-06 15:45:57
1182,,云南省昭通市镇雄县,Z10195,,,0,,,2024-09-06 15:45:58
1183,,吉林省四平市梨树县,Z09331,,,0,,,2024-09-06 15:45:59
1184,,山西省阳泉市郊区,Z09568,,,0,,,2024-09-06 15:46:00
1185,,宁夏回族自治区中卫市海原县,Z05672,,,0,,,2024-09-06 15:46:01
1187,,河南省鹤壁市淇滨区,Z09991,,,0,,,2024-09-06 15:46:11
1188,,河南省驻马店市驿城区,Z09475,,,0,,,2024-09-06 15:46:12
1189,,河北省保定市高碑店市,Z08628,,,0,,,2024-09-06 15:46:13
1190,,河北省沧州市南皮县,Z08710,,,0,,,2024-09-06 15:46:14
1191,,河北省保定市顺平县,Z08668,,,0,,,2024-09-06 15:46:14
1192,,河北省保定市高碑店市,Z08668,,,0,,,2024-09-06 15:46:15
1193,,重庆市重庆市奉节县,Z09236,,,0,,,2024-09-06 15:46:16
1194,,重庆市重庆市渝中区,Z09916,,,0,,,2024-09-06 15:46:17
1195,,重庆市重庆市大渡口区,Z09918,,,0,,,2024-09-06 15:46:17
1196,,甘肃省兰州市红古区,Z05564,,,0,,,2024-09-06 15:46:19
1197,,甘肃省临夏回族自治州永靖县,Z05550,,,0,,,2024-09-06 15:46:20
1198,深圳,广东省东莞市东莞市,Z09843,,,0,,,2024-09-06 15:56:13
1199,广州,广东省肇庆市端州区,Z07985,,,0,,,2024-09-06 16:06:22
1200,,山东省青岛市黄岛区,Z05915,,,0,,,2024-09-06 16:16:40
1201,南京,江苏省无锡市惠山区,Z09738,,,0,,,2024-09-06 16:16:42
1202,南京,江苏省泰州市靖江市,Z06629,,,0,,,2024-09-06 16:16:44
1203,,,Z05917,,,0,,,2024-09-06 16:16:53
1204,杭州,浙江省杭州市上城区,Z06408,,,0,,,2024-09-06 16:16:56
1205,上海,上海市上海市虹口区,Z06585,,,0,,,2024-09-06 16:16:57
1206,上海,上海市上海市杨浦区,Z06588,,,0,,,2024-09-06 16:16:58
1207,上海,上海市上海市黄浦区,Z06592,,,0,,,2024-09-06 16:16:58
1208,上海,上海市上海市宝山区,Z06582,,,0,,,2024-09-06 16:16:58
1209,淮安,江苏省镇江市丹阳市,Z06343,,,0,,,2024-09-06 16:16:59
1210,上海,上海市上海市金山区,Z06599,,,0,,,2024-09-06 16:17:04
1211,淮安,江苏省扬州市高邮市,Z06339,,,0,,,2024-09-06 16:17:06
1212,南昌,江西省九江市修水县,Z09281,,,0,,,2024-09-06 16:17:06
1213,南昌,江西省南昌市青云谱区,Z09751,,,0,,,2024-09-06 16:17:07
1214,南昌,江西省宜春市丰城市,Z09301,,,0,,,2024-09-06 16:17:07
1215,南昌,江西省九江市德安县,Z09272,,,0,,,2024-09-06 16:17:09
1216,杭州,浙江省湖州市吴兴区,Z09082,,,0,,,2024-09-06 16:17:12
1217,杭州,浙江省杭州市富阳区,Z06409,,,0,,,2024-09-06 16:17:14
1218,杭州,浙江省嘉兴市海盐县,Z06446,,,0,,,2024-09-06 16:17:14
1219,长沙,湖南省益阳市桃江县,Z07357,,,0,,,2024-09-06 16:17:15
1220,福州,福建省三明市泰宁县,Z06198,,,0,,,2024-09-06 16:17:17
1221,杭州,浙江省嘉兴市平湖市,Z06425,,,0,,,2024-09-06 16:17:18
1222,南昌,江西省宜春市樟树市,Z09310,,,0,,,2024-09-06 16:17:20
1223,,重庆市重庆市江北区,Z09914,,,0,,,2024-09-06 16:27:30
1224,,山西省忻州市忻府区,Z09567,,,0,,,2024-09-06 16:27:30
1225,,辽宁省辽阳市灯塔市,Z04478,,,0,,,2024-09-06 16:27:32
1226,,辽宁省沈阳市苏家屯区,Z06703,,,0,,,2024-09-06 16:27:33
1227,,辽宁省大连市中山区,Z10119,,,0,,,2024-09-06 16:27:34
1228,,辽宁省大连市甘井子区,Z10116,,,0,,,2024-09-06 16:27:38
1229,,贵州省铜仁市思南县,Z06943,,,0,,,2024-09-06 16:27:41
1230,,贵州省安顺市西秀区,Z10316,,,0,,,2024-09-06 16:27:43
1231,,吉林省长春市南关区,Z10100,,,0,,,2024-09-06 16:27:43
1232,,贵州省安顺市紫云苗族布依族自治县,Z06730,,,0,,,2024-09-06 16:27:45
1233,,贵州省遵义市红花岗区,Z09467,,,0,,,2024-09-06 16:27:47
1234,,山西省吕梁市中阳县,Z03999,,,0,,,2024-09-06 16:27:49
1235,,四川省成都市崇州市,Z07580,,,0,,,2024-09-06 16:27:52
1236,,黑龙江省哈尔滨市五常市,Z04588,,,0,,,2024-09-06 16:27:57
1237,,河南省郑州市二七区,Z04973,,,0,,,2024-09-06 16:37:27
1238,,河南省郑州市二七区,Z09962,,,0,,,2024-09-06 16:37:32
1239,深圳,广东省惠州市惠城区,Z10211,,,0,,,2024-09-06 16:47:17
1240,广州,广东省佛山市南海区,Z07958,,,0,,,2024-09-06 16:47:20
1241,广州,广东省清远市连州市,Z07970,,,0,,,2024-09-06 16:47:48
1242,广州,广东省佛山市高明区,Z09318,,,0,,,2024-09-06 16:47:50
1243,广州,广东省珠海市斗门区,Z09322,,,0,,,2024-09-06 16:47:53
1244,广州,广东省中山市中山市,Z09328,,,0,,,2024-09-06 16:47:54
1245,深圳,广东省惠州市博罗县,Z07965,,,0,,,2024-09-06 16:57:44
1246,深圳,广东省深圳市福田区,Z08846,,,0,,,2024-09-06 16:57:46
1247,深圳,广东省深圳市福田区,Z10211,,,0,,,2024-09-06 16:58:28
1248,,云南省德宏傣族景颇族自治州盈江县,Z07000,,,0,,,2024-09-06 17:08:18
1249,,云南省曲靖市富源县,Z07176,,,0,,,2024-09-06 17:08:19
1250,,云南省西双版纳傣族自治州勐海县,Z07183,,,0,,,2024-09-06 17:08:20
1251,,山东省潍坊市潍城区,Z09454,,,0,,,2024-09-06 17:08:20
1252,淮安,江苏省徐州市睢宁县,Z06327,,,0,,,2024-09-06 17:18:17
1253,,安徽省铜陵市郊区,Z10471,,,0,,,2024-09-06 17:18:17
1254,淮安,江苏省泰州市兴化市,Z06322,,,0,,,2024-09-06 17:18:18
1255,,安徽省安庆市潜山市,Z06523,,,0,,,2024-09-06 17:18:18
1256,淮安,江苏省淮安市涟水县,Z06346,,,0,,,2024-09-06 17:28:41
1257,,重庆市重庆市巫溪县,Z06913,,,0,,,2024-09-06 17:38:52
1258,,重庆市重庆市巫溪县,Z09243,,,0,,,2024-09-06 17:38:52
1259,,重庆市重庆市南岸区,Z09919,,,0,,,2024-09-06 17:38:52
1260,,重庆市重庆市九龙坡区,Z09917,,,0,,,2024-09-06 17:38:53
1261,,四川省南充市南部县,Z09754,,,0,,,2024-09-06 17:38:56
1262,,山西省忻州市原平市,Z04029,,,0,,,2024-09-06 17:39:01
1263,,山西省运城市河津市,Z04034,,,0,,,2024-09-06 17:39:01
1264,,黑龙江省牡丹江市东安区,Z09712,,,0,,,2024-09-06 17:39:01
1265,,黑龙江省哈尔滨市呼兰区,Z09679,,,0,,,2024-09-06 17:39:03
1266,,黑龙江省绥化市肇东市,Z04602,,,0,,,2024-09-06 17:39:03
1267,,黑龙江省牡丹江市爱民区,Z09714,,,0,,,2024-09-06 17:39:04
1268,,黑龙江省牡丹江市西安区,Z09712,,,0,,,2024-09-06 17:39:04
1269,,辽宁省盘锦市双台子区,Z10140,,,0,,,2024-09-06 17:39:04
1270,,辽宁省沈阳市沈河区,Z10130,,,0,,,2024-09-06 17:39:05
1271,,黑龙江省齐齐哈尔市建华区,Z09681,,,0,,,2024-09-06 17:39:08
1272,,黑龙江省大庆市萨尔图区,Z09696,,,0,,,2024-09-06 17:39:08
1273,,云南省红河哈尼族彝族自治州蒙自市,Z07067,,,0,,,2024-09-06 17:39:10
1274,柳州,广西壮族自治区桂林市灌阳县,Z08254,,,0,,,2024-09-06 17:49:19
1275,柳州,广西壮族自治区柳州市柳南区,Z09650,,,0,,,2024-09-06 17:49:19
1276,贵港,广西壮族自治区玉林市北流市,Z08385,,,0,,,2024-09-06 17:49:20
1277,南宁,广西壮族自治区南宁市武鸣区,Z09611,,,0,,,2024-09-06 17:49:22
1278,东莞,广东省东莞市,Z08051,,,0,,,2024-09-06 17:49:23
1279,南宁,广西壮族自治区南宁市武鸣区,Z09618,,,0,,,2024-09-06 17:49:24
1280,南宁,广西壮族自治区南宁市武鸣区,Z08165,,,0,,,2024-09-06 17:49:25
1281,南宁,广西壮族自治区北海市合浦县,Z09369,,,0,,,2024-09-06 17:49:25
1282,广州,广东省中山市,Z10313,,,0,,,2024-09-06 17:49:26
1283,广州,广东省韶关市曲江区,Z07971,,,0,,,2024-09-06 17:49:27
1284,广州,广东省韶关市武江区,Z10314,,,0,,,2024-09-06 17:49:28
1285,广州,广东省中山市中山市,Z10313,,,0,,,2024-09-06 17:49:30
1286,广州,广东省肇庆市怀集县,Z07987,,,0,,,2024-09-06 17:49:32
1287,广州,广东省广州市天河区,Z09327,,,0,,,2024-09-06 17:49:32
1288,,新疆维吾尔自治区吐鲁番市鄯善县,Z05427,,,0,,,2024-09-06 17:49:36
1289,,新疆维吾尔自治区塔城地区和布克赛尔蒙古自治县,Z05443,,,0,,,2024-09-06 17:49:37
1290,,新疆维吾尔自治区哈密市伊州区,Z10150,,,0,,,2024-09-06 17:49:37
1291,,新疆维吾尔自治区伊犁哈萨克自治州奎屯市,Z05437,,,0,,,2024-09-06 17:49:39
1292,,新疆维吾尔自治区阿勒泰地区阿勒泰市,Z05401,,,0,,,2024-09-06 17:49:42
1293,,新疆维吾尔自治区和田地区和田市,Z08603,,,0,,,2024-09-06 17:49:45
1295,杭州,浙江省杭州市上城区,Z09082,,,0,,,2024-09-06 18:10:01
1296,南京,江苏省苏州市吴江区,Z06625,,,0,,,2024-09-06 18:10:01
1297,,浙江省金华市磐安县,Z06454,,,0,,,2024-09-06 18:10:02
1298,,山东省德州市德城区,Z09395,,,0,,,2024-09-06 18:10:03
1299,,山东省济南市钢城区,Z09077,,,0,,,2024-09-06 18:10:03
1300,,山东省临沂市罗庄区,Z09408,,,0,,,2024-09-06 18:10:04
1301,,河北省廊坊市三河市,Z04364,,,0,,,2024-09-06 18:20:15
1302,,山西省太原市杏花岭区,Z04009,,,0,,,2024-09-06 18:20:18
1303,广州,广东省广州市海珠区,Z07960,,,0,,,2024-09-09 09:03:01
1306,,河北省石家庄市新华区,Z08716,,,0,,,2024-09-09 15:41:33
1310,东莞,广东省东莞市东莞市,Z08009,,,0,,,2024-09-09 15:41:55
1311,,浙江省金华市东阳市,Z06452,,,0,,,2024-09-09 15:41:55
1313,,河南省三门峡市卢氏县,Z05035,,,0,,,2024-09-09 17:46:24
1314,,河南省安阳市汤阴县,Z04931,,,0,,,2024-09-09 17:46:24
1315,武汉,湖北省武汉市硚口区,Z09899,,,0,,,2024-09-10 09:14:07
1316,南昌,江西省南昌市进贤县,Z07797,,,0,,,2024-09-10 09:14:07
1317,南昌,江西省南昌市红谷滩区,Z07799,,,0,,,2024-09-10 09:14:08
1318,南昌,江西省上饶市余干县,Z09296,,,0,,,2024-09-10 09:14:08
1319,南昌,江西省宜春市奉新县,Z09302,,,0,,,2024-09-10 09:14:08
1320,赣州,江西省吉安市安福县,Z08916,,,0,,,2024-09-10 09:14:08
1321,赣州,江西省吉安市吉安县,Z09923,,,0,,,2024-09-10 09:14:09
1322,赣州,江西省吉安市吉安县,Z08917,,,0,,,2024-09-10 09:14:09
1323,赣州,江西省吉安市永新县,Z08941,,,0,,,2024-09-10 09:14:09
1324,南京,江苏省苏州市吴中区,Z10226,,,0,,,2024-09-10 09:15:26
1325,南京,江苏省苏州市昆山市,Z06610,,,0,,,2024-09-10 09:15:45
1326,,陕西省西安市碑林区,Z10089,,,0,,,2024-09-10 09:16:31
1327,,四川省成都市金堂县,Z07583,,,0,,,2024-09-10 09:16:31
1328,,陕西省西安市未央区,Z10089,,,0,,,2024-09-10 09:16:35
1329,泉州,福建省漳州市芗城区,Z08992,,,0,,,2024-09-10 09:16:35
1330,,陕西省安康市白河县,Z05590,,,0,,,2024-09-10 09:17:10
1331,,陕西省西安市未央区,Z09906,,,0,,,2024-09-10 09:17:11
1332,,云南省临沧市双江拉祜族佤族布朗族傣族自治县,Z07022,,,0,,,2024-09-10 09:17:11
1333,,陕西省安康市岚皋县,Z05566,,,0,,,2024-09-10 09:17:16
1334,福州,福建省福州市台江区,Z08943,,,0,,,2024-09-10 09:17:18
1335,淮安,江苏省连云港市灌南县,Z06317,,,0,,,2024-09-10 09:17:20
1336,,陕西省西安市高陵区,Z05658,,,0,,,2024-09-10 09:17:23
1337,泉州,福建省泉州市石狮市,Z06284,,,0,,,2024-09-10 09:17:24
1338,东莞,广东省东莞市,Z08026,,,0,,,2024-09-10 09:17:24
1339,,四川省广元市苍溪县,Z07632,,,0,,,2024-09-10 09:17:25
1340,,山东省济宁市兖州区,Z05818,,,0,,,2024-09-10 09:17:27
1341,,四川省泸州市合江县,Z10047,,,0,,,2024-09-10 09:17:28
1342,,山东省济宁市鱼台县,Z05884,,,0,,,2024-09-10 09:17:28
1343,,山东省滨州市博兴县,Z05896,,,0,,,2024-09-10 09:17:29
1344,,山东省济南市长清区,Z06041,,,0,,,2024-09-10 09:17:30
1345,广州,广东省广州市白云区,Z08060,,,0,,,2024-09-10 09:17:31
1346,广州,广东省广州市南沙区,Z09319,,,0,,,2024-09-10 09:17:32
1347,,新疆维吾尔自治区巴音郭楞蒙古自治州若羌县,Z05755,,,0,,,2024-09-10 09:17:34
1348,,贵州省遵义市凤冈县,Z08446,,,0,,,2024-09-10 09:17:38
1349,,贵州省遵义市务川仡佬族苗族自治县,Z06926,,,0,,,2024-09-10 09:17:38
1350,,山西省长治市潞州区,Z10148,,,0,,,2024-09-10 09:17:40
1351,,山西省朔州市山阴县,Z04002,,,0,,,2024-09-10 09:17:41
1352,,山西省吕梁市汾阳市,Z04011,,,0,,,2024-09-10 09:17:42
1353,,新疆维吾尔自治区图木舒克市图木舒克市,Z05746,,,0,,,2024-09-10 09:17:42
1354,,安徽省安庆市怀宁县,Z06517,,,0,,,2024-09-10 09:17:42
1355,,安徽省安庆市宜秀区,Z09416,,,0,,,2024-09-10 09:17:43
1356,,安徽省淮北市濉溪县,Z06562,,,0,,,2024-09-10 09:17:44
1357,邵阳,湖南省娄底市娄星区,Z09520,,,0,,,2024-09-10 09:17:46
1358,,浙江省金华市金东区,Z09847,,,0,,,2024-09-10 09:17:47
1359,长沙,湖南省长沙市岳麓区,Z09516,,,0,,,2024-09-10 09:17:50
1360,,青海省海南藏族自治州共和县,Z05792,,,0,,,2024-09-10 09:17:50
1361,长沙,湖南省长沙市天心区,Z09514,,,0,,,2024-09-10 09:17:50
1362,南昌,江西省南昌市,Z09752,,,0,,,2024-09-10 09:17:51
1363,邵阳,湖南省邵阳市邵东市,Z07907,,,0,,,2024-09-10 09:17:52
1364,,四川省成都市大邑县,Z07581,,,0,,,2024-09-10 09:17:54
1365,,云南省玉溪市新平彝族傣族自治县,Z07159,,,0,,,2024-09-10 09:17:55
1366,湛江,广东省湛江市雷州市,Z06357,,,0,,,2024-09-10 09:17:57
1367,湛江,广东省云浮市云城区,Z06378,,,0,,,2024-09-10 09:17:57
1368,湛江,广东省茂名市信宜市,Z06368,,,0,,,2024-09-10 09:17:58
1369,湛江,广东省云浮市新兴县,Z06380,,,0,,,2024-09-10 09:18:00
1370,,浙江省金华市永康市,Z06451,,,0,,,2024-09-10 09:18:01
1371,武汉,湖北省武汉市武昌区,Z07267,,,0,,,2024-09-10 09:18:02
1372,,安徽省马鞍山市花山区,Z09417,,,0,,,2024-09-10 09:18:04
1373,荆州,湖北省宜昌市宜都市,Z07548,,,0,,,2024-09-10 09:18:06
1374,,安徽省黄山市歙县,Z06563,,,0,,,2024-09-10 09:18:08
1375,广州,广东省肇庆市封开县,Z07984,,,0,,,2024-09-10 09:18:10
1376,淮安,,Z09549,,,0,,,2024-09-10 09:18:14
1377,荆州,湖北省宜昌市远安县,Z07549,,,0,,,2024-09-10 09:18:15
1378,广州,广东省肇庆市高要区,Z07985,,,0,,,2024-09-10 09:18:16
1379,淮安,江苏省连云港市东海县,Z06315,,,0,,,2024-09-10 09:18:16
1380,,河南省郑州市管城回族区,Z09963,,,0,,,2024-09-10 09:18:19
1381,南昌,,Z09277,,,0,,,2024-09-10 09:18:19
1382,南昌,江西省九江市彭泽县,Z09276,,,0,,,2024-09-10 09:18:20
1383,南昌,江西省萍乡市莲花县,Z09286,,,0,,,2024-09-10 09:18:22
1384,东莞,广东省东莞市,Z08049,,,0,,,2024-09-10 09:18:23
1385,长沙,湖南省常德市武陵区,Z09500,,,0,,,2024-09-10 09:18:24
1386,汕头,广东省梅州市五华县,Z06396,,,0,,,2024-09-10 09:18:26
1387,长沙,湖南省株洲市醴陵市,Z07380,,,0,,,2024-09-10 09:18:26
1388,长沙,湖南省株洲市石峰区,Z09518,,,0,,,2024-09-10 09:18:27
1389,武汉,湖北省咸宁市通城县,Z07274,,,0,,,2024-09-10 09:18:28
1390,,内蒙古自治区锡林郭勒盟锡林浩特市,Z04859,,,0,,,2024-09-10 09:18:29
1391,,河南省郑州市中牟县,Z04977,,,0,,,2024-09-10 09:18:31
1392,,吉林省长春市农安县,Z04663,,,0,,,2024-09-10 09:18:32
1393,,云南省丽江市古城区,Z10181,,,0,,,2024-09-10 09:18:33
1394,,吉林省长春市榆树市,Z04665,,,0,,,2024-09-10 09:18:33
1395,,吉林省长春市九台区,Z04662,,,0,,,2024-09-10 09:18:34
1396,,新疆维吾尔自治区克孜勒苏柯尔克孜自治州阿图什市,Z05688,,,0,,,2024-09-10 09:18:38
1397,,吉林省长春市德惠市,Z04661,,,0,,,2024-09-10 09:18:39
1398,,吉林省吉林市昌邑区,Z10099,,,0,,,2024-09-10 09:18:40
1399,,内蒙古自治区兴安盟科尔沁右翼前旗,Z06056,,,0,,,2024-09-10 09:18:40
1400,深圳,广东省惠州市惠东县,Z07966,,,0,,,2024-09-10 09:18:43
1401,深圳,广东省惠州市惠阳区,Z07967,,,0,,,2024-09-10 09:18:46
1402,福州,福建省福州市连江县,Z06125,,,0,,,2024-09-10 09:18:48
1403,,黑龙江省哈尔滨市通河县,Z09673,,,0,,,2024-09-10 09:18:51
1404,,山西省忻州市五台县,Z04026,,,0,,,2024-09-10 09:18:51
1405,荆州,湖北省恩施土家族苗族自治州恩施市,Z07490,,,0,,,2024-09-10 09:18:51
1406,南京,江苏省无锡市江阴市,Z06633,,,0,,,2024-09-10 09:18:52
1407,,甘肃省临夏回族自治州临夏市,Z09493,,,0,,,2024-09-10 09:18:53
1408,,宁夏回族自治区银川市兴庆区,Z05673,,,0,,,2024-09-10 09:18:56
1409,,云南省昆明市寻甸回族彝族自治县,Z07135,,,0,,,2024-09-10 09:18:57
1410,,河南省商丘市永城市,Z04960,,,0,,,2024-09-10 09:18:58
1411,,河南省新乡市封丘县,Z04988,,,0,,,2024-09-10 09:18:58
1412,,安徽省阜阳市界首市,Z06545,,,0,,,2024-09-10 09:18:59
1413,,新疆维吾尔自治区伊犁哈萨克自治州霍尔果斯市,Z05435,,,0,,,2024-09-10 09:18:59
1414,,安徽省蚌埠市五河县,Z06529,,,0,,,2024-09-10 09:19:01
1415,,新疆维吾尔自治区塔城地区塔城市,Z05444,,,0,,,2024-09-10 09:19:02
1416,东莞,广东省东莞市东莞市,Z07953,,,0,,,2024-09-10 09:19:04
1417,,河南省洛阳市栾川县,Z04939,,,0,,,2024-09-10 09:19:06
1418,,河南省安阳市北关区,Z09861,,,0,,,2024-09-10 09:19:07
1419,武汉,湖北省孝感市汉川市,Z07452,,,0,,,2024-09-10 09:19:08
1420,衡阳,,Z07469,,,0,,,2024-09-10 09:19:11
1421,,黑龙江省佳木斯市富锦市,Z09705,,,0,,,2024-09-10 09:19:11
1422,,黑龙江省大庆市林甸县,Z04531,,,0,,,2024-09-10 09:19:13
1423,,黑龙江省哈尔滨市道外区,Z09675,,,0,,,2024-09-10 09:19:14
1424,,黑龙江省哈尔滨市南岗区,Z09674,,,0,,,2024-09-10 09:19:15
1425,,黑龙江省哈尔滨市通河县,Z04609,,,0,,,2024-09-10 09:19:16
1426,,内蒙古自治区呼伦贝尔市莫力达瓦达斡尔族自治旗,Z04596,,,0,,,2024-09-10 09:19:16
1427,,黑龙江省齐齐哈尔市克东县,Z04628,,,0,,,2024-09-10 09:19:18
1428,,内蒙古自治区呼伦贝尔市扎兰屯市,Z04581,,,0,,,2024-09-10 09:19:22
1429,武汉,湖北省咸宁市咸安区,Z09902,,,0,,,2024-09-10 09:19:23
1430,,黑龙江省佳木斯市桦南县,Z04558,,,0,,,2024-09-10 09:19:24
1431,,黑龙江省佳木斯市郊区,Z09708,,,0,,,2024-09-10 09:19:24
1432,,黑龙江省双鸭山市尖山区,Z09692,,,0,,,2024-09-10 09:19:24
1433,,河北省邢台市临城县,Z08694,,,0,,,2024-09-10 09:19:25
1434,,黑龙江省佳木斯市抚远市,Z04555,,,0,,,2024-09-10 09:19:26
1435,,黑龙江省佳木斯市富锦市,Z04556,,,0,,,2024-09-10 09:19:27
1436,,黑龙江省佳木斯市向阳区,Z09705,,,0,,,2024-09-10 09:19:27
1437,,黑龙江省佳木斯市同江市,Z04557,,,0,,,2024-09-10 09:19:29
1438,,河北省邯郸市邯山区,Z08720,,,0,,,2024-09-10 09:19:31
1439,,云南省昆明市西山区,Z10187,,,0,,,2024-09-10 09:19:31
1440,,河北省石家庄市鹿泉区,Z08658,,,0,,,2024-09-10 09:19:33
1441,,河北省石家庄市赵县,Z08731,,,0,,,2024-09-10 09:19:34
1442,南昌,江西省南昌市新建区,Z07799,,,0,,,2024-09-10 09:19:36
1443,南昌,江西省九江市共青城市,Z09274,,,0,,,2024-09-10 09:19:36
1444,南昌,江西省南昌市新建区,Z09929,,,0,,,2024-09-10 09:19:37
1445,荆州,湖北省荆州市洪湖市,Z07508,,,0,,,2024-09-10 09:19:40
1446,广州,广东省广州市海珠区,Z09321,,,0,,,2024-09-10 09:19:47
1447,上海,上海市上海市嘉定区,Z06586,,,0,,,2024-09-10 09:19:49
1448,上海,上海市上海市长宁区,Z06584,,,0,,,2024-09-10 09:19:50
1449,上海,上海市上海市普陀区,Z06593,,,0,,,2024-09-10 09:19:57
1450,,甘肃省兰州市榆中县,Z05540,,,0,,,2024-09-10 09:19:58
1451,广州,广东省肇庆市鼎湖区,Z09321,,,0,,,2024-09-10 09:20:00
1452,,,Z09963,,,0,,,2024-09-10 09:20:01
1453,,河南省濮阳市范县,Z10009,,,0,,,2024-09-10 09:20:01
1454,,河南省开封市龙亭区,Z09971,,,0,,,2024-09-10 09:20:02
1455,,河南省濮阳市台前县,Z05000,,,0,,,2024-09-10 09:20:02
1456,,河南省濮阳市濮阳县,Z04955,,,0,,,2024-09-10 09:20:03
1457,,河北省石家庄市灵寿县,Z08740,,,0,,,2024-09-10 09:20:03
1458,,河南省南阳市镇平县,Z04897,,,0,,,2024-09-10 09:20:08
1459,,河南省南阳市淅川县,Z04904,,,0,,,2024-09-10 09:20:08
1460,,河南省南阳市方城县,Z04895,,,0,,,2024-09-10 09:20:09
1461,,河北省邢台市清河县,Z08641,,,0,,,2024-09-10 09:20:10
1462,,河北省沧州市黄骅市,Z08633,,,0,,,2024-09-10 09:20:12
1463,,河北省邢台市威县,Z08652,,,0,,,2024-09-10 09:20:13
1464,衡阳,湖南省衡阳市耒阳市,Z07485,,,0,,,2024-09-10 09:20:14
1465,赣州,江西省赣州市于都县,Z08914,,,0,,,2024-09-10 09:20:14
1466,赣州,江西省吉安市遂川县,Z08940,,,0,,,2024-09-10 09:20:17
1467,赣州,江西省赣州市章贡区,Z09925,,,0,,,2024-09-10 09:20:18
1468,赣州,江西省赣州市宁都县,Z08911,,,0,,,2024-09-10 09:20:18
1469,,辽宁省鞍山市铁西区,Z10111,,,0,,,2024-09-10 09:20:21
1470,,重庆市重庆市彭水苗族土家族自治县,Z06902,,,0,,,2024-09-10 09:20:23
1471,,新疆维吾尔自治区喀什地区莎车县,Z10234,,,0,,,2024-09-10 09:20:23
1472,,浙江省金华市婺城区,Z09846,,,0,,,2024-09-10 09:20:24
1473,,重庆市重庆市渝北区,Z09915,,,0,,,2024-09-10 09:20:24
1474,,重庆市重庆市巫山县,Z09235,,,0,,,2024-09-10 09:20:25
1475,,重庆市重庆市江津区,Z06897,,,0,,,2024-09-10 09:20:25
1476,,重庆市重庆市綦江区,Z06910,,,0,,,2024-09-10 09:20:26
1477,,四川省阿坝藏族羌族自治州金川县,Z07741,,,0,,,2024-09-10 09:20:27
1478,,四川省泸州市古蔺县,Z07650,,,0,,,2024-09-10 09:20:29
1479,,四川省达州市宣汉县,Z07915,,,0,,,2024-09-10 09:20:29
1480,,四川省达州市宣汉县,Z10053,,,0,,,2024-09-10 09:20:29
1481,,重庆市重庆市南川区,Z06901,,,0,,,2024-09-10 09:20:29
1482,,河南省平顶山市郏县,Z04910,,,0,,,2024-09-10 09:20:30
1483,,河南省驻马店市确山县,Z04870,,,0,,,2024-09-10 09:20:31
1484,,河南省周口市西华县,Z04880,,,0,,,2024-09-10 09:20:33
1485,,河南省周口市鹿邑县,Z04887,,,0,,,2024-09-10 09:20:33
1486,,安徽省池州市贵池区,Z09742,,,0,,,2024-09-10 09:20:34
1487,,安徽省宣城市广德市,Z06535,,,0,,,2024-09-10 09:20:35
1488,南昌,江西省萍乡市安源区,Z09936,,,0,,,2024-09-10 09:20:39
1489,南昌,江西省萍乡市安源区,Z09937,,,0,,,2024-09-10 09:20:39
1490,,安徽省宣城市泾县,Z06559,,,0,,,2024-09-10 09:20:40
1491,海口,海南省海口市龙华区,Z09939,,,0,,,2024-09-10 09:20:41
1492,,辽宁省沈阳市和平区,Z01188,,,0,,,2024-09-10 09:20:41
1493,,辽宁省沈阳市和平区,Z10131,,,0,,,2024-09-10 09:20:41
1494,,辽宁省辽阳市宏伟区,Z10128,,,0,,,2024-09-10 09:20:41
1495,,辽宁省沈阳市沈北新区,Z10134,,,0,,,2024-09-10 09:20:42
1496,,云南省昆明市安宁市,Z07074,,,0,,,2024-09-10 09:20:43
463,三水基地,大理,ZZ0952,1,汽运,0,,,2024-05-10 09:49:43
464,三水基地,荆州,ZZ0945,1,汽运,0,,,2024-05-10 09:49:44
465,三水基地,台州,ZZ0335,1,汽运,0,,,2024-05-10 09:49:44
466,三水基地,上海,ZZ0929,1,汽运,0,,,2024-05-10 09:49:45
467,三水基地,南京,ZZ0928,1,汽运,0,,,2024-05-10 09:49:46
468,汕头,广东省揭阳市普宁市,Z06387,,,0,,,2024-05-10 16:24:28
469,汕头,广东省汕头市潮南区,Z09942,,,0,,,2024-05-10 16:24:28
470,汕头,广东省揭阳市普宁市,Z06387,,,0,,,2024-05-10 16:24:28
471,汕头,广东省揭阳市惠来县,Z06403,,,0,,,2024-05-10 16:24:28
472,汕头,广东省汕头市金平区,Z06382,,,0,,,2024-05-10 16:24:28
473,汕头,广东省梅州市兴宁市,Z06397,,,0,,,2024-05-13 16:21:20
477,汕头,广东省汕尾市海丰县,Z06388,,,0,,,2024-05-16 17:35:37
481,汕头,广东省河源市源城区,Z06393,,,0,,,2024-05-17 17:36:36
482,汕头,广东省河源市源城区,Z06390,,,0,,,2024-05-17 17:39:08
489,汕头,广东省汕头市潮阳区,Z06386,,,0,,,2024-05-21 17:44:39
491,汕头,,Z06382,,,0,,,2024-05-24 14:57:53
492,汕头,广东省揭阳市榕城区,Z06383,,,0,,,2024-06-06 17:43:43
493,汕头,广东省汕头市潮阳区,Z06386,,,0,,,2024-06-12 17:04:29
494,汕头,广东省河源市龙川县,Z06394,,,0,,,2024-06-18 17:17:43
495,汕头,广东省汕头市潮阳区,Z10224,,,0,,,2024-06-19 14:37:17
496,汕头,广东省揭阳市惠来县,Z06403,,,0,,,2024-06-21 16:30:14
497,汕头,广东省揭阳市惠来县,Z06403,,,0,,,2024-06-21 16:30:14
498,汕头,广东省河源市连平县,Z06391,,,0,,,2024-07-12 17:37:55
499,泉州,福建省泉州市晋江市,Z06239,,,0,,,2024-08-14 14:02:09
500,泉州,福建省泉州市南安市,Z06244,,,0,,,2024-08-14 14:02:10
501,泉州,福建省泉州市晋江市,Z06312,,,0,,,2024-08-14 14:02:10
502,泉州,福建省龙岩市新罗区,Z08863,,,0,,,2024-08-14 14:02:10
503,泉州,福建省厦门市翔安区,Z09032,,,0,,,2024-08-14 15:37:36
504,泉州,福建省厦门市湖里区,Z06278,,,0,,,2024-08-14 15:37:36
505,泉州,福建省泉州市南安市,Z06247,,,0,,,2024-08-14 16:58:12
506,福州,福建省南平市建瓯市,Z06142,,,0,,,2024-08-15 13:04:04
507,泉州,福建省泉州市永春县,Z06294,,,0,,,2024-08-15 13:04:04
508,泉州,福建省漳州市漳浦县,Z10263,,,0,,,2024-08-15 13:04:05
509,福州,福建省莆田市仙游县,Z08967,,,0,,,2024-08-15 13:04:05
510,泉州,福建省泉州市惠安县,Z08865,,,0,,,2024-08-15 14:11:52
511,福州,福建省福州市闽侯县,Z08998,,,0,,,2024-08-15 14:11:53
512,泉州,福建省厦门市海沧区,Z06277,,,0,,,2024-08-15 17:18:22
513,泉州,福建省泉州市丰泽区,Z08864,,,0,,,2024-08-15 17:18:22
514,泉州,福建省泉州市晋江市,Z08896,,,0,,,2024-08-15 17:18:22
515,泉州,福建省泉州市晋江市,Z09037,,,0,,,2024-08-15 17:18:23
516,福州,福建省莆田市涵江区,Z08943,,,0,,,2024-08-15 17:18:24
517,福州,福建省宁德市福鼎市,Z06153,,,0,,,2024-08-16 13:12:26
518,福州,福建省宁德市霞浦县,Z06157,,,0,,,2024-08-16 13:12:27
519,福州,福建省宁德市蕉城区,Z08908,,,0,,,2024-08-16 16:12:37
520,泉州,福建省泉州市安溪县,Z08958,,,0,,,2024-08-16 16:12:38
521,泉州,福建省漳州市长泰区,Z06257,,,0,,,2024-08-16 16:12:39
522,福州,福建省福州市闽侯县,Z06234,,,0,,,2024-08-16 16:12:39
523,福州,福建省福州市闽侯县,Z09044,,,0,,,2024-08-16 16:12:40
524,泉州,福建省厦门市集美区,Z09021,,,0,,,2024-08-19 08:37:36
525,泉州,福建省泉州市洛江区,Z06251,,,0,,,2024-08-19 08:37:36
526,福州,福建省福州市永泰县,Z09045,,,0,,,2024-08-19 08:37:36
527,福州,福建省福州市福清市,Z06122,,,0,,,2024-08-19 08:37:37
528,泉州,福建省龙岩市上杭县,Z06268,,,0,,,2024-08-19 08:37:37
529,汕头,广东省汕头市潮阳区,Z06386,,,0,,,2024-08-19 08:41:33
530,福州,福建省南平市浦城县,Z06144,,,0,,,2024-08-19 10:50:11
531,泉州,福建省漳州市龙海区,Z06254,,,0,,,2024-08-19 10:50:11
532,泉州,福建省龙岩市长汀县,Z08890,,,0,,,2024-08-19 10:50:13
533,福州,福建省南平市光泽县,Z06141,,,0,,,2024-08-19 11:00:27
534,泉州,福建省漳州市漳浦县,Z06261,,,0,,,2024-08-19 11:00:27
535,泉州,福建省漳州市芗城区,Z08970,,,0,,,2024-08-19 13:12:00
536,福州,福建省南平市政和县,Z06149,,,0,,,2024-08-19 16:41:52
537,福州,福建省南平市松溪县,Z06147,,,0,,,2024-08-19 16:41:53
538,福州,福建省南平市武夷山市,Z06148,,,0,,,2024-08-19 16:41:53
539,泉州,福建省泉州市晋江市,Z06242,,,0,,,2024-08-19 16:41:55
540,福州,福建省福州市仓山区,Z06129,,,0,,,2024-08-19 16:41:57
541,福州,福建省福州市晋安区,Z08946,,,0,,,2024-08-19 16:41:58
542,福州,福建省三明市大田县,Z08945,,,0,,,2024-08-19 16:43:52
543,福州,福建省宁德市福安市,Z06151,,,0,,,2024-08-19 16:43:54
544,泉州,福建省泉州市泉港区,Z06304,,,0,,,2024-08-19 16:43:56
545,福州,福建省莆田市荔城区,Z06217,,,0,,,2024-08-19 16:43:57
546,泉州,福建省泉州市晋江市,Z06240,,,0,,,2024-08-19 17:07:12
547,泉州,福建省厦门市集美区,Z06276,,,0,,,2024-08-20 11:26:31
548,泉州,福建省泉州市晋江市,Z09055,,,0,,,2024-08-20 11:26:31
549,福州,福建省福州市闽清县,Z08982,,,0,,,2024-08-20 11:26:52
550,福州,北京市北京市朝阳区,000001,,,0,,,2024-08-20 17:16:37
551,福州,福建省三明市明溪县,Z08984,,,0,,,2024-08-20 17:28:38
552,福州,福建省莆田市仙游县,Z06162,,,0,,,2024-08-20 17:28:39
553,泉州,福建省泉州市洛江区,Z06250,,,0,,,2024-08-20 17:32:50
554,福州,福建省三明市清流县,Z08863,,,0,,,2024-08-20 17:36:22
555,汕头,北京市北京市朝阳区,000001,,,0,,,2024-08-21 09:44:45
556,福州,福建省福州市仓山区,Z08902,,,0,,,2024-08-21 13:26:22
557,福州,福建省宁德市福鼎市,Z06126,,,0,,,2024-08-21 13:26:22
558,泉州,福建省泉州市惠安县,Z09201,,,0,,,2024-08-21 13:26:23
559,泉州,福建省泉州市晋江市,Z06310,,,0,,,2024-08-21 13:26:23
560,泉州,福建省泉州市晋江市,Z09059,,,0,,,2024-08-21 13:26:24
561,泉州,福建省泉州市晋江市,Z09205,,,0,,,2024-08-21 13:26:24
562,泉州,福建省泉州市晋江市,Z08949,,,0,,,2024-08-21 13:26:25
563,福州,福建省福州市福清市,Z06123,,,0,,,2024-08-21 15:00:29
564,福州,福建省福州市闽侯县,Z06127,,,0,,,2024-08-21 16:06:55
565,泉州,福建省泉州市晋江市,Z09069,,,0,,,2024-08-21 16:07:30
566,泉州,福建省漳州市龙海区,Z06258,,,0,,,2024-08-21 16:07:31
567,泉州,福建省泉州市南安市,Z06309,,,0,,,2024-08-21 17:32:42
568,福州,福建省南平市延平区,Z09012,,,0,,,2024-08-21 17:36:28
569,泉州,福建省厦门市海沧区,Z09203,,,0,,,2024-08-22 15:54:43
570,福州,福建省宁德市屏南县,Z06155,,,0,,,2024-08-22 17:02:59
571,泉州,福建省泉州市晋江市,Z06293,,,0,,,2024-08-22 17:12:40
572,福州,福建省三明市三元区,Z10347,,,0,,,2024-08-23 10:34:45
573,泉州,福建省泉州市晋江市,Z06308,,,0,,,2024-08-23 10:34:46
574,泉州,福建省泉州市晋江市,Z06237,,,0,,,2024-08-23 10:34:47
575,泉州,福建省泉州市晋江市,Z09058,,,0,,,2024-08-23 10:34:47
576,泉州,福建省泉州市泉港区,Z08995,,,0,,,2024-08-23 10:34:48
577,福州,福建省莆田市城厢区,Z06215,,,0,,,2024-08-23 10:34:49
578,福州,福建省莆田市秀屿区,Z08903,,,0,,,2024-08-23 10:34:49
579,福州,福建省宁德市寿宁县,Z06156,,,0,,,2024-08-23 15:30:33
580,福州,福建省莆田市仙游县,Z08961,,,0,,,2024-08-23 15:30:36
581,福州,福建省宁德市古田县,Z06154,,,0,,,2024-08-26 10:46:34
582,泉州,福建省龙岩市漳平市,Z06271,,,0,,,2024-08-26 10:46:37
583,福州,福建省三明市尤溪县,Z08985,,,0,,,2024-08-26 13:51:42
584,泉州,福建省泉州市晋江市,Z06243,,,0,,,2024-08-26 17:31:23
585,福州,福建省福州市长乐区,Z08977,,,0,,,2024-08-26 17:31:24
586,福州,福建省漳州市龙海区,Z10454,,,0,,,2024-08-27 11:03:31
589,厦门,衡阳,zz1568,1,汽运,0,46,,2024-08-27 17:10:14
590,厦门,长沙,zz1566,1,汽运,0,46,,2024-08-27 17:10:14
591,厦门,邵阳,zz1567,1,汽运,0,46,,2024-08-27 17:10:14
593,泉州,福建省泉州市惠安县,Z06236,,,0,,,2024-08-27 17:49:57
594,厦门,南昌,zz1562,1,汽运,0,46,,2024-08-28 17:16:12
595,福州,福建省福州市闽侯县,Z08989,,,0,,,2024-08-29 13:30:12
596,泉州,福建省厦门市同安区,Z09071,,,0,,,2024-09-02 10:34:01
597,泉州,福建省泉州市南安市,Z06721,,,0,,,2024-09-02 13:22:05
598,泉州,福建省泉州市安溪县,Z06285,,,0,,,2024-09-02 13:22:07
599,泉州,福建省泉州市安溪县,Z08944,,,0,,,2024-09-02 13:22:08
600,福州,福建省福州市仓山区,Z08988,,,0,,,2024-09-02 13:22:18
601,福州,福建省福州市连江县,Z09046,,,0,,,2024-09-02 13:22:19
602,泉州,福建省厦门市翔安区,Z09250,,,0,,,2024-09-02 14:39:09
603,泉州,福建省龙岩市武平县,Z06273,,,0,,,2024-09-02 17:13:16
604,泉州,福建省龙岩市连城县,Z06272,,,0,,,2024-09-02 17:13:17
605,泉州,福建省泉州市永春县,Z06295,,,0,,,2024-09-03 11:05:55
606,泉州,福建省泉州市永春县,Z08894,,,0,,,2024-09-03 11:06:10
607,南京,江苏省苏州市姑苏区,Z09858,,,0,,,2024-09-03 11:43:54
608,南京,江苏省无锡市梁溪区,Z10228,,,0,,,2024-09-03 11:43:55
609,南京,江苏省南通市崇川区,Z09856,,,0,,,2024-09-03 11:43:56
610,南京,江苏省苏州市相城区,Z09860,,,0,,,2024-09-03 11:43:56
611,,安徽省池州市东至县,Z06552,,,0,,,2024-09-03 11:43:57
612,,山东省烟台市龙口市,Z05928,,,0,,,2024-09-03 11:44:04
613,荆州,湖北省荆门市钟祥市,Z07504,,,0,,,2024-09-03 11:44:30
614,,贵州省遵义市习水县,Z09469,,,0,,,2024-09-03 11:44:39
615,,陕西省榆林市靖边县,Z05629,,,0,,,2024-09-03 13:46:56
616,,陕西省西安市未央区,Z09908,,,0,,,2024-09-03 13:46:56
617,,陕西省咸阳市渭城区,Z10086,,,0,,,2024-09-03 13:46:56
618,,陕西省西安市长安区,Z09906,,,0,,,2024-09-03 13:46:57
619,,陕西省延安市宝塔区,Z10091,,,0,,,2024-09-03 13:46:57
620,,陕西省渭南市蒲城县,Z05608,,,0,,,2024-09-03 13:46:58
621,,陕西省商洛市商州区,Z09903,,,0,,,2024-09-03 13:46:58
622,,陕西省榆林市米脂县,Z05633,,,0,,,2024-09-03 13:46:59
623,,陕西省渭南市韩城市,Z05663,,,0,,,2024-09-03 13:47:00
624,,陕西省渭南市临渭区,Z09904,,,0,,,2024-09-03 13:47:00
625,,陕西省榆林市榆阳区,Z05627,,,0,,,2024-09-03 13:47:00
626,,陕西省西安市灞桥区,Z09959,,,0,,,2024-09-03 13:47:01
627,武汉,湖北省咸宁市崇阳县,Z07271,,,0,,,2024-09-03 13:47:04
628,武汉,湖北省武汉市江夏区,Z07944,,,0,,,2024-09-03 13:47:05
629,,陕西省西安市莲湖区,Z10088,,,0,,,2024-09-03 13:47:08
630,,内蒙古自治区呼和浩特市玉泉区,Z09724,,,0,,,2024-09-03 13:47:09
631,,贵州省毕节市金沙县,Z06949,,,0,,,2024-09-03 13:47:11
632,,宁夏回族自治区银川市贺兰县,Z10164,,,0,,,2024-09-03 13:47:11
633,,浙江省金华市武义县,Z06449,,,0,,,2024-09-03 13:47:13
634,长沙,湖南省张家界市桑植县,Z07377,,,0,,,2024-09-03 13:47:16
635,长沙,湖南省长沙市浏阳市,Z07293,,,0,,,2024-09-03 13:47:20
636,,青海省海南藏族自治州同德县,Z05797,,,0,,,2024-09-03 13:47:21
637,,青海省海西蒙古族藏族自治州格尔木市,Z05779,,,0,,,2024-09-03 13:47:21
638,海口,海南省三亚市吉阳区,Z10067,,,0,,,2024-09-03 13:47:23
639,,云南省保山市隆阳区,Z10183,,,0,,,2024-09-03 13:47:24
640,,河南省洛阳市偃师区,Z05010,,,0,,,2024-09-03 13:47:26
641,,,Z05786,,,0,,,2024-09-03 13:47:26
642,,青海省海东市互助土族自治县,Z05786,,,0,,,2024-09-03 13:47:28
643,,甘肃省临夏回族自治州东乡族自治县,Z05551,,,0,,,2024-09-03 13:47:30
644,,云南省昆明市官渡区,Z10202,,,0,,,2024-09-03 13:47:31
645,,,Z05768,,,0,,,2024-09-03 13:47:31
646,,山东省潍坊市寿光市,Z05944,,,0,,,2024-09-03 13:47:32
647,,云南省昆明市呈贡区,Z07075,,,0,,,2024-09-03 13:47:33
648,泉州,福建省泉州市德化县,Z09027,,,0,,,2024-09-03 13:47:34
649,,青海省海北藏族自治州海晏县,Z05769,,,0,,,2024-09-03 13:47:38
650,,青海省海西蒙古族藏族自治州都兰县,Z05804,,,0,,,2024-09-03 13:47:39
651,,青海省海西蒙古族藏族自治州天峻县,Z05803,,,0,,,2024-09-03 13:47:40
652,,,Z10460,,,0,,,2024-09-03 13:47:41
653,长沙,湖南省湘西土家族苗族自治州吉首市,Z07332,,,0,,,2024-09-03 13:47:41
654,长沙,湖南省岳阳市岳阳楼区,Z09510,,,0,,,2024-09-03 13:47:44
655,长沙,湖南省湘西土家族苗族自治州永顺县,Z07338,,,0,,,2024-09-03 13:47:44
656,,山西省大同市平城区,Z10213,,,0,,,2024-09-03 13:47:47
657,衡阳,湖南省衡阳市衡东县,Z07467,,,0,,,2024-09-03 13:47:47
658,,河南省郑州市巩义市,Z05005,,,0,,,2024-09-03 13:47:49
659,衡阳,湖南省衡阳市衡山县,Z07468,,,0,,,2024-09-03 13:47:50
660,,山东省青岛市即墨区,Z05910,,,0,,,2024-09-03 13:47:52
661,,山东省东营市垦利区,Z05937,,,0,,,2024-09-03 13:47:54
662,,山东省济宁市任城区,Z09403,,,0,,,2024-09-03 13:47:55
664,,云南省西双版纳傣族自治州勐腊县,Z07181,,,0,,,2024-09-03 13:48:01
665,,吉林省长春市双阳区,Z04664,,,0,,,2024-09-03 13:48:02
666,,四川省成都市武侯区,Z09869,,,0,,,2024-09-03 13:48:03
667,柳州,广西壮族自治区南宁市兴宁区,Z09629,,,0,,,2024-09-03 13:48:04
668,柳州,广西壮族自治区桂林市叠彩区,Z09629,,,0,,,2024-09-03 13:48:05
669,武汉,,Z09895,,,0,,,2024-09-03 13:48:06
670,广州,广东省佛山市三水区,Z07956,,,0,,,2024-09-03 13:48:06
671,,云南省楚雄彝族自治州武定县,Z07046,,,0,,,2024-09-03 13:48:06
672,南宁,广西壮族自治区南宁市兴宁区,Z08078,,,0,,,2024-09-03 13:48:08
673,武汉,湖北省武汉市东西湖区,Z09895,,,0,,,2024-09-03 13:48:08
674,邵阳,湖南省邵阳市新宁县,Z07416,,,0,,,2024-09-03 13:48:09
675,邵阳,湖南省邵阳市隆回县,Z07413,,,0,,,2024-09-03 13:48:11
676,邵阳,湖南省邵阳市隆回县,Z10059,,,0,,,2024-09-03 13:48:11
677,邵阳,湖南省邵阳市隆回县,Z09523,,,0,,,2024-09-03 13:48:12
678,武汉,湖北省十堰市丹江口市,Z07261,,,0,,,2024-09-03 13:48:12
679,邵阳,湖南省邵阳市洞口县,Z07414,,,0,,,2024-09-03 13:48:13
680,武汉,湖北省武汉市蔡甸区,Z09894,,,0,,,2024-09-03 13:48:14
682,邵阳,湖南省娄底市涟源市,Z07442,,,0,,,2024-09-03 13:48:16
683,南宁,广西壮族自治区北海市海城区,Z08078,,,0,,,2024-09-03 13:48:19
684,,新疆维吾尔自治区伊犁哈萨克自治州伊宁市,Z05450,,,0,,,2024-09-03 13:48:20
685,,新疆维吾尔自治区阿勒泰地区吉木乃县,Z05406,,,0,,,2024-09-03 13:48:21
686,荆州,湖北省宜昌市当阳市,Z07551,,,0,,,2024-09-03 13:48:24
687,南京,江苏省苏州市姑苏区,Z09859,,,0,,,2024-09-03 13:48:29
688,武汉,湖北省黄冈市黄梅县,Z07246,,,0,,,2024-09-03 13:48:34
689,长沙,湖南省长沙市望城区,Z07294,,,0,,,2024-09-03 13:48:45
690,长沙,湖南省长沙市长沙县,Z09517,,,0,,,2024-09-03 13:48:45
691,长沙,湖南省长沙市雨花区,Z09515,,,0,,,2024-09-03 13:48:46
692,福州,福建省宁德市周宁县,Z08997,,,0,,,2024-09-03 13:48:47
693,,陕西省西安市雁塔区,Z05609,,,0,,,2024-09-03 14:09:35
694,,陕西省西安市雁塔区,Z05629,,,0,,,2024-09-03 14:09:36
695,,云南省普洱市景谷傣族彝族自治县,Z10237,,,0,,,2024-09-03 14:09:42
696,,云南省楚雄彝族自治州南华县,Z10184,,,0,,,2024-09-03 14:09:44
697,,云南省昆明市禄劝彝族苗族自治县,Z07078,,,0,,,2024-09-03 14:09:50
698,,四川省成都市郫都区,Z07586,,,0,,,2024-09-03 14:09:52
699,,四川省凉山彝族自治州冕宁县,Z07742,,,0,,,2024-09-03 14:09:55
700,,四川省甘孜藏族自治州九龙县,Z07615,,,0,,,2024-09-03 14:09:56
701,,四川省甘孜藏族自治州甘孜县,Z07614,,,0,,,2024-09-03 14:09:57
702,,四川省凉山彝族自治州会东县,Z07725,,,0,,,2024-09-03 14:09:58
703,,四川省自贡市富顺县,Z07743,,,0,,,2024-09-03 14:09:59
704,,,Z07590,,,0,,,2024-09-03 14:10:00
705,,云南省大理白族自治州祥云县,Z06983,,,0,,,2024-09-03 14:10:02
706,,黑龙江省牡丹江市阳明区,Z09712,,,0,,,2024-09-03 14:10:05
707,,内蒙古自治区呼伦贝尔市海拉尔区,Z04578,,,0,,,2024-09-03 14:10:05
708,,内蒙古自治区呼伦贝尔市新巴尔虎右旗,Z04633,,,0,,,2024-09-03 14:10:06
709,,黑龙江省齐齐哈尔市龙江县,Z04542,,,0,,,2024-09-03 14:10:07
710,,黑龙江省齐齐哈尔市铁锋区,Z09682,,,0,,,2024-09-03 14:10:07
711,,青海省海南藏族自治州贵南县,Z05771,,,0,,,2024-09-03 14:10:11
712,,陕西省延安市志丹县,Z05622,,,0,,,2024-09-03 14:10:12
713,,陕西省西安市新城区,Z09905,,,0,,,2024-09-03 14:10:18
714,泉州,福建省泉州市石狮市,Z06292,,,0,,,2024-09-03 14:10:20
715,,云南省楚雄彝族自治州楚雄市,Z07042,,,0,,,2024-09-03 14:10:22
716,,陕西省宝鸡市眉县,Z05641,,,0,,,2024-09-03 14:10:23
717,,黑龙江省绥化市北林区,Z09718,,,0,,,2024-09-03 14:10:28
718,,河南省开封市杞县,Z05009,,,0,,,2024-09-03 18:35:58
719,,河南省商丘市梁园区,Z10016,,,0,,,2024-09-03 18:35:58
720,,河南省郑州市荥阳市,Z09970,,,0,,,2024-09-03 18:35:58
721,,吉林省长春市朝阳区,Z04334,,,0,,,2024-09-03 18:35:58
722,,河南省开封市通许县,Z04990,,,0,,,2024-09-03 18:35:59
723,,河南省郑州市金水区,Z09964,,,0,,,2024-09-03 18:36:04
724,,河南省商丘市宁陵县,Z06069,,,0,,,2024-09-03 18:36:04
725,,河南省郑州市荥阳市,Z04930,,,0,,,2024-09-03 18:36:05
726,,河南省商丘市睢县,Z04998,,,0,,,2024-09-03 18:36:05
727,武汉,湖北省咸宁市,,,,0,,,2024-09-03 18:36:05
728,湛江,广东省江门市开平市,Z06376,,,0,,,2024-09-03 18:36:08
730,,河南省郑州市金水区,Z09475,,,0,,,2024-09-04 11:00:23
731,,,Z03685,,,0,,,2024-09-04 11:20:55
732,泉州,福建省漳州市龙海区,Z09256,,,0,,,2024-09-04 14:22:59
733,福州,福建省莆田市仙游县,Z08899,,,0,,,2024-09-04 14:22:59
734,泉州,福建省泉州市安溪县,Z08958,,,0,,,2024-09-04 15:40:17
735,福州,福建省莆田市涵江区,Z08943,,,0,,,2024-09-04 15:40:17
736,泉州,福建省漳州市平和县,Z09049,,,0,,,2024-09-04 16:26:37
737,,内蒙古自治区呼和浩特市新城区,Z09724,,,0,,,2024-09-05 09:17:58
738,,山东省枣庄市滕州市,Z05844,,,0,,,2024-09-05 09:28:10
739,衡阳,湖南省衡阳市石鼓区,Z09530,,,0,,,2024-09-05 09:58:43
740,,山西省太原市万柏林区,Z09563,,,0,,,2024-09-05 10:59:45
741,,山西省忻州市静乐县,Z04021,,,0,,,2024-09-05 10:59:45
742,,山东省济南市历城区,Z09399,,,0,,,2024-09-05 10:59:45
743,淮安,江苏省泰州市海陵区,Z09541,,,0,,,2024-09-05 10:59:46
744,淮安,江苏省盐城市盐都区,Z09548,,,0,,,2024-09-05 10:59:47
745,南京,江苏省无锡市新吴区,Z09739,,,0,,,2024-09-05 10:59:47
746,南京,江苏省苏州市张家港市,Z06626,,,0,,,2024-09-05 10:59:53
747,,北京市北京市通州区,Z04343,,,0,,,2024-09-05 10:59:55
748,,河北省张家口市桥西区,Z04372,,,0,,,2024-09-05 10:59:55
749,,北京市北京市大兴区,Z04335,,,0,,,2024-09-05 10:59:55
750,,北京市北京市房山区,Z04336,,,0,,,2024-09-05 10:59:55
751,,北京市北京市朝阳区,Z04334,,,0,,,2024-09-05 10:59:55
752,,北京市北京市海淀区,Z04338,,,0,,,2024-09-05 10:59:56
753,,河北省承德市围场满族蒙古族自治县,Z04354,,,0,,,2024-09-05 10:59:56
754,,北京市北京市怀柔区,Z10210,,,0,,,2024-09-05 10:59:56
755,,河北省廊坊市广阳区,Z04363,,,0,,,2024-09-05 10:59:56
756,,河北省廊坊市香河县,Z04367,,,0,,,2024-09-05 10:59:56
757,,北京市北京市丰台区,Z04337,,,0,,,2024-09-05 10:59:57
758,,北京市北京市顺义区,Z04342,,,0,,,2024-09-05 10:59:57
759,上海,,Z06596,,,0,,,2024-09-05 10:59:57
760,上海,上海市上海市普陀区,Z06586,,,0,,,2024-09-05 10:59:57
761,,浙江省温州市泰顺县,Z06484,,,0,,,2024-09-05 10:59:58
762,,浙江省温州市文成县,Z06485,,,0,,,2024-09-05 10:59:59
763,,重庆市重庆市奉节县,Z06894,,,0,,,2024-09-05 11:10:05
764,汕头,,000001,,,0,,,2024-09-05 11:10:05
765,,辽宁省沈阳市皇姑区,Z10132,,,0,,,2024-09-05 11:10:05
766,,四川省德阳市旌阳区,Z09877,,,0,,,2024-09-05 11:10:06
767,,四川省德阳市中江县,Z07606,,,0,,,2024-09-05 11:10:06
768,,四川省德阳市广汉市,Z07602,,,0,,,2024-09-05 11:10:07
769,,四川省绵阳市涪城区,Z09757,,,0,,,2024-09-05 11:10:07
770,,四川省绵阳市盐亭县,Z07666,,,0,,,2024-09-05 11:10:07
771,,四川省遂宁市船山区,Z09870,,,0,,,2024-09-05 11:10:07
772,,四川省遂宁市射洪市,Z07769,,,0,,,2024-09-05 11:10:07
773,,四川省达州市渠县,Z07751,,,0,,,2024-09-05 11:10:07
774,,四川省达州市通川区,Z09873,,,0,,,2024-09-05 11:10:08
775,,四川省眉山市仁寿县,Z07660,,,0,,,2024-09-05 11:10:09
776,,四川省达州市宣汉县,Z07753,,,0,,,2024-09-05 11:10:10
777,,四川省泸州市龙马潭区,Z07649,,,0,,,2024-09-05 11:10:10
778,,四川省达州市大竹县,Z07749,,,0,,,2024-09-05 11:10:10
779,,四川省南充市高坪区,Z09875,,,0,,,2024-09-05 11:10:10
780,,四川省绵阳市江油市,Z07663,,,0,,,2024-09-05 11:10:10
781,,四川省绵阳市三台县,Z07665,,,0,,,2024-09-05 11:10:10
782,衡阳,湖南省衡阳市衡南县,Z07476,,,0,,,2024-09-05 11:20:12
783,南昌,江西省鹰潭市月湖区,Z09934,,,0,,,2024-09-05 11:20:14
784,衡阳,湖南省衡阳市耒阳市,Z07457,,,0,,,2024-09-05 11:20:15
785,,河南省洛阳市嵩县,Z04995,,,0,,,2024-09-05 11:30:16
786,,河南省郑州市新郑市,Z04976,,,0,,,2024-09-05 11:30:17
787,,安徽省合肥市肥东县,Z06499,,,0,,,2024-09-05 11:30:17
788,,安徽省池州市青阳县,Z06527,,,0,,,2024-09-05 11:30:21
789,福州,福建省南平市建阳区,Z06143,,,0,,,2024-09-05 13:43:49
790,福州,福建省南平市顺昌县,Z06146,,,0,,,2024-09-05 13:43:50
791,泉州,福建省厦门市海沧区,Z09020,,,0,,,2024-09-05 13:43:50
792,,浙江省台州市玉环市,Z06477,,,0,,,2024-09-05 14:21:34
793,,浙江省台州市路桥区,Z06472,,,0,,,2024-09-05 14:21:34
794,,浙江省台州市椒江区,Z06470,,,0,,,2024-09-05 14:21:35
795,,浙江省台州市温岭市,Z06475,,,0,,,2024-09-05 14:21:35
796,,安徽省六安市金安区,Z09851,,,0,,,2024-09-05 14:21:36
797,,安徽省六安市,Z06575,,,0,,,2024-09-05 14:21:39
798,,吉林省长春市朝阳区,Z10098,,,0,,,2024-09-05 14:21:40
799,武汉,湖北省武汉市黄陂区,Z09901,,,0,,,2024-09-05 14:21:41
800,,新疆维吾尔自治区巴音郭楞蒙古自治州和硕县,Z05752,,,0,,,2024-09-05 14:21:41
801,湛江,广东省江门市鹤山市,Z06374,,,0,,,2024-09-05 14:21:42
802,柳州,广西壮族自治区桂林市象山区,Z09636,,,0,,,2024-09-05 14:21:43
803,湛江,广东省湛江市遂溪县,Z06356,,,0,,,2024-09-05 14:21:55
804,邵阳,湖南省邵阳市武冈市,Z07415,,,0,,,2024-09-05 14:21:56
805,泉州,福建省泉州市石狮市,Z08866,,,0,,,2024-09-05 14:21:57
806,泉州,福建省泉州市石狮市,Z06283,,,0,,,2024-09-05 14:21:57
807,邵阳,湖南省永州市宁远县,Z07425,,,0,,,2024-09-05 14:21:58
808,武汉,湖北省黄冈市武穴市,Z07241,,,0,,,2024-09-05 14:22:01
809,东莞,广东省东莞市东莞市,Z08051,,,0,,,2024-09-05 14:22:22
811,荆州,湖北省襄阳市樊城区,Z09883,,,0,,,2024-09-05 14:34:03
812,武汉,湖北省随州市曾都区,Z09891,,,0,,,2024-09-05 14:34:05
814,,内蒙古自治区鄂尔多斯市准格尔旗,Z04864,,,0,,,2024-09-05 14:54:16
815,,内蒙古自治区鄂尔多斯市杭锦旗,Z04847,,,0,,,2024-09-05 14:54:16
816,南京,江苏省常州市武进区,Z09854,,,0,,,2024-09-05 15:04:00
817,,安徽省合肥市蜀山区,Z09420,,,0,,,2024-09-05 15:04:19
818,,安徽省六安市霍邱县,Z06537,,,0,,,2024-09-05 15:04:19
819,,安徽省合肥市包河区,Z06527,,,0,,,2024-09-05 15:04:23
820,上海,上海市上海市松江区,Z06596,,,0,,,2024-09-05 15:04:24
821,上海,上海市上海市浦东新区,Z06595,,,0,,,2024-09-05 15:04:24
822,上海,上海市上海市嘉定区,Z06587,,,0,,,2024-09-05 15:04:24
823,南京,,Z06606,,,0,,,2024-09-05 15:04:28
824,长沙,湖南省长沙市芙蓉区,Z09512,,,0,,,2024-09-05 15:04:29
825,长沙,湖南省湘潭市雨湖区,Z09506,,,0,,,2024-09-05 15:14:46
826,邵阳,湖南省怀化市洪江市,Z07431,,,0,,,2024-09-05 15:14:48
827,邵阳,湖南省怀化市靖州苗族侗族自治县,Z07438,,,0,,,2024-09-05 15:14:50
828,邵阳,湖南省邵阳市邵东市,Z07411,,,0,,,2024-09-05 15:14:52
829,武汉,湖北省武汉市江岸区,Z09897,,,0,,,2024-09-05 15:25:08
830,,山西省运城市盐湖区,Z09570,,,0,,,2024-09-05 15:34:49
831,,山东省东营市东营区,Z09449,,,0,,,2024-09-05 15:45:09
832,,山东省青岛市平度市,Z05914,,,0,,,2024-09-05 15:45:12
833,,山东省威海市荣成市,Z05920,,,0,,,2024-09-05 15:45:36
834,,山东省聊城市东昌府区,Z09404,,,0,,,2024-09-05 15:45:37
835,,山东省烟台市蓬莱区,Z05929,,,0,,,2024-09-05 15:45:40
836,,四川省乐山市市中区,Z09913,,,0,,,2024-09-05 15:55:25
837,,四川省乐山市马边彝族自治县,Z07645,,,0,,,2024-09-05 15:55:26
838,,四川省成都市温江区,Z07592,,,0,,,2024-09-05 15:55:53
839,,四川省甘孜藏族自治州泸定县,Z07619,,,0,,,2024-09-05 15:55:53
840,,四川省成都市新津区,Z07594,,,0,,,2024-09-05 15:55:53
841,上海,上海市上海市闵行区,Z06594,,,0,,,2024-09-05 15:55:57
842,上海,上海市上海市青浦区,Z06589,,,0,,,2024-09-05 15:55:58
843,上海,上海市上海市奉贤区,Z06597,,,0,,,2024-09-05 15:55:58
844,,四川省阿坝藏族羌族自治州若尔盖县,Z07572,,,0,,,2024-09-05 15:56:00
845,,四川省阿坝藏族羌族自治州马尔康市,Z07569,,,0,,,2024-09-05 15:56:01
846,,西藏自治区昌都市察雅县,Z07716,,,0,,,2024-09-05 15:56:06
847,,西藏自治区昌都市丁青县,Z07712,,,0,,,2024-09-05 15:56:06
848,,西藏自治区昌都市左贡县,Z07714,,,0,,,2024-09-05 15:56:06
849,,西藏自治区昌都市芒康县,Z07709,,,0,,,2024-09-05 15:56:06
850,,四川省成都市都江堰市,Z07582,,,0,,,2024-09-05 15:56:07
851,湛江,广东省茂名市化州市,Z06365,,,0,,,2024-09-05 15:56:08
852,,,Z10296,,,0,,,2024-09-05 15:56:10
853,赣州,江西省吉安市新干县,Z09259,,,0,,,2024-09-05 15:56:14
854,南昌,江西省南昌市,Z09752,,,0,,,2024-09-05 15:56:14
855,南昌,,Z07798,,,0,,,2024-09-05 15:56:14
856,南昌,江西省上饶市鄱阳县,Z09292,,,0,,,2024-09-05 15:56:15
857,南昌,江西省新余市渝水区,Z09932,,,0,,,2024-09-05 15:56:15
858,南昌,江西省萍乡市芦溪县,Z09287,,,0,,,2024-09-05 15:56:16
859,南昌,江西省上饶市玉山县,Z09298,,,0,,,2024-09-05 15:56:17
860,南昌,江西省上饶市广丰区,Z09290,,,0,,,2024-09-05 15:56:17
861,,四川省阿坝藏族羌族自治州汶川县,Z07574,,,0,,,2024-09-05 15:56:20
862,南昌,江西省抚州市乐安县,Z09263,,,0,,,2024-09-05 15:56:20
863,南昌,江西省景德镇市乐平市,Z09269,,,0,,,2024-09-05 15:56:20
864,赣州,江西省赣州市龙南市,Z08931,,,0,,,2024-09-05 15:56:21
865,赣州,江西省赣州市瑞金市,Z08933,,,0,,,2024-09-05 15:56:22
866,,四川省成都市武侯区,Z07590,,,0,,,2024-09-05 15:56:22
867,,新疆维吾尔自治区喀什地区莎车县,Z05705,,,0,,,2024-09-05 15:56:23
868,,新疆维吾尔自治区阿克苏地区阿克苏市,Z05756,,,0,,,2024-09-05 15:56:23
869,,新疆维吾尔自治区五家渠市五家渠市,Z05766,,,0,,,2024-09-05 15:56:24
870,荆州,湖北省荆州市松滋市,Z07521,,,0,,,2024-09-05 15:56:29
871,,云南省大理白族自治州大理市,Z10180,,,0,,,2024-09-05 16:05:54
872,,云南省大理白族自治州漾濞彝族自治县,Z07023,,,0,,,2024-09-05 16:05:55
873,,云南省大理白族自治州漾濞彝族自治县,Z07021,,,0,,,2024-09-05 16:05:55
874,广州,广东省珠海市香洲区,Z09329,,,0,,,2024-09-05 16:06:21
875,东莞,广东省东莞市东莞市,Z08054,,,0,,,2024-09-05 16:06:23
876,东莞,广东省东莞市,Z07952,,,0,,,2024-09-05 16:06:28
877,深圳,广东省深圳市宝安区,Z08437,,,0,,,2024-09-05 16:06:36
878,深圳,广东省深圳市龙岗区,Z07975,,,0,,,2024-09-05 16:06:37
879,东莞,广东省东莞市东莞市,Z07954,,,0,,,2024-09-05 16:06:41
880,深圳,广东省东莞市,Z10428,,,0,,,2024-09-05 16:06:45
881,,辽宁省朝阳市双塔区,Z10114,,,0,,,2024-09-05 16:06:45
882,,黑龙江省哈尔滨市松北区,Z09677,,,0,,,2024-09-05 16:06:45
883,,辽宁省沈阳市铁西区,Z10136,,,0,,,2024-09-05 16:06:46
884,,辽宁省沈阳市辽中区,Z04464,,,0,,,2024-09-05 16:06:48
885,,辽宁省沈阳市新民市,Z04465,,,0,,,2024-09-05 16:06:48
886,,辽宁省沈阳市于洪区,Z10040,,,0,,,2024-09-05 16:06:48
887,,内蒙古自治区呼伦贝尔市牙克石市,Z04582,,,0,,,2024-09-05 16:06:49
888,,内蒙古自治区呼伦贝尔市扎赉诺尔区,Z04634,,,0,,,2024-09-05 16:06:49
889,,黑龙江省哈尔滨市平房区,Z09676,,,0,,,2024-09-05 16:06:50
890,,黑龙江省哈尔滨市道里区,Z09673,,,0,,,2024-09-05 16:06:50
891,,黑龙江省黑河市北安市,Z04560,,,0,,,2024-09-05 16:06:51
892,,内蒙古自治区呼伦贝尔市陈巴尔虎旗,Z04623,,,0,,,2024-09-05 16:06:51
893,,黑龙江省七台河市桃山区,Z09710,,,0,,,2024-09-05 16:06:51
894,,内蒙古自治区呼伦贝尔市根河市,Z04584,,,0,,,2024-09-05 16:06:51
895,,黑龙江省鸡西市鸡东县,Z04625,,,0,,,2024-09-05 16:06:56
896,,内蒙古自治区呼伦贝尔市满洲里市,Z04580,,,0,,,2024-09-05 16:06:56
897,,云南省临沧市云县,Z06995,,,0,,,2024-09-05 16:06:57
898,,黑龙江省哈尔滨市阿城区,Z04527,,,0,,,2024-09-05 16:06:58
899,,黑龙江省哈尔滨市香坊区,Z09678,,,0,,,2024-09-05 16:06:58
900,广州,广东省广州市番禺区,Z07962,,,0,,,2024-09-05 16:07:00
901,广州,广东省广州市从化区,Z07961,,,0,,,2024-09-05 16:07:00
902,,云南省临沧市临翔区,Z10182,,,0,,,2024-09-05 16:07:01
903,,云南省文山壮族苗族自治州文山市,Z07113,,,0,,,2024-09-05 16:07:01
904,广州,广东省广州市白云区,Z09320,,,0,,,2024-09-05 16:16:35
905,深圳,广东省深圳市坪山区,Z08886,,,0,,,2024-09-05 16:16:54
906,深圳,广东省深圳市宝安区,Z08440,,,0,,,2024-09-05 16:17:03
907,广州,广东省广州市增城区,Z08007,,,0,,,2024-09-05 16:17:11
908,东莞,广东省东莞市东莞市,Z08018,,,0,,,2024-09-05 16:17:12
909,,,Z10057,,,0,,,2024-09-05 16:35:58
910,,陕西省西安市雁塔区,Z05627,,,0,,,2024-09-05 16:36:01
911,,,Z05673,,,0,,,2024-09-05 16:36:06
912,,陕西省西安市雁塔区,Z09905,,,0,,,2024-09-05 16:36:22
913,,陕西省延安市富县,Z05636,,,0,,,2024-09-05 16:36:23
914,,山东省日照市东港区,Z09452,,,0,,,2024-09-05 16:36:24
915,,,Z09452,,,0,,,2024-09-05 16:36:24
916,,山东省烟台市莱州市,Z05926,,,0,,,2024-09-05 16:36:25
917,,陕西省西安市周至县,Z05611,,,0,,,2024-09-05 16:36:25
918,,陕西省榆林市定边县,Z05625,,,0,,,2024-09-05 16:36:26
919,,,Z05910,,,0,,,2024-09-05 16:36:49
920,,,Z05931,,,0,,,2024-09-05 16:36:54
921,,山东省烟台市招远市,Z05931,,,0,,,2024-09-05 16:36:54
922,,甘肃省天水市甘谷县,Z05508,,,0,,,2024-09-05 16:36:55
923,广州,广东省广州市花都区,Z07963,,,0,,,2024-09-05 16:37:16
924,,甘肃省庆阳市西峰区,Z05506,,,0,,,2024-09-05 16:37:17
925,,甘肃省天水市秦州区,Z09497,,,0,,,2024-09-05 16:37:17
926,,甘肃省陇南市武都区,Z05557,,,0,,,2024-09-05 16:37:18
927,,甘肃省陇南市宕昌县,Z05475,,,0,,,2024-09-05 16:37:18
928,,甘肃省白银市靖远县,Z05565,,,0,,,2024-09-05 16:37:18
929,,甘肃省酒泉市肃州区,Z09488,,,0,,,2024-09-05 16:37:21
930,,甘肃省武威市凉州区,Z09498,,,0,,,2024-09-05 16:37:21
931,,,Z05512,,,0,,,2024-09-05 16:37:24
932,,,Z09915,,,0,,,2024-09-05 16:37:25
933,,山东省潍坊市诸城市,Z05943,,,0,,,2024-09-05 16:37:26
934,,甘肃省兰州市城关区,Z09490,,,0,,,2024-09-05 16:37:27
935,,宁夏回族自治区银川市西夏区,Z10166,,,0,,,2024-09-05 16:37:28
936,,,Z09450,,,0,,,2024-09-05 16:37:29
937,广州,广东省佛山市顺德区,Z07959,,,0,,,2024-09-05 16:37:31
938,广州,广东省广州市荔湾区,Z08008,,,0,,,2024-09-05 16:37:34
939,,河南省周口市川汇区,Z09476,,,0,,,2024-09-05 16:57:07
940,,河南省周口市郸城县,Z04884,,,0,,,2024-09-05 16:57:07
941,,河南省濮阳市华龙区,Z10009,,,0,,,2024-09-05 16:57:20
942,南宁,广西壮族自治区南宁市西乡塘区,Z09619,,,0,,,2024-09-05 16:57:43
943,湛江,广东省江门市开平市,Z06375,,,0,,,2024-09-05 17:07:56
944,湛江,广东省江门市江海区,Z06372,,,0,,,2024-09-05 17:07:58
945,南昌,江西省南昌市青云谱区,Z07795,,,0,,,2024-09-05 17:07:59
946,,新疆维吾尔自治区和田地区策勒县,Z08604,,,0,,,2024-09-05 17:07:59
947,邵阳,湖南省永州市祁阳市,Z07422,,,0,,,2024-09-05 17:08:03
948,长沙,湖南省益阳市资阳区,Z09509,,,0,,,2024-09-05 17:08:04
949,长沙,湖南省长沙市开福区,Z09513,,,0,,,2024-09-05 17:08:06
950,广州,广东省广州市黄埔区,Z09325,,,0,,,2024-09-05 17:08:08
951,,新疆维吾尔自治区乌鲁木齐市新市区,Z05429,,,0,,,2024-09-05 17:08:09
952,湛江,广东省茂名市茂南区,Z06362,,,0,,,2024-09-05 17:08:11
953,南昌,江西省抚州市黎川县,Z07777,,,0,,,2024-09-05 17:08:12
954,南昌,江西省宜春市袁州区,Z09933,,,0,,,2024-09-05 17:08:12
955,南昌,江西省萍乡市上栗县,Z09288,,,0,,,2024-09-05 17:08:12
956,,,Z05408,,,0,,,2024-09-05 17:08:14
957,,新疆维吾尔自治区阿勒泰地区福海县,Z05403,,,0,,,2024-09-05 17:08:15
958,,新疆维吾尔自治区乌鲁木齐市头屯河区,Z09958,,,0,,,2024-09-05 17:08:16
959,,山东省威海市环翠区,Z09453,,,0,,,2024-09-05 17:18:48
960,,山东省青岛市李沧区,Z05917,,,0,,,2024-09-05 17:18:49
961,南京,江苏省南京市,Z09388,,,0,,,2024-09-05 17:18:50
962,,浙江省丽水市云和县,Z06459,,,0,,,2024-09-05 17:18:51
963,,山东省威海市乳山市,Z05921,,,0,,,2024-09-05 17:18:52
964,,河北省廊坊市广阳区,Z10461,,,0,,,2024-09-05 17:19:01
965,杭州,浙江省宁波市慈溪市,Z06427,,,0,,,2024-09-05 17:19:05
966,杭州,浙江省宁波市江北区,Z09087,,,0,,,2024-09-05 17:19:08
967,杭州,浙江省宁波市宁海县,Z06429,,,0,,,2024-09-05 17:19:09
968,杭州,浙江省嘉兴市桐乡市,Z06445,,,0,,,2024-09-05 17:19:09
969,杭州,浙江省舟山市定海区,Z06441,,,0,,,2024-09-05 17:19:10
970,杭州,浙江省杭州市临平区,Z09089,,,0,,,2024-09-05 17:19:10
971,,安徽省宿州市埇桥区,Z09424,,,0,,,2024-09-05 17:29:07
972,,安徽省合肥市包河区,Z09424,,,0,,,2024-09-05 17:29:08
973,,安徽省合肥市庐阳区,Z09426,,,0,,,2024-09-05 17:29:17
974,,安徽省安庆市太湖县,Z06521,,,0,,,2024-09-05 17:29:19
975,,安徽省安庆市宿松县,Z06541,,,0,,,2024-09-05 17:29:24
976,,重庆市重庆市丰都县,Z06893,,,0,,,2024-09-05 17:29:32
977,,吉林省长春市绿园区,Z09577,,,0,,,2024-09-05 17:29:32
978,,吉林省吉林市丰满区,Z10106,,,0,,,2024-09-05 17:29:33
979,,吉林省吉林市龙潭区,Z10105,,,0,,,2024-09-05 17:29:33
980,,吉林省延边朝鲜族自治州敦化市,Z04688,,,0,,,2024-09-05 17:29:34
981,,重庆市重庆市秀山土家族苗族自治县,Z06915,,,0,,,2024-09-05 17:29:34
982,,重庆市重庆市綦江区,Z06903,,,0,,,2024-09-05 17:29:37
983,,吉林省延边朝鲜族自治州图们市,Z04690,,,0,,,2024-09-05 17:29:38
340,广州,汕头,ZZ0306,1,汽运,0,2,2,2024-01-10 15:26:26
341,广州,福州,ZZ0307,1,汽运,0,2,,2024-01-10 15:26:26
342,广州,台州,ZZ0335,1,汽运,0,2,,2024-01-10 15:26:26
343,广州,南京,ZZ0928,1,汽运,0,2,,2024-01-10 15:26:26
344,广州,东莞,ZZ0128,1,汽运,0,2,,2024-01-10 15:26:26
345,广州,昆明,ZZ0951,1,汽运,0,2,2,2024-01-10 15:26:26
346,广州,长沙,ZZ0303,1,汽运,0,2,2,2024-01-10 15:26:26
347,广州,衡阳,ZZ0304,1,汽运,0,2,2,2024-01-10 15:26:26
348,广州,邵阳,ZZ0305,1,汽运,0,2,2,2024-01-10 15:26:26
349,广州,杭州,ZZ0337,1,汽运,0,2,2,2024-01-10 15:26:26
350,广州,南昌,ZZ0302,1,汽运,0,2,2,2024-01-10 15:26:26
351,广州,遵义,ZZ0950,1,汽运,0,2,2,2024-01-10 15:26:26
352,广州,成都,ZZ0946,1,汽运,0,2,2,2024-01-10 15:26:26
353,广州,贵阳,ZZ0949,1,汽运,0,2,2,2024-01-10 15:26:26
354,广州,南充,ZZ0947,1,汽运,0,2,2,2024-01-10 15:26:26
355,广州,重庆,ZZ0948,1,汽运,0,2,2,2024-01-10 15:26:26
360,广州,滴滴广州,ZZ1264,1,汽运,0,2,2,2024-01-10 15:26:26
367,广州,电商广州,ZZ1190,1,汽运,0,2,2,2024-01-10 15:26:26
369,广州,天猫广州,ZZ1223,1,汽运,0,2,2,2024-01-10 15:26:26
371,广州,天猫佛山,ZZ2006,1,汽运,0,2,2,2024-01-10 15:26:26
377,广州,贵港,ZZ0153,1,汽运,0,2,2,2024-01-10 15:26:26
378,广州,柳州,ZZ0152,1,汽运,0,2,2,2024-01-10 15:26:26
385,广州,南宁,ZZ0151,1,汽运,0,2,2,2024-01-10 15:26:26
386,广州,深圳,ZZ0150,1,汽运,0,2,2,2024-01-10 15:26:26
387,广州,海口,ZZ0403,1,集装箱,0,2,2,2024-01-10 15:26:26
388,广州,湛江,ZZ0127,1,汽运,0,2,2,2024-01-10 15:26:26
389,广州,泉州,ZZ0308,1,汽运,0,2,2,2024-01-10 15:26:26
407,长沙,湖南省邵阳市双清区,Z07394,,,0,1,,2024-05-09 11:21:34
408,汕头,广东省汕头市金平区,Z06382,,,0,,,2024-05-09 17:21:53
410,汕头,广东省潮州市湘桥区,Z06384,,,0,,,2024-05-10 09:37:42
411,汕头,广东省汕头市濠江区,Z08850,,,0,,,2024-05-10 09:37:42
412,汕头,广东省汕尾市陆丰市,Z06389,,,0,,,2024-05-10 09:37:42
413,汕头,广东省潮州市饶平县,Z06385,,,0,,,2024-05-10 09:37:43
414,汕头,广东省揭阳市惠来县,Z06403,,,0,,,2024-05-10 09:37:43
415,汕头,广东省梅州市丰顺县,Z06401,,,0,,,2024-05-10 09:37:43
416,汕头,广东省梅州市平远县,Z06398,,,0,,,2024-05-10 09:37:44
417,汕头,广东省汕尾市海丰县,Z06388,,,0,,,2024-05-10 09:37:44
418,汕头,广东省梅州市五华县,Z08848,,,0,,,2024-05-10 09:37:46
419,汕头,广东省河源市紫金县,Z06393,,,0,,,2024-05-10 09:37:46
420,汕头,广东省河源市龙川县,Z06394,,,0,,,2024-05-10 09:37:46
421,汕头,广东省汕头市潮阳区,Z10223,,,0,,,2024-05-10 09:37:46
422,汕头,广东省汕头市潮阳区,Z09946,,,0,,,2024-05-10 09:37:47
423,汕头,广东省汕头市潮阳区,Z09945,,,0,,,2024-05-10 09:37:47
424,汕头,广东省梅州市梅江区,Z06395,,,0,,,2024-05-10 09:37:48
425,汕头,广东省汕头市潮南区,Z09944,,,0,,,2024-05-10 09:37:48
426,汕头,广东省汕头市潮南区,Z09941,,,0,,,2024-05-10 09:37:49
427,汕头,广东省梅州市兴宁市,Z06397,,,0,,,2024-05-10 09:37:49
428,汕头,广东省梅州市蕉岭县,Z06399,,,0,,,2024-05-10 09:37:50
429,汕头,广东省汕头市潮南区,Z09943,,,0,,,2024-05-10 09:37:50
430,汕头,广东省揭阳市揭西县,Z06404,,,0,,,2024-05-10 09:37:52
431,汕头,广东省汕头市潮南区,Z09942,,,0,,,2024-05-10 09:37:52
432,汕头,广东省河源市连平县,Z06391,,,0,,,2024-05-10 09:37:54
433,汕头,广东省揭阳市榕城区,Z06383,,,0,,,2024-05-10 09:37:55
434,三水基地,广州,ZZ0130,2,汽运,0,,,2024-05-10 09:49:33
435,三水基地,深圳,ZZ0129,1,汽运,0,,,2024-05-10 09:49:33
436,三水基地,东莞,ZZ0128,1,汽运,0,,,2024-05-10 09:49:33
437,三水基地,海口,ZZ0403,1,集装箱,0,,,2024-05-10 09:49:33
438,三水基地,南宁,ZZ0131,1,汽运,0,,,2024-05-10 09:49:33
439,三水基地,柳州,ZZ0132,1,汽运,0,,,2024-05-10 09:49:33
440,三水基地,贵港,ZZ0133,1,汽运,0,,,2024-05-10 09:49:33
441,三水基地,长沙,ZZ0303,1,汽运,0,,,2024-05-10 09:49:33
442,三水基地,邵阳,ZZ0305,1,汽运,0,,,2024-05-10 09:49:33
443,三水基地,福州,ZZ0307,1,汽运,0,,,2024-05-10 09:49:33
444,三水基地,湛江,ZZ0127,1,汽运,0,,,2024-05-10 09:49:33
445,三水基地,汕头,ZZ0306,1,汽运,0,,,2024-05-10 09:49:33
446,三水基地,泉州,ZZ0308,1,汽运,0,,,2024-05-10 09:49:34
453,三水基地,衡阳,ZZ0304,1,汽运,0,,,2024-05-10 09:49:36
454,三水基地,南昌,ZZ0302,1,汽运,0,,,2024-05-10 09:49:36
455,三水基地,贵阳,ZZ0949,1,汽运,0,,,2024-05-10 09:49:38
456,三水基地,遵义,ZZ0950,1,汽运,0,,,2024-05-10 09:49:38
457,三水基地,武汉,ZZ0944,1,汽运,0,,,2024-05-10 09:49:40
458,三水基地,杭州,ZZ0337,1,汽运,0,,,2024-05-10 09:49:41
460,三水基地,赣州,ZZ1244,1,汽运,0,,,2024-05-10 09:49:41
461,三水基地,金华,ZZ0336,1,汽运,0,,,2024-05-10 09:49:42
462,三水基地,昆明,ZZ0951,1,汽运,0,,,2024-05-10 09:49:42
