物料大类,条码/物料编码,图片,名称/物料描述,规格型号,分类/物料组,计量单位,品牌,自定义类别,保质期(天),保质期预警(天),保留小数,状态,标箱折扣系数,货期(天),默认价格,是否标识管理,是否费用化资产
原材料,20002372,,纸箱/战马/罐装/新包装线下1元乐享2026（二段）-含箱内码,1200张/托,包材,张,,ROH原材料,730,30,0,已启用,,,,否,否
原材料,20002371,,顶盖/战马/新包装线下1元乐享2026（二段）,177480个/托,包材,片,,ROH原材料,730,30,0,已启用,,,,否,否
原材料,20002370,,空罐/战马/310ML/新包装线下1元乐享2026（二段）/无顶盖,7590个/托,包材,个,,ROH原材料,730,30,0,已启用,,,,否,否
成品,11000404,,战马/310ML/24/罐装/2026/新包装线下1元乐享（二段）,100箱/托,成品,箱,,FERTE成品,540,90,0,已启用,,,,否,否
成品,11000401,,战马/330ML/24/罐装/含气/夏日柠檬味/扫码红包2026,,成品,箱,,FERTE成品,540,90,0,已启用,,,,否,否
成品,11000400,,战马/330ML/24/罐装/含气/春日白桃味/扫码红包2026,,成品,箱,,FERTE成品,540,90,0,已启用,,,,否,否
成品,11000398,,战马/330ML/24/罐装/含气/菠萝西柚味/扫码红包2026,,成品,箱,,FERTE成品,540,90,0,已启用,,,,否,否
成品,81000104,,国产/芙丝气泡水330ML/12瓶装/青提葡萄,,成品,箱,,FERTE成品,730,90,0,已启用,,,,否,否
成品,81000103,,国产/芙丝气泡水330ML/12瓶装/樱花白桃,,成品,箱,,FERTE成品,730,90,0,已启用,,,,否,否
成品,11000376,,战马/400ML/15/不含气/2026/1元乐享,,成品,箱,,FERTE成品,540,90,0,已启用,,,,否,否
成品,11000384,,战马/310ML/24/罐装/2026/新包装线下1元乐享,100箱/托,成品,箱,,FERTE成品,540,90,0,已启用,,,,否,否
原材料,20002343,,纸箱/战马/罐装/新包装线下1元乐享2026-含箱内码,1200张/托,包材,张,,ROH原材料,730,30,0,已启用,,,,否,否
原材料,20002351,,顶盖/战马/新包装线下1元乐享2026,177480个/托,包材,片,,ROH原材料,730,30,0,已启用,,,,否,否
原材料,20002350,,空罐/战马/310ML/新包装线下1元乐享2026/无顶盖,7590个/托,包材,个,,ROH原材料,730,30,0,已启用,,,,否,否
综合物资,5100000393,,净化服,长袖,劳保用品,套,,,,,0,已启用,,,,否,否
综合物资,5100000392,,净化服,短袖,劳保用品,套,,,,,0,已启用,,,,否,否
综合物资,5100000391,,蛇皮水管（透明塑料软管）,6分,劳保用品,米,,,,,0,已启用,,,,否,否
综合物资,5100000390,,蛇皮水管（透明塑料软管）,4分,劳保用品,米,,,,,0,已启用,,,,否,否
综合物资,5600000084,,电动喷漆枪,4.0Ah 无刷款  一电+喷嘴,资产,个,德力西,,,,0,已启用,,,,否,否
综合物资,5600000083,,精密天平,单量程，52g/0.01mg/MA55,资产,个,梅特勒,,,,0,已启用,,,,否,否
综合物资,5600000082,,壁扇,FP7518W,资产,台,艾美特,,,,0,已启用,,,,否,否
综合物资,5500000017,,吸污软管,智科伟顿,修理,条,W22-01500002,,,,0,已启用,,,,否,否
综合物资,5500000016,,新排水管,智科伟顿,修理,条,W22-01500004,,,,0,已启用,,,,否,否
综合物资,5500000015,,刷盘(16寸)150机,智科伟顿,修理,个,W09-00000060,,,,0,已启用,,,,否,否
综合物资,5400000434,,灭菌锅安全阀,适配BXM65FE,化验耗材,个,博讯,,,,0,已启用,,,,否,否
综合物资,5400000433,,容量瓶,250mL(A类),化验耗材,个,进口,,,,0,已启用,,,,否,否
综合物资,5400000432,,莱士曼氏乳酸杆菌（Lactobacillus delbrueckii subsp. lactis）冻干菌种,8271/ATCC7830,化验耗材,瓶,Xinocler,,,,0,已启用,,,,否,否
综合物资,5400000431,,维生素B12测定培养基,8471.0,化验耗材,瓶,Xinocler,,,,0,已启用,,,,否,否
综合物资,5400000430,,维生素B12检测试剂盒,8841.0,化验耗材,盒,Xinocler,,,,0,已启用,,,,否,否
综合物资,5400000429,,氨基酸分析仪进样口垫片,货号：852-2047,化验耗材,个,日立,,,,0,已启用,,,,否,否
综合物资,5400000428,,氨基酸分析仪进样针,货号：890-3253,化验耗材,个,日立,,,,0,已启用,,,,否,否
综合物资,5400000427,,氨基酸分析仪进样针座螺母,货号：852-2048,化验耗材,个,日立,,,,0,已启用,,,,否,否
综合物资,5400000426,,平底烧瓶,500mL，瓶口24/29,化验耗材,个,——,,,,0,已启用,,,,否,否
综合物资,5400000425,,量筒,200mL0.5分度值,化验耗材,个,——,,,,0,已启用,,,,否,否
综合物资,5400000424,,5A分子筛干燥剂,500g/瓶,化验耗材,瓶,,,,,0,已启用,,,,否,否
综合物资,5400000423,,气相衬管,货号：5183-4711,化验耗材,个,安捷伦,,,,0,已启用,,,,否,否
综合物资,5400000422,,氧气捕集阱,货号：OT3-2,化验耗材,个,安捷伦,,,,0,已启用,,,,否,否
综合物资,5400000421,,水份捕集阱,货号：5182-9211,化验耗材,个,安捷伦,,,,0,已启用,,,,否,否
综合物资,5100000389,,PVC橡胶塑料胶水管,4分,饭堂,米,-,,,,0,已启用,,,,否,否
综合物资,5100000388,,水鞋,高筒黑色加厚,饭堂,双,金橡牌,,,,0,已启用,,,,否,否
综合物资,5100000387,,漂白水,20公升/桶,饭堂,桶,劳工牌,,,,0,已启用,,,,否,否
综合物资,5100000386,,扫把,,饭堂,把,环球牌,,,,0,已启用,,,,否,否
综合物资,5100000385,,90公分地拖,,饭堂,把,,,,,0,已启用,,,,否,否
综合物资,5000000652,,优秀团队锦旗,,办公,面,,,,,0,已启用,,,,否,否
综合物资,5000000651,,荣誉证书+内页,,办公,套,,,,,0,已启用,,,,否,否
综合物资,5000000650,,水晶奖杯,,办公,个,,,,,0,已启用,,,,否,否
综合物资,5000000649,,证书内页,A4,办公,张,,,,,0,已启用,,,,否,否
原材料,20002316,,顶盖/206/2026扫码1元乐享-广西,173250片/托,包材,片,,ROH原材料,730,30,0,已启用,,,,否,否
原材料,20002315,,空罐/普通型/250ML/2026扫码1元乐享-广西/无顶盖,8740个/托,包材,个,,ROH原材料,730,30,0,已启用,,,,否,否
原材料,20002330,,纸皮/普通型/250ML/24/扫码1元乐享-广西/2026,2000张/托,包材,张,,ROH原材料,730,30,0,已启用,,,,否,否
原材料,20002326,,纸皮/普通型/250ML/24/31周年普通箱内码/2026,2000张/托,包材,张,,ROH原材料,730,30,0,已启用,,,,否,否
成品,10001203,,红牛维生素功能饮料/普通型/250ML/24/扫码1元乐享-广西/2026,150箱/托,成品,箱,,FERTE成品,540,90,0,已启用,,,,否,否
成品,10001199,,红牛维生素功能饮料/普通型/250ML/24/普通箱内码/2026,150箱/托,成品,箱,,FERTE成品,540,90,0,已启用,,,,否,否
原材料,20002333,,纸箱/战马/罐装/UTMBx联名,1200张/托,包材,张,,ROH原材料,730,30,0,已启用,,,,否,否
原材料,20002331,,空罐/战马/310ML/UTMBx联名/无顶盖,7590个/托,包材,个,,ROH原材料,730,30,0,已启用,,,,否,否
成品,11000379,,战马/310ML/24/罐装/UTMBx联名装,100箱/托,成品,箱,,FERTE成品,540,90,0,已启用,,,,否,否
成品,11000356,,战马/330ML/24/罐装/含气/菠萝西柚味/广东促销,,成品,箱,,FERTE成品,540,90,0,已启用,,,,否,否
综合物资,5100000357,,长柄塑料刷子30CM,,劳保用品,个,,,,,0,已启用,,,,否,否
原材料,20002267,,纸箱/战马/罐装/线上1元乐享2026-新包装-含箱内码,1200张/托,包材,张,,原材料,730,30,0,已启用,,,,否,否
原材料,20002266,,纸箱/战马/罐装/扫码红包2026-新包装-含箱内码,1200张/托,包材,张,,原材料,730,30,0,已启用,,,,否,否
原材料,20002264,,顶盖/战马/线上1元乐享2026-新包装,177480个/托,包材,个,,原材料,730,30,0,已启用,,,,否,否
原材料,20002263,,顶盖/战马/扫码红包2026-新包装,177480个/托,包材,个,,原材料,730,30,0,已启用,,,,否,否
原材料,20002261,,空罐/战马/310ML/线上1元乐享2026-新包装/无顶盖,7590个/托,包材,个,,原材料,730,30,0,已启用,,,,否,否
原材料,20002260,,空罐/战马/310ML/扫码红包2026-新包装/无顶盖,7590个/托,包材,个,,原材料,730,30,0,已启用,,,,否,否
成品,11000371,,战马/310ML/24/罐装/2026/线上1元乐享-新包装,100箱/托,成品,箱,,FERTE成品,540,90,0,已启用,,,,否,否
成品,11000370,,战马/310ML/24/罐装/2026/扫码红包-新包装,100箱/托,成品,箱,,FERTE成品,540,90,0,已启用,,,,否,否
成品,10001191,,红牛维生素功能饮料/普通型/250ML/六罐装/31周年,150箱/托,成品,罐,红牛,FERTE成品,540,90,0,已启用,,,,否,否
成品,10001188,,红牛维生素功能饮料/普通型/250ML/24/31周年纪念装,150箱/托,成品,罐,红牛,FERTE成品,540,90,0,已启用,,,,否,否
成品,10001187,,红牛维生素功能饮料/普通型/250ML/24/广东1元乐享促销/2026,150箱/托,成品,罐,红牛,FERTE成品,540,90,0,已启用,,,,否,否
成品,10001186,,红牛维生素功能饮料/普通型/250ML/24/广东红包促销/2026,150箱/托,成品,罐,红牛,FERTE成品,540,90,0,已启用,,,,否,否
成品,10001184,,红牛维生素功能饮料/牛磺酸强化型/250ml/24/31周年纪念装,100箱/托,成品,罐,红牛,FERTE成品,540,90,0,已启用,,,1.0,否,否
原材料,20002276,,顶盖/206/2026广东1元乐享促销,173250片/板,包材,个,,原材料,730,30,0,已启用,,,,否,否
原材料,20002275,,顶盖/206/2026广东红包促销,173250片/板,包材,个,,原材料,730,30,0,已启用,,,,否,否
原材料,20002274,,空罐/普通型/250ML/2026广东1元乐享促销/无顶盖,8740/托,包材,个,,原材料,730,30,0,已启用,,,,否,否
原材料,20002273,,空罐/普通型/250ML/2026广东红包促销/无顶盖,8740/托,包材,个,,原材料,730,30,0,已启用,,,,否,否
原材料,20002272,,空罐/强化型/250ml/蓝色/31周年版/无底盖,7475/托,包材,个,,原材料,730,30,0,已启用,,,,否,否
原材料,20002271,,空罐/普通型/250ML/31周年版/无顶盖,8740/托,包材,个,,原材料,730,30,0,已启用,,,,否,否
原材料,20002283,,热缩膜/六罐装/31周年版,50KG/卷,包材,KG,,原材料,730,30,0,已启用,,,,否,否
原材料,20002282,,纸皮/普通型/250ML/24/广东1元乐享促销/2026,2000张/托,包材,张,,原材料,730,30,0,已启用,,,,否,否
原材料,20002281,,纸皮/普通型/250ML/24/广东红包促销/2026,2000张/托,包材,张,,原材料,730,30,0,已启用,,,,否,否
原材料,20002279,,纸皮/强化型/250ml/蓝色/31周年版,2000张/托,包材,张,,原材料,730,30,0,已启用,,,,否,否
原材料,20002278,,纸皮/普通型/250ML/31周年版/六罐装/包装,2000张/托,包材,张,,原材料,730,30,0,已启用,,,,否,否
原材料,20002277,,纸皮/普通型/250ML/24/31周年版,2000张/托,包材,张,,原材料,730,30,0,已启用,,,,否,否
成品,11000359,,战马/330ML/24/罐装/含气/夏日柠檬味/广东促销,,成品,箱,,FERTE成品,540,90,0,已启用,,,,否,否
成品,11000358,,战马/330ML/24/罐装/含气/春日白桃味/广东促销,,成品,箱,,FERTE成品,540,90,0,已启用,,,,否,否
成品,80000015,,进口芙丝天然泉水/24/500ml/Still,,成品,箱,,FERTE成品,730,90,0,已启用,,,,否,否
成品,80000014,,进口芙丝天然泉水/24/330ml/Still,,成品,箱,,FERTE成品,730,90,0,已启用,,,,否,否
成品,11000282,,战马/400ML/15/不含气/2025/1元乐享（线上核销）/二段,,成品,箱,,FERTE成品,540,90,0,已启用,,,,否,否
成品,11000280,,战马/400ML/15/不含气/2025/1元乐享,,成品,箱,,FERTE成品,540,90,0,已启用,,,,否,否
成品,81000240,,国产/神农明珠天然泉水/500ml/24瓶/无外箱,,成品,箱,,FERTE成品,540,90,0,已启用,,,,否,否
成品,81000224,,国产/神农明珠天然泉水/500ML/24瓶,,成品,箱,,FERTE成品,540,90,0,已启用,,,,否,否
成品,81000102,,国产/芙丝气泡水330ML/12瓶装/青柠生姜,,成品,箱,,FERTE成品,730,90,0,已启用,,,,否,否
成品,80000012,,进口芙丝天然泉水/24/375ml/Still,,成品,箱,,FERTE成品,730,90,0,已启用,,,,否,否
成品,80000013,,进口芙丝天然泉水/12/800ml/Still,,成品,箱,,FERTE成品,730,90,0,已启用,,,,否,否
成品,80000011,,进口芙丝苏打水/12/800ml/Sparkling,,成品,箱,,FERTE成品,730,90,0,已启用,,,,否,否
成品,80000010,,进口芙丝苏打水/24/375ml/Sparkling,,成品,箱,,FERTE成品,730,90,0,已启用,,,,否,否
成品,11000353,,战马/300ML/24/罐装/夏日柠檬味/常规装,,成品,箱,,FERTE成品,540,90,0,已启用,,,,否,否
成品,11000352,,战马/300ML/24/罐装/春日白桃味/常规装,,成品,箱,,FERTE成品,540,90,0,已启用,,,,否,否
成品,11000351,,战马/300ML/24/罐装/夏日浆果味/常规装,,成品,箱,,FERTE成品,540,90,0,已启用,,,,否,否
成品,11000350,,战马/300ML/24/罐装/菠萝西柚味/常规装,,成品,箱,,FERTE成品,540,90,0,已启用,,,,否,否
成品,11000349,,战马/300ML/24/罐装/蓝莓黑加仑味/常规装,,成品,箱,,FERTE成品,540,90,0,已启用,,,,否,否
成品,11000348,,战马/330ML/24/罐装/含气/青苹果葡萄味/常规装,,成品,箱,,FERTE成品,,,0,已启用,,,,否,否
综合物资,5000000642,,关门语音提醒器,语音款“请随手关门”,办公,个,,,,,0,已启用,,,,否,否
综合物资,5000000641,,遥控开关,一拖一,办公,个,,,,,0,已启用,,,,否,否
综合物资,5000000640,,物料号标识牌,PVC/33*7cm,办公,个,,,,,0,已启用,,,,否,否
综合物资,5000000639,,备件库标识牌,铁牌带挂链,办公,个,,,,,0,已启用,,,,否,否
综合物资,5000000638,,备件库标识牌,铁牌带挂链,办公,个,,,,,0,已启用,,,,否,否
综合物资,5000000637,,备件库标识牌,铁牌带挂链,办公,个,,,,,0,已启用,,,,否,否
综合物资,5000000636,,备件库标识牌,铁牌带挂链,办公,个,,,,,0,已启用,,,,否,否
综合物资,5000000635,,备件库标识牌,铁牌带挂链,办公,个,,,,,0,已启用,,,,否,否
综合物资,5000000634,,备件库标识牌,铁牌带挂链,办公,个,,,,,0,已启用,,,,否,否
综合物资,5000000633,,地板安全标识警示带,黄色5cm宽,办公,卷,,,,,0,已启用,,,,否,否
综合物资,5000000632,,地板安全标识警示带,黄黑色5cm宽,办公,卷,,,,,0,已启用,,,,否,否
综合物资,5000000631,,地板安全标识警示带,黄色2.5cm宽,办公,卷,,,,,0,已启用,,,,否,否
综合物资,5000000630,,分格收纳盒,"20位格盘  
外尺寸约：21*17*4cm
   内格尺寸约：8*1.8*3.5cm",办公,个,,,,,0,已启用,,,,否,否
综合物资,5000000629,,分格收纳筐,"6040-24格框  
外径：长600*宽400*高70mm
内径：长565*宽365*高55mm
格子：长91*宽88*高31mm",办公,个,,,,,0,已启用,,,,否,否
综合物资,5100000381,,白色胶桶带盖食品级,18升,劳保用品,个,,,,,0,已启用,,,,否,否
综合物资,5100000380,,移动空调管,外径125mm，压缩后42厘米，拉伸后65厘米，含125管弯头+底座,劳保用品,条,,,,,0,已启用,,,,否,否
综合物资,5100000379,,大号漏斗,直径17cm,劳保用品,个,,,,,0,已启用,,,,否,否
综合物资,5100000378,,花洒壶,4升长嘴,劳保用品,个,,,,,0,已启用,,,,否,否
综合物资,5100000377,,塑料吸水管,长29cm,劳保用品,个,,,,,0,已启用,,,,否,否
综合物资,5100000376,,感应式垃圾桶,18L 单模式电池款 优雅绿 长：26cm，宽：18.5cm，高：33.5cm,劳保用品,个,,,,,0,已启用,,,,否,否
综合物资,5400000415,,耐高温100陶瓷氧化铝坩埚,50mm*50mm*25mm，35mL容量,化验耗材,个,,,,,0,已启用,,,,否,否
综合物资,5400000414,,硫酸铜比色液,浓度：62.4mg/L，100mL,化验耗材,瓶,,,,,0,已启用,,,,否,否
综合物资,5400000413,,三氯化铁比色液,浓度：45.0mg/L，100mL,化验耗材,瓶,,,,,0,已启用,,,,否,否
综合物资,5400000412,,氯化钴比色液,浓度：59.5mg/L，100mL,化验耗材,瓶,,,,,0,已启用,,,,否,否
综合物资,5400000411,,陶瓷研钵,60mm玻璃研钵，碗+棒,化验耗材,瓶,玺玻,,,,0,已启用,,,,否,否
综合物资,5400000410,,茶碱标准品,HPLC≥98%，20mg,化验耗材,瓶,,,,,0,已启用,,,,否,否
综合物资,5400000409,,四氢呋喃,500mL/瓶，色谱纯,化验耗材,瓶,,,,,0,已启用,,,,否,否
综合物资,5400000408,,碘溶液,0.1moL/L，100mL,化验耗材,瓶,,,,,0,已启用,,,,否,否
综合物资,5400000407,,氯酸钾,500g/瓶，分析纯,化验耗材,瓶,,,,,0,已启用,,,,否,否
综合物资,5400000406,,氨基酸分析仪进样针座密封垫,货号：890-3183,化验耗材,个,天美日立,,,,0,已启用,,,,否,否
综合物资,5400000405,,碱式滴定管滴定头,,化验耗材,个,,,,,0,已启用,,,,否,否
综合物资,5400000404,,L-8900 PH-RG缓冲液,2L/套,化验耗材,套,,,,,0,已启用,,,,否,否
综合物资,5400000403,,液相色谱柱,货号：A3000150*039,化验耗材,个,安捷伦,,,,0,已启用,,,,否,否
综合物资,5400000402,,Smart X3 STD加密锁,,化验耗材,个,肇庆嘉仪,,,,0,已启用,,,,否,否
综合物资,5400000401,,台式PH计电源适配器,PSAC12R-120,化验耗材,个,,,,,0,已启用,,,,否,否
综合物资,5400000400,,温度传感器,水滴头KSTC，10米长，-20-150℃,化验耗材,根,,,,,0,已启用,,,,否,否
综合物资,5400000399,,氨氮检测试剂（纳氏试剂）,100ml/瓶,化验耗材,瓶,,,,,0,已启用,,,,否,否
综合物资,5400000398,,PC支撑网板,直径150mm,化验耗材,个,海宁中力,,,,0,已启用,,,,否,否
综合物资,5400000397,,溴酚蓝,分析纯，25g/瓶,化验耗材,瓶,,,,,0,已启用,,,,否,否
综合物资,5400000396,,PCA培养基,500g/瓶,化验耗材,瓶,,,,,0,已启用,,,,否,否
综合物资,5400000395,,硅胶管,4.8×8mm,化验耗材,米,,,,,0,已启用,,,,否,否
综合物资,5400000394,,BPT蠕动泵管,4.8×8mm,化验耗材,米,,,,,0,已启用,,,,否,否
综合物资,5400000393,,磁性转子,C型6×15mm,化验耗材,个,,,,,0,已启用,,,,否,否
综合物资,5400000392,,不锈钢称量勺子,19.5×3cm,化验耗材,个,,,,,0,已启用,,,,否,否
综合物资,5400000391,,QCSTD-27多元素标准品,"100mL,100mg/L，
货号：5190-9418",化验耗材,瓶,,,,,0,已启用,,,,否,否
综合物资,5400000390,,石英坩埚（无盖）,"外直径40mm，底直径25mm，
高度55mm，30mL",化验耗材,个,,,,,0,已启用,,,,否,否
综合物资,5400000389,,250单口圆底烧瓶（如图）,口径规格24/29，250mL,化验耗材,个,,,,,0,已启用,,,,否,否
综合物资,5400000388,,铁架台+双顶丝+烧瓶夹,,化验耗材,个,,,,,0,已启用,,,,否,否
综合物资,5400000387,,冷凝管夹,"全长270mm
杆长175mm
杆直径8mm
最大开口65mm",化验耗材,个,,,,,0,已启用,,,,否,否
综合物资,5400000386,,双顶丝,总长100mm，可嘉宽度17mm,化验耗材,个,,,,,0,已启用,,,,否,否
综合物资,5500000013,,吸水胶条后,W19-01500010,修理,条,智科伟顿,,,,0,已启用,,,,否,否
综合物资,5500000012,,吸水胶条前,W19-01500009,修理,条,智科伟顿,,,,0,已启用,,,,否,否
综合物资,5600000081,,立式消毒柜,120R01,资产,个,,,,,0,已启用,,,,否,是
综合物资,5600000080,,单人水池,304不锈钢 高780mm宽420mm长500mm,资产,个,,,,,0,已启用,,,,否,否
综合物资,5600000079,,铁书柜,长1000mm高950mm深300mm，3层上拉门,资产,个,,,,,0,已启用,,,,否,否
综合物资,5600000078,,风幕机,/FM6012A-1.2M,资产,台,,,,,0,已启用,,,,否,否
综合物资,5600000077,,六门更衣柜,304不锈钢,资产,个,,,,,0,已启用,,,,否,否
综合物资,5600000076,,四门更衣柜,304不锈钢,资产,个,,,,,0,已启用,,,,否,否
综合物资,5600000075,,三门更衣柜,304不锈钢,资产,个,,,,,0,已启用,,,,否,否
综合物资,5600000074,,两门更衣柜,304不锈钢,资产,个,,,,,0,已启用,,,,否,否
综合物资,5600000073,,六轮爬楼车,40L气瓶用,资产,个,,,,,0,已启用,,,,否,否
综合物资,5600000072,,气瓶柜,"三瓶气瓶柜，白色，一代报警
长1200*宽450*高1900mm",资产,个,,,,,0,已启用,,,,否,否
综合物资,5600000071,,无纸化温度记录仪,KSD工业级，12路隔离+软件U盘(KSD12A0R),资产,个,,,,,0,已启用,,,,否,是
其他,8000003772,,二车间灌装机组三线自动下盖机,,生产设备,台,,,,,0,已启用,,,,否,否
其他,8000003771,,三车间灌装机组五线自动下盖机,,生产设备,台,,,,,0,已启用,,,,否,否
其他,8000003770,,三车间灌装机组六线自动下盖机,,生产设备,台,,,,,0,已启用,,,,否,否
原材料,20002171,,顶盖/战马/线上1元乐享2025/新包,177480个/托,包材,个,,,730,30,0,已启用,,,,否,否
成品,11000334,,战马/310ML/24/罐装/2025/广东扫码红包-新包装,100箱/托,成品,箱,,FERTE成品,540,90,0,已启用,,,,否,否
成品,11000322,,战马/310ML/24/罐装/2025/广东扫码1元乐享-新包装,100箱/托,成品,箱,,FERTE成品,540,90,0,已启用,,,,否,否
成品,11000321,,战马/310ML/24/罐装/新包装,100箱/托,成品,箱,,FERTE成品,540,90,0,已启用,,,,否,否
成品,11000312,,战马/310ML/24/罐装/2025/线上1元乐享（含箱码）-新包装,100箱/托,成品,箱,,FERTE成品,540,90,0,已启用,,,,否,否
成品,11000304,,战马/310ML/24/罐装/2025/线上1元乐享/二段（无箱码）,100箱/托,成品,箱,,FERTE成品,540,90,0,已启用,,,,否,否
成品,11000303,,战马/310ML/24/罐装/2025/线上1元乐享/二段（含箱码）,100箱/托,成品,箱,,FERTE成品,540,90,0,已启用,,,,否,否
成品,11000301,,战马/310ML/24/罐装/2025/1元乐享/二段（无箱码,100箱/托,成品,箱,,FERTE成品,540,90,0,已启用,,,,否,否
成品,11000300,,战马/310ML/24/罐装/2025/1元乐享/二段（含箱码,100箱/托,成品,箱,,FERTE成品,540,90,0,已启用,,,,否,否
综合物资,20000007-PFZ,,苯甲酸钠,,配方,袋,,,,,0,已启用,,,,否,否
综合物资,20001058-PFZ,,天草,,配方,袋,,,,,0,已启用,,,,否,否
综合物资,20001059-PFZ,,天行健,,配方,袋,,,,,0,已启用,,,,否,否
综合物资,20001956-PFZ,,杭州茗宝,,配方,袋,,,,,0,已启用,,,,否,否
综合物资,20001060-PFZ,,重庆骄王,,配方,袋,,,,,0,已启用,,,,否,否
综合物资,20000006-PFZ,,牛磺酸,,配方,袋,,,,,0,已启用,,,,否,否
综合物资,20000892-PFZ,,d-核糖,,配方,袋,,,,,0,已启用,,,,否,否
综合物资,20000890-PFZ,,维生素C,,配方,袋,,,,,0,已启用,,,,否,否
综合物资,20000008-PFZ,,维生素B6,,配方,袋,,,,,0,已启用,,,,否,否
综合物资,20000010-PFZ,,烟酰胺,,配方,袋,,,,,0,已启用,,,,否,否
综合物资,20000991-PFZ,,诱惑红,,配方,袋,,,,,0,已启用,,,,否,否
综合物资,20000990-PFZ,,柠檬黄,,配方,袋,,,,,0,已启用,,,,否,否
综合物资,20000004-PFZ,,柠檬酸钠,,配方,袋,,,,,0,已启用,,,,否,否
综合物资,20000003-PFZ,,柠檬酸,,配方,袋,,,,,0,已启用,,,,否,否
综合物资,20000879-PFZ,,艾地盟,,配方,袋,,,,,0,已启用,,,,否,否
综合物资,20001805-PFZ,,香山,,配方,袋,,,,,0,已启用,,,,否,否
综合物资,20001056-PFZ,,宝开,,配方,袋,,,,,0,已启用,,,,否,否
综合物资,20001057-PFZ,,安赛,,内容物,袋,,,,,0,已启用,,,,否,否
原材料,20002194,,空罐/战马/310ML/广东扫码红包2025/新包装/无顶盖 ,7590个/托,包材,个,,原材料,730,30,0,已启用,,,,否,否
原材料,20002128,,顶盖/战马/线上1元乐享2025/二段,177480个/托,包材,个,,原材料,730,30,0,已启用,,,,否,否
原材料,20002127,,顶盖/战马/1元乐享2025/二段,177480个/托,包材,个,,原材料,730,30,0,已启用,,,,否,否
原材料,20002124,,空罐/战马/310ML/1元乐享2025/二段/无顶盖,7590个/托,包材,个,,原材料,730,30,0,已启用,,,,否,否
原材料,20002196,,纸箱/战马/罐装/广东扫码红包2025/新包装-含箱内码,1200张/托,包材,张,,原材料,730,30,0,已启用,,,,否,否
原材料,20002183,,纸箱/战马/罐装/广东扫码1元乐享2025/新包装-含箱内码,1200张/托,包材,张,,原材料,730,30,0,已启用,,,,否,否
原材料,20002182,,纸箱/战马/罐装/新包装,1200张/托,包材,张,,原材料,730,30,0,已启用,,,,否,否
原材料,20002172,,纸箱/战马/罐装/线上1元乐享2025/新包装-含箱内码,1200张/托,包材,张,,原材料,730,30,0,已启用,,,,否,否
原材料,20002134,,纸箱/战马/罐装/线上1元乐享2025/二段-不含箱内码,1200张/托,包材,张,,原材料,730,30,0,已启用,,,,否,否
原材料,20002133,,纸箱/战马/罐装/线上1元乐享2025/二段-含箱内码,1200张/托,包材,张,,原材料,730,30,0,已启用,,,,否,否
原材料,20002131,,纸箱/战马/罐装/1元乐享2025/二段-不含箱内码,1200张/托,包材,张,,原材料,730,30,0,已启用,,,,否,否
原材料,20002130,,纸箱/战马/罐装/1元乐享2025/二段-含箱内码,1200张/托,包材,张,,,730,30,0,已启用,,,,否,否
原材料,20002195,,顶盖/战马/广东扫码红包2025/新包装,177480个/托,包材,个,,原材料,730,30,0,已启用,,,,否,否
原材料,20002181,,顶盖/战马/广东扫码1元乐享2025/新包装,177480个/托,包材,个,,原材料,730,30,0,已启用,,,,否,否
原材料,20002179,,顶盖/战马/普通型/新包装,177480个/托,包材,个,,,730,30,0,已启用,,,,否,否
原材料,20002178,,空罐/战马/310ML/广东扫码1元乐享2025/新包装/无顶盖,7590个/托,包材,个,,原材料,730,30,0,已启用,,,,否,否
原材料,20002177,,空罐/战马/普通型/310ML/新包装/无顶盖,7590个/托,包材,个,,原材料,730,30,0,已启用,,,,否,否
原材料,20002169,,空罐/战马/310ML/线上1元乐享2025/新包装/无顶盖,7590个/托,包材,个,,原材料,730,30,0,已启用,,,,否,否
原材料,20002126,,空罐/战马/310ML/线上1元乐享2025/二段/无顶盖,7590个/托,包材,个,,,730,30,0,已启用,,,,否,否
成品,10001163,,红牛维生素功能饮料/普通型/250ML/24/广东促销2025（含二期箱码）,150箱/托,成品,罐,红牛,FERTE成品,540,90,0,已启用,,,,否,否
综合物资,5400000140,,氯化钠,,化验耗材,瓶,,ZQT其他,,,0,已启用,,,23.0,否,否
综合物资,5500000001,,电池水/20升一桶,,修理,升,,其他,,,0,已启用,,,1.72,否,否
综合物资,30001135,,其他塑料袋/16*21cm,,辅料,个,,其他,,,0,已启用,,,,否,否
综合物资,30001134,,其他塑料袋/30*48cm,,辅料,个,,其他,,,0,已启用,,,,否,否
综合物资,30001133,,其他塑料袋/50*90cm,,辅料,个,,其他,,,0,已启用,,,1.0,否,否
综合物资,5600000070,,碎纸机/GA666,,资产,台,得力,其他,,,0,已启用,,,,否,否
综合物资,5600000069,,冷藏柜/LSC-235H,,资产,台,星星,其他,,,0,已启用,,,,否,否
综合物资,5600000068,,井盖/铸铁D=70cm,,资产,个,,其他,,,0,已启用,,,310.0,否,否
综合物资,5600000067,,紫外线测试仪/LS126C,,资产,个,林上,其他,,,0,已启用,,,3650.0,否,否
综合物资,5600000066,,人字梯/2m,,资产,个,,其他,,,0,已启用,,,200.0,否,否
综合物资,5600000065,,PPR盘（定制）/长85cm*宽45cm*高6cm，厚度0.5cm,,资产,个,,其他,,,0,已启用,,,,否,否
综合物资,5600000064,,户外遮阳伞/单脚伞底直径3米,,资产,把,,其他,,,0,已启用,,,238.0,否,否
综合物资,5600000063,,纸张水份测试仪/2GB,,资产,台,胜利龙,其他,,,0,已启用,,,180.0,否,否
综合物资,5600000062,,彩屏智能型电动送风机/DHZK12AH3.0A,,资产,台,海固,其他,,,0,已启用,,,2800.0,否,否
综合物资,5600000061,,"消毒柜/BF-GJ-H100，3层
烘干+臭氧+紫外杀菌",,资产,个,百丰科技,其他,,,0,已启用,,,4030.0,否,否
综合物资,5600000060,,微波炉/M1-L213C / 20L,,资产,台,美的,其他,,,0,已启用,,,400.0,否,否
综合物资,5600000059,,塑料薄膜封口机,,资产,台,,其他,,,0,已启用,,,50.0,否,否
综合物资,5600000058,,不锈钢灭菌框/直径28.7cmX高20cm,,资产,个,,其他,,,0,已启用,,,285.0,否,否
综合物资,5600000057,,不锈钢灭菌框/直径33X高22cm,,资产,个,,其他,,,0,已启用,,,285.0,否,否
综合物资,5600000056,,防水帆布/2.5m*2.0m*l.5m 配可拆卸不锈钢架,,资产,块,定制,其他,,,0,已启用,,,1650.0,否,否
综合物资,5600000055,,防水帆布/1.4*1.3*2*0.65米,,资产,个,,其他,,,0,已启用,,,455.0,否,否
综合物资,5600000054,,PPR盘/85*35*7cm,,资产,个,,其他,,,0,已启用,,,285.0,否,否
综合物资,5600000053,,PPR盘/长140cm×宽80cm×高20cm 厚度8mm,,资产,个,定制,其他,,,0,已启用,,,1426.0,否,否
综合物资,5600000052,,PPR盘/37cm×34cm×高13cm,,资产,个,定制,其他,,,0,已启用,,,365.0,否,否
综合物资,5600000051,,PPR盘/45cm×23cm×高5cm,,资产,个,定制,其他,,,0,已启用,,,238.0,否,否
综合物资,5600000050,,PPR盘/30cm×30cm×高10cm,,资产,个,定制,其他,,,0,已启用,,,235.0,否,否
综合物资,5600000049,,PPR盘/50cm×34cm×高10cm,,资产,个,定制,其他,,,0,已启用,,,320.0,否,否
综合物资,5600000048,,PPR盘/35cm×30cm×高10cm,,资产,个,定制,其他,,,0,已启用,,,255.0,否,否
综合物资,5600000047,,PPR盆/总长：65cm共（10格）   总宽：40cm（6格）  总高：3-5cm,,资产,个,定制,其他,,,0,已启用,,,850.0,否,否
综合物资,5600000046,,除颤仪/半自动体外除颤器  AED PLUS带屏幕,,资产,台,卓尔,其他,,,0,已启用,,,23800.0,否,否
综合物资,5600000045,,金属机油壶/350ML/DL2403,,资产,个,,其他,,,0,已启用,,,15.0,否,否
综合物资,5600000044,,压力表/-40 - +40kpa,,资产,个,,其他,,,0,已启用,,,102.0,否,否
综合物资,5600000043,,红水温度计/0-100℃，精准度1℃长度300mm,,资产,条,,其他,,,0,已启用,,,9.5,否,否
综合物资,5600000042,,臭氧检测仪/便携式，量程：0-20PPM，分辨率0.1PPM,,资产,台,,其他,,,0,已启用,,,1300.0,否,否
综合物资,5600000041,,抽水泵/QDX3-16-0.37S,,资产,个,上海人民,其他,,,0,已启用,,,240.0,否,否
综合物资,5600000040,,电子称/3000g，e：0.1g,,资产,台,英衡,其他,,,0,已启用,,,430.0,否,否
综合物资,5600000039,,手提式轴流风机/管径12寸*长度10米,,资产,台,,其他,,,0,已启用,,,535.0,否,否
综合物资,5600000038,,洗衣机/XQB80-Z1808 涡轮8KG,,资产,台,海尔,其他,,,0,已启用,,,1250.0,否,否
综合物资,5600000037,,洗衣机/XQB100-Z206,,资产,台,海尔,其他,,,0,已启用,,,1260.0,否,否
综合物资,5600000036,,烘干机/NH-EH31JW,,资产,台,松下,其他,,,0,已启用,,,3300.0,否,否
综合物资,5600000035,,洗衣机/XQB200-2189X,,资产,台,威力,其他,,,0,已启用,,,2000.0,否,否
综合物资,5600000034,,"超声清洗机/容积30L  
结盟  型号：JP-100",,资产,台,,其他,,,0,已启用,,,2420.0,否,否
综合物资,5600000033,,强力三速吹风机（蓝色）/BF533,,资产,台,,其他,,,0,已启用,,,445.0,否,否
综合物资,5600000032,,电子称/30kg，e：10g,,资产,台,,其他,,,0,已启用,,,380.0,否,否
综合物资,5600000031,,晾衣架/1.8-2米,,资产,个,,其他,,,0,已启用,,,180.0,否,否
综合物资,5600000030,,电热水器/E60-R8D1-30,,资产,个,万和,其他,,,0,已启用,,,1313.0,否,否
综合物资,5600000029,,不锈钢晾晒架/落地款 87*36.5*81cm,,资产,个,,其他,,,0,已启用,,,240.0,否,否
综合物资,5600000028,,立式冷藏陈列柜/218L,,资产,个,星星,其他,,,0,已启用,,,1100.0,否,否
综合物资,5600000027,,电热吹风机/MB-AJ0503,,资产,个,美的,其他,,,0,已启用,,,95.0,否,否
综合物资,5600000026,,万用电炉/电子调温单联1KW带炉盖,,资产,台,,其他,,,0,已启用,,,95.0,否,否
综合物资,5600000025,,电热开水瓶/30L,,资产,个,美莱特,其他,,,0,已启用,,,400.0,否,否
综合物资,5600000024,,黄油加注枪/DQ80600/600cc,,资产,把,得力,其他,,,0,已启用,,,600.0,否,否
综合物资,5600000023,,霸威王电池/340*270*210/27kg/24V/125ah,,资产,个,霸威王,其他,,,0,已启用,,,3800.0,否,否
综合物资,5600000022,,白糖垫板/1200*1200*160（150-170）动载1.5T(加8钢条)，平面，川字板,,资产,台,,其他,,,0,已启用,,,320.0,否,否
综合物资,5600000021,,磷酸铁锂电池充电器/20A,,资产,个,,其他,,,0,已启用,,,180.0,否,否
综合物资,5600000020,,"移动拖把架/全不锈钢16拖20钩
水池内径尺寸：长90cm宽36cm深12cm",,资产,个,,其他,,,0,已启用,,,58.0,否,否
综合物资,5600000019,,蓄电池加水枪/LXE-LH-WSG101,,资产,把,Linde,其他,,,0,已启用,,,750.0,否,否
综合物资,5600000018,,不锈钢茶水柜/二层四门70*45*80cm,,资产,个,,其他,,,0,已启用,,,270.0,否,否
综合物资,5600000017,,空调/KFR-35GW/NhGc1B,,资产,台,格力,其他,,,0,已启用,,,3600.0,否,否
综合物资,5600000016,,空调/KFR-26GW/NhGd1B,,资产,台,格力,其他,,,0,已启用,,,3400.0,否,否
综合物资,5600000015,,热水壶/SW-17J419 1.7L,,资产,个,,其他,,,0,已启用,,,50.0,否,否
综合物资,5600000014,,饮水机/MYR718S-X,,资产,台,美的,其他,,,0,已启用,,,220.0,否,否
综合物资,5600000013,,饮水机/MY-L151,,资产,台,美菱,其他,,,0,已启用,,,365.0,否,否
综合物资,5600000012,,饮水机/MY-L222,,资产,台,美菱,其他,,,0,已启用,,,380.0,否,否
综合物资,5600000011,,三步梯/26*38cm加宽踏板， 可折叠,,资产,个,,其他,,,0,已启用,,,195.0,否,否
综合物资,5600000010,,竹梯/底部加防滑套，长7米,,资产,把,,其他,,,0,已启用,,,300.0,否,否
综合物资,5600000009,,竹梯/底部加防滑套，长6.6米,,资产,个,,其他,,,0,已启用,,,300.0,否,否
综合物资,5600000008,,自动杀菌净手器/M-X1,,资产,台,莫顿,其他,,,0,已启用,,,290.0,否,否
综合物资,5600000007,,高速烘手器/81007,,资产,个,澳莎,其他,,,0,已启用,,,290.0,否,否
综合物资,5600000006,,工业落地风扇/750型/FP7517S,,资产,台,艾美特,其他,,,0,已启用,,,375.0,否,否
综合物资,5600000005,,台地扇/FE-45S8电镜 450MM(5G)台地扇 18门,,资产,台,金羚,其他,,,0,已启用,,,220.0,否,否
综合物资,5600000004,,吊扇/FZ5613,,资产,把,AIMEITE,其他,,,0,已启用,,,175.0,否,否
综合物资,5600000003,,落地电风扇/FS-3015h7,,资产,台,格力,其他,,,0,已启用,,,158.0,否,否
综合物资,5600000002,,落地电风扇/FD-40X52,,资产,台,格力,其他,,,0,已启用,,,180.0,否,否
综合物资,5600000001,,壁扇/FW4517A,,资产,台,艾美特,其他,,,0,已启用,,,250.0,否,否
综合物资,5700000017,,藿香正气水/10ml*10支,,应急药品,盒,,其他,,,0,已启用,,,,否,否
综合物资,5700000016,,保济丸/1.85g*20袋,,应急药品,盒,王老吉,其他,,,0,已启用,,,,否,否
综合物资,5700000015,,牛黄解毒片/0.6g*8*20袋,,应急药品,盒,,其他,,,0,已启用,,,,否,否
综合物资,5700000014,,小柴胡,,应急药品,盒,白云山,其他,,,0,已启用,,,,否,否
综合物资,5700000013,,复方板蓝根颗粒/15g*20袋,,应急药品,包,白云山,其他,,,0,已启用,,,,否,否
综合物资,5700000012,,广东凉茶冲剂/10g*20袋,,应急药品,包,王老吉,其他,,,0,已启用,,,,否,否
综合物资,5700000011,,碘伏消毒液,,应急药品,瓶,,其他,,,0,已启用,,,5.5,否,否
综合物资,5700000010,,医用纱布,,应急药品,袋,,其他,,,0,已启用,,,4.8,否,否
综合物资,5700000009,,夏桑菊冲剂/10g*32小包/袋,,应急药品,袋,,其他,,,0,已启用,,,27.5,否,否
综合物资,5700000008,,十滴水/10瓶/盒,,应急药品,盒,,其他,,,0,已启用,,,3.0,否,否
综合物资,5700000007,,云南白药止血粉/4g,,应急药品,盒,,其他,,,0,已启用,,,18.0,否,否
综合物资,5700000006,,医用棉签/50根/包,,应急药品,包,,其他,,,0,已启用,,,3.8,否,否
综合物资,5700000005,,京万红烫伤膏/20g,,应急药品,支,,其他,,,0,已启用,,,33.8,否,否
综合物资,5700000004,,云南白药喷剂/85g+30g,,应急药品,瓶,,其他,,,0,已启用,,,53.9,否,否
综合物资,5700000003,,云南白药创可贴/100贴/盒,,应急药品,盒,,其他,,,0,已启用,,,21.5,否,否
综合物资,5700000002,,眼药水/(丁医生)(焊爽)医用退热凝胶(眼部型),,应急药品,瓶,,其他,,,0,已启用,,,,否,否
综合物资,5700000001,,双氧水/100ml/瓶（小瓶）,,应急药品,瓶,,其他,,,0,已启用,,,3.8,否,否
综合物资,5000000565,,仓库温湿度记录表,,印刷,本,,其他,,,0,已启用,,,6.8,否,否
综合物资,5000000552,,灌装顶盖脱包检查记录,,印刷,本,,其他,,,0,已启用,,,6.8,否,否
综合物资,5000000551,,灌装间卫生检查表,,印刷,本,,其他,,,0,已启用,,,6.8,否,否
综合物资,5000000550,,自动上盖机日常清洁巡检表,,印刷,本,,其他,,,0,已启用,,,6.8,否,否
综合物资,5000000549,,电工日常巡查记录表,,印刷,本,,其他,,,0,已启用,,,6.8,否,否
综合物资,5000000548,,陶瓷过滤器滤芯更换清洗记录,,印刷,本,,其他,,,0,已启用,,,6.8,否,否
综合物资,5000000547,,战马停机例行检查项目,,印刷,本,,其他,,,0,已启用,,,6.8,否,否
综合物资,5000000546,,战马开机例行检查项目,,印刷,本,,其他,,,0,已启用,,,6.8,否,否
综合物资,5000000545,,巡检员检查记录（战马）,,印刷,本,,其他,,,0,已启用,,,6.8,否,否
综合物资,5000000544,,生产环节老鼠粘检查记录,,印刷,本,,其他,,,0,已启用,,,6.8,否,否
综合物资,5000000543,,自动上盖机设备点检标准,,印刷,本,,其他,,,0,已启用,,,6.8,否,否
综合物资,5000000542,,配料工序记录（强化型）/生产用,,印刷,本,,其他,,,0,已启用,,,6.8,否,否
综合物资,5000000541,,废品战马出入库记录/生产用,,印刷,本,,其他,,,0,已启用,,,6.8,否,否
综合物资,5000000540,,战马在线检验设备验证记录表/生产用,,印刷,本,,其他,,,0,已启用,,,6.8,否,否
综合物资,5000000539,,配料CIP工 序 记 录（战马）/生产用,,印刷,本,,其他,,,0,已启用,,,6.8,否,否
综合物资,5000000538,,灌装CIP工 序 记 录（战马）/生产用,,印刷,本,,其他,,,0,已启用,,,6.8,否,否
综合物资,5000000537,,生产主管现场（战马）工序专检表/生产用,,印刷,本,,其他,,,0,已启用,,,6.8,否,否
综合物资,5000000536,,快递接收信息表/安全用,,印刷,本,,其他,,,0,已启用,,,6.8,否,否
综合物资,5000000535,,成品检验状态标识卡（储运）/不干胶17.5cm*15cm,,印刷,张,,其他,,,0,已启用,,,0.18,否,否
综合物资,5000000534,,“广东促销”/12*8.5黄色,,印刷,张,,其他,,,0,已启用,,,0.18,否,否
综合物资,5000000533,,请假单,,印刷,本,,其他,,,0,已启用,,,3.5,否,否
综合物资,5000000532,,战马原材料使用通知单,,印刷,本,,其他,,,0,已启用,,,6.8,否,否
综合物资,5000000531,,战马空罐质量检验报告,,印刷,本,,其他,,,0,已启用,,,6.8,否,否
综合物资,5000000530,,未激活贴纸/不干胶/蓝色,,印刷,张,,其他,,,0,已启用,,,0.8,否,否
综合物资,5000000529,,已激活贴纸/不干胶/红色,,印刷,张,,其他,,,0,已启用,,,0.8,否,否
综合物资,5000000528,,新空压机运行记录表06-23修改版/设备用,,印刷,本,,其他,,,0,已启用,,,6.8,否,否
综合物资,5000000527,,跟班维修人员交接班记录/设备用,,印刷,本,,其他,,,0,已启用,,,6.8,否,否
综合物资,5000000526,,水表抄表记录/设备用,,印刷,本,,其他,,,0,已启用,,,6.8,否,否
综合物资,5000000525,,市政供汽运行记录表/设备用,,印刷,本,,其他,,,0,已启用,,,6.8,否,否
综合物资,5000000524,,蒸汽流量日报表/设备用,,印刷,本,,其他,,,0,已启用,,,6.8,否,否
综合物资,5000000523,,三仓库原材料领用登记表/储运用,,印刷,本,,其他,,,0,已启用,,,6.8,否,否
综合物资,5000000522,,二仓库原材料领用登记表/储运用,,印刷,本,,其他,,,0,已启用,,,6.8,否,否
综合物资,5000000521,,一仓库原材料领用登记表/储运用,,印刷,本,,其他,,,0,已启用,,,6.8,否,否
综合物资,5000000520,,原材料入库检查表/储运部,,印刷,本,,其他,,,0,已启用,,,6.8,否,否
综合物资,5000000519,,生产环节灭蝇灯检查清洁记录/储运用,,印刷,本,,其他,,,0,已启用,,,6.8,否,否
综合物资,5000000518,,仓管员交接班记录本/储运用,,印刷,本,,其他,,,0,已启用,,,12.0,否,否
综合物资,5000000517,,3联出仓单/储运用,,印刷,本,,其他,,,0,已启用,,,1.25,否,否
综合物资,5000000516,,四联单/储运用,,印刷,箱,,其他,,,0,已启用,,,430.0,否,否
综合物资,5000000515,,三联单/储运用,,印刷,箱,,其他,,,0,已启用,,,480.0,否,否
综合物资,5000000514,,取样封条/储运用,,印刷,张,,其他,,,0,已启用,,,0.24,否,否
综合物资,5000000513,,柠檬酸（黄）/储运用,,印刷,张,,其他,,,0,已启用,,,0.25,否,否
综合物资,5000000512,,柠檬酸钠（红）/储运用,,印刷,张,,其他,,,0,已启用,,,0.25,否,否
综合物资,5000000511,,电池充电记录表/储运用,,印刷,本,,其他,,,0,已启用,,,6.8,否,否
综合物资,5000000510,,库房安全卫生检查记录/储运用,,印刷,本,,其他,,,0,已启用,,,6.8,否,否
综合物资,5000000509,,液氮验收核对表/储运用,,印刷,本,,其他,,,0,已启用,,,6.8,否,否
综合物资,5000000508,,货品出门条/储运用,,印刷,本,,其他,,,0,已启用,,,3.8,否,否
综合物资,5000000507,,柴油叉车日常检查表 /储运用,,印刷,本,,其他,,,0,已启用,,,6.8,否,否
综合物资,5000000506,,电瓶叉车日常检查表（发货）/储运用,,印刷,本,,其他,,,0,已启用,,,6.8,否,否
综合物资,5000000505,,电瓶叉车日常检查表（车间）/储运用,,印刷,本,,其他,,,0,已启用,,,6.8,否,否
综合物资,5000000504,,承运车辆进入厂区注意事项告知书/储运用,,印刷,本,,其他,,,0,已启用,,,6.8,否,否
综合物资,5000000503,,仓库盘点表/储运用,,印刷,本,,其他,,,0,已启用,,,6.8,否,否
综合物资,5000000502,,广东基地物流提货车辆出入登记表/储运用,,印刷,本,,其他,,,0,已启用,,,6.8,否,否
综合物资,5000000501,,食堂安全事项检查表/行政用,,印刷,本,,其他,,,0,已启用,,,32.0,否,否
综合物资,5000000500,,食堂日常监督检查表/行政用,,印刷,本,,其他,,,0,已启用,,,32.0,否,否
综合物资,5000000499,,食堂食品卫生安全自查项目表/行政用,,印刷,本,,其他,,,0,已启用,,,32.0,否,否
综合物资,5000000498,,食堂食品留样记录表/行政用,,印刷,本,,其他,,,0,已启用,,,32.0,否,否
综合物资,5000000497,,食堂食品添加剂使用明细表/行政用,,印刷,本,,其他,,,0,已启用,,,32.0,否,否
综合物资,5000000496,,食堂毛巾消毒记录表/行政用,,印刷,本,,其他,,,0,已启用,,,32.0,否,否
综合物资,5000000495,,食堂餐具消毒记录表/行政用,,印刷,本,,其他,,,0,已启用,,,32.0,否,否
综合物资,5000000494,,食堂菜单登记表/行政用,,印刷,本,,其他,,,0,已启用,,,32.0,否,否
综合物资,5000000493,,食堂食品添加剂出入库登记表/行政用,,印刷,本,,其他,,,0,已启用,,,32.0,否,否
综合物资,5000000492,,洗手液出入库登记表/行政用,,印刷,本,,其他,,,0,已启用,,,32.0,否,否
综合物资,5000000491,,洗洁精出入库登记表/行政用,,印刷,本,,其他,,,0,已启用,,,32.0,否,否
综合物资,5000000490,,酸性除垢剂出入库登记表/行政用,,印刷,本,,其他,,,0,已启用,,,32.0,否,否
综合物资,5000000489,,催干剂出入库登记表/行政用,,印刷,本,,其他,,,0,已启用,,,32.0,否,否
综合物资,5000000488,,碗碟洗涤剂出入库登记表/行政用,,印刷,本,,其他,,,0,已启用,,,32.0,否,否
综合物资,5000000487,,大米出入库登记表/行政用,,印刷,本,,其他,,,0,已启用,,,32.0,否,否
综合物资,5000000486,,油出入库登记表/行政用,,印刷,本,,其他,,,0,已启用,,,32.0,否,否
综合物资,5000000485,,肉类进货台账-日日升/行政用,,印刷,本,,其他,,,0,已启用,,,32.0,否,否
综合物资,5000000484,,肉类进货台账-双惠/行政用,,印刷,本,,其他,,,0,已启用,,,32.0,否,否
综合物资,5000000483,,肉类进货台账-春之园/行政用,,印刷,本,,其他,,,0,已启用,,,32.0,否,否
综合物资,5000000482,,食堂验收记录表/行政用,,印刷,本,,其他,,,0,已启用,,,32.0,否,否
综合物资,5000000481,,劳动合同书/行政用,,印刷,本,,其他,,,0,已启用,,,2.6,否,否
综合物资,5000000480,,食堂视频卫生安全自查表/行政用,,印刷,本,,其他,,,0,已启用,,,32.0,否,否
综合物资,5000000479,,食堂商品添加剂使用明细表/行政用,,印刷,本,,其他,,,0,已启用,,,32.0,否,否
综合物资,5000000478,,食堂食材验收记录表/行政用,,印刷,本,,其他,,,0,已启用,,,32.0,否,否
综合物资,5000000477,,肉类供货台账-春之园/行政用,,印刷,本,,其他,,,0,已启用,,,32.0,否,否
综合物资,5000000476,,化验员工序记录本/品管用,,印刷,本,,其他,,,0,已启用,,,15.0,否,否
综合物资,5000000475,,空罐进货检验报告/品管用,,印刷,本,,其他,,,0,已启用,,,6.8,否,否
综合物资,5000000474,,半成品检验报告/品管用,,印刷,本,,其他,,,0,已启用,,,6.8,否,否
综合物资,5000000473,,内涂膜检验报告（强化型）/品管用,,印刷,本,,其他,,,0,已启用,,,6.8,否,否
综合物资,5000000472,,内涂膜检验报告（普通型）/品管用,,印刷,本,,其他,,,0,已启用,,,6.8,否,否
综合物资,5000000471,,标签标识检验报告（强化型）/品管用,,印刷,本,,其他,,,0,已启用,,,6.8,否,否
综合物资,5000000470,,标签标识检验报告（普通型）/品管用,,印刷,本,,其他,,,0,已启用,,,6.8,否,否
综合物资,5000000469,,微生物CT时间统计表/品管用,,印刷,本,,其他,,,0,已启用,,,6.8,否,否
综合物资,5000000468,,仪器设备使用记录本/品管用,,印刷,本,,其他,,,0,已启用,,,15.0,否,否
综合物资,5000000467,,天平使用记录本/品管用,,印刷,本,,其他,,,0,已启用,,,15.0,否,否
综合物资,5000000466,,恒温培养箱使用记录本/品管用,,印刷,本,,其他,,,0,已启用,,,15.0,否,否
综合物资,5000000465,,恒温箱擦拭消毒记录本/品管用,,印刷,本,,其他,,,0,已启用,,,15.0,否,否
综合物资,5000000464,,成品出库检查记录本/品管用,,印刷,本,,其他,,,0,已启用,,,15.0,否,否
综合物资,5000000463,,RO水检测记录本/品管用,,印刷,本,,其他,,,0,已启用,,,15.0,否,否
综合物资,5000000462,,取样封条/品管用,,印刷,个,,其他,,,0,已启用,,,0.24,否,否
综合物资,5000000461,,不良原材料退库追溯标识/品管用,,印刷,张,,其他,,,0,已启用,,,0.18,否,否
综合物资,5000000460,,成品发货通知单/品管用,,印刷,本,,其他,,,0,已启用,,,3.8,否,否
综合物资,5000000459,,白砂糖微生物检验报告/品管用,,印刷,本,,其他,,,0,已启用,,,6.8,否,否
综合物资,5000000458,,糖浆检测报告/品管用,,印刷,本,,其他,,,0,已启用,,,6.8,否,否
综合物资,5000000457,,退库通知单/品管用,,印刷,本,,其他,,,0,已启用,,,1.8,否,否
综合物资,5000000456,,原材料使用通知单/品管用,,印刷,本,,其他,,,0,已启用,,,2.5,否,否
综合物资,5000000455,,CIP微生物报告/品管用,,印刷,本,,其他,,,0,已启用,,,6.8,否,否
综合物资,5000000454,,咖啡因车间转运记录/生产用,,印刷,本,,其他,,,0,已启用,,,6.8,否,否
综合物资,5000000453,,咖啡因车间库存记录/生产用,,印刷,本,,其他,,,0,已启用,,,6.8,否,否
综合物资,5000000452,,复合香精称量记录(强化型)-/生产用,,印刷,本,,其他,,,0,已启用,,,6.8,否,否
综合物资,5000000451,,战马车间原材料物资领用记录/生产用,,印刷,本,,其他,,,0,已启用,,,6.8,否,否
综合物资,5000000450,,战马生产主管交接班记录/生产用,,印刷,本,,其他,,,0,已启用,,,6.8,否,否
综合物资,5000000449,,战马热缩工序记录/生产用,,印刷,本,,其他,,,0,已启用,,,6.8,否,否
综合物资,5000000448,,战马热缩岗位成品检查记录/生产用,,印刷,本,,其他,,,0,已启用,,,6.8,否,否
综合物资,5000000447,,战马配料工序记录/生产用,,印刷,本,,其他,,,0,已启用,,,6.8,否,否
综合物资,5000000446,,战马码垛工序记录/生产用,,印刷,本,,其他,,,0,已启用,,,6.8,否,否
综合物资,5000000445,,战马灌装间出口成品检查记录/生产用,,印刷,本,,其他,,,0,已启用,,,6.8,否,否
综合物资,5000000444,,战马灌装封口工序记录/生产用,,印刷,本,,其他,,,0,已启用,,,6.8,否,否
综合物资,5000000443,,战马生产车间现场取样记录表/生产用,,印刷,本,,其他,,,0,已启用,,,6.8,否,否
综合物资,5000000442,,战马打码工序记录/生产用,,印刷,本,,其他,,,0,已启用,,,6.8,否,否
综合物资,5000000441,,战马盛料桶物料投放记录/生产用,,印刷,本,,其他,,,0,已启用,,,6.8,否,否
综合物资,5000000440,,战马复合香精称量记录/生产用,,印刷,本,,其他,,,0,已启用,,,6.8,否,否
综合物资,5000000439,,车间战马原材料物资称量记录/生产用,,印刷,本,,其他,,,0,已启用,,,6.8,否,否
综合物资,5000000438,,战马拆包工序记录/生产用,,印刷,本,,其他,,,0,已启用,,,6.8,否,否
综合物资,5000000437,,战马包装工序记录/生产用,,印刷,本,,其他,,,0,已启用,,,6.8,否,否
综合物资,5000000436,,战马包装岗位成品检查记录/生产用,,印刷,本,,其他,,,0,已启用,,,6.8,否,否
综合物资,5000000435,,个人劳保用品领用台帐/生产用,,印刷,本,,其他,,,0,已启用,,,50.0,否,否
综合物资,5000000434,,配料工序记录交接本/生产用,,印刷,本,,其他,,,0,已启用,,,6.8,否,否
综合物资,5000000433,,班前会记录/生产用,,印刷,本,,其他,,,0,已启用,,,25.0,否,否
综合物资,5000000432,,危险化学品使用台帐/生产用,,印刷,本,,其他,,,0,已启用,,,20.0,否,否
综合物资,5000000431,,热缩包装工序记录/生产用,,印刷,本,,其他,,,0,已启用,,,6.8,否,否
综合物资,5000000430,,盛料桶物料投放和转运记录/生产用,,印刷,本,合联,其他,,,0,已启用,,,6.8,否,否
综合物资,5000000429,,膜包机设备清洁和巡检要求-三个车间通用（定期点检）/生产用,,印刷,本,,其他,,,0,已启用,,,6.8,否,否
综合物资,5000000428,,膜包机设备清洁和巡检要求-三个车间通用（日常点检）/生产用,,印刷,本,,其他,,,0,已启用,,,6.8,否,否
综合物资,5000000427,,灌装机和封盖机设备清洁和巡检要求-三个车间通用（定期点检）/生产用,,印刷,本,,其他,,,0,已启用,,,6.8,否,否
综合物资,5000000426,,灌装机和封盖机设备清洁和巡检要求-三个车间通用（日常点检）/生产用,,印刷,本,,其他,,,0,已启用,,,6.8,否,否
综合物资,5000000425,,纸包机设备清洁和巡检要求-三期专用（定期点检）/生产用,,印刷,本,,其他,,,0,已启用,,,6.8,否,否
综合物资,5000000424,,纸包机设备清洁和巡检要求-三期专用（日常点检）/生产用,,印刷,本,,其他,,,0,已启用,,,6.8,否,否
综合物资,5000000423,,纸包机设备清洁和巡检要求-一二期通用（定期点检）/生产用,,印刷,本,,其他,,,0,已启用,,,6.8,否,否
综合物资,5000000422,,纸包机设备清洁和巡检要求-一二期通用（日常点检）/生产用,,印刷,本,,其他,,,0,已启用,,,6.8,否,否
综合物资,5000000421,,生产部卫生监督检查表包装车间-20180514/生产用,,印刷,本,,其他,,,0,已启用,,,6.8,否,否
综合物资,5000000420,,生产部卫生检查记录（更衣室及卫生间）/生产用,,印刷,本,,其他,,,0,已启用,,,6.8,否,否
综合物资,5000000419,,生产部卫生监督检查表-包装车间/生产用,,印刷,本,,其他,,,0,已启用,,,6.8,否,否
综合物资,5000000418,,生产部卫生监督检查表（制水处理车间）/生产用,,印刷,本,,其他,,,0,已启用,,,6.8,否,否
综合物资,5000000417,,生产车间消毒剂添加记录/生产用,,印刷,本,,其他,,,0,已启用,,,6.8,否,否
综合物资,5000000416,,污水处理交接班记录/生产用,,印刷,本,,其他,,,0,已启用,,,6.8,否,否
综合物资,5000000415,,污水处理记录表/生产用,,印刷,本,,其他,,,0,已启用,,,6.8,否,否
综合物资,5000000414,,污水工序记录表（含SS）/生产用,,印刷,本,,其他,,,0,已启用,,,6.8,否,否
综合物资,5000000413,,生产部卫生监督检查表（水处理车间）/生产用,,印刷,本,,其他,,,0,已启用,,,6.8,否,否
综合物资,5000000412,,GRBPD-059-07水处理各单元保养记录/生产用,,印刷,本,,其他,,,0,已启用,,,6.8,否,否
综合物资,5000000411,,GRBPD-059-03RO膜运行记录/生产用,,印刷,本,,其他,,,0,已启用,,,6.8,否,否
综合物资,5000000410,,GRBPD-059-01制水工序记录/生产用,,印刷,本,,其他,,,0,已启用,,,6.8,否,否
综合物资,5000000409,,生产车间物品领用登记表/生产用,,印刷,本,,其他,,,0,已启用,,,6.8,否,否
综合物资,5000000408,,生产车间化学品领用登记表 /生产用,,印刷,本,,其他,,,0,已启用,,,6.8,否,否
综合物资,5000000407,,封箱机码垛机设备点检标准/生产用,,印刷,本,,其他,,,0,已启用,,,6.8,否,否
综合物资,5000000406,,码垛工序记录/生产用,,印刷,本,,其他,,,0,已启用,,,6.8,否,否
综合物资,5000000405,,纸包机设备点检标准/生产用,,印刷,本,,其他,,,0,已启用,,,6.8,否,否
综合物资,5000000404,,包装工序记录/生产用,,印刷,本,,其他,,,0,已启用,,,6.8,否,否
综合物资,5000000403,,包装岗位成品检查记录/生产用,,印刷,本,,其他,,,0,已启用,,,6.8,否,否
综合物资,5000000402,,膜包机设备点检标准/生产用,,印刷,本,,其他,,,0,已启用,,,6.8,否,否
综合物资,5000000401,,热缩工序记录/生产用,,印刷,本,,其他,,,0,已启用,,,6.8,否,否
综合物资,5000000400,,热缩岗位成品检查记录/生产用,,印刷,本,,其他,,,0,已启用,,,6.8,否,否
综合物资,5000000399,,外箱码复核确认表/生产用,,印刷,本,,其他,,,0,已启用,,,6.8,否,否
综合物资,5000000398,,打码工序记录/生产用,,印刷,本,,其他,,,0,已启用,,,6.8,否,否
综合物资,5000000397,,罐底码改码记录表/生产用,,印刷,本,,其他,,,0,已启用,,,6.8,否,否
综合物资,5000000396,,生产车间现场取样记录表/生产用,,印刷,本,,其他,,,0,已启用,,,6.8,否,否
综合物资,5000000395,,生产部封口机清洁监督检查表/生产用,,印刷,本,,其他,,,0,已启用,,,6.8,否,否
综合物资,5000000394,,灌装机和封盖机设备点检标准/生产用,,印刷,本,,其他,,,0,已启用,,,6.8,否,否
综合物资,5000000393,,灌装间出口成品检查记录/生产用,,印刷,本,,其他,,,0,已启用,,,6.8,否,否
综合物资,5000000392,,灌装封口工序记录/生产用,,印刷,本,,其他,,,0,已启用,,,6.8,否,否
综合物资,5000000391,,CIP工序记录/生产用,,印刷,本,,其他,,,0,已启用,,,6.8,否,否
综合物资,5000000390,,拆包机设备点检标准/生产用,,印刷,本,,其他,,,0,已启用,,,6.8,否,否
综合物资,5000000389,,拆包工序记录/生产用,,印刷,本,,其他,,,0,已启用,,,6.8,否,否
综合物资,5000000388,,配料岗位设备点检标准/生产用,,印刷,本,,其他,,,0,已启用,,,6.8,否,否
综合物资,5000000387,,配料开班CIP清洗操作记录/生产用,,印刷,本,,其他,,,0,已启用,,,6.8,否,否
综合物资,5000000386,,白糖使用记录/生产用,,印刷,本,,其他,,,0,已启用,,,6.8,否,否
综合物资,5000000385,,盛料桶物料投放记录/生产用,,印刷,本,,其他,,,0,已启用,,,6.8,否,否
综合物资,5000000384,,复合香精称量记录/生产用,,印刷,本,,其他,,,0,已启用,,,6.8,否,否
综合物资,5000000383,,配料工序记录/生产用,,印刷,本,,其他,,,0,已启用,,,6.8,否,否
综合物资,5000000382,,配料岗位清洁和CIP记录/生产用,,印刷,本,,其他,,,0,已启用,,,6.8,否,否
综合物资,5000000381,,滤袋使用记录表/生产用,,印刷,本,,其他,,,0,已启用,,,6.8,否,否
综合物资,5000000380,,滤袋更换记录表/生产用,,印刷,本,,其他,,,0,已启用,,,6.8,否,否
综合物资,5000000379,,车间原材料物资称量记录/生产用,,印刷,本,,其他,,,0,已启用,,,6.8,否,否
综合物资,5000000378,,CLO2消毒剂使用记录/生产用,,印刷,本,,其他,,,0,已启用,,,6.8,否,否
综合物资,5000000377,,防伪抽检记录表/生产用,,印刷,本,,其他,,,0,已启用,,,6.8,否,否
综合物资,5000000376,,在线检验设备验证记录表/生产用,,印刷,本,,其他,,,0,已启用,,,6.8,否,否
综合物资,5000000375,,巡检员检查记录/生产用,,印刷,本,,其他,,,0,已启用,,,6.8,否,否
综合物资,5000000374,,废品红牛出入库记录/生产用,,印刷,本,,其他,,,0,已启用,,,6.8,否,否
综合物资,5000000373,,生产主管交接班记录本/生产用,,印刷,本,,其他,,,0,已启用,,,25.0,否,否
综合物资,5000000372,,开机和停机例行检查项目清单-停机部分/生产用,,印刷,本,,其他,,,0,已启用,,,6.8,否,否
综合物资,5000000371,,生产主管现场工序专检表/生产用,,印刷,本,,其他,,,0,已启用,,,6.8,否,否
综合物资,5000000370,,生产主管交接班记录/生产用,,印刷,本,,其他,,,0,已启用,,,6.8,否,否
综合物资,5000000369,,开机和停机例行检查项目清单-开机部分/生产用,,印刷,本,,其他,,,0,已启用,,,6.8,否,否
综合物资,5000000368,,非带班主管巡查记录/生产用,,印刷,本,,其他,,,0,已启用,,,6.8,否,否
综合物资,5500000011,,充电接口端子/01.004.DQ00001E-2,,修理,个,嘉得力,其他,,,0,已启用,,,9.0,否,否
综合物资,5500000010,,充电接口胶壳/01.004.DQ00001E-1,,修理,个,嘉得力,其他,,,0,已启用,,,17.0,否,否
综合物资,5500000009,,排水管/GT50洗地机　WG00012F,,修理,条,嘉得力,其他,,,0,已启用,,,66.0,否,否
综合物资,5500000008,,吸水管/GT50洗地机 WG00011H,,修理,条,嘉得力,其他,,,0,已启用,,,54.0,否,否
综合物资,5500000007,,洗地机刷盘/01.006.PT00019,,修理,个,嘉得力,其他,,,0,已启用,,,158.0,否,否
综合物资,5500000006,,洗地机后吸水条/06.006.WG00006C,,修理,个,嘉得力,其他,,,0,已启用,,,133.0,否,否
综合物资,5500000005,,洗地机前吸水条/06.006.WG00005C,,修理,个,嘉得力,其他,,,0,已启用,,,112.0,否,否
综合物资,5500000004,,洗地机万向轮/01.001.WG00014-1,,修理,个,嘉得力,其他,,,0,已启用,,,48.0,否,否
综合物资,5500000003,,吸水扒/GT50洗地机,,修理,件,嘉得力,其他,,,0,已启用,,,661.0,否,否
综合物资,5500000002,,吸水胶条/GT50洗地机,,修理,副,嘉得力,其他,,,0,已启用,,,85.0,否,否
综合物资,5100000375,,洗衣机底座/4轮8脚,,劳保用品,个,,其他,,,0,已启用,,,,否,否
综合物资,5100000374,,食品级塑料桶/18升,,劳保用品,个,,其他,,,0,已启用,,,35.0,否,否
综合物资,5100000373,,食品级塑料盆/食品级  60cm*20cm,,劳保用品,个,,其他,,,0,已启用,,,35.0,否,否
综合物资,5100000372,,食品级塑料盆/食品级  68cm*22cm,,劳保用品,个,,其他,,,0,已启用,,,52.0,否,否
综合物资,5100000371,,老管家洗衣机清洁剂/125g*3包/袋,,劳保用品,袋,,其他,,,0,已启用,,,15.0,否,否
综合物资,5100000370,,不锈钢桶/316/18升,,劳保用品,个,,其他,,,0,已启用,,,318.0,否,否
综合物资,5100000369,,不锈钢铲料盘（小号）/316/60cm*20cm,,劳保用品,个,,其他,,,0,已启用,,,168.0,否,否
综合物资,5100000368,,不锈钢铲料盘（中号）/316/68cm*22cm,,劳保用品,个,,其他,,,0,已启用,,,176.0,否,否
综合物资,5100000367,,食品级铲料桶/h=70cm，d=60cm,,劳保用品,个,,其他,,,0,已启用,,,148.0,否,否
综合物资,5100000366,,密胺海绵/12cm*6cm*3cm,,劳保用品,块,,其他,,,0,已启用,,,6.0,否,否
综合物资,5100000365,,驱蚊液/100ml,,劳保用品,瓶,欧护,其他,,,0,已启用,,,15.0,否,否
综合物资,5100000364,,护洗衣袋/中号（40*50cm),,劳保用品,个,,其他,,,0,已启用,,,15.0,否,否
综合物资,5100000363,,弹性皮带/8米，单钩,,劳保用品,条,,其他,,,0,已启用,,,11.0,否,否
综合物资,5100000356,,大塑料筐/长120cm宽100cm高77cm（厚4cm）,,劳保用品,个,,其他,,,0,已启用,,,1280.0,否,否
综合物资,5100000354,,蓝色喷漆/0.8KG,,劳保用品,支,,其他,,,0,已启用,,,45.0,否,否
综合物资,5100000353,,柴油油桶/方形50L，475*300*470,,劳保用品,个,,其他,,,0,已启用,,,155.0,否,否
综合物资,5100000352,,滚筒扫/8寸,,劳保用品,个,,其他,,,0,已启用,,,28.0,否,否
综合物资,5100000351,,滚筒扫/5寸,,劳保用品,个,,其他,,,0,已启用,,,26.0,否,否
综合物资,5100000350,,滚筒扫/4寸,,劳保用品,个,,其他,,,0,已启用,,,25.0,否,否
综合物资,5100000349,,滚筒扫/2寸,,劳保用品,个,椰树,其他,,,0,已启用,,,25.0,否,否
综合物资,5100000348,,油漆刷子/6寸,,劳保用品,个,,其他,,,0,已启用,,,15.0,否,否
综合物资,5100000347,,一次性口罩（含碳）/50个/盒,,劳保用品,盒,保为康,其他,,,0,已启用,,,8.5,否,否
综合物资,5100000346,,一次性口罩/50个/盒,,劳保用品,盒,保为康,其他,,,0,已启用,,,4.6,否,否
综合物资,5100000345,,滚筒扫/10寸,,劳保用品,个,椰树,其他,,,0,已启用,,,29.0,否,否
综合物资,5100000344,,抹泥刀/不锈钢,,劳保用品,个,,其他,,,0,已启用,,,20.0,否,否
综合物资,5100000343,,油灰刀/不锈钢3寸,,劳保用品,个,,其他,,,0,已启用,,,8.0,否,否
综合物资,5100000342,,聚氨酯罩面漆,,劳保用品,公斤,,其他,,,0,已启用,,,30.0,否,否
综合物资,5100000341,,聚氨酯面漆,,劳保用品,公斤,,其他,,,0,已启用,,,30.0,否,否
综合物资,5100000340,,美纹纸/50米一卷，3cm宽,,劳保用品,卷,,其他,,,0,已启用,,,8.0,否,否
综合物资,5100000339,,金属漆/中灰色10kg,,劳保用品,桶,,其他,,,0,已启用,,,125.0,否,否
综合物资,5100000338,,黄色油漆/5L,,劳保用品,桶,,其他,,,0,已启用,,,125.0,否,否
综合物资,5100000337,,蓝色油漆/5L,,劳保用品,桶,,其他,,,0,已启用,,,125.0,否,否
综合物资,5100000336,,银色油漆/5L,,劳保用品,桶,,其他,,,0,已启用,,,125.0,否,否
综合物资,5100000335,,隔离栏杆/1.5m带,,劳保用品,个,,其他,,,0,已启用,,,65.0,否,否
综合物资,5100000334,,银色喷漆,,劳保用品,瓶,,其他,,,0,已启用,,,15.0,否,否
综合物资,5100000333,,磁吸门条/40cm宽，高230cm，灰色不封底,,劳保用品,个,,其他,,,0,已启用,,,50.0,否,否
综合物资,5100000332,,篮篓/篮口直径46cm*篮底直径34cm*篮高45cm,,劳保用品,个,,其他,,,0,已启用,,,45.0,否,否
综合物资,5100000331,,纸巾/中心抽式卫生纸,,劳保用品,箱,多康,其他,,,0,已启用,,,185.0,否,否
综合物资,5100000330,,纸巾盒/中心抽大卷纸盒,,劳保用品,个,多康,其他,,,0,已启用,,,210.0,否,否
综合物资,5100000329,,废液桶/塑料方桶5L带管嘴HDPE,,劳保用品,个,,其他,,,0,已启用,,,95.0,否,否
综合物资,5100000328,,垃圾桶/660L,,劳保用品,个,,其他,,,0,已启用,,,590.0,否,否
综合物资,5100000327,,一次性PE加厚款防水鞋套/蓝色、XL,,劳保用品,双,,其他,,,0,已启用,,,0.6,否,否
综合物资,5100000326,,高压水枪出水管/绿霸LT-16MB,,劳保用品,条,,其他,,,0,已启用,,,135.0,否,否
综合物资,5100000325,,食品级收纳盒/2000ml、23.5mm×16mm×7.5mm,,劳保用品,个,,其他,,,0,已启用,,,10.0,否,否
综合物资,5100000324,,食品级钢丝软管/长度10m，内径25mm,,劳保用品,条,,其他,,,0,已启用,,,95.0,否,否
综合物资,5100000323,,直角弯曲杯刷/长款40cm×6.5cm,,劳保用品,把,,其他,,,0,已启用,,,9.0,否,否
综合物资,5100000322,,移动冷气机风管/1.5m,,劳保用品,个,冬夏,其他,,,0,已启用,,,175.0,否,否
综合物资,5100000321,,硅胶刮刀/长28.9cm*宽5.67cm,,劳保用品,个,,其他,,,0,已启用,,,36.0,否,否
综合物资,5100000320,,铁铲/铁柄,,劳保用品,把,,其他,,,0,已启用,,,26.0,否,否
综合物资,5100000319,,不锈钢盆/30cm直径,,劳保用品,个,,其他,,,0,已启用,,,46.0,否,否
综合物资,5100000314,,PVC橡胶塑料胶水管/4分加厚,,劳保用品,米,,其他,,,0,已启用,,,4.9,否,否
综合物资,5100000313,,食品级钢丝软管/长度15m，内径10cm；厚度3-4mm,,劳保用品,条,,其他,,,0,已启用,,,1050.0,否,否
综合物资,5100000312,,真空卫生吸通,,劳保用品,个,心居客,其他,,,0,已启用,,,28.0,否,否
综合物资,5100000311,,玻璃遮光贴纸/白磨砂110*140mm,,劳保用品,张,朗格,其他,,,0,已启用,,,10.0,否,否
综合物资,5100000310,,拉绒毛地毯/12m*2.70m,,劳保用品,块,,其他,,,0,已启用,,,230.0,否,否
综合物资,5100000309,,不锈钢接油盘/600*400*100mm,,劳保用品,个,,其他,,,0,已启用,,,98.0,否,否
综合物资,5100000308,,免手洗一拖净平板替换布/42CM,,劳保用品,块,,其他,,,0,已启用,,,10.0,否,否
综合物资,5100000307,,免手洗一拖净平板/42CM,,劳保用品,把,,其他,,,0,已启用,,,35.0,否,否
综合物资,5100000306,,蓝色网状帽,,劳保用品,顶,,其他,,,0,已启用,,,15.0,否,否
综合物资,5100000305,,塑料物料箱/高75CM，长120CM，宽100CM,,劳保用品,个,,其他,,,0,已启用,,,910.0,否,否
综合物资,5100000304,,除胶剂/450ML,,劳保用品,支,,其他,,,0,已启用,,,14.0,否,否
综合物资,5100000303,,洗瓶/白色  500ml,,劳保用品,个,,其他,,,0,已启用,,,8.0,否,否
综合物资,5100000302,,热水管/内径19MM*长10M,,劳保用品,条,,其他,,,0,已启用,,,400.0,否,否
综合物资,5100000301,,红色防滑垫/网格/宽2米*长2.8米,,劳保用品,张,,其他,,,0,已启用,,,165.0,否,否
综合物资,5100000300,,地刮/小号45CM/杆长130CM,,劳保用品,个,嘉达,其他,,,0,已启用,,,16.0,否,否
综合物资,5100000299,,储物箱/98*76*68cm,,劳保用品,个,,其他,,,0,已启用,,,260.0,否,否
综合物资,5100000298,,高压水枪高压泡沫壶,,劳保用品,个,,其他,,,0,已启用,,,35.0,否,否
综合物资,5100000297,,高压水枪多功能接头,,劳保用品,个,,其他,,,0,已启用,,,25.0,否,否
综合物资,5100000296,,高压水枪多角度喷头,,劳保用品,套,,其他,,,0,已启用,,,75.0,否,否
综合物资,5100000295,,高压水枪进水管/3米,,劳保用品,条,,其他,,,0,已启用,,,35.0,否,否
综合物资,5100000294,,高压水枪高压管/10米,,劳保用品,条,,其他,,,0,已启用,,,230.0,否,否
综合物资,5100000293,,高压水枪加长枪,,劳保用品,个,,其他,,,0,已启用,,,210.0,否,否
综合物资,5100000292,,高压水枪金属短枪,,劳保用品,个,,其他,,,0,已启用,,,105.0,否,否
综合物资,5100000291,,遮阳伞/彩虹色/大号,,劳保用品,把,,其他,,,0,已启用,,,49.0,否,否
综合物资,5100000290,,不锈钢线夹,,劳保用品,个,,其他,,,0,已启用,,,0.6,否,否
综合物资,5100000289,,防撞硅胶垫,,劳保用品,个,,其他,,,0,已启用,,,1.0,否,否
综合物资,5100000288,,风机通风管/管口直径16cm，长5-6m,,劳保用品,个,,其他,,,0,已启用,,,5.0,否,否
综合物资,5100000287,,隔离防护面罩,,劳保用品,个,,其他,,,0,已启用,,,12.0,否,否
综合物资,5100000286,,收紧带/5米,,劳保用品,套,,其他,,,0,已启用,,,12.0,否,否
综合物资,5100000285,,车轮,,劳保用品,个,,其他,,,0,已启用,,,54.0,否,否
综合物资,5100000284,,窗户磨砂贴纸/1.2米宽/白色或者浅灰色/自粘,,劳保用品,米,,其他,,,0,已启用,,,48.0,否,否
综合物资,5100000283,,插入取电器/86型,,劳保用品,个,,其他,,,0,已启用,,,48.0,否,否
综合物资,5100000282,,纸牌,,劳保用品,付,万盛达,其他,,,0,已启用,,,4.0,否,否
综合物资,5100000281,,桌球球杆,,劳保用品,个,SIP,其他,,,0,已启用,,,4.0,否,否
综合物资,5100000280,,体温计/水银,,劳保用品,个,,其他,,,0,已启用,,,15.0,否,否
综合物资,5100000279,,红色防滑垫/1.2*1.8,,劳保用品,张,,其他,,,0,已启用,,,15.0,否,否
综合物资,5100000278,,红色胶地垫/180*90“欢迎光临”,,劳保用品,张,,其他,,,0,已启用,,,175.0,否,否
综合物资,5100000277,,擦手纸塑料盒,,劳保用品,个,,其他,,,0,已启用,,,25.0,否,否
综合物资,5100000276,,鱼食/直径5MM/4#,,劳保用品,公斤,福寿牌,其他,,,0,已启用,,,12.0,否,否
综合物资,5100000275,,洗衣机底拖,,劳保用品,个,,其他,,,0,已启用,,,75.0,否,否
综合物资,5100000274,,毛刷/高度185mm，宽45mm，毛长度36mm,,劳保用品,个,,其他,,,0,已启用,,,5.0,否,否
综合物资,5100000273,,手动膜包机,,劳保用品,个,,其他,,,0,已启用,,,78.0,否,否
综合物资,5100000272,,不锈钢脚踏式垃圾桶/20L,,劳保用品,个,,其他,,,0,已启用,,,80.0,否,否
综合物资,5100000271,,厨余垃圾桶/塑料120L带轮,,劳保用品,个,,其他,,,0,已启用,,,135.0,否,否
综合物资,5100000270,,量杯（带手柄）/250ml,,劳保用品,个,,其他,,,0,已启用,,,9.0,否,否
综合物资,5100000269,,量杯（带手柄）/100ml,,劳保用品,个,,其他,,,0,已启用,,,6.0,否,否
综合物资,5100000268,,脚踏池盆/61CM*42CM*12CM,,劳保用品,只,,其他,,,0,已启用,,,65.0,否,否
综合物资,5100000267,,拖把/AGW-3575,,劳保用品,套,好媳妇,其他,,,0,已启用,,,95.0,否,否
综合物资,5100000266,,羊毛扫/一寸,,劳保用品,个,,其他,,,0,已启用,,,5.0,否,否
综合物资,5100000265,,白色胶茜 /27CM*20CM*8CM,,劳保用品,只,,其他,,,0,已启用,,,7.5,否,否
综合物资,5100000264,,日式静电平拖湿巾,,劳保用品,包,,其他,,,0,已启用,,,9.8,否,否
综合物资,5100000263,,日式静电平拖干巾,,劳保用品,包,,其他,,,0,已启用,,,9.8,否,否
综合物资,5100000262,,日式静电平拖,,劳保用品,把,,其他,,,0,已启用,,,35.0,否,否
综合物资,5100000261,,拧水拖把,,劳保用品,把,,其他,,,0,已启用,,,25.0,否,否
综合物资,5100000260,,机头水/散装,,劳保用品,KG,,其他,,,0,已启用,,,9.0,否,否
综合物资,5100000259,,不锈钢铲子/2英寸,,劳保用品,个,,其他,,,0,已启用,,,56.0,否,否
综合物资,5100000258,,塑料漏斗,,劳保用品,个,,其他,,,0,已启用,,,15.0,否,否
综合物资,5100000257,,塑料烧杯/200ML,,劳保用品,个,,其他,,,0,已启用,,,12.0,否,否
综合物资,5100000256,,叉车塑料座垫,,劳保用品,个,,其他,,,0,已启用,,,85.0,否,否
综合物资,5100000255,,房门密封条/4*90cm,,劳保用品,条,,其他,,,0,已启用,,,30.0,否,否
综合物资,5100000254,,水槽过滤网/美之扣（300只装）,,劳保用品,盒,,其他,,,0,已启用,,,60.0,否,否
综合物资,5100000253,,花露水/195ml,,劳保用品,瓶,六神,其他,,,0,已启用,,,21.0,否,否
综合物资,5100000252,,滴管喷壶/打码清洗喷头使用（250ml）塑料,,劳保用品,个,,其他,,,0,已启用,,,15.0,否,否
综合物资,5100000251,,不锈钢链条/3mm,,劳保用品,米,,其他,,,0,已启用,,,17.0,否,否
综合物资,5100000250,,塑料烧杯/1000ml,,劳保用品,个,,其他,,,0,已启用,,,18.0,否,否
综合物资,5100000249,,垃圾铲/塑料/高度75cm,,劳保用品,个,,其他,,,0,已启用,,,11.0,否,否
综合物资,5100000248,,铝合金饲料铲/38*14*10cm（手柄长13cm）,,劳保用品,个,,其他,,,0,已启用,,,38.0,否,否
综合物资,5100000247,,可调磁性双面擦玻璃神器/洁士宝5-26mm,,劳保用品,把,,其他,,,0,已启用,,,35.0,否,否
综合物资,5100000246,,3ml塑料滴管/50支/包,,劳保用品,包,,其他,,,0,已启用,,,25.0,否,否
综合物资,5100000245,,长形扣盖储物盒/华隆255*180*125mm,,劳保用品,个,,其他,,,0,已启用,,,22.0,否,否
综合物资,5100000244,,透明门帘/宽19cm,,劳保用品,厘米,,其他,,,0,已启用,,,0.18,否,否
综合物资,5100000243,,防臭芳香球/一袋5个,,劳保用品,袋,,其他,,,0,已启用,,,8.0,否,否
综合物资,5100000242,,强力墙挂勾/宽钩、免钉胶,,劳保用品,个,,其他,,,0,已启用,,,4.5,否,否
综合物资,5100000241,,衣架/加粗不锈钢衣架（42cm*10）,,劳保用品,个,,其他,,,0,已启用,,,6.0,否,否
综合物资,5100000240,,垃圾袋/恒澍45CM*55CM（黑色背心），8丝,,劳保用品,扎,恒澍,其他,,,0,已启用,,,15.0,否,否
综合物资,5100000239,,垃圾袋/魅结45*50cm彩色，5丝,,劳保用品,扎,魅结,其他,,,0,已启用,,,10.0,否,否
综合物资,5100000238,,垃圾袋/恒澍45CM*65CM（背心），8丝,,劳保用品,扎,恒澍,其他,,,0,已启用,,,15.0,否,否
综合物资,5100000237,,垃圾袋/恒澍100*120，8丝,,劳保用品,扎,恒澍,其他,,,0,已启用,,,65.0,否,否
综合物资,5100000236,,垃圾袋/恒澍120*140，8丝,,劳保用品,扎,恒澍,其他,,,0,已启用,,,65.0,否,否
综合物资,5100000235,,不锈钢水杯/GK-KB100,,劳保用品,个,,其他,,,0,已启用,,,38.0,否,否
综合物资,5100000234,,空气清新剂/厕所去异味90克/薰衣草,,劳保用品,盒,,其他,,,0,已启用,,,6.0,否,否
综合物资,5100000233,,软胶水管/内径25mm,,劳保用品,米,,其他,,,0,已启用,,,60.0,否,否
综合物资,5100000232,,胶垃圾篓/艺姿YZ-GB105,,劳保用品,个,,其他,,,0,已启用,,,25.0,否,否
综合物资,5100000231,,硅胶塞（圆形）,,劳保用品,个,,其他,,,0,已启用,,,12.0,否,否
综合物资,5100000230,,粘鼠贴/达豪,,劳保用品,张,,其他,,,0,已启用,,,4.0,否,否
综合物资,5100000229,,缠绕膜/约2.5KG,,劳保用品,卷,膜王世家,其他,,,0,已启用,,,50.0,否,否
综合物资,5100000228,,留样周转塑料箱/160L红白蓝,,劳保用品,个,,其他,,,0,已启用,,,160.0,否,否
综合物资,5100000227,,储物箱/透明带盖410*300*320,,劳保用品,个,,其他,,,0,已启用,,,75.0,否,否
综合物资,5100000226,,红色周转箱/540*410*290,,劳保用品,个,,其他,,,0,已启用,,,69.0,否,否
综合物资,5100000225,,意见箱/得力50804,,劳保用品,个,,其他,,,0,已启用,,,85.0,否,否
综合物资,5100000224,,墙壁排钩/不锈钢（5钩）,,劳保用品,个,,其他,,,0,已启用,,,25.0,否,否
综合物资,5100000223,,铝箔纸（剪裁）/厚度：0.040mm，长*宽=150*150mm,,劳保用品,张,,其他,,,0,已启用,,,1.8,否,否
综合物资,5100000222,,铝箔纸（剪裁）/厚度：0.040mm，长*宽=100*120mm,,劳保用品,张,,其他,,,0,已启用,,,1.6,否,否
综合物资,5100000221,,铝箔纸（剪裁）/厚度：0.040mm，长*宽=380*300mm,,劳保用品,张,,其他,,,0,已启用,,,2.1,否,否
综合物资,5100000220,,铝箔纸（剪裁）/厚度：0.040mm，长*宽=380*380mm,,劳保用品,张,,其他,,,0,已启用,,,2.4,否,否
综合物资,5100000219,,袖套（电焊工）较硬/（长宽）27*15CM  独立装,,劳保用品,只,,其他,,,0,已启用,,,15.0,否,否
综合物资,5100000218,,雨衣/长款连帽雨衣 XL,,劳保用品,套,,其他,,,0,已启用,,,80.0,否,否
综合物资,5100000217,,防雨草帽/尖顶、圆锥形,,劳保用品,个,,其他,,,0,已启用,,,25.0,否,否
综合物资,5100000216,,一次性白色圆形帽子/舒宇35g白色 100只/包,,劳保用品,包,舒宁,其他,,,0,已启用,,,53.0,否,否
综合物资,5100000215,,一次性白大褂（长袖）/一次性白大褂（纽扣长袖）,,劳保用品,件,,其他,,,0,已启用,,,14.0,否,否
综合物资,5100000214,,女士帽/帽延粉色，帽子白色,,劳保用品,个,,其他,,,0,已启用,,,15.0,否,否
综合物资,5100000213,,女士帽/全布【白色】 可调节/轩之,,劳保用品,个,,其他,,,0,已启用,,,15.0,否,否
综合物资,5100000212,,反光带/绿色、橙色,,劳保用品,件,泰安,其他,,,0,已启用,,,28.0,否,否
综合物资,5100000211,,反光衣/绿色、橙色,,劳保用品,件,泰安,其他,,,0,已启用,,,15.0,否,否
综合物资,5100000210,,更衣镜/170cm*30cm,,劳保用品,块,,其他,,,0,已启用,,,239.0,否,否
综合物资,5100000209,,一次性连体连帽洁净服/白色,,劳保用品,套,,其他,,,0,已启用,,,40.0,否,否
综合物资,5100000208,,连体连帽洁净服/白色,,劳保用品,套,,其他,,,0,已启用,,,36.5,否,否
综合物资,5100000207,,防滑包头实验鞋,,劳保用品,双,,其他,,,0,已启用,,,45.0,否,否
综合物资,5100000206,,女士帽/白色，尾部网状,,劳保用品,顶,,其他,,,0,已启用,,,15.0,否,否
综合物资,5100000205,,草帽,,劳保用品,顶,,其他,,,0,已启用,,,10.0,否,否
综合物资,5100000204,,雨衣裤,,劳保用品,套,,其他,,,0,已启用,,,26.0,否,否
综合物资,5100000203,,围裙/咖啡色（89cm）,,劳保用品,条,,其他,,,0,已启用,,,28.0,否,否
综合物资,5100000202,,加厚型小板凳(30cm高)/长32 宽30 高30左右,,劳保用品,个,,其他,,,0,已启用,,,35.0,否,否
综合物资,5100000201,,小马扎/长27.5*宽24*高27cm,,劳保用品,个,,其他,,,0,已启用,,,28.0,否,否
综合物资,5100000200,,304不锈钢升降圆凳/脚垫款 48-68cm,,劳保用品,个,,其他,,,0,已启用,,,110.0,否,否
综合物资,5100000199,,吧凳,,劳保用品,个,,其他,,,0,已启用,,,80.0,否,否
综合物资,5100000198,,手提塑料篮/长470*宽310*高270mm,,劳保用品,个,,其他,,,0,已启用,,,12.0,否,否
综合物资,5100000197,,塑料烧杯/500ml,,劳保用品,个,,其他,,,0,已启用,,,12.0,否,否
综合物资,5100000196,,塑料框/55.5*39.5CM,,劳保用品,个,,其他,,,0,已启用,,,55.0,否,否
综合物资,5100000195,,塑料框/52*36CM,,劳保用品,个,,其他,,,0,已启用,,,55.0,否,否
综合物资,5100000194,,塑料框/46*36CM,,劳保用品,个,,其他,,,0,已启用,,,50.0,否,否
综合物资,5100000193,,塑料框/46*32CM,,劳保用品,个,,其他,,,0,已启用,,,50.0,否,否
综合物资,5100000192,,塑料框/41*30.5CM,,劳保用品,个,,其他,,,0,已启用,,,50.0,否,否
综合物资,5100000191,,蓝色塑料盆/360mm*260mm*115mm,,劳保用品,个,,其他,,,0,已启用,,,18.0,否,否
综合物资,5100000190,,蓝色塑料盆/330mm*230mm*105mm,,劳保用品,个,,其他,,,0,已启用,,,18.0,否,否
综合物资,5100000189,,蓝色塑料盆/300mm*210mm*95mm,,劳保用品,个,,其他,,,0,已启用,,,18.0,否,否
综合物资,5100000188,,蓝色塑料盆/270mm*190mm*85mm,,劳保用品,个,,其他,,,0,已启用,,,18.0,否,否
综合物资,5100000187,,红色胶水桶（25L）/25L,,劳保用品,个,,其他,,,0,已启用,,,28.0,否,否
综合物资,5100000186,,水桶/创枫 10升,,劳保用品,个,,其他,,,0,已启用,,,10.0,否,否
综合物资,5100000185,,胶水桶/大号有盖4.8升,,劳保用品,个,,其他,,,0,已启用,,,8.5,否,否
综合物资,5100000184,,胶水桶（10L）/WYH-SN601,,劳保用品,个,,其他,,,0,已启用,,,13.0,否,否
综合物资,5100000183,,胶桶200L/普通不带盖（200L）,,劳保用品,个,,其他,,,0,已启用,,,235.0,否,否
综合物资,5100000182,,白色胶桶（加厚150L）/带盖,,劳保用品,个,鹏威塑胶,其他,,,0,已启用,,,100.0,否,否
综合物资,5100000181,,白色胶桶（加厚120L）/带盖,,劳保用品,个,鹏威塑胶,其他,,,0,已启用,,,85.0,否,否
综合物资,5100000180,,白色胶水桶（20L）/带盖20L,,劳保用品,个,,其他,,,0,已启用,,,30.0,否,否
综合物资,5100000179,,塑料垃圾桶/30*25 高*直径  脚踏式,,劳保用品,个,,其他,,,0,已启用,,,45.0,否,否
综合物资,5100000178,,塑料垃圾桶/40*30 高*直径  脚踏式,,劳保用品,个,,其他,,,0,已启用,,,55.0,否,否
综合物资,5100000177,,垃圾桶/带轮带盖120L,,劳保用品,个,,其他,,,0,已启用,,,140.0,否,否
综合物资,5100000176,,地拖桶/皇位,,劳保用品,个,皇位,其他,,,0,已启用,,,30.0,否,否
综合物资,5100000175,,香精桶/25L/食品级,,劳保用品,个,,其他,,,0,已启用,,,50.0,否,否
综合物资,5100000174,,捆绑带/8米 /双钩/聚丙烯纤维,,劳保用品,条,,其他,,,0,已启用,,,38.0,否,否
综合物资,5100000173,,白糖称料盒/每个有三个并排的小格,,劳保用品,个,,其他,,,0,已启用,,,55.0,否,否
综合物资,5100000172,,纱布/82cm*1000cm,,劳保用品,袋,恒健制药,其他,,,0,已启用,,,55.0,否,否
综合物资,5100000171,,医用脱脂棉/500g,,劳保用品,袋,恒健制药,其他,,,0,已启用,,,45.0,否,否
综合物资,5100000170,,屈臣氏饮水桶/18.9L,,劳保用品,个,,其他,,,0,已启用,,,80.0,否,否
综合物资,5100000169,,屈臣氏桶装蒸馏水/18.9L,,劳保用品,桶,,其他,,,0,已启用,,,58.0,否,否
综合物资,5100000168,,大保鲜盒（带扣）/860ml,,劳保用品,个,,其他,,,0,已启用,,,40.0,否,否
综合物资,5100000167,,整盘滚轴线电源线/公牛30米,,劳保用品,卷,,其他,,,0,已启用,,,750.0,否,否
综合物资,5100000166,,门铃/公牛1拖1,,劳保用品,个,,其他,,,0,已启用,,,125.0,否,否
综合物资,5100000165,,玻璃刮/威威海绵玻璃刮,,劳保用品,个,威威,其他,,,0,已启用,,,36.0,否,否
综合物资,5100000164,,玻璃刮子（不带海绵）,,劳保用品,把,,其他,,,0,已启用,,,22.0,否,否
综合物资,5100000163,,地刮/75cm,,劳保用品,个,嘉达,其他,,,0,已启用,,,36.0,否,否
综合物资,5100000162,,洗衣服刷子/2023,,劳保用品,个,,其他,,,0,已启用,,,6.5,否,否
综合物资,5100000161,,钢丝球/B4302P*1,,劳保用品,个,,其他,,,0,已启用,,,1.8,否,否
综合物资,5100000160,,通厕器/胶丝,,劳保用品,把,,其他,,,0,已启用,,,25.0,否,否
综合物资,5100000159,,不锈钢垃圾铲/001#,,劳保用品,个,,其他,,,0,已启用,,,20.0,否,否
综合物资,5100000158,,捆绑器/骏源5cm*8m,,劳保用品,个,,其他,,,0,已启用,,,130.0,否,否
综合物资,5100000157,,不锈钢铁扒子/21齿,,劳保用品,把,,其他,,,0,已启用,,,35.0,否,否
综合物资,5100000156,,饮水机抽水泵/手动,,劳保用品,个,,其他,,,0,已启用,,,55.0,否,否
综合物资,5100000155,,饮水机抽水泵/电动,,劳保用品,个,,其他,,,0,已启用,,,55.0,否,否
综合物资,5100000154,,铁质封箱器/荷花48-50mm,,劳保用品,个,,其他,,,0,已启用,,,8.5,否,否
综合物资,5100000153,,铁皮剪/总长约18cm,,劳保用品,个,,其他,,,0,已启用,,,35.0,否,否
综合物资,5100000152,,启瓶器/（不锈钢）,,劳保用品,个,,其他,,,0,已启用,,,20.0,否,否
综合物资,5100000151,,浇花喷壶/手压式,,劳保用品,个,,其他,,,0,已启用,,,25.0,否,否
综合物资,5100000150,,酒精喷壶-质量好的/手压式小喷壶-蓝色450ml,,劳保用品,个,,其他,,,0,已启用,,,10.0,否,否
综合物资,5100000149,,钢丝绳/日本樱花,,劳保用品,米,,其他,,,0,已启用,,,367.0,否,否
综合物资,5100000148,,喷漆/海斯特黄色400ML,,劳保用品,支,漆先生,其他,,,0,已启用,,,52.0,否,否
综合物资,5100000147,,按压器/抽取大桶洗手液用,,劳保用品,个,,其他,,,0,已启用,,,20.0,否,否
综合物资,5100000146,,家用火钳子/680mm,,劳保用品,把,年余,其他,,,0,已启用,,,15.0,否,否
综合物资,5100000145,,擦手纸/20包/箱,,劳保用品,箱,维达,其他,,,0,已启用,,,165.0,否,否
综合物资,5100000144,,卫生纸/每条10卷/200g,,劳保用品,条,维达,其他,,,0,已启用,,,32.0,否,否
综合物资,5100000143,,软包抽纸/100抽中码,,劳保用品,包,维达,其他,,,0,已启用,,,5.0,否,否
综合物资,5100000142,,盒抽纸,,劳保用品,盒,维达,其他,,,0,已启用,,,6.0,否,否
综合物资,5100000141,,大盘纸塑料盒/维达大盘纸塑料盒,,劳保用品,个,维达,其他,,,0,已启用,,,50.0,否,否
综合物资,5100000140,,大盘纸/280米2层卫生纸*12卷,,劳保用品,箱,维达,其他,,,0,已启用,,,170.0,否,否
综合物资,5100000139,,灭蝇灯纸/紫蜻蜓,,劳保用品,盒,,其他,,,0,已启用,,,450.0,否,否
综合物资,5100000138,,分析滤纸/直径15CM,,劳保用品,包,,其他,,,0,已启用,,,16.0,否,否
综合物资,5100000137,,称量纸/10*10CM,,劳保用品,包,,其他,,,0,已启用,,,12.0,否,否
综合物资,5100000136,,一次性警示带/100M,,劳保用品,卷,,其他,,,0,已启用,,,9.0,否,否
综合物资,5100000135,,一次性杯/创辉30个/包,,劳保用品,包,,其他,,,0,已启用,,,3.2,否,否
综合物资,5100000134,,一次性杯/加厚240ml中号100只装,,劳保用品,包,好媳妇,其他,,,0,已启用,,,22.0,否,否
综合物资,5100000133,,一次性杯/65mL  75只/包,,劳保用品,包,品尚,其他,,,0,已启用,,,8.8,否,否
综合物资,5100000132,,食用小苏打粉/桐柏山 500g,,劳保用品,瓶,,其他,,,0,已启用,,,15.0,否,否
综合物资,5100000131,,玻璃贴纸/60*100cm,,劳保用品,张,,其他,,,0,已启用,,,35.0,否,否
综合物资,5100000130,,车间防撞垫(大黄色)/NBR材质,,劳保用品,个,,其他,,,0,已启用,,,33.0,否,否
综合物资,5100000129,,红色防滑垫/3*2米,,劳保用品,张,8A8,其他,,,0,已启用,,,400.0,否,否
综合物资,5100000128,,吸水防滑地毯/50*80cm,,劳保用品,块,8A8,其他,,,0,已启用,,,85.0,否,否
综合物资,5100000127,,火车头锁B级挂锁库房/B150,,劳保用品,个,,其他,,,0,已启用,,,31.0,否,否
综合物资,5100000126,,小黑锁（长2.5cm 高4.5cm)/汉工,,劳保用品,把,,其他,,,0,已启用,,,6.8,否,否
综合物资,5100000125,,库房锁排(长10.5cm宽4cm)/(长10.5cm宽5cm),,劳保用品,个,,其他,,,0,已启用,,,28.0,否,否
综合物资,5100000124,,水鞋/高筒白色,,劳保用品,双,,其他,,,0,已启用,,,48.0,否,否
综合物资,5100000123,,水鞋/生胶底低筒白色,,劳保用品,双,,其他,,,0,已启用,,,38.0,否,否
综合物资,5100000122,,洞洞鞋/洞洞鞋,,劳保用品,双,回力,其他,,,0,已启用,,,40.0,否,否
综合物资,5100000121,,一次性鞋套/品牌: 亲和美，加加厚防滑100只一包,,劳保用品,包,成楷科技,其他,,,0,已启用,,,58.0,否,否
综合物资,5100000120,,一次性耳塞/连线（海绵）（3M311-1250）,,劳保用品,个,3M,其他,,,0,已启用,,,2.55,否,否
综合物资,5100000119,,一次性口罩/9542v,,劳保用品,个,3M,其他,,,0,已启用,,,8.0,否,否
综合物资,5100000118,,金属清洗粉/400g,,劳保用品,包,,其他,,,0,已启用,,,23.0,否,否
综合物资,5100000117,,叉车座垫/竹垫,,劳保用品,个,,其他,,,0,已启用,,,85.0,否,否
综合物资,5100000116,,门底密封条/3.6cm宽*1米长,,劳保用品,条,QUATREFOIL,其他,,,0,已启用,,,28.0,否,否
综合物资,5100000115,,电热蚊香片/加热器+无味蚊片,,劳保用品,套,,其他,,,0,已启用,,,48.0,否,否
综合物资,5100000114,,电蚊香液加热器/榄菊拖线型,,劳保用品,个,,其他,,,0,已启用,,,38.0,否,否
综合物资,5100000113,,电蚊香液/万丽,,劳保用品,瓶,,其他,,,0,已启用,,,10.0,否,否
综合物资,5100000112,,蚊香/榄菊无烟型,,劳保用品,盒,榄菊,其他,,,0,已启用,,,8.0,否,否
综合物资,5100000111,,电蚊香器/榄菊,,劳保用品,个,,其他,,,0,已启用,,,32.0,否,否
综合物资,5100000110,,电蚊香拍/芭菲,,劳保用品,个,,其他,,,0,已启用,,,35.0,否,否
综合物资,5100000109,,蚊香托盘/带盖锯齿,,劳保用品,个,,其他,,,0,已启用,,,5.0,否,否
综合物资,5100000108,,大木刷子/2023,,劳保用品,把,,其他,,,0,已启用,,,10.0,否,否
综合物资,5100000107,,长柄木刷/108,,劳保用品,个,平安,其他,,,0,已启用,,,15.0,否,否
综合物资,5100000106,,厕所擦/20*5*3,,劳保用品,个,,其他,,,0,已启用,,,4.0,否,否
综合物资,5100000105,,木夹地拖（约40cm）/（约40cm）,,劳保用品,把,高威,其他,,,0,已启用,,,18.0,否,否
综合物资,5100000104,,纱线地拖/蓝白 圆头 8两款 柄长1.2米,,劳保用品,把,高威,其他,,,0,已启用,,,13.0,否,否
综合物资,5100000103,,球场地拖拖把头/90公分,,劳保用品,个,高威,其他,,,0,已启用,,,21.0,否,否
综合物资,5100000102,,球场地拖/（90公分）,,劳保用品,把,高威,其他,,,0,已启用,,,20.0,否,否
综合物资,5100000101,,球场地拖/(60公分),,劳保用品,把,高威,其他,,,0,已启用,,,20.0,否,否
综合物资,5100000100,,胶丝扫/宝洁333,,劳保用品,把,宝洁,其他,,,0,已启用,,,5.0,否,否
综合物资,5100000099,,鸡毛扫/可伸缩型70厘米-110厘米,,劳保用品,个,,其他,,,0,已启用,,,38.0,否,否
综合物资,5100000098,,大竹扫把,,劳保用品,把,真葵,其他,,,0,已启用,,,25.0,否,否
综合物资,5100000097,,海绵拖把/38cm双滚轮 共2个头,,劳保用品,把,邦太,其他,,,0,已启用,,,35.0,否,否
综合物资,5100000096,,眼镜布/吸水白色,,劳保用品,块,依视路,其他,,,0,已启用,,,15.0,否,否
综合物资,5100000095,,百洁布 /妙洁每包4-5片,,劳保用品,包,,其他,,,0,已启用,,,6.8,否,否
综合物资,5100000094,,彩条布/双象4米宽/红白蓝,,劳保用品,平方米,,其他,,,0,已启用,,,10.0,否,否
综合物资,5100000093,,无纺布/9*9CM/95g/包/F105,,劳保用品,包,,其他,,,0,已启用,,,38.0,否,否
综合物资,5100000092,,擦拭布/CLEANROOM(9*9 300PCS),,劳保用品,包,,其他,,,0,已启用,,,24.0,否,否
综合物资,5100000091,,抹布/公斤装,,劳保用品,KG,,其他,,,0,已启用,,,5.3,否,否
综合物资,5100000090,,强力吸油擦拭布/KIMTECH 0174-00,,劳保用品,卷,,其他,,,0,已启用,,,510.0,否,否
综合物资,5100000089,,毛巾/吸水灰色30*30cm,,劳保用品,条,鑫玮,其他,,,0,已启用,,,7.0,否,否
综合物资,5100000088,,毛巾/洁丽雅白色毛巾70*34,,劳保用品,条,洁丽雅,其他,,,0,已启用,,,19.0,否,否
综合物资,5100000087,,毛巾/白色吸水鑫玮25*25,,劳保用品,条,鑫玮,其他,,,0,已启用,,,7.0,否,否
综合物资,5100000086,,毛巾/70*34/105G,,劳保用品,条,洁丽雅,其他,,,0,已启用,,,17.0,否,否
综合物资,5100000085,,毛巾/鑫玮蓝色吸水毛巾30*70,,劳保用品,条,鑫玮,其他,,,0,已启用,,,9.0,否,否
综合物资,5100000084,,毛巾/鑫玮蓝色吸水小方巾,,劳保用品,条,鑫玮,其他,,,0,已启用,,,6.0,否,否
综合物资,5100000083,,清洁剂/500G，带喷嘴,,劳保用品,瓶,威猛先生,其他,,,0,已启用,,,22.0,否,否
综合物资,5100000082,,玻璃清洁剂/400ml,,劳保用品,瓶,,其他,,,0,已启用,,,18.0,否,否
综合物资,5100000081,,漂白水/3.8L,,劳保用品,瓶,,其他,,,0,已启用,,,35.0,否,否
综合物资,5100000080,,洗手粉/3kg/黑手变白手,,劳保用品,箱,够力,其他,,,0,已启用,,,15.0,否,否
综合物资,5100000079,,洗衣凝珠/52颗/盒,,劳保用品,盒,立白,其他,,,0,已启用,,,70.0,否,否
综合物资,5100000078,,管道疏通剂 /管道通 500g,,劳保用品,瓶,威猛先生,其他,,,0,已启用,,,19.0,否,否
综合物资,5100000077,,散装洗手液/20kg/桶,,劳保用品,桶,亮力,其他,,,0,已启用,,,105.0,否,否
综合物资,5100000076,,洗衣粉/1.8KG,,劳保用品,袋,立白,其他,,,0,已启用,,,35.0,否,否
综合物资,5100000075,,洗衣粉/3.5KG,,劳保用品,袋,立白,其他,,,0,已启用,,,44.0,否,否
综合物资,5100000074,,洗手液散装/ 20kg/桶,,劳保用品,桶,联益,其他,,,0,已启用,,,115.0,否,否
综合物资,5100000073,,洗洁精/900G,,劳保用品,瓶,高富力,其他,,,0,已启用,,,16.0,否,否
综合物资,5100000072,,洗衣液/1KG,,劳保用品,支,蓝月亮,其他,,,0,已启用,,,24.0,否,否
综合物资,5100000071,,漂白粉/文丰牌 10KG,,劳保用品,袋,文丰牌,其他,,,0,已启用,,,42.0,否,否
综合物资,5100000070,,洗手液/500ML/瓶,,劳保用品,瓶,滴露,其他,,,0,已启用,,,18.0,否,否
综合物资,5100000069,,洗洁精/20kg/桶,,劳保用品,桶,高富力,其他,,,0,已启用,,,140.0,否,否
综合物资,5100000068,,消毒液/1200ML,,劳保用品,瓶,滴露,其他,,,0,已启用,,,98.0,否,否
综合物资,5100000067,,洁厕精/500g,,劳保用品,瓶,采威,其他,,,0,已启用,,,4.0,否,否
综合物资,5100000066,,白醋/500ML,,劳保用品,瓶,海天,其他,,,0,已启用,,,10.5,否,否
综合物资,5100000065,,牛筋乳賿橡胶手套（黄色）/南洋牌（小）,,劳保用品,双,南洋牌,其他,,,0,已启用,,,4.0,否,否
综合物资,5100000064,,牛筋乳賿橡胶手套（黄色）/南洋牌（中）,,劳保用品,双,南洋牌,其他,,,0,已启用,,,4.0,否,否
综合物资,5100000063,,牛筋乳賿橡胶手套（黄色）/南洋牌（大）,,劳保用品,双,南洋牌,其他,,,0,已启用,,,4.0,否,否
综合物资,5100000062,,牛筋乳賿橡胶手套（黄色）/南洋牌（加大）,,劳保用品,双,南洋牌,其他,,,0,已启用,,,4.0,否,否
综合物资,5100000061,,耐高温牛皮手套,,劳保用品,双,卡司顿,其他,,,0,已启用,,,195.0,否,否
综合物资,5100000060,,隔热手套/短石棉分指,,劳保用品,双,,其他,,,0,已启用,,,55.0,否,否
综合物资,5100000059,,防静电手套/登升（DS）#669,,劳保用品,双,,其他,,,0,已启用,,,2.9,否,否
综合物资,5100000058,,防冻手套/液氮专用,,劳保用品,双,,其他,,,0,已启用,,,77.0,否,否
综合物资,5100000057,,作业手套/白手套23G联指,,劳保用品,双,,其他,,,0,已启用,,,2.5,否,否
综合物资,5100000056,,纱线涂胶手套,,劳保用品,双,,其他,,,0,已启用,,,3.5,否,否
综合物资,5100000055,,纱线手套,,劳保用品,双,旭祥,其他,,,0,已启用,,,1.3,否,否
综合物资,5100000054,,袖套/软,,劳保用品,只,,其他,,,0,已启用,,,5.0,否,否
综合物资,5100000053,,一次性餐用手套/100只/盒,,劳保用品,盒,仙宝,其他,,,0,已启用,,,8.0,否,否
综合物资,5100000051,,滚筒扫加长杆/一米,,劳保用品,条,椰树,其他,,,0,已启用,,,27.0,否,否
综合物资,5100000050,,滚筒扫/6寸,,劳保用品,个,椰树,其他,,,0,已启用,,,27.0,否,否
综合物资,5100000049,,滚筒刷/4寸,,劳保用品,个,椰树,其他,,,0,已启用,,,13.0,否,否
综合物资,5100000048,,油漆刷子/5寸,,劳保用品,把,,其他,,,0,已启用,,,13.0,否,否
综合物资,5100000047,,油漆刷子/4寸,,劳保用品,把,,其他,,,0,已启用,,,13.0,否,否
综合物资,5100000046,,油漆刷子/3寸,,劳保用品,把,,其他,,,0,已启用,,,13.0,否,否
综合物资,5100000045,,油漆刷子/2寸,,劳保用品,把,,其他,,,0,已启用,,,12.0,否,否
综合物资,5100000044,,油漆刷子/1寸,,劳保用品,把,,其他,,,0,已启用,,,12.0,否,否
综合物资,5100000043,,划线漆/黄色15kg,,劳保用品,桶,卡特夫,其他,,,0,已启用,,,398.0,否,否
综合物资,5100000042,,划线漆/水性10kg红色反光,,劳保用品,桶,珠江,其他,,,0,已启用,,,405.0,否,否
综合物资,5100000041,,划线漆/水性10kg绿色反光,,劳保用品,桶,珠江,其他,,,0,已启用,,,405.0,否,否
综合物资,5100000040,,划线漆/水性10kg黑色反光,,劳保用品,桶,珠江,其他,,,0,已启用,,,405.0,否,否
综合物资,5100000039,,划线漆/水性10kg黄色反光,,劳保用品,桶,珠江,其他,,,0,已启用,,,405.0,否,否
综合物资,5100000038,,黄色路面漆/水性10kg,,劳保用品,桶,珠江,其他,,,0,已启用,,,405.0,否,否
综合物资,5100000037,,荧光漆/反光黑3kg,,劳保用品,桶,,其他,,,0,已启用,,,195.0,否,否
综合物资,5100000036,,荧光漆/反光黄3kg,,劳保用品,桶,,其他,,,0,已启用,,,195.0,否,否
综合物资,5100000035,,划线漆/红色3kg,,劳保用品,桶,卡特夫,其他,,,0,已启用,,,89.0,否,否
综合物资,5100000034,,划线漆/天蓝色3kg,,劳保用品,桶,卡特夫,其他,,,0,已启用,,,89.0,否,否
综合物资,5100000033,,划线漆/绿色3kg,,劳保用品,桶,卡特夫,其他,,,0,已启用,,,89.0,否,否
综合物资,5100000032,,划线漆/黄色3KG,,劳保用品,桶,,其他,,,0,已启用,,,85.0,否,否
综合物资,5100000031,,划线漆/1KG,,劳保用品,罐,,其他,,,0,已启用,,,45.0,否,否
综合物资,5100000027,,金属漆防锈漆/0.8kg/桶,,劳保用品,桶,三棵树,其他,,,0,已启用,,,45.0,否,否
综合物资,5100000026,,白色喷漆/0.8kg,,劳保用品,支,,其他,,,0,已启用,,,12.0,否,否
综合物资,5100000025,,绿色喷漆/0.8kg,,劳保用品,支,,其他,,,0,已启用,,,12.0,否,否
综合物资,5100000024,,黄色喷漆/0.8kg,,劳保用品,支,,其他,,,0,已启用,,,12.0,否,否
综合物资,5100000023,,红色喷漆/0.8kg,,劳保用品,支,,其他,,,0,已启用,,,12.0,否,否
综合物资,5100000022,,隔离面罩,,劳保用品,副,,其他,,,0,已启用,,,12.0,否,否
综合物资,5100000021,,一次性雨衣,,劳保用品,件,,其他,,,0,已启用,,,10.0,否,否
综合物资,5100000020,,84消毒液/20kg,,劳保用品,桶,,其他,,,0,已启用,,,185.0,否,否
综合物资,5100000019,,防锈润滑剂/450ML,,劳保用品,支,得力,其他,,,0,已启用,,,18.0,否,否
综合物资,5100000018,,齿轮油/美孚路宝GX/80W-90/4升,,劳保用品,罐,美孚路宝,其他,,,0,已启用,,,130.0,否,否
综合物资,5100000017,,液压油/L-HM68抗磨液压油(高压) 13kg/桶,,劳保用品,桶,昆仑天工,其他,,,0,已启用,,,240.0,否,否
综合物资,5100000016,,水箱宝/绿色0℃ /2KG,,劳保用品,瓶,標榜,其他,,,0,已启用,,,33.0,否,否
综合物资,5100000015,,麦肯锡机油/15W-40/4升,,劳保用品,罐,麦肯锡,其他,,,0,已启用,,,110.0,否,否
综合物资,5100000014,,高温黄油润滑油脂/400g,,劳保用品,支,凯德士,其他,,,0,已启用,,,10.0,否,否
综合物资,5100000013,,白锂润滑脂/WD-40润滑油360ml,,劳保用品,支,武迪,其他,,,0,已启用,,,65.0,否,否
综合物资,5100000012,,磨砂工业油污洗手液/尔哈（EH）EH-70,,劳保用品,瓶,尔哈,其他,,,0,已启用,,,38.0,否,否
综合物资,5100000011,,工业重油污清洗剂/南华千牧     5.3斤/瓶,,劳保用品,瓶,南华千牧,其他,,,0,已启用,,,65.0,否,否
综合物资,5100000010,,水泥清洗剂/500ml,,劳保用品,瓶,盾王,其他,,,0,已启用,,,48.0,否,否
综合物资,5100000009,,鱼线/500米/卷,,劳保用品,卷,,其他,,,0,已启用,,,14.0,否,否
综合物资,5100000008,,手推车橡胶轮/4寸,,劳保用品,个,,其他,,,0,已启用,,,54.0,否,否
综合物资,5100000007,,手推车橡胶轮/3寸,,劳保用品,个,,其他,,,0,已启用,,,54.0,否,否
综合物资,5100000006,,物流箱/600*400*320mm,,劳保用品,个,,其他,,,0,已启用,,,125.0,否,否
综合物资,5100000005,,插排插座收纳盒/30*13*16cm,,劳保用品,个,,其他,,,0,已启用,,,32.0,否,否
综合物资,5100000004,,储物盒/253*176*135mm,,劳保用品,个,华隆,其他,,,0,已启用,,,10.0,否,否
综合物资,5100000003,,马斯特517MCND可调节锁,,劳保用品,把,,其他,,,0,已启用,,,67.0,否,否
综合物资,5100000002,,护腰带/L码,,劳保用品,个,,其他,,,0,已启用,,,270.0,否,否
综合物资,5100000001,,透明收纳箱/中号 33*23*19cm,,劳保用品,个,,其他,,,0,已启用,,,35.0,否,否
综合物资,5400000176,,尿素,,辅料,KG,,其他,,,0,已启用,,,6.5,否,否
综合物资,5400000175,,磷酸二氢钾/25kg,,辅料,包,,其他,,,0,已启用,,,300.0,否,否
综合物资,5400000385,,接液牛角弯管/24#，24/29,,化验耗材,个,,其他,,,0,已启用,,,,否,否
综合物资,5400000384,,"高硼硅流动相溶剂瓶/3L,棕色，带盖2接头",,化验耗材,个,,其他,,,0,已启用,,,,否,否
综合物资,5400000383,,样品瓶/货号：5182-0714,,化验耗材,盒,安捷伦,其他,,,0,已启用,,,,否,否
综合物资,5400000382,,钨灯,,化验耗材,个,日立,其他,,,0,已启用,,,,否,否
综合物资,5400000381,,精密石英比色皿/石英吸收池厚度1cm,,化验耗材,对,,其他,,,0,已启用,,,,否,否
综合物资,5400000380,,食品温度计/304不锈钢 260*25mm,,化验耗材,个,,其他,,,0,已启用,,,68.0,否,否
综合物资,5400000379,,玻璃量筒/10mL,,化验耗材,个,,其他,,,0,已启用,,,4.0,否,否
综合物资,5400000378,,高性能测试杯,,化验耗材,个,北京悠然,其他,,,0,已启用,,,,否,否
综合物资,5400000377,,电动自吸抽水器/抽水器USB壳装+PVC管1米  普通过滤器,,化验耗材,个,,其他,,,0,已启用,,,35.0,否,否
综合物资,5400000376,,氢气发生器用电解池,,化验耗材,个,北京悠然,其他,,,0,已启用,,,,否,否
综合物资,5400000375,,长光程支架/UV2900,,化验耗材,个,,其他,,,0,已启用,,,,否,否
综合物资,5400000374,,石英比色皿/石英吸收池厚度2cm,,化验耗材,个,,其他,,,0,已启用,,,,否,否
综合物资,5400000373,,六次甲基四胺/100g/L,,化验耗材,瓶,,其他,,,0,已启用,,,580.0,否,否
综合物资,5400000372,,三乙胺/色谱纯,,化验耗材,瓶,,其他,,,0,已启用,,,350.0,否,否
综合物资,5400000371,,辛烷磺酸钠/色谱纯,,化验耗材,瓶,,其他,,,0,已启用,,,870.0,否,否
综合物资,5400000370,,庚烷磺酸钠/色谱纯,,化验耗材,瓶,,其他,,,0,已启用,,,850.0,否,否
综合物资,5400000369,,玻璃棒/长30cm直径6mm,,化验耗材,支,,其他,,,0,已启用,,,3.0,否,否
综合物资,5400000368,,纳氏比色管/50mL,,化验耗材,支,,其他,,,0,已启用,,,15.0,否,否
综合物资,5400000367,,称量瓶/带盖扁形40*25,,化验耗材,个,,其他,,,0,已启用,,,14.0,否,否
综合物资,5400000366,,称量瓶/带盖高型20*20,,化验耗材,个,,其他,,,0,已启用,,,12.0,否,否
综合物资,5400000365,,坩埚钳/40cm/16寸（方形）,,化验耗材,个,,其他,,,0,已启用,,,30.0,否,否
综合物资,5400000364,,试管架/双排6孔，配套50毫升比色管,,化验耗材,个,,其他,,,0,已启用,,,50.0,否,否
综合物资,5400000363,,试管架/双排6孔，配套25毫升比色管,,化验耗材,个,,其他,,,0,已启用,,,50.0,否,否
综合物资,5400000362,,高锰酸钾试液/C=0.1mol/L,,化验耗材,瓶,,其他,,,0,已启用,,,150.0,否,否
综合物资,5400000361,,"硝酸银试液/C=0.1mol/L,100ml/瓶",,化验耗材,瓶,,其他,,,0,已启用,,,380.0,否,否
综合物资,5400000360,,二氯化汞饱和溶液/分析纯以上,,化验耗材,瓶,,其他,,,0,已启用,,,260.0,否,否
综合物资,5400000359,,氨水溶液/C（NH3.H2O）=5mol/L，500ml/瓶,,化验耗材,瓶,,其他,,,0,已启用,,,220.0,否,否
综合物资,5400000358,,盐酸溶液/C（HCL）=2mol/L，500ml/瓶,,化验耗材,瓶,,其他,,,0,已启用,,,120.0,否,否
综合物资,5400000357,,标准氯化钠溶液/C（NaCL)=10ug/mL,,化验耗材,瓶,,其他,,,0,已启用,,,230.0,否,否
综合物资,5400000356,,硫代乙酰胺试液/500ml/瓶,,化验耗材,瓶,,其他,,,0,已启用,,,780.0,否,否
综合物资,5400000355,,"标准氯化铵溶液/C（NH4）=10ug/mL,500mL/瓶",,化验耗材,瓶,,其他,,,0,已启用,,,100.0,否,否
综合物资,5400000354,,氢氧化钾/500g/瓶，分析纯以上,,化验耗材,瓶,,其他,,,0,已启用,,,20.0,否,否
综合物资,5400000353,,碘化钾/500g/瓶，分析纯以上,,化验耗材,瓶,,其他,,,0,已启用,,,480.0,否,否
综合物资,5400000352,,氧化镁/500g/瓶，分析纯以上,,化验耗材,瓶,,其他,,,0,已启用,,,55.0,否,否
综合物资,5400000351,,"标准硫酸钾溶液/C（SO4）=100ug/mL,500mL/瓶",,化验耗材,瓶,,其他,,,0,已启用,,,200.0,否,否
综合物资,5400000350,,氯化钡溶液/C=250g/L，500mL/瓶,,化验耗材,瓶,,其他,,,0,已启用,,,210.0,否,否
综合物资,5400000349,,硫酸肼/100g/瓶，分析纯以上,,化验耗材,瓶,,其他,,,0,已启用,,,25.0,否,否
综合物资,5400000348,,乌洛托品溶液/C=100g/L,,化验耗材,瓶,,其他,,,0,已启用,,,330.0,否,否
综合物资,5400000347,,酚酞指示剂/C=10g/L乙醇溶液,,化验耗材,瓶,,其他,,,0,已启用,,,120.0,否,否
综合物资,5400000346,,酚酞指示剂/C=5g/L乙醇溶液,,化验耗材,瓶,,其他,,,0,已启用,,,120.0,否,否
综合物资,5400000345,,氢氧化钠标准溶液/c(NaOH)=1mol/L，500ml/瓶,,化验耗材,瓶,,其他,,,0,已启用,,,90.0,否,否
综合物资,5400000344,,氢氧化钠标准滴定溶液/c(NaOH)=0.1mol/L，500ml/瓶,,化验耗材,瓶,,其他,,,0,已启用,,,90.0,否,否
综合物资,5400000343,,甲醛/500ml/瓶，分析纯以上,,化验耗材,瓶,,其他,,,0,已启用,,,15.0,否,否
综合物资,5400000342,,电源线/MS12001L,,化验耗材,个,,其他,,,0,已启用,,,,否,否
综合物资,5400000341,,电源适配器/PSAC12R-120,,化验耗材,个,,其他,,,0,已启用,,,230.0,否,否
综合物资,5400000340,,罐底耐压强度测定仪的接头/CEBT.015,,化验耗材,个,嘉仪,其他,,,0,已启用,,,,否,否
综合物资,5400000339,,全不锈钢微压表/CVG.036   -40-40KPa,,化验耗材,个,嘉仪,其他,,,0,已启用,,,,否,否
综合物资,5400000338,,电热炉/1500W,,化验耗材,个,,其他,,,0,已启用,,,260.0,否,否
综合物资,5400000337,,塑料烧杯/4000mL,,化验耗材,个,,其他,,,0,已启用,,,28.0,否,否
综合物资,5400000336,,10mL移液枪头盒/10mL通用24孔,,化验耗材,个,,其他,,,0,已启用,,,28.0,否,否
综合物资,5400000335,,5000uL移液枪头盒/5mL28孔，孔径13mm,,化验耗材,个,,其他,,,0,已启用,,,30.0,否,否
综合物资,5400000334,,液相进样针座/货号：G1329-87017,,化验耗材,个,安捷伦,其他,,,0,已启用,,,,否,否
综合物资,5400000333,,PH电极/Inlab Exp Pro-ISM,,化验耗材,个,梅特勒,其他,,,0,已启用,,,,否,否
综合物资,5400000332,,50mL具塞刻度管/50mL带刻度,,化验耗材,个,,其他,,,0,已启用,,,16.3,否,否
综合物资,5400000331,,"液相色谱硅胶柱/C18硅烷键合硅胶色谱柱，货号：A2006150X046 Polaris 180AAmide-C18,4.6x150 mm/,5um.",,化验耗材,个,安捷伦,其他,,,0,已启用,,,,否,否
综合物资,5400000330,,样品瓶盖（含垫）/货号：UR-5820-9mm-500,,化验耗材,包,URAN,其他,,,0,已启用,,,,否,否
综合物资,5400000329,,旋盖无菌水样袋/500ml 100pcs/箱 HH-SY500,,化验耗材,箱,环凯生物,其他,,,0,已启用,,,,否,否
综合物资,5400000328,,EMS同步带GT2.5-245MM,,化验耗材,条,广东嘉仪,其他,,,0,已启用,,,,否,否
综合物资,5400000327,,玻璃量筒/150mL(分度值1mL)，直径32mm,,化验耗材,个,POMEX,其他,,,0,已启用,,,12.0,否,否
综合物资,5400000326,,AFS-9700双道原子荧光光度计进样针,,化验耗材,支,北京海光仪器有限公司,其他,,,0,已启用,,,,否,否
综合物资,5400000325,,食用合成色素诱惑红/1.00mg/mL 5mL/瓶,,化验耗材,瓶,北京海岸鸿蒙标准物质技术有限责任公司,其他,,,0,已启用,,,,否,否
综合物资,5400000324,,L-8900 PH-2缓冲液/1L/瓶,,化验耗材,瓶,天美日立,其他,,,0,已启用,,,,否,否
综合物资,5400000323,,"液相色谱硅胶柱/货号：A2006150X046 Polaris 180AAmide-C18,4.6x150 mm/,5um.",,化验耗材,个,安捷伦,其他,,,0,已启用,,,,否,否
综合物资,5400000322,,Scotch透明胶带/48mm*36.6mm,,化验耗材,卷,3M,其他,,,0,已启用,,,18.0,否,否
综合物资,5400000321,,离子交换袋/氢气发生器用，货号：CP220308026,,化验耗材,个,北京中惠普分析技术研究所,其他,,,0,已启用,,,,否,否
综合物资,5400000320,,液相主动阀芯/货号：5062-8562,,化验耗材,个,安捷伦,其他,,,0,已启用,,,,否,否
综合物资,5400000319,,气相进样针/货号：G4513-80204,,化验耗材,个,安捷伦,其他,,,0,已启用,,,,否,否
综合物资,5400000318,,液相样品瓶盖/货号：5185-5820,,化验耗材,包,安捷伦,其他,,,0,已启用,,,,否,否
综合物资,5400000317,,"SPE萃取柱/WAX 150mg/6ml  30/pkg
货号：1153-0150",,化验耗材,盒,日照科普诺新材料有限公司,其他,,,0,已启用,,,,否,否
综合物资,5400000315,,塑料烧杯/50ml,,化验耗材,个,,其他,,,0,已启用,,,9.0,否,否
综合物资,5400000314,,1号漏斗/内径8.8cm，下孔径1.1cm,,化验耗材,个,,其他,,,0,已启用,,,10.0,否,否
综合物资,5400000313,,LST/250g/瓶,,化验耗材,瓶,,其他,,,0,已启用,,,,否,否
综合物资,5400000312,,TSA培养基/250g/瓶,,化验耗材,瓶,奥博星,其他,,,0,已启用,,,,否,否
综合物资,5400000311,,Mendo培养基/500g/瓶,,化验耗材,瓶,默克,其他,,,0,已启用,,,,否,否
综合物资,5400000310,,MEA培养基/500g/瓶,,化验耗材,瓶,默克,其他,,,0,已启用,,,,否,否
综合物资,5400000309,,"色谱柱/货号：880975-902
4.6*250mm",,化验耗材,个,安捷伦,其他,,,0,已启用,,,,否,否
综合物资,5400000308,,L-8900 PH-1缓冲液/1L/瓶,,化验耗材,瓶,天美日立,其他,,,0,已启用,,,,否,否
综合物资,5400000307,,倒挂PVC耐酸碱容量瓶架/50ml容量瓶30孔，尺寸不超过：长*宽*高=80cm*40cm*25cm,,化验耗材,个,,其他,,,0,已启用,,,330.0,否,否
综合物资,5400000306,,"5mL移液管/5mL,带刻度",,化验耗材,个,,其他,,,0,已启用,,,15.0,否,否
综合物资,5400000305,,试管架（12孔）/12孔，孔径22mm,,化验耗材,个,,其他,,,0,已启用,,,30.0,否,否
综合物资,5400000304,,长柄塑料取样勺/长度范围50-100CM,,化验耗材,个,,其他,,,0,已启用,,,17.6,否,否
综合物资,5400000303,,小口透明塑料瓶（带刻度）/100ml,,化验耗材,个,,其他,,,0,已启用,,,6.4,否,否
综合物资,5400000302,,航空插头2B.308 FGG插头（8-10mm）/代码：13.LPJ.160,,化验耗材,件,嘉仪,其他,,,0,已启用,,,,否,否
综合物资,5400000301,,螺旋电缆/代码：02.DER.476,,化验耗材,件,嘉仪,其他,,,0,已启用,,,,否,否
综合物资,5400000300,,VRBA培养基/250g/瓶,,化验耗材,瓶,,其他,,,0,已启用,,,,否,否
综合物资,5400000299,,梅特勒7.00缓冲液/250ml/瓶,,化验耗材,瓶,梅特勒,其他,,,0,已启用,,,,否,否
综合物资,5400000298,,梅特勒4.01缓冲液/250ml/瓶,,化验耗材,瓶,梅特勒,其他,,,0,已启用,,,,否,否
综合物资,5400000297,,滤膜（黑色）/0.45um/100片/包,,化验耗材,包,赛多利斯,其他,,,0,已启用,,,,否,否
综合物资,5400000296,,滤膜（白色）/0.45um/100片/包,,化验耗材,包,赛多利斯,其他,,,0,已启用,,,,否,否
综合物资,5400000295,,浮游菌检测膜  10个/盒/10个/盒,,化验耗材,盒,赛多利斯,其他,,,0,已启用,,,,否,否
综合物资,5400000294,,氘灯/氘灯,,化验耗材,日立,,其他,,,0,已启用,,,,否,否
综合物资,5400000293,,灭菌锅验证试剂/30支/盒,,化验耗材,盒,新华牌,其他,,,0,已启用,,,,否,否
综合物资,5400000292,,3mol/L KCL溶液/250ml/瓶,,化验耗材,瓶,梅特勒,其他,,,0,已启用,,,,否,否
综合物资,5400000291,,一次性培养皿/90mm*15mm，EO灭菌，500pcs/箱,,化验耗材,箱,,其他,,,0,已启用,,,,否,否
综合物资,5400000290,,一次性培养皿/60mm，EO灭菌，加厚加高1000pcs/箱,,化验耗材,箱,,其他,,,0,已启用,,,,否,否
综合物资,5400000289,,L-8900 PH-4缓冲液/1L/瓶,,化验耗材,瓶,天美日立,其他,,,0,已启用,,,,否,否
综合物资,5400000288,,茚三酮缓冲液/2L/套,,化验耗材,套,天美日立,其他,,,0,已启用,,,,否,否
综合物资,5400000287,,氨基酸分析仪分离柱柱头/货号：855-5094,,化验耗材,个,天美日立,其他,,,0,已启用,,,,否,否
综合物资,5400000286,,萘甲醇标准溶液/安剖瓶 1毫升,,化验耗材,瓶,,其他,,,0,已启用,,,,否,否
综合物资,5400000285,,抗坏血酸/分析纯500g,,化验耗材,瓶,,其他,,,0,已启用,,,,否,否
综合物资,5400000284,,溶剂过滤器（胶塞GL45螺口型）/货号：B-028811,,化验耗材,个,,其他,,,0,已启用,,,,否,否
综合物资,5400000283,,软塑料盖/6-8cm加厚,,化验耗材,个,,其他,,,0,已启用,,,,否,否
综合物资,5400000282,,原子荧光光度计注射器/AFS-9700 2.5毫升长款注射器,,化验耗材,个,北京海光仪器有限公司,其他,,,0,已启用,,,,否,否
综合物资,5400000281,,棕色广口试剂瓶/250mL,,化验耗材,个,,其他,,,0,已启用,,,28.0,否,否
综合物资,5400000280,,棕色广口试剂瓶/100mL,,化验耗材,个,,其他,,,0,已启用,,,25.0,否,否
综合物资,5400000279,,紫外线强度指示卡/100片/盒,,化验耗材,盒,四环牌,其他,,,0,已启用,,,114.0,否,否
综合物资,5400000278,,流动相化学试剂瓶盖/4孔,,化验耗材,个,,其他,,,0,已启用,,,20.0,否,否
综合物资,5400000277,,流动相化学试剂瓶盖/2孔,,化验耗材,个,,其他,,,0,已启用,,,18.5,否,否
综合物资,5400000276,,流动相化学试剂瓶盖/1孔,,化验耗材,个,,其他,,,0,已启用,,,18.5,否,否
综合物资,5400000275,,维生素C标准品/100mg,,化验耗材,瓶,,其他,,,0,已启用,,,586.0,否,否
综合物资,5400000274,,称量瓶/低型/扁型60*30mm加厚款,,化验耗材,个,汇达,其他,,,0,已启用,,,23.5,否,否
综合物资,5400000273,,蒸发皿/60mm,,化验耗材,个,汇达,其他,,,0,已启用,,,12.0,否,否
综合物资,5400000272,,季铵盐,,化验耗材,KG,,其他,,,0,已启用,,,15.0,否,否
综合物资,5400000271,,甲酸/500mL/瓶，分析纯,,化验耗材,瓶,,其他,,,0,已启用,,,70.0,否,否
综合物资,5400000270,,COD检测试剂/3-150mg/L,,化验耗材,支,哈希,其他,,,0,已启用,,,28.5,否,否
综合物资,5400000269,,"25ml试管/高度152mm，内直径17.18mm,
外直径19.53mm,壁厚1.49mm
见图片",,化验耗材,个,,其他,,,0,已启用,,,23.0,否,否
综合物资,5400000268,,白凡士林实验室用/500g/瓶,,化验耗材,瓶,,其他,,,0,已启用,,,19.0,否,否
综合物资,5400000267,,套筒/204,,化验耗材,个,嘉仪,其他,,,0,已启用,,,480.0,否,否
综合物资,5400000266,,滴水架/48位,,化验耗材,个,科睿才,其他,,,0,已启用,,,330.0,否,否
综合物资,5400000265,,氮气氩气塑料管/8mm,,化验耗材,米,,其他,,,0,已启用,,,18.5,否,否
综合物资,5400000264,,滴管架/5-10ml(10mm*30孔）,,化验耗材,个,,其他,,,0,已启用,,,75.0,否,否
综合物资,5400000263,,滴管架/1-3ml(10mm*30孔）,,化验耗材,个,,其他,,,0,已启用,,,48.0,否,否
综合物资,5400000262,,高纯氩/40L,,化验耗材,瓶,德力,其他,,,0,已启用,,,178.46,否,否
综合物资,5400000261,,高纯氮/40L,,化验耗材,瓶,德力,其他,,,0,已启用,,,150.0,否,否
综合物资,5400000260,,纯氩/40L,,化验耗材,瓶,德力,其他,,,0,已启用,,,57.94,否,否
综合物资,5400000259,,高纯氩/10L/≥99.999%,,化验耗材,瓶,德力,其他,,,0,已启用,,,86.92,否,否
综合物资,5400000258,,高纯氮/10L/≥99.999%,,化验耗材,瓶,德力,其他,,,0,已启用,,,57.94,否,否
综合物资,5400000257,,切罐机弹簧/304 ，直径5mm,,化验耗材,条,,其他,,,0,已启用,,,10.0,否,否
综合物资,5400000256,,不锈钢支架活扣配件/不锈钢加硬,,化验耗材,个,,其他,,,0,已启用,,,3.0,否,否
综合物资,5400000255,,VB12检测用试剂盒,,化验耗材,盒,拜发,其他,,,0,已启用,,,3950.0,否,否
综合物资,5400000253,,磁性开关/PTT.061,,化验耗材,个,肇庆嘉仪,其他,,,0,已启用,,,200.0,否,否
综合物资,5400000252,,偏心套/CSS-1000-T202,,化验耗材,个,肇庆嘉仪,其他,,,0,已启用,,,650.0,否,否
综合物资,5400000251,,DER-4线路板控制/DER.039,,化验耗材,个,肇庆嘉仪,其他,,,0,已启用,,,2100.0,否,否
综合物资,5400000250,,STR切头铜套/-,,化验耗材,个,肇庆嘉仪,其他,,,0,已启用,,,500.0,否,否
综合物资,5400000249,,视频采集卡/货号：VSM.092,,化验耗材,个,肇庆嘉仪,其他,,,0,已启用,,,680.0,否,否
综合物资,5400000248,,连接线插头/PTT.200,,化验耗材,个,肇庆嘉仪,其他,,,0,已启用,,,300.0,否,否
综合物资,5400000247,,压力变送器/PTT.400,,化验耗材,个,肇庆嘉仪,其他,,,0,已启用,,,1750.0,否,否
综合物资,5400000246,,偏心套/01.CSS.119,,化验耗材,个,肇庆嘉仪,其他,,,0,已启用,,,650.0,否,否
综合物资,5400000245,,中心压头/STR-C202,,化验耗材,个,肇庆嘉仪,其他,,,0,已启用,,,450.0,否,否
综合物资,5400000244,,PTT.011称重传感器,,化验耗材,个,肇庆嘉仪,其他,,,0,已启用,,,1350.0,否,否
综合物资,5400000243,,空罐电流测定仪底座（209空罐）/DER-CH3,,化验耗材,套,肇庆嘉仪,其他,,,0,已启用,,,2500.0,否,否
综合物资,5400000241,,切罐机刀片,,化验耗材,片,肇庆嘉仪,其他,,,0,已启用,,,56.0,否,否
综合物资,5400000240,,卷边剥离机防护罩,,化验耗材,个,肇庆嘉仪,其他,,,0,已启用,,,180.0,否,否
综合物资,5400000239,,罐盖剥离器中心弹簧,,化验耗材,个,肇庆嘉仪,其他,,,0,已启用,,,50.0,否,否
综合物资,5400000238,,罐盖剥离器中心定位压头/206,,化验耗材,个,肇庆嘉仪,其他,,,0,已启用,,,450.0,否,否
综合物资,5400000237,,206盖内涂膜完整性检测仪转向阀,,化验耗材,个,肇庆嘉仪,其他,,,0,已启用,,,180.0,否,否
综合物资,5400000236,,顶盖/底盖皱纹度刀头,,化验耗材,个,肇庆嘉仪,其他,,,0,已启用,,,420.0,否,否
综合物资,5400000235,,切罐刀片,,化验耗材,片,肇庆嘉仪,其他,,,0,已启用,,,56.0,否,否
综合物资,30000771,,酒精95%/500ml,,化验耗材,瓶,,其他,,,0,已启用,,,18.0,否,否
综合物资,5400000233,,无水乙醇/500ml分析纯,,化验耗材,瓶,,其他,,,0,已启用,,,21.3,否,否
综合物资,5400000232,,乙腈/4L色谱纯,,化验耗材,瓶,,其他,,,0,已启用,,,680.0,否,否
综合物资,5400000231,,甲醇/4L色谱纯,,化验耗材,瓶,,其他,,,0,已启用,,,260.0,否,否
综合物资,30000583,,次氯酸钠,,化验耗材,KG,,其他,,,0,已启用,,,10.0,否,否
综合物资,30000100,,硫酸汞,,化验耗材,瓶,,其他,,,0,已启用,,,320.0,否,否
综合物资,30000089,,重铬酸钾/易制爆,,化验耗材,瓶,,其他,,,0,已启用,,,290.0,否,否
综合物资,30000630,,双氧水/27.5%/易制爆,,化验耗材,KG,,其他,,,0,已启用,,,11.0,否,否
综合物资,5400000225,,硼氢化钾/易制爆,,化验耗材,瓶,,其他,,,0,已启用,,,485.0,否,否
综合物资,30000769,,硝酸500ml优级纯/易制爆,,化验耗材,瓶,,其他,,,0,已启用,,,60.0,否,否
综合物资,30000633,,盐酸/化学纯/易制毒,,化验耗材,KG,,其他,,,0,已启用,,,40.0,否,否
综合物资,30001079,,丙酮/易制毒,,化验耗材,瓶,,其他,,,0,已启用,,,192.0,否,否
综合物资,30000634,,浓硫酸/98%/易制毒,,化验耗材,瓶,,其他,,,0,已启用,,,60.0,否,否
综合物资,30000635,,盐酸500ml分析纯/易制毒,,化验耗材,瓶,,其他,,,0,已启用,,,60.0,否,否
综合物资,5400000219,,石棉网/15cm*15cm(加厚款）,,化验耗材,片,,其他,,,0,已启用,,,8.0,否,否
综合物资,5400000218,,5021笔式电导仪/5021 Cond,,化验耗材,个,,其他,,,0,已启用,,,540.0,否,否
综合物资,5400000217,,50mL适配器/0~50mL,,化验耗材,个,大龙,其他,,,0,已启用,,,180.0,否,否
综合物资,5400000216,,50mL分液枪头/0~50mL,,化验耗材,个,大龙,其他,,,0,已启用,,,63.0,否,否
综合物资,5400000215,,StepMate连续分配移液器/0~50mL,,化验耗材,个,大龙,其他,,,0,已启用,,,1460.0,否,否
综合物资,5400000214,,实验室滴水架/深灰色27棒（免钉）螺丝固定或免钉,,化验耗材,个,,其他,,,0,已启用,,,150.0,否,否
综合物资,5400000213,,塑料滴管/5mL,,化验耗材,包,,其他,,,0,已启用,,,40.0,否,否
综合物资,5400000212,,三乙醇胺--盐酸缓冲溶液/（ph7.00±0.02）,,化验耗材,瓶,,其他,,,0,已启用,,,395.0,否,否
综合物资,5400000211,,三乙醇胺/500mL 分析纯,,化验耗材,瓶,天津富宇精细化工有限公司,其他,,,0,已启用,,,54.0,否,否
综合物资,5400000210,,酸式滴定管/10ml,,化验耗材,支,,其他,,,0,已启用,,,65.0,否,否
综合物资,5400000209,,50mL移液枪头/50mL,,化验耗材,个,,其他,,,0,已启用,,,16.0,否,否
综合物资,5400000208,,50mL手动移液枪/50mL手动移液枪,,化验耗材,把,,其他,,,0,已启用,,,3300.0,否,否
综合物资,5400000207,,酸式滴定管/25ml,,化验耗材,个,,其他,,,0,已启用,,,73.0,否,否
综合物资,5400000206,,移液管架/有机玻璃梯形横式,,化验耗材,个,,其他,,,0,已启用,,,60.0,否,否
综合物资,5400000205,,移液管架/有机玻璃39孔圆盘立式可旋转,,化验耗材,个,,其他,,,0,已启用,,,65.0,否,否
综合物资,5400000204,,PH试纸,,化验耗材,盒,,其他,,,0,已启用,,,86.0,否,否
综合物资,5400000203,,盐酸溶液/500ml/浓度：（c（HCL）=1mol/L）,,化验耗材,瓶,,其他,,,0,已启用,,,460.0,否,否
综合物资,5400000202,,水溶性淀粉/200g,,化验耗材,包,,其他,,,0,已启用,,,40.0,否,否
综合物资,5400000201,,冰乙酸/500ml,,化验耗材,瓶,,其他,,,0,已启用,,,16.0,否,否
综合物资,5400000200,,碘标准溶液/500ml/浓度：（c（1/2I2）=0.0323mol/L）,,化验耗材,瓶,,其他,,,0,已启用,,,500.0,否,否
综合物资,5400000199,,硫代硫酸钠标准滴定溶液/500ml/浓度：（c（Na2S2O3=0.0323 mol/L））,,化验耗材,瓶,,其他,,,0,已启用,,,400.0,否,否
综合物资,5400000198,,奥氏试剂/500ml,,化验耗材,瓶,,其他,,,0,已启用,,,490.0,否,否
综合物资,5400000197,,四甲基蓝/25g,,化验耗材,瓶,,其他,,,0,已启用,,,60.0,否,否
综合物资,5400000196,,酒石酸钾钠/500g,,化验耗材,瓶,,其他,,,0,已启用,,,48.0,否,否
综合物资,5400000195,,硫酸铜/500g,,化验耗材,瓶,,其他,,,0,已启用,,,35.0,否,否
综合物资,5400000194,,洗耳球,,化验耗材,个,,其他,,,0,已启用,,,6.0,否,否
综合物资,5400000193,,玻璃培养皿 90*15mm/10个/盒 /90*15mm/12盒一箱,,化验耗材,箱,国产,其他,,,0,已启用,,,650.0,否,否
综合物资,5400000192,,霉菌酵母测试片/HP003,,化验耗材,包,HANDY PLATE,其他,,,0,已启用,,,195.0,否,否
综合物资,5400000191,,大肠菌群测试片/HP002,,化验耗材,包,HANDY PLATE,其他,,,0,已启用,,,180.0,否,否
综合物资,5400000190,,菌落总数测试片/HP001,,化验耗材,包,HANDY PLATE,其他,,,0,已启用,,,160.0,否,否
综合物资,5400000189,,黄色化学品吸液索吸附棉条（吸油酸碱）/7.6cm*1.2m,,化验耗材,条,,其他,,,0,已启用,,,48.0,否,否
综合物资,5400000188,,黄色吸酸碱危险品吸附棉/40cm*50cm*3mm,,化验耗材,张,,其他,,,0,已启用,,,13.0,否,否
综合物资,5400000187,,玻璃水壶/1.3L,,化验耗材,个,,其他,,,0,已启用,,,45.0,否,否
综合物资,5400000186,,玻璃取样瓶/500ml,,化验耗材,个,,其他,,,0,已启用,,,75.0,否,否
综合物资,5400000185,,磁性转子/3cm,,化验耗材,个,,其他,,,0,已启用,,,13.0,否,否
综合物资,5400000184,,水银玻璃温度计/0-100℃,,化验耗材,盒,,其他,,,0,已启用,,,150.0,否,否
综合物资,5400000183,,战马VB12盒子,,化验耗材,个,,其他,,,0,已启用,,,0.48,否,否
综合物资,5400000182,,VB12盒子/食品级,,化验耗材,个,,其他,,,0,已启用,,,0.53,否,否
综合物资,5400000181,,孟加拉红/250g/瓶,,化验耗材,瓶,国产,其他,,,0,已启用,,,180.0,否,否
综合物资,5400000180,,砷 标准物质/20ml,,化验耗材,瓶,中国计量,其他,,,0,已启用,,,150.0,否,否
综合物资,5400000179,,铅 标准物质/20ml,,化验耗材,瓶,中国计量,其他,,,0,已启用,,,170.0,否,否
综合物资,5400000178,,食用合成色素胭脂红标准物质/5ml/0.500mg/ml,,化验耗材,瓶,中国计量,其他,,,0,已启用,,,180.0,否,否
综合物资,5400000177,,食用合成色素柠檬黄标准物质/5ml/0.500mg/ml,,化验耗材,瓶,中国计量,其他,,,0,已启用,,,190.0,否,否
综合物资,5400000174,,硫酸银,,化验耗材,G,,其他,,,0,已启用,,,10.6,否,否
综合物资,5400000173,,砝码/5000g/F1,,化验耗材,个,,其他,,,0,已启用,,,400.0,否,否
综合物资,5400000172,,砝码/3000g/F1,,化验耗材,个,,其他,,,0,已启用,,,300.0,否,否
综合物资,5400000171,,一次性使用棉签/8cm1菌棉签 2000支（100支*20小包）/袋,,化验耗材,袋,华鲁,其他,,,0,已启用,,,30.0,否,否
综合物资,5400000169,,塑料洗瓶/1000ml 红头,,化验耗材,个,,其他,,,0,已启用,,,11.0,否,否
综合物资,5400000168,,"硅胶塞/直径：上38mm，下33mm
高度：42mm",,化验耗材,个,,其他,,,0,已启用,,,8.0,否,否
综合物资,5400000167,,涂抹棒/10mlX10支/盒,,化验耗材,盒,,其他,,,0,已启用,,,180.0,否,否
综合物资,5400000166,,电池/6v.140mAh-5/v150H,,化验耗材,粒,德国进口,其他,,,0,已启用,,,230.0,否,否
综合物资,5400000165,,移液枪/10ml,,化验耗材,把,,其他,,,0,已启用,,,1850.0,否,否
综合物资,5400000164,,一次性手套/8.5,,化验耗材,双,,其他,,,0,已启用,,,3.6,否,否
综合物资,5400000163,,10ml枪头/10ml枪头（100一包）,,化验耗材,包,,其他,,,0,已启用,,,320.0,否,否
综合物资,5400000162,,1ml枪头/1ml枪头（500一包）,,化验耗材,包,,其他,,,0,已启用,,,120.0,否,否
综合物资,5400000161,,小导管/小导管,,化验耗材,个,,其他,,,0,已启用,,,0.2,否,否
综合物资,5400000160,,25mL玻璃试管/25mL,,化验耗材,个,,其他,,,0,已启用,,,6.0,否,否
综合物资,5400000159,,25mL塑料试管/25mL,,化验耗材,个,,其他,,,0,已启用,,,2.0,否,否
综合物资,5400000158,,10mL玻璃带盖试管/10mL,,化验耗材,个,,其他,,,0,已启用,,,3.8,否,否
综合物资,5400000157,,25mL玻璃带盖试管/25mL,,化验耗材,个,,其他,,,0,已启用,,,6.0,否,否
综合物资,5400000155,,余氯检测瓶/5个/套,,化验耗材,套,,其他,,,0,已启用,,,450.0,否,否
综合物资,5400000154,,塑料试管/25ML,,化验耗材,个,,其他,,,0,已启用,,,2.0,否,否
综合物资,5400000153,,500mL烧杯/500mL,,化验耗材,个,,其他,,,0,已启用,,,10.5,否,否
综合物资,5400000152,,200mL烧杯/200mL,,化验耗材,个,,其他,,,0,已启用,,,9.0,否,否
综合物资,5400000151,,100mL烧杯/100mL,,化验耗材,个,,其他,,,0,已启用,,,6.0,否,否
综合物资,5400000150,,80mL烧杯/80mL,,化验耗材,个,,其他,,,0,已启用,,,6.0,否,否
综合物资,5400000149,,50mL烧杯/50mL,,化验耗材,个,,其他,,,0,已启用,,,5.5,否,否
综合物资,5400000148,,25mL烧杯/25mL,,化验耗材,个,,其他,,,0,已启用,,,4.0,否,否
综合物资,5400000147,,10mL烧杯/10mL,,化验耗材,个,,其他,,,0,已启用,,,3.0,否,否
综合物资,5400000146,,500mL量筒/500mL,,化验耗材,个,,其他,,,0,已启用,,,36.0,否,否
综合物资,5400000145,,100mL香精棕色塑料瓶/100mL,,化验耗材,个,,其他,,,0,已启用,,,4.6,否,否
综合物资,5400000144,,300mL锥形瓶/300mL,,化验耗材,个,,其他,,,0,已启用,,,11.0,否,否
综合物资,5400000143,,500mL锥形瓶/500mL,,化验耗材,个,,其他,,,0,已启用,,,16.0,否,否
综合物资,5400000142,,5000mL抽滤瓶/5000mL,,化验耗材,个,,其他,,,0,已启用,,,260.0,否,否
综合物资,5400000141,,香精取样棕色瓶,,化验耗材,个,,其他,,,0,已启用,,,4.6,否,否
综合物资,5400000139,,苯酚红,,化验耗材,瓶,,其他,,,0,已启用,,,95.0,否,否
综合物资,5400000138,,邻苯二甲酸氢钾,,化验耗材,瓶,,其他,,,0,已启用,,,45.0,否,否
综合物资,5400000136,,测氯药片甘氨酸,,化验耗材,瓶,,其他,,,0,已启用,,,480.0,否,否
综合物资,5400000135,,测氯药片一号片DPD1,,化验耗材,盒,,其他,,,0,已启用,,,850.0,否,否
综合物资,5400000134,,125mL棕色瓶/125mL,,化验耗材,个,,其他,,,0,已启用,,,4.6,否,否
综合物资,5400000133,,50mL容量瓶/50mL,,化验耗材,个,,其他,,,0,已启用,,,165.0,否,否
综合物资,5400000132,,260mL量筒/260mL,,化验耗材,个,,其他,,,0,已启用,,,29.0,否,否
综合物资,5400000131,,100ml量筒/100ml,,化验耗材,个,,其他,,,0,已启用,,,16.0,否,否
综合物资,5400000130,,25ml移液器/25mL,,化验耗材,个,,其他,,,0,已启用,,,130.0,否,否
综合物资,5400000129,,1ml移液器/1mL,,化验耗材,个,,其他,,,0,已启用,,,60.0,否,否
综合物资,5400000128,,50mL移液管/50mL,,化验耗材,个,,其他,,,0,已启用,,,26.0,否,否
综合物资,5400000127,,25mL移液管/25mL,,化验耗材,个,,其他,,,0,已启用,,,22.0,否,否
综合物资,5400000126,,1mL移液管/1mL,,化验耗材,个,,其他,,,0,已启用,,,10.0,否,否
综合物资,5400000125,,灭菌指示带,,化验耗材,卷,,其他,,,0,已启用,,,105.0,否,否
综合物资,5400000124,,微生物起瓶器,,化验耗材,个,,其他,,,0,已启用,,,15.0,否,否
综合物资,5400000123,,微生物镊子,,化验耗材,个,,其他,,,0,已启用,,,25.0,否,否
综合物资,5400000122,,锥形瓶/500ml,,化验耗材,个,,其他,,,0,已启用,,,30.0,否,否
综合物资,5400000121,,试管刷/-,,化验耗材,个,,其他,,,0,已启用,,,4.5,否,否
综合物资,5400000120,,橡胶手套/-,,化验耗材,副,肇庆市鼎湖区天骄乳胶手套厂,其他,,,0,已启用,,,30.0,否,否
综合物资,5400000119,,中号塑料托盘/32.6cm*25.6cm,,化验耗材,个,,其他,,,0,已启用,,,43.0,否,否
综合物资,5400000118,,小号塑料托盘/26.8cm*20cm,,化验耗材,个,,其他,,,0,已启用,,,30.0,否,否
综合物资,5400000117,,50mL移液管架子/-,,化验耗材,个,,其他,,,0,已启用,,,120.0,否,否
综合物资,5400000116,,移液枪架子/-,,化验耗材,个,上海宝予德科学仪器有限公司,其他,,,0,已启用,,,770.0,否,否
综合物资,5400000115,,2mL塑料离心管盒子（96孔）/96孔,,化验耗材,个,,其他,,,0,已启用,,,103.0,否,否
综合物资,5400000114,,50mL塑料离心管架/12孔,,化验耗材,个,,其他,,,0,已启用,,,65.0,否,否
综合物资,5400000113,,20cm宽头镊子/20cm,,化验耗材,个,,其他,,,0,已启用,,,23.0,否,否
综合物资,5400000112,,14cm尖头镊子/14cm,,化验耗材,个,,其他,,,0,已启用,,,18.0,否,否
综合物资,5400000111,,14cm尖弯头镊子/14cm,,化验耗材,个,,其他,,,0,已启用,,,20.0,否,否
综合物资,5400000110,,200uL移液枪枪头盒/-,,化验耗材,个,,其他,,,0,已启用,,,70.0,否,否
综合物资,5400000109,,1000uL移液枪枪头盒/-,,化验耗材,个,,其他,,,0,已启用,,,80.0,否,否
综合物资,5400000108,,搪瓷盘/30cm*40cm,,化验耗材,个,,其他,,,0,已启用,,,45.0,否,否
综合物资,5400000107,,试管架/直径2cm,,化验耗材,个,,其他,,,0,已启用,,,50.0,否,否
综合物资,5400000106,,称量勺/微量称量勺/-,,化验耗材,个,,其他,,,0,已启用,,,22.0,否,否
综合物资,5400000105,,塑料洗瓶/500ml,,化验耗材,个,,其他,,,0,已启用,,,10.0,否,否
综合物资,5400000104,,塑料烧杯/250ml,,化验耗材,个,,其他,,,0,已启用,,,3.8,否,否
综合物资,5400000103,,塑料筐/40*30cm,,化验耗材,个,,其他,,,0,已启用,,,50.0,否,否
综合物资,5400000102,,胖肚移液管/25mL,,化验耗材,个,,其他,,,0,已启用,,,20.0,否,否
综合物资,5400000101,,吸量管/50mL,,化验耗材,个,,其他,,,0,已启用,,,15.0,否,否
综合物资,5400000100,,吸量管/25mL,,化验耗材,个,,其他,,,0,已启用,,,15.0,否,否
综合物资,5400000099,,吸量管/10mL,,化验耗材,个,,其他,,,0,已启用,,,14.0,否,否
综合物资,5400000098,,吸量管/5mL,,化验耗材,个,,其他,,,0,已启用,,,12.0,否,否
综合物资,5400000097,,吸量管/2mL,,化验耗材,个,,其他,,,0,已启用,,,11.0,否,否
综合物资,5400000096,,吸量管/1mL,,化验耗材,个,,其他,,,0,已启用,,,11.0,否,否
综合物资,5400000095,,玻璃棒/直径5.11mm，长度25cm,,化验耗材,个,,其他,,,0,已启用,,,2.0,否,否
综合物资,5400000094,,玻璃棕色瓶/500ml,,化验耗材,个,,其他,,,0,已启用,,,5.6,否,否
综合物资,5400000093,,玻璃棕色瓶/125ml,,化验耗材,个,,其他,,,0,已启用,,,4.6,否,否
综合物资,5400000092,,G3垂熔漏斗（砂芯漏斗）/100ml,,化验耗材,个,,其他,,,0,已启用,,,29.0,否,否
综合物资,5400000091,,"橡胶塞/直径：上4.5cm，
下3.5cm",,化验耗材,个,,其他,,,0,已启用,,,8.0,否,否
综合物资,5400000090,,具塞比色管/25ml,,化验耗材,个,,其他,,,0,已启用,,,5.0,否,否
综合物资,5400000089,,具塞比色管/10ml,,化验耗材,个,,其他,,,0,已启用,,,4.5,否,否
综合物资,5400000088,,溶剂瓶/2000mL,,化验耗材,个,,其他,,,0,已启用,,,20.0,否,否
综合物资,5400000087,,溶剂瓶/1000mL,,化验耗材,个,,其他,,,0,已启用,,,20.0,否,否
综合物资,5400000086,,溶剂瓶/500mL,,化验耗材,个,,其他,,,0,已启用,,,15.0,否,否
综合物资,5400000085,,抽滤瓶/1000ml,,化验耗材,个,,其他,,,0,已启用,,,50.0,否,否
综合物资,5400000084,,抽滤瓶/500ml,,化验耗材,个,,其他,,,0,已启用,,,40.0,否,否
综合物资,5400000083,,标准液储存专用玻璃瓶/棕色.20ml,,化验耗材,个,,其他,,,0,已启用,,,3.5,否,否
综合物资,5400000082,,标准液储存专用玻璃瓶/透明.20ml,,化验耗材,个,,其他,,,0,已启用,,,3.0,否,否
综合物资,5400000081,,量筒/500ml,,化验耗材,个,,其他,,,0,已启用,,,18.0,否,否
综合物资,5400000080,,量筒/250ml,,化验耗材,个,,其他,,,0,已启用,,,18.0,否,否
综合物资,5400000079,,量筒/100ml,,化验耗材,个,,其他,,,0,已启用,,,16.0,否,否
综合物资,5400000078,,量筒/50ml,,化验耗材,个,,其他,,,0,已启用,,,13.0,否,否
综合物资,5400000077,,玻璃烧杯/2000ml,,化验耗材,个,,其他,,,0,已启用,,,3.5,否,否
综合物资,5400000076,,玻璃烧杯/1000ml,,化验耗材,个,,其他,,,0,已启用,,,3.5,否,否
综合物资,5400000075,,玻璃烧杯/500ml,,化验耗材,个,,其他,,,0,已启用,,,3.5,否,否
综合物资,5400000074,,玻璃烧杯/100ml,,化验耗材,个,,其他,,,0,已启用,,,3.5,否,否
综合物资,5400000073,,玻璃烧杯/50ml,,化验耗材,个,,其他,,,0,已启用,,,3.5,否,否
综合物资,5400000072,,玻璃烧杯/10ml,,化验耗材,个,,其他,,,0,已启用,,,3.0,否,否
综合物资,5400000071,,容量瓶/200ml,,化验耗材,个,进口,其他,,,0,已启用,,,376.0,否,否
综合物资,5400000070,,容量瓶/100ml,,化验耗材,个,,其他,,,0,已启用,,,235.0,否,否
综合物资,5400000069,,具塞玻璃容量瓶/1L,,化验耗材,个,,其他,,,0,已启用,,,450.0,否,否
综合物资,5400000068,,具塞玻璃容量瓶/500ml,,化验耗材,个,,其他,,,0,已启用,,,420.0,否,否
综合物资,5400000067,,透明玻璃容量瓶/50ml,,化验耗材,个,进口,其他,,,0,已启用,,,165.0,否,否
综合物资,5400000066,,具塞容量瓶/100ml,,化验耗材,个,witeg,其他,,,0,已启用,,,160.0,否,否
综合物资,5400000065,,具塞容量瓶/50ml,,化验耗材,个,witeg,其他,,,0,已启用,,,160.0,否,否
综合物资,5400000064,,具塞容量瓶/25ml,,化验耗材,个,witeg,其他,,,0,已启用,,,150.0,否,否
综合物资,5400000063,,具塞容量瓶/20ml,,化验耗材,个,witeg,其他,,,0,已启用,,,144.0,否,否
综合物资,5400000062,,具塞容量瓶/10ml,,化验耗材,个,,其他,,,0,已启用,,,140.0,否,否
综合物资,5400000061,,具塞容量瓶/5ml,,化验耗材,瓶,,其他,,,0,已启用,,,157.0,否,否
综合物资,5400000060,,双圈定性滤纸/直径15cm*100张,,化验耗材,盒,通用电气生物科技,其他,,,0,已启用,,,25.0,否,否
综合物资,5400000059,,凡士林/500g,,化验耗材,瓶,南昌华鑫医药,其他,,,0,已启用,,,34.0,否,否
综合物资,5400000058,,变色硅胶/500g,,化验耗材,瓶,青岛裕睿,其他,,,0,已启用,,,25.0,否,否
综合物资,5400000057,,"5A分子筛/球状，5A型
分析纯",,化验耗材,个,,其他,,,0,已启用,,,79.0,否,否
综合物资,5400000056,,"活性炭/球状,250g",,化验耗材,个,,其他,,,0,已启用,,,80.0,否,否
综合物资,5400000055,,"封口膜/宽度100mm，
125英尺/卷",,化验耗材,瓶,上海安谱,其他,,,0,已启用,,,240.0,否,否
综合物资,5400000054,,3mL塑料滴管/3mL,,化验耗材,个,泰州科健,其他,,,0,已启用,,,0.3,否,否
综合物资,5400000053,,丁腈手套,,化验耗材,双,,其他,,,0,已启用,,,2.2,否,否
综合物资,5400000052,,一次性医用橡胶手套（无粉）,,化验耗材,双,AMMEX,其他,,,0,已启用,,,2.6,否,否
综合物资,5400000051,,10mL一次性注射器/10mL,,化验耗材,个,康福莱,其他,,,0,已启用,,,1.8,否,否
综合物资,5400000050,,2mL一次性注射器/2mL,,化验耗材,个,欧健,其他,,,0,已启用,,,1.5,否,否
综合物资,5400000049,,水系微孔滤膜/150mm*045um,,化验耗材,盒,新亚,其他,,,0,已启用,,,120.0,否,否
综合物资,5400000048,,水系微孔滤膜过滤器 /0.45um/100个一包,,化验耗材,包,AUTOMATIC SCIENGCE INSTRUMENT,其他,,,0,已启用,,,170.0,否,否
综合物资,5400000047,,有机微孔滤膜 /0.45um,,化验耗材,盒,AUTOMATIC SCIENGCE INSTRUMENT,其他,,,0,已启用,,,150.0,否,否
综合物资,5400000046,,水系微孔滤膜/0.45um,,化验耗材,盒,AUTOMATIC SCIENGCE INSTRUMENT,其他,,,0,已启用,,,80.0,否,否
综合物资,5400000045,,0.2um微孔滤膜过滤器/0.2um,,化验耗材,盒,sartorius,其他,,,0,已启用,,,630.0,否,否
综合物资,5400000044,,一次性2mL塑料离心管/2mL,,化验耗材,个,,其他,,,0,已启用,,,0.3,否,否
综合物资,5400000043,,一次性50mL离心管/50mL/50个一包,,化验耗材,包,,其他,,,0,已启用,,,130.0,否,否
综合物资,5400000042,,5000uL移液枪枪头/5000uL,,化验耗材,个,,其他,,,0,已启用,,,1.8,否,否
综合物资,5400000041,,1000uL移液枪枪头/1000uL,,化验耗材,个,,其他,,,0,已启用,,,0.35,否,否
综合物资,5400000040,,200uL移液枪枪头/200uL,,化验耗材,个,,其他,,,0,已启用,,,0.3,否,否
综合物资,5400000039,,10Ml电动移液枪/10Ml,,化验耗材,个,,其他,,,0,已启用,,,5800.0,否,否
综合物资,5400000038,,200uL手动移液枪/200uL,,化验耗材,个,,其他,,,0,已启用,,,1850.0,否,否
综合物资,5400000037,,1000uL手动移液枪/1000uL,,化验耗材,个,,其他,,,0,已启用,,,1850.0,否,否
综合物资,5400000036,,5000uL电动移液枪/5000uL,,化验耗材,个,,其他,,,0,已启用,,,5000.0,否,否
综合物资,5400000035,,氢氧化钠/500g分析纯,,化验耗材,瓶,,其他,,,0,已启用,,,13.0,否,否
综合物资,5400000034,,铁氰化钾/500g分析纯,,化验耗材,瓶,国药,其他,,,0,已启用,,,75.0,否,否
综合物资,5400000033,,硫脲/500g分析纯,,化验耗材,瓶,国药,其他,,,0,已启用,,,39.0,否,否
综合物资,5400000032,,草酸/500g优级纯,,化验耗材,瓶,科密欧,其他,,,0,已启用,,,33.0,否,否
综合物资,5400000031,,甲胺盐酸/100g色谱纯,,化验耗材,瓶,阿拉丁,其他,,,0,已启用,,,115.0,否,否
综合物资,5400000030,,丹磺酰氯/1g色谱纯,,化验耗材,瓶,SIGMA,其他,,,0,已启用,,,960.0,否,否
综合物资,5400000029,,聚酰胺粉/500g100-200目,,化验耗材,瓶,国药,其他,,,0,已启用,,,400.0,否,否
综合物资,5400000028,,冰乙酸/4L色谱纯,,化验耗材,瓶,阿拉丁,其他,,,0,已启用,,,700.0,否,否
综合物资,5400000027,,柠檬酸/500g分析纯,,化验耗材,瓶,,其他,,,0,已启用,,,18.0,否,否
综合物资,5400000026,,无水硫酸钠/500g分析纯,,化验耗材,瓶,,其他,,,0,已启用,,,26.0,否,否
综合物资,5400000025,,乙酸铵/50g色谱纯,,化验耗材,瓶,,其他,,,0,已启用,,,1160.0,否,否
综合物资,5400000024,,无水碳酸钠/500g分析纯,,化验耗材,瓶,,其他,,,0,已启用,,,14.0,否,否
综合物资,5400000023,,1-葵烷磺酸钠/20g色谱纯,,化验耗材,瓶,,其他,,,0,已启用,,,1280.0,否,否
综合物资,5400000022,,工业酒精/12kg工业级,,化验耗材,瓶,,其他,,,0,已启用,,,290.0,否,否
综合物资,5400000021,,氨水/500ml分析纯,,化验耗材,瓶,,其他,,,0,已启用,,,9.5,否,否
综合物资,5400000020,,磷酸/500ml分析纯,,化验耗材,瓶,,其他,,,0,已启用,,,40.0,否,否
综合物资,5400000019,,二甲基甲酰胺/500ml分析纯,,化验耗材,瓶,,其他,,,0,已启用,,,86.0,否,否
综合物资,5400000018,,六甲基二硅胺烷/500ml分析纯,,化验耗材,瓶,,其他,,,0,已启用,,,640.0,否,否
综合物资,5400000017,,三甲基氯硅烷/500ml优级纯,,化验耗材,瓶,,其他,,,0,已启用,,,1350.0,否,否
综合物资,5400000016,,正己烷/500ml分析纯,,化验耗材,瓶,,其他,,,0,已启用,,,20.0,否,否
综合物资,5400000015,,异丙醇/4L色谱纯,,化验耗材,瓶,,其他,,,0,已启用,,,790.0,否,否
综合物资,5400000014,,维生素B12标准品/100mg,,化验耗材,瓶,,其他,,,0,已启用,,,730.0,否,否
综合物资,5400000013,,肌醇标准品/200mg/≥99.5%,,化验耗材,瓶,,其他,,,0,已启用,,,380.0,否,否
综合物资,5400000012,,咖啡因标准品/1mL/100%,,化验耗材,瓶,,其他,,,0,已启用,,,665.0,否,否
综合物资,5400000011,,咖啡因标准品/100mg/100%,,化验耗材,瓶,,其他,,,0,已启用,,,840.0,否,否
综合物资,5400000010,,牛磺酸标准品/100mg/99.9%,,化验耗材,瓶,西格玛,其他,,,0,已启用,,,3340.0,否,否
综合物资,5400000009,,烟酰胺标准品/液态 1000mg/L,,化验耗材,瓶,,其他,,,0,已启用,,,300.0,否,否
综合物资,5400000008,,维生素B6标准品/液态 1000mg/L,,化验耗材,瓶,,其他,,,0,已启用,,,400.0,否,否
综合物资,5400000007,,肌醇标准品/液态 1000mg/L,,化验耗材,瓶,,其他,,,0,已启用,,,330.0,否,否
综合物资,5400000006,,苯甲酸标准品/100mg/100%,,化验耗材,瓶,,其他,,,0,已启用,,,375.0,否,否
综合物资,5400000005,,烟酰胺标准品/100mg/99.9%,,化验耗材,瓶,,其他,,,0,已启用,,,950.0,否,否
综合物资,5400000004,,维生素B6标准品/1000mg/99.9%,,化验耗材,瓶,,其他,,,0,已启用,,,490.0,否,否
综合物资,5400000003,,肌醇标准品/200mg/99.2%,,化验耗材,瓶,,其他,,,0,已启用,,,380.0,否,否
综合物资,5400000002,,盐酸赖氨酸标准品/100mg/99.9%,,化验耗材,瓶,,其他,,,0,已启用,,,550.0,否,否
综合物资,30000636,,医用酒精/75%/500ml/瓶,,化验耗材,瓶,漓峰,其他,,,0,已启用,,,15.0,否,否
综合物资,30000287,,聚合氯化铝/50kg/袋,,辅料,KG,,其他,,,0,已启用,,,6.0,否,否
综合物资,30001083,,杀菌杀藻剂MB-60B/20公斤,,辅料,桶,安治化工,其他,,,0,已启用,,,1905.0,否,否
综合物资,30001082,,生物分散剂AquaSperse/25公斤,,辅料,桶,安治化工,其他,,,0,已启用,,,2882.0,否,否
综合物资,30001081,,塔垢洁套装/3*5公斤每桶CB9099+3*2.4公斤每桶塔垢洁,,辅料,套,安治化工,其他,,,0,已启用,,,5665.0,否,否
综合物资,30000688,,苔藻及菌类杀灭剂/CB9099/20kg,,辅料,桶,安治化工,其他,,,0,已启用,,,1920.0,否,否
综合物资,5300000017,,液氮/槽罐,,辅料,KG,德力梅塞尔,其他,,,0,已启用,,,1.61,否,否
综合物资,5300000016,,液氮/杜瓦罐,,辅料,KG,德力梅塞尔,其他,,,0,已启用,,,2.22,否,否
综合物资,30000603,,阻垢剂/WH100,,辅料,KG,,其他,,,0,已启用,,,73.0,否,否
综合物资,30000002,,片碱/96%/食品级,,辅料,KG,,其他,,,0,已启用,,,8.0,否,否
综合物资,30000899,,工业片碱/99%,,辅料,KG,,其他,,,0,已启用,,,6.0,否,否
综合物资,30001128,,氯化钠晶体/食品级、吨袋包装、去碘,,辅料,KG,,其他,,,0,已启用,,,1.0,否,否
综合物资,5300000011,,液碱/32%食品级,,辅料,KG,,其他,,,0,已启用,,,1.78,否,否
综合物资,30001017,,聚丙烯酰胺（SA9562）/1250分子量60离子度,,辅料,KG,,其他,,,0,已启用,,,42.0,否,否
综合物资,30000600,,二氧化氯/2%/25KG/桶,,辅料,KG,珠研双剑,其他,,,0,已启用,,,12.0,否,否
综合物资,30000582,,伟鲜消毒剂/20KG/桶,,辅料,KG,伟胜化工,其他,,,0,已启用,,,10.0,否,否
综合物资,30000977,,快干墨盒/JS12,,辅料,瓶,易瑞德,其他,,,0,已启用,,,580.0,否,否
综合物资,30000902,,清洗剂/0030,,辅料,瓶,易瑞德,其他,,,0,已启用,,,100.0,否,否
综合物资,30000901,,溶剂/1512,,辅料,瓶,易瑞德,其他,,,0,已启用,,,280.0,否,否
综合物资,30000900,,油墨/1240,,辅料,瓶,易瑞德,其他,,,0,已启用,,,480.0,否,否
综合物资,5100000362,,涤尘/4.15升,,饭堂,桶,华业,其他,,,0,已启用,,,40.0,否,否
综合物资,5100000361,,炉灶清洁剂/（20公斤/箱）一箱5桶,,饭堂,箱,臻葆净,其他,,,0,已启用,,,330.0,否,否
综合物资,5100000360,,酸性除垢剂/（4*5公升/箱）,,饭堂,箱,臻葆净,其他,,,0,已启用,,,330.0,否,否
综合物资,5100000359,,碗碟洗涤剂/（20公升/桶）,,饭堂,桶,臻葆净,其他,,,0,已启用,,,240.0,否,否
综合物资,5100000358,,催干剂/20公升/桶,,饭堂,桶,臻葆净,其他,,,0,已启用,,,380.0,否,否
综合物资,5000000628,,多口usb接口充电器/10口,,办公,个,昂迅,其他,,,0,已启用,,,,否,否
综合物资,5000000627,,磁吸牌双面/双色双面磁吸5*5cm,,办公,块,定制,其他,,,0,已启用,,,,否,否
综合物资,5000000626,,咖啡因重量对比表/40×30cm,,办公,个,定制,其他,,,0,已启用,,,,否,否
综合物资,5000000625,,战马物料标识牌/长33cm×9cm ，PVC材质,,办公,个,定制,其他,,,0,已启用,,,,否,否
综合物资,5000000624,,强化型红牛物料标识牌/长33cm×9cm ，PVC材质,,办公,个,定制,其他,,,0,已启用,,,,否,否
综合物资,5000000623,,普通型红牛物料标识牌/长33cm×9cm ，PVC材质,,办公,个,定制,其他,,,0,已启用,,,,否,否
综合物资,5000000622,,咖 啡 因 管 理/60cm×45cm,,办公,个,定制,其他,,,0,已启用,,,,否,否
综合物资,5000000621,,称料岗位安全操作规程/60cm×45cm,,办公,个,定制,其他,,,0,已启用,,,,否,否
综合物资,5000000620,,称料岗位卫生操作规范/60cm×45cm,,办公,个,定制,其他,,,0,已启用,,,,否,否
综合物资,5000000619,,称料岗位操作规范/60cm×45cm,,办公,个,定制,其他,,,0,已启用,,,,否,否
综合物资,5000000618,,称料质量控制承诺书/60cm×45cm,,办公,个,定制,其他,,,0,已启用,,,,否,否
综合物资,5000000617,,钥匙箱/32位,,办公,个,,其他,,,0,已启用,,,,否,否
综合物资,5000000616,,数字牌/磁吸0-9,,办公,套,定制,其他,,,0,已启用,,,10.0,否,否
综合物资,5000000615,,名字定制牌/磁吸,,办公,个,定制,其他,,,0,已启用,,,8.0,否,否
综合物资,5000000614,,清洁状态牌/双色双面磁吸,,办公,个,定制,其他,,,0,已启用,,,30.0,否,否
综合物资,5000000613,,清洁状态标识/宽21cm，长29.5cm,,办公,个,定制,其他,,,0,已启用,,,260.0,否,否
综合物资,5000000612,,玻纤铝箔胶带/宽6cm长50米,,办公,卷,,其他,,,0,已启用,,,35.0,否,否
综合物资,5000000611,,警示牌/铝板+反光膜,,办公,个,,其他,,,0,已启用,,,380.0,否,否
综合物资,5000000610,,限速牌双面/定制,,办公,个,,其他,,,0,已启用,,,720.0,否,否
综合物资,5000000609,,多功能挂壁收纳盒/大四连体535*95*295MM,,办公,个,,其他,,,0,已启用,,,190.0,否,否
综合物资,5000000608,,多功能挂壁收纳盒/单格挂墙115*95*220MM,,办公,个,,其他,,,0,已启用,,,45.0,否,否
综合物资,5000000607,,一转多插座/GN-96033（一转三）,,办公,个,公牛,其他,,,0,已启用,,,45.0,否,否
综合物资,5000000606,,采集器电池/BX6100/3.8V/9000mAh/34.20Wh,,办公,块,,其他,,,0,已启用,,,310.0,否,否
综合物资,5000000605,,橡胶锤/DL445045Z,,办公,个,得力,其他,,,0,已启用,,,71.0,否,否
综合物资,5000000604,,活动扳手/DL120110,,办公,个,得力,其他,,,0,已启用,,,43.0,否,否
综合物资,5000000603,,10号开口扳手/DL34310,,办公,个,得力,其他,,,0,已启用,,,28.0,否,否
综合物资,5000000602,,17号开口扳手/DL34317,,办公,个,得力,其他,,,0,已启用,,,41.0,否,否
综合物资,5000000601,,内六角匙/DL3590,,办公,套,得力,其他,,,0,已启用,,,22.0,否,否
综合物资,5000000600,,安全月宣传板/PVC板1.2*2.4m,,办公,块,,其他,,,0,已启用,,,345.6,否,否
综合物资,5000000599,,配料战马成品至平衡缸/横版红底白字 耐高温200*40,,办公,个,,其他,,,0,已启用,,,4.0,否,否
综合物资,5000000598,,战马成品回流至APV/横版红底白字 耐高温200*40,,办公,个,,其他,,,0,已启用,,,4.0,否,否
综合物资,5000000597,,战马成品至灌装机/横版红底白字 耐高温200*40,,办公,个,,其他,,,0,已启用,,,4.0,否,否
综合物资,5000000596,,高温RO水加热战马/横版红底白字 耐高温200*40,,办公,个,,其他,,,0,已启用,,,4.0,否,否
综合物资,5000000595,,战马成品至过滤器/横版红底白字 耐高温200*40,,办公,个,,其他,,,0,已启用,,,4.0,否,否
综合物资,5000000594,,成品/横版红底白字 耐高温200*40,,办公,个,,其他,,,0,已启用,,,4.0,否,否
综合物资,5000000593,,配料战马成品至平衡缸/竖版红底白字 耐高温40*200,,办公,个,,其他,,,0,已启用,,,4.0,否,否
综合物资,5000000592,,战马成品回流至APV/竖版红底白字 耐高温40*200,,办公,个,,其他,,,0,已启用,,,4.0,否,否
综合物资,5000000591,,战马成品至灌装机/竖版红底白字 耐高温40*200,,办公,个,,其他,,,0,已启用,,,4.0,否,否
综合物资,5000000590,,高温RO水加热战马/竖版红底白字 耐高温40*200,,办公,个,,其他,,,0,已启用,,,4.0,否,否
综合物资,5000000589,,战马成品至过滤器/竖版红底白字 耐高温40*200,,办公,个,,其他,,,0,已启用,,,4.0,否,否
综合物资,5000000588,,成品/竖版红底白字 耐高温40*200,,办公,个,,其他,,,0,已启用,,,4.0,否,否
综合物资,5000000587,,安全标识-易燃液体/20*30CM,,办公,张,,其他,,,0,已启用,,,15.0,否,否
综合物资,5000000586,,安全标识-担心腐蚀/20*30CM,,办公,张,,其他,,,0,已启用,,,15.0,否,否
综合物资,5000000585,,安全标识-禁止烟火/20*30CM,,办公,张,,其他,,,0,已启用,,,15.0,否,否
综合物资,5000000584,,聚合氯化铝看板/高90cm*宽55cm,,办公,个,,其他,,,0,已启用,,,60.0,否,否
综合物资,5000000583,,《生活中的心理学-性格与人际关系》王垒,,办公,本,,其他,,,0,已启用,,,52.0,否,否
综合物资,5000000582,,《生活中的心理学-动机与行为》王垒,,办公,本,,其他,,,0,已启用,,,49.0,否,否
综合物资,5000000581,,《生活中的心理学-情绪与情感》王垒,,办公,本,,其他,,,0,已启用,,,51.0,否,否
综合物资,5000000580,,《生活中的心理学-认知与理性》王垒,,办公,本,,其他,,,0,已启用,,,50.0,否,否
综合物资,5000000579,,《微教育》朱晓平,,办公,本,,其他,,,0,已启用,,,45.0,否,否
综合物资,5000000578,,生产物流中心罐体质量沟通会/3.6mX0.35m,,办公,幅,,其他,,,0,已启用,,,125.0,否,否
综合物资,5000000577,,“劳动模范”,,办公,条,,其他,,,0,已启用,,,45.0,否,否
综合物资,5000000576,,精益TPM管理项目推行承诺书/2.4m*1.2m,,办公,块,,其他,,,0,已启用,,,280.0,否,否
综合物资,5000000575,,插头转接头/KS-D-BD9M1,,办公,个,,其他,,,0,已启用,,,15.0,否,否
综合物资,5000000574,,无线插座/98023,,办公,个,公牛,其他,,,0,已启用,,,27.0,否,否
综合物资,5000000573,,办公楼通道更换30周年广告/90*110cm,,办公,张,,其他,,,0,已启用,,,,否,否
综合物资,5000000572,,饭堂2楼玻璃更换30周年广告/65*85cm,,办公,套,,其他,,,0,已启用,,,,否,否
综合物资,5000000571,,饭堂2楼玻璃更换30周年广告/55*75cm,,办公,张,,其他,,,0,已启用,,,,否,否
综合物资,5000000570,,饭堂玻璃更换30周年广告/85*110cm,,办公,张,,其他,,,0,已启用,,,,否,否
综合物资,5000000569,,原料状态标识牌/16*14cm,,办公,套,定制,其他,,,0,已启用,,,,否,否
综合物资,5000000568,,安全告示牌,,办公,个,定制,其他,,,0,已启用,,,,否,否
综合物资,5000000567,,原辅料标识卡/白色亚克力,,办公,个,定制,其他,,,0,已启用,,,65.0,否,否
综合物资,5000000566,,手持支架稳定器,,办公,套,,其他,,,0,已启用,,,485.0,否,否
综合物资,5000000564,,2025年度质量目标和指标/60*80cm,,办公,块,定制,其他,,,0,已启用,,,,否,否
综合物资,5000000563,,2025年发货效率图,,办公,块,定制,其他,,,0,已启用,,,,否,否
综合物资,5000000562,,2025年管理目标展板/2.93*1.52m,,办公,张,,其他,,,0,已启用,,,,否,否
综合物资,5000000561,,手持麦座架,,办公,个,,其他,,,0,已启用,,,35.0,否,否
综合物资,5000000560,,hdmi转换器/1hdmi分3hdmi,,办公,个,,其他,,,0,已启用,,,58.0,否,否
综合物资,5000000559,,红牛公司物流门不锈钢牌/1100*7200mm,,办公,块,,其他,,,0,已启用,,,,否,否
综合物资,5000000558,,华彬旗/2号,,办公,面,,其他,,,0,已启用,,,,否,否
综合物资,5000000557,,红牛旗/2号,,办公,面,,其他,,,0,已启用,,,,否,否
综合物资,5000000556,,列席证/95*65mm,,办公,套,,其他,,,0,已启用,,,,否,否
综合物资,5000000555,,噪音危险告知卡/PVC 40*30cm,,办公,张,,其他,,,0,已启用,,,,否,否
综合物资,5000000554,,紫外线危险告知卡/PVC 40*30cm,,办公,张,,其他,,,0,已启用,,,,否,否
综合物资,5000000553,,仪器状态标识牌/亚克力 10*10cm，4区状态E款,,办公,个,,其他,,,0,已启用,,,,否,否
综合物资,5000000367,,数据线/TYPE C / 1m,,办公,条,,其他,,,0,已启用,,,25.0,否,否
综合物资,5000000366,,小蜜蜂扩音器/S37,,办公,个,新好,其他,,,0,已启用,,,189.0,否,否
综合物资,5000000365,,茶壶/1.5升,,办公,个,,其他,,,0,已启用,,,135.0,否,否
综合物资,5000000364,,1号电池/1号电池,,办公,粒,南孚,其他,,,0,已启用,,,28.0,否,否
综合物资,5000000363,,勾扳手/90-155,,办公,个,,其他,,,0,已启用,,,195.0,否,否
综合物资,5000000362,,5S标签纸/2cm宽,,办公,卷,,其他,,,0,已启用,,,14.0,否,否
综合物资,5000000361,,大号透明胶带座/长29cm*宽8cm*高20cm,,办公,个,,其他,,,0,已启用,,,80.0,否,否
综合物资,5000000360,,色带架/S-SL301,,办公,个,,其他,,,0,已启用,,,65.0,否,否
综合物资,5000000359,,标签贴纸/80枚60*30mm不干胶贴纸彩色,,办公,包,,其他,,,0,已启用,,,14.0,否,否
综合物资,5000000358,,防尘罩/牛津布银色定制（长39*宽17*高38）,,办公,个,,其他,,,0,已启用,,,45.0,否,否
综合物资,5000000357,,防尘罩/牛津布银色定制（长58*宽42*高27）,,办公,个,,其他,,,0,已启用,,,45.0,否,否
综合物资,5000000356,,防尘罩/牛津布银色定制（长73*宽40*高25）,,办公,个,,其他,,,0,已启用,,,45.0,否,否
综合物资,5000000355,,插座开关防水罩/螺丝款86型（透明）,,办公,个,,其他,,,0,已启用,,,16.0,否,否
综合物资,5000000354,,防水皮革桌垫现代商务简约海岛椰灰/85*40cm,,办公,块,,其他,,,0,已启用,,,85.0,否,否
综合物资,5000000353,,清洗喷枪,,办公,个,得力,其他,,,0,已启用,,,86.0,否,否
综合物资,5000000352,,螺丝刀/DL26008,,办公,套,得力,其他,,,0,已启用,,,85.0,否,否
综合物资,5000000351,,S-YL201/55m*100mm,,办公,卷,,其他,,,0,已启用,,,270.0,否,否
综合物资,5000000350,,S-GR201/55m*100mm,,办公,卷,,其他,,,0,已启用,,,270.0,否,否
综合物资,5000000349,,S-BL201/55m*100mm,,办公,卷,,其他,,,0,已启用,,,270.0,否,否
综合物资,5000000348,,S-ET201/55m*100mm,,办公,卷,,其他,,,0,已启用,,,270.0,否,否
综合物资,5000000347,,S-RD201/55m*100mm,,办公,卷,,其他,,,0,已启用,,,270.0,否,否
综合物资,5000000346,,S-BK201/55m*100mm,,办公,卷,,其他,,,0,已启用,,,270.0,否,否
综合物资,5000000345,,M-TR301/2/110mm*10mm,,办公,卷,,其他,,,0,已启用,,,60.0,否,否
综合物资,5000000344,,T-SV101/110mm*10mm,,办公,卷,,其他,,,0,已启用,,,130.0,否,否
综合物资,5000000343,,T-GY101/110mm*10mm,,办公,卷,,其他,,,0,已启用,,,130.0,否,否
综合物资,5000000342,,T-FY101/110mm*10mm,,办公,卷,,其他,,,0,已启用,,,130.0,否,否
综合物资,5000000341,,T-BK101/110mm*10mm,,办公,卷,,其他,,,0,已启用,,,68.0,否,否
综合物资,5000000340,,T-GD101/110mm*10mm,,办公,卷,,其他,,,0,已启用,,,78.0,否,否
综合物资,5000000339,,T-RD101/110mm*10mm,,办公,卷,,其他,,,0,已启用,,,68.0,否,否
综合物资,5000000338,,T-GN101/110mm*10mm,,办公,卷,,其他,,,0,已启用,,,68.0,否,否
综合物资,5000000337,,R-BL101/110mm*10mm,,办公,卷,,其他,,,0,已启用,,,68.0,否,否
综合物资,5000000336,,T-TR101/110mm*10mm,,办公,卷,,其他,,,0,已启用,,,68.0,否,否
综合物资,5000000335,,T-YL101/110mm*10mm,,办公,卷,,其他,,,0,已启用,,,68.0,否,否
综合物资,5000000334,,T-WT101/110mm*10mm,,办公,卷,,其他,,,0,已启用,,,68.0,否,否
综合物资,5000000333,,抽屉收纳隔板/长59.6cm*高7cm（7片装）,,办公,组,,其他,,,0,已启用,,,48.0,否,否
综合物资,5000000332,,TCL电视遥控/通用型,,办公,个,,其他,,,0,已启用,,,38.0,否,否
综合物资,5000000331,,电梯按钮/KAN0603,,办公,个,,其他,,,0,已启用,,,35.0,否,否
综合物资,5000000330,,反光贴/红黄10分,,办公,卷,,其他,,,0,已启用,,,75.0,否,否
综合物资,5000000329,,透明立牌卡槽A4单页展板展架/T型抽拉竖款,,办公,个,,其他,,,0,已启用,,,35.0,否,否
综合物资,5000000328,,五线蓝牙低音炮音箱/TNS-1,,办公,个,,其他,,,0,已启用,,,38.0,否,否
综合物资,5000000327,,高精度电子秤/500g/0.01g 承重范围0.05g-500g,,办公,把,,其他,,,0,已启用,,,45.0,否,否
综合物资,5000000326,,得力计时器,,办公,个,,其他,,,0,已启用,,,25.0,否,否
综合物资,5000000325,,锁钳式高压黄油嘴带30cm/DLZJH62,,办公,套,得力,其他,,,0,已启用,,,56.0,否,否
综合物资,5000000324,,多功能尖嘴钳6寸/DL111006Z,,办公,把,得力,其他,,,0,已启用,,,29.0,否,否
综合物资,5000000323,,卡簧钳四件套7寸/DL104507,,办公,套,得力,其他,,,0,已启用,,,35.0,否,否
综合物资,5000000322,,棘轮扳手套装/DL1046,,办公,套,得力,其他,,,0,已启用,,,305.0,否,否
综合物资,5000000321,,机油滤芯扳手（大）/ DL7410,,办公,个,得力,其他,,,0,已启用,,,26.0,否,否
综合物资,5000000320,,机油滤芯扳手（中）/ DL7408,,办公,个,得力,其他,,,0,已启用,,,22.0,否,否
综合物资,5000000319,,三抓滤清器扳手54-116mm(银)/DL7400B,,办公,个,得力,其他,,,0,已启用,,,50.0,否,否
综合物资,5000000318,,不干胶标签/58张/包/15*27mm/10*10,,办公,包,劲威,其他,,,0,已启用,,,82.0,否,否
综合物资,5000000317,,更衣镜165mm*50mm(壁挂式),,办公,个,,其他,,,0,已启用,,,320.0,否,否
综合物资,5000000316,,带显示屏游表卡尺,,办公,把,,其他,,,0,已启用,,,140.0,否,否
综合物资,5000000315,,红外线测温仪,,办公,个,,其他,,,0,已启用,,,85.0,否,否
综合物资,5000000314,,坚固工作灯/W5010经典黑,,办公,个,铁郎,其他,,,0,已启用,,,160.0,否,否
综合物资,5000000313,,5S标签纸/白色（1cm）30卷起订,,办公,卷,,其他,,,0,已启用,,,38.0,否,否
综合物资,5000000312,,5S标签纸/蓝色（1cm）30卷起订,,办公,卷,,其他,,,0,已启用,,,38.0,否,否
综合物资,5000000311,,5S标签纸/黄色（1cm）30卷起订,,办公,卷,,其他,,,0,已启用,,,38.0,否,否
综合物资,5000000310,,活页纸/A5/20孔,,办公,张,,其他,,,0,已启用,,,0.25,否,否
综合物资,5000000309,,指甲钳,,办公,个,,其他,,,0,已启用,,,15.0,否,否
综合物资,5000000308,,台灯/4461,,办公,个,欧普,其他,,,0,已启用,,,120.0,否,否
综合物资,5000000307,,活动扳手/DL006A,,办公,个,得力,其他,,,0,已启用,,,20.0,否,否
综合物资,5000000306,,液体胶50ml/7302,,办公,瓶,得力,其他,,,0,已启用,,,1.8,否,否
综合物资,5000000305,,斜口钳/8寸,,办公,把,得力,其他,,,0,已启用,,,45.0,否,否
综合物资,5000000304,,橡胶圈/3215,,办公,筒,得力,其他,,,0,已启用,,,10.5,否,否
综合物资,5000000303,,自封袋30*40cm/25丝,,办公,个,,其他,,,0,已启用,,,1.6,否,否
综合物资,5000000302,,回形针/50,,办公,盒,得力,其他,,,0,已启用,,,5.5,否,否
综合物资,5000000301,,温湿度计/9010,,办公,个,得力,其他,,,0,已启用,,,42.0,否,否
综合物资,5000000300,,无菌室遮光窗帘/1.8*1.8m,,办公,个,,其他,,,0,已启用,,,285.0,否,否
综合物资,5000000299,,磁性回形针盒/501,,办公,个,齐心,其他,,,0,已启用,,,38.0,否,否
综合物资,5000000298,,体温测量仪/HSYL-01,,办公,个,倍尔康,其他,,,0,已启用,,,155.0,否,否
综合物资,5000000297,,8-10L气瓶便携式小拉车/25*22*100cm,,办公,个,,其他,,,0,已启用,,,265.0,否,否
综合物资,5000000296,,8-10L气瓶固定落地架（1瓶式）/25*22*60cm,,办公,个,,其他,,,0,已启用,,,170.0,否,否
综合物资,5000000295,,8-10L气瓶固定落地架（2瓶式）/45*22*60cm,,办公,个,,其他,,,0,已启用,,,265.0,否,否
综合物资,5000000294,,拉杆车,,办公,个,亮朵,其他,,,0,已启用,,,230.0,否,否
综合物资,5000000293,,塑料手推车/60*90cm,,办公,个,,其他,,,0,已启用,,,185.0,否,否
综合物资,5000000292,,捞网/4米不锈钢杆，不锈钢圈粗网,,办公,个,,其他,,,0,已启用,,,45.0,否,否
综合物资,5000000291,,监控摄像头/BTA-C6620JA,,办公,个,霸天安,其他,,,0,已启用,,,240.0,否,否
综合物资,5000000290,,手写板,,办公,个,汉王,其他,,,0,已启用,,,75.0,否,否
综合物资,5000000289,,光纤收发器/FC-312-20,,办公,台,TP-LINK,其他,,,0,已启用,,,295.0,否,否
综合物资,5000000288,,交换器/8口千兆,,办公,个,TP-LINK,其他,,,0,已启用,,,245.0,否,否
综合物资,5000000287,,公牛30米拖线盘/30米2.5平方大功率GN-804D,,办公,卷,,其他,,,0,已启用,,,845.0,否,否
综合物资,5000000286,,读卡器/双槽3.0,,办公,个,绿联,其他,,,0,已启用,,,58.0,否,否
综合物资,5000000285,,网线/超五类网线/305米,,办公,箱,,其他,,,0,已启用,,,580.0,否,否
综合物资,5000000284,,空调电源线配3口插头/16A,,办公,条,,其他,,,0,已启用,,,25.0,否,否
综合物资,5000000283,,音频线/5米,,办公,条,,其他,,,0,已启用,,,45.0,否,否
综合物资,5000000282,,IC卡/专用一能IC卡,,办公,张,,其他,,,0,已启用,,,7.0,否,否
综合物资,5000000281,,衣帽架/3脚13个挂枝,,办公,个,稳纳,其他,,,0,已启用,,,195.0,否,否
综合物资,5000000280,,无线网卡/TL-WN726N免驱版,,办公,个,TP-LINK,其他,,,0,已启用,,,105.0,否,否
综合物资,5000000279,,USB2.0 方口打印线,,办公,条,,其他,,,0,已启用,,,25.0,否,否
综合物资,5000000278,,HDMI线/5米,,办公,个,,其他,,,0,已启用,,,68.0,否,否
综合物资,5000000277,,打印服务器/TL-PS110U,,办公,个,TP-LINK,其他,,,0,已启用,,,420.0,否,否
综合物资,5000000276,,U盘/64G,,办公,个,金士顿,其他,,,0,已启用,,,98.0,否,否
综合物资,5000000275,,USB打印机延长线/3米,,办公,个,绿联,其他,,,0,已启用,,,35.0,否,否
综合物资,5000000274,,USB转网线口/USB转网线口,,办公,个,,其他,,,0,已启用,,,155.0,否,否
综合物资,5000000273,,HDMI转VGA接口/HDMI转VGA接口,,办公,个,,其他,,,0,已启用,,,50.0,否,否
综合物资,5000000272,,TP-LINK/AC1200,,办公,个,TP-LINK,其他,,,0,已启用,,,170.0,否,否
综合物资,5000000271,,usb集线器/,,办公,个,奥睿科,其他,,,0,已启用,,,45.0,否,否
综合物资,5000000270,,挂钟Φ30cm/9005,,办公,个,得力,其他,,,0,已启用,,,65.0,否,否
综合物资,5000000269,,计算器/GX-120B,,办公,个,卡西欧,其他,,,0,已启用,,,68.0,否,否
综合物资,5000000268,,计算器/夏普EL-2135,,办公,个,夏普,其他,,,0,已启用,,,108.0,否,否
综合物资,5000000267,,计算器/DL-1671,,办公,个,得力,其他,,,0,已启用,,,42.0,否,否
综合物资,5000000266,,插线板/2330/10米,,办公,个,公牛,其他,,,0,已启用,,,105.0,否,否
综合物资,5000000265,,公牛小白USB插座/GN-B333U,,办公,个,公牛,其他,,,0,已启用,,,83.0,否,否
综合物资,5000000264,,公牛小白USB插座/GN-B3033,,办公,个,公牛,其他,,,0,已启用,,,90.0,否,否
综合物资,5000000263,,插线板/GN-217,,办公,个,公牛,其他,,,0,已启用,,,80.0,否,否
综合物资,5000000262,,插线板/GN-216,,办公,个,公牛,其他,,,0,已启用,,,60.0,否,否
综合物资,5000000261,,插线板/GN-H1440,,办公,个,公牛,其他,,,0,已启用,,,65.0,否,否
综合物资,5000000260,,插线板/GN-H1330,,办公,个,公牛,其他,,,0,已启用,,,52.0,否,否
综合物资,5000000259,,电话子机/D61,,办公,个,TCL,其他,,,0,已启用,,,175.0,否,否
综合物资,5000000258,,子机/W263,,办公,个,步步高,其他,,,0,已启用,,,280.0,否,否
综合物资,5000000257,,横式电话/W263,,办公,个,步步高,其他,,,0,已启用,,,350.0,否,否
综合物资,5000000256,,胶带/黄色单面（带底纸）,,办公,卷,,其他,,,0,已启用,,,78.0,否,否
综合物资,5000000255,,篮球网/两件/套,,办公,套,,其他,,,0,已启用,,,75.0,否,否
综合物资,5000000254,,6S彩色不干胶条11痕黄色标示条,,办公,卷,,其他,,,0,已启用,,,,否,否
综合物资,5000000253,,手提篮/蓝色中号,,办公,个,品管用,其他,,,0,已启用,,,21.0,否,否
综合物资,5000000252,,鸡蛋收纳盒/六格,,办公,个,,其他,,,0,已启用,,,14.0,否,否
综合物资,5000000251,,日式铁艺收纳篮/长38厘米宽15厘米高14厘米，挂勾宽3.5厘米,,办公,个,,其他,,,0,已启用,,,55.0,否,否
综合物资,5000000250,,美纹纸/宽3CM/40米,,办公,卷,,其他,,,0,已启用,,,22.0,否,否
综合物资,5000000249,,美纹纸/30674,,办公,卷,得力,其他,,,0,已启用,,,16.0,否,否
综合物资,5000000248,,扎带/4*200mm德力西（500条一包）,,办公,条,,其他,,,0,已启用,,,0.25,否,否
综合物资,5000000247,,激光笔/红光黑壳,,办公,支,魔铁,其他,,,0,已启用,,,85.0,否,否
综合物资,5000000246,,点火器/长嘴,,办公,个,,其他,,,0,已启用,,,15.0,否,否
综合物资,5000000245,,小温湿度计/得力0901,,办公,个,,其他,,,0,已启用,,,35.0,否,否
综合物资,5000000244,,取杯器,,办公,个,,其他,,,0,已启用,,,35.0,否,否
综合物资,5000000243,,报纸夹/7层铝合金/高1米带轮,,办公,个,,其他,,,0,已启用,,,191.0,否,否
综合物资,5000000242,,报纸夹/简易挂墙,,办公,个,,其他,,,0,已启用,,,78.0,否,否
综合物资,5000000241,,热熔铆管/100支一盒,,办公,盒,古德,其他,,,0,已启用,,,75.0,否,否
综合物资,5000000240,,对讲机/UV-6PLUS,,办公,个,宝峰,其他,,,0,已启用,,,220.0,否,否
综合物资,5000000239,,对讲机/888s,,办公,个,宝峰,其他,,,0,已启用,,,200.0,否,否
综合物资,5000000238,,对讲机充电器/智能充电器,,办公,个,,其他,,,0,已启用,,,75.0,否,否
综合物资,5000000237,,阻门器,,办公,个,,其他,,,0,已启用,,,20.0,否,否
综合物资,5000000236,,公文包/A8158,,办公,个,齐心,其他,,,0,已启用,,,25.0,否,否
综合物资,5000000235,,名字印章,,办公,个,,其他,,,0,已启用,,,18.0,否,否
综合物资,5000000234,,可擦写标识牌/小号白色,,办公,个,,其他,,,0,已启用,,,24.0,否,否
综合物资,5000000233,,理线器/小号适用7毫米,,办公,只,,其他,,,0,已启用,,,1.5,否,否
综合物资,5000000232,,黑色玻璃遮阳贴纸/宽50厘米长20米,,办公,米,,其他,,,0,已启用,,,12.0,否,否
综合物资,5000000231,,面纸+底纸/财务部,,办公,套,,其他,,,0,已启用,,,0.4,否,否
综合物资,5000000230,,证件套,,办公,个,,其他,,,0,已启用,,,3.5,否,否
综合物资,5000000229,,胸卡夹,,办公,个,,其他,,,0,已启用,,,1.5,否,否
综合物资,5000000228,,照片纸/A4,,办公,本,,其他,,,0,已启用,,,25.0,否,否
综合物资,5000000227,,印泥/利百代MS-60,,办公,个,,其他,,,0,已启用,,,60.0,否,否
综合物资,5000000226,,热敏标签纸/60*30*4545枚,,办公,卷,,其他,,,0,已启用,,,106.0,否,否
综合物资,5000000225,,一次性警示带/红白,,办公,卷,,其他,,,0,已启用,,,8.0,否,否
综合物资,5000000224,,黄色地板胶带/3cm,,办公,卷,,其他,,,0,已启用,,,14.0,否,否
综合物资,5000000223,,拧盖器/蓝色 20-30L拧盖器,,办公,个,,其他,,,0,已启用,,,18.0,否,否
综合物资,5000000222,,自封袋340*240/3029,,办公,包,红苹果,其他,,,0,已启用,,,29.0,否,否
综合物资,5000000221,,自封袋280*200/3028,,办公,包,红苹果,其他,,,0,已启用,,,22.0,否,否
综合物资,5000000220,,自封袋240*170/3027,,办公,包,红苹果,其他,,,0,已启用,,,17.0,否,否
综合物资,5000000219,,自封袋200*140/3026,,办公,包,得力,其他,,,0,已启用,,,12.0,否,否
综合物资,5000000218,,自封袋170*120/3025,,办公,包,得力,其他,,,0,已启用,,,11.0,否,否
综合物资,5000000217,,自封袋140*100/3024,,办公,包,得力,其他,,,0,已启用,,,7.0,否,否
综合物资,5000000216,,自封袋120*80/3023,,办公,包,得力,其他,,,0,已启用,,,6.0,否,否
综合物资,5000000215,,自封袋100*70/3022,,办公,包,得力,其他,,,0,已启用,,,5.0,否,否
综合物资,5000000214,,46*35*24/20个/包/3423,,办公,包,得力,其他,,,0,已启用,,,4.5,否,否
综合物资,5000000213,,号码贴纸/10MM圆形1-180镭射防水编码,,办公,张,,其他,,,0,已启用,,,12.0,否,否
综合物资,5000000212,,铁书立高23cm/9263,,办公,付,得力,其他,,,0,已启用,,,18.0,否,否
综合物资,5000000211,,双面胶24mm泡棉/30412,,办公,卷,得力,其他,,,0,已启用,,,3.0,否,否
综合物资,5000000210,,双面胶24mm/30403,,办公,卷,得力,其他,,,0,已启用,,,2.0,否,否
综合物资,5000000209,,双面胶18mm/30402,,办公,卷,得力,其他,,,0,已启用,,,2.0,否,否
综合物资,5000000208,,鼠标垫270*220*3mm/3691,,办公,张,得力,其他,,,0,已启用,,,10.0,否,否
综合物资,5000000207,,封箱器56*38.5*35.5cm/800,,办公,个,得力,其他,,,0,已启用,,,10.0,否,否
综合物资,5000000205,,橡皮擦/3cm*2cm*1cm/7535,,办公,个,得力,其他,,,0,已启用,,,3.0,否,否
综合物资,5000000204,,磨砂橡皮擦/7016-80,,办公,个,德国辉柏嘉,其他,,,0,已启用,,,2.0,否,否
综合物资,5000000203,,打孔机两孔/0102,,办公,个,,其他,,,0,已启用,,,23.0,否,否
综合物资,5000000202,,翻页笔/3938,,办公,个,得力,其他,,,0,已启用,,,255.0,否,否
综合物资,5000000201,,号码机专用油墨/7521,,办公,瓶,得力,其他,,,0,已启用,,,6.0,否,否
综合物资,5000000200,,印油/9874（蓝）,,办公,瓶,得力,其他,,,0,已启用,,,5.0,否,否
综合物资,5000000199,,印油/9874（红）,,办公,瓶,得力,其他,,,0,已启用,,,5.0,否,否
综合物资,5000000198,,速干印油/黑,,办公,盒,新力牌,其他,,,0,已启用,,,35.0,否,否
综合物资,5000000197,,光敏印油/9879,,办公,盒,得力,其他,,,0,已启用,,,22.0,否,否
综合物资,5000000196,,速干印台/黑,,办公,盒,新力牌,其他,,,0,已启用,,,35.0,否,否
综合物资,5000000195,,印台/9850,,办公,盒,得力,其他,,,0,已启用,,,16.0,否,否
综合物资,5000000194,,印台/9896（蓝）,,办公,盒,得力,其他,,,0,已启用,,,12.5,否,否
综合物资,5000000193,,印台/9896（红）,,办公,盒,得力,其他,,,0,已启用,,,12.5,否,否
综合物资,5000000192,,印台/9870（蓝）,,办公,盒,得力,其他,,,0,已启用,,,8.5,否,否
综合物资,5000000191,,印台/9870（红）,,办公,盒,得力,其他,,,0,已启用,,,8.5,否,否
综合物资,5000000190,,起钉器10#/0232,,办公,个,,其他,,,0,已启用,,,4.0,否,否
综合物资,5000000189,,固体胶/7093,,办公,支,得力,其他,,,0,已启用,,,3.5,否,否
综合物资,5000000188,,彩色钥匙管理箱专用钥匙牌 24个装 /9330,,办公,盒,得力,其他,,,0,已启用,,,19.0,否,否
综合物资,5000000187,,复写纸A4/9375,,办公,盒,得力,其他,,,0,已启用,,,10.0,否,否
综合物资,5000000186,,色带/得实650,,办公,个,得实,其他,,,0,已启用,,,32.0,否,否
综合物资,5000000185,,色带（带架子）/LQ1600KII H,,办公,个,大正,其他,,,0,已启用,,,60.0,否,否
综合物资,5000000184,,色带（带架子）/LQ-730K色带(黑),,办公,盒,得力,其他,,,0,已启用,,,55.0,否,否
综合物资,5000000183,,胶带座18mm/811,,办公,个,得力,其他,,,0,已启用,,,7.0,否,否
综合物资,5000000182,,胶带18mm/30065,,办公,卷,得力,其他,,,0,已启用,,,1.5,否,否
综合物资,5000000181,,隐形文具胶带/30120,,办公,卷,得力,其他,,,0,已启用,,,2.0,否,否
综合物资,5000000180,,美纹胶带36mm*20y/30672,,办公,卷,得力,其他,,,0,已启用,,,5.0,否,否
综合物资,5000000179,,大透明封箱胶带45MM/30902,,办公,卷,得力,其他,,,0,已启用,,,5.5,否,否
综合物资,5000000178,,旋转自动归零号码机/3位数/001-999,,办公,个,,其他,,,0,已启用,,,205.0,否,否
综合物资,5000000177,,自动号码机6位/7506,,办公,个,得力,其他,,,0,已启用,,,62.0,否,否
综合物资,5000000176,,自动号码机简易8位/7527,,办公,个,得力,其他,,,0,已启用,,,10.0,否,否
综合物资,5000000175,,自动号码机8位/7508,,办公,个,得力,其他,,,0,已启用,,,85.0,否,否
综合物资,5000000174,,卷尺/10m,,办公,把,,其他,,,0,已启用,,,28.0,否,否
综合物资,5000000173,,皮卷尺50m/8219,,办公,把,得力,其他,,,0,已启用,,,55.0,否,否
综合物资,5000000172,,钢卷尺10m/8204,,办公,把,得力,其他,,,0,已启用,,,36.0,否,否
综合物资,5000000171,,直尺100cm/8200,,办公,把,得力,其他,,,0,已启用,,,31.0,否,否
综合物资,5000000170,,直尺50cm/6250,,办公,把,得力,其他,,,0,已启用,,,4.5,否,否
综合物资,5000000169,,直尺20cm/6220,,办公,把,得力,其他,,,0,已启用,,,2.5,否,否
综合物资,5000000168,,不锈钢直尺/8463,,办公,把,得力,其他,,,0,已启用,,,7.8,否,否
综合物资,5000000167,,有线鼠标/3716,,办公,个,得力,其他,,,0,已启用,,,50.0,否,否
综合物资,5000000166,,有线键盘/2168,,办公,个,得力,其他,,,0,已启用,,,60.0,否,否
综合物资,5000000165,,橡胶圈/3218,,办公,袋,得力,其他,,,0,已启用,,,4.2,否,否
综合物资,5000000164,,回形针/0018,,办公,盒,得力,其他,,,0,已启用,,,4.5,否,否
综合物资,5000000163,,白板600*400MM磁性/7842,,办公,个,得力,其他,,,0,已启用,,,57.0,否,否
综合物资,5000000162,,白板900*1800mm/7884,,办公,个,得力,其他,,,0,已启用,,,589.0,否,否
综合物资,5000000161,,白板900*1500mm/7883,,办公,个,得力,其他,,,0,已启用,,,499.0,否,否
综合物资,5000000160,,白板900*1200mm/7882,,办公,个,得力,其他,,,0,已启用,,,399.0,否,否
综合物资,5000000159,,白板600*900mm/7881,,办公,个,得力,其他,,,0,已启用,,,309.0,否,否
综合物资,5000000158,,白板擦/7834,,办公,个,得力,其他,,,0,已启用,,,5.5,否,否
综合物资,5000000157,,白板清洗液/7869,,办公,支,得力,其他,,,0,已启用,,,11.0,否,否
综合物资,5000000156,,重型美工刀/SHEFFIELD/钢盾（S067220）,,办公,把,钢盾,其他,,,0,已启用,,,65.0,否,否
综合物资,5000000155,,折叠电工刀/4014,,办公,把,,其他,,,0,已启用,,,55.0,否,否
综合物资,5000000154,,剪刀160MM/6025,,办公,把,得力,其他,,,0,已启用,,,6.0,否,否
综合物资,5000000153,,剪刀172MM/6026,,办公,把,得力,其他,,,0,已启用,,,8.5,否,否
综合物资,5000000152,,剪刀195MM/6039,,办公,把,得力,其他,,,0,已启用,,,10.0,否,否
综合物资,5000000151,,美工刀/SJ红色折叠刀,,办公,把,得力,其他,,,0,已启用,,,45.0,否,否
综合物资,5000000150,,美工刀/2090,,办公,把,得力,其他,,,0,已启用,,,20.0,否,否
综合物资,5000000149,,教学软磁铁30米/宽20cm*厚1.5mm,,办公,卷,,其他,,,0,已启用,,,32.0,否,否
综合物资,5000000148,,磁条20cm/7850,,办公,条,得力,其他,,,0,已启用,,,3.8,否,否
综合物资,5000000147,,磁条30cm/7860,,办公,条,得力,其他,,,0,已启用,,,4.5,否,否
综合物资,5000000146,,磁钉20mm/7824,,办公,盒,得力,其他,,,0,已启用,,,4.0,否,否
综合物资,5000000145,,磁钉30mm/7825,,办公,盒,得力,其他,,,0,已启用,,,4.0,否,否
综合物资,5000000144,,磁钉40mm/7822,,办公,盒,得力,其他,,,0,已启用,,,6.0,否,否
综合物资,5000000143,,刀片/2016,,办公,盒,得力,其他,,,0,已启用,,,9.8,否,否
综合物资,5000000142,,T型刀片/78001,,办公,盒,得力,其他,,,0,已启用,,,6.0,否,否
综合物资,5000000141,,标签纸/口取纸/8*8,,办公,袋,劲威,其他,,,0,已启用,,,20.0,否,否
综合物资,5000000140,,A4不干胶纸/单面整页白色,,办公,袋,劲威,其他,,,0,已启用,,,23.0,否,否
综合物资,5000000139,,记事贴44*12MM/9062,,办公,包,得力,其他,,,0,已启用,,,4.5,否,否
综合物资,5000000138,,记事贴50*15MM/7154,,办公,包,得力,其他,,,0,已启用,,,4.0,否,否
综合物资,5000000137,,记事贴76*25MM/66306,,办公,包,得力,其他,,,0,已启用,,,3.5,否,否
综合物资,5000000136,,记事贴76*51MM/9075,,办公,包,得力,其他,,,0,已启用,,,2.0,否,否
综合物资,5000000135,,记事贴76*101MM/9077,,办公,包,得力,其他,,,0,已启用,,,3.0,否,否
综合物资,5000000134,,记事贴76*76MM/9052,,办公,包,得力,其他,,,0,已启用,,,2.5,否,否
综合物资,5000000133,,电池/cr2032,,办公,盒,南孚,其他,,,0,已启用,,,3.5,否,否
综合物资,5000000132,,3号电池/R14P  3#,,办公,节,超霸,其他,,,0,已启用,,,3.3,否,否
综合物资,5000000131,,2号电池/2号电池,,办公,粒,南孚,其他,,,0,已启用,,,13.0,否,否
综合物资,5000000130,,电池/72A  12伏,,办公,粒,,其他,,,0,已启用,,,6.0,否,否
综合物资,5000000129,,可充电池/AAA NI-MH 1.2V(7#),,办公,粒,飞利浦,其他,,,0,已启用,,,18.0,否,否
综合物资,5000000128,,GP电池组（9V）/6LR61,,办公,粒,超霸,其他,,,0,已启用,,,3.5,否,否
综合物资,5000000127,,纽扣电池/1.5V-A76-LR44,,办公,粒,超霸,其他,,,0,已启用,,,2.0,否,否
综合物资,5000000126,,7号电池/7号电池,,办公,卡,南孚,其他,,,0,已启用,,,2.5,否,否
综合物资,5000000125,,5号电池/5号电池,,办公,卡,南孚,其他,,,0,已启用,,,2.5,否,否
综合物资,5000000124,,文件袋/B4透明网格拉链袋,,办公,个,,其他,,,0,已启用,,,5.5,否,否
综合物资,5000000123,,11孔资料袋/100只一包/5715,,办公,包,得力,其他,,,0,已启用,,,25.0,否,否
综合物资,5000000122,,A4活页本/5712/80页一本,,办公,本,得力,其他,,,0,已启用,,,60.0,否,否
综合物资,5000000121,,五金装订夹/5549,,办公,盒,得力,其他,,,0,已启用,,,13.0,否,否
综合物资,5000000120,,文件盒/F803A,,办公,个,凤江文具,其他,,,0,已启用,,,25.0,否,否
综合物资,5000000119,,档案盒/A1297,,办公,个,齐心,其他,,,0,已启用,,,28.0,否,否
综合物资,5000000118,,档案盒/33202-A4/55MM,,办公,个,得力,其他,,,0,已启用,,,12.0,否,否
综合物资,5000000117,,粘贴档案盒/5603,,办公,个,得力,其他,,,0,已启用,,,13.0,否,否
综合物资,5000000116,,牛皮纸档案盒/80mm,,办公,个,得力,其他,,,0,已启用,,,4.5,否,否
综合物资,5000000115,,牛皮纸档案盒/5620（60mm）,,办公,个,得力,其他,,,0,已启用,,,4.3,否,否
综合物资,5000000114,,牛皮纸档案盒/5620（50mm）,,办公,个,得力,其他,,,0,已启用,,,3.8,否,否
综合物资,5000000113,,牛皮纸档案盒/5620（40mm）,,办公,个,得力,其他,,,0,已启用,,,3.5,否,否
综合物资,5000000112,,牛皮纸档案盒/5620（30mm）,,办公,个,得力,其他,,,0,已启用,,,3.2,否,否
综合物资,5000000111,,牛皮纸档案袋/8384,,办公,袋,史泰博,其他,,,0,已启用,,,1.3,否,否
综合物资,5000000110,,A4文件套/5700,,办公,包,得力,其他,,,0,已启用,,,1.2,否,否
综合物资,5000000109,,风琴包/72386,,办公,个,得力,其他,,,0,已启用,,,21.0,否,否
综合物资,5000000108,,文件柜-7层/8877,,办公,个,得力,其他,,,0,已启用,,,355.0,否,否
综合物资,5000000107,,文件收纳柜/A4抽屉式5层,,办公,个,得力,其他,,,0,已启用,,,145.0,否,否
综合物资,5000000106,,四联文件架/9848,,办公,个,得力,其他,,,0,已启用,,,25.0,否,否
综合物资,5000000105,,三层文件座/9215,,办公,个,齐心,其他,,,0,已启用,,,68.0,否,否
综合物资,5000000104,,文件袋/8302,,办公,个,得力,其他,,,0,已启用,,,1.5,否,否
综合物资,5000000103,,快劳夹75mm/5963-（285*345*75）,,办公,个,得力,其他,,,0,已启用,,,11.0,否,否
综合物资,5000000102,,快劳夹55mm/5480-（285*315*55）,,办公,个,得力,其他,,,0,已启用,,,12.0,否,否
综合物资,5000000101,,长押夹/5309ES,,办公,个,得力,其他,,,0,已启用,,,10.0,否,否
综合物资,5000000100,,双强力夹/5452,,办公,个,得力,其他,,,0,已启用,,,8.5,否,否
综合物资,5000000099,,单强力夹/5451,,办公,个,得力,其他,,,0,已启用,,,7.0,否,否
综合物资,5000000098,,A4小草书写单板夹/9226（仿皮）,,办公,个,得力,其他,,,0,已启用,,,7.0,否,否
综合物资,5000000097,,A4小草书写单板夹/9226（纸质）,,办公,个,得力,其他,,,0,已启用,,,7.0,否,否
综合物资,5000000096,,A4小草书写单板夹/9226（透明）,,办公,个,得力,其他,,,0,已启用,,,7.0,否,否
综合物资,5000000095,,A4小草书写单板夹/9240（深蓝）,,办公,个,得力,其他,,,0,已启用,,,12.0,否,否
综合物资,5000000094,,A4小草书写单板夹/9240（浅灰）,,办公,个,得力,其他,,,0,已启用,,,12.0,否,否
综合物资,5000000093,,A4/100页资料册/插袋文件册/活页文件夹 /5200,,办公,个,得力,其他,,,0,已启用,,,31.0,否,否
综合物资,5000000092,,A4/80页资料册/插袋文件册/活页文件夹 /5003,,办公,个,得力,其他,,,0,已启用,,,30.0,否,否
综合物资,5000000091,,A4/60页资料册/插袋文件册/活页文件夹 /5256,,办公,个,得力,其他,,,0,已启用,,,18.0,否,否
综合物资,5000000090,,A4/40页资料册/插袋文件册/活页文件夹 /5254,,办公,个,得力,其他,,,0,已启用,,,15.0,否,否
综合物资,5000000089,,A4/30页资料册/插袋文件册/活页文件夹 /5253,,办公,个,得力,其他,,,0,已启用,,,12.0,否,否
综合物资,5000000088,,A4抽杆夹透明拉杆夹文件夹/5531,,办公,包,得力,其他,,,0,已启用,,,1.5,否,否
综合物资,5000000087,,A4透明网格拉链袋/5654,,办公,个,得力,其他,,,0,已启用,,,4.0,否,否
综合物资,5000000086,,订书钉23/13/0213,,办公,盒,得力,其他,,,0,已启用,,,11.0,否,否
综合物资,5000000085,,订书钉10#/0010,,办公,盒,得力,其他,,,0,已启用,,,1.2,否,否
综合物资,5000000084,,订书钉12#/0012,,办公,盒,得力,其他,,,0,已启用,,,1.6,否,否
综合物资,5000000083,,重型订书机/0396,,办公,个,得力,其他,,,0,已启用,,,179.0,否,否
综合物资,5000000082,,12#订书机/0360-12#,,办公,个,得力,其他,,,0,已启用,,,14.0,否,否
综合物资,5000000081,,10#订书机/0229-10#,,办公,个,得力,其他,,,0,已启用,,,8.0,否,否
综合物资,5000000080,,墨盒（手持喷码机）/BLACK 2590,,办公,个,惠普,其他,,,0,已启用,,,710.0,否,否
综合物资,5000000079,,硒鼓/DR-1035,,办公,个,兄弟,其他,,,0,已启用,,,395.0,否,否
综合物资,5000000078,,硒鼓/M281FDW青色,,办公,个,惠普,其他,,,0,已启用,,,550.0,否,否
综合物资,5000000077,,硒鼓/M281FDW红色,,办公,个,惠普,其他,,,0,已启用,,,550.0,否,否
综合物资,5000000076,,硒鼓/M281FDW黄色,,办公,个,惠普,其他,,,0,已启用,,,550.0,否,否
综合物资,5000000075,,硒鼓/M281FDW黑色,,办公,个,惠普,其他,,,0,已启用,,,460.0,否,否
综合物资,5000000074,,成像鼓/DBH-219A,,办公,个,得力,其他,,,0,已启用,,,248.0,否,否
综合物资,5000000073,,硒鼓/2612AX,,办公,个,得力,其他,,,0,已启用,,,90.0,否,否
综合物资,5000000072,,硒鼓/400原装碳粉（青色）,,办公,个,惠普,其他,,,0,已启用,,,870.0,否,否
综合物资,5000000071,,硒鼓/400原装碳粉（红色）,,办公,个,惠普,其他,,,0,已启用,,,870.0,否,否
综合物资,5000000070,,硒鼓/400原装碳粉（黑色）,,办公,个,惠普,其他,,,0,已启用,,,750.0,否,否
综合物资,5000000069,,碳粉/S1810L,,办公,个,富士施乐,其他,,,0,已启用,,,245.0,否,否
综合物资,5000000068,,硒鼓/400原装碳粉,,办公,个,惠普,其他,,,0,已启用,,,870.0,否,否
综合物资,5000000067,,【高清碳粉】单瓶装-2000页/彩格110A碳粉,,办公,瓶,彩格,其他,,,0,已启用,,,25.0,否,否
综合物资,5000000066,,标准版带芯片/1支装/彩格110A黑色硒鼓,,办公,个,彩格,其他,,,0,已启用,,,210.0,否,否
综合物资,5000000065,,墨盒3YM71AA/3YM71AA墨盒,,办公,个,惠普,其他,,,0,已启用,,,130.0,否,否
综合物资,5000000064,,墨盒/TN-1035原装,,办公,只,兄弟,其他,,,0,已启用,,,150.0,否,否
综合物资,5000000063,,硒鼓HP 1536/CE278A,,办公,个,魔鑫,其他,,,0,已启用,,,100.0,否,否
综合物资,5000000062,,硒鼓Canon MF220/CGR-337,,办公,个,魔鑫,其他,,,0,已启用,,,100.0,否,否
综合物资,5000000061,,硒鼓DBH-218A/DBH-218A,,办公,个,得力,其他,,,0,已启用,,,90.0,否,否
综合物资,5000000060,,硒鼓 HP CP1025/CE310A 126A彩色,,办公,个,惠普,其他,,,0,已启用,,,460.0,否,否
综合物资,5000000059,,硒鼓DBH-388AX/DBH-388AX,,办公,个,得力,其他,,,0,已启用,,,80.0,否,否
综合物资,5000000058,,票夹145mm/9531,,办公,个,得力,其他,,,0,已启用,,,5.0,否,否
综合物资,5000000057,,票夹102mm/9532,,办公,个,得力,其他,,,0,已启用,,,3.0,否,否
综合物资,5000000056,,票夹76mm/9533,,办公,个,得力,其他,,,0,已启用,,,2.5,否,否
综合物资,5000000055,,长尾夹50mm/8551,,办公,盒,得力,其他,,,0,已启用,,,13.0,否,否
综合物资,5000000054,,长尾夹41mm/8552,,办公,盒,得力,其他,,,0,已启用,,,19.0,否,否
综合物资,5000000053,,长尾夹32mm/8553,,办公,盒,得力,其他,,,0,已启用,,,11.0,否,否
综合物资,5000000052,,长尾夹25mm/8554,,办公,盒,得力,其他,,,0,已启用,,,14.0,否,否
综合物资,5000000051,,长尾夹19mm/8555,,办公,盒,得力,其他,,,0,已启用,,,8.5,否,否
综合物资,5000000050,,长尾夹15mm/8556,,办公,盒,得力,其他,,,0,已启用,,,9.5,否,否
综合物资,5000000049,,修正液/72856,,办公,套,晨光,其他,,,0,已启用,,,2.5,否,否
综合物资,5000000048,,削笔机/0749,,办公,个,得力,其他,,,0,已启用,,,14.5,否,否
综合物资,5000000047,,笔筒组合/9200,,办公,个,得力,其他,,,0,已启用,,,35.0,否,否
综合物资,5000000046,,笔筒/8931,,办公,个,得力,其他,,,0,已启用,,,12.0,否,否
综合物资,5000000045,,笔芯/黑色0.38,,办公,支,晨光,其他,,,0,已启用,,,2.5,否,否
综合物资,5000000044,,自动铅笔笔芯/7003-2B,,办公,盒,得力,其他,,,0,已启用,,,1.45,否,否
综合物资,5000000043,,按动笔笔芯（黑）/6906,,办公,支,得力,其他,,,0,已启用,,,0.8,否,否
综合物资,5000000042,,按动笔笔芯（蓝）/6906,,办公,支,得力,其他,,,0,已启用,,,0.8,否,否
综合物资,5000000041,,按动笔笔芯（红）/6906,,办公,支,得力,其他,,,0,已启用,,,0.8,否,否
综合物资,5000000040,,中性笔笔芯（黑）/R001,,办公,支,得力,其他,,,0,已启用,,,2.8,否,否
综合物资,5000000039,,中性笔笔芯（蓝）/R001,,办公,支,得力,其他,,,0,已启用,,,2.8,否,否
综合物资,5000000038,,中性笔笔芯（红）/R001,,办公,支,得力,其他,,,0,已启用,,,2.8,否,否
综合物资,5000000037,,油漆笔/白色SP110,,办公,支,中柏,其他,,,0,已启用,,,2.2,否,否
综合物资,5000000036,,水彩笔-36色/7068,,办公,支,得力,其他,,,0,已启用,,,1.0,否,否
综合物资,5000000035,,水彩笔-24色 /7067,,办公,支,得力,其他,,,0,已启用,,,1.0,否,否
综合物资,5000000034,,水彩笔-18色/7066,,办公,支,得力,其他,,,0,已启用,,,0.9,否,否
综合物资,5000000033,,水彩笔-12色/7065,,办公,支,得力,其他,,,0,已启用,,,0.9,否,否
综合物资,5000000032,,油漆笔/SP-110-粉红色,,办公,支,中柏,其他,,,0,已启用,,,4.5,否,否
综合物资,5000000031,,荧光笔（橙）/S600,,办公,支,得力,其他,,,0,已启用,,,2.2,否,否
综合物资,5000000030,,荧光笔（紫）/S600,,办公,支,得力,其他,,,0,已启用,,,2.2,否,否
综合物资,5000000029,,荧光笔（蓝）/S600,,办公,支,得力,其他,,,0,已启用,,,2.2,否,否
综合物资,5000000028,,荧光笔（黄）/S600,,办公,支,得力,其他,,,0,已启用,,,2.2,否,否
综合物资,5000000027,,荧光笔（红）/S600,,办公,支,得力,其他,,,0,已启用,,,2.2,否,否
综合物资,5000000026,,荧光笔（绿）/S600,,办公,支,得力,其他,,,0,已启用,,,2.2,否,否
综合物资,5000000025,,白板笔（黑）/S507,,办公,支,得力,其他,,,0,已启用,,,2.3,否,否
综合物资,5000000024,,白板笔（蓝）/S507,,办公,支,得力,其他,,,0,已启用,,,2.3,否,否
综合物资,5000000023,,白板笔（红）/S507,,办公,支,得力,其他,,,0,已启用,,,2.3,否,否
综合物资,5000000022,,大双头记号笔（黑）/S555,,办公,支,得力,其他,,,0,已启用,,,2.1,否,否
综合物资,5000000021,,大双头记号笔（蓝）/S555,,办公,支,得力,其他,,,0,已启用,,,2.1,否,否
综合物资,5000000020,,大双头记号笔（红）/S555,,办公,支,得力,其他,,,0,已启用,,,2.1,否,否
综合物资,5000000019,,小双头记号笔（黑）/6824,,办公,支,得力,其他,,,0,已启用,,,2.1,否,否
综合物资,5000000018,,小双头记号笔（蓝）/6824,,办公,支,得力,其他,,,0,已启用,,,2.1,否,否
综合物资,5000000017,,小双头记号笔（红）/6824,,办公,支,得力,其他,,,0,已启用,,,2.1,否,否
综合物资,5000000016,,自动铅笔-金属/S716,,办公,支,得力,其他,,,0,已启用,,,4.6,否,否
综合物资,5000000015,,自动铅笔-橡胶/S427,,办公,支,得力,其他,,,0,已启用,,,2.1,否,否
综合物资,5000000014,,铅笔/7084-2B,,办公,支,得力,其他,,,0,已启用,,,0.8,否,否
综合物资,5000000013,,笔/黑色K-37/0.38,,办公,支,晨光,其他,,,0,已启用,,,2.5,否,否
综合物资,5000000012,,按动笔（红）/GP-1008,,办公,支,晨光,其他,,,0,已启用,,,2.2,否,否
综合物资,5000000011,,按动笔（蓝）/GP-1008,,办公,支,晨光,其他,,,0,已启用,,,2.2,否,否
综合物资,5000000010,,按动笔（黑）/GP-1008,,办公,支,晨光,其他,,,0,已启用,,,2.2,否,否
综合物资,5000000009,,中性笔（红）/S702,,办公,支,得力,其他,,,0,已启用,,,3.0,否,否
综合物资,5000000008,,中性笔（蓝）/S702,,办公,支,得力,其他,,,0,已启用,,,3.0,否,否
综合物资,5000000007,,中性笔（黑）/S702,,办公,支,得力,其他,,,0,已启用,,,3.0,否,否
综合物资,5000000006,,按动笔（红）/S01,,办公,支,得力,其他,,,0,已启用,,,2.2,否,否
综合物资,5000000005,,按动笔（黑）/S01,,办公,支,得力,其他,,,0,已启用,,,2.2,否,否
综合物资,5000000004,,A4纸粉色/7757粉红色，100张/包,,办公,包,得力,其他,,,0,已启用,,,12.0,否,否
综合物资,5000000003,,A5打印纸/Z7124,,办公,箱,得力,其他,,,0,已启用,,,122.0,否,否
综合物资,5000000002,,A4打印纸/Z7517,,办公,箱,得力,其他,,,0,已启用,,,122.0,否,否
综合物资,5000000001,,A3打印纸/7397,,办公,包,得力,其他,,,0,已启用,,,50.0,否,否
综合物资,55000379,,BG-得力 6824 记号笔 思达小双头 红色,,办公,支,得力,其他,,,0,已启用,,,1.0,否,否
综合物资,55000378,,BG-得力 6824 记号笔 思达小双头 蓝色,,办公,支,得力,其他,,,0,已启用,,,1.0,否,否
综合物资,55000376,,BG-得力 S01 中性笔 0.5mm 红色,,办公,支,得力,其他,,,0,已启用,,,1.29,否,否
综合物资,55000375,,BG-得力 S01 中性笔 0.5mm 黑色,,办公,支,得力,其他,,,0,已启用,,,1.29,否,否
综合物资,55000360,,BG-晨光 K37 插盖式中性笔 0.38 黑色,,办公,支,晨光,其他,,,0,已启用,,,1.5,否,否
综合物资,55000341,,BG-得力 2011 大号美工刀片(10片/盒),,办公,盒,得力,其他,,,0,已启用,,,4.3,否,否
综合物资,55000340,,BG-得力 2001 大号美工刀 18mm 黄色,,办公,把,得力,其他,,,0,已启用,,,1.9,否,否
综合物资,55000302,,BG-齐心 B2060 文件盘 三层 黑色,,办公,个,齐心,其他,,,0,已启用,,,27.0,否,否
综合物资,55000300,,BG-英雄 883 小双头记号笔 黑色,,办公,支,英雄,其他,,,0,已启用,,,0.7,否,否
综合物资,55000265,,BG-得力 DBH-388AX 硒鼓 2000页 黑色,,办公,个,得力,其他,,,0,已启用,,,56.25,否,否
综合物资,55000257,,BG-得力 7757 彩色复印纸 A4 80G 浅红色 100张/包,,办公,包,得力,其他,,,0,已启用,,,11.28,否,否
综合物资,55000249,,BG-晨光 MF6001 涂改液 12ML 混色,,办公,套,晨光,其他,,,0,已启用,,,2.8,否,否
综合物资,55000237,,BG-史泰博 透明板夹 A4 蓝色 线型带刻度 塑料,,办公,个,史泰博,其他,,,0,已启用,,,5.69,否,否
综合物资,55000235,,BG-得力 DBH-2612AX 激光碳粉盒 3000页 黑色,,办公,个,得力,其他,,,0,已启用,,,53.1,否,否
综合物资,55000224,,BG-真彩 白板笔蓝色,,办公,支,真彩,其他,,,0,已启用,,,1.02,否,否
综合物资,55000223,,BG-真彩 白板笔红色,,办公,支,真彩,其他,,,0,已启用,,,1.02,否,否
综合物资,55000222,,BG-真彩 白板笔黑色,,办公,支,真彩,其他,,,0,已启用,,,1.02,否,否
综合物资,55000206,,BG-得力 简装黑色长尾票夹（12个/盒） 50MM 黑色,,办公,盒,得力,其他,,,0,已启用,,,9.0,否,否
综合物资,55000205,,BG-得力 简装黑色长尾票夹 41mm 黑色,,办公,盒,得力,其他,,,0,已启用,,,6.5,否,否
综合物资,55000204,,BG-得力 简装黑色长尾票夹 32MM 黑色 12个/盒,,办公,盒,得力,其他,,,0,已启用,,,3.6,否,否
综合物资,55000203,,BG-得力 长尾票夹 25MM 12个/盒 黑色,,办公,盒,得力,其他,,,0,已启用,,,2.5,否,否
综合物资,55000202,,BG-得力 简装黑色长尾票夹 19mm 黑色,,办公,盒,得力,其他,,,0,已启用,,,1.6,否,否
综合物资,55000201,,BG-得力 简装黑色长尾票夹 15MM 12只/盒 黑色,,办公,盒,得力,其他,,,0,已启用,,,1.5,否,否
综合物资,55000200,,BG-史泰博 按压式中性笔 12支/盒 0.5 红色,,办公,支,史泰博,其他,,,0,已启用,,,0.92,否,否
综合物资,55000199,,BG-史泰博 按压式中性笔 12支/盒 0.5 蓝色,,办公,支,史泰博,其他,,,0,已启用,,,0.92,否,否
综合物资,55000196,,BG-益而高 837 打孔器 二孔 20页,,办公,个,益而高,其他,,,0,已启用,,,13.0,否,否
综合物资,55000195,,BG-得力 50864 T型抽拉亚克力桌牌 A4 竖式,,办公,个,,其他,,,0,已启用,,,28.3,否,否
综合物资,55000191,,BG-得力 3691 鼠标垫 270*220mm 黑色,,办公,张,得力,其他,,,0,已启用,,,6.97,否,否
综合物资,55000189,,BG-松下 CR2032 /5BC 3V纽扣电池 5粒/盒,,办公,盒,南孚,其他,,,0,已启用,,,11.99,否,否
综合物资,55000175,,史泰博 迷你订书机 蓝色,,办公,个,史泰博,其他,,,0,已启用,,,5.46,否,否
综合物资,55000171,,史泰博 混色加宽抽杆夹 10个,,办公,包,史泰博,其他,,,0,已启用,,,10.86,否,否
综合物资,55000167,,史泰博 起钉器 黑,,办公,个,史泰博,其他,,,0,已启用,,,1.8,否,否
综合物资,55000164,,得力 系列档案盒 A4 55mm 蓝色,,办公,个,得力,其他,,,0,已启用,,,7.72,否,否
综合物资,55000162,,鸣固 美纹纸胶带 5cm*15m 10卷,,办公,卷,,其他,,,0,已启用,,,54.71,否,否
综合物资,55000151,,得力 荧光指示标签 5色 44*12mm,,办公,包,得力,其他,,,0,已启用,,,2.74,否,否
综合物资,55000132,,得力 白板檫 110*50*22mm,,办公,个,得力,其他,,,0,已启用,,,2.31,否,否
综合物资,55000131,,史泰博 中性笔替芯 0.5蓝色 30支,,办公,盒,史泰博,其他,,,0,已启用,,,23.2,否,否
综合物资,55000130,,史泰博 中性笔替芯 0.5红色 20支,,办公,盒,史泰博,其他,,,0,已启用,,,11.76,否,否
综合物资,55000129,,史泰博 中性笔替芯 0.5黑色 20支,,办公,盒,史泰博,其他,,,0,已启用,,,11.76,否,否
综合物资,55000125,,得力 光敏印油 10ml 红色,,办公,盒,得力,其他,,,0,已启用,,,7.79,否,否
综合物资,55000124,,得力 9873 原子印油 10ml 蓝色,,办公,瓶,得力,其他,,,0,已启用,,,2.16,否,否
综合物资,55000123,,得力 原子印油 10ml 红色,,办公,瓶,得力,其他,,,0,已启用,,,2.16,否,否
综合物资,55000099,,BG-戴尔 光电鼠标,,办公,个,戴尔,其他,,,0,已启用,,,22.0,否,否
综合物资,55000098,,BG-戴尔DELL 有线键盘 全尺寸/2024,,办公,个,戴尔,其他,,,0,已启用,,,43.8,否,否
综合物资,55000071,,BG-得力 百事贴 76*76mm 黄色,,办公,包,得力,其他,,,0,已启用,,,2.0,否,否
综合物资,55000065,,BG-公牛 GN-403单控八联插座 1.8米,,办公,个,公牛,其他,,,0,已启用,,,43.5,否,否
综合物资,55000064,,BG-南孚LR6 碱性电池 7号 12粒,,办公,卡,南孚,其他,,,0,已启用,,,26.62,否,否
综合物资,55000063,,BG-南孚LR6 碱性电池 5号 12粒,,办公,卡,南孚,其他,,,0,已启用,,,26.62,否,否
综合物资,55000052,,BG-红苹果 自封袋 340mm*240mm/2024,,办公,包,红苹果,其他,,,0,已启用,,,14.1,否,否
综合物资,55000051,,BG-红苹果 自封袋 280mm*200mm/2024,,办公,包,红苹果,其他,,,0,已启用,,,12.9,否,否
综合物资,55000050,,BG-红苹果 自封袋 170mm*240mm/2024,,办公,包,红苹果,其他,,,0,已启用,,,9.4,否,否
综合物资,55000049,,BG-史泰博 金属网状笔筒,,办公,个,史泰博,其他,,,0,已启用,,,3.08,否,否
综合物资,55000047,,BG-史泰博 A4网格拉链袋 330*242mm,,办公,个,史泰博,其他,,,0,已启用,,,1.73,否,否
综合物资,55000045,,BG-史泰博 资料册 40页 A4,,办公,个,史泰博,其他,,,0,已启用,,,5.96,否,否
综合物资,55000044,,BG-得力 四联文件框,,办公,个,得力,其他,,,0,已启用,,,17.9,否,否
综合物资,55000042,,BG-得力 文件套 100只每包,,办公,包,得力,其他,,,0,已启用,,,58.4,否,否
综合物资,55000041,,BG-得力 中号网状圆笔筒 91*98mm,,办公,个,得力,其他,,,0,已启用,,,4.8,否,否
综合物资,55000039,,BG-得力 语音计算器,,办公,个,得力,其他,,,0,已启用,,,29.5,否,否
综合物资,55000038,,BG-万能通 计算器,,办公,个,万能通,其他,,,0,已启用,,,17.9,否,否
综合物资,55000037,,BG-得力 快干方型印台 137*88mm,,办公,盒,得力,其他,,,0,已启用,,,8.3,否,否
综合物资,55000035,,BG-得力 直尺 20cm/2024,,办公,把,得力,其他,,,0,已启用,,,0.9,否,否
综合物资,55000029,,BG-得力 封箱胶带 48mm50y50um,,办公,卷,得力,其他,,,0,已启用,,,3.35,否,否
综合物资,55000028,,BG-得力 胶用胶纸座 120*60*50um,,办公,个,得力,其他,,,0,已启用,,,4.9,否,否
综合物资,55000025,,PVA固体胶 21g,,办公,支,得力,其他,,,0,已启用,,,0.9,否,否
综合物资,55000024,,BG-得力 美工刀 9mm/2024,,办公,把,得力,其他,,,0,已启用,,,1.0,否,否
综合物资,55000022,,BG-史泰博 办公剪刀 170mm,,办公,把,史泰博,其他,,,0,已启用,,,2.85,否,否
综合物资,55000020,,BG-得力 0594 卷笔刀/2024,,办公,个,得力,其他,,,0,已启用,,,0.5,否,否
综合物资,55000017,,BG-得力 金属回形针 29mm/2024,,办公,盒,得力,其他,,,0,已启用,,,1.2,否,否
综合物资,55000016,,BG-得力 厚层订书钉/2024,,办公,盒,得力,其他,,,0,已启用,,,2.0,否,否
综合物资,55000015,,BG-得力 0012订书钉,,办公,盒,得力,其他,,,0,已启用,,,0.8,否,否
综合物资,55000013,,BG-得力 订书机 50页,,办公,个,得力,其他,,,0,已启用,,,11.52,否,否
综合物资,55000012,,BG-史泰博 10#订书钉1000枚/2024,,办公,盒,得力,其他,,,0,已启用,,,0.46,否,否
综合物资,55000007,,BG-得力 绘图铅笔 2B 12支,,办公,盒,得力,其他,,,0,已启用,,,7.13,否,否
综合物资,55000006,,BG-得力 美术4B橡皮擦 黄色,,办公,个,得力,其他,,,0,已启用,,,0.4,否,否
综合物资,55000005,,BG-得力 荧光笔套装(混) 6色/2024,,办公,盒,得力,其他,,,0,已启用,,,8.6,否,否
综合物资,55000001,,BG-史泰博 按压式中性笔 0.5mm 黑色,,办公,支,史泰博,其他,,,0,已启用,,,0.92,否,否
综合物资,5200000073,,防泄露底盘/340*340*65静载25kg,,安防,个,,其他,,,0,已启用,,,43.0,否,否
综合物资,5200000069,,2位灭火器简易箱,,安防,个,,其他,,,0,已启用,,,34.28,否,否
综合物资,5200000068,,救援绳/长约8米,,安防,条,,其他,,,0,已启用,,,65.0,否,否
综合物资,5200000067,,安全挂钩/180mm,,安防,个,天丽,其他,,,0,已启用,,,45.0,否,否
综合物资,5200000066,,减速带/1米,,安防,条,,其他,,,0,已启用,,,67.0,否,否
综合物资,5200000065,,吊带/3吨 2米,,安防,条,,其他,,,0,已启用,,,25.0,否,否
综合物资,5200000064,,弓形卸扣/5吨、带螺母插销型,,安防,个,,其他,,,0,已启用,,,20.0,否,否
综合物资,5200000063,,单大钩缓冲系绳/1.8米,,安防,条,,其他,,,0,已启用,,,50.0,否,否
综合物资,5200000062,,安全绳/15毫米粗1.5米长带双钩,,安防,条,,其他,,,0,已启用,,,30.0,否,否
综合物资,5200000061,,安全绳/15毫米粗1米长带双钩,,安防,条,,其他,,,0,已启用,,,22.0,否,否
综合物资,5200000060,,U型螺栓/M16,,安防,个,,其他,,,0,已启用,,,22.0,否,否
综合物资,5200000059,,限位绳/1.5米/SG-51002,,安防,条,守众,其他,,,0,已启用,,,120.0,否,否
综合物资,5200000058,,手推车二氧化碳灭火器/24KG,,安防,个,,其他,,,0,已启用,,,1200.0,否,否
综合物资,5200000057,,干粉灭火器/5kg,,安防,个,,其他,,,0,已启用,,,76.0,否,否
综合物资,5200000056,,伸缩式救生杆/5米,,安防,根,,其他,,,0,已启用,,,99.0,否,否
综合物资,5200000055,,安全头盔电筒夹,,安防,个,,其他,,,0,已启用,,,10.0,否,否
综合物资,5200000054,,减速带/梯形高8cm,,安防,个,,其他,,,0,已启用,,,56.25,否,否
综合物资,5200000053,,灭火器箱,,安防,个,,其他,,,0,已启用,,,55.0,否,否
综合物资,5200000052,,安全帽（加厚）,,安防,个,华圣盾,其他,,,0,已启用,,,42.0,否,否
综合物资,5200000051,,棉袖套/加长加厚加长50CM,,安防,双,,其他,,,0,已启用,,,10.0,否,否
综合物资,5200000050,,电焊焊工手套/软皮加长60CM,,安防,双,焊途,其他,,,0,已启用,,,45.0,否,否
综合物资,5200000049,,高空作业电焊氩弧焊面罩配安全帽,,安防,个,盾泽康,其他,,,0,已启用,,,110.0,否,否
综合物资,5200000048,,洗眼器/铜底座单口洗眼器,,安防,个,,其他,,,0,已启用,,,600.0,否,否
综合物资,5200000047,,防护眼镜（防紫外线）/C5240灰片,,安防,副,卡瑞安,其他,,,0,已启用,,,20.0,否,否
综合物资,5200000046,,独立式防爆静电接地夹/3米双铝夹子+螺旋线,,安防,条,,其他,,,0,已启用,,,360.0,否,否
综合物资,5200000045,,不锈钢折叠担架/总长2m，布长1.7m,,安防,个,,其他,,,0,已启用,,,300.0,否,否
综合物资,5200000044,,耐酸碱防化鞋/HG-FHX07,,安防,双,,其他,,,0,已启用,,,85.0,否,否
综合物资,5200000043,,耐酸碱防化手套/二级防化58-335,,安防,双,,其他,,,0,已启用,,,57.0,否,否
综合物资,5200000042,,酸碱类分体式化学品防护服/HG-1WP,,安防,件,,其他,,,0,已启用,,,760.0,否,否
综合物资,5200000041,,防酸碱全面罩套装/HG-911配D-A/B/E/K/CO/H2S-2,,安防,个,,其他,,,0,已启用,,,480.0,否,否
综合物资,5200000040,,救生圈/PVC    50,,安防,个,,其他,,,0,已启用,,,80.0,否,否
综合物资,5200000039,,半身心肺复苏模拟人/ZK/CPR810C,,安防,个,冠邦,其他,,,0,已启用,,,390.0,否,否
综合物资,5200000038,,烟雾弹,,安防,个,JIAN AN,其他,,,0,已启用,,,35.0,否,否
综合物资,5200000037,,发烟饼,,安防,个,,其他,,,0,已启用,,,8.0,否,否
综合物资,5200000036,,安全帽/深蓝色V-Plus,,安防,顶,,其他,,,0,已启用,,,42.0,否,否
综合物资,5200000035,,手推式灭火器气管/手推式灭火器气管,,安防,条,,其他,,,0,已启用,,,105.0,否,否
综合物资,5200000034,,手推车干粉灭火器/30KG,,安防,个,诚壹,其他,,,0,已启用,,,700.0,否,否
综合物资,5200000033,,二氧化碳灭火器/3KG,,安防,个,浙安,其他,,,0,已启用,,,145.0,否,否
综合物资,5200000032,,双钩安全带/680804,,安防,个,,其他,,,0,已启用,,,385.0,否,否
综合物资,5200000031,,手套/12Kv橡胶绝缘,,安防,双,双安,其他,,,0,已启用,,,150.0,否,否
综合物资,5200000030,,氩弧焊帽,,安防,顶,,其他,,,0,已启用,,,85.0,否,否
综合物资,5200000029,,防护眼镜/-,,安防,副,,其他,,,0,已启用,,,25.0,否,否
综合物资,5200000028,,防尘面具/-,,安防,套,3M中国有限公司,其他,,,0,已启用,,,48.0,否,否
综合物资,5200000027,,防毒面具/6200CN,,安防,套,3M中国有限公司,其他,,,0,已启用,,,60.0,否,否
综合物资,5200000026,,导电带/金属链条,,安防,条,,其他,,,0,已启用,,,18.0,否,否
综合物资,5200000025,,干粉灭火器/4kg,,安防,瓶,诚壹,其他,,,0,已启用,,,68.0,否,否
综合物资,5200000024,,消防水枪头/DN65,,安防,个,,其他,,,0,已启用,,,37.0,否,否
综合物资,5200000023,,消防水带/13-65-20,,安防,条,,其他,,,0,已启用,,,280.0,否,否
综合物资,5200000022,,耐酸碱防渗漏托盘/1920*600*50mm/厚10mm/PP材质,,安防,个,,其他,,,0,已启用,,,780.0,否,否
综合物资,5200000021,,长管自吸式呼吸器/HG-CZ,,安防,个,海固,其他,,,0,已启用,,,1000.0,否,否
综合物资,5200000020,,安全吊带/2吨3米,,安防,条,,其他,,,0,已启用,,,210.0,否,否
综合物资,5200000019,,警示锥筒/反光带LOGO,,安防,个,,其他,,,0,已启用,,,36.0,否,否
综合物资,5200000018,,高楼救援绳/10mm/10米,,安防,条,,其他,,,0,已启用,,,50.0,否,否
综合物资,5200000017,,保险扣,,安防,个,,其他,,,0,已启用,,,30.0,否,否
综合物资,5200000016,,救援三脚架,,安防,个,,其他,,,0,已启用,,,2800.0,否,否
综合物资,5200000014,,奥瑞驰水枪/N12一体式收纳架带10.2米出水管+10米延长管,,安防,个,,其他,,,0,已启用,,,272.0,否,否
综合物资,5200000013,,新国标消防水带/8-65-20（3C认证）,,安防,条,,其他,,,0,已启用,,,138.0,否,否
综合物资,5200000012,,消防测压水枪头/带压力表,,安防,个,,其他,,,0,已启用,,,127.0,否,否
综合物资,5200000011,,橡胶消防水带/20米左右,,安防,条,,其他,,,0,已启用,,,140.0,否,否
综合物资,5200000010,,室外道路转弯广角镜/60CM,,安防,个,泰安,其他,,,0,已启用,,,180.0,否,否
综合物资,5200000009,,护目眼镜/CKY-134护目镜,,安防,个,,其他,,,0,已启用,,,28.0,否,否
综合物资,5200000008,,防护耳罩（1426）/3M,,安防,个,,其他,,,0,已启用,,,45.0,否,否
综合物资,5200000007,,防毒面具/3M 3200,,安防,个,,其他,,,0,已启用,,,42.0,否,否
综合物资,5200000006,,棒球帽头盔安全帽,,安防,个,,其他,,,0,已启用,,,45.0,否,否
综合物资,5200000005,,罩式安全帽/星工（白色）,,安防,个,,其他,,,0,已启用,,,48.0,否,否
综合物资,5200000004,,安全带延长带/20cm,,安防,条,,其他,,,0,已启用,,,80.0,否,否
综合物资,5200000003,,过滤式消防自救呼吸器/TZL30,,安防,个,持安,其他,,,0,已启用,,,69.0,否,否
综合物资,5200000002,,防丙酮手套/NS500,,安防,双,,其他,,,0,已启用,,,178.0,否,否
综合物资,5200000001,,防撞帽/SR-1030,,安防,顶,赛锐,其他,,,0,已启用,,,58.0,否,否
原材料,20002065,,顶盖/战马/线上1元乐享2025,177480个/托,包材,个,,原材料,730,30,0,已启用,,,,否,否
原材料,20002023,,顶盖/战马/1元乐享2025,177480个/托,包材,个,,原材料,730,30,0,已启用,,,,否,否
原材料,20001887,,顶盖/战马/1元乐享2024,177480个/托,包材,个,,原材料,730,30,0,已启用,,,,否,否
原材料,20000959,,顶盖/战马/普通型,177480个/托,包材,个,,原材料,730,30,0,已启用,,,,否,否
原材料,20001854,,顶盖/战马/广东云南促销,177480个/托,包材,个,,原材料,730,30,0,已启用,,,,否,否
原材料,20000958,,空罐/战马/普通型/310ML/无顶盖,7590个/托,包材,个,,原材料,730,30,0,已启用,,,0.56,否,否
原材料,20001853,,空罐/战马/310ML/广东云南促销-篮球/无顶盖,7590个/托,包材,个,,原材料,730,30,0,已启用,,,,否,否
原材料,20001886,,空罐/战马/310ML/1元乐享2024-篮球/无顶盖,7590个/托,包材,个,,原材料,730,30,0,已启用,,,,否,否
原材料,20001743,,空罐/战马/310ML/常规-篮球/无顶盖,7590个/托,包材,个,,原材料,730,30,0,已启用,,,,否,否
原材料,20002022,,空罐/战马/310ML/线上1元乐享2025/无顶盖,7590个/托,包材,个,,原材料,730,30,0,已启用,,,,否,否
原材料,20002021,,空罐/战马/310ML/1元乐享2025/无顶盖,7590个/托,包材,个,,原材料,730,30,0,已启用,,,,否,否
原材料,20000888,,机用胶带/战马,10卷/箱,包材,卷,,原材料,730,30,0,已启用,,,38.46,否,否
原材料,20000962,,热缩膜/罐装/战马,420MM*0.06*50KG,包材,KG,,原材料,730,30,0,已启用,,,13.0,否,否
原材料,20001889,,纸箱/战马/罐装/1元乐享2024-篮球-不含箱内码,1200张/托,包材,张,,原材料,730,30,0,已启用,,,1.92,否,否
原材料,20001855,,纸箱/战马/罐装/广东云南促销-篮球,1200张/托,包材,张,,原材料,730,30,0,已启用,,,1.92,否,否
原材料,20001888,,纸箱/战马/罐装/1元乐享2024-篮球-含箱内码,1200张/托,包材,张,,原材料,730,30,0,已启用,,,1.92,否,否
原材料,20001758,,纸箱/战马/罐装/1元乐享2023-LPL女版,1200张/托,包材,张,,原材料,730,30,0,已启用,,,1.92,否,否
原材料,20001755,,纸箱/战马/罐装/1元乐享2023-LPL男版,1200张/托,包材,张,,原材料,730,30,0,已启用,,,1.92,否,否
原材料,20001754,,纸箱/战马/罐装/常规-篮球,1200张/托,包材,张,,原材料,730,30,0,已启用,,,1.92,否,否
原材料,20001752,,纸箱/战马/罐装/1元乐享2023-篮球,1200张/托,包材,张,,原材料,730,30,0,已启用,,,1.92,否,否
原材料,20002070,,纸箱/战马/罐装/线上1元乐享2025-不含箱内码,1200张/托,包材,张,,原材料,730,30,0,已启用,,,1.92,否,否
原材料,20002069,,纸箱/战马/罐装/线上1元乐享2025-含箱内码,1200张/托,包材,张,,原材料,730,30,0,已启用,,,1.92,否,否
原材料,20002067,,纸箱/战马/罐装/1元乐享2025-不含箱内码,1200张/托,包材,张,,原材料,730,30,0,已启用,,,1.92,否,否
原材料,20002066,,纸箱/战马/罐装/1元乐享2025-含箱内码,1200张/托,包材,张,,原材料,730,30,0,已启用,,,1.92,否,否
原材料,20000961,,纸箱/战马/罐装,1200张/托,包材,张,,原材料,730,30,0,已启用,,,1.92,否,否
综合物资,20000890,,维生素C/战马,25kg/箱,内容物,KG,,原材料,1095,90,0,已启用,,,58.11,否,否
综合物资,20000892,,D-核糖/战马,25kg/桶,内容物,KG,,原材料,730,90,0,已启用,,,87.74,否,否
综合物资,20001956,,速溶咖啡粉（≥10%）/战马/杭州茗宝,20kg/箱,内容物,KG,,原材料,730,90,0,已启用,,,203.0,否,否
综合物资,20001060,,速溶咖啡粉（≥10%）/战马/重庆骄王,20kg/箱,内容物,KG,,原材料,730,90,0,已启用,,,241.37,否,否
综合物资,20001059,,速溶咖啡粉（≥10%）/战马/天行健,20kg/箱,内容物,KG,,原材料,730,90,0,已启用,,,241.37,否,否
综合物资,20001058,,速溶咖啡粉（≥10%）/战马/天草,20kg/箱,内容物,KG,,原材料,730,90,0,已启用,,,241.37,否,否
综合物资,20000991,,诱惑红/战马,4kg/箱,内容物,G,,原材料,1825,90,0,已启用,,,0.17,否,否
综合物资,20000990,,柠檬黄/国产/战马,5kg/箱,内容物,G,,原材料,1825,90,0,已启用,,,0.89,否,否
综合物资,20000879,,复合水果香精/战马/艾地盟,180kg/桶,内容物,KG,,原材料,365,90,0,已启用,,,110.0,否,否
综合物资,20000992,,RBMT0906/VB12/战马,100g/听,内容物,G,,原材料,1825,90,0,已启用,,,,否,否
原材料,20000195,,顶盖/206,173250片/板,包材,个,,原材料,730,30,0,已启用,,,,否,否
原材料,20002052,,顶盖/206/2025/1元换购-广西,173250片/板,包材,个,,原材料,730,30,0,已启用,,,,否,否
原材料,20002050,,顶盖/206/2025广东扫码中红包,173250片/板,包材,个,,原材料,730,30,0,已启用,,,,否,否
原材料,20002043,,顶盖/206/2025广东促销,173250片/板,包材,个,,原材料,730,30,0,已启用,,,,否,否
原材料,20000022,,底盖/200,207030片/板,包材,个,,原材料,730,30,0,已启用,,,,否,否
原材料,20002051,,空罐/普通型/250ML/2025年1元换购-广西/无顶盖,8740个/托,包材,个,,原材料,720,30,0,已启用,,,1.02,否,否
原材料,20002049,,空罐/普通型/250ML/2025广东扫码中红包/无顶盖,8740个/托,包材,个,,原材料,720,30,0,已启用,,,1.02,否,否
原材料,20002042,,空罐/普通型/250ML/2025广东促销/无顶盖,8740个/托,包材,个,,原材料,720,30,0,已启用,,,1.02,否,否
原材料,20002029,,空罐/强化型/250ml/蓝色/30周年版/无底盖,7475个/托,包材,个,,原材料,720,30,0,已启用,,,1.0,否,否
原材料,20002028,,空罐/普通型/250ML/30周年版/无顶盖,8740个/托,包材,个,,原材料,720,30,0,已启用,,,1.01,否,否
原材料,20000032,,热熔胶,25kg/袋,包材,KG,,原材料,365,30,0,已启用,,,26.49,否,否
原材料,20000031,,机用胶带,10卷/箱,包材,卷,,原材料,730,30,0,已启用,,,35.89,否,否
原材料,20001880,,热缩膜/六罐装/29周年版,50kg/卷,包材,KG,,原材料,730,30,0,已启用,,,24.0,否,否
原材料,20002036,,热缩膜/六罐装/30周年版,50kg/卷,包材,KG,,原材料,730,30,0,已启用,,,24.0,否,否
原材料,20000029,,热缩膜/375mm,45kg/卷,包材,KG,,原材料,730,30,0,已启用,,,14.0,否,否
原材料,20000503,,热缩膜/900MM,70kg/卷,包材,KG,,原材料,730,30,0,已启用,,,12.0,否,否
原材料,20000028,,热缩膜/450mm,35kg/卷,包材,KG,,原材料,730,30,0,已启用,,,10.0,否,否
原材料,20002079,,纸皮/普通型/250ML/24/1元换购-广西/2025,2000张/托,包材,张,,原材料,730,30,0,已启用,,,1.88,否,否
原材料,20002078,,纸皮/普通型/250ML/24/扫码中红包-广东箱内码专供/2025,2000张/托,包材,张,,原材料,730,30,0,已启用,,,1.88,否,否
原材料,20002074,,纸皮/普通型/250ML/24/30周年普通箱内码/2025,2000张/托,包材,张,,原材料,730,30,0,已启用,,,1.88,否,否
原材料,20002044,,纸皮/普通型/250ML/24/广东促销/2025,2000张/托,包材,张,,原材料,730,30,0,已启用,,,1.88,否,否
原材料,20002034,,纸皮/普通型/250ML/24/30周年/24年广东箱内码三期,2000张/托,包材,张,,原材料,730,30,0,已启用,,,1.88,否,否
原材料,20002033,,纸皮/强化型/250ml/蓝色/30周年版,2000张/托,包材,张,,原材料,730,30,0,已启用,,,1.88,否,否
原材料,20002031,,纸皮/普通型/250ML/30周年版/六罐装/包装,2000张/托,包材,张,,原材料,730,30,0,已启用,,,1.46,否,否
原材料,20002030,,纸皮/普通型/250ML/24/30周年版,2000张/托,包材,张,,原材料,730,30,0,已启用,,,1.88,否,否
综合物资,20001925,,RBMT1118,900kg/桶,内容物,KG,,原材料,540,90,0,已启用,,,106.19,否,否
综合物资,20001805,,RBMT1117,180kg/桶,内容物,KG,,原材料,365,90,0,已启用,,,112.0,否,否
综合物资,20001057,,RBMT1115,180kg/桶,内容物,KG,,原材料,1095,90,0,已启用,,,116.0,否,否
综合物资,20001056,,RBMT1114,180kg/桶,内容物,KG,,原材料,365,90,0,已启用,,,116.0,否,否
综合物资,20000537,,RBMT1113,180kg/桶,内容物,KG,,原材料,360,90,0,已启用,,,126.49,否,否
综合物资,20000865,,RBMT1209,5000g/箱,内容物,G,,原材料,1825,90,0,已启用,,,0.89,否,否
综合物资,20000864,,RBMT1310,5kg/箱,内容物,KG,,原材料,1825,90,0,已启用,,,89.74,否,否
综合物资,20000010,,RBMT1008,20kg/箱,内容物,KG,,原材料,1095,90,0,已启用,,,80.0,否,否
综合物资,20000009,,RBMT0906,100g/听,内容物,G,,原材料,1825,90,0,已启用,,,56.83,否,否
综合物资,20000008,,RBMT0807,25000g/桶,内容物,G,,原材料,1095,90,0,已启用,,,0.14,否,否
综合物资,20000007,,RBMT0701,25kg/袋,内容物,KG,,原材料,730,90,0,已启用,,,11.11,否,否
综合物资,20000006,,RBMT0603,25kg/箱,内容物,KG,,原材料,1095,90,0,已启用,,,20.08,否,否
综合物资,20000005,,RBMT0502,25kg/桶,内容物,KG,,原材料,1825,90,0,已启用,,,66.66,否,否
综合物资,20000004,,RBMT0411,25kg/袋,内容物,KG,,原材料,1095,90,0,已启用,,,7.26,否,否
综合物资,20000003,,RBMT0312,25kg/袋,内容物,KG,,原材料,1095,90,0,已启用,,,7.26,否,否
综合物资,20000002,,RBMT0204,25kg/桶,内容物,KG,,原材料,730,90,0,已启用,,,34.18,否,否
综合物资,20000001,,RBMT0105,25kg/桶,内容物,KG,,原材料,1460,90,0,已启用,,,66.0,否,否
综合物资,20001824,,RBMT0002,,内容物,KG,,原材料,365,30,0,已启用,,,5.0,否,否
综合物资,20001810,,RBMT0001,1000kg/袋,内容物,KG,,原材料,548,90,0,已启用,,,5.0,否,否
综合物资,20000000,,RBMT0000,50kg/袋,内容物,KG,,原材料,548,90,0,已启用,,,6.11,否,否
综合物资,8000002102,,灭菌器,,特种设备,个,,,,,0,已启用,,,,否,否
综合物资,8000002101,,液氮罐,,特种设备,个,,,,,0,已启用,,,,否,否
综合物资,8000002100,,分气缸,,特种设备,个,,,,,0,已启用,,,,否,否
综合物资,8000002099,,储气罐,,特种设备,个,,,,,0,已启用,,,,否,否
综合物资,8000002098,,蒸汽管道,,特种设备,套,,,,,0,已启用,,,,否,否
综合物资,8000002097,,压力容器,,特种设备,个,,,,,0,已启用,,,,否,否
综合物资,8000002096,,天然气管道,,特种设备,套,,,,,0,已启用,,,,否,否
综合物资,8000002095,,电梯,,特种设备,台,,,,,0,已启用,,,,否,否
综合物资,8000002094,,电瓶叉车,J2.0UT,特种设备,台,海斯特,,,,0,已启用,,,,否,否
综合物资,8000002093,,电瓶叉车,J2.00EX,特种设备,台,海斯特,,,,0,已启用,,,,否,否
综合物资,8000002092,,电瓶叉车,J1.50EX,特种设备,台,海斯特,,,,0,已启用,,,,否,否
综合物资,8000002091,,柴油叉车,H1.5TX,特种设备,台,海斯特,,,,0,已启用,,,,否,否
成品,11000273,,战马/310ML/24/罐装/2025/线上1元乐享（无箱码）,100箱/托,成品,罐,,FERTE成品,540,90,0,已启用,,,1.0,否,否
成品,11000272,,战马/310ML/24/罐装/2025/线上1元乐享（含箱码）,100箱/托,成品,罐,,FERTE成品,540,90,0,已启用,,,1.0,否,否
成品,11000268,,战马/310ML/24/罐装/2025/1元乐享（无箱码）,100箱/托,成品,罐,,FERTE成品,540,90,0,已启用,,,1.0,否,否
成品,11000267,,战马/310ML/24/罐装/2025/1元乐享（含箱码）,100箱/托,成品,罐,,FERTE成品,540,90,0,已启用,,,1.0,否,否
成品,11000011,,战马/310ML/24/罐装,100箱/托,成品,罐,,FERTE成品,540,90,0,已启用,,,1.0,否,否
成品,10001132,,红牛维生素功能饮料/普通型/250ML/24/扫码1元乐享-广西/2025,150箱/托,成品,罐,,成品,540,90,0,已启用,,,1.5,否,否
成品,10001129,,红牛维生素功能饮料/普通型/250ML/24/广东扫码中红包/2025,150箱/托,成品,罐,,成品,540,90,0,已启用,,,1.5,否,否
成品,10001105,,红牛维生素功能饮料/普通型/250ML/24/30周年普通箱内码/2025,150箱/托,成品,罐,,成品,540,90,0,已启用,,,1.5,否,否
成品,10001134,,红牛维生素功能饮料/普通型/250ML/24/广东促销/2025,150箱/托,成品,罐,,成品,540,90,0,已启用,,,1.5,否,否
成品,10001117,,红牛维生素功能饮料/牛磺酸强化型/250ml/24/30周年纪念装,100箱/托,成品,罐,,成品,540,90,0,已启用,,,1.58,否,否
成品,10001116,,红牛维生素功能饮料/普通型/250ML/六罐装/30周年,150箱/托,成品,罐,,成品,540,90,0,已启用,,,1.0,否,否
成品,10001114,,红牛维生素功能饮料/普通型/250ML/24/30周年纪念装,150箱/托,成品,罐,,成品,540,90,0,已启用,,,1.49,否,否
原材料,20002167,,纸皮/普通型/250ML/24/30周年普通箱内码二期/2025,2000张/托,包材,张,,原材料,730,90,0,已启用,,,1.0,否,否
原材料,20002166,,纸皮/普通型/250ML/24/30周年广东二期箱内码,2000张/托,包材,张,,原材料,730,90,0,已启用,,,1.0,否,否
原材料,20002165,,纸皮/普通型/250ML/24/广东促销2025（含二期箱码）,2000张/托,包材,张,,原材料,730,90,0,已启用,,,1.0,否,否
成品,10001165,,红牛维生素功能饮料/普通型/250ML/24/30周年普通箱内码二期/2025,150箱/托,成品,罐,,FERTE成品,540,90,0,已启用,,,,否,否
成品,10001164,,红牛维生素功能饮料/普通型/250ML/24/30周年广东二期箱内码,150箱/托,成品,罐,,FERTE成品,540,90,0,已启用,,,,否,否
其他,7000001697,,水泵系统原水泵房6#原水供应泵,,生产设备,个,,,,,0,已启用,,,,否,否
其他,7000001696,,水泵系统原水泵房5#原水供应泵,,生产设备,个,,,,,0,已启用,,,,否,否
其他,7000001695,,水泵系统原水泵房4#原水供应泵,,生产设备,个,,,,,0,已启用,,,,否,否
其他,7000001694,,水泵系统原水泵房3#原水供应泵,,生产设备,个,,,,,0,已启用,,,,否,否
其他,7000001693,,水泵系统原水泵房2#原水供应泵,,生产设备,个,,,,,0,已启用,,,,否,否
其他,7000001692,,水泵系统原水泵房1#原水供应泵,,生产设备,个,,,,,0,已启用,,,,否,否
其他,7000001691,,水泵系统原水泵房2#变频控制柜,,生产设备,个,,,,,0,已启用,,,,否,否
其他,7000001690,,水泵系统原水泵房1#变频控制柜,,生产设备,个,,,,,0,已启用,,,,否,否
其他,7000001689,,水泵系统原水泵房房主电源柜,,生产设备,个,,,,,0,已启用,,,,否,否
其他,7000001688,,水泵系统原水泵房,,生产设备,个,,,,,0,已启用,,,,否,否
其他,7000001687,,水泵系统中水泵房3#备用消防水泵,,生产设备,个,,,,,0,已启用,,,,否,否
其他,7000001686,,水泵系统中水泵房2#消防水泵,,生产设备,个,,,,,0,已启用,,,,否,否
其他,7000001685,,水泵系统中水泵房1#消防水泵,,生产设备,个,,,,,0,已启用,,,,否,否
其他,7000001684,,水泵系统中水泵房控制柜,,生产设备,个,,,,,0,已启用,,,,否,否
其他,7000001683,,水泵系统中水泵房继电器控制柜,,生产设备,个,,,,,0,已启用,,,,否,否
其他,7000001682,,水泵系统中水泵房主电源柜,,生产设备,个,,,,,0,已启用,,,,否,否
其他,7000001681,,水泵系统中水泵房,,生产设备,个,,,,,0,已启用,,,,否,否
其他,7000001680,,水泵系统深井泵房2#变频控制柜,,生产设备,个,,,,,0,已启用,,,,否,否
其他,7000001679,,水泵系统深井泵房1#变频控制柜,,生产设备,个,,,,,0,已启用,,,,否,否
其他,7000001678,,水泵系统深井泵房3#高压泵,,生产设备,个,,,,,0,已启用,,,,否,否
其他,7000001677,,水泵系统深井泵房2#高压泵,,生产设备,个,,,,,0,已启用,,,,否,否
其他,7000001676,,水泵系统深井泵房1#高压泵,,生产设备,个,,,,,0,已启用,,,,否,否
其他,7000001675,,水泵系统深井泵房,,生产设备,个,,,,,0,已启用,,,,否,否
其他,7000001674,,水泵系统,,生产设备,个,,,,,0,已启用,,,,否,否
其他,7000001673,,车间空压间PALL蒸汽过滤器,,生产设备,个,,,,,0,已启用,,,,否,否
其他,7000001672,,车间空压间PALL空气过滤器,,生产设备,个,,,,,0,已启用,,,,否,否
其他,7000001671,,车间空压间PALL除油除水滤芯,,生产设备,个,,,,,0,已启用,,,,否,否
其他,7000001670,,空气压缩机系统三车间空压机排风管道雪花铁板及管道管网安装,,生产设备,个,,,,,0,已启用,,,,否,否
其他,7000001669,,空气压缩机系统三车间空压机轴流风机,,生产设备,个,,,,,0,已启用,,,,否,否
其他,7000001668,,空气压缩机系统三车间空压机蒸汽过滤器,,生产设备,个,,,,,0,已启用,,,,否,否
其他,7000001667,,空气压缩机系统三车间空压机除菌过滤器精,,生产设备,个,,,,,0,已启用,,,,否,否
其他,7000001666,,空气压缩机系统三车间空压机除菌过滤器预,,生产设备,个,,,,,0,已启用,,,,否,否
其他,7000001665,,空气压缩机系统三车间空压机高级精密过滤器二期),,生产设备,个,,,,,0,已启用,,,,否,否
其他,7000001664,,空气压缩机系统三车间空压机中级精密过滤器(二期),,生产设备,个,,,,,0,已启用,,,,否,否
其他,7000001663,,空气压缩机系统三车间空压机初级精密过滤器(二期),,生产设备,个,,,,,0,已启用,,,,否,否
其他,7000001662,,空气压缩机系统三车间压缩空气储气罐,,生产设备,个,,,,,0,已启用,,,,否,否
其他,7000001661,,空气压缩机系统三车间冷凝水干燥机,,生产设备,个,,,,,0,已启用,,,,否,否
其他,7000001660,,空气压缩机系统三车间3#双螺杆空气压缩机,,生产设备,个,,,,,0,已启用,,,,否,否
其他,7000001659,,空气压缩机系统三车间2#双螺杆空气压缩机,,生产设备,个,,,,,0,已启用,,,,否,否
其他,7000001658,,空气压缩机系统三车间1#双螺杆空气压缩机,,生产设备,个,,,,,0,已启用,,,,否,否
其他,7000001657,,空气压缩机系统三车间空压机,,生产设备,个,,,,,0,已启用,,,,否,否
其他,7000001656,,空气压缩机系统二车间空压机排风管道雪花铁板及管道管网安装,,生产设备,个,,,,,0,已启用,,,,否,否
其他,7000001655,,空气压缩机系统二车间空压机轴流风机,,生产设备,个,,,,,0,已启用,,,,否,否
其他,7000001654,,空气压缩机系统二车间空压机蒸汽过滤器,,生产设备,个,,,,,0,已启用,,,,否,否
其他,7000001653,,空气压缩机系统二车间空压机除菌过滤器精,,生产设备,个,,,,,0,已启用,,,,否,否
其他,7000001652,,空气压缩机系统二车间空压机除菌过滤器预,,生产设备,个,,,,,0,已启用,,,,否,否
其他,7000001651,,空气压缩机系统二车间空压机高级精密过滤器二期),,生产设备,个,,,,,0,已启用,,,,否,否
其他,7000001650,,空气压缩机系统二车间空压机中级精密过滤器(二期),,生产设备,个,,,,,0,已启用,,,,否,否
其他,7000001649,,空气压缩机系统二车间空压机初级精密过滤器(二期),,生产设备,个,,,,,0,已启用,,,,否,否
其他,7000001648,,空气压缩机系统二车间压缩空气储气罐,,生产设备,个,,,,,0,已启用,,,,否,否
其他,7000001647,,空气压缩机系统二车间冷凝水干燥机,,生产设备,个,,,,,0,已启用,,,,否,否
其他,7000001646,,空气压缩机系统二车间3#双螺杆空气压缩机,,生产设备,个,,,,,0,已启用,,,,否,否
其他,7000001645,,空气压缩机系统二车间2#双螺杆空气压缩机,,生产设备,个,,,,,0,已启用,,,,否,否
其他,7000001644,,空气压缩机系统二车间1#双螺杆空气压缩机,,生产设备,个,,,,,0,已启用,,,,否,否
其他,7000001643,,空气压缩机系统二车间空压机,,生产设备,个,,,,,0,已启用,,,,否,否
其他,7000001642,,空气压缩机系统一车间PALL蒸汽过滤器,,生产设备,个,,,,,0,已启用,,,,否,否
其他,7000001641,,空气压缩机系统一车间PALL空气过滤器,,生产设备,个,,,,,0,已启用,,,,否,否
其他,7000001640,,空气压缩机系统一车间PALL除油除水滤芯,,生产设备,个,,,,,0,已启用,,,,否,否
其他,7000001639,,空气压缩机系统一车间压缩空气储气罐,,生产设备,个,,,,,0,已启用,,,,否,否
其他,7000001638,,空气压缩机系统一车间冷凝水干燥机,,生产设备,个,,,,,0,已启用,,,,否,否
其他,7000001637,,空气压缩机系统一车间3#双螺杆空气压缩机,,生产设备,个,,,,,0,已启用,,,,否,否
其他,7000001636,,空气压缩机系统一车间2#双螺杆空气压缩机,,生产设备,个,,,,,0,已启用,,,,否,否
其他,7000001635,,空气压缩机系统一车间1#双螺杆空气压缩机,,生产设备,个,,,,,0,已启用,,,,否,否
其他,7000001634,,空气压缩机系统一车间空压机,,生产设备,个,,,,,0,已启用,,,,否,否
其他,7000001633,,蒸汽系统三车间蒸汽房蒸汽计量,,生产设备,个,,,,,0,已启用,,,,否,否
其他,7000001632,,蒸汽系统三车间蒸汽房疏水阀组,,生产设备,个,,,,,0,已启用,,,,否,否
其他,7000001631,,蒸汽系统三车间蒸汽房分汽缸,,生产设备,个,,,,,0,已启用,,,,否,否
其他,7000001630,,蒸汽系统三车间蒸汽房,,生产设备,个,,,,,0,已启用,,,,否,否
其他,7000001629,,蒸汽系统二车间蒸汽房蒸汽计量,,生产设备,个,,,,,0,已启用,,,,否,否
其他,7000001628,,蒸汽系统二车间蒸汽房疏水阀组,,生产设备,个,,,,,0,已启用,,,,否,否
其他,7000001627,,蒸汽系统二车间蒸汽房分汽缸,,生产设备,个,,,,,0,已启用,,,,否,否
其他,7000001626,,蒸汽系统二车间蒸汽房,,生产设备,个,,,,,0,已启用,,,,否,否
其他,7000001625,,蒸汽系统一车间蒸汽房蒸汽计量,,生产设备,个,,,,,0,已启用,,,,否,否
其他,7000001624,,蒸汽系统一车间蒸汽房疏水阀组,,生产设备,个,,,,,0,已启用,,,,否,否
其他,7000001623,,蒸汽系统一车间蒸汽房分汽缸,,生产设备,个,,,,,0,已启用,,,,否,否
其他,7000001622,,蒸汽系统一车间蒸汽房,,生产设备,个,,,,,0,已启用,,,,否,否
其他,7000001621,,蒸汽系统锅炉房储汽缸,,生产设备,个,,,,,0,已启用,,,,否,否
其他,7000001620,,蒸汽系统锅炉房2#燃气蒸汽锅炉,,生产设备,个,,,,,0,已启用,,,,否,否
其他,7000001619,,蒸汽系统锅炉房1#燃气蒸汽锅炉,,生产设备,个,,,,,0,已启用,,,,否,否
其他,7000001618,,蒸汽系统锅炉房,,生产设备,个,,,,,0,已启用,,,,否,否
其他,7000001617,,污水处理车间扩展模块西门子,,生产设备,个,,,,,0,已启用,,,,否,否
其他,7000001616,,污水处理车间风管阀组,,生产设备,个,,,,,0,已启用,,,,否,否
其他,7000001615,,污水处理车间外框及支架）,,生产设备,个,,,,,0,已启用,,,,否,否
其他,7000001614,,污水处理车间污水处理便携式DO仪,,生产设备,个,,,,,0,已启用,,,,否,否
其他,7000001613,,污水处理车间液位计,,生产设备,个,,,,,0,已启用,,,,否,否
其他,7000001612,,污水处理车间膜组管阀件,,生产设备,个,,,,,0,已启用,,,,否,否
其他,7000001611,,污水处理车间集水装置,,生产设备,个,,,,,0,已启用,,,,否,否
其他,7000001610,,污水处理车间压力变送器,,生产设备,个,,,,,0,已启用,,,,否,否
其他,7000001609,,污水处理车间污泥压滤系统污泥压滤液压泵,,生产设备,个,,,,,0,已启用,,,,否,否
其他,7000001608,,污水处理车间污泥压滤系统污泥压滤机电控柜,,生产设备,个,,,,,0,已启用,,,,否,否
其他,7000001607,,污水处理车间污泥压滤系统,,生产设备,个,,,,,0,已启用,,,,否,否
其他,7000001606,,污水处理车间反洗系统产水泵C,,生产设备,个,,,,,0,已启用,,,,否,否
其他,7000001605,,污水处理车间反洗系统产水泵B,,生产设备,个,,,,,0,已启用,,,,否,否
其他,7000001604,,污水处理车间反洗系统产水泵A,,生产设备,个,,,,,0,已启用,,,,否,否
其他,7000001603,,污水处理车间反洗系统反洗过滤器,,生产设备,个,,,,,0,已启用,,,,否,否
其他,7000001602,,污水处理车间反洗系统反洗泵,,生产设备,个,,,,,0,已启用,,,,否,否
其他,7000001601,,污水处理车间反洗系统反洗储水罐,,生产设备,个,,,,,0,已启用,,,,否,否
其他,7000001600,,污水处理车间反洗系统,,生产设备,个,,,,,0,已启用,,,,否,否
其他,7000001599,,污水处理车间外排系统巴歇尔流量槽,,生产设备,个,,,,,0,已启用,,,,否,否
其他,7000001598,,污水处理车间外排系统外排超声波明渠流量计,,生产设备,个,,,,,0,已启用,,,,否,否
其他,7000001597,,污水处理车间外排系统,,生产设备,个,,,,,0,已启用,,,,否,否
其他,7000001596,,污水处理车间加药系统NaClO添加,,生产设备,个,,,,,0,已启用,,,,否,否
其他,7000001595,,污水处理车间加药系统柠檬酸添加,,生产设备,个,,,,,0,已启用,,,,否,否
其他,7000001594,,污水处理车间加药系统絮疑济添加,,生产设备,个,,,,,0,已启用,,,,否,否
其他,7000001593,,污水处理车间加药系统碱添加,,生产设备,个,,,,,0,已启用,,,,否,否
其他,7000001592,,污水处理车间加药系统,,生产设备,个,,,,,0,已启用,,,,否,否
其他,7000001591,,污水处理车间压缩空气系统空气压缩机,,生产设备,个,,,,,0,已启用,,,,否,否
其他,7000001590,,污水处理车间压缩空气系统储气罐,,生产设备,个,,,,,0,已启用,,,,否,否
其他,7000001589,,污水处理车间压缩空气系统,,生产设备,个,,,,,0,已启用,,,,否,否
其他,7000001588,,污水处理车间曝气系统MBR生化池日曝气盘,,生产设备,个,,,,,0,已启用,,,,否,否
其他,7000001587,,污水处理车间曝气系统MBR生化池MBR膜,,生产设备,个,,,,,0,已启用,,,,否,否
其他,7000001586,,污水处理车间曝气系统三叶罗茨风机D,,生产设备,个,,,,,0,已启用,,,,否,否
其他,7000001585,,污水处理车间曝气系统三叶罗茨风机C,,生产设备,个,,,,,0,已启用,,,,否,否
其他,7000001584,,污水处理车间曝气系统三叶罗茨风机B,,生产设备,个,,,,,0,已启用,,,,否,否
其他,7000001583,,污水处理车间曝气系统三叶罗茨风机A,,生产设备,个,,,,,0,已启用,,,,否,否
其他,7000001582,,污水处理车间曝气系统,,生产设备,个,,,,,0,已启用,,,,否,否
其他,7000001581,,污水处理车间进水系统集水井提升泵,,生产设备,个,,,,,0,已启用,,,,否,否
其他,7000001580,,污水处理车间进水系统除污格栅,,生产设备,个,,,,,0,已启用,,,,否,否
其他,7000001579,,污水处理车间进水系统,,生产设备,个,,,,,0,已启用,,,,否,否
其他,7000001578,,污污水处理车间电气控制柜主操作控制柜,,生产设备,个,,,,,0,已启用,,,,否,否
其他,7000001577,,污水处理车间电气控制柜主电源控制柜,,生产设备,个,,,,,0,已启用,,,,否,否
其他,7000001576,,污水处理车间电气控制柜,,生产设备,个,,,,,0,已启用,,,,否,否
其他,7000001575,,污水处理车间,,生产设备,个,,,,,0,已启用,,,,否,否
其他,7000001574,,制水处理车间阀门管道管件连接管路,,生产设备,个,,,,,0,已启用,,,,否,否
其他,7000001573,,制水处理车间浓水排放系统浓水箱浮球液位开关,,生产设备,个,,,,,0,已启用,,,,否,否
其他,7000001572,,制水处理车间浓水排放系统浓水排水泵,,生产设备,个,,,,,0,已启用,,,,否,否
其他,7000001571,,制水处理车间浓水排放系统控制电柜,,生产设备,个,,,,,0,已启用,,,,否,否
其他,7000001570,,制水处理车间浓水排放系统浓水箱,,生产设备,个,,,,,0,已启用,,,,否,否
其他,7000001569,,制水处理车间浓水排放,,生产设备,个,,,,,0,已启用,,,,否,否
其他,7000001568,,制水处理车间化学清洗系统保安过滤器,,生产设备,个,,,,,0,已启用,,,,否,否
其他,7000001567,,制水处理车间化学清洗系统清洗泵,,生产设备,个,,,,,0,已启用,,,,否,否
其他,7000001566,,制水处理车间化学清洗系统储水罐,,生产设备,个,,,,,0,已启用,,,,否,否
其他,7000001565,,制水处理车间化学清洗系统,,生产设备,个,,,,,0,已启用,,,,否,否
其他,7000001564,,制水处理车间D系统终端过滤器,,生产设备,个,,,,,0,已启用,,,,否,否
其他,7000001563,,制水处理车间D系统UV杀菌器,,生产设备,个,,,,,0,已启用,,,,否,否
其他,7000001562,,制水处理车间D系统变频供水系统压力变送器,,生产设备,个,,,,,0,已启用,,,,否,否
其他,7000001561,,制水处理车间D系统变频供水系统2#供水泵,,生产设备,个,,,,,0,已启用,,,,否,否
其他,7000001560,,制水处理车间D系统变频供水系统1#供水泵,,生产设备,个,,,,,0,已启用,,,,否,否
其他,7000001559,,制水处理车间D系统变频供水系统供水泵变频器,,生产设备,个,,,,,0,已启用,,,,否,否
其他,7000001558,,制水处理车间D系统变频供水系统控制电柜,,生产设备,个,,,,,0,已启用,,,,否,否
其他,7000001557,,制水处理车间D系统变频供水系统,,生产设备,个,,,,,0,已启用,,,,否,否
其他,7000001556,,制水处理车间D系统2#纯水罐,,生产设备,个,,,,,0,已启用,,,,否,否
其他,7000001555,,制水处理车间D系统1#纯水罐,,生产设备,个,,,,,0,已启用,,,,否,否
其他,7000001554,,制水处理车间D系统二级反渗透二级产水压力表,,生产设备,个,,,,,0,已启用,,,,否,否
其他,7000001553,,制水处理车间D系统二级反渗透二级浓水压力表,,生产设备,个,,,,,0,已启用,,,,否,否
其他,7000001552,,制水处理车间D系统二级反渗透二级二段压力表,,生产设备,个,,,,,0,已启用,,,,否,否
其他,7000001551,,制水处理车间D系统二级反渗透二级进水压力表,,生产设备,个,,,,,0,已启用,,,,否,否
其他,7000001550,,制水处理车间D系统二级反渗透浓水排放转子流量计,,生产设备,个,,,,,0,已启用,,,,否,否
其他,7000001549,,制水处理车间D系统二级反渗透RO水转子流量计,,生产设备,个,,,,,0,已启用,,,,否,否
其他,7000001548,,制水处理车间D系统二级反渗透RO产水PH计,,生产设备,个,,,,,0,已启用,,,,否,否
其他,7000001547,,制水处理车间D系统二级反渗透RO产水电导率仪,,生产设备,个,,,,,0,已启用,,,,否,否
其他,7000001546,,制水处理车间D系统二级反渗透RO高压泵,,生产设备,个,,,,,0,已启用,,,,否,否
其他,7000001545,,制水处理车间D系统二级反渗透RO膜,,生产设备,个,,,,,0,已启用,,,,否,否
其他,7000001544,,制水处理车间D系统二级反渗透膜,,生产设备,个,,,,,0,已启用,,,,否,否
其他,7000001543,,制水处理车间D系统二级反渗透,,生产设备,个,,,,,0,已启用,,,,否,否
其他,7000001542,,制水处理车间D系统一级反渗透一级产水压力表,,生产设备,个,,,,,0,已启用,,,,否,否
其他,7000001541,,制水处理车间D系统一级反渗透一级浓水压力表,,生产设备,个,,,,,0,已启用,,,,否,否
其他,7000001540,,制水处理车间D系统一级反渗透一级二段压力表,,生产设备,个,,,,,0,已启用,,,,否,否
其他,7000001539,,制水处理车间D系统一级反渗透一级进水压力表,,生产设备,个,,,,,0,已启用,,,,否,否
其他,7000001538,,制水处理车间D系统一级反渗透浓水排放转子流量计,,生产设备,个,,,,,0,已启用,,,,否,否
其他,7000001537,,制水处理车间D系统一级反渗透RO水转子流量计,,生产设备,个,,,,,0,已启用,,,,否,否
其他,7000001536,,制水处理车间D系统一级反渗透RO产水PH计,,生产设备,个,,,,,0,已启用,,,,否,否
其他,7000001535,,制水处理车间D系统一级反渗透RO产水电导率仪,,生产设备,个,,,,,0,已启用,,,,否,否
其他,7000001534,,制水处理车间D系统一级反渗透RO进水电导率仪,,生产设备,个,,,,,0,已启用,,,,否,否
其他,7000001533,,制水处理车间D系统一级反渗透RO高压泵,,生产设备,个,,,,,0,已启用,,,,否,否
其他,7000001532,,制水处理车间D系统一级反渗透RO膜,,生产设备,个,,,,,0,已启用,,,,否,否
其他,7000001531,,制水处理车间D系统一级反渗透,,生产设备,个,,,,,0,已启用,,,,否,否
其他,7000001530,,制水处理车间D系统中间水箱NaOH添加泵,,生产设备,个,,,,,0,已启用,,,,否,否
其他,7000001529,,制水处理车间D系统1#中间增压泵,,生产设备,个,,,,,0,已启用,,,,否,否
其他,7000001528,,制水处理车间D系统中间水箱,,生产设备,个,,,,,0,已启用,,,,否,否
其他,7000001527,,制水处理车间D系统CO2脱气塔风机,,生产设备,个,,,,,0,已启用,,,,否,否
其他,7000001526,,制水处理车间D系统CO2脱气塔,,生产设备,个,,,,,0,已启用,,,,否,否
其他,7000001525,,制水处理车间D系统阻垢剂添加泵,,生产设备,个,,,,,0,已启用,,,,否,否
其他,7000001524,,制水处理车间D系统保安过滤器,,生产设备,个,,,,,0,已启用,,,,否,否
其他,7000001523,,制水处理车间D系统活性炭过滤器,,生产设备,个,,,,,0,已启用,,,,否,否
其他,7000001522,,制水处理车间D系统多介质过滤器,,生产设备,个,,,,,0,已启用,,,,否,否
其他,7000001521,,制水处理车间D系统2#原水增压泵,,生产设备,个,,,,,0,已启用,,,,否,否
其他,7000001520,,制水处理车间D系统1#原水增压泵,,生产设备,个,,,,,0,已启用,,,,否,否
其他,7000001519,,制水处理车间D系统絮凝剂添加泵,,生产设备,个,,,,,0,已启用,,,,否,否
其他,7000001518,,制水处理车间D系统原水罐A,,生产设备,个,,,,,0,已启用,,,,否,否
其他,7000001517,,制水处理车间D系统控制电柜,,生产设备,个,,,,,0,已启用,,,,否,否
其他,7000001516,,制水处理车间D系统,,生产设备,个,,,,,0,已启用,,,,否,否
其他,7000001515,,制水处理车间纯水制备系统管道及阀门组件,,生产设备,个,,,,,0,已启用,,,,否,否
其他,7000001514,,制水处理车间清洗管道与新系统驳接,,生产设备,个,,,,,0,已启用,,,,否,否
其他,7000001513,,制水处理车间C系统终端过滤器,,生产设备,个,,,,,0,已启用,,,,否,否
其他,7000001512,,制水处理车间C系统UV杀菌器,,生产设备,个,,,,,0,已启用,,,,否,否
其他,7000001511,,制水处理车间C系统变频供水系统压力变送器,,生产设备,个,,,,,0,已启用,,,,否,否
其他,7000001510,,制水处理车间C系统变频供水系统供水泵2#,,生产设备,个,,,,,0,已启用,,,,否,否
其他,7000001509,,制水处理车间C系统变频供水系统供水泵1#,,生产设备,个,,,,,0,已启用,,,,否,否
其他,7000001508,,制水处理车间C系统变频供水系统供水泵变频器,,生产设备,个,,,,,0,已启用,,,,否,否
其他,7000001507,,制水处理车间C系统变频供水系统控制电柜,,生产设备,个,,,,,0,已启用,,,,否,否
其他,7000001506,,制水处理车间C系统变频供水系统,,生产设备,个,,,,,0,已启用,,,,否,否
其他,7000001505,,制水处理车间C系统纯水罐2#,,生产设备,个,,,,,0,已启用,,,,否,否
其他,7000001504,,制水处理车间C系统纯水罐1#,,生产设备,个,,,,,0,已启用,,,,否,否
其他,7000001503,,制水处理车间C系统二级反渗透二级产水压力表,,生产设备,个,,,,,0,已启用,,,,否,否
其他,7000001502,,制水处理车间C系统二级反渗透二级浓水压力表,,生产设备,个,,,,,0,已启用,,,,否,否
其他,7000001501,,制水处理车间C系统二级反渗透二级二段压力表,,生产设备,个,,,,,0,已启用,,,,否,否
其他,7000001500,,制水处理车间C系统二级反渗透二级进水压力表,,生产设备,个,,,,,0,已启用,,,,否,否
其他,7000001499,,制水处理车间C系统二级反渗透浓水排放转子流量计,,生产设备,个,,,,,0,已启用,,,,否,否
其他,7000001498,,制水处理车间C系统二级反渗透RO水转子流量计,,生产设备,个,,,,,0,已启用,,,,否,否
其他,7000001497,,制水处理车间C系统二级反渗透RO产水PH计,,生产设备,个,,,,,0,已启用,,,,否,否
其他,7000001496,,制水处理车间C系统二级反渗透RO产水电导率仪,,生产设备,个,,,,,0,已启用,,,,否,否
其他,7000001495,,制水处理车间C系统二级反渗透RO高压泵,,生产设备,个,,,,,0,已启用,,,,否,否
其他,7000001494,,制水处理车间C系统二级反渗透RO膜,,生产设备,个,,,,,0,已启用,,,,否,否
其他,7000001493,,制水处理车间C系统二级反渗透膜,,生产设备,个,,,,,0,已启用,,,,否,否
其他,7000001492,,制水处理车间C系统二级反渗透,,生产设备,个,,,,,0,已启用,,,,否,否
其他,7000001491,,制水处理车间C系统一级反渗透一级产水压力表,,生产设备,个,,,,,0,已启用,,,,否,否
其他,7000001490,,制水处理车间C系统一级反渗透一级浓水压力表,,生产设备,个,,,,,0,已启用,,,,否,否
其他,7000001489,,制水处理车间C系统一级反渗透一级二段压力表,,生产设备,个,,,,,0,已启用,,,,否,否
其他,7000001488,,制水处理车间C系统一级反渗透一级进水压力表,,生产设备,个,,,,,0,已启用,,,,否,否
其他,7000001487,,制水处理车间C系统一级反渗透浓水排放转子流量计,,生产设备,个,,,,,0,已启用,,,,否,否
其他,7000001486,,制水处理车间C系统一级反渗透RO水转子流量计,,生产设备,个,,,,,0,已启用,,,,否,否
其他,7000001485,,制水处理车间C系统一级反渗透RO产水PH计,,生产设备,个,,,,,0,已启用,,,,否,否
其他,7000001484,,制水处理车间C系统一级反渗透RO产水电导率仪,,生产设备,个,,,,,0,已启用,,,,否,否
其他,7000001483,,制水处理车间C系统一级反渗透RO进水电导率仪,,生产设备,个,,,,,0,已启用,,,,否,否
其他,7000001482,,制水处理车间C系统一级反渗透RO高压泵,,生产设备,个,,,,,0,已启用,,,,否,否
其他,7000001481,,制水处理车间C系统一级反渗透RO膜,,生产设备,个,,,,,0,已启用,,,,否,否
其他,7000001480,,制水处理车间C系统一级反渗透,,生产设备,个,,,,,0,已启用,,,,否,否
其他,7000001479,,制水处理车间C系统中间水箱NaOH添加泵,,生产设备,个,,,,,0,已启用,,,,否,否
其他,7000001478,,制水处理车间C系统1#中间增压泵,,生产设备,个,,,,,0,已启用,,,,否,否
其他,7000001477,,制水处理车间C系统中间水箱,,生产设备,个,,,,,0,已启用,,,,否,否
其他,7000001476,,制水处理车间C系统CO2脱气塔风机,,生产设备,个,,,,,0,已启用,,,,否,否
其他,7000001475,,制水处理车间C系统CO2脱气塔,,生产设备,个,,,,,0,已启用,,,,否,否
其他,7000001474,,制水处理车间C系统阻垢剂添加泵,,生产设备,个,,,,,0,已启用,,,,否,否
其他,7000001473,,制水处理车间C系统保安过滤器,,生产设备,个,,,,,0,已启用,,,,否,否
其他,7000001472,,制水处理车间C系统活性炭过滤器,,生产设备,个,,,,,0,已启用,,,,否,否
其他,7000001471,,制水处理车间C系统多介质过滤器,,生产设备,个,,,,,0,已启用,,,,否,否
其他,7000001470,,制水处理车间C系统2#原水增压泵,,生产设备,个,,,,,0,已启用,,,,否,否
其他,7000001469,,制水处理车间C系统1#原水增压泵,,生产设备,个,,,,,0,已启用,,,,否,否
其他,7000001468,,制水处理车间C系统絮凝剂添加泵,,生产设备,个,,,,,0,已启用,,,,否,否
其他,7000001467,,制水处理车间C系统原水罐A,,生产设备,个,,,,,0,已启用,,,,否,否
其他,7000001466,,制水处理车间C系统控制电柜,,生产设备,个,,,,,0,已启用,,,,否,否
其他,7000001465,,制水处理车间C系统,,生产设备,个,,,,,0,已启用,,,,否,否
其他,7000001464,,制水处理车间纯水制备系统阀门及组件,,生产设备,个,,,,,0,已启用,,,,否,否
其他,7000001463,,制水处理车间B系统终端过滤器,,生产设备,个,,,,,0,已启用,,,,否,否
其他,7000001462,,制水处理车间B系统UV杀菌器,,生产设备,个,,,,,0,已启用,,,,否,否
其他,7000001461,,制水处理车间B系统变频供水系统压力变送器,,生产设备,个,,,,,0,已启用,,,,否,否
其他,7000001460,,制水处理车间B系统变频供水系统2#供水泵,,生产设备,个,,,,,0,已启用,,,,否,否
其他,7000001459,,制水处理车间B系统变频供水系统1#供水泵,,生产设备,个,,,,,0,已启用,,,,否,否
其他,7000001458,,制水处理车间B系统变频供水系统供水泵变频器,,生产设备,个,,,,,0,已启用,,,,否,否
其他,7000001457,,制水处理车间B系统变频供水系统控制电柜,,生产设备,个,,,,,0,已启用,,,,否,否
其他,7000001456,,制水处理车间B系统变频供水系统,,生产设备,个,,,,,0,已启用,,,,否,否
其他,7000001455,,制水处理车间B系统2#纯水罐,,生产设备,个,,,,,0,已启用,,,,否,否
其他,7000001454,,制水处理车间B系统1#纯水罐,,生产设备,个,,,,,0,已启用,,,,否,否
其他,7000001453,,制水处理车间B系统二级反渗透二级产水压力表,,生产设备,个,,,,,0,已启用,,,,否,否
其他,7000001452,,制水处理车间B系统二级反渗透二级浓水压力表,,生产设备,个,,,,,0,已启用,,,,否,否
其他,7000001451,,制水处理车间B系统二级反渗透二级二段压力表,,生产设备,个,,,,,0,已启用,,,,否,否
其他,7000001450,,制水处理车间B系统二级反渗透二级进水压力表,,生产设备,个,,,,,0,已启用,,,,否,否
其他,7000001449,,制水处理车间B系统二级反渗透浓水排放转子流量计,,生产设备,个,,,,,0,已启用,,,,否,否
其他,7000001448,,制水处理车间B系统二级反渗透RO水转子流量计,,生产设备,个,,,,,0,已启用,,,,否,否
其他,7000001447,,制水处理车间B系统二级反渗透RO产水PH计,,生产设备,个,,,,,0,已启用,,,,否,否
其他,7000001446,,制水处理车间B系统二级反渗透RO产水电导率仪,,生产设备,个,,,,,0,已启用,,,,否,否
其他,7000001445,,制水处理车间B系统二级反渗透RO高压泵,,生产设备,个,,,,,0,已启用,,,,否,否
其他,7000001444,,制水处理车间B系统二级反渗透RO膜,,生产设备,个,,,,,0,已启用,,,,否,否
其他,7000001443,,制水处理车间B系统二级反渗透膜,,生产设备,个,,,,,0,已启用,,,,否,否
其他,7000001442,,制水处理车间B系统二级反渗透,,生产设备,个,,,,,0,已启用,,,,否,否
其他,7000001441,,制水处理车间B系统一级反渗透一级产水压力表,,生产设备,个,,,,,0,已启用,,,,否,否
其他,7000001440,,制水处理车间B系统一级反渗透一级浓水压力表,,生产设备,个,,,,,0,已启用,,,,否,否
其他,7000001439,,制水处理车间B系统一级反渗透一级二段压力表,,生产设备,个,,,,,0,已启用,,,,否,否
其他,7000001438,,制水处理车间B系统一级反渗透一级进水压力表,,生产设备,个,,,,,0,已启用,,,,否,否
其他,7000001437,,制水处理车间B系统一级反渗透浓水排放转子流量计,,生产设备,个,,,,,0,已启用,,,,否,否
其他,7000001436,,制水处理车间B系统一级反渗透RO水转子流量计,,生产设备,个,,,,,0,已启用,,,,否,否
其他,7000001435,,制水处理车间B系统一级反渗透RO产水PH计,,生产设备,个,,,,,0,已启用,,,,否,否
其他,7000001434,,制水处理车间B系统一级反渗透RO产水电导率仪,,生产设备,个,,,,,0,已启用,,,,否,否
其他,7000001433,,制水处理车间B系统一级反渗透RO进水电导率仪,,生产设备,个,,,,,0,已启用,,,,否,否
其他,7000001432,,制水处理车间B系统一级反渗透RO高压泵,,生产设备,个,,,,,0,已启用,,,,否,否
其他,7000001431,,制水处理车间B系统一级反渗透RO膜,,生产设备,个,,,,,0,已启用,,,,否,否
其他,7000001430,,制水处理车间B系统一级反渗透,,生产设备,个,,,,,0,已启用,,,,否,否
其他,7000001429,,制水处理车间B系统中间水箱NaOH添加泵,,生产设备,个,,,,,0,已启用,,,,否,否
其他,7000001428,,制水处理车间B系统1#中间增压泵,,生产设备,个,,,,,0,已启用,,,,否,否
其他,7000001427,,制水处理车间B系统中间水箱,,生产设备,个,,,,,0,已启用,,,,否,否
其他,7000001426,,制水处理车间B系统CO2脱气塔风机,,生产设备,个,,,,,0,已启用,,,,否,否
其他,7000001425,,制水处理车间B系统CO2脱气塔,,生产设备,个,,,,,0,已启用,,,,否,否
其他,7000001424,,制水处理车间B系统阻垢剂添加泵,,生产设备,个,,,,,0,已启用,,,,否,否
其他,7000001423,,制水处理车间B系统保安过滤器,,生产设备,个,,,,,0,已启用,,,,否,否
其他,7000001422,,制水处理车间B系统活性炭过滤器,,生产设备,个,,,,,0,已启用,,,,否,否
其他,7000001421,,制水处理车间B系统多介质过滤器,,生产设备,个,,,,,0,已启用,,,,否,否
其他,7000001420,,制水处理车间B系统2#原水增压泵,,生产设备,个,,,,,0,已启用,,,,否,否
其他,7000001419,,制水处理车间B系统1#原水增压泵,,生产设备,个,,,,,0,已启用,,,,否,否
其他,7000001418,,制水处理车间B系统絮凝剂添加泵,,生产设备,个,,,,,0,已启用,,,,否,否
其他,7000001417,,制水处理车间B系统原水罐A,,生产设备,个,,,,,0,已启用,,,,否,否
其他,7000001416,,制水处理车间B系统控制电柜,,生产设备,个,,,,,0,已启用,,,,否,否
其他,7000001415,,制水处理车间B系统,,生产设备,个,,,,,0,已启用,,,,否,否
其他,7000001414,,制水处理车间饮料配制用纯水制备系统,,生产设备,个,,,,,0,已启用,,,,否,否
其他,7000001413,,制水处理车间A系统终端过滤器,,生产设备,个,,,,,0,已启用,,,,否,否
其他,7000001412,,制水处理车间A系统UV杀菌器,,生产设备,个,,,,,0,已启用,,,,否,否
其他,7000001411,,制水处理车间A系统变频供水系统压力变送器,,生产设备,个,,,,,0,已启用,,,,否,否
其他,7000001410,,制水处理车间A系统变频供水系统2#供水泵,,生产设备,个,,,,,0,已启用,,,,否,否
其他,7000001409,,制水处理车间A系统变频供水系统1#供水泵,,生产设备,个,,,,,0,已启用,,,,否,否
其他,7000001408,,制水处理车间A系统变频供水系统供水泵变频器,,生产设备,个,,,,,0,已启用,,,,否,否
其他,7000001407,,制水处理车间A系统变频供水系统控制电柜,,生产设备,个,,,,,0,已启用,,,,否,否
其他,7000001406,,制水处理车间A系统变频供水系统,,生产设备,个,,,,,0,已启用,,,,否,否
其他,7000001405,,制水处理车间A系统2#纯水罐,,生产设备,个,,,,,0,已启用,,,,否,否
其他,7000001404,,制水处理车间A系统1#纯水罐,,生产设备,个,,,,,0,已启用,,,,否,否
其他,7000001403,,制水处理车间A系统二级反渗透二级产水压力表,,生产设备,个,,,,,0,已启用,,,,否,否
其他,7000001402,,制水处理车间A系统二级反渗透二级浓水压力表,,生产设备,个,,,,,0,已启用,,,,否,否
其他,7000001401,,制水处理车间A系统二级反渗透二级二段压力表,,生产设备,个,,,,,0,已启用,,,,否,否
其他,7000001400,,制水处理车间A系统二级反渗透二级进水压力表,,生产设备,个,,,,,0,已启用,,,,否,否
其他,7000001399,,制水处理车间A系统二级反渗透浓水排放转子流量计,,生产设备,个,,,,,0,已启用,,,,否,否
其他,7000001398,,制水处理车间A系统二级反渗透RO水转子流量计,,生产设备,个,,,,,0,已启用,,,,否,否
其他,7000001397,,制水处理车间A系统二级反渗透RO产水PH计,,生产设备,个,,,,,0,已启用,,,,否,否
其他,7000001396,,制水处理车间A系统二级反渗透RO产水电导率仪,,生产设备,个,,,,,0,已启用,,,,否,否
其他,7000001395,,制水处理车间A系统二级反渗透RO高压泵,,生产设备,个,,,,,0,已启用,,,,否,否
其他,7000001394,,制水处理车间A系统二级反渗透RO膜,,生产设备,个,,,,,0,已启用,,,,否,否
其他,7000001393,,制水处理车间A系统二级反渗透膜,,生产设备,个,,,,,0,已启用,,,,否,否
其他,7000001392,,制水处理车间A系统二级反渗透,,生产设备,个,,,,,0,已启用,,,,否,否
其他,7000001391,,制水处理车间A系统一级反渗透RO产水在线PH计,,生产设备,个,,,,,0,已启用,,,,否,否
其他,7000001390,,制水处理车间A系统一级反渗透一级产水压力表,,生产设备,个,,,,,0,已启用,,,,否,否
其他,7000001389,,制水处理车间A系统一级反渗透一级浓水压力表,,生产设备,个,,,,,0,已启用,,,,否,否
其他,7000001388,,制水处理车间A系统一级反渗透一级二段压力表,,生产设备,个,,,,,0,已启用,,,,否,否
其他,7000001387,,制水处理车间A系统一级反渗透一级进水压力表,,生产设备,个,,,,,0,已启用,,,,否,否
其他,7000001386,,制水处理车间A系统一级反渗透浓水排放转子流量计,,生产设备,个,,,,,0,已启用,,,,否,否
其他,7000001385,,制水处理车间A系统一级反渗透RO水转子流量计,,生产设备,个,,,,,0,已启用,,,,否,否
其他,7000001384,,制水处理车间A系统一级反渗透RO产水PH计,,生产设备,个,,,,,0,已启用,,,,否,否
其他,7000001383,,制水处理车间A系统一级反渗透RO产水电导率仪,,生产设备,个,,,,,0,已启用,,,,否,否
其他,7000001382,,制水处理车间A系统一级反渗透RO进水电导率仪,,生产设备,个,,,,,0,已启用,,,,否,否
其他,7000001381,,制水处理车间A系统一级反渗透RO高压泵,,生产设备,个,,,,,0,已启用,,,,否,否
其他,7000001380,,制水处理车间A系统一级反渗透RO膜,,生产设备,个,,,,,0,已启用,,,,否,否
其他,7000001379,,制水处理车间A系统一级反渗透,,生产设备,个,,,,,0,已启用,,,,否,否
其他,7000001378,,制水处理车间A系统中间水箱NaOH添加泵,,生产设备,个,,,,,0,已启用,,,,否,否
其他,7000001377,,制水处理车间A系统1#中间增压泵,,生产设备,个,,,,,0,已启用,,,,否,否
其他,7000001376,,制水处理车间A系统中间水箱,,生产设备,个,,,,,0,已启用,,,,否,否
其他,7000001375,,制水处理车间A系统CO2脱气塔风机,,生产设备,个,,,,,0,已启用,,,,否,否
其他,7000001374,,制水处理车间A系统CO2脱气塔,,生产设备,个,,,,,0,已启用,,,,否,否
其他,7000001373,,制水处理车间A系统阻垢剂添加泵,,生产设备,个,,,,,0,已启用,,,,否,否
其他,7000001372,,制水处理车间A系统保安过滤器,,生产设备,个,,,,,0,已启用,,,,否,否
其他,7000001371,,制水处理车间A系统活性炭过滤器,,生产设备,个,,,,,0,已启用,,,,否,否
其他,7000001370,,制水处理车间A系统多介质过滤器,,生产设备,个,,,,,0,已启用,,,,否,否
其他,7000001369,,制水处理车间A系统2#原水增压泵,,生产设备,个,,,,,0,已启用,,,,否,否
其他,7000001368,,制水处理车间A系统1#原水增压泵,,生产设备,个,,,,,0,已启用,,,,否,否
其他,7000001367,,制水处理车间A系统絮凝剂添加泵,,生产设备,个,,,,,0,已启用,,,,否,否
其他,7000001366,,制水处理车间A系统原水罐A,,生产设备,个,,,,,0,已启用,,,,否,否
其他,7000001365,,制水处理车间A系统控制电柜,,生产设备,个,,,,,0,已启用,,,,否,否
其他,7000001364,,制水处理车间A系统,,生产设备,个,,,,,0,已启用,,,,否,否
其他,7000001363,,制水处理车间,,生产设备,个,,,,,0,已启用,,,,否,否
其他,7000001362,,三车间配电开关柜KP,,生产设备,个,,,,,0,已启用,,,,否,否
其他,7000001361,,三车间配电开关柜AKK,,生产设备,个,,,,,0,已启用,,,,否,否
其他,7000001360,,三车间配电开关柜AK,,生产设备,个,,,,,0,已启用,,,,否,否
其他,7000001359,,三车间配电开关柜AP02,,生产设备,个,,,,,0,已启用,,,,否,否
其他,7000001358,,三车间配电开关柜AP01,,生产设备,个,,,,,0,已启用,,,,否,否
其他,7000001357,,三车间电容柜电容柜P02,,生产设备,个,,,,,0,已启用,,,,否,否
其他,7000001356,,三车间开关柜进线柜P01,,生产设备,个,,,,,0,已启用,,,,否,否
其他,7000001355,,三车间配电直流电源控制屏,,生产设备,个,,,,,0,已启用,,,,否,否
其他,7000001354,,三车间配电柜进线柜G09,,生产设备,个,,,,,0,已启用,,,,否,否
其他,7000001353,,三车间配电干式变压器4#,,生产设备,个,,,,,0,已启用,,,,否,否
其他,7000001352,,三期车间配电房,,生产设备,个,,,,,0,已启用,,,,否,否
其他,7000001351,,二车间配电开关柜KP,,生产设备,个,,,,,0,已启用,,,,否,否
其他,7000001350,,二车间配电开关柜AKK,,生产设备,个,,,,,0,已启用,,,,否,否
其他,7000001349,,二车间配电开关柜AK,,生产设备,个,,,,,0,已启用,,,,否,否
其他,7000001348,,二车间配电开关柜AP4,,生产设备,个,,,,,0,已启用,,,,否,否
其他,7000001347,,二车间配电开关柜AP3,,生产设备,个,,,,,0,已启用,,,,否,否
其他,7000001346,,二车间配电低压进线柜MF,,生产设备,个,,,,,0,已启用,,,,否,否
其他,7000001345,,二期车间配电房,,生产设备,个,,,,,0,已启用,,,,否,否
其他,7000001344,,一车间配电开关柜KP,,生产设备,个,,,,,0,已启用,,,,否,否
其他,7000001343,,一车间配电开关柜AKK,,生产设备,个,,,,,0,已启用,,,,否,否
其他,7000001342,,一车间配电开关柜AK,,生产设备,个,,,,,0,已启用,,,,否,否
其他,7000001341,,一车间配电开关柜AP2,,生产设备,个,,,,,0,已启用,,,,否,否
其他,7000001340,,一车间配电开关柜AP1,,生产设备,个,,,,,0,已启用,,,,否,否
其他,7000001339,,一车间配电低压进线柜MF-1,,生产设备,个,,,,,0,已启用,,,,否,否
其他,7000001338,,一车间配电低压进线柜MF,,生产设备,个,,,,,0,已启用,,,,否,否
其他,7000001337,,一期车间配电房,,生产设备,个,,,,,0,已启用,,,,否,否
其他,7000001336,,低压开关柜联络柜P12,,生产设备,个,,,,,0,已启用,,,,否,否
其他,7000001335,,低压开关柜出线柜P11,,生产设备,个,,,,,0,已启用,,,,否,否
其他,7000001334,,低压开关柜出线柜P10,,生产设备,个,,,,,0,已启用,,,,否,否
其他,7000001333,,低压开关柜出线柜P09,,生产设备,个,,,,,0,已启用,,,,否,否
其他,7000001332,,低压电容柜电容柜P08,,生产设备,个,,,,,0,已启用,,,,否,否
其他,7000001331,,低压开关柜进线柜P07,,生产设备,个,,,,,0,已启用,,,,否,否
其他,7000001330,,低压开关柜联络柜P06,,生产设备,个,,,,,0,已启用,,,,否,否
其他,7000001329,,低压开关柜出线柜P05,,生产设备,个,,,,,0,已启用,,,,否,否
其他,7000001328,,低压开关柜出线柜P04,,生产设备,个,,,,,0,已启用,,,,否,否
其他,7000001327,,低压开关柜出线柜P03,,生产设备,个,,,,,0,已启用,,,,否,否
其他,7000001326,,低压电容柜电容柜P02,,生产设备,个,,,,,0,已启用,,,,否,否
其他,7000001325,,低压开关柜进线柜P01,,生产设备,个,,,,,0,已启用,,,,否,否
其他,7000001324,,低压电房3#干式变压器,,生产设备,个,,,,,0,已启用,,,,否,否
其他,7000001323,,低压电房2#干式变压器,,生产设备,个,,,,,0,已启用,,,,否,否
其他,7000001322,,低压电房1#干式变压器,,生产设备,个,,,,,0,已启用,,,,否,否
其他,7000001321,,低压配电房,,生产设备,个,,,,,0,已启用,,,,否,否
其他,7000001320,,高压电房直流电源控制屏,,生产设备,个,,,,,0,已启用,,,,否,否
其他,7000001319,,高压成套配电柜进线柜G08,,生产设备,个,,,,,0,已启用,,,,否,否
其他,7000001318,,高压成套配电柜计量柜G07,,生产设备,个,,,,,0,已启用,,,,否,否
其他,7000001317,,高压成套配电柜出线柜G06,,生产设备,个,,,,,0,已启用,,,,否,否
其他,7000001316,,高压成套配电柜出线柜G05,,生产设备,个,,,,,0,已启用,,,,否,否
其他,7000001315,,高压成套配电柜出线柜G04,,生产设备,个,,,,,0,已启用,,,,否,否
其他,7000001314,,高压成套配电柜PT柜G03,,生产设备,个,,,,,0,已启用,,,,否,否
其他,7000001313,,高压成套配电柜计量柜G02,,生产设备,个,,,,,0,已启用,,,,否,否
其他,7000001312,,高压成套配电柜进线柜G01,,生产设备,个,,,,,0,已启用,,,,否,否
其他,7000001311,,高压配电房,,生产设备,个,,,,,0,已启用,,,,否,否
其他,7000001310,,配电系统,,生产设备,个,,,,,0,已启用,,,,否,否
其他,7000001309,,三车间中央空调机组,,生产设备,个,,,,,0,已启用,,,,否,否
其他,7000001308,,二车间中央空调机组,,生产设备,个,,,,,0,已启用,,,,否,否
其他,7000001307,,三车间灌装机组六线洁净间空气净化系统高效过滤,,生产设备,个,,,,,0,已启用,,,,否,否
其他,7000001306,,三车间灌装机组六线洁净间空气净化系统中效过滤,,生产设备,个,,,,,0,已启用,,,,否,否
其他,7000001305,,三车间灌装机组六线洁净间空气净化系统初效过滤,,生产设备,个,,,,,0,已启用,,,,否,否
其他,7000001304,,三车间灌装机组六线洁净间空气净化系统电气控制柜,,生产设备,个,,,,,0,已启用,,,,否,否
其他,7000001303,,三车间灌装机组六线洁净间空气净化系统,,生产设备,个,,,,,0,已启用,,,,否,否
其他,7000001302,,三车间灌装机组五线洁净间空气净化系统高效过滤,,生产设备,个,,,,,0,已启用,,,,否,否
其他,7000001301,,三车间灌装机组五线洁净间空气净化系统中效过滤,,生产设备,个,,,,,0,已启用,,,,否,否
其他,7000001300,,三车间灌装机组五线洁净间空气净化系统初效过滤,,生产设备,个,,,,,0,已启用,,,,否,否
其他,7000001299,,三车间灌装机组五线洁净间空气净化系统电气控制柜,,生产设备,个,,,,,0,已启用,,,,否,否
其他,7000001298,,三车间灌装机组五线洁净间空气净化系统,,生产设备,个,,,,,0,已启用,,,,否,否
其他,7000001297,,三车间车间化验室微生物万级洁净系统,,生产设备,个,,,,,0,已启用,,,,否,否
其他,7000001296,,三车间中央空调机新风机组6#,,生产设备,个,,,,,0,已启用,,,,否,否
其他,7000001295,,三车间中央空调机新风机组5#,,生产设备,个,,,,,0,已启用,,,,否,否
其他,7000001294,,三车间中央空调机新风机组4#,,生产设备,个,,,,,0,已启用,,,,否,否
其他,7000001293,,三车间中央空调机新风机组3#,,生产设备,个,,,,,0,已启用,,,,否,否
其他,7000001292,,三车间中央空调机新风机组2#,,生产设备,个,,,,,0,已启用,,,,否,否
其他,7000001291,,三车间中央空调机新风机组1#,,生产设备,个,,,,,0,已启用,,,,否,否
其他,7000001290,,三车间中央空调机电缆桥架及安装,,生产设备,个,,,,,0,已启用,,,,否,否
其他,7000001289,,三车间中央空调机组配料间空调系统2#水泵,,生产设备,个,,,,,0,已启用,,,,否,否
其他,7000001288,,三车间中央空调机组配料间空调系统1#水泵,,生产设备,个,,,,,0,已启用,,,,否,否
其他,7000001287,,三车间中央空调机组配料间空调系统3#从机,,生产设备,个,,,,,0,已启用,,,,否,否
其他,7000001286,,三车间中央空调机组配料间空调系统2#从机,,生产设备,个,,,,,0,已启用,,,,否,否
其他,7000001285,,三车间中央空调机组配料间空调系统1#主机,,生产设备,个,,,,,0,已启用,,,,否,否
其他,7000001284,,三车间中央空调机组配料间空调系统,,生产设备,个,,,,,0,已启用,,,,否,否
其他,7000001283,,三车间中央空调机组岗位空调系统2#水泵,,生产设备,个,,,,,0,已启用,,,,否,否
其他,7000001282,,三车间中央空调机组岗位空调系统1#水泵,,生产设备,个,,,,,0,已启用,,,,否,否
其他,7000001281,,三车间中央空调机组岗位空调系统3#从机,,生产设备,个,,,,,0,已启用,,,,否,否
其他,7000001280,,三车间中央空调机组岗位空调系统2#从机,,生产设备,个,,,,,0,已启用,,,,否,否
其他,7000001279,,三车间中央空调机组岗位空调系统1#主机,,生产设备,个,,,,,0,已启用,,,,否,否
其他,7000001278,,三车间中央空调机组岗位空调系统,,生产设备,个,,,,,0,已启用,,,,否,否
其他,7000001277,,三车间中央空调机组灌装间空调系统2#水泵,,生产设备,个,,,,,0,已启用,,,,否,否
其他,7000001276,,三车间中央空调机组灌装间空调系统1#水泵,,生产设备,个,,,,,0,已启用,,,,否,否
其他,7000001275,,三车间中央空调机组灌装间空调3#从机,,生产设备,个,,,,,0,已启用,,,,否,否
其他,7000001274,,三车间中央空调机组灌装间空调2#从机,,生产设备,个,,,,,0,已启用,,,,否,否
其他,7000001273,,三车间中央空调机组灌装间空调1#主机,,生产设备,个,,,,,0,已启用,,,,否,否
其他,7000001272,,三车间中央空调机组灌装间空调系统,,生产设备,个,,,,,0,已启用,,,,否,否
其他,7000001271,,三车间中央空调机组补水泵,,生产设备,个,,,,,0,已启用,,,,否,否
其他,7000001270,,三车间中央空调机组电气控制柜,,生产设备,个,,,,,0,已启用,,,,否,否
其他,7000001269,,三车间中央空调机组,,生产设备,个,,,,,0,已启用,,,,否,否
其他,7000001268,,二车间灌装机组四线洁净间空气净化系统高效过滤,,生产设备,个,,,,,0,已启用,,,,否,否
其他,7000001267,,二车间灌装机组四线洁净间空气净化系统中效过滤,,生产设备,个,,,,,0,已启用,,,,否,否
其他,7000001266,,二车间灌装机组四线洁净间空气净化系统初效过滤,,生产设备,个,,,,,0,已启用,,,,否,否
其他,7000001265,,二车间灌装机组四线洁净间空气净化系统电气控制柜,,生产设备,个,,,,,0,已启用,,,,否,否
其他,7000001264,,二车间灌装机组四线洁净间空气净化系统,,生产设备,个,,,,,0,已启用,,,,否,否
其他,7000001263,,二车间灌装机组三线洁净间空气净化系统高效过滤,,生产设备,个,,,,,0,已启用,,,,否,否
其他,7000001262,,二车间灌装机组三线洁净间空气净化系统中效过滤,,生产设备,个,,,,,0,已启用,,,,否,否
其他,7000001261,,二车间灌装机组三线洁净间空气净化系统初效过滤,,生产设备,个,,,,,0,已启用,,,,否,否
其他,7000001260,,二车间灌装机组三线洁净间空气净化系统电气控制柜,,生产设备,个,,,,,0,已启用,,,,否,否
其他,7000001259,,二车间灌装机组三线洁净间空气净化系统,,生产设备,个,,,,,0,已启用,,,,否,否
其他,7000001258,,三车间化验室净化间洁净系统,,生产设备,个,,,,,0,已启用,,,,否,否
其他,7000001257,,二车间中央空调机组新风机6#,,生产设备,个,,,,,0,已启用,,,,否,否
其他,7000001256,,二车间中央空调机组新风机5#,,生产设备,个,,,,,0,已启用,,,,否,否
其他,7000001255,,二车间中央空调机组新风机4#,,生产设备,个,,,,,0,已启用,,,,否,否
其他,7000001254,,二车间中央空调机组新风机3#,,生产设备,个,,,,,0,已启用,,,,否,否
其他,7000001253,,二车间中央空调机组新风机2#,,生产设备,个,,,,,0,已启用,,,,否,否
其他,7000001252,,二车间中央空调机组新风机1#,,生产设备,个,,,,,0,已启用,,,,否,否
其他,7000001251,,二车间中央空调机组化验、配料、岗位岗位空调系统4#水泵,,生产设备,个,,,,,0,已启用,,,,否,否
其他,7000001250,,二车间中央空调机组化验、配料、岗位岗位空调系统3#水泵,,生产设备,个,,,,,0,已启用,,,,否,否
其他,7000001249,,二车间中央空调机组化验、配料、岗位岗位空调系统2#水泵,,生产设备,个,,,,,0,已启用,,,,否,否
其他,7000001248,,二车间中央空调机组化验、配料、岗位岗位空调系统1#水泵,,生产设备,个,,,,,0,已启用,,,,否,否
其他,7000001247,,二车间中央空调机组化验、配料、岗位岗位空调系统6#从机,,生产设备,个,,,,,0,已启用,,,,否,否
其他,7000001246,,二车间中央空调机组化验、配料、岗位岗位空调系统5#从机,,生产设备,个,,,,,0,已启用,,,,否,否
其他,7000001245,,二车间中央空调机组化验、配料、岗位岗位空调系统4#从机,,生产设备,个,,,,,0,已启用,,,,否,否
其他,7000001244,,二车间中央空调机组化验、配料、岗位岗位空调系统3#从机,,生产设备,个,,,,,0,已启用,,,,否,否
其他,7000001243,,二车间中央空调机组化验、配料、岗位岗位空调系统2#从机,,生产设备,个,,,,,0,已启用,,,,否,否
其他,7000001242,,二车间中央空调机组化验、配料、岗位空调系统1#主机,,生产设备,个,,,,,0,已启用,,,,否,否
其他,7000001241,,二车间中央空调机组化验、配料、岗位岗位空调系统,,生产设备,个,,,,,0,已启用,,,,否,否
其他,7000001240,,二车间中央空调机组灌装间空调系统2#水泵,,生产设备,个,,,,,0,已启用,,,,否,否
其他,7000001239,,二车间中央空调机组灌装间空调系统1#水泵,,生产设备,个,,,,,0,已启用,,,,否,否
其他,7000001238,,二车间中央空调机组灌装间空调3#从机,,生产设备,个,,,,,0,已启用,,,,否,否
其他,7000001237,,二车间中央空调机组灌装间空调2#从机,,生产设备,个,,,,,0,已启用,,,,否,否
其他,7000001236,,二车间中央空调机组灌装间空调1#主机,,生产设备,个,,,,,0,已启用,,,,否,否
其他,7000001235,,二车间中央空调机组灌装间空调系统,,生产设备,个,,,,,0,已启用,,,,否,否
其他,7000001234,,二车间中央空调机组补水泵,,生产设备,个,,,,,0,已启用,,,,否,否
其他,7000001233,,二车间中央空调机组电气控制柜,,生产设备,个,,,,,0,已启用,,,,否,否
其他,7000001232,,二车间中央空调机组,,生产设备,个,,,,,0,已启用,,,,否,否
其他,7000001231,,一车间灌装机组二线洁净间空气净化系统高效过滤,,生产设备,个,,,,,0,已启用,,,,否,否
其他,7000001230,,一车间灌装机组二线洁净间空气净化系统中效过滤,,生产设备,个,,,,,0,已启用,,,,否,否
其他,7000001229,,一车间灌装机组二线洁净间空气净化系统初效过滤,,生产设备,个,,,,,0,已启用,,,,否,否
其他,7000001228,,一车间灌装机组二线洁净间空气净化系统电气控制柜,,生产设备,个,,,,,0,已启用,,,,否,否
其他,7000001227,,一车间灌装机组二线洁净间空气净化系统,,生产设备,个,,,,,0,已启用,,,,否,否
其他,7000001226,,一车间灌装机组一线洁净间空气净化系统高效过滤,,生产设备,个,,,,,0,已启用,,,,否,否
其他,7000001225,,一车间灌装机组一线洁净间空气净化系统中效过滤,,生产设备,个,,,,,0,已启用,,,,否,否
其他,7000001224,,一车间灌装机组一线洁净间空气净化系统初效过滤,,生产设备,个,,,,,0,已启用,,,,否,否
其他,7000001223,,一车间灌装机组一线洁净间空气净化系统电气控制柜,,生产设备,个,,,,,0,已启用,,,,否,否
其他,7000001222,,一车间灌装机组一线洁净间空气净化系统,,生产设备,个,,,,,0,已启用,,,,否,否
其他,7000001221,,一车间新风机组,,生产设备,个,,,,,0,已启用,,,,否,否
其他,7000001220,,一车间桥架及配件制作安装工程,,生产设备,个,,,,,0,已启用,,,,否,否
其他,7000001219,,一车间中央空调机组配料间空调系统2#水泵,,生产设备,个,,,,,0,已启用,,,,否,否
其他,7000001218,,一车间中央空调机组配料间空调系统1#水泵,,生产设备,个,,,,,0,已启用,,,,否,否
其他,7000001217,,一车间中央空调机组配料间空调系统3#从机,,生产设备,个,,,,,0,已启用,,,,否,否
其他,7000001216,,一车间中央空调机组配料间空调系统2#从机,,生产设备,个,,,,,0,已启用,,,,否,否
其他,7000001215,,一车间中央空调机组配料间空调系统1#主机,,生产设备,个,,,,,0,已启用,,,,否,否
其他,7000001214,,一车间中央空调机组配料间空调系统,,生产设备,个,,,,,0,已启用,,,,否,否
其他,7000001213,,一车间中央空调机组岗位空调系统2#水泵,,生产设备,个,,,,,0,已启用,,,,否,否
其他,7000001212,,一车间中央空调机组岗位空调系统1#水泵,,生产设备,个,,,,,0,已启用,,,,否,否
其他,7000001211,,一车间中央空调机组岗位空调系统3#从机,,生产设备,个,,,,,0,已启用,,,,否,否
其他,7000001210,,一车间中央空调机组岗位空调系统2#从机,,生产设备,个,,,,,0,已启用,,,,否,否
其他,7000001209,,一车间中央空调机组岗位空调系统1#主机,,生产设备,个,,,,,0,已启用,,,,否,否
其他,7000001208,,一车间中央空调机组岗位空调系统,,生产设备,个,,,,,0,已启用,,,,否,否
其他,7000001207,,一车间中央空调机组灌装间空调系统2#水泵,,生产设备,个,,,,,0,已启用,,,,否,否
其他,7000001206,,一车间中央空调机组灌装间空调系统1#水泵,,生产设备,个,,,,,0,已启用,,,,否,否
其他,7000001205,,一车间中央空调机组灌装间空调3#从机,,生产设备,个,,,,,0,已启用,,,,否,否
其他,7000001204,,一车间中央空调机组灌装间空调2#从机,,生产设备,个,,,,,0,已启用,,,,否,否
其他,7000001203,,一车间中央空调机组灌装间空调1#主机,,生产设备,个,,,,,0,已启用,,,,否,否
其他,7000001202,,一车间中央空调机组灌装间空调系统,,生产设备,个,,,,,0,已启用,,,,否,否
其他,7000001201,,一车间中央空调机组补水泵,,生产设备,个,,,,,0,已启用,,,,否,否
其他,7000001200,,一车间中央空调机组电气控制柜,,生产设备,个,,,,,0,已启用,,,,否,否
其他,7000001199,,一车间中央空调机组,,生产设备,个,,,,,0,已启用,,,,否,否
其他,7000001198,,二车间灌装机组四线自动下盖机,,生产设备,个,,,,,0,已启用,,,,否,否
其他,7000001197,,一车间灌装机组二线自动下盖机,,生产设备,个,,,,,0,已启用,,,,否,否
其他,7000001196,,一车间灌装机组一线自动下盖机,,生产设备,个,,,,,0,已启用,,,,否,否
其他,7000001195,,蒸汽输送系统蒸汽调节阀组,,生产设备,个,,,,,0,已启用,,,,否,否
其他,7000001194,,蒸汽输送系统蒸汽流量计,,生产设备,个,,,,,0,已启用,,,,否,否
其他,7000001193,,制糖车间生产线蒸汽输送系统,,生产设备,个,,,,,0,已启用,,,,否,否
其他,7000001192,,空压站系统压缩空气储罐,,生产设备,个,,,,,0,已启用,,,,否,否
其他,7000001191,,空压站系统干燥机,,生产设备,个,,,,,0,已启用,,,,否,否
其他,7000001190,,空压站系统冷干机,,生产设备,个,,,,,0,已启用,,,,否,否
其他,7000001189,,空压站系统空压机,,生产设备,个,,,,,0,已启用,,,,否,否
其他,7000001188,,制糖车间生产线空压站系统,,生产设备,个,,,,,0,已启用,,,,否,否
其他,7000001187,,酸碱站系统酸碱站输送系统,,生产设备,个,,,,,0,已启用,,,,否,否
其他,7000001186,,酸碱站系统盐水池,,生产设备,个,,,,,0,已启用,,,,否,否
其他,7000001185,,酸碱站系统稀碱罐,,生产设备,个,,,,,0,已启用,,,,否,否
其他,7000001184,,酸碱站系统浓碱罐,,生产设备,个,,,,,0,已启用,,,,否,否
其他,7000001183,,酸碱站系统酸回收系统,,生产设备,个,,,,,0,已启用,,,,否,否
其他,7000001182,,酸碱站系统稀酸罐,,生产设备,个,,,,,0,已启用,,,,否,否
其他,7000001181,,酸碱站系统浓酸罐,,生产设备,个,,,,,0,已启用,,,,否,否
其他,7000001180,,制糖车间生产线酸碱站系统,,生产设备,个,,,,,0,已启用,,,,否,否
其他,7000001179,,供水系统供水泵系统,,生产设备,个,,,,,0,已启用,,,,否,否
其他,7000001178,,供水系统温水储罐1#,,生产设备,个,,,,,0,已启用,,,,否,否
其他,7000001177,,供水系统RO水罐1#,,生产设备,个,,,,,0,已启用,,,,否,否
其他,7000001176,,供水系统热水储罐1#,,生产设备,个,,,,,0,已启用,,,,否,否
其他,7000001175,,制糖车间生产线供水系统,,生产设备,个,,,,,0,已启用,,,,否,否
其他,7000001174,,CIP系统CIP输送系统,,生产设备,个,,,,,0,已启用,,,,否,否
其他,7000001173,,CIP系统CIP储罐2#,,生产设备,个,,,,,0,已启用,,,,否,否
其他,7000001172,,CIP系统CIP储罐1#,,生产设备,个,,,,,0,已启用,,,,否,否
其他,7000001171,,制糖车间生产线CIP系统,,生产设备,个,,,,,0,已启用,,,,否,否
其他,7000001170,,成品储存系统成品流量计,,生产设备,个,,,,,0,已启用,,,,否,否
其他,7000001169,,成品储存系统成品输送泵3#,,生产设备,个,,,,,0,已启用,,,,否,否
其他,7000001168,,成品储存系统成品输送泵2#,,生产设备,个,,,,,0,已启用,,,,否,否
其他,7000001167,,成品储存系统成品输送泵1#,,生产设备,个,,,,,0,已启用,,,,否,否
其他,7000001166,,成品储存系统成品储罐4#,,生产设备,个,,,,,0,已启用,,,,否,否
其他,7000001165,,成品储存系统成品储罐3#,,生产设备,个,,,,,0,已启用,,,,否,否
其他,7000001164,,成品储存系统成品储罐2#,,生产设备,个,,,,,0,已启用,,,,否,否
其他,7000001163,,成品储存系统成品储罐1#,,生产设备,个,,,,,0,已启用,,,,否,否
其他,7000001162,,制糖车间生产线成品储存系统,,生产设备,个,,,,,0,已启用,,,,否,否
其他,7000001161,,树脂离交系统紫外杀菌系统2#,,生产设备,个,,,,,0,已启用,,,,否,否
其他,7000001160,,树脂离交系统紫外杀菌系统1#,,生产设备,个,,,,,0,已启用,,,,否,否
其他,7000001159,,树脂离交系统离交输送系统,,生产设备,个,,,,,0,已启用,,,,否,否
其他,7000001158,,树脂离交系统离交后储罐2#,,生产设备,个,,,,,0,已启用,,,,否,否
其他,7000001157,,树脂离交系统离交后储罐1#,,生产设备,个,,,,,0,已启用,,,,否,否
其他,7000001156,,树脂离交系统树脂离交柱4#,,生产设备,个,,,,,0,已启用,,,,否,否
其他,7000001155,,树脂离交系统树脂离交柱3#,,生产设备,个,,,,,0,已启用,,,,否,否
其他,7000001154,,树脂离交系统树脂离交柱2#,,生产设备,个,,,,,0,已启用,,,,否,否
其他,7000001153,,树脂离交系统树脂离交柱1#,,生产设备,个,,,,,0,已启用,,,,否,否
其他,7000001152,,制糖车间生产线树脂离交系统,,生产设备,个,,,,,0,已启用,,,,否,否
其他,7000001151,,过滤系统过滤输送系统,,生产设备,个,,,,,0,已启用,,,,否,否
其他,7000001150,,过滤系统烛式过滤器2#,,生产设备,个,,,,,0,已启用,,,,否,否
其他,7000001149,,过滤系统烛式过滤器1#,,生产设备,个,,,,,0,已启用,,,,否,否
其他,7000001148,,过滤系统过滤前储缸2#,,生产设备,个,,,,,0,已启用,,,,否,否
其他,7000001147,,过滤系统过滤前储缸1#,,生产设备,个,,,,,0,已启用,,,,否,否
其他,7000001146,,制糖车间生产线过滤系统,,生产设备,个,,,,,0,已启用,,,,否,否
其他,7000001145,,溶糖系统糖浆输送系统,,生产设备,个,,,,,0,已启用,,,,否,否
其他,7000001144,,溶糖系统行吊,,生产设备,个,,,,,0,已启用,,,,否,否
其他,7000001143,,溶糖系统溶糖罐2#,,生产设备,个,,,,,0,已启用,,,,否,否
其他,7000001142,,溶糖系统溶糖罐1#,,生产设备,个,,,,,0,已启用,,,,否,否
其他,7000001141,,溶糖系统剪切泵,,生产设备,个,,,,,0,已启用,,,,否,否
其他,7000001140,,制糖车间生产线溶糖系统,,生产设备,个,,,,,0,已启用,,,,否,否
其他,7000001139,,三车间输送链道机组六线箱输送链道称重机段,,生产设备,个,,,,,0,已启用,,,,否,否
其他,7000001138,,三车间输送链道机组六线箱输送链道纸箱打码段,,生产设备,个,,,,,0,已启用,,,,否,否
其他,7000001137,,三车间输送链道机组六线箱输送链道电气控制柜,,生产设备,个,,,,,0,已启用,,,,否,否
其他,7000001136,,三车间输送链道机组六线箱输送链道,,生产设备,个,,,,,0,已启用,,,,否,否
其他,7000001135,,三车间输送链道机组六线瓶输送链道纸包机入口段,,生产设备,个,,,,,0,已启用,,,,否,否
其他,7000001134,,三车间输送链道机组六线瓶输送链道膜缩膜包机入口段,,生产设备,个,,,,,0,已启用,,,,否,否
其他,7000001133,,三车间输送链道机组六线瓶输送链道打码检测段,,生产设备,个,,,,,0,已启用,,,,否,否
其他,7000001132,,三车间输送链道机组六线瓶输送链道冷罐机出口段,,生产设备,个,,,,,0,已启用,,,,否,否
其他,7000001131,,三车间输送链道机组六线瓶输送链道灌装机出口段,,生产设备,个,,,,,0,已启用,,,,否,否
其他,7000001130,,三车间输送链道机组六线瓶输送链道电气控制柜,,生产设备,个,,,,,0,已启用,,,,否,否
其他,7000001129,,三车间输送链道机组六线瓶输送链道,,生产设备,个,,,,,0,已启用,,,,否,否
其他,7000001128,,三车间输送链道机组六线空罐无压力输送链道电机,,生产设备,个,,,,,0,已启用,,,,否,否
其他,7000001127,,三车间输送链道机组六线空罐无压力输送链道操电气控制柜,,生产设备,个,,,,,0,已启用,,,,否,否
其他,7000001126,,三车间输送链道机组六线空罐无压力输送链道,,生产设备,个,,,,,0,已启用,,,,否,否
其他,7000001125,,三车间输送链道机组六线,,生产设备,个,,,,,0,已启用,,,,否,否
其他,7000001124,,三车间码垛机组六线码垛机托盘输送单元垛盘输送链道,,生产设备,个,,,,,0,已启用,,,,否,否
其他,7000001123,,三车间码垛机组六线码垛机托盘输送单元垛盘仓,,生产设备,个,,,,,0,已启用,,,,否,否
其他,7000001122,,三车间码垛机组六线码垛机托盘输送单元,,生产设备,个,,,,,0,已启用,,,,否,否
其他,7000001121,,三车间码垛机组六线码垛机机器人机身D轴,,生产设备,个,,,,,0,已启用,,,,否,否
其他,7000001120,,三车间码垛机组六线码垛机机器人机身C轴,,生产设备,个,,,,,0,已启用,,,,否,否
其他,7000001119,,三车间码垛机组六线码垛机机器人机身B轴,,生产设备,个,,,,,0,已启用,,,,否,否
其他,7000001118,,三车间码垛机组六线码垛机机器人抓手A轴,,生产设备,个,,,,,0,已启用,,,,否,否
其他,7000001117,,三车间码垛机组六线码垛机机器人,,生产设备,个,,,,,0,已启用,,,,否,否
其他,7000001116,,三车间码垛机组六线码垛机抓取分箱单元,,生产设备,个,,,,,0,已启用,,,,否,否
其他,7000001115,,三车间码垛机组六线码垛机进箱输送链道,,生产设备,个,,,,,0,已启用,,,,否,否
其他,7000001114,,三车间码垛机组六线码垛机电气控制柜输送链道控制柜,,生产设备,个,,,,,0,已启用,,,,否,否
其他,7000001113,,三车间码垛机组六线码垛机电气控制柜机器人控制柜,,生产设备,个,,,,,0,已启用,,,,否,否
其他,7000001112,,三车间码垛机组六线码垛机电气控制柜,,生产设备,个,,,,,0,已启用,,,,否,否
其他,7000001111,,三车间码垛机组六线码垛机,,生产设备,个,,,,,0,已启用,,,,否,否
其他,7000001110,,三车间码垛机组六线称重机传感器单元,,生产设备,个,,,,,0,已启用,,,,否,否
其他,7000001109,,三车间码垛机组六线称重机箱输送单元,,生产设备,个,,,,,0,已启用,,,,否,否
其他,7000001108,,三车间码垛机组六线称重机电气控制箱,,生产设备,个,,,,,0,已启用,,,,否,否
其他,7000001107,,三车间码垛机组六线称重机,,生产设备,个,,,,,0,已启用,,,,否,否
其他,7000001106,,三车间码垛机组六线封箱机封胶带单元,,生产设备,个,,,,,0,已启用,,,,否,否
其他,7000001105,,三车间码垛机组六线封箱机进箱滚轮输送,,生产设备,个,,,,,0,已启用,,,,否,否
其他,7000001104,,三车间码垛机组六线封箱机,,生产设备,个,,,,,0,已启用,,,,否,否
其他,7000001103,,三车间码垛机组六线,,生产设备,个,,,,,0,已启用,,,,否,否
其他,7000001102,,三车间包装机组六线包装机包装机投标机,,生产设备,个,,,,,0,已启用,,,,否,否
其他,7000001101,,三车间包装机组六线包装机包装机热熔胶机,,生产设备,个,,,,,0,已启用,,,,否,否
其他,7000001100,,三车间包装机组六线包装机包装系统密封单元,,生产设备,个,,,,,0,已启用,,,,否,否
其他,7000001099,,三车间包装机组六线包装机包装系统折叠单元,,生产设备,个,,,,,0,已启用,,,,否,否
其他,7000001098,,三车间包装机组六线包装机包装系统,,生产设备,个,,,,,0,已启用,,,,否,否
其他,7000001097,,三车间包装机组六线包装机纸皮输送系统分纸皮单元,,生产设备,个,,,,,0,已启用,,,,否,否
其他,7000001096,,三车间包装机组六线包装机纸皮输送系统进纸皮单元,,生产设备,个,,,,,0,已启用,,,,否,否
其他,7000001095,,三车间包装机组六线包装机纸皮输送系统,,生产设备,个,,,,,0,已启用,,,,否,否
其他,7000001094,,三车间包装机组六线包装机分瓶单元,,生产设备,个,,,,,0,已启用,,,,否,否
其他,7000001093,,三车间包装机组六线包装机进瓶单元,,生产设备,个,,,,,0,已启用,,,,否,否
其他,7000001092,,三车间包装机组六线包装机电气控制柜,,生产设备,个,,,,,0,已启用,,,,否,否
其他,7000001091,,三车间包装机组六线包装机,,生产设备,个,,,,,0,已启用,,,,否,否
其他,7000001090,,三车间包装机组六线,,生产设备,个,,,,,0,已启用,,,,否,否
其他,7000001089,,三车间热缩机组六线热缩机热缩烘炉,,生产设备,个,,,,,0,已启用,,,,否,否
其他,7000001088,,三车间热缩机组六线热缩机膜系统裹膜单元,,生产设备,个,,,,,0,已启用,,,,否,否
其他,7000001087,,三车间热缩机组六线热缩机膜系统切膜单元,,生产设备,个,,,,,0,已启用,,,,否,否
其他,7000001086,,三车间热缩机组六线热缩机膜系统上膜单元,,生产设备,个,,,,,0,已启用,,,,否,否
其他,7000001085,,三车间热缩机组六线热缩机膜系统,,生产设备,个,,,,,0,已启用,,,,否,否
其他,7000001084,,三车间热缩机组六线热缩机分瓶单元,,生产设备,个,,,,,0,已启用,,,,否,否
其他,7000001083,,三车间热缩机组六线热缩机进瓶单元,,生产设备,个,,,,,0,已启用,,,,否,否
其他,7000001082,,三车间热缩机组六线热缩机电气控制柜,,生产设备,个,,,,,0,已启用,,,,否,否
其他,7000001081,,三车间热缩机组六线热缩机,,生产设备,个,,,,,0,已启用,,,,否,否
其他,7000001080,,三车间热缩机组六线,,生产设备,个,,,,,0,已启用,,,,否,否
其他,7000001079,,三车间打码机组六线墨码检测系统传感器单元,,生产设备,个,,,,,0,已启用,,,,否,否
其他,7000001078,,三车间打码机组六线墨码检测系统摄像机,,生产设备,个,,,,,0,已启用,,,,否,否
其他,7000001077,,三车间打码机组六线墨码检测系统主控电脑,,生产设备,个,,,,,0,已启用,,,,否,否
其他,7000001076,,三车间打码机组六线墨码检测系统,,生产设备,个,,,,,0,已启用,,,,否,否
其他,7000001075,,三车间打码机组六线异盖检测系统传感器单元,,生产设备,个,,,,,0,已启用,,,,否,否
其他,7000001074,,三车间打码机组六线异盖检测系统摄像机,,生产设备,个,,,,,0,已启用,,,,否,否
其他,7000001073,,三车间打码机组六线异盖检测系统主控电脑,,生产设备,个,,,,,0,已启用,,,,否,否
其他,7000001072,,三车间打码机组六线异盖检测系统,,生产设备,个,,,,,0,已启用,,,,否,否
其他,7000001071,,三车间打码机组六线外箱码激光打码机传感器单元,,生产设备,个,,,,,0,已启用,,,,否,否
其他,7000001070,,三车间打码机组六线外箱码激光打码机激光头单元,,生产设备,个,,,,,0,已启用,,,,否,否
其他,7000001069,,三车间打码机组六线外箱码激光打码机主控电脑,,生产设备,个,,,,,0,已启用,,,,否,否
其他,7000001068,,三车间打码机组六线外箱码激光打码机,,生产设备,个,,,,,0,已启用,,,,否,否
其他,7000001067,,三车间打码机组五线罐底码激光打码机倒罐检测装置,,生产设备,个,,,,,0,已启用,,,,否,否
其他,7000001066,,三车间打码机组五线罐底码激光打码机内压打检机带剔除装置,,生产设备,个,,,,,0,已启用,,,,否,否
其他,7000001065,,三车间打码机组六线外箱码激光打码机烟雾净化装置,,生产设备,个,,,,,0,已启用,,,,否,否
其他,7000001064,,三车间打码机组六线罐底码激光打码机烟雾净化装置,,生产设备,个,,,,,0,已启用,,,,否,否
其他,7000001063,,三车间打码机组六线罐底码激光打码机传感器单元,,生产设备,个,,,,,0,已启用,,,,否,否
其他,7000001062,,三车间打码机组六线罐底码激光打码机激光头单元,,生产设备,个,,,,,0,已启用,,,,否,否
其他,7000001061,,三车间打码机组六线罐底码激光打码机主控电脑,,生产设备,个,,,,,0,已启用,,,,否,否
其他,7000001060,,三车间打码机组六线罐底码激光打码机,,生产设备,个,,,,,0,已启用,,,,否,否
其他,7000001059,,三车间打码机组六线喷墨打码机传感器单元,,生产设备,个,,,,,0,已启用,,,,否,否
其他,7000001058,,三车间打码机组六线喷墨打码机喷头单元,,生产设备,个,,,,,0,已启用,,,,否,否
其他,7000001057,,三车间打码机组六线喷墨打码机主控电脑,,生产设备,个,,,,,0,已启用,,,,否,否
其他,7000001056,,三车间打码机组六线喷墨打码机,,生产设备,个,,,,,0,已启用,,,,否,否
其他,7000001055,,三车间打码机组六线液位检测系统传感器单元,,生产设备,个,,,,,0,已启用,,,,否,否
其他,7000001054,,三车间打码机组六线液位检测系统x射线源,,生产设备,个,,,,,0,已启用,,,,否,否
其他,7000001053,,三车间打码机组六线液位检测系统电气控制箱,,生产设备,个,,,,,0,已启用,,,,否,否
其他,7000001052,,三车间打码机组六线液位检测系统,,生产设备,个,,,,,0,已启用,,,,否,否
其他,7000001051,,三车间打码机组六线吹干机系统鼓风机单元,,生产设备,个,,,,,0,已启用,,,,否,否
其他,7000001050,,三车间打码机组六线吹干机系统电气控制箱,,生产设备,个,,,,,0,已启用,,,,否,否
其他,7000001049,,三车间打码机组六线吹干机系统,,生产设备,个,,,,,0,已启用,,,,否,否
其他,7000001048,,三车间打码机组六线冷却机系统罐输送单元,,生产设备,个,,,,,0,已启用,,,,否,否
其他,7000001047,,三车间打码机组六线冷却机系统冷却水循环系统循环水泵,,生产设备,个,,,,,0,已启用,,,,否,否
其他,7000001046,,三车间打码机组六线冷却机系统冷却水循环系统冷却塔,,生产设备,个,,,,,0,已启用,,,,否,否
其他,7000001045,,三车间打码机组六线冷却机系统冷却水循环系统,,生产设备,个,,,,,0,已启用,,,,否,否
其他,7000001044,,三车间打码机组六线冷却机系统喷淋系统,,生产设备,个,,,,,0,已启用,,,,否,否
其他,7000001043,,三车间打码机组六线冷却机系统电气控制柜,,生产设备,个,,,,,0,已启用,,,,否,否
其他,7000001042,,三车间打码机组六线冷却机系统,,生产设备,个,,,,,0,已启用,,,,否,否
其他,7000001041,,三车间打码机组六线,,生产设备,个,,,,,0,已启用,,,,否,否
其他,7000001040,,三车间灌装机组六线液位检测系统传感器单元,,生产设备,个,,,,,0,已启用,,,,否,否
其他,7000001039,,三车间灌装机组六线液位检测系统x射线源,,生产设备,个,,,,,0,已启用,,,,否,否
其他,7000001038,,三车间灌装机组六线液位检测系统,,生产设备,个,,,,,0,已启用,,,,否,否
其他,7000001037,,三车间灌装机组六线注氮系统注氮机注氮控制,,生产设备,个,,,,,0,已启用,,,,否,否
其他,7000001036,,三车间灌装机组六线注氮系统注氮机储氮罐,,生产设备,个,,,,,0,已启用,,,,否,否
其他,7000001035,,三车间灌装机组六线注氮系统注氮机进氮控制真空汇流排,,生产设备,个,,,,,0,已启用,,,,否,否
其他,7000001034,,三车间灌装机组六线注氮系统注氮机主体,,生产设备,个,,,,,0,已启用,,,,否,否
其他,7000001033,,三车间灌装机组六线注氮系统电气控制箱,,生产设备,个,,,,,0,已启用,,,,否,否
其他,7000001032,,三车间灌装机组六线注氮系统,,生产设备,个,,,,,0,已启用,,,,否,否
其他,7000001031,,三车间灌装机组六线巴氏杀菌系统红牛回流单元,,生产设备,个,,,,,0,已启用,,,,否,否
其他,7000001030,,三车间灌装机组六线巴氏杀菌系统红牛加热单元,,生产设备,个,,,,,0,已启用,,,,否,否
其他,7000001029,,三车间灌装机组六线巴氏杀菌系统制热水单元,,生产设备,个,,,,,0,已启用,,,,否,否
其他,7000001028,,三车间灌装机组六线巴氏杀菌系统电气主控制柜,,生产设备,个,,,,,0,已启用,,,,否,否
其他,7000001027,,三车间灌装机组六线巴氏杀菌系统,,生产设备,个,,,,,0,已启用,,,,否,否
其他,7000001026,,三车间灌装机组六线封口机罐传送单元润滑油泵,,生产设备,个,,,,,0,已启用,,,,否,否
其他,7000001025,,三车间灌装机组六线封口机罐传送单元拔杆链条,,生产设备,个,,,,,0,已启用,,,,否,否
其他,7000001024,,三车间灌装机组六线封口机罐传送单元驱动电机,,生产设备,个,,,,,0,已启用,,,,否,否
其他,7000001023,,三车间灌装机组六线封口机罐传送单元,,生产设备,个,,,,,0,已启用,,,,否,否
其他,7000001022,,三车间灌装机组六线封口机封盖单元,,生产设备,个,,,,,0,已启用,,,,否,否
其他,7000001021,,三车间灌装机组六线封口机下盖单元,,生产设备,个,,,,,0,已启用,,,,否,否
其他,7000001020,,三车间灌装机组六线封口机电气控制柜,,生产设备,个,,,,,0,已启用,,,,否,否
其他,7000001019,,三车间灌装机组六线封口机,,生产设备,个,,,,,0,已启用,,,,否,否
其他,7000001018,,三车间灌装机组六线灌装机安全门系统,,生产设备,个,,,,,0,已启用,,,,否,否
其他,7000001017,,三车间灌装机组六线灌灌装机驱动传动灌装机主驱动,,生产设备,个,,,,,0,已启用,,,,否,否
其他,7000001016,,三车间灌装机组六线灌灌装机驱动传动灌装机驱动自动润滑,,生产设备,个,,,,,0,已启用,,,,否,否
其他,7000001015,,三车间灌装机组六线灌灌装机驱动传动,,生产设备,个,,,,,0,已启用,,,,否,否
其他,7000001014,,三车间灌装机组六线灌装机灌装阀控制系统灌注电磁阀组,,生产设备,个,,,,,0,已启用,,,,否,否
其他,7000001013,,三车间灌装机组六线灌装机灌装阀控制系统灌注阀组,,生产设备,个,,,,,0,已启用,,,,否,否
其他,7000001012,,三车间灌装机组六线灌装机灌装阀控制系统,,生产设备,个,,,,,0,已启用,,,,否,否
其他,7000001011,,三车间灌装机组六线灌装机中央分配器,,生产设备,个,,,,,0,已启用,,,,否,否
其他,7000001010,,三车间灌装机组六线灌装机环缸外环缸,,生产设备,个,,,,,0,已启用,,,,否,否
其他,7000001009,,三车间灌装机组六线灌装机环缸内环缸,,生产设备,个,,,,,0,已启用,,,,否,否
其他,7000001008,,三车间灌装机组六线灌装机环缸,,生产设备,个,,,,,0,已启用,,,,否,否
其他,7000001007,,三车间灌装机组六线灌装机灌装阀阵灌装阀回流缓冲缸,,生产设备,个,,,,,0,已启用,,,,否,否
其他,7000001006,,三车间灌装机组六线灌装机灌装阀阵灌电气控制柜,,生产设备,个,,,,,0,已启用,,,,否,否
其他,7000001005,,三车间灌装机组六线灌装机灌装阀阵,,生产设备,个,,,,,0,已启用,,,,否,否
其他,7000001004,,三车间灌装机组六线灌装机操作电柜,,生产设备,个,,,,,0,已启用,,,,否,否
其他,7000001003,,三车间灌装机组六线灌装机电气控制电柜旋转滑环电柜,,生产设备,个,,,,,0,已启用,,,,否,否
其他,7000001002,,三车间灌装机组六线灌装机电气控制电柜主控制电柜,,生产设备,个,,,,,0,已启用,,,,否,否
其他,7000001001,,三车间灌装机组六线灌装机电气控制电柜,,生产设备,个,,,,,0,已启用,,,,否,否
其他,7000001000,,三车间灌装机组六线灌装机,,生产设备,个,,,,,0,已启用,,,,否,否
其他,7000000999,,三车间灌装机组六线,,生产设备,个,,,,,0,已启用,,,,否,否
其他,7000000998,,三车间卸垛机六线一级循环水循环单元,,生产设备,个,,,,,0,已启用,,,,否,否
其他,7000000997,,三车间卸垛机六线洗罐喷头组二级洗罐喷头,,生产设备,个,,,,,0,已启用,,,,否,否
其他,7000000996,,三车间卸垛机六线洗罐喷头组一级洗罐喷头,,生产设备,个,,,,,0,已启用,,,,否,否
其他,7000000995,,三车间卸垛机六线洗罐喷头组,,生产设备,个,,,,,0,已启用,,,,否,否
其他,7000000994,,三车间卸垛机六线洗罐槽,,生产设备,个,,,,,0,已启用,,,,否,否
其他,7000000993,,三车间卸垛机组六线洗罐器,,生产设备,个,,,,,0,已启用,,,,否,否
其他,7000000992,,三车间卸垛机组六线空罐检测踢除单元,,生产设备,个,,,,,0,已启用,,,,否,否
其他,7000000991,,三车间卸垛机组六线空罐检测真空泵单元,,生产设备,个,,,,,0,已启用,,,,否,否
其他,7000000990,,三车间卸垛机组六线空罐检测检查2#摄像机,,生产设备,个,,,,,0,已启用,,,,否,否
其他,7000000989,,三车间卸垛机组六线空罐检测检查1#摄像机,,生产设备,个,,,,,0,已启用,,,,否,否
其他,7000000988,,三车间卸垛机组六线空罐检测检查摄像机,,生产设备,个,,,,,0,已启用,,,,否,否
其他,7000000987,,三车间卸垛机组六线空罐检测主控制电柜,,生产设备,个,,,,,0,已启用,,,,否,否
其他,7000000986,,三车间卸垛机组六线空罐检测,,生产设备,个,,,,,0,已启用,,,,否,否
其他,7000000985,,三车间卸垛机组六线卸垛机纸皮隔板仓,,生产设备,个,,,,,0,已启用,,,,否,否
其他,7000000984,,三车间卸垛机组六线卸垛机空垛盘输送系统,,生产设备,个,,,,,0,已启用,,,,否,否
其他,7000000983,,三车间卸垛机组六线卸垛机纸皮隔板旋转抓手,,生产设备,个,,,,,0,已启用,,,,否,否
其他,7000000982,,三车间卸垛机组六线卸垛机空罐推罐系统,,生产设备,个,,,,,0,已启用,,,,否,否
其他,7000000981,,三车间卸垛机组六线卸垛机空罐提升系统,,生产设备,个,,,,,0,已启用,,,,否,否
其他,7000000980,,三车间卸垛机组六线卸垛机进口链道输送,,生产设备,个,,,,,0,已启用,,,,否,否
其他,7000000979,,三车间卸垛机组六线卸垛机电气控制柜,,生产设备,个,,,,,0,已启用,,,,否,否
其他,7000000978,,三车间卸垛机组六线卸垛机,,生产设备,个,,,,,0,已启用,,,,否,否
其他,7000000977,,三车间卸垛机组六线,,生产设备,个,,,,,0,已启用,,,,否,否
其他,7000000976,,三车间输送链道机组五线箱输送链道称重机段,,生产设备,个,,,,,0,已启用,,,,否,否
其他,7000000975,,三车间输送链道机组五线箱输送链道纸箱打码段,,生产设备,个,,,,,0,已启用,,,,否,否
其他,7000000974,,三车间输送链道机组五线箱输送链道电气控制柜,,生产设备,个,,,,,0,已启用,,,,否,否
其他,7000000973,,三车间输送链道机组五线箱输送链道,,生产设备,个,,,,,0,已启用,,,,否,否
其他,7000000972,,三车间输送链道机组五线瓶输送链道纸包机入口段,,生产设备,个,,,,,0,已启用,,,,否,否
其他,7000000971,,三车间输送链道机组五线瓶输送链道膜缩膜包机入口段,,生产设备,个,,,,,0,已启用,,,,否,否
其他,7000000970,,三车间输送链道机组五线瓶输送链道打码检测段,,生产设备,个,,,,,0,已启用,,,,否,否
其他,7000000969,,三车间输送链道机组五线瓶输送链道冷罐机出口段,,生产设备,个,,,,,0,已启用,,,,否,否
其他,7000000968,,三车间输送链道机组五线瓶输送链道灌装机出口段,,生产设备,个,,,,,0,已启用,,,,否,否
其他,7000000967,,三车间输送链道机组五线瓶输送链道电气控制柜,,生产设备,个,,,,,0,已启用,,,,否,否
其他,7000000966,,三车间输送链道机组五线瓶输送链道,,生产设备,个,,,,,0,已启用,,,,否,否
其他,7000000965,,三车间输送链道机组五线空罐无压力输送链道电机,,生产设备,个,,,,,0,已启用,,,,否,否
其他,7000000964,,三车间输送链道机组五线空罐无压力输送链道操电气控制柜,,生产设备,个,,,,,0,已启用,,,,否,否
其他,7000000963,,三车间输送链道机组五线空罐无压力输送链道,,生产设备,个,,,,,0,已启用,,,,否,否
其他,7000000962,,三车间输送链道机组五线,,生产设备,个,,,,,0,已启用,,,,否,否
其他,7000000961,,三车间码垛机组五线码垛机托盘输送单元垛盘输送链道,,生产设备,个,,,,,0,已启用,,,,否,否
其他,7000000960,,三车间码垛机组五线码垛机托盘输送单元垛盘仓,,生产设备,个,,,,,0,已启用,,,,否,否
其他,7000000959,,三车间码垛机组五线码垛机托盘输送单元,,生产设备,个,,,,,0,已启用,,,,否,否
其他,7000000958,,三车间码垛机组五线码垛机机器人机身D轴,,生产设备,个,,,,,0,已启用,,,,否,否
其他,7000000957,,三车间码垛机组五线码垛机机器人机身C轴,,生产设备,个,,,,,0,已启用,,,,否,否
其他,7000000956,,三车间码垛机组五线码垛机机器人机身B轴,,生产设备,个,,,,,0,已启用,,,,否,否
其他,7000000955,,三车间码垛机组五线码垛机机器人抓手A轴,,生产设备,个,,,,,0,已启用,,,,否,否
其他,7000000954,,三车间码垛机组五线码垛机机器人,,生产设备,个,,,,,0,已启用,,,,否,否
其他,7000000953,,三车间码垛机组五线码垛机抓取分箱单元,,生产设备,个,,,,,0,已启用,,,,否,否
其他,7000000952,,三车间码垛机组五线码垛机进箱输送链道,,生产设备,个,,,,,0,已启用,,,,否,否
其他,7000000951,,三车间码垛机组五线码垛机电气控制柜输送链道控制柜,,生产设备,个,,,,,0,已启用,,,,否,否
其他,7000000950,,三车间码垛机组五线码垛机电气控制柜机器人控制柜,,生产设备,个,,,,,0,已启用,,,,否,否
其他,7000000949,,三车间码垛机组五线码垛机电气控制柜,,生产设备,个,,,,,0,已启用,,,,否,否
其他,7000000948,,三车间码垛机组五线码垛机,,生产设备,个,,,,,0,已启用,,,,否,否
其他,7000000947,,三车间码垛机组五线称重机传感器单元,,生产设备,个,,,,,0,已启用,,,,否,否
其他,7000000946,,三车间码垛机组五线称重机箱输送单元,,生产设备,个,,,,,0,已启用,,,,否,否
其他,7000000945,,三车间码垛机组五线称重机电气控制箱,,生产设备,个,,,,,0,已启用,,,,否,否
其他,7000000944,,三车间码垛机组五线称重机,,生产设备,个,,,,,0,已启用,,,,否,否
其他,7000000943,,三车间码垛机组五线封箱机封胶带单元,,生产设备,个,,,,,0,已启用,,,,否,否
其他,7000000942,,三车间码垛机组五线封箱机进箱滚轮输送,,生产设备,个,,,,,0,已启用,,,,否,否
其他,7000000941,,三车间码垛机组五线封箱机,,生产设备,个,,,,,0,已启用,,,,否,否
其他,7000000940,,三车间码垛机组五线,,生产设备,个,,,,,0,已启用,,,,否,否
其他,7000000939,,三车间包装机组五线包装机包装机投标机,,生产设备,个,,,,,0,已启用,,,,否,否
其他,7000000938,,三车间包装机组五线包装机包装机热熔胶机,,生产设备,个,,,,,0,已启用,,,,否,否
其他,7000000937,,三车间包装机组五线包装机包装系统密封单元,,生产设备,个,,,,,0,已启用,,,,否,否
其他,7000000936,,三车间包装机组五线包装机包装系统折叠单元,,生产设备,个,,,,,0,已启用,,,,否,否
其他,7000000935,,三车间包装机组五线包装机包装系统,,生产设备,个,,,,,0,已启用,,,,否,否
其他,7000000934,,三车间包装机组五线包装机纸皮输送系统分纸皮单元,,生产设备,个,,,,,0,已启用,,,,否,否
其他,7000000933,,三车间包装机组五线包装机纸皮输送系统进纸皮单元,,生产设备,个,,,,,0,已启用,,,,否,否
其他,7000000932,,三车间包装机组五线包装机纸皮输送系统,,生产设备,个,,,,,0,已启用,,,,否,否
其他,7000000931,,三车间包装机组五线包装机分瓶单元,,生产设备,个,,,,,0,已启用,,,,否,否
其他,7000000930,,三车间包装机组五线包装机进瓶单元,,生产设备,个,,,,,0,已启用,,,,否,否
其他,7000000929,,三车间包装机组五线包装机电气控制柜,,生产设备,个,,,,,0,已启用,,,,否,否
其他,7000000928,,三车间包装机组五线包装机,,生产设备,个,,,,,0,已启用,,,,否,否
其他,7000000927,,三车间包装机组五线,,生产设备,个,,,,,0,已启用,,,,否,否
其他,7000000926,,三车间热缩机组五线六罐装热收缩膜包装机,,生产设备,个,,,,,0,已启用,,,,否,否
其他,7000000925,,三车间热缩机组五线热缩机热缩烘炉,,生产设备,个,,,,,0,已启用,,,,否,否
其他,7000000924,,三车间热缩机组五线热缩机膜系统裹膜单元,,生产设备,个,,,,,0,已启用,,,,否,否
其他,7000000923,,三车间热缩机组五线热缩机膜系统切膜单元,,生产设备,个,,,,,0,已启用,,,,否,否
其他,7000000922,,三车间热缩机组五线热缩机膜系统上膜单元,,生产设备,个,,,,,0,已启用,,,,否,否
其他,7000000921,,三车间热缩机组五线热缩机膜系统,,生产设备,个,,,,,0,已启用,,,,否,否
其他,7000000920,,三车间热缩机组五线热缩机分瓶单元,,生产设备,个,,,,,0,已启用,,,,否,否
其他,7000000919,,三车间热缩机组五线热缩机进瓶单元,,生产设备,个,,,,,0,已启用,,,,否,否
其他,7000000918,,三车间热缩机组五线热缩机电气控制柜,,生产设备,个,,,,,0,已启用,,,,否,否
其他,7000000917,,三车间热缩机组五线热缩机,,生产设备,个,,,,,0,已启用,,,,否,否
其他,7000000916,,三车间热缩机组五线,,生产设备,个,,,,,0,已启用,,,,否,否
其他,7000000915,,三车间打码机组五线墨码检测系统传感器单元,,生产设备,个,,,,,0,已启用,,,,否,否
其他,7000000914,,三车间打码机组五线墨码检测系统摄像机,,生产设备,个,,,,,0,已启用,,,,否,否
其他,7000000913,,三车间打码机组五线墨码检测系统主控电脑,,生产设备,个,,,,,0,已启用,,,,否,否
其他,7000000912,,三车间打码机组五线墨码检测系统,,生产设备,个,,,,,0,已启用,,,,否,否
其他,7000000911,,三车间打码机组五线异盖检测系统传感器单元,,生产设备,个,,,,,0,已启用,,,,否,否
其他,7000000910,,三车间打码机组五线异盖检测系统摄像机,,生产设备,个,,,,,0,已启用,,,,否,否
其他,7000000909,,三车间打码机组五线异盖检测系统主控电脑,,生产设备,个,,,,,0,已启用,,,,否,否
其他,7000000908,,三车间打码机组五线异盖检测系统,,生产设备,个,,,,,0,已启用,,,,否,否
其他,7000000907,,三车间打码机组五线外箱码激光打码机传感器单元,,生产设备,个,,,,,0,已启用,,,,否,否
其他,7000000906,,三车间打码机组五线外箱码激光打码机激光头单元,,生产设备,个,,,,,0,已启用,,,,否,否
其他,7000000905,,三车间打码机组五线外箱码激光打码机主控电脑,,生产设备,个,,,,,0,已启用,,,,否,否
其他,7000000904,,三车间打码机组五线外箱码激光打码机,,生产设备,个,,,,,0,已启用,,,,否,否
其他,7000000903,,三车间打码机组五线罐底码激光打码机倒罐检测装置,,生产设备,个,,,,,0,已启用,,,,否,否
其他,7000000902,,三车间打码机组五线罐底码激光打码机内压打检机带剔除装置1,,生产设备,个,,,,,0,已启用,,,,否,否
其他,7000000901,,三车间打码机组五线外箱码激光打码机烟雾净化装置,,生产设备,个,,,,,0,已启用,,,,否,否
其他,7000000900,,三车间打码机组五线罐底码激光打码机烟雾净化装置,,生产设备,个,,,,,0,已启用,,,,否,否
其他,7000000899,,三车间打码机组五线罐底码激光打码机传感器单元,,生产设备,个,,,,,0,已启用,,,,否,否
其他,7000000898,,三车间打码机组五线罐底码激光打码机激光头单元,,生产设备,个,,,,,0,已启用,,,,否,否
其他,7000000897,,三车间打码机组五线罐底码激光打码机主控电脑,,生产设备,个,,,,,0,已启用,,,,否,否
其他,7000000896,,三车间打码机组五线罐底码激光打码机,,生产设备,个,,,,,0,已启用,,,,否,否
其他,7000000895,,三车间打码机组五线喷墨打码机传感器单元,,生产设备,个,,,,,0,已启用,,,,否,否
其他,7000000894,,三车间打码机组五线喷墨打码机喷头单元,,生产设备,个,,,,,0,已启用,,,,否,否
其他,7000000893,,三车间打码机组五线喷墨打码机主控电脑,,生产设备,个,,,,,0,已启用,,,,否,否
其他,7000000892,,三车间打码机组五线喷墨打码机,,生产设备,个,,,,,0,已启用,,,,否,否
其他,7000000891,,三车间打码机组五线液位检测系统传感器单元,,生产设备,个,,,,,0,已启用,,,,否,否
其他,7000000890,,三车间打码机组五线液位检测系统x射线源,,生产设备,个,,,,,0,已启用,,,,否,否
其他,7000000889,,三车间打码机组五线液位检测系统电气控制箱,,生产设备,个,,,,,0,已启用,,,,否,否
其他,7000000888,,三车间打码机组五线液位检测系统,,生产设备,个,,,,,0,已启用,,,,否,否
其他,7000000887,,三车间打码机组五线吹干机系统鼓风机单元,,生产设备,个,,,,,0,已启用,,,,否,否
其他,7000000886,,三车间打码机组五线吹干机系统电气控制箱,,生产设备,个,,,,,0,已启用,,,,否,否
其他,7000000885,,三车间打码机组五线吹干机系统,,生产设备,个,,,,,0,已启用,,,,否,否
其他,7000000884,,三车间打码机组五线冷却机系统罐输送单元,,生产设备,个,,,,,0,已启用,,,,否,否
其他,7000000883,,三车间打码机组五线冷却机系统冷却水循环系统循环水泵,,生产设备,个,,,,,0,已启用,,,,否,否
其他,7000000882,,三车间打码机组五线冷却机系统冷却水循环系统冷却塔,,生产设备,个,,,,,0,已启用,,,,否,否
其他,7000000881,,三车间打码机组五线冷却机系统冷却水循环系统,,生产设备,个,,,,,0,已启用,,,,否,否
其他,7000000880,,三车间打码机组五线冷却机系统喷淋系统,,生产设备,个,,,,,0,已启用,,,,否,否
其他,7000000879,,三车间打码机组五线冷却机系统电气控制柜,,生产设备,个,,,,,0,已启用,,,,否,否
其他,7000000878,,三车间打码机组五线冷却机系统,,生产设备,个,,,,,0,已启用,,,,否,否
其他,7000000877,,三车间打码机组五线,,生产设备,个,,,,,0,已启用,,,,否,否
其他,7000000876,,三车间灌装机组五线液位检测系统传感器单元,,生产设备,个,,,,,0,已启用,,,,否,否
其他,7000000875,,三车间灌装机组五线液位检测系统x射线源,,生产设备,个,,,,,0,已启用,,,,否,否
其他,7000000874,,三车间灌装机组五线液位检测系统,,生产设备,个,,,,,0,已启用,,,,否,否
其他,7000000873,,三车间灌装机组五线注氮系统注氮机注氮控制,,生产设备,个,,,,,0,已启用,,,,否,否
其他,7000000872,,三车间灌装机组五线注氮系统注氮机储氮罐,,生产设备,个,,,,,0,已启用,,,,否,否
其他,7000000871,,三车间灌装机组五线注氮系统注氮机进氮控制真空汇流排,,生产设备,个,,,,,0,已启用,,,,否,否
其他,7000000870,,三车间灌装机组五线注氮系统注氮机主体,,生产设备,个,,,,,0,已启用,,,,否,否
其他,7000000869,,三车间灌装机组五线注氮系统电气控制箱,,生产设备,个,,,,,0,已启用,,,,否,否
其他,7000000868,,三车间灌装机组五线注氮系统,,生产设备,个,,,,,0,已启用,,,,否,否
其他,7000000867,,三车间灌装机组五线巴氏杀菌系统红牛回流单元,,生产设备,个,,,,,0,已启用,,,,否,否
其他,7000000866,,三车间灌装机组五线巴氏杀菌系统红牛加热单元,,生产设备,个,,,,,0,已启用,,,,否,否
其他,7000000865,,三车间灌装机组五线巴氏杀菌系统制热水单元,,生产设备,个,,,,,0,已启用,,,,否,否
其他,7000000864,,三车间灌装机组五线巴氏杀菌系统电气主控制柜,,生产设备,个,,,,,0,已启用,,,,否,否
其他,7000000863,,三车间灌装机组五线巴氏杀菌系统,,生产设备,个,,,,,0,已启用,,,,否,否
其他,7000000862,,三车间灌装机组五线封口机罐传送单元润滑油泵,,生产设备,个,,,,,0,已启用,,,,否,否
其他,7000000861,,三车间灌装机组五线封口机罐传送单元拔杆链条,,生产设备,个,,,,,0,已启用,,,,否,否
其他,7000000860,,三车间灌装机组五线封口机罐传送单元驱动电机,,生产设备,个,,,,,0,已启用,,,,否,否
其他,7000000859,,三车间灌装机组五线封口机罐传送单元,,生产设备,个,,,,,0,已启用,,,,否,否
其他,7000000858,,三车间灌装机组五线封口机封盖单元,,生产设备,个,,,,,0,已启用,,,,否,否
其他,7000000857,,三车间灌装机组五线封口机下盖单元,,生产设备,个,,,,,0,已启用,,,,否,否
其他,7000000856,,三车间灌装机组五线封口机电气控制柜,,生产设备,个,,,,,0,已启用,,,,否,否
其他,7000000855,,三车间灌装机组五线封口机,,生产设备,个,,,,,0,已启用,,,,否,否
其他,7000000854,,三车间灌装机组五线灌装机安全门系统,,生产设备,个,,,,,0,已启用,,,,否,否
其他,7000000853,,三车间灌装机组五线灌灌装机驱动传动灌装机主驱动,,生产设备,个,,,,,0,已启用,,,,否,否
其他,7000000852,,三车间灌装机组五线灌灌装机驱动传动灌装机驱动自动润滑,,生产设备,个,,,,,0,已启用,,,,否,否
其他,7000000851,,三车间灌装机组五线灌灌装机驱动传动,,生产设备,个,,,,,0,已启用,,,,否,否
其他,7000000850,,三车间灌装机组五线灌装机灌装阀控制系统灌注电磁阀组,,生产设备,个,,,,,0,已启用,,,,否,否
其他,7000000849,,三车间灌装机组五线灌装机灌装阀控制系统灌注阀组,,生产设备,个,,,,,0,已启用,,,,否,否
其他,7000000848,,三车间灌装机组五线灌装机灌装阀控制系统,,生产设备,个,,,,,0,已启用,,,,否,否
其他,7000000847,,三车间灌装机组五线灌装机中央分配器,,生产设备,个,,,,,0,已启用,,,,否,否
其他,7000000846,,三车间灌装机组五线灌装机环缸外环缸,,生产设备,个,,,,,0,已启用,,,,否,否
其他,7000000845,,三车间灌装机组五线灌装机环缸内环缸,,生产设备,个,,,,,0,已启用,,,,否,否
其他,7000000844,,三车间灌装机组五线灌装机环缸,,生产设备,个,,,,,0,已启用,,,,否,否
其他,7000000843,,三车间灌装机组五线灌装机灌装阀阵灌装阀回流缓冲缸,,生产设备,个,,,,,0,已启用,,,,否,否
其他,7000000842,,三车间灌装机组五线灌装机灌装阀阵灌电气控制柜,,生产设备,个,,,,,0,已启用,,,,否,否
其他,7000000841,,三车间灌装机组五线灌装机灌装阀阵,,生产设备,个,,,,,0,已启用,,,,否,否
其他,7000000840,,三车间灌装机组五线灌装机操作电柜,,生产设备,个,,,,,0,已启用,,,,否,否
其他,7000000839,,三车间灌装机组五线灌装机电气控制电柜旋转滑环电柜,,生产设备,个,,,,,0,已启用,,,,否,否
其他,7000000838,,三车间灌装机组五线灌装机电气控制电柜主控制电柜,,生产设备,个,,,,,0,已启用,,,,否,否
其他,7000000837,,三车间灌装机组五线灌装机电气控制电柜,,生产设备,个,,,,,0,已启用,,,,否,否
其他,7000000836,,三车间灌装机组五线灌装机,,生产设备,个,,,,,0,已启用,,,,否,否
其他,7000000835,,三车间灌装机组五线,,生产设备,个,,,,,0,已启用,,,,否,否
其他,7000000834,,三车间卸垛机五线一级循环水循环单元,,生产设备,个,,,,,0,已启用,,,,否,否
其他,7000000833,,三车间卸垛机五线洗罐喷头组二级洗罐喷头,,生产设备,个,,,,,0,已启用,,,,否,否
其他,7000000832,,三车间卸垛机五线洗罐喷头组一级洗罐喷头,,生产设备,个,,,,,0,已启用,,,,否,否
其他,7000000831,,三车间卸垛机五线洗罐喷头组,,生产设备,个,,,,,0,已启用,,,,否,否
其他,7000000830,,三车间卸垛机五线洗罐槽,,生产设备,个,,,,,0,已启用,,,,否,否
其他,7000000829,,三车间卸垛机组五线洗罐器,,生产设备,个,,,,,0,已启用,,,,否,否
其他,7000000828,,三车间卸垛机组五线空罐检测踢除单元,,生产设备,个,,,,,0,已启用,,,,否,否
其他,7000000827,,三车间卸垛机组五线空罐检测真空泵单元,,生产设备,个,,,,,0,已启用,,,,否,否
其他,7000000826,,三车间卸垛机组五线空罐检测检查2#摄像机,,生产设备,个,,,,,0,已启用,,,,否,否
其他,7000000825,,三车间卸垛机组五线空罐检测检查1#摄像机,,生产设备,个,,,,,0,已启用,,,,否,否
其他,7000000824,,三车间卸垛机组五线空罐检测检查摄像机,,生产设备,个,,,,,0,已启用,,,,否,否
其他,7000000823,,三车间卸垛机组五线空罐检测主控制电柜,,生产设备,个,,,,,0,已启用,,,,否,否
其他,7000000822,,三车间卸垛机组五线空罐检测,,生产设备,个,,,,,0,已启用,,,,否,否
其他,7000000821,,三车间卸垛机组五线卸垛机纸皮隔板仓,,生产设备,个,,,,,0,已启用,,,,否,否
其他,7000000820,,三车间卸垛机组五线卸垛机空垛盘输送系统,,生产设备,个,,,,,0,已启用,,,,否,否
其他,7000000819,,三车间卸垛机组五线卸垛机纸皮隔板旋转抓手,,生产设备,个,,,,,0,已启用,,,,否,否
其他,7000000818,,三车间卸垛机组五线卸垛机空罐推罐系统,,生产设备,个,,,,,0,已启用,,,,否,否
其他,7000000817,,三车间卸垛机组五线卸垛机空罐提升系统,,生产设备,个,,,,,0,已启用,,,,否,否
其他,7000000816,,三车间卸垛机组五线卸垛机进口链道输送,,生产设备,个,,,,,0,已启用,,,,否,否
其他,7000000815,,三车间卸垛机组五线卸垛机电气控制柜,,生产设备,个,,,,,0,已启用,,,,否,否
其他,7000000814,,三车间卸垛机组五线卸垛机,,生产设备,个,,,,,0,已启用,,,,否,否
其他,7000000813,,三车间卸垛机组五线,,生产设备,个,,,,,0,已启用,,,,否,否
其他,7000000812,,三车间配料系统糖浆输送卫生泵5#,,生产设备,个,,,,,0,已启用,,,,否,否
其他,7000000811,,三车间配料系统糖浆输送卫生泵4#,,生产设备,个,,,,,0,已启用,,,,否,否
其他,7000000810,,三车间配料水泵液体系统自动排空阀,,生产设备,个,,,,,0,已启用,,,,否,否
其他,7000000809,,三车间配料系统水泵9#,,生产设备,个,,,,,0,已启用,,,,否,否
其他,7000000808,,三车间配料系统水泵8#,,生产设备,个,,,,,0,已启用,,,,否,否
其他,7000000807,,三车间配料系统水泵7#,,生产设备,个,,,,,0,已启用,,,,否,否
其他,7000000806,,三车间配料系统水泵6#,,生产设备,个,,,,,0,已启用,,,,否,否
其他,7000000805,,三车间配料系统水泵5#,,生产设备,个,,,,,0,已启用,,,,否,否
其他,7000000804,,三车间配料系统水泵4#,,生产设备,个,,,,,0,已启用,,,,否,否
其他,7000000803,,三车间配料系统水泵3#,,生产设备,个,,,,,0,已启用,,,,否,否
其他,7000000802,,三车间配料系统水泵2#,,生产设备,个,,,,,0,已启用,,,,否,否
其他,7000000801,,三车间配料系统水泵1#,,生产设备,个,,,,,0,已启用,,,,否,否
其他,7000000800,,三车间配料系统原装传感器3#,,生产设备,个,,,,,0,已启用,,,,否,否
其他,7000000799,,三车间配料系统原装传感器2#,,生产设备,个,,,,,0,已启用,,,,否,否
其他,7000000798,,三车间配料系统原装传感器1#,,生产设备,个,,,,,0,已启用,,,,否,否
其他,7000000797,,三车间配料系统变频泵2#,,生产设备,个,,,,,0,已启用,,,,否,否
其他,7000000796,,三车间配料系统变频泵1#,,生产设备,个,,,,,0,已启用,,,,否,否
其他,7000000795,,三车间配料系统变频配料泵1#,,生产设备,个,,,,,0,已启用,,,,否,否
其他,7000000794,,三车间配料系统变频成品泵2#,,生产设备,个,,,,,0,已启用,,,,否,否
其他,7000000793,,三车间配料系统变频成品泵1#,,生产设备,个,,,,,0,已启用,,,,否,否
其他,7000000792,,三车间配料系统E泵遥控器2#,,生产设备,个,,,,,0,已启用,,,,否,否
其他,7000000791,,三车间配料系统E泵遥控器1#,,生产设备,个,,,,,0,已启用,,,,否,否
其他,7000000790,,三车间配料系统糖浆输送卫生泵3#,,生产设备,个,,,,,0,已启用,,,,否,否
其他,7000000789,,三车间配料系统糖浆输送卫生泵2#,,生产设备,个,,,,,0,已启用,,,,否,否
其他,7000000788,,三车间配料系统糖浆输送卫生泵1#,,生产设备,个,,,,,0,已启用,,,,否,否
其他,7000000787,,三车间配料系统料泵,,生产设备,个,,,,,0,已启用,,,,否,否
其他,7000000786,,三车间配料系统净化间三十万级洁净系统,,生产设备,个,,,,,0,已启用,,,,否,否
其他,7000000785,,三车间配料系统PALL过滤器5#,,生产设备,个,,,,,0,已启用,,,,否,否
其他,7000000784,,三车间配料系统PALL过滤器4#,,生产设备,个,,,,,0,已启用,,,,否,否
其他,7000000783,,三车间配料系统PALL过滤器3#,,生产设备,个,,,,,0,已启用,,,,否,否
其他,7000000782,,三车间配料系统PALL过滤器2#,,生产设备,个,,,,,0,已启用,,,,否,否
其他,7000000781,,三车间配料系统PALL过滤器1#,,生产设备,个,,,,,0,已启用,,,,否,否
其他,7000000780,,三车间配料系统过滤器,,生产设备,个,,,,,0,已启用,,,,否,否
其他,7000000779,,三车间配料系统自控系统桥架,,生产设备,个,,,,,0,已启用,,,,否,否
其他,7000000778,,三车间配料系统自控系统温度传感器,,生产设备,个,,,,,0,已启用,,,,否,否
其他,7000000777,,三车间配料系统MCC控制柜,,生产设备,个,,,,,0,已启用,,,,否,否
其他,7000000776,,三车间配料系统PLC控制柜,,生产设备,个,,,,,0,已启用,,,,否,否
其他,7000000775,,三车间配料系统控制柜,,生产设备,个,,,,,0,已启用,,,,否,否
其他,7000000774,,三车间配料系统车间抽风管及系统,,生产设备,个,,,,,0,已启用,,,,否,否
其他,7000000773,,三车间配料系统不锈钢配件及工艺管道,,生产设备,个,,,,,0,已启用,,,,否,否
其他,7000000772,,三车间配料系统车间不锈钢地面,,生产设备,个,,,,,0,已启用,,,,否,否
其他,7000000771,,三车间配料系统不锈钢,,生产设备,个,,,,,0,已启用,,,,否,否
其他,7000000770,,三车间配料系统仪表成品罐4#音叉开关,,生产设备,个,,,,,0,已启用,,,,否,否
其他,7000000769,,三车间配料系统仪表成品罐3#音叉开关,,生产设备,个,,,,,0,已启用,,,,否,否
其他,7000000768,,三车间配料系统仪表成品罐2#音叉开关,,生产设备,个,,,,,0,已启用,,,,否,否
其他,7000000767,,三车间配料系统仪表成品罐1#音叉开关,,生产设备,个,,,,,0,已启用,,,,否,否
其他,7000000766,,三车间配料系统仪表冷水罐音叉开关,,生产设备,个,,,,,0,已启用,,,,否,否
其他,7000000765,,三车间配料系统仪表热水罐音叉开关,,生产设备,个,,,,,0,已启用,,,,否,否
其他,7000000764,,三车间配料系统仪表化糖罐2#音叉开关,,生产设备,个,,,,,0,已启用,,,,否,否
其他,7000000763,,三车间配料系统仪表化糖罐1#音叉开关,,生产设备,个,,,,,0,已启用,,,,否,否
其他,7000000762,,三车间配料系统仪表配料罐2#音叉开关,,生产设备,个,,,,,0,已启用,,,,否,否
其他,7000000761,,三车间配料系统仪表配料罐1#音叉开关,,生产设备,个,,,,,0,已启用,,,,否,否
其他,7000000760,,三车间配料系统仪表果糖罐2#音叉开关,,生产设备,个,,,,,0,已启用,,,,否,否
其他,7000000759,,三车间配料系统仪表果糖罐1#音叉开关,,生产设备,个,,,,,0,已启用,,,,否,否
其他,7000000758,,三车间配料系统仪表,,生产设备,个,,,,,0,已启用,,,,否,否
其他,7000000757,,三车间配料系统糖水储罐阀门及组件,,生产设备,个,,,,,0,已启用,,,,否,否
其他,7000000756,,三车间配料系统溶糖罐阀门及组件,,生产设备,个,,,,,0,已启用,,,,否,否
其他,7000000755,,三车间配料系统红牛饮料阀门及组件,,生产设备,个,,,,,0,已启用,,,,否,否
其他,7000000754,,三车间配料系统热水罐阀门及组件,,生产设备,个,,,,,0,已启用,,,,否,否
其他,7000000753,,三车间配料系统RO水UV杀菌器,,生产设备,个,,,,,0,已启用,,,,否,否
其他,7000000752,,三车间配料系统冷水缸,,生产设备,个,,,,,0,已启用,,,,否,否
其他,7000000751,,三车间配料系统热水缸,,生产设备,个,,,,,0,已启用,,,,否,否
其他,7000000750,,三车间配料系统RO水系统,,生产设备,个,,,,,0,已启用,,,,否,否
其他,7000000749,,三车间配料系统六线成品陶瓷过滤器,,生产设备,个,,,,,0,已启用,,,,否,否
其他,7000000748,,三车间配料系统五线成品陶瓷过滤器,,生产设备,个,,,,,0,已启用,,,,否,否
其他,7000000747,,三车间配料系统六线成品缸2#,,生产设备,个,,,,,0,已启用,,,,否,否
其他,7000000746,,三车间配料系统六线成品缸1#,,生产设备,个,,,,,0,已启用,,,,否,否
其他,7000000745,,三车间配料系统五线成品缸2#,,生产设备,个,,,,,0,已启用,,,,否,否
其他,7000000744,,三车间配料系统五线成品缸1#,,生产设备,个,,,,,0,已启用,,,,否,否
其他,7000000743,,三车间配料系统成品系统,,生产设备,个,,,,,0,已启用,,,,否,否
其他,7000000742,,三车间配料系统六线配料缸,,生产设备,个,,,,,0,已启用,,,,否,否
其他,7000000741,,三车间配料系统五线配料缸,,生产设备,个,,,,,0,已启用,,,,否,否
其他,7000000740,,三车间配料系统配料系统,,生产设备,个,,,,,0,已启用,,,,否,否
其他,7000000739,,三车间配料系统六线果糖缸,,生产设备,个,,,,,0,已启用,,,,否,否
其他,7000000738,,三车间配料系统五线果糖缸,,生产设备,个,,,,,0,已启用,,,,否,否
其他,7000000737,,三车间配料系统果糖系统,,生产设备,个,,,,,0,已启用,,,,否,否
其他,7000000736,,三车间配料系统六线化糖缸,,生产设备,个,,,,,0,已启用,,,,否,否
其他,7000000735,,三车间配料系统五线化糖缸,,生产设备,个,,,,,0,已启用,,,,否,否
其他,7000000734,,三车间配料系统化糖系统,,生产设备,个,,,,,0,已启用,,,,否,否
其他,7000000733,,三车间配料系统,,生产设备,个,,,,,0,已启用,,,,否,否
其他,7000000732,,二车间输送链道机组四线箱输送链道称重机段,,生产设备,个,,,,,0,已启用,,,,否,否
其他,7000000731,,二车间输送链道机组四线箱输送链道纸箱打码段,,生产设备,个,,,,,0,已启用,,,,否,否
其他,7000000730,,二车间输送链道机组四线箱输送链道电气控制柜,,生产设备,个,,,,,0,已启用,,,,否,否
其他,7000000729,,二车间输送链道机组四线箱输送链道,,生产设备,个,,,,,0,已启用,,,,否,否
其他,7000000728,,二车间输送链道机组四线瓶输送链道纸包机入口段,,生产设备,个,,,,,0,已启用,,,,否,否
其他,7000000727,,二车间输送链道机组四线瓶输送链道膜缩膜包机入口段,,生产设备,个,,,,,0,已启用,,,,否,否
其他,7000000726,,二车间输送链道机组四线瓶输送链道打码检测段,,生产设备,个,,,,,0,已启用,,,,否,否
其他,7000000725,,二车间输送链道机组四线瓶输送链道冷罐机出口段,,生产设备,个,,,,,0,已启用,,,,否,否
其他,7000000724,,二车间输送链道机组四线瓶输送链道灌装机出口段,,生产设备,个,,,,,0,已启用,,,,否,否
其他,7000000723,,二车间输送链道机组四线瓶输送链道电气控制柜,,生产设备,个,,,,,0,已启用,,,,否,否
其他,7000000722,,二车间输送链道机组四线瓶输送链道,,生产设备,个,,,,,0,已启用,,,,否,否
其他,7000000721,,二车间输送链道机组四线空罐无压力输送链道电机,,生产设备,个,,,,,0,已启用,,,,否,否
其他,7000000720,,二车间输送链道机组四线空罐无压力输送链道操电气控制柜,,生产设备,个,,,,,0,已启用,,,,否,否
其他,7000000719,,二车间输送链道机组四线空罐无压力输送链道操作屏,,生产设备,个,,,,,0,已启用,,,,否,否
其他,7000000718,,二车间输送链道机组四线空罐无压力输送链道,,生产设备,个,,,,,0,已启用,,,,否,否
其他,7000000717,,二车间输送链道机组四线,,生产设备,个,,,,,0,已启用,,,,否,否
其他,7000000716,,二车间码垛机组四线码垛机托盘输送单元垛盘输送链道,,生产设备,个,,,,,0,已启用,,,,否,否
其他,7000000715,,二车间码垛机组四线码垛机托盘输送单元垛盘仓,,生产设备,个,,,,,0,已启用,,,,否,否
其他,7000000714,,二车间码垛机组四线码垛机托盘输送单元,,生产设备,个,,,,,0,已启用,,,,否,否
其他,7000000713,,二车间码垛机组四线码垛机机器人机身D轴,,生产设备,个,,,,,0,已启用,,,,否,否
其他,7000000712,,二车间码垛机组四线码垛机机器人机身C轴,,生产设备,个,,,,,0,已启用,,,,否,否
其他,7000000711,,二车间码垛机组四线码垛机机器人机身B轴,,生产设备,个,,,,,0,已启用,,,,否,否
其他,7000000710,,二车间码垛机组四线码垛机机器人抓手A轴,,生产设备,个,,,,,0,已启用,,,,否,否
其他,7000000709,,二车间码垛机组四线码垛机机器人,,生产设备,个,,,,,0,已启用,,,,否,否
其他,7000000708,,二车间码垛机组四线码垛机抓取分箱单元,,生产设备,个,,,,,0,已启用,,,,否,否
其他,7000000707,,二车间码垛机组四线码垛机进箱输送链道,,生产设备,个,,,,,0,已启用,,,,否,否
其他,7000000706,,二车间码垛机组四线码垛机电气控制柜输送链道控制柜,,生产设备,个,,,,,0,已启用,,,,否,否
其他,7000000705,,二车间码垛机组四线码垛机电气控制柜机器人控制柜,,生产设备,个,,,,,0,已启用,,,,否,否
其他,7000000704,,二车间码垛机组四线码垛机电气控制柜,,生产设备,个,,,,,0,已启用,,,,否,否
其他,7000000703,,二车间码垛机组四线码垛机,,生产设备,个,,,,,0,已启用,,,,否,否
其他,7000000702,,二车间码垛机组四线称重机传感器单元,,生产设备,个,,,,,0,已启用,,,,否,否
其他,7000000701,,二车间码垛机组四线称重机箱输送单元,,生产设备,个,,,,,0,已启用,,,,否,否
其他,7000000700,,二车间码垛机组四线称重机电气控制箱,,生产设备,个,,,,,0,已启用,,,,否,否
其他,7000000699,,二车间码垛机组四线称重机,,生产设备,个,,,,,0,已启用,,,,否,否
其他,7000000698,,二车间码垛机组四线封箱机封胶带单元,,生产设备,个,,,,,0,已启用,,,,否,否
其他,7000000697,,二车间码垛机组四线封箱机进箱滚轮输送,,生产设备,个,,,,,0,已启用,,,,否,否
其他,7000000696,,二车间码垛机组四线封箱机,,生产设备,个,,,,,0,已启用,,,,否,否
其他,7000000695,,二车间码垛机组四线,,生产设备,个,,,,,0,已启用,,,,否,否
其他,7000000694,,二车间包装机组四线包装机包装机投标机,,生产设备,个,,,,,0,已启用,,,,否,否
其他,7000000693,,二车间包装机组四线包装机包装机热熔胶机,,生产设备,个,,,,,0,已启用,,,,否,否
其他,7000000692,,二车间包装机组四线包装机包装系统密封单元,,生产设备,个,,,,,0,已启用,,,,否,否
其他,7000000691,,二车间包装机组四线包装机包装系统折叠单元,,生产设备,个,,,,,0,已启用,,,,否,否
其他,7000000690,,二车间包装机组四线包装机包装系统,,生产设备,个,,,,,0,已启用,,,,否,否
其他,7000000689,,二车间包装机组四线包装机纸皮输送系统分纸皮单元,,生产设备,个,,,,,0,已启用,,,,否,否
其他,7000000688,,二车间包装机组四线包装机纸皮输送系统进纸皮单元,,生产设备,个,,,,,0,已启用,,,,否,否
其他,7000000687,,二车间包装机组四线包装机纸皮输送系统,,生产设备,个,,,,,0,已启用,,,,否,否
其他,7000000686,,二车间包装机组四线包装机分瓶单元,,生产设备,个,,,,,0,已启用,,,,否,否
其他,7000000685,,二车间包装机组四线包装机进瓶单元,,生产设备,个,,,,,0,已启用,,,,否,否
其他,7000000684,,二车间包装机组四线包装机电气控制柜,,生产设备,个,,,,,0,已启用,,,,否,否
其他,7000000683,,二车间包装机组四线包装机,,生产设备,个,,,,,0,已启用,,,,否,否
其他,7000000682,,二车间包装机组四线,,生产设备,个,,,,,0,已启用,,,,否,否
其他,7000000681,,二车间热缩机组四线热缩机热缩烘炉,,生产设备,个,,,,,0,已启用,,,,否,否
其他,7000000680,,二车间热缩机组四线热缩机膜系统裹膜单元,,生产设备,个,,,,,0,已启用,,,,否,否
其他,7000000679,,二车间热缩机组四线热缩机膜系统切膜单元,,生产设备,个,,,,,0,已启用,,,,否,否
其他,7000000678,,二车间热缩机组四线热缩机膜系统上膜单元,,生产设备,个,,,,,0,已启用,,,,否,否
其他,7000000677,,二车间热缩机组四线热缩机膜系统,,生产设备,个,,,,,0,已启用,,,,否,否
其他,7000000676,,二车间热缩机组四线热缩机分瓶单元,,生产设备,个,,,,,0,已启用,,,,否,否
其他,7000000675,,二车间热缩机组四线热缩机进瓶单元,,生产设备,个,,,,,0,已启用,,,,否,否
其他,7000000674,,二车间热缩机组四线热缩机电气控制柜,,生产设备,个,,,,,0,已启用,,,,否,否
其他,7000000673,,二车间热缩机组四线热缩机,,生产设备,个,,,,,0,已启用,,,,否,否
其他,7000000672,,二车间热缩机组四线,,生产设备,个,,,,,0,已启用,,,,否,否
其他,7000000671,,二车间打码机组四线墨码检测系统传感器单元,,生产设备,个,,,,,0,已启用,,,,否,否
其他,7000000670,,二车间打码机组四线墨码检测系统摄像机,,生产设备,个,,,,,0,已启用,,,,否,否
其他,7000000669,,二车间打码机组四线墨码检测系统主控电脑,,生产设备,个,,,,,0,已启用,,,,否,否
其他,7000000668,,二车间打码机组四线墨码检测系统,,生产设备,个,,,,,0,已启用,,,,否,否
其他,7000000667,,二车间打码机组四线异盖检测系统传感器单元,,生产设备,个,,,,,0,已启用,,,,否,否
其他,7000000666,,二车间打码机组四线异盖检测系统摄像机,,生产设备,个,,,,,0,已启用,,,,否,否
其他,7000000665,,二车间打码机组四线异盖检测系统主控电脑,,生产设备,个,,,,,0,已启用,,,,否,否
其他,7000000664,,二车间打码机组四线异盖检测系统,,生产设备,个,,,,,0,已启用,,,,否,否
其他,7000000663,,二车间打码机组四线外箱码激光打码机传感器单元,,生产设备,个,,,,,0,已启用,,,,否,否
其他,7000000662,,二车间打码机组四线外箱码激光打码机激光头单元,,生产设备,个,,,,,0,已启用,,,,否,否
其他,7000000661,,二车间打码机组四线外箱码激光打码机主控电脑,,生产设备,个,,,,,0,已启用,,,,否,否
其他,7000000660,,二车间打码机组四线外箱码激光打码机,,生产设备,个,,,,,0,已启用,,,,否,否
其他,7000000659,,二车间打码机组四线罐底码激光打码机倒罐检测装置,,生产设备,个,,,,,0,已启用,,,,否,否
其他,7000000658,,二车间打码机组四线罐底码激光打码机内压打检机带剔除装置,,生产设备,个,,,,,0,已启用,,,,否,否
其他,7000000657,,二车间打码机组四线外箱码激光打码机烟雾净化装置,,生产设备,个,,,,,0,已启用,,,,否,否
其他,7000000656,,二车间打码机组四线罐底码激光打码机烟雾净化装置,,生产设备,个,,,,,0,已启用,,,,否,否
其他,7000000655,,二车间打码机组四线罐底码激光打码机传感器单元,,生产设备,个,,,,,0,已启用,,,,否,否
其他,7000000654,,二车间打码机组四线罐底码激光打码机激光头单元,,生产设备,个,,,,,0,已启用,,,,否,否
其他,7000000653,,二车间打码机组四线罐底码激光打码机主控电脑,,生产设备,个,,,,,0,已启用,,,,否,否
其他,7000000652,,二车间打码机组四线罐底码激光打码机,,生产设备,个,,,,,0,已启用,,,,否,否
其他,7000000651,,二车间打码机组四线喷墨打码机传感器单元,,生产设备,个,,,,,0,已启用,,,,否,否
其他,7000000650,,二车间打码机组四线喷墨打码机喷头单元,,生产设备,个,,,,,0,已启用,,,,否,否
其他,7000000649,,二车间打码机组四线喷墨打码机主控电脑,,生产设备,个,,,,,0,已启用,,,,否,否
其他,7000000648,,二车间打码机组四线喷墨打码机,,生产设备,个,,,,,0,已启用,,,,否,否
其他,7000000647,,二车间打码机组四线液位检测系统传感器单元,,生产设备,个,,,,,0,已启用,,,,否,否
其他,7000000646,,二车间打码机组四线液位检测系统x射线源,,生产设备,个,,,,,0,已启用,,,,否,否
其他,7000000645,,二车间打码机组四线液位检测系统电气控制箱,,生产设备,个,,,,,0,已启用,,,,否,否
其他,7000000644,,二车间打码机组四线液位检测系统,,生产设备,个,,,,,0,已启用,,,,否,否
其他,7000000643,,二车间打码机组四线吹干机系统鼓风机单元,,生产设备,个,,,,,0,已启用,,,,否,否
其他,7000000642,,二车间打码机组四线吹干机系统电气控制箱,,生产设备,个,,,,,0,已启用,,,,否,否
其他,7000000641,,二车间打码机组四线吹干机系统,,生产设备,个,,,,,0,已启用,,,,否,否
其他,7000000640,,二车间打码机组四线冷却机系统罐输送单元,,生产设备,个,,,,,0,已启用,,,,否,否
其他,7000000639,,二车间打码机组四线冷却机系统冷却水循环系统循环水泵,,生产设备,个,,,,,0,已启用,,,,否,否
其他,7000000638,,二车间打码机组四线冷却机系统冷却水循环系统冷却塔,,生产设备,个,,,,,0,已启用,,,,否,否
其他,7000000637,,二车间打码机组四线冷却机系统冷却水循环系统,,生产设备,个,,,,,0,已启用,,,,否,否
其他,7000000636,,二车间打码机组四线冷却机系统喷淋系统,,生产设备,个,,,,,0,已启用,,,,否,否
其他,7000000635,,二车间打码机组四线冷却机系统电气控制柜,,生产设备,个,,,,,0,已启用,,,,否,否
其他,7000000634,,二车间打码机组四线冷却机系统,,生产设备,个,,,,,0,已启用,,,,否,否
其他,7000000633,,二车间打码机组四线,,生产设备,个,,,,,0,已启用,,,,否,否
其他,7000000632,,二车间灌装机组四线液位检测系统传感器单元,,生产设备,个,,,,,0,已启用,,,,否,否
其他,7000000631,,二车间灌装机组四线液位检测系统x射线源,,生产设备,个,,,,,0,已启用,,,,否,否
其他,7000000630,,二车间灌装机组四线液位检测系统,,生产设备,个,,,,,0,已启用,,,,否,否
其他,7000000629,,二车间灌装机组四线注氮系统注氮机注氮控制,,生产设备,个,,,,,0,已启用,,,,否,否
其他,7000000628,,二车间灌装机组四线注氮系统注氮机储氮罐,,生产设备,个,,,,,0,已启用,,,,否,否
其他,7000000627,,二车间灌装机组四线注氮系统注氮机进氮控制真空汇流排,,生产设备,个,,,,,0,已启用,,,,否,否
其他,7000000626,,二车间灌装机组四线注氮系统注氮机主体,,生产设备,个,,,,,0,已启用,,,,否,否
其他,7000000625,,二车间灌装机组四线注氮系统电气控制箱,,生产设备,个,,,,,0,已启用,,,,否,否
其他,7000000624,,二车间灌装机组四线注氮系统,,生产设备,个,,,,,0,已启用,,,,否,否
其他,7000000623,,二车间灌装机组四线巴氏杀菌系统红牛回流单元,,生产设备,个,,,,,0,已启用,,,,否,否
其他,7000000622,,二车间灌装机组四线巴氏杀菌系统红牛加热单元,,生产设备,个,,,,,0,已启用,,,,否,否
其他,7000000621,,二车间灌装机组四线巴氏杀菌系统制热水单元,,生产设备,个,,,,,0,已启用,,,,否,否
其他,7000000620,,二车间灌装机组四线巴氏杀菌系统电气主控制柜,,生产设备,个,,,,,0,已启用,,,,否,否
其他,7000000619,,二车间灌装机组四线巴氏杀菌系统,,生产设备,个,,,,,0,已启用,,,,否,否
其他,7000000618,,二车间灌装机组四线封口机罐传送单元润滑油泵,,生产设备,个,,,,,0,已启用,,,,否,否
其他,7000000617,,二车间灌装机组四线封口机罐传送单元拔杆链条,,生产设备,个,,,,,0,已启用,,,,否,否
其他,7000000616,,二车间灌装机组四线封口机罐传送单元驱动电机,,生产设备,个,,,,,0,已启用,,,,否,否
其他,7000000615,,二车间灌装机组四线封口机罐传送单元,,生产设备,个,,,,,0,已启用,,,,否,否
其他,7000000614,,二车间灌装机组四线封口机封盖单元,,生产设备,个,,,,,0,已启用,,,,否,否
其他,7000000613,,二车间灌装机组四线封口机下盖单元,,生产设备,个,,,,,0,已启用,,,,否,否
其他,7000000612,,二车间灌装机组四线封口机电气控制柜,,生产设备,个,,,,,0,已启用,,,,否,否
其他,7000000611,,二车间灌装机组四线封口机,,生产设备,个,,,,,0,已启用,,,,否,否
其他,7000000610,,二车间灌装机组四线灌装机安全门系统,,生产设备,个,,,,,0,已启用,,,,否,否
其他,7000000609,,二车间灌装机组四线灌灌装机驱动传动灌装机主驱动,,生产设备,个,,,,,0,已启用,,,,否,否
其他,7000000608,,二车间灌装机组四线灌灌装机驱动传动灌装机驱动自动润滑,,生产设备,个,,,,,0,已启用,,,,否,否
其他,7000000607,,二车间灌装机组四线灌灌装机驱动传动,,生产设备,个,,,,,0,已启用,,,,否,否
其他,7000000606,,二车间灌装机组四线灌装机灌装阀控制系统灌注电磁阀组,,生产设备,个,,,,,0,已启用,,,,否,否
其他,7000000605,,二车间灌装机组四线灌装机灌装阀控制系统灌注阀组,,生产设备,个,,,,,0,已启用,,,,否,否
其他,7000000604,,二车间灌装机组四线灌装机灌装阀控制系统,,生产设备,个,,,,,0,已启用,,,,否,否
其他,7000000603,,二车间灌装机组四线灌装机中央分配器,,生产设备,个,,,,,0,已启用,,,,否,否
其他,7000000602,,二车间灌装机组四线灌装机环缸外环缸,,生产设备,个,,,,,0,已启用,,,,否,否
其他,7000000601,,二车间灌装机组四线灌装机环缸内环缸,,生产设备,个,,,,,0,已启用,,,,否,否
其他,7000000600,,二车间灌装机组四线灌装机环缸,,生产设备,个,,,,,0,已启用,,,,否,否
其他,7000000599,,二车间灌装机组四线灌装机灌装阀阵灌装阀回流缓冲缸,,生产设备,个,,,,,0,已启用,,,,否,否
其他,7000000598,,二车间灌装机组四线灌装机灌装阀阵灌装阀阵进料高位缸,,生产设备,个,,,,,0,已启用,,,,否,否
其他,7000000597,,二车间灌装机组四线灌装机灌装阀阵灌电气控制柜,,生产设备,个,,,,,0,已启用,,,,否,否
其他,7000000596,,二车间灌装机组四线灌装机灌装阀阵,,生产设备,个,,,,,0,已启用,,,,否,否
其他,7000000595,,二车间灌装机组四线灌装机操作电柜,,生产设备,个,,,,,0,已启用,,,,否,否
其他,7000000594,,二车间灌装机组四线灌装机电气控制电柜旋转滑环电柜,,生产设备,个,,,,,0,已启用,,,,否,否
其他,7000000593,,二车间灌装机组四线灌装机电气控制电柜主控制电柜,,生产设备,个,,,,,0,已启用,,,,否,否
其他,7000000592,,二车间灌装机组四线灌装机电气控制电柜,,生产设备,个,,,,,0,已启用,,,,否,否
其他,7000000591,,二车间灌装机组四线灌装机,,生产设备,个,,,,,0,已启用,,,,否,否
其他,7000000590,,二车间灌装机组四线,,生产设备,个,,,,,0,已启用,,,,否,否
其他,7000000589,,二车间卸垛机四线一级循环水循环单元,,生产设备,个,,,,,0,已启用,,,,否,否
其他,7000000588,,二车间卸垛机四线洗罐喷头组二级洗罐喷头,,生产设备,个,,,,,0,已启用,,,,否,否
其他,7000000587,,二车间卸垛机四线洗罐喷头组一级洗罐喷头,,生产设备,个,,,,,0,已启用,,,,否,否
其他,7000000586,,二车间卸垛机四线洗罐喷头组,,生产设备,个,,,,,0,已启用,,,,否,否
其他,7000000585,,二车间卸垛机四线洗罐槽,,生产设备,个,,,,,0,已启用,,,,否,否
其他,7000000584,,二车间卸垛机组四线洗罐器,,生产设备,个,,,,,0,已启用,,,,否,否
其他,7000000583,,二车间卸垛机组四线空罐检测踢除单元,,生产设备,个,,,,,0,已启用,,,,否,否
其他,7000000582,,二车间卸垛机组四线空罐检测真空泵单元,,生产设备,个,,,,,0,已启用,,,,否,否
其他,7000000581,,二车间卸垛机组四线空罐检测检查2#摄像机,,生产设备,个,,,,,0,已启用,,,,否,否
其他,7000000580,,二车间卸垛机组四线空罐检测检查1#摄像机,,生产设备,个,,,,,0,已启用,,,,否,否
其他,7000000579,,二车间卸垛机组四线空罐检测检查摄像机,,生产设备,个,,,,,0,已启用,,,,否,否
其他,7000000578,,二车间卸垛机组四线空罐检测主控制电柜,,生产设备,个,,,,,0,已启用,,,,否,否
其他,7000000577,,二车间卸垛机组四线空罐检测,,生产设备,个,,,,,0,已启用,,,,否,否
其他,7000000576,,二车间卸垛机组四线卸垛机纸皮隔板仓,,生产设备,个,,,,,0,已启用,,,,否,否
其他,7000000575,,二车间卸垛机组四线卸垛机空垛盘输送系统,,生产设备,个,,,,,0,已启用,,,,否,否
其他,7000000574,,二车间卸垛机组四线卸垛机纸皮隔板旋转抓手,,生产设备,个,,,,,0,已启用,,,,否,否
其他,7000000573,,二车间卸垛机组四线卸垛机空罐推罐系统,,生产设备,个,,,,,0,已启用,,,,否,否
其他,7000000572,,二车间卸垛机组四线卸垛机空罐提升系统,,生产设备,个,,,,,0,已启用,,,,否,否
其他,7000000571,,二车间卸垛机组四线卸垛机进口链道输送,,生产设备,个,,,,,0,已启用,,,,否,否
其他,7000000570,,二车间卸垛机组四线卸垛机电气控制柜,,生产设备,个,,,,,0,已启用,,,,否,否
其他,7000000569,,二车间卸垛机组四线卸垛机,,生产设备,个,,,,,0,已启用,,,,否,否
其他,7000000568,,二车间卸垛机组四线,,生产设备,个,,,,,0,已启用,,,,否,否
其他,7000000567,,二车间输送链道机组三线箱输送链道称重机段,,生产设备,个,,,,,0,已启用,,,,否,否
其他,7000000566,,二车间输送链道机组三线箱输送链道纸箱打码段,,生产设备,个,,,,,0,已启用,,,,否,否
其他,7000000565,,二车间输送链道机组三线箱输送链道电气控制柜,,生产设备,个,,,,,0,已启用,,,,否,否
其他,7000000564,,二车间输送链道机组三线箱输送链道,,生产设备,个,,,,,0,已启用,,,,否,否
其他,7000000563,,二车间输送链道机组三线瓶输送链道纸包机入口段,,生产设备,个,,,,,0,已启用,,,,否,否
其他,7000000562,,二车间输送链道机组三线瓶输送链道膜缩膜包机入口段,,生产设备,个,,,,,0,已启用,,,,否,否
其他,7000000561,,二车间输送链道机组三线瓶输送链道打码检测段,,生产设备,个,,,,,0,已启用,,,,否,否
其他,7000000560,,二车间输送链道机组三线瓶输送链道冷罐机出口段,,生产设备,个,,,,,0,已启用,,,,否,否
其他,7000000559,,二车间输送链道机组三线瓶输送链道灌装机出口段,,生产设备,个,,,,,0,已启用,,,,否,否
其他,7000000558,,二车间输送链道机组三线瓶输送链道电气控制柜,,生产设备,个,,,,,0,已启用,,,,否,否
其他,7000000557,,二车间输送链道机组三线瓶输送链道,,生产设备,个,,,,,0,已启用,,,,否,否
其他,7000000556,,二车间输送链道机组三线空罐无压力输送链道电机,,生产设备,个,,,,,0,已启用,,,,否,否
其他,7000000555,,二车间输送链道机组三线空罐无压力输送链道操电气控制柜,,生产设备,个,,,,,0,已启用,,,,否,否
其他,7000000554,,二车间输送链道机组三线空罐无压力输送链道操作屏,,生产设备,个,,,,,0,已启用,,,,否,否
其他,7000000553,,二车间输送链道机组三线空罐无压力输送链道,,生产设备,个,,,,,0,已启用,,,,否,否
其他,7000000552,,二车间输送链道机组三线,,生产设备,个,,,,,0,已启用,,,,否,否
其他,7000000551,,二车间码垛机组三线码垛机托盘输送单元垛盘输送链道,,生产设备,个,,,,,0,已启用,,,,否,否
其他,7000000550,,二车间码垛机组三线码垛机托盘输送单元垛盘仓,,生产设备,个,,,,,0,已启用,,,,否,否
其他,7000000549,,二车间码垛机组三线码垛机托盘输送单元,,生产设备,个,,,,,0,已启用,,,,否,否
其他,7000000548,,二车间码垛机组三线码垛机机器人机身D轴,,生产设备,个,,,,,0,已启用,,,,否,否
其他,7000000547,,二车间码垛机组三线码垛机机器人机身C轴,,生产设备,个,,,,,0,已启用,,,,否,否
其他,7000000546,,二车间码垛机组三线码垛机机器人机身B轴,,生产设备,个,,,,,0,已启用,,,,否,否
其他,7000000545,,二车间码垛机组三线码垛机机器人抓手A轴,,生产设备,个,,,,,0,已启用,,,,否,否
其他,7000000544,,二车间码垛机组三线码垛机机器人,,生产设备,个,,,,,0,已启用,,,,否,否
其他,7000000543,,二车间码垛机组三线码垛机抓取分箱单元,,生产设备,个,,,,,0,已启用,,,,否,否
其他,7000000542,,二车间码垛机组三线码垛机进箱输送链道,,生产设备,个,,,,,0,已启用,,,,否,否
其他,7000000541,,二车间码垛机组三线码垛机电气控制柜输送链道控制柜,,生产设备,个,,,,,0,已启用,,,,否,否
其他,7000000540,,二车间码垛机组三线码垛机电气控制柜机器人控制柜,,生产设备,个,,,,,0,已启用,,,,否,否
其他,7000000539,,二车间码垛机组三线码垛机电气控制柜,,生产设备,个,,,,,0,已启用,,,,否,否
其他,7000000538,,二车间码垛机组三线码垛机,,生产设备,个,,,,,0,已启用,,,,否,否
其他,7000000537,,二车间码垛机组三线称重机传感器单元,,生产设备,个,,,,,0,已启用,,,,否,否
其他,7000000536,,二车间码垛机组三线称重机箱输送单元,,生产设备,个,,,,,0,已启用,,,,否,否
其他,7000000535,,二车间码垛机组三线称重机电气控制箱,,生产设备,个,,,,,0,已启用,,,,否,否
其他,7000000534,,二车间码垛机组三线称重机,,生产设备,个,,,,,0,已启用,,,,否,否
其他,7000000533,,二车间码垛机组三线封箱机封胶带单元,,生产设备,个,,,,,0,已启用,,,,否,否
其他,7000000532,,二车间码垛机组三线封箱机进箱滚轮输送,,生产设备,个,,,,,0,已启用,,,,否,否
其他,7000000531,,二车间码垛机组三线封箱机,,生产设备,个,,,,,0,已启用,,,,否,否
其他,7000000530,,二车间码垛机组三线,,生产设备,个,,,,,0,已启用,,,,否,否
其他,7000000529,,二车间包装机组三线包装机包装机投标机,,生产设备,个,,,,,0,已启用,,,,否,否
其他,7000000528,,二车间包装机组三线包装机包装机热熔胶机,,生产设备,个,,,,,0,已启用,,,,否,否
其他,7000000527,,二车间包装机组三线包装机包装系统密封单元,,生产设备,个,,,,,0,已启用,,,,否,否
其他,7000000526,,二车间包装机组三线包装机包装系统折叠单元,,生产设备,个,,,,,0,已启用,,,,否,否
其他,7000000525,,二车间包装机组三线包装机包装系统,,生产设备,个,,,,,0,已启用,,,,否,否
其他,7000000524,,二车间包装机组三线包装机纸皮输送系统分纸皮单元,,生产设备,个,,,,,0,已启用,,,,否,否
其他,7000000523,,二车间包装机组三线包装机纸皮输送系统进纸皮单元,,生产设备,个,,,,,0,已启用,,,,否,否
其他,7000000522,,二车间包装机组三线包装机纸皮输送系统,,生产设备,个,,,,,0,已启用,,,,否,否
其他,7000000521,,二车间包装机组三线包装机分瓶单元,,生产设备,个,,,,,0,已启用,,,,否,否
其他,7000000520,,二车间包装机组三线包装机进瓶单元,,生产设备,个,,,,,0,已启用,,,,否,否
其他,7000000519,,二车间包装机组三线包装机电气控制柜,,生产设备,个,,,,,0,已启用,,,,否,否
其他,7000000518,,二车间包装机组三线包装机,,生产设备,个,,,,,0,已启用,,,,否,否
其他,7000000517,,二车间包装机组三线,,生产设备,个,,,,,0,已启用,,,,否,否
其他,7000000516,,二车间热缩机组三线热缩机热缩烘炉,,生产设备,个,,,,,0,已启用,,,,否,否
其他,7000000515,,二车间热缩机组三线热缩机膜系统裹膜单元,,生产设备,个,,,,,0,已启用,,,,否,否
其他,7000000514,,二车间热缩机组三线热缩机膜系统切膜单元,,生产设备,个,,,,,0,已启用,,,,否,否
其他,7000000513,,二车间热缩机组三线热缩机膜系统上膜单元,,生产设备,个,,,,,0,已启用,,,,否,否
其他,7000000512,,二车间热缩机组三线热缩机膜系统,,生产设备,个,,,,,0,已启用,,,,否,否
其他,7000000511,,二车间热缩机组三线热缩机分瓶单元,,生产设备,个,,,,,0,已启用,,,,否,否
其他,7000000510,,二车间热缩机组三线热缩机进瓶单元,,生产设备,个,,,,,0,已启用,,,,否,否
其他,7000000509,,二车间热缩机组三线热缩机电气控制柜,,生产设备,个,,,,,0,已启用,,,,否,否
其他,7000000508,,二车间热缩机组三线热缩机,,生产设备,个,,,,,0,已启用,,,,否,否
其他,7000000507,,二车间热缩机组三线,,生产设备,个,,,,,0,已启用,,,,否,否
其他,7000000506,,二车间打码机组三线墨码检测系统传感器单元,,生产设备,个,,,,,0,已启用,,,,否,否
其他,7000000505,,二车间打码机组三线墨码检测系统摄像机,,生产设备,个,,,,,0,已启用,,,,否,否
其他,7000000504,,二车间打码机组三线墨码检测系统主控电脑,,生产设备,个,,,,,0,已启用,,,,否,否
其他,7000000503,,二车间打码机组三线墨码检测系统,,生产设备,个,,,,,0,已启用,,,,否,否
其他,7000000502,,二车间打码机组三线异盖检测系统传感器单元,,生产设备,个,,,,,0,已启用,,,,否,否
其他,7000000501,,二车间打码机组三线异盖检测系统摄像机,,生产设备,个,,,,,0,已启用,,,,否,否
其他,7000000500,,二车间打码机组三线异盖检测系统主控电脑,,生产设备,个,,,,,0,已启用,,,,否,否
其他,7000000499,,二车间打码机组三线异盖检测系统,,生产设备,个,,,,,0,已启用,,,,否,否
其他,7000000498,,二车间打码机组三线外箱码激光打码机传感器单元,,生产设备,个,,,,,0,已启用,,,,否,否
其他,7000000497,,二车间打码机组三线外箱码激光打码机激光头单元,,生产设备,个,,,,,0,已启用,,,,否,否
其他,7000000496,,二车间打码机组三线外箱码激光打码机主控电脑,,生产设备,个,,,,,0,已启用,,,,否,否
其他,7000000495,,二车间打码机组三线外箱码激光打码机,,生产设备,个,,,,,0,已启用,,,,否,否
其他,7000000494,,二车间打码机组三线罐底码激光打码机倒罐检测装置,,生产设备,个,,,,,0,已启用,,,,否,否
其他,7000000493,,二车间打码机组三线罐底码激光打码机内压打检机带剔除装置,,生产设备,个,,,,,0,已启用,,,,否,否
其他,7000000492,,二车间打码机组三线外箱码激光打码机烟雾净化装置,,生产设备,个,,,,,0,已启用,,,,否,否
其他,7000000491,,二车间打码机组三线罐底码激光打码机烟雾净化装置,,生产设备,个,,,,,0,已启用,,,,否,否
其他,7000000490,,二车间打码机组三线罐底码激光打码机传感器单元,,生产设备,个,,,,,0,已启用,,,,否,否
其他,7000000489,,二车间打码机组三线罐底码激光打码机激光头单元,,生产设备,个,,,,,0,已启用,,,,否,否
其他,7000000488,,二车间打码机组三线罐底码激光打码机主控电脑,,生产设备,个,,,,,0,已启用,,,,否,否
其他,7000000487,,二车间打码机组三线罐底码激光打码机,,生产设备,个,,,,,0,已启用,,,,否,否
其他,7000000486,,二车间打码机组三线喷墨打码机传感器单元,,生产设备,个,,,,,0,已启用,,,,否,否
其他,7000000485,,二车间打码机组三线喷墨打码机喷头单元,,生产设备,个,,,,,0,已启用,,,,否,否
其他,7000000484,,二车间打码机组三线喷墨打码机主控电脑,,生产设备,个,,,,,0,已启用,,,,否,否
其他,7000000483,,二车间打码机组三线喷墨打码机,,生产设备,个,,,,,0,已启用,,,,否,否
其他,7000000482,,二车间打码机组三线液位检测系统传感器单元,,生产设备,个,,,,,0,已启用,,,,否,否
其他,7000000481,,二车间打码机组三线液位检测系统x射线源,,生产设备,个,,,,,0,已启用,,,,否,否
其他,7000000480,,二车间打码机组三线液位检测系统电气控制箱,,生产设备,个,,,,,0,已启用,,,,否,否
其他,7000000479,,二车间打码机组三线液位检测系统,,生产设备,个,,,,,0,已启用,,,,否,否
其他,7000000478,,二车间打码机组三线吹干机系统鼓风机单元,,生产设备,个,,,,,0,已启用,,,,否,否
其他,7000000477,,二车间打码机组三线吹干机系统电气控制箱,,生产设备,个,,,,,0,已启用,,,,否,否
其他,7000000476,,二车间打码机组三线吹干机系统,,生产设备,个,,,,,0,已启用,,,,否,否
其他,7000000475,,二车间打码机组三线冷却机系统罐输送单元,,生产设备,个,,,,,0,已启用,,,,否,否
其他,7000000474,,二车间打码机组三线冷却机系统冷却水循环系统循环水泵,,生产设备,个,,,,,0,已启用,,,,否,否
其他,7000000473,,二车间打码机组三线冷却机系统冷却水循环系统冷却塔,,生产设备,个,,,,,0,已启用,,,,否,否
其他,7000000472,,二车间打码机组三线冷却机系统冷却水循环系统,,生产设备,个,,,,,0,已启用,,,,否,否
其他,7000000471,,二车间打码机组三线冷却机系统喷淋系统,,生产设备,个,,,,,0,已启用,,,,否,否
其他,7000000470,,二车间打码机组三线冷却机系统电气控制柜,,生产设备,个,,,,,0,已启用,,,,否,否
其他,7000000469,,二车间打码机组三线冷却机系统,,生产设备,个,,,,,0,已启用,,,,否,否
其他,7000000468,,二车间打码机组三线,,生产设备,个,,,,,0,已启用,,,,否,否
其他,7000000467,,二车间灌装机组三线液位检测系统传感器单元,,生产设备,个,,,,,0,已启用,,,,否,否
其他,7000000466,,二车间灌装机组三线液位检测系统x射线源,,生产设备,个,,,,,0,已启用,,,,否,否
其他,7000000465,,二车间灌装机组三线液位检测系统,,生产设备,个,,,,,0,已启用,,,,否,否
其他,7000000464,,二车间灌装机组三线注氮系统注氮机注氮控制,,生产设备,个,,,,,0,已启用,,,,否,否
其他,7000000463,,二车间灌装机组三线注氮系统注氮机储氮罐,,生产设备,个,,,,,0,已启用,,,,否,否
其他,7000000462,,二车间灌装机组三线注氮系统注氮机进氮控制真空汇流排,,生产设备,个,,,,,0,已启用,,,,否,否
其他,7000000461,,二车间灌装机组三线注氮系统注氮机主体,,生产设备,个,,,,,0,已启用,,,,否,否
其他,7000000460,,二车间灌装机组三线注氮系统电气控制箱,,生产设备,个,,,,,0,已启用,,,,否,否
其他,7000000459,,二车间灌装机组三线注氮系统,,生产设备,个,,,,,0,已启用,,,,否,否
其他,7000000458,,二车间灌装机组三线巴氏杀菌系统红牛回流单元,,生产设备,个,,,,,0,已启用,,,,否,否
其他,7000000457,,二车间灌装机组三线巴氏杀菌系统红牛加热单元,,生产设备,个,,,,,0,已启用,,,,否,否
其他,7000000456,,二车间灌装机组三线巴氏杀菌系统制热水单元,,生产设备,个,,,,,0,已启用,,,,否,否
其他,7000000455,,二车间灌装机组三线巴氏杀菌系统电气主控制柜,,生产设备,个,,,,,0,已启用,,,,否,否
其他,7000000454,,二车间灌装机组三线巴氏杀菌系统,,生产设备,个,,,,,0,已启用,,,,否,否
其他,7000000453,,二车间灌装机组三线封口机罐传送单元润滑油泵,,生产设备,个,,,,,0,已启用,,,,否,否
其他,7000000452,,二车间灌装机组三线封口机罐传送单元拔杆链条,,生产设备,个,,,,,0,已启用,,,,否,否
其他,7000000451,,二车间灌装机组三线封口机罐传送单元驱动电机,,生产设备,个,,,,,0,已启用,,,,否,否
其他,7000000450,,二车间灌装机组三线封口机罐传送单元,,生产设备,个,,,,,0,已启用,,,,否,否
其他,7000000449,,二车间灌装机组三线封口机封盖单元,,生产设备,个,,,,,0,已启用,,,,否,否
其他,7000000448,,二车间灌装机组三线封口机下盖单元,,生产设备,个,,,,,0,已启用,,,,否,否
其他,7000000447,,二车间灌装机组三线封口机电气控制柜,,生产设备,个,,,,,0,已启用,,,,否,否
其他,7000000446,,二车间灌装机组三线封口机,,生产设备,个,,,,,0,已启用,,,,否,否
其他,7000000445,,二车间灌装机组三线灌装机安全门系统,,生产设备,个,,,,,0,已启用,,,,否,否
其他,7000000444,,二车间灌装机组三线灌灌装机驱动传动灌装机主驱动,,生产设备,个,,,,,0,已启用,,,,否,否
其他,7000000443,,二车间灌装机组三线灌灌装机驱动传动灌装机驱动自动润滑,,生产设备,个,,,,,0,已启用,,,,否,否
其他,7000000442,,二车间灌装机组三线灌灌装机驱动传动,,生产设备,个,,,,,0,已启用,,,,否,否
其他,7000000441,,二车间灌装机组三线灌装机灌装阀控制系统灌注电磁阀组,,生产设备,个,,,,,0,已启用,,,,否,否
其他,7000000440,,二车间灌装机组三线灌装机灌装阀控制系统灌注阀组,,生产设备,个,,,,,0,已启用,,,,否,否
其他,7000000439,,二车间灌装机组三线灌装机灌装阀控制系统,,生产设备,个,,,,,0,已启用,,,,否,否
其他,7000000438,,二车间灌装机组三线灌装机中央分配器,,生产设备,个,,,,,0,已启用,,,,否,否
其他,7000000437,,二车间灌装机组三线灌装机环缸外环缸,,生产设备,个,,,,,0,已启用,,,,否,否
其他,7000000436,,二车间灌装机组三线灌装机环缸内环缸,,生产设备,个,,,,,0,已启用,,,,否,否
其他,7000000435,,二车间灌装机组三线灌装机环缸,,生产设备,个,,,,,0,已启用,,,,否,否
其他,7000000434,,二车间灌装机组三线灌装机灌装阀阵灌装阀回流缓冲缸,,生产设备,个,,,,,0,已启用,,,,否,否
其他,7000000433,,二车间灌装机组三线灌装机灌装阀阵灌装阀阵进料高位缸,,生产设备,个,,,,,0,已启用,,,,否,否
其他,7000000432,,二车间灌装机组三线灌装机灌装阀阵灌电气控制柜,,生产设备,个,,,,,0,已启用,,,,否,否
其他,7000000431,,二车间灌装机组三线灌装机灌装阀阵,,生产设备,个,,,,,0,已启用,,,,否,否
其他,7000000430,,二车间灌装机组三线灌装机操作电柜,,生产设备,个,,,,,0,已启用,,,,否,否
其他,7000000429,,二车间灌装机组三线灌装机电气控制电柜旋转滑环电柜,,生产设备,个,,,,,0,已启用,,,,否,否
其他,7000000428,,二车间灌装机组三线灌装机电气控制电柜主控制电柜,,生产设备,个,,,,,0,已启用,,,,否,否
其他,7000000427,,二车间灌装机组三线灌装机电气控制电柜,,生产设备,个,,,,,0,已启用,,,,否,否
其他,7000000426,,二车间灌装机组三线灌装机,,生产设备,个,,,,,0,已启用,,,,否,否
其他,7000000425,,二车间灌装机组三线,,生产设备,个,,,,,0,已启用,,,,否,否
其他,7000000424,,二车间卸垛机三线一级循环水循环单元,,生产设备,个,,,,,0,已启用,,,,否,否
其他,7000000423,,二车间卸垛机三线洗罐喷头组二级洗罐喷头,,生产设备,个,,,,,0,已启用,,,,否,否
其他,7000000422,,二车间卸垛机三线洗罐喷头组一级洗罐喷头,,生产设备,个,,,,,0,已启用,,,,否,否
其他,7000000421,,二车间卸垛机三线洗罐喷头组,,生产设备,个,,,,,0,已启用,,,,否,否
其他,7000000420,,二车间卸垛机三线洗罐槽,,生产设备,个,,,,,0,已启用,,,,否,否
其他,7000000419,,二车间卸垛机组三线洗罐器,,生产设备,个,,,,,0,已启用,,,,否,否
其他,7000000418,,二车间卸垛机组三线空罐检测踢除单元,,生产设备,个,,,,,0,已启用,,,,否,否
其他,7000000417,,二车间卸垛机组三线空罐检测真空泵单元,,生产设备,个,,,,,0,已启用,,,,否,否
其他,7000000416,,二车间卸垛机组三线空罐检测检查2#摄像机,,生产设备,个,,,,,0,已启用,,,,否,否
其他,7000000415,,二车间卸垛机组三线空罐检测检查1#摄像机,,生产设备,个,,,,,0,已启用,,,,否,否
其他,7000000414,,二车间卸垛机组三线空罐检测检查摄像机,,生产设备,个,,,,,0,已启用,,,,否,否
其他,7000000413,,二车间卸垛机组三线空罐检测主控制电柜,,生产设备,个,,,,,0,已启用,,,,否,否
其他,7000000412,,二车间卸垛机组三线空罐检测,,生产设备,个,,,,,0,已启用,,,,否,否
其他,7000000411,,二车间卸垛机组三线卸垛机纸皮隔板仓,,生产设备,个,,,,,0,已启用,,,,否,否
其他,7000000410,,二车间卸垛机组三线卸垛机空垛盘输送系统,,生产设备,个,,,,,0,已启用,,,,否,否
其他,7000000409,,二车间卸垛机组三线卸垛机纸皮隔板旋转抓手,,生产设备,个,,,,,0,已启用,,,,否,否
其他,7000000408,,二车间卸垛机组三线卸垛机空罐推罐系统,,生产设备,个,,,,,0,已启用,,,,否,否
其他,7000000407,,二车间卸垛机组三线卸垛机空罐提升系统,,生产设备,个,,,,,0,已启用,,,,否,否
其他,7000000406,,二车间卸垛机组三线卸垛机进口链道输送,,生产设备,个,,,,,0,已启用,,,,否,否
其他,7000000405,,二车间卸垛机组三线卸垛机电气控制柜,,生产设备,个,,,,,0,已启用,,,,否,否
其他,7000000404,,二车间卸垛机组三线卸垛机,,生产设备,个,,,,,0,已启用,,,,否,否
其他,7000000403,,二车间卸垛机组三线,,生产设备,个,,,,,0,已启用,,,,否,否
其他,7000000402,,二车间配料系统温度传感器,,生产设备,个,,,,,0,已启用,,,,否,否
其他,7000000401,,二车间配料系统MCC控制柜,,生产设备,个,,,,,0,已启用,,,,否,否
其他,7000000400,,二车间配料系统PLC控制柜,,生产设备,个,,,,,0,已启用,,,,否,否
其他,7000000399,,二车间配料系统控制柜,,生产设备,个,,,,,0,已启用,,,,否,否
其他,7000000398,,二车间配料系统水泵及机封装置,,生产设备,个,,,,,0,已启用,,,,否,否
其他,7000000397,,二车间配料系统水泵液体系统自动排空阀,,生产设备,个,,,,,0,已启用,,,,否,否
其他,7000000396,,二车间配料系统PALL过滤器5#,,生产设备,个,,,,,0,已启用,,,,否,否
其他,7000000395,,二车间配料系统PALL过滤器4#,,生产设备,个,,,,,0,已启用,,,,否,否
其他,7000000394,,二车间配料系统PALL过滤器3#,,生产设备,个,,,,,0,已启用,,,,否,否
其他,7000000393,,二车间配料系统PALL过滤器2#,,生产设备,个,,,,,0,已启用,,,,否,否
其他,7000000392,,二车间配料系统PALL过滤器1#,,生产设备,个,,,,,0,已启用,,,,否,否
其他,7000000391,,二车间配料系统过滤器,,生产设备,个,,,,,0,已启用,,,,否,否
其他,7000000390,,二车间配料系统抽风管及系统,,生产设备,个,,,,,0,已启用,,,,否,否
其他,7000000389,,二车间配料系统不锈钢地面,,生产设备,个,,,,,0,已启用,,,,否,否
其他,7000000388,,二车间配料系统不锈钢配件及工艺管道,,生产设备,个,,,,,0,已启用,,,,否,否
其他,7000000387,,二车间配料系统糖水储罐阀门及组件,,生产设备,个,,,,,0,已启用,,,,否,否
其他,7000000386,,二车间配料系统溶糖罐阀门及组件,,生产设备,个,,,,,0,已启用,,,,否,否
其他,7000000385,,二车间配料系统红牛饮料阀门及组件,,生产设备,个,,,,,0,已启用,,,,否,否
其他,7000000384,,二车间配料系统热水罐阀门及组件,,生产设备,个,,,,,0,已启用,,,,否,否
其他,7000000383,,二车间配料系统RO水UV杀菌器,,生产设备,个,,,,,0,已启用,,,,否,否
其他,7000000382,,二车间配料系统冷水缸,,生产设备,个,,,,,0,已启用,,,,否,否
其他,7000000381,,二车间配料系统热水缸,,生产设备,个,,,,,0,已启用,,,,否,否
其他,7000000380,,二车间配料系统RO水系统,,生产设备,个,,,,,0,已启用,,,,否,否
其他,7000000379,,二车间配料系统四线成品陶瓷过滤器,,生产设备,个,,,,,0,已启用,,,,否,否
其他,7000000378,,二车间配料系统三线成品陶瓷过滤器,,生产设备,个,,,,,0,已启用,,,,否,否
其他,7000000377,,二车间配料系统四线成品缸2#,,生产设备,个,,,,,0,已启用,,,,否,否
其他,7000000376,,二车间配料系统四线成品缸1#,,生产设备,个,,,,,0,已启用,,,,否,否
其他,7000000375,,二车间配料系统三线成品缸2#,,生产设备,个,,,,,0,已启用,,,,否,否
其他,7000000374,,二车间配料系统三线成品缸1#,,生产设备,个,,,,,0,已启用,,,,否,否
其他,7000000373,,二车间配料系统成品系统,,生产设备,个,,,,,0,已启用,,,,否,否
其他,7000000372,,二车间配料系统四线配料缸,,生产设备,个,,,,,0,已启用,,,,否,否
其他,7000000371,,二车间配料系统三线配料缸,,生产设备,个,,,,,0,已启用,,,,否,否
其他,7000000370,,二车间配料系统配料系统,,生产设备,个,,,,,0,已启用,,,,否,否
其他,7000000369,,二车间配料系统四线果糖缸,,生产设备,个,,,,,0,已启用,,,,否,否
其他,7000000368,,二车间配料系统三线果糖缸,,生产设备,个,,,,,0,已启用,,,,否,否
其他,7000000367,,二车间配料系统果糖系统,,生产设备,个,,,,,0,已启用,,,,否,否
其他,7000000366,,二车间配料系统四线化糖缸,,生产设备,个,,,,,0,已启用,,,,否,否
其他,7000000365,,二车间配料系统三线化糖缸,,生产设备,个,,,,,0,已启用,,,,否,否
其他,7000000364,,二车间配料系统化糖系统,,生产设备,个,,,,,0,已启用,,,,否,否
其他,7000000363,,二车间配料系统,,生产设备,个,,,,,0,已启用,,,,否,否
其他,7000000362,,一车间输送链道机组二线箱输送链道称重机段,,生产设备,个,,,,,0,已启用,,,,否,否
其他,7000000361,,一车间输送链道机组二线箱输送链道纸箱打码段,,生产设备,个,,,,,0,已启用,,,,否,否
其他,7000000360,,一车间输送链道机组二线箱输送链道电气控制柜,,生产设备,个,,,,,0,已启用,,,,否,否
其他,7000000359,,一车间输送链道机组二线箱输送链道,,生产设备,个,,,,,0,已启用,,,,否,否
其他,7000000358,,一车间输送链道机组二线瓶输送链道纸包机入口段,,生产设备,个,,,,,0,已启用,,,,否,否
其他,7000000357,,一车间输送链道机组二线瓶输送链道膜缩膜包机入口段,,生产设备,个,,,,,0,已启用,,,,否,否
其他,7000000356,,一车间输送链道机组二线瓶输送链道打码检测段,,生产设备,个,,,,,0,已启用,,,,否,否
其他,7000000355,,一车间输送链道机组二线瓶输送链道冷罐机出口段,,生产设备,个,,,,,0,已启用,,,,否,否
其他,7000000354,,一车间输送链道机组二线瓶输送链道灌装机出口段,,生产设备,个,,,,,0,已启用,,,,否,否
其他,7000000353,,一车间输送链道机组二线瓶输送链道电气控制柜,,生产设备,个,,,,,0,已启用,,,,否,否
其他,7000000352,,一车间输送链道机组二线瓶输送链道,,生产设备,个,,,,,0,已启用,,,,否,否
其他,7000000351,,一车间输送链道机组二线空罐无压力输送链道电机,,生产设备,个,,,,,0,已启用,,,,否,否
其他,7000000350,,一车间输送链道机组二线空罐无压力输送链道操电气控制柜,,生产设备,个,,,,,0,已启用,,,,否,否
其他,7000000349,,一车间输送链道机组二线空罐无压力输送链道操作屏,,生产设备,个,,,,,0,已启用,,,,否,否
其他,7000000348,,一车间输送链道机组二线空罐无压力输送链道,,生产设备,个,,,,,0,已启用,,,,否,否
其他,7000000347,,一车间输送链道机组二线,,生产设备,个,,,,,0,已启用,,,,否,否
其他,7000000346,,一车间码垛机组二线码垛机托盘输送单元垛盘输送链道,,生产设备,个,,,,,0,已启用,,,,否,否
其他,7000000345,,一车间码垛机组二线码垛机托盘输送单元垛盘仓,,生产设备,个,,,,,0,已启用,,,,否,否
其他,7000000344,,一车间码垛机组二线码垛机托盘输送单元,,生产设备,个,,,,,0,已启用,,,,否,否
其他,7000000343,,一车间码垛机组二线码垛机机器人机身D轴,,生产设备,个,,,,,0,已启用,,,,否,否
其他,7000000342,,一车间码垛机组二线码垛机机器人机身C轴,,生产设备,个,,,,,0,已启用,,,,否,否
其他,7000000341,,一车间码垛机组二线码垛机机器人机身B轴,,生产设备,个,,,,,0,已启用,,,,否,否
其他,7000000340,,一车间码垛机组二线码垛机机器人抓手A轴,,生产设备,个,,,,,0,已启用,,,,否,否
其他,7000000339,,一车间码垛机组二线码垛机机器人,,生产设备,个,,,,,0,已启用,,,,否,否
其他,7000000338,,一车间码垛机组二线码垛机抓取分箱单元,,生产设备,个,,,,,0,已启用,,,,否,否
其他,7000000337,,一车间码垛机组二线码垛机进箱输送链道,,生产设备,个,,,,,0,已启用,,,,否,否
其他,7000000336,,一车间码垛机组二线码垛机电气控制柜输送链道控制柜,,生产设备,个,,,,,0,已启用,,,,否,否
其他,7000000335,,一车间码垛机组二线码垛机电气控制柜机器人控制柜,,生产设备,个,,,,,0,已启用,,,,否,否
其他,7000000334,,一车间码垛机组二线码垛机电气控制柜,,生产设备,个,,,,,0,已启用,,,,否,否
其他,7000000333,,一车间码垛机组二线码垛机,,生产设备,个,,,,,0,已启用,,,,否,否
其他,7000000332,,一车间码垛机组二线称重机传感器单元,,生产设备,个,,,,,0,已启用,,,,否,否
其他,7000000331,,一车间码垛机组二线称重机箱输送单元,,生产设备,个,,,,,0,已启用,,,,否,否
其他,7000000330,,一车间码垛机组二线称重机电气控制箱,,生产设备,个,,,,,0,已启用,,,,否,否
其他,7000000329,,一车间码垛机组二线称重机,,生产设备,个,,,,,0,已启用,,,,否,否
其他,7000000328,,一车间码垛机组二线封箱机封胶带单元,,生产设备,个,,,,,0,已启用,,,,否,否
其他,7000000327,,一车间码垛机组二线封箱机进箱滚轮输送,,生产设备,个,,,,,0,已启用,,,,否,否
其他,7000000326,,一车间码垛机组二线封箱机,,生产设备,个,,,,,0,已启用,,,,否,否
其他,7000000325,,一车间码垛机组二线,,生产设备,个,,,,,0,已启用,,,,否,否
其他,7000000324,,一车间包装机组二线包装机包装机投标机,,生产设备,个,,,,,0,已启用,,,,否,否
其他,7000000323,,一车间包装机组二线包装机包装机热熔胶机,,生产设备,个,,,,,0,已启用,,,,否,否
其他,7000000322,,一车间包装机组二线包装机包装系统密封单元,,生产设备,个,,,,,0,已启用,,,,否,否
其他,7000000321,,一车间包装机组二线包装机包装系统折叠单元,,生产设备,个,,,,,0,已启用,,,,否,否
其他,7000000320,,一车间包装机组二线包装机包装系统,,生产设备,个,,,,,0,已启用,,,,否,否
其他,7000000319,,一车间包装机组二线包装机纸皮输送系统分纸皮单元,,生产设备,个,,,,,0,已启用,,,,否,否
其他,7000000318,,一车间包装机组二线包装机纸皮输送系统进纸皮单元,,生产设备,个,,,,,0,已启用,,,,否,否
其他,7000000317,,一车间包装机组二线包装机纸皮输送系统,,生产设备,个,,,,,0,已启用,,,,否,否
其他,7000000316,,一车间包装机组二线包装机分瓶单元,,生产设备,个,,,,,0,已启用,,,,否,否
其他,7000000315,,一车间包装机组二线包装机进瓶单元,,生产设备,个,,,,,0,已启用,,,,否,否
其他,7000000314,,一车间包装机组二线包装机电气控制柜,,生产设备,个,,,,,0,已启用,,,,否,否
其他,7000000313,,一车间包装机组二线包装机,,生产设备,个,,,,,0,已启用,,,,否,否
其他,7000000312,,一车间包装机组二线,,生产设备,个,,,,,0,已启用,,,,否,否
其他,7000000311,,一车间热缩机组二线热缩机热缩烘炉,,生产设备,个,,,,,0,已启用,,,,否,否
其他,7000000310,,一车间热缩机组二线热缩机膜系统裹膜单元,,生产设备,个,,,,,0,已启用,,,,否,否
其他,7000000309,,一车间热缩机组二线热缩机膜系统切膜单元,,生产设备,个,,,,,0,已启用,,,,否,否
其他,7000000308,,一车间热缩机组二线热缩机膜系统上膜单元,,生产设备,个,,,,,0,已启用,,,,否,否
其他,7000000307,,一车间热缩机组二线热缩机膜系统,,生产设备,个,,,,,0,已启用,,,,否,否
其他,7000000306,,一车间热缩机组二线热缩机分瓶单元,,生产设备,个,,,,,0,已启用,,,,否,否
其他,7000000305,,一车间热缩机组二线热缩机进瓶单元,,生产设备,个,,,,,0,已启用,,,,否,否
其他,7000000304,,一车间热缩机组二线热缩机电气控制柜,,生产设备,个,,,,,0,已启用,,,,否,否
其他,7000000303,,一车间热缩机组二线热缩机,,生产设备,个,,,,,0,已启用,,,,否,否
其他,7000000302,,一车间热缩机组二线,,生产设备,个,,,,,0,已启用,,,,否,否
其他,7000000301,,一车间打码机组二线墨码检测系统传感器单元,,生产设备,个,,,,,0,已启用,,,,否,否
其他,7000000300,,一车间打码机组二线墨码检测系统摄像机,,生产设备,个,,,,,0,已启用,,,,否,否
其他,7000000299,,一车间打码机组二线墨码检测系统主控电脑,,生产设备,个,,,,,0,已启用,,,,否,否
其他,7000000298,,一车间打码机组二线墨码检测系统,,生产设备,个,,,,,0,已启用,,,,否,否
其他,7000000297,,一车间打码机组二线异盖检测系统传感器单元,,生产设备,个,,,,,0,已启用,,,,否,否
其他,7000000296,,一车间打码机组二线异盖检测系统摄像机,,生产设备,个,,,,,0,已启用,,,,否,否
其他,7000000295,,一车间打码机组二线异盖检测系统主控电脑,,生产设备,个,,,,,0,已启用,,,,否,否
其他,7000000294,,一车间打码机组二线异盖检测系统,,生产设备,个,,,,,0,已启用,,,,否,否
其他,7000000293,,一车间打码机组二线外箱码激光打码机传感器单元,,生产设备,个,,,,,0,已启用,,,,否,否
其他,7000000292,,一车间打码机组二线外箱码激光打码机激光头单元,,生产设备,个,,,,,0,已启用,,,,否,否
其他,7000000291,,一车间打码机组二线外箱码激光打码机主控电脑,,生产设备,个,,,,,0,已启用,,,,否,否
其他,7000000290,,一车间打码机组二线外箱码激光打码机,,生产设备,个,,,,,0,已启用,,,,否,否
其他,7000000289,,一车间打码机组二线罐底码激光打码机倒罐检测装置,,生产设备,个,,,,,0,已启用,,,,否,否
其他,7000000288,,一车间打码机组二线罐底码激光打码机内压打检机带剔除装置,,生产设备,个,,,,,0,已启用,,,,否,否
其他,7000000287,,一车间打码机组二线外箱码激光打码机烟雾净化装置,,生产设备,个,,,,,0,已启用,,,,否,否
其他,7000000286,,一车间打码机组二线罐底码激光打码机烟雾净化装置,,生产设备,个,,,,,0,已启用,,,,否,否
其他,7000000285,,一车间打码机组二线罐底码激光打码机传感器单元,,生产设备,个,,,,,0,已启用,,,,否,否
其他,7000000284,,一车间打码机组二线罐底码激光打码机激光头单元,,生产设备,个,,,,,0,已启用,,,,否,否
其他,7000000283,,一车间打码机组二线罐底码激光打码机主控电脑,,生产设备,个,,,,,0,已启用,,,,否,否
其他,7000000282,,一车间打码机组二线罐底码激光打码机,,生产设备,个,,,,,0,已启用,,,,否,否
其他,7000000281,,一车间打码机组二线喷墨打码机传感器单元,,生产设备,个,,,,,0,已启用,,,,否,否
其他,7000000280,,一车间打码机组二线喷墨打码机喷头单元,,生产设备,个,,,,,0,已启用,,,,否,否
其他,7000000279,,一车间打码机组二线喷墨打码机主控电脑,,生产设备,个,,,,,0,已启用,,,,否,否
其他,7000000278,,一车间打码机组二线喷墨打码机,,生产设备,个,,,,,0,已启用,,,,否,否
其他,7000000277,,一车间打码机组二线液位检测系统传感器单元,,生产设备,个,,,,,0,已启用,,,,否,否
其他,7000000276,,一车间打码机组二线液位检测系统x射线源,,生产设备,个,,,,,0,已启用,,,,否,否
其他,7000000275,,一车间打码机组二线液位检测系统电气控制箱,,生产设备,个,,,,,0,已启用,,,,否,否
其他,7000000274,,一车间打码机组二线液位检测系统,,生产设备,个,,,,,0,已启用,,,,否,否
其他,7000000273,,一车间打码机组二线吹干机系统鼓风机单元,,生产设备,个,,,,,0,已启用,,,,否,否
其他,7000000272,,一车间打码机组二线吹干机系统电气控制箱,,生产设备,个,,,,,0,已启用,,,,否,否
其他,7000000271,,一车间打码机组二线吹干机系统,,生产设备,个,,,,,0,已启用,,,,否,否
其他,7000000270,,一车间打码机组二线冷却机系统罐输送单元,,生产设备,个,,,,,0,已启用,,,,否,否
其他,7000000269,,一车间打码机组二线冷却机系统冷却水循环系统循环水泵,,生产设备,个,,,,,0,已启用,,,,否,否
其他,7000000268,,一车间打码机组二线冷却机系统冷却水循环系统冷却塔,,生产设备,个,,,,,0,已启用,,,,否,否
其他,7000000267,,一车间打码机组二线冷却机系统冷却水循环系统,,生产设备,个,,,,,0,已启用,,,,否,否
其他,7000000266,,一车间打码机组二线冷却机系统喷淋系统,,生产设备,个,,,,,0,已启用,,,,否,否
其他,7000000265,,一车间打码机组二线冷却机系统电气控制柜,,生产设备,个,,,,,0,已启用,,,,否,否
其他,7000000264,,一车间打码机组二线冷却机系统,,生产设备,个,,,,,0,已启用,,,,否,否
其他,7000000263,,一车间打码机组二线,,生产设备,个,,,,,0,已启用,,,,否,否
其他,7000000262,,一车间灌装机组二线液位检测系统传感器单元,,生产设备,个,,,,,0,已启用,,,,否,否
其他,7000000261,,一车间灌装机组二线液位检测系统x射线源,,生产设备,个,,,,,0,已启用,,,,否,否
其他,7000000260,,一车间灌装机组二线液位检测系统,,生产设备,个,,,,,0,已启用,,,,否,否
其他,7000000259,,一车间灌装机组二线注氮系统注氮机注氮控制,,生产设备,个,,,,,0,已启用,,,,否,否
其他,7000000258,,一车间灌装机组二线注氮系统注氮机储氮罐,,生产设备,个,,,,,0,已启用,,,,否,否
其他,7000000257,,一车间灌装机组二线注氮系统注氮机进氮控制真空汇流排,,生产设备,个,,,,,0,已启用,,,,否,否
其他,7000000256,,一车间灌装机组二线注氮系统注氮机主体,,生产设备,个,,,,,0,已启用,,,,否,否
其他,7000000255,,一车间灌装机组二线注氮系统电气控制箱,,生产设备,个,,,,,0,已启用,,,,否,否
其他,7000000254,,一车间灌装机组二线注氮系统,,生产设备,个,,,,,0,已启用,,,,否,否
其他,7000000253,,一车间灌装机组二线巴氏杀菌系统红牛回流单元,,生产设备,个,,,,,0,已启用,,,,否,否
其他,7000000252,,一车间灌装机组二线巴氏杀菌系统红牛加热单元,,生产设备,个,,,,,0,已启用,,,,否,否
其他,7000000251,,一车间灌装机组二线巴氏杀菌系统制热水单元,,生产设备,个,,,,,0,已启用,,,,否,否
其他,7000000250,,一车间灌装机组二线巴氏杀菌系统电气主控制柜,,生产设备,个,,,,,0,已启用,,,,否,否
其他,7000000249,,一车间灌装机组二线巴氏杀菌系统,,生产设备,个,,,,,0,已启用,,,,否,否
其他,7000000248,,一车间灌装机组二线封口机罐传送单元润滑油泵,,生产设备,个,,,,,0,已启用,,,,否,否
其他,7000000247,,一车间灌装机组二线封口机罐传送单元拔杆链条,,生产设备,个,,,,,0,已启用,,,,否,否
其他,7000000246,,一车间灌装机组二线封口机罐传送单元驱动电机,,生产设备,个,,,,,0,已启用,,,,否,否
其他,7000000245,,一车间灌装机组二线封口机罐传送单元,,生产设备,个,,,,,0,已启用,,,,否,否
其他,7000000244,,一车间灌装机组二线封口机封盖单元,,生产设备,个,,,,,0,已启用,,,,否,否
其他,7000000243,,一车间灌装机组二线封口机下盖单元,,生产设备,个,,,,,0,已启用,,,,否,否
其他,7000000242,,一车间灌装机组二线封口机电气控制柜,,生产设备,个,,,,,0,已启用,,,,否,否
其他,7000000241,,一车间灌装机组二线封口机,,生产设备,个,,,,,0,已启用,,,,否,否
其他,7000000240,,一车间灌装机组二线灌装机安全门系统,,生产设备,个,,,,,0,已启用,,,,否,否
其他,7000000239,,一车间灌装机组二线灌灌装机驱动传动灌装机主驱动,,生产设备,个,,,,,0,已启用,,,,否,否
其他,7000000238,,一车间灌装机组二线灌灌装机驱动传动灌装机驱动自动润滑,,生产设备,个,,,,,0,已启用,,,,否,否
其他,7000000237,,一车间灌装机组二线灌灌装机驱动传动,,生产设备,个,,,,,0,已启用,,,,否,否
其他,7000000236,,一车间灌装机组二线灌装机灌装阀控制系统灌注电磁阀组,,生产设备,个,,,,,0,已启用,,,,否,否
其他,7000000235,,一车间灌装机组二线灌装机灌装阀控制系统灌注阀组,,生产设备,个,,,,,0,已启用,,,,否,否
其他,7000000234,,一车间灌装机组二线灌装机灌装阀控制系统,,生产设备,个,,,,,0,已启用,,,,否,否
其他,7000000233,,一车间灌装机组二线灌装机中央分配器,,生产设备,个,,,,,0,已启用,,,,否,否
其他,7000000232,,一车间灌装机组二线灌装机环缸外环缸,,生产设备,个,,,,,0,已启用,,,,否,否
其他,7000000231,,一车间灌装机组二线灌装机环缸内环缸,,生产设备,个,,,,,0,已启用,,,,否,否
其他,7000000230,,一车间灌装机组二线灌装机环缸,,生产设备,个,,,,,0,已启用,,,,否,否
其他,7000000229,,一车间灌装机组二线灌装机灌装阀阵灌装阀回流缓冲缸,,生产设备,个,,,,,0,已启用,,,,否,否
其他,7000000228,,一车间灌装机组二线灌装机灌装阀阵灌装阀阵进料高位缸,,生产设备,个,,,,,0,已启用,,,,否,否
其他,7000000227,,一车间灌装机组二线灌装机灌装阀阵灌电气控制柜,,生产设备,个,,,,,0,已启用,,,,否,否
其他,7000000226,,一车间灌装机组二线灌装机灌装阀阵,,生产设备,个,,,,,0,已启用,,,,否,否
其他,7000000225,,一车间灌装机组二线灌装机操作电柜,,生产设备,个,,,,,0,已启用,,,,否,否
其他,7000000224,,一车间灌装机组二线灌装机电气控制电柜旋转滑环电柜,,生产设备,个,,,,,0,已启用,,,,否,否
其他,7000000223,,一车间灌装机组二线灌装机电气控制电柜主控制电柜,,生产设备,个,,,,,0,已启用,,,,否,否
其他,7000000222,,一车间灌装机组二线灌装机电气控制电柜,,生产设备,个,,,,,0,已启用,,,,否,否
其他,7000000221,,一车间灌装机组二线灌装机,,生产设备,个,,,,,0,已启用,,,,否,否
其他,7000000220,,一车间灌装机组二线,,生产设备,个,,,,,0,已启用,,,,否,否
其他,7000000219,,一车间卸垛机二线一级循环水循环单元,,生产设备,个,,,,,0,已启用,,,,否,否
其他,7000000218,,一车间卸垛机二线洗罐喷头组二级洗罐喷头,,生产设备,个,,,,,0,已启用,,,,否,否
其他,7000000217,,一车间卸垛机二线洗罐喷头组一级洗罐喷头,,生产设备,个,,,,,0,已启用,,,,否,否
其他,7000000216,,一车间卸垛机二线洗罐喷头组,,生产设备,个,,,,,0,已启用,,,,否,否
其他,7000000215,,一车间卸垛机二线洗罐槽,,生产设备,个,,,,,0,已启用,,,,否,否
其他,7000000214,,一车间卸垛机组二线洗罐器,,生产设备,个,,,,,0,已启用,,,,否,否
其他,7000000213,,一车间卸垛机组二线空罐检测踢除单元,,生产设备,个,,,,,0,已启用,,,,否,否
其他,7000000212,,一车间卸垛机组二线空罐检测真空泵单元,,生产设备,个,,,,,0,已启用,,,,否,否
其他,7000000211,,一车间卸垛机组二线空罐检测检查2#摄像机,,生产设备,个,,,,,0,已启用,,,,否,否
其他,7000000210,,一车间卸垛机组二线空罐检测检查1#摄像机,,生产设备,个,,,,,0,已启用,,,,否,否
其他,7000000209,,一车间卸垛机组二线空罐检测检查摄像机,,生产设备,个,,,,,0,已启用,,,,否,否
其他,7000000208,,一车间卸垛机组二线空罐检测主控制电柜,,生产设备,个,,,,,0,已启用,,,,否,否
其他,7000000207,,一车间卸垛机组二线空罐检测,,生产设备,个,,,,,0,已启用,,,,否,否
其他,7000000206,,一车间卸垛机组二线卸垛机纸皮隔板仓,,生产设备,个,,,,,0,已启用,,,,否,否
其他,7000000205,,一车间卸垛机组二线卸垛机空垛盘输送系统,,生产设备,个,,,,,0,已启用,,,,否,否
其他,7000000204,,一车间卸垛机组二线卸垛机纸皮隔板旋转抓手,,生产设备,个,,,,,0,已启用,,,,否,否
其他,7000000203,,一车间卸垛机组二线卸垛机空罐推罐系统,,生产设备,个,,,,,0,已启用,,,,否,否
其他,7000000202,,一车间卸垛机组二线卸垛机空罐提升系统,,生产设备,个,,,,,0,已启用,,,,否,否
其他,7000000201,,一车间卸垛机组二线卸垛机进口链道输送,,生产设备,个,,,,,0,已启用,,,,否,否
其他,7000000200,,一车间卸垛机组二线卸垛机电气控制柜,,生产设备,个,,,,,0,已启用,,,,否,否
其他,7000000199,,一车间卸垛机组二线卸垛机,,生产设备,个,,,,,0,已启用,,,,否,否
其他,7000000198,,一车间卸垛机组二线,,生产设备,个,,,,,0,已启用,,,,否,否
其他,7000000197,,一车间输送链道机组一线箱输送链道称重机段,,生产设备,个,,,,,0,已启用,,,,否,否
其他,7000000196,,一车间输送链道机组一线箱输送链道纸箱打码段,,生产设备,个,,,,,0,已启用,,,,否,否
其他,7000000195,,一车间输送链道机组一线箱输送链道电气控制柜,,生产设备,个,,,,,0,已启用,,,,否,否
其他,7000000194,,一车间输送链道机组一线箱输送链道,,生产设备,个,,,,,0,已启用,,,,否,否
其他,7000000193,,一车间输送链道机组一线瓶输送链道纸包机入口段,,生产设备,个,,,,,0,已启用,,,,否,否
其他,7000000192,,一车间输送链道机组一线瓶输送链道膜缩膜包机入口段,,生产设备,个,,,,,0,已启用,,,,否,否
其他,7000000191,,一车间输送链道机组一线瓶输送链道打码检测段,,生产设备,个,,,,,0,已启用,,,,否,否
其他,7000000190,,一车间输送链道机组一线瓶输送链道冷罐机出口段,,生产设备,个,,,,,0,已启用,,,,否,否
其他,7000000189,,一车间输送链道机组一线瓶输送链道灌装机出口段,,生产设备,个,,,,,0,已启用,,,,否,否
其他,7000000188,,一车间输送链道机组一线瓶输送链道电气控制柜,,生产设备,个,,,,,0,已启用,,,,否,否
其他,7000000187,,一车间输送链道机组一线瓶输送链道,,生产设备,个,,,,,0,已启用,,,,否,否
其他,7000000186,,一车间输送链道机组一线空罐无压力输送链道电机,,生产设备,个,,,,,0,已启用,,,,否,否
其他,7000000185,,一车间输送链道机组一线空罐无压力输送链道操电气控制柜,,生产设备,个,,,,,0,已启用,,,,否,否
其他,7000000184,,一车间输送链道机组一线空罐无压力输送链道操作屏,,生产设备,个,,,,,0,已启用,,,,否,否
其他,7000000183,,一车间输送链道机组一线空罐无压力输送链道,,生产设备,个,,,,,0,已启用,,,,否,否
其他,7000000182,,一车间输送链道机组一线,,生产设备,个,,,,,0,已启用,,,,否,否
其他,7000000181,,一车间码垛机组一线码垛机托盘输送单元垛盘输送链道,,生产设备,个,,,,,0,已启用,,,,否,否
其他,7000000180,,一车间码垛机组一线码垛机托盘输送单元垛盘仓,,生产设备,个,,,,,0,已启用,,,,否,否
其他,7000000179,,一车间码垛机组一线码垛机托盘输送单元,,生产设备,个,,,,,0,已启用,,,,否,否
其他,7000000178,,一车间码垛机组一线码垛机机器人机身D轴,,生产设备,个,,,,,0,已启用,,,,否,否
其他,7000000177,,一车间码垛机组一线码垛机机器人机身C轴,,生产设备,个,,,,,0,已启用,,,,否,否
其他,7000000176,,一车间码垛机组一线码垛机机器人机身B轴,,生产设备,个,,,,,0,已启用,,,,否,否
其他,7000000175,,一车间码垛机组一线码垛机机器人抓手A轴,,生产设备,个,,,,,0,已启用,,,,否,否
其他,7000000174,,一车间码垛机组一线码垛机机器人,,生产设备,个,,,,,0,已启用,,,,否,否
其他,7000000173,,一车间码垛机组一线码垛机抓取分箱单元,,生产设备,个,,,,,0,已启用,,,,否,否
其他,7000000172,,一车间码垛机组一线码垛机进箱输送链道,,生产设备,个,,,,,0,已启用,,,,否,否
其他,7000000171,,一车间码垛机组一线码垛机电气控制柜输送链道控制柜,,生产设备,个,,,,,0,已启用,,,,否,否
其他,7000000170,,一车间码垛机组一线码垛机电气控制柜机器人控制柜,,生产设备,个,,,,,0,已启用,,,,否,否
其他,7000000169,,一车间码垛机组一线码垛机电气控制柜,,生产设备,个,,,,,0,已启用,,,,否,否
其他,7000000168,,一车间码垛机组一线码垛机,,生产设备,个,,,,,0,已启用,,,,否,否
其他,7000000167,,一车间码垛机组一线称重机传感器单元,,生产设备,个,,,,,0,已启用,,,,否,否
其他,7000000166,,一车间码垛机组一线称重机箱输送单元,,生产设备,个,,,,,0,已启用,,,,否,否
其他,7000000165,,一车间码垛机组一线称重机电气控制箱,,生产设备,个,,,,,0,已启用,,,,否,否
其他,7000000164,,一车间码垛机组一线称重机,,生产设备,个,,,,,0,已启用,,,,否,否
其他,7000000163,,一车间码垛机组一线封箱机封胶带单元,,生产设备,个,,,,,0,已启用,,,,否,否
其他,7000000162,,一车间码垛机组一线封箱机进箱滚轮输送,,生产设备,个,,,,,0,已启用,,,,否,否
其他,7000000161,,一车间码垛机组一线封箱机,,生产设备,个,,,,,0,已启用,,,,否,否
其他,7000000160,,一车间码垛机组一线,,生产设备,个,,,,,0,已启用,,,,否,否
其他,7000000159,,一车间包装机组一线包装机包装机投标机,,生产设备,个,,,,,0,已启用,,,,否,否
其他,7000000158,,一车间包装机组一线包装机包装机热熔胶机,,生产设备,个,,,,,0,已启用,,,,否,否
其他,7000000157,,一车间包装机组一线包装机包装系统密封单元,,生产设备,个,,,,,0,已启用,,,,否,否
其他,7000000156,,一车间包装机组一线包装机包装系统折叠单元,,生产设备,个,,,,,0,已启用,,,,否,否
其他,7000000155,,一车间包装机组一线包装机包装系统,,生产设备,个,,,,,0,已启用,,,,否,否
其他,7000000154,,一车间包装机组一线包装机纸皮输送系统分纸皮单元,,生产设备,个,,,,,0,已启用,,,,否,否
其他,7000000153,,一车间包装机组一线包装机纸皮输送系统进纸皮单元,,生产设备,个,,,,,0,已启用,,,,否,否
其他,7000000152,,一车间包装机组一线包装机纸皮输送系统,,生产设备,个,,,,,0,已启用,,,,否,否
其他,7000000151,,一车间包装机组一线包装机分瓶单元,,生产设备,个,,,,,0,已启用,,,,否,否
其他,7000000150,,一车间包装机组一线包装机进瓶单元,,生产设备,个,,,,,0,已启用,,,,否,否
其他,7000000149,,一车间包装机组一线包装机电气控制柜,,生产设备,个,,,,,0,已启用,,,,否,否
其他,7000000148,,一车间包装机组一线包装机,,生产设备,个,,,,,0,已启用,,,,否,否
其他,7000000147,,一车间包装机组一线,,生产设备,个,,,,,0,已启用,,,,否,否
其他,7000000146,,一车间热缩机组一线热缩机热缩烘炉,,生产设备,个,,,,,0,已启用,,,,否,否
其他,7000000145,,一车间热缩机组一线热缩机膜系统裹膜单元,,生产设备,个,,,,,0,已启用,,,,否,否
其他,7000000144,,一车间热缩机组一线热缩机膜系统切膜单元,,生产设备,个,,,,,0,已启用,,,,否,否
其他,7000000143,,一车间热缩机组一线热缩机膜系统上膜单元,,生产设备,个,,,,,0,已启用,,,,否,否
其他,7000000142,,一车间热缩机组一线热缩机膜系统,,生产设备,个,,,,,0,已启用,,,,否,否
其他,7000000141,,一车间热缩机组一线热缩机分瓶单元,,生产设备,个,,,,,0,已启用,,,,否,否
其他,7000000140,,一车间热缩机组一线热缩机进瓶单元,,生产设备,个,,,,,0,已启用,,,,否,否
其他,7000000139,,一车间热缩机组一线热缩机电气控制柜,,生产设备,个,,,,,0,已启用,,,,否,否
其他,7000000138,,一车间热缩机组一线热缩机,,生产设备,个,,,,,0,已启用,,,,否,否
其他,7000000137,,一车间热缩机组一线,,生产设备,个,,,,,0,已启用,,,,否,否
其他,7000000136,,一车间打码机组一线墨码检测系统传感器单元,,生产设备,个,,,,,0,已启用,,,,否,否
其他,7000000135,,一车间打码机组一线墨码检测系统摄像机,,生产设备,个,,,,,0,已启用,,,,否,否
其他,7000000134,,一车间打码机组一线墨码检测系统主控电脑,,生产设备,个,,,,,0,已启用,,,,否,否
其他,7000000133,,一车间打码机组一线墨码检测系统,,生产设备,个,,,,,0,已启用,,,,否,否
其他,7000000132,,一车间打码机组一线异盖检测系统传感器单元,,生产设备,个,,,,,0,已启用,,,,否,否
其他,7000000131,,一车间打码机组一线异盖检测系统摄像机,,生产设备,个,,,,,0,已启用,,,,否,否
其他,7000000130,,一车间打码机组一线异盖检测系统主控电脑,,生产设备,个,,,,,0,已启用,,,,否,否
其他,7000000129,,一车间打码机组一线异盖检测系统,,生产设备,个,,,,,0,已启用,,,,否,否
其他,7000000128,,一车间打码机组一线外箱码激光打码机传感器单元,,生产设备,个,,,,,0,已启用,,,,否,否
其他,7000000127,,一车间打码机组一线外箱码激光打码机激光头单元,,生产设备,个,,,,,0,已启用,,,,否,否
其他,7000000126,,一车间打码机组一线外箱码激光打码机主控电脑,,生产设备,个,,,,,0,已启用,,,,否,否
其他,7000000125,,一车间打码机组一线外箱码激光打码机,,生产设备,个,,,,,0,已启用,,,,否,否
其他,7000000124,,一车间打码机组一线罐底码激光打码机倒罐检测装置,,生产设备,个,,,,,0,已启用,,,,否,否
其他,7000000123,,一车间打码机组一线罐底码激光打码机内压打检机带剔除装置,,生产设备,个,,,,,0,已启用,,,,否,否
其他,7000000122,,一车间打码机组一线外箱码激光打码机烟雾净化装置,,生产设备,个,,,,,0,已启用,,,,否,否
其他,7000000121,,一车间打码机组一线罐底码激光打码机烟雾净化装置,,生产设备,个,,,,,0,已启用,,,,否,否
其他,7000000120,,一车间打码机组一线罐底码激光打码机传感器单元,,生产设备,个,,,,,0,已启用,,,,否,否
其他,7000000119,,一车间打码机组一线罐底码激光打码机激光头单元,,生产设备,个,,,,,0,已启用,,,,否,否
其他,7000000118,,一车间打码机组一线罐底码激光打码机主控电脑,,生产设备,个,,,,,0,已启用,,,,否,否
其他,7000000117,,一车间打码机组一线罐底码激光打码机,,生产设备,个,,,,,0,已启用,,,,否,否
其他,7000000116,,一车间打码机组一线喷墨打码机传感器单元,,生产设备,个,,,,,0,已启用,,,,否,否
其他,7000000115,,一车间打码机组一线喷墨打码机喷头单元,,生产设备,个,,,,,0,已启用,,,,否,否
其他,7000000114,,一车间打码机组一线喷墨打码机主控电脑,,生产设备,个,,,,,0,已启用,,,,否,否
其他,7000000113,,一车间打码机组一线喷墨打码机,,生产设备,个,,,,,0,已启用,,,,否,否
其他,7000000112,,一车间打码机组一线液位检测系统传感器单元,,生产设备,个,,,,,0,已启用,,,,否,否
其他,7000000111,,一车间打码机组一线液位检测系统x射线源,,生产设备,个,,,,,0,已启用,,,,否,否
其他,7000000110,,一车间打码机组一线液位检测系统电气控制箱,,生产设备,个,,,,,0,已启用,,,,否,否
其他,7000000109,,一车间打码机组一线液位检测系统,,生产设备,个,,,,,0,已启用,,,,否,否
其他,7000000108,,一车间打码机组一线吹干机系统鼓风机单元,,生产设备,个,,,,,0,已启用,,,,否,否
其他,7000000107,,一车间打码机组一线吹干机系统电气控制箱,,生产设备,个,,,,,0,已启用,,,,否,否
其他,7000000106,,一车间打码机组一线吹干机系统,,生产设备,个,,,,,0,已启用,,,,否,否
其他,7000000105,,一车间打码机组一线冷却机系统罐输送单元,,生产设备,个,,,,,0,已启用,,,,否,否
其他,7000000104,,一车间打码机组一线冷却机系统冷却水循环系统循环水泵,,生产设备,个,,,,,0,已启用,,,,否,否
其他,7000000103,,一车间打码机组一线冷却机系统冷却水循环系统冷却塔,,生产设备,个,,,,,0,已启用,,,,否,否
其他,7000000102,,一车间打码机组一线冷却机系统冷却水循环系统,,生产设备,个,,,,,0,已启用,,,,否,否
其他,7000000101,,一车间打码机组一线冷却机系统喷淋系统,,生产设备,个,,,,,0,已启用,,,,否,否
其他,7000000100,,一车间打码机组一线冷却机系统电气控制柜,,生产设备,个,,,,,0,已启用,,,,否,否
其他,7000000099,,一车间打码机组一线冷却机系统,,生产设备,个,,,,,0,已启用,,,,否,否
其他,7000000098,,一车间打码机组一线,,生产设备,个,,,,,0,已启用,,,,否,否
其他,7000000097,,一车间灌装机组一线液位检测系统传感器单元,,生产设备,个,,,,,0,已启用,,,,否,否
其他,7000000096,,一车间灌装机组一线液位检测系统x射线源,,生产设备,个,,,,,0,已启用,,,,否,否
其他,7000000095,,一车间灌装机组一线液位检测系统,,生产设备,个,,,,,0,已启用,,,,否,否
其他,7000000094,,一车间灌装机组一线注氮系统注氮机注氮控制,,生产设备,个,,,,,0,已启用,,,,否,否
其他,7000000093,,一车间灌装机组一线注氮系统注氮机储氮罐,,生产设备,个,,,,,0,已启用,,,,否,否
其他,7000000092,,一车间灌装机组一线注氮系统注氮机进氮控制真空汇流排,,生产设备,个,,,,,0,已启用,,,,否,否
其他,7000000091,,一车间灌装机组一线注氮系统注氮机主体,,生产设备,个,,,,,0,已启用,,,,否,否
其他,7000000090,,一车间灌装机组一线注氮系统电气控制箱,,生产设备,个,,,,,0,已启用,,,,否,否
其他,7000000089,,一车间灌装机组一线注氮系统,,生产设备,个,,,,,0,已启用,,,,否,否
其他,7000000088,,一车间灌装机组一线巴氏杀菌系统红牛回流单元,,生产设备,个,,,,,0,已启用,,,,否,否
其他,7000000087,,一车间灌装机组一线巴氏杀菌系统红牛加热单元,,生产设备,个,,,,,0,已启用,,,,否,否
其他,7000000086,,一车间灌装机组一线巴氏杀菌系统制热水单元,,生产设备,个,,,,,0,已启用,,,,否,否
其他,7000000085,,一车间灌装机组一线巴氏杀菌系统电气主控制柜,,生产设备,个,,,,,0,已启用,,,,否,否
其他,7000000084,,一车间灌装机组一线巴氏杀菌系统,,生产设备,个,,,,,0,已启用,,,,否,否
其他,7000000083,,一车间灌装机组一线封口机罐传送单元润滑油泵,,生产设备,个,,,,,0,已启用,,,,否,否
其他,7000000082,,一车间灌装机组一线封口机罐传送单元拔杆链条,,生产设备,个,,,,,0,已启用,,,,否,否
其他,7000000081,,一车间灌装机组一线封口机罐传送单元驱动电机,,生产设备,个,,,,,0,已启用,,,,否,否
其他,7000000080,,一车间灌装机组一线封口机罐传送单元,,生产设备,个,,,,,0,已启用,,,,否,否
其他,7000000079,,一车间灌装机组一线封口机封盖单元,,生产设备,个,,,,,0,已启用,,,,否,否
其他,7000000078,,一车间灌装机组一线封口机下盖单元,,生产设备,个,,,,,0,已启用,,,,否,否
其他,7000000077,,一车间灌装机组一线封口机电气控制柜,,生产设备,个,,,,,0,已启用,,,,否,否
其他,7000000076,,一车间灌装机组一线封口机,,生产设备,个,,,,,0,已启用,,,,否,否
其他,7000000075,,一车间灌装机组一线灌装机安全门系统,,生产设备,个,,,,,0,已启用,,,,否,否
其他,7000000074,,一车间灌装机组一线灌灌装机驱动传动灌装机主驱动,,生产设备,个,,,,,0,已启用,,,,否,否
其他,7000000073,,一车间灌装机组一线灌灌装机驱动传动灌装机驱动自动润滑,,生产设备,个,,,,,0,已启用,,,,否,否
其他,7000000072,,一车间灌装机组一线灌灌装机驱动传动,,生产设备,个,,,,,0,已启用,,,,否,否
其他,7000000071,,一车间灌装机组一线灌装机灌装阀控制系统灌注电磁阀组,,生产设备,个,,,,,0,已启用,,,,否,否
其他,7000000070,,一车间灌装机组一线灌装机灌装阀控制系统灌注阀组,,生产设备,个,,,,,0,已启用,,,,否,否
其他,7000000069,,一车间灌装机组一线灌装机灌装阀控制系统,,生产设备,个,,,,,0,已启用,,,,否,否
其他,7000000068,,一车间灌装机组一线灌装机中央分配器,,生产设备,个,,,,,0,已启用,,,,否,否
其他,7000000067,,一车间灌装机组一线灌装机环缸外环缸,,生产设备,个,,,,,0,已启用,,,,否,否
其他,7000000066,,一车间灌装机组一线灌装机环缸内环缸,,生产设备,个,,,,,0,已启用,,,,否,否
其他,7000000065,,一车间灌装机组一线灌装机环缸,,生产设备,个,,,,,0,已启用,,,,否,否
其他,7000000064,,一车间灌装机组一线灌装机灌装阀阵灌装阀回流缓冲缸,,生产设备,个,,,,,0,已启用,,,,否,否
其他,7000000063,,一车间灌装机组一线灌装机灌装阀阵灌装阀阵进料高位缸,,生产设备,个,,,,,0,已启用,,,,否,否
其他,7000000062,,一车间灌装机组一线灌装机灌装阀阵灌电气控制柜,,生产设备,个,,,,,0,已启用,,,,否,否
其他,7000000061,,一车间灌装机组一线灌装机灌装阀阵,,生产设备,个,,,,,0,已启用,,,,否,否
其他,7000000060,,一车间灌装机组一线灌装机操作电柜,,生产设备,个,,,,,0,已启用,,,,否,否
其他,7000000059,,一车间灌装机组一线灌装机电气控制电柜旋转滑环电柜,,生产设备,个,,,,,0,已启用,,,,否,否
其他,7000000058,,一车间灌装机组一线灌装机电气控制电柜主控制电柜,,生产设备,个,,,,,0,已启用,,,,否,否
其他,7000000057,,一车间灌装机组一线灌装机电气控制电柜,,生产设备,个,,,,,0,已启用,,,,否,否
其他,7000000056,,一车间灌装机组一线灌装机,,生产设备,个,,,,,0,已启用,,,,否,否
其他,7000000055,,一车间灌装机组一线,,生产设备,个,,,,,0,已启用,,,,否,否
其他,7000000054,,一车间卸垛机一线一级循环水循环单元,,生产设备,个,,,,,0,已启用,,,,否,否
其他,7000000053,,一车间卸垛机一线洗罐喷头组二级洗罐喷头,,生产设备,个,,,,,0,已启用,,,,否,否
其他,7000000052,,一车间卸垛机一线洗罐喷头组一级洗罐喷头,,生产设备,个,,,,,0,已启用,,,,否,否
其他,7000000051,,一车间卸垛机一线洗罐喷头组,,生产设备,个,,,,,0,已启用,,,,否,否
其他,7000000050,,一车间卸垛机一线洗罐槽,,生产设备,个,,,,,0,已启用,,,,否,否
其他,7000000049,,一车间卸垛机组一线洗罐器,,生产设备,个,,,,,0,已启用,,,,否,否
其他,7000000048,,一车间卸垛机组一线空罐检测踢除单元,,生产设备,个,,,,,0,已启用,,,,否,否
其他,7000000047,,一车间卸垛机组一线空罐检测真空泵单元,,生产设备,个,,,,,0,已启用,,,,否,否
其他,7000000046,,一车间卸垛机组一线空罐检测检查2#摄像机,,生产设备,个,,,,,0,已启用,,,,否,否
其他,7000000045,,一车间卸垛机组一线空罐检测检查1#摄像机,,生产设备,个,,,,,0,已启用,,,,否,否
其他,7000000044,,一车间卸垛机组一线空罐检测检查摄像机,,生产设备,个,,,,,0,已启用,,,,否,否
其他,7000000043,,一车间卸垛机组一线空罐检测主控制电柜,,生产设备,个,,,,,0,已启用,,,,否,否
其他,7000000042,,一车间卸垛机组一线空罐检测,,生产设备,个,,,,,0,已启用,,,,否,否
其他,7000000041,,一车间卸垛机组一线卸垛机纸皮隔板仓,,生产设备,个,,,,,0,已启用,,,,否,否
其他,7000000040,,一车间卸垛机组一线卸垛机空垛盘输送系统,,生产设备,个,,,,,0,已启用,,,,否,否
其他,7000000039,,一车间卸垛机组一线卸垛机纸皮隔板旋转抓手,,生产设备,个,,,,,0,已启用,,,,否,否
其他,7000000038,,一车间卸垛机组一线卸垛机空罐推罐系统,,生产设备,个,,,,,0,已启用,,,,否,否
其他,7000000037,,一车间卸垛机组一线卸垛机空罐提升系统,,生产设备,个,,,,,0,已启用,,,,否,否
其他,7000000036,,一车间卸垛机组一线卸垛机进口链道输送,,生产设备,个,,,,,0,已启用,,,,否,否
其他,7000000035,,一车间卸垛机组一线卸垛机电气控制柜,,生产设备,个,,,,,0,已启用,,,,否,否
其他,7000000034,,一车间卸垛机组一线卸垛机,,生产设备,个,,,,,0,已启用,,,,否,否
其他,7000000033,,一车间卸垛机组一线,,生产设备,个,,,,,0,已启用,,,,否,否
其他,7000000032,,一车间配料系统水泵 系统自动排空阀,,生产设备,个,,,,,0,已启用,,,,否,否
其他,7000000031,,一车间配料系统果糖水泵,,生产设备,个,,,,,0,已启用,,,,否,否
其他,7000000030,,一车间配料系统配料卫生泵,,生产设备,个,,,,,0,已启用,,,,否,否
其他,7000000029,,一车间配料系统成品水泵2,,生产设备,个,,,,,0,已启用,,,,否,否
其他,7000000028,,一车间配料系统成品水泵1,,生产设备,个,,,,,0,已启用,,,,否,否
其他,7000000027,,一车间配料系统化糖卫生泵,,生产设备,个,,,,,0,已启用,,,,否,否
其他,7000000026,,一车间配料系统冷水水泵,,生产设备,个,,,,,0,已启用,,,,否,否
其他,7000000025,,一车间配料系统热水水泵,,生产设备,个,,,,,0,已启用,,,,否,否
其他,7000000024,,一车间配料系统水泵系统,,生产设备,个,,,,,0,已启用,,,,否,否
其他,7000000023,,一车间配料系统净水脱气装置系统,,生产设备,个,,,,,0,已启用,,,,否,否
其他,7000000022,,一车间配料系统不锈钢设备,,生产设备,个,,,,,0,已启用,,,,否,否
其他,7000000021,,一车间配料系统RO水UV杀菌器,,生产设备,个,,,,,0,已启用,,,,否,否
其他,7000000020,,一车间配料系统冷水缸,,生产设备,个,,,,,0,已启用,,,,否,否
其他,7000000019,,一车间配料系统热水缸,,生产设备,个,,,,,0,已启用,,,,否,否
其他,7000000018,,一车间配料系统RO水系统,,生产设备,个,,,,,0,已启用,,,,否,否
其他,7000000017,,一车间配料系统二线成品陶瓷过滤器,,生产设备,个,,,,,0,已启用,,,,否,否
其他,7000000016,,一车间配料系统一线成品陶瓷过滤器,,生产设备,个,,,,,0,已启用,,,,否,否
其他,7000000015,,一车间配料系统二线成品缸2#,,生产设备,个,,,,,0,已启用,,,,否,否
其他,7000000014,,一车间配料系统二线成品缸1#,,生产设备,个,,,,,0,已启用,,,,否,否
其他,7000000013,,一车间配料系统一线成品缸2#,,生产设备,个,,,,,0,已启用,,,,否,否
其他,7000000012,,一车间配料系统一线成品缸1#,,生产设备,个,,,,,0,已启用,,,,否,否
其他,7000000011,,一车间配料系统成品系统,,生产设备,个,,,,,0,已启用,,,,否,否
其他,7000000010,,一车间配料系统二线配料缸,,生产设备,个,,,,,0,已启用,,,,否,否
其他,7000000009,,一车间配料系统一线配料缸,,生产设备,个,,,,,0,已启用,,,,否,否
其他,7000000008,,一车间配料系统配料系统,,生产设备,个,,,,,0,已启用,,,,否,否
其他,7000000007,,一车间配料系统二线果糖缸,,生产设备,个,,,,,0,已启用,,,,否,否
其他,7000000006,,一车间配料系统一线果糖缸,,生产设备,个,,,,,0,已启用,,,,否,否
其他,7000000005,,一车间配料系统果糖系统,,生产设备,个,,,,,0,已启用,,,,否,否
其他,7000000004,,一车间配料系统二线化糖缸,,生产设备,个,,,,,0,已启用,,,,否,否
其他,7000000003,,一车间配料系统一线化糖缸,,生产设备,个,,,,,0,已启用,,,,否,否
其他,7000000002,,一车间配料系统化糖系统,,生产设备,个,,,,,0,已启用,,,,否,否
其他,7000000001,,一车间配料系统,,生产设备,个,,,,,0,已启用,,,,否,否
综合物资,20000001-PF,,20000001.0,,配方,袋,,,,,0,已启用,,,,否,否
综合物资,20000009-PFP,,20000009.0,,配方,袋,,,,,0,已启用,,,,否,否
综合物资,20000992-PFZ,,20000992.0,,配方,袋,,,,,0,已启用,,,,否,否
综合物资,20000009-PFQ,,20000009.0,,配方,袋,,,,,0,已启用,,,,否,否
综合物资,20000002-PF,,20000002.0,,配方,袋,,,,,0,已启用,,,,否,否
综合物资,20000003-PF,,20000003.0,,配方,袋,,,,,0,已启用,,,,否,否
综合物资,20000004-PF,,20000004.0,,配方,袋,,,,,0,已启用,,,,否,否
综合物资,20000005-PF,,20000005.0,,配方,袋,,,,,0,已启用,,,,否,否
综合物资,20000006-PF,,20000006.0,,配方,袋,,,,,0,已启用,,,,否,否
综合物资,20000007-PF,,20000007.0,,配方,袋,,,,,0,已启用,,,,否,否
综合物资,20000008-PF,,20000008.0,,配方,袋,,,,,0,已启用,,,,否,否
综合物资,20000010-PF,,20000010.0,,配方,袋,,,,,0,已启用,,,,否,否
综合物资,20000864-PF,,20000864.0,,配方,袋,,,,,0,已启用,,,,否,否
综合物资,20000865-PF,,20000865.0,,配方,袋,,,,,0,已启用,,,,否,否
综合物资,20000537-PF,,20000537.0,,配方,桶,,,,,0,已启用,,,,否,否
综合物资,20001056-PF,,20001056.0,,配方,袋,,,,,0,已启用,,,,否,否
综合物资,20001057-PF,,20001057.0,,配方,桶,,,,,0,已启用,,,,否,否
综合物资,20001805-PF,,20001805.0,,配方,桶,,,,,0,已启用,,,,否,否
综合物资,20001925-PF,,20001925.0,,配方,桶,,,,,0,已启用,,,,否,否
综合物资,8000001010,,接合器,,消防设施,个,,,,,0,已启用,,,,否,否
综合物资,8000001009,,5KG干粉,,消防设施,个,,,,,0,已启用,,,,否,否
综合物资,8000001008,,30KG干粉,,消防设施,个,,,,,0,已启用,,,,否,否
综合物资,8000001006,,二氧化碳,,消防设施,个,,,,,0,已启用,,,,否,否
综合物资,8000001005,,24KG二氧化碳,,消防设施,个,,,,,0,已启用,,,,否,否
综合物资,8000001004,,消火栓,,消防设施,个,,,,,0,已启用,,,,否,否
综合物资,8000001003,,安全出口指示灯,,消防设施,个,,,,,0,已启用,,,,否,否
综合物资,8000001002,,应急灯,,消防设施,个,,,,,0,已启用,,,,否,否
综合物资,8000001001,,4KG干粉,,消防设施,个,,,,,0,已启用,,,,否,否
