序号,操作,上层代码,上层名称,组织类型,成本中心名称,成本中心代码,备注
1,编辑 删除,6888,华彬饮料销售有限公司,华彬销售公司,华彬销售-其他1,6888Z001,
2,编辑 删除,6888,华彬饮料销售有限公司,华彬销售公司,华彬饮料VOSS-成都,6888038826,
3,编辑 删除,6888,华彬饮料销售有限公司,华彬销售公司,华彬饮料VOSS-海南,6888038825,
4,编辑 删除,6888,华彬饮料销售有限公司,华彬销售公司,华彬饮料VOSS-深圳,6888038822,
5,编辑 删除,6888,华彬饮料销售有限公司,华彬销售公司,华彬饮料VOSS-广州,6888038820,
6,编辑 删除,6888,华彬饮料销售有限公司,华彬销售公司,华彬饮料VOSS-上海,6888038819,
7,编辑 删除,6888,华彬饮料销售有限公司,华彬销售公司,华彬饮料VOSS-杭州,6888038818,
8,编辑 删除,6888,华彬饮料销售有限公司,华彬销售公司,华彬饮料VOSS-福建,6888038817,
9,编辑 删除,6888,华彬饮料销售有限公司,华彬销售公司,华彬饮料VOSS-南京,6888038815,
10,编辑 删除,6888,华彬饮料销售有限公司,华彬销售公司,华彬饮料VOSS-北京,6888038801,
11,编辑 删除,8889,珠海红牛饮料销售有限公司,华彬销售公司,珠海总公司综合中心,88899999,
12,编辑 删除,8889,珠海红牛饮料销售有限公司,华彬销售公司,珠海公司渠道促销品,88899002,
13,编辑 删除,8889,珠海红牛饮料销售有限公司,华彬销售公司,珠海销售促销活动,88899001,
14,编辑 删除,8889,珠海红牛饮料销售有限公司,华彬销售公司,销售总公司公用中心,88898889,
15,编辑 删除,8889,珠海红牛饮料销售有限公司,华彬销售公司,珠海销售-江苏宜兴基地,88898886,
16,编辑 删除,8889,珠海红牛饮料销售有限公司,华彬销售公司,珠海销售-佛山基地,88898885,
17,编辑 删除,8889,珠海红牛饮料销售有限公司,华彬销售公司,珠海销售-湖北基地,88898883,
18,编辑 删除,8889,珠海红牛饮料销售有限公司,华彬销售公司,珠海销售-北京基地,88898880,
19,编辑 删除,8889,珠海红牛饮料销售有限公司,华彬销售公司,珠海销售总公司-川东代表处,88898843,
20,编辑 删除,8889,珠海红牛饮料销售有限公司,华彬销售公司,珠海销售总公司-金丽衢代表处,88898841,
21,编辑 删除,8889,珠海红牛饮料销售有限公司,华彬销售公司,珠海销售总公司-浙南代表处,88898840,
22,编辑 删除,8889,珠海红牛饮料销售有限公司,华彬销售公司,珠海销售总公司-豫南代表处,88898839,
23,编辑 删除,8889,珠海红牛饮料销售有限公司,华彬销售公司,珠海销售总公司-实业公司,88898836,
24,编辑 删除,8889,珠海红牛饮料销售有限公司,华彬销售公司,珠海销售总公司-新疆公司,88898835,
25,编辑 删除,8889,珠海红牛饮料销售有限公司,华彬销售公司,珠海销售-西藏华美,88898832,
26,编辑 删除,8889,珠海红牛饮料销售有限公司,华彬销售公司,珠海销售总公司-甘肃公司,88898831,
27,编辑 删除,8889,珠海红牛饮料销售有限公司,华彬销售公司,珠海销售总公司-云南公司,88898827,
28,编辑 删除,8889,珠海红牛饮料销售有限公司,华彬销售公司,珠海销售总公司-成都公司,88898826,
29,编辑 删除,8889,珠海红牛饮料销售有限公司,华彬销售公司,珠海销售总公司-粤东代表处,88898824,
30,编辑 删除,8889,珠海红牛饮料销售有限公司,华彬销售公司,珠海销售总公司-广州公司,88898820,
31,编辑 删除,8889,珠海红牛饮料销售有限公司,华彬销售公司,珠海销售总公司-上海公司,88898819,
32,编辑 删除,8889,珠海红牛饮料销售有限公司,华彬销售公司,珠海销售总公司-杭州公司,88898818,
33,编辑 删除,8889,珠海红牛饮料销售有限公司,华彬销售公司,珠海销售总公司-南京公司,88898815,
34,编辑 删除,8889,珠海红牛饮料销售有限公司,华彬销售公司,珠海销售总公司-青岛代表处,88898814,
35,编辑 删除,8889,珠海红牛饮料销售有限公司,华彬销售公司,珠海销售总公司-北京公司,88898801,
36,编辑 删除,8889,珠海红牛饮料销售有限公司,华彬销售公司,珠海销售总公司-吉林公司,88898707,
37,编辑 删除,8889,珠海红牛饮料销售有限公司,华彬销售公司,珠海销售总公司-汕头分公司,88898642,
38,编辑 删除,8889,珠海红牛饮料销售有限公司,华彬销售公司,珠海销售总公司-金华公司,88898641,
39,编辑 删除,8889,珠海红牛饮料销售有限公司,华彬销售公司,销售总公司-温州分公司,88898640,
40,编辑 删除,8889,珠海红牛饮料销售有限公司,华彬销售公司,珠海销售总公司-湛江分公司,88898638,
41,编辑 删除,8889,珠海红牛饮料销售有限公司,华彬销售公司,销售总公司-南疆分公司,88898637,
42,编辑 删除,8889,珠海红牛饮料销售有限公司,华彬销售公司,珠海销售总公司-东莞公司,88898636,
43,编辑 删除,8889,珠海红牛饮料销售有限公司,华彬销售公司,珠海销售总公司-宁夏公司,88898634,
44,编辑 删除,8889,珠海红牛饮料销售有限公司,华彬销售公司,珠海销售总公司-青海公司,88898633,
45,编辑 删除,8889,珠海红牛饮料销售有限公司,华彬销售公司,珠海销售总公司-陕西公司,88898630,
46,编辑 删除,8889,珠海红牛饮料销售有限公司,华彬销售公司,珠海销售总公司-重庆公司,88898629,
47,编辑 删除,8889,珠海红牛饮料销售有限公司,华彬销售公司,珠海销售总公司-贵州公司,88898628,
48,编辑 删除,8889,珠海红牛饮料销售有限公司,华彬销售公司,珠海销售总公司-海南公司,88898625,
49,编辑 删除,8889,珠海红牛饮料销售有限公司,华彬销售公司,珠海销售总公司-粤东分公司,88898624,
50,编辑 删除,8889,珠海红牛饮料销售有限公司,华彬销售公司,珠海销售总公司-湖南公司,88898623,
51,编辑 删除,8889,珠海红牛饮料销售有限公司,华彬销售公司,珠海销售总公司-南宁公司,88898621,
52,编辑 删除,8889,珠海红牛饮料销售有限公司,华彬销售公司,珠海销售-福建公司,88898617,
53,编辑 删除,8889,珠海红牛饮料销售有限公司,华彬销售公司,珠海销售总公司-安徽公司,88898616,
54,编辑 删除,8889,珠海红牛饮料销售有限公司,华彬销售公司,珠海销售总公司-苏北公司,88898613,
55,编辑 删除,8889,珠海红牛饮料销售有限公司,华彬销售公司,珠海销售总公司-山东公司,88898612,
56,编辑 删除,8889,珠海红牛饮料销售有限公司,华彬销售公司,珠海销售总公司-江西公司,88898611,
57,编辑 删除,8889,珠海红牛饮料销售有限公司,华彬销售公司,珠海销售总公司-湖北公司,88898610,
58,编辑 删除,8889,珠海红牛饮料销售有限公司,华彬销售公司,珠海销售总公司-河南公司,88898609,
59,编辑 删除,8889,珠海红牛饮料销售有限公司,华彬销售公司,珠海销售总公司-黑龙江公司,88898608,
60,编辑 删除,8889,珠海红牛饮料销售有限公司,华彬销售公司,珠海销售总公司-辽宁公司,88898606,
61,编辑 删除,8889,珠海红牛饮料销售有限公司,华彬销售公司,珠海销售总公司-内蒙分公司,88898605,
62,编辑 删除,8889,珠海红牛饮料销售有限公司,华彬销售公司,珠海销售总公司-山西分公司,88898604,
63,编辑 删除,8889,珠海红牛饮料销售有限公司,华彬销售公司,珠海销售总公司-天津分,88898603,
64,编辑 删除,8889,珠海红牛饮料销售有限公司,华彬销售公司,珠海销售总公司-河北分公司,88898602,
65,编辑 删除,8889,珠海红牛饮料销售有限公司,华彬销售公司,功能饮料事业部-综合-品牌产品发展部,88898133,
66,编辑 删除,8889,珠海红牛饮料销售有限公司,华彬销售公司,功能饮料事业部-综合-信息部,88898132,
67,编辑 删除,8889,珠海红牛饮料销售有限公司,华彬销售公司,功能饮料事业部-综合-体育营销部,88898131,
68,编辑 删除,8889,珠海红牛饮料销售有限公司,华彬销售公司,功能饮料事业部-综合管理部,88898130,
69,编辑 删除,8889,珠海红牛饮料销售有限公司,华彬销售公司,功能饮料事业部-市场-区域市场部,88898122,
70,编辑 删除,8889,珠海红牛饮料销售有限公司,华彬销售公司,功能饮料事业部-市场-促销管理部,88898121,
71,编辑 删除,8889,珠海红牛饮料销售有限公司,华彬销售公司,功能饮料事业部-市场管理部,88898120,
72,编辑 删除,8889,珠海红牛饮料销售有限公司,华彬销售公司,功能饮料事业部-销售-销售支持部,88898114,
73,编辑 删除,8889,珠海红牛饮料销售有限公司,华彬销售公司,功能饮料事业部-销售-现代渠道部,88898113,
74,编辑 删除,8889,珠海红牛饮料销售有限公司,华彬销售公司,功能饮料事业部-销售-渠道管理部,88898112,
75,编辑 删除,8889,珠海红牛饮料销售有限公司,华彬销售公司,功能饮料事业部-销售-区域管理部,88898111,
76,编辑 删除,8889,珠海红牛饮料销售有限公司,华彬销售公司,功能饮料事业部-销售管理部,88898110,
77,编辑 删除,8889,珠海红牛饮料销售有限公司,华彬销售公司,功能饮料事业部,88898100,
78,编辑 删除,8889,珠海红牛饮料销售有限公司,华彬销售公司,集团学院,88898009,
79,编辑 删除,8889,珠海红牛饮料销售有限公司,华彬销售公司,销售总公司集团信息中心,88898008,
80,编辑 删除,8889,珠海红牛饮料销售有限公司,华彬销售公司,集团董办,88898007,
81,编辑 删除,8889,珠海红牛饮料销售有限公司,华彬销售公司,集团经研室,88898006,
82,编辑 删除,8889,珠海红牛饮料销售有限公司,华彬销售公司,集团人力资源部,88898005,
83,编辑 删除,8889,珠海红牛饮料销售有限公司,华彬销售公司,集团计划财务部,88898004,
84,编辑 删除,8889,珠海红牛饮料销售有限公司,华彬销售公司,集团项目部,88898003,
85,编辑 删除,8889,珠海红牛饮料销售有限公司,华彬销售公司,集团资金部,88898002,
86,编辑 删除,8889,珠海红牛饮料销售有限公司,华彬销售公司,集团总裁办,88898001,
87,编辑 删除,8889,珠海红牛饮料销售有限公司,华彬销售公司,珠海红牛-西部结算中心,88896886,
88,编辑 删除,8889,珠海红牛饮料销售有限公司,华彬销售公司,珠海红牛-西部结算中心,88896885,
89,编辑 删除,8889,珠海红牛饮料销售有限公司,华彬销售公司,珠海红牛-东部结算中心,88896884,
90,编辑 删除,8889,珠海红牛饮料销售有限公司,华彬销售公司,珠海红牛-厦门基地,88896866,
91,编辑 删除,8889,珠海红牛饮料销售有限公司,华彬销售公司,珠海红牛-贵阳基地,88896865,
92,编辑 删除,8889,珠海红牛饮料销售有限公司,华彬销售公司,珠海销售总公司-芙丝基地,88896862,
93,编辑 删除,8889,珠海红牛饮料销售有限公司,华彬销售公司,珠海红牛-百仕欣基地,88896860,
94,编辑 删除,8889,珠海红牛饮料销售有限公司,华彬销售公司,区域发展中心,88895700,
95,编辑 删除,8889,珠海红牛饮料销售有限公司,华彬销售公司,战略研发-管理部-数据流程管理部,88895641,
96,编辑 删除,8889,珠海红牛饮料销售有限公司,华彬销售公司,战略研发中心-行业研究部,88895620,
97,编辑 删除,8889,珠海红牛饮料销售有限公司,华彬销售公司,战略研发中心-新品战略营销部,88895610,
98,编辑 删除,8889,珠海红牛饮料销售有限公司,华彬销售公司,战略研发中心,88895600,
99,编辑 删除,8889,珠海红牛饮料销售有限公司,华彬销售公司,生产物流中心-生产中心,88895530,
100,编辑 删除,8889,珠海红牛饮料销售有限公司,华彬销售公司,生产物流中心-技术管理部,88895520,
101,编辑 删除,8889,珠海红牛饮料销售有限公司,华彬销售公司,生产物流-供应链-进口产品运作部,88895514,
102,编辑 删除,8889,珠海红牛饮料销售有限公司,华彬销售公司,生产物流-供应链-生产采购部,88895513,
103,编辑 删除,8889,珠海红牛饮料销售有限公司,华彬销售公司,生产物流-供应链-物流发运部,88895512,
104,编辑 删除,8889,珠海红牛饮料销售有限公司,华彬销售公司,生产物流-供应链-产品配送部,88895511,
105,编辑 删除,8889,珠海红牛饮料销售有限公司,华彬销售公司,生产物流中心-供应链运作中心,88895510,
106,编辑 删除,8889,珠海红牛饮料销售有限公司,华彬销售公司,生产物流中心,88895500,
107,编辑 删除,8889,珠海红牛饮料销售有限公司,华彬销售公司,人力行政中心-行政管理部,88895460,
108,编辑 删除,8889,珠海红牛饮料销售有限公司,华彬销售公司,人力行政中心-消费者服务中心,88895450,
109,编辑 删除,8889,珠海红牛饮料销售有限公司,华彬销售公司,人力行政-法务-稽查维权部,88895444,
110,编辑 删除,8889,珠海红牛饮料销售有限公司,华彬销售公司,人力行政-法务-知识产权部,88895443,
111,编辑 删除,8889,珠海红牛饮料销售有限公司,华彬销售公司,人力行政-法务-法律事务部,88895442,
112,编辑 删除,8889,珠海红牛饮料销售有限公司,华彬销售公司,人力行政-法务-公共关系部,88895441,
113,编辑 删除,8889,珠海红牛饮料销售有限公司,华彬销售公司,人力行政中心-法务中心,88895440,
114,编辑 删除,8889,珠海红牛饮料销售有限公司,华彬销售公司,人力行政中心-市场监察部,88895430,
115,编辑 删除,8889,珠海红牛饮料销售有限公司,华彬销售公司,人力行政中心-信息部,88895420,
116,编辑 删除,8889,珠海红牛饮料销售有限公司,华彬销售公司,人力行政-人力-薪酬绩效部,88895413,
117,编辑 删除,8889,珠海红牛饮料销售有限公司,华彬销售公司,人力行政-人力-员工发展部,88895412,
118,编辑 删除,8889,珠海红牛饮料销售有限公司,华彬销售公司,人力行政-人力-人事管理部,88895411,
119,编辑 删除,8889,珠海红牛饮料销售有限公司,华彬销售公司,人力行政中心-人力资源部,88895410,
120,编辑 删除,8889,珠海红牛饮料销售有限公司,华彬销售公司,人力行政中心,88895400,
121,编辑 删除,8889,珠海红牛饮料销售有限公司,华彬销售公司,财务管理中心-珠海财务部,88895350,
122,编辑 删除,8889,珠海红牛饮料销售有限公司,华彬销售公司,财务管理中心-财务分析部,88895340,
123,编辑 删除,8889,珠海红牛饮料销售有限公司,华彬销售公司,财务管理中心-内部审计部,88895330,
124,编辑 删除,8889,珠海红牛饮料销售有限公司,华彬销售公司,财务管理中心-会计核算部,88895320,
125,编辑 删除,8889,珠海红牛饮料销售有限公司,华彬销售公司,财务管理中心-财务管理部,88895310,
126,编辑 删除,8889,珠海红牛饮料销售有限公司,华彬销售公司,财务管理中心,88895300,
127,编辑 删除,8889,珠海红牛饮料销售有限公司,华彬销售公司,品牌-活动-活动开发部,88895242,
128,编辑 删除,8889,珠海红牛饮料销售有限公司,华彬销售公司,品牌-活动-内容制作部,88895241,
129,编辑 删除,8889,珠海红牛饮料销售有限公司,华彬销售公司,品牌管理中心-活动管理部,88895240,
130,编辑 删除,8889,珠海红牛饮料销售有限公司,华彬销售公司,品牌管理中心-市场研究部,88895230,
131,编辑 删除,8889,珠海红牛饮料销售有限公司,华彬销售公司,品牌-媒介部-广告合作部,88895222,
132,编辑 删除,8889,珠海红牛饮料销售有限公司,华彬销售公司,品牌-媒介部-内容营销部,88895221,
133,编辑 删除,8889,珠海红牛饮料销售有限公司,华彬销售公司,品牌管理中心-媒介部,88895220,
134,编辑 删除,8889,珠海红牛饮料销售有限公司,华彬销售公司,品牌-品牌部-策略部,88895212,
135,编辑 删除,8889,珠海红牛饮料销售有限公司,华彬销售公司,品牌-品牌部-品牌部,88895211,
136,编辑 删除,8889,珠海红牛饮料销售有限公司,华彬销售公司,品牌管理中心-品牌部,88895210,
137,编辑 删除,8889,珠海红牛饮料销售有限公司,华彬销售公司,品牌管理中心,88895200,
138,编辑 删除,8889,珠海红牛饮料销售有限公司,华彬销售公司,营销-信息-营销支持管理部,88895132,
139,编辑 删除,8889,珠海红牛饮料销售有限公司,华彬销售公司,营销-信息-销售信息管理部,88895131,
140,编辑 删除,8889,珠海红牛饮料销售有限公司,华彬销售公司,营销管理中心-营销信息管理部,88895130,
141,编辑 删除,8889,珠海红牛饮料销售有限公司,华彬销售公司,营销-市场-促销管理部,88895124,
142,编辑 删除,8889,珠海红牛饮料销售有限公司,华彬销售公司,营销-市场-品牌推广部,88895123,
143,编辑 删除,8889,珠海红牛饮料销售有限公司,华彬销售公司,营销-市场-产品推广部,88895122,
144,编辑 删除,8889,珠海红牛饮料销售有限公司,华彬销售公司,营销-市场-区域市场部,88895121,
145,编辑 删除,8889,珠海红牛饮料销售有限公司,华彬销售公司,营销管理中心-市场管理部,88895120,
146,编辑 删除,8889,珠海红牛饮料销售有限公司,华彬销售公司,营销-销售-重点客户部,88895115,
147,编辑 删除,8889,珠海红牛饮料销售有限公司,华彬销售公司,营销-销售-现代渠道部,88895114,
148,编辑 删除,8889,珠海红牛饮料销售有限公司,华彬销售公司,营销-销售-终端管理部,88895113,
149,编辑 删除,8889,珠海红牛饮料销售有限公司,华彬销售公司,营销-销售-通路管理部,88895112,
150,编辑 删除,8889,珠海红牛饮料销售有限公司,华彬销售公司,营销-销售-区域销售管理部,88895111,
151,编辑 删除,8889,珠海红牛饮料销售有限公司,华彬销售公司,营销管理中心-销售管理部,88895110,
152,编辑 删除,8889,珠海红牛饮料销售有限公司,华彬销售公司,营销管理中心,88895100,
153,编辑 删除,8889,珠海红牛饮料销售有限公司,华彬销售公司,珠海红牛饮料销售公司-战马,88894001,
154,编辑 删除,8889,珠海红牛饮料销售有限公司,华彬销售公司,珠海红牛饮料销售公司-VOSS,88893001,
155,编辑 删除,8889,珠海红牛饮料销售有限公司,华彬销售公司,行政中心-培训发展部,88892740,
156,编辑 删除,8889,珠海红牛饮料销售有限公司,华彬销售公司,行政中心-人事管理部,88892730,
157,编辑 删除,8889,珠海红牛饮料销售有限公司,华彬销售公司,行政中心-行政管理部,88892720,
158,编辑 删除,8889,珠海红牛饮料销售有限公司,华彬销售公司,行政中心-法务公关部,88892710,
159,编辑 删除,8889,珠海红牛饮料销售有限公司,华彬销售公司,生产中心-供应储运部,88892630,
160,编辑 删除,8889,珠海红牛饮料销售有限公司,华彬销售公司,珠海财务部-会计核算部,88892520,
161,编辑 删除,8889,珠海红牛饮料销售有限公司,华彬销售公司,财务中心-财务管理部,88892510,
162,编辑 删除,8889,珠海红牛饮料销售有限公司,华彬销售公司,渠道-渠道推广部,88892403,
163,编辑 删除,8889,珠海红牛饮料销售有限公司,华彬销售公司,营销中心-渠道管理部,88892400,
164,编辑 删除,8889,珠海红牛饮料销售有限公司,华彬销售公司,市场-体育营销部,88892320,
165,编辑 删除,8889,珠海红牛饮料销售有限公司,华彬销售公司,市场-品牌-媒介部,88892311,
166,编辑 删除,8889,珠海红牛饮料销售有限公司,华彬销售公司,销售-南部大区,88892205,
167,编辑 删除,8889,珠海红牛饮料销售有限公司,华彬销售公司,营销中心-销售管理部,88892200,
168,编辑 删除,8889,珠海红牛饮料销售有限公司,华彬销售公司,总经办-消费者中心,88892104,
169,编辑 删除,8889,珠海红牛饮料销售有限公司,华彬销售公司,珠海红牛饮料销售公司-果倍爽,88892001,
170,编辑 删除,8889,珠海红牛饮料销售有限公司,华彬销售公司,废弃-珠海红牛饮料销售公司-百仕欣,88892000,
171,编辑 删除,8889,珠海红牛饮料销售有限公司,华彬销售公司,珠海红牛饮料销售公司-可可,88891001,
172,编辑 删除,8889,珠海红牛饮料销售有限公司,华彬销售公司,废弃-珠海红牛饮料销售公司-可可,88891000,
173,编辑 删除,8889,珠海红牛饮料销售有限公司,华彬销售公司,珠海红牛饮料销售公司,88890000,
174,编辑 删除,8888,北京红牛饮料销售有限公司,华彬销售公司,销售总公司综合中心,88889999,
175,编辑 删除,8888,北京红牛饮料销售有限公司,华彬销售公司,销售总公司渠道促销品,88889002,
176,编辑 删除,8888,北京红牛饮料销售有限公司,华彬销售公司,销售总公司促销活动,88889001,
177,编辑 删除,8888,北京红牛饮料销售有限公司,华彬销售公司,销售总公司饮料换资源,88889000,
178,编辑 删除,8888,北京红牛饮料销售有限公司,华彬销售公司,销售总公司-南部结算中心,88888889,
179,编辑 删除,8888,北京红牛饮料销售有限公司,华彬销售公司,销售总公司公用中心,88888888,
180,编辑 删除,8888,北京红牛饮料销售有限公司,华彬销售公司,销售总公司-江苏宜兴基地,88888886,
181,编辑 删除,8888,北京红牛饮料销售有限公司,华彬销售公司,销售总公司-佛山基地,88888885,
182,编辑 删除,8888,北京红牛饮料销售有限公司,华彬销售公司,销售总公司-湖北基地,88888883,
183,编辑 删除,8888,北京红牛饮料销售有限公司,华彬销售公司,销售总公司-湖北基地,88888882,
184,编辑 删除,8888,北京红牛饮料销售有限公司,华彬销售公司,销售总公司-北京基地,88888880,
185,编辑 删除,8888,北京红牛饮料销售有限公司,华彬销售公司,销售总公司-川东代表处,88888843,
186,编辑 删除,8888,北京红牛饮料销售有限公司,华彬销售公司,销售总公司-金丽衢代表处,88888841,
187,编辑 删除,8888,北京红牛饮料销售有限公司,华彬销售公司,销售总公司-浙南代表处,88888840,
188,编辑 删除,8888,北京红牛饮料销售有限公司,华彬销售公司,销售总公司-豫南代表处,88888839,
189,编辑 删除,8888,北京红牛饮料销售有限公司,华彬销售公司,销售总公司-粤西代表处,88888838,
190,编辑 删除,8888,北京红牛饮料销售有限公司,华彬销售公司,销售总公司-南疆处,88888837,
191,编辑 删除,8888,北京红牛饮料销售有限公司,华彬销售公司,销售总公司-实业公司,88888836,
192,编辑 删除,8888,北京红牛饮料销售有限公司,华彬销售公司,销售总公司-新疆公司,88888835,
193,编辑 删除,8888,北京红牛饮料销售有限公司,华彬销售公司,销售总公司-宁夏公司,88888834,
194,编辑 删除,8888,北京红牛饮料销售有限公司,华彬销售公司,销售总公司-青海处,88888833,
195,编辑 删除,8888,北京红牛饮料销售有限公司,华彬销售公司,销售总公司-西藏华美,88888832,
196,编辑 删除,8888,北京红牛饮料销售有限公司,华彬销售公司,销售总公司-甘肃公司,88888831,
197,编辑 删除,8888,北京红牛饮料销售有限公司,华彬销售公司,销售总公司-陕西公司,88888830,
198,编辑 删除,8888,北京红牛饮料销售有限公司,华彬销售公司,销售总公司-重庆公司,88888829,
199,编辑 删除,8888,北京红牛饮料销售有限公司,华彬销售公司,销售总公司-贵阳公司,88888828,
200,编辑 删除,8888,北京红牛饮料销售有限公司,华彬销售公司,销售总公司-云南公司,88888827,
201,编辑 删除,8888,北京红牛饮料销售有限公司,华彬销售公司,销售总公司-成都公司,88888826,
202,编辑 删除,8888,北京红牛饮料销售有限公司,华彬销售公司,销售总公司-海南公司,88888825,
203,编辑 删除,8888,北京红牛饮料销售有限公司,华彬销售公司,销售总公司-粤东代表处,88888824,
204,编辑 删除,8888,北京红牛饮料销售有限公司,华彬销售公司,销售总公司-湖南公司,88888823,
205,编辑 删除,8888,北京红牛饮料销售有限公司,华彬销售公司,销售总公司-深圳公司,88888822,
206,编辑 删除,8888,北京红牛饮料销售有限公司,华彬销售公司,销售总公司-南宁公司,88888821,
207,编辑 删除,8888,北京红牛饮料销售有限公司,华彬销售公司,销售总公司-广州公司,88888820,
208,编辑 删除,8888,北京红牛饮料销售有限公司,华彬销售公司,销售总公司-上海公司,88888819,
209,编辑 删除,8888,北京红牛饮料销售有限公司,华彬销售公司,销售总公司-杭州公司,88888818,
210,编辑 删除,8888,北京红牛饮料销售有限公司,华彬销售公司,销售总公司-福建公司,88888817,
211,编辑 删除,8888,北京红牛饮料销售有限公司,华彬销售公司,销售总公司-安徽公司,88888816,
212,编辑 删除,8888,北京红牛饮料销售有限公司,华彬销售公司,销售总公司-南京公司,88888815,
213,编辑 删除,8888,北京红牛饮料销售有限公司,华彬销售公司,销售总公司-青岛代表处,88888814,
214,编辑 删除,8888,北京红牛饮料销售有限公司,华彬销售公司,销售总公司-苏北代表,88888813,
215,编辑 删除,8888,北京红牛饮料销售有限公司,华彬销售公司,销售总公司-山东公司,88888812,
216,编辑 删除,8888,北京红牛饮料销售有限公司,华彬销售公司,销售总公司-南昌公司,88888811,
217,编辑 删除,8888,北京红牛饮料销售有限公司,华彬销售公司,销售总公司-武汉公司,88888810,
218,编辑 删除,8888,北京红牛饮料销售有限公司,华彬销售公司,销售总公司-河南公司,88888809,
219,编辑 删除,8888,北京红牛饮料销售有限公司,华彬销售公司,销售总公司-哈尔滨分,88888808,
220,编辑 删除,8888,北京红牛饮料销售有限公司,华彬销售公司,销售总公司-辽宁公司,88888806,
221,编辑 删除,8888,北京红牛饮料销售有限公司,华彬销售公司,销售总公司-内蒙处,88888805,
222,编辑 删除,8888,北京红牛饮料销售有限公司,华彬销售公司,销售总公司-山西处,88888804,
223,编辑 删除,8888,北京红牛饮料销售有限公司,华彬销售公司,销售总公司-天津处,88888803,
224,编辑 删除,8888,北京红牛饮料销售有限公司,华彬销售公司,销售总公司-河北处,88888802,
225,编辑 删除,8888,北京红牛饮料销售有限公司,华彬销售公司,销售总公司-北京公司,88888801,
226,编辑 删除,8888,北京红牛饮料销售有限公司,华彬销售公司,销售总公司-吉林分公司,88888707,
227,编辑 删除,8888,北京红牛饮料销售有限公司,华彬销售公司,销售总公司-青岛分公司,88888644,
228,编辑 删除,8888,北京红牛饮料销售有限公司,华彬销售公司,销售总公司-汕头分公司,88888642,
229,编辑 删除,8888,北京红牛饮料销售有限公司,华彬销售公司,珠海销售总公司-金华公司,88888641,
230,编辑 删除,8888,北京红牛饮料销售有限公司,华彬销售公司,销售总公司-温州分公司,88888640,
231,编辑 删除,8888,北京红牛饮料销售有限公司,华彬销售公司,销售总公司-湛江分公司,88888638,
232,编辑 删除,8888,北京红牛饮料销售有限公司,华彬销售公司,销售总公司-南疆分公司,88888637,
233,编辑 删除,8888,北京红牛饮料销售有限公司,华彬销售公司,销售总公司-东莞公司,88888636,
234,编辑 删除,8888,北京红牛饮料销售有限公司,华彬销售公司,销售总公司-宁夏公司,88888634,
235,编辑 删除,8888,北京红牛饮料销售有限公司,华彬销售公司,销售总公司-青海公司,88888633,
236,编辑 删除,8888,北京红牛饮料销售有限公司,华彬销售公司,销售总公司-陕西公司,88888630,
237,编辑 删除,8888,北京红牛饮料销售有限公司,华彬销售公司,销售总公司-重庆公司,88888629,
238,编辑 删除,8888,北京红牛饮料销售有限公司,华彬销售公司,销售总公司-贵州公司,88888628,
239,编辑 删除,8888,北京红牛饮料销售有限公司,华彬销售公司,销售总公司-海南公司,88888625,
240,编辑 删除,8888,北京红牛饮料销售有限公司,华彬销售公司,销售总公司-粤东分公司,88888624,
241,编辑 删除,8888,北京红牛饮料销售有限公司,华彬销售公司,销售总公司-湖南公司,88888623,
242,编辑 删除,8888,北京红牛饮料销售有限公司,华彬销售公司,销售总公司-南宁公司,88888621,
243,编辑 删除,8888,北京红牛饮料销售有限公司,华彬销售公司,销售总公司-福建公司,88888617,
244,编辑 删除,8888,北京红牛饮料销售有限公司,华彬销售公司,销售总公司-安徽公司,88888616,
245,编辑 删除,8888,北京红牛饮料销售有限公司,华彬销售公司,销售总公司-苏北分公司,88888613,
246,编辑 删除,8888,北京红牛饮料销售有限公司,华彬销售公司,销售总公司-山东公司,88888612,
247,编辑 删除,8888,北京红牛饮料销售有限公司,华彬销售公司,销售总公司-江西公司,88888611,
248,编辑 删除,8888,北京红牛饮料销售有限公司,华彬销售公司,销售总公司-武汉公司,88888610,
249,编辑 删除,8888,北京红牛饮料销售有限公司,华彬销售公司,销售总公司-河南公司,88888609,
250,编辑 删除,8888,北京红牛饮料销售有限公司,华彬销售公司,销售总公司-哈尔滨分,88888608,
251,编辑 删除,8888,北京红牛饮料销售有限公司,华彬销售公司,销售总公司-吉林代表处,88888607,
252,编辑 删除,8888,北京红牛饮料销售有限公司,华彬销售公司,销售总公司-辽宁公司,88888606,
253,编辑 删除,8888,北京红牛饮料销售有限公司,华彬销售公司,销售总公司-内蒙分公司,88888605,
254,编辑 删除,8888,北京红牛饮料销售有限公司,华彬销售公司,销售总公司-山西分公司,88888604,
255,编辑 删除,8888,北京红牛饮料销售有限公司,华彬销售公司,销售总公司-天津分,88888603,
256,编辑 删除,8888,北京红牛饮料销售有限公司,华彬销售公司,销售总公司-河北分公司,88888602,
257,编辑 删除,8888,北京红牛饮料销售有限公司,华彬销售公司,功能饮料事业部-新营销管理部,88888150,
258,编辑 删除,8888,北京红牛饮料销售有限公司,华彬销售公司,功能饮料事业部-战马拓展部,88888140,
259,编辑 删除,8888,北京红牛饮料销售有限公司,华彬销售公司,功能饮料事业部-品牌-品牌产品发展部,88888133,
260,编辑 删除,8888,北京红牛饮料销售有限公司,华彬销售公司,功能饮料事业部-品牌-信息部,88888132,
261,编辑 删除,8888,北京红牛饮料销售有限公司,华彬销售公司,功能饮料事业部-品牌-体育营销部,88888131,
262,编辑 删除,8888,北京红牛饮料销售有限公司,华彬销售公司,功能饮料事业部-品牌管理部,88888130,
263,编辑 删除,8888,北京红牛饮料销售有限公司,华彬销售公司,功能饮料事业部-市场-区域市场部,88888122,
264,编辑 删除,8888,北京红牛饮料销售有限公司,华彬销售公司,功能饮料事业部-市场-促销管理部,88888121,
265,编辑 删除,8888,北京红牛饮料销售有限公司,华彬销售公司,功能饮料事业部-市场管理部,88888120,
266,编辑 删除,8888,北京红牛饮料销售有限公司,华彬销售公司,功能饮料事业部-销售-通路管理部,88888115,
267,编辑 删除,8888,北京红牛饮料销售有限公司,华彬销售公司,功能饮料事业部-销售-销售支持部,88888114,
268,编辑 删除,8888,北京红牛饮料销售有限公司,华彬销售公司,功能饮料事业部-销售-现代渠道部,88888113,
269,编辑 删除,8888,北京红牛饮料销售有限公司,华彬销售公司,功能饮料事业部-销售-渠道管理部,88888112,
270,编辑 删除,8888,北京红牛饮料销售有限公司,华彬销售公司,功能饮料事业部-销售-区域管理部,88888111,
271,编辑 删除,8888,北京红牛饮料销售有限公司,华彬销售公司,功能饮料事业部-销售管理部,88888110,
272,编辑 删除,8888,北京红牛饮料销售有限公司,华彬销售公司,功能饮料事业部,88888100,
273,编辑 删除,8888,北京红牛饮料销售有限公司,华彬销售公司,华彬庄园,88888014,
274,编辑 删除,8888,北京红牛饮料销售有限公司,华彬销售公司,华彬剧院,88888013,
275,编辑 删除,8888,北京红牛饮料销售有限公司,华彬销售公司,华彬航空,88888012,
276,编辑 删除,8888,北京红牛饮料销售有限公司,华彬销售公司,华彬大业,88888011,
277,编辑 删除,8888,北京红牛饮料销售有限公司,华彬销售公司,华彬文化体育,88888010,
278,编辑 删除,8888,北京红牛饮料销售有限公司,华彬销售公司,集团学院,88888009,
279,编辑 删除,8888,北京红牛饮料销售有限公司,华彬销售公司,销售总公司集团信息中心,88888008,
280,编辑 删除,8888,北京红牛饮料销售有限公司,华彬销售公司,集团董办,88888007,
281,编辑 删除,8888,北京红牛饮料销售有限公司,华彬销售公司,集团经研室,88888006,
282,编辑 删除,8888,北京红牛饮料销售有限公司,华彬销售公司,集团人力资源部,88888005,
283,编辑 删除,8888,北京红牛饮料销售有限公司,华彬销售公司,集团计划财务部,88888004,
284,编辑 删除,8888,北京红牛饮料销售有限公司,华彬销售公司,集团项目部,88888003,
285,编辑 删除,8888,北京红牛饮料销售有限公司,华彬销售公司,集团资金部,88888002,
286,编辑 删除,8888,北京红牛饮料销售有限公司,华彬销售公司,集团总裁办,88888001,
287,编辑 删除,8888,北京红牛饮料销售有限公司,华彬销售公司,销售总公司-力美基地,88887070,
288,编辑 删除,8888,北京红牛饮料销售有限公司,华彬销售公司,销售总公司-华彬广东,88886889,
289,编辑 删除,8888,北京红牛饮料销售有限公司,华彬销售公司,销售总公司-西部结算中心,88886886,
290,编辑 删除,8888,北京红牛饮料销售有限公司,华彬销售公司,销售总公司-西部结算中心,88886885,
291,编辑 删除,8888,北京红牛饮料销售有限公司,华彬销售公司,销售总公司-东部结算中心,88886884,
292,编辑 删除,8888,北京红牛饮料销售有限公司,华彬销售公司,销售总公司-厦门基地,88886866,
293,编辑 删除,8888,北京红牛饮料销售有限公司,华彬销售公司,销售总公司-贵阳基地,88886865,
294,编辑 删除,8888,北京红牛饮料销售有限公司,华彬销售公司,销售总公司-VOSS中国,88886864,
295,编辑 删除,8888,北京红牛饮料销售有限公司,华彬销售公司,销售总公司-战马,88886863,
296,编辑 删除,8888,北京红牛饮料销售有限公司,华彬销售公司,销售总公司-芙丝基地,88886862,
297,编辑 删除,8888,北京红牛饮料销售有限公司,华彬销售公司,销售总公司-唯他可可,88886861,
298,编辑 删除,8888,北京红牛饮料销售有限公司,华彬销售公司,销售总公司-百仕欣基地,88886860,
299,编辑 删除,8888,北京红牛饮料销售有限公司,华彬销售公司,销售总公司-青年管理干部学院,88886000,
300,编辑 删除,8888,北京红牛饮料销售有限公司,华彬销售公司,总裁办,88885900,
301,编辑 删除,8888,北京红牛饮料销售有限公司,华彬销售公司,重点客户部-电子商务部,88885840,
302,编辑 删除,8888,北京红牛饮料销售有限公司,华彬销售公司,重点客户部-运营推广部,88885830,
303,编辑 删除,8888,北京红牛饮料销售有限公司,华彬销售公司,重点客户部-特殊渠道部,88885820,
304,编辑 删除,8888,北京红牛饮料销售有限公司,华彬销售公司,重点客户部-现代渠道部,88885810,
305,编辑 删除,8888,北京红牛饮料销售有限公司,华彬销售公司,重点客户部,88885800,
306,编辑 删除,8888,北京红牛饮料销售有限公司,华彬销售公司,区域发展中心,88885700,
307,编辑 删除,8888,北京红牛饮料销售有限公司,华彬销售公司,战略研发-信息管理-开发及数据应用管理部,88885644,
308,编辑 删除,8888,北京红牛饮料销售有限公司,华彬销售公司,战略研发-信息管理-基础架构管理部,88885643,
309,编辑 删除,8888,北京红牛饮料销售有限公司,华彬销售公司,战略研发-信息管理-应用系统管理部,88885642,
310,编辑 删除,8888,北京红牛饮料销售有限公司,华彬销售公司,战略研发-信息管理-数据流程管理部,88885641,
311,编辑 删除,8888,北京红牛饮料销售有限公司,华彬销售公司,战略品牌中心-战略研发-信息管理部,88885640,
312,编辑 删除,8888,北京红牛饮料销售有限公司,华彬销售公司,战略品牌中心-战略研发-品牌公关,88885630,
313,编辑 删除,8888,北京红牛饮料销售有限公司,华彬销售公司,战略品牌中心-战略研发-行业研究部,88885620,
314,编辑 删除,8888,北京红牛饮料销售有限公司,华彬销售公司,战略品牌中心-战略研发-新品战略营销部,88885610,
315,编辑 删除,8888,北京红牛饮料销售有限公司,华彬销售公司,战略品牌中心-战略研发-战略研发,88885600,
316,编辑 删除,8888,北京红牛饮料销售有限公司,华彬销售公司,生产物流中心-生产中心,88885530,
317,编辑 删除,8888,北京红牛饮料销售有限公司,华彬销售公司,生产物流中心-技术管理部,88885520,
318,编辑 删除,8888,北京红牛饮料销售有限公司,华彬销售公司,生产物流-储运部-进口产品运作部,88885514,
319,编辑 删除,8888,北京红牛饮料销售有限公司,华彬销售公司,生产物流-储运部-生产采购部,88885513,
320,编辑 删除,8888,北京红牛饮料销售有限公司,华彬销售公司,生产物流-储运部-物流发运部,88885512,
321,编辑 删除,8888,北京红牛饮料销售有限公司,华彬销售公司,生产物流-储运部-产品配送部,88885511,
322,编辑 删除,8888,北京红牛饮料销售有限公司,华彬销售公司,生产物流中心-储运部,88885510,
323,编辑 删除,8888,北京红牛饮料销售有限公司,华彬销售公司,生产物流中心,88885500,
324,编辑 删除,8888,北京红牛饮料销售有限公司,华彬销售公司,人力行政中心-总裁办,88885470,
325,编辑 删除,8888,北京红牛饮料销售有限公司,华彬销售公司,人力行政中心-行政管理部,88885460,
326,编辑 删除,8888,北京红牛饮料销售有限公司,华彬销售公司,人力行政中心-消费者关系部,88885450,
327,编辑 删除,8888,北京红牛饮料销售有限公司,华彬销售公司,人力行政-法务监察-市场监察部,88885447,
328,编辑 删除,8888,北京红牛饮料销售有限公司,华彬销售公司,人力行政-法务监察-维权公关部,88885446,
329,编辑 删除,8888,北京红牛饮料销售有限公司,华彬销售公司,人力行政-法务监察-合规知产部,88885445,
330,编辑 删除,8888,北京红牛饮料销售有限公司,华彬销售公司,人力行政-法务-稽查维权部,88885444,
331,编辑 删除,8888,北京红牛饮料销售有限公司,华彬销售公司,人力行政-法务-知识产权部,88885443,
332,编辑 删除,8888,北京红牛饮料销售有限公司,华彬销售公司,人力行政-法务-法律事务部,88885442,
333,编辑 删除,8888,北京红牛饮料销售有限公司,华彬销售公司,人力行政-法务-公共关系部,88885441,
334,编辑 删除,8888,北京红牛饮料销售有限公司,华彬销售公司,人力行政中心-法务监察部,88885440,
335,编辑 删除,8888,北京红牛饮料销售有限公司,华彬销售公司,人力行政中心-市场监察部,88885430,
336,编辑 删除,8888,北京红牛饮料销售有限公司,华彬销售公司,人力行政中心-信息部,88885420,
337,编辑 删除,8888,北京红牛饮料销售有限公司,华彬销售公司,人力行政中心-人力-规划部,88885416,
338,编辑 删除,8888,北京红牛饮料销售有限公司,华彬销售公司,人力行政中心-人力-共享服务部,88885415,
339,编辑 删除,8888,北京红牛饮料销售有限公司,华彬销售公司,人力行政中心-人力-业务支持部,88885414,
340,编辑 删除,8888,北京红牛饮料销售有限公司,华彬销售公司,人力行政-人力-薪酬绩效部,88885413,
341,编辑 删除,8888,北京红牛饮料销售有限公司,华彬销售公司,人力行政-人力-员工发展部,88885412,
342,编辑 删除,8888,北京红牛饮料销售有限公司,华彬销售公司,人力行政-人力-人事管理部,88885411,
343,编辑 删除,8888,北京红牛饮料销售有限公司,华彬销售公司,人力行政中心-人力资源部,88885410,
344,编辑 删除,8888,北京红牛饮料销售有限公司,华彬销售公司,人力行政中心,88885400,
345,编辑 删除,8888,北京红牛饮料销售有限公司,华彬销售公司,财务管理中心-芙丝财务部,88885380,
346,编辑 删除,8888,北京红牛饮料销售有限公司,华彬销售公司,财务管理中心-湖北财务部,88885370,
347,编辑 删除,8888,北京红牛饮料销售有限公司,华彬销售公司,财务管理中心-采购管理部,88885360,
348,编辑 删除,8888,北京红牛饮料销售有限公司,华彬销售公司,财务管理中心-珠海财务部,88885350,
349,编辑 删除,8888,北京红牛饮料销售有限公司,华彬销售公司,财务管理中心-财务分析部,88885340,
350,编辑 删除,8888,北京红牛饮料销售有限公司,华彬销售公司,财务管理中心-内部审计部,88885330,
351,编辑 删除,8888,北京红牛饮料销售有限公司,华彬销售公司,财务管理中心-会计核算部,88885320,
352,编辑 删除,8888,北京红牛饮料销售有限公司,华彬销售公司,财务管理中心-财务管理部,88885310,
353,编辑 删除,8888,北京红牛饮料销售有限公司,华彬销售公司,财务管理中心,88885300,
354,编辑 删除,8888,北京红牛饮料销售有限公司,华彬销售公司,战略品牌中心-国际事务部,88885260,
355,编辑 删除,8888,北京红牛饮料销售有限公司,华彬销售公司,战略品牌中心-公关部,88885250,
356,编辑 删除,8888,北京红牛饮料销售有限公司,华彬销售公司,战略品牌-活动-活动开发部,88885242,
357,编辑 删除,8888,北京红牛饮料销售有限公司,华彬销售公司,战略品牌-活动-内容制作部,88885241,
358,编辑 删除,8888,北京红牛饮料销售有限公司,华彬销售公司,战略品牌中心-活动管理部,88885240,
359,编辑 删除,8888,北京红牛饮料销售有限公司,华彬销售公司,战略品牌中心-市场研究部,88885230,
360,编辑 删除,8888,北京红牛饮料销售有限公司,华彬销售公司,战略品牌-媒介管理-互动营销部,88885223,
361,编辑 删除,8888,北京红牛饮料销售有限公司,华彬销售公司,战略品牌-媒介管理-广告合作部,88885222,
362,编辑 删除,8888,北京红牛饮料销售有限公司,华彬销售公司,战略品牌-媒介管理-内容营销部,88885221,
363,编辑 删除,8888,北京红牛饮料销售有限公司,华彬销售公司,战略品牌中心-媒介管理部,88885220,
364,编辑 删除,8888,北京红牛饮料销售有限公司,华彬销售公司,战略品牌-品牌管理-体育营销,88885213,
365,编辑 删除,8888,北京红牛饮料销售有限公司,华彬销售公司,战略品牌-品牌管理-内容营销,88885212,
366,编辑 删除,8888,北京红牛饮料销售有限公司,华彬销售公司,战略品牌-品牌管理-品牌发展,88885211,
367,编辑 删除,8888,北京红牛饮料销售有限公司,华彬销售公司,战略品牌中心-品牌管理部,88885210,
368,编辑 删除,8888,北京红牛饮料销售有限公司,华彬销售公司,战略品牌中心-品牌,88885200,
369,编辑 删除,8888,北京红牛饮料销售有限公司,华彬销售公司,营销管理中心-产品管理部-特殊渠道,88885143,
370,编辑 删除,8888,北京红牛饮料销售有限公司,华彬销售公司,营销管理中心-产品管理部-果倍爽产品部,88885142,
371,编辑 删除,8888,北京红牛饮料销售有限公司,华彬销售公司,营销管理中心-产品管理部-可可,88885141,
372,编辑 删除,8888,北京红牛饮料销售有限公司,华彬销售公司,营销管理中心-产品管理部,88885140,
373,编辑 删除,8888,北京红牛饮料销售有限公司,华彬销售公司,营销-信息-营销支持管理部,88885132,
374,编辑 删除,8888,北京红牛饮料销售有限公司,华彬销售公司,营销-信息-销售信息管理部,88885131,
375,编辑 删除,8888,北京红牛饮料销售有限公司,华彬销售公司,营销管理中心-营销信息管理部,88885130,
376,编辑 删除,8888,北京红牛饮料销售有限公司,华彬销售公司,营销-市场-促销管理部,88885124,
377,编辑 删除,8888,北京红牛饮料销售有限公司,华彬销售公司,营销-市场-品牌推广部,88885123,
378,编辑 删除,8888,北京红牛饮料销售有限公司,华彬销售公司,营销-市场-产品推广部,88885122,
379,编辑 删除,8888,北京红牛饮料销售有限公司,华彬销售公司,营销-市场-区域市场部,88885121,
380,编辑 删除,8888,北京红牛饮料销售有限公司,华彬销售公司,营销管理中心-市场管理部,88885120,
381,编辑 删除,8888,北京红牛饮料销售有限公司,华彬销售公司,营销-销售-重点客户部,88885115,
382,编辑 删除,8888,北京红牛饮料销售有限公司,华彬销售公司,营销-销售-现代渠道部,88885114,
383,编辑 删除,8888,北京红牛饮料销售有限公司,华彬销售公司,营销-销售-终端管理部,88885113,
384,编辑 删除,8888,北京红牛饮料销售有限公司,华彬销售公司,营销-销售-通路管理部,88885112,
385,编辑 删除,8888,北京红牛饮料销售有限公司,华彬销售公司,营销-销售-区域销售管理部,88885111,
386,编辑 删除,8888,北京红牛饮料销售有限公司,华彬销售公司,营销管理中心-销售管理部,88885110,
387,编辑 删除,8888,北京红牛饮料销售有限公司,华彬销售公司,营销管理中心,88885100,
388,编辑 删除,8888,北京红牛饮料销售有限公司,华彬销售公司,停用-营销管理指挥中心,88882900,
389,编辑 删除,8888,北京红牛饮料销售有限公司,华彬销售公司,停用-市场监察部,88882800,
390,编辑 删除,8888,北京红牛饮料销售有限公司,华彬销售公司,停用-行政中心-薪酬绩效部,88882750,
391,编辑 删除,8888,北京红牛饮料销售有限公司,华彬销售公司,停用-行政中心-培训发展部,88882740,
392,编辑 删除,8888,北京红牛饮料销售有限公司,华彬销售公司,停用-行政中心-人事管理部,88882730,
393,编辑 删除,8888,北京红牛饮料销售有限公司,华彬销售公司,停用-行政中心-行政管理部,88882720,
394,编辑 删除,8888,北京红牛饮料销售有限公司,华彬销售公司,停用-行政中心-法务公关部,88882710,
395,编辑 删除,8888,北京红牛饮料销售有限公司,华彬销售公司,停用-生产中心-江苏基地,88882660,
396,编辑 删除,8888,北京红牛饮料销售有限公司,华彬销售公司,停用-生产中心-海南基地,88882650,
397,编辑 删除,8888,北京红牛饮料销售有限公司,华彬销售公司,停用-生产中心-产品管理部,88882640,
398,编辑 删除,8888,北京红牛饮料销售有限公司,华彬销售公司,停用-生产中心-供应储运部,88882630,
399,编辑 删除,8888,北京红牛饮料销售有限公司,华彬销售公司,停用-生产中心-湖北基地,88882620,
400,编辑 删除,8888,北京红牛饮料销售有限公司,华彬销售公司,停用-生产中心-北京基地,88882610,
401,编辑 删除,8888,北京红牛饮料销售有限公司,华彬销售公司,停用-财务中心-信息部,88882540,
402,编辑 删除,8888,北京红牛饮料销售有限公司,华彬销售公司,停用-财务中心-内部审计部,88882530,
403,编辑 删除,8888,北京红牛饮料销售有限公司,华彬销售公司,停用-财务中心-会计核算部,88882520,
404,编辑 删除,8888,北京红牛饮料销售有限公司,华彬销售公司,停用-财务中心-财务管理部,88882510,
405,编辑 删除,8888,北京红牛饮料销售有限公司,华彬销售公司,停用-渠道-促销支持部,88882405,
406,编辑 删除,8888,北京红牛饮料销售有限公司,华彬销售公司,停用-渠道-品牌推广部,88882404,
407,编辑 删除,8888,北京红牛饮料销售有限公司,华彬销售公司,停用-渠道-渠道推广部,88882403,
408,编辑 删除,8888,北京红牛饮料销售有限公司,华彬销售公司,停用-渠道-推广支持部,88882402,
409,编辑 删除,8888,北京红牛饮料销售有限公司,华彬销售公司,停用-渠道-区域推广部,88882401,
410,编辑 删除,8888,北京红牛饮料销售有限公司,华彬销售公司,停用-营销中心-渠道管理部,88882400,
411,编辑 删除,8888,北京红牛饮料销售有限公司,华彬销售公司,停用-市场-互动-公关支持部,88882332,
412,编辑 删除,8888,北京红牛饮料销售有限公司,华彬销售公司,停用-市场-互动-互动推广部,88882331,
413,编辑 删除,8888,北京红牛饮料销售有限公司,华彬销售公司,停用-市场-互动营销部,88882330,
414,编辑 删除,8888,北京红牛饮料销售有限公司,华彬销售公司,停用-市场-体育-体育推广部,88882321,
415,编辑 删除,8888,北京红牛饮料销售有限公司,华彬销售公司,停用-市场-体育营销部,88882320,
416,编辑 删除,8888,北京红牛饮料销售有限公司,华彬销售公司,停用-市场-品牌-市场研究部,88882313,
417,编辑 删除,8888,北京红牛饮料销售有限公司,华彬销售公司,停用-市场-品牌-品牌管理部,88882312,
418,编辑 删除,8888,北京红牛饮料销售有限公司,华彬销售公司,停用-市场-品牌-媒介部,88882311,
419,编辑 删除,8888,北京红牛饮料销售有限公司,华彬销售公司,停用-市场-品牌广告部,88882310,
420,编辑 删除,8888,北京红牛饮料销售有限公司,华彬销售公司,停用-营销中心-市场管理部,88882300,
421,编辑 删除,8888,北京红牛饮料销售有限公司,华彬销售公司,销售-东北大区,88882213,
422,编辑 删除,8888,北京红牛饮料销售有限公司,华彬销售公司,销售-中原大区,88882212,
423,编辑 删除,8888,北京红牛饮料销售有限公司,华彬销售公司,销售-西北大区,88882211,
424,编辑 删除,8888,北京红牛饮料销售有限公司,华彬销售公司,停用-销售-新品管理部,88882210,
425,编辑 删除,8888,北京红牛饮料销售有限公司,华彬销售公司,销售-北部大区,88882209,
426,编辑 删除,8888,北京红牛饮料销售有限公司,华彬销售公司,销售-西部大区,88882208,
427,编辑 删除,8888,北京红牛饮料销售有限公司,华彬销售公司,销售-东部大区,88882207,
428,编辑 删除,8888,北京红牛饮料销售有限公司,华彬销售公司,销售-中部大区,88882206,
429,编辑 删除,8888,北京红牛饮料销售有限公司,华彬销售公司,销售-南部大区,88882205,
430,编辑 删除,8888,北京红牛饮料销售有限公司,华彬销售公司,停用-销售-信息内部管理部,88882204,
431,编辑 删除,8888,北京红牛饮料销售有限公司,华彬销售公司,停用-销售-专项管理部,88882203,
432,编辑 删除,8888,北京红牛饮料销售有限公司,华彬销售公司,停用-销售-通路管理部,88882202,
433,编辑 删除,8888,北京红牛饮料销售有限公司,华彬销售公司,停用-销售-区域市场管理部,88882201,
434,编辑 删除,8888,北京红牛饮料销售有限公司,华彬销售公司,停用-营销中心-销售管理部,88882200,
435,编辑 删除,8888,北京红牛饮料销售有限公司,华彬销售公司,停用-总经办-消费者中心,88882104,
436,编辑 删除,8888,北京红牛饮料销售有限公司,华彬销售公司,停用-总经办-行政事务组,88882103,
437,编辑 删除,8888,北京红牛饮料销售有限公司,华彬销售公司,停用-总经办-营销协管组,88882102,
438,编辑 删除,8888,北京红牛饮料销售有限公司,华彬销售公司,停用-总经办-战略信息组,88882101,
439,编辑 删除,8880,红牛维他命饮料有限公司,华彬生产基地,销售总公司综合管理部,88881200,
440,编辑 删除,8888,北京红牛饮料销售有限公司,华彬销售公司,销售总公司东莞办事处,88881002,
441,编辑 删除,8888,北京红牛饮料销售有限公司,华彬销售公司,销售总公司深圳办事处,88881001,
442,编辑 删除,8888,北京红牛饮料销售有限公司,华彬销售公司,销售总公司供应储运部,88880900,
443,编辑 删除,8888,北京红牛饮料销售有限公司,华彬销售公司,销售总公司信息部,88880800,
444,编辑 删除,8888,北京红牛饮料销售有限公司,华彬销售公司,销售总公司法律事务部,88880700,
445,编辑 删除,8888,北京红牛饮料销售有限公司,华彬销售公司,销售总公司人力资源部,88880600,
446,编辑 删除,8888,北京红牛饮料销售有限公司,华彬销售公司,销售总公司体育营销部,88880508,
447,编辑 删除,8888,北京红牛饮料销售有限公司,华彬销售公司,销售总公司市场公关部,88880507,
448,编辑 删除,8888,北京红牛饮料销售有限公司,华彬销售公司,销售总公司消费者中心,88880506,
449,编辑 删除,8888,北京红牛饮料销售有限公司,华彬销售公司,销售总公司市场研究部,88880505,
450,编辑 删除,8888,北京红牛饮料销售有限公司,华彬销售公司,销售总公司媒介管理部,88880504,
451,编辑 删除,8888,北京红牛饮料销售有限公司,华彬销售公司,销售总公司品牌管理部,88880503,
452,编辑 删除,8888,北京红牛饮料销售有限公司,华彬销售公司,销售总公司渠道管理部,88880502,
453,编辑 删除,8888,北京红牛饮料销售有限公司,华彬销售公司,销售总公司市场部本部,88880501,
454,编辑 删除,8888,北京红牛饮料销售有限公司,华彬销售公司,销售总公司销售管理部,88880400,
455,编辑 删除,8888,北京红牛饮料销售有限公司,华彬销售公司,销售总公司财务部,88880300,
456,编辑 删除,8888,北京红牛饮料销售有限公司,华彬销售公司,总公司行政人力中心,88880205,
457,编辑 删除,8888,北京红牛饮料销售有限公司,华彬销售公司,总公司生产运营中心,88880204,
458,编辑 删除,8888,北京红牛饮料销售有限公司,华彬销售公司,总公司财务管理中心,88880203,
459,编辑 删除,8888,北京红牛饮料销售有限公司,华彬销售公司,总公司营销策划中心,88880202,
460,编辑 删除,8888,北京红牛饮料销售有限公司,华彬销售公司,总公司总经办,88880201,
461,编辑 删除,8888,北京红牛饮料销售有限公司,华彬销售公司,总公司总经理,88880200,
462,编辑 删除,8888,北京红牛饮料销售有限公司,华彬销售公司,战马执行总裁,88880107,
463,编辑 删除,8888,北京红牛饮料销售有限公司,华彬销售公司,顾问（执行总裁）,88880106,
464,编辑 删除,8888,北京红牛饮料销售有限公司,华彬销售公司,人力行政执行总裁,88880105,
465,编辑 删除,8888,北京红牛饮料销售有限公司,华彬销售公司,常务执行总裁,88880104,
466,编辑 删除,8888,北京红牛饮料销售有限公司,华彬销售公司,战略品牌执行总裁,88880103,
467,编辑 删除,8888,北京红牛饮料销售有限公司,华彬销售公司,工业执行总裁,88880102,
468,编辑 删除,8888,北京红牛饮料销售有限公司,华彬销售公司,营销执行总裁,88880101,
469,编辑 删除,8888,北京红牛饮料销售有限公司,华彬销售公司,总裁,88880100,
470,编辑 删除,8888,北京红牛饮料销售有限公司,华彬销售公司,北京销售——葡萄酒,88880005,
471,编辑 删除,8888,北京红牛饮料销售有限公司,华彬销售公司,北京销售——战马,88880004,
472,编辑 删除,8888,北京红牛饮料销售有限公司,华彬销售公司,北京销售——VOSS,88880003,
473,编辑 删除,8888,北京红牛饮料销售有限公司,华彬销售公司,北京销售——果倍爽,88880002,
474,编辑 删除,8888,北京红牛饮料销售有限公司,华彬销售公司,北京销售——唯他可可,88880001,
475,编辑 删除,8888,北京红牛饮料销售有限公司,华彬销售公司,华商饮料销售总公司,88880000,
476,编辑 删除,8886,红牛维他命饮料（江苏）有限公司,华彬生产基地,江苏基地-川东代表处,88868843,
477,编辑 删除,8886,红牛维他命饮料（江苏）有限公司,华彬生产基地,江苏基地-豫南代表处,88868839,
478,编辑 删除,8886,红牛维他命饮料（江苏）有限公司,华彬生产基地,江苏基地-深圳分公司,88868836,
479,编辑 删除,8886,红牛维他命饮料（江苏）有限公司,华彬生产基地,江苏基地-新疆分公司,88868835,
480,编辑 删除,8886,红牛维他命饮料（江苏）有限公司,华彬生产基地,江苏基地-西藏,88868832,
481,编辑 删除,8886,红牛维他命饮料（江苏）有限公司,华彬生产基地,江苏基地-甘肃分公司,88868831,
482,编辑 删除,8886,红牛维他命饮料（江苏）有限公司,华彬生产基地,江苏基地-云南分公司,88868827,
483,编辑 删除,8886,红牛维他命饮料（江苏）有限公司,华彬生产基地,江苏基地-成都分公司,88868826,
484,编辑 删除,8886,红牛维他命饮料（江苏）有限公司,华彬生产基地,江苏基地-广州分公司,88868820,
485,编辑 删除,8886,红牛维他命饮料（江苏）有限公司,华彬生产基地,江苏基地-上海分公司,88868819,
486,编辑 删除,8886,红牛维他命饮料（江苏）有限公司,华彬生产基地,江苏基地-浙江分公司,88868818,
487,编辑 删除,8886,红牛维他命饮料（江苏）有限公司,华彬生产基地,江苏基地-南京分公司,88868815,
488,编辑 删除,8886,红牛维他命饮料（江苏）有限公司,华彬生产基地,江苏基地-青岛代表处,88868814,
489,编辑 删除,8886,红牛维他命饮料（江苏）有限公司,华彬生产基地,江苏基地-北京分公司,88868801,
490,编辑 删除,8886,红牛维他命饮料（江苏）有限公司,华彬生产基地,江苏基地-宁夏分公司,88868734,
491,编辑 删除,8886,红牛维他命饮料（江苏）有限公司,华彬生产基地,江苏基地-吉林分公司,88868707,
492,编辑 删除,8886,红牛维他命饮料（江苏）有限公司,华彬生产基地,江苏基地-汕头分公司,88868642,
493,编辑 删除,8886,红牛维他命饮料（江苏）有限公司,华彬生产基地,江苏基地-金华分公司,88868641,
494,编辑 删除,8886,红牛维他命饮料（江苏）有限公司,华彬生产基地,江苏基地-温州分公司,88868640,
495,编辑 删除,8886,红牛维他命饮料（江苏）有限公司,华彬生产基地,江苏基地-湛江分公司,88868638,
496,编辑 删除,8886,红牛维他命饮料（江苏）有限公司,华彬生产基地,江苏基地-南疆分公司,88868637,
497,编辑 删除,8886,红牛维他命饮料（江苏）有限公司,华彬生产基地,江苏基地-东莞分公司,88868636,
498,编辑 删除,8886,红牛维他命饮料（江苏）有限公司,华彬生产基地,江苏基地-青海分公司,88868633,
499,编辑 删除,8886,红牛维他命饮料（江苏）有限公司,华彬生产基地,江苏基地-西藏分公司,88868632,
500,编辑 删除,8886,红牛维他命饮料（江苏）有限公司,华彬生产基地,江苏基地-陕西分公司,88868630,
501,编辑 删除,8886,红牛维他命饮料（江苏）有限公司,华彬生产基地,江苏基地-重庆分公司,88868629,
502,编辑 删除,8886,红牛维他命饮料（江苏）有限公司,华彬生产基地,江苏基地-贵州分公司,88868628,
503,编辑 删除,8886,红牛维他命饮料（江苏）有限公司,华彬生产基地,江苏基地-海南分公司,88868625,
504,编辑 删除,8886,红牛维他命饮料（江苏）有限公司,华彬生产基地,江苏基地-粤东分公司,88868624,
505,编辑 删除,8886,红牛维他命饮料（江苏）有限公司,华彬生产基地,江苏基地-湖南分公司,88868623,
506,编辑 删除,8886,红牛维他命饮料（江苏）有限公司,华彬生产基地,江苏基地-广西分公司,88868621,
507,编辑 删除,8886,红牛维他命饮料（江苏）有限公司,华彬生产基地,江苏基地-福建分公司,88868617,
508,编辑 删除,8886,红牛维他命饮料（江苏）有限公司,华彬生产基地,江苏基地-安徽分公司,88868616,
509,编辑 删除,8886,红牛维他命饮料（江苏）有限公司,华彬生产基地,江苏基地-苏北分公司,88868613,
510,编辑 删除,8886,红牛维他命饮料（江苏）有限公司,华彬生产基地,江苏基地-山东分公司,88868612,
511,编辑 删除,8886,红牛维他命饮料（江苏）有限公司,华彬生产基地,江苏基地-江西分公司,88868611,
512,编辑 删除,8886,红牛维他命饮料（江苏）有限公司,华彬生产基地,江苏基地-湖北分公司,88868610,
513,编辑 删除,8886,红牛维他命饮料（江苏）有限公司,华彬生产基地,江苏基地-河南分公司,88868609,
514,编辑 删除,8886,红牛维他命饮料（江苏）有限公司,华彬生产基地,江苏基地-黑龙江分公司,88868608,
515,编辑 删除,8886,红牛维他命饮料（江苏）有限公司,华彬生产基地,江苏基地-吉林分公司,88868607,
516,编辑 删除,8886,红牛维他命饮料（江苏）有限公司,华彬生产基地,江苏基地-辽宁分公司,88868606,
517,编辑 删除,8886,红牛维他命饮料（江苏）有限公司,华彬生产基地,江苏基地-内蒙古分公司,88868605,
518,编辑 删除,8886,红牛维他命饮料（江苏）有限公司,华彬生产基地,江苏基地-山西分公司,88868604,
519,编辑 删除,8886,红牛维他命饮料（江苏）有限公司,华彬生产基地,江苏基地-天津分公司,88868603,
520,编辑 删除,8886,红牛维他命饮料（江苏）有限公司,华彬生产基地,江苏基地-河北分公司,88868602,
521,编辑 删除,8886,红牛维他命饮料（江苏）有限公司,华彬生产基地,江苏基地仓库- 二期,88863911,
522,编辑 删除,8886,红牛维他命饮料（江苏）有限公司,华彬生产基地,江苏基地储运部- 二期,88863910,
523,编辑 删除,8886,红牛维他命饮料（江苏）有限公司,华彬生产基地,江苏基地仓库- 一期,88863901,
524,编辑 删除,8886,红牛维他命饮料（江苏）有限公司,华彬生产基地,江苏基地储运部- 一期,88863900,
525,编辑 删除,8886,红牛维他命饮料（江苏）有限公司,华彬生产基地,江苏基地安全管理部 二期,88863713,
526,编辑 删除,8886,红牛维他命饮料（江苏）有限公司,华彬生产基地,江苏基地安全管理部 一期,88863703,
527,编辑 删除,8886,红牛维他命饮料（江苏）有限公司,华彬生产基地,江苏基地行政部- 二期,88863610,
528,编辑 删除,8886,红牛维他命饮料（江苏）有限公司,华彬生产基地,江苏基地行政部- 一期,88863600,
529,编辑 删除,8886,红牛维他命饮料（江苏）有限公司,华彬生产基地,江苏基地维修车间- 二期,88863515,
530,编辑 删除,8886,红牛维他命饮料（江苏）有限公司,华彬生产基地,江苏基地配料车间- 二期,88863514,
531,编辑 删除,8886,红牛维他命饮料（江苏）有限公司,华彬生产基地,江苏基地污水车间- 二期,88863513,
532,编辑 删除,8886,红牛维他命饮料（江苏）有限公司,华彬生产基地,江苏基地制水车间-二期,88863512,
533,编辑 删除,8886,红牛维他命饮料（江苏）有限公司,华彬生产基地,江苏基地生产线二期,88863511,
534,编辑 删除,8886,红牛维他命饮料（江苏）有限公司,华彬生产基地,江苏基地生产部- 二期,88863510,
535,编辑 删除,8886,红牛维他命饮料（江苏）有限公司,华彬生产基地,江苏基地维修车间- 一期,88863505,
536,编辑 删除,8886,红牛维他命饮料（江苏）有限公司,华彬生产基地,江苏基地配料车间- 一期,88863504,
537,编辑 删除,8886,红牛维他命饮料（江苏）有限公司,华彬生产基地,江苏基地污水车间- 一期,88863503,
538,编辑 删除,8886,红牛维他命饮料（江苏）有限公司,华彬生产基地,江苏基地制水车间-一期,88863502,
539,编辑 删除,8886,红牛维他命饮料（江苏）有限公司,华彬生产基地,江苏基地生产线一期,88863501,
540,编辑 删除,8886,红牛维他命饮料（江苏）有限公司,华彬生产基地,江苏基地生产部- 一期,88863500,
541,编辑 删除,8886,红牛维他命饮料（江苏）有限公司,华彬生产基地,江苏基地财务部二期,88863310,
542,编辑 删除,8886,红牛维他命饮料（江苏）有限公司,华彬生产基地,江苏基地财务部一期,88863300,
543,编辑 删除,8886,红牛维他命饮料（江苏）有限公司,华彬生产基地,江苏基地化验室二期,88863212,
544,编辑 删除,8886,红牛维他命饮料（江苏）有限公司,华彬生产基地,江苏基地品管部-二期,88863211,
545,编辑 删除,8886,红牛维他命饮料（江苏）有限公司,华彬生产基地,江苏基地化验室一期,88863202,
546,编辑 删除,8886,红牛维他命饮料（江苏）有限公司,华彬生产基地,江苏基地品管部,88863201,
547,编辑 删除,8886,红牛维他命饮料（江苏）有限公司,华彬生产基地,江苏基地领导- 二期,88863110,
548,编辑 删除,8886,红牛维他命饮料（江苏）有限公司,华彬生产基地,江苏基地领导- 一期,88863100,
549,编辑 删除,8886,红牛维他命饮料（江苏）有限公司,华彬生产基地,江苏生产基地-二期,88863010,
550,编辑 删除,8886,红牛维他命饮料（江苏）有限公司,华彬生产基地,江苏生产基地-一期,88863000,
551,编辑 删除,8885,广东红牛维他命饮料有限公司,华彬生产基地,佛山基地-川东代表处,88858843,
552,编辑 删除,8885,广东红牛维他命饮料有限公司,华彬生产基地,佛山基地-豫南代表处,88858839,
553,编辑 删除,8885,广东红牛维他命饮料有限公司,华彬生产基地,佛山基地-深圳公司,88858836,
554,编辑 删除,8885,广东红牛维他命饮料有限公司,华彬生产基地,佛山基地-新疆分公司,88858835,
555,编辑 删除,8885,广东红牛维他命饮料有限公司,华彬生产基地,佛山基地-甘肃分公司,88858831,
556,编辑 删除,8885,广东红牛维他命饮料有限公司,华彬生产基地,佛山基地-云南分公司,88858827,
557,编辑 删除,8885,广东红牛维他命饮料有限公司,华彬生产基地,佛山基地-成都分公司,88858826,
558,编辑 删除,8885,广东红牛维他命饮料有限公司,华彬生产基地,固定基地-粤东代表处,88858824,
559,编辑 删除,8885,广东红牛维他命饮料有限公司,华彬生产基地,广东基地-广州公司,88858820,
560,编辑 删除,8885,广东红牛维他命饮料有限公司,华彬生产基地,佛山基地-上海分公司,88858819,
561,编辑 删除,8885,广东红牛维他命饮料有限公司,华彬生产基地,佛山基地-杭州公司,88858818,
562,编辑 删除,8885,广东红牛维他命饮料有限公司,华彬生产基地,佛山基地-南京分公司,88858815,
563,编辑 删除,8885,广东红牛维他命饮料有限公司,华彬生产基地,佛山基地-青岛代表处,88858814,
564,编辑 删除,8885,广东红牛维他命饮料有限公司,华彬生产基地,佛山基地-北京分公司,88858801,
565,编辑 删除,8885,广东红牛维他命饮料有限公司,华彬生产基地,佛山基地-宁夏分公司,88858734,
566,编辑 删除,8885,广东红牛维他命饮料有限公司,华彬生产基地,佛山基地-吉林分公司,88858707,
567,编辑 删除,8885,广东红牛维他命饮料有限公司,华彬生产基地,佛山基地-汕头公司,88858642,
568,编辑 删除,8885,广东红牛维他命饮料有限公司,华彬生产基地,佛山基地-金华分公司,88858641,
569,编辑 删除,8885,广东红牛维他命饮料有限公司,华彬生产基地,佛山基地-温州分公司,88858640,
570,编辑 删除,8885,广东红牛维他命饮料有限公司,华彬生产基地,佛山基地-湛江分公司,88858638,
571,编辑 删除,8885,广东红牛维他命饮料有限公司,华彬生产基地,佛山基地-南疆分公司,88858637,
572,编辑 删除,8885,广东红牛维他命饮料有限公司,华彬生产基地,佛山基地-东莞公司,88858636,
573,编辑 删除,8885,广东红牛维他命饮料有限公司,华彬生产基地,佛山基地-青海分公司,88858633,
574,编辑 删除,8885,广东红牛维他命饮料有限公司,华彬生产基地,佛山基地-西藏分公司,88858632,
575,编辑 删除,8885,广东红牛维他命饮料有限公司,华彬生产基地,佛山基地-陕西分公司,88858630,
576,编辑 删除,8885,广东红牛维他命饮料有限公司,华彬生产基地,佛山基地-重庆分公司,88858629,
577,编辑 删除,8885,广东红牛维他命饮料有限公司,华彬生产基地,佛山基地-贵州分公司,88858628,
578,编辑 删除,8885,广东红牛维他命饮料有限公司,华彬生产基地,佛山基地-海南公司,88858625,
579,编辑 删除,8885,广东红牛维他命饮料有限公司,华彬生产基地,佛山基地-湖南公司,88858623,
580,编辑 删除,8885,广东红牛维他命饮料有限公司,华彬生产基地,佛山基地-广西公司,88858621,
581,编辑 删除,8885,广东红牛维他命饮料有限公司,华彬生产基地,佛山基地-福建公司,88858617,
582,编辑 删除,8885,广东红牛维他命饮料有限公司,华彬生产基地,佛山基地-安徽分公司,88858616,
583,编辑 删除,8885,广东红牛维他命饮料有限公司,华彬生产基地,佛山基地-苏北分公司,88858613,
584,编辑 删除,8885,广东红牛维他命饮料有限公司,华彬生产基地,佛山基地-山东分公司,88858612,
585,编辑 删除,8885,广东红牛维他命饮料有限公司,华彬生产基地,佛山基地-江西公司,88858611,
586,编辑 删除,8885,广东红牛维他命饮料有限公司,华彬生产基地,佛山基地-湖北分公司,88858610,
587,编辑 删除,8885,广东红牛维他命饮料有限公司,华彬生产基地,佛山基地-河南分公司,88858609,
588,编辑 删除,8885,广东红牛维他命饮料有限公司,华彬生产基地,佛山基地-黑龙江分公司,88858608,
589,编辑 删除,8885,广东红牛维他命饮料有限公司,华彬生产基地,佛山基地-辽宁分公司,88858606,
590,编辑 删除,8885,广东红牛维他命饮料有限公司,华彬生产基地,佛山基地-内蒙古分公司,88858605,
591,编辑 删除,8885,广东红牛维他命饮料有限公司,华彬生产基地,佛山基地-山西分公司,88858604,
592,编辑 删除,8885,广东红牛维他命饮料有限公司,华彬生产基地,佛山基地-天津分公司,88858603,
593,编辑 删除,8885,广东红牛维他命饮料有限公司,华彬生产基地,佛山基地-河北分公司,88858602,
594,编辑 删除,8885,广东红牛维他命饮料有限公司,华彬生产基地,佛山生产基地-委外,88858594,
595,编辑 删除,8885,广东红牛维他命饮料有限公司,华彬生产基地,广东大区管委会-三期,88858029,
596,编辑 删除,8885,广东红牛维他命饮料有限公司,华彬生产基地,广东大区终端项目组-三期,88858028,
597,编辑 删除,8885,广东红牛维他命饮料有限公司,华彬生产基地,集团董办-三期,88858027,
598,编辑 删除,8885,广东红牛维他命饮料有限公司,华彬生产基地,广东大区管委会-新线,88858019,
599,编辑 删除,8885,广东红牛维他命饮料有限公司,华彬生产基地,广东大区终端项目组-新线,88858018,
600,编辑 删除,8885,广东红牛维他命饮料有限公司,华彬生产基地,集团董办-新线,88858017,
601,编辑 删除,8885,广东红牛维他命饮料有限公司,华彬生产基地,广东大区管委会,88858009,
602,编辑 删除,8885,广东红牛维他命饮料有限公司,华彬生产基地,广东大区终端项目组,88858008,
603,编辑 删除,8885,广东红牛维他命饮料有限公司,华彬生产基地,集团董办,88858007,
604,编辑 删除,8885,广东红牛维他命饮料有限公司,华彬生产基地,佛山基地糖厂车间-三期,88855020,
605,编辑 删除,8885,广东红牛维他命饮料有限公司,华彬生产基地,佛山基地糖厂车间-新线,88855010,
606,编辑 删除,8885,广东红牛维他命饮料有限公司,华彬生产基地,佛山基地制糖车间-液态糖,88855001,
607,编辑 删除,8885,广东红牛维他命饮料有限公司,华彬生产基地,佛山基地糖厂车间,88855000,
608,编辑 删除,8885,广东红牛维他命饮料有限公司,华彬生产基地,佛山基地奥瑞金制罐-三期,88854020,
609,编辑 删除,8885,广东红牛维他命饮料有限公司,华彬生产基地,佛山基地奥瑞金制罐-新线,88854010,
610,编辑 删除,8885,广东红牛维他命饮料有限公司,华彬生产基地,佛山基地奥瑞金制罐,88854000,
611,编辑 删除,8885,广东红牛维他命饮料有限公司,华彬生产基地,佛山基地仓库-三期,88853921,
612,编辑 删除,8885,广东红牛维他命饮料有限公司,华彬生产基地,佛山基地储运部-三期,88853920,
613,编辑 删除,8885,广东红牛维他命饮料有限公司,华彬生产基地,佛山基地仓库-新线,88853911,
614,编辑 删除,8885,广东红牛维他命饮料有限公司,华彬生产基地,佛山基地储运部-新线,88853910,
615,编辑 删除,8885,广东红牛维他命饮料有限公司,华彬生产基地,佛山基地仓库,88853901,
616,编辑 删除,8885,广东红牛维他命饮料有限公司,华彬生产基地,佛山基地储运部,88853900,
617,编辑 删除,8885,广东红牛维他命饮料有限公司,华彬生产基地,佛山基地设备部-三期,88853822,
618,编辑 删除,8885,广东红牛维他命饮料有限公司,华彬生产基地,佛山基地配电室-三期,88853821,
619,编辑 删除,8885,广东红牛维他命饮料有限公司,华彬生产基地,佛山基地机修间-三期,88853820,
620,编辑 删除,8885,广东红牛维他命饮料有限公司,华彬生产基地,佛山基地设备部-新线,88853812,
621,编辑 删除,8885,广东红牛维他命饮料有限公司,华彬生产基地,佛山基地配电室-新线,88853811,
622,编辑 删除,8885,广东红牛维他命饮料有限公司,华彬生产基地,佛山基地机修间-新线,88853810,
623,编辑 删除,8885,广东红牛维他命饮料有限公司,华彬生产基地,佛山基地设备部,88853802,
624,编辑 删除,8885,广东红牛维他命饮料有限公司,华彬生产基地,佛山基地配电室,88853801,
625,编辑 删除,8885,广东红牛维他命饮料有限公司,华彬生产基地,佛山基地机修间,88853800,
626,编辑 删除,8885,广东红牛维他命饮料有限公司,华彬生产基地,佛山基地安全管理部-三期,88853723,
627,编辑 删除,8885,广东红牛维他命饮料有限公司,华彬生产基地,佛山基地食堂-三期,88853721,
628,编辑 删除,8885,广东红牛维他命饮料有限公司,华彬生产基地,佛山基地安全管理部-新线,88853713,
629,编辑 删除,8885,广东红牛维他命饮料有限公司,华彬生产基地,佛山基地食堂-新线,88853711,
630,编辑 删除,8885,广东红牛维他命饮料有限公司,华彬生产基地,佛山基地安全管理部,88853703,
631,编辑 删除,8885,广东红牛维他命饮料有限公司,华彬生产基地,佛山基地食堂,88853701,
632,编辑 删除,8885,广东红牛维他命饮料有限公司,华彬生产基地,佛山基地培训楼-三期,88853623,
633,编辑 删除,8885,广东红牛维他命饮料有限公司,华彬生产基地,佛山基地公寓-三期,88853622,
634,编辑 删除,8885,广东红牛维他命饮料有限公司,华彬生产基地,佛山基地宿舍-三期,88853621,
635,编辑 删除,8885,广东红牛维他命饮料有限公司,华彬生产基地,佛山基地行政部-三期,88853620,
636,编辑 删除,8885,广东红牛维他命饮料有限公司,华彬生产基地,佛山基地培训楼-新线,88853613,
637,编辑 删除,8885,广东红牛维他命饮料有限公司,华彬生产基地,佛山基地公寓-新线,88853612,
638,编辑 删除,8885,广东红牛维他命饮料有限公司,华彬生产基地,佛山基地宿舍-新线,88853611,
639,编辑 删除,8885,广东红牛维他命饮料有限公司,华彬生产基地,佛山基地行政部-新线,88853610,
640,编辑 删除,8885,广东红牛维他命饮料有限公司,华彬生产基地,佛山基地培训楼,88853603,
641,编辑 删除,8885,广东红牛维他命饮料有限公司,华彬生产基地,佛山基地公寓,88853602,
642,编辑 删除,8885,广东红牛维他命饮料有限公司,华彬生产基地,佛山基地宿舍,88853601,
643,编辑 删除,8885,广东红牛维他命饮料有限公司,华彬生产基地,佛山基地行政部,88853600,
644,编辑 删除,8885,广东红牛维他命饮料有限公司,华彬生产基地,佛山生产线-战马,88853599,
645,编辑 删除,8885,广东红牛维他命饮料有限公司,华彬生产基地,佛山战马（结转）,88853598,
646,编辑 删除,8885,广东红牛维他命饮料有限公司,华彬生产基地,佛山基地洗衣中心-三期,88853527,
647,编辑 删除,8885,广东红牛维他命饮料有限公司,华彬生产基地,佛山基地香精称料间-三期,88853526,
648,编辑 删除,8885,广东红牛维他命饮料有限公司,华彬生产基地,佛山基地锅炉车间-三期,88853525,
649,编辑 删除,8885,广东红牛维他命饮料有限公司,华彬生产基地,佛山基地配料车间-三期,88853524,
650,编辑 删除,8885,广东红牛维他命饮料有限公司,华彬生产基地,佛山基地污水车间-三期,88853523,
651,编辑 删除,8885,广东红牛维他命饮料有限公司,华彬生产基地,佛山基地制水车间-三期,88853522,
652,编辑 删除,8885,广东红牛维他命饮料有限公司,华彬生产基地,佛山生产线—三期,88853521,
653,编辑 删除,8885,广东红牛维他命饮料有限公司,华彬生产基地,佛山基地生产部-三期,88853520,
654,编辑 删除,8885,广东红牛维他命饮料有限公司,华彬生产基地,佛山基地洗衣中心-新线,88853517,
655,编辑 删除,8885,广东红牛维他命饮料有限公司,华彬生产基地,佛山基地香精称料间-新线,88853516,
656,编辑 删除,8885,广东红牛维他命饮料有限公司,华彬生产基地,佛山基地锅炉车间-新线,88853515,
657,编辑 删除,8885,广东红牛维他命饮料有限公司,华彬生产基地,佛山基地配料车间-新线,88853514,
658,编辑 删除,8885,广东红牛维他命饮料有限公司,华彬生产基地,佛山基地污水车间-新线,88853513,
659,编辑 删除,8885,广东红牛维他命饮料有限公司,华彬生产基地,佛山基地制水车间-新线,88853512,
660,编辑 删除,8885,广东红牛维他命饮料有限公司,华彬生产基地,佛山生产线—新线,88853511,
661,编辑 删除,8885,广东红牛维他命饮料有限公司,华彬生产基地,佛山基地生产部-新线,88853510,
662,编辑 删除,8885,广东红牛维他命饮料有限公司,华彬生产基地,佛山基地洗衣中心,88853507,
663,编辑 删除,8885,广东红牛维他命饮料有限公司,华彬生产基地,佛山基地香精称料间,88853506,
664,编辑 删除,8885,广东红牛维他命饮料有限公司,华彬生产基地,佛山基地锅炉车间,88853505,
665,编辑 删除,8885,广东红牛维他命饮料有限公司,华彬生产基地,佛山基地配料车间,88853504,
666,编辑 删除,8885,广东红牛维他命饮料有限公司,华彬生产基地,佛山基地污水车间,88853503,
667,编辑 删除,8885,广东红牛维他命饮料有限公司,华彬生产基地,佛山基地制水车间,88853502,
668,编辑 删除,8885,广东红牛维他命饮料有限公司,华彬生产基地,佛山生产线,88853501,
669,编辑 删除,8885,广东红牛维他命饮料有限公司,华彬生产基地,佛山基地生产部,88853500,
670,编辑 删除,8885,广东红牛维他命饮料有限公司,华彬生产基地,佛山基地财务部-三期,88853320,
671,编辑 删除,8885,广东红牛维他命饮料有限公司,华彬生产基地,佛山基地财务部-新线,88853310,
672,编辑 删除,8885,广东红牛维他命饮料有限公司,华彬生产基地,佛山基地财务部,88853300,
673,编辑 删除,8885,广东红牛维他命饮料有限公司,华彬生产基地,佛山基地化验室-三期,88853222,
674,编辑 删除,8885,广东红牛维他命饮料有限公司,华彬生产基地,佛山基地品管部-三期,88853221,
675,编辑 删除,8885,广东红牛维他命饮料有限公司,华彬生产基地,佛山基地化验室-新线,88853212,
676,编辑 删除,8885,广东红牛维他命饮料有限公司,华彬生产基地,佛山基地品管部-新线,88853211,
677,编辑 删除,8885,广东红牛维他命饮料有限公司,华彬生产基地,佛山基地化验室,88853202,
678,编辑 删除,8885,广东红牛维他命饮料有限公司,华彬生产基地,佛山基地品管部,88853201,
679,编辑 删除,8885,广东红牛维他命饮料有限公司,华彬生产基地,佛山基地领导-三期,88853120,
680,编辑 删除,8885,广东红牛维他命饮料有限公司,华彬生产基地,佛山基地领导-新线,88853110,
681,编辑 删除,8885,广东红牛维他命饮料有限公司,华彬生产基地,佛山基地领导,88853100,
682,编辑 删除,8885,广东红牛维他命饮料有限公司,华彬生产基地,佛山生产基地-三期,88853020,
683,编辑 删除,8885,广东红牛维他命饮料有限公司,华彬生产基地,佛山生产基地-新线,88853010,
684,编辑 删除,8885,广东红牛维他命饮料有限公司,华彬生产基地,佛山生产基地,88853000,
685,编辑 删除,8884,北京朗臣饮料有限公司,华彬生产基地,朗臣生产线-战马,88846396,
686,编辑 删除,8884,北京朗臣饮料有限公司,华彬生产基地,朗臣基地仓库,88843901,
687,编辑 删除,8884,北京朗臣饮料有限公司,华彬生产基地,朗臣基地储运部,88843900,
688,编辑 删除,8884,北京朗臣饮料有限公司,华彬生产基地,朗臣基地安全管理部,88843703,
689,编辑 删除,8884,北京朗臣饮料有限公司,华彬生产基地,朗臣基地行政部,88843600,
690,编辑 删除,8884,北京朗臣饮料有限公司,华彬生产基地,朗臣基地配料车间,88843514,
691,编辑 删除,8884,北京朗臣饮料有限公司,华彬生产基地,朗臣生产线—成本核算（新线）,88843511,
692,编辑 删除,8884,北京朗臣饮料有限公司,华彬生产基地,朗臣基地维修车间,88843505,
693,编辑 删除,8884,北京朗臣饮料有限公司,华彬生产基地,朗臣基地污水车间,88843503,
694,编辑 删除,8884,北京朗臣饮料有限公司,华彬生产基地,朗臣基地制水车间,88843502,
695,编辑 删除,8884,北京朗臣饮料有限公司,华彬生产基地,朗臣公司—成本核算,88843501,
696,编辑 删除,8884,北京朗臣饮料有限公司,华彬生产基地,朗臣基地生产部,88843500,
697,编辑 删除,8884,北京朗臣饮料有限公司,华彬生产基地,朗臣基地财务部,88843300,
698,编辑 删除,8884,北京朗臣饮料有限公司,华彬生产基地,朗臣基地化验室,88843202,
699,编辑 删除,8884,北京朗臣饮料有限公司,华彬生产基地,朗臣基地品管部,88843201,
700,编辑 删除,8884,北京朗臣饮料有限公司,华彬生产基地,朗臣基地领导,88843100,
701,编辑 删除,8884,北京朗臣饮料有限公司,华彬生产基地,北京朗臣非生产性控制,88843000,
702,编辑 删除,8883,红牛维他命饮料（湖北）有限公司,华彬生产基地,湖北红牛-宜兴基地,88838886,
703,编辑 删除,8883,红牛维他命饮料（湖北）有限公司,华彬生产基地,湖北公司公用成本中心,88838883,
704,编辑 删除,8883,红牛维他命饮料（湖北）有限公司,华彬生产基地,湖北红牛-川东代表处,88838843,
705,编辑 删除,8883,红牛维他命饮料（湖北）有限公司,华彬生产基地,湖北红牛-豫南代表处,88838839,
706,编辑 删除,8883,红牛维他命饮料（湖北）有限公司,华彬生产基地,湖北红牛-南疆代表处,88838837,
707,编辑 删除,8883,红牛维他命饮料（湖北）有限公司,华彬生产基地,湖北红牛-东莞代表处,88838836,
708,编辑 删除,8883,红牛维他命饮料（湖北）有限公司,华彬生产基地,湖北红牛-新疆公司,88838835,
709,编辑 删除,8883,红牛维他命饮料（湖北）有限公司,华彬生产基地,湖北红牛-青海代表处,88838833,
710,编辑 删除,8883,红牛维他命饮料（湖北）有限公司,华彬生产基地,湖北红牛-西藏工贸,88838832,
711,编辑 删除,8883,红牛维他命饮料（湖北）有限公司,华彬生产基地,湖北红牛-甘肃公司,88838831,
712,编辑 删除,8883,红牛维他命饮料（湖北）有限公司,华彬生产基地,湖北红牛-陕西分公司,88838830,
713,编辑 删除,8883,红牛维他命饮料（湖北）有限公司,华彬生产基地,湖北红牛-重庆分公司,88838829,
714,编辑 删除,8883,红牛维他命饮料（湖北）有限公司,华彬生产基地,湖北红牛-贵阳公司,88838828,
715,编辑 删除,8883,红牛维他命饮料（湖北）有限公司,华彬生产基地,湖北红牛-云南公司,88838827,
716,编辑 删除,8883,红牛维他命饮料（湖北）有限公司,华彬生产基地,湖北红牛-成都公司,88838826,
717,编辑 删除,8883,红牛维他命饮料（湖北）有限公司,华彬生产基地,湖北红牛-海南分公司,88838825,
718,编辑 删除,8883,红牛维他命饮料（湖北）有限公司,华彬生产基地,湖北红牛-湖南分公司,88838823,
719,编辑 删除,8883,红牛维他命饮料（湖北）有限公司,华彬生产基地,湖北红牛-深圳分公司,88838822,
720,编辑 删除,8883,红牛维他命饮料（湖北）有限公司,华彬生产基地,湖北红牛-南宁分公司,88838821,
721,编辑 删除,8883,红牛维他命饮料（湖北）有限公司,华彬生产基地,湖北红牛-广州公司,88838820,
722,编辑 删除,8883,红牛维他命饮料（湖北）有限公司,华彬生产基地,湖北红牛-上海公司,88838819,
723,编辑 删除,8883,红牛维他命饮料（湖北）有限公司,华彬生产基地,湖北红牛-杭州公司,88838818,
724,编辑 删除,8883,红牛维他命饮料（湖北）有限公司,华彬生产基地,湖北红牛-福建公司,88838817,
725,编辑 删除,8883,红牛维他命饮料（湖北）有限公司,华彬生产基地,湖北红牛-安徽分公司,88838816,
726,编辑 删除,8883,红牛维他命饮料（湖北）有限公司,华彬生产基地,湖北红牛-南京公司,88838815,
727,编辑 删除,8883,红牛维他命饮料（湖北）有限公司,华彬生产基地,湖北红牛-青岛代表处,88838814,
728,编辑 删除,8883,红牛维他命饮料（湖北）有限公司,华彬生产基地,湖北红牛-山东分公司,88838812,
729,编辑 删除,8883,红牛维他命饮料（湖北）有限公司,华彬生产基地,湖北红牛-江西代表处,88838811,
730,编辑 删除,8883,红牛维他命饮料（湖北）有限公司,华彬生产基地,湖北红牛-武汉分公司,88838810,
731,编辑 删除,8883,红牛维他命饮料（湖北）有限公司,华彬生产基地,湖北红牛-河南分公司,88838809,
732,编辑 删除,8883,红牛维他命饮料（湖北）有限公司,华彬生产基地,湖北红牛-哈尔滨公司,88838808,
733,编辑 删除,8883,红牛维他命饮料（湖北）有限公司,华彬生产基地,湖北红牛-辽宁分公司,88838806,
734,编辑 删除,8883,红牛维他命饮料（湖北）有限公司,华彬生产基地,湖北红牛-内蒙代表处,88838805,
735,编辑 删除,8883,红牛维他命饮料（湖北）有限公司,华彬生产基地,湖北红牛-山西代表处,88838804,
736,编辑 删除,8883,红牛维他命饮料（湖北）有限公司,华彬生产基地,湖北红牛天津代表处,88838803,
737,编辑 删除,8883,红牛维他命饮料（湖北）有限公司,华彬生产基地,湖北红牛-河北代表处,88838802,
738,编辑 删除,8883,红牛维他命饮料（湖北）有限公司,华彬生产基地,湖北红牛-北京公司,88838801,
739,编辑 删除,8883,红牛维他命饮料（湖北）有限公司,华彬生产基地,湖北红牛-宁夏分公司,88838734,
740,编辑 删除,8883,红牛维他命饮料（湖北）有限公司,华彬生产基地,湖北红牛-吉林分公司,88838707,
741,编辑 删除,8883,红牛维他命饮料（湖北）有限公司,华彬生产基地,湖北红牛-汕头分公司,88838642,
742,编辑 删除,8883,红牛维他命饮料（湖北）有限公司,华彬生产基地,湖北红牛-金华分公司,88838641,
743,编辑 删除,8883,红牛维他命饮料（湖北）有限公司,华彬生产基地,湖北红牛-温州分公司,88838640,
744,编辑 删除,8883,红牛维他命饮料（湖北）有限公司,华彬生产基地,湖北红牛-湛江分公司,88838638,
745,编辑 删除,8883,红牛维他命饮料（湖北）有限公司,华彬生产基地,湖北红牛-南疆分公司,88838637,
746,编辑 删除,8883,红牛维他命饮料（湖北）有限公司,华彬生产基地,湖北红牛-东莞分公司,88838636,
747,编辑 删除,8883,红牛维他命饮料（湖北）有限公司,华彬生产基地,湖北红牛-青海分公司,88838633,
748,编辑 删除,8883,红牛维他命饮料（湖北）有限公司,华彬生产基地,湖北红牛-西藏分公司,88838632,
749,编辑 删除,8883,红牛维他命饮料（湖北）有限公司,华彬生产基地,湖北红牛-陕西分公司,88838630,
750,编辑 删除,8883,红牛维他命饮料（湖北）有限公司,华彬生产基地,湖北红牛-重庆分公司,88838629,
751,编辑 删除,8883,红牛维他命饮料（湖北）有限公司,华彬生产基地,湖北红牛-贵州分公司,88838628,
752,编辑 删除,8883,红牛维他命饮料（湖北）有限公司,华彬生产基地,湖北红牛-海南分公司,88838625,
753,编辑 删除,8883,红牛维他命饮料（湖北）有限公司,华彬生产基地,湖北红牛-湖南分公司,88838623,
754,编辑 删除,8883,红牛维他命饮料（湖北）有限公司,华彬生产基地,湖北红牛-广西分公司,88838621,
755,编辑 删除,8883,红牛维他命饮料（湖北）有限公司,华彬生产基地,湖北红牛-福建分公司,88838617,
756,编辑 删除,8883,红牛维他命饮料（湖北）有限公司,华彬生产基地,湖北红牛-安徽分公司,88838616,
757,编辑 删除,8883,红牛维他命饮料（湖北）有限公司,华彬生产基地,湖北红牛-苏北公司,88838613,
758,编辑 删除,8883,红牛维他命饮料（湖北）有限公司,华彬生产基地,湖北红牛-山东分公司,88838612,
759,编辑 删除,8883,红牛维他命饮料（湖北）有限公司,华彬生产基地,湖北红牛-江西分公司,88838611,
760,编辑 删除,8883,红牛维他命饮料（湖北）有限公司,华彬生产基地,湖北红牛-湖北分公司,88838610,
761,编辑 删除,8883,红牛维他命饮料（湖北）有限公司,华彬生产基地,湖北红牛-河南分公司,88838609,
762,编辑 删除,8883,红牛维他命饮料（湖北）有限公司,华彬生产基地,湖北红牛-黑龙江分公司,88838608,
763,编辑 删除,8883,红牛维他命饮料（湖北）有限公司,华彬生产基地,湖北红牛-辽宁分公司,88838606,
764,编辑 删除,8883,红牛维他命饮料（湖北）有限公司,华彬生产基地,湖北红牛-内蒙古分公司,88838605,
765,编辑 删除,8883,红牛维他命饮料（湖北）有限公司,华彬生产基地,湖北红牛-山西分公司,88838604,
766,编辑 删除,8883,红牛维他命饮料（湖北）有限公司,华彬生产基地,湖北红牛-天津分公司,88838603,
767,编辑 删除,8883,红牛维他命饮料（湖北）有限公司,华彬生产基地,湖北红牛-河北分公司,88838602,
768,编辑 删除,8883,红牛维他命饮料（湖北）有限公司,华彬生产基地,湖北基地奥瑞金委外,88838394,
769,编辑 删除,8883,红牛维他命饮料（湖北）有限公司,华彬生产基地,集团董办,88838007,
770,编辑 删除,8883,红牛维他命饮料（湖北）有限公司,华彬生产基地,力美科技,88837070,
771,编辑 删除,8883,红牛维他命饮料（湖北）有限公司,华彬生产基地,湖北战马（生产线）,88836399,
772,编辑 删除,8883,红牛维他命饮料（湖北）有限公司,华彬生产基地,湖北战马（结转）,88836398,
773,编辑 删除,8883,红牛维他命饮料（湖北）有限公司,华彬生产基地,咸宁基地奥瑞金制罐-三期,88834020,
774,编辑 删除,8883,红牛维他命饮料（湖北）有限公司,华彬生产基地,湖北基地奥瑞金公用,88834002,
775,编辑 删除,8883,红牛维他命饮料（湖北）有限公司,华彬生产基地,湖北基地奥瑞金制盖,88834001,
776,编辑 删除,8883,红牛维他命饮料（湖北）有限公司,华彬生产基地,湖北基地奥瑞金制罐,88834000,
777,编辑 删除,8883,红牛维他命饮料（湖北）有限公司,华彬生产基地,咸宁基地原材料仓库-三期,88833922,
778,编辑 删除,8883,红牛维他命饮料（湖北）有限公司,华彬生产基地,咸宁基地仓库-三期,88833921,
779,编辑 删除,8883,红牛维他命饮料（湖北）有限公司,华彬生产基地,咸宁基地储运部-三期,88833920,
780,编辑 删除,8883,红牛维他命饮料（湖北）有限公司,华彬生产基地,湖北基地原材料仓库-新线,88833912,
781,编辑 删除,8883,红牛维他命饮料（湖北）有限公司,华彬生产基地,湖北基地仓库-新线,88833911,
782,编辑 删除,8883,红牛维他命饮料（湖北）有限公司,华彬生产基地,湖北基地储运部 -新线,88833910,
783,编辑 删除,8883,红牛维他命饮料（湖北）有限公司,华彬生产基地,湖北基地原材料仓库,88833902,
784,编辑 删除,8883,红牛维他命饮料（湖北）有限公司,华彬生产基地,湖北基地仓库,88833901,
785,编辑 删除,8883,红牛维他命饮料（湖北）有限公司,华彬生产基地,湖北基地储运部,88833900,
786,编辑 删除,8883,红牛维他命饮料（湖北）有限公司,华彬生产基地,湖北基地工程部 -三期,88833824,
787,编辑 删除,8883,红牛维他命饮料（湖北）有限公司,华彬生产基地,湖北基地备品备件库 -三期,88833823,
788,编辑 删除,8883,红牛维他命饮料（湖北）有限公司,华彬生产基地,咸宁基地设备部-三期,88833822,
789,编辑 删除,8883,红牛维他命饮料（湖北）有限公司,华彬生产基地,咸宁基地配电室-三期,88833821,
790,编辑 删除,8883,红牛维他命饮料（湖北）有限公司,华彬生产基地,咸宁基地机修间-三期,88833820,
791,编辑 删除,8883,红牛维他命饮料（湖北）有限公司,华彬生产基地,湖北基地工程部 -新线,88833814,
792,编辑 删除,8883,红牛维他命饮料（湖北）有限公司,华彬生产基地,湖北基地备品备件库 -新线,88833813,
793,编辑 删除,8883,红牛维他命饮料（湖北）有限公司,华彬生产基地,湖北基地变配电室-新线,88833812,
794,编辑 删除,8883,红牛维他命饮料（湖北）有限公司,华彬生产基地,湖北基地维修车间-新线,88833811,
795,编辑 删除,8883,红牛维他命饮料（湖北）有限公司,华彬生产基地,湖北设备工程部 -新线,88833810,
796,编辑 删除,8883,红牛维他命饮料（湖北）有限公司,华彬生产基地,湖北基地工程部,88833804,
797,编辑 删除,8883,红牛维他命饮料（湖北）有限公司,华彬生产基地,湖北基地备品备件库,88833803,
798,编辑 删除,8883,红牛维他命饮料（湖北）有限公司,华彬生产基地,湖北基地变配电室,88833802,
799,编辑 删除,8883,红牛维他命饮料（湖北）有限公司,华彬生产基地,湖北基地维修车间,88833801,
800,编辑 删除,8883,红牛维他命饮料（湖北）有限公司,华彬生产基地,湖北设备工程部,88833800,
801,编辑 删除,8883,红牛维他命饮料（湖北）有限公司,华彬生产基地,湖北基地安全管理部 -三期,88833723,
802,编辑 删除,8883,红牛维他命饮料（湖北）有限公司,华彬生产基地,咸宁基地食堂-三期,88833721,
803,编辑 删除,8883,红牛维他命饮料（湖北）有限公司,华彬生产基地,湖北基地园林绿化部 -新线,88833714,
804,编辑 删除,8883,红牛维他命饮料（湖北）有限公司,华彬生产基地,湖北基地安全管理部 -新线,88833713,
805,编辑 删除,8883,红牛维他命饮料（湖北）有限公司,华彬生产基地,湖北基地宿舍-新线,88833712,
806,编辑 删除,8883,红牛维他命饮料（湖北）有限公司,华彬生产基地,湖北基地食堂-新线,88833711,
807,编辑 删除,8883,红牛维他命饮料（湖北）有限公司,华彬生产基地,湖北基地物业管理部 -新线,88833710,
808,编辑 删除,8883,红牛维他命饮料（湖北）有限公司,华彬生产基地,湖北基地园林绿化部,88833704,
809,编辑 删除,8883,红牛维他命饮料（湖北）有限公司,华彬生产基地,湖北基地安全管理部,88833703,
810,编辑 删除,8883,红牛维他命饮料（湖北）有限公司,华彬生产基地,湖北基地宿舍,88833702,
811,编辑 删除,8883,红牛维他命饮料（湖北）有限公司,华彬生产基地,湖北基地食堂,88833701,
812,编辑 删除,8883,红牛维他命饮料（湖北）有限公司,华彬生产基地,湖北基地物业管理部,88833700,
813,编辑 删除,8883,红牛维他命饮料（湖北）有限公司,华彬生产基地,咸宁基地行政部-三期,88833620,
814,编辑 删除,8883,红牛维他命饮料（湖北）有限公司,华彬生产基地,湖北基地行政部 -新线,88833610,
815,编辑 删除,8883,红牛维他命饮料（湖北）有限公司,华彬生产基地,湖北基地行政部,88833600,
816,编辑 删除,8883,红牛维他命饮料（湖北）有限公司,华彬生产基地,咸宁基地称料库-三期,88833527,
817,编辑 删除,8883,红牛维他命饮料（湖北）有限公司,华彬生产基地,湖北基地锅炉车间-三期,88833526,
818,编辑 删除,8883,红牛维他命饮料（湖北）有限公司,华彬生产基地,咸宁基地空压站-三期,88833525,
819,编辑 删除,8883,红牛维他命饮料（湖北）有限公司,华彬生产基地,咸宁基地配料车间-三期,88833524,
820,编辑 删除,8883,红牛维他命饮料（湖北）有限公司,华彬生产基地,咸宁基地污水车间-三期,88833523,
821,编辑 删除,8883,红牛维他命饮料（湖北）有限公司,华彬生产基地,咸宁基地制水车间-三期,88833522,
822,编辑 删除,8883,红牛维他命饮料（湖北）有限公司,华彬生产基地,湖北生产线 -三期,88833521,
823,编辑 删除,8883,红牛维他命饮料（湖北）有限公司,华彬生产基地,咸宁基地生产部-三期,88833520,
824,编辑 删除,8883,红牛维他命饮料（湖北）有限公司,华彬生产基地,咸宁基地称料库-二期,88833517,
825,编辑 删除,8883,红牛维他命饮料（湖北）有限公司,华彬生产基地,湖北基地锅炉车间-新线,88833516,
826,编辑 删除,8883,红牛维他命饮料（湖北）有限公司,华彬生产基地,湖北基地空压站 -新线,88833515,
827,编辑 删除,8883,红牛维他命饮料（湖北）有限公司,华彬生产基地,湖北配料车间-新线,88833514,
828,编辑 删除,8883,红牛维他命饮料（湖北）有限公司,华彬生产基地,湖北基地污水车间-新线,88833513,
829,编辑 删除,8883,红牛维他命饮料（湖北）有限公司,华彬生产基地,制水车间及泵站车间 -新线,88833512,
830,编辑 删除,8883,红牛维他命饮料（湖北）有限公司,华彬生产基地,湖北生产线 -新线,88833511,
831,编辑 删除,8883,红牛维他命饮料（湖北）有限公司,华彬生产基地,湖北基地生产部 -新线,88833510,
832,编辑 删除,8883,红牛维他命饮料（湖北）有限公司,华彬生产基地,咸宁基地称料库,88833507,
833,编辑 删除,8883,红牛维他命饮料（湖北）有限公司,华彬生产基地,湖北基地锅炉车间,88833506,
834,编辑 删除,8883,红牛维他命饮料（湖北）有限公司,华彬生产基地,湖北基地空压站,88833505,
835,编辑 删除,8883,红牛维他命饮料（湖北）有限公司,华彬生产基地,湖北配料车间,88833504,
836,编辑 删除,8883,红牛维他命饮料（湖北）有限公司,华彬生产基地,湖北基地污水车间,88833503,
837,编辑 删除,8883,红牛维他命饮料（湖北）有限公司,华彬生产基地,制水车间及泵站车间,88833502,
838,编辑 删除,8883,红牛维他命饮料（湖北）有限公司,华彬生产基地,湖北生产线,88833501,
839,编辑 删除,8883,红牛维他命饮料（湖北）有限公司,华彬生产基地,湖北基地生产部,88833500,
840,编辑 删除,8883,红牛维他命饮料（湖北）有限公司,华彬生产基地,咸宁基地财务部-三期,88833320,
841,编辑 删除,8883,红牛维他命饮料（湖北）有限公司,华彬生产基地,湖北基地财务部 -新线,88833310,
842,编辑 删除,8883,红牛维他命饮料（湖北）有限公司,华彬生产基地,湖北基地财务部,88833300,
843,编辑 删除,8883,红牛维他命饮料（湖北）有限公司,华彬生产基地,湖北基地化验室-三期,88833222,
844,编辑 删除,8883,红牛维他命饮料（湖北）有限公司,华彬生产基地,湖北基地品管部-三期,88833221,
845,编辑 删除,8883,红牛维他命饮料（湖北）有限公司,华彬生产基地,湖北基地化验室 -新线,88833212,
846,编辑 删除,8883,红牛维他命饮料（湖北）有限公司,华彬生产基地,湖北基地品管部 -新线,88833211,
847,编辑 删除,8883,红牛维他命饮料（湖北）有限公司,华彬生产基地,湖北基地化验室,88833202,
848,编辑 删除,8883,红牛维他命饮料（湖北）有限公司,华彬生产基地,湖北基地品管部,88833201,
849,编辑 删除,8883,红牛维他命饮料（湖北）有限公司,华彬生产基地,咸宁基地领导-三期,88833120,
850,编辑 删除,8883,红牛维他命饮料（湖北）有限公司,华彬生产基地,湖北基地领导-新线,88833110,
851,编辑 删除,8883,红牛维他命饮料（湖北）有限公司,华彬生产基地,湖北基地领导,88833100,
852,编辑 删除,8883,红牛维他命饮料（湖北）有限公司,华彬生产基地,咸宁生产基地-三期,88833020,
853,编辑 删除,8883,红牛维他命饮料（湖北）有限公司,华彬生产基地,湖北生产基地-新线,88833010,
854,编辑 删除,8883,红牛维他命饮料（湖北）有限公司,华彬生产基地,湖北生产基地,88833000,
855,编辑 删除,8880,红牛维他命饮料有限公司,华彬生产基地,总公司综合成本中心,88809999,
856,编辑 删除,8880,红牛维他命饮料有限公司,华彬生产基地,总公司渠道促销品中心,88809002,
857,编辑 删除,8880,红牛维他命饮料有限公司,华彬生产基地,总公司促销活动中心,88809001,
858,编辑 删除,8880,红牛维他命饮料有限公司,华彬生产基地,总公司饮料换资源中心,88809000,
859,编辑 删除,8880,红牛维他命饮料有限公司,华彬生产基地,总公司-珠海销售,88808889,
860,编辑 删除,8880,红牛维他命饮料有限公司,华彬生产基地,总公司-北京销售,88808888,
861,编辑 删除,8880,红牛维他命饮料有限公司,华彬生产基地,总公司-江苏基地,88808886,
862,编辑 删除,8880,红牛维他命饮料有限公司,华彬生产基地,总公司-广东基地,88808885,
863,编辑 删除,8880,红牛维他命饮料有限公司,华彬生产基地,总公司-湖北基地,88808883,
864,编辑 删除,8880,红牛维他命饮料有限公司,华彬生产基地,总公司公用成本中心,88808880,
865,编辑 删除,8880,红牛维他命饮料有限公司,华彬生产基地,总公司-湛江分公司,88808838,
866,编辑 删除,8880,红牛维他命饮料有限公司,华彬生产基地,总公司-南疆代表处,88808837,
867,编辑 删除,8880,红牛维他命饮料有限公司,华彬生产基地,总公司-东莞分公司,88808836,
868,编辑 删除,8880,红牛维他命饮料有限公司,华彬生产基地,总公司-新疆公司,88808835,
869,编辑 删除,8880,红牛维他命饮料有限公司,华彬生产基地,总公司-宁夏代表处,88808834,
870,编辑 删除,8880,红牛维他命饮料有限公司,华彬生产基地,总公司-青海代表处,88808833,
871,编辑 删除,8880,红牛维他命饮料有限公司,华彬生产基地,总公司-西藏华美,88808832,
872,编辑 删除,8880,红牛维他命饮料有限公司,华彬生产基地,总公司-甘肃公司,88808831,
873,编辑 删除,8880,红牛维他命饮料有限公司,华彬生产基地,总公司-陕西分公司,88808830,
874,编辑 删除,8880,红牛维他命饮料有限公司,华彬生产基地,总公司-重庆分公司,88808829,
875,编辑 删除,8880,红牛维他命饮料有限公司,华彬生产基地,总公司-贵阳公司,88808828,
876,编辑 删除,8880,红牛维他命饮料有限公司,华彬生产基地,总公司-云南公司,88808827,
877,编辑 删除,8880,红牛维他命饮料有限公司,华彬生产基地,总公司-成都公司,88808826,
878,编辑 删除,8880,红牛维他命饮料有限公司,华彬生产基地,总公司-海南分公司,88808825,
879,编辑 删除,8880,红牛维他命饮料有限公司,华彬生产基地,总公司-粤东代表处,88808824,
880,编辑 删除,8880,红牛维他命饮料有限公司,华彬生产基地,总公司-湖南分公司,88808823,
881,编辑 删除,8880,红牛维他命饮料有限公司,华彬生产基地,总公司-深圳分公司,88808822,
882,编辑 删除,8880,红牛维他命饮料有限公司,华彬生产基地,总公司-南宁分公司,88808821,
883,编辑 删除,8880,红牛维他命饮料有限公司,华彬生产基地,总公司-广州公司,88808820,
884,编辑 删除,8880,红牛维他命饮料有限公司,华彬生产基地,总公司-上海公司,88808819,
885,编辑 删除,8880,红牛维他命饮料有限公司,华彬生产基地,总公司-杭州公司,88808818,
886,编辑 删除,8880,红牛维他命饮料有限公司,华彬生产基地,总公司-福建公司,88808817,
887,编辑 删除,8880,红牛维他命饮料有限公司,华彬生产基地,总公司-安徽分公司,88808816,
888,编辑 删除,8880,红牛维他命饮料有限公司,华彬生产基地,总公司-南京公司,88808815,
889,编辑 删除,8880,红牛维他命饮料有限公司,华彬生产基地,总公司-苏北代表处,88808813,
890,编辑 删除,8880,红牛维他命饮料有限公司,华彬生产基地,总公司-山东分公司,88808812,
891,编辑 删除,8880,红牛维他命饮料有限公司,华彬生产基地,总公司-江西代表处,88808811,
892,编辑 删除,8880,红牛维他命饮料有限公司,华彬生产基地,总公司-武汉分公司,88808810,
893,编辑 删除,8880,红牛维他命饮料有限公司,华彬生产基地,总公司-河南分公司,88808809,
894,编辑 删除,8880,红牛维他命饮料有限公司,华彬生产基地,总公司-哈尔滨分公司,88808808,
895,编辑 删除,8880,红牛维他命饮料有限公司,华彬生产基地,总公司-吉林分公司,88808807,
896,编辑 删除,8880,红牛维他命饮料有限公司,华彬生产基地,总公司-辽宁分公司,88808806,
897,编辑 删除,8880,红牛维他命饮料有限公司,华彬生产基地,总公司-内蒙代表处,88808805,
898,编辑 删除,8880,红牛维他命饮料有限公司,华彬生产基地,总公司-山西代表处,88808804,
899,编辑 删除,8880,红牛维他命饮料有限公司,华彬生产基地,总公司-天津代表处,88808803,
900,编辑 删除,8880,红牛维他命饮料有限公司,华彬生产基地,总公司-河北代表处,88808802,
901,编辑 删除,8880,红牛维他命饮料有限公司,华彬生产基地,总公司-北京公司,88808801,
902,编辑 删除,8880,红牛维他命饮料有限公司,华彬生产基地,红牛公司-市场管理部,88808120,
903,编辑 删除,8880,红牛维他命饮料有限公司,华彬生产基地,红牛公司-销售-区域管理部,88808111,
904,编辑 删除,8880,红牛维他命饮料有限公司,华彬生产基地,红牛公司-销售管理部,88808110,
905,编辑 删除,8880,红牛维他命饮料有限公司,华彬生产基地,红牛公司,88808100,
906,编辑 删除,8880,红牛维他命饮料有限公司,华彬生产基地,集团科技农业部,88808017,
907,编辑 删除,8880,红牛维他命饮料有限公司,华彬生产基地,集团健康管理中心,88808016,
908,编辑 删除,8880,红牛维他命饮料有限公司,华彬生产基地,集团国际业务部,88808015,
909,编辑 删除,8880,红牛维他命饮料有限公司,华彬生产基地,集团学院,88808014,
910,编辑 删除,8880,红牛维他命饮料有限公司,华彬生产基地,集团酒店事业部,88808013,
911,编辑 删除,8880,红牛维他命饮料有限公司,华彬生产基地,投建中心商业地产,88808012,
912,编辑 删除,8880,红牛维他命饮料有限公司,华彬生产基地,天星航空部,88808011,
913,编辑 删除,8880,红牛维他命饮料有限公司,华彬生产基地,集团市场管理部,88808010,
914,编辑 删除,8880,红牛维他命饮料有限公司,华彬生产基地,集团华彬庄园,88808009,
915,编辑 删除,8880,红牛维他命饮料有限公司,华彬生产基地,集团信息中心,88808008,
916,编辑 删除,8880,红牛维他命饮料有限公司,华彬生产基地,集团董办,88808007,
917,编辑 删除,8880,红牛维他命饮料有限公司,华彬生产基地,集团经研室,88808006,
918,编辑 删除,8880,红牛维他命饮料有限公司,华彬生产基地,集团人力资源部,88808005,
919,编辑 删除,8880,红牛维他命饮料有限公司,华彬生产基地,集团计划财务部,88808004,
920,编辑 删除,8880,红牛维他命饮料有限公司,华彬生产基地,集团投资管理中心,88808003,
921,编辑 删除,8880,红牛维他命饮料有限公司,华彬生产基地,集团资金部,88808002,
922,编辑 删除,8880,红牛维他命饮料有限公司,华彬生产基地,集团总裁办,88808001,
923,编辑 删除,8880,红牛维他命饮料有限公司,华彬生产基地,总公司-VOSS中国,88806864,
924,编辑 删除,8880,红牛维他命饮料有限公司,华彬生产基地,总公司-唯他可可,88806861,
925,编辑 删除,8880,红牛维他命饮料有限公司,华彬生产基地,总公司百仕欣,88806860,
926,编辑 删除,8880,红牛维他命饮料有限公司,华彬生产基地,总裁办,88805900,
927,编辑 删除,8880,红牛维他命饮料有限公司,华彬生产基地,重点客户部-电子商务部,88805840,
928,编辑 删除,8880,红牛维他命饮料有限公司,华彬生产基地,重点客户部-运营推广部,88805830,
929,编辑 删除,8880,红牛维他命饮料有限公司,华彬生产基地,重点客户部-特殊渠道部,88805820,
930,编辑 删除,8880,红牛维他命饮料有限公司,华彬生产基地,重点客户部-现代渠道部,88805810,
931,编辑 删除,8880,红牛维他命饮料有限公司,华彬生产基地,重点客户部,88805800,
932,编辑 删除,8880,红牛维他命饮料有限公司,华彬生产基地,区域发展中心,88805700,
933,编辑 删除,8880,红牛维他命饮料有限公司,华彬生产基地,战略研发-管理部-开发及数据应用管理部,88805644,
934,编辑 删除,8880,红牛维他命饮料有限公司,华彬生产基地,战略研发-管理部-基础架构管理部,88805643,
935,编辑 删除,8880,红牛维他命饮料有限公司,华彬生产基地,战略研发-管理部-应用系统管理部,88805642,
936,编辑 删除,8880,红牛维他命饮料有限公司,华彬生产基地,战略研发-管理部-数据流程管理部,88805641,
937,编辑 删除,8880,红牛维他命饮料有限公司,华彬生产基地,战略研发中心-信息管理部,88805640,
938,编辑 删除,8880,红牛维他命饮料有限公司,华彬生产基地,战略研发中心-品牌公关部,88805630,
939,编辑 删除,8880,红牛维他命饮料有限公司,华彬生产基地,战略研发中心-行业研究部,88805620,
940,编辑 删除,8880,红牛维他命饮料有限公司,华彬生产基地,战略研发中心-新品战略营销部,88805610,
941,编辑 删除,8880,红牛维他命饮料有限公司,华彬生产基地,战略研发中心,88805600,
942,编辑 删除,8880,红牛维他命饮料有限公司,华彬生产基地,生产物流中心-生产管理部,88805530,
943,编辑 删除,8880,红牛维他命饮料有限公司,华彬生产基地,生产物流中心-技术管理部,88805520,
944,编辑 删除,8880,红牛维他命饮料有限公司,华彬生产基地,生产物流-储运部-进口产品运作部,88805514,
945,编辑 删除,8880,红牛维他命饮料有限公司,华彬生产基地,生产物流-储运部-生产采购部,88805513,
946,编辑 删除,8880,红牛维他命饮料有限公司,华彬生产基地,生产物流-储运部-物流发运部,88805512,
947,编辑 删除,8880,红牛维他命饮料有限公司,华彬生产基地,生产物流-储运部-产品配送部,88805511,
948,编辑 删除,8880,红牛维他命饮料有限公司,华彬生产基地,生产物流中心-储运部,88805510,
949,编辑 删除,8880,红牛维他命饮料有限公司,华彬生产基地,生产物流中心,88805500,
950,编辑 删除,8880,红牛维他命饮料有限公司,华彬生产基地,人力行政中心-总裁办,88805470,
951,编辑 删除,8880,红牛维他命饮料有限公司,华彬生产基地,人力行政中心-行政管理部,88805460,
952,编辑 删除,8880,红牛维他命饮料有限公司,华彬生产基地,人力行政中心-消费者关系部,88805450,
953,编辑 删除,8880,红牛维他命饮料有限公司,华彬生产基地,人力行政-法务监察-市场监察部,88805447,
954,编辑 删除,8880,红牛维他命饮料有限公司,华彬生产基地,人力行政-法务监察-维权公关部,88805446,
955,编辑 删除,8880,红牛维他命饮料有限公司,华彬生产基地,人力行政-法务监察-合规知产部,88805445,
956,编辑 删除,8880,红牛维他命饮料有限公司,华彬生产基地,人力行政-法务-稽查维权部,88805444,
957,编辑 删除,8880,红牛维他命饮料有限公司,华彬生产基地,人力行政-法务-知识产权部,88805443,
958,编辑 删除,8880,红牛维他命饮料有限公司,华彬生产基地,人力行政-法务-法律事务部,88805442,
959,编辑 删除,8880,红牛维他命饮料有限公司,华彬生产基地,人力行政-法务-公共关系部,88805441,
960,编辑 删除,8880,红牛维他命饮料有限公司,华彬生产基地,人力行政中心-法务监察部,88805440,
961,编辑 删除,8880,红牛维他命饮料有限公司,华彬生产基地,人力行政中心-市场监察部,88805430,
962,编辑 删除,8880,红牛维他命饮料有限公司,华彬生产基地,人力行政中心-信息部,88805420,
963,编辑 删除,8880,红牛维他命饮料有限公司,华彬生产基地,人力行政中心-人力-规划部,88805416,
964,编辑 删除,8880,红牛维他命饮料有限公司,华彬生产基地,人力行政中心-人力-共享服务部,88805415,
965,编辑 删除,8880,红牛维他命饮料有限公司,华彬生产基地,人力行政中心-人力-业务支持部,88805414,
966,编辑 删除,8880,红牛维他命饮料有限公司,华彬生产基地,人力行政-人力-薪酬绩效部,88805413,
967,编辑 删除,8880,红牛维他命饮料有限公司,华彬生产基地,人力行政-人力-员工发展部,88805412,
968,编辑 删除,8880,红牛维他命饮料有限公司,华彬生产基地,人力行政-人力-人事管理部,88805411,
969,编辑 删除,8880,红牛维他命饮料有限公司,华彬生产基地,人力行政中心-人力资源部,88805410,
970,编辑 删除,8880,红牛维他命饮料有限公司,华彬生产基地,人力行政中心,88805400,
971,编辑 删除,8880,红牛维他命饮料有限公司,华彬生产基地,财务管理中心-竹溪财务部,88805380,
972,编辑 删除,8880,红牛维他命饮料有限公司,华彬生产基地,财务管理中心-湖北财务部,88805370,
973,编辑 删除,8880,红牛维他命饮料有限公司,华彬生产基地,财务管理中心-采购管理部,88805360,
974,编辑 删除,8880,红牛维他命饮料有限公司,华彬生产基地,财务管理中心-珠海财务部,88805350,
975,编辑 删除,8880,红牛维他命饮料有限公司,华彬生产基地,财务管理中心-财务分析部,88805340,
976,编辑 删除,8880,红牛维他命饮料有限公司,华彬生产基地,财务管理中心-内部审计部,88805330,
977,编辑 删除,8880,红牛维他命饮料有限公司,华彬生产基地,财务管理中心-会计核算部,88805320,
978,编辑 删除,8880,红牛维他命饮料有限公司,华彬生产基地,财务管理中心-财务管理部,88805310,
979,编辑 删除,8880,红牛维他命饮料有限公司,华彬生产基地,财务管理中心,88805300,
980,编辑 删除,8880,红牛维他命饮料有限公司,华彬生产基地,品牌管理中心-公关部,88805250,
981,编辑 删除,8880,红牛维他命饮料有限公司,华彬生产基地,品牌-活动-活动开发部,88805242,
982,编辑 删除,8880,红牛维他命饮料有限公司,华彬生产基地,品牌-活动-内容制作部,88805241,
983,编辑 删除,8880,红牛维他命饮料有限公司,华彬生产基地,品牌管理中心-活动管理部,88805240,
984,编辑 删除,8880,红牛维他命饮料有限公司,华彬生产基地,品牌管理中心-市场研究部,88805230,
985,编辑 删除,8880,红牛维他命饮料有限公司,华彬生产基地,品牌-媒介部-广告合作部,88805222,
986,编辑 删除,8880,红牛维他命饮料有限公司,华彬生产基地,品牌-媒介部-内容营销部,88805221,
987,编辑 删除,8880,红牛维他命饮料有限公司,华彬生产基地,品牌管理中心-媒介部,88805220,
988,编辑 删除,8880,红牛维他命饮料有限公司,华彬生产基地,品牌-品牌部-策略部,88805212,
989,编辑 删除,8880,红牛维他命饮料有限公司,华彬生产基地,品牌-品牌部-品牌部,88805211,
990,编辑 删除,8880,红牛维他命饮料有限公司,华彬生产基地,品牌管理中心-品牌部,88805210,
991,编辑 删除,8880,红牛维他命饮料有限公司,华彬生产基地,品牌管理中心,88805200,
992,编辑 删除,8880,红牛维他命饮料有限公司,华彬生产基地,营销管理中心-产品管理部,88805140,
993,编辑 删除,8880,红牛维他命饮料有限公司,华彬生产基地,营销-信息-营销支持管理部,88805132,
994,编辑 删除,8880,红牛维他命饮料有限公司,华彬生产基地,营销-信息-销售信息管理部,88805131,
995,编辑 删除,8880,红牛维他命饮料有限公司,华彬生产基地,营销管理中心-营销信息管理部,88805130,
996,编辑 删除,8880,红牛维他命饮料有限公司,华彬生产基地,营销-市场-促销管理部,88805124,
997,编辑 删除,8880,红牛维他命饮料有限公司,华彬生产基地,营销-市场-品牌推广部,88805123,
998,编辑 删除,8880,红牛维他命饮料有限公司,华彬生产基地,营销-市场-产品推广部,88805122,
999,编辑 删除,8880,红牛维他命饮料有限公司,华彬生产基地,营销-市场-区域市场部,88805121,
1000,编辑 删除,8880,红牛维他命饮料有限公司,华彬生产基地,营销管理中心-市场管理部,88805120,
1001,编辑 删除,8880,红牛维他命饮料有限公司,华彬生产基地,营销-销售-重点客户部,88805115,
1002,编辑 删除,8880,红牛维他命饮料有限公司,华彬生产基地,营销-销售-现代渠道部,88805114,
1003,编辑 删除,8880,红牛维他命饮料有限公司,华彬生产基地,营销-销售-终端管理部,88805113,
1004,编辑 删除,8880,红牛维他命饮料有限公司,华彬生产基地,营销-销售-通路管理部,88805112,
1005,编辑 删除,8880,红牛维他命饮料有限公司,华彬生产基地,营销-销售-区域销售管理部,88805111,
1006,编辑 删除,8880,红牛维他命饮料有限公司,华彬生产基地,营销管理中心-销售管理部,88805110,
1007,编辑 删除,8880,红牛维他命饮料有限公司,华彬生产基地,营销管理中心,88805100,
1008,编辑 删除,8880,红牛维他命饮料有限公司,华彬生产基地,北京基地仓库（新线）,88803911,
1009,编辑 删除,8880,红牛维他命饮料有限公司,华彬生产基地,北京基地储运部（新线）,88803910,
1010,编辑 删除,8880,红牛维他命饮料有限公司,华彬生产基地,北京基地仓库,88803901,
1011,编辑 删除,8880,红牛维他命饮料有限公司,华彬生产基地,北京基地储运部,88803900,
1012,编辑 删除,8880,红牛维他命饮料有限公司,华彬生产基地,北京基地安全管理部（新线）,88803713,
1013,编辑 删除,8880,红牛维他命饮料有限公司,华彬生产基地,北京基地食堂（新线）,88803711,
1014,编辑 删除,8880,红牛维他命饮料有限公司,华彬生产基地,北京基地安全管理部,88803703,
1015,编辑 删除,8880,红牛维他命饮料有限公司,华彬生产基地,北京基地食堂,88803701,
1016,编辑 删除,8880,红牛维他命饮料有限公司,华彬生产基地,北京基地行政部（新线）,88803610,
1017,编辑 删除,8880,红牛维他命饮料有限公司,华彬生产基地,北京基地党建中心,88803601,
1018,编辑 删除,8880,红牛维他命饮料有限公司,华彬生产基地,北京基地行政部,88803600,
1019,编辑 删除,8880,红牛维他命饮料有限公司,华彬生产基地,北京基地维修车间（新线）,88803515,
1020,编辑 删除,8880,红牛维他命饮料有限公司,华彬生产基地,北京基地配料车间（新线）,88803514,
1021,编辑 删除,8880,红牛维他命饮料有限公司,华彬生产基地,北京基地污水车间（新线）,88803513,
1022,编辑 删除,8880,红牛维他命饮料有限公司,华彬生产基地,北京基地制水车间（新线）,88803512,
1023,编辑 删除,8880,红牛维他命饮料有限公司,华彬生产基地,北京生产线—成本核算（新线）,88803511,
1024,编辑 删除,8880,红牛维他命饮料有限公司,华彬生产基地,北京基地生产部（新线）,88803510,
1025,编辑 删除,8880,红牛维他命饮料有限公司,华彬生产基地,北京基地维修车间,88803505,
1026,编辑 删除,8880,红牛维他命饮料有限公司,华彬生产基地,北京基地配料车间,88803504,
1027,编辑 删除,8880,红牛维他命饮料有限公司,华彬生产基地,北京基地污水车间,88803503,
1028,编辑 删除,8880,红牛维他命饮料有限公司,华彬生产基地,北京基地制水车间,88803502,
1029,编辑 删除,8880,红牛维他命饮料有限公司,华彬生产基地,北京生产线—成本核算,88803501,
1030,编辑 删除,8880,红牛维他命饮料有限公司,华彬生产基地,北京基地生产部,88803500,
1031,编辑 删除,8880,红牛维他命饮料有限公司,华彬生产基地,北京基地技术部（新）,88803410,
1032,编辑 删除,8880,红牛维他命饮料有限公司,华彬生产基地,北京基地技术部,88803400,
1033,编辑 删除,8880,红牛维他命饮料有限公司,华彬生产基地,北京基地财务部（新线）,88803310,
1034,编辑 删除,8880,红牛维他命饮料有限公司,华彬生产基地,北京基地财务部,88803300,
1035,编辑 删除,8880,红牛维他命饮料有限公司,华彬生产基地,北京基地化验室（新线）,88803212,
1036,编辑 删除,8880,红牛维他命饮料有限公司,华彬生产基地,北京基地品管部（新线）,88803211,
1037,编辑 删除,8880,红牛维他命饮料有限公司,华彬生产基地,北京基地化验室,88803202,
1038,编辑 删除,8880,红牛维他命饮料有限公司,华彬生产基地,北京基地品管部,88803201,
1039,编辑 删除,8880,红牛维他命饮料有限公司,华彬生产基地,北京基地领导（新线）,88803110,
1040,编辑 删除,8880,红牛维他命饮料有限公司,华彬生产基地,北京基地领导,88803100,
1041,编辑 删除,8880,红牛维他命饮料有限公司,华彬生产基地,北京基地非控制中心（新线）,88803011,
1042,编辑 删除,8880,红牛维他命饮料有限公司,华彬生产基地,北京生产基地（新线）,88803010,
1043,编辑 删除,8880,红牛维他命饮料有限公司,华彬生产基地,北京基地非控制中心,88803001,
1044,编辑 删除,8880,红牛维他命饮料有限公司,华彬生产基地,北京生产基地,88803000,
1045,编辑 删除,8880,红牛维他命饮料有限公司,华彬生产基地,停用-营销管理指挥中心,88802900,
1046,编辑 删除,8880,红牛维他命饮料有限公司,华彬生产基地,停用-市场监察部,88802800,
1047,编辑 删除,8880,红牛维他命饮料有限公司,华彬生产基地,停用-行政中心-薪酬绩效部,88802750,
1048,编辑 删除,8880,红牛维他命饮料有限公司,华彬生产基地,停用-行政中心-培训发展部,88802740,
1049,编辑 删除,8880,红牛维他命饮料有限公司,华彬生产基地,停用-行政中心-人事管理部,88802730,
1050,编辑 删除,8880,红牛维他命饮料有限公司,华彬生产基地,停用-行政中心-行政管理部,88802720,
1051,编辑 删除,8880,红牛维他命饮料有限公司,华彬生产基地,停用-行政中心-知识产权部,88802714,
1052,编辑 删除,8880,红牛维他命饮料有限公司,华彬生产基地,停用-行政中心-公共关系部,88802713,
1053,编辑 删除,8880,红牛维他命饮料有限公司,华彬生产基地,停用-行政中心-稽查维权部,88802712,
1054,编辑 删除,8880,红牛维他命饮料有限公司,华彬生产基地,停用-行政中心-法律事务部,88802711,
1055,编辑 删除,8880,红牛维他命饮料有限公司,华彬生产基地,停用-行政中心-法务公关部,88802710,
1056,编辑 删除,8880,红牛维他命饮料有限公司,华彬生产基地,停用-生产中心-江苏基地,88802670,
1057,编辑 删除,8880,红牛维他命饮料有限公司,华彬生产基地,停用-生产中心-佛山基地,88802660,
1058,编辑 删除,8880,红牛维他命饮料有限公司,华彬生产基地,停用-生产中心-产品管理部,88802640,
1059,编辑 删除,8880,红牛维他命饮料有限公司,华彬生产基地,停用-生产中心-供应储运部,88802630,
1060,编辑 删除,8880,红牛维他命饮料有限公司,华彬生产基地,停用-生产中心-湖北基地,88802620,
1061,编辑 删除,8880,红牛维他命饮料有限公司,华彬生产基地,停用-生产中心-北京基地,88802610,
1062,编辑 删除,8880,红牛维他命饮料有限公司,华彬生产基地,停用-财务中心-财务分析部,88802550,
1063,编辑 删除,8880,红牛维他命饮料有限公司,华彬生产基地,停用-财务中心-信息部,88802540,
1064,编辑 删除,8880,红牛维他命饮料有限公司,华彬生产基地,停用-财务中心-内部审计部,88802530,
1065,编辑 删除,8880,红牛维他命饮料有限公司,华彬生产基地,停用-财务中心-会计核算部,88802520,
1066,编辑 删除,8880,红牛维他命饮料有限公司,华彬生产基地,停用-财务中心-财务管理部,88802510,
1067,编辑 删除,8880,红牛维他命饮料有限公司,华彬生产基地,停用-渠道-促销支持部,88802405,
1068,编辑 删除,8880,红牛维他命饮料有限公司,华彬生产基地,停用-渠道-品牌推广部,88802404,
1069,编辑 删除,8880,红牛维他命饮料有限公司,华彬生产基地,停用-渠道-渠道推广部,88802403,
1070,编辑 删除,8880,红牛维他命饮料有限公司,华彬生产基地,停用-渠道-推广支持部,88802402,
1071,编辑 删除,8880,红牛维他命饮料有限公司,华彬生产基地,停用-渠道-区域推广部,88802401,
1072,编辑 删除,8880,红牛维他命饮料有限公司,华彬生产基地,停用-营销中心-渠道管理部,88802400,
1073,编辑 删除,8880,红牛维他命饮料有限公司,华彬生产基地,停用-市场-互动-公关支持部,88802332,
1074,编辑 删除,8880,红牛维他命饮料有限公司,华彬生产基地,停用-市场-互动-互动推广部,88802331,
1075,编辑 删除,8880,红牛维他命饮料有限公司,华彬生产基地,停用-市场-互动营销部,88802330,
1076,编辑 删除,8880,红牛维他命饮料有限公司,华彬生产基地,停用-市场-体育-体育推广部,88802321,
1077,编辑 删除,8880,红牛维他命饮料有限公司,华彬生产基地,停用-市场-体育营销部,88802320,
1078,编辑 删除,8880,红牛维他命饮料有限公司,华彬生产基地,停用-市场-品牌-市场研究部,88802313,
1079,编辑 删除,8880,红牛维他命饮料有限公司,华彬生产基地,停用-市场-品牌-品牌管理部,88802312,
1080,编辑 删除,8880,红牛维他命饮料有限公司,华彬生产基地,停用-市场-品牌-媒介部,88802311,
1081,编辑 删除,8880,红牛维他命饮料有限公司,华彬生产基地,停用-品牌中心-品牌-品牌部,88802310,
1082,编辑 删除,8880,红牛维他命饮料有限公司,华彬生产基地,停用-营销中心-市场管理部,88802300,
1083,编辑 删除,8880,红牛维他命饮料有限公司,华彬生产基地,销售-北部大区,88802209,
1084,编辑 删除,8880,红牛维他命饮料有限公司,华彬生产基地,销售-西部大区,88802208,
1085,编辑 删除,8880,红牛维他命饮料有限公司,华彬生产基地,销售-东部大区,88802207,
1086,编辑 删除,8880,红牛维他命饮料有限公司,华彬生产基地,销售-中部大区,88802206,
1087,编辑 删除,8880,红牛维他命饮料有限公司,华彬生产基地,停用-销售-专项管理部,88802205,
1088,编辑 删除,8880,红牛维他命饮料有限公司,华彬生产基地,停用-销售-信息内部管理部,88802204,
1089,编辑 删除,8880,红牛维他命饮料有限公司,华彬生产基地,停用-销售-业务发展管理部,88802203,
1090,编辑 删除,8880,红牛维他命饮料有限公司,华彬生产基地,停用-销售-通路管理部,88802202,
1091,编辑 删除,8880,红牛维他命饮料有限公司,华彬生产基地,停用-销售-区域市场管理部,88802201,
1092,编辑 删除,8880,红牛维他命饮料有限公司,华彬生产基地,停用-停用-营销中心-销售管理部,88802200,
1093,编辑 删除,8880,红牛维他命饮料有限公司,华彬生产基地,总经办-外部顾问,88802105,
1094,编辑 删除,8880,红牛维他命饮料有限公司,华彬生产基地,停用-总经办-消费者中心,88802104,
1095,编辑 删除,8880,红牛维他命饮料有限公司,华彬生产基地,停用-总经办-行政事务组,88802103,
1096,编辑 删除,8880,红牛维他命饮料有限公司,华彬生产基地,停用-总经办-营销协管组,88802102,
1097,编辑 删除,8880,红牛维他命饮料有限公司,华彬生产基地,停用-总经办-战略信息组,88802101,
1098,编辑 删除,8880,红牛维他命饮料有限公司,华彬生产基地,总公司人力部-归档,88801300,
1099,编辑 删除,8880,红牛维他命饮料有限公司,华彬生产基地,总公司综管部-归档,88801200,
1100,编辑 删除,8880,红牛维他命饮料有限公司,华彬生产基地,总公司新产部-归档,88801100,
1101,编辑 删除,8880,红牛维他命饮料有限公司,华彬生产基地,总公司东莞办事处,88801002,
1102,编辑 删除,8880,红牛维他命饮料有限公司,华彬生产基地,总公司深圳办事处,88801001,
1103,编辑 删除,8880,红牛维他命饮料有限公司,华彬生产基地,总公司储运部-归档,88800900,
1104,编辑 删除,8880,红牛维他命饮料有限公司,华彬生产基地,总公司信息部-归档,88800800,
1105,编辑 删除,8880,红牛维他命饮料有限公司,华彬生产基地,总公司法务部华南分部,88800701,
1106,编辑 删除,8880,红牛维他命饮料有限公司,华彬生产基地,总公司法务部-归档,88800700,
1107,编辑 删除,8880,红牛维他命饮料有限公司,华彬生产基地,总公司行政部-归档,88800600,
1108,编辑 删除,8880,红牛维他命饮料有限公司,华彬生产基地,总公司公关部-归档,88800507,
1109,编辑 删除,8880,红牛维他命饮料有限公司,华彬生产基地,总公司消费者-归档,88800506,
1110,编辑 删除,8880,红牛维他命饮料有限公司,华彬生产基地,总公司研究部-归档,88800505,
1111,编辑 删除,8880,红牛维他命饮料有限公司,华彬生产基地,总公司媒介部-归档,88800504,
1112,编辑 删除,8880,红牛维他命饮料有限公司,华彬生产基地,总公司品牌部-归档,88800503,
1113,编辑 删除,8880,红牛维他命饮料有限公司,华彬生产基地,总公司渠道部-归档,88800502,
1114,编辑 删除,8880,红牛维他命饮料有限公司,华彬生产基地,总公司市场本部-归档,88800501,
1115,编辑 删除,8880,红牛维他命饮料有限公司,华彬生产基地,总公司销售部-归档,88800400,
1116,编辑 删除,8880,红牛维他命饮料有限公司,华彬生产基地,总公司财务部-归档,88800300,
1117,编辑 删除,8880,红牛维他命饮料有限公司,华彬生产基地,总公司行政人力中心,88800205,
1118,编辑 删除,8880,红牛维他命饮料有限公司,华彬生产基地,总公司生产运营中心,88800204,
1119,编辑 删除,8880,红牛维他命饮料有限公司,华彬生产基地,总公司财务管理中心,88800203,
1120,编辑 删除,8880,红牛维他命饮料有限公司,华彬生产基地,总公司营销策划中心,88800202,
1121,编辑 删除,8880,红牛维他命饮料有限公司,华彬生产基地,总公司总经办,88800201,
1122,编辑 删除,8880,红牛维他命饮料有限公司,华彬生产基地,总公司总经理,88800200,
1123,编辑 删除,8880,红牛维他命饮料有限公司,华彬生产基地,营销执行总裁,88800101,
1124,编辑 删除,8880,红牛维他命饮料有限公司,华彬生产基地,总裁,88800100,
1125,编辑 删除,8880,红牛维他命饮料有限公司,华彬生产基地,红牛总公司,88800000,
1126,编辑 删除,8888,北京红牛饮料销售有限公司,华彬销售公司,西藏市场综合中心,88329999,
1127,编辑 删除,7070,华彬力美科技（湖北）有限公司,华彬生产基地,华彬力美安迈欣委外,70707092,
1128,编辑 删除,7070,华彬力美科技（湖北）有限公司,华彬生产基地,华彬力美德源委外,70707091,
1129,编辑 删除,7070,华彬力美科技（湖北）有限公司,华彬生产基地,华彬力美仓库,70703901,
1130,编辑 删除,7070,华彬力美科技（湖北）有限公司,华彬生产基地,华彬力美备品配件库,70703803,
1131,编辑 删除,7070,华彬力美科技（湖北）有限公司,华彬生产基地,华彬力美变配电室,70703802,
1132,编辑 删除,7070,华彬力美科技（湖北）有限公司,华彬生产基地,华彬力美行政人事部,70703600,
1133,编辑 删除,7070,华彬力美科技（湖北）有限公司,华彬生产基地,华彬力美生产四线,70703531,
1134,编辑 删除,7070,华彬力美科技（湖北）有限公司,华彬生产基地,华彬力美生产三线,70703521,
1135,编辑 删除,7070,华彬力美科技（湖北）有限公司,华彬生产基地,华彬力美生产二线,70703511,
1136,编辑 删除,7070,华彬力美科技（湖北）有限公司,华彬生产基地,华彬力美生产线,70703501,
1137,编辑 删除,7070,华彬力美科技（湖北）有限公司,华彬生产基地,华彬力美生产部,70703500,
1138,编辑 删除,7070,华彬力美科技（湖北）有限公司,华彬生产基地,华彬力美销售部,70703400,
1139,编辑 删除,7070,华彬力美科技（湖北）有限公司,华彬生产基地,华彬力美财务部,70703300,
1140,编辑 删除,7070,华彬力美科技（湖北）有限公司,华彬生产基地,华彬力美品研发中心,70703299,
1141,编辑 删除,7070,华彬力美科技（湖北）有限公司,华彬生产基地,华彬力美化验室,70703202,
1142,编辑 删除,7070,华彬力美科技（湖北）有限公司,华彬生产基地,华彬力美品控研发部,70703201,
1143,编辑 删除,7070,华彬力美科技（湖北）有限公司,华彬生产基地,华彬力美领导,70703100,
1144,编辑 删除,7070,华彬力美科技（湖北）有限公司,华彬生产基地,华彬力美,70703000,
1145,编辑 删除,6889,华彬（广东）企业管理有限公司,华彬销售公司,华彬广东综合中心,68899999,
1146,编辑 删除,6889,华彬（广东）企业管理有限公司,华彬销售公司,华彬广东促销活动,68899001,
1147,编辑 删除,6889,华彬（广东）企业管理有限公司,华彬销售公司,华彬广东-川东代表处,68898843,
1148,编辑 删除,6889,华彬（广东）企业管理有限公司,华彬销售公司,华彬广东-金丽衢代表处,68898841,
1149,编辑 删除,6889,华彬（广东）企业管理有限公司,华彬销售公司,华彬广东-浙南代表处,68898840,
1150,编辑 删除,6889,华彬（广东）企业管理有限公司,华彬销售公司,华彬广东-豫南代表处,68898839,
1151,编辑 删除,6889,华彬（广东）企业管理有限公司,华彬销售公司,华彬广东-实业公司,68898836,
1152,编辑 删除,6889,华彬（广东）企业管理有限公司,华彬销售公司,华彬广东-新疆公司,68898835,
1153,编辑 删除,6889,华彬（广东）企业管理有限公司,华彬销售公司,华彬广东-西藏华美,68898832,
1154,编辑 删除,6889,华彬（广东）企业管理有限公司,华彬销售公司,华彬广东-甘肃公司,68898831,
1155,编辑 删除,6889,华彬（广东）企业管理有限公司,华彬销售公司,华彬广东-云南公司,68898827,
1156,编辑 删除,6889,华彬（广东）企业管理有限公司,华彬销售公司,华彬广东-成都公司,68898826,
1157,编辑 删除,6889,华彬（广东）企业管理有限公司,华彬销售公司,华彬广东-粤东代表处,68898824,
1158,编辑 删除,6889,华彬（广东）企业管理有限公司,华彬销售公司,华彬广东-广州公司,68898820,
1159,编辑 删除,6889,华彬（广东）企业管理有限公司,华彬销售公司,华彬广东-上海公司,68898819,
1160,编辑 删除,6889,华彬（广东）企业管理有限公司,华彬销售公司,华彬广东-杭州公司,68898818,
1161,编辑 删除,6889,华彬（广东）企业管理有限公司,华彬销售公司,华彬广东-南京公司,68898815,
1162,编辑 删除,6889,华彬（广东）企业管理有限公司,华彬销售公司,华彬广东-青岛代表处,68898814,
1163,编辑 删除,6889,华彬（广东）企业管理有限公司,华彬销售公司,华彬广东-北京公司,68898801,
1164,编辑 删除,6889,华彬（广东）企业管理有限公司,华彬销售公司,华彬广东-吉林公司,68898707,
1165,编辑 删除,6889,华彬（广东）企业管理有限公司,华彬销售公司,华彬广东-汕头分公司,68898642,
1166,编辑 删除,6889,华彬（广东）企业管理有限公司,华彬销售公司,华彬广东-金华公司,68898641,
1167,编辑 删除,6889,华彬（广东）企业管理有限公司,华彬销售公司,销售-温州分公司,68898640,
1168,编辑 删除,6889,华彬（广东）企业管理有限公司,华彬销售公司,华彬广东-湛江分公司,68898638,
1169,编辑 删除,6889,华彬（广东）企业管理有限公司,华彬销售公司,销售-南疆分公司,68898637,
1170,编辑 删除,6889,华彬（广东）企业管理有限公司,华彬销售公司,华彬广东-东莞公司,68898636,
1171,编辑 删除,6889,华彬（广东）企业管理有限公司,华彬销售公司,华彬广东-宁夏公司,68898634,
1172,编辑 删除,6889,华彬（广东）企业管理有限公司,华彬销售公司,华彬广东-青海公司,68898633,
1173,编辑 删除,6889,华彬（广东）企业管理有限公司,华彬销售公司,华彬广东-陕西公司,68898630,
1174,编辑 删除,6889,华彬（广东）企业管理有限公司,华彬销售公司,华彬广东-重庆公司,68898629,
1175,编辑 删除,6889,华彬（广东）企业管理有限公司,华彬销售公司,华彬广东-贵州公司,68898628,
1176,编辑 删除,6889,华彬（广东）企业管理有限公司,华彬销售公司,华彬广东-海南公司,68898625,
1177,编辑 删除,6889,华彬（广东）企业管理有限公司,华彬销售公司,华彬广东-粤东分公司,68898624,
1178,编辑 删除,6889,华彬（广东）企业管理有限公司,华彬销售公司,华彬广东-湖南公司,68898623,
1179,编辑 删除,6889,华彬（广东）企业管理有限公司,华彬销售公司,华彬广东-南宁公司,68898621,
1180,编辑 删除,6889,华彬（广东）企业管理有限公司,华彬销售公司,华彬广东-福建公司,68898617,
1181,编辑 删除,6889,华彬（广东）企业管理有限公司,华彬销售公司,华彬广东-安徽公司,68898616,
1182,编辑 删除,6889,华彬（广东）企业管理有限公司,华彬销售公司,华彬广东-苏北公司,68898613,
1183,编辑 删除,6889,华彬（广东）企业管理有限公司,华彬销售公司,华彬广东-山东公司,68898612,
1184,编辑 删除,6889,华彬（广东）企业管理有限公司,华彬销售公司,华彬广东-江西公司,68898611,
1185,编辑 删除,6889,华彬（广东）企业管理有限公司,华彬销售公司,华彬广东-湖北公司,68898610,
1186,编辑 删除,6889,华彬（广东）企业管理有限公司,华彬销售公司,华彬广东-河南公司,68898609,
1187,编辑 删除,6889,华彬（广东）企业管理有限公司,华彬销售公司,华彬广东-黑龙江公司,68898608,
1188,编辑 删除,6889,华彬（广东）企业管理有限公司,华彬销售公司,华彬广东-辽宁公司,68898606,
1189,编辑 删除,6889,华彬（广东）企业管理有限公司,华彬销售公司,华彬广东-内蒙分公司,68898605,
1190,编辑 删除,6889,华彬（广东）企业管理有限公司,华彬销售公司,华彬广东-山西分公司,68898604,
1191,编辑 删除,6889,华彬（广东）企业管理有限公司,华彬销售公司,华彬广东-天津分,68898603,
1192,编辑 删除,6889,华彬（广东）企业管理有限公司,华彬销售公司,华彬广东-河北分公司,68898602,
1193,编辑 删除,6889,华彬（广东）企业管理有限公司,华彬销售公司,功能饮料事业部,68898100,
1194,编辑 删除,6889,华彬（广东）企业管理有限公司,华彬销售公司,财务管理中心-华彬广东财务部,68895350,
1195,编辑 删除,6889,华彬（广东）企业管理有限公司,华彬销售公司,华彬广东——战马,68890004,
1196,编辑 删除,6889,华彬（广东）企业管理有限公司,华彬销售公司,华彬广东——果倍爽,68890002,
1197,编辑 删除,6889,华彬（广东）企业管理有限公司,华彬销售公司,华彬广东——唯他可可,68890001,
1198,编辑 删除,6889,华彬（广东）企业管理有限公司,华彬销售公司,华彬广东,68890000,
1199,编辑 删除,6888,华彬饮料销售有限公司,华彬销售公司,销售总公司综合中心,68889999,
1200,编辑 删除,6888,华彬饮料销售有限公司,华彬销售公司,销售总公司促销活动,68889001,
1201,编辑 删除,6888,华彬饮料销售有限公司,华彬销售公司,销售总公司促销活动,68889000,
1202,编辑 删除,6888,华彬饮料销售有限公司,华彬销售公司,华彬饮料销售公司-西藏,68888832,
1203,编辑 删除,6888,华彬饮料销售有限公司,华彬销售公司,华彬饮料销售公司-广州,68888820,
1204,编辑 删除,6888,华彬饮料销售有限公司,华彬销售公司,功能饮料事业部-综合-品牌产品发展部,68888133,
1205,编辑 删除,6888,华彬饮料销售有限公司,华彬销售公司,功能饮料事业部-综合-信息部,68888132,
1206,编辑 删除,6888,华彬饮料销售有限公司,华彬销售公司,功能饮料事业部-综合-体育营销部,68888131,
1207,编辑 删除,6888,华彬饮料销售有限公司,华彬销售公司,功能饮料事业部-综合管理部,68888130,
1208,编辑 删除,6888,华彬饮料销售有限公司,华彬销售公司,功能饮料事业部-市场-区域市场部,68888122,
1209,编辑 删除,6888,华彬饮料销售有限公司,华彬销售公司,功能饮料事业部-市场-促销管理部,68888121,
1210,编辑 删除,6888,华彬饮料销售有限公司,华彬销售公司,功能饮料事业部-市场管理部,68888120,
1211,编辑 删除,6888,华彬饮料销售有限公司,华彬销售公司,功能饮料事业部-销售-销售支持部,68888114,
1212,编辑 删除,6888,华彬饮料销售有限公司,华彬销售公司,功能饮料事业部-销售-现代渠道部,68888113,
1213,编辑 删除,6888,华彬饮料销售有限公司,华彬销售公司,功能饮料事业部-销售-渠道管理部,68888112,
1214,编辑 删除,6888,华彬饮料销售有限公司,华彬销售公司,功能饮料事业部-销售-区域管理部,68888111,
1215,编辑 删除,6888,华彬饮料销售有限公司,华彬销售公司,功能饮料事业部-销售管理部,68888110,
1216,编辑 删除,6888,华彬饮料销售有限公司,华彬销售公司,功能饮料事业部-营业单位,68888100,
1217,编辑 删除,6888,华彬饮料销售有限公司,华彬销售公司,战略研发中心-品牌公关部,68885630,
1218,编辑 删除,6888,华彬饮料销售有限公司,华彬销售公司,人力行政-人力-员工发展部,68885412,
1219,编辑 删除,6888,华彬饮料销售有限公司,华彬销售公司,功能饮料事业部,68885100,
1220,编辑 删除,6888,华彬饮料销售有限公司,华彬销售公司,华彬销售-战马-营业单位,68884000,
1221,编辑 删除,6888,华彬饮料销售有限公司,华彬销售公司,华彬销售-VOSS-营业单位,68883000,
1222,编辑 删除,6888,华彬饮料销售有限公司,华彬销售公司,华彬销售-果倍爽-营业单位,68882000,
1223,编辑 删除,6888,华彬饮料销售有限公司,华彬销售公司,华彬销售-可可-营业单位,68881000,
1224,编辑 删除,6888,华彬饮料销售有限公司,华彬销售公司,华彬销售-战马-总部,68880004,
1225,编辑 删除,6888,华彬饮料销售有限公司,华彬销售公司,华彬销售-VOSS-总部,68880003,
1226,编辑 删除,6888,华彬饮料销售有限公司,华彬销售公司,华彬销售-果倍爽-总部,68880002,
1227,编辑 删除,6888,华彬饮料销售有限公司,华彬销售公司,华彬销售-可可-总部,68880001,
1228,编辑 删除,6888,华彬饮料销售有限公司,华彬销售公司,华彬饮料销售公司-总部,68880000,
1229,编辑 删除,6886,华彬快速消费品销售（湖北）有限公司,华彬销售公司,销售总公司综合中心,68869999,
1230,编辑 删除,6886,华彬快速消费品销售（湖北）有限公司,华彬销售公司,销售总公司渠道促销品,68869002,
1231,编辑 删除,6886,华彬快速消费品销售（湖北）有限公司,华彬销售公司,销售总公司促销活动,68869001,
1232,编辑 删除,6886,华彬快速消费品销售（湖北）有限公司,华彬销售公司,销售总公司饮料换资源,68869000,
1233,编辑 删除,6886,华彬快速消费品销售（湖北）有限公司,华彬销售公司,湖北销售-贵州,68868845,
1234,编辑 删除,6886,华彬快速消费品销售（湖北）有限公司,华彬销售公司,华彬湖北-豫南代表处,68868839,
1235,编辑 删除,6886,华彬快速消费品销售（湖北）有限公司,华彬销售公司,湖北销售总公司-深圳分公司,68868836,
1236,编辑 删除,6886,华彬快速消费品销售（湖北）有限公司,华彬销售公司,湖北销售-新疆,68868835,
1237,编辑 删除,6886,华彬快速消费品销售（湖北）有限公司,华彬销售公司,湖北销售-西藏,68868832,
1238,编辑 删除,6886,华彬快速消费品销售（湖北）有限公司,华彬销售公司,湖北销售-甘肃,68868831,
1239,编辑 删除,6886,华彬快速消费品销售（湖北）有限公司,华彬销售公司,湖北销售总公司-云南公司,68868827,
1240,编辑 删除,6886,华彬快速消费品销售（湖北）有限公司,华彬销售公司,湖北销售总公司-成都公司,68868826,
1241,编辑 删除,6886,华彬快速消费品销售（湖北）有限公司,华彬销售公司,湖北销售-广州,68868820,
1242,编辑 删除,6886,华彬快速消费品销售（湖北）有限公司,华彬销售公司,湖北销售总公司-上海分公司,68868819,
1243,编辑 删除,6886,华彬快速消费品销售（湖北）有限公司,华彬销售公司,湖北销售-杭州,68868818,
1244,编辑 删除,6886,华彬快速消费品销售（湖北）有限公司,华彬销售公司,湖北销售总公司-南京分公司,68868815,
1245,编辑 删除,6886,华彬快速消费品销售（湖北）有限公司,华彬销售公司,湖北销售总公司-青岛公司,68868814,
1246,编辑 删除,6886,华彬快速消费品销售（湖北）有限公司,华彬销售公司,湖北销售总公司-北京公司,68868801,
1247,编辑 删除,6886,华彬快速消费品销售（湖北）有限公司,华彬销售公司,湖北销售-吉林,68868707,
1248,编辑 删除,6886,华彬快速消费品销售（湖北）有限公司,华彬销售公司,湖北销售-汕头,68868642,
1249,编辑 删除,6886,华彬快速消费品销售（湖北）有限公司,华彬销售公司,湖北销售-金华,68868641,
1250,编辑 删除,6886,华彬快速消费品销售（湖北）有限公司,华彬销售公司,湖北销售总公司-温州公司,68868640,
1251,编辑 删除,6886,华彬快速消费品销售（湖北）有限公司,华彬销售公司,湖北销售-南疆,68868637,
1252,编辑 删除,6886,华彬快速消费品销售（湖北）有限公司,华彬销售公司,湖北销售总公司-东莞分公司,68868636,
1253,编辑 删除,6886,华彬快速消费品销售（湖北）有限公司,华彬销售公司,湖北销售-宁夏,68868634,
1254,编辑 删除,6886,华彬快速消费品销售（湖北）有限公司,华彬销售公司,湖北销售-青海,68868633,
1255,编辑 删除,6886,华彬快速消费品销售（湖北）有限公司,华彬销售公司,湖北销售-陕西,68868630,
1256,编辑 删除,6886,华彬快速消费品销售（湖北）有限公司,华彬销售公司,湖北销售-重庆,68868629,
1257,编辑 删除,6886,华彬快速消费品销售（湖北）有限公司,华彬销售公司,湖北销售总公司-海南公司,68868625,
1258,编辑 删除,6886,华彬快速消费品销售（湖北）有限公司,华彬销售公司,湖北销售总公司-湖南公司,68868623,
1259,编辑 删除,6886,华彬快速消费品销售（湖北）有限公司,华彬销售公司,湖北销售总公司-南宁公司,68868621,
1260,编辑 删除,6886,华彬快速消费品销售（湖北）有限公司,华彬销售公司,湖北销售-安徽,68868616,
1261,编辑 删除,6886,华彬快速消费品销售（湖北）有限公司,华彬销售公司,湖北销售总公司-苏北公司,68868613,
1262,编辑 删除,6886,华彬快速消费品销售（湖北）有限公司,华彬销售公司,湖北销售总公司-山东公司,68868612,
1263,编辑 删除,6886,华彬快速消费品销售（湖北）有限公司,华彬销售公司,湖北销售总公司-江西公司,68868611,
1264,编辑 删除,6886,华彬快速消费品销售（湖北）有限公司,华彬销售公司,湖北销售总公司-湖北公司,68868610,
1265,编辑 删除,6886,华彬快速消费品销售（湖北）有限公司,华彬销售公司,湖北销售总公司-河南分公司,68868609,
1266,编辑 删除,6886,华彬快速消费品销售（湖北）有限公司,华彬销售公司,湖北销售-黑龙江,68868608,
1267,编辑 删除,6886,华彬快速消费品销售（湖北）有限公司,华彬销售公司,湖北销售-辽宁,68868606,
1268,编辑 删除,6886,华彬快速消费品销售（湖北）有限公司,华彬销售公司,湖北销售-内蒙古,68868605,
1269,编辑 删除,6886,华彬快速消费品销售（湖北）有限公司,华彬销售公司,湖北销售-山西,68868604,
1270,编辑 删除,6886,华彬快速消费品销售（湖北）有限公司,华彬销售公司,湖北销售-天津,68868603,
1271,编辑 删除,6886,华彬快速消费品销售（湖北）有限公司,华彬销售公司,湖北销售-河北,68868602,
1272,编辑 删除,6886,华彬快速消费品销售（湖北）有限公司,华彬销售公司,功能饮料事业部,68868100,
1273,编辑 删除,6886,华彬快速消费品销售（湖北）有限公司,华彬销售公司,湖北销售总公司-华彬广东,68866889,
1274,编辑 删除,6886,华彬快速消费品销售（湖北）有限公司,华彬销售公司,湖北销售总公司-贵州销售,68866885,
1275,编辑 删除,6886,华彬快速消费品销售（湖北）有限公司,华彬销售公司,湖北销售总公司-福建销售,68866884,
1276,编辑 删除,6886,华彬快速消费品销售（湖北）有限公司,华彬销售公司,财务管理中心-湖北财务部,68865370,
1277,编辑 删除,6886,华彬快速消费品销售（湖北）有限公司,华彬销售公司,销售-中部战区,68862206,
1278,编辑 删除,6886,华彬快速消费品销售（湖北）有限公司,华彬销售公司,湖北销售——战马,68860004,
1279,编辑 删除,6886,华彬快速消费品销售（湖北）有限公司,华彬销售公司,湖北销售——VOSS,68860003,
1280,编辑 删除,6886,华彬快速消费品销售（湖北）有限公司,华彬销售公司,湖北销售——果倍爽,68860002,
1281,编辑 删除,6886,华彬快速消费品销售（湖北）有限公司,华彬销售公司,湖北销售——唯他可可,68860001,
1282,编辑 删除,6886,华彬快速消费品销售（湖北）有限公司,华彬销售公司,湖北销售,68860000,
1283,编辑 删除,6885,华彬快速消费品销售（贵州）有限公司,华彬销售公司,销售总公司综合中心,68859999,
1284,编辑 删除,6885,华彬快速消费品销售（贵州）有限公司,华彬销售公司,销售总公司渠道促销品,68859002,
1285,编辑 删除,6885,华彬快速消费品销售（贵州）有限公司,华彬销售公司,销售总公司促销活动,68859001,
1286,编辑 删除,6885,华彬快速消费品销售（贵州）有限公司,华彬销售公司,销售总公司饮料换资源,68859000,
1287,编辑 删除,6885,华彬快速消费品销售（贵州）有限公司,华彬销售公司,贵州销售-贵州,68858845,
1288,编辑 删除,6885,华彬快速消费品销售（贵州）有限公司,华彬销售公司,贵州销售-青岛,68858844,
1289,编辑 删除,6885,华彬快速消费品销售（贵州）有限公司,华彬销售公司,贵州销售-川东,68858843,
1290,编辑 删除,6885,华彬快速消费品销售（贵州）有限公司,华彬销售公司,贵州销售-汕头,68858842,
1291,编辑 删除,6885,华彬快速消费品销售（贵州）有限公司,华彬销售公司,贵州销售-金华,68858841,
1292,编辑 删除,6885,华彬快速消费品销售（贵州）有限公司,华彬销售公司,贵州销售-温州,68858840,
1293,编辑 删除,6885,华彬快速消费品销售（贵州）有限公司,华彬销售公司,贵州销售-豫南,68858839,
1294,编辑 删除,6885,华彬快速消费品销售（贵州）有限公司,华彬销售公司,贵州销售-湛江,68858838,
1295,编辑 删除,6885,华彬快速消费品销售（贵州）有限公司,华彬销售公司,贵州销售-南疆,68858837,
1296,编辑 删除,6885,华彬快速消费品销售（贵州）有限公司,华彬销售公司,贵州销售-东莞,68858836,
1297,编辑 删除,6885,华彬快速消费品销售（贵州）有限公司,华彬销售公司,贵州销售-新疆,68858835,
1298,编辑 删除,6885,华彬快速消费品销售（贵州）有限公司,华彬销售公司,贵州销售-宁夏,68858834,
1299,编辑 删除,6885,华彬快速消费品销售（贵州）有限公司,华彬销售公司,贵州销售-青海,68858833,
1300,编辑 删除,6885,华彬快速消费品销售（贵州）有限公司,华彬销售公司,贵州销售-西藏,68858832,
1301,编辑 删除,6885,华彬快速消费品销售（贵州）有限公司,华彬销售公司,贵州销售-甘肃,68858831,
1302,编辑 删除,6885,华彬快速消费品销售（贵州）有限公司,华彬销售公司,贵州销售-陕西,68858830,
1303,编辑 删除,6885,华彬快速消费品销售（贵州）有限公司,华彬销售公司,贵州销售-重庆,68858829,
1304,编辑 删除,6885,华彬快速消费品销售（贵州）有限公司,华彬销售公司,贵州销售-贵州,68858828,
1305,编辑 删除,6885,华彬快速消费品销售（贵州）有限公司,华彬销售公司,贵州销售-云南,68858827,
1306,编辑 删除,6885,华彬快速消费品销售（贵州）有限公司,华彬销售公司,贵州销售-成都,68858826,
1307,编辑 删除,6885,华彬快速消费品销售（贵州）有限公司,华彬销售公司,贵州销售-海南,68858825,
1308,编辑 删除,6885,华彬快速消费品销售（贵州）有限公司,华彬销售公司,贵州销售-湖南,68858823,
1309,编辑 删除,6885,华彬快速消费品销售（贵州）有限公司,华彬销售公司,贵州销售-深圳,68858822,
1310,编辑 删除,6885,华彬快速消费品销售（贵州）有限公司,华彬销售公司,贵州销售-广西,68858821,
1311,编辑 删除,6885,华彬快速消费品销售（贵州）有限公司,华彬销售公司,贵州销售-广州,68858820,
1312,编辑 删除,6885,华彬快速消费品销售（贵州）有限公司,华彬销售公司,贵州销售-上海,68858819,
1313,编辑 删除,6885,华彬快速消费品销售（贵州）有限公司,华彬销售公司,贵州销售-杭州,68858818,
1314,编辑 删除,6885,华彬快速消费品销售（贵州）有限公司,华彬销售公司,贵州销售-福建,68858817,
1315,编辑 删除,6885,华彬快速消费品销售（贵州）有限公司,华彬销售公司,贵州销售-安徽,68858816,
1316,编辑 删除,6885,华彬快速消费品销售（贵州）有限公司,华彬销售公司,贵州销售-南京,68858815,
1317,编辑 删除,6885,华彬快速消费品销售（贵州）有限公司,华彬销售公司,贵州销售-青岛,68858814,
1318,编辑 删除,6885,华彬快速消费品销售（贵州）有限公司,华彬销售公司,贵州销售-苏北,68858813,
1319,编辑 删除,6885,华彬快速消费品销售（贵州）有限公司,华彬销售公司,贵州销售-山东,68858812,
1320,编辑 删除,6885,华彬快速消费品销售（贵州）有限公司,华彬销售公司,贵州销售-江西,68858811,
1321,编辑 删除,6885,华彬快速消费品销售（贵州）有限公司,华彬销售公司,贵州销售-湖北,68858810,
1322,编辑 删除,6885,华彬快速消费品销售（贵州）有限公司,华彬销售公司,贵州销售-河南,68858809,
1323,编辑 删除,6885,华彬快速消费品销售（贵州）有限公司,华彬销售公司,贵州销售-黑龙江,68858808,
1324,编辑 删除,6885,华彬快速消费品销售（贵州）有限公司,华彬销售公司,贵州销售-吉林,68858807,
1325,编辑 删除,6885,华彬快速消费品销售（贵州）有限公司,华彬销售公司,贵州销售-辽宁,68858806,
1326,编辑 删除,6885,华彬快速消费品销售（贵州）有限公司,华彬销售公司,贵州销售-内蒙古,68858805,
1327,编辑 删除,6885,华彬快速消费品销售（贵州）有限公司,华彬销售公司,贵州销售-山西,68858804,
1328,编辑 删除,6885,华彬快速消费品销售（贵州）有限公司,华彬销售公司,贵州销售-天津,68858803,
1329,编辑 删除,6885,华彬快速消费品销售（贵州）有限公司,华彬销售公司,贵州销售-河北,68858802,
1330,编辑 删除,6885,华彬快速消费品销售（贵州）有限公司,华彬销售公司,贵州销售-北京,68858801,
1331,编辑 删除,6885,华彬快速消费品销售（贵州）有限公司,华彬销售公司,集团总部市场部,68858122,
1332,编辑 删除,6885,华彬快速消费品销售（贵州）有限公司,华彬销售公司,功能饮料事业部,68858100,
1333,编辑 删除,6885,华彬快速消费品销售（贵州）有限公司,华彬销售公司,贵州销售——战马,68850004,
1334,编辑 删除,6885,华彬快速消费品销售（贵州）有限公司,华彬销售公司,贵州销售——果倍爽,68850002,
1335,编辑 删除,6885,华彬快速消费品销售（贵州）有限公司,华彬销售公司,贵州销售——唯他可可,68850001,
1336,编辑 删除,6885,华彬快速消费品销售（贵州）有限公司,华彬销售公司,贵州销售,68850000,
1337,编辑 删除,6884,华彬快速消费品销售（福建）有限公司,华彬销售公司,销售总公司综合中心,68849999,
1338,编辑 删除,6884,华彬快速消费品销售（福建）有限公司,华彬销售公司,销售总公司渠道促销品,68849002,
1339,编辑 删除,6884,华彬快速消费品销售（福建）有限公司,华彬销售公司,销售总公司促销活动,68849001,
1340,编辑 删除,6884,华彬快速消费品销售（福建）有限公司,华彬销售公司,销售总公司饮料换资源,68849000,
1341,编辑 删除,6884,华彬快速消费品销售（福建）有限公司,华彬销售公司,福建销售-贵州,68848845,
1342,编辑 删除,6884,华彬快速消费品销售（福建）有限公司,华彬销售公司,福建销售-青岛,68848844,
1343,编辑 删除,6884,华彬快速消费品销售（福建）有限公司,华彬销售公司,福建销售-汕头,68848842,
1344,编辑 删除,6884,华彬快速消费品销售（福建）有限公司,华彬销售公司,福建销售-金华,68848841,
1345,编辑 删除,6884,华彬快速消费品销售（福建）有限公司,华彬销售公司,福建销售-温州,68848840,
1346,编辑 删除,6884,华彬快速消费品销售（福建）有限公司,华彬销售公司,福建销售-湛江,68848838,
1347,编辑 删除,6884,华彬快速消费品销售（福建）有限公司,华彬销售公司,福建销售-南疆,68848837,
1348,编辑 删除,6884,华彬快速消费品销售（福建）有限公司,华彬销售公司,福建销售-东莞,68848836,
1349,编辑 删除,6884,华彬快速消费品销售（福建）有限公司,华彬销售公司,福建销售-新疆,68848835,
1350,编辑 删除,6884,华彬快速消费品销售（福建）有限公司,华彬销售公司,福建销售-宁夏,68848834,
1351,编辑 删除,6884,华彬快速消费品销售（福建）有限公司,华彬销售公司,福建销售-青海,68848833,
1352,编辑 删除,6884,华彬快速消费品销售（福建）有限公司,华彬销售公司,福建销售-甘肃,68848831,
1353,编辑 删除,6884,华彬快速消费品销售（福建）有限公司,华彬销售公司,福建销售-陕西,68848830,
1354,编辑 删除,6884,华彬快速消费品销售（福建）有限公司,华彬销售公司,福建销售-重庆,68848829,
1355,编辑 删除,6884,华彬快速消费品销售（福建）有限公司,华彬销售公司,福建销售-云南,68848827,
1356,编辑 删除,6884,华彬快速消费品销售（福建）有限公司,华彬销售公司,福建销售-成都,68848826,
1357,编辑 删除,6884,华彬快速消费品销售（福建）有限公司,华彬销售公司,福建销售-海南,68848825,
1358,编辑 删除,6884,华彬快速消费品销售（福建）有限公司,华彬销售公司,福建销售-湖南,68848823,
1359,编辑 删除,6884,华彬快速消费品销售（福建）有限公司,华彬销售公司,福建销售-深圳,68848822,
1360,编辑 删除,6884,华彬快速消费品销售（福建）有限公司,华彬销售公司,福建销售-广西,68848821,
1361,编辑 删除,6884,华彬快速消费品销售（福建）有限公司,华彬销售公司,福建销售-广州,68848820,
1362,编辑 删除,6884,华彬快速消费品销售（福建）有限公司,华彬销售公司,福建销售-上海,68848819,
1363,编辑 删除,6884,华彬快速消费品销售（福建）有限公司,华彬销售公司,福建销售-杭州,68848818,
1364,编辑 删除,6884,华彬快速消费品销售（福建）有限公司,华彬销售公司,福建销售-福建,68848817,
1365,编辑 删除,6884,华彬快速消费品销售（福建）有限公司,华彬销售公司,福建销售-安徽,68848816,
1366,编辑 删除,6884,华彬快速消费品销售（福建）有限公司,华彬销售公司,福建销售-南京,68848815,
1367,编辑 删除,6884,华彬快速消费品销售（福建）有限公司,华彬销售公司,福建销售-苏北,68848813,
1368,编辑 删除,6884,华彬快速消费品销售（福建）有限公司,华彬销售公司,福建销售-山东,68848812,
1369,编辑 删除,6884,华彬快速消费品销售（福建）有限公司,华彬销售公司,福建销售-江西,68848811,
1370,编辑 删除,6884,华彬快速消费品销售（福建）有限公司,华彬销售公司,福建销售-湖北,68848810,
1371,编辑 删除,6884,华彬快速消费品销售（福建）有限公司,华彬销售公司,福建销售-河南,68848809,
1372,编辑 删除,6884,华彬快速消费品销售（福建）有限公司,华彬销售公司,福建销售-黑龙江,68848808,
1373,编辑 删除,6884,华彬快速消费品销售（福建）有限公司,华彬销售公司,福建销售-吉林,68848807,
1374,编辑 删除,6884,华彬快速消费品销售（福建）有限公司,华彬销售公司,福建销售-辽宁,68848806,
1375,编辑 删除,6884,华彬快速消费品销售（福建）有限公司,华彬销售公司,福建销售-内蒙古,68848805,
1376,编辑 删除,6884,华彬快速消费品销售（福建）有限公司,华彬销售公司,福建销售-山西,68848804,
1377,编辑 删除,6884,华彬快速消费品销售（福建）有限公司,华彬销售公司,福建销售-天津,68848803,
1378,编辑 删除,6884,华彬快速消费品销售（福建）有限公司,华彬销售公司,福建销售-河北,68848802,
1379,编辑 删除,6884,华彬快速消费品销售（福建）有限公司,华彬销售公司,福建销售-北京,68848801,
1380,编辑 删除,6884,华彬快速消费品销售（福建）有限公司,华彬销售公司,福建销售总公司-江西公司,68848611,
1381,编辑 删除,6884,华彬快速消费品销售（福建）有限公司,华彬销售公司,功能饮料事业部-市场-区域市场部,68848122,
1382,编辑 删除,6884,华彬快速消费品销售（福建）有限公司,华彬销售公司,功能饮料事业部,68848100,
1383,编辑 删除,6884,华彬快速消费品销售（福建）有限公司,华彬销售公司,福建销售-厦门基地,68846866,
1384,编辑 删除,6884,华彬快速消费品销售（福建）有限公司,华彬销售公司,福建销售——战马,68840004,
1385,编辑 删除,6884,华彬快速消费品销售（福建）有限公司,华彬销售公司,福建销售——果倍爽,68840002,
1386,编辑 删除,6884,华彬快速消费品销售（福建）有限公司,华彬销售公司,福建销售——唯他可可,68840001,
1387,编辑 删除,6884,华彬快速消费品销售（福建）有限公司,华彬销售公司,福建销售,68840000,
1388,编辑 删除,6883,华彬快速消费品销售（江苏）有限公司,华彬销售公司,华彬江苏,68830000,
1389,编辑 删除,6867,战马（无锡）饮料有限公司,华彬生产基地,战马江苏综合中心,68679999,
1390,编辑 删除,6867,战马（无锡）饮料有限公司,华彬生产基地,战马- 广东基地代加工,68678885,
1391,编辑 删除,6867,战马（无锡）饮料有限公司,华彬生产基地,战马- 朗臣基地代加工,68678884,
1392,编辑 删除,6867,战马（无锡）饮料有限公司,华彬生产基地,无锡战马-贵州,68678845,
1393,编辑 删除,6867,战马（无锡）饮料有限公司,华彬生产基地,无锡战马-青岛,68678844,
1394,编辑 删除,6867,战马（无锡）饮料有限公司,华彬生产基地,无锡战马-川东,68678843,
1395,编辑 删除,6867,战马（无锡）饮料有限公司,华彬生产基地,无锡战马-汕头,68678842,
1396,编辑 删除,6867,战马（无锡）饮料有限公司,华彬生产基地,无锡战马-金华,68678841,
1397,编辑 删除,6867,战马（无锡）饮料有限公司,华彬生产基地,无锡战马-温州,68678840,
1398,编辑 删除,6867,战马（无锡）饮料有限公司,华彬生产基地,无锡战马-豫南,68678839,
1399,编辑 删除,6867,战马（无锡）饮料有限公司,华彬生产基地,无锡战马-湛江,68678838,
1400,编辑 删除,6867,战马（无锡）饮料有限公司,华彬生产基地,无锡战马-南疆,68678837,
1401,编辑 删除,6867,战马（无锡）饮料有限公司,华彬生产基地,无锡战马-东莞,68678836,
1402,编辑 删除,6867,战马（无锡）饮料有限公司,华彬生产基地,无锡战马-新疆,68678835,
1403,编辑 删除,6867,战马（无锡）饮料有限公司,华彬生产基地,无锡战马-宁夏,68678834,
1404,编辑 删除,6867,战马（无锡）饮料有限公司,华彬生产基地,无锡战马-青海,68678833,
1405,编辑 删除,6867,战马（无锡）饮料有限公司,华彬生产基地,无锡战马-西藏,68678832,
1406,编辑 删除,6867,战马（无锡）饮料有限公司,华彬生产基地,无锡战马-甘肃,68678831,
1407,编辑 删除,6867,战马（无锡）饮料有限公司,华彬生产基地,无锡战马-陕西,68678830,
1408,编辑 删除,6867,战马（无锡）饮料有限公司,华彬生产基地,无锡战马-重庆,68678829,
1409,编辑 删除,6867,战马（无锡）饮料有限公司,华彬生产基地,无锡战马-云南,68678827,
1410,编辑 删除,6867,战马（无锡）饮料有限公司,华彬生产基地,无锡战马-成都,68678826,
1411,编辑 删除,6867,战马（无锡）饮料有限公司,华彬生产基地,无锡战马-海南,68678825,
1412,编辑 删除,6867,战马（无锡）饮料有限公司,华彬生产基地,无锡战马-湖南,68678823,
1413,编辑 删除,6867,战马（无锡）饮料有限公司,华彬生产基地,无锡战马-深圳,68678822,
1414,编辑 删除,6867,战马（无锡）饮料有限公司,华彬生产基地,无锡战马-广西,68678821,
1415,编辑 删除,6867,战马（无锡）饮料有限公司,华彬生产基地,无锡战马-广州,68678820,
1416,编辑 删除,6867,战马（无锡）饮料有限公司,华彬生产基地,无锡战马-上海,68678819,
1417,编辑 删除,6867,战马（无锡）饮料有限公司,华彬生产基地,无锡战马-杭州,68678818,
1418,编辑 删除,6867,战马（无锡）饮料有限公司,华彬生产基地,无锡战马-福建,68678817,
1419,编辑 删除,6867,战马（无锡）饮料有限公司,华彬生产基地,无锡战马-安徽,68678816,
1420,编辑 删除,6867,战马（无锡）饮料有限公司,华彬生产基地,无锡战马-南京,68678815,
1421,编辑 删除,6867,战马（无锡）饮料有限公司,华彬生产基地,无锡战马-苏北,68678813,
1422,编辑 删除,6867,战马（无锡）饮料有限公司,华彬生产基地,无锡战马-山东,68678812,
1423,编辑 删除,6867,战马（无锡）饮料有限公司,华彬生产基地,无锡战马-江西,68678811,
1424,编辑 删除,6867,战马（无锡）饮料有限公司,华彬生产基地,无锡战马-湖北,68678810,
1425,编辑 删除,6867,战马（无锡）饮料有限公司,华彬生产基地,无锡战马-河南,68678809,
1426,编辑 删除,6867,战马（无锡）饮料有限公司,华彬生产基地,无锡战马-黑龙江,68678808,
1427,编辑 删除,6867,战马（无锡）饮料有限公司,华彬生产基地,无锡战马-吉林,68678807,
1428,编辑 删除,6867,战马（无锡）饮料有限公司,华彬生产基地,无锡战马-辽宁,68678806,
1429,编辑 删除,6867,战马（无锡）饮料有限公司,华彬生产基地,无锡战马-内蒙古,68678805,
1430,编辑 删除,6867,战马（无锡）饮料有限公司,华彬生产基地,无锡战马-山西,68678804,
1431,编辑 删除,6867,战马（无锡）饮料有限公司,华彬生产基地,无锡战马-天津,68678803,
1432,编辑 删除,6867,战马（无锡）饮料有限公司,华彬生产基地,无锡战马-河北,68678802,
1433,编辑 删除,6867,战马（无锡）饮料有限公司,华彬生产基地,无锡战马-北京,68678801,
1434,编辑 删除,6867,战马（无锡）饮料有限公司,华彬生产基地,战马- 百仕欣代加工,68676860,
1435,编辑 删除,6867,战马（无锡）饮料有限公司,华彬生产基地,战马,68670000,
1436,编辑 删除,6866,华彬快速消费品饮料（福建）有限公司,华彬生产基地,福建基地-贵州,68668845,
1437,编辑 删除,6866,华彬快速消费品饮料（福建）有限公司,华彬生产基地,福建基地-青岛,68668844,
1438,编辑 删除,6866,华彬快速消费品饮料（福建）有限公司,华彬生产基地,福建基地-川东,68668843,
1439,编辑 删除,6866,华彬快速消费品饮料（福建）有限公司,华彬生产基地,福建基地-汕头,68668842,
1440,编辑 删除,6866,华彬快速消费品饮料（福建）有限公司,华彬生产基地,福建基地-金华,68668841,
1441,编辑 删除,6866,华彬快速消费品饮料（福建）有限公司,华彬生产基地,福建基地-温州,68668840,
1442,编辑 删除,6866,华彬快速消费品饮料（福建）有限公司,华彬生产基地,福建基地-豫南,68668839,
1443,编辑 删除,6866,华彬快速消费品饮料（福建）有限公司,华彬生产基地,福建基地-湛江,68668838,
1444,编辑 删除,6866,华彬快速消费品饮料（福建）有限公司,华彬生产基地,福建基地-南疆,68668837,
1445,编辑 删除,6866,华彬快速消费品饮料（福建）有限公司,华彬生产基地,福建基地-东莞,68668836,
1446,编辑 删除,6866,华彬快速消费品饮料（福建）有限公司,华彬生产基地,福建基地-新疆,68668835,
1447,编辑 删除,6866,华彬快速消费品饮料（福建）有限公司,华彬生产基地,福建基地-宁夏,68668834,
1448,编辑 删除,6866,华彬快速消费品饮料（福建）有限公司,华彬生产基地,福建基地-青海,68668833,
1449,编辑 删除,6866,华彬快速消费品饮料（福建）有限公司,华彬生产基地,福建基地-西藏,68668832,
1450,编辑 删除,6866,华彬快速消费品饮料（福建）有限公司,华彬生产基地,福建基地-甘肃,68668831,
1451,编辑 删除,6866,华彬快速消费品饮料（福建）有限公司,华彬生产基地,福建基地-陕西,68668830,
1452,编辑 删除,6866,华彬快速消费品饮料（福建）有限公司,华彬生产基地,福建基地-重庆,68668829,
1453,编辑 删除,6866,华彬快速消费品饮料（福建）有限公司,华彬生产基地,福建基地-云南,68668827,
1454,编辑 删除,6866,华彬快速消费品饮料（福建）有限公司,华彬生产基地,福建基地-成都,68668826,
1455,编辑 删除,6866,华彬快速消费品饮料（福建）有限公司,华彬生产基地,福建基地-海南,68668825,
1456,编辑 删除,6866,华彬快速消费品饮料（福建）有限公司,华彬生产基地,福建基地-湖南,68668823,
1457,编辑 删除,6866,华彬快速消费品饮料（福建）有限公司,华彬生产基地,福建基地-深圳,68668822,
1458,编辑 删除,6866,华彬快速消费品饮料（福建）有限公司,华彬生产基地,福建基地-广西,68668821,
1459,编辑 删除,6866,华彬快速消费品饮料（福建）有限公司,华彬生产基地,福建基地-广州,68668820,
1460,编辑 删除,6866,华彬快速消费品饮料（福建）有限公司,华彬生产基地,福建基地-上海,68668819,
1461,编辑 删除,6866,华彬快速消费品饮料（福建）有限公司,华彬生产基地,福建基地-杭州,68668818,
1462,编辑 删除,6866,华彬快速消费品饮料（福建）有限公司,华彬生产基地,福建基地-福建,68668817,
1463,编辑 删除,6866,华彬快速消费品饮料（福建）有限公司,华彬生产基地,福建基地-安徽,68668816,
1464,编辑 删除,6866,华彬快速消费品饮料（福建）有限公司,华彬生产基地,福建基地-南京,68668815,
1465,编辑 删除,6866,华彬快速消费品饮料（福建）有限公司,华彬生产基地,福建基地-苏北,68668813,
1466,编辑 删除,6866,华彬快速消费品饮料（福建）有限公司,华彬生产基地,福建基地-山东,68668812,
1467,编辑 删除,6866,华彬快速消费品饮料（福建）有限公司,华彬生产基地,福建基地-江西,68668811,
1468,编辑 删除,6866,华彬快速消费品饮料（福建）有限公司,华彬生产基地,福建基地-湖北,68668810,
1469,编辑 删除,6866,华彬快速消费品饮料（福建）有限公司,华彬生产基地,福建基地-河南,68668809,
1470,编辑 删除,6866,华彬快速消费品饮料（福建）有限公司,华彬生产基地,福建基地-黑龙江,68668808,
1471,编辑 删除,6866,华彬快速消费品饮料（福建）有限公司,华彬生产基地,福建基地-吉林,68668807,
1472,编辑 删除,6866,华彬快速消费品饮料（福建）有限公司,华彬生产基地,福建基地-辽宁,68668806,
1473,编辑 删除,6866,华彬快速消费品饮料（福建）有限公司,华彬生产基地,福建基地-内蒙古,68668805,
1474,编辑 删除,6866,华彬快速消费品饮料（福建）有限公司,华彬生产基地,福建基地-山西,68668804,
1475,编辑 删除,6866,华彬快速消费品饮料（福建）有限公司,华彬生产基地,福建基地-天津,68668803,
1476,编辑 删除,6866,华彬快速消费品饮料（福建）有限公司,华彬生产基地,福建基地-河北,68668802,
1477,编辑 删除,6866,华彬快速消费品饮料（福建）有限公司,华彬生产基地,福建基地-北京,68668801,
1478,编辑 删除,6866,华彬快速消费品饮料（福建）有限公司,华彬生产基地,福建基地原材料仓库,68663902,
1479,编辑 删除,6866,华彬快速消费品饮料（福建）有限公司,华彬生产基地,福建基地仓库,68663901,
1480,编辑 删除,6866,华彬快速消费品饮料（福建）有限公司,华彬生产基地,福建基地储运部,68663900,
1481,编辑 删除,6866,华彬快速消费品饮料（福建）有限公司,华彬生产基地,福建基地备品备件库,68663803,
1482,编辑 删除,6866,华彬快速消费品饮料（福建）有限公司,华彬生产基地,福建基地安全管理部,68663703,
1483,编辑 删除,6866,华彬快速消费品饮料（福建）有限公司,华彬生产基地,福建基地行政部,68663600,
1484,编辑 删除,6866,华彬快速消费品饮料（福建）有限公司,华彬生产基地,福建基地机修间,68663505,
1485,编辑 删除,6866,华彬快速消费品饮料（福建）有限公司,华彬生产基地,福建基地配料车间,68663504,
1486,编辑 删除,6866,华彬快速消费品饮料（福建）有限公司,华彬生产基地,福建基地污水车间,68663503,
1487,编辑 删除,6866,华彬快速消费品饮料（福建）有限公司,华彬生产基地,福建基地制水车间,68663502,
1488,编辑 删除,6866,华彬快速消费品饮料（福建）有限公司,华彬生产基地,福建基地生产线,68663501,
1489,编辑 删除,6866,华彬快速消费品饮料（福建）有限公司,华彬生产基地,福建基地生产部,68663500,
1490,编辑 删除,6866,华彬快速消费品饮料（福建）有限公司,华彬生产基地,福建基地财务部,68663300,
1491,编辑 删除,6866,华彬快速消费品饮料（福建）有限公司,华彬生产基地,福建基地化验室,68663202,
1492,编辑 删除,6866,华彬快速消费品饮料（福建）有限公司,华彬生产基地,福建基地品管部,68663201,
1493,编辑 删除,6866,华彬快速消费品饮料（福建）有限公司,华彬生产基地,福建基地领导,68663100,
1494,编辑 删除,6866,华彬快速消费品饮料（福建）有限公司,华彬生产基地,福建基地,68663000,
1495,编辑 删除,6865,华彬快速消费品饮料（贵州）有限公司,华彬生产基地,贵阳红牛-贵州,68658845,
1496,编辑 删除,6865,华彬快速消费品饮料（贵州）有限公司,华彬生产基地,贵阳红牛-川东,68658843,
1497,编辑 删除,6865,华彬快速消费品饮料（贵州）有限公司,华彬生产基地,贵阳红牛-南疆,68658837,
1498,编辑 删除,6865,华彬快速消费品饮料（贵州）有限公司,华彬生产基地,贵阳红牛-新疆,68658835,
1499,编辑 删除,6865,华彬快速消费品饮料（贵州）有限公司,华彬生产基地,贵阳红牛-重庆,68658829,
1500,编辑 删除,6865,华彬快速消费品饮料（贵州）有限公司,华彬生产基地,贵阳红牛-云南公司,68658827,
1501,编辑 删除,6865,华彬快速消费品饮料（贵州）有限公司,华彬生产基地,贵阳红牛-成都,68658826,
1502,编辑 删除,6865,华彬快速消费品饮料（贵州）有限公司,华彬生产基地,贵阳红牛-湖南,68658823,
1503,编辑 删除,6865,华彬快速消费品饮料（贵州）有限公司,华彬生产基地,贵州基地生产线-战马,68656397,
1504,编辑 删除,6865,华彬快速消费品饮料（贵州）有限公司,华彬生产基地,贵阳基地仓库,68653901,
1505,编辑 删除,6865,华彬快速消费品饮料（贵州）有限公司,华彬生产基地,贵阳基地储运部,68653900,
1506,编辑 删除,6865,华彬快速消费品饮料（贵州）有限公司,华彬生产基地,贵阳基地安全管理部,68653703,
1507,编辑 删除,6865,华彬快速消费品饮料（贵州）有限公司,华彬生产基地,贵阳基地行政部,68653600,
1508,编辑 删除,6865,华彬快速消费品饮料（贵州）有限公司,华彬生产基地,贵阳基地维修车间,68653505,
1509,编辑 删除,6865,华彬快速消费品饮料（贵州）有限公司,华彬生产基地,贵阳基地配料车间,68653504,
1510,编辑 删除,6865,华彬快速消费品饮料（贵州）有限公司,华彬生产基地,贵阳基地污水车间,68653503,
1511,编辑 删除,6865,华彬快速消费品饮料（贵州）有限公司,华彬生产基地,贵阳基地制水车间,68653502,
1512,编辑 删除,6865,华彬快速消费品饮料（贵州）有限公司,华彬生产基地,贵阳基地生产线,68653501,
1513,编辑 删除,6865,华彬快速消费品饮料（贵州）有限公司,华彬生产基地,贵阳基地生产部,68653500,
1514,编辑 删除,6865,华彬快速消费品饮料（贵州）有限公司,华彬生产基地,贵阳基地财务部,68653300,
1515,编辑 删除,6865,华彬快速消费品饮料（贵州）有限公司,华彬生产基地,贵阳基地化验室,68653202,
1516,编辑 删除,6865,华彬快速消费品饮料（贵州）有限公司,华彬生产基地,贵州基地品管部,68653201,
1517,编辑 删除,6865,华彬快速消费品饮料（贵州）有限公司,华彬生产基地,贵阳基地领导,68653100,
1518,编辑 删除,6865,华彬快速消费品饮料（贵州）有限公司,华彬生产基地,贵阳生产基地,68653000,
1519,编辑 删除,6864,芙丝（中国）饮品销售有限公司,华彬销售公司,芙丝（中国）,68649999,
1520,编辑 删除,6864,芙丝（中国）饮品销售有限公司,华彬销售公司,芙丝中国促销活动成本中心,68649001,
1521,编辑 删除,6864,芙丝（中国）饮品销售有限公司,华彬销售公司,芙丝中国-北京基地,68648880,
1522,编辑 删除,6864,芙丝（中国）饮品销售有限公司,华彬销售公司,芙丝中国-川东,68648843,
1523,编辑 删除,6864,芙丝（中国）饮品销售有限公司,华彬销售公司,芙丝中国-豫南,68648839,
1524,编辑 删除,6864,芙丝（中国）饮品销售有限公司,华彬销售公司,芙丝中国-深圳,68648836,
1525,编辑 删除,6864,芙丝（中国）饮品销售有限公司,华彬销售公司,芙丝中国-新疆,68648835,
1526,编辑 删除,6864,芙丝（中国）饮品销售有限公司,华彬销售公司,芙丝中国-宁夏,68648834,
1527,编辑 删除,6864,芙丝（中国）饮品销售有限公司,华彬销售公司,芙丝中国-甘肃,68648831,
1528,编辑 删除,6864,芙丝（中国）饮品销售有限公司,华彬销售公司,芙丝中国-云南,68648827,
1529,编辑 删除,6864,芙丝（中国）饮品销售有限公司,华彬销售公司,芙丝中国-成都,68648826,
1530,编辑 删除,6864,芙丝（中国）饮品销售有限公司,华彬销售公司,芙丝中国-广州,68648820,
1531,编辑 删除,6864,芙丝（中国）饮品销售有限公司,华彬销售公司,芙丝中国-上海,68648819,
1532,编辑 删除,6864,芙丝（中国）饮品销售有限公司,华彬销售公司,芙丝中国-杭州,68648818,
1533,编辑 删除,6864,芙丝（中国）饮品销售有限公司,华彬销售公司,芙丝中国-南京,68648815,
1534,编辑 删除,6864,芙丝（中国）饮品销售有限公司,华彬销售公司,芙丝中国-青岛,68648814,
1535,编辑 删除,6864,芙丝（中国）饮品销售有限公司,华彬销售公司,芙丝中国-北京,68648801,
1536,编辑 删除,6864,芙丝（中国）饮品销售有限公司,华彬销售公司,芙丝中国-汕头,68648642,
1537,编辑 删除,6864,芙丝（中国）饮品销售有限公司,华彬销售公司,芙丝中国-金华,68648641,
1538,编辑 删除,6864,芙丝（中国）饮品销售有限公司,华彬销售公司,芙丝中国-温州,68648640,
1539,编辑 删除,6864,芙丝（中国）饮品销售有限公司,华彬销售公司,芙丝中国-湛江,68648638,
1540,编辑 删除,6864,芙丝（中国）饮品销售有限公司,华彬销售公司,芙丝中国-南疆,68648637,
1541,编辑 删除,6864,芙丝（中国）饮品销售有限公司,华彬销售公司,芙丝中国-东莞,68648636,
1542,编辑 删除,6864,芙丝（中国）饮品销售有限公司,华彬销售公司,芙丝中国-青海,68648633,
1543,编辑 删除,6864,芙丝（中国）饮品销售有限公司,华彬销售公司,芙丝中国-西安,68648630,
1544,编辑 删除,6864,芙丝（中国）饮品销售有限公司,华彬销售公司,芙丝中国-重庆,68648629,
1545,编辑 删除,6864,芙丝（中国）饮品销售有限公司,华彬销售公司,芙丝中国-贵州,68648628,
1546,编辑 删除,6864,芙丝（中国）饮品销售有限公司,华彬销售公司,芙丝中国-海南,68648625,
1547,编辑 删除,6864,芙丝（中国）饮品销售有限公司,华彬销售公司,芙丝中国-湖南,68648623,
1548,编辑 删除,6864,芙丝（中国）饮品销售有限公司,华彬销售公司,芙丝中国-广西,68648621,
1549,编辑 删除,6864,芙丝（中国）饮品销售有限公司,华彬销售公司,芙丝中国-福建,68648617,
1550,编辑 删除,6864,芙丝（中国）饮品销售有限公司,华彬销售公司,芙丝中国-安徽,68648616,
1551,编辑 删除,6864,芙丝（中国）饮品销售有限公司,华彬销售公司,芙丝中国-苏北,68648613,
1552,编辑 删除,6864,芙丝（中国）饮品销售有限公司,华彬销售公司,芙丝中国-山东,68648612,
1553,编辑 删除,6864,芙丝（中国）饮品销售有限公司,华彬销售公司,芙丝中国-江西,68648611,
1554,编辑 删除,6864,芙丝（中国）饮品销售有限公司,华彬销售公司,芙丝中国-湖北,68648610,
1555,编辑 删除,6864,芙丝（中国）饮品销售有限公司,华彬销售公司,芙丝中国-河南,68648609,
1556,编辑 删除,6864,芙丝（中国）饮品销售有限公司,华彬销售公司,芙丝中国-黑龙江,68648608,
1557,编辑 删除,6864,芙丝（中国）饮品销售有限公司,华彬销售公司,芙丝中国-吉林,68648607,
1558,编辑 删除,6864,芙丝（中国）饮品销售有限公司,华彬销售公司,芙丝中国-辽宁,68648606,
1559,编辑 删除,6864,芙丝（中国）饮品销售有限公司,华彬销售公司,芙丝中国-内蒙古,68648605,
1560,编辑 删除,6864,芙丝（中国）饮品销售有限公司,华彬销售公司,芙丝中国-山西,68648604,
1561,编辑 删除,6864,芙丝（中国）饮品销售有限公司,华彬销售公司,芙丝中国-天津,68648603,
1562,编辑 删除,6864,芙丝（中国）饮品销售有限公司,华彬销售公司,芙丝中国-河北,68648602,
1563,编辑 删除,6864,芙丝（中国）饮品销售有限公司,华彬销售公司,芙丝中国-厦门基地,68646866,
1564,编辑 删除,6864,芙丝（中国）饮品销售有限公司,华彬销售公司,芙丝中国-芙丝基地,68646862,
1565,编辑 删除,8880,红牛维他命饮料有限公司,华彬生产基地,人力行政中心-人力资源部,68645410,
1566,编辑 删除,6864,芙丝（中国）饮品销售有限公司,华彬销售公司,财务管理中心-竹溪财务部,68645380,
1567,编辑 删除,6864,芙丝（中国）饮品销售有限公司,华彬销售公司,芙丝中国-VOSS,68643000,
1568,编辑 删除,6864,芙丝（中国）饮品销售有限公司,华彬销售公司,芙丝（中国）,68640000,
1569,编辑 删除,6863,战马（北京）饮料有限公司,华彬销售公司,战马公司综合中心,68639999,
1570,编辑 删除,6863,战马（北京）饮料有限公司,华彬销售公司,战马- 广东基地代加工,68638885,
1571,编辑 删除,6863,战马（北京）饮料有限公司,华彬销售公司,战马- 朗臣基地代加工,68638884,
1572,编辑 删除,6863,战马（北京）饮料有限公司,华彬销售公司,战马- 湖北基地代加工,68638883,
1573,编辑 删除,6863,战马（北京）饮料有限公司,华彬销售公司,战马-河南豫南代表处,68638839,
1574,编辑 删除,6863,战马（北京）饮料有限公司,华彬销售公司,战马-深圳实业公司,68638836,
1575,编辑 删除,6863,战马（北京）饮料有限公司,华彬销售公司,战马-新疆公司,68638835,
1576,编辑 删除,6863,战马（北京）饮料有限公司,华彬销售公司,战马-甘肃公司,68638831,
1577,编辑 删除,6863,战马（北京）饮料有限公司,华彬销售公司,战马-云南公司,68638827,
1578,编辑 删除,6863,战马（北京）饮料有限公司,华彬销售公司,战马-成都公司,68638826,
1579,编辑 删除,6863,战马（北京）饮料有限公司,华彬销售公司,战马-广州公司,68638820,
1580,编辑 删除,6863,战马（北京）饮料有限公司,华彬销售公司,战马-上海公司,68638819,
1581,编辑 删除,6863,战马（北京）饮料有限公司,华彬销售公司,战马-杭州公司,68638818,
1582,编辑 删除,6863,战马（北京）饮料有限公司,华彬销售公司,战马-南京公司,68638815,
1583,编辑 删除,6863,战马（北京）饮料有限公司,华彬销售公司,战马-山东青岛代表处,68638814,
1584,编辑 删除,6863,战马（北京）饮料有限公司,华彬销售公司,战马-北京公司,68638801,
1585,编辑 删除,6863,战马（北京）饮料有限公司,华彬销售公司,战马-宁夏分公司,68638734,
1586,编辑 删除,6863,战马（北京）饮料有限公司,华彬销售公司,战马-吉林分公司,68638707,
1587,编辑 删除,6863,战马（北京）饮料有限公司,华彬销售公司,战马-金华分公司,68638641,
1588,编辑 删除,6863,战马（北京）饮料有限公司,华彬销售公司,战马-温州分公司,68638640,
1589,编辑 删除,6863,战马（北京）饮料有限公司,华彬销售公司,战马-湛江分公司,68638638,
1590,编辑 删除,6863,战马（北京）饮料有限公司,华彬销售公司,战马-南疆分公司,68638637,
1591,编辑 删除,6863,战马（北京）饮料有限公司,华彬销售公司,战马-东莞分公司,68638636,
1592,编辑 删除,6863,战马（北京）饮料有限公司,华彬销售公司,战马-青海分公司,68638633,
1593,编辑 删除,6863,战马（北京）饮料有限公司,华彬销售公司,战马-西藏,68638632,
1594,编辑 删除,6863,战马（北京）饮料有限公司,华彬销售公司,战马-陕西分公司,68638630,
1595,编辑 删除,6863,战马（北京）饮料有限公司,华彬销售公司,战马-重庆分公司,68638629,
1596,编辑 删除,6863,战马（北京）饮料有限公司,华彬销售公司,战马-贵州公司,68638628,
1597,编辑 删除,6863,战马（北京）饮料有限公司,华彬销售公司,战马-海南分公司,68638625,
1598,编辑 删除,6863,战马（北京）饮料有限公司,华彬销售公司,战马-粤东分公司,68638624,
1599,编辑 删除,6863,战马（北京）饮料有限公司,华彬销售公司,战马-湖南分公司,68638623,
1600,编辑 删除,6863,战马（北京）饮料有限公司,华彬销售公司,战马-广西分公司,68638621,
1601,编辑 删除,6863,战马（北京）饮料有限公司,华彬销售公司,战马-福建公司,68638617,
1602,编辑 删除,6863,战马（北京）饮料有限公司,华彬销售公司,战马-安徽分公司,68638616,
1603,编辑 删除,6863,战马（北京）饮料有限公司,华彬销售公司,战马-苏北分公司,68638613,
1604,编辑 删除,6863,战马（北京）饮料有限公司,华彬销售公司,战马-山东分公司,68638612,
1605,编辑 删除,6863,战马（北京）饮料有限公司,华彬销售公司,战马-江西分公司,68638611,
1606,编辑 删除,6863,战马（北京）饮料有限公司,华彬销售公司,战马-湖北分公司,68638610,
1607,编辑 删除,6863,战马（北京）饮料有限公司,华彬销售公司,战马-河南分公司,68638609,
1608,编辑 删除,6863,战马（北京）饮料有限公司,华彬销售公司,战马-黑龙江分公司,68638608,
1609,编辑 删除,6863,战马（北京）饮料有限公司,华彬销售公司,战马-辽宁分公司,68638606,
1610,编辑 删除,6863,战马（北京）饮料有限公司,华彬销售公司,战马-内蒙分公司,68638605,
1611,编辑 删除,6863,战马（北京）饮料有限公司,华彬销售公司,战马-山西分公司,68638604,
1612,编辑 删除,6863,战马（北京）饮料有限公司,华彬销售公司,战马-天津分公司,68638603,
1613,编辑 删除,6863,战马（北京）饮料有限公司,华彬销售公司,战马-河北分公司,68638602,
1614,编辑 删除,6863,战马（北京）饮料有限公司,华彬销售公司,功能饮料事业部-战马拓展部,68638140,
1615,编辑 删除,6863,战马（北京）饮料有限公司,华彬销售公司,功能饮料事业部-综合-品牌产品发展部,68638133,
1616,编辑 删除,6863,战马（北京）饮料有限公司,华彬销售公司,功能饮料事业部-综合-信息部,68638132,
1617,编辑 删除,6863,战马（北京）饮料有限公司,华彬销售公司,功能饮料事业部-综合-体育营销部,68638131,
1618,编辑 删除,6863,战马（北京）饮料有限公司,华彬销售公司,功能饮料事业部-综合管理部,68638130,
1619,编辑 删除,6863,战马（北京）饮料有限公司,华彬销售公司,功能饮料事业部-市场-促销管理部,68638121,
1620,编辑 删除,6863,战马（北京）饮料有限公司,华彬销售公司,功能饮料事业部-销售-通路管理部,68638115,
1621,编辑 删除,6863,战马（北京）饮料有限公司,华彬销售公司,功能饮料事业部-销售-销售支持部,68638114,
1622,编辑 删除,6863,战马（北京）饮料有限公司,华彬销售公司,功能饮料事业部-销售-现代渠道部,68638113,
1623,编辑 删除,6863,战马（北京）饮料有限公司,华彬销售公司,功能饮料事业部-销售-渠道管理部,68638112,
1624,编辑 删除,6863,战马（北京）饮料有限公司,华彬销售公司,功能饮料事业部-销售-区域管理部,68638111,
1625,编辑 删除,6863,战马（北京）饮料有限公司,华彬销售公司,功能饮料事业部-销售管理部,68638110,
1626,编辑 删除,6863,战马（北京）饮料有限公司,华彬销售公司,功能饮料事业部,68638100,
1627,编辑 删除,6863,战马（北京）饮料有限公司,华彬销售公司,战马- 贵州基地代加工,68636865,
1628,编辑 删除,6863,战马（北京）饮料有限公司,华彬销售公司,总裁办,68635900,
1629,编辑 删除,6863,战马（北京）饮料有限公司,华彬销售公司,战略研发中心-信息管理部,68635640,
1630,编辑 删除,6863,战马（北京）饮料有限公司,华彬销售公司,战略品牌中心-战略研发-行业研究部,68635620,
1631,编辑 删除,6863,战马（北京）饮料有限公司,华彬销售公司,生产物流中心-技术管理部,68635520,
1632,编辑 删除,6863,战马（北京）饮料有限公司,华彬销售公司,生产物流中心-储运部,68635510,
1633,编辑 删除,6863,战马（北京）饮料有限公司,华彬销售公司,生产物流中心,68635500,
1634,编辑 删除,6863,战马（北京）饮料有限公司,华彬销售公司,人力行政中心-行政管理部,68635460,
1635,编辑 删除,6863,战马（北京）饮料有限公司,华彬销售公司,人力行政中心-消费者关系部,68635450,
1636,编辑 删除,6863,战马（北京）饮料有限公司,华彬销售公司,人力行政中心-法务监察部,68635440,
1637,编辑 删除,6863,战马（北京）饮料有限公司,华彬销售公司,人力行政中心-人力资源部,68635410,
1638,编辑 删除,6863,战马（北京）饮料有限公司,华彬销售公司,财务管理中心-采购管理部,68635360,
1639,编辑 删除,6863,战马（北京）饮料有限公司,华彬销售公司,财务管理中心,68635300,
1640,编辑 删除,6863,战马（北京）饮料有限公司,华彬销售公司,战略品牌中心-媒介管理部,68635220,
1641,编辑 删除,6863,战马（北京）饮料有限公司,华彬销售公司,战略品牌-品牌管理-体育营销,68635213,
1642,编辑 删除,6863,战马（北京）饮料有限公司,华彬销售公司,战略品牌-品牌管理-内容营销,68635212,
1643,编辑 删除,6863,战马（北京）饮料有限公司,华彬销售公司,战略品牌-品牌管理-品牌发展,68635211,
1644,编辑 删除,6863,战马（北京）饮料有限公司,华彬销售公司,战略品牌中心-品牌管理部,68635210,
1645,编辑 删除,6863,战马（北京）饮料有限公司,华彬销售公司,战马公司产品发展部,68630600,
1646,编辑 删除,6863,战马（北京）饮料有限公司,华彬销售公司,战马公司品牌发展部,68630500,
1647,编辑 删除,6863,战马（北京）饮料有限公司,华彬销售公司,战马公司销售管理部,68630400,
1648,编辑 删除,6863,战马（北京）饮料有限公司,华彬销售公司,战马公司财务部,68630300,
1649,编辑 删除,6863,战马（北京）饮料有限公司,华彬销售公司,战马总裁,68630101,
1650,编辑 删除,6863,战马（北京）饮料有限公司,华彬销售公司,战马公司负责人,68630100,
1651,编辑 删除,6863,战马（北京）饮料有限公司,华彬销售公司,战马,68630000,
1652,编辑 删除,6862,芙丝（湖北）饮品有限公司,华彬生产基地,芙丝公司综合中心,68629999,
1653,编辑 删除,6862,芙丝（湖北）饮品有限公司,华彬生产基地,芙丝基地-川东代表处,68628843,
1654,编辑 删除,6862,芙丝（湖北）饮品有限公司,华彬生产基地,芙丝基地-豫南代表处,68628839,
1655,编辑 删除,6862,芙丝（湖北）饮品有限公司,华彬生产基地,芙丝基地-深圳分公司,68628836,
1656,编辑 删除,6862,芙丝（湖北）饮品有限公司,华彬生产基地,芙丝基地-新疆分公司,68628835,
1657,编辑 删除,6862,芙丝（湖北）饮品有限公司,华彬生产基地,芙丝基地-西藏,68628832,
1658,编辑 删除,6862,芙丝（湖北）饮品有限公司,华彬生产基地,芙丝基地-甘肃分公司,68628831,
1659,编辑 删除,6862,芙丝（湖北）饮品有限公司,华彬生产基地,芙丝基地-云南分公司,68628827,
1660,编辑 删除,6862,芙丝（湖北）饮品有限公司,华彬生产基地,芙丝基地-成都分公司,68628826,
1661,编辑 删除,6862,芙丝（湖北）饮品有限公司,华彬生产基地,芙丝湖北基地-广东,68628820,
1662,编辑 删除,6862,芙丝（湖北）饮品有限公司,华彬生产基地,芙丝基地-上海分公司,68628819,
1663,编辑 删除,6862,芙丝（湖北）饮品有限公司,华彬生产基地,芙丝基地-浙江分公司,68628818,
1664,编辑 删除,6862,芙丝（湖北）饮品有限公司,华彬生产基地,芙丝基地-南京分公司,68628815,
1665,编辑 删除,6862,芙丝（湖北）饮品有限公司,华彬生产基地,芙丝基地-青岛代表处,68628814,
1666,编辑 删除,6862,芙丝（湖北）饮品有限公司,华彬生产基地,芙丝基地-北京分公司,68628801,
1667,编辑 删除,6862,芙丝（湖北）饮品有限公司,华彬生产基地,芙丝基地-宁夏分公司,68628734,
1668,编辑 删除,6862,芙丝（湖北）饮品有限公司,华彬生产基地,芙丝基地-吉林分公司,68628707,
1669,编辑 删除,6862,芙丝（湖北）饮品有限公司,华彬生产基地,芙丝基地-汕头分公司,68628642,
1670,编辑 删除,6862,芙丝（湖北）饮品有限公司,华彬生产基地,芙丝基地-金华分公司,68628641,
1671,编辑 删除,6862,芙丝（湖北）饮品有限公司,华彬生产基地,芙丝基地-温州分公司,68628640,
1672,编辑 删除,6862,芙丝（湖北）饮品有限公司,华彬生产基地,芙丝基地-湛江分公司,68628638,
1673,编辑 删除,6862,芙丝（湖北）饮品有限公司,华彬生产基地,芙丝基地-南疆分公司,68628637,
1674,编辑 删除,6862,芙丝（湖北）饮品有限公司,华彬生产基地,芙丝基地-东莞分公司,68628636,
1675,编辑 删除,6862,芙丝（湖北）饮品有限公司,华彬生产基地,芙丝基地-青海分公司,68628633,
1676,编辑 删除,6862,芙丝（湖北）饮品有限公司,华彬生产基地,芙丝基地-西藏分公司,68628632,
1677,编辑 删除,6862,芙丝（湖北）饮品有限公司,华彬生产基地,芙丝基地-陕西分公司,68628630,
1678,编辑 删除,6862,芙丝（湖北）饮品有限公司,华彬生产基地,芙丝基地-重庆分公司,68628629,
1679,编辑 删除,6862,芙丝（湖北）饮品有限公司,华彬生产基地,芙丝基地-贵州分公司,68628628,
1680,编辑 删除,6862,芙丝（湖北）饮品有限公司,华彬生产基地,芙丝基地-海南分公司,68628625,
1681,编辑 删除,6862,芙丝（湖北）饮品有限公司,华彬生产基地,芙丝基地-粤东分公司,68628624,
1682,编辑 删除,6862,芙丝（湖北）饮品有限公司,华彬生产基地,芙丝基地-湖南分公司,68628623,
1683,编辑 删除,6862,芙丝（湖北）饮品有限公司,华彬生产基地,芙丝湖北基地-广西,68628621,
1684,编辑 删除,6862,芙丝（湖北）饮品有限公司,华彬生产基地,芙丝基地-福建分公司,68628617,
1685,编辑 删除,6862,芙丝（湖北）饮品有限公司,华彬生产基地,芙丝基地-安徽分公司,68628616,
1686,编辑 删除,6862,芙丝（湖北）饮品有限公司,华彬生产基地,芙丝基地-苏北分公司,68628613,
1687,编辑 删除,6862,芙丝（湖北）饮品有限公司,华彬生产基地,芙丝基地-山东分公司,68628612,
1688,编辑 删除,6862,芙丝（湖北）饮品有限公司,华彬生产基地,芙丝基地-江西分公司,68628611,
1689,编辑 删除,6862,芙丝（湖北）饮品有限公司,华彬生产基地,芙丝基地-湖北分公司,68628610,
1690,编辑 删除,6862,芙丝（湖北）饮品有限公司,华彬生产基地,芙丝基地-河南分公司,68628609,
1691,编辑 删除,6862,芙丝（湖北）饮品有限公司,华彬生产基地,芙丝基地-黑龙江分公司,68628608,
1692,编辑 删除,6862,芙丝（湖北）饮品有限公司,华彬生产基地,芙丝基地-吉林分公司,68628607,
1693,编辑 删除,6862,芙丝（湖北）饮品有限公司,华彬生产基地,芙丝基地-辽宁分公司,68628606,
1694,编辑 删除,6862,芙丝（湖北）饮品有限公司,华彬生产基地,芙丝基地-内蒙古分公司,68628605,
1695,编辑 删除,6862,芙丝（湖北）饮品有限公司,华彬生产基地,芙丝基地-山西分公司,68628604,
1696,编辑 删除,6862,芙丝（湖北）饮品有限公司,华彬生产基地,芙丝基地-天津分公司,68628603,
1697,编辑 删除,6862,芙丝（湖北）饮品有限公司,华彬生产基地,芙丝基地-河北分公司,68628602,
1698,编辑 删除,6862,芙丝（湖北）饮品有限公司,华彬生产基地,芙丝湖北基地生产线-田东委外,68626293,
1699,编辑 删除,6862,芙丝（湖北）饮品有限公司,华彬生产基地,芙丝湖北基地生产线-广西委外,68626292,
1700,编辑 删除,6862,芙丝（湖北）饮品有限公司,华彬生产基地,芙丝湖北基地生产线-委外,68626291,
1701,编辑 删除,6862,芙丝（湖北）饮品有限公司,华彬生产基地,芙丝湖北基地仓库,68623901,
1702,编辑 删除,6862,芙丝（湖北）饮品有限公司,华彬生产基地,芙丝湖北基地储运部,68623900,
1703,编辑 删除,6862,芙丝（湖北）饮品有限公司,华彬生产基地,芙丝湖北基地安全管理部,68623703,
1704,编辑 删除,6862,芙丝（湖北）饮品有限公司,华彬生产基地,芙丝湖北基地食堂,68623601,
1705,编辑 删除,6862,芙丝（湖北）饮品有限公司,华彬生产基地,芙丝湖北基地行政部,68623600,
1706,编辑 删除,6862,芙丝（湖北）饮品有限公司,华彬生产基地,芙丝湖北基地注塑车间,68623506,
1707,编辑 删除,6862,芙丝（湖北）饮品有限公司,华彬生产基地,芙丝湖北基地设备车间,68623505,
1708,编辑 删除,6862,芙丝（湖北）饮品有限公司,华彬生产基地,芙丝湖北基地灌装车间,68623504,
1709,编辑 删除,6862,芙丝（湖北）饮品有限公司,华彬生产基地,芙丝湖北基地污水车间,68623503,
1710,编辑 删除,6862,芙丝（湖北）饮品有限公司,华彬生产基地,芙丝湖北基地制水车间,68623502,
1711,编辑 删除,6862,芙丝（湖北）饮品有限公司,华彬生产基地,芙丝湖北基地生产线,68623501,
1712,编辑 删除,6862,芙丝（湖北）饮品有限公司,华彬生产基地,芙丝湖北基地生产部,68623500,
1713,编辑 删除,6862,芙丝（湖北）饮品有限公司,华彬生产基地,芙丝湖北基地财务部,68623300,
1714,编辑 删除,6862,芙丝（湖北）饮品有限公司,华彬生产基地,芙丝湖北基地化验室,68623202,
1715,编辑 删除,6862,芙丝（湖北）饮品有限公司,华彬生产基地,芙丝湖北基地品管部,68623201,
1716,编辑 删除,6862,芙丝（湖北）饮品有限公司,华彬生产基地,芙丝湖北基地行政副总,68623103,
1717,编辑 删除,6862,芙丝（湖北）饮品有限公司,华彬生产基地,芙丝湖北基地生产副总,68623102,
1718,编辑 删除,6862,芙丝（湖北）饮品有限公司,华彬生产基地,芙丝湖北基地财务副总,68623101,
1719,编辑 删除,6862,芙丝（湖北）饮品有限公司,华彬生产基地,芙丝湖北基地总经理,68623100,
1720,编辑 删除,6862,芙丝（湖北）饮品有限公司,华彬生产基地,芙丝湖北基地,68623000,
1721,编辑 删除,6862,芙丝（湖北）饮品有限公司,华彬生产基地,芙丝公司,68620000,
1722,编辑 删除,6860,百仕欣饮料（北京）有限公司,华彬生产基地,佰士欣促销活动成本中心,68609001,
1723,编辑 删除,6860,百仕欣饮料（北京）有限公司,华彬生产基地,百仕欣-红牛总公司,68608880,
1724,编辑 删除,6860,百仕欣饮料（北京）有限公司,华彬生产基地,百仕欣-浙南代表处,68608840,
1725,编辑 删除,6860,百仕欣饮料（北京）有限公司,华彬生产基地,百仕欣-豫南代表处,68608839,
1726,编辑 删除,6860,百仕欣饮料（北京）有限公司,华彬生产基地,百仕欣-深圳公司,68608836,
1727,编辑 删除,6860,百仕欣饮料（北京）有限公司,华彬生产基地,百仕欣-新疆公司,68608835,
1728,编辑 删除,6860,百仕欣饮料（北京）有限公司,华彬生产基地,百仕欣-西藏公司,68608832,
1729,编辑 删除,6860,百仕欣饮料（北京）有限公司,华彬生产基地,百仕欣-甘肃公司,68608831,
1730,编辑 删除,6860,百仕欣饮料（北京）有限公司,华彬生产基地,百仕欣-云南公司,68608827,
1731,编辑 删除,6860,百仕欣饮料（北京）有限公司,华彬生产基地,百仕欣-成都公司,68608826,
1732,编辑 删除,6860,百仕欣饮料（北京）有限公司,华彬生产基地,百仕欣-广州公司,68608820,
1733,编辑 删除,6860,百仕欣饮料（北京）有限公司,华彬生产基地,百仕欣-上海公司,68608819,
1734,编辑 删除,6860,百仕欣饮料（北京）有限公司,华彬生产基地,百仕欣-杭州公司,68608818,
1735,编辑 删除,6860,百仕欣饮料（北京）有限公司,华彬生产基地,百仕欣-南京公司,68608815,
1736,编辑 删除,6860,百仕欣饮料（北京）有限公司,华彬生产基地,百仕欣-青岛代表处,68608814,
1737,编辑 删除,6860,百仕欣饮料（北京）有限公司,华彬生产基地,百仕欣-北京公司,68608801,
1738,编辑 删除,6860,百仕欣饮料（北京）有限公司,华彬生产基地,百仕欣-吉林公司,68608707,
1739,编辑 删除,6860,百仕欣饮料（北京）有限公司,华彬生产基地,百仕欣-金华公司,68608641,
1740,编辑 删除,6860,百仕欣饮料（北京）有限公司,华彬生产基地,百仕欣-温州分公司,68608640,
1741,编辑 删除,6860,百仕欣饮料（北京）有限公司,华彬生产基地,百仕欣-湛江公司,68608638,
1742,编辑 删除,6860,百仕欣饮料（北京）有限公司,华彬生产基地,百仕欣-南疆公司,68608637,
1743,编辑 删除,6860,百仕欣饮料（北京）有限公司,华彬生产基地,百仕欣-东莞公司,68608636,
1744,编辑 删除,6860,百仕欣饮料（北京）有限公司,华彬生产基地,百仕欣-宁夏公司,68608634,
1745,编辑 删除,6860,百仕欣饮料（北京）有限公司,华彬生产基地,百仕欣-青海公司,68608633,
1746,编辑 删除,6860,百仕欣饮料（北京）有限公司,华彬生产基地,百仕欣-陕西公司,68608630,
1747,编辑 删除,6860,百仕欣饮料（北京）有限公司,华彬生产基地,百仕欣-重庆公司,68608629,
1748,编辑 删除,6860,百仕欣饮料（北京）有限公司,华彬生产基地,百仕欣-贵州公司,68608628,
1749,编辑 删除,6860,百仕欣饮料（北京）有限公司,华彬生产基地,百仕欣-海南公司,68608625,
1750,编辑 删除,6860,百仕欣饮料（北京）有限公司,华彬生产基地,百仕欣-粤东公司,68608624,
1751,编辑 删除,6860,百仕欣饮料（北京）有限公司,华彬生产基地,百仕欣-湖南公司,68608623,
1752,编辑 删除,6860,百仕欣饮料（北京）有限公司,华彬生产基地,百仕欣-广西公司,68608621,
1753,编辑 删除,6860,百仕欣饮料（北京）有限公司,华彬生产基地,百仕欣-福建公司,68608617,
1754,编辑 删除,6860,百仕欣饮料（北京）有限公司,华彬生产基地,百仕欣-安徽公司,68608616,
1755,编辑 删除,6860,百仕欣饮料（北京）有限公司,华彬生产基地,百仕欣-苏北公司,68608613,
1756,编辑 删除,6860,百仕欣饮料（北京）有限公司,华彬生产基地,百仕欣-山东公司,68608612,
1757,编辑 删除,6860,百仕欣饮料（北京）有限公司,华彬生产基地,百仕欣-江西公司,68608611,
1758,编辑 删除,6860,百仕欣饮料（北京）有限公司,华彬生产基地,百仕欣-湖北公司,68608610,
1759,编辑 删除,6860,百仕欣饮料（北京）有限公司,华彬生产基地,百仕欣-河南公司,68608609,
1760,编辑 删除,6860,百仕欣饮料（北京）有限公司,华彬生产基地,百仕欣-黑龙江公司,68608608,
1761,编辑 删除,6860,百仕欣饮料（北京）有限公司,华彬生产基地,百仕欣-辽宁公司,68608606,
1762,编辑 删除,6860,百仕欣饮料（北京）有限公司,华彬生产基地,百仕欣-内蒙公司,68608605,
1763,编辑 删除,6860,百仕欣饮料（北京）有限公司,华彬生产基地,百仕欣-山西公司,68608604,
1764,编辑 删除,6860,百仕欣饮料（北京）有限公司,华彬生产基地,百仕欣-天津公司,68608603,
1765,编辑 删除,6860,百仕欣饮料（北京）有限公司,华彬生产基地,百仕欣-河北公司,68608602,
1766,编辑 删除,6860,百仕欣饮料（北京）有限公司,华彬生产基地,集团董办,68608007,
1767,编辑 删除,6860,百仕欣饮料（北京）有限公司,华彬生产基地,百仕欣-集团资金部,68608002,
1768,编辑 删除,6860,百仕欣饮料（北京）有限公司,华彬生产基地,华彬集团综合成本中心,68608000,
1769,编辑 删除,6860,百仕欣饮料（北京）有限公司,华彬生产基地,百仕欣-公用成本中心,68606860,
1770,编辑 删除,6860,百仕欣饮料（北京）有限公司,华彬生产基地,百仕欣基地备件库-罐装工厂,68603923,
1771,编辑 删除,6860,百仕欣饮料（北京）有限公司,华彬生产基地,百仕欣基地成品库-罐装工厂,68603922,
1772,编辑 删除,6860,百仕欣饮料（北京）有限公司,华彬生产基地,百仕欣基地原辅库-罐装工厂,68603921,
1773,编辑 删除,6860,百仕欣饮料（北京）有限公司,华彬生产基地,百仕欣基地储运部-罐装工厂,68603920,
1774,编辑 删除,6860,百仕欣饮料（北京）有限公司,华彬生产基地,百仕欣基地备件库-瓶装工厂,68603913,
1775,编辑 删除,6860,百仕欣饮料（北京）有限公司,华彬生产基地,百仕欣基地成品库-瓶装工厂,68603912,
1776,编辑 删除,6860,百仕欣饮料（北京）有限公司,华彬生产基地,百仕欣基地原辅库-瓶装工厂,68603911,
1777,编辑 删除,6860,百仕欣饮料（北京）有限公司,华彬生产基地,百仕欣基地储运部-瓶装工厂,68603910,
1778,编辑 删除,6860,百仕欣饮料（北京）有限公司,华彬生产基地,百仕欣基地备件库,68603903,
1779,编辑 删除,6860,百仕欣饮料（北京）有限公司,华彬生产基地,百仕欣基地成品库,68603902,
1780,编辑 删除,6860,百仕欣饮料（北京）有限公司,华彬生产基地,百仕欣基地原辅库,68603901,
1781,编辑 删除,6860,百仕欣饮料（北京）有限公司,华彬生产基地,百仕欣基地储运部,68603900,
1782,编辑 删除,6860,百仕欣饮料（北京）有限公司,华彬生产基地,百仕欣基地安全管理部-罐装工厂,68603723,
1783,编辑 删除,6860,百仕欣饮料（北京）有限公司,华彬生产基地,百仕欣基地安全管理部-瓶装工厂,68603713,
1784,编辑 删除,6860,百仕欣饮料（北京）有限公司,华彬生产基地,百仕欣基地安全管理部,68603703,
1785,编辑 删除,6860,百仕欣饮料（北京）有限公司,华彬生产基地,百仕欣基地食堂-罐装工厂,68603621,
1786,编辑 删除,6860,百仕欣饮料（北京）有限公司,华彬生产基地,百仕欣基地行政部-罐装工厂,68603620,
1787,编辑 删除,6860,百仕欣饮料（北京）有限公司,华彬生产基地,百仕欣基地食堂-瓶装工厂,68603611,
1788,编辑 删除,6860,百仕欣饮料（北京）有限公司,华彬生产基地,百仕欣基地行政部-瓶装工厂,68603610,
1789,编辑 删除,6860,百仕欣饮料（北京）有限公司,华彬生产基地,百仕欣基地食堂,68603601,
1790,编辑 删除,6860,百仕欣饮料（北京）有限公司,华彬生产基地,百仕欣基地行政部,68603600,
1791,编辑 删除,6860,百仕欣饮料（北京）有限公司,华彬生产基地,百仕欣基地机修间-罐装工厂,68603525,
1792,编辑 删除,6860,百仕欣饮料（北京）有限公司,华彬生产基地,百仕欣基地配料车间-罐装工厂,68603524,
1793,编辑 删除,6860,百仕欣饮料（北京）有限公司,华彬生产基地,百仕欣基地污水车间-罐装工厂,68603523,
1794,编辑 删除,6860,百仕欣饮料（北京）有限公司,华彬生产基地,百仕欣基地制水车间-罐装工厂,68603522,
1795,编辑 删除,6860,百仕欣饮料（北京）有限公司,华彬生产基地,百仕欣基地生产线-罐装工厂,68603521,
1796,编辑 删除,6860,百仕欣饮料（北京）有限公司,华彬生产基地,百仕欣基地生产部-罐装工厂,68603520,
1797,编辑 删除,6860,百仕欣饮料（北京）有限公司,华彬生产基地,百仕欣基地机修间-瓶装工厂,68603515,
1798,编辑 删除,6860,百仕欣饮料（北京）有限公司,华彬生产基地,百仕欣基地配料车间-瓶装工厂,68603514,
1799,编辑 删除,6860,百仕欣饮料（北京）有限公司,华彬生产基地,百仕欣基地污水车间-瓶装工厂,68603513,
1800,编辑 删除,6860,百仕欣饮料（北京）有限公司,华彬生产基地,百仕欣基地制水车间-瓶装工厂,68603512,
1801,编辑 删除,6860,百仕欣饮料（北京）有限公司,华彬生产基地,百仕欣基地生产线-瓶装工厂,68603511,
1802,编辑 删除,6860,百仕欣饮料（北京）有限公司,华彬生产基地,百仕欣基地生产部-瓶装工厂,68603510,
1803,编辑 删除,6860,百仕欣饮料（北京）有限公司,华彬生产基地,百仕欣基地机修间,68603505,
1804,编辑 删除,6860,百仕欣饮料（北京）有限公司,华彬生产基地,百仕欣基地配料车间,68603504,
1805,编辑 删除,6860,百仕欣饮料（北京）有限公司,华彬生产基地,百仕欣基地污水车间,68603503,
1806,编辑 删除,6860,百仕欣饮料（北京）有限公司,华彬生产基地,百仕欣基地制水车间,68603502,
1807,编辑 删除,6860,百仕欣饮料（北京）有限公司,华彬生产基地,百仕欣基地生产线,68603501,
1808,编辑 删除,6860,百仕欣饮料（北京）有限公司,华彬生产基地,百仕欣基地生产部,68603500,
1809,编辑 删除,6860,百仕欣饮料（北京）有限公司,华彬生产基地,百仕欣基地财务部-罐装工厂,68603320,
1810,编辑 删除,6860,百仕欣饮料（北京）有限公司,华彬生产基地,百仕欣基地财务部-瓶装工厂,68603310,
1811,编辑 删除,6860,百仕欣饮料（北京）有限公司,华彬生产基地,百仕欣基地财务部,68603300,
1812,编辑 删除,6860,百仕欣饮料（北京）有限公司,华彬生产基地,百仕欣基地化验室-罐装工厂,68603222,
1813,编辑 删除,6860,百仕欣饮料（北京）有限公司,华彬生产基地,百仕欣基地品管部-罐装工厂,68603221,
1814,编辑 删除,6860,百仕欣饮料（北京）有限公司,华彬生产基地,百仕欣基地化验室-瓶装工厂,68603212,
1815,编辑 删除,6860,百仕欣饮料（北京）有限公司,华彬生产基地,百仕欣基地品管部-瓶装工厂,68603211,
1816,编辑 删除,6860,百仕欣饮料（北京）有限公司,华彬生产基地,百仕欣基地化验室,68603202,
1817,编辑 删除,6860,百仕欣饮料（北京）有限公司,华彬生产基地,百仕欣基地品管部,68603201,
1818,编辑 删除,6860,百仕欣饮料（北京）有限公司,华彬生产基地,百仕欣基地领导-罐装工厂,68603120,
1819,编辑 删除,6860,百仕欣饮料（北京）有限公司,华彬生产基地,百仕欣基地领导-瓶装工厂,68603110,
1820,编辑 删除,6860,百仕欣饮料（北京）有限公司,华彬生产基地,百仕欣基地领导,68603100,
1821,编辑 删除,6860,百仕欣饮料（北京）有限公司,华彬生产基地,百仕欣基地-罐装工厂,68603020,
1822,编辑 删除,6860,百仕欣饮料（北京）有限公司,华彬生产基地,百仕欣基地-瓶装工厂,68603010,
1823,编辑 删除,6860,百仕欣饮料（北京）有限公司,华彬生产基地,百仕欣基地,68603000,
1824,编辑 删除,8880,红牛维他命饮料有限公司,华彬生产基地,行政中心-人事管理部,68602730,
1825,编辑 删除,6860,百仕欣饮料（北京）有限公司,华彬生产基地,行政中心-行政管理部,68602720,
1826,编辑 删除,6860,百仕欣饮料（北京）有限公司,华彬生产基地,总公司信息部,68602600,
1827,编辑 删除,6860,百仕欣饮料（北京）有限公司,华彬生产基地,总公司财务部,68602500,
1828,编辑 删除,6860,百仕欣饮料（北京）有限公司,华彬生产基地,营销中心-渠道管理部,68602400,
1829,编辑 删除,6860,百仕欣饮料（北京）有限公司,华彬生产基地,市场-消费者服务部,68602308,
1830,编辑 删除,6860,百仕欣饮料（北京）有限公司,华彬生产基地,市场-设计部,68602307,
1831,编辑 删除,6860,百仕欣饮料（北京）有限公司,华彬生产基地,市场-媒介及公关部,68602306,
1832,编辑 删除,6860,百仕欣饮料（北京）有限公司,华彬生产基地,市场-推广部,68602305,
1833,编辑 删除,6860,百仕欣饮料（北京）有限公司,华彬生产基地,市场-市场研究部,68602304,
1834,编辑 删除,6860,百仕欣饮料（北京）有限公司,华彬生产基地,市场-产品部,68602303,
1835,编辑 删除,6860,百仕欣饮料（北京）有限公司,华彬生产基地,市场-整合营销部,68602302,
1836,编辑 删除,6860,百仕欣饮料（北京）有限公司,华彬生产基地,市场-品牌与产品发展,68602301,
1837,编辑 删除,6860,百仕欣饮料（北京）有限公司,华彬生产基地,营销中心-市场管理部,68602300,
1838,编辑 删除,6860,百仕欣饮料（北京）有限公司,华彬生产基地,销售- 业务发展部,68602205,
1839,编辑 删除,6860,百仕欣饮料（北京）有限公司,华彬生产基地,销售-行销推广部,68602204,
1840,编辑 删除,6860,百仕欣饮料（北京）有限公司,华彬生产基地,销售-渠道管理部,68602203,
1841,编辑 删除,6860,百仕欣饮料（北京）有限公司,华彬生产基地,销售-系统支持部,68602202,
1842,编辑 删除,6860,百仕欣饮料（北京）有限公司,华彬生产基地,销售-区域市场管理部,68602201,
1843,编辑 删除,6860,百仕欣饮料（北京）有限公司,华彬生产基地,营销中心-销售管理部,68602200,
1844,编辑 删除,6860,百仕欣饮料（北京）有限公司,华彬生产基地,总公司人力资源部,68602100,
1845,编辑 删除,6860,百仕欣饮料（北京）有限公司,华彬生产基地,珠海百士欣,68602000,
1846,编辑 删除,6860,百仕欣饮料（北京）有限公司,华彬生产基地,总公司总经办,68600201,
1847,编辑 删除,6860,百仕欣饮料（北京）有限公司,华彬生产基地,百士欣,68600000,
