u{FEFF}条码/物料编码,名称/物料描述,规格型号,分类/物料组,计量单位,品牌,自定义类别,保质期(天),保质期预警(天),保留小数,状态,标箱折扣系数,货期(天),默认价格,是否标识管理,是否费用化资产
"40047323","蒸汽法兰波纹管补偿器","DN100 PN16/温度：350℃/补偿量：22mm","灌装机","个","","",1095,90,0,"已启用",,7,,"否","否"
"40047322","梅花垫","28mm","灌装机","个","ROTEX","",1095,90,0,"已启用",,7,,"否","否"
"40047321","UPVC气动蝶阀","DN65","污水系统","个","","",1095,90,0,"已启用",,7,,"否","否"
"40047320","链板","1600AGUPK83.8mm/3.048/条","链道系统","条","REGINA","",1095,90,0,"已启用",,14,,"否","否"
"40047319","双排气大阀片","长50MM,头宽14MM，中间孔直径4MM","污水系统","片","","",1095,90,0,"已启用",,14,,"否","否"
"40047318","联轴器","32mm","灌装机","套","ROTEX","",1095,90,0,"已启用",,7,,"否","否"
"40047317","变频器","GD200A5R5G /7R5P-4","链道系统","台","英威腾","",1095,90,0,"已启用",,7,,"否","否"
"40047316","316Y型焊接式过滤器","φ38","灌装机","个","","",1095,90,0,"已启用",,7,,"否","否"
"40047315","不锈钢快速接头","PU-8","通用电器件","个","费斯托","",1095,90,0,"已启用",,10,,"否","否"
"40047314","不锈钢快速接头","PU-6","通用电器件","个","费斯托","",1095,90,0,"已启用",,10,,"否","否"
"40047313","气管","PA12-12X1/100米/盘/黑色/白色","灌装机","盘","","",1095,90,0,"已启用",,14,,"否","否"
"40047312","气管","PA12-10X1/100米/盘/黑色","灌装机","盘","费斯托","",1095,90,0,"已启用",,14,,"否","否"
"40047311","气管","PA12-8X1/100米/盘/黑色/白色","灌装机","盘","费斯托","",1095,90,0,"已启用",,14,,"否","否"
"40047310","气管","PA12-6X1/100米/盘/黑色/白色","灌装机","盘","费斯托","",1095,90,0,"已启用",,14,,"否","否"
"40047279","气管","PA12-4X1/100米/盘/黑色/白色","灌装机","盘","","",1095,90,0,"已启用",,14,,"否","否"
"40047278","轴承","6010-ZZ","冷却机","个","SKF","",1095,90,0,"已启用",,7,,"否","否"
"40047277","不锈钢门栓搭扣","3寸平面小号门扣","封口机","个","泰姆士","",1095,90,0,"已启用",,10,,"否","否"
"40047276","钨针","2.4*150/10支/盒/灰色头","通用机械备件","盒","YOBEL","",1095,90,0,"已启用",,10,,"否","否"
"40047275","地线夹","A型260A全铜","通用机械备件","个","耀达威","",1095,90,0,"已启用",,7,,"否","否"
"40047274","不锈钢法兰球阀","DN65/Q41F-16P/配焊接法兰、螺栓、石墨垫","空压机","套","俏博莱","",1095,90,0,"已启用",,7,,"否","否"
"40047273","氟胶骨架油封","50*80*10","封口机","个","","",1095,90,0,"已启用",,7,,"否","否"
"40047272","OR意大利模温机安全阀","耐160度 内外丝4分","冷却机","个","耀达","",1095,90,0,"已启用",,7,,"否","否"
"40047271","304不锈钢双活接球阀","DN32热熔焊接/PPR","冷却机","个","晋有","",1095,90,0,"已启用",,7,,"否","否"
"40047304","空压机真空换向阀","3V1-06_AC380","污水系统","个","","",1095,90,0,"已启用",,7,,"否","否"
"40047303","气压调压阀","BFR2000","通用电器件","个","亚德客","",1095,90,0,"已启用",,5,,"否","否"
"40047302","连杆挡轮","CF413A","封箱机","个","友联","",1095,90,0,"已启用",,14,,"否","否"
"40047301","导板","CF408A","封箱机","个","友联","",1095,90,0,"已启用",,14,,"否","否"
"40047300","高效袋式过滤器（H14)","外边1025*640*90/内边1000*615*90","称料系统","个","","",1095,90,0,"已启用",,7,,"否","否"
"40047299","高效袋式过滤器（H14）","630*630*220","灌装机","个","","",1095,90,0,"已启用",,7,,"否","否"
"40047298","高效袋式过滤器（H14）","484*484*220","灌装机","个","","",1095,90,0,"已启用",,7,,"否","否"
"40047297","高效袋式过滤器（H14）","320*320*220","灌装机","个","","",1095,90,0,"已启用",,7,,"否","否"
"40047296","中效袋式过滤器","592*492*280*3D","自动上盖机","个","","",1095,90,0,"已启用",,7,,"否","否"
"40047295","中效袋式过滤器","592*492*280*5P","自动上盖机","个","","",1095,90,0,"已启用",,7,,"否","否"
"40047294","中效袋式过滤器","287*592*381-3P","自动上盖机","个","","",1095,90,0,"已启用",,7,,"否","否"
"40047293","初效过滤器","492*287*20","自动上盖机","个","","",1095,90,0,"已启用",,7,,"否","否"
"40047292","初效过滤器","492*592*21","自动上盖机","个","","",1095,90,0,"已启用",,7,,"否","否"
"40047291","动力介质出入口阀和阀座组件","1360881/spare泵50/80mm MFP14/S/SS","灌装机","个","斯派莎克","",1095,90,0,"已启用",,30,,"否","否"
"40047290","泵盖垫片","1360880/spare泵","灌装机","个","斯派莎克","",1095,90,0,"已启用",,30,,"否","否"
"40047289","泵进排汽阀芯/阀座组件","16120282/APT14泵","灌装机","个","斯派莎克","",1095,90,0,"已启用",,30,,"否","否"
"40047288","泵盖垫片","16120284/APT14泵","灌装机","个","斯派莎克","",1095,90,0,"已启用",,30,,"否","否"
"40047287","浮球组件","16120285/APT14泵","灌装机","个","斯派莎克","",1095,90,0,"已启用",,30,,"否","否"
"40047284","食品级软管总成","DN50*L1400mm/AB两端配316不锈钢SMS直接头，套筒扣压，套筒SS304材质","灌装机","根","TRELLEBORG","",1095,90,0,"已启用",,14,,"否","否"
"40047283","三相异步电动机","CM1041G200TJF+M104C-90","自动上盖机","台","","",1095,90,0,"已启用",,14,,"否","否"
"40047282","吸盘","G.BGI48-2S50.B3.SI.G38M.00","自动上盖机","个","","",1095,90,0,"已启用",,21,,"否","否"
"40047280","中间滚轮","F622502-0202.07","拆包机","个","","",1095,90,0,"已启用",,56,,"否","否"
"40047069","气动杆","MN010246","热缩机","个","SMI","",1095,90,0,"已启用",,84,,"否","否"
"40047068","底板","5-5354642","封口机","片","CFT","",1095,90,0,"已启用",,112,,"否","否"
"40047067","底托齿轮轴","5S5396427","封口机","根","CFT","",1095,90,0,"已启用",,112,,"否","否"
"40047066","灌装机减速机","2-0200368","封口机","台","CFT","",1095,90,0,"已启用",,112,,"否","否"
"40047270","齿轮","5-5450209","灌装机","个","CFT","",1095,90,0,"已启用",,112,,"否","否"
"40047039","出口星轮","5-8054301","封口机","个","CFT","",1095,90,0,"已启用",,112,,"否","否"
"40047038","油管","5-8954297","封口机","根","CFT","",1095,90,0,"已启用",,112,,"否","否"
"40047037","油管","5-8954300","封口机","根","CFT","",1095,90,0,"已启用",,112,,"否","否"
"40047036","油管","5-8954298","封口机","根","CFT","",1095,90,0,"已启用",,112,,"否","否"
"40047035","油管","5-8956049","封口机","根","CFT","",1095,90,0,"已启用",,112,,"否","否"
"40047285","气液分离器加热器","TBHP-09215(220v/150W)","通用电器件","个","","",1095,90,0,"已启用",,7,,"否","否"
"40047286","消音器","HF-2T","链道系统","个","宏丰","",1095,90,0,"已启用",,14,,"否","否"
"40046799","AV13自动排气阀","AV13黄铜1/2“BSP螺纹","灌装机","个","斯派莎克","",1095,90,0,"已启用",0.000,15,,"否","否"
"40046681","关节轴承","9263","包装机","个","","",1095,90,0,"已启用",,56,,"否","否"
"40046802","联轴器","ROBA-DSSize 25/953.001/7057726/替代2-0450137","封口机","个","mayr","",1095,90,0,"已启用",,42,,"否","否"
"40046800","杀菌灯专用电子镇流器","T8/30W","通用电器件","个","四通","",1095,90,0,"已启用",,7,,"否","否"
"40046729","隔膜泵密封圈","666270-EEB-C气动部分","污水系统","个","英格索兰","",1095,90,0,"已启用",,10,,"否","否"
"40046728","信号发生器","OHR-A00","工具","个","虹润","",1095,90,0,"已启用",,15,,"否","否"
"40046727","UPVC手动蝶阀","DN50","污水系统","个","","",1095,90,0,"已启用",,1,,"否","否"
"40046726","UPVC法兰盘","DN50","污水系统","个","","",1095,90,0,"已启用",,1,,"否","否"
"40046725","UPVC外牙直接","DN50","污水系统","个","","",1095,90,0,"已启用",,1,,"否","否"
"40046724","UPVC弯头","DN50","污水系统","个","","",1095,90,0,"已启用",,1,,"否","否"
"40046792","UPVC三通","DN50","污水系统","个","","",1095,90,0,"已启用",,1,,"否","否"
"40046791","活接密封","SMSφ102氟胶（食品级）","灌装机","个","","",1095,90,0,"已启用",,7,,"否","否"
"40046790","活接密封","SMSφ89氟胶（食品级）","灌装机","个","","",1095,90,0,"已启用",,7,,"否","否"
"40046763","活接密封","SMSφ76氟胶（食品级）","灌装机","个","","",1095,90,0,"已启用",,7,,"否","否"
"40046762","活接密封","SMSφ63氟胶（食品级）","灌装机","个","","",1095,90,0,"已启用",,7,,"否","否"
"40046761","活接密封","SMSφ57氟胶（食品级）","灌装机","个","","",1095,90,0,"已启用",,7,,"否","否"
"40046760","活接密封","SMSφ51氟胶（食品级）","灌装机","个","","",1095,90,0,"已启用",,7,,"否","否"
"40046759","活接密封","SMSφ45氟胶（食品级）","灌装机","个","","",1095,90,0,"已启用",,7,,"否","否"
"40046758","活接密封","SMSφ38氟胶（食品级）","灌装机","个","","",1095,90,0,"已启用",,7,,"否","否"
"40046757","活接密封","SMSφ32氟胶（食品级）","灌装机","个","","",1095,90,0,"已启用",,7,,"否","否"
"40046755","活接密封","SMSφ25氟胶（食品级）","灌装机","个","","",1095,90,0,"已启用",,7,,"否","否"
"40046754","连接电缆","EVT126","灌装机","根","IFM","",1095,90,0,"已启用",,15,,"否","否"
"40046753","链道从动轮","1600-16T-R40-12","链道系统","个","","",1095,90,0,"已启用",,15,,"否","否"
"40046752","链道主动轮","1600-16T-R40-12","链道系统","个","","",1095,90,0,"已启用",,15,,"否","否"
"40046751","LED户外电源","12V-400W","通用电器件","个","明安信","",1095,90,0,"已启用",,10,,"否","否"
"40046750","O型圈","内径68mm，外径75mm","污水系统","个","","",1095,90,0,"已启用",,10,,"否","否"
"40046749","接近开关（310盖检测）","IGW202","自动上盖机","个","IFM","",1095,90,0,"已启用",,28,,"否","否"
"40046748","螺杆零位传感器","IGT203","自动上盖机","个","IFM","",1095,90,0,"已启用",,28,,"否","否"
"40046747","两位电磁阀","VUVS-L20-M52-AD-G18-F7","自动上盖机","个","FESTO","",1095,90,0,"已启用",,28,,"否","否"
"40046746","出盖升降气缸","DFM-16-80-B-PPA-A-GF","自动上盖机","个","FESTO","",1095,90,0,"已启用",,28,,"否","否"
"40046745","出盖过渡推盖气缸","DSNU-16-200-PPV-A","自动上盖机","个","FESTO","",1095,90,0,"已启用",,28,,"否","否"
"40046744","切刀气缸","ADN-32-25-A-P-A","自动上盖机","个","FESTO","",1095,90,0,"已启用",,28,,"否","否"
"40046743","升降台1气缸","DSBC-50-250-PPVA-N3","自动上盖机","个","FESTO","",1095,90,0,"已启用",,28,,"否","否"
"40046459","色差传感器","FIGLONFYS-101P","自动上盖机","个","菲格隆","",1095,90,0,"已启用",,28,,"否","否"
"40046722","漫反射传感器","PR-Q23V12-A3-300","自动上盖机","个","科瑞","",1095,90,0,"已启用",,28,,"否","否"
"40046721","自动排水阀","浮球式JSP-DT4000","空压机","个","震东","",1095,90,0,"已启用",,7,,"否","否"
"40046720","上刀架支撑臂","CF3515CF","封箱机","个","友联","",1095,90,0,"已启用",,14,,"否","否"
"40046719","初效过滤器","493*476*18","配套设施","个","","",1095,90,0,"已启用",,7,,"否","否"
"40046718","高效袋式过滤器（H14）","860*630*70","配套设施","个","","",1095,90,0,"已启用",,7,,"否","否"
"40046717","中效袋式过滤器（F8）","592W*490H*381D","配套设施","个","-","",1095,90,0,"已启用",,7,,"否","否"
"40046716","换向阀气动头密封","9611920008","灌装机","个","阿法拉法","",1095,90,0,"已启用",0.000,28,,"否","否"
"40046715","张紧套","MF600316","包装机","个","SMI","",1095,90,0,"已启用",,84,,"否","否"
"40046714","气动杆","MF900053","热缩机","个","SMI","",1095,90,0,"已启用",,84,,"否","否"
"40046713","输送带","MF501966","包装机","米","SMI","",1095,90,2,"已启用",0.000,84,,"否","否"
"40046712","宽输送带","MF502400","包装机","米","SMI","",1095,90,2,"已启用",0.000,84,,"否","否"
"40046711","窄输送带","MF501970","包装机","米","SMI","",1095,90,2,"已启用",0.000,84,,"否","否"
"40046710","齿轮","MF400335","包装机","个","SMI","",1095,90,0,"已启用",,84,,"否","否"
"40046709","键轴","MA123925","包装机","根","SMI","",1095,90,0,"已启用",,84,,"否","否"
"40046708","过度块","MA905918","热缩机","个","SMI","",1095,90,0,"已启用",,84,,"否","否"
"40046707","齿轮","MF400887","包装机","个","SMI","",1095,90,0,"已启用",,84,,"否","否"
"40046706","阀门密封维修包","9611926500","灌装机","个","阿法拉法","",1095,90,0,"已启用",,28,,"否","否"
"40046803","减速机","KADW49-KS-6.1/2-0200426（进口订货号）","灌装机","台","西门子","",1095,90,0,"已启用",,56,,"否","否"
"40046705","联轴器","UCA-80-13-15","包装机","个","","",1095,90,0,"已启用",,56,,"否","否"
"40046704","联轴器","UCA-80-13-14","包装机","个","","",1095,90,0,"已启用",,56,,"否","否"
"40046703","联轴器","UCA-80-13-13","包装机","个","","",1095,90,0,"已启用",,56,,"否","否"
"40046702","联轴器","UCA-80-13-12","包装机","个","","",1095,90,0,"已启用",,56,,"否","否"
"40046701","联轴器","UCA-80-13-10","包装机","个","","",1095,90,0,"已启用",,56,,"否","否"
"40046700","联轴器","UCA-80-12-07-19","包装机","个","","",1095,90,0,"已启用",,56,,"否","否"
"40046699","直线轴承","UCA-80-12-07-13","包装机","个","","",1095,90,0,"已启用",,56,,"否","否"
"40046698","滑块","UCA-80-12-07-08","包装机","个","","",1095,90,0,"已启用",,56,,"否","否"
"40046697","滑块","UCA-80-12-07-02","包装机","个","","",1095,90,0,"已启用",,56,,"否","否"
"40046696","滑块","UCA-80-11-03-07","包装机","个","","",1095,90,0,"已启用",,56,,"否","否"
"40046695","导轨","UCA-80-11-03-06","包装机","个","","",1095,90,0,"已启用",,56,,"否","否"
"40046694","滑块","UCA-80-11-02-20","包装机","个","","",1095,90,0,"已启用",,56,,"否","否"
"40046693","链条","UCA-80-07-08","包装机","个","","",1095,90,0,"已启用",,56,,"否","否"
"40046692","滚筒","UCA-80-07-05","包装机","个","","",1095,90,0,"已启用",,56,,"否","否"
"40046691","滚筒杆","UCA-80-07-03","包装机","个","","",1095,90,0,"已启用",,56,,"否","否"
"40046690","挑针安装块","UCA-80-05-15V2","包装机","个","","",1095,90,0,"已启用",,56,,"否","否"
"40046689","链条","UCA-80-04-08-01","包装机","个","","",1095,90,0,"已启用",,56,,"否","否"
"40046688","直线轴承","UCA-80-03-15-16","包装机","个","","",1095,90,0,"已启用",,56,,"否","否"
"40046687","链条","UCA-80-03-09-11","包装机","个","","",1095,90,0,"已启用",,56,,"否","否"
"40046686","滚筒","UCA-80-03-09-03","包装机","个","","",1095,90,0,"已启用",,56,,"否","否"
"40046685","滚筒杆","UCA-80-03-09-02","包装机","个","","",1095,90,0,"已启用",,56,,"否","否"
"40046684","带座轴承","UCA-80-03-01","包装机","个","","",1095,90,0,"已启用",,56,,"否","否"
"40046683","链条","UCA-80-02-38","包装机","个","","",1095,90,0,"已启用",,56,,"否","否"
"40046682","真空吸盘","189174","包装机","个","","",1095,90,0,"已启用",,56,,"否","否"
"40046680","关节轴承","9261","包装机","个","","",1095,90,0,"已启用",,56,,"否","否"
"40046679","直线轴承","LMK16","包装机","个","","",1095,90,0,"已启用",,56,,"否","否"
"40046678","带座轴承","000201385","包装机","个","","",1095,90,0,"已启用",,56,,"否","否"
"40046677","轴承","0000072","包装机","个","","",1095,90,0,"已启用",,56,,"否","否"
"40046676","轴承","9301036005","包装机","个","","",1095,90,0,"已启用",,56,,"否","否"
"40046675","轴承","9301007004","包装机","个","","",1095,90,0,"已启用",,56,,"否","否"
"40046674","轴承","9301006902","包装机","个","","",1095,90,0,"已启用",,56,,"否","否"
"40046673","轴承","9301006901","包装机","个","","",1095,90,0,"已启用",,56,,"否","否"
"40046672","从动轮轴承","9301006004","包装机","个","","",1095,90,0,"已启用",,56,,"否","否"
"40046671","过度主传动轮轴承","9301006003","包装机","个","","",1095,90,0,"已启用",,56,,"否","否"
"40046670","轴承","9301006002","包装机","个","","",1095,90,0,"已启用",,56,,"否","否"
"40046669","轴承","9301006001","包装机","个","","",1095,90,0,"已启用",,56,,"否","否"
"40046668","带座轴承","930102206","包装机","个","","",1095,90,0,"已启用",,56,,"否","否"
"40046667","轴承","930100609","包装机","个","","",1095,90,0,"已启用",,56,,"否","否"
"40046666","轴承","930100607","包装机","个","","",1095,90,0,"已启用",,56,,"否","否"
"40046665","滑块","201211","包装机","个","","",1095,90,0,"已启用",,56,,"否","否"
"40046664","滑块","201209","包装机","个","","",1095,90,0,"已启用",,56,,"否","否"
"40046663","滑轨","201208","包装机","个","","",1095,90,0,"已启用",,56,,"否","否"
"40046662","滑块","201011","包装机","个","","",1095,90,0,"已启用",,56,,"否","否"
"40046661","滑块","201010","包装机","个","","",1095,90,0,"已启用",,56,,"否","否"
"40046660","电磁阀","VQZ242B-5M1-C4","灌装机","个","SMC","",1095,90,0,"已启用",,84,,"否","否"
"40046529","维修包","KIT/2C2R04748","灌装机","套","CFT","",1095,90,0,"已启用",,112,,"否","否"
"40046528","隔膜片","2-2550230","灌装机","个","CFT","",1095,90,0,"已启用",,112,,"否","否"
"40046527","垫圈","2S2199940","灌装机","个","CFT","",1095,90,0,"已启用",,112,,"否","否"
"40046526","空罐检测采集卡","MV-GE2004","拆包机","个","","",1095,90,0,"已启用",0.000,28,,"否","否"
"40046269"," 轴承","61810-2RS","包装机","个","SKF","",1095,90,0,"已启用",,7,,"否","否"
"40046173","PH计控制器","PHG-2091","污水系统","个","博取","",1095,90,0,"已启用",,10,,"否","否"
"40046281","气动阀","YAG 85 S22-10z","蒸汽间","个","远安","",1095,7,0,"已启用",,7,,"否","否"
"40046195","梅花垫","GS24","灌装机","个","","",1095,90,0,"已启用",,7,,"否","否"
"40046196","轮子","5-6650115","封口机","个","CFT","",1095,90,0,"已启用",,112,,"否","否"
"40046303","PH电极","405-60-SC","污水系统","个","SUNTEX","",1095,90,0,"已启用",,10,,"否","否"
"40046302","PLC模块","6ES7 134 6GD01-0BA1","污水系统","个","西门子","",1095,90,0,"已启用",,21,,"否","否"
"40046301","UPVC手动蝶阀","DN65","污水系统","个","","",1095,90,0,"已启用",,5,,"否","否"
"40046300","链道齿轮","10B 孔30mm，键槽8mm 21齿","链道系统","个","","",1095,90,0,"已启用",,10,,"否","否"
"40046299","链道齿轮","10B 孔30mm，键槽8mm 19齿","链道系统","个","","",1095,90,0,"已启用",,10,,"否","否"
"40046298","链道齿轮","10B 孔30mm，键槽8mm 17齿","链道系统","个","","",1095,90,0,"已启用",,5,,"否","否"
"40046297","304不锈钢潜污泵","50WQ10-10-0.75F(Y)/配弯头","污水系统","台","南方泵业","",1095,90,0,"已启用",,5,,"否","否"
"40046296","变频器","KALE-C100","通用电器件","个","","",1095,90,0,"已启用",,5,,"否","否"
"40046295","SMI机器内存条","8GX8 DDR3L","包装机","个","","",1095,90,0,"已启用",,5,,"否","否"
"40046294","带座轴承","SB204+PFL204","热缩机","个","","",1095,90,0,"已启用",,5,,"否","否"
"40046293","接近开关","IIT231","灌装机","个","IFM","",1095,90,0,"已启用",,5,,"否","否"
"40046292","流量计连接电缆","EVT399","灌装机","条","IFM","",1095,90,0,"已启用",0.000,5,,"否","否"
"40046291","螺杆泵定子转子套件","（C1XKC11RMA）","污水系统","套","","",1095,90,0,"已启用",,7,,"否","否"
"40046290","电动隔膜泵","不锈钢304/BFDP-50PTFF/DN50","污水系统","台","固德","",1095,90,0,"已启用",,14,,"否","否"
"40046289","轴承","6306-2Z","灌装机","个","SKF","",1095,90,0,"已启用",,7,,"否","否"
"40046288","氟胶骨架油封","30*52*7","灌装机","个","","",1095,90,0,"已启用",,7,,"否","否"
"40046287","不锈钢气动直接","PC4-01","灌装机","个","","",1095,90,0,"已启用",,7,,"否","否"
"40046286","不锈钢气动弯头(可旋转)","PL4-M5","灌装机","个","","",1095,90,0,"已启用",,7,,"否","否"
"40046285","不锈钢气动弯头(可旋转)","PL6-M5","灌装机","个","","",1095,90,0,"已启用",,7,,"否","否"
"40046284","不锈钢气动弯头(可旋转)","PL4-01","灌装机","个","","",1095,90,0,"已启用",,7,,"否","否"
"40046283","散热风扇","5915PC-23T-B30（220V）","光检机","个","","",1095,90,0,"已启用",,7,,"否","否"
"40046282","污水电机","YE3-90L-2,2.2KW","污水系统","台","士林","",1095,90,0,"已启用",0.000,7,,"否","否"
"40046279","安全阀弹簧","SV60/DN65/7.5-10.5barg","蒸汽间","个","斯派莎克","",1095,90,0,"已启用",,10,,"否","否"
"40046278","智能型定位器","SP7 Pro/DN15~DN100","配料系统","个","斯派莎克","",1095,90,0,"已启用",,10,,"否","否"
"40046277","高速风机","HF-2T，3KW，400v","链道系统","台","宏丰","",1095,90,0,"已启用",0.000,7,,"否","否"
"40046276","润滑油压力检测开关","PN7092","封口机","个","IFM","",1095,90,0,"已启用",,7,,"否","否"
"40046275","温度传感器","0-150度，4-20mA(2-wire),DC10-30v","灌装机","个","BRIGHT","",1095,90,0,"已启用",,7,,"否","否"
"40046273","液位传感器","YC-131,0-10M,4-20mA,12-36V","灌装机","个","","",1095,90,0,"已启用",,7,,"否","否"
"40046272","溶解氧电极","TriOxmatic690","污水系统","个","WTW","",1095,90,0,"已启用",,7,,"否","否"
"40046271","变频器控制面板","EN600","称料系统","个","易能","",1095,90,0,"已启用",,14,,"否","否"
"40046270","导条（纸箱仓护板）","MA312593","包装机","个","SMI","",1095,90,0,"已启用",0.000,84,,"否","否"
"40046099","链条导轨","MA903146","热缩机","个","SMI","",1095,90,0,"已启用",0.000,112,,"否","否"
"40046098","弹簧","MF101177","热缩机","个","SMI","",1095,90,0,"已启用",,112,,"否","否"
"40046097","辊子","MA112410","热缩机","个","SMI","",1095,90,0,"已启用",,112,,"否","否"
"40046096","导条","MA311629","热缩机","个","SMI","",1095,90,0,"已启用",,112,,"否","否"
"40046095","O型圈","920024630","封口机","个","CFT","",1095,90,0,"已启用",,112,,"否","否"
"40046089","在线PH电极","PH8012/5米电缆/污水系统/B类","污水系统","个","","",,,0,"已启用",,,,"否","否"
"40045796","平键条","9*14/1米/根","通用机械备件","根","","",1095,90,0,"已启用",,5,,"否","否"
"40045769","齿轮","5-5450210","灌装机","个","CFT","",1095,90,0,"已启用",0.000,112,,"否","否"
"40045768","软管","5-8956293","灌装机","根","CFT","",1095,90,0,"已启用",,112,,"否","否"
"40045767","软管","5-8956203","灌装机","根","CFT","",1095,90,0,"已启用",,112,,"否","否"
"40045766","软管","5-8956202","灌装机","根","CFT","",1095,90,0,"已启用",,112,,"否","否"
"40045765","软管","5-8953164","灌装机","根","CFT","",1095,90,0,"已启用",,112,,"否","否"
"40045764","软管","5-8952473","灌装机","根","CFT","",1095,90,0,"已启用",,112,,"否","否"
"40045801","驱动链轮","08B 14齿双排","封箱机","个","友联","",1095,90,0,"已启用",,14,,"否","否"
"40045797","304不锈钢变径","φ51mm-φ76mm","链道系统","个","","",1095,90,0,"已启用",,5,,"否","否"
"40045795","氟胶骨架油封","25*40*7","链道系统","个","","",1095,90,0,"已启用",,5,,"否","否"
"40045794","轴承","6205-2Z","链道系统","个","SKF","",1095,90,0,"已启用",,5,,"否","否"
"40045793","轴承","6305-2Z","链道系统","个","SKF","",1095,90,0,"已启用",,5,,"否","否"
"40045792","工业路由器","4G/R300A","通用电器件","个","","",1095,90,0,"已启用",,5,,"否","否"
"40045791","PLC储存卡","6AV2181-8XP00-0AX0","灌装机","个","西门子","",1095,90,0,"已启用",,5,,"否","否"
"40045790","接线分线端子","自升式接线盒2进12出","制水系统","个","忆顿","",1095,90,0,"已启用",,5,,"否","否"
"40045789","接线分线端子","自升式接线盒2进6出","冷却塔","个","忆顿","",1095,90,0,"已启用",,5,,"否","否"
"40045788","离心泵机械密封","FUA-35","冷却塔","套","","",1095,90,0,"已启用",,5,,"否","否"
"40045787","接触器","CJX2S 2510","冷却塔","个","德力西","",1095,90,0,"已启用",,5,,"否","否"
"40045786","减速器","SA47/10.80","链道系统","个","sew","",1095,90,0,"已启用",,28,,"否","否"
"40045785","主驱动轮带座轴承","UCP217（替2S2119715）","冷却机","个","SKF","",1095,90,0,"已启用",,5,,"否","否"
"40045784","耐高压石棉板","1.5米*1.3米*2mm","通用机械备件","张","正邦","",1095,90,0,"已启用",,5,,"否","否"
"40045783","食品级耐高温编织软管","9.5mm*16.6mm硅胶","灌装机","米","MGW-FLEX","",1095,90,0,"已启用",,5,,"否","否"
"40043667","诺信胶泵维修包","1028304","包装机","套","诺信","",1095,90,0,"已启用",,15,,"否","否"
"40045781","触摸屏","6AV6648-0EE11","自动上盖机","个","西门子","",1095,90,0,"已启用",,7,,"否","否"
"40045780","中效袋式过滤器（F8）","650W*515H*300D","配料系统","个","","",1095,90,0,"已启用",,7,,"否","否"
"40045779","中效袋式过滤器（F8）","490W*592H*381D","灌装机","个","","",1095,90,0,"已启用",,7,,"否","否"
"40045778","物料泵","LKH-20,162-SSS-3.0KW","灌装机","台","阿法拉阀","",1095,90,0,"已启用",0.000,56,,"否","否"
"40045777","蝶阀密封","EPDM/φ63.5","灌装机","个","远安","",1095,90,0,"已启用",,5,,"否","否"
"40045776","气动碟阀","D671X-10S/DN50","污水系统","个","simosen","",1095,90,0,"已启用",,3,,"否","否"
"40045775","隔膜泵底座","666270-EEB-C","污水系统","个","","",1095,90,0,"已启用",,14,,"否","否"
"40045774","轴承组合","MG100109","热缩机","个","SMI","",1095,90,0,"已启用",,84,,"否","否"
"40045773","轴承组合","MG100016","热缩机","个","SMI","",1095,90,0,"已启用",,84,,"否","否"
"40045772","弹销","MF102698","热缩机","个","SMI","",1095,90,0,"已启用",,84,,"否","否"
"40045771","滑片","MA297856","热缩机","片","SMI","",1095,90,0,"已启用",,84,,"否","否"
"40045770","真空吸盘支架","ESH-HCL-4-QS","拆包机","个","","",1095,90,0,"已启用",,42,,"否","否"
"40042656","O型圈","2S2189621","灌装机","个","CFT","",1095,90,0,"已启用",,112,,"否","否"
"40038447","键条","2S2203501","封口机","个","CFT","",1095,90,0,"已启用",,112,,"否","否"
"40035322","灌注阀卡簧","2-1350017","灌装机","个","CFT","",1095,90,0,"已启用",,112,,"否","否"
"40041395","储能罐","VS12/Z6038436/AQUASYSTEM","检测设备","个","","",1095,90,0,"已启用",,,,"否","否"
"40043221","补码输送带","宽300MM*2000M*800MM","喷码机","个","","",1095,90,0,"已启用",,,,"否","否"
"40038478","石棉垫2","DN 50 PN10-40/Z0203514","冷却机","个","CFT","",1095,90,0,"已启用",,,,"否","否"
"40038477","石棉垫1","DN 65 PN10-40/Z0203515","冷却机","个","CFT","",1095,90,0,"已启用",,,,"否","否"
"40038476","石棉垫","DN 100 PN16 /5-3700849","冷却机","个","CFT","",1095,90,0,"已启用",,,,"否","否"
"40038475","润滑系统接头","2S2520375","封口机","个","CFT","",1095,90,0,"已启用",,,,"否","否"
"40038472","拖链","NYLON AN355KM/2-2852616","灌装机","个","CFT","",1095,90,0,"已启用",,,,"否","否"
"40038471","罐装阀总成","316 RICIRC.FB MAN/6-8550347","灌装机","个","CFT","",1095,90,0,"已启用",,,,"否","否"
"40038470","进出口多道链板","/XLG-K0340 MCC  /2-0950184","冷却机","个","CFT","",1095,90,0,"已启用",,,,"否","否"
"40038469","压力表","0-4bar/2-2700279","冷却机","个","CFT","",1095,90,0,"已启用",,,,"否","否"
"40038468","白色加药软管","MOD A70025-35/2S2182320","冷却机","台","CFT","",1095,90,0,"已启用",,,,"否","否"
"40038467","加药系统吸取棒","2M0298232","冷却机","个","CFT","",1095,90,0,"已启用",,,,"否","否"
"40038466","主链板","2-0650085","冷却机","个","CFT","",1095,90,0,"已启用",,,,"否","否"
"40038465","润滑系统接头","2C235001200","封口机","个","CFT","",1095,90,0,"已启用",,,,"否","否"
"40038464","润滑系统接头6","2S2195013","封口机","个","CFT","",1095,90,0,"已启用",,,,"否","否"
"40038463","润滑系统接头8","2S2520400","封口机","个","CFT","",1095,90,0,"已启用",,,,"否","否"
"40038462","润滑系统接头1","2S2520342","封口机","个","CFT","",1095,90,0,"已启用",,,,"否","否"
"40038461","润滑系统接头7","2S2795003","封口机","个","CFT","",1095,90,0,"已启用",,,,"否","否"
"40038459","润滑系统接头4","2S2195017","封口机","个","CFT","",1095,90,0,"已启用",,,,"否","否"
"40038458","润滑系统接头5","2S2520300","封口机","个","CFT","",1095,90,0,"已启用",,,,"否","否"
"40038455","传感器支架","5-0450440","封口机","个","CFT","",1095,90,0,"已启用",,,,"否","否"
"40038454","检测下盖槽盖子传感器支架","5S5799526","封口机","个","CFT","",1095,90,0,"已启用",,,,"否","否"
"40038453","固定滚轮座月牙螺丝","5-7750020","封口机","个","CFT","",1095,90,0,"已启用",,,,"否","否"
"40038451","机油过滤器","HP 039.2.M25.A.NP01/2-2900250","封口机","个","CFT","",1095,90,0,"已启用",,,,"否","否"
"40038449","外卡簧","2S2205320","封口机","个","CFT","",1095,90,0,"已启用",,,,"否","否"
"40038448","O形圈46","2-2350156","封口机","个","CFT","",1095,90,0,"已启用",,,,"否","否"
"40038446","O形圈49","23.53*1.78FKM75 BK/2S2186257","封口机","个","CFT","",1095,90,0,"已启用",,,,"否","否"
"40038443","战马压头","5-4200213","灌装机","个","CFT","",1095,90,0,"已启用",,,,"否","否"
"40038442","战马一道轮总成","6-9000717","封口机","个","CFT","",1095,90,0,"已启用",,,,"否","否"
"40038441","战马二道轮总成","6-9000716","封口机","个","CFT","",1095,90,0,"已启用",,,,"否","否"
"40038440","红牛一道轮总成","6-9001159","封口机","个","CFT","",1095,90,0,"已启用",,,,"否","否"
"40038429","红牛二道轮总成","6-9001160","封口机","个","CFT","",1095,90,0,"已启用",,,,"否","否"
"40038428","链道冷却水调节阀","1/440205600WP2/2-2801660","灌装机","个","CFT","",1095,90,0,"已启用",,,,"否","否"
"40038427","电磁阀","MAC -4NA -1IN-4OUT/6-1050078","通用电器件","个","CFT","",1095,90,0,"已启用",,,,"否","否"
"40038426","O型圈1","OVALE 21.0*12.0*3.0/5-3700090","灌装机","个","CFT","",1095,90,0,"已启用",,,,"否","否"
"40038425","弹簧","18.0L 30.0S 6.5NOX/5B0053309-210","灌装机","个","CFT","",1095,90,0,"已启用",,,,"否","否"
"40038423","密封圈3","2.57*1.78NBR70 BK/2S2185888","灌装机","个","CFT","",1095,90,0,"已启用",,,,"否","否"
"40038421","密封件1","8.97*3.53EPDM70BK/2S2189701","灌装机","个","CFT","",1095,90,0,"已启用",,,,"否","否"
"40038315","传感器卡口","CLAMP 1-1 E33401/2-2801082","灌装机","个","CFT","",1095,90,0,"已启用",,,,"否","否"
"40038314","位置检测开关","POSIZ SERV PSDT/2-3370014","灌装机","个","CFT","",1095,90,0,"已启用",,,,"否","否"
"40038313","罐装阀总成（配件）","316 RICIRC.FB MAN/6-8550412","灌装机","个","CFT","",1095,90,0,"已启用",,,,"否","否"
"40038303","电磁阀底座","MAC-4NA-1IN-4OUT/6-1050078","灌装机","个","CFT/MAC","",1095,90,0,"已启用",,,,"否","否"
"40038301","轴承69","6005DDUCM NS7S 903","包装机","个","SMI","",1095,90,0,"已启用",,,,"否","否"
"40038300","轴承68","6007DDUCM NS7S 905","包装机","个","SMI","",1095,90,0,"已启用",,,,"否","否"
"40038299","模块10","XAZ0001808/KZ010508","包装机","个","SMI","",1095,90,0,"已启用",,,,"否","否"
"40038298","模块9","XAF0004344/KZ010206","包装机","个","SMI","",1095,90,0,"已启用",,,,"否","否"
"40038297","模块8","XAE0005200/KZ010205","包装机","个","SMI","",1095,90,0,"已启用",,,,"否","否"
"40038296","模块7","XAB0039313/KZ010195","包装机","个","SMI","",1095,90,0,"已启用",,,,"否","否"
"40038295","连锁组合","MA703115","包装机","个","SMI","",1095,90,0,"已启用",,,,"否","否"
"40038294","反光板","6MM/EF100240","包装机","个","SMI","",1095,90,0,"已启用",,,,"否","否"
"40038293","限位开关","K21 FR1-621412/EF010142","包装机","个","SMI","",1095,90,0,"已启用",,,,"否","否"
"40038292","模块6","HIE0000516/KZ010611","包装机","个","SMI","",1095,90,0,"已启用",,,,"否","否"
"40038291","模块","3152-FA-15Apk FLXIOASYNC-UL/KZ010462","包装机","个","SMI","",1095,90,0,"已启用",,,,"否","否"
"40038290","模块5","XAG0002170/KZ010402","包装机","个","SMI","",1095,90,0,"已启用",,,,"否","否"
"40038289","模块13","XAS0006782/KZ010355","包装机","个","SMI","",1095,90,0,"已启用",,,,"否","否"
"40038288","电源供应器","1PH100-240VAC/24VDC10A/ET310075","包装机","个","SMI","",1095,90,0,"已启用",,,,"否","否"
"40038287","保险丝","FR 10GR69V/EE500318","包装机","个","SMI","",1095,90,0,"已启用",,,,"否","否"
"40038286","继电器","SR30480 DPS1F/EE300118","包装机","个","SMI","",1095,90,0,"已启用",,,,"否","否"
"40038285","原单位4","ML050296","热缩机","个","SMI","",1095,90,0,"已启用",,,,"否","否"
"40038284","原单位3","ML050295","热缩机","个","SMI","",1095,90,0,"已启用",,,,"否","否"
"40038283","原单位2","ML050294","热缩机","个","SMI","",1095,90,0,"已启用",,,,"否","否"
"40038282","原单位1","ML050293","热缩机","个","SMI","",1095,90,0,"已启用",,,,"否","否"
"40038281","杆","MA806668","热缩机","个","SMI","",1095,90,0,"已启用",,,,"否","否"
"40038280","特殊的链","08B1Sv63.5 STANDARD/MA501169","热缩机","个","SMI","",1095,90,0,"已启用",,,,"否","否"
"40038279","特殊的链2","12BHN Sv95.25M8SXPROFIL/MA501024","热缩机","个","SMI","",1095,90,0,"已启用",,,,"否","否"
"40038278","特殊的链1","12BHNSv95.25M8 SXPROFIL/MA501023","热缩机","个","SMI","",1095,90,0,"已启用",,,,"否","否"
"40038277","钉","OT∅ 25 L29/MA101014","热缩机","个","SMI","",1095,90,0,"已启用",,,,"否","否"
"40038275","光电管4","S3Z-PR-5-F-G01-PD/EF100220","热缩机","个","SMI","",1095,90,0,"已启用",,,,"否","否"
"40038274","光电管3","S51-PP-5-B01-PK/EF100215","热缩机","个","SMI","",1095,90,0,"已启用",,,,"否","否"
"40038273","光电管","S15-PA-5-C11-PK/EF100212","热缩机","个","SMI","",1095,90,0,"已启用",,,,"否","否"
"40038272","光电管2","S15-PA-5-B01-PK/EF100211","热缩机","个","SMI","",1095,90,0,"已启用",,,,"否","否"
"40038271","光电管1","S15-PA-5-B01-PK/EF100209","热缩机","个","SMI","",1095,90,0,"已启用",,,,"否","否"
"40038270","板","20*5/MP400023","热缩机","个","SMI","",1095,90,0,"已启用",,,,"否","否"
"40038269","可调皮带装置2","MA245127/ML040150","热缩机","个","SMI","",1095,90,0,"已启用",,,,"否","否"
"40038268","可调皮带装置1","MA245128/ML040149","热缩机","个","SMI","",1095,90,0,"已启用",,,,"否","否"
"40038267","机器安全保障组","03:22A110-15-016 01/MG440498","热缩机","个","SMI","",1095,90,0,"已启用",,,,"否","否"
"40038266","密封装置3","MG270068","热缩机","个","SMI","",1095,90,0,"已启用",,,,"否","否"
"40038265","密封装置2","MG270033","热缩机","个","SMI","",1095,90,0,"已启用",,,,"否","否"
"40038264","密封装置1","MG270018","热缩机","个","SMI","",1095,90,0,"已启用",,,,"否","否"
"40038263","叶片","STANLEY11916/MF900035","热缩机","个","SMI","",1095,90,0,"已启用",,,,"否","否"
"40038262","高温布2","PTFE 200*0.125 L740/MA904347","热缩机","个","SMI","",1095,90,0,"已启用",,,,"否","否"
"40038259","简单的链3","10B-1 Vs79 375/MA501670","热缩机","个","SMI","",1095,90,0,"已启用",,,,"否","否"
"40038258","简单的链2","C140BS1105/MA501528","热缩机","个","SMI","",1095,90,0,"已启用",,,,"否","否"
"40038257","简单的链1","C140BS1104/MA501527","热缩机","个","SMI","",1095,90,0,"已启用",,,,"否","否"
"40038256","链指南2","/22*25 L200/MA2A9886","包装机","个","SMI","",1095,90,0,"已启用",,,,"否","否"
"40038255","链指南3","60.5*22 L98.6/MA2A9884","包装机","个","SMI","",1095,90,0,"已启用",,,,"否","否"
"40038254","链指南1","60.5*22 L98.5/MA2A9883","包装机","个","SMI","",1095,90,0,"已启用",,,,"否","否"
"40038253","链指南5","50*28.5 L116/MA2A9882","包装机","个","SMI","",1095,90,0,"已启用",,,,"否","否"
"40038252","链指南4","50*28.5 L115/MA2A9878","包装机","个","SMI","",1095,90,0,"已启用",,,,"否","否"
"40038251","过滤器","250*250*15/EK020046","包装机","个","SMI","",1095,90,0,"已启用",,,,"否","否"
"40038250","传感器4","PERL-FUCHS/EF100289","包装机","个","SMI","",1095,90,0,"已启用",,,,"否","否"
"40038249","传感器3","AM5AP-5H/EF100244","包装机","个","SMI","",1095,90,0,"已启用",,,,"否","否"
"40038248","光电管5","S3Z-PR-5-M01-PL/EF100222","包装机","个","SMI","",1095,90,0,"已启用",,,,"否","否"
"40038247","光电管","S51-PR-5-B02-PK/EF100216","包装机","个","SMI","",1095,90,0,"已启用",,,,"否","否"
"40038246","光电管7","S15-PA-5-C11-PK/EF100212","包装机","个","SMI","",1095,90,0,"已启用",,,,"否","否"
"40038099","轴承66","6006DDUCM NS7S 008","包装机","个","SMI","",1095,90,0,"已启用",,,,"否","否"
"40038098","轴承67","6203DDUCM NS7S 005","包装机","个","SMI","",1095,90,0,"已启用",,,,"否","否"
"40038097","模块12","XAC0005297/KZ010354","包装机","个","SMI","",1095,90,0,"已启用",,,,"否","否"
"40036870","带座轴承1","QUADRA UCF204C D20/2-1250061","灌装机","件","","",1095,90,0,"已启用",,,,"否","否"
"40036414","（战马）顶出器","202 20004L/6L/5S5300035","封口机","个","CFT","",1095,90,0,"已启用",,,,"否","否"
"40036413","（站马）一道卷封轮","5-6400777","封口机","个","CFT","",1095,90,0,"已启用",,,,"否","否"
"40036412","（战马）二道卷封轮","5-6400778","封口机","个","CFT","",1095,90,0,"已启用",,,,"否","否"
"40035361","传感器2","Z0840093","冷却机","件","CFT","",1095,90,0,"已启用",,,,"否","否"
"40035360","垫圈5","2-2350947","冷却机","件","CFT","",1095,90,0,"已启用",,,,"否","否"
"40035359","喷嘴","2-2650065","冷却机","件","CFT","",1095,90,0,"已启用",,,,"否","否"
"40035358","链条1","2-0950287","灌装机","件","CFT","",1095,90,0,"已启用",,,,"否","否"
"40035357","梳子","190X152/2-3100145","冷却机","件","CFT","",1095,90,0,"已启用",,,,"否","否"
"40035356","驱动轮","16-90X90 POM/2-1100131","冷却机","件","CFT","",1095,90,0,"已启用",,,,"否","否"
"40035354","喷嘴2","5.057.03.0004","灌装机","件","","",1095,90,0,"已启用",,,,"否","否"
"40035353","喷嘴1","5.057.03.0003","灌装机","件","","",1095,90,0,"已启用",,,,"否","否"
"40035321","回流阀端盖四氟垫","5-3700034","灌装机","件","CFT","",1095,90,0,"已启用",,,,"否","否"
"40035320","回流阀针带状轴承","D25.0*22.0H4.9S/5B0055431-002","灌装机","件","CFT","",1095,90,0,"已启用",,,,"否","否"
"40035319","回流阀座带状轴承","5B0055431-001","灌装机","件","CFT","",1095,90,0,"已启用",,,,"否","否"
"40035306","假杯密封垫","5-3600076","灌装机","件","CFT","",1095,90,0,"已启用",,,,"否","否"
"40035299","灌装阀针滑套","JUM-01-10 IGUS/2-1400010","灌装机","件","CFT","",1095,90,0,"已启用",,,,"否","否"
"40035275","螺母1","5S5240005","封口机","件","CFT","",1095,90,0,"已启用",,,,"否","否"
"40035274","螺丝2","5S5906092","封口机","件","CFT","",1095,90,0,"已启用",,,,"否","否"
"40035273","螺丝4","5S5906090","封口机","件","CFT","",1095,90,0,"已启用",,,,"否","否"
"40035272","螺丝1","5S5906089","封口机","件","CFT","",1095,90,0,"已启用",,,,"否","否"
"40035271","螺丝3","5S5906006","封口机","件","CFT","",1095,90,0,"已启用",,,,"否","否"
"40035198","O型圈2","133.02*2.62EPDM70 BK/2S2189687","灌装机","件","","",1095,90,0,"已启用",,,,"否","否"
"40035197","O型圈5","37.69*3.53 EPDN70 BK/2S2189698","灌装机","件","","",1095,90,0,"已启用",,,,"否","否"
"40035196","垫圈2","RWDR 120*150*12/2-2350390","灌装机","件","CFT","",1095,90,0,"已启用",,,,"否","否"
"40025920","切膜刀","MA237462","热缩机","个","SMI","",1095,90,0,"已启用",,,,"否","否"
"40005283","接近传感器1","IM12-02BPS-ZW1/EF100017","通用电器件","个","","",1095,90,0,"已启用",,,,"否","否"
"40005281","接近传感器","IM12-02BPS-ZC1/EF100018","通用电器件","个","","",1095,90,0,"已启用",,,,"否","否"
"40004902","高温布1","MA901846","热缩机","个","SMI","",1095,90,0,"已启用",,,,"否","否"
"40003616","纸皮气动吸嘴1","MN300034/5901001602","包装机","个","SMI","",1095,90,0,"已启用",,,,"否","否"
"42000515","分盖盘","5S5732041","封口机","个","CFT","",1095,90,0,"已启用",,,,"否","否"
"42000402","分盖刀","5S5732038","封口机","个","CFT","",1095,90,0,"已启用",,,,"否","否"
"40044819","光线传感器","FS-N18N","检测设备","个","","",1095,90,0,"已启用",,,,"否","否"
"40044818","带插座连接电缆","EVC597","配料系统","个","","",1095,90,0,"已启用",,,,"否","否"
"40044817","超声波传感器","UGT513","配料系统","个","","",1095,90,0,"已启用",,,,"否","否"
"40044816","单芯电线","RV 1.0平/（红）","通用电器件","盘","","",1095,90,0,"已启用",,,,"否","否"
"40044815","C型套管衬条","材质：HDPE 内径10*外径14","密封类","米","","",1095,90,0,"已启用",,,,"否","否"
"40044814","金属垫片","DN100","密封类","个","","",1095,90,0,"已启用",,,,"否","否"
"40044813","氟胶骨架油封","70*100*10","封口机","个","","",1095,90,0,"已启用",,,,"否","否"
"40044812","台式交流离子风机","BK5600","拆包机","台","","",1095,90,0,"已启用",,,,"否","否"
"40044811","气动震动器","GT24","灌装机","个","","",1095,90,0,"已启用",,,,"否","否"
"40044810","精密过滤器滤芯","5um","制水系统","个","","",1095,90,0,"已启用",,,,"否","否"
"40044809","终端过滤器滤芯","0.45um","制水系统","个","","",1095,90,0,"已启用",,,,"否","否"
"40044808","保安过滤器滤芯","1um","制水系统","个","","",1095,90,0,"已启用",,,,"否","否"
"40044807","疏水阀","DN20 SMC32Y热静力疏水阀","灌装机","个","斯派莎克","",1095,90,0,"已启用",,,,"否","否"
"40044806","编码器5","6FX2001-5JE20-2DC0","灌装机","个","","",1095,90,0,"已启用",,,,"否","否"
"40044805","伺服电机1","1FK7084-2AF71-1RA0","灌装机","台","","",1095,90,0,"已启用",,,,"否","否"
"40044804","气缸阀针","DHD-HS.01/940.670.38","注氮机","个","","",1095,90,0,"已启用",,,,"否","否"
"40044803","编码器联轴器","940.50200A3","注氮机","个","","",1095,90,0,"已启用",,,,"否","否"
"40044802","EP阀针确认电眼","940.2910.10","注氮机","个","","",1095,90,0,"已启用",,,,"否","否"
"40044801","容器电眼","940.755","注氮机","个","","",1095,90,0,"已启用",,,,"否","否"
"40044799","时序电眼","940.2807","注氮机","个","","",1095,90,0,"已启用",,,,"否","否"
"40044798","注氮机传感器线","940.244016","注氮机","台","","",1095,90,0,"已启用",,,,"否","否"
"40044797","驱动滚筒体","C40 BB500 PBAL/30245816","称重机","个","","",1095,90,0,"已启用",,,,"否","否"
"40044795","减速机","5-4620001","灌装机","台","CFT","",1095,90,0,"已启用",,,,"否","否"
"40044794","变速箱齿轮轴键条","5-4050642","灌装机","个","CFT","",1095,90,0,"已启用",,,,"否","否"
"40044793","变速箱齿轮轴","5S5007024","灌装机","个","CFT","",1095,90,0,"已启用",,,,"否","否"
"40044792","底托铜套","5S5102187","灌装机","个","CFT","",1095,90,0,"已启用",,,,"否","否"
"40044791","键条","2S2203046","灌装机","个","CFT","",1095,90,0,"已启用",,,,"否","否"
"40044790","键条","2S2203025","灌装机","个","CFT","",1095,90,0,"已启用",,,,"否","否"
"40044506","三角皮带","SPZ-630 3V 250","自动上盖机","台","","",1095,90,0,"已启用",,,,"否","否"
"40044505","箱称重同步带","HTD8M-792-20","称重机","条","","",1095,90,0,"已启用",0.000,,,"否","否"
"40044504","箱称重皮带","1RHA4m-1PU 墨绿色 1790*490*1.2mm","称重机","台","","",1095,90,0,"已启用",,,,"否","否"
"40044503","无线报警器","AC220V/DC12V","冷却塔","套","","",1095,90,0,"已启用",,,,"否","否"
"40044502","不锈钢防水电磁阀","2W-250-32/DN32/AC220V","冷却塔","个","","",1095,90,0,"已启用",,,,"否","否"
"40044501","无线液位控制器","39D主机+2m探头+20m信号线","冷却塔","套","","",1095,90,0,"已启用",,,,"否","否"
"40044500","两线陶瓷热电阻","wzp-pt100/陶瓷头/线长0.3M","通用电器件","个","","",1095,90,0,"已启用",,,,"否","否"
"40044499","ksd9700陶瓷温控开关","250V/10A/80℃ 常闭","通用电器件","个","","",1095,90,0,"已启用",,,,"否","否"
"40044498","航空插头6","M12-8芯直母头","包装机","个","","",1095,90,0,"已启用",,,,"否","否"
"40044497","航空插头","M12-8芯直公头","包装机","个","","",1095,90,0,"已启用",,,,"否","否"
"40044496","变频器","ACS510-01-017A-4 7.5kw","污水系统","台","","",1095,90,0,"已启用",,,,"否","否"
"40044495","三相异步电机","YE3-132S-4-F 5.5kw","污水系统","台","","",1095,90,0,"已启用",,,,"否","否"
"40044494","博龙pt100热电阻","直型pt100 8*600/2m","冷却机","台","","",1095,90,0,"已启用",,,,"否","否"
"40044493","COD仪三通阀","5012-24-UEF-3X","污水系统","个","","",1095,90,0,"已启用",,,,"否","否"
"40044492","COD仪九通阀","COD-JTF","污水系统","个","","",1095,90,0,"已启用",,,,"否","否"
"40044490","电磁阀接头","1/4-28UNF","污水系统","个","","",1095,90,0,"已启用",,,,"否","否"
"40044420","托盘升降气囊","1V9101","码垛机","个","","",1095,90,0,"已启用",,,,"否","否"
"40044309","输送机升降气囊","1B5071","码垛机","个","","",1095,90,0,"已启用",,,,"否","否"
"40044308","输送机升降气囊","1B5021","码垛机","个","","",1095,90,0,"已启用",,,,"否","否"
"40044307","单向阀维修包2","DN80/9611924009","灌装机","套","阿法拉伐","",1095,90,0,"已启用",,,,"否","否"
"40044306","单向阀维修包1","DN65/9611924008","灌装机","套","阿法拉伐","",1095,90,0,"已启用",,,,"否","否"
"40044305","活接密封7","DN80/EPDM/9611991275","灌装机","个","阿法拉伐","",1095,90,0,"已启用",,,,"否","否"
"40044304","活接密封6","ф25/EPDM/3131703753","灌装机","个","阿法拉伐","",1095,90,0,"已启用",,,,"否","否"
"40044303","o形圈","6-1100044(EX 5-3700605、5-3700645、5-3700654、5-3700655）","封口机","套","","",1095,90,0,"已启用",,,,"否","否"
"40044301","滤网","Filter disc 7kit 10 pcs/200999","码垛机","个","","",1095,90,0,"已启用",,,,"否","否"
"40044300","减速电机轴","XAKL-S-OUT02-1550/35","码垛机","根","XAKL","",1095,90,0,"已启用",,,,"否","否"
"40044299","减速电机","SMSA57DT80N4/速比71.75/三相","码垛机","台","","",1095,90,0,"已启用",,,,"否","否"
"40044298","PE轮轴心","CF433A-2","封箱机","支","友联","",1095,90,0,"已启用",,,,"否","否"
"40044297","SMI电机","EM700024","包装机","台","SMI","",1095,90,0,"已启用",,,,"否","否"
"40044296","SMI电机","EM700021","包装机","台","SMI","",1095,90,0,"已启用",,,,"否","否"
"40044295","SMI电机","EM700035","热缩机","台","SMI","",1095,90,0,"已启用",,,,"否","否"
"40044294","SMI电机","EM700034","热缩机","台","SMI","",1095,90,0,"已启用",,,,"否","否"
"40044293","阀门密封维修包14","EPDM 9611923075/DN25","灌装机","套","阿法拉伐","",1095,90,0,"已启用",,,,"否","否"
"40044292","活接密封4","ф63/3131703793","灌装机","个","CFT","",1095,90,0,"已启用",,,,"否","否"
"40044291","送盖笼","RE-5-9050311","封口机","个","CFT","",1095,90,0,"已启用",,,,"否","否"
"40044290","润滑系统接头9","2S2520350","封口机","个","CFT","",1095,90,0,"已启用",,,,"否","否"
"40044289","涡街流量计","7F2C80-5830/0/PROWIRL200","配料系统","台","","",1095,90,0,"已启用",,,,"否","否"
"40044288","过滤器拉杆","S30408/1000mmXΦ12","配料系统","根","","",1095,90,0,"已启用",,,,"否","否"
"40044286","温度探针","TD2501","通用电器件","根","","",1095,90,0,"已启用",,,,"否","否"
"40044285","气缸","SE50*25","码垛机","个","","",1095,90,0,"已启用",,,,"否","否"
"40044284","气缸","SE50*250S","码垛机","个","","",1095,90,0,"已启用",,,,"否","否"
"40044283","气缸","SE40*80S","码垛机","个","","",1095,90,0,"已启用",,,,"否","否"
"40044282","三角皮带","AV13*1143Li","污水系统","台","","",1095,90,0,"已启用",,,,"否","否"
"40044281","三相异步电动机","YE3-160M1-2 11KW 380V 50HZ 2935r/min","通用电器件","台","","",1095,90,0,"已启用",,,,"否","否"
"40044279","连杆浮球液位开关","UHZ-NK/法兰规格DN50/测量范围3000mm","通用电器件","个","","",1095,90,0,"已启用",,,,"否","否"
"40044278","太阳能安全阀","内外丝4分/2.5bar","通用电器件","个","","",1095,90,0,"已启用",,,,"否","否"
"40044277","骨架油封6","70*100*8","封口机","个","","",1095,90,0,"已启用",,,,"否","否"
"40044276","硅胶方型密封","（6*6）外径220内径208","密封类","个","","",1095,90,0,"已启用",,,,"否","否"
"40044275","硅胶方型密封","（6*6）外径188内径176","密封类","个","","",1095,90,0,"已启用",,,,"否","否"
"40044274","硅胶方型密封","（6*6）外径175内径163","密封类","个","","",1095,90,0,"已启用",,,,"否","否"
"40044273","硅胶方型密封","（6*6）外径150内径138","密封类","个","","",1095,90,0,"已启用",,,,"否","否"
"40044272","硅胶方型密封","（6*6）外径120内径108","密封类","个","","",1095,90,0,"已启用",,,,"否","否"
"40044271","滚针轴承","全钢1730+2AS","自动上盖机","个","","",1095,90,0,"已启用",,,,"否","否"
"40044270","铝合金气刀","FDTB275MM","通用机械备件","个","","",1095,90,0,"已启用",,,,"否","否"
"40044269","微电脑时控开关","THC15A AC220V","通用电器件","个","","",1095,90,0,"已启用",,,,"否","否"
"40044268","选择开关","XBZBD33C","通用电器件","个","","",1095,90,0,"已启用",,,,"否","否"
"40044267","平键条","8*10/1米/根","通用机械备件","根","","",1095,90,0,"已启用",,,,"否","否"
"40044266","平键条","8*8/1米/根","通用机械备件","根","","",1095,90,0,"已启用",,,,"否","否"
"40044265","平键条","8*7/1米/根","通用机械备件","根","","",1095,90,0,"已启用",,,,"否","否"
"40044264","平键条","6*6/1米/根","通用机械备件","根","","",1095,90,0,"已启用",,,,"否","否"
"40044263","平键条","5*5/1米/根","通用机械备件","根","","",1095,90,0,"已启用",,,,"否","否"
"40044262","平键条","4*4/1米/根","通用机械备件","根","","",1095,90,0,"已启用",,,,"否","否"
"40044261","平键条","3*3/1米/根","通用机械备件","根","","",1095,90,0,"已启用",,,,"否","否"
"40044260","四氟垫片","DN80*3","通用机械备件","个","","",1095,90,0,"已启用",,,,"否","否"
"40044259","链条全接","08B-1","通用机械备件","个","","",1095,90,0,"已启用",,,,"否","否"
"40044258","链条","08B-1","通用机械备件","台","","",1095,90,0,"已启用",,,,"否","否"
"40044257","骨架油封1","35*62*7","密封类","个","","",1095,90,0,"已启用",,,,"否","否"
"40044256","吹气头","300mm铝块单管圆头+强磁","灌装机","个","","",1095,90,0,"已启用",,,,"否","否"
"40044255","波纹管法兰式尼龙接头","AD67.2","通用机械备件","个","","",1095,90,0,"已启用",,,,"否","否"
"40044254","pp阻燃波纹管软管","AD67.2/20米/卷","通用机械备件","盘","","",1095,90,0,"已启用",,,,"否","否"
"40044253","异型锉刀","10只装","工具","个","","",1095,90,0,"已启用",,,,"否","否"
"40044252","拆链器","NO.30103","工具","个","","",1095,90,0,"已启用",,,,"否","否"
"40044003","电磁阀","MTV-2-1/4UNHT-11/24VDC","污水系统","个","","",1095,90,0,"已启用",,,,"否","否"
"40043792","初效过滤器（G4）","592W*592H*46D","配料系统","个","","",1095,90,0,"已启用",,,,"否","否"
"40043791","初效过滤器（G4）","490W*592H*46D","配料系统","个","","",1095,90,0,"已启用",,,,"否","否"
"40043790","耐高温过滤袋","PEF-5-P02H-30L/食品级","配料系统","个","","",1095,90,0,"已启用",,,,"否","否"
"40043789","分盖刀电磁阀","2S2233139","封口机","个","","",1095,90,0,"已启用",,,,"否","否"
"40043788","电导率仪探头","CLS19-B1A1A","制水系统","个","","",1095,90,0,"已启用",,,,"否","否"
"40043787","机械密封6","CRN15-3A-FGJ-A-V-HQQV","密封类","个","","",1095,90,0,"已启用",,,,"否","否"
"40043786","位置计数器","CF0405CF","封箱机","个","","",1095,90,0,"已启用",,,,"否","否"
"40043785","急停防触盖","ZM-F22-12","通用电器件","个","","",1095,90,0,"已启用",,,,"否","否"
"40043784","上银滑块","hgh20ca","封箱机","个","","",1095,90,0,"已启用",,,,"否","否"
"40043783","卡箍密封","φ25/卡盘50.5","灌装机","个","","",1095,90,0,"已启用",,,,"否","否"
"40043682","变频器3","GD 200A-011G/015P-4","冷却机","个","","",1095,90,0,"已启用",,,,"否","否"
"40043680","断路器","GV2ME32C","冷却机","个","","",1095,90,0,"已启用",,,,"否","否"
"40043679","电缆线","RVV3*6+1*4","冷却机","个","","",1095,90,0,"已启用",,,,"否","否"
"40043678","电缆线","YJV5*10","称重机","个","","",1095,90,0,"已启用",,,,"否","否"
"40043677","铜鼻子","DT10","称重机","个","","",1095,90,0,"已启用",,,,"否","否"
"40043676","电磁阀9","SY7120-5D-02","码垛机","个","","",1095,90,0,"已启用",,,,"否","否"
"40043675","不锈钢脉冲信号智能远传水表","LXSY-DN50","通用电器件","个","","",1095,90,0,"已启用",,,,"否","否"
"40043674","刹车线圈","Brake BE11a/55Nm/230AC","拆包机","个","","",1095,90,0,"已启用",,,,"否","否"
"40043673","报警响铃","JD502-F0110B024","通用电器件","个","","",1095,90,0,"已启用",,,,"否","否"
"40043672","报警灯红色","JD501-L01R024","通用电器件","个","","",1095,90,0,"已启用",,,,"否","否"
"40043671","报警灯绿色","JD501-L01G024","通用电器件","个","","",1095,90,0,"已启用",,,,"否","否"
"40043670","报警灯底座","A007908","通用电器件","个","","",1095,90,0,"已启用",,,,"否","否"
"40043669","成型传动轴（前）","MA118952","通用电器件","个","","",1095,90,0,"已启用",,,,"否","否"
"40043668","成型传动轴（后）","MA123929","通用电器件","个","","",1095,90,0,"已启用",,,,"否","否"
"40043522","航空插头5","GX12-3芯母头带线","通用电器件","个","","",1095,90,0,"已启用",,,,"否","否"
"40043521","航空插头4","M12-4芯直公头","通用电器件","个","","",1095,90,0,"已启用",,,,"否","否"
"40043520","航空插头3","M12-4芯直母头","通用电器件","个","","",1095,90,0,"已启用",,,,"否","否"
"40043519","航空插头2","M12-4芯弯公头","通用电器件","个","","",1095,90,0,"已启用",,,,"否","否"
"40043518","航空插头1","M12-4芯弯母头","通用电器件","个","","",1095,90,0,"已启用",,,,"否","否"
"40043517","骨架油封4","40*62*8","通用电器件","个","","",1095,90,0,"已启用",,,,"否","否"
"40043516","接近开关6","E2B-M30KN20-M1-C1","激光打码机","个","","",1095,90,0,"已启用",,,,"否","否"
"40043515","气缸16","ACQ32*50SB/10-E-W","气动配件","个","","",1095,90,0,"已启用",,,,"否","否"
"40043514","链条接头","428H/全接","通用机械备件","个","","",1095,90,0,"已启用",,,,"否","否"
"40043513","气管螺纹直接","pc8-01","气动配件","个","","",1095,90,0,"已启用",,,,"否","否"
"40043512","气压调节阀","lsa-8mm","气动配件","个","","",1095,90,0,"已启用",,,,"否","否"
"40043511","辊筒4","50*760 双排14齿","链道系统","个","","",1095,90,0,"已启用",,,,"否","否"
"40043510","辊筒3","50*560 双排14齿","链道系统","个","","",1095,90,0,"已启用",,,,"否","否"
"40043509","辊筒2","50*1060 双排14齿","链道系统","个","","",1095,90,0,"已启用",,,,"否","否"
"40043508","辊筒1","50*490 双排14齿","链道系统","个","","",1095,90,0,"已启用",,,,"否","否"
"40043506","键","MF100089","包装机","个","SMI","",1095,90,0,"已启用",,,,"否","否"
"40043505","轴","MA125225","包装机","个","SMI","",1095,90,0,"已启用",,,,"否","否"
"40043504","减速箱","EM650467","包装机","个","SMI","",1095,90,0,"已启用",,,,"否","否"
"40043302","COD在线仪主板","CODC-3000","污水系统","个","博取","",1095,90,0,"已启用",,,,"否","否"
"40043299","电磁泵","C0806PP1000A001","制水系统","个","","",1095,90,0,"已启用",,,,"否","否"
"40043297","雷迪司不间断电源","H1000M","检测设备","个","","",1095,90,0,"已启用",,,,"否","否"
"40043296","2p断路器1","EA9AN2C32R","通用电器件","个","","",1095,90,0,"已启用",,,,"否","否"
"40043295","2p断路器","EA9AN2C25R","通用电器件","个","","",1095,90,0,"已启用",,,,"否","否"
"40043294","1p断路器","EA9AN1C16R","通用电器件","个","","",1095,90,0,"已启用",,,,"否","否"
"40043293","安全门开关1","PSEN cs4.1b","包装机","个","","",1095,90,0,"已启用",,,,"否","否"
"40043292","上下螺杆帽座","CF3529CF","封箱机","个","友联","",1095,90,0,"已启用",,,,"否","否"
"40043291","上下螺杆（后）","CF3536CF","封箱机","个","友联","",1095,90,0,"已启用",,,,"否","否"
"40043290","上下螺杆（前）","CF3524CF","封箱机","个","友联","",1095,90,0,"已启用",,,,"否","否"
"40043259","弯道辊筒","XAKL-50/490-B","码垛机","个","","",1095,90,0,"已启用",,,,"否","否"
"40043258","轴套","MF801465","包装机","个","SMI","",1095,90,0,"已启用",,,,"否","否"
"40043257","膜卷余量传感器","EF100289","热缩机","个","SMI","",1095,90,0,"已启用",,,,"否","否"
"40043256","油封","2S2191016","封口机","个","CFT","",1095,90,0,"已启用",,,,"否","否"
"40043255","轴承28","2S2121449","封口机","个","CFT","",1095,90,0,"已启用",,,,"否","否"
"40043254","轴承58","2C210001314","封口机","个","CFT","",1095,90,0,"已启用",,,,"否","否"
"40043253","油管接头","2S2193910","封口机","个","CFT","",1095,90,0,"已启用",,,,"否","否"
"40043185","垫圈17","5-0050461","封口机","个","CFT","",1095,90,0,"已启用",,,,"否","否"
"40042935","SP活塞泵","1028303","包装机","个","","",1095,90,0,"已启用",,,,"否","否"
"40042934","密封圈20","238711","包装机","个","","",1095,90,0,"已启用",,,,"否","否"
"40042933","主驱动轮带座轴承","2S2119715","冷却机","个","","",1095,90,0,"已启用",,,,"否","否"
"40042802","波纹管密封截止阀","球墨铸铁DN150PN25法兰连接","通用机械备件","个","","",1095,90,0,"已启用",,,,"否","否"
"40042689","冷却机触摸屏","TP700-6AV2124-0GC01-0AX0C-P5C29783EC-1C-5D-3A-EC-92","冷却机","个","","",1095,90,0,"已启用",,,,"否","否"
"40042688","三相异步电动机","AEMV3NYB9/TEF3 112M1-2","通用机械备件","个","","",1095,90,0,"已启用",,,,"否","否"
"40042687","带座轴承3","FL203/UC202","链道系统","个","","",1095,90,0,"已启用",,,,"否","否"
"40042678","三角皮带3","SPB1250LW","配料系统","个","","",1095,90,0,"已启用",,,,"否","否"
"40042677","三角皮带2","SPB1700LW","配料系统","个","","",1095,90,0,"已启用",,,,"否","否"
"40042676","三角皮带1","SPA1000LW","灌装机","个","","",1095,90,0,"已启用",,,,"否","否"
"40042675","AS调速控制阀","AS2211F-01-08SA","包装机","个","","",1095,90,0,"已启用",,,,"否","否"
"40042674","安全阀","9434/DN20","注氮机","个","","",1095,90,0,"已启用",,,,"否","否"
"40042673","制水UV灯管","GPH1554P5L/100W","制水系统","个","","",1095,90,0,"已启用",,,,"否","否"
"40042672","阻挡驱动辊筒","mmxald-50/366 568/15","链道系统","个","","",1095,90,0,"已启用",,,,"否","否"
"40042671","气缸14","SE40X400S","码垛机","个","","",1095,90,0,"已启用",,,,"否","否"
"40042670","磁性开关1","CMSE-020","码垛机","个","","",1095,90,0,"已启用",,,,"否","否"
"40042662","带座鱼眼轴承","16内径（M16x1.5）","自动上盖机","个","NSK","",1095,90,0,"已启用",,,,"否","否"
"40042661","带座直线轴承2","SUCT204","自动上盖机","个","","",1095,90,0,"已启用",,,,"否","否"
"40042660","带座直线轴承1","SUCF205","自动上盖机","个","","",1095,90,0,"已启用",,,,"否","否"
"40042659","推盖主驱动轴","JBJ-T1-07","自动上盖机","个","","",1095,90,0,"已启用",,,,"否","否"
"40042658","横移夹具前挡块（蓝色）","CBJ-JZ-09","自动上盖机","个","","",1095,90,0,"已启用",,,,"否","否"
"40042657","横移夹具后挡块（白色）","CBJ-JZ-10","自动上盖机","个","","",1095,90,0,"已启用",,,,"否","否"
"40042655","光电传感器","ZH-Q23V12-A3-030","自动上盖机","个","","",1095,90,0,"已启用",,,,"否","否"
"40042654","深沟球轴承5","61802-2Z  SKF","自动上盖机","个","SKF","",1095,90,0,"已启用",,,,"否","否"
"40042653","深沟球轴承3","61906 SKF","自动上盖机","个","SKF","",1095,90,0,"已启用",,,,"否","否"
"40042652","轴承6309","6309-2RS1/C3","冷却塔","个","SKF","",1095,90,0,"已启用",,,,"否","否"
"40042651","电磁阀8","MN400051","热缩机","个","","",1095,90,0,"已启用",,,,"否","否"
"40042649","气缸12","TCM-50X50","码垛机","个","","",1095,90,0,"已启用",,,,"否","否"
"40042648","链道主动轮","T18","链道系统","个","","",1095,90,0,"已启用",,,,"否","否"
"40042647","链道从动轮","1600-18T-R40-12（18T需开12#键槽）","链道系统","个","","",1095,90,0,"已启用",0.000,,,"否","否"
"40042643","管道过滤器滤芯5","200*318/200目滤网/0.5mm冲孔板内支撑","配料系统","个","","",1095,90,0,"已启用",,,,"否","否"
"40042642","管道过滤器滤芯4","183*638/150目滤网/0.5mm冲孔板内支撑","配料系统","个","","",1095,90,0,"已启用",,,,"否","否"
"40042640","管道过滤器滤芯2","153*266螺纹/200目滤网/0.5mm冲孔板内支撑","配料系统","个","","",1095,90,0,"已启用",,,,"否","否"
"40042629","切刀座导轨滑块","上银导轨HGH20CA-150","自动上盖机","个","上银","",1095,90,0,"已启用",,,,"否","否"
"40042489","管道过滤器滤芯1","120*201/200目滤网/0.5mm冲孔板内支撑","配料系统","个","","",1095,90,0,"已启用",,,,"否","否"
"40042440","蒸汽减压阀","25P/DN80 PN16","蒸汽间","个","斯派莎克","",1095,90,0,"已启用",,,,"否","否"
"40042438","压头（欣坤裕）","RE-GCZH-D207（欣坤裕）","灌装机","个","","",1095,90,0,"已启用",,,,"否","否"
"40042390","机械密封3","2C2R11664","封口机","个","","",1095,90,0,"已启用",,,,"否","否"
"40042382","滤芯 (2)","HP0392A25ANP01","灌装机","个","","",1095,90,0,"已启用",,,,"否","否"
"40042381","触摸屏 (2)","TP1500/6AV2 124-0QC02-0AX0","灌装机","个","","",1095,90,0,"已启用",,,,"否","否"
"40042379","传感器线","1411635/25M/PP 5X0.34","码垛机","个","","",1095,90,0,"已启用",,,,"否","否"
"40042378","PL气管接头","PL16-06","链道系统","个","","",1095,90,0,"已启用",,,,"否","否"
"40042377","电机油封","45-75-8","密封类","个","","",1095,90,0,"已启用",,,,"否","否"
"40042376","断路器 (2)","3p-D16","通用电器件","个","","",1095,90,0,"已启用",,,,"否","否"
"40042375","断路器 (3)","3p-D32","通用电器件","个","","",1095,90,0,"已启用",,,,"否","否"
"40042374","二道卷封轮总成（德莱）","6-9001160（5-6401019）","封口机","个","","",1095,90,0,"已启用",,,,"否","否"
"40042373","一道卷封轮总成（德莱）","6-9001159（5-6400213）","封口机","个","","",1095,90,0,"已启用",,,,"否","否"
"40042372","轴流风扇","EM600287","热缩机","个","SMI","",1095,90,0,"已启用",,,,"否","否"
"40042371","90度过滤器","1007231","包装机","个","","",1095,90,0,"已启用",,,,"否","否"
"40042370","滤芯4","1007373","包装机","个","","",1095,90,0,"已启用",,,,"否","否"
"40042369","传感器线3","evt235/2M/60V","灌装机","个","","",1095,90,0,"已启用",,,,"否","否"
"40042368","传感器线2","evt010/5M/60V","灌装机","个","","",1095,90,0,"已启用",,,,"否","否"
"40042367","传感器线1","evt011/10M/60V","灌装机","个","","",1095,90,0,"已启用",,,,"否","否"
"40042366","电机","SA47 DRN90L4//10.8","链道系统","个","SEW","",1095,90,0,"已启用",,,,"否","否"
"40042365","电机1","SA47 DRN90S4/M4A/17.62","链道系统","个","SEW","",1095,90,0,"已启用",,,,"否","否"
"40042364","注氮头加热器电缆","940.1411/1063","注氮机","个","","",1095,90,0,"已启用",,,,"否","否"
"40042363","注氮头加热器","940.106C/1097","注氮机","个","","",1095,90,0,"已启用",,,,"否","否"
"40042362","导向杆","F622502-0301.06","拆包机","个","","",1095,90,0,"已启用",,,,"否","否"
"40042361","流量计","2-2700023","灌装机","个","CFT","",1095,90,0,"已启用",,,,"否","否"
"40042360","单向阀","2-2550548","封口机","个","CFT","",1095,90,0,"已启用",,,,"否","否"
"40042359","O形圈51","5-3700650","封口机","个","CFT","",1095,90,0,"已启用",,,,"否","否"
"40042147","减压阀组件","DN80/25P/3265858","通用机械备件","个","","",1095,90,0,"已启用",,,,"否","否"
"40042000","二道卷封轮壳（欣坤裕）","镀金属钛／镀耐酸性涂层S105/6-9001372","封口机","个","","",1095,90,0,"已启用",,,,"否","否"
"40041997","骨架油封3","65*80*8","密封类","个","","",1095,90,0,"已启用",,,,"否","否"
"40041996","骨架油封2","60*80*8","密封类","个","","",1095,90,0,"已启用",,,,"否","否"
"40041994","轴承73","6211-2Z/C3","轴承类","个","SKF","",1095,90,0,"已启用",,,,"否","否"
"40041993","电线4","BV1.5单芯（红色）100米/盘","通用电器件","个","","",1095,90,0,"已启用",,,,"否","否"
"40041992","电线3","BV2.5单芯（蓝色）100米/盘","通用电器件","个","","",1095,90,0,"已启用",,,,"否","否"
"40041991","电线2","BV2.5单芯（红色）100米/盘","通用电器件","个","","",1095,90,0,"已启用",,,,"否","否"
"40041990","电缆1","RVV3*2.5/100米/盘","通用电器件","个","","",1095,90,0,"已启用",,,,"否","否"
"40041989","检测传感器","ESL-X15N0","封箱机","个","","",1095,90,0,"已启用",,,,"否","否"
"40041988","固态继电器1","SSK4D6132/in:DC 5-24V out 4A 60V","通用电器件","个","","",1095,90,0,"已启用",,,,"否","否"
"40041986","塑壳断路器","EZD160E/3P/125A","空压机","个","","",1095,90,0,"已启用",,,,"否","否"
"40041985","数字式PH电极","CPS11D-7AS21","制水系统","个","","",1095,90,0,"已启用",,,,"否","否"
"40041983","无油衬套","SF-1  内径8*外径10*高5","封箱机","个","友联","",1095,90,0,"已启用",,,,"否","否"
"40041982","直柱铜套","内径16*外径20*高12","封箱机","个","友联","",1095,90,0,"已启用",,,,"否","否"
"40041981","轴承77","6208-2RS1/C3","轴承类","个","SKF","",1095,90,0,"已启用",,,,"否","否"
"40041980","轴承76","6207-2RS1/C3","轴承类","个","SKF","",1095,90,0,"已启用",,,,"否","否"
"40041979","骨架油封4","45*62*8","密封类","个","","",1095,90,0,"已启用",,,,"否","否"
"40041978","骨架油封5","40*50*4","密封类","个","","",1095,90,0,"已启用",,,,"否","否"
"40041977","轴承75","6001-2z","轴承类","个","SKF","",1095,90,0,"已启用",,,,"否","否"
"40041976","轴承74","6201-2z","轴承类","个","SKF","",1095,90,0,"已启用",,,,"否","否"
"40041975","传送带","MF502614-0","包装机","米","SMI","",1095,90,0,"已启用",0.000,,,"否","否"
"40041974","链条组","MA702851","包装机","个","SMI","",1095,90,0,"已启用",,,,"否","否"
"40041973","压板","MA239460","包装机","个","SMI","",1095,90,0,"已启用",,,,"否","否"
"40041972","辊筒轴","MA113959","热缩机","个","SMI","",1095,90,0,"已启用",,,,"否","否"
"40041971","静电消除风扇","SJ-L005F","检测设备","个","","",1095,90,0,"已启用",,,,"否","否"
"40041970","胶机高速电磁阀","1069208替代1069207/24vdc","包装机","个","诺信","",1095,90,0,"已启用",,,,"否","否"
"40041969","一道卷封轮壳（欣坤裕）","镀金属钛／镀耐酸性涂层R33/6-9001371","封口机","个","","",1095,90,0,"已启用",,,,"否","否"
"40041769","变频器2","FC360 0.75kw DP","拆包机","个","","",1095,90,0,"已启用",,,,"否","否"
"40041768","变频器1","FC360 1.5kw DP","通用电器件","个","","",1095,90,0,"已启用",,,,"否","否"
"40041767","板1","MA231406","热缩机","个","SMI","",1095,90,0,"已启用",,,,"否","否"
"40041766","插头","MA905005","热缩机","个","SMI","",1095,90,0,"已启用",,,,"否","否"
"40041765","密封圈4","MF100297/MF100283","热缩机","个","SMI","",1095,90,0,"已启用",,,,"否","否"
"40041764","气囊","MA901836","热缩机","个","SMI","",1095,90,0,"已启用",,,,"否","否"
"40041763","电磁阀7","MHE2-MS1H-3/2G-M7-K196133","通用电器件","个","","",1095,90,0,"已启用",,,,"否","否"
"40041401","高压风机","GHBH 010 36 1R8-IE3/GOORUI","链道系统","个","","",1095,90,0,"已启用",,,,"否","否"
"40041400","切刀座挡轮","CF410A","封箱机","个","友联","",1095,90,0,"已启用",,,,"否","否"
"40041399","右后摆臂","CF432B-3","封箱机","个","友联","",1095,90,0,"已启用",,,,"否","否"
"40041398","右前摆臂","CF427B-3","封箱机","个","友联","",1095,90,0,"已启用",,,,"否","否"
"40041397","右牙座","CF3521CF","封箱机","个","友联","",1095,90,0,"已启用",,,,"否","否"
"40041396","烘炉加热丝","MA2B8543","热缩机","个","SMI","",1095,90,0,"已启用",,,,"否","否"
"40041394","编码器脉冲信号分配器","HSZ3T6H  V1.1","通用电器件","个","","",1095,90,0,"已启用",,,,"否","否"
"40041392","皮带1","DYP-FP-688","链道系统","个","","",1095,90,0,"已启用",,,,"否","否"
"40041391","电磁阀1","1119","注氮机","个","","",1095,90,0,"已启用",,,,"否","否"
"40041390","回流阀阀杆","5B0055420","灌装机","个","","",1095,90,0,"已启用",,,,"否","否"
"40041179","流量计","不锈钢DN150法兰对夹连接","蒸汽间","个","","",1095,90,0,"已启用",,,,"否","否"
"40041159","石英套管","直径23*长度1175mm","配料系统","个","","",1095,90,0,"已启用",,,,"否","否"
"40041158","气管变接","M10变M8","气动配件","个","","",1095,90,0,"已启用",,,,"否","否"
"40041157","实芯减震垫","DN80/八角","密封类","个","","",1095,90,0,"已启用",,,,"否","否"
"40041156","同步带2","HTD480-8M*19mm/2-0600100","链道系统","个","","",1095,90,0,"已启用",,,,"否","否"
"40041155","同步带1","HTD720-8M 30MM","链道系统","个","","",1095,90,0,"已启用",,,,"否","否"
"40041154","不锈钢平键2","M6","通用机械备件","个","","",1095,90,0,"已启用",,,,"否","否"
"40041153","不锈钢平键1","M5","通用机械备件","个","","",1095,90,0,"已启用",,,,"否","否"
"40041152","上下螺杆螺帽座","CF3510CF","封箱机","个","友联","",1095,90,0,"已启用",,,,"否","否"
"40041151","胶机盖子","1099366","包装机","个","诺信","",1095,90,0,"已启用",,,,"否","否"
"40041150","带座轴承","MF801452","包装机","个","SMI","",1095,90,0,"已启用",,,,"否","否"
"40041149","圆锥齿轮","MA402292","包装机","个","SMI","",1095,90,0,"已启用",,,,"否","否"
"40041148","胶机针阀喷头","1052931","包装机","个","诺信","",1095,90,0,"已启用",,,,"否","否"
"40041147","吸盘支架","F622502-030115","拆包机","个","","",1095,90,0,"已启用",,,,"否","否"
"40041146","联轴器","2-0450137","封口机","个","CFT","",1095,90,0,"已启用",,,,"否","否"
"40041145","销子","2S2204317","封口机","个","CFT","",1095,90,0,"已启用",,,,"否","否"
"40041078","密封垫片2","TL10-BFM(30126-07748)EPDM","灌装机","个","","",1095,90,0,"已启用",,,,"否","否"
"40041077","密封垫片1","M6-MRM(AAY1005385)EPDM","灌装机","个","","",1095,90,0,"已启用",,,,"否","否"
"40041076","换热板片","M6-MRM(AAY1005385)","灌装机","个","","",1095,90,0,"已启用",,,,"否","否"
"40040993","接触器2","DILM32-01 24-27vdc","热缩机","个","","",1095,90,0,"已启用",,,,"否","否"
"40040992","骨架油封","20*35*7","密封类","个","","",1095,90,0,"已启用",,,,"否","否"
"40040990","手阀气动快插气管接头4","M12","气动配件","个","FESTO","",1095,90,0,"已启用",,,,"否","否"
"40040989","手阀气动快插气管接头3","M10","气动配件","个","FESTO","",1095,90,0,"已启用",,,,"否","否"
"40040988","手阀气动快插气管接头2","M8","气动配件","个","FESTO","",1095,90,0,"已启用",,,,"否","否"
"40040987","手阀气动快插气管接头1","M6","气动配件","个","FESTO","",1095,90,0,"已启用",,,,"否","否"
"40040984","特殊外六角螺丝","SJ010F","封箱机","个","友联","",1095,90,0,"已启用",,,,"否","否"
"40040983","封箱机连杆9（左右）","CF440A-2/CF440B-3","封箱机","个","友联","",1095,90,0,"已启用",,,,"否","否"
"40040982","封箱机机芯组合","2英寸/左右","封箱机","个","友联","",1095,90,0,"已启用",,,,"否","否"
"40040980","溶解氧膜","ZBK600","污水系统","个","","",1095,90,0,"已启用",,,,"否","否"
"40040973","安全阀","DN65 PN25","蒸汽间","个","","",1095,90,0,"已启用",,,,"否","否"
"40040972","过滤芯","108 10微米","注氮机","个","","",1095,90,0,"已启用",,,,"否","否"
"40040970","维修包","2C2R23954 IMRRIC/MAINTENANCE KITFOR PUMP","灌装机","个","CFT","",1095,90,0,"已启用",,,,"否","否"
"40040949","隔膜泵膜片","96391-A","污水系统","个","","",1095,90,0,"已启用",,,,"否","否"
"40040734","直线轴承A","LB5075100AJ LM50UU","拆包机","个","","",1095,90,0,"已启用",,,,"否","否"
"40040733","梯形链节1","定制/4个/套","封口机","套","","",1095,90,0,"已启用",0.000,,,"否","否"
"40040731","带座轴承D","FY50TF","拆包机","个","","",1095,90,0,"已启用",,,,"否","否"
"40040730","轴承5","GB276-94  6007-2Z","拆包机","个","SKF","",1095,90,0,"已启用",,,,"否","否"
"40040729","轴承4","GB276-94 6203-2Z","拆包机","个","SKF","",1095,90,0,"已启用",,,,"否","否"
"40040728","轴承3","GB276-94 6006-2Z/C3","拆包机","个","SKF","",1095,90,0,"已启用",,,,"否","否"
"40040727","滑快","HGH35","拆包机","个","","",1095,90,0,"已启用",,,,"否","否"
"40040726","气缸10","ADNGF-32-160-PPS-A","拆包机","个","FESTO","",1095,90,0,"已启用",,,,"否","否"
"40040725","气缸1","DSBC-50-650-C-PPSA","拆包机","个","FESTO","",1095,90,0,"已启用",,,,"否","否"
"40040724","气缸9","DSBC-63-125-PPSA-N3","拆包机","个","FESTO","",1095,90,0,"已启用",,,,"否","否"
"40040723","气缸8","DSBC-50-200-PPSA-N3","拆包机","个","FESTO","",1095,90,0,"已启用",,,,"否","否"
"40040722","气缸7","DSBC-50-160-PPSA-N3","拆包机","个","FESTO","",1095,90,0,"已启用",,,,"否","否"
"40040721","气缸6","DSBC-32-250-PPSA-N3","拆包机","个","FESTO","",1095,90,0,"已启用",,,,"否","否"
"40040720","气缸5","DSBC-63-160-PPSA-N3","拆包机","个","FESTO","",1095,90,0,"已启用",,,,"否","否"
"40040719","气缸4","DSBC-63-200-PPSA-N3","拆包机","个","FESTO","",1095,90,0,"已启用",,,,"否","否"
"40040718","气缸3","DSBC-80-100-PPVA-N3","拆包机","个","FESTO","",1095,90,0,"已启用",,,,"否","否"
"40040717","气缸2","dsbc63-250-ppsa-n3","拆包机","个","FESTO","",1095,90,0,"已启用",,,,"否","否"
"40040716","气缸11","DFSP-50-30-F-PA","拆包机","个","FESTO","",1095,90,0,"已启用",,,,"否","否"
"40040715","轴承2","GB276-94 6005-2Z/C3","拆包机","个","SKF","",1095,90,0,"已启用",,,,"否","否"
"40040714","轴承1","GB276-94 6202-2z","拆包机","个","SKF","",1095,90,0,"已启用",,,,"否","否"
"40040713","关节轴承2","SGS-M16X15 9263","拆包机","个","","",1095,90,0,"已启用",,,,"否","否"
"40040712","关节轴承1","SGS-M20X15 9264","拆包机","个","","",1095,90,0,"已启用",,,,"否","否"
"40040711","基座轴承","RTA-01-30","拆包机","个","","",1095,90,0,"已启用",,,,"否","否"
"40040710","管轮轴承","NUTR4090","拆包机","个","","",1095,90,0,"已启用",,,,"否","否"
"40040699","带座轴承C","UCF210","拆包机","个","","",1095,90,0,"已启用",,,,"否","否"
"40040698","带座轴承B","UCFL205","拆包机","个","","",1095,90,0,"已启用",,,,"否","否"
"40040697","带座轴承A","UCFL206","拆包机","个","","",1095,90,0,"已启用",,,,"否","否"
"40040696","安全销","F622502-010208","拆包机","个","","",1095,90,0,"已启用",,,,"否","否"
"40040695","压力检测开关","PN 1655305-V2/CB21530377","灌装机","个","CFT","",1095,90,0,"已启用",,,,"否","否"
"40040694","地址编程线","E70213","通用电器件","个","IFM","",1095,90,0,"已启用",,,,"否","否"
"40040692","回流阀无骨架密封","E4-2516-N3578/2B2184887","灌装机","个","CFT","",1095,90,0,"已启用",,,,"否","否"
"40040690","轴承70","MF800349","包装机","个","SMI/SKF","",1095,90,0,"已启用",,,,"否","否"
"40040689","活接密封垫","SMS6.5","密封类","个","","",1095,90,0,"已启用",,,,"否","否"
"40040669","同步皮带2","MF500346","热缩机","个","SMI","",1095,90,0,"已启用",,,,"否","否"
"40040668","LED灯管","T8LED 6500K 20WAC100-265V 50/60HZ","通用电器件","个","","",1095,90,0,"已启用",,,,"否","否"
"40040666","单芯电线","RV 1.0平/（蓝）","通用电器件","个","","",1095,90,0,"已启用",,,,"否","否"
"40040665","开关电源","ABL2REM24150K","码垛机","个","","",1095,90,0,"已启用",,,,"否","否"
"40040660","皮带调节组件","MG490459","热缩机","个","SMI","",1095,90,0,"已启用",,,,"否","否"
"40040659","出口辊子","MF900218","包装机","个","SMI","",1095,90,0,"已启用",,,,"否","否"
"40040658","成形器张紧弹簧","MF101693","包装机","个","SMI","",1095,90,0,"已启用",,,,"否","否"
"40040657","负压发生器头","MN301432","包装机","个","SMI","",1095,90,0,"已启用",,,,"否","否"
"40040656","吸纸皮电磁阀","MN400066","包装机","个","SMI","",1095,90,0,"已启用",,,,"否","否"
"40040655","按钮模块","KZ010334 机器号：PC22033IS0667","包装机","个","SMI","",1095,90,0,"已启用",,,,"否","否"
"40040654","触摸屏","KZ010519 机器号：PC22034IS4369","包装机","个","SMI","",1095,90,0,"已启用",,,,"否","否"
"40040653","1# 包装机 触摸屏CF卡","PSA0001929 机器号：PC22034IS1845","包装机","个","SMI","",1095,90,0,"已启用",,,,"否","否"
"40040652","触摸屏","PSA0002145 机器号：PC22034IS4369","热缩机","个","SMI","",1095,90,0,"已启用",,,,"否","否"
"40040651","触摸屏","PSA0001917 机器号：PC22033IS0667","包装机","个","SMI","",1095,90,0,"已启用",,,,"否","否"
"40040650","触摸屏","PSA0001582 机器号：PC22033IS1517","热缩机","个","SMI","",1095,90,0,"已启用",,,,"否","否"
"40040642","密封垫1","2-2350187","灌装机","个","CFT","",1095,90,0,"已启用",,,,"否","否"
"40040641","密封垫","2-2350185","灌装机","个","CFT","",1095,90,0,"已启用",,,,"否","否"
"40040640","卡箍90度弯头","φ25/卡盘50.5","灌装机","个","","",1095,90,0,"已启用",,,,"否","否"
"40040639","O型圈40","5-3700090","灌装机","个","CFT","",1095,90,0,"已启用",,,,"否","否"
"40040638","垫圈8","2S2200940","灌装机","个","CFT","",1095,90,0,"已启用",,,,"否","否"
"40040637","垫圈3","2S2205632","灌装机","个","CFT","",1095,90,0,"已启用",,,,"否","否"
"40040636","垫圈14","GUG035","灌装机","个","CFT","",1095,90,0,"已启用",,,,"否","否"
"40040635","轴承17","2S2121119","灌装机","个","CFT","",1095,90,0,"已启用",,,,"否","否"
"40040634","卡箍式三通","φ25/卡盘50.5","灌装机","个","","",1095,90,0,"已启用",,,,"否","否"
"40040633","油封环25","2B2190723","灌装机","个","CFT","",1095,90,0,"已启用",,,,"否","否"
"40040632","O型圈41","2-2350414","灌装机","个","CFT","",1095,90,0,"已启用",,,,"否","否"
"40040631","电机","2-0050241","灌装机","个","CFT","",1095,90,0,"已启用",,,,"否","否"
"40040630","油封环","2S2205662","灌装机","个","CFT","",1095,90,0,"已启用",,,,"否","否"
"40040629","O型圈31","2S2188160","灌装机","个","CFT","",1095,90,0,"已启用",,,,"否","否"
"40040628","轴承16","2-1150174","灌装机","个","CFT","",1095,90,0,"已启用",,,,"否","否"
"40040627","卡簧6","2C213003185","灌装机","个","CFT","",1095,90,0,"已启用",,,,"否","否"
"40040626","O型圈38","2C213001846","灌装机","个","CFT","",1095,90,0,"已启用",,,,"否","否"
"40040625","O型圈44","2-2350552","灌装机","个","CFT","",1095,90,0,"已启用",,,,"否","否"
"40040624","卡箍宝塔格林竹节","φ25/卡盘50.5","灌装机","个","","",1095,90,0,"已启用",,,,"否","否"
"40040623","支架","φ25-27","灌装机","个","","",1095,90,0,"已启用",,,,"否","否"
"40040622","304不锈钢卫生级快装蝶阀","φ25/卡盘50.5","灌装机","个","","",1095,90,0,"已启用",,,,"否","否"
"40040620","气管接头","2-2801583","灌装机","个","CFT","",1095,90,0,"已启用",,,,"否","否"
"40040619","不锈钢快速接头","2-2801569","灌装机","个","CFT","",1095,90,0,"已启用",,,,"否","否"
"40040618","活接密封5","DN25 外径40 内径30厚度5（EPDM材质 )","灌装机","个","","",1095,90,0,"已启用",,,,"否","否"
"40040616","活接密封4","DN80 外径95 内径85厚度5（EPDM材质 )","灌装机","个","","",1095,90,0,"已启用",,,,"否","否"
"40040615","齿轮2","5-6050327","灌装机","个","CFT","",1095,90,0,"已启用",,,,"否","否"
"40040614","气动蝶阀","2-2550251","灌装机","个","CFT","",1095,90,0,"已启用",,,,"否","否"
"40040613","气动阀2","2-2550434","灌装机","个","CFT","",1095,90,0,"已启用",,,,"否","否"
"40040612","气动阀1","2-2550398","灌装机","个","CFT","",1095,90,0,"已启用",,,,"否","否"
"40040611","机械密封5","9611927067","灌装机","个","CFT","",1095,90,0,"已启用",,,,"否","否"
"40040610","灌注阀滤网座","5-8300549","灌装机","个","CFT","",1095,90,0,"已启用",,,,"否","否"
"40040609","灌装分配器","2-2854384","灌装机","个","CFT","",1095,90,0,"已启用",,,,"否","否"
"40040608","衬套2","5-0500045","灌装机","个","CFT","",1095,90,0,"已启用",,,,"否","否"
"40040607","垫圈13","2S2189605","灌装机","个","CFT","",1095,90,0,"已启用",,,,"否","否"
"40040606","O形圈3","2S2189700","灌装机","个","CFT","",1095,90,0,"已启用",,,,"否","否"
"40040605","活接密封3","ф76.5/3131703803","灌装机","个","","",1095,90,0,"已启用",,,,"否","否"
"40040604","O型圈33","2S2189632","灌装机","个","CFT","",1095,90,0,"已启用",,,,"否","否"
"40040603","O型圈43","2S2189701","灌装机","个","CFT","",1095,90,0,"已启用",,,,"否","否"
"40040602","O型圈34","2S2185888","灌装机","个","CFT","",1095,90,0,"已启用",,,,"否","否"
"40040601","O型圈35","2B2187792","灌装机","个","CFT","",1095,90,0,"已启用",,,,"否","否"
"40040600","O型圈29","2S2185506","灌装机","个","CFT","",1095,90,0,"已启用",,,,"否","否"
"40040599","O型圈28","2S2185900","灌装机","个","CFT","",1095,90,0,"已启用",,,,"否","否"
"40040598","活接密封2","ф51/3131703785","灌装机","个","","",1095,90,0,"已启用",,,,"否","否"
"40040597","活接密封1","ф38/3131703772","灌装机","个","","",1095,90,0,"已启用",,,,"否","否"
"40040596","卡簧16","2S2205365","灌装机","个","CFT","",1095,90,0,"已启用",,,,"否","否"
"40040595","卡簧15","2S2205080","灌装机","个","CFT","",1095,90,0,"已启用",,,,"否","否"
"40040594","垫圈10","2S2191209","灌装机","个","CFT","",1095,90,0,"已启用",,,,"否","否"
"40040593","O形圈48","2S2191121","灌装机","个","CFT","",1095,90,0,"已启用",,,,"否","否"
"40040592","油封环16","2S2190298","灌装机","个","CFT","",1095,90,0,"已启用",,,,"否","否"
"40040591","O型圈27","2S2189368","灌装机","个","CFT","",1095,90,0,"已启用",,,,"否","否"
"40040590","O型圈26","2S2188390","灌装机","个","CFT","",1095,90,0,"已启用",,,,"否","否"
"40040589","O型圈25","2S2188378","灌装机","个","CFT","",1095,90,0,"已启用",,,,"否","否"
"40040588","O型圈45","2S2186650","灌装机","个","CFT","",1095,90,0,"已启用",,,,"否","否"
"40040587","蝶阀密封3","EPDM/ф76.5","灌装机","个","CFT","",1095,90,0,"已启用",,,,"否","否"
"40040586","O型圈24","2S2185996","灌装机","个","CFT","",1095,90,0,"已启用",,,,"否","否"
"40040585","O型圈23","2S2185980","灌装机","个","CFT","",1095,90,0,"已启用",,,,"否","否"
"40040584","O型圈22","2S2185932","灌装机","个","CFT","",1095,90,0,"已启用",,,,"否","否"
"40040583","O型圈21","2S2185910","灌装机","个","CFT","",1095,90,0,"已启用",,,,"否","否"
"40040582","O型圈20","2S2185508","灌装机","个","CFT","",1095,90,0,"已启用",,,,"否","否"
"40040581","轴承18","2S2129986","灌装机","个","CFT/SKF","",1095,90,0,"已启用",,,,"否","否"
"40040580","轴承15","2S2129933","灌装机","个","CFT/SKF","",1095,90,0,"已启用",,,,"否","否"
"40040578","内环1","2S2129547","灌装机","个","CFT","",1095,90,0,"已启用",,,,"否","否"
"40040577","油封环15","2S2129287","灌装机","个","CFT","",1095,90,0,"已启用",,,,"否","否"
"40040576","卡簧4","2S2129187","灌装机","个","CFT","",1095,90,0,"已启用",,,,"否","否"
"40040575","卡簧3","2S2129152","灌装机","个","CFT","",1095,90,0,"已启用",,,,"否","否"
"40040574","卡簧2","2S2129150","灌装机","个","CFT","",1095,90,0,"已启用",,,,"否","否"
"40040573","轴承39","2S2121910（3220A）","灌装机","个","CFT/SKF","",1095,90,0,"已启用",,,,"否","否"
"40040572","轴承38","2S2121501（6213）","灌装机","个","CFT/SKF","",1095,90,0,"已启用",,,,"否","否"
"40040571","轴承37","2S2121225（6013）","灌装机","个","CFT/SKF","",1095,90,0,"已启用",,,,"否","否"
"40040570","垫圈4","2C213003127","灌装机","个","CFT","",1095,90,0,"已启用",,,,"否","否"
"40040569","活塞阀杆","5-5000373","灌装机","个","CFT","",1095,90,0,"已启用",0.000,,,"否","否"
"40040568","弹簧6","2-1550032","灌装机","个","CFT","",1095,90,0,"已启用",,,,"否","否"
"40040567","O型圈19","2S2186962","灌装机","个","CFT","",1095,90,0,"已启用",,,,"否","否"
"40040566","O型圈18","2B2186148","灌装机","个","CFT","",1095,90,0,"已启用",,,,"否","否"
"40040565","O型圈17","2S2186933","灌装机","个","CFT","",1095,90,0,"已启用",,,,"否","否"
"40040564","O型圈16","GUG039","灌装机","个","CFT","",1095,90,0,"已启用",,,,"否","否"
"40040563","O型圈15","2S2186141","灌装机","个","CFT","",1095,90,0,"已启用",,,,"否","否"
"40040562","O型圈14","2S2185570","灌装机","个","CFT","",1095,90,0,"已启用",,,,"否","否"
"40040561","卡簧1","2S2205672","灌装机","个","CFT","",1095,90,0,"已启用",,,,"否","否"
"40040560","油封环8","2S2190333","灌装机","个","CFT","",1095,90,0,"已启用",,,,"否","否"
"40040559","油封环7","2S2191019","灌装机","个","CFT","",1095,90,0,"已启用",,,,"否","否"
"40040558","轴承14","2S2129993","灌装机","个","CFT/SKF","",1095,90,0,"已启用",,,,"否","否"
"40040557","轴承13","2-1150055","灌装机","个","CFT/SKF","",1095,90,0,"已启用",,,,"否","否"
"40040556","卡簧","2S2129157","灌装机","个","CFT","",1095,90,0,"已启用",,,,"否","否"
"40040555","卡簧12","2S2130256","灌装机","个","CFT","",1095,90,0,"已启用",,,,"否","否"
"40040554","油封环6","2S2191084","灌装机","个","CFT","",1095,90,0,"已启用",,,,"否","否"
"40040553","油封环5","2S2191081","灌装机","个","CFT","",1095,90,0,"已启用",,,,"否","否"
"40040552","蝶阀密封2","EPDM/ф51","灌装机","个","","",1095,90,0,"已启用",,,,"否","否"
"40040550","蝶阀密封1","EPDM/ф38","灌装机","个","","",1095,90,0,"已启用",,,,"否","否"
"40040549","压头轴","5-0000292","封口机","个","CFT","",1095,90,0,"已启用",,,,"否","否"
"40040548","螺母","2S2133108","封口机","个","CFT","",1095,90,0,"已启用",,,,"否","否"
"40040544","链条","5-1100090","灌装机","个","CFT","",1095,90,0,"已启用",,,,"否","否"
"40040543","弹簧1","5S5468007","灌装机","个","CFT","",1095,90,0,"已启用",,,,"否","否"
"40040542","卡盘密封5","EPDM/ф89","灌装机","个","","",1095,90,0,"已启用",,,,"否","否"
"40040541","油封环4","2S2191023","灌装机","个","CFT","",1095,90,0,"已启用",,,,"否","否"
"40040540","轴承10","2S2121684","灌装机","个","CFT/SKF","",1095,90,0,"已启用",,,,"否","否"
"40040539","卡盘密封4","EPDM/ф76","灌装机","个","","",1095,90,0,"已启用",,,,"否","否"
"40040538","卡盘密封3","EPDM/ф63","灌装机","个","","",1095,90,0,"已启用",,,,"否","否"
"40040537","卡盘密封2","EPDM/ф51","灌装机","个","","",1095,90,0,"已启用",,,,"否","否"
"40040536","卡盘密封1","EPDM/ф38","灌装机","个","","",1095,90,0,"已启用",,,,"否","否"
"40040535","单向阀70","2B2177661","灌装机","个","CFT","",1095,90,0,"已启用",,,,"否","否"
"40040534","灌注阀滤网垫圈","5-2507022","灌装机","个","CFT","",1095,90,0,"已启用",,,,"否","否"
"40040533","灌注阀滤网1","5-2450834","灌装机","个","CFT","",1095,90,0,"已启用",,,,"否","否"
"40040532","灌注阀滤网","5-2450822","灌装机","个","CFT","",1095,90,0,"已启用",,,,"否","否"
"40040531","回流阀螺丝","2S2702761","灌装机","个","CFT","",1095,90,0,"已启用",,,,"否","否"
"40040530","轴承35","5C600044792","灌装机","个","CFT/SKF","",1095,90,0,"已启用",,,,"否","否"
"40040529","回流阀阀盖","5B0055424","灌装机","个","CFT","",1095,90,0,"已启用",,,,"否","否"
"40040528","轴承36","2-1150064","灌装机","个","CFT/SKF","",1095,90,0,"已启用",,,,"否","否"
"40040527","管道过滤器滤芯3","128*233/200目滤网/0.5mm冲孔板内支撑","灌装机","个","","",1095,90,0,"已启用",,,,"否","否"
"40040525","回流阀阀体","5B0055417","灌装机","个","CFT","",1095,90,0,"已启用",,,,"否","否"
"40040524","铜衬套","2C211000855","灌装机","个","CFT","",1095,90,0,"已启用",,,,"否","否"
"40040523","空转销","2S2129686","灌装机","个","CFT","",1095,90,0,"已启用",,,,"否","否"
"40040522","轮子","5-6650114","灌装机","个","CFT","",1095,90,0,"已启用",,,,"否","否"
"40040521","内环","2S2129481","灌装机","个","CFT","",1095,90,0,"已启用",,,,"否","否"
"40040520","八角垫","GS28","灌装机","个","","",1095,90,0,"已启用",,,,"否","否"
"40040519","弹簧3","2S2180005","灌装机","个","CFT","",1095,90,0,"已启用",,,,"否","否"
"40040518","接近开关3","IIT205","灌装机","个","","",1095,90,0,"已启用",,,,"否","否"
"40040517","急停按钮1","69001 E-Stop 42 2NC M12(5)DC-13:24V/2A","灌装机","个","","",1095,90,0,"已启用",,,,"否","否"
"40040516","安全门开关","CTP-L1-AR-U-HA-AE-SAB-122813","灌装机","个","","",1095,90,0,"已启用",,,,"否","否"
"40040515","温度探针","TR24-AB2AXMC000 
TMT82-AA SIL ML=850mm 1×pt100/ww/4 CI.A 4-20mA 0 - 150℃","灌装机","个","","",1095,90,0,"已启用",,,,"否","否"
"40040514","镀锌碳钢球阀","M10S2RB/1/2" BSP螺纹","灌装机","个","","",1095,90,0,"已启用",,,,"否","否"
"40040513","O型圈42","2S2189800","灌装机","个","CFT","",1095,90,0,"已启用",,,,"否","否"
"40040512","O型圈11","2S2187733","灌装机","个","CFT","",1095,90,0,"已启用",,,,"否","否"
"40040511","O型圈10","2S2186625","灌装机","个","CFT","",1095,90,0,"已启用",,,,"否","否"
"40040510","液位开关","LR2750","灌装机","个","","",1095,90,0,"已启用",,,,"否","否"
"40040509","O型圈3","2S2186086","灌装机","个","CFT","",1095,90,0,"已启用",,,,"否","否"
"40040508","O型圈9","2S2186062","灌装机","个","CFT","",1095,90,0,"已启用",,,,"否","否"
"40040507","杠杆开关","2-2700025","灌装机","个","CFT","",1095,90,0,"已启用",,,,"否","否"
"40040506","卡簧11","2S2205040","灌装机","个","CFT","",1095,90,0,"已启用",,,,"否","否"
"40040505","卡簧5","2S2205062","灌装机","个","CFT","",1095,90,0,"已启用",,,,"否","否"
"40040504","卡簧10","2S2205047","灌装机","个","CFT","",1095,90,0,"已启用",,,,"否","否"
"40040503","卡簧9","2S2205032","灌装机","个","CFT","",1095,90,0,"已启用",,,,"否","否"
"40040502","导轨2","5S5393676","灌装机","个","CFT","",1095,90,0,"已启用",,,,"否","否"
"40040501","导轨1","5S5393680","灌装机","个","CFT","",1095,90,0,"已启用",,,,"否","否"
"40040500","导轨4","5S5393677","灌装机","个","CFT","",1095,90,0,"已启用",,,,"否","否"
"40040498","导轨3","5S5393678","灌装机","个","CFT","",1095,90,0,"已启用",,,,"否","否"
"40040497","导轨5","5S5393679","灌装机","个","CFT","",1095,90,0,"已启用",,,,"否","否"
"40040496","卡簧8","2S2205180","灌装机","个","CFT","",1095,90,0,"已启用",,,,"否","否"
"40040495","O型圈","2-2350097","灌装机","个","CFT","",1095,90,0,"已启用",,,,"否","否"
"40040494","油封环3","2S2191276","灌装机","个","CFT","",1095,90,0,"已启用",,,,"否","否"
"40040493","油封环2","2S2191011","灌装机","个","CFT","",1095,90,0,"已启用",,,,"否","否"
"40040492","密封环","GVG138","灌装机","个","CFT","",1095,90,0,"已启用",,,,"否","否"
"40040491","油封环1","2S2190969","灌装机","个","CFT","",1095,90,0,"已启用",,,,"否","否"
"40040490","卡簧7","2S2130250","灌装机","个","CFT","",1095,90,0,"已启用",,,,"否","否"
"40040481","轴承7","2S2121040","灌装机","个","CFT/SKF","",1095,90,0,"已启用",,,,"否","否"
"40040480","O型圈7","2S2189400","灌装机","个","CFT","",1095,90,0,"已启用",,,,"否","否"
"40040479","轴承12","2S2121880","灌装机","个","CFT/SKF","",1095,90,0,"已启用",,,,"否","否"
"40040476","轴承11","2S2121463","灌装机","个","CFT/SKF","",1095,90,0,"已启用",,,,"否","否"
"40040469","轴承6","2S2121984","灌装机","个","CFT/SKF","",1095,90,0,"已启用",,,,"否","否"
"40040379","轴承8","2S2121900","灌装机","个","CFT/SKF","",1095,90,0,"已启用",,,,"否","否"
"40040299","安全模块","ET310074 机器号：PC22033IS0667","包装机","个","SMI","",1095,90,0,"已启用",,,,"否","否"
"40040298","安全模块","EE600026机器号：PC22033IS0667","包装机","个","SMI","",1095,90,0,"已启用",,,,"否","否"
"40040297","SMI电机","EM700022机器号：PC22033IS0667","包装机","台","SMI","",1095,90,0,"已启用",,,,"否","否"
"40040296","SMI电机","EG400255机器号：PC22033IS0667","包装机","台","SMI","",1095,90,0,"已启用",,,,"否","否"
"40040284","光电开关","PRK3C.T3/4P","检测设备","个","","",1095,90,0,"已启用",,,,"否","否"
"40040283","进罐螺杆","6-1851413","灌装机","个","CFT","",1095,90,0,"已启用",,,,"否","否"
"40040282","油分配器","5-2550132","封口机","个","CFT","",1095,90,0,"已启用",,,,"否","否"
"40040281","传动轴","5-5001217","灌装机","个","CFT","",1095,90,0,"已启用",,,,"否","否"
"40040280","夹紧块","5-4551003","灌装机","个","CFT","",1095,90,0,"已启用",,,,"否","否"
"40040254","波纹管密封截止阀","球墨铸铁DN25PN25法兰连接","通用机械备件","个","","",1095,90,0,"已启用",,,,"否","否"
"40040253","固态继电器","CDG1-1DA/25A","通用电器件","个","","",1095,90,0,"已启用",,,,"否","否"
"40040252","保险丝3","RT28-32    Ø10*38 500V 6A","通用电器件","个","","",1095,90,0,"已启用",,,,"否","否"
"40040251","保险丝4","FR10GG50V32 Ø10*38 500V 32A","通用电器件","个","","",1095,90,0,"已启用",,,,"否","否"
"40040250","保险丝2","FR10GG50V16 Ø10*38 500V 16A","通用电器件","个","","",1095,90,0,"已启用",,,,"否","否"
"40040249","衬套","5-0500044","灌装机","个","CFT","",1095,90,0,"已启用",,,,"否","否"
"40040248","浮球开关","DN32","通用机械备件","个","","",1095,90,0,"已启用",,,,"否","否"
"40040247","UV灯管","cph1148T5L/HO","配料系统","根","","",1095,90,0,"已启用",,,,"否","否"
"40040219","保险丝1","FR10GG50V10  Ø10*38 500V10A","通用电器件","个","","",1095,90,0,"已启用",,,,"否","否"
"40040218","气管节流阀15","GRLA-3/8-QS-12-RS-D","气动配件","个","FESTO","",1095,90,0,"已启用",,,,"否","否"
"40040217","气管节流阀14","GRLA-3/8-QS-10-RS-D","气动配件","个","FESTO","",1095,90,0,"已启用",,,,"否","否"
"40040216","气管节流阀13","GRLA-3/8-QS-8-RS-D","气动配件","个","FESTO","",1095,90,0,"已启用",,,,"否","否"
"40040215","气管节流阀12","GRLA-3/8-QS-6-RS-D","气动配件","个","FESTO","",1095,90,0,"已启用",,,,"否","否"
"40040214","气管节流阀11","GRLA-1/2-QS-12-RS-D","气动配件","个","FESTO","",1095,90,0,"已启用",,,,"否","否"
"40040213","气管节流阀10","GRLA-1/2-QS-10-RS-D","气动配件","个","FESTO","",1095,90,0,"已启用",,,,"否","否"
"40040212","气管节流阀9","GRLA-1/2-QS-8-RS-D","气动配件","个","FESTO","",1095,90,0,"已启用",,,,"否","否"
"40040211","气管节流阀8","GRLA-1/2-QS-6-RS-D","气动配件","个","FESTO","",1095,90,0,"已启用",,,,"否","否"
"40040210","气管节流阀7","GRLA-1/4-QS-12-RS-D","气动配件","个","FESTO","",1095,90,0,"已启用",,,,"否","否"
"40040171","T型气管接头6","QST-8-6","气动配件","个","FESTO","",1095,90,0,"已启用",,,,"否","否"
"40040170","T型气管接头5","QST-6-4","气动配件","个","FESTO","",1095,90,0,"已启用",,,,"否","否"
"40040169","T型气管接头4","QST-12","气动配件","个","FESTO","",1095,90,0,"已启用",,,,"否","否"
"40040168","T型气管接头3","QST-10","气动配件","个","FESTO","",1095,90,0,"已启用",,,,"否","否"
"40040167","T型气管接头2","QST-8","气动配件","个","FESTO","",1095,90,0,"已启用",,,,"否","否"
"40040166","T型气管接头1","QST-6","气动配件","个","FESTO","",1095,90,0,"已启用",,,,"否","否"
"40040165","T型气管接头10","QST-4","气动配件","个","FESTO","",1095,90,0,"已启用",,,,"否","否"
"40040164","Y型气管接头9","QSY-12-8","气动配件","个","FESTO","",1095,90,0,"已启用",,,,"否","否"
"40040163","Y型气管接头8","QSY-12-10","气动配件","个","FESTO","",1095,90,0,"已启用",,,,"否","否"
"40040162","Y型气管接头7","QSY-10-8","气动配件","个","FESTO","",1095,90,0,"已启用",,,,"否","否"
"40040161","Y型气管接头6","QSY-10-6","气动配件","个","FESTO","",1095,90,0,"已启用",,,,"否","否"
"40040160","Y型气管接头5","QSY-8-6","气动配件","个","FESTO","",1095,90,0,"已启用",,,,"否","否"
"40040156","直通气管接头13","QS-12-10","气动配件","个","FESTO","",1095,90,0,"已启用",,,,"否","否"
"40040155","直通气管接头14","QS-12-8","气动配件","个","FESTO","",1095,90,0,"已启用",,,,"否","否"
"40040154","直通气管接头15","QS-10-8","气动配件","个","FESTO","",1095,90,0,"已启用",,,,"否","否"
"40040153","直通气管接头27","QS-10-6","气动配件","个","FESTO","",1095,90,0,"已启用",,,,"否","否"
"40040152","直通气管接头26","QS-8-6","气动配件","个","FESTO","",1095,90,0,"已启用",,,,"否","否"
"40040151","直通气管接头25","QS-6-4","气动配件","个","FESTO","",1095,90,0,"已启用",,,,"否","否"
"40040150","直通气管接头24","QS-12","气动配件","个","FESTO","",1095,90,0,"已启用",,,,"否","否"
"40040149","直通气管接头23","QS-10","气动配件","个","FESTO","",1095,90,0,"已启用",,,,"否","否"
"40040148","直通气管接头22","QS-8","气动配件","个","FESTO","",1095,90,0,"已启用",,,,"否","否"
"40040147","直通气管接头21","QS-6","气动配件","个","FESTO","",1095,90,0,"已启用",,,,"否","否"
"40040146","直通气管接头20","QS-4","气动配件","个","FESTO","",1095,90,0,"已启用",,,,"否","否"
"40040145","直通气管接头19","QS-M5-6","气动配件","个","FESTO","",1095,90,0,"已启用",,,,"否","否"
"40040144","直通气管接头18","QS-M5-4","气动配件","个","FESTO","",1095,90,0,"已启用",,,,"否","否"
"40040143","直通气管接头17","QS-1/2-12","气动配件","个","FESTO","",1095,90,0,"已启用",,,,"否","否"
"40040142","直通气管接头16","QS-1/2-10","气动配件","个","FESTO","",1095,90,0,"已启用",,,,"否","否"
"40040141","直通气管接头12","QS-1/2-8","气动配件","个","FESTO","",1095,90,0,"已启用",,,,"否","否"
"40040140","直通气管接头11","QS-1/2-6","气动配件","个","FESTO","",1095,90,0,"已启用",,,,"否","否"
"40040139","直通气管接头10","QS-3/8-12","气动配件","个","FESTO","",1095,90,0,"已启用",,,,"否","否"
"40040138","直通气管接头9","QS-3/8-10","气动配件","个","FESTO","",1095,90,0,"已启用",,,,"否","否"
"40040137","直通气管接头8","QS-3/8-8","气动配件","个","FESTO","",1095,90,0,"已启用",,,,"否","否"
"40040136","直通气管接头7","QS-3/8-6","气动配件","个","FESTO","",1095,90,0,"已启用",,,,"否","否"
"40040135","直通气管接头6","QS-1/4-10","气动配件","个","FESTO","",1095,90,0,"已启用",,,,"否","否"
"40040134","直通气管接头5","QS-1/4-8","气动配件","个","FESTO","",1095,90,0,"已启用",,,,"否","否"
"40040133","直通气管接头4","QS-1/4-6","气动配件","个","FESTO","",1095,90,0,"已启用",,,,"否","否"
"40040132","直通气管接头3","QS-1/4-4","气动配件","个","FESTO","",1095,90,0,"已启用",,,,"否","否"
"40040131","直通气管接头2","QS-1/8-6","气动配件","个","FESTO","",1095,90,0,"已启用",,,,"否","否"
"40040130","直通气管接头1","QS-1/8-4","气动配件","个","FESTO","",1095,90,0,"已启用",,,,"否","否"
"40040129","L型气管接头20","QSL-12","气动配件","个","FESTO","",1095,90,0,"已启用",,,,"否","否"
"40040128","L型气管接头19","QSL-10","气动配件","个","FESTO","",1095,90,0,"已启用",,,,"否","否"
"40040127","L型气管接头18","QSL-8","气动配件","个","FESTO","",1095,90,0,"已启用",,,,"否","否"
"40040126","L型气管接头17","QSL-6","气动配件","个","FESTO","",1095,90,0,"已启用",,,,"否","否"
"40040125","L型气管接头16","QSL-4","气动配件","个","FESTO","",1095,90,0,"已启用",,,,"否","否"
"40040124","L型气管接头15","QSL-M5-6","气动配件","个","FESTO","",1095,90,0,"已启用",,,,"否","否"
"40040123","L型气管接头14","QSL-1/2-12","气动配件","个","FESTO","",1095,90,0,"已启用",,,,"否","否"
"40040122","L型气管接头13","QSL-1/2-10","气动配件","个","FESTO","",1095,90,0,"已启用",,,,"否","否"
"40040121","L型气管接头12","QSL-1/2-8","气动配件","个","FESTO","",1095,90,0,"已启用",,,,"否","否"
"40040120","L型气管接头11","QSL-1/2-6","气动配件","个","FESTO","",1095,90,0,"已启用",,,,"否","否"
"40040119","L型气管接头10","QSL-3/8-12","气动配件","个","FESTO","",1095,90,0,"已启用",,,,"否","否"
"40040118","L型气管接头9","QSL-3/8-10","气动配件","个","FESTO","",1095,90,0,"已启用",,,,"否","否"
"40040117","L型气管接头8","QSL-3/8-8","气动配件","个","FESTO","",1095,90,0,"已启用",,,,"否","否"
"40040116","L型气管接头7","QSL-3/8-6","气动配件","个","FESTO","",1095,90,0,"已启用",,,,"否","否"
"40040115","L型气管接头6","QSL-1/4-10","气动配件","个","FESTO","",1095,90,0,"已启用",,,,"否","否"
"40040114","L型气管接头5","QSL-1/4-8","气动配件","个","FESTO","",1095,90,0,"已启用",,,,"否","否"
"40040113","L型气管接头4","QSL-1/4-6","气动配件","个","FESTO","",1095,90,0,"已启用",,,,"否","否"
"40040112","L型气管接头3","QSL-1/4-4","气动配件","个","FESTO","",1095,90,0,"已启用",,,,"否","否"
"40040111","L型气管接头2","QSL-1/8-6","气动配件","个","FESTO","",1095,90,0,"已启用",,,,"否","否"
"40040110","L型气管接头1","QSL-1/8-4","气动配件","个","FESTO","",1095,90,0,"已启用",,,,"否","否"
"40040109","气管节流阀6","GRLA-1/4-QS-10-RS-D","气动配件","个","FESTO","",1095,90,0,"已启用",,,,"否","否"
"40040108","气管节流阀5","GRLA-1/4-QS-8-RS-D","气动配件","个","FESTO","",1095,90,0,"已启用",,,,"否","否"
"40040107","气管节流阀4","GRLA-1/4-QS-6-RS-D","气动配件","个","FESTO","",1095,90,0,"已启用",,,,"否","否"
"40040106","气管节流阀3","GRLA-1/4-QS-4-RS-D","气动配件","个","FESTO","",1095,90,0,"已启用",,,,"否","否"
"40040105","气管节流阀2","GRLA-1/8-QS-6-RS-D","气动配件","个","FESTO","",1095,90,0,"已启用",,,,"否","否"
"40040104","气管节流阀1","GRLA-1/8-QS-4-RS-D","气动配件","个","FESTO","",1095,90,0,"已启用",,,,"否","否"
"40040103","T型气管接头9","QST-12-8","气动配件","个","FESTO","",1095,90,0,"已启用",,,,"否","否"
"40040102","T型气管接头8","QST-12-10","气动配件","个","FESTO","",1095,90,0,"已启用",,,,"否","否"
"40040101","T型气管接头7","QST-10-8","气动配件","个","FESTO","",1095,90,0,"已启用",,,,"否","否"
"40040100","交换机2","6GK5 615-0AA00-2AA2","灌装机","个","","",1095,90,0,"已启用",,,,"否","否"
"40040099","交换机1","6GK5 208-0BA00-2AB2","灌装机","个","","",1095,90,0,"已启用",,,,"否","否"
"40040098","编码器4","AMG73S W29 S2048","拆包机","个","","",1095,90,0,"已启用",,,,"否","否"
"40040097","编码器2","E6B2-CWZ5B 2000P/R 0.5M","检测设备","个","","",1095,90,0,"已启用",,,,"否","否"
"40040096","带座轴承2","/UC208/50208/链道传动","链道系统","个","","",1095,90,0,"已启用",,,,"否","否"
"40040095","连接控制线","EC100308","热缩机","个","SMI","",1095,90,0,"已启用",,,,"否","否"
"40040094","烘炉风机","MG990123","热缩机","台","SMI","",1095,90,0,"已启用",,,,"否","否"
"40040093","变频器","EC590 G:11KW/P:15KW 380V/3PH","冷却机","个","","",1095,90,0,"已启用",,,,"否","否"
"40040092","电流分配器1","9000-41190-0000000","灌装机","个","","",1095,90,0,"已启用",,,,"否","否"
"40040091","电流分配器2","9000-41034-0000002","灌装机","个","","",1095,90,0,"已启用",,,,"否","否"
"40040090","PLC 输入模块1","6ES7222-1BF32-0XB0","灌装机","个","西门子","",1095,90,0,"已启用",,,,"否","否"
"40040089","PLC 扩展模块1","AL1202","灌装机","个","","",1095,90,0,"已启用",,,,"否","否"
"40040088","PLC 模拟模块","6ES7 135-6HD00-0BA1","灌装机","个","西门子","",1095,90,0,"已启用",,,,"否","否"
"40040087","PLC 输出模块","6ES7 132-6BF01-0BA0","灌装机","个","西门子","",1095,90,0,"已启用",,,,"否","否"
"40040086","PLC 输入模块2","6ES7 131-6BF01-0BA0","灌装机","个","西门子","",1095,90,0,"已启用",,,,"否","否"
"40040085","气动阀","VUVG-B10-B52-ZT-F-1T1L","灌装机","个","","",1095,90,0,"已启用",,,,"否","否"
"40040084","编码器","TVI40N-14TK0T6TN-0100","检测设备","个","","",1095,90,0,"已启用",,,,"否","否"
"40040083","伺服控制器","MDX61B0055-5A3-4-0T","拆包机","台","","",1095,90,0,"已启用",,,,"否","否"
"40040080","伺服电机","KA37 CM71M/BR/TF/AK1H/KK","拆包机","台","SEW","",1095,90,0,"已启用",,,,"否","否"
"40040074","链道电机","SA47 DRN90L4（含减速机）/12.1","链道系统","台","SEW","",1095,90,0,"已启用",,,,"否","否"
"40040069","电流分配器3","9000-41094-0101000","灌装机","个","","",1095,90,0,"已启用",,,,"否","否"
"40040068","电源模块1","24DC/85693","灌装机","个","","",1095,90,0,"已启用",,,,"否","否"
"40040067","电源模块4","115AC/86152","灌装机","个","","",1095,90,0,"已启用",,,,"否","否"
"40040066","安全继电器","750102","灌装机","个","","",1095,90,0,"已启用",,,,"否","否"
"40040065","流量监控开关","SI5000","灌装机","个","","",1095,90,0,"已启用",,,,"否","否"
"40040064","PLC CPU模块","CPU1214C6ES7 214-1AG40-0XB0","灌装机","个","西门子","",1095,90,0,"已启用",,,,"否","否"
"40040063","PLC 扩展模块","8000-84470-0000000","灌装机","个","西门子","",1095,90,0,"已启用",,,,"否","否"
"40040009","Y型气管接头4","QSY-6-4","气动配件","个","FESTO","",1095,90,0,"已启用",,,,"否","否"
"40040008","Y型气管接头10","QSY-12","气动配件","个","FESTO","",1095,90,0,"已启用",,,,"否","否"
"40040007","Y型气管接头3","QSY-10","气动配件","个","FESTO","",1095,90,0,"已启用",,,,"否","否"
"40040006","Y型气管接头2","QSY-8","气动配件","个","FESTO","",1095,90,0,"已启用",,,,"否","否"
"40040005","Y型气管接头1","QSY-6","气动配件","个","FESTO","",1095,90,0,"已启用",,,,"否","否"
"40039989","封箱机铜轴","CF430","封箱机","个","友联","",1095,90,0,"已启用",,,,"否","否"
"40039982","机械密封","FRPP+SIC","污水系统","套","","",1095,90,0,"已启用",,,,"否","否"
"40039981","电磁阀","BV314A-CC1-00-BCCA-CTA/2-2600022","灌装机","个","CFT/MAC","",1095,90,0,"已启用",,,,"否","否"
"40039886","旋涡风机","HG-40000","污水系统","台","","",1095,90,0,"已启用",,,,"否","否"
"40039885","设备防水电箱","KC42 277*187*130mm","通用电器件","个","","",1095,90,0,"已启用",,,,"否","否"
"40039884","膜盒压力表","Y65 正负40kpr牙M14*1.5","通用机械备件","个","","",1095,90,0,"已启用",,,,"否","否"
"40039883","浮球开关","MC15-2G 4米","污水系统","个","","",1095,90,0,"已启用",,,,"否","否"
"40039882","编码器3","SRM50-HFZO-S22","拆包机","个","","",1095,90,0,"已启用",,,,"否","否"
"40039881","切刀架","CF423A-2","封箱机","个","友联","",1095,90,0,"已启用",,,,"否","否"
"40039880","皮带","5M-20-16 米/白色","包装机","个","BLACKCLUBS","",1095,90,0,"已启用",,,,"否","否"
"40039879","皮带","/5M-25-12/黑色","包装机","个","BLACKCLUBS","",1095,90,0,"已启用",,,,"否","否"
"40039878","O型圈51","2S2185990","封口机","个","CFT","",1095,90,0,"已启用",,,,"否","否"
"40039877","轴承","6208-2Z","封口机","个","SKF","",1095,90,0,"已启用",,,,"否","否"
"40039876","轴承","6210-2Z","封口机","个","SKF","",1095,90,0,"已启用",,,,"否","否"
"40039875","垫圈12","5-3700653","封口机","个","CFT","",1095,90,0,"已启用",,,,"否","否"
"40039874","O形圈1","5-3700651","封口机","个","CFT","",1095,90,0,"已启用",,,,"否","否"
"40039873","减速箱油窗","2-2950052","封口机","个","CFT","",1095,90,0,"已启用",,,,"否","否"
"40039872","油封环11","2C210011080","封口机","个","CFT","",1095,90,0,"已启用",,,,"否","否"
"40039871","油封环10","2-2350158","封口机","个","CFT","",1095,90,0,"已启用",,,,"否","否"
"40039870","回流阀螺丝","2S2702770","灌装机","个","CFT","",1095,90,0,"已启用",,,,"否","否"
"40039869","油分配器1","5-2550325","封口机","个","CFT","",1095,90,0,"已启用",,,,"否","否"
"40039868","滑动环","2-2350763","封口机","个","CFT","",1095,90,0,"已启用",,,,"否","否"
"40039867","油封环13","2-2350149","封口机","个","CFT","",1095,90,0,"已启用",,,,"否","否"
"40039866","深沟球轴承2","61905","自动上盖机","个","SKF","",1095,90,0,"已启用",,,,"否","否"
"40039865","垫圈6","2-2350162","封口机","个","CFT","",1095,90,0,"已启用",,,,"否","否"
"40039864","同步皮带3","HTD 825-5M-22.2","自动上盖机","个","","",1095,90,0,"已启用",,,,"否","否"
"40039863","变速箱排气帽","2S2118952","封口机","个","CFT","",1095,90,0,"已启用",,,,"否","否"
"40039862","O形圈2","2S2189687","灌装机","个","CFT","",1095,90,0,"已启用",,,,"否","否"
"40039520","散热风扇","XMC80252HB2 DC24V 0.3A","通用电器件","个","","",1095,90,0,"已启用",,,,"否","否"
"40039519","断路器","DZ47S 3P 63A","通用电器件","个","","",1095,90,0,"已启用",,,,"否","否"
"40039518","交流接触器2","NCH8-20/20 AC 220V","通用电器件","个","","",1095,90,0,"已启用",,,,"否","否"
"40039517","交流接触器1","CJX2-1210 AC 220V","通用电器件","个","","",1095,90,0,"已启用",,,,"否","否"
"40039516","急停按钮","XB2BS544C","通用电器件","个","","",1095,90,0,"已启用",,,,"否","否"
"40039515","转换按钮4","XB2BD35C/三档自锁","通用电器件","个","","",1095,90,0,"已启用",,,,"否","否"
"40039514","转换按钮3","XB2BD25C/两档自锁","通用电器件","个","","",1095,90,0,"已启用",,,,"否","否"
"40039513","转换按钮1","XB2BD55C/三档自复位","通用电器件","个","","",1095,90,0,"已启用",,,,"否","否"
"40039512","转换按钮2","XB2BD45C/两档自复位","通用电器件","个","","",1095,90,0,"已启用",,,,"否","否"
"40039511","常闭触点","ZB2BE102C","通用电器件","个","","",1095,90,0,"已启用",,,,"否","否"
"40039510","常开触点","ZB2BE101C","通用电器件","个","","",1095,90,0,"已启用",,,,"否","否"
"40039509","按钮开关（黄）","XB2BA55C","通用电器件","个","","",1095,90,0,"已启用",,,,"否","否"
"40039508","按钮开关（红）","XB2BA45C","通用电器件","个","","",1095,90,0,"已启用",,,,"否","否"
"40039507","按钮开关（绿）","XB2BA35C","通用电器件","个","","",1095,90,0,"已启用",,,,"否","否"
"40039506","按钮开关（白）","XB2BA15C","通用电器件","个","","",1095,90,0,"已启用",,,,"否","否"
"40039505","电磁阀6","4V210-08","码垛机","个","","",1095,90,0,"已启用",,,,"否","否"
"40039504","电磁阀5","4V130C-06","码垛机","个","","",1095,90,0,"已启用",,,,"否","否"
"40039503","不锈钢卡箍式隔膜压力表","Y60 0-10bar 0-1MPa","灌装机","个","","",1095,90,0,"已启用",,,,"否","否"
"40039502","不锈钢耐震压力表","Y100 0-1.6MPA","灌装机","个","","",1095,90,0,"已启用",,,,"否","否"
"40039501","不锈钢压力表","Y100 0-1MPA","灌装机","个","","",1095,90,0,"已启用",,,,"否","否"
"40039500","气动头1","LKLA-NC","灌装机","套","","",1095,90,0,"已启用",,,,"否","否"
"40039499","气动头2","/ISSV PN10/","灌装机","套","","",1095,90,0,"已启用",,,,"否","否"
"40039498","气动头3","LKLA 85NC/LKLA-NC","灌装机","套","","",1095,90,0,"已启用",,,,"否","否"
"40039497","阀门密封维修包7","EPDM 9611920475","灌装机","套","阿法拉伐","",1095,90,0,"已启用",,,,"否","否"
"40039496","阀门密封维修包2","EPDM 9611920013","灌装机","套","阿法拉伐","",1095,90,0,"已启用",,,,"否","否"
"40039495","阀门密封维修包13","9611926583","灌装机","套","阿法拉伐","",1095,90,0,"已启用",,,,"否","否"
"40039494","阀门密封维修包3","EPDM 9611923080","灌装机","套","阿法拉伐","",1095,90,0,"已启用",,,,"否","否"
"40039493","阀门密封维修包5","EPDM 9611923079","灌装机","套","阿法拉伐","",1095,90,0,"已启用",,,,"否","否"
"40039492","阀门密封维修包11","EPDM 9611923078","灌装机","套","阿法拉伐","",1095,90,0,"已启用",,,,"否","否"
"40039491","阀门密封维修包4","EPDM 9611923077","灌装机","套","阿法拉伐","",1095,90,0,"已启用",,,,"否","否"
"40039490","阀门密封维修包12","9611920218","灌装机","套","阿法拉伐","",1095,90,0,"已启用",,,,"否","否"
"40039489","电磁阀底板","VV3QZ22-10C","灌装机","个","SMC","",1095,90,0,"已启用",0.000,,,"否","否"
"40039488","阀门密封维修包6","EPDM 9611920028","灌装机","套","阿法拉伐","",1095,90,0,"已启用",,,,"否","否"
"40039487","阀门密封维修包1","EPDM 9611923061","灌装机","套","阿法拉伐","",1095,90,0,"已启用",,,,"否","否"
"40039486","阀门密封维修包8","EPDM 9611923060","灌装机","套","阿法拉伐","",1095,90,0,"已启用",,,,"否","否"
"40039485","阀门密封维修包9","/EPDM 9611923058","灌装机","套","阿法拉伐","",1095,90,0,"已启用",,,,"否","否"
"40039484","白色聚氨酯开口带1","14M-85-PU钢丝","拆包机","米","","",1095,90,0,"已启用",,,,"否","否"
"40039483","白色聚氨酯开口带2","14M-40-PU钢丝","拆包机","米","","",1095,90,0,"已启用",,,,"否","否"
"40039482","直线轴承1","YTP LME50UUAJ","拆包机","个","","",1095,90,0,"已启用",,,,"否","否"
"40039481","直线轴承","LMK20UU","码垛机","个","","",1095,90,0,"已启用",,,,"否","否"
"40039480","真空发生器","VS25.A.00","码垛机","个","","",1095,90,0,"已启用",,,,"否","否"
"40039434","真空吸嘴唇边","S70T50","码垛机","个","","",1095,90,0,"已启用",0.000,,,"否","否"
"40039433","烟雾处理器过滤网","BRX-ZLX55002/227507223","激光打码机","个","","",1095,90,0,"已启用",,,,"否","否"
"40039432","压力传感器1","A-10  0-2.5MPa","制水系统","个","","",1095,90,0,"已启用",,,,"否","否"
"40039431","压力传感器2","A-10  0-0.6MPa","制水系统","个","","",1095,90,0,"已启用",,,,"否","否"
"40039430","光电开关3","PRK 3CL1 A3/6T-M8","检测设备","个","","",1095,90,0,"已启用",,,,"否","否"
"40039429","S120电源模块","6SL3130-1TE22-0AA0","灌装机","个","西门子","",1095,90,0,"已启用",,,,"否","否"
"40039427","吸盘","ESS-50-CN","拆包机","个","","",1095,90,0,"已启用",,,,"否","否"
"40039426","ASI地址编程器","AC1154/通讯工具","通用电器件","个","IFM","",1095,90,0,"已启用",,,,"否","否"
"40039425","光电开关2","E3Z-T81A","检测设备","个","","",1095,90,0,"已启用",,,,"否","否"
"40039349","电源模块","UNO-PS/1AC/12DC/55W2902999","检测设备","个","","",1095,90,0,"已启用",,,,"否","否"
"40039347","电磁阀模块","AC5251","拆包机","个","","",1095,90,0,"已启用",,,,"否","否"
"40039346","plc安全输入模块","6ES7 136-6BA00-0CA0","灌装机","个","西门子","",1095,90,0,"已启用",,,,"否","否"
"40039345","O形圈50","2-2350220","封口机","个","CFT","",1095,90,0,"已启用",,,,"否","否"
"40039344","O形圈47","2S2186820","封口机","个","CFT","",1095,90,0,"已启用",,,,"否","否"
"40039343","O形圈45","2S2186257","封口机","个","CFT","",1095,90,0,"已启用",,,,"否","否"
"40039342","弹簧片","5-4450010","封口机","个","CFT","",1095,90,0,"已启用",,,,"否","否"
"40039273","压力变送器","PMP51B-K197/0","制水系统","个","","",1095,90,0,"已启用",,,,"否","否"
"40039251","热动力不锈钢疏水阀","DN25 /PN25/TD25/法兰/1511025001","蒸汽间","个","","",1095,90,0,"已启用",,,,"否","否"
"40039250","减压阀垫片组件2","DN80 3"25P/3265771","蒸汽间","个","","",1095,90,0,"已启用",,,,"否","否"
"40039247","电源模块2","AC1258","通用电器件","个","","",1095,90,0,"已启用",,,,"否","否"
"40039246","磁性开关","mk5142","通用电器件","个","","",1095,90,0,"已启用",,,,"否","否"
"40039245","光电开关1","WL9-3P2430","通用电器件","个","","",1095,90,0,"已启用",,,,"否","否"
"40039244","温度探头1","TMR35-A1BBDBAB1AAA","配料系统","个","","",1095,90,0,"已启用",,,,"否","否"
"40039243","袋式过滤","BRX-ZLX55001","喷码机","个","","",1095,90,0,"已启用",,,,"否","否"
"40039242","电磁阀组件","MG490442/SMI","包装机","个","","",1095,90,0,"已启用",,,,"否","否"
"40039241","继电器","G6DN-1A-SL 24VDC","灌装机","个","","",1095,90,0,"已启用",,,,"否","否"
"40039240","安全门控制器3","113461","灌装机","个","","",1095,90,0,"已启用",,,,"否","否"
"40039209","安全门控制器1","113130","灌装机","个","","",1095,90,0,"已启用",,,,"否","否"
"40039208","安全门控制器2","119865","灌装机","个","","",1095,90,0,"已启用",,,,"否","否"
"40039207","安全输出模块","6ES7136-6DB00-OCAO","灌装机","个","西门子","",1095,90,0,"已启用",,,,"否","否"
"40039186","ASI网关","AC1401","拆包机","个","","",1095,90,0,"已启用",,,,"否","否"
"40039185","电源模块3","CPS20.241","拆包机","个","","",1095,90,0,"已启用",,,,"否","否"
"40039184","压力传感器3","PT5504","配料系统","个","","",1095,90,0,"已启用",,,,"否","否"
"40039183","光电开关7","OGP200","码垛机","个","","",1095,90,0,"已启用",,,,"否","否"
"40039182","接近开关4","IGS204","码垛机","个","","",1095,90,0,"已启用",,,,"否","否"
"40039181","中间继电器3（含底座）","MY4N-GS(AC220V)+PYFZ-14-E","通用电器件","个","","",1095,90,0,"已启用",,,,"否","否"
"40039180","中间继电器1（含底座）","MY4N-GS(DC24V)+PYFZ-14-E","通用电器件","个","","",1095,90,0,"已启用",,,,"否","否"
"40039179","中间继电器2（含底座）","MY2N-GS(DC24V)+PYFZ-08-E","通用电器件","个","","",1095,90,0,"已启用",,,,"否","否"
"40039178","继电器6","2906286","通用电器件","个","","",1095,90,0,"已启用",,,,"否","否"
"40039177","接触器1","3RT6015-1BB41/DC24V","通用电器件","个","施耐德","",1095,90,0,"已启用",,,,"否","否"
"40039176","接触器","LC1N1810(7.5KW)","通用电器件","个","施耐德","",1095,90,0,"已启用",,,,"否","否"
"40039175","断路器A","3RV6011-OKA15 10A","通用电器件","个","施耐德","",1095,90,0,"已启用",,,,"否","否"
"40039174","断路器2","GV2-ME14C(6-10A)","通用电器件","个","施耐德","",1095,90,0,"已启用",,,,"否","否"
"40039173","断路器5","GV2-ME16C(9-14A)","通用电器件","个","施耐德","",1095,90,0,"已启用",,,,"否","否"
"40039172","断路器1","GV2-ME06C(1-1.6A)","通用电器件","个","施耐德","",1095,90,0,"已启用",,,,"否","否"
"40039171","断路器4","GV2-ME07C(1.6-2.5A)","通用电器件","个","施耐德","",1095,90,0,"已启用",,,,"否","否"
"40039170","断路器3","GV2-ME08C(2.5-4A)","通用电器件","个","施耐德","",1095,90,0,"已启用",,,,"否","否"
"40039169","减压阀垫片组件1","DN50  2"25P/326765","蒸汽间","个","","",1095,90,0,"已启用",,,,"否","否"
"40039168","减压阀主阀膜片盘1","DN80 2-1/2"-3"25P/3265692","蒸汽间","个","","",1095,90,0,"已启用",,,,"否","否"
"40039167","减压阀主阀膜片盘","DN50 2"25P/3265691","蒸汽间","个","","",1095,90,0,"已启用",,,,"否","否"
"40039166","减压阀铜导阀膜片","25P/6902220","蒸汽间","个","","",1095,90,0,"已启用",,,,"否","否"
"40039165","球墨铸铁导阀头蓝色弹簧","25P/1.4-7.0barg/3266761","蒸汽间","个","","",1095,90,0,"已启用",,,,"否","否"
"40039162","光电开关","BX-G3010","喷码机","个","","",1095,90,0,"已启用",,,,"否","否"
"40039161","光电开关6","E3FA-DP22","码垛机","个","","",1095,90,0,"已启用",,,,"否","否"
"40039160","光电开关8","3FA-RP21/omron","码垛机","个","","",1095,90,0,"已启用",,,,"否","否"
"40039159","光电开关4","GL10-P4551/DC10-30V","拆包机","个","","",1095,90,0,"已启用",,,,"否","否"
"40039158","接近开关2","IS130mm/4NO-15N-M12/","拆包机","个","","",1095,90,0,"已启用",,,,"否","否"
"40039157","接近开关1","IME18-08BP02COS","通用电器件","个","","",1095,90,0,"已启用",,,,"否","否"
"40039156","轴承49","MF800423","热缩机","个","SMI","",1095,90,0,"已启用",,,,"否","否"
"40039155","轴承45","MF801064","热缩机","个","SMI","",1095,90,0,"已启用",,,,"否","否"
"40039154","轴承50","MF800061","热缩机","个","SMI","",1095,90,0,"已启用",,,,"否","否"
"40039153","轴承53","MF900199","热缩机","个","SMI","",1095,90,0,"已启用",,,,"否","否"
"40039152","张紧弹簧","MF100105","热缩机","个","SMI","",1095,90,0,"已启用",,,,"否","否"
"40039151","轴承46","MF801164","热缩机","个","SMI","",1095,90,0,"已启用",,,,"否","否"
"40039150","卡簧19","MF100336","热缩机","个","SMI","",1095,90,0,"已启用",,,,"否","否"
"40039149","皮带4","MF500681","热缩机","个","SMI","",1095,90,0,"已启用",,,,"否","否"
"40039148","轴承47","MF800074","热缩机","个","SMI","",1095,90,0,"已启用",,,,"否","否"
"40039147","卡簧14","MF100012","热缩机","个","SMI","",1095,90,0,"已启用",,,,"否","否"
"40039146","轴承51","MF800052","热缩机","个","SMI","",1095,90,0,"已启用",,,,"否","否"
"40039145","卡簧18","MF100018","热缩机","个","SMI","",1095,90,0,"已启用",,,,"否","否"
"40039144","皮带6","MF500192","热缩机","个","SMI","",1095,90,0,"已启用",,,,"否","否"
"40039143","皮带5","MF500027","热缩机","个","SMI","",1095,90,0,"已启用",,,,"否","否"
"40039142","卡簧17","MF100013","热缩机","个","SMI","",1095,90,0,"已启用",,,,"否","否"
"40039141","分瓶爪","MA801968","热缩机","个","SMI","",1095,90,0,"已启用",,,,"否","否"
"40039140","链轮","MF400968","热缩机","个","SMI","",1095,90,0,"已启用",,,,"否","否"
"40039139","液位传感器2","CV4110/0~1bar","配料系统","个","PASCAL","",1095,90,0,"已启用",,,,"否","否"
"40039138","油封环22","2S2129289","封口机","个","CFT","",1095,90,0,"已启用",,,,"否","否"
"40039137","调节阀定位器","3725input 4-20mA DC","配料系统","个","","",1095,90,0,"已启用",,,,"否","否"
"40039136","轴承20","2S2121130/6003","封口机","个","CFT/SKF","",1095,90,0,"已启用",,,,"否","否"
"40039135","轴承23","2S2121952","封口机","个","CFT/SKF","",1095,90,0,"已启用",,,,"否","否"
"40039134","轴承25","2S2121790","封口机","个","CFT/SKF","",1095,90,0,"已启用",,,,"否","否"
"40039133","轴承24","2-1150254","封口机","个","CFT/SKF","",1095,90,0,"已启用",,,,"否","否"
"40039132","轴承","2S2122791","封口机","个","CFT/SKF","",1095,90,0,"已启用",,,,"否","否"
"40039131","轴承21","2S2121401","封口机","个","CFT/SKF","",1095,90,0,"已启用",,,,"否","否"
"40039130","滤芯","2-2900318","封口机","个","CFT","",1095,90,0,"已启用",,,,"否","否"
"40039129","液位开关1","2-2851521","封口机","个","CFT","",1095,90,0,"已启用",,,,"否","否"
"40039128","电动头阀针","Assembly-Torlon Stem/1457","注氮机","个","","",1095,90,0,"已启用",,,,"否","否"
"40039127","传送带","MF502378","热缩机","米","SMI","",1095,90,0,"已启用",,,,"否","否"
"40039126","安全门锁舌","122667","灌装机","个","","",1095,90,0,"已启用",,,,"否","否"
"40039125","油封环24","2S2129265","封口机","个","CFT","",1095,90,0,"已启用",,,,"否","否"
"40039124","轴承48","MF800077","热缩机","个","SMI","",1095,90,0,"已启用",,,,"否","否"
"40039123","轴承26","2S2129991","封口机","个","CFT","",1095,90,0,"已启用",,,,"否","否"
"40039122","皮带3","MF500683","热缩机","根","SMI","",1095,90,0,"已启用",,,,"否","否"
"40039121","轴承52","MF800019","热缩机","个","SMI","",1095,90,0,"已启用",,,,"否","否"
"40039120","轴承22","2-1150045","封口机","个","CFT","",1095,90,0,"已启用",,,,"否","否"
"40039119","油封环21","2S2190973","封口机","个","CFT","",1095,90,0,"已启用",,,,"否","否"
"40039118","油封环20","2S2190832","封口机","个","CFT","",1095,90,0,"已启用",,,,"否","否"
"40039117","油封环19","2S2190822","封口机","个","CFT","",1095,90,0,"已启用",,,,"否","否"
"40039116","油封环23","2S2129267","封口机","个","CFT","",1095,90,0,"已启用",,,,"否","否"
"40039115","链条2","6-1650202","封口机","条","CFT","",1095,90,0,"已启用",,,,"否","否"
"40039114","液位传感器1","CV4110/-0.4~4bar","配料系统","个","PASCAL","",1095,90,0,"已启用",,,,"否","否"
"40039113","电导率","SLI03-06-S","灌装机","个","","",1095,90,0,"已启用",,,,"否","否"
"40039112","液位探针","SGS-02-11-S","灌装机","个","","",1095,90,0,"已启用",,,,"否","否"
"40039111","皮带9","MF500217","包装机","个","SMI","",1095,90,0,"已启用",,,,"否","否"
"40039110","皮带10","MF500615","包装机","个","SMI","",1095,90,0,"已启用",,,,"否","否"
"40039109","轴承63","MF800106","包装机","个","SMI/SKF","",1095,90,0,"已启用",,,,"否","否"
"40039108","同步皮带4","MF500459","包装机","个","SMI","",1095,90,0,"已启用",,,,"否","否"
"40039107","轴承65","MF801441","包装机","个","SMI/SKF","",1095,90,0,"已启用",,,,"否","否"
"40039106","纸皮气动吸嘴","MN300034/5901001602","包装机","个","SMI","",1095,90,0,"已启用",,,,"否","否"
"40039105","吸盘组件","MG140097","包装机","个","SMI","",1095,90,0,"已启用",,,,"否","否"
"40039104","轴承55","MF800040","包装机","个","SMI/SKF","",1095,90,0,"已启用",,,,"否","否"
"40039103","轴承61","MF800102","包装机","个","SMI/SKF","",1095,90,0,"已启用",,,,"否","否"
"40039102","同步皮带","MF502563","包装机","个","SMI","",1095,90,0,"已启用",,,,"否","否"
"40039101","轴承64","MF900148","包装机","个","SMI/SKF","",1095,90,0,"已启用",,,,"否","否"
"40039100","纸箱坡道滚轮","MG120324","包装机","个","SMI","",1095,90,0,"已启用",,,,"否","否"
"40039099","轴承58","MF800059","包装机","个","SMI/SKF","",1095,90,0,"已启用",,,,"否","否"
"40039098","卡簧23","MF100020","包装机","个","SMI","",1095,90,0,"已启用",,,,"否","否"
"40039097","轴承54","MF800026","包装机","个","SMI/SKF","",1095,90,0,"已启用",,,,"否","否"
"40039096","卡簧20","MF100355","包装机","个","SMI","",1095,90,0,"已启用",,,,"否","否"
"40039095","纸板勾","MA806669","包装机","个","SMI","",1095,90,0,"已启用",,,,"否","否"
"40039094","轴承60","MF800085","包装机","个","SMI/SKF","",1095,90,0,"已启用",,,,"否","否"
"40039093","卡簧22","MF100021","包装机","个","SMI","",1095,90,0,"已启用",,,,"否","否"
"40039092","挡圈","MF100027","包装机","个","SMI","",1095,90,0,"已启用",,,,"否","否"
"40039091","轴承57","MF800053","包装机","个","SMI/SKF","",1095,90,0,"已启用",,,,"否","否"
"40039090","轴承59","MF800553","包装机","个","SMI/SKF","",1095,90,0,"已启用",,,,"否","否"
"40039089","皮带8","MF500256","包装机","个","SMI","",1095,90,0,"已启用",,,,"否","否"
"40039088","轴承41","MF800296","热缩机","个","SMI/SKF","",1095,90,0,"已启用",,,,"否","否"
"40039087","卡簧13","MF100016","热缩机","个","SMI","",1095,90,0,"已启用",,,,"否","否"
"40039086","轴承44","MF801430","热缩机","个","SMI/SKF","",1095,90,0,"已启用",,,,"否","否"
"40039085","切膜刀1","MA237462","热缩机","个","SMI","",1095,90,0,"已启用",,,,"否","否"
"40039084","轴承42","MF801180","热缩机","个","SMI/SKF","",1095,90,0,"已启用",,,,"否","否"
"40039083","轴承40","MF801181","热缩机","个","SMI/SKF","",1095,90,0,"已启用",,,,"否","否"
"40039082","皮带","MA701482","热缩机","个","SMI","",1095,90,0,"已启用",,,,"否","否"
"40039081","轴承43","MF800117","热缩机","个","SMI/SKF","",1095,90,0,"已启用",,,,"否","否"
"40039080","通针夹","901916","包装机","个","诺信","",1095,90,0,"已启用",,,,"否","否"
"40039079","齿形带1","MF502403","包装机","个","SMI","",1095,90,0,"已启用",,,,"否","否"
"40039078","皮带7","MF502209","包装机","个","SMI","",1095,90,0,"已启用",,,,"否","否"
"40039077","轴承62","MF800090","包装机","个","SMI","",1095,90,0,"已启用",,,,"否","否"
"40039076","链条3","MF500044","包装机","米","SMI","",1095,90,0,"已启用",,,,"否","否"
"40039075","卡簧21","MF100029","包装机","个","SMI","",1095,90,0,"已启用",,,,"否","否"
"40039074","轴承56","MF801062","包装机","个","SMI","",1095,90,0,"已启用",,,,"否","否"
"40039059","过滤器","1028305","包装机","个","诺信","",1095,90,0,"已启用",,,,"否","否"
"40039058","喷嘴3","322418","包装机","个","SMI","",1095,90,0,"已启用",,,,"否","否"
"40038789","滚轮","MF901586","热缩机","个","SMI","",1095,90,0,"已启用",,,,"否","否"
"40038696","扣环2","DB010E","封箱机","个","友联","",1095,90,0,"已启用",,,,"否","否"
"40038695","扣环","DB016E","封箱机","个","友联","",1095,90,0,"已启用",,,,"否","否"
"40038694","扣环1","DB008Eφ8","封箱机","个","友联","",1095,90,0,"已启用",,,,"否","否"
"40038693","止付螺丝","S1506F","封箱机","个","友联","",1095,90,0,"已启用",,,,"否","否"
"40038692","弹簧9","FA010A","封箱机","个","友联","",1095,90,0,"已启用",,,,"否","否"
"40038691","弹簧10","FA003A","封箱机","个","友联","",1095,90,0,"已启用",,,,"否","否"
"40038690","扭簧（分左右）各3","ED005A","封箱机","个","友联","",1095,90,0,"已启用",,,,"否","否"
"40038689","弹簧11","FA004A","封箱机","个","友联","",1095,90,0,"已启用",,,,"否","否"
"40038688","加压弹簧","FA001A","封箱机","个","友联","",1095,90,0,"已启用",,,,"否","否"
"40038687","主拉簧","FB006C","封箱机","个","友联","",1095,90,0,"已启用",,,,"否","否"
"40038686","毛刷","TH420A","封箱机","个","友联","",1095,90,0,"已启用",,,,"否","否"
"40038685","轴承71","BA003ACF/6202-2RSH","封箱机","个","SKF","",1095,90,0,"已启用",,,,"否","否"
"40038684","连座轴承","UFL002","封箱机","个","友联","",1095,90,0,"已启用",,,,"否","否"
"40038683","链条4","RB003H","封箱机","个","友联","",1095,90,0,"已启用",,,,"否","否"
"40038682","链轮1","CB3512H-1","封箱机","个","友联","",1095,90,0,"已启用",,,,"否","否"
"40038681","齿轮","CB3512","封箱机","个","友联","",1095,90,0,"已启用",,,,"否","否"
"40038680","螺杆固定座","A2503A","封箱机","个","友联","",1095,90,0,"已启用",,,,"否","否"
"40038679","胶轮","TH431A","封箱机","个","友联","",1095,90,0,"已启用",,,,"否","否"
"40038678","PE轮轴芯","TH433A","封箱机","个","友联","",1095,90,0,"已启用",,,,"否","否"
"40038677","后PE轮","TH453A","封箱机","个","友联","",1095,90,0,"已启用",,,,"否","否"
"40038676","前PE轮","TH452A","封箱机","个","友联","",1095,90,0,"已启用",,,,"否","否"
"40038675","支撑片1","TH435A","封箱机","个","友联","",1095,90,0,"已启用",,,,"否","否"
"40038674","支撑片","TH441A","封箱机","个","友联","",1095,90,0,"已启用",,,,"否","否"
"40038673","轴芯","TH437A","封箱机","个","友联","",1095,90,0,"已启用",,,,"否","否"
"40038672","胶带支撑座","CF436A-2左/CF436A-2右","封箱机","个","友联","",1095,90,0,"已启用",,,,"否","否"
"40038671","切刀拉簧","FB003A","封箱机","个","友联","",1095,90,0,"已启用",,,,"否","否"
"40038670","切刀座轴芯","TH413A","封箱机","个","友联","",1095,90,0,"已启用",,,,"否","否"
"40038669","切刀座","TH414A","封箱机","个","友联","",1095,90,0,"已启用",,,,"否","否"
"40038668","切刀轴芯","TH418A","封箱机","个","友联","",1095,90,0,"已启用",,,,"否","否"
"40038667","切刀","TH416A","封箱机","个","友联","",1095,90,0,"已启用",,,,"否","否"
"40038666","铜轮轴芯","TH428A","封箱机","个","友联","",1095,90,0,"已启用",,,,"否","否"
"40038665","惰轮2","TH429S","封箱机","个","友联","",1095,90,0,"已启用",,,,"否","否"
"40038664","惰轮轴1","TH404A","封箱机","个","友联","",1095,90,0,"已启用",,,,"否","否"
"40038663","惰轮1","TH405A","封箱机","个","友联","",1095,90,0,"已启用",,,,"否","否"
"40038662","惰轮轴","B3507BCF","封箱机","个","友联","",1095,90,0,"已启用",,,,"否","否"
"40038661","惰轮","A3506A","封箱机","个","友联","",1095,90,0,"已启用",,,,"否","否"
"40038660","后摆杆","CF432A","封箱机","个","友联","",1095,90,0,"已启用",,,,"否","否"
"40038659","前摆杆","CF427A","封箱机","个","友联","",1095,90,0,"已启用",,,,"否","否"
"40038658","胶带座轴芯","TH403A-S","封箱机","个","友联","",1095,90,0,"已启用",,,,"否","否"
"40038657","胶带座","TH402A-2J","封箱机","个","友联","",1095,90,0,"已启用",,,,"否","否"
"40038656","胶带座固定杆","TH403A","封箱机","个","友联","",1095,90,0,"已启用",,,,"否","否"
"40038655","单向轮","CF407-2.5左右","封箱机","个","友联","",1095,90,0,"已启用",,,,"否","否"
"40038654","单向轮轴","TH406A","封箱机","个","友联","",1095,90,0,"已启用",,,,"否","否"
"40038653","马达","380V-200W","封箱机","个","友联","",1095,90,0,"已启用",,,,"否","否"
"40038652","被动轮轴","S3517S","封箱机","个","友联","",1095,90,0,"已启用",,,,"否","否"
"40038651","下皮带","1910*48","封箱机","根","友联","",1095,90,0,"已启用",,,,"否","否"
"40038650","上皮带","1340*48","封箱机","根","友联","",1095,90,0,"已启用",,,,"否","否"
"40038649","被动轮轴芯","TH3505A","封箱机","个","友联","",1095,90,0,"已启用",,,,"否","否"
"40038648","主动轮轴芯","B3507A","封箱机","个","友联","",1095,90,0,"已启用",,,,"否","否"
"40038647","被动轮（含轴承）","A3516A","封箱机","个","友联","",1095,90,0,"已启用",,,,"否","否"
"40038646","主动轮","TH3504A","封箱机","个","友联","",1095,90,0,"已启用",,,,"否","否"
"40038599","伺服电机","EM700031","热缩机","台","SMI","",1095,90,0,"已启用",,,,"否","否"
"40038598","电磁阀","7063020131","包装机","根","","",1095,90,0,"已启用",,,,"否","否"
"40038597","通讯电缆","13324578-20M","拆包机","根","","",1095,90,0,"已启用",,,,"否","否"
"40038596","机械密封2","LKH-20CARBON","密封类","个","阿法拉伐","",1095,90,0,"已启用",,,,"否","否"
"40038595","机械密封1","EPDMi-CP2010-2050/9613477001","密封类","个","阿法拉伐","",1095,90,0,"已启用",,,,"否","否"
"40038594","单向节流阀","GRLA-1/8-QS-8-RS-D","拆包机","个","","",1095,90,0,"已启用",,,,"否","否"
"40038561","气缸15","MN010028","包装机","个","FESTO","",1095,90,0,"已启用",,,,"否","否"
"40038474","密封圈11","45.69*2.62NBR70 BK/2S2186730","灌装机","个","CFT","",1095,90,0,"已启用",,,,"否","否"
"40038460","润滑系统接头3","2S2520346","封口机","个","CFT","",1095,90,0,"已启用",,,,"否","否"
"40038457","润滑系统接头2","2S2520348","封口机","个","CFT","",1095,90,0,"已启用",,,,"否","否"
"40038456","条型垫片1","2S2185065","封口机","个","CFT","",1095,90,0,"已启用",,,,"否","否"
"40038452","弹簧2","5S5468008","封口机","个","CFT","",1095,90,0,"已启用",,,,"否","否"
"40038450","轴承27","CUSCRADSF6204-2RS/2S2121414/6204","封口机","个","CFT","",1095,90,0,"已启用",,,,"否","否"
"40038424","密封圈","15.88*2.62EPDM70 BK/2S2189609","灌装机","个","CFT","",1095,90,0,"已启用",,,,"否","否"
"40038422","密封件","OVALE 22.0*14.0*3.0/5-3700091","灌装机","个","CFT","",1095,90,0,"已启用",,,,"否","否"
"40038276","光电管传感器","M12*1 L48 8MM M PNP/EF100237","热缩机","个","SMI","",1095,90,0,"已启用",,,,"否","否"
"40038245","光电管","S51-PR-5-B01-PK/EF100215","通用电器件","个","","",1095,90,0,"已启用",,,,"否","否"
"40038244","样罐模具适配器","D202/D206","封口机","个","","",1095,90,0,"已启用",,,,"否","否"
"40038243","销规高度尺","CAN-10774","封口机","个","","",1095,90,0,"已启用",,,,"否","否"
"40038241","安全阀弹簧","SV60/10.6-14.5barg","泵类","个","","",1095,90,0,"已启用",,,,"否","否"
"40038240","温控器","PYST1H0555PZSTS0G001K","包装机","个","","",1095,90,0,"已启用",,,,"否","否"
"40038096","模块","XBF0004707/KZ010577","包装机","个","西门子","",1095,90,0,"已启用",,,,"否","否"
"40037600","盖仓","5S5600073","封口机","件","","",1095,90,0,"已启用",,,,"否","否"
"40037442","压头（瑞迩利世）","RE-GCZH-D206（瑞迩利世）","封口机","个","","",1095,90,0,"已启用",,,,"否","否"
"40036571","二道卷封轮","6-9001372（5-6401194）","封口机","个","CFT","",1095,90,0,"已启用",,,,"否","否"
"40036570","一道卷封轮","6-9001371","封口机","个","CFT","",1095,90,0,"已启用",,,,"否","否"
"40036569","压头专用板手","RE-YTBS-D206","封口机","套","","",1095,90,0,"已启用",,,,"否","否"
"40036568","对中专用工具","RE-DZ-D206","封口机","套","","",1095,90,0,"已启用",,,,"否","否"
"40036279","拍盖头","5-2850217","封口机","个","CFT","",1095,90,0,"已启用",,,,"否","否"
"40036277","顶出器杆","5-0200073","封口机","根","CFT","",1095,90,0,"已启用",,,,"否","否"
"40035518","两位五通电磁阀","5V210-08 24V","配料系统","个","","",1095,90,0,"已启用",,,,"否","否"
"40035492","卷封压头测力计","CAN-1050D","工具","个","","",1095,90,0,"已启用",,,,"否","否"
"40035491","卷边测微计","CSM-207","工具","个","","",1095,90,0,"已启用",,,,"否","否"
"40035462","温度探头2","TA2531","配料系统","个","","",1095,90,0,"已启用",,,,"否","否"
"40035461","电子压力传感器","PM1704/0-10bar","配料系统","个","","",1095,90,0,"已启用",,,,"否","否"
"40035460","压力变送器1","PM1708/0-1bar","配料系统","个","","",1095,90,0,"已启用",,,,"否","否"
"40035323","回流阀阀座O形圈","/3.68*1.78EPDM70 BK/2S2189619","灌装机","件","CFT","",1095,90,0,"已启用",,,,"否","否"
"40035318","回流阀阀头","5B0055419","灌装机","件","CFT","",1095,90,0,"已启用",,,,"否","否"
"40035314","灌装阀大座垫","5-3700101","封口机","件","CFT","",1095,90,0,"已启用",,,,"否","否"
"40035313","慢灌喇叭头密封","5-3700098","灌装机","件","CFT","",1095,90,0,"已启用",,,,"否","否"
"40035311","垫圈","22.0*17.0*3.0/5-3700089","灌装机","件","CFT","",1095,90,0,"已启用",,,,"否","否"
"40035310","灌装阀中座密封圈","5-3700087","灌装机","件","CFT","",1095,90,0,"已启用",,,,"否","否"
"40035309","灌装阀小座密封圈","12.0*7.0*3.0/5-3700086","灌装机","件","CFT","",1095,90,0,"已启用",,,,"否","否"
"40035308","灌装头大密封圈","53.0*44.5*3.0/5-3700085","灌装机","件","CFT","",1095,90,0,"已启用",,,,"否","否"
"40035307","灌装阀滤网座上方形密封","5-3700033","灌装机","件","CFT","",1095,90,0,"已启用",,,,"否","否"
"40035305","快灌磨菇头","5-0370003","封口机","件","CFT","",1095,90,0,"已启用",,,,"否","否"
"40035304","慢灌喇叭头","5-0370002","灌装机","件","CFT","",1095,90,0,"已启用",,,,"否","否"
"40035303","灌装阀隔膜片","5-0370001","灌装机","件","CFT","",1095,90,0,"已启用",,,,"否","否"
"40035301","假座O形圈","53.70*1.78EPDM70 BK/2-2350188","灌装机","件","CFT","",1095,90,0,"已启用",,,,"否","否"
"40035300","灌装头压簧","2-1550019","灌装机","件","CFT","",1095,90,0,"已启用",,,,"否","否"
"40035297","垫圈2","2-2350390","灌装机","件","CFT","",1095,90,0,"已启用",,,,"否","否"
"40035295","垫圈1","23-15.0-3.7 SH=81/5-3700974","灌装机","件","CFT","",1095,90,0,"已启用",,,,"否","否"
"40035292","垫圈7","2C213003206","灌装机","件","CFT","",1095,90,0,"已启用",,,,"否","否"
"40035290","齿形带","2-0600100","灌装机","件","CFT","",1095,90,0,"已启用",,,,"否","否"
"40035283","红牛压头","5-4200965","封口机","件","CFT","",1095,90,0,"已启用",,,,"否","否"
"40035282","托罐盘","5-5300231","封口机","件","CFT","",1095,90,0,"已启用",,,,"否","否"
"40035281","推盖指","5S5276064","封口机","件","CFT","",1095,90,0,"已启用",,,,"否","否"
"40035279","传感器1","2C270014576","封口机","件","CFT","",1095,90,0,"已启用",,,,"否","否"
"40035278","微动开关","2-2852121","封口机","件","CFT","",1095,90,0,"已启用",,,,"否","否"
"40035277","微动开关1","2-2852120","封口机","件","CFT","",1095,90,0,"已启用",,,,"否","否"
"40035276","传感器","2-2850491","封口机","件","CFT","",1095,90,0,"已启用",,,,"否","否"
"40035267","螺旋下盖器","5S5732041","封口机","件","CFT","",1095,90,0,"已启用",,,,"否","否"
"40035263","齿轮1","5-3800087","封口机","件","CFT","",1095,90,0,"已启用",,,,"否","否"
"40035260","垫圈9","2C213006150","封口机","件","CFT","",1095,90,0,"已启用",,,,"否","否"
"40035256","轴承9","2C210011340","封口机","件","CFT","",1095,90,0,"已启用",,,,"否","否"
"40035251","垫片1","2S2180080","封口机","件","CFT","",1095,90,0,"已启用",,,,"否","否"
"40035246","O型圈30","2S2186145","封口机","件","CFT","",1095,90,0,"已启用",,,,"否","否"
"40035245","弹簧4","2S2180030","封口机","件","CFT","",1095,90,0,"已启用",,,,"否","否"
"40035244","油封环12","2C210011080","封口机","件","CFT","",1095,90,0,"已启用",,,,"否","否"
"40035237","轮子1","5S5672002","封口机","件","CFT","",1095,90,0,"已启用",,,,"否","否"
"40035235","轮子2","5S5672003","封口机","件","CFT","",1095,90,0,"已启用",,,,"否","否"
"40035231","垫片","2S2129010","封口机","件","CFT","",1095,90,0,"已启用",,,,"否","否"
"40035230","轴承19","INARULLINI NRA 3 X 27,8/2S2130149","封口机","件","CFT","",1095,90,0,"已启用",,,,"否","否"
"40035228","弹簧5","25*64 GIALLA/2S2180060","封口机","件","CFT","",1095,90,0,"已启用",,,,"否","否"
"40035221","O型圈8","2S2186094","灌装机","件","CFT","",1095,90,0,"已启用",,,,"否","否"
"40035219","下盖器","5S5732038","封口机","件","CFT","",1095,90,0,"已启用",,,,"否","否"
"40035218","下盖刀片","5S5162001","封口机","件","CFT","",1095,90,0,"已启用",,,,"否","否"
"40035215","下盖刀气缸","2-2801810","封口机","件","CFT","",1095,90,0,"已启用",0.000,,,"否","否"
"40035214","滤芯3","DROPSA60U38 BSP/2-2950126","封口机","件","CFT","",1095,90,0,"已启用",,,,"否","否"
"40035213","滤芯1","2-2950127","封口机","件","CFT","",1095,90,0,"已启用",,,,"否","否"
"40035205","O型圈13","2S2186799","灌装机","件","CFT","",1095,90,0,"已启用",,,,"否","否"
"40035204","O型圈12","2S2188805","封口机","件","CFT","",1095,90,0,"已启用",,,,"否","否"
"40035200","O型圈47","2S2185922","封口机","件","CFT","",1095,90,0,"已启用",,,,"否","否"
"40035199","O型圈6","91.67*3.53EPDM70 BK/DUC060","灌装机","件","CFT","",1095,90,0,"已启用",,,,"否","否"
"40035194","导轨6","2-1300014","灌装机","件","CFT","",1095,90,0,"已启用",,,,"否","否"
"40035192","O型圈4","48.90*2.62EPDM70 BK/2S2189667","灌装机","件","CFT","",1095,90,0,"已启用",,,,"否","否"
"40035191","O型圈","2S2189630","灌装机","件","CFT","",1095,90,0,"已启用",,,,"否","否"
"40035046","温度变送器","SP-SBWZ-2441/L=150*100mm  pt100 0~150℃","配料系统","个","","",1095,90,0,"已启用",,,,"否","否"
"40035004","镜面反射光电开关","VL180-2P42431","灌装机","个","","",1095,90,0,"已启用",,,,"否","否"
"40034984","雷加喷嘴","940.684","灌装机","个","CRYOGAS","",1095,90,0,"已启用",,,,"否","否"
"40034983","雷加加热器","940.396CD","注氮机","个","CRYOGAS","",1095,90,0,"已启用",,,,"否","否"
"40034847","陶瓷过滤芯","88173200","配料系统","根","PALL","",1095,90,0,"已启用",,,,"否","否"
"40034512","接近开关","IFS200","灌装机","个","IFM","",1095,90,0,"已启用",,,,"否","否"
"40034405","诺信R溶剂","270755","包装机","瓶","诺信","",1095,90,0,"已启用",,,,"否","否"
"40034404","通针","901923","包装机","个","诺信","",1095,90,0,"已启用",,,,"否","否"
"40033825","诺信通针","","包装机","个","诺信","",1095,90,0,"已启用",,,,"否","否"
"40033548","不锈钢空心销","Φ3*25","通用机械备件","个","","",1095,90,0,"已启用",,,,"否","否"
"40033546","不锈钢水龙头","DN20","通用管材管件","个","","",1095,90,0,"已启用",,,,"否","否"
"40033544","不锈钢水龙头","DN15","通用管材管件","个","","",1095,90,0,"已启用",,,,"否","否"
"40033543","不锈钢丝扣球阀","DN25","通用管材管件","个","","",1095,90,0,"已启用",,,,"否","否"
"40015075","强力调节阀","MG490281","热缩机","个","SMI","",1095,90,0,"已启用",,,,"否","否"
"40012918","深沟球轴承1","61903","自动上盖机","个","SKF","",1095,90,0,"已启用",,,,"否","否"
"40009064","同步皮带1","RPP8M-1040-30/MF500195","热缩机","条","SMI","",1095,90,0,"已启用",0.000,,,"否","否"
"40005331","接近开关5","IFS209/替代EF100022","通用电器件","个","","",1095,90,0,"已启用",0.000,,,"否","否"
"40004874","带座轴承","6206 RS/MG100015/0901314297","包装机","个","SMI/SKF","",1095,90,0,"已启用",,,,"否","否"
"40004831","带丝螺杆","MA600404/901100069","热缩机","个","SMI","",1095,90,0,"已启用",,,,"否","否"
"40004826","长塑料辊筒","MA111901/0901314087","热缩机","个","SMI","",1095,90,0,"已启用",,,,"否","否"
"40004825","短塑料辊筒","MA110687/0901100026","包装机","个","SMI","",1095,90,0,"已启用",,,,"否","否"
"40004371","喷胶模块","1052925","包装机","个","诺信","",1095,90,0,"已启用",,,,"否","否"
"40004132","弹簧","MF100187","热缩机","个","SMI","",1095,90,0,"已启用",,,,"否","否"
"40004131","切膜刀弹簧","MF100186","热缩机","个","SMI","",1095,90,0,"已启用",,,,"否","否"
"40039428","污水潜水泵","380V65WQ25--25-4F(Y)","污水系统","台","南方泵业","",1095,90,0,"已启用",,,,"否","否"
"40041700","变频器","44015-CP7004T75H-02","空压机","个","","",1095,90,0,"已启用",,,,"否","否"
"40042940","气动震动器","气动震动器/GT6/链道","链道系统","个","","",,,0,"已启用",,,,"否","否"
