序号,物料大类,条码/物料编码,物料名称/描述,规格型号,分类/物料组,计量单位,品牌,自定义类别,保质期(天),保质期预警(天),保留小数,状态,供应链可用状态,标箱折扣系数,货期(天),默认价格,是否标识管理,是否费用化资产,税率(%),物料来源,ABC分类,创建时间
1,其他,14000167,AGV叉车（二期-005）,,运输设备,台,,,,,0,已启用,启用,0.000,,,否,是,13,自制,,2026-02-10 10:29:38
2,其他,14000166,AGV叉车（二期-004）,,运输设备,台,,,,,0,已启用,启用,0.000,,,否,是,13,自制,,2026-02-10 10:29:38
3,其他,14000165,AGV叉车（二期-003）,,运输设备,台,,,,,0,已启用,启用,0.000,,,否,是,13,自制,,2026-02-10 10:29:38
4,其他,14000164,AGV叉车（二期-002）,,运输设备,台,,,,,0,已启用,启用,0.000,,,否,是,13,自制,,2026-02-10 10:29:38
5,其他,14000163,AGV叉车（二期-001）,,运输设备,台,,,,,0,已启用,启用,0.000,,,否,是,13,自制,,2026-02-10 10:29:38
6,其他,14000162,AGV叉车（三期-007）,,运输设备,台,,,,,0,已启用,启用,0.000,,,否,是,13,自制,,2026-02-10 10:29:38
7,其他,14000161,AGV叉车（三期-006）,,运输设备,台,,,,,0,已启用,启用,0.000,,,否,是,13,自制,,2026-02-10 10:29:38
8,其他,14000152,AGV叉车（三期-005）,,运输设备,台,,,,,0,已启用,启用,0.000,,,否,是,13,自制,,2026-02-10 10:29:38
9,其他,14000151,AGV叉车（三期-004）,,运输设备,台,,,,,0,已启用,启用,0.000,,,否,是,13,自制,,2026-02-10 10:29:38
10,其他,14000150,AGV叉车（三期-003）,,运输设备,台,,,,,0,已启用,启用,0.000,,,否,是,13,自制,,2026-02-10 10:29:38
11,其他,14000149,AGV叉车（三期-002）,,运输设备,台,,,,,0,已启用,启用,0.000,,,否,是,13,自制,,2026-02-10 10:29:38
12,其他,14000148,AGV叉车（三期-001）,,运输设备,台,,,,,0,已启用,启用,0.000,,,否,是,13,自制,,2026-01-07 16:39:51
13,其他,4090000291,二车间配料减压系统,,生产设备,个,,,,,0,已启用,启用,,,,否,否,13,自制,,2025-12-05 10:56:05
14,其他,4099900009,三车间水暖设备机组,,生产设备,台,,,,,0,已启用,启用,,,,否,否,13,自制,,2025-11-28 15:57:06
15,其他,4099900008,二车间水暖设备机组,,生产设备,台,,,,,0,已启用,启用,,,,否,否,13,自制,,2025-11-28 15:57:06
16,其他,4099900007,一车间水暖设备机组,,生产设备,台,,,,,0,已启用,启用,,,,否,否,13,自制,,2025-11-28 15:57:06
17,其他,8000012560,自动拆包上盖机 SLF300-VI(六线),,生产设备,个,,,,,0,已启用,启用,0.000,,,否,否,13,自制,,2025-11-28 11:56:29
18,其他,8000012559,自动拆包上盖机 SLF300-VI(五线),,生产设备,个,,,,,0,已启用,启用,,,,否,否,13,自制,,2025-11-28 11:56:29
19,其他,8000012558,自动拆包上盖机 SLF300-VI(四线),,生产设备,个,,,,,0,已启用,启用,,,,否,否,13,自制,,2025-11-28 11:56:29
20,其他,8000012557,自动拆包上盖机 SLF300-VI(三线),,生产设备,个,,,,,0,已启用,启用,,,,否,否,13,自制,,2025-11-28 11:56:29
21,其他,8000012556,自动拆包上盖机 SLF300-VI(二线),,生产设备,个,,,,,0,已启用,启用,,,,否,否,13,自制,,2025-11-28 11:56:29
22,其他,8000012555,自动拆包上盖机 SLF300-VI(一线),,生产设备,个,,,,,0,已启用,启用,,,,否,否,13,自制,,2025-11-28 11:56:29
23,其他,	 4099900006,三车间检测设备,,生产设备,台,,,,,0,已启用,启用,,,,否,否,13,自制,,2025-11-28 11:44:25
24,其他,	 4099900005,二车间检测设备,,生产设备,台,,,,,0,已启用,启用,,,,否,否,13,自制,,2025-11-28 11:44:25
25,其他,	 4099900004,一车间检测设备,,生产设备,台,,,,,0,已启用,启用,,,,否,否,13,自制,,2025-11-28 11:44:25
26,其他,14000169,电瓶叉车-（海斯特）J3.0UT（鄂L02684）,,运输设备,个,,,,,0,已启用,启用,,,,否,否,13,自制,,2025-11-27 14:14:09
27,其他,4099900003,三车间设备机组,,生产设备,台,,,,,0,已启用,启用,,,,否,否,13,自制,,2025-10-10 14:20:18
28,其他,4099900002,二车间设备机组,,生产设备,台,,,,,0,已启用,启用,,,,否,否,13,自制,,2025-10-10 14:20:17
29,其他,4099900001,一车间设备机组,,生产设备,台,,,,,0,已启用,启用,,,,否,否,13,自制,,2025-10-10 14:20:17
30,其他,4090000030,一车间配料减压系统,,生产设备,个,,,,,0,已启用,启用,,,,否,否,13,自制,,2025-08-26 20:01:48
31,其他,4090000029,二车间配料蒸汽疏水系统,,生产设备,个,,,,,0,已启用,启用,,,,否,否,13,自制,,2025-08-26 20:01:48
32,其他,4090000028,三车间加热间蒸汽疏水系统,,生产设备,个,,,,,0,已启用,启用,,,,否,否,13,自制,,2025-08-26 20:01:48
33,其他,4090000027,三车间灌装间蒸汽减压系统,,生产设备,个,,,,,0,已启用,启用,,,,否,否,13,自制,,2025-08-26 20:01:48
34,其他,4090000026,三车间配料RO水加热系统,,生产设备,个,,,,,0,已启用,启用,,,,否,否,13,自制,,2025-08-26 20:01:48
35,其他,4090000025,三车间配料疏水系统,,生产设备,个,,,,,0,已启用,启用,,,,否,否,13,自制,,2025-08-26 20:01:48
36,其他,4090000024,三车间配料减压系统,,生产设备,个,,,,,0,已启用,启用,,,,否,否,13,自制,,2025-08-26 20:01:48
37,其他,4090000023,三车间加热间减压系统,,生产设备,个,,,,,0,已启用,启用,,,,否,否,13,自制,,2025-08-26 20:01:48
38,其他,4090000022,三车间加热间疏水系统,,生产设备,个,,,,,0,已启用,启用,,,,否,否,13,自制,,2025-08-26 20:01:48
39,其他,4090000021,三车间加热间分汽缸,,生产设备,个,,,,,0,已启用,启用,,,,否,否,13,自制,,2025-08-26 20:01:48
40,其他,4090000020,二车间灌装间蒸汽疏水系统,,生产设备,个,,,,,0,已启用,启用,,,,否,否,13,自制,,2025-08-26 20:01:48
41,其他,4090000019,二车间灌装间蒸汽减压系统,,生产设备,个,,,,,0,已启用,启用,,,,否,否,13,自制,,2025-08-26 20:01:48
42,其他,4090000018,二车间配料RO水加热系统,,生产设备,个,,,,,0,已启用,启用,,,,否,否,13,自制,,2025-08-26 20:01:48
43,其他,4090000017,二车间配料间蒸汽减压系统,,生产设备,个,,,,,0,已启用,启用,,,,否,否,13,自制,,2025-08-26 20:01:48
44,其他,4090000016,二车间蒸汽间疏水系统,,生产设备,个,,,,,0,已启用,启用,,,,否,否,13,自制,,2025-08-26 20:01:48
45,其他,4090000015,二车间蒸汽间分汽缸,,生产设备,个,,,,,0,已启用,启用,,,,否,否,13,自制,,2025-08-26 20:01:48
46,其他,4090000014,一车间灌装间蒸汽疏水系统,,生产设备,个,,,,,0,已启用,启用,,,,否,否,13,自制,,2025-08-26 20:01:48
47,其他,4090000013,一车间罐装间减压系统,,生产设备,个,,,,,0,已启用,启用,,,,否,否,13,自制,,2025-08-26 20:01:48
48,其他,4090000012,一车间配料化糖加热系统,,生产设备,个,,,,,0,已启用,启用,,,,否,否,13,自制,,2025-08-26 20:01:48
49,其他,4090000011,一车间配料间RO水加热系统,,生产设备,个,,,,,0,已启用,启用,,,,否,否,13,自制,,2025-08-26 20:01:48
50,其他,4090000010,一车间加热间机械泵疏水系系统,,生产设备,个,,,,,0,已启用,启用,,,,否,否,13,自制,,2025-08-26 20:01:48
51,其他,4090000009,一车间蒸汽间疏水系统,,生产设备,个,,,,,0,已启用,启用,,,,否,否,13,自制,,2025-08-26 20:01:48
52,其他,4090000008,一车间主减压系统,,生产设备,个,,,,,0,已启用,启用,,,,否,否,13,自制,,2025-08-26 20:01:48
53,其他,4090000007,一车间分汽缸,,生产设备,个,,,,,0,已启用,启用,,,,否,否,13,自制,,2025-08-26 20:01:48
54,其他,4090000006,生活区蒸汽管道,,生产设备,个,,,,,0,已启用,启用,,,,否,否,13,自制,,2025-08-26 20:01:48
55,其他,4090000005,三车间主蒸汽管道,,生产设备,个,,,,,0,已启用,启用,,,,否,否,13,自制,,2025-08-26 20:01:48
56,其他,4090000004,二车间主蒸汽管道,,生产设备,个,,,,,0,已启用,启用,,,,否,否,13,自制,,2025-08-26 20:01:48
57,其他,4090000003,一车间蒸汽主管道,,生产设备,个,,,,,0,已启用,启用,,,,否,否,13,自制,,2025-08-26 20:01:48
58,其他,4090000002,锅炉水箱,,生产设备,个,,,,,0,已启用,启用,,,,否,否,13,自制,,2025-08-26 20:01:48
59,其他,4090000001,食堂燃气调压柜,,生产设备,个,,,,,0,已启用,启用,,,,否,否,13,自制,,2025-08-26 20:01:48
60,其他,4089999999,配电系统设备,,生产设备,个,,,,,0,已启用,启用,,,,否,否,13,自制,,2025-08-26 20:01:48
61,其他,4089999998,高压配电系统,,生产设备,个,,,,,0,已启用,启用,,,,否,否,13,自制,,2025-08-26 20:01:48
62,其他,4089999997,1P 10KVA主供电源进线柜,,生产设备,个,,,,,0,已启用,启用,,,,否,否,13,自制,,2025-08-26 20:01:48
63,其他,4089999996,2P 10KVA主供电源进线柜,,生产设备,个,,,,,0,已启用,启用,,,,否,否,13,自制,,2025-08-26 20:01:48
64,其他,4089999995,3P PT避雷柜,,生产设备,个,,,,,0,已启用,启用,,,,否,否,13,自制,,2025-08-26 20:01:48
65,其他,4089999994,4P 630KVA变压器配电柜,,生产设备,个,,,,,0,已启用,启用,,,,否,否,13,自制,,2025-08-26 20:01:48
66,其他,4089999993,5P 630KVA变压器配电柜,,生产设备,个,,,,,0,已启用,启用,,,,否,否,13,自制,,2025-08-26 20:01:48
67,其他,4089999992,6P 800KVA变压器配电柜,,生产设备,个,,,,,0,已启用,启用,,,,否,否,13,自制,,2025-08-26 20:01:48
68,其他,4089999991,7P 800KVA变压器配电柜,,生产设备,个,,,,,0,已启用,启用,,,,否,否,13,自制,,2025-08-26 20:01:48
69,其他,4000000508,在线PH计,,生产设备,个,,,,,0,已启用,启用,,,,否,否,13,自制,,2025-08-26 20:01:48
70,其他,4000000507,变频恒压供水系统-2,,生产设备,个,,,,,0,已启用,启用,,,,否,否,13,自制,,2025-08-26 20:01:48
71,其他,4000000506,紫外杀菌器,,生产设备,个,,,,,0,已启用,启用,,,,否,否,13,自制,,2025-08-26 20:01:48
72,其他,4000000505,深井泵控制柜,,生产设备,个,,,,,0,已启用,启用,,,,否,否,13,自制,,2025-08-26 20:01:48
73,其他,4000000504,深井泵,,生产设备,个,,,,,0,已启用,启用,,,,否,否,13,自制,,2025-08-26 20:01:48
74,其他,4000000503,深井泵供水系统,,生产设备,个,,,,,0,已启用,启用,,,,否,否,13,自制,,2025-08-26 20:01:48
75,其他,4000000502,软水处理设备,,生产设备,个,,,,,0,已启用,启用,,,,否,否,13,自制,,2025-08-26 20:01:48
76,其他,4000000501,变频恒压供水系统,,生产设备,个,,,,,0,已启用,启用,,,,否,否,13,自制,,2025-08-26 20:01:48
77,其他,4000000500,在线纯水PH计,,生产设备,个,,,,,0,已启用,启用,,,,否,否,13,自制,,2025-08-26 20:01:48
78,其他,4000000499,A'B组反渗透制水线水处理设备,,生产设备,个,,,,,0,已启用,启用,,,,否,否,13,自制,,2025-08-26 20:01:48
79,其他,4000000498,华乐士不锈钢水泵,,生产设备,个,,,,,0,已启用,启用,,,,否,否,13,自制,,2025-08-26 20:01:48
80,其他,4000000497,水表6,,生产设备,个,,,,,0,已启用,启用,,,,否,否,13,自制,,2025-08-26 20:01:48
81,其他,4000000496,水表5,,生产设备,个,,,,,0,已启用,启用,,,,否,否,13,自制,,2025-08-26 20:01:48
82,其他,4000000495,水表4,,生产设备,个,,,,,0,已启用,启用,,,,否,否,13,自制,,2025-08-26 20:01:48
83,其他,4000000494,水表3,,生产设备,个,,,,,0,已启用,启用,,,,否,否,13,自制,,2025-08-26 20:01:48
84,其他,4000000493,水表2,,生产设备,个,,,,,0,已启用,启用,,,,否,否,13,自制,,2025-08-26 20:01:48
85,其他,4000000492,水表1,,生产设备,个,,,,,0,已启用,启用,,,,否,否,13,自制,,2025-08-26 20:01:48
86,其他,4000000491,供水泵站阀门,,生产设备,个,,,,,0,已启用,启用,,,,否,否,13,自制,,2025-08-26 20:01:48
87,其他,4000000490,水处理间水罐,,生产设备,个,,,,,0,已启用,启用,,,,否,否,13,自制,,2025-08-26 20:01:48
88,其他,4000000489,制水处理系统,,生产设备,个,,,,,0,已启用,启用,,,,否,否,13,自制,,2025-08-26 20:01:48
89,其他,4000000488,污泥回流气提设备装置,,生产设备,个,,,,,0,已启用,启用,,,,否,否,13,自制,,2025-08-26 20:01:48
90,其他,4000000487,MBR分离膜机配套设备4,,生产设备,个,,,,,0,已启用,启用,,,,否,否,13,自制,,2025-08-26 20:01:48
91,其他,4000000486,MBR分离膜机配套设备3,,生产设备,个,,,,,0,已启用,启用,,,,否,否,13,自制,,2025-08-26 20:01:48
92,其他,4000000485,MBR分离膜机配套设备2,,生产设备,个,,,,,0,已启用,启用,,,,否,否,13,自制,,2025-08-26 20:01:48
93,其他,4000000484,MBR分离膜机配套设备1,,生产设备,个,,,,,0,已启用,启用,,,,否,否,13,自制,,2025-08-26 20:01:48
94,其他,4000000483,在线式溶解氧仪2,,生产设备,个,,,,,0,已启用,启用,,,,否,否,13,自制,,2025-08-26 20:01:48
95,其他,4000000482,在线式溶解氧仪1,,生产设备,个,,,,,0,已启用,启用,,,,否,否,13,自制,,2025-08-26 20:01:48
96,其他,4000000481,三叶罗茨式鼓风机,,生产设备,个,,,,,0,已启用,启用,,,,否,否,13,自制,,2025-08-26 20:01:48
97,其他,4000000480,加碱装置设备,,生产设备,个,,,,,0,已启用,启用,,,,否,否,13,自制,,2025-08-26 20:01:48
98,其他,4000000479,上位机,,生产设备,个,,,,,0,已启用,启用,,,,否,否,13,自制,,2025-08-26 20:01:48
99,其他,4000000478,PE-1M3加药箱清洗,,生产设备,个,,,,,0,已启用,启用,,,,否,否,13,自制,,2025-08-26 20:01:48
100,其他,4000000477,反冲洗泵B,,生产设备,个,,,,,0,已启用,启用,,,,否,否,13,自制,,2025-08-26 20:01:48
101,其他,4000000476,反冲洗泵A,,生产设备,个,,,,,0,已启用,启用,,,,否,否,13,自制,,2025-08-26 20:01:48
102,其他,4000000475,自吸式离心产水泵B,,生产设备,个,,,,,0,已启用,启用,,,,否,否,13,自制,,2025-08-26 20:01:48
103,其他,4000000474,自吸式离心产水泵A,,生产设备,个,,,,,0,已启用,启用,,,,否,否,13,自制,,2025-08-26 20:01:48
104,其他,4000000473,1T膜吊装行吊,,生产设备,个,,,,,0,已启用,启用,,,,否,否,13,自制,,2025-08-26 20:01:48
105,其他,4000000472,超声波式液位开关,,生产设备,个,,,,,0,已启用,启用,,,,否,否,13,自制,,2025-08-26 20:01:48
106,其他,4000000471,污泥格栅,,生产设备,个,,,,,0,已启用,启用,,,,否,否,13,自制,,2025-08-26 20:01:48
107,其他,4000000470,调节池设备,,生产设备,个,,,,,0,已启用,启用,,,,否,否,13,自制,,2025-08-26 20:01:48
108,其他,4000000469,污水处理系统设备,,生产设备,个,,,,,0,已启用,启用,,,,否,否,13,自制,,2025-08-26 20:01:48
109,其他,4000000468,电磁流量计,,生产设备,个,,,,,0,已启用,启用,,,,否,否,13,自制,,2025-08-26 20:01:48
110,其他,4000000467,虑带式泥水分离机,,生产设备,个,,,,,0,已启用,启用,,,,否,否,13,自制,,2025-08-26 20:01:48
111,其他,4000000466,污水处理系统,,生产设备,个,,,,,0,已启用,启用,,,,否,否,13,自制,,2025-08-26 20:01:48
112,其他,4000000465,三车间空压站系统,,生产设备,个,,,,,0,已启用,启用,,,,否,否,13,自制,,2025-08-26 20:01:48
113,其他,4000000464,三车间储气罐,,生产设备,个,,,,,0,已启用,启用,,,,否,否,13,自制,,2025-08-26 20:01:48
114,其他,4000000463,三车间冷冻干燥机,,生产设备,个,,,,,0,已启用,启用,,,,否,否,13,自制,,2025-08-26 20:01:48
115,其他,4000000462,三车间双螺杆空气压缩机3,,生产设备,个,,,,,0,已启用,启用,,,,否,否,13,自制,,2025-08-26 20:01:48
116,其他,4000000461,三车间双螺杆空气压缩机2,,生产设备,个,,,,,0,已启用,启用,,,,否,否,13,自制,,2025-08-26 20:01:48
117,其他,4000000460,三车间双螺杆空气压缩机1,,生产设备,个,,,,,0,已启用,启用,,,,否,否,13,自制,,2025-08-26 20:01:48
118,其他,4000000459,三车间空压系统,,生产设备,个,,,,,0,已启用,启用,,,,否,否,13,自制,,2025-08-26 20:01:48
119,其他,4000000458,二车间双螺杆空气压缩机3,,生产设备,个,,,,,0,已启用,启用,,,,否,否,13,自制,,2025-08-26 20:01:48
120,其他,4000000457,二车间双螺杆空气压缩机2,,生产设备,个,,,,,0,已启用,启用,,,,否,否,13,自制,,2025-08-26 20:01:48
121,其他,4000000456,二车间双螺杆空气压缩机1,,生产设备,个,,,,,0,已启用,启用,,,,否,否,13,自制,,2025-08-26 20:01:48
122,其他,4000000455,压缩空气过滤器系统,,生产设备,个,,,,,0,已启用,启用,,,,否,否,13,自制,,2025-08-26 20:01:48
123,其他,4000000454,二车间空压系统,,生产设备,个,,,,,0,已启用,启用,,,,否,否,13,自制,,2025-08-26 20:01:48
124,其他,4000000453,高压灭菌器2,,生产设备,个,,,,,0,已启用,启用,,,,否,否,13,自制,,2025-08-26 20:01:48
125,其他,4000000452,高压灭菌器1,,生产设备,个,,,,,0,已启用,启用,,,,否,否,13,自制,,2025-08-26 20:01:48
126,其他,4000000451,空气过滤器9,,生产设备,个,,,,,0,已启用,启用,,,,否,否,13,自制,,2025-08-26 20:01:48
127,其他,4000000450,空气过滤器8,,生产设备,个,,,,,0,已启用,启用,,,,否,否,13,自制,,2025-08-26 20:01:48
128,其他,4000000449,空气过滤器7,,生产设备,个,,,,,0,已启用,启用,,,,否,否,13,自制,,2025-08-26 20:01:48
129,其他,4000000448,空气过滤器6,,生产设备,个,,,,,0,已启用,启用,,,,否,否,13,自制,,2025-08-26 20:01:48
130,其他,4000000447,空气过滤器5,,生产设备,个,,,,,0,已启用,启用,,,,否,否,13,自制,,2025-08-26 20:01:48
131,其他,4000000446,空气过滤器4,,生产设备,个,,,,,0,已启用,启用,,,,否,否,13,自制,,2025-08-26 20:01:48
132,其他,4000000445,空气过滤器3,,生产设备,个,,,,,0,已启用,启用,,,,否,否,13,自制,,2025-08-26 20:01:48
133,其他,4000000444,空气过滤器2,,生产设备,个,,,,,0,已启用,启用,,,,否,否,13,自制,,2025-08-26 20:01:48
134,其他,4000000443,空气过滤器1,,生产设备,个,,,,,0,已启用,启用,,,,否,否,13,自制,,2025-08-26 20:01:48
135,其他,4000000442,制冷干燥机组,,生产设备,个,,,,,0,已启用,启用,,,,否,否,13,自制,,2025-08-26 20:01:48
136,其他,4000000441,一车间空压机3,,生产设备,个,,,,,0,已启用,启用,,,,否,否,13,自制,,2025-08-26 20:01:48
137,其他,4000000440,一车间空压机2,,生产设备,个,,,,,0,已启用,启用,,,,否,否,13,自制,,2025-08-26 20:01:48
138,其他,4000000439,空压机节能系统3,,生产设备,个,,,,,0,已启用,启用,,,,否,否,13,自制,,2025-08-26 20:01:48
139,其他,4000000438,空压机节能系统2,,生产设备,个,,,,,0,已启用,启用,,,,否,否,13,自制,,2025-08-26 20:01:48
140,其他,4000000437,空压机节能系统1,,生产设备,个,,,,,0,已启用,启用,,,,否,否,13,自制,,2025-08-26 20:01:48
141,其他,4000000436,一车间双螺杆空气压缩机1,,生产设备,个,,,,,0,已启用,启用,,,,否,否,13,自制,,2025-08-26 20:01:48
142,其他,4000000435,高灵敏度燃气泄漏检测仪,,生产设备,个,,,,,0,已启用,启用,,,,否,否,13,自制,,2025-08-26 20:01:48
143,其他,4000000434,一车间空压系统,,生产设备,个,,,,,0,已启用,启用,,,,否,否,13,自制,,2025-08-26 20:01:48
144,其他,4000000433,燃气蒸汽锅炉4#,,生产设备,个,,,,,0,已启用,启用,,,,否,否,13,自制,,2025-08-26 20:01:48
145,其他,4000000432,锅炉柴油分配器,,生产设备,个,,,,,0,已启用,启用,,,,否,否,13,自制,,2025-08-26 20:01:48
146,其他,4000000431,罗茨流量计,,生产设备,个,,,,,0,已启用,启用,,,,否,否,13,自制,,2025-08-26 20:01:48
147,其他,4000000430,烟气分析仪,,生产设备,个,,,,,0,已启用,启用,,,,否,否,13,自制,,2025-08-26 20:01:48
148,其他,4000000429,油气两用锅炉3#,,生产设备,个,,,,,0,已启用,启用,,,,否,否,13,自制,,2025-08-26 20:01:48
149,其他,4000000428,油气两用锅炉2#,,生产设备,个,,,,,0,已启用,启用,,,,否,否,13,自制,,2025-08-26 20:01:48
150,其他,4000000427,蒸汽分气缸,,生产设备,个,,,,,0,已启用,启用,,,,否,否,13,自制,,2025-08-26 20:01:48
151,其他,4000000426,油气两用锅炉1#,,生产设备,个,,,,,0,已启用,启用,,,,否,否,13,自制,,2025-08-26 20:01:48
152,其他,4000000425,锅炉电控系统,,生产设备,个,,,,,0,已启用,启用,,,,否,否,13,自制,,2025-08-26 20:01:48
153,其他,4000000424,蒸汽流量计2,,生产设备,个,,,,,0,已启用,启用,,,,否,否,13,自制,,2025-08-26 20:01:48
154,其他,4000000423,蒸汽流量计1,,生产设备,个,,,,,0,已启用,启用,,,,否,否,13,自制,,2025-08-26 20:01:48
155,其他,4000000422,蒸汽阀门,,生产设备,个,,,,,0,已启用,启用,,,,否,否,13,自制,,2025-08-26 20:01:48
156,其他,4000000421,分汽缸,,生产设备,个,,,,,0,已启用,启用,,,,否,否,13,自制,,2025-08-26 20:01:48
157,其他,4000000420,蒸汽系统,,生产设备,个,,,,,0,已启用,启用,,,,否,否,13,自制,,2025-08-26 20:01:48
158,其他,4000000419,三期供配电增容---低压开关柜GCK,,生产设备,个,,,,,0,已启用,启用,,,,否,否,13,自制,,2025-08-26 20:01:48
159,其他,4000000418,22# 转线柜,,生产设备,个,,,,,0,已启用,启用,,,,否,否,13,自制,,2025-08-26 20:01:48
160,其他,4000000417,21# 馈线柜,,生产设备,个,,,,,0,已启用,启用,,,,否,否,13,自制,,2025-08-26 20:01:48
161,其他,4000000416,20# 馈线柜,,生产设备,个,,,,,0,已启用,启用,,,,否,否,13,自制,,2025-08-26 20:01:48
162,其他,4000000415,19# 电容柜,,生产设备,个,,,,,0,已启用,启用,,,,否,否,13,自制,,2025-08-26 20:01:48
163,其他,4000000414,18# 进线柜,,生产设备,个,,,,,0,已启用,启用,,,,否,否,13,自制,,2025-08-26 20:01:48
164,其他,4000000413,17# 联络柜,,生产设备,个,,,,,0,已启用,启用,,,,否,否,13,自制,,2025-08-26 20:01:48
165,其他,4000000412,16# 馈线柜,,生产设备,个,,,,,0,已启用,启用,,,,否,否,13,自制,,2025-08-26 20:01:48
166,其他,4000000411,15# 馈线柜,,生产设备,个,,,,,0,已启用,启用,,,,否,否,13,自制,,2025-08-26 20:01:48
167,其他,4000000410,14# 电容柜,,生产设备,个,,,,,0,已启用,启用,,,,否,否,13,自制,,2025-08-26 20:01:48
168,其他,4000000409,13# 进线柜,,生产设备,个,,,,,0,已启用,启用,,,,否,否,13,自制,,2025-08-26 20:01:48
169,其他,4000000408,12# 备用馈线柜,,生产设备,个,,,,,0,已启用,启用,,,,否,否,13,自制,,2025-08-26 20:01:48
170,其他,4000000407,11# 备用馈线柜,,生产设备,个,,,,,0,已启用,启用,,,,否,否,13,自制,,2025-08-26 20:01:48
171,其他,4000000406,10# 进线柜,,生产设备,个,,,,,0,已启用,启用,,,,否,否,13,自制,,2025-08-26 20:01:48
172,其他,4000000405,9# 电容柜,,生产设备,个,,,,,0,已启用,启用,,,,否,否,13,自制,,2025-08-26 20:01:48
173,其他,4000000404,8# 馈线柜,,生产设备,个,,,,,0,已启用,启用,,,,否,否,13,自制,,2025-08-26 20:01:48
174,其他,4000000403,7# 馈线柜,,生产设备,个,,,,,0,已启用,启用,,,,否,否,13,自制,,2025-08-26 20:01:48
175,其他,4000000402,6# 母联柜,,生产设备,个,,,,,0,已启用,启用,,,,否,否,13,自制,,2025-08-26 20:01:48
176,其他,4000000401,5#馈线柜,,生产设备,个,,,,,0,已启用,启用,,,,否,否,13,自制,,2025-08-26 20:01:48
177,其他,4000000400,4#馈线柜,,生产设备,个,,,,,0,已启用,启用,,,,否,否,13,自制,,2025-08-26 20:01:48
178,其他,4000000399,3#馈线柜,,生产设备,个,,,,,0,已启用,启用,,,,否,否,13,自制,,2025-08-26 20:01:48
179,其他,4000000398,2#电容柜,,生产设备,个,,,,,0,已启用,启用,,,,否,否,13,自制,,2025-08-26 20:01:48
180,其他,4000000397,1#进线柜,,生产设备,个,,,,,0,已启用,启用,,,,否,否,13,自制,,2025-08-26 20:01:48
181,其他,4000000396,低压配电系统,,生产设备,个,,,,,0,已启用,启用,,,,否,否,13,自制,,2025-08-26 20:01:48
182,其他,4000000395,三期供配电增容---高压开关柜,,生产设备,个,,,,,0,已启用,启用,,,,否,否,13,自制,,2025-08-26 20:01:48
183,其他,4000000394,供配电增容---UPS,,生产设备,个,,,,,0,已启用,启用,,,,否,否,13,自制,,2025-08-26 20:01:48
184,其他,4000000393,三期供配电增容---变压器,,生产设备,个,,,,,0,已启用,启用,,,,否,否,13,自制,,2025-08-26 20:01:48
185,其他,4000000392,三期高压开关柜,,生产设备,个,,,,,0,已启用,启用,,,,否,否,13,自制,,2025-08-26 20:01:48
186,其他,4000000391,4#干式变压器,,生产设备,个,,,,,0,已启用,启用,,,,否,否,13,自制,,2025-08-26 20:01:48
187,其他,4000000390,3#干式变压器,,生产设备,个,,,,,0,已启用,启用,,,,否,否,13,自制,,2025-08-26 20:01:48
188,其他,4000000389,2#干式变压器,,生产设备,个,,,,,0,已启用,启用,,,,否,否,13,自制,,2025-08-26 20:01:48
189,其他,4000000388,1#干式变压器,,生产设备,个,,,,,0,已启用,启用,,,,否,否,13,自制,,2025-08-26 20:01:48
190,其他,7100001233,二线挤压式内压打检仪,,生产设备,个,,,,,0,已启用,启用,,,,否,否,13,自制,,2025-08-07 10:55:24
191,其他,7100001232,二车间热能回收保温水箱,,生产设备,个,,,,,0,已启用,启用,,,,否,否,13,自制,,2025-08-07 10:55:24
192,其他,7100001231,污泥翻斗车,,生产设备,个,,,,,0,已启用,启用,,,,否,否,13,自制,,2025-08-07 10:55:24
193,其他,7100001230,污水在线监测设备,,生产设备,个,,,,,0,已启用,启用,,,,否,否,13,自制,,2025-08-07 10:55:24
194,其他,7100001229,一线异盖检测仪MX-350-1A,,生产设备,个,,,,,0,已启用,启用,,,,否,否,13,自制,,2025-08-07 10:55:24
195,其他,7100001228,一线墨码检测仪MX-366-1,,生产设备,个,,,,,0,已启用,启用,,,,否,否,13,自制,,2025-08-07 10:55:24
196,其他,7100001227,一线两片罐挤压试内压打检仪,,生产设备,个,,,,,0,已启用,启用,,,,否,否,13,自制,,2025-08-07 10:55:24
197,其他,7100001226,一车间洗地机,,生产设备,个,,,,,0,已启用,启用,,,,否,否,13,自制,,2025-08-07 10:55:24
198,其他,7100001225,全自动行走高空作业平台,,生产设备,个,,,,,0,已启用,启用,,,,否,否,13,自制,,2025-08-07 10:55:24
199,其他,7100001224,三车间液氮输送管路系系,,生产设备,个,,,,,0,已启用,启用,,,,否,否,13,自制,,2025-08-07 10:55:24
200,其他,7100001223,二车间液氮输送管路系系,,生产设备,个,,,,,0,已启用,启用,,,,否,否,13,自制,,2025-08-07 10:55:24
201,其他,7100001222,一车间液氮输送管路系系,,生产设备,个,,,,,0,已启用,启用,,,,否,否,13,自制,,2025-08-07 10:55:24
202,其他,7100001221,三车间液氮罐,,生产设备,个,,,,,0,已启用,启用,,,,否,否,13,自制,,2025-08-07 10:55:24
203,其他,7100001220,二车间液氮罐,,生产设备,个,,,,,0,已启用,启用,,,,否,否,13,自制,,2025-08-07 10:55:24
204,其他,7100001219,一车间液氮罐,,生产设备,个,,,,,0,已启用,启用,,,,否,否,13,自制,,2025-08-07 10:55:24
205,其他,7100001218,线高压除水风机,,生产设备,个,,,,,0,已启用,启用,,,,否,否,13,自制,,2025-08-07 10:55:24
206,其他,7100001217,一线高压除水风机,,生产设备,个,,,,,0,已启用,启用,,,,否,否,13,自制,,2025-08-07 10:55:24
207,其他,7100001216,一线灌装间内压打检机,,生产设备,个,,,,,0,已启用,启用,,,,否,否,13,自制,,2025-08-07 10:55:24
208,其他,7100001215,二冷罐机热能回收恒压供水系统,,生产设备,个,,,,,0,已启用,启用,,,,否,否,13,自制,,2025-08-07 10:55:24
209,其他,7100001214,一线冷罐机热能回收恒压供水系统,,生产设备,个,,,,,0,已启用,启用,,,,否,否,13,自制,,2025-08-07 10:55:24
210,其他,7100001213,二冷罐机降温系统,,生产设备,个,,,,,0,已启用,启用,,,,否,否,13,自制,,2025-08-07 10:55:24
211,其他,7100001212,一线冷罐机降温系统,,生产设备,个,,,,,0,已启用,启用,,,,否,否,13,自制,,2025-08-07 10:55:24
212,其他,7100001211,二冷罐机热能回收板式交换器,,生产设备,个,,,,,0,已启用,启用,,,,否,否,13,自制,,2025-08-07 10:55:24
213,其他,7100001210,一线冷罐机热能回收板式交换器,,生产设备,个,,,,,0,已启用,启用,,,,否,否,13,自制,,2025-08-07 10:55:24
214,其他,7100001209,三车间热能回收控制系统,,生产设备,个,,,,,0,已启用,启用,,,,否,否,13,自制,,2025-08-07 10:55:24
215,其他,7100001208,二车间热能回收控制系统,,生产设备,个,,,,,0,已启用,启用,,,,否,否,13,自制,,2025-08-07 10:55:24
216,其他,7100001207,一车间热能回收控制系统,,生产设备,个,,,,,0,已启用,启用,,,,否,否,13,自制,,2025-08-07 10:55:24
217,其他,7100001206,锅炉节能器,,生产设备,个,,,,,0,已启用,启用,,,,否,否,13,自制,,2025-08-07 10:55:24
218,其他,7100001205,一车间二拆包机机械手,,生产设备,个,,,,,0,已启用,启用,,,,否,否,13,自制,,2025-08-07 10:55:24
219,其他,7100001204,一车间一线拆包机机械手,,生产设备,个,,,,,0,已启用,启用,,,,否,否,13,自制,,2025-08-07 10:55:24
220,其他,7100001203,六线吹风系统鼓风机单元-2,,生产设备,个,,,,,0,已启用,启用,,,,否,否,13,自制,,2025-08-07 10:55:24
221,其他,7100001202,六线吹风系统电气控制箱-2,,生产设备,个,,,,,0,已启用,启用,,,,否,否,13,自制,,2025-08-07 10:55:24
222,其他,7100001201,三车间六线风干机,,生产设备,个,,,,,0,已启用,启用,,,,否,否,13,自制,,2025-08-07 10:55:24
223,其他,7100001200,五线吹风系统鼓风机单元-2,,生产设备,个,,,,,0,已启用,启用,,,,否,否,13,自制,,2025-08-07 10:55:24
224,其他,7100001199,五线吹风系统电气控制箱-2,,生产设备,个,,,,,0,已启用,启用,,,,否,否,13,自制,,2025-08-07 10:55:24
225,其他,7100001198,三车间五线风干机,,生产设备,个,,,,,0,已启用,启用,,,,否,否,13,自制,,2025-08-07 10:55:24
226,其他,7100001197,六线封口机压头6#,,生产设备,个,,,,,0,已启用,启用,,,,否,否,13,自制,,2025-08-07 10:55:24
227,其他,7100001196,六线封口机压头5#,,生产设备,个,,,,,0,已启用,启用,,,,否,否,13,自制,,2025-08-07 10:55:24
228,其他,7100001195,六线封口机压头4#,,生产设备,个,,,,,0,已启用,启用,,,,否,否,13,自制,,2025-08-07 10:55:24
229,其他,7100001194,六线封口机压头3#,,生产设备,个,,,,,0,已启用,启用,,,,否,否,13,自制,,2025-08-07 10:55:24
230,其他,7100001193,六线封口机压头2#,,生产设备,个,,,,,0,已启用,启用,,,,否,否,13,自制,,2025-08-07 10:55:24
231,其他,7100001192,六线封口机压头1#,,生产设备,个,,,,,0,已启用,启用,,,,否,否,13,自制,,2025-08-07 10:55:24
232,其他,7100001191,六线封口机2步轮6#,,生产设备,个,,,,,0,已启用,启用,,,,否,否,13,自制,,2025-08-07 10:55:24
233,其他,7100001190,六线封口机2步轮5#,,生产设备,个,,,,,0,已启用,启用,,,,否,否,13,自制,,2025-08-07 10:55:24
234,其他,7100001189,六线封口机2步轮4#,,生产设备,个,,,,,0,已启用,启用,,,,否,否,13,自制,,2025-08-07 10:55:24
235,其他,7100001188,六线封口机2步轮3#,,生产设备,个,,,,,0,已启用,启用,,,,否,否,13,自制,,2025-08-07 10:55:24
236,其他,7100001187,六线封口机2步轮2#,,生产设备,个,,,,,0,已启用,启用,,,,否,否,13,自制,,2025-08-07 10:55:24
237,其他,7100001186,六线封口机2步轮1#,,生产设备,个,,,,,0,已启用,启用,,,,否,否,13,自制,,2025-08-07 10:55:24
238,其他,7100001185,六线封口机1步轮6#,,生产设备,个,,,,,0,已启用,启用,,,,否,否,13,自制,,2025-08-07 10:55:24
239,其他,7100001184,六线封口机1步轮5#,,生产设备,个,,,,,0,已启用,启用,,,,否,否,13,自制,,2025-08-07 10:55:24
240,其他,7100001183,六线封口机1步轮4#,,生产设备,个,,,,,0,已启用,启用,,,,否,否,13,自制,,2025-08-07 10:55:24
241,其他,7100001182,六线封口机1步轮3#,,生产设备,个,,,,,0,已启用,启用,,,,否,否,13,自制,,2025-08-07 10:55:24
242,其他,7100001181,六线封口机1步轮2#,,生产设备,个,,,,,0,已启用,启用,,,,否,否,13,自制,,2025-08-07 10:55:24
243,其他,7100001180,六线封口机1步轮1#,,生产设备,个,,,,,0,已启用,启用,,,,否,否,13,自制,,2025-08-07 10:55:24
244,其他,7100001179,五线封口机压头6#,,生产设备,个,,,,,0,已启用,启用,,,,否,否,13,自制,,2025-08-07 10:55:24
245,其他,7100001178,五线封口机压头5#,,生产设备,个,,,,,0,已启用,启用,,,,否,否,13,自制,,2025-08-07 10:55:24
246,其他,7100001177,五线封口机压头4#,,生产设备,个,,,,,0,已启用,启用,,,,否,否,13,自制,,2025-08-07 10:55:24
247,其他,7100001176,五线封口机压头3#,,生产设备,个,,,,,0,已启用,启用,,,,否,否,13,自制,,2025-08-07 10:55:24
248,其他,7100001175,五线封口机压头2#,,生产设备,个,,,,,0,已启用,启用,,,,否,否,13,自制,,2025-08-07 10:55:24
249,其他,7100001174,五线封口机压头1#,,生产设备,个,,,,,0,已启用,启用,,,,否,否,13,自制,,2025-08-07 10:55:24
250,其他,7100001173,五线封口机2步轮6#,,生产设备,个,,,,,0,已启用,启用,,,,否,否,13,自制,,2025-08-07 10:55:24
251,其他,7100001172,五线封口机2步轮5#,,生产设备,个,,,,,0,已启用,启用,,,,否,否,13,自制,,2025-08-07 10:55:24
252,其他,7100001171,五线封口机2步轮4#,,生产设备,个,,,,,0,已启用,启用,,,,否,否,13,自制,,2025-08-07 10:55:24
253,其他,7100001170,五线封口机2步轮3#,,生产设备,个,,,,,0,已启用,启用,,,,否,否,13,自制,,2025-08-07 10:55:24
254,其他,7100001169,五线封口机2步轮2#,,生产设备,个,,,,,0,已启用,启用,,,,否,否,13,自制,,2025-08-07 10:55:24
255,其他,7100001168,五线封口机2步轮1#,,生产设备,个,,,,,0,已启用,启用,,,,否,否,13,自制,,2025-08-07 10:55:24
256,其他,7100001167,五线封口机1步轮6#,,生产设备,个,,,,,0,已启用,启用,,,,否,否,13,自制,,2025-08-07 10:55:24
257,其他,7100001166,五线封口机1步轮5#,,生产设备,个,,,,,0,已启用,启用,,,,否,否,13,自制,,2025-08-07 10:55:24
258,其他,7100001165,五线封口机1步轮4#,,生产设备,个,,,,,0,已启用,启用,,,,否,否,13,自制,,2025-08-07 10:55:24
259,其他,7100001164,五线封口机1步轮3#,,生产设备,个,,,,,0,已启用,启用,,,,否,否,13,自制,,2025-08-07 10:55:24
260,其他,7100001163,五线封口机1步轮2#,,生产设备,个,,,,,0,已启用,启用,,,,否,否,13,自制,,2025-08-07 10:55:24
261,其他,7100001162,五线封口机1步轮1#,,生产设备,个,,,,,0,已启用,启用,,,,否,否,13,自制,,2025-08-07 10:55:24
262,其他,7100001161,四线封口机压头6#,,生产设备,个,,,,,0,已启用,启用,,,,否,否,13,自制,,2025-08-07 10:55:24
263,其他,7100001160,四线封口机压头5#,,生产设备,个,,,,,0,已启用,启用,,,,否,否,13,自制,,2025-08-07 10:55:24
264,其他,7100001159,四线封口机压头4#,,生产设备,个,,,,,0,已启用,启用,,,,否,否,13,自制,,2025-08-07 10:55:24
265,其他,7100001158,四线封口机压头3#,,生产设备,个,,,,,0,已启用,启用,,,,否,否,13,自制,,2025-08-07 10:55:24
266,其他,7100001157,四线封口机压头2#,,生产设备,个,,,,,0,已启用,启用,,,,否,否,13,自制,,2025-08-07 10:55:24
267,其他,7100001156,四线封口机压头1#,,生产设备,个,,,,,0,已启用,启用,,,,否,否,13,自制,,2025-08-07 10:55:24
268,其他,7100001155,四线封口机2步轮6#,,生产设备,个,,,,,0,已启用,启用,,,,否,否,13,自制,,2025-08-07 10:55:24
269,其他,7100001154,四线封口机2步轮5#,,生产设备,个,,,,,0,已启用,启用,,,,否,否,13,自制,,2025-08-07 10:55:24
270,其他,7100001153,四线封口机2步轮4#,,生产设备,个,,,,,0,已启用,启用,,,,否,否,13,自制,,2025-08-07 10:55:24
271,其他,7100001152,四线封口机2步轮3#,,生产设备,个,,,,,0,已启用,启用,,,,否,否,13,自制,,2025-08-07 10:55:24
272,其他,7100001151,四线封口机2步轮2#,,生产设备,个,,,,,0,已启用,启用,,,,否,否,13,自制,,2025-08-07 10:55:24
273,其他,7100001150,四线封口机2步轮1#,,生产设备,个,,,,,0,已启用,启用,,,,否,否,13,自制,,2025-08-07 10:55:24
274,其他,7100001149,四线封口机1步轮6#,,生产设备,个,,,,,0,已启用,启用,,,,否,否,13,自制,,2025-08-07 10:55:24
275,其他,7100001148,四线封口机1步轮5#,,生产设备,个,,,,,0,已启用,启用,,,,否,否,13,自制,,2025-08-07 10:55:24
276,其他,7100001147,四线封口机1步轮4#,,生产设备,个,,,,,0,已启用,启用,,,,否,否,13,自制,,2025-08-07 10:55:24
277,其他,7100001146,四线封口机1步轮3#,,生产设备,个,,,,,0,已启用,启用,,,,否,否,13,自制,,2025-08-07 10:55:24
278,其他,7100001145,四线封口机1步轮2#,,生产设备,个,,,,,0,已启用,启用,,,,否,否,13,自制,,2025-08-07 10:55:24
279,其他,7100001144,四线封口机1步轮1#,,生产设备,个,,,,,0,已启用,启用,,,,否,否,13,自制,,2025-08-07 10:55:24
280,其他,7100001143,三线封口机压头6#,,生产设备,个,,,,,0,已启用,启用,,,,否,否,13,自制,,2025-08-07 10:55:24
281,其他,7100001142,三线封口机压头5#,,生产设备,个,,,,,0,已启用,启用,,,,否,否,13,自制,,2025-08-07 10:55:24
282,其他,7100001141,三线封口机压头4#,,生产设备,个,,,,,0,已启用,启用,,,,否,否,13,自制,,2025-08-07 10:55:24
283,其他,7100001140,三线封口机压头3#,,生产设备,个,,,,,0,已启用,启用,,,,否,否,13,自制,,2025-08-07 10:55:24
284,其他,7100001139,三线封口机压头2#,,生产设备,个,,,,,0,已启用,启用,,,,否,否,13,自制,,2025-08-07 10:55:24
285,其他,7100001138,三线封口机压头1#,,生产设备,个,,,,,0,已启用,启用,,,,否,否,13,自制,,2025-08-07 10:55:24
286,其他,7100001137,三线封口机2步轮6#,,生产设备,个,,,,,0,已启用,启用,,,,否,否,13,自制,,2025-08-07 10:55:24
287,其他,7100001136,三线封口机2步轮5#,,生产设备,个,,,,,0,已启用,启用,,,,否,否,13,自制,,2025-08-07 10:55:24
288,其他,7100001135,三线封口机2步轮4#,,生产设备,个,,,,,0,已启用,启用,,,,否,否,13,自制,,2025-08-07 10:55:24
289,其他,7100001134,三线封口机2步轮3#,,生产设备,个,,,,,0,已启用,启用,,,,否,否,13,自制,,2025-08-07 10:55:24
290,其他,7100001133,三线封口机2步轮2#,,生产设备,个,,,,,0,已启用,启用,,,,否,否,13,自制,,2025-08-07 10:55:24
291,其他,7100001132,三线封口机2步轮1#,,生产设备,个,,,,,0,已启用,启用,,,,否,否,13,自制,,2025-08-07 10:55:24
292,其他,7100001131,三线封口机1步轮6#,,生产设备,个,,,,,0,已启用,启用,,,,否,否,13,自制,,2025-08-07 10:55:24
293,其他,7100001130,三线封口机1步轮5#,,生产设备,个,,,,,0,已启用,启用,,,,否,否,13,自制,,2025-08-07 10:55:24
294,其他,7100001129,三线封口机1步轮4#,,生产设备,个,,,,,0,已启用,启用,,,,否,否,13,自制,,2025-08-07 10:55:24
295,其他,7100001128,三线封口机1步轮3#,,生产设备,个,,,,,0,已启用,启用,,,,否,否,13,自制,,2025-08-07 10:55:24
296,其他,7100001127,三线封口机1步轮2#,,生产设备,个,,,,,0,已启用,启用,,,,否,否,13,自制,,2025-08-07 10:55:24
297,其他,7100001126,三线封口机1步轮1#,,生产设备,个,,,,,0,已启用,启用,,,,否,否,13,自制,,2025-08-07 10:55:24
298,其他,7100001125,二线封口机压头6#,,生产设备,个,,,,,0,已启用,启用,,,,否,否,13,自制,,2025-08-07 10:55:24
299,其他,7100001124,二线封口机压头5#,,生产设备,个,,,,,0,已启用,启用,,,,否,否,13,自制,,2025-08-07 10:55:24
300,其他,7100001123,二线封口机压头4#,,生产设备,个,,,,,0,已启用,启用,,,,否,否,13,自制,,2025-08-07 10:55:24
301,其他,7100001122,二线封口机压头3#,,生产设备,个,,,,,0,已启用,启用,,,,否,否,13,自制,,2025-08-07 10:55:24
302,其他,7100001121,二线封口机压头2#,,生产设备,个,,,,,0,已启用,启用,,,,否,否,13,自制,,2025-08-07 10:55:24
303,其他,7100001120,二线封口机压头1#,,生产设备,个,,,,,0,已启用,启用,,,,否,否,13,自制,,2025-08-07 10:55:24
304,其他,7100001119,二线封口机2步轮6#,,生产设备,个,,,,,0,已启用,启用,,,,否,否,13,自制,,2025-08-07 10:55:24
305,其他,7100001118,二线封口机2步轮5#,,生产设备,个,,,,,0,已启用,启用,,,,否,否,13,自制,,2025-08-07 10:55:24
306,其他,7100001117,二线封口机2步轮4#,,生产设备,个,,,,,0,已启用,启用,,,,否,否,13,自制,,2025-08-07 10:55:24
307,其他,7100001116,二线封口机2步轮3#,,生产设备,个,,,,,0,已启用,启用,,,,否,否,13,自制,,2025-08-07 10:55:24
308,其他,7100001115,二线封口机2步轮2#,,生产设备,个,,,,,0,已启用,启用,,,,否,否,13,自制,,2025-08-07 10:55:24
309,其他,7100001114,二线封口机2步轮1#,,生产设备,个,,,,,0,已启用,启用,,,,否,否,13,自制,,2025-08-07 10:55:24
310,其他,7100001113,二线封口机1步轮6#,,生产设备,个,,,,,0,已启用,启用,,,,否,否,13,自制,,2025-08-07 10:55:24
311,其他,7100001112,二线封口机1步轮5#,,生产设备,个,,,,,0,已启用,启用,,,,否,否,13,自制,,2025-08-07 10:55:24
312,其他,7100001111,二线封口机1步轮4#,,生产设备,个,,,,,0,已启用,启用,,,,否,否,13,自制,,2025-08-07 10:55:24
313,其他,7100001110,二线封口机1步轮3#,,生产设备,个,,,,,0,已启用,启用,,,,否,否,13,自制,,2025-08-07 10:55:24
314,其他,7100001109,二线封口机1步轮2#,,生产设备,个,,,,,0,已启用,启用,,,,否,否,13,自制,,2025-08-07 10:55:24
315,其他,7100001108,二线封口机1步轮1#,,生产设备,个,,,,,0,已启用,启用,,,,否,否,13,自制,,2025-08-07 10:55:24
316,其他,7100001107,一线封口机压头6#,,生产设备,个,,,,,0,已启用,启用,,,,否,否,13,自制,,2025-08-07 10:55:24
317,其他,7100001106,一线封口机压头5#,,生产设备,个,,,,,0,已启用,启用,,,,否,否,13,自制,,2025-08-07 10:55:24
318,其他,7100001105,一线封口机压头4#,,生产设备,个,,,,,0,已启用,启用,,,,否,否,13,自制,,2025-08-07 10:55:24
319,其他,7100001104,一线封口机压头3#,,生产设备,个,,,,,0,已启用,启用,,,,否,否,13,自制,,2025-08-07 10:55:24
320,其他,7100001103,一线封口机压头2#,,生产设备,个,,,,,0,已启用,启用,,,,否,否,13,自制,,2025-08-07 10:55:24
321,其他,7100001102,一线封口机压头1#,,生产设备,个,,,,,0,已启用,启用,,,,否,否,13,自制,,2025-08-07 10:55:24
322,其他,7100001101,一线封口机2步轮6#,,生产设备,个,,,,,0,已启用,启用,,,,否,否,13,自制,,2025-08-07 10:55:24
323,其他,7100001100,一线封口机2步轮5#,,生产设备,个,,,,,0,已启用,启用,,,,否,否,13,自制,,2025-08-07 10:55:24
324,其他,7100001099,一线封口机2步轮4#,,生产设备,个,,,,,0,已启用,启用,,,,否,否,13,自制,,2025-08-07 10:55:24
325,其他,7100001098,一线封口机2步轮3#,,生产设备,个,,,,,0,已启用,启用,,,,否,否,13,自制,,2025-08-07 10:55:24
326,其他,7100001097,一线封口机2步轮2#,,生产设备,个,,,,,0,已启用,启用,,,,否,否,13,自制,,2025-08-07 10:55:24
327,其他,7100001096,一线封口机2步轮1#,,生产设备,个,,,,,0,已启用,启用,,,,否,否,13,自制,,2025-08-07 10:55:24
328,其他,7100001095,一线封口机1步轮6#,,生产设备,个,,,,,0,已启用,启用,,,,否,否,13,自制,,2025-08-07 10:55:24
329,其他,7100001094,一线封口机1步轮5#,,生产设备,个,,,,,0,已启用,启用,,,,否,否,13,自制,,2025-08-07 10:55:24
330,其他,7100001093,一线封口机1步轮4#,,生产设备,个,,,,,0,已启用,启用,,,,否,否,13,自制,,2025-08-07 10:55:24
331,其他,7100001092,一线封口机1步轮3#,,生产设备,个,,,,,0,已启用,启用,,,,否,否,13,自制,,2025-08-07 10:55:24
332,其他,7100001091,一线封口机1步轮2#,,生产设备,个,,,,,0,已启用,启用,,,,否,否,13,自制,,2025-08-07 10:55:24
333,其他,7100001090,一线封口机1步轮1#,,生产设备,个,,,,,0,已启用,启用,,,,否,否,13,自制,,2025-08-07 10:55:24
334,其他,7100001089,一车间储气罐2,,生产设备,个,,,,,0,已启用,启用,,,,否,否,13,自制,,2025-08-07 10:55:24
335,其他,7100001088,一车间储气罐1,,生产设备,个,,,,,0,已启用,启用,,,,否,否,13,自制,,2025-08-07 10:55:24
336,其他,7100001087,二车间不锈钢配料系统,,生产设备,个,,,,,0,已启用,启用,,,,否,否,13,自制,,2025-08-07 10:55:24
337,其他,7100001086,三车间生产线过滤器,,生产设备,个,,,,,0,已启用,启用,,,,否,否,13,自制,,2025-08-07 10:55:24
338,其他,7100001085,三车间六线备用激光机,,生产设备,个,,,,,0,已启用,启用,,,,否,否,13,自制,,2025-08-07 10:55:24
339,其他,7100001084,三车间试机用传送带,,生产设备,个,,,,,0,已启用,启用,,,,否,否,13,自制,,2025-08-07 10:55:24
340,其他,7100001083,六线封箱段输送链道,,生产设备,个,,,,,0,已启用,启用,,,,否,否,13,自制,,2025-08-07 10:55:24
341,其他,7100001082,六线箱码段输送链道,,生产设备,个,,,,,0,已启用,启用,,,,否,否,13,自制,,2025-08-07 10:55:24
342,其他,7100001081,六线箱输送链控制电柜,,生产设备,个,,,,,0,已启用,启用,,,,否,否,13,自制,,2025-08-07 10:55:24
343,其他,7100001080,三车间六线包装箱输送机,,生产设备,个,,,,,0,已启用,启用,,,,否,否,13,自制,,2025-08-07 10:55:24
344,其他,7100001079,六线膜包入口段输送链道,,生产设备,个,,,,,0,已启用,启用,,,,否,否,13,自制,,2025-08-07 10:55:24
345,其他,7100001078,六线打码段输送链道,,生产设备,个,,,,,0,已启用,启用,,,,否,否,13,自制,,2025-08-07 10:55:24
346,其他,7100001077,六线灌装出口段输送链道,,生产设备,个,,,,,0,已启用,启用,,,,否,否,13,自制,,2025-08-07 10:55:24
347,其他,7100001076,六线空罐无压输送链道,,生产设备,个,,,,,0,已启用,启用,,,,否,否,13,自制,,2025-08-07 10:55:24
348,其他,7100001075,六线罐输送带控制电柜,,生产设备,个,,,,,0,已启用,启用,,,,否,否,13,自制,,2025-08-07 10:55:24
349,其他,7100001074,三车间六线容器输送带,,生产设备,个,,,,,0,已启用,启用,,,,否,否,13,自制,,2025-08-07 10:55:24
350,其他,7100001073,三车间六线容器输送机,,生产设备,个,,,,,0,已启用,启用,,,,否,否,13,自制,,2025-08-07 10:55:24
351,其他,7100001072,三车间六线输送链道,,生产设备,个,,,,,0,已启用,启用,,,,否,否,13,自制,,2025-08-07 10:55:24
352,其他,7100001071,六线垛盘输送链道,,生产设备,个,,,,,0,已启用,启用,,,,否,否,13,自制,,2025-08-07 10:55:24
353,其他,7100001070,六线码垛垛盘仓,,生产设备,个,,,,,0,已启用,启用,,,,否,否,13,自制,,2025-08-07 10:55:24
354,其他,7100001069,六线码垛机托盘输送单元,,生产设备,个,,,,,0,已启用,启用,,,,否,否,13,自制,,2025-08-07 10:55:24
355,其他,7100001068,六线码垛机机器人机身D轴,,生产设备,个,,,,,0,已启用,启用,,,,否,否,13,自制,,2025-08-07 10:55:24
356,其他,7100001067,六线码垛机机器人机身C轴,,生产设备,个,,,,,0,已启用,启用,,,,否,否,13,自制,,2025-08-07 10:55:24
357,其他,7100001066,六线码垛机机器人机身B轴,,生产设备,个,,,,,0,已启用,启用,,,,否,否,13,自制,,2025-08-07 10:55:24
358,其他,7100001065,六线码垛机机器人抓手A轴,,生产设备,个,,,,,0,已启用,启用,,,,否,否,13,自制,,2025-08-07 10:55:24
359,其他,7100001064,六线码垛机机器人,,生产设备,个,,,,,0,已启用,启用,,,,否,否,13,自制,,2025-08-07 10:55:24
360,其他,7100001063,六线码垛机抓取分箱单元,,生产设备,个,,,,,0,已启用,启用,,,,否,否,13,自制,,2025-08-07 10:55:24
361,其他,7100001062,六线码垛机进箱输送链道,,生产设备,个,,,,,0,已启用,启用,,,,否,否,13,自制,,2025-08-07 10:55:24
362,其他,7100001061,六线码垛机输送链道控制柜,,生产设备,个,,,,,0,已启用,启用,,,,否,否,13,自制,,2025-08-07 10:55:24
363,其他,7100001060,六线码垛机机器人控制柜,,生产设备,个,,,,,0,已启用,启用,,,,否,否,13,自制,,2025-08-07 10:55:24
364,其他,7100001059,六线码垛机电气控制柜,,生产设备,个,,,,,0,已启用,启用,,,,否,否,13,自制,,2025-08-07 10:55:24
365,其他,7100001058,三车间六线码垛机器人,,生产设备,个,,,,,0,已启用,启用,,,,否,否,13,自制,,2025-08-07 10:55:24
366,其他,7100001057,六线侧式封箱机,,生产设备,个,,,,,0,已启用,启用,,,,否,否,13,自制,,2025-08-07 10:55:24
367,其他,7100001056,六线封箱输送线,,生产设备,个,,,,,0,已启用,启用,,,,否,否,13,自制,,2025-08-07 10:55:24
368,其他,7100001055,六线封箱机封胶带单元,,生产设备,个,,,,,0,已启用,启用,,,,否,否,13,自制,,2025-08-07 10:55:24
369,其他,7100001054,六线封箱机进箱滚轮输送,,生产设备,个,,,,,0,已启用,启用,,,,否,否,13,自制,,2025-08-07 10:55:24
370,其他,7100001053,三车间六线封箱机,,生产设备,个,,,,,0,已启用,启用,,,,否,否,13,自制,,2025-08-07 10:55:24
371,其他,7100001052,六线称重机传感器单元,,生产设备,个,,,,,0,已启用,启用,,,,否,否,13,自制,,2025-08-07 10:55:24
372,其他,7100001051,六线称重机箱输送单元,,生产设备,个,,,,,0,已启用,启用,,,,否,否,13,自制,,2025-08-07 10:55:24
373,其他,7100001050,六线称重机电气控制箱,,生产设备,个,,,,,0,已启用,启用,,,,否,否,13,自制,,2025-08-07 10:55:24
374,其他,7100001049,三车间六线自动检重称,,生产设备,个,,,,,0,已启用,启用,,,,否,否,13,自制,,2025-08-07 10:55:24
375,其他,7100001048,三车间六线烟雾净化器2,,生产设备,个,,,,,0,已启用,启用,,,,否,否,13,自制,,2025-08-07 10:55:24
376,其他,7100001047,六线外箱码激光机传感器单元,,生产设备,个,,,,,0,已启用,启用,,,,否,否,13,自制,,2025-08-07 10:55:24
377,其他,7100001046,六线外箱码激光机激光头单元,,生产设备,个,,,,,0,已启用,启用,,,,否,否,13,自制,,2025-08-07 10:55:24
378,其他,7100001045,六线外箱码激光机主控电脑,,生产设备,个,,,,,0,已启用,启用,,,,否,否,13,自制,,2025-08-07 10:55:24
379,其他,7100001044,三车间六线外箱激光机,,生产设备,个,,,,,0,已启用,启用,,,,否,否,13,自制,,2025-08-07 10:55:24
380,其他,7100001043,三车间六线码垛机组,,生产设备,个,,,,,0,已启用,启用,,,,否,否,13,自制,,2025-08-07 10:55:24
381,其他,7100001042,六线包装机成型单元,,生产设备,个,,,,,0,已启用,启用,,,,否,否,13,自制,,2025-08-07 10:55:24
382,其他,7100001041,六线包装机折叠单元,,生产设备,个,,,,,0,已启用,启用,,,,否,否,13,自制,,2025-08-07 10:55:24
383,其他,7100001040,六线包装机包装单元,,生产设备,个,,,,,0,已启用,启用,,,,否,否,13,自制,,2025-08-07 10:55:24
384,其他,7100001039,六线包装机热熔胶机,,生产设备,个,,,,,0,已启用,启用,,,,否,否,13,自制,,2025-08-07 10:55:24
385,其他,7100001038,六线包装机真空泵,,生产设备,个,,,,,0,已启用,启用,,,,否,否,13,自制,,2025-08-07 10:55:24
386,其他,7100001037,六线包装机分纸皮单元,,生产设备,个,,,,,0,已启用,启用,,,,否,否,13,自制,,2025-08-07 10:55:24
387,其他,7100001036,六线包装机进纸皮单元,,生产设备,个,,,,,0,已启用,启用,,,,否,否,13,自制,,2025-08-07 10:55:24
388,其他,7100001035,六线包装机纸皮输送系统,,生产设备,个,,,,,0,已启用,启用,,,,否,否,13,自制,,2025-08-07 10:55:24
389,其他,7100001034,六线包装机分瓶单元-2,,生产设备,个,,,,,0,已启用,启用,,,,否,否,13,自制,,2025-08-07 10:55:24
390,其他,7100001033,六线包装机进瓶单元-2,,生产设备,个,,,,,0,已启用,启用,,,,否,否,13,自制,,2025-08-07 10:55:24
391,其他,7100001032,六线包装机电气控制柜-2,,生产设备,个,,,,,0,已启用,启用,,,,否,否,13,自制,,2025-08-07 10:55:24
392,其他,7100001031,六线包装机分瓶单元,,生产设备,个,,,,,0,已启用,启用,,,,否,否,13,自制,,2025-08-07 10:55:24
393,其他,7100001030,六线包装机进瓶单元,,生产设备,个,,,,,0,已启用,启用,,,,否,否,13,自制,,2025-08-07 10:55:24
394,其他,7100001029,六线包装机电气控制柜,,生产设备,个,,,,,0,已启用,启用,,,,否,否,13,自制,,2025-08-07 10:55:24
395,其他,7100001028,三车间六线纸箱包装机,,生产设备,个,,,,,0,已启用,启用,,,,否,否,13,自制,,2025-08-07 10:55:24
396,其他,7100001027,六线热缩机收缩烘炉,,生产设备,个,,,,,0,已启用,启用,,,,否,否,13,自制,,2025-08-07 10:55:24
397,其他,7100001026,六线热缩机裹膜单元,,生产设备,个,,,,,0,已启用,启用,,,,否,否,13,自制,,2025-08-07 10:55:24
398,其他,7100001025,六线热缩机切膜单元,,生产设备,个,,,,,0,已启用,启用,,,,否,否,13,自制,,2025-08-07 10:55:24
399,其他,7100001024,六线热缩机上膜单元,,生产设备,个,,,,,0,已启用,启用,,,,否,否,13,自制,,2025-08-07 10:55:24
400,其他,7100001023,六线热缩机膜系统单元,,生产设备,个,,,,,0,已启用,启用,,,,否,否,13,自制,,2025-08-07 10:55:24
401,其他,7100001022,六线热缩机分瓶单元,,生产设备,个,,,,,0,已启用,启用,,,,否,否,13,自制,,2025-08-07 10:55:24
402,其他,7100001021,六线热缩机进瓶单元,,生产设备,个,,,,,0,已启用,启用,,,,否,否,13,自制,,2025-08-07 10:55:24
403,其他,7100001020,六线热缩机电气控制柜,,生产设备,个,,,,,0,已启用,启用,,,,否,否,13,自制,,2025-08-07 10:55:24
404,其他,7100001019,三车间六线缩膜包装机,,生产设备,个,,,,,0,已启用,启用,,,,否,否,13,自制,,2025-08-07 10:55:24
405,其他,7100001018,三车间六线倒罐检测机,,生产设备,个,,,,,0,已启用,启用,,,,否,否,13,自制,,2025-08-07 10:55:24
406,其他,7100001017,六线墨码机传感器单元,,生产设备,个,,,,,0,已启用,启用,,,,否,否,13,自制,,2025-08-07 10:55:24
407,其他,7100001016,六线墨码机喷头单元,,生产设备,个,,,,,0,已启用,启用,,,,否,否,13,自制,,2025-08-07 10:55:24
408,其他,7100001015,六线墨码机主控电脑,,生产设备,个,,,,,0,已启用,启用,,,,否,否,13,自制,,2025-08-07 10:55:24
409,其他,7100001014,三车间六线罐喷码检测机,,生产设备,个,,,,,0,已启用,启用,,,,否,否,13,自制,,2025-08-07 10:55:24
410,其他,7100001013,六线喷码检传感器单元,,生产设备,个,,,,,0,已启用,启用,,,,否,否,13,自制,,2025-08-07 10:55:24
411,其他,7100001012,六线喷码检测摄像机,,生产设备,个,,,,,0,已启用,启用,,,,否,否,13,自制,,2025-08-07 10:55:24
412,其他,7100001011,六线喷码检测主控电脑,,生产设备,个,,,,,0,已启用,启用,,,,否,否,13,自制,,2025-08-07 10:55:24
413,其他,7100001010,三车间六线喷码机,,生产设备,个,,,,,0,已启用,启用,,,,否,否,13,自制,,2025-08-07 10:55:24
414,其他,7100001009,六线异盖检传感器单元,,生产设备,个,,,,,0,已启用,启用,,,,否,否,13,自制,,2025-08-07 10:55:24
415,其他,7100001008,六线异盖检测摄像机,,生产设备,个,,,,,0,已启用,启用,,,,否,否,13,自制,,2025-08-07 10:55:24
416,其他,7100001007,六线异盖检测主控电脑,,生产设备,个,,,,,0,已启用,启用,,,,否,否,13,自制,,2025-08-07 10:55:24
417,其他,7100001006,三车间六线异类罐检测机,,生产设备,个,,,,,0,已启用,启用,,,,否,否,13,自制,,2025-08-07 10:55:24
418,其他,7100001005,风琴预过滤器-6,,生产设备,个,,,,,0,已启用,启用,,,,否,否,13,自制,,2025-08-07 10:55:24
419,其他,7100001004,风琴预过滤器-5,,生产设备,个,,,,,0,已启用,启用,,,,否,否,13,自制,,2025-08-07 10:55:24
420,其他,7100001003,主过滤器400-3,,生产设备,个,,,,,0,已启用,启用,,,,否,否,13,自制,,2025-08-07 10:55:24
421,其他,7100001002,三车间六线烟雾净化器1,,生产设备,个,,,,,0,已启用,启用,,,,否,否,13,自制,,2025-08-07 10:55:24
422,其他,7100001001,六线罐底码激光机传感器单元,,生产设备,个,,,,,0,已启用,启用,,,,否,否,13,自制,,2025-08-07 10:55:24
423,其他,7100001000,六线罐底码激光机激光头单元,,生产设备,个,,,,,0,已启用,启用,,,,否,否,13,自制,,2025-08-07 10:55:24
424,其他,7100000999,六线罐底码激光机主控电脑,,生产设备,个,,,,,0,已启用,启用,,,,否,否,13,自制,,2025-08-07 10:55:24
425,其他,7100000998,三车间六线罐底激光机,,生产设备,个,,,,,0,已启用,启用,,,,否,否,13,自制,,2025-08-07 10:55:24
426,其他,7100000997,六线内压检测仪支架,,生产设备,个,,,,,0,已启用,启用,,,,否,否,13,自制,,2025-08-07 10:55:24
427,其他,7100000996,三车间六线内压真空检测机,,生产设备,个,,,,,0,已启用,启用,,,,否,否,13,自制,,2025-08-07 10:55:24
428,其他,7100000995,三车间六线液位检测机,,生产设备,个,,,,,0,已启用,启用,,,,否,否,13,自制,,2025-08-07 10:55:24
429,其他,7100000994,六线液位检测传感器单元,,生产设备,个,,,,,0,已启用,启用,,,,否,否,13,自制,,2025-08-07 10:55:24
430,其他,7100000993,六线液位检测x射线源,,生产设备,个,,,,,0,已启用,启用,,,,否,否,13,自制,,2025-08-07 10:55:24
431,其他,7100000992,六线液位检测电气控制箱,,生产设备,个,,,,,0,已启用,启用,,,,否,否,13,自制,,2025-08-07 10:55:24
432,其他,7100000991,三车间六线液位检测机1,,生产设备,个,,,,,0,已启用,启用,,,,否,否,13,自制,,2025-08-07 10:55:24
433,其他,7100000990,六线冷却机罐输送单元,,生产设备,个,,,,,0,已启用,启用,,,,否,否,13,自制,,2025-08-07 10:55:24
434,其他,7100000989,六线冷却机水循环水泵,,生产设备,个,,,,,0,已启用,启用,,,,否,否,13,自制,,2025-08-07 10:55:24
435,其他,7100000988,六线冷却机冷却塔,,生产设备,个,,,,,0,已启用,启用,,,,否,否,13,自制,,2025-08-07 10:55:24
436,其他,7100000987,六线冷却机冷却水循环系统,,生产设备,个,,,,,0,已启用,启用,,,,否,否,13,自制,,2025-08-07 10:55:24
437,其他,7100000986,六线冷却机喷淋系统,,生产设备,个,,,,,0,已启用,启用,,,,否,否,13,自制,,2025-08-07 10:55:24
438,其他,7100000985,六线冷却机电气控制柜,,生产设备,个,,,,,0,已启用,启用,,,,否,否,13,自制,,2025-08-07 10:55:24
439,其他,7100000984,三车间六线冷罐机,,生产设备,个,,,,,0,已启用,启用,,,,否,否,13,自制,,2025-08-07 10:55:24
440,其他,7100000983,三车间六线打码机组,,生产设备,个,,,,,0,已启用,启用,,,,否,否,13,自制,,2025-08-07 10:55:24
441,其他,7100000982,六线封盖机润滑油泵,,生产设备,个,,,,,0,已启用,启用,,,,否,否,13,自制,,2025-08-07 10:55:24
442,其他,7100000981,六线封盖机拔杆链条,,生产设备,个,,,,,0,已启用,启用,,,,否,否,13,自制,,2025-08-07 10:55:24
443,其他,7100000980,六线封盖机驱动电机,,生产设备,个,,,,,0,已启用,启用,,,,否,否,13,自制,,2025-08-07 10:55:24
444,其他,7100000979,六线封盖机罐传送单元,,生产设备,个,,,,,0,已启用,启用,,,,否,否,13,自制,,2025-08-07 10:55:24
445,其他,7100000978,六线封盖机封盖单元,,生产设备,个,,,,,0,已启用,启用,,,,否,否,13,自制,,2025-08-07 10:55:24
446,其他,7100000977,六线封盖机下盖单元,,生产设备,个,,,,,0,已启用,启用,,,,否,否,13,自制,,2025-08-07 10:55:24
447,其他,7100000976,六线封盖机电气控制柜,,生产设备,个,,,,,0,已启用,启用,,,,否,否,13,自制,,2025-08-07 10:55:24
448,其他,7100000975,三车间六线封口机,,生产设备,个,,,,,0,已启用,启用,,,,否,否,13,自制,,2025-08-07 10:55:24
449,其他,7100000974,六线注氮机注氮控制,,生产设备,个,,,,,0,已启用,启用,,,,否,否,13,自制,,2025-08-07 10:55:24
450,其他,7100000973,六线注氮机支架,,生产设备,个,,,,,0,已启用,启用,,,,否,否,13,自制,,2025-08-07 10:55:24
451,其他,7100000972,六线真空会流排支架1,,生产设备,个,,,,,0,已启用,启用,,,,否,否,13,自制,,2025-08-07 10:55:24
452,其他,7100000971,六线真空汇流排,,生产设备,个,,,,,0,已启用,启用,,,,否,否,13,自制,,2025-08-07 10:55:24
453,其他,7100000970,六线注氮机进氮控制,,生产设备,个,,,,,0,已启用,启用,,,,否,否,13,自制,,2025-08-07 10:55:24
454,其他,7100000969,六线注氮机主体,,生产设备,个,,,,,0,已启用,启用,,,,否,否,13,自制,,2025-08-07 10:55:24
455,其他,7100000968,六线注氮机电气控制箱,,生产设备,个,,,,,0,已启用,启用,,,,否,否,13,自制,,2025-08-07 10:55:24
456,其他,7100000967,三车间六线注氮机,,生产设备,个,,,,,0,已启用,启用,,,,否,否,13,自制,,2025-08-07 10:55:24
457,其他,7100000966,六线灌装机驱动轴,,生产设备,个,,,,,0,已启用,启用,,,,否,否,13,自制,,2025-08-07 10:55:24
458,其他,7100000965,六线灌装机驱动自动润滑,,生产设备,个,,,,,0,已启用,启用,,,,否,否,13,自制,,2025-08-07 10:55:24
459,其他,7100000964,六线灌装机驱动传动,,生产设备,个,,,,,0,已启用,启用,,,,否,否,13,自制,,2025-08-07 10:55:24
460,其他,7100000963,六线灌装机灌注阀组,,生产设备,个,,,,,0,已启用,启用,,,,否,否,13,自制,,2025-08-07 10:55:24
461,其他,7100000962,六线灌装阀控制系统,,生产设备,个,,,,,0,已启用,启用,,,,否,否,13,自制,,2025-08-07 10:55:24
462,其他,7100000961,六线灌装机中央分配器,,生产设备,个,,,,,0,已启用,启用,,,,否,否,13,自制,,2025-08-07 10:55:24
463,其他,7100000960,六线灌装机外环缸,,生产设备,个,,,,,0,已启用,启用,,,,否,否,13,自制,,2025-08-07 10:55:24
464,其他,7100000959,六线灌装机内环缸,,生产设备,个,,,,,0,已启用,启用,,,,否,否,13,自制,,2025-08-07 10:55:24
465,其他,7100000958,六线灌装机环缸,,生产设备,个,,,,,0,已启用,启用,,,,否,否,13,自制,,2025-08-07 10:55:24
466,其他,7100000957,六线灌装阀回流缓冲缸,,生产设备,个,,,,,0,已启用,启用,,,,否,否,13,自制,,2025-08-07 10:55:24
467,其他,7100000956,六线灌装阀阵进料高位缸,,生产设备,个,,,,,0,已启用,启用,,,,否,否,13,自制,,2025-08-07 10:55:24
468,其他,7100000955,六线灌装阀阵气动控制柜,,生产设备,个,,,,,0,已启用,启用,,,,否,否,13,自制,,2025-08-07 10:55:24
469,其他,7100000954,六线灌装阀阵,,生产设备,个,,,,,0,已启用,启用,,,,否,否,13,自制,,2025-08-07 10:55:24
470,其他,7100000953,六线灌装机操作电柜,,生产设备,个,,,,,0,已启用,启用,,,,否,否,13,自制,,2025-08-07 10:55:24
471,其他,7100000952,六线灌装机旋转滑环电柜,,生产设备,个,,,,,0,已启用,启用,,,,否,否,13,自制,,2025-08-07 10:55:24
472,其他,7100000951,六线灌装机主控制电柜,,生产设备,个,,,,,0,已启用,启用,,,,否,否,13,自制,,2025-08-07 10:55:24
473,其他,7100000950,六线灌装机电气控制电柜,,生产设备,个,,,,,0,已启用,启用,,,,否,否,13,自制,,2025-08-07 10:55:24
474,其他,7100000949,三车间六线灌装机,,生产设备,个,,,,,0,已启用,启用,,,,否,否,13,自制,,2025-08-07 10:55:24
475,其他,7100000948,六线APV红牛过滤器,,生产设备,个,,,,,0,已启用,启用,,,,否,否,13,自制,,2025-08-07 10:55:24
476,其他,7100000947,六线APV红牛回流单元,,生产设备,个,,,,,0,已启用,启用,,,,否,否,13,自制,,2025-08-07 10:55:24
477,其他,7100000946,六线APV红牛加热单元,,生产设备,个,,,,,0,已启用,启用,,,,否,否,13,自制,,2025-08-07 10:55:24
478,其他,7100000945,六线APV制热水单元,,生产设备,个,,,,,0,已启用,启用,,,,否,否,13,自制,,2025-08-07 10:55:24
479,其他,7100000944,六线杀菌系统电气主控制柜,,生产设备,个,,,,,0,已启用,启用,,,,否,否,13,自制,,2025-08-07 10:55:24
480,其他,7100000943,三车间六线巴氏杀菌机,,生产设备,个,,,,,0,已启用,启用,,,,否,否,13,自制,,2025-08-07 10:55:24
481,其他,7100000942,三车间六线灌装机组,,生产设备,个,,,,,0,已启用,启用,,,,否,否,13,自制,,2025-08-07 10:55:24
482,其他,7100000941,六线空罐检测剔除单元,,生产设备,个,,,,,0,已启用,启用,,,,否,否,13,自制,,2025-08-07 10:55:24
483,其他,7100000940,六线空罐检测真空泵单元,,生产设备,个,,,,,0,已启用,启用,,,,否,否,13,自制,,2025-08-07 10:55:24
484,其他,7100000939,六线空罐检测检查摄像机,,生产设备,个,,,,,0,已启用,启用,,,,否,否,13,自制,,2025-08-07 10:55:24
485,其他,7100000938,六线空罐检测主控制电柜,,生产设备,个,,,,,0,已启用,启用,,,,否,否,13,自制,,2025-08-07 10:55:24
486,其他,7100000937,三车间六线空罐检验机,,生产设备,个,,,,,0,已启用,启用,,,,否,否,13,自制,,2025-08-07 10:55:24
487,其他,7100000936,六线洗罐水过滤装置,,生产设备,个,,,,,0,已启用,启用,,,,否,否,13,自制,,2025-08-07 10:55:24
488,其他,7100000935,六线一级循环水循环单元,,生产设备,个,,,,,0,已启用,启用,,,,否,否,13,自制,,2025-08-07 10:55:24
489,其他,7100000934,六线二级洗罐喷头组,,生产设备,个,,,,,0,已启用,启用,,,,否,否,13,自制,,2025-08-07 10:55:24
490,其他,7100000933,六线一级洗罐喷头组,,生产设备,个,,,,,0,已启用,启用,,,,否,否,13,自制,,2025-08-07 10:55:24
491,其他,7100000932,六线洗罐喷头组,,生产设备,个,,,,,0,已启用,启用,,,,否,否,13,自制,,2025-08-07 10:55:24
492,其他,7100000931,六线洗罐槽,,生产设备,个,,,,,0,已启用,启用,,,,否,否,13,自制,,2025-08-07 10:55:24
493,其他,7100000930,三车间六线洗罐槽,,生产设备,个,,,,,0,已启用,启用,,,,否,否,13,自制,,2025-08-07 10:55:24
494,其他,7100000929,六线卸垛机纸皮隔板仓,,生产设备,个,,,,,0,已启用,启用,,,,否,否,13,自制,,2025-08-07 10:55:24
495,其他,7100000928,六线卸垛机空垛盘输送系统,,生产设备,个,,,,,0,已启用,启用,,,,否,否,13,自制,,2025-08-07 10:55:24
496,其他,7100000927,六线卸垛机纸皮隔板旋转抓手,,生产设备,个,,,,,0,已启用,启用,,,,否,否,13,自制,,2025-08-07 10:55:24
497,其他,7100000926,六线卸垛机空罐推罐系统,,生产设备,个,,,,,0,已启用,启用,,,,否,否,13,自制,,2025-08-07 10:55:24
498,其他,7100000925,六线卸垛机空罐提升系统,,生产设备,个,,,,,0,已启用,启用,,,,否,否,13,自制,,2025-08-07 10:55:24
499,其他,7100000924,六线垛盘输送带,,生产设备,个,,,,,0,已启用,启用,,,,否,否,13,自制,,2025-08-07 10:55:24
500,其他,7100000923,六线卸垛机电气控制柜,,生产设备,个,,,,,0,已启用,启用,,,,否,否,13,自制,,2025-08-07 10:55:24
501,其他,7100000922,三车间六线卸垛机,,生产设备,个,,,,,0,已启用,启用,,,,否,否,13,自制,,2025-08-07 10:55:24
502,其他,7100000921,三车间六线卸垛机组,,生产设备,个,,,,,0,已启用,启用,,,,否,否,13,自制,,2025-08-07 10:55:24
503,其他,7100000920,五线封箱段输送链道,,生产设备,个,,,,,0,已启用,启用,,,,否,否,13,自制,,2025-08-07 10:55:24
504,其他,7100000919,五线箱码段输送链道,,生产设备,个,,,,,0,已启用,启用,,,,否,否,13,自制,,2025-08-07 10:55:24
505,其他,7100000918,五线箱输送链控制电柜,,生产设备,个,,,,,0,已启用,启用,,,,否,否,13,自制,,2025-08-07 10:55:24
506,其他,7100000917,三车间五线包装箱输送机,,生产设备,个,,,,,0,已启用,启用,,,,否,否,13,自制,,2025-08-07 10:55:24
507,其他,7100000916,五线膜包入口段输送链道,,生产设备,个,,,,,0,已启用,启用,,,,否,否,13,自制,,2025-08-07 10:55:24
508,其他,7100000915,五线打码段输送链道,,生产设备,个,,,,,0,已启用,启用,,,,否,否,13,自制,,2025-08-07 10:55:24
509,其他,7100000914,五线灌装出口段输送链道,,生产设备,个,,,,,0,已启用,启用,,,,否,否,13,自制,,2025-08-07 10:55:24
510,其他,7100000913,五线空罐无压输送链道,,生产设备,个,,,,,0,已启用,启用,,,,否,否,13,自制,,2025-08-07 10:55:24
511,其他,7100000912,五线罐输送带控制电柜,,生产设备,个,,,,,0,已启用,启用,,,,否,否,13,自制,,2025-08-07 10:55:24
512,其他,7100000911,三车间五线容器输送带,,生产设备,个,,,,,0,已启用,启用,,,,否,否,13,自制,,2025-08-07 10:55:24
513,其他,7100000910,三车间五线容器输送机,,生产设备,个,,,,,0,已启用,启用,,,,否,否,13,自制,,2025-08-07 10:55:24
514,其他,7100000909,三车间五线输送链道,,生产设备,个,,,,,0,已启用,启用,,,,否,否,13,自制,,2025-08-07 10:55:24
515,其他,7100000908,五线垛盘输送链道,,生产设备,个,,,,,0,已启用,启用,,,,否,否,13,自制,,2025-08-07 10:55:24
516,其他,7100000907,五线码垛垛盘仓,,生产设备,个,,,,,0,已启用,启用,,,,否,否,13,自制,,2025-08-07 10:55:24
517,其他,7100000906,五线码垛机托盘输送单元,,生产设备,个,,,,,0,已启用,启用,,,,否,否,13,自制,,2025-08-07 10:55:24
518,其他,7100000905,五线码垛机机器人机身D轴,,生产设备,个,,,,,0,已启用,启用,,,,否,否,13,自制,,2025-08-07 10:55:24
519,其他,7100000904,五线码垛机机器人机身C轴,,生产设备,个,,,,,0,已启用,启用,,,,否,否,13,自制,,2025-08-07 10:55:24
520,其他,7100000903,五线码垛机机器人机身B轴,,生产设备,个,,,,,0,已启用,启用,,,,否,否,13,自制,,2025-08-07 10:55:24
521,其他,7100000902,五线码垛机机器人抓手A轴,,生产设备,个,,,,,0,已启用,启用,,,,否,否,13,自制,,2025-08-07 10:55:24
522,其他,7100000901,五线码垛机机器人,,生产设备,个,,,,,0,已启用,启用,,,,否,否,13,自制,,2025-08-07 10:55:24
523,其他,7100000900,五线码垛机抓取分箱单元,,生产设备,个,,,,,0,已启用,启用,,,,否,否,13,自制,,2025-08-07 10:55:24
524,其他,7100000899,五线码垛机进箱输送链道,,生产设备,个,,,,,0,已启用,启用,,,,否,否,13,自制,,2025-08-07 10:55:24
525,其他,7100000898,五线码垛机输送链道控制柜,,生产设备,个,,,,,0,已启用,启用,,,,否,否,13,自制,,2025-08-07 10:55:24
526,其他,7100000897,五线码垛机机器人控制柜,,生产设备,个,,,,,0,已启用,启用,,,,否,否,13,自制,,2025-08-07 10:55:24
527,其他,7100000896,五线码垛机电气控制柜,,生产设备,个,,,,,0,已启用,启用,,,,否,否,13,自制,,2025-08-07 10:55:24
528,其他,7100000895,三车间五线码垛机器人,,生产设备,个,,,,,0,已启用,启用,,,,否,否,13,自制,,2025-08-07 10:55:24
529,其他,7100000894,五线侧式封箱机,,生产设备,个,,,,,0,已启用,启用,,,,否,否,13,自制,,2025-08-07 10:55:24
530,其他,7100000893,五线封箱输送线,,生产设备,个,,,,,0,已启用,启用,,,,否,否,13,自制,,2025-08-07 10:55:24
531,其他,7100000892,五线封箱机封胶带单元,,生产设备,个,,,,,0,已启用,启用,,,,否,否,13,自制,,2025-08-07 10:55:24
532,其他,7100000891,五线封箱机进箱滚轮输送,,生产设备,个,,,,,0,已启用,启用,,,,否,否,13,自制,,2025-08-07 10:55:24
533,其他,7100000890,三车间五线封箱机,,生产设备,个,,,,,0,已启用,启用,,,,否,否,13,自制,,2025-08-07 10:55:24
534,其他,7100000889,五线称重机传感器单元,,生产设备,个,,,,,0,已启用,启用,,,,否,否,13,自制,,2025-08-07 10:55:24
535,其他,7100000888,五线称重机箱输送单元,,生产设备,个,,,,,0,已启用,启用,,,,否,否,13,自制,,2025-08-07 10:55:24
536,其他,7100000887,五线称重机电气控制箱,,生产设备,个,,,,,0,已启用,启用,,,,否,否,13,自制,,2025-08-07 10:55:24
537,其他,7100000886,三车间五线自动检重称,,生产设备,个,,,,,0,已启用,启用,,,,否,否,13,自制,,2025-08-07 10:55:24
538,其他,7100000885,三车间五线烟雾净化器2,,生产设备,个,,,,,0,已启用,启用,,,,否,否,13,自制,,2025-08-07 10:55:24
539,其他,7100000884,五线外箱码激光机传感器单元,,生产设备,个,,,,,0,已启用,启用,,,,否,否,13,自制,,2025-08-07 10:55:24
540,其他,7100000883,五线外箱码激光机激光头单元,,生产设备,个,,,,,0,已启用,启用,,,,否,否,13,自制,,2025-08-07 10:55:24
541,其他,7100000882,五线外箱码激光机主控电脑,,生产设备,个,,,,,0,已启用,启用,,,,否,否,13,自制,,2025-08-07 10:55:24
542,其他,7100000881,三车间五线外箱激光机,,生产设备,个,,,,,0,已启用,启用,,,,否,否,13,自制,,2025-08-07 10:55:24
543,其他,7100000880,三车间五线码垛机组,,生产设备,个,,,,,0,已启用,启用,,,,否,否,13,自制,,2025-08-07 10:55:24
544,其他,7100000879,五线包装机成型单元,,生产设备,个,,,,,0,已启用,启用,,,,否,否,13,自制,,2025-08-07 10:55:24
545,其他,7100000878,五线包装机折叠单元,,生产设备,个,,,,,0,已启用,启用,,,,否,否,13,自制,,2025-08-07 10:55:24
546,其他,7100000877,五线包装机包装单元,,生产设备,个,,,,,0,已启用,启用,,,,否,否,13,自制,,2025-08-07 10:55:24
547,其他,7100000876,五线包装机热熔胶机,,生产设备,个,,,,,0,已启用,启用,,,,否,否,13,自制,,2025-08-07 10:55:24
548,其他,7100000875,五线包装机真空泵,,生产设备,个,,,,,0,已启用,启用,,,,否,否,13,自制,,2025-08-07 10:55:24
549,其他,7100000874,五线包装机分纸皮单元,,生产设备,个,,,,,0,已启用,启用,,,,否,否,13,自制,,2025-08-07 10:55:24
550,其他,7100000873,五线包装机进纸皮单元,,生产设备,个,,,,,0,已启用,启用,,,,否,否,13,自制,,2025-08-07 10:55:24
551,其他,7100000872,五线包装机纸皮输送系统,,生产设备,个,,,,,0,已启用,启用,,,,否,否,13,自制,,2025-08-07 10:55:24
552,其他,7100000871,五线包装机分瓶单元-2,,生产设备,个,,,,,0,已启用,启用,,,,否,否,13,自制,,2025-08-07 10:55:24
553,其他,7100000870,五线包装机进瓶单元-2,,生产设备,个,,,,,0,已启用,启用,,,,否,否,13,自制,,2025-08-07 10:55:24
554,其他,7100000869,五线包装机电气控制柜-2,,生产设备,个,,,,,0,已启用,启用,,,,否,否,13,自制,,2025-08-07 10:55:24
555,其他,7100000868,五线包装机分瓶单元,,生产设备,个,,,,,0,已启用,启用,,,,否,否,13,自制,,2025-08-07 10:55:24
556,其他,7100000867,五线包装机进瓶单元,,生产设备,个,,,,,0,已启用,启用,,,,否,否,13,自制,,2025-08-07 10:55:24
557,其他,7100000866,五线包装机电气控制柜,,生产设备,个,,,,,0,已启用,启用,,,,否,否,13,自制,,2025-08-07 10:55:24
558,其他,7100000865,三车间五线纸箱包装机,,生产设备,个,,,,,0,已启用,启用,,,,否,否,13,自制,,2025-08-07 10:55:24
559,其他,7100000864,五线热缩机收缩烘炉,,生产设备,个,,,,,0,已启用,启用,,,,否,否,13,自制,,2025-08-07 10:55:24
560,其他,7100000863,五线热缩机裹膜单元,,生产设备,个,,,,,0,已启用,启用,,,,否,否,13,自制,,2025-08-07 10:55:24
561,其他,7100000862,五线热缩机切膜单元,,生产设备,个,,,,,0,已启用,启用,,,,否,否,13,自制,,2025-08-07 10:55:24
562,其他,7100000861,五线热缩机上膜单元,,生产设备,个,,,,,0,已启用,启用,,,,否,否,13,自制,,2025-08-07 10:55:24
563,其他,7100000860,五线热缩机膜系统单元,,生产设备,个,,,,,0,已启用,启用,,,,否,否,13,自制,,2025-08-07 10:55:24
564,其他,7100000859,五线热缩机分瓶单元,,生产设备,个,,,,,0,已启用,启用,,,,否,否,13,自制,,2025-08-07 10:55:24
565,其他,7100000858,五线热缩机进瓶单元,,生产设备,个,,,,,0,已启用,启用,,,,否,否,13,自制,,2025-08-07 10:55:24
566,其他,7100000857,五线热缩机电气控制柜,,生产设备,个,,,,,0,已启用,启用,,,,否,否,13,自制,,2025-08-07 10:55:24
567,其他,7100000856,三车间五线热缩包装机,,生产设备,个,,,,,0,已启用,启用,,,,否,否,13,自制,,2025-08-07 10:55:24
568,其他,7100000855,内压检测仪支架,,生产设备,个,,,,,0,已启用,启用,,,,否,否,13,自制,,2025-08-07 10:55:24
569,其他,7100000854,三车间五线内压真空检测机,,生产设备,个,,,,,0,已启用,启用,,,,否,否,13,自制,,2025-08-07 10:55:24
570,其他,7100000853,三车间五线倒罐检测机,,生产设备,个,,,,,0,已启用,启用,,,,否,否,13,自制,,2025-08-07 10:55:24
571,其他,7100000852,五线喷码检传感器单元,,生产设备,个,,,,,0,已启用,启用,,,,否,否,13,自制,,2025-08-07 10:55:24
572,其他,7100000851,五线喷码检测摄像机,,生产设备,个,,,,,0,已启用,启用,,,,否,否,13,自制,,2025-08-07 10:55:24
573,其他,7100000850,五线喷码检测主控电脑,,生产设备,个,,,,,0,已启用,启用,,,,否,否,13,自制,,2025-08-07 10:55:24
574,其他,7100000849,三车间五线罐喷码检测机,,生产设备,个,,,,,0,已启用,启用,,,,否,否,13,自制,,2025-08-07 10:55:24
575,其他,7100000848,五线墨码机传感器单元,,生产设备,个,,,,,0,已启用,启用,,,,否,否,13,自制,,2025-08-07 10:55:24
576,其他,7100000847,五线墨码机喷头单元,,生产设备,个,,,,,0,已启用,启用,,,,否,否,13,自制,,2025-08-07 10:55:24
577,其他,7100000846,五线墨码机主控电脑,,生产设备,个,,,,,0,已启用,启用,,,,否,否,13,自制,,2025-08-07 10:55:24
578,其他,7100000845,三车间五线喷码机,,生产设备,个,,,,,0,已启用,启用,,,,否,否,13,自制,,2025-08-07 10:55:24
579,其他,7100000844,五线异盖检传感器单元,,生产设备,个,,,,,0,已启用,启用,,,,否,否,13,自制,,2025-08-07 10:55:24
580,其他,7100000843,五线异盖检测摄像机,,生产设备,个,,,,,0,已启用,启用,,,,否,否,13,自制,,2025-08-07 10:55:24
581,其他,7100000842,五线异盖检测主控电脑,,生产设备,个,,,,,0,已启用,启用,,,,否,否,13,自制,,2025-08-07 10:55:24
582,其他,7100000841,三车间五线异类罐检测机,,生产设备,个,,,,,0,已启用,启用,,,,否,否,13,自制,,2025-08-07 10:55:24
583,其他,7100000840,风琴预过滤器-2,,生产设备,个,,,,,0,已启用,启用,,,,否,否,13,自制,,2025-08-07 10:55:24
584,其他,7100000839,风琴预过滤器,,生产设备,个,,,,,0,已启用,启用,,,,否,否,13,自制,,2025-08-07 10:55:24
585,其他,7100000838,主过滤器400,,生产设备,个,,,,,0,已启用,启用,,,,否,否,13,自制,,2025-08-07 10:55:24
586,其他,7100000837,三车间五线烟雾净化器1,,生产设备,个,,,,,0,已启用,启用,,,,否,否,13,自制,,2025-08-07 10:55:24
587,其他,7100000836,五线罐底码激光机传感器单元,,生产设备,个,,,,,0,已启用,启用,,,,否,否,13,自制,,2025-08-07 10:55:24
588,其他,7100000835,五线罐底码激光机激光头单元,,生产设备,个,,,,,0,已启用,启用,,,,否,否,13,自制,,2025-08-07 10:55:24
589,其他,7100000834,五线罐底码激光机主控电脑,,生产设备,个,,,,,0,已启用,启用,,,,否,否,13,自制,,2025-08-07 10:55:24
590,其他,7100000833,三车间五线罐底激光机,,生产设备,个,,,,,0,已启用,启用,,,,否,否,13,自制,,2025-08-07 10:55:24
591,其他,7100000832,三车间五线液位检测机2,,生产设备,个,,,,,0,已启用,启用,,,,否,否,13,自制,,2025-08-07 10:55:24
592,其他,7100000831,五线液位检测传感器单元,,生产设备,个,,,,,0,已启用,启用,,,,否,否,13,自制,,2025-08-07 10:55:24
593,其他,7100000830,五线液位检测x射线源,,生产设备,个,,,,,0,已启用,启用,,,,否,否,13,自制,,2025-08-07 10:55:24
594,其他,7100000829,五线液位检测电气控制箱,,生产设备,个,,,,,0,已启用,启用,,,,否,否,13,自制,,2025-08-07 10:55:24
595,其他,7100000828,三车间五线液位检测机1,,生产设备,个,,,,,0,已启用,启用,,,,否,否,13,自制,,2025-08-07 10:55:24
596,其他,7100000827,五线冷却机罐输送单元,,生产设备,个,,,,,0,已启用,启用,,,,否,否,13,自制,,2025-08-07 10:55:24
597,其他,7100000826,五线冷却机水循环水泵,,生产设备,个,,,,,0,已启用,启用,,,,否,否,13,自制,,2025-08-07 10:55:24
598,其他,7100000825,五线冷却机冷却塔,,生产设备,个,,,,,0,已启用,启用,,,,否,否,13,自制,,2025-08-07 10:55:24
599,其他,7100000824,五线冷却机冷却水循环系统,,生产设备,个,,,,,0,已启用,启用,,,,否,否,13,自制,,2025-08-07 10:55:24
600,其他,7100000823,五线冷却机喷淋系统,,生产设备,个,,,,,0,已启用,启用,,,,否,否,13,自制,,2025-08-07 10:55:24
601,其他,7100000822,五线冷却机电气控制柜,,生产设备,个,,,,,0,已启用,启用,,,,否,否,13,自制,,2025-08-07 10:55:24
602,其他,7100000821,三车间五线冷罐机,,生产设备,个,,,,,0,已启用,启用,,,,否,否,13,自制,,2025-08-07 10:55:24
603,其他,7100000820,三车间五线打码机组,,生产设备,个,,,,,0,已启用,启用,,,,否,否,13,自制,,2025-08-07 10:55:24
604,其他,7100000819,五线封盖机润滑油泵,,生产设备,个,,,,,0,已启用,启用,,,,否,否,13,自制,,2025-08-07 10:55:24
605,其他,7100000818,五线封盖机拔杆链条,,生产设备,个,,,,,0,已启用,启用,,,,否,否,13,自制,,2025-08-07 10:55:24
606,其他,7100000817,五线封盖机驱动电机,,生产设备,个,,,,,0,已启用,启用,,,,否,否,13,自制,,2025-08-07 10:55:24
607,其他,7100000816,五线封盖机罐传送单元,,生产设备,个,,,,,0,已启用,启用,,,,否,否,13,自制,,2025-08-07 10:55:24
608,其他,7100000815,五线封盖机封盖单元,,生产设备,个,,,,,0,已启用,启用,,,,否,否,13,自制,,2025-08-07 10:55:24
609,其他,7100000814,五线封盖机下盖单元,,生产设备,个,,,,,0,已启用,启用,,,,否,否,13,自制,,2025-08-07 10:55:24
610,其他,7100000813,五线封盖机电气控制柜,,生产设备,个,,,,,0,已启用,启用,,,,否,否,13,自制,,2025-08-07 10:55:24
611,其他,7100000812,三车间五线封口机,,生产设备,个,,,,,0,已启用,启用,,,,否,否,13,自制,,2025-08-07 10:55:24
612,其他,7100000811,五线注氮机注氮控制,,生产设备,个,,,,,0,已启用,启用,,,,否,否,13,自制,,2025-08-07 10:55:24
613,其他,7100000810,五线注氮机支架,,生产设备,个,,,,,0,已启用,启用,,,,否,否,13,自制,,2025-08-07 10:55:24
614,其他,7100000809,五线真空会流排支架1,,生产设备,个,,,,,0,已启用,启用,,,,否,否,13,自制,,2025-08-07 10:55:24
615,其他,7100000808,五线真空汇流排,,生产设备,个,,,,,0,已启用,启用,,,,否,否,13,自制,,2025-08-07 10:55:24
616,其他,7100000807,五线注氮机进氮控制,,生产设备,个,,,,,0,已启用,启用,,,,否,否,13,自制,,2025-08-07 10:55:24
617,其他,7100000806,五线注氮机主体,,生产设备,个,,,,,0,已启用,启用,,,,否,否,13,自制,,2025-08-07 10:55:24
618,其他,7100000805,五线注氮机电气控制箱,,生产设备,个,,,,,0,已启用,启用,,,,否,否,13,自制,,2025-08-07 10:55:24
619,其他,7100000804,三车间五线注氮机,,生产设备,个,,,,,0,已启用,启用,,,,否,否,13,自制,,2025-08-07 10:55:24
620,其他,7100000803,五线灌装机驱动轴,,生产设备,个,,,,,0,已启用,启用,,,,否,否,13,自制,,2025-08-07 10:55:24
621,其他,7100000802,五线灌装机驱动自动润滑,,生产设备,个,,,,,0,已启用,启用,,,,否,否,13,自制,,2025-08-07 10:55:24
622,其他,7100000801,五线灌装机驱动传动,,生产设备,个,,,,,0,已启用,启用,,,,否,否,13,自制,,2025-08-07 10:55:24
623,其他,7100000800,五线灌装机灌注阀组,,生产设备,个,,,,,0,已启用,启用,,,,否,否,13,自制,,2025-08-07 10:55:24
624,其他,7100000799,五线灌装阀控制系统,,生产设备,个,,,,,0,已启用,启用,,,,否,否,13,自制,,2025-08-07 10:55:24
625,其他,7100000798,五线灌装机中央分配器,,生产设备,个,,,,,0,已启用,启用,,,,否,否,13,自制,,2025-08-07 10:55:24
626,其他,7100000797,五线灌装机外环缸,,生产设备,个,,,,,0,已启用,启用,,,,否,否,13,自制,,2025-08-07 10:55:24
627,其他,7100000796,五线灌装机内环缸,,生产设备,个,,,,,0,已启用,启用,,,,否,否,13,自制,,2025-08-07 10:55:24
628,其他,7100000795,五线灌装机环缸,,生产设备,个,,,,,0,已启用,启用,,,,否,否,13,自制,,2025-08-07 10:55:24
629,其他,7100000794,五线灌装阀回流缓冲缸,,生产设备,个,,,,,0,已启用,启用,,,,否,否,13,自制,,2025-08-07 10:55:24
630,其他,7100000793,五线灌装阀阵进料高位缸,,生产设备,个,,,,,0,已启用,启用,,,,否,否,13,自制,,2025-08-07 10:55:24
631,其他,7100000792,五线灌装阀阵气动控制柜,,生产设备,个,,,,,0,已启用,启用,,,,否,否,13,自制,,2025-08-07 10:55:24
632,其他,7100000791,五线灌装阀阵,,生产设备,个,,,,,0,已启用,启用,,,,否,否,13,自制,,2025-08-07 10:55:24
633,其他,7100000790,五线灌装机操作电柜,,生产设备,个,,,,,0,已启用,启用,,,,否,否,13,自制,,2025-08-07 10:55:24
634,其他,7100000789,五线灌装机旋转滑环电柜,,生产设备,个,,,,,0,已启用,启用,,,,否,否,13,自制,,2025-08-07 10:55:24
635,其他,7100000788,五线灌装机主控制电柜,,生产设备,个,,,,,0,已启用,启用,,,,否,否,13,自制,,2025-08-07 10:55:24
636,其他,7100000787,五线灌装机电气控制电柜,,生产设备,个,,,,,0,已启用,启用,,,,否,否,13,自制,,2025-08-07 10:55:24
637,其他,7100000786,三车间五线灌装机,,生产设备,个,,,,,0,已启用,启用,,,,否,否,13,自制,,2025-08-07 10:55:24
638,其他,7100000785,五线APV红牛过滤器,,生产设备,个,,,,,0,已启用,启用,,,,否,否,13,自制,,2025-08-07 10:55:24
639,其他,7100000784,五线APV红牛回流单元,,生产设备,个,,,,,0,已启用,启用,,,,否,否,13,自制,,2025-08-07 10:55:24
640,其他,7100000783,五线APV红牛加热单元,,生产设备,个,,,,,0,已启用,启用,,,,否,否,13,自制,,2025-08-07 10:55:24
641,其他,7100000782,五线APV制热水单元,,生产设备,个,,,,,0,已启用,启用,,,,否,否,13,自制,,2025-08-07 10:55:24
642,其他,7100000781,五线杀菌系统电气主控制柜,,生产设备,个,,,,,0,已启用,启用,,,,否,否,13,自制,,2025-08-07 10:55:24
643,其他,7100000780,三车间五线巴氏杀菌机,,生产设备,个,,,,,0,已启用,启用,,,,否,否,13,自制,,2025-08-07 10:55:24
644,其他,7100000779,三车间五线灌装机组,,生产设备,个,,,,,0,已启用,启用,,,,否,否,13,自制,,2025-08-07 10:55:24
645,其他,7100000778,五线空罐检测剔除单元,,生产设备,个,,,,,0,已启用,启用,,,,否,否,13,自制,,2025-08-07 10:55:24
646,其他,7100000777,五线空罐检测真空泵单元,,生产设备,个,,,,,0,已启用,启用,,,,否,否,13,自制,,2025-08-07 10:55:24
647,其他,7100000776,五线空罐检测检查摄像机,,生产设备,个,,,,,0,已启用,启用,,,,否,否,13,自制,,2025-08-07 10:55:24
648,其他,7100000775,五线空罐检测主控制电柜,,生产设备,个,,,,,0,已启用,启用,,,,否,否,13,自制,,2025-08-07 10:55:24
649,其他,7100000774,三车间五线空罐检验机,,生产设备,个,,,,,0,已启用,启用,,,,否,否,13,自制,,2025-08-07 10:55:24
650,其他,7100000773,五线洗罐水过滤装置,,生产设备,个,,,,,0,已启用,启用,,,,否,否,13,自制,,2025-08-07 10:55:24
651,其他,7100000772,五线一级循环水循环单元,,生产设备,个,,,,,0,已启用,启用,,,,否,否,13,自制,,2025-08-07 10:55:24
652,其他,7100000771,五线二级洗罐喷头组,,生产设备,个,,,,,0,已启用,启用,,,,否,否,13,自制,,2025-08-07 10:55:24
653,其他,7100000770,五线一级洗罐喷头组,,生产设备,个,,,,,0,已启用,启用,,,,否,否,13,自制,,2025-08-07 10:55:24
654,其他,7100000769,五线洗罐喷头组,,生产设备,个,,,,,0,已启用,启用,,,,否,否,13,自制,,2025-08-07 10:55:24
655,其他,7100000768,五线洗罐槽,,生产设备,个,,,,,0,已启用,启用,,,,否,否,13,自制,,2025-08-07 10:55:24
656,其他,7100000767,三车间五线洗罐槽,,生产设备,个,,,,,0,已启用,启用,,,,否,否,13,自制,,2025-08-07 10:55:24
657,其他,7100000766,五线卸垛机纸皮隔板仓,,生产设备,个,,,,,0,已启用,启用,,,,否,否,13,自制,,2025-08-07 10:55:24
658,其他,7100000765,五线卸垛机空垛盘输送系统,,生产设备,个,,,,,0,已启用,启用,,,,否,否,13,自制,,2025-08-07 10:55:24
659,其他,7100000764,五线卸垛机纸皮隔板旋转抓手,,生产设备,个,,,,,0,已启用,启用,,,,否,否,13,自制,,2025-08-07 10:55:24
660,其他,7100000763,五线卸垛机空罐推罐系统,,生产设备,个,,,,,0,已启用,启用,,,,否,否,13,自制,,2025-08-07 10:55:24
661,其他,7100000762,五线卸垛机空罐提升系统,,生产设备,个,,,,,0,已启用,启用,,,,否,否,13,自制,,2025-08-07 10:55:24
662,其他,7100000761,五线垛盘输送带,,生产设备,个,,,,,0,已启用,启用,,,,否,否,13,自制,,2025-08-07 10:55:24
663,其他,7100000760,五线卸垛机电气控制柜,,生产设备,个,,,,,0,已启用,启用,,,,否,否,13,自制,,2025-08-07 10:55:24
664,其他,7100000759,三车间五线卸垛机,,生产设备,个,,,,,0,已启用,启用,,,,否,否,13,自制,,2025-08-07 10:55:24
665,其他,7100000758,三车间五线卸垛机组,,生产设备,个,,,,,0,已启用,启用,,,,否,否,13,自制,,2025-08-07 10:55:24
666,其他,7100000757,三车间配料自动控制电柜,,生产设备,个,,,,,0,已启用,启用,,,,否,否,13,自制,,2025-08-07 10:55:24
667,其他,7100000756,三车间配料辅助设备（自控系统）,,生产设备,个,,,,,0,已启用,启用,,,,否,否,13,自制,,2025-08-07 10:55:24
668,其他,7100000755,三车间配料工艺管道安装(非物料系统),,生产设备,个,,,,,0,已启用,启用,,,,否,否,13,自制,,2025-08-07 10:55:24
669,其他,7100000754,三车间配料工艺管道安装(物料系统),,生产设备,个,,,,,0,已启用,启用,,,,否,否,13,自制,,2025-08-07 10:55:24
670,其他,7100000753,三车间配料辅助设备（工艺管道）,,生产设备,个,,,,,0,已启用,启用,,,,否,否,13,自制,,2025-08-07 10:55:24
671,其他,7100000752,三车间配料系统配套水泵,,生产设备,个,,,,,0,已启用,启用,,,,否,否,13,自制,,2025-08-07 10:55:24
672,其他,7100000751,三车间配料内316外307成品罐,,生产设备,个,,,,,0,已启用,启用,,,,否,否,13,自制,,2025-08-07 10:55:24
673,其他,7100000750,三车间配料内316外306成品罐,,生产设备,个,,,,,0,已启用,启用,,,,否,否,13,自制,,2025-08-07 10:55:24
674,其他,7100000749,三车间配料内316外305成品罐,,生产设备,个,,,,,0,已启用,启用,,,,否,否,13,自制,,2025-08-07 10:55:24
675,其他,7100000748,三车间配料内316外304成品罐,,生产设备,个,,,,,0,已启用,启用,,,,否,否,13,自制,,2025-08-07 10:55:24
676,其他,7100000747,三车间配料辅助设备（成品系统）,,生产设备,个,,,,,0,已启用,启用,,,,否,否,13,自制,,2025-08-07 10:55:24
677,其他,7100000746,三车间配料成品系统,,生产设备,个,,,,,0,已启用,启用,,,,否,否,13,自制,,2025-08-07 10:55:24
678,其他,7100000745,三车间配料内316外304配料罐-2,,生产设备,个,,,,,0,已启用,启用,,,,否,否,13,自制,,2025-08-07 10:55:24
679,其他,7100000744,三车间配料内316外304配料罐,,生产设备,个,,,,,0,已启用,启用,,,,否,否,13,自制,,2025-08-07 10:55:24
680,其他,7100000743,三车间配料辅助设备（配料系统）,,生产设备,个,,,,,0,已启用,启用,,,,否,否,13,自制,,2025-08-07 10:55:24
681,其他,7100000742,三车间配料系统-2,,生产设备,个,,,,,0,已启用,启用,,,,否,否,13,自制,,2025-08-07 10:55:24
682,其他,7100000741,三车间配料内316外304化糖罐2,,生产设备,个,,,,,0,已启用,启用,,,,否,否,13,自制,,2025-08-07 10:55:24
683,其他,7100000740,三车间配料内316外304化糖罐1,,生产设备,个,,,,,0,已启用,启用,,,,否,否,13,自制,,2025-08-07 10:55:24
684,其他,7100000739,三车间配料辅助设备（熔糖系统）,,生产设备,个,,,,,0,已启用,启用,,,,否,否,13,自制,,2025-08-07 10:55:24
685,其他,7100000738,三车间化糖系统,,生产设备,个,,,,,0,已启用,启用,,,,否,否,13,自制,,2025-08-07 10:55:24
686,其他,7100000737,三车间配料内316外304热水罐,,生产设备,个,,,,,0,已启用,启用,,,,否,否,13,自制,,2025-08-07 10:55:24
687,其他,7100000736,三车间配料辅助设备（热水系统）,,生产设备,个,,,,,0,已启用,启用,,,,否,否,13,自制,,2025-08-07 10:55:24
688,其他,7100000735,三车间配料内316外304冷水罐,,生产设备,个,,,,,0,已启用,启用,,,,否,否,13,自制,,2025-08-07 10:55:24
689,其他,7100000734,三车间配料辅助设备（冷水系统）,,生产设备,个,,,,,0,已启用,启用,,,,否,否,13,自制,,2025-08-07 10:55:24
690,其他,7100000733,三车间RO水系统,,生产设备,个,,,,,0,已启用,启用,,,,否,否,13,自制,,2025-08-07 10:55:24
691,其他,7100000732,三车间配料系统,,生产设备,个,,,,,0,已启用,启用,,,,否,否,13,自制,,2025-08-07 10:55:24
692,其他,7100000731,四线封箱段输送链道,,生产设备,个,,,,,0,已启用,启用,,,,否,否,13,自制,,2025-08-07 10:55:24
693,其他,7100000730,四线箱码段输送链道,,生产设备,个,,,,,0,已启用,启用,,,,否,否,13,自制,,2025-08-07 10:55:24
694,其他,7100000729,四线箱输送链控制电柜,,生产设备,个,,,,,0,已启用,启用,,,,否,否,13,自制,,2025-08-07 10:55:24
695,其他,7100000728,二车间四线包装箱输送带,,生产设备,个,,,,,0,已启用,启用,,,,否,否,13,自制,,2025-08-07 10:55:24
696,其他,7100000727,四线膜包入口段输送链道,,生产设备,个,,,,,0,已启用,启用,,,,否,否,13,自制,,2025-08-07 10:55:24
697,其他,7100000726,四线打码段输送链道,,生产设备,个,,,,,0,已启用,启用,,,,否,否,13,自制,,2025-08-07 10:55:24
698,其他,7100000725,四线灌装出口段输送链道,,生产设备,个,,,,,0,已启用,启用,,,,否,否,13,自制,,2025-08-07 10:55:24
699,其他,7100000724,四线空罐无压输送链道,,生产设备,个,,,,,0,已启用,启用,,,,否,否,13,自制,,2025-08-07 10:55:24
700,其他,7100000723,四线罐输送带控制电柜,,生产设备,个,,,,,0,已启用,启用,,,,否,否,13,自制,,2025-08-07 10:55:24
701,其他,7100000722,二车间四线容器输送带,,生产设备,个,,,,,0,已启用,启用,,,,否,否,13,自制,,2025-08-07 10:55:24
702,其他,7100000721,二车间四线容器输送机,,生产设备,个,,,,,0,已启用,启用,,,,否,否,13,自制,,2025-08-07 10:55:24
703,其他,7100000720,二车间四线输送链道,,生产设备,个,,,,,0,已启用,启用,,,,否,否,13,自制,,2025-08-07 10:55:24
704,其他,7100000719,四线垛盘输送链道,,生产设备,个,,,,,0,已启用,启用,,,,否,否,13,自制,,2025-08-07 10:55:24
705,其他,7100000718,四线码垛垛盘仓,,生产设备,个,,,,,0,已启用,启用,,,,否,否,13,自制,,2025-08-07 10:55:24
706,其他,7100000717,四线码垛机托盘输送单元,,生产设备,个,,,,,0,已启用,启用,,,,否,否,13,自制,,2025-08-07 10:55:24
707,其他,7100000716,四线码垛机机器人机身D轴,,生产设备,个,,,,,0,已启用,启用,,,,否,否,13,自制,,2025-08-07 10:55:24
708,其他,7100000715,四线码垛机机器人机身C轴,,生产设备,个,,,,,0,已启用,启用,,,,否,否,13,自制,,2025-08-07 10:55:24
709,其他,7100000714,四线码垛机机器人机身B轴,,生产设备,个,,,,,0,已启用,启用,,,,否,否,13,自制,,2025-08-07 10:55:24
710,其他,7100000713,四线码垛机机器人抓手A轴,,生产设备,个,,,,,0,已启用,启用,,,,否,否,13,自制,,2025-08-07 10:55:24
711,其他,7100000712,四线码垛机机器人,,生产设备,个,,,,,0,已启用,启用,,,,否,否,13,自制,,2025-08-07 10:55:24
712,其他,7100000711,四线码垛机抓取分箱单元,,生产设备,个,,,,,0,已启用,启用,,,,否,否,13,自制,,2025-08-07 10:55:24
713,其他,7100000710,四线码垛机进箱输送链道,,生产设备,个,,,,,0,已启用,启用,,,,否,否,13,自制,,2025-08-07 10:55:24
714,其他,7100000709,四线码垛机输送链道控制柜,,生产设备,个,,,,,0,已启用,启用,,,,否,否,13,自制,,2025-08-07 10:55:24
715,其他,7100000708,四线码垛机机器人控制柜,,生产设备,个,,,,,0,已启用,启用,,,,否,否,13,自制,,2025-08-07 10:55:24
716,其他,7100000707,四线码垛机电气控制柜,,生产设备,个,,,,,0,已启用,启用,,,,否,否,13,自制,,2025-08-07 10:55:24
717,其他,7100000706,二车间四线码垛机器人,,生产设备,个,,,,,0,已启用,启用,,,,否,否,13,自制,,2025-08-07 10:55:24
718,其他,7100000705,四线称重机传感器单元,,生产设备,个,,,,,0,已启用,启用,,,,否,否,13,自制,,2025-08-07 10:55:24
719,其他,7100000704,四线称重机箱输送单元,,生产设备,个,,,,,0,已启用,启用,,,,否,否,13,自制,,2025-08-07 10:55:24
720,其他,7100000703,四线称重机电气控制箱,,生产设备,个,,,,,0,已启用,启用,,,,否,否,13,自制,,2025-08-07 10:55:24
721,其他,7100000702,二车间四线自动承重称,,生产设备,个,,,,,0,已启用,启用,,,,否,否,13,自制,,2025-08-07 10:55:24
722,其他,7100000701,四线外箱码激光机传感器单元,,生产设备,个,,,,,0,已启用,启用,,,,否,否,13,自制,,2025-08-07 10:55:24
723,其他,7100000700,四线外箱码激光机激光头单元,,生产设备,个,,,,,0,已启用,启用,,,,否,否,13,自制,,2025-08-07 10:55:24
724,其他,7100000699,四线外箱码激光机主控电脑,,生产设备,个,,,,,0,已启用,启用,,,,否,否,13,自制,,2025-08-07 10:55:24
725,其他,7100000698,二车间四线外箱激光机,,生产设备,个,,,,,0,已启用,启用,,,,否,否,13,自制,,2025-08-07 10:55:24
726,其他,7100000697,四线侧式封箱机,,生产设备,个,,,,,0,已启用,启用,,,,否,否,13,自制,,2025-08-07 10:55:24
727,其他,7100000696,四线封箱输送线,,生产设备,个,,,,,0,已启用,启用,,,,否,否,13,自制,,2025-08-07 10:55:24
728,其他,7100000695,四线封箱机封胶带单元,,生产设备,个,,,,,0,已启用,启用,,,,否,否,13,自制,,2025-08-07 10:55:24
729,其他,7100000694,四线封箱机进箱滚轮输送,,生产设备,个,,,,,0,已启用,启用,,,,否,否,13,自制,,2025-08-07 10:55:24
730,其他,7100000693,二车间四线封箱机,,生产设备,个,,,,,0,已启用,启用,,,,否,否,13,自制,,2025-08-07 10:55:24
731,其他,7100000692,二车间四线码垛机组,,生产设备,个,,,,,0,已启用,启用,,,,否,否,13,自制,,2025-08-07 10:55:24
732,其他,7100000691,四线包装机成型单元,,生产设备,个,,,,,0,已启用,启用,,,,否,否,13,自制,,2025-08-07 10:55:24
733,其他,7100000690,四线包装机折叠单元,,生产设备,个,,,,,0,已启用,启用,,,,否,否,13,自制,,2025-08-07 10:55:24
734,其他,7100000689,四线包装机包装单元,,生产设备,个,,,,,0,已启用,启用,,,,否,否,13,自制,,2025-08-07 10:55:24
735,其他,7100000688,四线包装机热熔胶机,,生产设备,个,,,,,0,已启用,启用,,,,否,否,13,自制,,2025-08-07 10:55:24
736,其他,7100000687,四线包装机真空泵,,生产设备,个,,,,,0,已启用,启用,,,,否,否,13,自制,,2025-08-07 10:55:24
737,其他,7100000686,四线包装机分纸皮单元,,生产设备,个,,,,,0,已启用,启用,,,,否,否,13,自制,,2025-08-07 10:55:24
738,其他,7100000685,四线包装机进纸皮单元,,生产设备,个,,,,,0,已启用,启用,,,,否,否,13,自制,,2025-08-07 10:55:24
739,其他,7100000684,四线包装机纸皮输送系统,,生产设备,个,,,,,0,已启用,启用,,,,否,否,13,自制,,2025-08-07 10:55:24
740,其他,7100000683,四线包装机分瓶单元-2,,生产设备,个,,,,,0,已启用,启用,,,,否,否,13,自制,,2025-08-07 10:55:24
741,其他,7100000682,四线包装机进瓶单元-2,,生产设备,个,,,,,0,已启用,启用,,,,否,否,13,自制,,2025-08-07 10:55:24
742,其他,7100000681,四线包装机电气控制柜-2,,生产设备,个,,,,,0,已启用,启用,,,,否,否,13,自制,,2025-08-07 10:55:24
743,其他,7100000680,四线包装机分瓶单元,,生产设备,个,,,,,0,已启用,启用,,,,否,否,13,自制,,2025-08-07 10:55:24
744,其他,7100000679,四线包装机进瓶单元,,生产设备,个,,,,,0,已启用,启用,,,,否,否,13,自制,,2025-08-07 10:55:24
745,其他,7100000678,四线包装机电气控制柜,,生产设备,个,,,,,0,已启用,启用,,,,否,否,13,自制,,2025-08-07 10:55:24
746,其他,7100000677,二车间四线纸箱包装机,,生产设备,个,,,,,0,已启用,启用,,,,否,否,13,自制,,2025-08-07 10:55:24
747,其他,7100000676,四线热缩机收缩烘炉,,生产设备,个,,,,,0,已启用,启用,,,,否,否,13,自制,,2025-08-07 10:55:24
748,其他,7100000675,四线热缩机裹膜单元,,生产设备,个,,,,,0,已启用,启用,,,,否,否,13,自制,,2025-08-07 10:55:24
749,其他,7100000674,四线热缩机切膜单元,,生产设备,个,,,,,0,已启用,启用,,,,否,否,13,自制,,2025-08-07 10:55:24
750,其他,7100000673,四线热缩机上膜单元,,生产设备,个,,,,,0,已启用,启用,,,,否,否,13,自制,,2025-08-07 10:55:24
751,其他,7100000672,四线热缩机膜系统单元,,生产设备,个,,,,,0,已启用,启用,,,,否,否,13,自制,,2025-08-07 10:55:24
752,其他,7100000671,四线热缩机分瓶单元,,生产设备,个,,,,,0,已启用,启用,,,,否,否,13,自制,,2025-08-07 10:55:24
753,其他,7100000670,四线热缩机进瓶单元,,生产设备,个,,,,,0,已启用,启用,,,,否,否,13,自制,,2025-08-07 10:55:24
754,其他,7100000669,四线热缩机电气控制柜,,生产设备,个,,,,,0,已启用,启用,,,,否,否,13,自制,,2025-08-07 10:55:24
755,其他,7100000668,二车间四线热缩包装机,,生产设备,个,,,,,0,已启用,启用,,,,否,否,13,自制,,2025-08-07 10:55:24
756,其他,7100000667,四线喷码检传感器单元,,生产设备,个,,,,,0,已启用,启用,,,,否,否,13,自制,,2025-08-07 10:55:24
757,其他,7100000666,四线喷码检测摄像机,,生产设备,个,,,,,0,已启用,启用,,,,否,否,13,自制,,2025-08-07 10:55:24
758,其他,7100000665,四线喷码检测主控电脑,,生产设备,个,,,,,0,已启用,启用,,,,否,否,13,自制,,2025-08-07 10:55:24
759,其他,7100000664,二车间四线喷码检测,,生产设备,个,,,,,0,已启用,启用,,,,否,否,13,自制,,2025-08-07 10:55:24
760,其他,7100000663,四线异盖检传感器单元,,生产设备,个,,,,,0,已启用,启用,,,,否,否,13,自制,,2025-08-07 10:55:24
761,其他,7100000662,四线异盖检测摄像机,,生产设备,个,,,,,0,已启用,启用,,,,否,否,13,自制,,2025-08-07 10:55:24
762,其他,7100000661,四线异盖检测主控电脑,,生产设备,个,,,,,0,已启用,启用,,,,否,否,13,自制,,2025-08-07 10:55:24
763,其他,7100000660,二车间四线异类罐检测机,,生产设备,个,,,,,0,已启用,启用,,,,否,否,13,自制,,2025-08-07 10:55:24
764,其他,7100000659,烟雾净化器--F9-800V10风琴预过滤器-4,,生产设备,个,,,,,0,已启用,启用,,,,否,否,13,自制,,2025-08-07 10:55:24
765,其他,7100000658,二车间四线烟雾净化器,,生产设备,个,,,,,0,已启用,启用,,,,否,否,13,自制,,2025-08-07 10:55:24
766,其他,7100000657,四线罐底码激光机传感器单元,,生产设备,个,,,,,0,已启用,启用,,,,否,否,13,自制,,2025-08-07 10:55:24
767,其他,7100000656,四线罐底码激光机激光头单元,,生产设备,个,,,,,0,已启用,启用,,,,否,否,13,自制,,2025-08-07 10:55:24
768,其他,7100000655,四线罐底码激光机主控电脑,,生产设备,个,,,,,0,已启用,启用,,,,否,否,13,自制,,2025-08-07 10:55:24
769,其他,7100000654,四线罐底激光打码机,,生产设备,个,,,,,0,已启用,启用,,,,否,否,13,自制,,2025-08-07 10:55:24
770,其他,7100000653,二车间四线 风干机2,,生产设备,个,,,,,0,已启用,启用,,,,否,否,13,自制,,2025-08-07 10:55:24
771,其他,7100000652,四线吹风系统鼓风机单元,,生产设备,个,,,,,0,已启用,启用,,,,否,否,13,自制,,2025-08-07 10:55:24
772,其他,7100000651,四线吹风系统电气控制箱,,生产设备,个,,,,,0,已启用,启用,,,,否,否,13,自制,,2025-08-07 10:55:24
773,其他,7100000650,二车间四线 风干机1,,生产设备,个,,,,,0,已启用,启用,,,,否,否,13,自制,,2025-08-07 10:55:24
774,其他,7100000649,二车间四线内压检测机,,生产设备,个,,,,,0,已启用,启用,,,,否,否,13,自制,,2025-08-07 10:55:24
775,其他,7100000648,四线墨码机传感器单元,,生产设备,个,,,,,0,已启用,启用,,,,否,否,13,自制,,2025-08-07 10:55:24
776,其他,7100000647,四线墨码机喷头单元,,生产设备,个,,,,,0,已启用,启用,,,,否,否,13,自制,,2025-08-07 10:55:24
777,其他,7100000646,四线墨码机主控电脑,,生产设备,个,,,,,0,已启用,启用,,,,否,否,13,自制,,2025-08-07 10:55:24
778,其他,7100000645,二车间四线喷码机,,生产设备,个,,,,,0,已启用,启用,,,,否,否,13,自制,,2025-08-07 10:55:24
779,其他,7100000644,四线液位检测传感器单元,,生产设备,个,,,,,0,已启用,启用,,,,否,否,13,自制,,2025-08-07 10:55:24
780,其他,7100000643,四线液位检测x射线源,,生产设备,个,,,,,0,已启用,启用,,,,否,否,13,自制,,2025-08-07 10:55:24
781,其他,7100000642,四线液位检测电气控制箱,,生产设备,个,,,,,0,已启用,启用,,,,否,否,13,自制,,2025-08-07 10:55:24
782,其他,7100000641,二车间四线液位检测仪,,生产设备,个,,,,,0,已启用,启用,,,,否,否,13,自制,,2025-08-07 10:55:24
783,其他,7100000640,四线冷却机罐输送单元,,生产设备,个,,,,,0,已启用,启用,,,,否,否,13,自制,,2025-08-07 10:55:24
784,其他,7100000639,四线冷却机水循环水泵,,生产设备,个,,,,,0,已启用,启用,,,,否,否,13,自制,,2025-08-07 10:55:24
785,其他,7100000638,四线冷却机冷却塔,,生产设备,个,,,,,0,已启用,启用,,,,否,否,13,自制,,2025-08-07 10:55:24
786,其他,7100000637,四线冷却机冷却水循环系统,,生产设备,个,,,,,0,已启用,启用,,,,否,否,13,自制,,2025-08-07 10:55:24
787,其他,7100000636,四线冷却机喷淋系统,,生产设备,个,,,,,0,已启用,启用,,,,否,否,13,自制,,2025-08-07 10:55:24
788,其他,7100000635,四线冷却机电气控制柜,,生产设备,个,,,,,0,已启用,启用,,,,否,否,13,自制,,2025-08-07 10:55:24
789,其他,7100000634,二车间四线冷罐机,,生产设备,个,,,,,0,已启用,启用,,,,否,否,13,自制,,2025-08-07 10:55:24
790,其他,7100000633,二车间四线打码机组,,生产设备,个,,,,,0,已启用,启用,,,,否,否,13,自制,,2025-08-07 10:55:24
791,其他,7100000632,四线注氮机注氮控制,,生产设备,个,,,,,0,已启用,启用,,,,否,否,13,自制,,2025-08-07 10:55:24
792,其他,7100000631,四线注氮机汇流排,,生产设备,个,,,,,0,已启用,启用,,,,否,否,13,自制,,2025-08-07 10:55:24
793,其他,7100000630,四线注氮机进氮控制,,生产设备,个,,,,,0,已启用,启用,,,,否,否,13,自制,,2025-08-07 10:55:24
794,其他,7100000629,四线注氮机主体,,生产设备,个,,,,,0,已启用,启用,,,,否,否,13,自制,,2025-08-07 10:55:24
795,其他,7100000628,四线注氮机电气控制箱,,生产设备,个,,,,,0,已启用,启用,,,,否,否,13,自制,,2025-08-07 10:55:24
796,其他,7100000627,二车间四线注氮机,,生产设备,个,,,,,0,已启用,启用,,,,否,否,13,自制,,2025-08-07 10:55:24
797,其他,7100000626,四线封盖机润滑油泵,,生产设备,个,,,,,0,已启用,启用,,,,否,否,13,自制,,2025-08-07 10:55:24
798,其他,7100000625,四线封盖机拔杆链条,,生产设备,个,,,,,0,已启用,启用,,,,否,否,13,自制,,2025-08-07 10:55:24
799,其他,7100000624,四线封盖机驱动电机,,生产设备,个,,,,,0,已启用,启用,,,,否,否,13,自制,,2025-08-07 10:55:24
800,其他,7100000623,四线封盖机罐传送单元,,生产设备,个,,,,,0,已启用,启用,,,,否,否,13,自制,,2025-08-07 10:55:24
801,其他,7100000622,四线封盖机封盖单元,,生产设备,个,,,,,0,已启用,启用,,,,否,否,13,自制,,2025-08-07 10:55:24
802,其他,7100000621,四线封盖机下盖单元,,生产设备,个,,,,,0,已启用,启用,,,,否,否,13,自制,,2025-08-07 10:55:24
803,其他,7100000620,四线封盖机电气控制柜,,生产设备,个,,,,,0,已启用,启用,,,,否,否,13,自制,,2025-08-07 10:55:24
804,其他,7100000619,二车间四线封口机,,生产设备,个,,,,,0,已启用,启用,,,,否,否,13,自制,,2025-08-07 10:55:24
805,其他,7100000618,四线3D热灌装保护装置,,生产设备,个,,,,,0,已启用,启用,,,,否,否,13,自制,,2025-08-07 10:55:24
806,其他,7100000617,四线灌装机驱动轴,,生产设备,个,,,,,0,已启用,启用,,,,否,否,13,自制,,2025-08-07 10:55:24
807,其他,7100000616,四线灌装机驱动自动润滑,,生产设备,个,,,,,0,已启用,启用,,,,否,否,13,自制,,2025-08-07 10:55:24
808,其他,7100000615,四线灌装机驱动传动,,生产设备,个,,,,,0,已启用,启用,,,,否,否,13,自制,,2025-08-07 10:55:24
809,其他,7100000614,四线灌装机灌注阀组,,生产设备,个,,,,,0,已启用,启用,,,,否,否,13,自制,,2025-08-07 10:55:24
810,其他,7100000613,四线灌装阀控制系统,,生产设备,个,,,,,0,已启用,启用,,,,否,否,13,自制,,2025-08-07 10:55:24
811,其他,7100000612,四线灌装机中央分配器,,生产设备,个,,,,,0,已启用,启用,,,,否,否,13,自制,,2025-08-07 10:55:24
812,其他,7100000611,四线灌装机外环缸,,生产设备,个,,,,,0,已启用,启用,,,,否,否,13,自制,,2025-08-07 10:55:24
813,其他,7100000610,四线灌装机内环缸,,生产设备,个,,,,,0,已启用,启用,,,,否,否,13,自制,,2025-08-07 10:55:24
814,其他,7100000609,四线灌装机环缸,,生产设备,个,,,,,0,已启用,启用,,,,否,否,13,自制,,2025-08-07 10:55:24
815,其他,7100000608,四线灌装阀回流缓冲缸,,生产设备,个,,,,,0,已启用,启用,,,,否,否,13,自制,,2025-08-07 10:55:24
816,其他,7100000607,四线灌装阀阵进料高位缸,,生产设备,个,,,,,0,已启用,启用,,,,否,否,13,自制,,2025-08-07 10:55:24
817,其他,7100000606,四线灌装阀阵气动控制柜,,生产设备,个,,,,,0,已启用,启用,,,,否,否,13,自制,,2025-08-07 10:55:24
818,其他,7100000605,四线灌装阀阵,,生产设备,个,,,,,0,已启用,启用,,,,否,否,13,自制,,2025-08-07 10:55:24
819,其他,7100000604,四线灌装机操作电柜,,生产设备,个,,,,,0,已启用,启用,,,,否,否,13,自制,,2025-08-07 10:55:24
820,其他,7100000603,四线灌装机旋转滑环电柜,,生产设备,个,,,,,0,已启用,启用,,,,否,否,13,自制,,2025-08-07 10:55:24
821,其他,7100000602,四线灌装机主控制电柜,,生产设备,个,,,,,0,已启用,启用,,,,否,否,13,自制,,2025-08-07 10:55:24
822,其他,7100000601,四线灌装机电气控制电柜,,生产设备,个,,,,,0,已启用,启用,,,,否,否,13,自制,,2025-08-07 10:55:24
823,其他,7100000600,二车间四线灌装机,,生产设备,个,,,,,0,已启用,启用,,,,否,否,13,自制,,2025-08-07 10:55:24
824,其他,7100000599,四线APV红牛过滤器,,生产设备,个,,,,,0,已启用,启用,,,,否,否,13,自制,,2025-08-07 10:55:24
825,其他,7100000598,四线APV红牛回流单元,,生产设备,个,,,,,0,已启用,启用,,,,否,否,13,自制,,2025-08-07 10:55:24
826,其他,7100000597,四线APV红牛加热单元,,生产设备,个,,,,,0,已启用,启用,,,,否,否,13,自制,,2025-08-07 10:55:24
827,其他,7100000596,四线APV制热水单元,,生产设备,个,,,,,0,已启用,启用,,,,否,否,13,自制,,2025-08-07 10:55:24
828,其他,7100000595,四线杀菌系统电气主控制柜,,生产设备,个,,,,,0,已启用,启用,,,,否,否,13,自制,,2025-08-07 10:55:24
829,其他,7100000594,二车间四线巴氏杀菌机,,生产设备,个,,,,,0,已启用,启用,,,,否,否,13,自制,,2025-08-07 10:55:24
830,其他,7100000593,二车间四线灌装机组,,生产设备,个,,,,,0,已启用,启用,,,,否,否,13,自制,,2025-08-07 10:55:24
831,其他,7100000592,四线空罐检测剔除单元,,生产设备,个,,,,,0,已启用,启用,,,,否,否,13,自制,,2025-08-07 10:55:24
832,其他,7100000591,四线空罐检测真空泵单元,,生产设备,个,,,,,0,已启用,启用,,,,否,否,13,自制,,2025-08-07 10:55:24
833,其他,7100000590,四线空罐检测检查摄像机,,生产设备,个,,,,,0,已启用,启用,,,,否,否,13,自制,,2025-08-07 10:55:24
834,其他,7100000589,四线空罐检测主控制电柜,,生产设备,个,,,,,0,已启用,启用,,,,否,否,13,自制,,2025-08-07 10:55:24
835,其他,7100000588,二车间四线空罐检验仪,,生产设备,个,,,,,0,已启用,启用,,,,否,否,13,自制,,2025-08-07 10:55:24
836,其他,7100000587,四线洗罐水过滤装置,,生产设备,个,,,,,0,已启用,启用,,,,否,否,13,自制,,2025-08-07 10:55:24
837,其他,7100000586,四线一级循环水循环单元,,生产设备,个,,,,,0,已启用,启用,,,,否,否,13,自制,,2025-08-07 10:55:24
838,其他,7100000585,四线二级洗罐喷头组,,生产设备,个,,,,,0,已启用,启用,,,,否,否,13,自制,,2025-08-07 10:55:24
839,其他,7100000584,四线一级洗罐喷头组,,生产设备,个,,,,,0,已启用,启用,,,,否,否,13,自制,,2025-08-07 10:55:24
840,其他,7100000583,四线洗罐喷头组,,生产设备,个,,,,,0,已启用,启用,,,,否,否,13,自制,,2025-08-07 10:55:24
841,其他,7100000582,四线洗罐槽,,生产设备,个,,,,,0,已启用,启用,,,,否,否,13,自制,,2025-08-07 10:55:24
842,其他,7100000581,二车间四线洗罐槽,,生产设备,个,,,,,0,已启用,启用,,,,否,否,13,自制,,2025-08-07 10:55:24
843,其他,7100000580,四线卸垛机纸皮隔板仓,,生产设备,个,,,,,0,已启用,启用,,,,否,否,13,自制,,2025-08-07 10:55:24
844,其他,7100000579,四线卸垛机空垛盘输送系统,,生产设备,个,,,,,0,已启用,启用,,,,否,否,13,自制,,2025-08-07 10:55:24
845,其他,7100000578,四线卸垛机纸皮隔板旋转抓手,,生产设备,个,,,,,0,已启用,启用,,,,否,否,13,自制,,2025-08-07 10:55:24
846,其他,7100000577,四线卸垛机空罐推罐系统,,生产设备,个,,,,,0,已启用,启用,,,,否,否,13,自制,,2025-08-07 10:55:24
847,其他,7100000576,四线卸垛机空罐提升系统,,生产设备,个,,,,,0,已启用,启用,,,,否,否,13,自制,,2025-08-07 10:55:24
848,其他,7100000575,四线垛盘输送带,,生产设备,个,,,,,0,已启用,启用,,,,否,否,13,自制,,2025-08-07 10:55:24
849,其他,7100000574,四线卸垛机电气控制柜,,生产设备,个,,,,,0,已启用,启用,,,,否,否,13,自制,,2025-08-07 10:55:24
850,其他,7100000573,二车间四线卸垛机,,生产设备,个,,,,,0,已启用,启用,,,,否,否,13,自制,,2025-08-07 10:55:24
851,其他,7100000572,二车间四线卸垛机组,,生产设备,个,,,,,0,已启用,启用,,,,否,否,13,自制,,2025-08-07 10:55:24
852,其他,7100000571,三线封箱段输送链道,,生产设备,个,,,,,0,已启用,启用,,,,否,否,13,自制,,2025-08-07 10:55:24
853,其他,7100000570,三线箱码段输送链道,,生产设备,个,,,,,0,已启用,启用,,,,否,否,13,自制,,2025-08-07 10:55:24
854,其他,7100000569,三线箱输送链控制电柜,,生产设备,个,,,,,0,已启用,启用,,,,否,否,13,自制,,2025-08-07 10:55:24
855,其他,7100000568,二车间三线包装箱输送带,,生产设备,个,,,,,0,已启用,启用,,,,否,否,13,自制,,2025-08-07 10:55:24
856,其他,7100000567,三线膜包入口段输送链道,,生产设备,个,,,,,0,已启用,启用,,,,否,否,13,自制,,2025-08-07 10:55:24
857,其他,7100000566,三线打码段输送链道,,生产设备,个,,,,,0,已启用,启用,,,,否,否,13,自制,,2025-08-07 10:55:24
858,其他,7100000565,三线灌装出口段输送链道,,生产设备,个,,,,,0,已启用,启用,,,,否,否,13,自制,,2025-08-07 10:55:24
859,其他,7100000564,三线空罐无压输送链道,,生产设备,个,,,,,0,已启用,启用,,,,否,否,13,自制,,2025-08-07 10:55:24
860,其他,7100000563,三线罐输送带控制电柜,,生产设备,个,,,,,0,已启用,启用,,,,否,否,13,自制,,2025-08-07 10:55:24
861,其他,7100000562,二车间三线容器输送带,,生产设备,个,,,,,0,已启用,启用,,,,否,否,13,自制,,2025-08-07 10:55:24
862,其他,7100000561,二车间三线容器输送机,,生产设备,个,,,,,0,已启用,启用,,,,否,否,13,自制,,2025-08-07 10:55:24
863,其他,7100000560,二车间三线输送链道,,生产设备,个,,,,,0,已启用,启用,,,,否,否,13,自制,,2025-08-07 10:55:24
864,其他,7100000559,三线垛盘输送链道,,生产设备,个,,,,,0,已启用,启用,,,,否,否,13,自制,,2025-08-07 10:55:24
865,其他,7100000558,三线码垛垛盘仓,,生产设备,个,,,,,0,已启用,启用,,,,否,否,13,自制,,2025-08-07 10:55:24
866,其他,7100000557,三线码垛机托盘输送单元,,生产设备,个,,,,,0,已启用,启用,,,,否,否,13,自制,,2025-08-07 10:55:24
867,其他,7100000556,三线码垛机机器人机身D轴,,生产设备,个,,,,,0,已启用,启用,,,,否,否,13,自制,,2025-08-07 10:55:24
868,其他,7100000555,三线码垛机机器人机身C轴,,生产设备,个,,,,,0,已启用,启用,,,,否,否,13,自制,,2025-08-07 10:55:24
869,其他,7100000554,三线码垛机机器人机身B轴,,生产设备,个,,,,,0,已启用,启用,,,,否,否,13,自制,,2025-08-07 10:55:24
870,其他,7100000553,三线码垛机机器人抓手A轴,,生产设备,个,,,,,0,已启用,启用,,,,否,否,13,自制,,2025-08-07 10:55:24
871,其他,7100000552,三线码垛机机器人,,生产设备,个,,,,,0,已启用,启用,,,,否,否,13,自制,,2025-08-07 10:55:24
872,其他,7100000551,三线码垛机抓取分箱单元,,生产设备,个,,,,,0,已启用,启用,,,,否,否,13,自制,,2025-08-07 10:55:24
873,其他,7100000550,三线码垛机进箱输送链道,,生产设备,个,,,,,0,已启用,启用,,,,否,否,13,自制,,2025-08-07 10:55:24
874,其他,7100000549,三线码垛机输送链道控制柜,,生产设备,个,,,,,0,已启用,启用,,,,否,否,13,自制,,2025-08-07 10:55:24
875,其他,7100000548,三线码垛机机器人控制柜,,生产设备,个,,,,,0,已启用,启用,,,,否,否,13,自制,,2025-08-07 10:55:24
876,其他,7100000547,三线码垛机电气控制柜,,生产设备,个,,,,,0,已启用,启用,,,,否,否,13,自制,,2025-08-07 10:55:24
877,其他,7100000546,二车间三线码垛机器人,,生产设备,个,,,,,0,已启用,启用,,,,否,否,13,自制,,2025-08-07 10:55:24
878,其他,7100000545,高效烟雾净化器Laserex400i,,生产设备,个,,,,,0,已启用,启用,,,,否,否,13,自制,,2025-08-07 10:55:24
879,其他,7100000544,烟雾净化器--F9-800V10风琴预过滤器-2,,生产设备,个,,,,,0,已启用,启用,,,,否,否,13,自制,,2025-08-07 10:55:24
880,其他,7100000543,烟雾净化器--F9-800V10风琴预过滤器,,生产设备,个,,,,,0,已启用,启用,,,,否,否,13,自制,,2025-08-07 10:55:24
881,其他,7100000542,烟雾净化器---400主过滤器,,生产设备,个,,,,,0,已启用,启用,,,,否,否,13,自制,,2025-08-07 10:55:24
882,其他,7100000541,二车间三线烟雾净化器,,生产设备,个,,,,,0,已启用,启用,,,,否,否,13,自制,,2025-08-07 10:55:24
883,其他,7100000540,二车间三线外箱激光机,,生产设备,个,,,,,0,已启用,启用,,,,否,否,13,自制,,2025-08-07 10:55:24
884,其他,7100000539,侧式封箱机,,生产设备,个,,,,,0,已启用,启用,,,,否,否,13,自制,,2025-08-07 10:55:24
885,其他,7100000538,输送线,,生产设备,个,,,,,0,已启用,启用,,,,否,否,13,自制,,2025-08-07 10:55:24
886,其他,7100000537,二车间三线封箱机,,生产设备,个,,,,,0,已启用,启用,,,,否,否,13,自制,,2025-08-07 10:55:24
887,其他,7100000536,三线称重机传感器单元,,生产设备,个,,,,,0,已启用,启用,,,,否,否,13,自制,,2025-08-07 10:55:24
888,其他,7100000535,三线称重机箱输送单元,,生产设备,个,,,,,0,已启用,启用,,,,否,否,13,自制,,2025-08-07 10:55:24
889,其他,7100000534,三线称重机电气控制箱,,生产设备,个,,,,,0,已启用,启用,,,,否,否,13,自制,,2025-08-07 10:55:24
890,其他,7100000533,二车间三线自动承重称,,生产设备,个,,,,,0,已启用,启用,,,,否,否,13,自制,,2025-08-07 10:55:24
891,其他,7100000532,二车间三线码垛机组,,生产设备,个,,,,,0,已启用,启用,,,,否,否,13,自制,,2025-08-07 10:55:24
892,其他,7100000531,三线包装机成型单元,,生产设备,个,,,,,0,已启用,启用,,,,否,否,13,自制,,2025-08-07 10:55:24
893,其他,7100000530,三线包装机折叠单元,,生产设备,个,,,,,0,已启用,启用,,,,否,否,13,自制,,2025-08-07 10:55:24
894,其他,7100000529,三线包装机包装单元,,生产设备,个,,,,,0,已启用,启用,,,,否,否,13,自制,,2025-08-07 10:55:24
895,其他,7100000528,三线包装机热熔胶机,,生产设备,个,,,,,0,已启用,启用,,,,否,否,13,自制,,2025-08-07 10:55:24
896,其他,7100000527,三线包装机真空泵,,生产设备,个,,,,,0,已启用,启用,,,,否,否,13,自制,,2025-08-07 10:55:24
897,其他,7100000526,三线包装机分纸皮单元,,生产设备,个,,,,,0,已启用,启用,,,,否,否,13,自制,,2025-08-07 10:55:24
898,其他,7100000525,三线包装机进纸皮单元,,生产设备,个,,,,,0,已启用,启用,,,,否,否,13,自制,,2025-08-07 10:55:24
899,其他,7100000524,三线包装机纸皮输送系统,,生产设备,个,,,,,0,已启用,启用,,,,否,否,13,自制,,2025-08-07 10:55:24
900,其他,7100000523,三线包装机分瓶单元-2,,生产设备,个,,,,,0,已启用,启用,,,,否,否,13,自制,,2025-08-07 10:55:24
901,其他,7100000522,三线包装机进瓶单元-2,,生产设备,个,,,,,0,已启用,启用,,,,否,否,13,自制,,2025-08-07 10:55:24
902,其他,7100000521,三线包装机电气控制柜-2,,生产设备,个,,,,,0,已启用,启用,,,,否,否,13,自制,,2025-08-07 10:55:24
903,其他,7100000520,三线包装机分瓶单元,,生产设备,个,,,,,0,已启用,启用,,,,否,否,13,自制,,2025-08-07 10:55:24
904,其他,7100000519,三线包装机进瓶单元,,生产设备,个,,,,,0,已启用,启用,,,,否,否,13,自制,,2025-08-07 10:55:24
905,其他,7100000518,三线包装机电气控制柜,,生产设备,个,,,,,0,已启用,启用,,,,否,否,13,自制,,2025-08-07 10:55:24
906,其他,7100000517,二车间三线纸箱包装机,,生产设备,个,,,,,0,已启用,启用,,,,否,否,13,自制,,2025-08-07 10:55:24
907,其他,7100000516,三线彩膜机收缩烘炉,,生产设备,个,,,,,0,已启用,启用,,,,否,否,13,自制,,2025-08-07 10:55:24
908,其他,7100000515,三线彩膜机裹膜单元,,生产设备,个,,,,,0,已启用,启用,,,,否,否,13,自制,,2025-08-07 10:55:24
909,其他,7100000514,三线彩膜机切膜单元,,生产设备,个,,,,,0,已启用,启用,,,,否,否,13,自制,,2025-08-07 10:55:24
910,其他,7100000513,三线彩膜机上膜单元,,生产设备,个,,,,,0,已启用,启用,,,,否,否,13,自制,,2025-08-07 10:55:24
911,其他,7100000512,三线彩膜机膜系统单元,,生产设备,个,,,,,0,已启用,启用,,,,否,否,13,自制,,2025-08-07 10:55:24
912,其他,7100000511,三线彩膜机分瓶单元,,生产设备,个,,,,,0,已启用,启用,,,,否,否,13,自制,,2025-08-07 10:55:24
913,其他,7100000510,三线彩膜机进瓶单元,,生产设备,个,,,,,0,已启用,启用,,,,否,否,13,自制,,2025-08-07 10:55:24
914,其他,7100000509,三线彩膜机电气控制柜,,生产设备,个,,,,,0,已启用,启用,,,,否,否,13,自制,,2025-08-07 10:55:24
915,其他,7100000508,二车间三线彩膜热收缩膜包机,,生产设备,个,,,,,0,已启用,启用,,,,否,否,13,自制,,2025-08-07 10:55:24
916,其他,7100000507,三线热缩机收缩烘炉,,生产设备,个,,,,,0,已启用,启用,,,,否,否,13,自制,,2025-08-07 10:55:24
917,其他,7100000506,三线热缩机裹膜单元,,生产设备,个,,,,,0,已启用,启用,,,,否,否,13,自制,,2025-08-07 10:55:24
918,其他,7100000505,三线热缩机切膜单元,,生产设备,个,,,,,0,已启用,启用,,,,否,否,13,自制,,2025-08-07 10:55:24
919,其他,7100000504,三线热缩机上膜单元,,生产设备,个,,,,,0,已启用,启用,,,,否,否,13,自制,,2025-08-07 10:55:24
920,其他,7100000503,三线热缩机膜系统单元,,生产设备,个,,,,,0,已启用,启用,,,,否,否,13,自制,,2025-08-07 10:55:24
921,其他,7100000502,三线热缩机分瓶单元,,生产设备,个,,,,,0,已启用,启用,,,,否,否,13,自制,,2025-08-07 10:55:24
922,其他,7100000501,三线热缩机进瓶单元,,生产设备,个,,,,,0,已启用,启用,,,,否,否,13,自制,,2025-08-07 10:55:24
923,其他,7100000500,三线热缩机电气控制柜,,生产设备,个,,,,,0,已启用,启用,,,,否,否,13,自制,,2025-08-07 10:55:24
924,其他,7100000499,二车间三线热缩机,,生产设备,个,,,,,0,已启用,启用,,,,否,否,13,自制,,2025-08-07 10:55:24
925,其他,7100000498,二车间三线热缩机组,,生产设备,个,,,,,0,已启用,启用,,,,否,否,13,自制,,2025-08-07 10:55:24
926,其他,7100000497,三线墨码检测传感器单元,,生产设备,个,,,,,0,已启用,启用,,,,否,否,13,自制,,2025-08-07 10:55:24
927,其他,7100000496,三线墨码检测摄像机,,生产设备,个,,,,,0,已启用,启用,,,,否,否,13,自制,,2025-08-07 10:55:24
928,其他,7100000495,三线墨码检测主控电脑,,生产设备,个,,,,,0,已启用,启用,,,,否,否,13,自制,,2025-08-07 10:55:24
929,其他,7100000494,二车间三线喷码检测,,生产设备,个,,,,,0,已启用,启用,,,,否,否,13,自制,,2025-08-07 10:55:24
930,其他,7100000493,三线异盖检传感器单元,,生产设备,个,,,,,0,已启用,启用,,,,否,否,13,自制,,2025-08-07 10:55:24
931,其他,7100000492,三线异盖检测摄像机,,生产设备,个,,,,,0,已启用,启用,,,,否,否,13,自制,,2025-08-07 10:55:24
932,其他,7100000491,三线异盖检测主控电脑,,生产设备,个,,,,,0,已启用,启用,,,,否,否,13,自制,,2025-08-07 10:55:24
933,其他,7100000490,二车间三线异类罐检测机,,生产设备,个,,,,,0,已启用,启用,,,,否,否,13,自制,,2025-08-07 10:55:24
934,其他,7100000489,三线墨码机传感器单元,,生产设备,个,,,,,0,已启用,启用,,,,否,否,13,自制,,2025-08-07 10:55:24
935,其他,7100000488,三线墨码机喷头单元,,生产设备,个,,,,,0,已启用,启用,,,,否,否,13,自制,,2025-08-07 10:55:24
936,其他,7100000487,三线墨码机主控电脑,,生产设备,个,,,,,0,已启用,启用,,,,否,否,13,自制,,2025-08-07 10:55:24
937,其他,7100000486,二车间三线喷码机,,生产设备,个,,,,,0,已启用,启用,,,,否,否,13,自制,,2025-08-07 10:55:24
938,其他,7100000485,二车间三线内压检测机,,生产设备,个,,,,,0,已启用,启用,,,,否,否,13,自制,,2025-08-07 10:55:24
939,其他,7100000484,三线高效烟雾净化器Laserex400i,,生产设备,个,,,,,0,已启用,启用,,,,否,否,13,自制,,2025-08-07 10:55:24
940,其他,7100000483,三线烟雾净化器--F9-800V10风琴预过滤器-2,,生产设备,个,,,,,0,已启用,启用,,,,否,否,13,自制,,2025-08-07 10:55:24
941,其他,7100000482,三线烟雾净化器--F9-800V10风琴预过滤器,,生产设备,个,,,,,0,已启用,启用,,,,否,否,13,自制,,2025-08-07 10:55:24
942,其他,7100000481,三线烟雾净化器---400主过滤器,,生产设备,个,,,,,0,已启用,启用,,,,否,否,13,自制,,2025-08-07 10:55:24
943,其他,7100000480,二车间三线烟雾净化器1,,生产设备,个,,,,,0,已启用,启用,,,,否,否,13,自制,,2025-08-07 10:55:24
944,其他,7100000479,三线罐底码激光机传感器单元,,生产设备,个,,,,,0,已启用,启用,,,,否,否,13,自制,,2025-08-07 10:55:24
945,其他,7100000478,三线罐底码激光机激光头单元,,生产设备,个,,,,,0,已启用,启用,,,,否,否,13,自制,,2025-08-07 10:55:24
946,其他,7100000477,三线罐底码激光机主控电脑,,生产设备,个,,,,,0,已启用,启用,,,,否,否,13,自制,,2025-08-07 10:55:24
947,其他,7100000476,一车间三线底盖激光打码机,,生产设备,个,,,,,0,已启用,启用,,,,否,否,13,自制,,2025-08-07 10:55:24
948,其他,7100000475,三线吹风系统鼓风机单元-2,,生产设备,个,,,,,0,已启用,启用,,,,否,否,13,自制,,2025-08-07 10:55:24
949,其他,7100000474,三线吹风系统电气控制箱-2,,生产设备,个,,,,,0,已启用,启用,,,,否,否,13,自制,,2025-08-07 10:55:24
950,其他,7100000473,二车间三线风干机2,,生产设备,个,,,,,0,已启用,启用,,,,否,否,13,自制,,2025-08-07 10:55:24
951,其他,7100000472,三线吹风系统鼓风机单元,,生产设备,个,,,,,0,已启用,启用,,,,否,否,13,自制,,2025-08-07 10:55:24
952,其他,7100000471,三线吹风系统电气控制箱,,生产设备,个,,,,,0,已启用,启用,,,,否,否,13,自制,,2025-08-07 10:55:24
953,其他,7100000470,二车间三线风干机1,,生产设备,个,,,,,0,已启用,启用,,,,否,否,13,自制,,2025-08-07 10:55:24
954,其他,7100000469,三线液位检测传感器单元,,生产设备,个,,,,,0,已启用,启用,,,,否,否,13,自制,,2025-08-07 10:55:24
955,其他,7100000468,三线液位检测x射线源,,生产设备,个,,,,,0,已启用,启用,,,,否,否,13,自制,,2025-08-07 10:55:24
956,其他,7100000467,三线液位检测电气控制箱,,生产设备,个,,,,,0,已启用,启用,,,,否,否,13,自制,,2025-08-07 10:55:24
957,其他,7100000466,二车间三线液位检测仪,,生产设备,个,,,,,0,已启用,启用,,,,否,否,13,自制,,2025-08-07 10:55:24
958,其他,7100000465,三线冷却机罐输送单元,,生产设备,个,,,,,0,已启用,启用,,,,否,否,13,自制,,2025-08-07 10:55:24
959,其他,7100000464,三线冷却机水循环水泵,,生产设备,个,,,,,0,已启用,启用,,,,否,否,13,自制,,2025-08-07 10:55:24
960,其他,7100000463,三线冷却机冷却塔,,生产设备,个,,,,,0,已启用,启用,,,,否,否,13,自制,,2025-08-07 10:55:24
961,其他,7100000462,三线冷却机冷却水循环系统,,生产设备,个,,,,,0,已启用,启用,,,,否,否,13,自制,,2025-08-07 10:55:24
962,其他,7100000461,三线冷却机喷淋系统,,生产设备,个,,,,,0,已启用,启用,,,,否,否,13,自制,,2025-08-07 10:55:24
963,其他,7100000460,三线冷却机电气控制柜,,生产设备,个,,,,,0,已启用,启用,,,,否,否,13,自制,,2025-08-07 10:55:24
964,其他,7100000459,二车间三线冷罐机,,生产设备,个,,,,,0,已启用,启用,,,,否,否,13,自制,,2025-08-07 10:55:24
965,其他,7100000458,二车间三线打码机组,,生产设备,个,,,,,0,已启用,启用,,,,否,否,13,自制,,2025-08-07 10:55:24
966,其他,7100000457,三线注氮机注氮控制,,生产设备,个,,,,,0,已启用,启用,,,,否,否,13,自制,,2025-08-07 10:55:24
967,其他,7100000456,三线注氮机汇流排,,生产设备,个,,,,,0,已启用,启用,,,,否,否,13,自制,,2025-08-07 10:55:24
968,其他,7100000455,三线注氮机进氮控制,,生产设备,个,,,,,0,已启用,启用,,,,否,否,13,自制,,2025-08-07 10:55:24
969,其他,7100000454,三线注氮机主体,,生产设备,个,,,,,0,已启用,启用,,,,否,否,13,自制,,2025-08-07 10:55:24
970,其他,7100000453,三线注氮机电气控制箱,,生产设备,个,,,,,0,已启用,启用,,,,否,否,13,自制,,2025-08-07 10:55:24
971,其他,7100000452,二车间三线注氮机,,生产设备,个,,,,,0,已启用,启用,,,,否,否,13,自制,,2025-08-07 10:55:24
972,其他,7100000451,三线封盖机润滑油泵,,生产设备,个,,,,,0,已启用,启用,,,,否,否,13,自制,,2025-08-07 10:55:24
973,其他,7100000450,三线封盖机拔杆链条,,生产设备,个,,,,,0,已启用,启用,,,,否,否,13,自制,,2025-08-07 10:55:24
974,其他,7100000449,三线封盖机驱动电机,,生产设备,个,,,,,0,已启用,启用,,,,否,否,13,自制,,2025-08-07 10:55:24
975,其他,7100000448,三线封盖机罐传送单元,,生产设备,个,,,,,0,已启用,启用,,,,否,否,13,自制,,2025-08-07 10:55:24
976,其他,7100000447,三线封盖机封盖单元,,生产设备,个,,,,,0,已启用,启用,,,,否,否,13,自制,,2025-08-07 10:55:24
977,其他,7100000446,三线封盖机下盖单元,,生产设备,个,,,,,0,已启用,启用,,,,否,否,13,自制,,2025-08-07 10:55:24
978,其他,7100000445,三线封盖机电气控制柜,,生产设备,个,,,,,0,已启用,启用,,,,否,否,13,自制,,2025-08-07 10:55:24
979,其他,7100000444,二车间三线封口机,,生产设备,个,,,,,0,已启用,启用,,,,否,否,13,自制,,2025-08-07 10:55:24
980,其他,7100000443,三线灌装机驱动轴,,生产设备,个,,,,,0,已启用,启用,,,,否,否,13,自制,,2025-08-07 10:55:24
981,其他,7100000442,三线灌装机驱动自动润滑,,生产设备,个,,,,,0,已启用,启用,,,,否,否,13,自制,,2025-08-07 10:55:24
982,其他,7100000441,三线灌装机驱动传动,,生产设备,个,,,,,0,已启用,启用,,,,否,否,13,自制,,2025-08-07 10:55:24
983,其他,7100000440,三线灌装机灌注阀组,,生产设备,个,,,,,0,已启用,启用,,,,否,否,13,自制,,2025-08-07 10:55:24
984,其他,7100000439,三线灌装阀控制系统,,生产设备,个,,,,,0,已启用,启用,,,,否,否,13,自制,,2025-08-07 10:55:24
985,其他,7100000438,三线灌装机中央分配器,,生产设备,个,,,,,0,已启用,启用,,,,否,否,13,自制,,2025-08-07 10:55:24
986,其他,7100000437,三线灌装机外环缸,,生产设备,个,,,,,0,已启用,启用,,,,否,否,13,自制,,2025-08-07 10:55:24
987,其他,7100000436,三线灌装机内环缸,,生产设备,个,,,,,0,已启用,启用,,,,否,否,13,自制,,2025-08-07 10:55:24
988,其他,7100000435,三线灌装机环缸,,生产设备,个,,,,,0,已启用,启用,,,,否,否,13,自制,,2025-08-07 10:55:24
989,其他,7100000434,三线灌装阀回流缓冲缸,,生产设备,个,,,,,0,已启用,启用,,,,否,否,13,自制,,2025-08-07 10:55:24
990,其他,7100000433,三线灌装阀阵进料高位缸,,生产设备,个,,,,,0,已启用,启用,,,,否,否,13,自制,,2025-08-07 10:55:24
991,其他,7100000432,三线灌装阀阵气动控制柜,,生产设备,个,,,,,0,已启用,启用,,,,否,否,13,自制,,2025-08-07 10:55:24
992,其他,7100000431,三线灌装阀阵,,生产设备,个,,,,,0,已启用,启用,,,,否,否,13,自制,,2025-08-07 10:55:24
993,其他,7100000430,三线灌装机操作电柜,,生产设备,个,,,,,0,已启用,启用,,,,否,否,13,自制,,2025-08-07 10:55:24
994,其他,7100000429,三线灌装机旋转滑环电柜,,生产设备,个,,,,,0,已启用,启用,,,,否,否,13,自制,,2025-08-07 10:55:24
995,其他,7100000428,三线灌装机主控制电柜,,生产设备,个,,,,,0,已启用,启用,,,,否,否,13,自制,,2025-08-07 10:55:24
996,其他,7100000427,三线灌装机电气控制电柜,,生产设备,个,,,,,0,已启用,启用,,,,否,否,13,自制,,2025-08-07 10:55:24
997,其他,7100000426,二车间三线灌装机,,生产设备,个,,,,,0,已启用,启用,,,,否,否,13,自制,,2025-08-07 10:55:24
998,其他,7100000425,三线APV红牛过滤器,,生产设备,个,,,,,0,已启用,启用,,,,否,否,13,自制,,2025-08-07 10:55:24
999,其他,7100000424,三线APV红牛回流单元,,生产设备,个,,,,,0,已启用,启用,,,,否,否,13,自制,,2025-08-07 10:55:24
1000,其他,7100000423,三线APV红牛加热单元,,生产设备,个,,,,,0,已启用,启用,,,,否,否,13,自制,,2025-08-07 10:55:24
1001,其他,7100000422,三线APV制热水单元,,生产设备,个,,,,,0,已启用,启用,,,,否,否,13,自制,,2025-08-07 10:55:24
1002,其他,7100000421,三线杀菌系统电气主控制柜,,生产设备,个,,,,,0,已启用,启用,,,,否,否,13,自制,,2025-08-07 10:55:24
1003,其他,7100000420,二车间三线巴氏杀菌机,,生产设备,个,,,,,0,已启用,启用,,,,否,否,13,自制,,2025-08-07 10:55:24
1004,其他,7100000419,二车间三线灌装机组,,生产设备,个,,,,,0,已启用,启用,,,,否,否,13,自制,,2025-08-07 10:55:24
1005,其他,7100000418,三线空罐检测剔除单元,,生产设备,个,,,,,0,已启用,启用,,,,否,否,13,自制,,2025-08-07 10:55:24
1006,其他,7100000417,三线空罐检测真空泵单元,,生产设备,个,,,,,0,已启用,启用,,,,否,否,13,自制,,2025-08-07 10:55:24
1007,其他,7100000416,三线空罐检测检查摄像机,,生产设备,个,,,,,0,已启用,启用,,,,否,否,13,自制,,2025-08-07 10:55:24
1008,其他,7100000415,三线空罐检测主控制电柜,,生产设备,个,,,,,0,已启用,启用,,,,否,否,13,自制,,2025-08-07 10:55:24
1009,其他,7100000414,二车间三线空罐检验仪,,生产设备,个,,,,,0,已启用,启用,,,,否,否,13,自制,,2025-08-07 10:55:24
1010,其他,7100000413,三线洗罐水过滤装置,,生产设备,个,,,,,0,已启用,启用,,,,否,否,13,自制,,2025-08-07 10:55:24
1011,其他,7100000412,三线一级循环水循环单元,,生产设备,个,,,,,0,已启用,启用,,,,否,否,13,自制,,2025-08-07 10:55:24
1012,其他,7100000411,三线二级洗罐喷头组,,生产设备,个,,,,,0,已启用,启用,,,,否,否,13,自制,,2025-08-07 10:55:24
1013,其他,7100000410,三线一级洗罐喷头组,,生产设备,个,,,,,0,已启用,启用,,,,否,否,13,自制,,2025-08-07 10:55:24
1014,其他,7100000409,三线洗罐喷头组,,生产设备,个,,,,,0,已启用,启用,,,,否,否,13,自制,,2025-08-07 10:55:24
1015,其他,7100000408,三线洗罐槽,,生产设备,个,,,,,0,已启用,启用,,,,否,否,13,自制,,2025-08-07 10:55:24
1016,其他,7100000407,二车间三线洗罐槽,,生产设备,个,,,,,0,已启用,启用,,,,否,否,13,自制,,2025-08-07 10:55:24
1017,其他,7100000406,三线卸垛机纸皮隔板仓,,生产设备,个,,,,,0,已启用,启用,,,,否,否,13,自制,,2025-08-07 10:55:24
1018,其他,7100000405,三线卸垛机空垛盘输送系统,,生产设备,个,,,,,0,已启用,启用,,,,否,否,13,自制,,2025-08-07 10:55:24
1019,其他,7100000404,三线卸垛机纸皮隔板旋转抓手,,生产设备,个,,,,,0,已启用,启用,,,,否,否,13,自制,,2025-08-07 10:55:24
1020,其他,7100000403,三线卸垛机空罐推罐系统,,生产设备,个,,,,,0,已启用,启用,,,,否,否,13,自制,,2025-08-07 10:55:24
1021,其他,7100000402,三线卸垛机空罐提升系统,,生产设备,个,,,,,0,已启用,启用,,,,否,否,13,自制,,2025-08-07 10:55:24
1022,其他,7100000401,三线垛盘输送带,,生产设备,个,,,,,0,已启用,启用,,,,否,否,13,自制,,2025-08-07 10:55:24
1023,其他,7100000400,三线卸垛机电气控制柜,,生产设备,个,,,,,0,已启用,启用,,,,否,否,13,自制,,2025-08-07 10:55:24
1024,其他,7100000399,二车间三线卸垛机,,生产设备,个,,,,,0,已启用,启用,,,,否,否,13,自制,,2025-08-07 10:55:24
1025,其他,7100000398,二车间三线卸垛机组,,生产设备,个,,,,,0,已启用,启用,,,,否,否,13,自制,,2025-08-07 10:55:24
1026,其他,7100000397,二车间罐内压力测定仪-2,,生产设备,个,,,,,0,已启用,启用,,,,否,否,13,自制,,2025-08-07 10:55:24
1027,其他,7100000396,二车间罐内压力测定仪,,生产设备,个,,,,,0,已启用,启用,,,,否,否,13,自制,,2025-08-07 10:55:24
1028,其他,7100000395,二车间液体系统自动排空阀,,生产设备,个,,,,,0,已启用,启用,,,,否,否,13,自制,,2025-08-07 10:55:24
1029,其他,7100000394,二车间配料内316外304成品罐-4,,生产设备,个,,,,,0,已启用,启用,,,,否,否,13,自制,,2025-08-07 10:55:24
1030,其他,7100000393,二车间配料内316外304成品罐-3,,生产设备,个,,,,,0,已启用,启用,,,,否,否,13,自制,,2025-08-07 10:55:24
1031,其他,7100000392,二车间配料内316外304成品罐-2,,生产设备,个,,,,,0,已启用,启用,,,,否,否,13,自制,,2025-08-07 10:55:24
1032,其他,7100000391,二车间配料内316外304成品罐,,生产设备,个,,,,,0,已启用,启用,,,,否,否,13,自制,,2025-08-07 10:55:24
1033,其他,7100000390,二车间配料系统不锈钢辅助设施设备,,生产设备,个,,,,,0,已启用,启用,,,,否,否,13,自制,,2025-08-07 10:55:24
1034,其他,7100000389,二车间配料车间非物料系统,,生产设备,个,,,,,0,已启用,启用,,,,否,否,13,自制,,2025-08-07 10:55:24
1035,其他,7100000388,二车间成品系统,,生产设备,个,,,,,0,已启用,启用,,,,否,否,13,自制,,2025-08-07 10:55:24
1036,其他,7100000387,二车间过滤器3,,生产设备,个,,,,,0,已启用,启用,,,,否,否,13,自制,,2025-08-07 10:55:24
1037,其他,7100000386,二车间配料成品过滤器2,,生产设备,个,,,,,0,已启用,启用,,,,否,否,13,自制,,2025-08-07 10:55:24
1038,其他,7100000385,二车间配料成品过滤器1,,生产设备,个,,,,,0,已启用,启用,,,,否,否,13,自制,,2025-08-07 10:55:24
1039,其他,7100000384,二车间配料内316外304配料罐-2,,生产设备,个,,,,,0,已启用,启用,,,,否,否,13,自制,,2025-08-07 10:55:24
1040,其他,7100000383,二车间配料内316外304配料罐,,生产设备,个,,,,,0,已启用,启用,,,,否,否,13,自制,,2025-08-07 10:55:24
1041,其他,7100000382,二车间配料车间物料系统,,生产设备,个,,,,,0,已启用,启用,,,,否,否,13,自制,,2025-08-07 10:55:24
1042,其他,7100000381,二车间配料系统-2,,生产设备,个,,,,,0,已启用,启用,,,,否,否,13,自制,,2025-08-07 10:55:24
1043,其他,7100000380,二车间配料内316外304化糖罐2,,生产设备,个,,,,,0,已启用,启用,,,,否,否,13,自制,,2025-08-07 10:55:24
1044,其他,7100000379,二车间配料内316外304化糖罐1,,生产设备,个,,,,,0,已启用,启用,,,,否,否,13,自制,,2025-08-07 10:55:24
1045,其他,7100000378,二车间配料系统抽风系统抽风管,,生产设备,个,,,,,0,已启用,启用,,,,否,否,13,自制,,2025-08-07 10:55:24
1046,其他,7100000377,二车间化糖系统,,生产设备,个,,,,,0,已启用,启用,,,,否,否,13,自制,,2025-08-07 10:55:24
1047,其他,7100000376,二车间RO水过滤器,,生产设备,个,,,,,0,已启用,启用,,,,否,否,13,自制,,2025-08-07 10:55:24
1048,其他,7100000375,二车间配料杀菌水箱,,生产设备,个,,,,,0,已启用,启用,,,,否,否,13,自制,,2025-08-07 10:55:24
1049,其他,7100000374,二车间配料304热水罐2,,生产设备,个,,,,,0,已启用,启用,,,,否,否,13,自制,,2025-08-07 10:55:24
1050,其他,7100000373,二车间配料304冷水罐1,,生产设备,个,,,,,0,已启用,启用,,,,否,否,13,自制,,2025-08-07 10:55:24
1051,其他,7100000372,二车间配料系统热水箱,,生产设备,个,,,,,0,已启用,启用,,,,否,否,13,自制,,2025-08-07 10:55:24
1052,其他,7100000371,二车间配料系统纯水罐,,生产设备,个,,,,,0,已启用,启用,,,,否,否,13,自制,,2025-08-07 10:55:24
1053,其他,7100000370,二车间配料RO水系统,,生产设备,个,,,,,0,已启用,启用,,,,否,否,13,自制,,2025-08-07 10:55:24
1054,其他,7100000369,二车间配料系统不锈钢配电柜5,,生产设备,个,,,,,0,已启用,启用,,,,否,否,13,自制,,2025-08-07 10:55:24
1055,其他,7100000368,二车间配料系统不锈钢配电柜4,,生产设备,个,,,,,0,已启用,启用,,,,否,否,13,自制,,2025-08-07 10:55:24
1056,其他,7100000367,二车间配料系统不锈钢配电柜3,,生产设备,个,,,,,0,已启用,启用,,,,否,否,13,自制,,2025-08-07 10:55:24
1057,其他,7100000366,二车间配料系统不锈钢配电柜2,,生产设备,个,,,,,0,已启用,启用,,,,否,否,13,自制,,2025-08-07 10:55:24
1058,其他,7100000365,二车间配料系统USP电源1000VA,,生产设备,个,,,,,0,已启用,启用,,,,否,否,13,自制,,2025-08-07 10:55:24
1059,其他,7100000364,二车间配料系统工业控制电脑,,生产设备,个,,,,,0,已启用,启用,,,,否,否,13,自制,,2025-08-07 10:55:24
1060,其他,7100000363,二车间配料系统不锈钢配电柜1,,生产设备,个,,,,,0,已启用,启用,,,,否,否,13,自制,,2025-08-07 10:55:24
1061,其他,7100000362,二车间配料自动控制系统,,生产设备,个,,,,,0,已启用,启用,,,,否,否,13,自制,,2025-08-07 10:55:24
1062,其他,7100000361,二车间配料系统,,生产设备,个,,,,,0,已启用,启用,,,,否,否,13,自制,,2025-08-07 10:55:24
1063,其他,7100000360,二线洗罐水回收,,生产设备,个,,,,,0,已启用,启用,,,,否,否,13,自制,,2025-08-07 10:55:24
1064,其他,7100000359,一线洗罐水回收,,生产设备,个,,,,,0,已启用,启用,,,,否,否,13,自制,,2025-08-07 10:55:24
1065,其他,7100000358,一车间洗罐水回收装置,,生产设备,个,,,,,0,已启用,启用,,,,否,否,13,自制,,2025-08-07 10:55:24
1066,其他,7100000357,一车间配料水箱,,生产设备,个,,,,,0,已启用,启用,,,,否,否,13,自制,,2025-08-07 10:55:24
1067,其他,7100000356,一车间配料音叉传感器9,,生产设备,个,,,,,0,已启用,启用,,,,否,否,13,自制,,2025-08-07 10:55:24
1068,其他,7100000355,一车间配料音叉传感器8,,生产设备,个,,,,,0,已启用,启用,,,,否,否,13,自制,,2025-08-07 10:55:24
1069,其他,7100000354,一车间配料音叉传感器7,,生产设备,个,,,,,0,已启用,启用,,,,否,否,13,自制,,2025-08-07 10:55:24
1070,其他,7100000353,一车间配料音叉传感器6,,生产设备,个,,,,,0,已启用,启用,,,,否,否,13,自制,,2025-08-07 10:55:24
1071,其他,7100000352,一车间配料音叉传感器5,,生产设备,个,,,,,0,已启用,启用,,,,否,否,13,自制,,2025-08-07 10:55:24
1072,其他,7100000351,一车间配料音叉传感器4,,生产设备,个,,,,,0,已启用,启用,,,,否,否,13,自制,,2025-08-07 10:55:24
1073,其他,7100000350,一车间配料音叉传感器3,,生产设备,个,,,,,0,已启用,启用,,,,否,否,13,自制,,2025-08-07 10:55:24
1074,其他,7100000349,一车间配料音叉传感器2,,生产设备,个,,,,,0,已启用,启用,,,,否,否,13,自制,,2025-08-07 10:55:24
1075,其他,7100000348,一车间配料音叉传感器1,,生产设备,个,,,,,0,已启用,启用,,,,否,否,13,自制,,2025-08-07 10:55:24
1076,其他,7100000347,一车间配料吸烟机,,生产设备,个,,,,,0,已启用,启用,,,,否,否,13,自制,,2025-08-07 10:55:24
1077,其他,7100000346,一车间配料电柜,,生产设备,个,,,,,0,已启用,启用,,,,否,否,13,自制,,2025-08-07 10:55:24
1078,其他,7100000345,一车间配料自控系统,,生产设备,个,,,,,0,已启用,启用,,,,否,否,13,自制,,2025-08-07 10:55:24
1079,其他,7100000344,一车间配料成品缸2,,生产设备,个,,,,,0,已启用,启用,,,,否,否,13,自制,,2025-08-07 10:55:24
1080,其他,7100000343,一车间配料成品缸1,,生产设备,个,,,,,0,已启用,启用,,,,否,否,13,自制,,2025-08-07 10:55:24
1081,其他,7100000342,一车间配料成品系统,,生产设备,个,,,,,0,已启用,启用,,,,否,否,13,自制,,2025-08-07 10:55:24
1082,其他,7100000341,一车间过滤器5,,生产设备,个,,,,,0,已启用,启用,,,,否,否,13,自制,,2025-08-07 10:55:24
1083,其他,7100000340,一车间过滤器4,,生产设备,个,,,,,0,已启用,启用,,,,否,否,13,自制,,2025-08-07 10:55:24
1084,其他,7100000339,一车间配料缸2,,生产设备,个,,,,,0,已启用,启用,,,,否,否,13,自制,,2025-08-07 10:55:24
1085,其他,7100000338,一车间配料缸1,,生产设备,个,,,,,0,已启用,启用,,,,否,否,13,自制,,2025-08-07 10:55:24
1086,其他,7100000337,一车间配料系统-2,,生产设备,个,,,,,0,已启用,启用,,,,否,否,13,自制,,2025-08-07 10:55:24
1087,其他,7100000336,一车间配料化糖缸2,,生产设备,个,,,,,0,已启用,启用,,,,否,否,13,自制,,2025-08-07 10:55:24
1088,其他,7100000335,一车间配料化糖缸1,,生产设备,个,,,,,0,已启用,启用,,,,否,否,13,自制,,2025-08-07 10:55:24
1089,其他,7100000334,一车间配料溶糖系统,,生产设备,个,,,,,0,已启用,启用,,,,否,否,13,自制,,2025-08-07 10:55:24
1090,其他,7100000333,一车间配料热水系统,,生产设备,个,,,,,0,已启用,启用,,,,否,否,13,自制,,2025-08-07 10:55:24
1091,其他,7100000332,一车间配料过滤器3,,生产设备,个,,,,,0,已启用,启用,,,,否,否,13,自制,,2025-08-07 10:55:24
1092,其他,7100000331,一车间配料冷水缸2,,生产设备,个,,,,,0,已启用,启用,,,,否,否,13,自制,,2025-08-07 10:55:24
1093,其他,7100000330,一车间配料冷水缸1,,生产设备,个,,,,,0,已启用,启用,,,,否,否,13,自制,,2025-08-07 10:55:24
1094,其他,7100000329,一车间配料冷水系统,,生产设备,个,,,,,0,已启用,启用,,,,否,否,13,自制,,2025-08-07 10:55:24
1095,其他,7100000328,一车间配料RO水系统,,生产设备,个,,,,,0,已启用,启用,,,,否,否,13,自制,,2025-08-07 10:55:24
1096,其他,7100000327,一车间配料系统,,生产设备,个,,,,,0,已启用,启用,,,,否,否,13,自制,,2025-08-07 10:55:24
1097,其他,7100000326,二线封箱段输送链道,,生产设备,个,,,,,0,已启用,启用,,,,否,否,13,自制,,2025-08-07 10:55:24
1098,其他,7100000325,二线箱码段输送链道,,生产设备,个,,,,,0,已启用,启用,,,,否,否,13,自制,,2025-08-07 10:55:24
1099,其他,7100000324,二线箱输送链控制电柜,,生产设备,个,,,,,0,已启用,启用,,,,否,否,13,自制,,2025-08-07 10:55:24
1100,其他,7100000323,一车间二线包装箱输送带,,生产设备,个,,,,,0,已启用,启用,,,,否,否,13,自制,,2025-08-07 10:55:24
1101,其他,7100000322,一车间二线输送带润滑系统,,生产设备,个,,,,,0,已启用,启用,,,,否,否,13,自制,,2025-08-07 10:55:24
1102,其他,7100000321,二线链道改造,,生产设备,个,,,,,0,已启用,启用,,,,否,否,13,自制,,2025-08-07 10:55:24
1103,其他,7100000320,二线膜包入口段输送链道,,生产设备,个,,,,,0,已启用,启用,,,,否,否,13,自制,,2025-08-07 10:55:24
1104,其他,7100000319,二线打码段输送链道,,生产设备,个,,,,,0,已启用,启用,,,,否,否,13,自制,,2025-08-07 10:55:24
1105,其他,7100000318,二线灌装出口段输送链道,,生产设备,个,,,,,0,已启用,启用,,,,否,否,13,自制,,2025-08-07 10:55:24
1106,其他,7100000317,二线空罐无压输送链道,,生产设备,个,,,,,0,已启用,启用,,,,否,否,13,自制,,2025-08-07 10:55:24
1107,其他,7100000316,二线空罐输送带控制电柜,,生产设备,个,,,,,0,已启用,启用,,,,否,否,13,自制,,2025-08-07 10:55:24
1108,其他,7100000315,一车间二线容器输送带,,生产设备,个,,,,,0,已启用,启用,,,,否,否,13,自制,,2025-08-07 10:55:24
1109,其他,7100000314,输送链道-2,,生产设备,个,,,,,0,已启用,启用,,,,否,否,13,自制,,2025-08-07 10:55:24
1110,其他,7100000313,二线垛盘输送链道,,生产设备,个,,,,,0,已启用,启用,,,,否,否,13,自制,,2025-08-07 10:55:24
1111,其他,7100000312,二线垛盘仓,,生产设备,个,,,,,0,已启用,启用,,,,否,否,13,自制,,2025-08-07 10:55:24
1112,其他,7100000311,二线码垛机托盘输送单元,,生产设备,个,,,,,0,已启用,启用,,,,否,否,13,自制,,2025-08-07 10:55:24
1113,其他,7100000310,二线码垛机机器人机身D轴,,生产设备,个,,,,,0,已启用,启用,,,,否,否,13,自制,,2025-08-07 10:55:24
1114,其他,7100000309,二线码垛机机器人机身C轴,,生产设备,个,,,,,0,已启用,启用,,,,否,否,13,自制,,2025-08-07 10:55:24
1115,其他,7100000308,二线码垛机机器人机身B轴,,生产设备,个,,,,,0,已启用,启用,,,,否,否,13,自制,,2025-08-07 10:55:24
1116,其他,7100000307,二线码垛机机器人抓手A轴,,生产设备,个,,,,,0,已启用,启用,,,,否,否,13,自制,,2025-08-07 10:55:24
1117,其他,7100000306,二线码垛机机器人,,生产设备,个,,,,,0,已启用,启用,,,,否,否,13,自制,,2025-08-07 10:55:24
1118,其他,7100000305,二线码垛机抓取分箱单元,,生产设备,个,,,,,0,已启用,启用,,,,否,否,13,自制,,2025-08-07 10:55:24
1119,其他,7100000304,二线码垛机进箱输送链道,,生产设备,个,,,,,0,已启用,启用,,,,否,否,13,自制,,2025-08-07 10:55:24
1120,其他,7100000303,二线码垛机输送链道控制柜,,生产设备,个,,,,,0,已启用,启用,,,,否,否,13,自制,,2025-08-07 10:55:24
1121,其他,7100000302,二线码垛机机器人控制柜,,生产设备,个,,,,,0,已启用,启用,,,,否,否,13,自制,,2025-08-07 10:55:24
1122,其他,7100000301,二线码垛机电气控制柜,,生产设备,个,,,,,0,已启用,启用,,,,否,否,13,自制,,2025-08-07 10:55:24
1123,其他,7100000300,一车间二线码垛机,,生产设备,个,,,,,0,已启用,启用,,,,否,否,13,自制,,2025-08-07 10:55:24
1124,其他,7100000299,二线称重机传感器单元,,生产设备,个,,,,,0,已启用,启用,,,,否,否,13,自制,,2025-08-07 10:55:24
1125,其他,7100000298,二线称重机箱输送单元,,生产设备,个,,,,,0,已启用,启用,,,,否,否,13,自制,,2025-08-07 10:55:24
1126,其他,7100000297,二线称重机电气控制箱,,生产设备,个,,,,,0,已启用,启用,,,,否,否,13,自制,,2025-08-07 10:55:24
1127,其他,7100000296,一车间二线检重称,,生产设备,个,,,,,0,已启用,启用,,,,否,否,13,自制,,2025-08-07 10:55:24
1128,其他,7100000295,二线承重型无动力滚筒输送,,生产设备,个,,,,,0,已启用,启用,,,,否,否,13,自制,,2025-08-07 10:55:24
1129,其他,7100000294,二线封箱机封胶带单元,,生产设备,个,,,,,0,已启用,启用,,,,否,否,13,自制,,2025-08-07 10:55:24
1130,其他,7100000293,二线封箱机进箱滚轮输送,,生产设备,个,,,,,0,已启用,启用,,,,否,否,13,自制,,2025-08-07 10:55:24
1131,其他,7100000292,一车间二线封箱机,,生产设备,个,,,,,0,已启用,启用,,,,否,否,13,自制,,2025-08-07 10:55:24
1132,其他,7100000291,二线外箱码激光机烟雾净化器,,生产设备,个,,,,,0,已启用,启用,,,,否,否,13,自制,,2025-08-07 10:55:24
1133,其他,7100000290,二线外箱码激光机传感器单元,,生产设备,个,,,,,0,已启用,启用,,,,否,否,13,自制,,2025-08-07 10:55:24
1134,其他,7100000289,二线外箱码激光机激光头单元,,生产设备,个,,,,,0,已启用,启用,,,,否,否,13,自制,,2025-08-07 10:55:24
1135,其他,7100000288,二线外箱码激光机主控电脑,,生产设备,个,,,,,0,已启用,启用,,,,否,否,13,自制,,2025-08-07 10:55:24
1136,其他,7100000287,一车间二线外箱激光机,,生产设备,个,,,,,0,已启用,启用,,,,否,否,13,自制,,2025-08-07 10:55:24
1137,其他,7100000286,一车间二线码垛机组,,生产设备,个,,,,,0,已启用,启用,,,,否,否,13,自制,,2025-08-07 10:55:24
1138,其他,7100000285,二线不锈钢投标机,,生产设备,个,,,,,0,已启用,启用,,,,否,否,13,自制,,2025-08-07 10:55:24
1139,其他,7100000284,二线包装机成型单元,,生产设备,个,,,,,0,已启用,启用,,,,否,否,13,自制,,2025-08-07 10:55:24
1140,其他,7100000283,二线包装机折叠单元,,生产设备,个,,,,,0,已启用,启用,,,,否,否,13,自制,,2025-08-07 10:55:24
1141,其他,7100000282,二线包装机包装单元,,生产设备,个,,,,,0,已启用,启用,,,,否,否,13,自制,,2025-08-07 10:55:24
1142,其他,7100000281,二线包装机热熔胶机,,生产设备,个,,,,,0,已启用,启用,,,,否,否,13,自制,,2025-08-07 10:55:24
1143,其他,7100000280,二线包装机真空泵,,生产设备,个,,,,,0,已启用,启用,,,,否,否,13,自制,,2025-08-07 10:55:24
1144,其他,7100000279,二线包装机分纸皮单元,,生产设备,个,,,,,0,已启用,启用,,,,否,否,13,自制,,2025-08-07 10:55:24
1145,其他,7100000278,二线包装机进纸皮单元,,生产设备,个,,,,,0,已启用,启用,,,,否,否,13,自制,,2025-08-07 10:55:24
1146,其他,7100000277,二线包装机纸皮输送系统,,生产设备,个,,,,,0,已启用,启用,,,,否,否,13,自制,,2025-08-07 10:55:24
1147,其他,7100000276,二线包装机分瓶单元-2,,生产设备,个,,,,,0,已启用,启用,,,,否,否,13,自制,,2025-08-07 10:55:24
1148,其他,7100000275,二线包装机进瓶单元-2,,生产设备,个,,,,,0,已启用,启用,,,,否,否,13,自制,,2025-08-07 10:55:24
1149,其他,7100000274,二线包装机电气控制柜-2,,生产设备,个,,,,,0,已启用,启用,,,,否,否,13,自制,,2025-08-07 10:55:24
1150,其他,7100000273,二线包装机分瓶单元,,生产设备,个,,,,,0,已启用,启用,,,,否,否,13,自制,,2025-08-07 10:55:24
1151,其他,7100000272,二线包装机进瓶单元,,生产设备,个,,,,,0,已启用,启用,,,,否,否,13,自制,,2025-08-07 10:55:24
1152,其他,7100000271,二线包装机电气控制柜,,生产设备,个,,,,,0,已启用,启用,,,,否,否,13,自制,,2025-08-07 10:55:24
1153,其他,7100000270,一车间二线纸箱包装机,,生产设备,个,,,,,0,已启用,启用,,,,否,否,13,自制,,2025-08-07 10:55:24
1154,其他,7100000269,二线热缩机收缩烘炉,,生产设备,个,,,,,0,已启用,启用,,,,否,否,13,自制,,2025-08-07 10:55:24
1155,其他,7100000268,二线热缩机裹膜单元,,生产设备,个,,,,,0,已启用,启用,,,,否,否,13,自制,,2025-08-07 10:55:24
1156,其他,7100000267,二线热缩机切膜单元,,生产设备,个,,,,,0,已启用,启用,,,,否,否,13,自制,,2025-08-07 10:55:24
1157,其他,7100000266,二线热缩机上膜单元,,生产设备,个,,,,,0,已启用,启用,,,,否,否,13,自制,,2025-08-07 10:55:24
1158,其他,7100000265,二线热缩机膜系统单元,,生产设备,个,,,,,0,已启用,启用,,,,否,否,13,自制,,2025-08-07 10:55:24
1159,其他,7100000264,二线热缩机分瓶单元,,生产设备,个,,,,,0,已启用,启用,,,,否,否,13,自制,,2025-08-07 10:55:24
1160,其他,7100000263,二线热缩机进瓶单元,,生产设备,个,,,,,0,已启用,启用,,,,否,否,13,自制,,2025-08-07 10:55:24
1161,其他,7100000262,二线热缩机电气控制柜,,生产设备,个,,,,,0,已启用,启用,,,,否,否,13,自制,,2025-08-07 10:55:24
1162,其他,7100000261,一车间二线缩膜包装机,,生产设备,个,,,,,0,已启用,启用,,,,否,否,13,自制,,2025-08-07 10:55:24
1163,其他,7100000260,二线墨码检测传感器单元,,生产设备,个,,,,,0,已启用,启用,,,,否,否,13,自制,,2025-08-07 10:55:24
1164,其他,7100000259,二线墨码检测摄像机,,生产设备,个,,,,,0,已启用,启用,,,,否,否,13,自制,,2025-08-07 10:55:24
1165,其他,7100000258,二线墨码检测主控电脑,,生产设备,个,,,,,0,已启用,启用,,,,否,否,13,自制,,2025-08-07 10:55:24
1166,其他,7100000257,一车间二线喷码检测,,生产设备,个,,,,,0,已启用,启用,,,,否,否,13,自制,,2025-08-07 10:55:24
1167,其他,7100000256,二线异盖检传感器单元,,生产设备,个,,,,,0,已启用,启用,,,,否,否,13,自制,,2025-08-07 10:55:24
1168,其他,7100000255,二线异盖检测摄像机,,生产设备,个,,,,,0,已启用,启用,,,,否,否,13,自制,,2025-08-07 10:55:24
1169,其他,7100000254,二线异盖检测主控电脑,,生产设备,个,,,,,0,已启用,启用,,,,否,否,13,自制,,2025-08-07 10:55:24
1170,其他,7100000253,一车间二线异盖检测仪,,生产设备,个,,,,,0,已启用,启用,,,,否,否,13,自制,,2025-08-07 10:55:24
1171,其他,7100000252,二线墨码机传感器单元,,生产设备,个,,,,,0,已启用,启用,,,,否,否,13,自制,,2025-08-07 10:55:24
1172,其他,7100000251,二线墨码机喷头单元,,生产设备,个,,,,,0,已启用,启用,,,,否,否,13,自制,,2025-08-07 10:55:24
1173,其他,7100000250,二线墨码机主控电脑,,生产设备,个,,,,,0,已启用,启用,,,,否,否,13,自制,,2025-08-07 10:55:24
1174,其他,7100000249,一车间二线喷码机,,生产设备,个,,,,,0,已启用,启用,,,,否,否,13,自制,,2025-08-07 10:55:24
1175,其他,7100000248,一车间二线内压检测机3,,生产设备,个,,,,,0,已启用,启用,,,,否,否,13,自制,,2025-08-07 10:55:24
1176,其他,7100000247,一车间二线内压检测机2,,生产设备,个,,,,,0,已启用,启用,,,,否,否,13,自制,,2025-08-07 10:55:24
1177,其他,7100000246,一车间二线内压检测机1,,生产设备,个,,,,,0,已启用,启用,,,,否,否,13,自制,,2025-08-07 10:55:24
1178,其他,7100000245,二线罐底码激光机烟雾净化器,,生产设备,个,,,,,0,已启用,启用,,,,否,否,13,自制,,2025-08-07 10:55:24
1179,其他,7100000244,二线罐底码激光机传感器单元,,生产设备,个,,,,,0,已启用,启用,,,,否,否,13,自制,,2025-08-07 10:55:24
1180,其他,7100000243,二线罐底码激光机激光头单元,,生产设备,个,,,,,0,已启用,启用,,,,否,否,13,自制,,2025-08-07 10:55:24
1181,其他,7100000242,二线罐底码激光机主控电脑,,生产设备,个,,,,,0,已启用,启用,,,,否,否,13,自制,,2025-08-07 10:55:24
1182,其他,7100000241,一车间二线罐底激光打码机,,生产设备,个,,,,,0,已启用,启用,,,,否,否,13,自制,,2025-08-07 10:55:24
1183,其他,7100000240,二线液位检测传感器单元,,生产设备,个,,,,,0,已启用,启用,,,,否,否,13,自制,,2025-08-07 10:55:24
1184,其他,7100000239,二线液位检测x射线源,,生产设备,个,,,,,0,已启用,启用,,,,否,否,13,自制,,2025-08-07 10:55:24
1185,其他,7100000238,二线液位检测电气控制箱,,生产设备,个,,,,,0,已启用,启用,,,,否,否,13,自制,,2025-08-07 10:55:24
1186,其他,7100000237,一车间二线液位检测仪,,生产设备,个,,,,,0,已启用,启用,,,,否,否,13,自制,,2025-08-07 10:55:24
1187,其他,7100000236,二线吹风系统鼓风机单元,,生产设备,个,,,,,0,已启用,启用,,,,否,否,13,自制,,2025-08-07 10:55:24
1188,其他,7100000235,二线吹风系统电气控制箱,,生产设备,个,,,,,0,已启用,启用,,,,否,否,13,自制,,2025-08-07 10:55:24
1189,其他,7100000234,一车间二线吹干机2,,生产设备,个,,,,,0,已启用,启用,,,,否,否,13,自制,,2025-08-07 10:55:24
1190,其他,7100000233,一车间二线吹干机1,,生产设备,个,,,,,0,已启用,启用,,,,否,否,13,自制,,2025-08-07 10:55:24
1191,其他,7100000232,二线冷却机罐输送单元,,生产设备,个,,,,,0,已启用,启用,,,,否,否,13,自制,,2025-08-07 10:55:24
1192,其他,7100000231,二线冷却机水循环水泵,,生产设备,个,,,,,0,已启用,启用,,,,否,否,13,自制,,2025-08-07 10:55:24
1193,其他,7100000230,二线冷却机冷却塔,,生产设备,个,,,,,0,已启用,启用,,,,否,否,13,自制,,2025-08-07 10:55:24
1194,其他,7100000229,二线冷却机冷却水循环系统,,生产设备,个,,,,,0,已启用,启用,,,,否,否,13,自制,,2025-08-07 10:55:24
1195,其他,7100000228,二线冷却机喷淋系统,,生产设备,个,,,,,0,已启用,启用,,,,否,否,13,自制,,2025-08-07 10:55:24
1196,其他,7100000227,二线冷却机电气控制柜,,生产设备,个,,,,,0,已启用,启用,,,,否,否,13,自制,,2025-08-07 10:55:24
1197,其他,7100000226,一车间二线冷罐机,,生产设备,个,,,,,0,已启用,启用,,,,否,否,13,自制,,2025-08-07 10:55:24
1198,其他,7100000225,一车间二线打码机组,,生产设备,个,,,,,0,已启用,启用,,,,否,否,13,自制,,2025-08-07 10:55:24
1199,其他,7100000224,二线注氮机注氮控制,,生产设备,个,,,,,0,已启用,启用,,,,否,否,13,自制,,2025-08-07 10:55:24
1200,其他,7100000223,二线注氮机汇流排,,生产设备,个,,,,,0,已启用,启用,,,,否,否,13,自制,,2025-08-07 10:55:24
1201,其他,7100000222,二线注氮机进氮控制,,生产设备,个,,,,,0,已启用,启用,,,,否,否,13,自制,,2025-08-07 10:55:24
1202,其他,7100000221,二线注氮机主体,,生产设备,个,,,,,0,已启用,启用,,,,否,否,13,自制,,2025-08-07 10:55:24
1203,其他,7100000220,二线注氮机电气控制箱,,生产设备,个,,,,,0,已启用,启用,,,,否,否,13,自制,,2025-08-07 10:55:24
1204,其他,7100000219,一车间二线注氮机2,,生产设备,个,,,,,0,已启用,启用,,,,否,否,13,自制,,2025-08-07 10:55:24
1205,其他,7100000218,一车间二线注氮机1,,生产设备,个,,,,,0,已启用,启用,,,,否,否,13,自制,,2025-08-07 10:55:24
1206,其他,7100000217,二线封盖机润滑油泵,,生产设备,个,,,,,0,已启用,启用,,,,否,否,13,自制,,2025-08-07 10:55:24
1207,其他,7100000216,二线封盖机拔杆链条,,生产设备,个,,,,,0,已启用,启用,,,,否,否,13,自制,,2025-08-07 10:55:24
1208,其他,7100000215,二线封盖机驱动电机,,生产设备,个,,,,,0,已启用,启用,,,,否,否,13,自制,,2025-08-07 10:55:24
1209,其他,7100000214,二线封盖机罐传送单元,,生产设备,个,,,,,0,已启用,启用,,,,否,否,13,自制,,2025-08-07 10:55:24
1210,其他,7100000213,二线封盖机封盖单元,,生产设备,个,,,,,0,已启用,启用,,,,否,否,13,自制,,2025-08-07 10:55:24
1211,其他,7100000212,二线封盖机下盖单元,,生产设备,个,,,,,0,已启用,启用,,,,否,否,13,自制,,2025-08-07 10:55:24
1212,其他,7100000211,二线封盖机电气控制柜,,生产设备,个,,,,,0,已启用,启用,,,,否,否,13,自制,,2025-08-07 10:55:24
1213,其他,7100000210,一车间二线封口机,,生产设备,个,,,,,0,已启用,启用,,,,否,否,13,自制,,2025-08-07 10:55:24
1214,其他,7100000209,二线3D热灌装保护装置,,生产设备,个,,,,,0,已启用,启用,,,,否,否,13,自制,,2025-08-07 10:55:24
1215,其他,7100000208,二线灌装机驱动轴,,生产设备,个,,,,,0,已启用,启用,,,,否,否,13,自制,,2025-08-07 10:55:24
1216,其他,7100000207,二线灌装机驱动自动润滑,,生产设备,个,,,,,0,已启用,启用,,,,否,否,13,自制,,2025-08-07 10:55:24
1217,其他,7100000206,二线灌装机驱动传动,,生产设备,个,,,,,0,已启用,启用,,,,否,否,13,自制,,2025-08-07 10:55:24
1218,其他,7100000205,二线灌装机灌注阀组,,生产设备,个,,,,,0,已启用,启用,,,,否,否,13,自制,,2025-08-07 10:55:24
1219,其他,7100000204,二线灌装阀控制系统,,生产设备,个,,,,,0,已启用,启用,,,,否,否,13,自制,,2025-08-07 10:55:24
1220,其他,7100000203,二线灌装机中央分配器,,生产设备,个,,,,,0,已启用,启用,,,,否,否,13,自制,,2025-08-07 10:55:24
1221,其他,7100000202,二线灌装机外环缸,,生产设备,个,,,,,0,已启用,启用,,,,否,否,13,自制,,2025-08-07 10:55:24
1222,其他,7100000201,二线灌装机内环缸,,生产设备,个,,,,,0,已启用,启用,,,,否,否,13,自制,,2025-08-07 10:55:24
1223,其他,7100000200,二线灌装机环缸,,生产设备,个,,,,,0,已启用,启用,,,,否,否,13,自制,,2025-08-07 10:55:24
1224,其他,7100000199,二线灌装阀回流缓冲缸,,生产设备,个,,,,,0,已启用,启用,,,,否,否,13,自制,,2025-08-07 10:55:24
1225,其他,7100000198,二线灌装阀阵进料高位缸,,生产设备,个,,,,,0,已启用,启用,,,,否,否,13,自制,,2025-08-07 10:55:24
1226,其他,7100000197,二线灌装阀阵气动控制柜,,生产设备,个,,,,,0,已启用,启用,,,,否,否,13,自制,,2025-08-07 10:55:24
1227,其他,7100000196,二线灌装阀阵,,生产设备,个,,,,,0,已启用,启用,,,,否,否,13,自制,,2025-08-07 10:55:24
1228,其他,7100000195,二线灌装机操作电柜,,生产设备,个,,,,,0,已启用,启用,,,,否,否,13,自制,,2025-08-07 10:55:24
1229,其他,7100000194,二线灌装机旋转滑环电柜,,生产设备,个,,,,,0,已启用,启用,,,,否,否,13,自制,,2025-08-07 10:55:24
1230,其他,7100000193,二线灌装机主控制电柜,,生产设备,个,,,,,0,已启用,启用,,,,否,否,13,自制,,2025-08-07 10:55:24
1231,其他,7100000192,二线灌装机电气控制电柜,,生产设备,个,,,,,0,已启用,启用,,,,否,否,13,自制,,2025-08-07 10:55:24
1232,其他,7100000191,一车间二线灌装机,,生产设备,个,,,,,0,已启用,启用,,,,否,否,13,自制,,2025-08-07 10:55:24
1233,其他,7100000190,二线GEA红牛过滤器,,生产设备,个,,,,,0,已启用,启用,,,,否,否,13,自制,,2025-08-07 10:55:24
1234,其他,7100000189,二线GEA红牛回流单元,,生产设备,个,,,,,0,已启用,启用,,,,否,否,13,自制,,2025-08-07 10:55:24
1235,其他,7100000188,二线GEA钎焊工式换热器-2,,生产设备,个,,,,,0,已启用,启用,,,,否,否,13,自制,,2025-08-07 10:55:24
1236,其他,7100000187,二线GEA钎焊工式换热器,,生产设备,个,,,,,0,已启用,启用,,,,否,否,13,自制,,2025-08-07 10:55:24
1237,其他,7100000186,二线GEA红牛加热单元,,生产设备,个,,,,,0,已启用,启用,,,,否,否,13,自制,,2025-08-07 10:55:24
1238,其他,7100000185,二线GEA制热水单元,,生产设备,个,,,,,0,已启用,启用,,,,否,否,13,自制,,2025-08-07 10:55:24
1239,其他,7100000184,二线杀菌系统电气主控制柜,,生产设备,个,,,,,0,已启用,启用,,,,否,否,13,自制,,2025-08-07 10:55:24
1240,其他,7100000183,一车间二线巴氏杀菌机,,生产设备,个,,,,,0,已启用,启用,,,,否,否,13,自制,,2025-08-07 10:55:24
1241,其他,7100000182,一车间二线灌装机组,,生产设备,个,,,,,0,已启用,启用,,,,否,否,13,自制,,2025-08-07 10:55:24
1242,其他,7100000181,二线空罐检测剔除单元,,生产设备,个,,,,,0,已启用,启用,,,,否,否,13,自制,,2025-08-07 10:55:24
1243,其他,7100000180,二线空罐检测真空泵单元,,生产设备,个,,,,,0,已启用,启用,,,,否,否,13,自制,,2025-08-07 10:55:24
1244,其他,7100000179,二线空罐检测检查摄像机,,生产设备,个,,,,,0,已启用,启用,,,,否,否,13,自制,,2025-08-07 10:55:24
1245,其他,7100000178,二线空罐检测主控制电柜,,生产设备,个,,,,,0,已启用,启用,,,,否,否,13,自制,,2025-08-07 10:55:24
1246,其他,7100000177,一车间二线空罐照相检测仪,,生产设备,个,,,,,0,已启用,启用,,,,否,否,13,自制,,2025-08-07 10:55:24
1247,其他,7100000176,二线一级循环水循环单元,,生产设备,个,,,,,0,已启用,启用,,,,否,否,13,自制,,2025-08-07 10:55:24
1248,其他,7100000175,二线二级洗罐喷头组,,生产设备,个,,,,,0,已启用,启用,,,,否,否,13,自制,,2025-08-07 10:55:24
1249,其他,7100000174,二线一级洗罐喷头组,,生产设备,个,,,,,0,已启用,启用,,,,否,否,13,自制,,2025-08-07 10:55:24
1250,其他,7100000173,二线洗罐喷头组,,生产设备,个,,,,,0,已启用,启用,,,,否,否,13,自制,,2025-08-07 10:55:24
1251,其他,7100000172,二线洗罐槽,,生产设备,个,,,,,0,已启用,启用,,,,否,否,13,自制,,2025-08-07 10:55:24
1252,其他,7100000171,一车间二线洗罐槽,,生产设备,个,,,,,0,已启用,启用,,,,否,否,13,自制,,2025-08-07 10:55:24
1253,其他,7100000170,二线卸垛机纸皮隔板仓,,生产设备,个,,,,,0,已启用,启用,,,,否,否,13,自制,,2025-08-07 10:55:24
1254,其他,7100000169,二线卸垛机空垛盘输送系统,,生产设备,个,,,,,0,已启用,启用,,,,否,否,13,自制,,2025-08-07 10:55:24
1255,其他,7100000168,二线卸垛机纸皮隔板旋转抓手,,生产设备,个,,,,,0,已启用,启用,,,,否,否,13,自制,,2025-08-07 10:55:24
1256,其他,7100000167,二线卸垛机空罐推罐系统,,生产设备,个,,,,,0,已启用,启用,,,,否,否,13,自制,,2025-08-07 10:55:24
1257,其他,7100000166,二线卸垛机空罐提升系统,,生产设备,个,,,,,0,已启用,启用,,,,否,否,13,自制,,2025-08-07 10:55:24
1258,其他,7100000165,二线垛盘输送带,,生产设备,个,,,,,0,已启用,启用,,,,否,否,13,自制,,2025-08-07 10:55:24
1259,其他,7100000164,二线卸垛机电气控制柜,,生产设备,个,,,,,0,已启用,启用,,,,否,否,13,自制,,2025-08-07 10:55:24
1260,其他,7100000163,一车间二线卸垛机,,生产设备,个,,,,,0,已启用,启用,,,,否,否,13,自制,,2025-08-07 10:55:24
1261,其他,7100000162,一车间二线卸垛机组,,生产设备,个,,,,,0,已启用,启用,,,,否,否,13,自制,,2025-08-07 10:55:24
1262,其他,7100000161,一线垛盘输送链道,,生产设备,个,,,,,0,已启用,启用,,,,否,否,13,自制,,2025-08-07 10:55:24
1263,其他,7100000160,一线垛盘仓,,生产设备,个,,,,,0,已启用,启用,,,,否,否,13,自制,,2025-08-07 10:55:24
1264,其他,7100000159,一线码垛机托盘输送单元,,生产设备,个,,,,,0,已启用,启用,,,,否,否,13,自制,,2025-08-07 10:55:24
1265,其他,7100000158,一线码垛机机器人机身D轴,,生产设备,个,,,,,0,已启用,启用,,,,否,否,13,自制,,2025-08-07 10:55:24
1266,其他,7100000157,一线码垛机机器人机身C轴,,生产设备,个,,,,,0,已启用,启用,,,,否,否,13,自制,,2025-08-07 10:55:24
1267,其他,7100000156,一线码垛机机器人机身B轴,,生产设备,个,,,,,0,已启用,启用,,,,否,否,13,自制,,2025-08-07 10:55:24
1268,其他,7100000155,一线码垛机机器人抓手A轴,,生产设备,个,,,,,0,已启用,启用,,,,否,否,13,自制,,2025-08-07 10:55:24
1269,其他,7100000154,一线码垛机机器人,,生产设备,个,,,,,0,已启用,启用,,,,否,否,13,自制,,2025-08-07 10:55:24
1270,其他,7100000153,一线码垛机抓取分箱单元,,生产设备,个,,,,,0,已启用,启用,,,,否,否,13,自制,,2025-08-07 10:55:24
1271,其他,7100000152,一线码垛机进箱输送链道,,生产设备,个,,,,,0,已启用,启用,,,,否,否,13,自制,,2025-08-07 10:55:24
1272,其他,7100000151,一线码垛机输送链道控制柜,,生产设备,个,,,,,0,已启用,启用,,,,否,否,13,自制,,2025-08-07 10:55:24
1273,其他,7100000150,一线码垛机机器人控制柜,,生产设备,个,,,,,0,已启用,启用,,,,否,否,13,自制,,2025-08-07 10:55:24
1274,其他,7100000149,一线码垛机电气控制柜,,生产设备,个,,,,,0,已启用,启用,,,,否,否,13,自制,,2025-08-07 10:55:24
1275,其他,7100000148,一车间一线码垛机,,生产设备,个,,,,,0,已启用,启用,,,,否,否,13,自制,,2025-08-07 10:55:24
1276,其他,7100000147,一线封箱机封胶带单元,,生产设备,个,,,,,0,已启用,启用,,,,否,否,13,自制,,2025-08-07 10:55:24
1277,其他,7100000146,一线封箱机进箱滚轮输送,,生产设备,个,,,,,0,已启用,启用,,,,否,否,13,自制,,2025-08-07 10:55:24
1278,其他,7100000145,一车间一线封箱机,,生产设备,个,,,,,0,已启用,启用,,,,否,否,13,自制,,2025-08-07 10:55:24
1279,其他,7100000144,一线称重机传感器单元,,生产设备,个,,,,,0,已启用,启用,,,,否,否,13,自制,,2025-08-07 10:55:24
1280,其他,7100000143,一线称重机箱输送单元,,生产设备,个,,,,,0,已启用,启用,,,,否,否,13,自制,,2025-08-07 10:55:24
1281,其他,7100000142,一线称重机电气控制箱,,生产设备,个,,,,,0,已启用,启用,,,,否,否,13,自制,,2025-08-07 10:55:24
1282,其他,7100000141,一车间一线检重称,,生产设备,个,,,,,0,已启用,启用,,,,否,否,13,自制,,2025-08-07 10:55:24
1283,其他,7100000140,一线外箱码激光机烟雾净化器,,生产设备,个,,,,,0,已启用,启用,,,,否,否,13,自制,,2025-08-07 10:55:24
1284,其他,7100000139,一线外箱码激光机传感器单元,,生产设备,个,,,,,0,已启用,启用,,,,否,否,13,自制,,2025-08-07 10:55:24
1285,其他,7100000138,一线外箱码激光机激光头单元,,生产设备,个,,,,,0,已启用,启用,,,,否,否,13,自制,,2025-08-07 10:55:24
1286,其他,7100000137,一线外箱码激光机主控电脑,,生产设备,个,,,,,0,已启用,启用,,,,否,否,13,自制,,2025-08-07 10:55:24
1287,其他,7100000136,一车间一线外箱激光打码机,,生产设备,个,,,,,0,已启用,启用,,,,否,否,13,自制,,2025-08-07 10:55:24
1288,其他,7100000135,一车间一线码垛机组,,生产设备,个,,,,,0,已启用,启用,,,,否,否,13,自制,,2025-08-07 10:55:24
1289,其他,7100000134,一线封箱段输送链道,,生产设备,个,,,,,0,已启用,启用,,,,否,否,13,自制,,2025-08-07 10:55:24
1290,其他,7100000133,一线箱码段输送链道,,生产设备,个,,,,,0,已启用,启用,,,,否,否,13,自制,,2025-08-07 10:55:24
1291,其他,7100000132,一线箱输送链控制电柜,,生产设备,个,,,,,0,已启用,启用,,,,否,否,13,自制,,2025-08-07 10:55:24
1292,其他,7100000131,一车间一线包装箱输送带,,生产设备,个,,,,,0,已启用,启用,,,,否,否,13,自制,,2025-08-07 10:55:24
1293,其他,7100000130,一车间一线链道改造,,生产设备,个,,,,,0,已启用,启用,,,,否,否,13,自制,,2025-08-07 10:55:24
1294,其他,7100000129,一线膜包入口段输送链道,,生产设备,个,,,,,0,已启用,启用,,,,否,否,13,自制,,2025-08-07 10:55:24
1295,其他,7100000128,一线打码段输送链道,,生产设备,个,,,,,0,已启用,启用,,,,否,否,13,自制,,2025-08-07 10:55:24
1296,其他,7100000127,一线灌装出口段输送链道,,生产设备,个,,,,,0,已启用,启用,,,,否,否,13,自制,,2025-08-07 10:55:24
1297,其他,7100000126,一线空罐无压输送链道,,生产设备,个,,,,,0,已启用,启用,,,,否,否,13,自制,,2025-08-07 10:55:24
1298,其他,7100000125,一线瓶输送带控制电柜,,生产设备,个,,,,,0,已启用,启用,,,,否,否,13,自制,,2025-08-07 10:55:24
1299,其他,7100000124,一车间一线容器输送带,,生产设备,个,,,,,0,已启用,启用,,,,否,否,13,自制,,2025-08-07 10:55:24
1300,其他,7100000123,一线输送链道,,生产设备,个,,,,,0,已启用,启用,,,,否,否,13,自制,,2025-08-07 10:55:24
1301,其他,7100000122,一车间一线不锈钢投标机,,生产设备,个,,,,,0,已启用,启用,,,,否,否,13,自制,,2025-08-07 10:55:24
1302,其他,7100000121,一线包装机成型单元,,生产设备,个,,,,,0,已启用,启用,,,,否,否,13,自制,,2025-08-07 10:55:24
1303,其他,7100000120,一线包装机折叠单元,,生产设备,个,,,,,0,已启用,启用,,,,否,否,13,自制,,2025-08-07 10:55:24
1304,其他,7100000119,一线包装机包装单元,,生产设备,个,,,,,0,已启用,启用,,,,否,否,13,自制,,2025-08-07 10:55:24
1305,其他,7100000118,一线包装机热熔胶机,,生产设备,个,,,,,0,已启用,启用,,,,否,否,13,自制,,2025-08-07 10:55:24
1306,其他,7100000117,一线包装机真空泵,,生产设备,个,,,,,0,已启用,启用,,,,否,否,13,自制,,2025-08-07 10:55:24
1307,其他,7100000116,一线包装机分纸皮单元,,生产设备,个,,,,,0,已启用,启用,,,,否,否,13,自制,,2025-08-07 10:55:24
1308,其他,7100000115,一线包装机进纸皮单元,,生产设备,个,,,,,0,已启用,启用,,,,否,否,13,自制,,2025-08-07 10:55:24
1309,其他,7100000114,一线包装机纸皮输送系统,,生产设备,个,,,,,0,已启用,启用,,,,否,否,13,自制,,2025-08-07 10:55:24
1310,其他,7100000113,一线包装机分瓶单元-2,,生产设备,个,,,,,0,已启用,启用,,,,否,否,13,自制,,2025-08-07 10:55:24
1311,其他,7100000112,一线包装机进瓶单元-2,,生产设备,个,,,,,0,已启用,启用,,,,否,否,13,自制,,2025-08-07 10:55:24
1312,其他,7100000111,一线包装机电气控制柜-2,,生产设备,个,,,,,0,已启用,启用,,,,否,否,13,自制,,2025-08-07 10:55:24
1313,其他,7100000110,一线包装机分瓶单元,,生产设备,个,,,,,0,已启用,启用,,,,否,否,13,自制,,2025-08-07 10:55:24
1314,其他,7100000109,一线包装机进瓶单元,,生产设备,个,,,,,0,已启用,启用,,,,否,否,13,自制,,2025-08-07 10:55:24
1315,其他,7100000108,一线包装机电气控制柜,,生产设备,个,,,,,0,已启用,启用,,,,否,否,13,自制,,2025-08-07 10:55:24
1316,其他,7100000107,一车间一线纸箱包装机,,生产设备,个,,,,,0,已启用,启用,,,,否,否,13,自制,,2025-08-07 10:55:24
1317,其他,7100000106,一线热缩机收缩烘炉,,生产设备,个,,,,,0,已启用,启用,,,,否,否,13,自制,,2025-08-07 10:55:24
1318,其他,7100000105,一线热缩机裹膜单元,,生产设备,个,,,,,0,已启用,启用,,,,否,否,13,自制,,2025-08-07 10:55:24
1319,其他,7100000104,一线热缩机切膜单元,,生产设备,个,,,,,0,已启用,启用,,,,否,否,13,自制,,2025-08-07 10:55:24
1320,其他,7100000103,一线热缩机上膜单元,,生产设备,个,,,,,0,已启用,启用,,,,否,否,13,自制,,2025-08-07 10:55:24
1321,其他,7100000102,一线热缩机膜系统单元,,生产设备,个,,,,,0,已启用,启用,,,,否,否,13,自制,,2025-08-07 10:55:24
1322,其他,7100000101,一线热缩机分瓶单元,,生产设备,个,,,,,0,已启用,启用,,,,否,否,13,自制,,2025-08-07 10:55:24
1323,其他,7100000100,一线热缩机进瓶单元,,生产设备,个,,,,,0,已启用,启用,,,,否,否,13,自制,,2025-08-07 10:55:24
1324,其他,7100000099,一线热缩机电气控制柜,,生产设备,个,,,,,0,已启用,启用,,,,否,否,13,自制,,2025-08-07 10:55:24
1325,其他,7100000098,一车间一线缩膜包装机,,生产设备,个,,,,,0,已启用,启用,,,,否,否,13,自制,,2025-08-07 10:55:24
1326,其他,7100000097,一线墨码检测传感器单元,,生产设备,个,,,,,0,已启用,启用,,,,否,否,13,自制,,2025-08-07 10:55:24
1327,其他,7100000096,一线墨码检测摄像机,,生产设备,个,,,,,0,已启用,启用,,,,否,否,13,自制,,2025-08-07 10:55:24
1328,其他,7100000095,一线墨码检测主控电脑,,生产设备,个,,,,,0,已启用,启用,,,,否,否,13,自制,,2025-08-07 10:55:24
1329,其他,7100000094,一车间一线喷码检测,,生产设备,个,,,,,0,已启用,启用,,,,否,否,13,自制,,2025-08-07 10:55:24
1330,其他,7100000093,一线异盖检传感器单元,,生产设备,个,,,,,0,已启用,启用,,,,否,否,13,自制,,2025-08-07 10:55:24
1331,其他,7100000092,一线异盖检测摄像机,,生产设备,个,,,,,0,已启用,启用,,,,否,否,13,自制,,2025-08-07 10:55:24
1332,其他,7100000091,一线异盖检测主控电脑,,生产设备,个,,,,,0,已启用,启用,,,,否,否,13,自制,,2025-08-07 10:55:24
1333,其他,7100000090,一车间一线异盖检测仪,,生产设备,个,,,,,0,已启用,启用,,,,否,否,13,自制,,2025-08-07 10:55:24
1334,其他,7100000089,一线墨码机传感器单元,,生产设备,个,,,,,0,已启用,启用,,,,否,否,13,自制,,2025-08-07 10:55:24
1335,其他,7100000088,一线墨码机喷头单元,,生产设备,个,,,,,0,已启用,启用,,,,否,否,13,自制,,2025-08-07 10:55:24
1336,其他,7100000087,一线墨码机主控电脑,,生产设备,个,,,,,0,已启用,启用,,,,否,否,13,自制,,2025-08-07 10:55:24
1337,其他,7100000086,一车间一线喷码机,,生产设备,个,,,,,0,已启用,启用,,,,否,否,13,自制,,2025-08-07 10:55:24
1338,其他,7100000085,一车间一线内压检测机3,,生产设备,个,,,,,0,已启用,启用,,,,否,否,13,自制,,2025-08-07 10:55:24
1339,其他,7100000084,一车间一线内压检测机2,,生产设备,个,,,,,0,已启用,启用,,,,否,否,13,自制,,2025-08-07 10:55:24
1340,其他,7100000083,一车间一线内压检测机1,,生产设备,个,,,,,0,已启用,启用,,,,否,否,13,自制,,2025-08-07 10:55:24
1341,其他,7100000082,一线罐底码激光机烟雾净化器,,生产设备,个,,,,,0,已启用,启用,,,,否,否,13,自制,,2025-08-07 10:55:24
1342,其他,7100000081,一线罐底码激光机传感器单元,,生产设备,个,,,,,0,已启用,启用,,,,否,否,13,自制,,2025-08-07 10:55:24
1343,其他,7100000080,一线罐底码激光机激光头单元,,生产设备,个,,,,,0,已启用,启用,,,,否,否,13,自制,,2025-08-07 10:55:24
1344,其他,7100000079,一线罐底码激光机主控电脑,,生产设备,个,,,,,0,已启用,启用,,,,否,否,13,自制,,2025-08-07 10:55:24
1345,其他,7100000078,一车间一线罐底激光打码机,,生产设备,个,,,,,0,已启用,启用,,,,否,否,13,自制,,2025-08-07 10:55:24
1346,其他,7100000077,一线液位检测传感器单元,,生产设备,个,,,,,0,已启用,启用,,,,否,否,13,自制,,2025-08-07 10:55:24
1347,其他,7100000076,一线液位检测x射线源,,生产设备,个,,,,,0,已启用,启用,,,,否,否,13,自制,,2025-08-07 10:55:24
1348,其他,7100000075,一线液位检测电气控制箱,,生产设备,个,,,,,0,已启用,启用,,,,否,否,13,自制,,2025-08-07 10:55:24
1349,其他,7100000074,一车间一线液位检测仪,,生产设备,个,,,,,0,已启用,启用,,,,否,否,13,自制,,2025-08-07 10:55:24
1350,其他,7100000073,一线吹风系统鼓风机单元,,生产设备,个,,,,,0,已启用,启用,,,,否,否,13,自制,,2025-08-07 10:55:24
1351,其他,7100000072,一线吹风系统电气控制箱,,生产设备,个,,,,,0,已启用,启用,,,,否,否,13,自制,,2025-08-07 10:55:24
1352,其他,7100000071,一车间一线吹干机2,,生产设备,个,,,,,0,已启用,启用,,,,否,否,13,自制,,2025-08-07 10:55:24
1353,其他,7100000070,一车间一线吹干机,,生产设备,个,,,,,0,已启用,启用,,,,否,否,13,自制,,2025-08-07 10:55:24
1354,其他,7100000069,一线冷却机罐输送单元,,生产设备,个,,,,,0,已启用,启用,,,,否,否,13,自制,,2025-08-07 10:55:24
1355,其他,7100000068,一线冷却机水循环水泵,,生产设备,个,,,,,0,已启用,启用,,,,否,否,13,自制,,2025-08-07 10:55:24
1356,其他,7100000067,一线冷却机冷却塔,,生产设备,个,,,,,0,已启用,启用,,,,否,否,13,自制,,2025-08-07 10:55:24
1357,其他,7100000066,一线冷却机冷却水循环系统,,生产设备,个,,,,,0,已启用,启用,,,,否,否,13,自制,,2025-08-07 10:55:24
1358,其他,7100000065,一线冷却机喷淋系统,,生产设备,个,,,,,0,已启用,启用,,,,否,否,13,自制,,2025-08-07 10:55:24
1359,其他,7100000064,一线冷却机电气控制柜,,生产设备,个,,,,,0,已启用,启用,,,,否,否,13,自制,,2025-08-07 10:55:24
1360,其他,7100000063,一车间一线冷罐机,,生产设备,个,,,,,0,已启用,启用,,,,否,否,13,自制,,2025-08-07 10:55:24
1361,其他,7100000062,一车间一线打码机组,,生产设备,个,,,,,0,已启用,启用,,,,否,否,13,自制,,2025-08-07 10:55:24
1362,其他,7100000061,一线注氮机注氮控制,,生产设备,个,,,,,0,已启用,启用,,,,否,否,13,自制,,2025-08-07 10:55:24
1363,其他,7100000060,一线注氮机汇流排,,生产设备,个,,,,,0,已启用,启用,,,,否,否,13,自制,,2025-08-07 10:55:24
1364,其他,7100000059,一线注氮机进氮控制,,生产设备,个,,,,,0,已启用,启用,,,,否,否,13,自制,,2025-08-07 10:55:24
1365,其他,7100000058,一线注氮机主体,,生产设备,个,,,,,0,已启用,启用,,,,否,否,13,自制,,2025-08-07 10:55:24
1366,其他,7100000057,一线注氮机电气控制箱,,生产设备,个,,,,,0,已启用,启用,,,,否,否,13,自制,,2025-08-07 10:55:24
1367,其他,7100000056,一车间一线注氮机,,生产设备,个,,,,,0,已启用,启用,,,,否,否,13,自制,,2025-08-07 10:55:24
1368,其他,7100000055,一线封盖机润滑油泵,,生产设备,个,,,,,0,已启用,启用,,,,否,否,13,自制,,2025-08-07 10:55:24
1369,其他,7100000054,一线封盖机拔杆链条,,生产设备,个,,,,,0,已启用,启用,,,,否,否,13,自制,,2025-08-07 10:55:24
1370,其他,7100000053,一线封盖机驱动电机,,生产设备,个,,,,,0,已启用,启用,,,,否,否,13,自制,,2025-08-07 10:55:24
1371,其他,7100000052,一线封盖机罐传送单元,,生产设备,个,,,,,0,已启用,启用,,,,否,否,13,自制,,2025-08-07 10:55:24
1372,其他,7100000051,一线封盖机封盖单元,,生产设备,个,,,,,0,已启用,启用,,,,否,否,13,自制,,2025-08-07 10:55:24
1373,其他,7100000050,一线封盖机下盖单元,,生产设备,个,,,,,0,已启用,启用,,,,否,否,13,自制,,2025-08-07 10:55:24
1374,其他,7100000049,一线封盖机电气控制柜,,生产设备,个,,,,,0,已启用,启用,,,,否,否,13,自制,,2025-08-07 10:55:24
1375,其他,7100000048,一车间一线封口机,,生产设备,个,,,,,0,已启用,启用,,,,否,否,13,自制,,2025-08-07 10:55:24
1376,其他,7100000047,一车间一线3D热灌装保护装置,,生产设备,个,,,,,0,已启用,启用,,,,否,否,13,自制,,2025-08-07 10:55:24
1377,其他,7100000046,一线灌装机驱动轴,,生产设备,个,,,,,0,已启用,启用,,,,否,否,13,自制,,2025-08-07 10:55:24
1378,其他,7100000045,一线灌装机驱动自动润滑,,生产设备,个,,,,,0,已启用,启用,,,,否,否,13,自制,,2025-08-07 10:55:24
1379,其他,7100000044,一线灌装机驱动传动,,生产设备,个,,,,,0,已启用,启用,,,,否,否,13,自制,,2025-08-07 10:55:24
1380,其他,7100000043,一线灌装机灌注阀组,,生产设备,个,,,,,0,已启用,启用,,,,否,否,13,自制,,2025-08-07 10:55:24
1381,其他,7100000042,一线灌装阀控制系统,,生产设备,个,,,,,0,已启用,启用,,,,否,否,13,自制,,2025-08-07 10:55:24
1382,其他,7100000041,一线灌装机中央分配器,,生产设备,个,,,,,0,已启用,启用,,,,否,否,13,自制,,2025-08-07 10:55:24
1383,其他,7100000040,一线灌装机外环缸,,生产设备,个,,,,,0,已启用,启用,,,,否,否,13,自制,,2025-08-07 10:55:24
1384,其他,7100000039,一线灌装机内环缸,,生产设备,个,,,,,0,已启用,启用,,,,否,否,13,自制,,2025-08-07 10:55:24
1385,其他,7100000038,一线灌装机环缸,,生产设备,个,,,,,0,已启用,启用,,,,否,否,13,自制,,2025-08-07 10:55:24
1386,其他,7100000037,一线灌装阀回流缓冲缸,,生产设备,个,,,,,0,已启用,启用,,,,否,否,13,自制,,2025-08-07 10:55:24
1387,其他,7100000036,一线灌装阀阵进料高位缸,,生产设备,个,,,,,0,已启用,启用,,,,否,否,13,自制,,2025-08-07 10:55:24
1388,其他,7100000035,一线灌装阀阵气动控制柜,,生产设备,个,,,,,0,已启用,启用,,,,否,否,13,自制,,2025-08-07 10:55:24
1389,其他,7100000034,一线灌装阀阵,,生产设备,个,,,,,0,已启用,启用,,,,否,否,13,自制,,2025-08-07 10:55:24
1390,其他,7100000033,一线灌装机操作电柜,,生产设备,个,,,,,0,已启用,启用,,,,否,否,13,自制,,2025-08-07 10:55:24
1391,其他,7100000032,一线灌装机旋转滑环电柜,,生产设备,个,,,,,0,已启用,启用,,,,否,否,13,自制,,2025-08-07 10:55:24
1392,其他,7100000031,一线灌装机主控制电柜,,生产设备,个,,,,,0,已启用,启用,,,,否,否,13,自制,,2025-08-07 10:55:24
1393,其他,7100000030,一线灌装机电气控制电柜,,生产设备,个,,,,,0,已启用,启用,,,,否,否,13,自制,,2025-08-07 10:55:24
1394,其他,7100000029,一车间一线灌装机,,生产设备,个,,,,,0,已启用,启用,,,,否,否,13,自制,,2025-08-07 10:55:24
1395,其他,7100000028,一线GEA红牛过滤器,,生产设备,个,,,,,0,已启用,启用,,,,否,否,13,自制,,2025-08-07 10:55:24
1396,其他,7100000027,一线GEA红牛回流单元,,生产设备,个,,,,,0,已启用,启用,,,,否,否,13,自制,,2025-08-07 10:55:24
1397,其他,7100000026,一线GEA钎焊工式换热器-2,,生产设备,个,,,,,0,已启用,启用,,,,否,否,13,自制,,2025-08-07 10:55:24
1398,其他,7100000025,一线GEA钎焊工式换热器,,生产设备,个,,,,,0,已启用,启用,,,,否,否,13,自制,,2025-08-07 10:55:24
1399,其他,7100000024,一线GEA红牛加热单元,,生产设备,个,,,,,0,已启用,启用,,,,否,否,13,自制,,2025-08-07 10:55:24
1400,其他,7100000023,一线GEA制热水单元,,生产设备,个,,,,,0,已启用,启用,,,,否,否,13,自制,,2025-08-07 10:55:24
1401,其他,7100000022,一线杀菌系统电气主控制柜,,生产设备,个,,,,,0,已启用,启用,,,,否,否,13,自制,,2025-08-07 10:55:24
1402,其他,7100000021,一车间一线巴氏杀菌机,,生产设备,个,,,,,0,已启用,启用,,,,否,否,13,自制,,2025-08-07 10:55:24
1403,其他,7100000020,一车间一线灌装机组,,生产设备,个,,,,,0,已启用,启用,,,,否,否,13,自制,,2025-08-07 10:55:24
1404,其他,7100000019,一线空罐检测剔除单元,,生产设备,个,,,,,0,已启用,启用,,,,否,否,13,自制,,2025-08-07 10:55:24
1405,其他,7100000018,一线空罐检测真空泵单元,,生产设备,个,,,,,0,已启用,启用,,,,否,否,13,自制,,2025-08-07 10:55:24
1406,其他,7100000017,一线空罐检测检查摄像机,,生产设备,个,,,,,0,已启用,启用,,,,否,否,13,自制,,2025-08-07 10:55:24
1407,其他,7100000016,一线空罐检测主控制电柜,,生产设备,个,,,,,0,已启用,启用,,,,否,否,13,自制,,2025-08-07 10:55:24
1408,其他,7100000015,一车间一线空罐照相检测仪,,生产设备,个,,,,,0,已启用,启用,,,,否,否,13,自制,,2025-08-07 10:55:24
1409,其他,7100000014,一线一级循环水循环单元,,生产设备,个,,,,,0,已启用,启用,,,,否,否,13,自制,,2025-08-07 10:55:24
1410,其他,7100000013,一线二级洗罐喷头组,,生产设备,个,,,,,0,已启用,启用,,,,否,否,13,自制,,2025-08-07 10:55:24
1411,其他,7100000012,一线一级洗罐喷头组,,生产设备,个,,,,,0,已启用,启用,,,,否,否,13,自制,,2025-08-07 10:55:24
1412,其他,7100000011,一线洗罐喷头组,,生产设备,个,,,,,0,已启用,启用,,,,否,否,13,自制,,2025-08-07 10:55:24
1413,其他,7100000010,一线洗罐槽,,生产设备,个,,,,,0,已启用,启用,,,,否,否,13,自制,,2025-08-07 10:55:24
1414,其他,7100000009,一车间一线洗罐槽,,生产设备,个,,,,,0,已启用,启用,,,,否,否,13,自制,,2025-08-07 10:55:24
1415,其他,7100000008,一线卸垛机纸皮隔板仓,,生产设备,个,,,,,0,已启用,启用,,,,否,否,13,自制,,2025-08-07 10:55:24
1416,其他,7100000007,一线卸垛机空垛盘输送系统,,生产设备,个,,,,,0,已启用,启用,,,,否,否,13,自制,,2025-08-07 10:55:24
1417,其他,7100000006,一线卸垛机纸皮隔板旋转抓手,,生产设备,个,,,,,0,已启用,启用,,,,否,否,13,自制,,2025-08-07 10:55:24
1418,其他,7100000005,一线卸垛机空罐推罐系统,,生产设备,个,,,,,0,已启用,启用,,,,否,否,13,自制,,2025-08-07 10:55:24
1419,其他,7100000004,一线卸垛机空罐提升系统,,生产设备,个,,,,,0,已启用,启用,,,,否,否,13,自制,,2025-08-07 10:55:24
1420,其他,7100000003,一车间一线垛盘输送带,,生产设备,个,,,,,0,已启用,启用,,,,否,否,13,自制,,2025-08-07 10:55:24
1421,其他,7100000002,一线卸垛机电气控制柜,,生产设备,个,,,,,0,已启用,启用,,,,否,否,13,自制,,2025-08-07 10:55:24
1422,其他,7100000001,一车间一线卸垛机,,生产设备,个,,,,,0,已启用,启用,,,,否,否,13,自制,,2025-08-07 10:55:24
1423,其他,7100000000,一车间一线卸垛机组,,生产设备,个,,,,,0,已启用,启用,,,,否,否,13,自制,,2025-08-07 10:55:24
1424,其他,8000001006,车载灭火器,,消防器材,个,,,,,0,已启用,启用,0.000,,,否,否,13,自制,,2025-08-04 13:56:07
1425,其他,8000001005,推车干粉灭火器,,消防器材,个,,,,,0,已启用,启用,0.000,,,否,否,13,自制,,2025-08-04 13:56:07
1426,其他,8000001003,二氧化碳灭火器,,消防器材,个,,,,,0,已启用,启用,0.000,,,否,否,13,自制,,2025-08-04 13:56:07
1427,其他,8000001002,室内消火栓,,消防器材,个,,,,,0,已启用,启用,0.000,,,否,否,13,自制,,2025-08-04 13:56:07
1428,其他,8000001001,4KG干粉灭火器,,消防器材,个,,,,,0,已启用,启用,0.000,,,否,否,13,自制,,2025-08-04 13:56:07
