序号,审批状态,主键ID,主键ID版本号,启禁状态,技术标准版本号,关联物料,物料品类,物料大类,物料归属,适用生产基地代码,适用生产基地名称,检测项目代码,检测项目,是否判定,检测时间,抽样检测方式,取样部门,检测部门,定量定性,初检复检,检测单元数量,检测次数,检测单元单位,检测频率,取样数量,取样单位,是否扣减库存,库存扣减数量,库存扣减单位,检测工具,标准要求,异常标准项,检测指标单位,下限,上限,小数精确位数,异常处理最低不合格量,异常结果显示,检测方法,超标处理方案,备注,有效期起,有效期止
1,,HWBT0001,001,禁用,Q/RW-TS-001-2023,"[{'id': 1, 'name': 'RBMT0000', 'sap_code': '20000000', 'code': 'GC000001', 'desc': '精制糖白砂糖'}, {'id': 58, 'name': 'RBMT0001', 'sap_code': '20001810', 'code': 'GC000058', 'desc': '一级糖白砂糖'}]",白砂糖,内容物,红牛,,,YC00000001,感官/性状,是,到货检测,,品管部,品管部,定性,初检,1,等于,批次,,100,克,否,,,目测检查,晶粒均匀，晶粒或其水溶液味甜，无异味，糖品外观干燥，糖品外观松散洁白，糖品外观有光泽,晶粒不均匀/晶粒或其水溶液味非甜/异味/糖品外观潮湿/糖品外观紧密污浊/糖品外观无光泽,,,,,1,复检,每1新批次为一个检测单元，随机从1袋白糖中抽取100克进行检测。,若有不合格，从同一批次另抽取10袋糖，从中各取100克复检。,,2025-01-01,9999-12-31
2,,HWBT0004,001,禁用,Q/RW-TS-001-2023,"[{'id': 1, 'name': 'RBMT0000', 'sap_code': '20000000', 'code': 'GC000001', 'desc': '精制糖白砂糖'}, {'id': 58, 'name': 'RBMT0001', 'sap_code': '20001810', 'code': 'GC000058', 'desc': '一级糖白砂糖'}]",白砂糖,内容物,红牛,,,YF00000001,感官/性状,是,到货检测,,品管部,品管部,定性,复检,1,大于等于,批次,,1000,克,否,,,目测检查,晶粒均匀，晶粒或其水溶液味甜，无异味，糖品外观干燥，糖品外观松散洁白，糖品外观有光泽,晶粒不均匀/晶粒或其水溶液味非甜/异味/糖品外观潮湿/糖品外观紧密污浊/糖品外观无光泽,,,,,1,退货处理,从同一批次另抽取10袋糖，从中各取100克进行复检。,若仍有不合格，初检检测单元的所有商品做退货处理。,,2025-01-01,9999-12-31
3,,HWBT0011,001,禁用,Q/RW-TS-001-2023,"[{'id': 1, 'name': 'RBMT0000', 'sap_code': '20000000', 'code': 'GC000001', 'desc': '精制糖白砂糖'}, {'id': 58, 'name': 'RBMT0001', 'sap_code': '20001810', 'code': 'GC000058', 'desc': '一级糖白砂糖'}]",白砂糖,内容物,红牛,,,YC00000001,煮沸实验,是,到货检测,,品管部,品管部,定性,初检,1,等于,批次,,100,克,否,,,电子天平，三角瓶，磁性转子、磁力搅拌器、灭菌锅,加热煮沸，观察是否有褐变现象产生,,,,,,1,复检,每1新批次为一个检测单元，随机从1袋白糖中抽取100克，其中36克放入已灭好菌的装有44mLRO水的300mL三角瓶中，加热煮沸20分钟，观察是否有褐变现象产生。,煮沸过程中若发生褐变，从同一批次另抽取1袋糖，从中取36克复检。,,2025-01-01,9999-12-31
4,,HWBT0012,001,禁用,Q/RW-TS-001-2023,"[{'id': 1, 'name': 'RBMT0000', 'sap_code': '20000000', 'code': 'GC000001', 'desc': '精制糖白砂糖'}, {'id': 58, 'name': 'RBMT0001', 'sap_code': '20001810', 'code': 'GC000058', 'desc': '一级糖白砂糖'}]",白砂糖,内容物,红牛,,,YF00000002,煮沸实验,是,到货检测,,品管部,品管部,定性,复检,1,大于等于,批次,,100,克,否,,,电子天平，三角瓶，磁性转子、磁力搅拌器、灭菌锅,加热煮沸，观察是否有褐变现象产生,,,,,,1,退货处理,从同一批次另抽取1袋糖，从中取36克复检。放入已灭好菌的装有44mLRO水的300mL三角瓶中，加热煮沸20分钟，观察是否有褐变现象产生。,若仍有不合格，初检检测单元的所有商品做退货处理。,,2025-01-01,9999-12-31
5,,HWBT0013,001,禁用,Q/RW-TS-001-2023,"[{'id': 24, 'name': 'RBMT1113', 'sap_code': '20000537', 'code': 'GC000024', 'desc': '艾地盟香精'}, {'id': 25, 'name': '复合水果香精/战马', 'sap_code': '20000879', 'code': 'GC000025', 'desc': '艾地盟战马香精'}, {'id': 59, 'name': 'RBMT1117', 'sap_code': '20001805', 'code': 'GC000059', 'desc': '瑞斯福香精'}, {'id': 60, 'name': 'RBMT1114', 'sap_code': '20001056', 'code': 'GC000060', 'desc': '宝开香精'}]",香精,内容物,红牛,,,YC00000002,色状,是,使用前检测,,生产部,品管部,定量,初检,1,等于,批次,,100,毫升,否,,,目测检查,无色及淡黄色液体，与标准品及色卡对比一致,,,50.0000,100.0000,,1,复检,每1新批次为一个检测单元，随机从1桶香精中抽取100ml，其中50ml做本次检测，用目测方法观察，与标准样品色卡比对是否符合标准范围。,若不合格，从同批次及相邻批次各抽取2桶，从中各取50ml复检。,,2025-01-01,9999-12-31
6,,HWBT0014,001,禁用,Q/RW-TS-001-2023,"[{'id': 24, 'name': 'RBMT1113', 'sap_code': '20000537', 'code': 'GC000024', 'desc': '艾地盟香精'}, {'id': 25, 'name': '复合水果香精/战马', 'sap_code': '20000879', 'code': 'GC000025', 'desc': '艾地盟战马香精'}, {'id': 59, 'name': 'RBMT1117', 'sap_code': '20001805', 'code': 'GC000059', 'desc': '瑞斯福香精'}, {'id': 60, 'name': 'RBMT1114', 'sap_code': '20001056', 'code': 'GC000060', 'desc': '宝开香精'}]",香精,内容物,红牛,,,YF00000004,色状,是,使用前检测,,生产部,品管部,定量,复检,2,大于等于,批次,,200,毫升,否,,,目测检查,无色及淡黄色液体，与标准品及色卡对比一致,,,50.0000,100.0000,,1,退货处理,从同批次及相邻批次各抽取2桶，从中各取50ml复检。用目测方法观察，与标准样品色卡比对是否符合标准范围。,若仍有不合格，通知生产部暂停使用有问题批次香精，将具体信息报给技术管理部。问题批次的所有商品做退货处理。,,2025-01-01,9999-12-31
7,,HWBT0015,001,禁用,Q/RW-TS-001-2023,"[{'id': 24, 'name': 'RBMT1113', 'sap_code': '20000537', 'code': 'GC000024', 'desc': '艾地盟香精'}, {'id': 25, 'name': '复合水果香精/战马', 'sap_code': '20000879', 'code': 'GC000025', 'desc': '艾地盟战马香精'}, {'id': 59, 'name': 'RBMT1117', 'sap_code': '20001805', 'code': 'GC000059', 'desc': '瑞斯福香精'}, {'id': 60, 'name': 'RBMT1114', 'sap_code': '20001056', 'code': 'GC000060', 'desc': '宝开香精'}]",香精,内容物,红牛,,,YC00000002,香味,是,使用前检测,,生产部,品管部,定性,初检,1,等于,批次,,100,毫升,否,,,嗅觉、味觉,香味特征、强度、口感，要求试样与标准品无差异,香味特征差异/香味强度差异/口感差异,,,,,1,复检,每1新批次为一个检测单元，随机从1桶香精中抽取100ml，用闻香纸进行蘸取检测。,若不合格，从同批次及相邻批次各抽取2桶，从中各取50ml复检。,,2025-01-01,9999-12-31
8,,HWBT0016,001,禁用,Q/RW-TS-001-2023,"[{'id': 1, 'name': 'RBMT0000', 'sap_code': '20000000', 'code': 'GC000001', 'desc': '精制糖白砂糖'}, {'id': 58, 'name': 'RBMT0001', 'sap_code': '20001810', 'code': 'GC000058', 'desc': '一级糖白砂糖'}]",白砂糖,内容物,红牛,,,YC00000001,细菌总数,是,到货检测,,品管部,品管部,定量,初检,1,等于,批次,,100,克,否,,,滤膜组架、培养箱,≤5CFU/100mL/组,,CFU/100mL,0.0000,5.0000,,1,复检,每1新批次为一个检测单元，随机从1袋白糖中抽取100克，其中36克做本次检测。每批样品做3组，每组100ml，滤膜法实验。,若有不合格，从同一批次另抽取2袋糖，从中各取36克复检。,,2025-01-01,9999-12-31
9,,HWBT0019,001,禁用,Q/RW-TS-001-2023,"[{'id': 1, 'name': 'RBMT0000', 'sap_code': '20000000', 'code': 'GC000001', 'desc': '精制糖白砂糖'}, {'id': 58, 'name': 'RBMT0001', 'sap_code': '20001810', 'code': 'GC000058', 'desc': '一级糖白砂糖'}]",白砂糖,内容物,红牛,,,YF00000003,细菌总数,是,使用前检测,,品管部,品管部,定量,复检,1,大于等于,批次,,72,克,否,,,滤膜组架、培养箱,≤5CFU/100mL/组,,CFU/100mL,0.0000,5.0000,,1,退货处理,从同一批次另抽取2袋糖，从中各取36克复检。每批样品做3组，每组100ml，滤膜法实验。,若仍有不合格，初检检测单元的所有商品做退货处理。,,2025-01-01,9999-12-31
10,,HWBT0020,001,禁用,Q/RW-TS-001-2023,"[{'id': 24, 'name': 'RBMT1113', 'sap_code': '20000537', 'code': 'GC000024', 'desc': '艾地盟香精'}, {'id': 25, 'name': '复合水果香精/战马', 'sap_code': '20000879', 'code': 'GC000025', 'desc': '艾地盟战马香精'}, {'id': 59, 'name': 'RBMT1117', 'sap_code': '20001805', 'code': 'GC000059', 'desc': '瑞斯福香精'}, {'id': 60, 'name': 'RBMT1114', 'sap_code': '20001056', 'code': 'GC000060', 'desc': '宝开香精'}]",香精,内容物,红牛,,,YF00000004,香味,是,使用前检测,,生产部,品管部,定性,复检,2,大于等于,批次,,200,毫升,否,,,嗅觉、味觉,香味特征、强度、口感，要求试样与标准品无差异,香味特征差异/香味强度差异/口感差异,,,,,1,退货处理,从同批次及相邻批次各抽取2桶，从中各取50ml复检。用闻香纸进行蘸取检测。,若仍有不合格，通知生产部暂停使用有问题批次香精，将具体信息报给技术管理部。问题批次的所有商品做退货处理。,,2025-01-01,9999-12-31
11,,HWBT0021,001,禁用,Q/RW-TS-001-2023,"[{'id': 24, 'name': 'RBMT1113', 'sap_code': '20000537', 'code': 'GC000024', 'desc': '艾地盟香精'}, {'id': 25, 'name': '复合水果香精/战马', 'sap_code': '20000879', 'code': 'GC000025', 'desc': '艾地盟战马香精'}, {'id': 59, 'name': 'RBMT1117', 'sap_code': '20001805', 'code': 'GC000059', 'desc': '瑞斯福香精'}, {'id': 60, 'name': 'RBMT1114', 'sap_code': '20001056', 'code': 'GC000060', 'desc': '宝开香精'}]",香精,内容物,红牛,,,YC00000002,香气,是,使用前检测,,生产部,品管部,定性,初检,1,等于,批次,,100,毫升,否,,,嗅觉,与标准品对比无差异,,,,,,1,复检,每1新批次为一个检测单元，随机从1桶香精中抽取100ml。用闻香纸分别蘸取容器内待检试样与标准样品1cm~2cm，然后用嗅觉进行评香。要求试样同标准样品对比一致，应具有复合香精特有的香气，无异杂气。,若不合格，从同批次及相邻批次各抽取2桶，从中各取50ml复检。,,2025-01-01,9999-12-31
12,,HWBT0022,001,禁用,Q/RW-TS-001-2023,"[{'id': 24, 'name': 'RBMT1113', 'sap_code': '20000537', 'code': 'GC000024', 'desc': '艾地盟香精'}, {'id': 25, 'name': '复合水果香精/战马', 'sap_code': '20000879', 'code': 'GC000025', 'desc': '艾地盟战马香精'}, {'id': 59, 'name': 'RBMT1117', 'sap_code': '20001805', 'code': 'GC000059', 'desc': '瑞斯福香精'}, {'id': 60, 'name': 'RBMT1114', 'sap_code': '20001056', 'code': 'GC000060', 'desc': '宝开香精'}]",香精,内容物,红牛,,,YF00000004,香气,是,使用前检测,,生产部,品管部,定性,复检,2,大于等于,批次,,200,毫升,否,,,嗅觉,与标准品对比无差异,,,,,,1,退货处理,从同批次及相邻批次各抽取2桶，从中各取50ml复检。用闻香纸分别蘸取容器内待检试样与标准样品1cm~2cm，然后用嗅觉进行评香。要求试样同标准样品对比一致，应具有复合香精特有的香气，无异杂气。,若仍有不合格，通知生产部暂停使用有问题批次香精，将具体信息报给技术管理部。问题批次的所有商品做退货处理。,,2025-01-01,9999-12-31
13,,HWBT0023,001,禁用,Q/RW-TS-001-2023,"[{'id': 24, 'name': 'RBMT1113', 'sap_code': '20000537', 'code': 'GC000024', 'desc': '艾地盟香精'}, {'id': 25, 'name': '复合水果香精/战马', 'sap_code': '20000879', 'code': 'GC000025', 'desc': '艾地盟战马香精'}, {'id': 59, 'name': 'RBMT1117', 'sap_code': '20001805', 'code': 'GC000059', 'desc': '瑞斯福香精'}, {'id': 60, 'name': 'RBMT1114', 'sap_code': '20001056', 'code': 'GC000060', 'desc': '宝开香精'}]",香精,内容物,红牛,,,YC00000002,相对密度,是,使用前检测,,生产部,品管部,定量,初检,1,等于,批次,,100,毫升,否,,,温度计、密度计,内容物温度需达到20℃,,g/cm³,0.9150,0.9350,4,1,复检,每1新批次为一个检测单元，随机从1桶香精中抽取100ml，其中10ml做本次检测。使用密度计进行检测。,若不合格，从同批次及相邻批次各抽取2桶，从中各取10ml复检。,,2025-01-01,9999-12-31
14,,HWBT0024,001,禁用,Q/RW-TS-001-2023,"[{'id': 24, 'name': 'RBMT1113', 'sap_code': '20000537', 'code': 'GC000024', 'desc': '艾地盟香精'}, {'id': 25, 'name': '复合水果香精/战马', 'sap_code': '20000879', 'code': 'GC000025', 'desc': '艾地盟战马香精'}, {'id': 59, 'name': 'RBMT1117', 'sap_code': '20001805', 'code': 'GC000059', 'desc': '瑞斯福香精'}, {'id': 60, 'name': 'RBMT1114', 'sap_code': '20001056', 'code': 'GC000060', 'desc': '宝开香精'}]",香精,内容物,红牛,,,YC00000002,相对密度,是,使用前检测,,生产部,品管部,定量,初检,1,等于,批次,,100,毫升,否,,,温度计、密度计,内容物温度需达到20℃,,g/cm³,0.9180,0.9380,4,1,复检,每1新批次为一个检测单元，随机从1桶香精中抽取100ml，其中10ml做本次检测。使用密度计进行检测。,若不合格，从同批次及相邻批次各抽取2桶，从中各取10ml复检。,,2025-01-01,9999-12-31
15,,HWBT0025,001,禁用,Q/RW-TS-001-2023,"[{'id': 24, 'name': 'RBMT1113', 'sap_code': '20000537', 'code': 'GC000024', 'desc': '艾地盟香精'}, {'id': 25, 'name': '复合水果香精/战马', 'sap_code': '20000879', 'code': 'GC000025', 'desc': '艾地盟战马香精'}, {'id': 59, 'name': 'RBMT1117', 'sap_code': '20001805', 'code': 'GC000059', 'desc': '瑞斯福香精'}, {'id': 60, 'name': 'RBMT1114', 'sap_code': '20001056', 'code': 'GC000060', 'desc': '宝开香精'}]",香精,内容物,红牛,,,YC00000002,相对密度,是,使用前检测,,生产部,品管部,定量,初检,1,等于,批次,,100,毫升,否,,,温度计、密度计,内容物温度需达到20℃,,g/cm³,0.9108,0.9308,4,1,复检,每1新批次为一个检测单元，随机从1桶香精中抽取100ml，其中10ml做本次检测。使用密度计进行检测。,若不合格，从同批次及相邻批次各抽取2桶，从中各取10ml复检。,,2025-01-01,9999-12-31
16,,HWBT0026,001,禁用,Q/RW-TS-001-2023,"[{'id': 24, 'name': 'RBMT1113', 'sap_code': '20000537', 'code': 'GC000024', 'desc': '艾地盟香精'}, {'id': 25, 'name': '复合水果香精/战马', 'sap_code': '20000879', 'code': 'GC000025', 'desc': '艾地盟战马香精'}, {'id': 59, 'name': 'RBMT1117', 'sap_code': '20001805', 'code': 'GC000059', 'desc': '瑞斯福香精'}, {'id': 60, 'name': 'RBMT1114', 'sap_code': '20001056', 'code': 'GC000060', 'desc': '宝开香精'}]",香精,内容物,红牛,,,YC00000002,相对密度,是,使用前检测,,生产部,品管部,定量,初检,1,等于,批次,,100,毫升,否,,,温度计、密度计,内容物温度需达到20℃,,g/cm³,0.9158,0.9358,4,1,复检,每1新批次为一个检测单元，随机从1桶香精中抽取100ml，其中10ml做本次检测。使用密度计进行检测。,若不合格，从同批次及相邻批次各抽取2桶，从中各取10ml复检。,,2025-01-01,9999-12-31
17,,HWBT0027,001,禁用,Q/RW-TS-001-2023,"[{'id': 24, 'name': 'RBMT1113', 'sap_code': '20000537', 'code': 'GC000024', 'desc': '艾地盟香精'}, {'id': 25, 'name': '复合水果香精/战马', 'sap_code': '20000879', 'code': 'GC000025', 'desc': '艾地盟战马香精'}, {'id': 59, 'name': 'RBMT1117', 'sap_code': '20001805', 'code': 'GC000059', 'desc': '瑞斯福香精'}, {'id': 60, 'name': 'RBMT1114', 'sap_code': '20001056', 'code': 'GC000060', 'desc': '宝开香精'}]",香精,内容物,红牛,,,YC00000002,相对密度,是,使用前检测,,生产部,品管部,定量,初检,1,等于,批次,,100,毫升,否,,,温度计、密度计,内容物温度需达到20℃,,g/cm³,0.9180,0.9380,4,1,复检,每1新批次为一个检测单元，随机从1桶香精中抽取100ml，其中10ml做本次检测。使用密度计进行检测。,若不合格，从同批次及相邻批次各抽取2桶，从中各取10ml复检。,,2025-01-01,9999-12-31
18,,HWBT0028,001,禁用,Q/RW-TS-001-2023,"[{'id': 24, 'name': 'RBMT1113', 'sap_code': '20000537', 'code': 'GC000024', 'desc': '艾地盟香精'}, {'id': 25, 'name': '复合水果香精/战马', 'sap_code': '20000879', 'code': 'GC000025', 'desc': '艾地盟战马香精'}, {'id': 59, 'name': 'RBMT1117', 'sap_code': '20001805', 'code': 'GC000059', 'desc': '瑞斯福香精'}, {'id': 60, 'name': 'RBMT1114', 'sap_code': '20001056', 'code': 'GC000060', 'desc': '宝开香精'}]",香精,内容物,红牛,,,YF00000004,相对密度,是,使用前检测,,生产部,品管部,定量,复检,2,大于等于,批次,,40,毫升,否,,,温度计、密度计,内容物温度需达到20℃,,g/cm³,0.9150,0.9350,4,1,退货处理,从同批次及相邻批次各抽取2桶，从中各取10ml复检。使用密度计进行检测。,若仍有不合格，通知生产部暂停使用有问题批次香精，将具体信息报给技术管理部。问题批次的所有商品做退货处理。,,2025-01-01,9999-12-31
19,,HWBT0029,001,禁用,Q/RW-TS-001-2023,"[{'id': 24, 'name': 'RBMT1113', 'sap_code': '20000537', 'code': 'GC000024', 'desc': '艾地盟香精'}, {'id': 25, 'name': '复合水果香精/战马', 'sap_code': '20000879', 'code': 'GC000025', 'desc': '艾地盟战马香精'}, {'id': 59, 'name': 'RBMT1117', 'sap_code': '20001805', 'code': 'GC000059', 'desc': '瑞斯福香精'}, {'id': 60, 'name': 'RBMT1114', 'sap_code': '20001056', 'code': 'GC000060', 'desc': '宝开香精'}]",香精,内容物,红牛,,,YF00000004,相对密度,是,使用前检测,,生产部,品管部,定量,复检,2,大于等于,批次,,40,毫升,否,,,温度计、密度计,内容物温度需达到20℃,,g/cm³,0.9180,0.9380,4,1,退货处理,从同批次及相邻批次各抽取2桶，从中各取10ml复检。使用密度计进行检测。,若仍有不合格，通知生产部暂停使用有问题批次香精，将具体信息报给技术管理部。问题批次的所有商品做退货处理。,,2025-01-01,9999-12-31
20,,HWBT0030,001,禁用,Q/RW-TS-001-2023,"[{'id': 24, 'name': 'RBMT1113', 'sap_code': '20000537', 'code': 'GC000024', 'desc': '艾地盟香精'}, {'id': 25, 'name': '复合水果香精/战马', 'sap_code': '20000879', 'code': 'GC000025', 'desc': '艾地盟战马香精'}, {'id': 59, 'name': 'RBMT1117', 'sap_code': '20001805', 'code': 'GC000059', 'desc': '瑞斯福香精'}, {'id': 60, 'name': 'RBMT1114', 'sap_code': '20001056', 'code': 'GC000060', 'desc': '宝开香精'}]",香精,内容物,红牛,,,YF00000004,相对密度,是,使用前检测,,生产部,品管部,定量,复检,2,大于等于,批次,,40,毫升,否,,,温度计、密度计,内容物温度需达到20℃,,g/cm³,0.9108,0.9308,4,1,退货处理,从同批次及相邻批次各抽取2桶，从中各取10ml复检。使用密度计进行检测。,若仍有不合格，通知生产部暂停使用有问题批次香精，将具体信息报给技术管理部。问题批次的所有商品做退货处理。,,2025-01-01,9999-12-31
21,,HWBT0031,001,禁用,Q/RW-TS-001-2023,"[{'id': 24, 'name': 'RBMT1113', 'sap_code': '20000537', 'code': 'GC000024', 'desc': '艾地盟香精'}, {'id': 25, 'name': '复合水果香精/战马', 'sap_code': '20000879', 'code': 'GC000025', 'desc': '艾地盟战马香精'}, {'id': 59, 'name': 'RBMT1117', 'sap_code': '20001805', 'code': 'GC000059', 'desc': '瑞斯福香精'}, {'id': 60, 'name': 'RBMT1114', 'sap_code': '20001056', 'code': 'GC000060', 'desc': '宝开香精'}]",香精,内容物,红牛,,,YF00000004,相对密度,是,使用前检测,,生产部,品管部,定量,复检,2,大于等于,批次,,40,毫升,否,,,温度计、密度计,内容物温度需达到20℃,,g/cm³,0.9158,0.9358,4,1,退货处理,从同批次及相邻批次各抽取2桶，从中各取10ml复检。使用密度计进行检测。,若仍有不合格，通知生产部暂停使用有问题批次香精，将具体信息报给技术管理部。问题批次的所有商品做退货处理。,,2025-01-01,9999-12-31
22,,HWBT0032,001,禁用,Q/RW-TS-001-2023,"[{'id': 24, 'name': 'RBMT1113', 'sap_code': '20000537', 'code': 'GC000024', 'desc': '艾地盟香精'}, {'id': 25, 'name': '复合水果香精/战马', 'sap_code': '20000879', 'code': 'GC000025', 'desc': '艾地盟战马香精'}, {'id': 59, 'name': 'RBMT1117', 'sap_code': '20001805', 'code': 'GC000059', 'desc': '瑞斯福香精'}, {'id': 60, 'name': 'RBMT1114', 'sap_code': '20001056', 'code': 'GC000060', 'desc': '宝开香精'}]",香精,内容物,红牛,,,YF00000004,相对密度,是,使用前检测,,生产部,品管部,定量,复检,2,大于等于,批次,,40,毫升,否,,,温度计、密度计,内容物温度需达到20℃,,g/cm³,0.9180,0.9380,4,1,退货处理,从同批次及相邻批次各抽取2桶，从中各取10ml复检。使用密度计进行检测。,若仍有不合格，通知生产部暂停使用有问题批次香精，将具体信息报给技术管理部。问题批次的所有商品做退货处理。,,2025-01-01,9999-12-31
23,,HWBT0033,001,禁用,Q/RW-TS-001-2023,"[{'id': 24, 'name': 'RBMT1113', 'sap_code': '20000537', 'code': 'GC000024', 'desc': '艾地盟香精'}, {'id': 25, 'name': '复合水果香精/战马', 'sap_code': '20000879', 'code': 'GC000025', 'desc': '艾地盟战马香精'}, {'id': 59, 'name': 'RBMT1117', 'sap_code': '20001805', 'code': 'GC000059', 'desc': '瑞斯福香精'}, {'id': 60, 'name': 'RBMT1114', 'sap_code': '20001056', 'code': 'GC000060', 'desc': '宝开香精'}]",香精,内容物,红牛,,,YC00000002,可溶性固形物,是,使用前检测,,生产部,品管部,定量,初检,1,等于,批次,,100,毫升,否,,,温度计、糖度计,内容物温度需达到20℃,,%,41.1000,42.9000,2,1,复检,每1新批次为一个检测单元，随机从1桶香精中抽取100ml，其中5ml做本次检测。使用密度计进行检测。,若不合格，从同批次及相邻批次各抽取2桶，从中各取5ml复检。,,2025-01-01,9999-12-31
24,,HWBT0034,001,禁用,Q/RW-TS-001-2023,"[{'id': 24, 'name': 'RBMT1113', 'sap_code': '20000537', 'code': 'GC000024', 'desc': '艾地盟香精'}, {'id': 25, 'name': '复合水果香精/战马', 'sap_code': '20000879', 'code': 'GC000025', 'desc': '艾地盟战马香精'}, {'id': 59, 'name': 'RBMT1117', 'sap_code': '20001805', 'code': 'GC000059', 'desc': '瑞斯福香精'}, {'id': 60, 'name': 'RBMT1114', 'sap_code': '20001056', 'code': 'GC000060', 'desc': '宝开香精'}]",香精,内容物,红牛,,,YC00000002,可溶性固形物,是,使用前检测,,生产部,品管部,定量,初检,1,等于,批次,,100,毫升,否,,,温度计、糖度计,内容物温度需达到20℃,,%,41.7000,43.7000,2,1,复检,每1新批次为一个检测单元，随机从1桶香精中抽取100ml，其中5ml做本次检测。使用密度计进行检测。,若不合格，从同批次及相邻批次各抽取2桶，从中各取5ml复检。,,2025-01-01,9999-12-31
25,,HWBT0035,001,禁用,Q/RW-TS-001-2023,"[{'id': 24, 'name': 'RBMT1113', 'sap_code': '20000537', 'code': 'GC000024', 'desc': '艾地盟香精'}, {'id': 25, 'name': '复合水果香精/战马', 'sap_code': '20000879', 'code': 'GC000025', 'desc': '艾地盟战马香精'}, {'id': 59, 'name': 'RBMT1117', 'sap_code': '20001805', 'code': 'GC000059', 'desc': '瑞斯福香精'}, {'id': 60, 'name': 'RBMT1114', 'sap_code': '20001056', 'code': 'GC000060', 'desc': '宝开香精'}]",香精,内容物,红牛,,,YC00000002,可溶性固形物,是,使用前检测,,生产部,品管部,定量,初检,1,等于,批次,,100,毫升,否,,,温度计、糖度计,内容物温度需达到20℃,,%,39.1000,41.1000,2,1,复检,每1新批次为一个检测单元，随机从1桶香精中抽取100ml，其中5ml做本次检测。使用密度计进行检测。,若不合格，从同批次及相邻批次各抽取2桶，从中各取5ml复检。,,2025-01-01,9999-12-31
26,,HWBT0036,001,禁用,Q/RW-TS-001-2023,"[{'id': 24, 'name': 'RBMT1113', 'sap_code': '20000537', 'code': 'GC000024', 'desc': '艾地盟香精'}, {'id': 25, 'name': '复合水果香精/战马', 'sap_code': '20000879', 'code': 'GC000025', 'desc': '艾地盟战马香精'}, {'id': 59, 'name': 'RBMT1117', 'sap_code': '20001805', 'code': 'GC000059', 'desc': '瑞斯福香精'}, {'id': 60, 'name': 'RBMT1114', 'sap_code': '20001056', 'code': 'GC000060', 'desc': '宝开香精'}]",香精,内容物,红牛,,,YC00000002,可溶性固形物,是,使用前检测,,生产部,品管部,定量,初检,1,等于,批次,,100,毫升,否,,,温度计、糖度计,内容物温度需达到20℃,,%,41.1000,42.9000,2,1,复检,每1新批次为一个检测单元，随机从1桶香精中抽取100ml，其中5ml做本次检测。使用密度计进行检测。,若不合格，从同批次及相邻批次各抽取2桶，从中各取5ml复检。,,2025-01-01,9999-12-31
27,,HWBT0037,001,禁用,Q/RW-TS-001-2023,"[{'id': 24, 'name': 'RBMT1113', 'sap_code': '20000537', 'code': 'GC000024', 'desc': '艾地盟香精'}, {'id': 25, 'name': '复合水果香精/战马', 'sap_code': '20000879', 'code': 'GC000025', 'desc': '艾地盟战马香精'}, {'id': 59, 'name': 'RBMT1117', 'sap_code': '20001805', 'code': 'GC000059', 'desc': '瑞斯福香精'}, {'id': 60, 'name': 'RBMT1114', 'sap_code': '20001056', 'code': 'GC000060', 'desc': '宝开香精'}]",香精,内容物,红牛,,,YC00000002,可溶性固形物,是,使用前检测,,生产部,品管部,定量,初检,1,等于,批次,,100,毫升,否,,,温度计、糖度计,内容物温度需达到20℃,,%,41.1000,43.7000,2,1,复检,每1新批次为一个检测单元，随机从1桶香精中抽取100ml，其中5ml做本次检测。使用密度计进行检测。,若不合格，从同批次及相邻批次各抽取2桶，从中各取5ml复检。,,2025-01-01,9999-12-31
28,,HWBT0038,001,禁用,Q/RW-TS-001-2023,"[{'id': 24, 'name': 'RBMT1113', 'sap_code': '20000537', 'code': 'GC000024', 'desc': '艾地盟香精'}, {'id': 25, 'name': '复合水果香精/战马', 'sap_code': '20000879', 'code': 'GC000025', 'desc': '艾地盟战马香精'}, {'id': 59, 'name': 'RBMT1117', 'sap_code': '20001805', 'code': 'GC000059', 'desc': '瑞斯福香精'}, {'id': 60, 'name': 'RBMT1114', 'sap_code': '20001056', 'code': 'GC000060', 'desc': '宝开香精'}]",香精,内容物,红牛,,,YF00000004,可溶性固形物,是,使用前检测,,生产部,品管部,定量,复检,2,大于等于,批次,,20,毫升,否,,,温度计、糖度计,内容物温度需达到20℃,,%,41.1000,42.9000,2,1,退货处理,从同批次及相邻批次各抽取2桶，从中各取5ml复检。使用密度计进行检测。,若仍有不合格，通知生产部暂停使用有问题批次香精，将具体信息报给技术管理部。问题批次的所有商品做退货处理。,,2025-01-01,9999-12-31
29,,HWBT0039,001,禁用,Q/RW-TS-001-2023,"[{'id': 24, 'name': 'RBMT1113', 'sap_code': '20000537', 'code': 'GC000024', 'desc': '艾地盟香精'}, {'id': 25, 'name': '复合水果香精/战马', 'sap_code': '20000879', 'code': 'GC000025', 'desc': '艾地盟战马香精'}, {'id': 59, 'name': 'RBMT1117', 'sap_code': '20001805', 'code': 'GC000059', 'desc': '瑞斯福香精'}, {'id': 60, 'name': 'RBMT1114', 'sap_code': '20001056', 'code': 'GC000060', 'desc': '宝开香精'}]",香精,内容物,红牛,,,YF00000004,可溶性固形物,是,使用前检测,,生产部,品管部,定量,复检,2,大于等于,批次,,20,毫升,否,,,温度计、糖度计,内容物温度需达到20℃,,%,41.7000,43.7000,2,1,退货处理,从同批次及相邻批次各抽取2桶，从中各取5ml复检。使用密度计进行检测。,若仍有不合格，通知生产部暂停使用有问题批次香精，将具体信息报给技术管理部。问题批次的所有商品做退货处理。,,2025-01-01,9999-12-31
30,,HWBT0040,001,禁用,Q/RW-TS-001-2023,"[{'id': 24, 'name': 'RBMT1113', 'sap_code': '20000537', 'code': 'GC000024', 'desc': '艾地盟香精'}, {'id': 25, 'name': '复合水果香精/战马', 'sap_code': '20000879', 'code': 'GC000025', 'desc': '艾地盟战马香精'}, {'id': 59, 'name': 'RBMT1117', 'sap_code': '20001805', 'code': 'GC000059', 'desc': '瑞斯福香精'}, {'id': 60, 'name': 'RBMT1114', 'sap_code': '20001056', 'code': 'GC000060', 'desc': '宝开香精'}]",香精,内容物,红牛,,,YF00000004,香味,是,使用前检测,,生产部,品管部,定性,复检,2,大于等于,批次,,200,毫升,否,,,嗅觉、味觉,香味特征、强度、口感，要求试样与标准品无差异,香味特征差异/香味强度差异/口感差异,,,,,1,退货处理,从同批次及相邻批次各抽取2桶，从中各取50ml复检。用闻香纸进行蘸取检测。,若仍有不合格，通知生产部暂停使用有问题批次香精，将具体信息报给技术管理部。问题批次的所有商品做退货处理。,,2025-01-01,9999-12-31
31,,HWBT0041,001,禁用,Q/RW-TS-001-2023,"[{'id': 24, 'name': 'RBMT1113', 'sap_code': '20000537', 'code': 'GC000024', 'desc': '艾地盟香精'}, {'id': 25, 'name': '复合水果香精/战马', 'sap_code': '20000879', 'code': 'GC000025', 'desc': '艾地盟战马香精'}, {'id': 59, 'name': 'RBMT1117', 'sap_code': '20001805', 'code': 'GC000059', 'desc': '瑞斯福香精'}, {'id': 60, 'name': 'RBMT1114', 'sap_code': '20001056', 'code': 'GC000060', 'desc': '宝开香精'}]",香精,内容物,红牛,,,YC00000002,香气,是,使用前检测,,生产部,品管部,定性,初检,1,等于,批次,,100,毫升,否,,,嗅觉,与标准品对比无差异,,,,,,1,复检,每1新批次为一个检测单元，随机从1桶香精中抽取100ml。用闻香纸分别蘸取容器内待检试样与标准样品1cm~2cm，然后用嗅觉进行评香。要求试样同标准样品对比一致，应具有复合香精特有的香气，无异杂气。,若不合格，从同批次及相邻批次各抽取2桶，从中各取50ml复检。,,2025-01-01,9999-12-31
32,,HWBT0042,001,禁用,Q/RW-TS-001-2023,"[{'id': 24, 'name': 'RBMT1113', 'sap_code': '20000537', 'code': 'GC000024', 'desc': '艾地盟香精'}, {'id': 25, 'name': '复合水果香精/战马', 'sap_code': '20000879', 'code': 'GC000025', 'desc': '艾地盟战马香精'}, {'id': 59, 'name': 'RBMT1117', 'sap_code': '20001805', 'code': 'GC000059', 'desc': '瑞斯福香精'}, {'id': 60, 'name': 'RBMT1114', 'sap_code': '20001056', 'code': 'GC000060', 'desc': '宝开香精'}]",香精,内容物,红牛,,,YF00000004,香气,是,使用前检测,,生产部,品管部,定性,复检,2,大于等于,批次,,200,毫升,否,,,嗅觉,与标准品对比无差异,,,,,,1,退货处理,从同批次及相邻批次各抽取2桶，从中各取50ml复检。用闻香纸分别蘸取容器内待检试样与标准样品1cm~2cm，然后用嗅觉进行评香。要求试样同标准样品对比一致，应具有复合香精特有的香气，无异杂气。,若仍有不合格，通知生产部暂停使用有问题批次香精，将具体信息报给技术管理部。问题批次的所有商品做退货处理。,,2025-01-01,9999-12-31
33,,HWBT0043,001,禁用,Q/RW-TS-001-2023,"[{'id': 24, 'name': 'RBMT1113', 'sap_code': '20000537', 'code': 'GC000024', 'desc': '艾地盟香精'}, {'id': 25, 'name': '复合水果香精/战马', 'sap_code': '20000879', 'code': 'GC000025', 'desc': '艾地盟战马香精'}, {'id': 59, 'name': 'RBMT1117', 'sap_code': '20001805', 'code': 'GC000059', 'desc': '瑞斯福香精'}, {'id': 60, 'name': 'RBMT1114', 'sap_code': '20001056', 'code': 'GC000060', 'desc': '宝开香精'}]",香精,内容物,红牛,,,YC00000002,相对密度,是,使用前检测,,生产部,品管部,定量,初检,1,等于,批次,,100,毫升,否,,,温度计、密度计,内容物温度需达到20℃,,g/cm³,0.9150,0.9350,4,1,复检,每1新批次为一个检测单元，随机从1桶香精中抽取100ml，其中10ml做本次检测。使用密度计进行检测。,若不合格，从同批次及相邻批次各抽取2桶，从中各取10ml复检。,,2025-01-01,9999-12-31
34,,HWBT0044,001,禁用,Q/RW-TS-001-2023,"[{'id': 24, 'name': 'RBMT1113', 'sap_code': '20000537', 'code': 'GC000024', 'desc': '艾地盟香精'}, {'id': 25, 'name': '复合水果香精/战马', 'sap_code': '20000879', 'code': 'GC000025', 'desc': '艾地盟战马香精'}, {'id': 59, 'name': 'RBMT1117', 'sap_code': '20001805', 'code': 'GC000059', 'desc': '瑞斯福香精'}, {'id': 60, 'name': 'RBMT1114', 'sap_code': '20001056', 'code': 'GC000060', 'desc': '宝开香精'}]",香精,内容物,红牛,,,YC00000002,相对密度,是,使用前检测,,生产部,品管部,定量,初检,1,等于,批次,,100,毫升,否,,,温度计、密度计,内容物温度需达到20℃,,g/cm³,0.9180,0.9380,4,1,复检,每1新批次为一个检测单元，随机从1桶香精中抽取100ml，其中10ml做本次检测。使用密度计进行检测。,若不合格，从同批次及相邻批次各抽取2桶，从中各取10ml复检。,,2025-01-01,9999-12-31
35,,HWBT0045,001,禁用,Q/RW-TS-001-2023,"[{'id': 24, 'name': 'RBMT1113', 'sap_code': '20000537', 'code': 'GC000024', 'desc': '艾地盟香精'}, {'id': 25, 'name': '复合水果香精/战马', 'sap_code': '20000879', 'code': 'GC000025', 'desc': '艾地盟战马香精'}, {'id': 59, 'name': 'RBMT1117', 'sap_code': '20001805', 'code': 'GC000059', 'desc': '瑞斯福香精'}, {'id': 60, 'name': 'RBMT1114', 'sap_code': '20001056', 'code': 'GC000060', 'desc': '宝开香精'}]",香精,内容物,红牛,,,YC00000002,相对密度,是,使用前检测,,生产部,品管部,定量,初检,1,等于,批次,,100,毫升,否,,,温度计、密度计,内容物温度需达到20℃,,g/cm³,0.9108,0.9308,4,1,复检,每1新批次为一个检测单元，随机从1桶香精中抽取100ml，其中10ml做本次检测。使用密度计进行检测。,若不合格，从同批次及相邻批次各抽取2桶，从中各取10ml复检。,,2025-01-01,9999-12-31
36,,HWBT0046,001,禁用,Q/RW-TS-001-2023,"[{'id': 24, 'name': 'RBMT1113', 'sap_code': '20000537', 'code': 'GC000024', 'desc': '艾地盟香精'}, {'id': 25, 'name': '复合水果香精/战马', 'sap_code': '20000879', 'code': 'GC000025', 'desc': '艾地盟战马香精'}, {'id': 59, 'name': 'RBMT1117', 'sap_code': '20001805', 'code': 'GC000059', 'desc': '瑞斯福香精'}, {'id': 60, 'name': 'RBMT1114', 'sap_code': '20001056', 'code': 'GC000060', 'desc': '宝开香精'}]",香精,内容物,红牛,,,YC00000002,相对密度,是,使用前检测,,生产部,品管部,定量,初检,1,等于,批次,,100,毫升,否,,,温度计、密度计,内容物温度需达到20℃,,g/cm³,0.9158,0.9358,4,1,复检,每1新批次为一个检测单元，随机从1桶香精中抽取100ml，其中10ml做本次检测。使用密度计进行检测。,若不合格，从同批次及相邻批次各抽取2桶，从中各取10ml复检。,,2025-01-01,9999-12-31
37,,HWBT0047,001,禁用,Q/RW-TS-001-2023,"[{'id': 24, 'name': 'RBMT1113', 'sap_code': '20000537', 'code': 'GC000024', 'desc': '艾地盟香精'}, {'id': 25, 'name': '复合水果香精/战马', 'sap_code': '20000879', 'code': 'GC000025', 'desc': '艾地盟战马香精'}, {'id': 59, 'name': 'RBMT1117', 'sap_code': '20001805', 'code': 'GC000059', 'desc': '瑞斯福香精'}, {'id': 60, 'name': 'RBMT1114', 'sap_code': '20001056', 'code': 'GC000060', 'desc': '宝开香精'}]",香精,内容物,红牛,,,YC00000002,相对密度,是,使用前检测,,生产部,品管部,定量,初检,1,等于,批次,,100,毫升,否,,,温度计、密度计,内容物温度需达到20℃,,g/cm³,0.9180,0.9380,4,1,复检,每1新批次为一个检测单元，随机从1桶香精中抽取100ml，其中10ml做本次检测。使用密度计进行检测。,若不合格，从同批次及相邻批次各抽取2桶，从中各取10ml复检。,,2025-01-01,9999-12-31
38,,HWBT0048,001,禁用,Q/RW-TS-001-2023,"[{'id': 24, 'name': 'RBMT1113', 'sap_code': '20000537', 'code': 'GC000024', 'desc': '艾地盟香精'}, {'id': 25, 'name': '复合水果香精/战马', 'sap_code': '20000879', 'code': 'GC000025', 'desc': '艾地盟战马香精'}, {'id': 59, 'name': 'RBMT1117', 'sap_code': '20001805', 'code': 'GC000059', 'desc': '瑞斯福香精'}, {'id': 60, 'name': 'RBMT1114', 'sap_code': '20001056', 'code': 'GC000060', 'desc': '宝开香精'}]",香精,内容物,红牛,,,YF00000004,相对密度,是,使用前检测,,生产部,品管部,定量,复检,2,大于等于,批次,,40,毫升,否,,,温度计、密度计,内容物温度需达到20℃,,g/cm³,0.9150,0.9350,4,1,退货处理,从同批次及相邻批次各抽取2桶，从中各取10ml复检。使用密度计进行检测。,若仍有不合格，通知生产部暂停使用有问题批次香精，将具体信息报给技术管理部。问题批次的所有商品做退货处理。,,2025-01-01,9999-12-31
39,,HWBT0049,001,禁用,Q/RW-TS-001-2023,"[{'id': 24, 'name': 'RBMT1113', 'sap_code': '20000537', 'code': 'GC000024', 'desc': '艾地盟香精'}, {'id': 25, 'name': '复合水果香精/战马', 'sap_code': '20000879', 'code': 'GC000025', 'desc': '艾地盟战马香精'}, {'id': 59, 'name': 'RBMT1117', 'sap_code': '20001805', 'code': 'GC000059', 'desc': '瑞斯福香精'}, {'id': 60, 'name': 'RBMT1114', 'sap_code': '20001056', 'code': 'GC000060', 'desc': '宝开香精'}]",香精,内容物,红牛,,,YF00000004,相对密度,是,使用前检测,,生产部,品管部,定量,复检,2,大于等于,批次,,40,毫升,否,,,温度计、密度计,内容物温度需达到20℃,,g/cm³,0.9180,0.9380,4,1,退货处理,从同批次及相邻批次各抽取2桶，从中各取10ml复检。使用密度计进行检测。,若仍有不合格，通知生产部暂停使用有问题批次香精，将具体信息报给技术管理部。问题批次的所有商品做退货处理。,,2025-01-01,9999-12-31
40,,HWBT0050,001,禁用,Q/RW-TS-001-2023,"[{'id': 24, 'name': 'RBMT1113', 'sap_code': '20000537', 'code': 'GC000024', 'desc': '艾地盟香精'}, {'id': 25, 'name': '复合水果香精/战马', 'sap_code': '20000879', 'code': 'GC000025', 'desc': '艾地盟战马香精'}, {'id': 59, 'name': 'RBMT1117', 'sap_code': '20001805', 'code': 'GC000059', 'desc': '瑞斯福香精'}, {'id': 60, 'name': 'RBMT1114', 'sap_code': '20001056', 'code': 'GC000060', 'desc': '宝开香精'}]",香精,内容物,红牛,,,YF00000004,相对密度,是,使用前检测,,生产部,品管部,定量,复检,2,大于等于,批次,,40,毫升,否,,,温度计、密度计,内容物温度需达到20℃,,g/cm³,0.9108,0.9308,4,1,退货处理,从同批次及相邻批次各抽取2桶，从中各取10ml复检。使用密度计进行检测。,若仍有不合格，通知生产部暂停使用有问题批次香精，将具体信息报给技术管理部。问题批次的所有商品做退货处理。,,2025-01-01,9999-12-31
41,,HWBT0051,001,禁用,Q/RW-TS-001-2023,"[{'id': 24, 'name': 'RBMT1113', 'sap_code': '20000537', 'code': 'GC000024', 'desc': '艾地盟香精'}, {'id': 25, 'name': '复合水果香精/战马', 'sap_code': '20000879', 'code': 'GC000025', 'desc': '艾地盟战马香精'}, {'id': 59, 'name': 'RBMT1117', 'sap_code': '20001805', 'code': 'GC000059', 'desc': '瑞斯福香精'}, {'id': 60, 'name': 'RBMT1114', 'sap_code': '20001056', 'code': 'GC000060', 'desc': '宝开香精'}]",香精,内容物,红牛,,,YF00000004,相对密度,是,使用前检测,,生产部,品管部,定量,复检,2,大于等于,批次,,40,毫升,否,,,温度计、密度计,内容物温度需达到20℃,,g/cm³,0.9158,0.9358,4,1,退货处理,从同批次及相邻批次各抽取2桶，从中各取10ml复检。使用密度计进行检测。,若仍有不合格，通知生产部暂停使用有问题批次香精，将具体信息报给技术管理部。问题批次的所有商品做退货处理。,,2025-01-01,9999-12-31
42,,HWBT0052,001,禁用,Q/RW-TS-001-2023,"[{'id': 24, 'name': 'RBMT1113', 'sap_code': '20000537', 'code': 'GC000024', 'desc': '艾地盟香精'}, {'id': 25, 'name': '复合水果香精/战马', 'sap_code': '20000879', 'code': 'GC000025', 'desc': '艾地盟战马香精'}, {'id': 59, 'name': 'RBMT1117', 'sap_code': '20001805', 'code': 'GC000059', 'desc': '瑞斯福香精'}, {'id': 60, 'name': 'RBMT1114', 'sap_code': '20001056', 'code': 'GC000060', 'desc': '宝开香精'}]",香精,内容物,红牛,,,YF00000004,相对密度,是,使用前检测,,生产部,品管部,定量,复检,2,大于等于,批次,,40,毫升,否,,,温度计、密度计,内容物温度需达到20℃,,g/cm³,0.9180,0.9380,4,1,退货处理,从同批次及相邻批次各抽取2桶，从中各取10ml复检。使用密度计进行检测。,若仍有不合格，通知生产部暂停使用有问题批次香精，将具体信息报给技术管理部。问题批次的所有商品做退货处理。,,2025-01-01,9999-12-31
43,,HWBT0053,001,禁用,Q/RW-TS-001-2023,"[{'id': 24, 'name': 'RBMT1113', 'sap_code': '20000537', 'code': 'GC000024', 'desc': '艾地盟香精'}, {'id': 25, 'name': '复合水果香精/战马', 'sap_code': '20000879', 'code': 'GC000025', 'desc': '艾地盟战马香精'}, {'id': 59, 'name': 'RBMT1117', 'sap_code': '20001805', 'code': 'GC000059', 'desc': '瑞斯福香精'}, {'id': 60, 'name': 'RBMT1114', 'sap_code': '20001056', 'code': 'GC000060', 'desc': '宝开香精'}]",香精,内容物,红牛,,,YC00000002,可溶性固形物,是,使用前检测,,生产部,品管部,定量,初检,1,等于,批次,,100,毫升,否,,,温度计、糖度计,内容物温度需达到20℃,,%,41.1000,42.9000,2,1,复检,每1新批次为一个检测单元，随机从1桶香精中抽取100ml，其中5ml做本次检测。使用密度计进行检测。,若不合格，从同批次及相邻批次各抽取2桶，从中各取5ml复检。,,2025-01-01,9999-12-31
44,,HWBT0054,001,禁用,Q/RW-TS-001-2023,"[{'id': 24, 'name': 'RBMT1113', 'sap_code': '20000537', 'code': 'GC000024', 'desc': '艾地盟香精'}, {'id': 25, 'name': '复合水果香精/战马', 'sap_code': '20000879', 'code': 'GC000025', 'desc': '艾地盟战马香精'}, {'id': 59, 'name': 'RBMT1117', 'sap_code': '20001805', 'code': 'GC000059', 'desc': '瑞斯福香精'}, {'id': 60, 'name': 'RBMT1114', 'sap_code': '20001056', 'code': 'GC000060', 'desc': '宝开香精'}]",香精,内容物,红牛,,,YC00000002,可溶性固形物,是,使用前检测,,生产部,品管部,定量,初检,1,等于,批次,,100,毫升,否,,,温度计、糖度计,内容物温度需达到20℃,,%,41.7000,43.7000,2,1,复检,每1新批次为一个检测单元，随机从1桶香精中抽取100ml，其中5ml做本次检测。使用密度计进行检测。,若不合格，从同批次及相邻批次各抽取2桶，从中各取5ml复检。,,2025-01-01,9999-12-31
45,,HWBT0055,001,禁用,Q/RW-TS-001-2023,"[{'id': 24, 'name': 'RBMT1113', 'sap_code': '20000537', 'code': 'GC000024', 'desc': '艾地盟香精'}, {'id': 25, 'name': '复合水果香精/战马', 'sap_code': '20000879', 'code': 'GC000025', 'desc': '艾地盟战马香精'}, {'id': 59, 'name': 'RBMT1117', 'sap_code': '20001805', 'code': 'GC000059', 'desc': '瑞斯福香精'}, {'id': 60, 'name': 'RBMT1114', 'sap_code': '20001056', 'code': 'GC000060', 'desc': '宝开香精'}]",香精,内容物,红牛,,,YC00000002,可溶性固形物,是,使用前检测,,生产部,品管部,定量,初检,1,等于,批次,,100,毫升,否,,,温度计、糖度计,内容物温度需达到20℃,,%,39.1000,41.1000,2,1,复检,每1新批次为一个检测单元，随机从1桶香精中抽取100ml，其中5ml做本次检测。使用密度计进行检测。,若不合格，从同批次及相邻批次各抽取2桶，从中各取5ml复检。,,2025-01-01,9999-12-31
46,,HWBT0056,001,禁用,Q/RW-TS-001-2023,"[{'id': 24, 'name': 'RBMT1113', 'sap_code': '20000537', 'code': 'GC000024', 'desc': '艾地盟香精'}, {'id': 25, 'name': '复合水果香精/战马', 'sap_code': '20000879', 'code': 'GC000025', 'desc': '艾地盟战马香精'}, {'id': 59, 'name': 'RBMT1117', 'sap_code': '20001805', 'code': 'GC000059', 'desc': '瑞斯福香精'}, {'id': 60, 'name': 'RBMT1114', 'sap_code': '20001056', 'code': 'GC000060', 'desc': '宝开香精'}]",香精,内容物,红牛,,,YC00000002,可溶性固形物,是,使用前检测,,生产部,品管部,定量,初检,1,等于,批次,,100,毫升,否,,,温度计、糖度计,内容物温度需达到20℃,,%,41.1000,42.9000,2,1,复检,每1新批次为一个检测单元，随机从1桶香精中抽取100ml，其中5ml做本次检测。使用密度计进行检测。,若不合格，从同批次及相邻批次各抽取2桶，从中各取5ml复检。,,2025-01-01,9999-12-31
47,,HWBT0057,001,禁用,Q/RW-TS-001-2023,"[{'id': 24, 'name': 'RBMT1113', 'sap_code': '20000537', 'code': 'GC000024', 'desc': '艾地盟香精'}, {'id': 25, 'name': '复合水果香精/战马', 'sap_code': '20000879', 'code': 'GC000025', 'desc': '艾地盟战马香精'}, {'id': 59, 'name': 'RBMT1117', 'sap_code': '20001805', 'code': 'GC000059', 'desc': '瑞斯福香精'}, {'id': 60, 'name': 'RBMT1114', 'sap_code': '20001056', 'code': 'GC000060', 'desc': '宝开香精'}]",香精,内容物,红牛,,,YC00000002,可溶性固形物,是,使用前检测,,生产部,品管部,定量,初检,1,等于,批次,,100,毫升,否,,,温度计、糖度计,内容物温度需达到20℃,,%,41.1000,43.7000,2,1,复检,每1新批次为一个检测单元，随机从1桶香精中抽取100ml，其中5ml做本次检测。使用密度计进行检测。,若不合格，从同批次及相邻批次各抽取2桶，从中各取5ml复检。,,2025-01-01,9999-12-31
48,,HWBT0058,001,禁用,Q/RW-TS-001-2023,"[{'id': 24, 'name': 'RBMT1113', 'sap_code': '20000537', 'code': 'GC000024', 'desc': '艾地盟香精'}, {'id': 25, 'name': '复合水果香精/战马', 'sap_code': '20000879', 'code': 'GC000025', 'desc': '艾地盟战马香精'}, {'id': 59, 'name': 'RBMT1117', 'sap_code': '20001805', 'code': 'GC000059', 'desc': '瑞斯福香精'}, {'id': 60, 'name': 'RBMT1114', 'sap_code': '20001056', 'code': 'GC000060', 'desc': '宝开香精'}]",香精,内容物,红牛,,,YF00000004,可溶性固形物,是,使用前检测,,生产部,品管部,定量,复检,2,大于等于,批次,,20,毫升,否,,,温度计、糖度计,内容物温度需达到20℃,,%,41.1000,42.9000,2,1,退货处理,从同批次及相邻批次各抽取2桶，从中各取5ml复检。使用密度计进行检测。,若仍有不合格，通知生产部暂停使用有问题批次香精，将具体信息报给技术管理部。问题批次的所有商品做退货处理。,,2025-01-01,9999-12-31
49,,HWBT0059,001,禁用,Q/RW-TS-001-2023,"[{'id': 24, 'name': 'RBMT1113', 'sap_code': '20000537', 'code': 'GC000024', 'desc': '艾地盟香精'}, {'id': 25, 'name': '复合水果香精/战马', 'sap_code': '20000879', 'code': 'GC000025', 'desc': '艾地盟战马香精'}, {'id': 59, 'name': 'RBMT1117', 'sap_code': '20001805', 'code': 'GC000059', 'desc': '瑞斯福香精'}, {'id': 60, 'name': 'RBMT1114', 'sap_code': '20001056', 'code': 'GC000060', 'desc': '宝开香精'}]",香精,内容物,红牛,,,YF00000004,可溶性固形物,是,使用前检测,,生产部,品管部,定量,复检,2,大于等于,批次,,20,毫升,否,,,温度计、糖度计,内容物温度需达到20℃,,%,41.7000,43.7000,2,1,退货处理,从同批次及相邻批次各抽取2桶，从中各取5ml复检。使用密度计进行检测。,若仍有不合格，通知生产部暂停使用有问题批次香精，将具体信息报给技术管理部。问题批次的所有商品做退货处理。,,2025-01-01,9999-12-31
50,,HWBT0060,001,禁用,Q/RW-TS-001-2023,"[{'id': 17, 'name': '空罐/普通型/无顶盖/250ml', 'sap_code': '20000194', 'code': 'GC000017', 'desc': '普通型空罐'}, {'id': 36, 'name': '空罐/普通型/250ML/30周年版/无顶盖', 'sap_code': '20002028', 'code': 'GC000036', 'desc': '普通型空罐'}, {'id': 37, 'name': '空罐/普通型/250ML/31周年版/无顶盖', 'sap_code': '20002271', 'code': 'GC000037', 'desc': '普通型空罐'}, {'id': 38, 'name': '空罐/普通型/250ML/2026广东红包促销/无顶盖', 'sap_code': '20002273', 'code': 'GC000038', 'desc': '促销型空罐'}, {'id': 39, 'name': '空罐/普通型/250ML/2026广东1元乐享促销/无顶盖', 'sap_code': '20002274', 'code': 'GC000039', 'desc': '促销型空罐'}, {'id': 40, 'name': '空罐/强化型/250ml/蓝色/30周年版/无底盖', 'sap_code': '20002029', 'code': 'GC000040', 'desc': '强化型空罐'}, {'id': 41, 'name': '空罐/强化型/250ml/蓝色/31周年版/无底盖', 'sap_code': '20002272', 'code': 'GC000041', 'desc': '强化型空罐'}, {'id': 66, 'name': '空罐/普通型/250ML/2026扫码1元乐享-闽苏沪/无顶盖', 'sap_code': '20002294', 'code': 'GC000066', 'desc': '促销型空罐'}, {'id': 69, 'name': '空罐/普通型/250ML/2026年1元乐享-新疆青海/无顶盖', 'sap_code': '20002303', 'code': 'GC000069', 'desc': '促销型空罐'}, {'id': 71, 'name': '空罐/普通型/250ML/2026扫码1元乐享-云贵/无顶盖', 'sap_code': '20002305', 'code': 'GC000071', 'desc': '促销型空罐'}, {'id': 73, 'name': '空罐/普通型/250ML/2026扫码1元乐享-广西/无顶盖', 'sap_code': '20002315', 'code': 'GC000073', 'desc': '促销型空罐'}]",空罐,包材,红牛,,,YC00000004,罐体高度,是,到货检测,,储运部,品管部,定量,初检,8,等于,托盘,,8,罐,是,8,罐,罐身高度检测仪,91.50-91.90,,mm,91.5000,91.9000,2,1,复检,每8托为一个检测单元，每一托盘随机抽取样品1罐，共8罐，并做好标识。其中1罐做本次检测。,若有不合格，取同一托6罐复检。,,2025-01-01,9999-12-31
51,,HWBT0061,001,禁用,Q/RW-TS-001-2023,"[{'id': 17, 'name': '空罐/普通型/无顶盖/250ml', 'sap_code': '20000194', 'code': 'GC000017', 'desc': '普通型空罐'}, {'id': 36, 'name': '空罐/普通型/250ML/30周年版/无顶盖', 'sap_code': '20002028', 'code': 'GC000036', 'desc': '普通型空罐'}, {'id': 37, 'name': '空罐/普通型/250ML/31周年版/无顶盖', 'sap_code': '20002271', 'code': 'GC000037', 'desc': '普通型空罐'}, {'id': 38, 'name': '空罐/普通型/250ML/2026广东红包促销/无顶盖', 'sap_code': '20002273', 'code': 'GC000038', 'desc': '促销型空罐'}, {'id': 39, 'name': '空罐/普通型/250ML/2026广东1元乐享促销/无顶盖', 'sap_code': '20002274', 'code': 'GC000039', 'desc': '促销型空罐'}, {'id': 40, 'name': '空罐/强化型/250ml/蓝色/30周年版/无底盖', 'sap_code': '20002029', 'code': 'GC000040', 'desc': '强化型空罐'}, {'id': 41, 'name': '空罐/强化型/250ml/蓝色/31周年版/无底盖', 'sap_code': '20002272', 'code': 'GC000041', 'desc': '强化型空罐'}, {'id': 66, 'name': '空罐/普通型/250ML/2026扫码1元乐享-闽苏沪/无顶盖', 'sap_code': '20002294', 'code': 'GC000066', 'desc': '促销型空罐'}, {'id': 69, 'name': '空罐/普通型/250ML/2026年1元乐享-新疆青海/无顶盖', 'sap_code': '20002303', 'code': 'GC000069', 'desc': '促销型空罐'}, {'id': 71, 'name': '空罐/普通型/250ML/2026扫码1元乐享-云贵/无顶盖', 'sap_code': '20002305', 'code': 'GC000071', 'desc': '促销型空罐'}, {'id': 73, 'name': '空罐/普通型/250ML/2026扫码1元乐享-广西/无顶盖', 'sap_code': '20002315', 'code': 'GC000073', 'desc': '促销型空罐'}]",空罐,包材,红牛,,,YC00000004,罐体高度,是,到货检测,,储运部,品管部,定量,初检,8,等于,托盘,,8,罐,是,8,罐,罐身高度检测仪,132.80-133.30,,mm,132.8000,133.3000,2,1,复检,每8托为一个检测单元，每一托盘随机抽取样品1罐，共8罐，并做好标识。其中1罐做本次检测。,若有不合格，取同一托6罐复检。,,2025-01-01,9999-12-31
52,,HWBT0062,001,禁用,Q/RW-TS-001-2023,"[{'id': 17, 'name': '空罐/普通型/无顶盖/250ml', 'sap_code': '20000194', 'code': 'GC000017', 'desc': '普通型空罐'}, {'id': 36, 'name': '空罐/普通型/250ML/30周年版/无顶盖', 'sap_code': '20002028', 'code': 'GC000036', 'desc': '普通型空罐'}, {'id': 37, 'name': '空罐/普通型/250ML/31周年版/无顶盖', 'sap_code': '20002271', 'code': 'GC000037', 'desc': '普通型空罐'}, {'id': 38, 'name': '空罐/普通型/250ML/2026广东红包促销/无顶盖', 'sap_code': '20002273', 'code': 'GC000038', 'desc': '促销型空罐'}, {'id': 39, 'name': '空罐/普通型/250ML/2026广东1元乐享促销/无顶盖', 'sap_code': '20002274', 'code': 'GC000039', 'desc': '促销型空罐'}, {'id': 40, 'name': '空罐/强化型/250ml/蓝色/30周年版/无底盖', 'sap_code': '20002029', 'code': 'GC000040', 'desc': '强化型空罐'}, {'id': 41, 'name': '空罐/强化型/250ml/蓝色/31周年版/无底盖', 'sap_code': '20002272', 'code': 'GC000041', 'desc': '强化型空罐'}, {'id': 66, 'name': '空罐/普通型/250ML/2026扫码1元乐享-闽苏沪/无顶盖', 'sap_code': '20002294', 'code': 'GC000066', 'desc': '促销型空罐'}, {'id': 69, 'name': '空罐/普通型/250ML/2026年1元乐享-新疆青海/无顶盖', 'sap_code': '20002303', 'code': 'GC000069', 'desc': '促销型空罐'}, {'id': 71, 'name': '空罐/普通型/250ML/2026扫码1元乐享-云贵/无顶盖', 'sap_code': '20002305', 'code': 'GC000071', 'desc': '促销型空罐'}, {'id': 73, 'name': '空罐/普通型/250ML/2026扫码1元乐享-广西/无顶盖', 'sap_code': '20002315', 'code': 'GC000073', 'desc': '促销型空罐'}]",空罐,包材,红牛,,,YF00000011,罐体高度,是,到货检测,,储运部,品管部,定量,复检,1,大于等于,托盘,,6,罐,是,6,罐,罐身高度检测仪,91.50-91.90,,mm,91.5000,91.9000,2,1,退货处理,从初检问题托盘中每托取6罐复检。,若仍有不合格，初检检测单元的所有商品做退货处理。,,2025-01-01,9999-12-31
53,,HWBT0063,001,禁用,Q/RW-TS-001-2023,"[{'id': 17, 'name': '空罐/普通型/无顶盖/250ml', 'sap_code': '20000194', 'code': 'GC000017', 'desc': '普通型空罐'}, {'id': 36, 'name': '空罐/普通型/250ML/30周年版/无顶盖', 'sap_code': '20002028', 'code': 'GC000036', 'desc': '普通型空罐'}, {'id': 37, 'name': '空罐/普通型/250ML/31周年版/无顶盖', 'sap_code': '20002271', 'code': 'GC000037', 'desc': '普通型空罐'}, {'id': 38, 'name': '空罐/普通型/250ML/2026广东红包促销/无顶盖', 'sap_code': '20002273', 'code': 'GC000038', 'desc': '促销型空罐'}, {'id': 39, 'name': '空罐/普通型/250ML/2026广东1元乐享促销/无顶盖', 'sap_code': '20002274', 'code': 'GC000039', 'desc': '促销型空罐'}, {'id': 40, 'name': '空罐/强化型/250ml/蓝色/30周年版/无底盖', 'sap_code': '20002029', 'code': 'GC000040', 'desc': '强化型空罐'}, {'id': 41, 'name': '空罐/强化型/250ml/蓝色/31周年版/无底盖', 'sap_code': '20002272', 'code': 'GC000041', 'desc': '强化型空罐'}, {'id': 66, 'name': '空罐/普通型/250ML/2026扫码1元乐享-闽苏沪/无顶盖', 'sap_code': '20002294', 'code': 'GC000066', 'desc': '促销型空罐'}, {'id': 69, 'name': '空罐/普通型/250ML/2026年1元乐享-新疆青海/无顶盖', 'sap_code': '20002303', 'code': 'GC000069', 'desc': '促销型空罐'}, {'id': 71, 'name': '空罐/普通型/250ML/2026扫码1元乐享-云贵/无顶盖', 'sap_code': '20002305', 'code': 'GC000071', 'desc': '促销型空罐'}, {'id': 73, 'name': '空罐/普通型/250ML/2026扫码1元乐享-广西/无顶盖', 'sap_code': '20002315', 'code': 'GC000073', 'desc': '促销型空罐'}]",空罐,包材,红牛,,,YF00000011,罐体高度,是,到货检测,,储运部,品管部,定量,复检,1,大于等于,托盘,,6,罐,是,6,罐,罐身高度检测仪,91.50-91.90,,mm,91.5000,91.9000,2,1,退货处理,从初检问题托盘中每托取6罐复检。,若仍有不合格，初检检测单元的所有商品做退货处理。,,2025-01-01,9999-12-31
54,,HWBT0064,001,禁用,Q/RW-TS-001-2023,"[{'id': 17, 'name': '空罐/普通型/无顶盖/250ml', 'sap_code': '20000194', 'code': 'GC000017', 'desc': '普通型空罐'}, {'id': 36, 'name': '空罐/普通型/250ML/30周年版/无顶盖', 'sap_code': '20002028', 'code': 'GC000036', 'desc': '普通型空罐'}, {'id': 37, 'name': '空罐/普通型/250ML/31周年版/无顶盖', 'sap_code': '20002271', 'code': 'GC000037', 'desc': '普通型空罐'}, {'id': 38, 'name': '空罐/普通型/250ML/2026广东红包促销/无顶盖', 'sap_code': '20002273', 'code': 'GC000038', 'desc': '促销型空罐'}, {'id': 39, 'name': '空罐/普通型/250ML/2026广东1元乐享促销/无顶盖', 'sap_code': '20002274', 'code': 'GC000039', 'desc': '促销型空罐'}, {'id': 40, 'name': '空罐/强化型/250ml/蓝色/30周年版/无底盖', 'sap_code': '20002029', 'code': 'GC000040', 'desc': '强化型空罐'}, {'id': 41, 'name': '空罐/强化型/250ml/蓝色/31周年版/无底盖', 'sap_code': '20002272', 'code': 'GC000041', 'desc': '强化型空罐'}, {'id': 66, 'name': '空罐/普通型/250ML/2026扫码1元乐享-闽苏沪/无顶盖', 'sap_code': '20002294', 'code': 'GC000066', 'desc': '促销型空罐'}, {'id': 69, 'name': '空罐/普通型/250ML/2026年1元乐享-新疆青海/无顶盖', 'sap_code': '20002303', 'code': 'GC000069', 'desc': '促销型空罐'}, {'id': 71, 'name': '空罐/普通型/250ML/2026扫码1元乐享-云贵/无顶盖', 'sap_code': '20002305', 'code': 'GC000071', 'desc': '促销型空罐'}, {'id': 73, 'name': '空罐/普通型/250ML/2026扫码1元乐享-广西/无顶盖', 'sap_code': '20002315', 'code': 'GC000073', 'desc': '促销型空罐'}]",空罐,包材,红牛,,,YF00000011,罐体高度,是,到货检测,,储运部,品管部,定量,复检,1,大于等于,托盘,,6,罐,是,6,罐,罐身高度检测仪,132.80-133.30,,mm,132.8000,133.3000,2,1,退货处理,从初检问题托盘中每托取6罐复检。,若仍有不合格，初检检测单元的所有商品做退货处理。,,2025-01-01,9999-12-31
55,,HWBT0065,001,禁用,Q/RW-TS-001-2023,"[{'id': 17, 'name': '空罐/普通型/无顶盖/250ml', 'sap_code': '20000194', 'code': 'GC000017', 'desc': '普通型空罐'}, {'id': 36, 'name': '空罐/普通型/250ML/30周年版/无顶盖', 'sap_code': '20002028', 'code': 'GC000036', 'desc': '普通型空罐'}, {'id': 37, 'name': '空罐/普通型/250ML/31周年版/无顶盖', 'sap_code': '20002271', 'code': 'GC000037', 'desc': '普通型空罐'}, {'id': 38, 'name': '空罐/普通型/250ML/2026广东红包促销/无顶盖', 'sap_code': '20002273', 'code': 'GC000038', 'desc': '促销型空罐'}, {'id': 39, 'name': '空罐/普通型/250ML/2026广东1元乐享促销/无顶盖', 'sap_code': '20002274', 'code': 'GC000039', 'desc': '促销型空罐'}, {'id': 40, 'name': '空罐/强化型/250ml/蓝色/30周年版/无底盖', 'sap_code': '20002029', 'code': 'GC000040', 'desc': '强化型空罐'}, {'id': 41, 'name': '空罐/强化型/250ml/蓝色/31周年版/无底盖', 'sap_code': '20002272', 'code': 'GC000041', 'desc': '强化型空罐'}, {'id': 66, 'name': '空罐/普通型/250ML/2026扫码1元乐享-闽苏沪/无顶盖', 'sap_code': '20002294', 'code': 'GC000066', 'desc': '促销型空罐'}, {'id': 69, 'name': '空罐/普通型/250ML/2026年1元乐享-新疆青海/无顶盖', 'sap_code': '20002303', 'code': 'GC000069', 'desc': '促销型空罐'}, {'id': 71, 'name': '空罐/普通型/250ML/2026扫码1元乐享-云贵/无顶盖', 'sap_code': '20002305', 'code': 'GC000071', 'desc': '促销型空罐'}, {'id': 73, 'name': '空罐/普通型/250ML/2026扫码1元乐享-广西/无顶盖', 'sap_code': '20002315', 'code': 'GC000073', 'desc': '促销型空罐'}]",空罐,包材,红牛,8886,红牛维他命饮料（江苏）有限公司,YC00000004,翻边尺寸,是,到货检测,,储运部,品管部,定量,初检,8,等于,托盘,,8,罐,是,8,罐,空罐翻边宽度检测仪,2.20-2.60,,mm,2.2000,2.6000,2,1,复检,每8托为一个检测单元，每一托盘随机抽取样品1罐，共8罐，并做好标识。其中1罐做本次检测。,若有不合格，取同一托6罐复检。,,2025-01-01,9999-12-31
56,,HWBT0066,001,禁用,Q/RW-TS-001-2023,"[{'id': 17, 'name': '空罐/普通型/无顶盖/250ml', 'sap_code': '20000194', 'code': 'GC000017', 'desc': '普通型空罐'}, {'id': 36, 'name': '空罐/普通型/250ML/30周年版/无顶盖', 'sap_code': '20002028', 'code': 'GC000036', 'desc': '普通型空罐'}, {'id': 37, 'name': '空罐/普通型/250ML/31周年版/无顶盖', 'sap_code': '20002271', 'code': 'GC000037', 'desc': '普通型空罐'}, {'id': 38, 'name': '空罐/普通型/250ML/2026广东红包促销/无顶盖', 'sap_code': '20002273', 'code': 'GC000038', 'desc': '促销型空罐'}, {'id': 39, 'name': '空罐/普通型/250ML/2026广东1元乐享促销/无顶盖', 'sap_code': '20002274', 'code': 'GC000039', 'desc': '促销型空罐'}, {'id': 40, 'name': '空罐/强化型/250ml/蓝色/30周年版/无底盖', 'sap_code': '20002029', 'code': 'GC000040', 'desc': '强化型空罐'}, {'id': 41, 'name': '空罐/强化型/250ml/蓝色/31周年版/无底盖', 'sap_code': '20002272', 'code': 'GC000041', 'desc': '强化型空罐'}, {'id': 66, 'name': '空罐/普通型/250ML/2026扫码1元乐享-闽苏沪/无顶盖', 'sap_code': '20002294', 'code': 'GC000066', 'desc': '促销型空罐'}, {'id': 69, 'name': '空罐/普通型/250ML/2026年1元乐享-新疆青海/无顶盖', 'sap_code': '20002303', 'code': 'GC000069', 'desc': '促销型空罐'}, {'id': 71, 'name': '空罐/普通型/250ML/2026扫码1元乐享-云贵/无顶盖', 'sap_code': '20002305', 'code': 'GC000071', 'desc': '促销型空罐'}, {'id': 73, 'name': '空罐/普通型/250ML/2026扫码1元乐享-广西/无顶盖', 'sap_code': '20002315', 'code': 'GC000073', 'desc': '促销型空罐'}]",空罐,包材,红牛,8886,红牛维他命饮料（江苏）有限公司,YC00000004,翻边尺寸,是,到货检测,,储运部,品管部,定量,初检,8,等于,托盘,,8,罐,是,8,罐,空罐翻边宽度检测仪,2.20-2.60,,mm,2.2000,2.6000,2,1,复检,每8托为一个检测单元，每一托盘随机抽取样品1罐，共8罐，并做好标识。其中1罐做本次检测。,若有不合格，取同一托6罐复检。,,2025-01-01,9999-12-31
57,,HWBT0067,001,禁用,Q/RW-TS-001-2023,"[{'id': 17, 'name': '空罐/普通型/无顶盖/250ml', 'sap_code': '20000194', 'code': 'GC000017', 'desc': '普通型空罐'}, {'id': 36, 'name': '空罐/普通型/250ML/30周年版/无顶盖', 'sap_code': '20002028', 'code': 'GC000036', 'desc': '普通型空罐'}, {'id': 37, 'name': '空罐/普通型/250ML/31周年版/无顶盖', 'sap_code': '20002271', 'code': 'GC000037', 'desc': '普通型空罐'}, {'id': 38, 'name': '空罐/普通型/250ML/2026广东红包促销/无顶盖', 'sap_code': '20002273', 'code': 'GC000038', 'desc': '促销型空罐'}, {'id': 39, 'name': '空罐/普通型/250ML/2026广东1元乐享促销/无顶盖', 'sap_code': '20002274', 'code': 'GC000039', 'desc': '促销型空罐'}, {'id': 40, 'name': '空罐/强化型/250ml/蓝色/30周年版/无底盖', 'sap_code': '20002029', 'code': 'GC000040', 'desc': '强化型空罐'}, {'id': 41, 'name': '空罐/强化型/250ml/蓝色/31周年版/无底盖', 'sap_code': '20002272', 'code': 'GC000041', 'desc': '强化型空罐'}, {'id': 66, 'name': '空罐/普通型/250ML/2026扫码1元乐享-闽苏沪/无顶盖', 'sap_code': '20002294', 'code': 'GC000066', 'desc': '促销型空罐'}, {'id': 69, 'name': '空罐/普通型/250ML/2026年1元乐享-新疆青海/无顶盖', 'sap_code': '20002303', 'code': 'GC000069', 'desc': '促销型空罐'}, {'id': 71, 'name': '空罐/普通型/250ML/2026扫码1元乐享-云贵/无顶盖', 'sap_code': '20002305', 'code': 'GC000071', 'desc': '促销型空罐'}, {'id': 73, 'name': '空罐/普通型/250ML/2026扫码1元乐享-广西/无顶盖', 'sap_code': '20002315', 'code': 'GC000073', 'desc': '促销型空罐'}]",空罐,包材,红牛,8885,广东红牛维他命饮料有限公司,YC00000004,翻边尺寸,是,到货检测,,储运部,品管部,定量,初检,8,等于,托盘,,8,罐,是,8,罐,空罐翻边宽度检测仪,2.20-2.70,,mm,2.2000,2.7000,2,1,复检,每8托为一个检测单元，每一托盘随机抽取样品1罐，共8罐，并做好标识。其中1罐做本次检测。,若有不合格，取同一托6罐复检。,,2025-01-01,9999-12-31
58,,HWBT0068,001,禁用,Q/RW-TS-001-2023,"[{'id': 17, 'name': '空罐/普通型/无顶盖/250ml', 'sap_code': '20000194', 'code': 'GC000017', 'desc': '普通型空罐'}, {'id': 36, 'name': '空罐/普通型/250ML/30周年版/无顶盖', 'sap_code': '20002028', 'code': 'GC000036', 'desc': '普通型空罐'}, {'id': 37, 'name': '空罐/普通型/250ML/31周年版/无顶盖', 'sap_code': '20002271', 'code': 'GC000037', 'desc': '普通型空罐'}, {'id': 38, 'name': '空罐/普通型/250ML/2026广东红包促销/无顶盖', 'sap_code': '20002273', 'code': 'GC000038', 'desc': '促销型空罐'}, {'id': 39, 'name': '空罐/普通型/250ML/2026广东1元乐享促销/无顶盖', 'sap_code': '20002274', 'code': 'GC000039', 'desc': '促销型空罐'}, {'id': 40, 'name': '空罐/强化型/250ml/蓝色/30周年版/无底盖', 'sap_code': '20002029', 'code': 'GC000040', 'desc': '强化型空罐'}, {'id': 41, 'name': '空罐/强化型/250ml/蓝色/31周年版/无底盖', 'sap_code': '20002272', 'code': 'GC000041', 'desc': '强化型空罐'}, {'id': 66, 'name': '空罐/普通型/250ML/2026扫码1元乐享-闽苏沪/无顶盖', 'sap_code': '20002294', 'code': 'GC000066', 'desc': '促销型空罐'}, {'id': 69, 'name': '空罐/普通型/250ML/2026年1元乐享-新疆青海/无顶盖', 'sap_code': '20002303', 'code': 'GC000069', 'desc': '促销型空罐'}, {'id': 71, 'name': '空罐/普通型/250ML/2026扫码1元乐享-云贵/无顶盖', 'sap_code': '20002305', 'code': 'GC000071', 'desc': '促销型空罐'}, {'id': 73, 'name': '空罐/普通型/250ML/2026扫码1元乐享-广西/无顶盖', 'sap_code': '20002315', 'code': 'GC000073', 'desc': '促销型空罐'}]",空罐,包材,红牛,8885,广东红牛维他命饮料有限公司,YC00000004,翻边尺寸,是,到货检测,,储运部,品管部,定量,初检,8,等于,托盘,,8,罐,是,8,罐,空罐翻边宽度检测仪,2.20-2.70,,mm,2.2000,2.7000,2,1,复检,每8托为一个检测单元，每一托盘随机抽取样品1罐，共8罐，并做好标识。其中1罐做本次检测。,若有不合格，取同一托6罐复检。,,2025-01-01,9999-12-31
59,,HWBT0069,001,禁用,Q/RW-TS-001-2023,"[{'id': 17, 'name': '空罐/普通型/无顶盖/250ml', 'sap_code': '20000194', 'code': 'GC000017', 'desc': '普通型空罐'}, {'id': 36, 'name': '空罐/普通型/250ML/30周年版/无顶盖', 'sap_code': '20002028', 'code': 'GC000036', 'desc': '普通型空罐'}, {'id': 37, 'name': '空罐/普通型/250ML/31周年版/无顶盖', 'sap_code': '20002271', 'code': 'GC000037', 'desc': '普通型空罐'}, {'id': 38, 'name': '空罐/普通型/250ML/2026广东红包促销/无顶盖', 'sap_code': '20002273', 'code': 'GC000038', 'desc': '促销型空罐'}, {'id': 39, 'name': '空罐/普通型/250ML/2026广东1元乐享促销/无顶盖', 'sap_code': '20002274', 'code': 'GC000039', 'desc': '促销型空罐'}, {'id': 40, 'name': '空罐/强化型/250ml/蓝色/30周年版/无底盖', 'sap_code': '20002029', 'code': 'GC000040', 'desc': '强化型空罐'}, {'id': 41, 'name': '空罐/强化型/250ml/蓝色/31周年版/无底盖', 'sap_code': '20002272', 'code': 'GC000041', 'desc': '强化型空罐'}, {'id': 66, 'name': '空罐/普通型/250ML/2026扫码1元乐享-闽苏沪/无顶盖', 'sap_code': '20002294', 'code': 'GC000066', 'desc': '促销型空罐'}, {'id': 69, 'name': '空罐/普通型/250ML/2026年1元乐享-新疆青海/无顶盖', 'sap_code': '20002303', 'code': 'GC000069', 'desc': '促销型空罐'}, {'id': 71, 'name': '空罐/普通型/250ML/2026扫码1元乐享-云贵/无顶盖', 'sap_code': '20002305', 'code': 'GC000071', 'desc': '促销型空罐'}, {'id': 73, 'name': '空罐/普通型/250ML/2026扫码1元乐享-广西/无顶盖', 'sap_code': '20002315', 'code': 'GC000073', 'desc': '促销型空罐'}]",空罐,包材,红牛,8883,红牛维他命饮料（湖北）有限公司,YC00000004,翻边尺寸,是,到货检测,,储运部,品管部,定量,初检,8,等于,托盘,,8,罐,是,8,罐,空罐翻边宽度检测仪,2.20-2.70,,mm,2.2000,2.7000,2,1,复检,每8托为一个检测单元，每一托盘随机抽取样品1罐，共8罐，并做好标识。其中1罐做本次检测。,若有不合格，取同一托6罐复检。,,2025-01-01,9999-12-31
60,,HWBT0070,001,禁用,Q/RW-TS-001-2023,"[{'id': 17, 'name': '空罐/普通型/无顶盖/250ml', 'sap_code': '20000194', 'code': 'GC000017', 'desc': '普通型空罐'}, {'id': 36, 'name': '空罐/普通型/250ML/30周年版/无顶盖', 'sap_code': '20002028', 'code': 'GC000036', 'desc': '普通型空罐'}, {'id': 37, 'name': '空罐/普通型/250ML/31周年版/无顶盖', 'sap_code': '20002271', 'code': 'GC000037', 'desc': '普通型空罐'}, {'id': 38, 'name': '空罐/普通型/250ML/2026广东红包促销/无顶盖', 'sap_code': '20002273', 'code': 'GC000038', 'desc': '促销型空罐'}, {'id': 39, 'name': '空罐/普通型/250ML/2026广东1元乐享促销/无顶盖', 'sap_code': '20002274', 'code': 'GC000039', 'desc': '促销型空罐'}, {'id': 40, 'name': '空罐/强化型/250ml/蓝色/30周年版/无底盖', 'sap_code': '20002029', 'code': 'GC000040', 'desc': '强化型空罐'}, {'id': 41, 'name': '空罐/强化型/250ml/蓝色/31周年版/无底盖', 'sap_code': '20002272', 'code': 'GC000041', 'desc': '强化型空罐'}, {'id': 66, 'name': '空罐/普通型/250ML/2026扫码1元乐享-闽苏沪/无顶盖', 'sap_code': '20002294', 'code': 'GC000066', 'desc': '促销型空罐'}, {'id': 69, 'name': '空罐/普通型/250ML/2026年1元乐享-新疆青海/无顶盖', 'sap_code': '20002303', 'code': 'GC000069', 'desc': '促销型空罐'}, {'id': 71, 'name': '空罐/普通型/250ML/2026扫码1元乐享-云贵/无顶盖', 'sap_code': '20002305', 'code': 'GC000071', 'desc': '促销型空罐'}, {'id': 73, 'name': '空罐/普通型/250ML/2026扫码1元乐享-广西/无顶盖', 'sap_code': '20002315', 'code': 'GC000073', 'desc': '促销型空罐'}]",空罐,包材,红牛,8883,红牛维他命饮料（湖北）有限公司,YC00000004,翻边尺寸,是,到货检测,,储运部,品管部,定量,初检,8,等于,托盘,,8,罐,是,8,罐,空罐翻边宽度检测仪,2.20-2.70,,mm,2.2000,2.7000,2,1,复检,每8托为一个检测单元，每一托盘随机抽取样品1罐，共8罐，并做好标识。其中1罐做本次检测。,若有不合格，取同一托6罐复检。,,2025-01-01,9999-12-31
61,,HWBT0071,001,禁用,Q/RW-TS-001-2023,"[{'id': 17, 'name': '空罐/普通型/无顶盖/250ml', 'sap_code': '20000194', 'code': 'GC000017', 'desc': '普通型空罐'}, {'id': 36, 'name': '空罐/普通型/250ML/30周年版/无顶盖', 'sap_code': '20002028', 'code': 'GC000036', 'desc': '普通型空罐'}, {'id': 37, 'name': '空罐/普通型/250ML/31周年版/无顶盖', 'sap_code': '20002271', 'code': 'GC000037', 'desc': '普通型空罐'}, {'id': 38, 'name': '空罐/普通型/250ML/2026广东红包促销/无顶盖', 'sap_code': '20002273', 'code': 'GC000038', 'desc': '促销型空罐'}, {'id': 39, 'name': '空罐/普通型/250ML/2026广东1元乐享促销/无顶盖', 'sap_code': '20002274', 'code': 'GC000039', 'desc': '促销型空罐'}, {'id': 40, 'name': '空罐/强化型/250ml/蓝色/30周年版/无底盖', 'sap_code': '20002029', 'code': 'GC000040', 'desc': '强化型空罐'}, {'id': 41, 'name': '空罐/强化型/250ml/蓝色/31周年版/无底盖', 'sap_code': '20002272', 'code': 'GC000041', 'desc': '强化型空罐'}, {'id': 66, 'name': '空罐/普通型/250ML/2026扫码1元乐享-闽苏沪/无顶盖', 'sap_code': '20002294', 'code': 'GC000066', 'desc': '促销型空罐'}, {'id': 69, 'name': '空罐/普通型/250ML/2026年1元乐享-新疆青海/无顶盖', 'sap_code': '20002303', 'code': 'GC000069', 'desc': '促销型空罐'}, {'id': 71, 'name': '空罐/普通型/250ML/2026扫码1元乐享-云贵/无顶盖', 'sap_code': '20002305', 'code': 'GC000071', 'desc': '促销型空罐'}, {'id': 73, 'name': '空罐/普通型/250ML/2026扫码1元乐享-广西/无顶盖', 'sap_code': '20002315', 'code': 'GC000073', 'desc': '促销型空罐'}]",空罐,包材,红牛,6866,华彬快速消费品饮料（福建）有限公司,YC00000004,翻边尺寸,是,到货检测,,储运部,品管部,定量,初检,8,等于,托盘,,8,罐,是,8,罐,空罐翻边宽度检测仪,2.20-2.70,,mm,2.2000,2.7000,2,1,复检,每8托为一个检测单元，每一托盘随机抽取样品1罐，共8罐，并做好标识。其中1罐做本次检测。,若有不合格，取同一托6罐复检。,,2025-01-01,9999-12-31
62,,HWBT0072,001,禁用,Q/RW-TS-001-2023,"[{'id': 17, 'name': '空罐/普通型/无顶盖/250ml', 'sap_code': '20000194', 'code': 'GC000017', 'desc': '普通型空罐'}, {'id': 36, 'name': '空罐/普通型/250ML/30周年版/无顶盖', 'sap_code': '20002028', 'code': 'GC000036', 'desc': '普通型空罐'}, {'id': 37, 'name': '空罐/普通型/250ML/31周年版/无顶盖', 'sap_code': '20002271', 'code': 'GC000037', 'desc': '普通型空罐'}, {'id': 38, 'name': '空罐/普通型/250ML/2026广东红包促销/无顶盖', 'sap_code': '20002273', 'code': 'GC000038', 'desc': '促销型空罐'}, {'id': 39, 'name': '空罐/普通型/250ML/2026广东1元乐享促销/无顶盖', 'sap_code': '20002274', 'code': 'GC000039', 'desc': '促销型空罐'}, {'id': 40, 'name': '空罐/强化型/250ml/蓝色/30周年版/无底盖', 'sap_code': '20002029', 'code': 'GC000040', 'desc': '强化型空罐'}, {'id': 41, 'name': '空罐/强化型/250ml/蓝色/31周年版/无底盖', 'sap_code': '20002272', 'code': 'GC000041', 'desc': '强化型空罐'}, {'id': 66, 'name': '空罐/普通型/250ML/2026扫码1元乐享-闽苏沪/无顶盖', 'sap_code': '20002294', 'code': 'GC000066', 'desc': '促销型空罐'}, {'id': 69, 'name': '空罐/普通型/250ML/2026年1元乐享-新疆青海/无顶盖', 'sap_code': '20002303', 'code': 'GC000069', 'desc': '促销型空罐'}, {'id': 71, 'name': '空罐/普通型/250ML/2026扫码1元乐享-云贵/无顶盖', 'sap_code': '20002305', 'code': 'GC000071', 'desc': '促销型空罐'}, {'id': 73, 'name': '空罐/普通型/250ML/2026扫码1元乐享-广西/无顶盖', 'sap_code': '20002315', 'code': 'GC000073', 'desc': '促销型空罐'}]",空罐,包材,红牛,6866,华彬快速消费品饮料（福建）有限公司,YC00000004,翻边尺寸,是,到货检测,,储运部,品管部,定量,初检,8,等于,托盘,,8,罐,是,8,罐,空罐翻边宽度检测仪,2.20-2.70,,mm,2.2000,2.7000,2,1,复检,每8托为一个检测单元，每一托盘随机抽取样品1罐，共8罐，并做好标识。其中1罐做本次检测。,若有不合格，取同一托6罐复检。,,2025-01-01,9999-12-31
63,,HWBT0073,001,禁用,Q/RW-TS-001-2023,"[{'id': 17, 'name': '空罐/普通型/无顶盖/250ml', 'sap_code': '20000194', 'code': 'GC000017', 'desc': '普通型空罐'}, {'id': 36, 'name': '空罐/普通型/250ML/30周年版/无顶盖', 'sap_code': '20002028', 'code': 'GC000036', 'desc': '普通型空罐'}, {'id': 37, 'name': '空罐/普通型/250ML/31周年版/无顶盖', 'sap_code': '20002271', 'code': 'GC000037', 'desc': '普通型空罐'}, {'id': 38, 'name': '空罐/普通型/250ML/2026广东红包促销/无顶盖', 'sap_code': '20002273', 'code': 'GC000038', 'desc': '促销型空罐'}, {'id': 39, 'name': '空罐/普通型/250ML/2026广东1元乐享促销/无顶盖', 'sap_code': '20002274', 'code': 'GC000039', 'desc': '促销型空罐'}, {'id': 40, 'name': '空罐/强化型/250ml/蓝色/30周年版/无底盖', 'sap_code': '20002029', 'code': 'GC000040', 'desc': '强化型空罐'}, {'id': 41, 'name': '空罐/强化型/250ml/蓝色/31周年版/无底盖', 'sap_code': '20002272', 'code': 'GC000041', 'desc': '强化型空罐'}, {'id': 66, 'name': '空罐/普通型/250ML/2026扫码1元乐享-闽苏沪/无顶盖', 'sap_code': '20002294', 'code': 'GC000066', 'desc': '促销型空罐'}, {'id': 69, 'name': '空罐/普通型/250ML/2026年1元乐享-新疆青海/无顶盖', 'sap_code': '20002303', 'code': 'GC000069', 'desc': '促销型空罐'}, {'id': 71, 'name': '空罐/普通型/250ML/2026扫码1元乐享-云贵/无顶盖', 'sap_code': '20002305', 'code': 'GC000071', 'desc': '促销型空罐'}, {'id': 73, 'name': '空罐/普通型/250ML/2026扫码1元乐享-广西/无顶盖', 'sap_code': '20002315', 'code': 'GC000073', 'desc': '促销型空罐'}]",空罐,包材,红牛,6865,华彬快速消费品饮料（贵州）有限公司,YC00000004,翻边尺寸,是,到货检测,,储运部,品管部,定量,初检,8,等于,托盘,,8,罐,是,8,罐,空罐翻边宽度检测仪,2.20-2.70,,mm,2.2000,2.7000,2,1,复检,每8托为一个检测单元，每一托盘随机抽取样品1罐，共8罐，并做好标识。其中1罐做本次检测。,若有不合格，取同一托6罐复检。,,2025-01-01,9999-12-31
64,,HWBT0074,001,禁用,Q/RW-TS-001-2023,"[{'id': 17, 'name': '空罐/普通型/无顶盖/250ml', 'sap_code': '20000194', 'code': 'GC000017', 'desc': '普通型空罐'}, {'id': 36, 'name': '空罐/普通型/250ML/30周年版/无顶盖', 'sap_code': '20002028', 'code': 'GC000036', 'desc': '普通型空罐'}, {'id': 37, 'name': '空罐/普通型/250ML/31周年版/无顶盖', 'sap_code': '20002271', 'code': 'GC000037', 'desc': '普通型空罐'}, {'id': 38, 'name': '空罐/普通型/250ML/2026广东红包促销/无顶盖', 'sap_code': '20002273', 'code': 'GC000038', 'desc': '促销型空罐'}, {'id': 39, 'name': '空罐/普通型/250ML/2026广东1元乐享促销/无顶盖', 'sap_code': '20002274', 'code': 'GC000039', 'desc': '促销型空罐'}, {'id': 40, 'name': '空罐/强化型/250ml/蓝色/30周年版/无底盖', 'sap_code': '20002029', 'code': 'GC000040', 'desc': '强化型空罐'}, {'id': 41, 'name': '空罐/强化型/250ml/蓝色/31周年版/无底盖', 'sap_code': '20002272', 'code': 'GC000041', 'desc': '强化型空罐'}, {'id': 66, 'name': '空罐/普通型/250ML/2026扫码1元乐享-闽苏沪/无顶盖', 'sap_code': '20002294', 'code': 'GC000066', 'desc': '促销型空罐'}, {'id': 69, 'name': '空罐/普通型/250ML/2026年1元乐享-新疆青海/无顶盖', 'sap_code': '20002303', 'code': 'GC000069', 'desc': '促销型空罐'}, {'id': 71, 'name': '空罐/普通型/250ML/2026扫码1元乐享-云贵/无顶盖', 'sap_code': '20002305', 'code': 'GC000071', 'desc': '促销型空罐'}, {'id': 73, 'name': '空罐/普通型/250ML/2026扫码1元乐享-广西/无顶盖', 'sap_code': '20002315', 'code': 'GC000073', 'desc': '促销型空罐'}]",空罐,包材,红牛,6865,华彬快速消费品饮料（贵州）有限公司,YC00000004,翻边尺寸,是,到货检测,,储运部,品管部,定量,初检,8,等于,托盘,,8,罐,是,8,罐,空罐翻边宽度检测仪,2.20-2.70,,mm,2.2000,2.7000,2,1,复检,每8托为一个检测单元，每一托盘随机抽取样品1罐，共8罐，并做好标识。其中1罐做本次检测。,若有不合格，取同一托6罐复检。,,2025-01-01,9999-12-31
65,,HWBT0075,001,禁用,Q/RW-TS-001-2023,"[{'id': 17, 'name': '空罐/普通型/无顶盖/250ml', 'sap_code': '20000194', 'code': 'GC000017', 'desc': '普通型空罐'}, {'id': 36, 'name': '空罐/普通型/250ML/30周年版/无顶盖', 'sap_code': '20002028', 'code': 'GC000036', 'desc': '普通型空罐'}, {'id': 37, 'name': '空罐/普通型/250ML/31周年版/无顶盖', 'sap_code': '20002271', 'code': 'GC000037', 'desc': '普通型空罐'}, {'id': 38, 'name': '空罐/普通型/250ML/2026广东红包促销/无顶盖', 'sap_code': '20002273', 'code': 'GC000038', 'desc': '促销型空罐'}, {'id': 39, 'name': '空罐/普通型/250ML/2026广东1元乐享促销/无顶盖', 'sap_code': '20002274', 'code': 'GC000039', 'desc': '促销型空罐'}, {'id': 40, 'name': '空罐/强化型/250ml/蓝色/30周年版/无底盖', 'sap_code': '20002029', 'code': 'GC000040', 'desc': '强化型空罐'}, {'id': 41, 'name': '空罐/强化型/250ml/蓝色/31周年版/无底盖', 'sap_code': '20002272', 'code': 'GC000041', 'desc': '强化型空罐'}, {'id': 66, 'name': '空罐/普通型/250ML/2026扫码1元乐享-闽苏沪/无顶盖', 'sap_code': '20002294', 'code': 'GC000066', 'desc': '促销型空罐'}, {'id': 69, 'name': '空罐/普通型/250ML/2026年1元乐享-新疆青海/无顶盖', 'sap_code': '20002303', 'code': 'GC000069', 'desc': '促销型空罐'}, {'id': 71, 'name': '空罐/普通型/250ML/2026扫码1元乐享-云贵/无顶盖', 'sap_code': '20002305', 'code': 'GC000071', 'desc': '促销型空罐'}, {'id': 73, 'name': '空罐/普通型/250ML/2026扫码1元乐享-广西/无顶盖', 'sap_code': '20002315', 'code': 'GC000073', 'desc': '促销型空罐'}]",空罐,包材,红牛,,,YC00000004,翻边尺寸,是,到货检测,,储运部,品管部,定量,初检,8,等于,托盘,,8,罐,是,8,罐,空罐翻边宽度检测仪,2.30-2.55,,mm,2.3000,2.5500,2,1,复检,每8托为一个检测单元，每一托盘随机抽取样品1罐，共8罐，并做好标识。其中1罐做本次检测。,若有不合格，取同一托6罐复检。,,2025-01-01,9999-12-31
66,,HWBT0076,001,禁用,Q/RW-TS-001-2023,"[{'id': 17, 'name': '空罐/普通型/无顶盖/250ml', 'sap_code': '20000194', 'code': 'GC000017', 'desc': '普通型空罐'}, {'id': 36, 'name': '空罐/普通型/250ML/30周年版/无顶盖', 'sap_code': '20002028', 'code': 'GC000036', 'desc': '普通型空罐'}, {'id': 37, 'name': '空罐/普通型/250ML/31周年版/无顶盖', 'sap_code': '20002271', 'code': 'GC000037', 'desc': '普通型空罐'}, {'id': 38, 'name': '空罐/普通型/250ML/2026广东红包促销/无顶盖', 'sap_code': '20002273', 'code': 'GC000038', 'desc': '促销型空罐'}, {'id': 39, 'name': '空罐/普通型/250ML/2026广东1元乐享促销/无顶盖', 'sap_code': '20002274', 'code': 'GC000039', 'desc': '促销型空罐'}, {'id': 40, 'name': '空罐/强化型/250ml/蓝色/30周年版/无底盖', 'sap_code': '20002029', 'code': 'GC000040', 'desc': '强化型空罐'}, {'id': 41, 'name': '空罐/强化型/250ml/蓝色/31周年版/无底盖', 'sap_code': '20002272', 'code': 'GC000041', 'desc': '强化型空罐'}, {'id': 66, 'name': '空罐/普通型/250ML/2026扫码1元乐享-闽苏沪/无顶盖', 'sap_code': '20002294', 'code': 'GC000066', 'desc': '促销型空罐'}, {'id': 69, 'name': '空罐/普通型/250ML/2026年1元乐享-新疆青海/无顶盖', 'sap_code': '20002303', 'code': 'GC000069', 'desc': '促销型空罐'}, {'id': 71, 'name': '空罐/普通型/250ML/2026扫码1元乐享-云贵/无顶盖', 'sap_code': '20002305', 'code': 'GC000071', 'desc': '促销型空罐'}, {'id': 73, 'name': '空罐/普通型/250ML/2026扫码1元乐享-广西/无顶盖', 'sap_code': '20002315', 'code': 'GC000073', 'desc': '促销型空罐'}]",空罐,包材,红牛,8886,红牛维他命饮料（江苏）有限公司,YF00000011,翻边尺寸,是,到货检测,,储运部,品管部,定量,复检,1,大于等于,托盘,,6,罐,是,6,罐,空罐翻边宽度检测仪,2.20-2.60,,mm,2.2000,2.6000,2,1,退货处理,从初检问题托盘中每托取6罐复检。,若仍有不合格，初检检测单元的所有商品做退货处理。,,2025-01-01,9999-12-31
67,,HWBT0077,001,禁用,Q/RW-TS-001-2023,"[{'id': 17, 'name': '空罐/普通型/无顶盖/250ml', 'sap_code': '20000194', 'code': 'GC000017', 'desc': '普通型空罐'}, {'id': 36, 'name': '空罐/普通型/250ML/30周年版/无顶盖', 'sap_code': '20002028', 'code': 'GC000036', 'desc': '普通型空罐'}, {'id': 37, 'name': '空罐/普通型/250ML/31周年版/无顶盖', 'sap_code': '20002271', 'code': 'GC000037', 'desc': '普通型空罐'}, {'id': 38, 'name': '空罐/普通型/250ML/2026广东红包促销/无顶盖', 'sap_code': '20002273', 'code': 'GC000038', 'desc': '促销型空罐'}, {'id': 39, 'name': '空罐/普通型/250ML/2026广东1元乐享促销/无顶盖', 'sap_code': '20002274', 'code': 'GC000039', 'desc': '促销型空罐'}, {'id': 40, 'name': '空罐/强化型/250ml/蓝色/30周年版/无底盖', 'sap_code': '20002029', 'code': 'GC000040', 'desc': '强化型空罐'}, {'id': 41, 'name': '空罐/强化型/250ml/蓝色/31周年版/无底盖', 'sap_code': '20002272', 'code': 'GC000041', 'desc': '强化型空罐'}, {'id': 66, 'name': '空罐/普通型/250ML/2026扫码1元乐享-闽苏沪/无顶盖', 'sap_code': '20002294', 'code': 'GC000066', 'desc': '促销型空罐'}, {'id': 69, 'name': '空罐/普通型/250ML/2026年1元乐享-新疆青海/无顶盖', 'sap_code': '20002303', 'code': 'GC000069', 'desc': '促销型空罐'}, {'id': 71, 'name': '空罐/普通型/250ML/2026扫码1元乐享-云贵/无顶盖', 'sap_code': '20002305', 'code': 'GC000071', 'desc': '促销型空罐'}, {'id': 73, 'name': '空罐/普通型/250ML/2026扫码1元乐享-广西/无顶盖', 'sap_code': '20002315', 'code': 'GC000073', 'desc': '促销型空罐'}]",空罐,包材,红牛,8886,红牛维他命饮料（江苏）有限公司,YF00000011,翻边尺寸,是,到货检测,,储运部,品管部,定量,复检,1,大于等于,托盘,,6,罐,是,6,罐,空罐翻边宽度检测仪,2.20-2.60,,mm,2.2000,2.6000,2,1,退货处理,从初检问题托盘中每托取6罐复检。,若仍有不合格，初检检测单元的所有商品做退货处理。,,2025-01-01,9999-12-31
68,,HWBT0078,001,禁用,Q/RW-TS-001-2023,"[{'id': 17, 'name': '空罐/普通型/无顶盖/250ml', 'sap_code': '20000194', 'code': 'GC000017', 'desc': '普通型空罐'}, {'id': 36, 'name': '空罐/普通型/250ML/30周年版/无顶盖', 'sap_code': '20002028', 'code': 'GC000036', 'desc': '普通型空罐'}, {'id': 37, 'name': '空罐/普通型/250ML/31周年版/无顶盖', 'sap_code': '20002271', 'code': 'GC000037', 'desc': '普通型空罐'}, {'id': 38, 'name': '空罐/普通型/250ML/2026广东红包促销/无顶盖', 'sap_code': '20002273', 'code': 'GC000038', 'desc': '促销型空罐'}, {'id': 39, 'name': '空罐/普通型/250ML/2026广东1元乐享促销/无顶盖', 'sap_code': '20002274', 'code': 'GC000039', 'desc': '促销型空罐'}, {'id': 40, 'name': '空罐/强化型/250ml/蓝色/30周年版/无底盖', 'sap_code': '20002029', 'code': 'GC000040', 'desc': '强化型空罐'}, {'id': 41, 'name': '空罐/强化型/250ml/蓝色/31周年版/无底盖', 'sap_code': '20002272', 'code': 'GC000041', 'desc': '强化型空罐'}, {'id': 66, 'name': '空罐/普通型/250ML/2026扫码1元乐享-闽苏沪/无顶盖', 'sap_code': '20002294', 'code': 'GC000066', 'desc': '促销型空罐'}, {'id': 69, 'name': '空罐/普通型/250ML/2026年1元乐享-新疆青海/无顶盖', 'sap_code': '20002303', 'code': 'GC000069', 'desc': '促销型空罐'}, {'id': 71, 'name': '空罐/普通型/250ML/2026扫码1元乐享-云贵/无顶盖', 'sap_code': '20002305', 'code': 'GC000071', 'desc': '促销型空罐'}, {'id': 73, 'name': '空罐/普通型/250ML/2026扫码1元乐享-广西/无顶盖', 'sap_code': '20002315', 'code': 'GC000073', 'desc': '促销型空罐'}]",空罐,包材,红牛,8885,广东红牛维他命饮料有限公司,YF00000011,翻边尺寸,是,到货检测,,储运部,品管部,定量,复检,1,大于等于,托盘,,6,罐,是,6,罐,空罐翻边宽度检测仪,2.20-2.70,,mm,2.2000,2.7000,2,1,退货处理,从初检问题托盘中每托取6罐复检。,若仍有不合格，初检检测单元的所有商品做退货处理。,,2025-01-01,9999-12-31
69,,HWBT0079,001,禁用,Q/RW-TS-001-2023,"[{'id': 17, 'name': '空罐/普通型/无顶盖/250ml', 'sap_code': '20000194', 'code': 'GC000017', 'desc': '普通型空罐'}, {'id': 36, 'name': '空罐/普通型/250ML/30周年版/无顶盖', 'sap_code': '20002028', 'code': 'GC000036', 'desc': '普通型空罐'}, {'id': 37, 'name': '空罐/普通型/250ML/31周年版/无顶盖', 'sap_code': '20002271', 'code': 'GC000037', 'desc': '普通型空罐'}, {'id': 38, 'name': '空罐/普通型/250ML/2026广东红包促销/无顶盖', 'sap_code': '20002273', 'code': 'GC000038', 'desc': '促销型空罐'}, {'id': 39, 'name': '空罐/普通型/250ML/2026广东1元乐享促销/无顶盖', 'sap_code': '20002274', 'code': 'GC000039', 'desc': '促销型空罐'}, {'id': 40, 'name': '空罐/强化型/250ml/蓝色/30周年版/无底盖', 'sap_code': '20002029', 'code': 'GC000040', 'desc': '强化型空罐'}, {'id': 41, 'name': '空罐/强化型/250ml/蓝色/31周年版/无底盖', 'sap_code': '20002272', 'code': 'GC000041', 'desc': '强化型空罐'}, {'id': 66, 'name': '空罐/普通型/250ML/2026扫码1元乐享-闽苏沪/无顶盖', 'sap_code': '20002294', 'code': 'GC000066', 'desc': '促销型空罐'}, {'id': 69, 'name': '空罐/普通型/250ML/2026年1元乐享-新疆青海/无顶盖', 'sap_code': '20002303', 'code': 'GC000069', 'desc': '促销型空罐'}, {'id': 71, 'name': '空罐/普通型/250ML/2026扫码1元乐享-云贵/无顶盖', 'sap_code': '20002305', 'code': 'GC000071', 'desc': '促销型空罐'}, {'id': 73, 'name': '空罐/普通型/250ML/2026扫码1元乐享-广西/无顶盖', 'sap_code': '20002315', 'code': 'GC000073', 'desc': '促销型空罐'}]",空罐,包材,红牛,8885,广东红牛维他命饮料有限公司,YF00000011,翻边尺寸,是,到货检测,,储运部,品管部,定量,复检,1,大于等于,托盘,,6,罐,是,6,罐,空罐翻边宽度检测仪,2.20-2.70,,mm,2.2000,2.7000,2,1,退货处理,从初检问题托盘中每托取6罐复检。,若仍有不合格，初检检测单元的所有商品做退货处理。,,2025-01-01,9999-12-31
70,,HWBT0080,001,禁用,Q/RW-TS-001-2023,"[{'id': 17, 'name': '空罐/普通型/无顶盖/250ml', 'sap_code': '20000194', 'code': 'GC000017', 'desc': '普通型空罐'}, {'id': 36, 'name': '空罐/普通型/250ML/30周年版/无顶盖', 'sap_code': '20002028', 'code': 'GC000036', 'desc': '普通型空罐'}, {'id': 37, 'name': '空罐/普通型/250ML/31周年版/无顶盖', 'sap_code': '20002271', 'code': 'GC000037', 'desc': '普通型空罐'}, {'id': 38, 'name': '空罐/普通型/250ML/2026广东红包促销/无顶盖', 'sap_code': '20002273', 'code': 'GC000038', 'desc': '促销型空罐'}, {'id': 39, 'name': '空罐/普通型/250ML/2026广东1元乐享促销/无顶盖', 'sap_code': '20002274', 'code': 'GC000039', 'desc': '促销型空罐'}, {'id': 40, 'name': '空罐/强化型/250ml/蓝色/30周年版/无底盖', 'sap_code': '20002029', 'code': 'GC000040', 'desc': '强化型空罐'}, {'id': 41, 'name': '空罐/强化型/250ml/蓝色/31周年版/无底盖', 'sap_code': '20002272', 'code': 'GC000041', 'desc': '强化型空罐'}, {'id': 66, 'name': '空罐/普通型/250ML/2026扫码1元乐享-闽苏沪/无顶盖', 'sap_code': '20002294', 'code': 'GC000066', 'desc': '促销型空罐'}, {'id': 69, 'name': '空罐/普通型/250ML/2026年1元乐享-新疆青海/无顶盖', 'sap_code': '20002303', 'code': 'GC000069', 'desc': '促销型空罐'}, {'id': 71, 'name': '空罐/普通型/250ML/2026扫码1元乐享-云贵/无顶盖', 'sap_code': '20002305', 'code': 'GC000071', 'desc': '促销型空罐'}, {'id': 73, 'name': '空罐/普通型/250ML/2026扫码1元乐享-广西/无顶盖', 'sap_code': '20002315', 'code': 'GC000073', 'desc': '促销型空罐'}]",空罐,包材,红牛,8883,红牛维他命饮料（湖北）有限公司,YF00000011,翻边尺寸,是,到货检测,,储运部,品管部,定量,复检,1,大于等于,托盘,,6,罐,是,6,罐,空罐翻边宽度检测仪,2.20-2.70,,mm,2.2000,2.7000,2,1,退货处理,从初检问题托盘中每托取6罐复检。,若仍有不合格，初检检测单元的所有商品做退货处理。,,2025-01-01,9999-12-31
71,,HWBT0081,001,禁用,Q/RW-TS-001-2023,"[{'id': 17, 'name': '空罐/普通型/无顶盖/250ml', 'sap_code': '20000194', 'code': 'GC000017', 'desc': '普通型空罐'}, {'id': 36, 'name': '空罐/普通型/250ML/30周年版/无顶盖', 'sap_code': '20002028', 'code': 'GC000036', 'desc': '普通型空罐'}, {'id': 37, 'name': '空罐/普通型/250ML/31周年版/无顶盖', 'sap_code': '20002271', 'code': 'GC000037', 'desc': '普通型空罐'}, {'id': 38, 'name': '空罐/普通型/250ML/2026广东红包促销/无顶盖', 'sap_code': '20002273', 'code': 'GC000038', 'desc': '促销型空罐'}, {'id': 39, 'name': '空罐/普通型/250ML/2026广东1元乐享促销/无顶盖', 'sap_code': '20002274', 'code': 'GC000039', 'desc': '促销型空罐'}, {'id': 40, 'name': '空罐/强化型/250ml/蓝色/30周年版/无底盖', 'sap_code': '20002029', 'code': 'GC000040', 'desc': '强化型空罐'}, {'id': 41, 'name': '空罐/强化型/250ml/蓝色/31周年版/无底盖', 'sap_code': '20002272', 'code': 'GC000041', 'desc': '强化型空罐'}, {'id': 66, 'name': '空罐/普通型/250ML/2026扫码1元乐享-闽苏沪/无顶盖', 'sap_code': '20002294', 'code': 'GC000066', 'desc': '促销型空罐'}, {'id': 69, 'name': '空罐/普通型/250ML/2026年1元乐享-新疆青海/无顶盖', 'sap_code': '20002303', 'code': 'GC000069', 'desc': '促销型空罐'}, {'id': 71, 'name': '空罐/普通型/250ML/2026扫码1元乐享-云贵/无顶盖', 'sap_code': '20002305', 'code': 'GC000071', 'desc': '促销型空罐'}, {'id': 73, 'name': '空罐/普通型/250ML/2026扫码1元乐享-广西/无顶盖', 'sap_code': '20002315', 'code': 'GC000073', 'desc': '促销型空罐'}]",空罐,包材,红牛,8883,红牛维他命饮料（湖北）有限公司,YF00000011,翻边尺寸,是,到货检测,,储运部,品管部,定量,复检,1,大于等于,托盘,,6,罐,是,6,罐,空罐翻边宽度检测仪,2.20-2.70,,mm,2.2000,2.7000,2,1,退货处理,从初检问题托盘中每托取6罐复检。,若仍有不合格，初检检测单元的所有商品做退货处理。,,2025-01-01,9999-12-31
72,,HWBT0082,001,禁用,Q/RW-TS-001-2023,"[{'id': 17, 'name': '空罐/普通型/无顶盖/250ml', 'sap_code': '20000194', 'code': 'GC000017', 'desc': '普通型空罐'}, {'id': 36, 'name': '空罐/普通型/250ML/30周年版/无顶盖', 'sap_code': '20002028', 'code': 'GC000036', 'desc': '普通型空罐'}, {'id': 37, 'name': '空罐/普通型/250ML/31周年版/无顶盖', 'sap_code': '20002271', 'code': 'GC000037', 'desc': '普通型空罐'}, {'id': 38, 'name': '空罐/普通型/250ML/2026广东红包促销/无顶盖', 'sap_code': '20002273', 'code': 'GC000038', 'desc': '促销型空罐'}, {'id': 39, 'name': '空罐/普通型/250ML/2026广东1元乐享促销/无顶盖', 'sap_code': '20002274', 'code': 'GC000039', 'desc': '促销型空罐'}, {'id': 40, 'name': '空罐/强化型/250ml/蓝色/30周年版/无底盖', 'sap_code': '20002029', 'code': 'GC000040', 'desc': '强化型空罐'}, {'id': 41, 'name': '空罐/强化型/250ml/蓝色/31周年版/无底盖', 'sap_code': '20002272', 'code': 'GC000041', 'desc': '强化型空罐'}, {'id': 66, 'name': '空罐/普通型/250ML/2026扫码1元乐享-闽苏沪/无顶盖', 'sap_code': '20002294', 'code': 'GC000066', 'desc': '促销型空罐'}, {'id': 69, 'name': '空罐/普通型/250ML/2026年1元乐享-新疆青海/无顶盖', 'sap_code': '20002303', 'code': 'GC000069', 'desc': '促销型空罐'}, {'id': 71, 'name': '空罐/普通型/250ML/2026扫码1元乐享-云贵/无顶盖', 'sap_code': '20002305', 'code': 'GC000071', 'desc': '促销型空罐'}, {'id': 73, 'name': '空罐/普通型/250ML/2026扫码1元乐享-广西/无顶盖', 'sap_code': '20002315', 'code': 'GC000073', 'desc': '促销型空罐'}]",空罐,包材,红牛,6866,华彬快速消费品饮料（福建）有限公司,YF00000011,翻边尺寸,是,到货检测,,储运部,品管部,定量,复检,1,大于等于,托盘,,6,罐,是,6,罐,空罐翻边宽度检测仪,2.20-2.70,,mm,2.2000,2.7000,2,1,退货处理,从初检问题托盘中每托取6罐复检。,若仍有不合格，初检检测单元的所有商品做退货处理。,,2025-01-01,9999-12-31
73,,HWBT0083,001,禁用,Q/RW-TS-001-2023,"[{'id': 17, 'name': '空罐/普通型/无顶盖/250ml', 'sap_code': '20000194', 'code': 'GC000017', 'desc': '普通型空罐'}, {'id': 36, 'name': '空罐/普通型/250ML/30周年版/无顶盖', 'sap_code': '20002028', 'code': 'GC000036', 'desc': '普通型空罐'}, {'id': 37, 'name': '空罐/普通型/250ML/31周年版/无顶盖', 'sap_code': '20002271', 'code': 'GC000037', 'desc': '普通型空罐'}, {'id': 38, 'name': '空罐/普通型/250ML/2026广东红包促销/无顶盖', 'sap_code': '20002273', 'code': 'GC000038', 'desc': '促销型空罐'}, {'id': 39, 'name': '空罐/普通型/250ML/2026广东1元乐享促销/无顶盖', 'sap_code': '20002274', 'code': 'GC000039', 'desc': '促销型空罐'}, {'id': 40, 'name': '空罐/强化型/250ml/蓝色/30周年版/无底盖', 'sap_code': '20002029', 'code': 'GC000040', 'desc': '强化型空罐'}, {'id': 41, 'name': '空罐/强化型/250ml/蓝色/31周年版/无底盖', 'sap_code': '20002272', 'code': 'GC000041', 'desc': '强化型空罐'}, {'id': 66, 'name': '空罐/普通型/250ML/2026扫码1元乐享-闽苏沪/无顶盖', 'sap_code': '20002294', 'code': 'GC000066', 'desc': '促销型空罐'}, {'id': 69, 'name': '空罐/普通型/250ML/2026年1元乐享-新疆青海/无顶盖', 'sap_code': '20002303', 'code': 'GC000069', 'desc': '促销型空罐'}, {'id': 71, 'name': '空罐/普通型/250ML/2026扫码1元乐享-云贵/无顶盖', 'sap_code': '20002305', 'code': 'GC000071', 'desc': '促销型空罐'}, {'id': 73, 'name': '空罐/普通型/250ML/2026扫码1元乐享-广西/无顶盖', 'sap_code': '20002315', 'code': 'GC000073', 'desc': '促销型空罐'}]",空罐,包材,红牛,6866,华彬快速消费品饮料（福建）有限公司,YF00000011,翻边尺寸,是,到货检测,,储运部,品管部,定量,复检,1,大于等于,托盘,,6,罐,是,6,罐,空罐翻边宽度检测仪,2.20-2.70,,mm,2.2000,2.7000,2,1,退货处理,从初检问题托盘中每托取6罐复检。,若仍有不合格，初检检测单元的所有商品做退货处理。,,2025-01-01,9999-12-31
74,,HWBT0084,001,禁用,Q/RW-TS-001-2023,"[{'id': 17, 'name': '空罐/普通型/无顶盖/250ml', 'sap_code': '20000194', 'code': 'GC000017', 'desc': '普通型空罐'}, {'id': 36, 'name': '空罐/普通型/250ML/30周年版/无顶盖', 'sap_code': '20002028', 'code': 'GC000036', 'desc': '普通型空罐'}, {'id': 37, 'name': '空罐/普通型/250ML/31周年版/无顶盖', 'sap_code': '20002271', 'code': 'GC000037', 'desc': '普通型空罐'}, {'id': 38, 'name': '空罐/普通型/250ML/2026广东红包促销/无顶盖', 'sap_code': '20002273', 'code': 'GC000038', 'desc': '促销型空罐'}, {'id': 39, 'name': '空罐/普通型/250ML/2026广东1元乐享促销/无顶盖', 'sap_code': '20002274', 'code': 'GC000039', 'desc': '促销型空罐'}, {'id': 40, 'name': '空罐/强化型/250ml/蓝色/30周年版/无底盖', 'sap_code': '20002029', 'code': 'GC000040', 'desc': '强化型空罐'}, {'id': 41, 'name': '空罐/强化型/250ml/蓝色/31周年版/无底盖', 'sap_code': '20002272', 'code': 'GC000041', 'desc': '强化型空罐'}, {'id': 66, 'name': '空罐/普通型/250ML/2026扫码1元乐享-闽苏沪/无顶盖', 'sap_code': '20002294', 'code': 'GC000066', 'desc': '促销型空罐'}, {'id': 69, 'name': '空罐/普通型/250ML/2026年1元乐享-新疆青海/无顶盖', 'sap_code': '20002303', 'code': 'GC000069', 'desc': '促销型空罐'}, {'id': 71, 'name': '空罐/普通型/250ML/2026扫码1元乐享-云贵/无顶盖', 'sap_code': '20002305', 'code': 'GC000071', 'desc': '促销型空罐'}, {'id': 73, 'name': '空罐/普通型/250ML/2026扫码1元乐享-广西/无顶盖', 'sap_code': '20002315', 'code': 'GC000073', 'desc': '促销型空罐'}]",空罐,包材,红牛,6865,华彬快速消费品饮料（贵州）有限公司,YF00000011,翻边尺寸,是,到货检测,,储运部,品管部,定量,复检,1,大于等于,托盘,,6,罐,是,6,罐,空罐翻边宽度检测仪,2.20-2.70,,mm,2.2000,2.7000,2,1,退货处理,从初检问题托盘中每托取6罐复检。,若仍有不合格，初检检测单元的所有商品做退货处理。,,2025-01-01,9999-12-31
75,,HWBT0085,001,禁用,Q/RW-TS-001-2023,"[{'id': 17, 'name': '空罐/普通型/无顶盖/250ml', 'sap_code': '20000194', 'code': 'GC000017', 'desc': '普通型空罐'}, {'id': 36, 'name': '空罐/普通型/250ML/30周年版/无顶盖', 'sap_code': '20002028', 'code': 'GC000036', 'desc': '普通型空罐'}, {'id': 37, 'name': '空罐/普通型/250ML/31周年版/无顶盖', 'sap_code': '20002271', 'code': 'GC000037', 'desc': '普通型空罐'}, {'id': 38, 'name': '空罐/普通型/250ML/2026广东红包促销/无顶盖', 'sap_code': '20002273', 'code': 'GC000038', 'desc': '促销型空罐'}, {'id': 39, 'name': '空罐/普通型/250ML/2026广东1元乐享促销/无顶盖', 'sap_code': '20002274', 'code': 'GC000039', 'desc': '促销型空罐'}, {'id': 40, 'name': '空罐/强化型/250ml/蓝色/30周年版/无底盖', 'sap_code': '20002029', 'code': 'GC000040', 'desc': '强化型空罐'}, {'id': 41, 'name': '空罐/强化型/250ml/蓝色/31周年版/无底盖', 'sap_code': '20002272', 'code': 'GC000041', 'desc': '强化型空罐'}, {'id': 66, 'name': '空罐/普通型/250ML/2026扫码1元乐享-闽苏沪/无顶盖', 'sap_code': '20002294', 'code': 'GC000066', 'desc': '促销型空罐'}, {'id': 69, 'name': '空罐/普通型/250ML/2026年1元乐享-新疆青海/无顶盖', 'sap_code': '20002303', 'code': 'GC000069', 'desc': '促销型空罐'}, {'id': 71, 'name': '空罐/普通型/250ML/2026扫码1元乐享-云贵/无顶盖', 'sap_code': '20002305', 'code': 'GC000071', 'desc': '促销型空罐'}, {'id': 73, 'name': '空罐/普通型/250ML/2026扫码1元乐享-广西/无顶盖', 'sap_code': '20002315', 'code': 'GC000073', 'desc': '促销型空罐'}]",空罐,包材,红牛,6865,华彬快速消费品饮料（贵州）有限公司,YF00000011,翻边尺寸,是,到货检测,,储运部,品管部,定量,复检,1,大于等于,托盘,,6,罐,是,6,罐,空罐翻边宽度检测仪,2.20-2.70,,mm,2.2000,2.7000,2,1,退货处理,从初检问题托盘中每托取6罐复检。,若仍有不合格，初检检测单元的所有商品做退货处理。,,2025-01-01,9999-12-31
76,,HWBT0086,001,禁用,Q/RW-TS-001-2023,"[{'id': 17, 'name': '空罐/普通型/无顶盖/250ml', 'sap_code': '20000194', 'code': 'GC000017', 'desc': '普通型空罐'}, {'id': 36, 'name': '空罐/普通型/250ML/30周年版/无顶盖', 'sap_code': '20002028', 'code': 'GC000036', 'desc': '普通型空罐'}, {'id': 37, 'name': '空罐/普通型/250ML/31周年版/无顶盖', 'sap_code': '20002271', 'code': 'GC000037', 'desc': '普通型空罐'}, {'id': 38, 'name': '空罐/普通型/250ML/2026广东红包促销/无顶盖', 'sap_code': '20002273', 'code': 'GC000038', 'desc': '促销型空罐'}, {'id': 39, 'name': '空罐/普通型/250ML/2026广东1元乐享促销/无顶盖', 'sap_code': '20002274', 'code': 'GC000039', 'desc': '促销型空罐'}, {'id': 40, 'name': '空罐/强化型/250ml/蓝色/30周年版/无底盖', 'sap_code': '20002029', 'code': 'GC000040', 'desc': '强化型空罐'}, {'id': 41, 'name': '空罐/强化型/250ml/蓝色/31周年版/无底盖', 'sap_code': '20002272', 'code': 'GC000041', 'desc': '强化型空罐'}, {'id': 66, 'name': '空罐/普通型/250ML/2026扫码1元乐享-闽苏沪/无顶盖', 'sap_code': '20002294', 'code': 'GC000066', 'desc': '促销型空罐'}, {'id': 69, 'name': '空罐/普通型/250ML/2026年1元乐享-新疆青海/无顶盖', 'sap_code': '20002303', 'code': 'GC000069', 'desc': '促销型空罐'}, {'id': 71, 'name': '空罐/普通型/250ML/2026扫码1元乐享-云贵/无顶盖', 'sap_code': '20002305', 'code': 'GC000071', 'desc': '促销型空罐'}, {'id': 73, 'name': '空罐/普通型/250ML/2026扫码1元乐享-广西/无顶盖', 'sap_code': '20002315', 'code': 'GC000073', 'desc': '促销型空罐'}]",空罐,包材,红牛,,,YF00000011,翻边尺寸,是,到货检测,,储运部,品管部,定量,复检,1,大于等于,托盘,,6,罐,是,6,罐,空罐翻边宽度检测仪,2.30-2.55,,mm,2.3000,2.5500,2,1,退货处理,从初检问题托盘中每托取6罐复检。,若仍有不合格，初检检测单元的所有商品做退货处理。,,2025-01-01,9999-12-31
77,,HWBT0087,001,禁用,Q/RW-TS-001-2023,"[{'id': 17, 'name': '空罐/普通型/无顶盖/250ml', 'sap_code': '20000194', 'code': 'GC000017', 'desc': '普通型空罐'}, {'id': 36, 'name': '空罐/普通型/250ML/30周年版/无顶盖', 'sap_code': '20002028', 'code': 'GC000036', 'desc': '普通型空罐'}, {'id': 37, 'name': '空罐/普通型/250ML/31周年版/无顶盖', 'sap_code': '20002271', 'code': 'GC000037', 'desc': '普通型空罐'}, {'id': 38, 'name': '空罐/普通型/250ML/2026广东红包促销/无顶盖', 'sap_code': '20002273', 'code': 'GC000038', 'desc': '促销型空罐'}, {'id': 39, 'name': '空罐/普通型/250ML/2026广东1元乐享促销/无顶盖', 'sap_code': '20002274', 'code': 'GC000039', 'desc': '促销型空罐'}, {'id': 40, 'name': '空罐/强化型/250ml/蓝色/30周年版/无底盖', 'sap_code': '20002029', 'code': 'GC000040', 'desc': '强化型空罐'}, {'id': 41, 'name': '空罐/强化型/250ml/蓝色/31周年版/无底盖', 'sap_code': '20002272', 'code': 'GC000041', 'desc': '强化型空罐'}, {'id': 66, 'name': '空罐/普通型/250ML/2026扫码1元乐享-闽苏沪/无顶盖', 'sap_code': '20002294', 'code': 'GC000066', 'desc': '促销型空罐'}, {'id': 69, 'name': '空罐/普通型/250ML/2026年1元乐享-新疆青海/无顶盖', 'sap_code': '20002303', 'code': 'GC000069', 'desc': '促销型空罐'}, {'id': 71, 'name': '空罐/普通型/250ML/2026扫码1元乐享-云贵/无顶盖', 'sap_code': '20002305', 'code': 'GC000071', 'desc': '促销型空罐'}, {'id': 73, 'name': '空罐/普通型/250ML/2026扫码1元乐享-广西/无顶盖', 'sap_code': '20002315', 'code': 'GC000073', 'desc': '促销型空罐'}]",空罐,包材,红牛,,,YC00000004,顶盖启破力,是,到货检测,,储运部,品管部,定量,初检,8,等于,托盘,,8,罐,是,8,罐,数显拉力计,8-14,,N,8.0000,14.0000,,1,复检,每8托为一个检测单元，每一托盘随机抽取样品1罐，共8罐，并做好标识。8罐均做本次检测。,若有不合格，取同一托6罐复检。,,2025-01-01,9999-12-31
78,,HWBT0088,001,禁用,Q/RW-TS-001-2023,"[{'id': 17, 'name': '空罐/普通型/无顶盖/250ml', 'sap_code': '20000194', 'code': 'GC000017', 'desc': '普通型空罐'}, {'id': 36, 'name': '空罐/普通型/250ML/30周年版/无顶盖', 'sap_code': '20002028', 'code': 'GC000036', 'desc': '普通型空罐'}, {'id': 37, 'name': '空罐/普通型/250ML/31周年版/无顶盖', 'sap_code': '20002271', 'code': 'GC000037', 'desc': '普通型空罐'}, {'id': 38, 'name': '空罐/普通型/250ML/2026广东红包促销/无顶盖', 'sap_code': '20002273', 'code': 'GC000038', 'desc': '促销型空罐'}, {'id': 39, 'name': '空罐/普通型/250ML/2026广东1元乐享促销/无顶盖', 'sap_code': '20002274', 'code': 'GC000039', 'desc': '促销型空罐'}, {'id': 40, 'name': '空罐/强化型/250ml/蓝色/30周年版/无底盖', 'sap_code': '20002029', 'code': 'GC000040', 'desc': '强化型空罐'}, {'id': 41, 'name': '空罐/强化型/250ml/蓝色/31周年版/无底盖', 'sap_code': '20002272', 'code': 'GC000041', 'desc': '强化型空罐'}, {'id': 66, 'name': '空罐/普通型/250ML/2026扫码1元乐享-闽苏沪/无顶盖', 'sap_code': '20002294', 'code': 'GC000066', 'desc': '促销型空罐'}, {'id': 69, 'name': '空罐/普通型/250ML/2026年1元乐享-新疆青海/无顶盖', 'sap_code': '20002303', 'code': 'GC000069', 'desc': '促销型空罐'}, {'id': 71, 'name': '空罐/普通型/250ML/2026扫码1元乐享-云贵/无顶盖', 'sap_code': '20002305', 'code': 'GC000071', 'desc': '促销型空罐'}, {'id': 73, 'name': '空罐/普通型/250ML/2026扫码1元乐享-广西/无顶盖', 'sap_code': '20002315', 'code': 'GC000073', 'desc': '促销型空罐'}]",空罐,包材,红牛,,,YF00000012,顶盖启破力,是,到货检测,,储运部,品管部,定量,复检,1,大于等于,托盘,,6,罐,是,6,罐,数显拉力计,8-14,,N,8.0000,14.0000,,1,退货处理,从初检问题托盘中每托取6罐复检。,若仍有不合格，初检检测单元的所有商品做退货处理。,,2025-01-01,9999-12-31
79,,HWBT0089,001,禁用,Q/RW-TS-001-2023,"[{'id': 17, 'name': '空罐/普通型/无顶盖/250ml', 'sap_code': '20000194', 'code': 'GC000017', 'desc': '普通型空罐'}, {'id': 36, 'name': '空罐/普通型/250ML/30周年版/无顶盖', 'sap_code': '20002028', 'code': 'GC000036', 'desc': '普通型空罐'}, {'id': 37, 'name': '空罐/普通型/250ML/31周年版/无顶盖', 'sap_code': '20002271', 'code': 'GC000037', 'desc': '普通型空罐'}, {'id': 38, 'name': '空罐/普通型/250ML/2026广东红包促销/无顶盖', 'sap_code': '20002273', 'code': 'GC000038', 'desc': '促销型空罐'}, {'id': 39, 'name': '空罐/普通型/250ML/2026广东1元乐享促销/无顶盖', 'sap_code': '20002274', 'code': 'GC000039', 'desc': '促销型空罐'}, {'id': 40, 'name': '空罐/强化型/250ml/蓝色/30周年版/无底盖', 'sap_code': '20002029', 'code': 'GC000040', 'desc': '强化型空罐'}, {'id': 41, 'name': '空罐/强化型/250ml/蓝色/31周年版/无底盖', 'sap_code': '20002272', 'code': 'GC000041', 'desc': '强化型空罐'}, {'id': 66, 'name': '空罐/普通型/250ML/2026扫码1元乐享-闽苏沪/无顶盖', 'sap_code': '20002294', 'code': 'GC000066', 'desc': '促销型空罐'}, {'id': 69, 'name': '空罐/普通型/250ML/2026年1元乐享-新疆青海/无顶盖', 'sap_code': '20002303', 'code': 'GC000069', 'desc': '促销型空罐'}, {'id': 71, 'name': '空罐/普通型/250ML/2026扫码1元乐享-云贵/无顶盖', 'sap_code': '20002305', 'code': 'GC000071', 'desc': '促销型空罐'}, {'id': 73, 'name': '空罐/普通型/250ML/2026扫码1元乐享-广西/无顶盖', 'sap_code': '20002315', 'code': 'GC000073', 'desc': '促销型空罐'}]",空罐,包材,红牛,,,YC00000004,底盖蓝点直径,是,到货检测,,储运部,品管部,定量,初检,8,等于,托盘,,8,罐,是,8,罐,蓝点偏移量检测尺,18±0.5mm,,mm,17.5000,18.5000,1,1,复检,每8托为一个检测单元，每一托盘随机抽取样品1罐，共8罐，并做好标识。8罐均做本次检测。,若有不合格，取同一托20罐复检。,,2025-01-01,9999-12-31
80,,HWBT0090,001,禁用,Q/RW-TS-001-2023,"[{'id': 17, 'name': '空罐/普通型/无顶盖/250ml', 'sap_code': '20000194', 'code': 'GC000017', 'desc': '普通型空罐'}, {'id': 36, 'name': '空罐/普通型/250ML/30周年版/无顶盖', 'sap_code': '20002028', 'code': 'GC000036', 'desc': '普通型空罐'}, {'id': 37, 'name': '空罐/普通型/250ML/31周年版/无顶盖', 'sap_code': '20002271', 'code': 'GC000037', 'desc': '普通型空罐'}, {'id': 38, 'name': '空罐/普通型/250ML/2026广东红包促销/无顶盖', 'sap_code': '20002273', 'code': 'GC000038', 'desc': '促销型空罐'}, {'id': 39, 'name': '空罐/普通型/250ML/2026广东1元乐享促销/无顶盖', 'sap_code': '20002274', 'code': 'GC000039', 'desc': '促销型空罐'}, {'id': 40, 'name': '空罐/强化型/250ml/蓝色/30周年版/无底盖', 'sap_code': '20002029', 'code': 'GC000040', 'desc': '强化型空罐'}, {'id': 41, 'name': '空罐/强化型/250ml/蓝色/31周年版/无底盖', 'sap_code': '20002272', 'code': 'GC000041', 'desc': '强化型空罐'}, {'id': 66, 'name': '空罐/普通型/250ML/2026扫码1元乐享-闽苏沪/无顶盖', 'sap_code': '20002294', 'code': 'GC000066', 'desc': '促销型空罐'}, {'id': 69, 'name': '空罐/普通型/250ML/2026年1元乐享-新疆青海/无顶盖', 'sap_code': '20002303', 'code': 'GC000069', 'desc': '促销型空罐'}, {'id': 71, 'name': '空罐/普通型/250ML/2026扫码1元乐享-云贵/无顶盖', 'sap_code': '20002305', 'code': 'GC000071', 'desc': '促销型空罐'}, {'id': 73, 'name': '空罐/普通型/250ML/2026扫码1元乐享-广西/无顶盖', 'sap_code': '20002315', 'code': 'GC000073', 'desc': '促销型空罐'}]",空罐,包材,红牛,,,YC00000004,底盖蓝点直径,是,到货检测,,储运部,品管部,定量,初检,8,等于,托盘,,8,罐,是,8,罐,蓝点偏移量检测尺,18±0.5mm,,mm,17.5000,18.5000,1,1,复检,每8托为一个检测单元，每一托盘随机抽取样品1罐，共8罐，并做好标识。8罐均做本次检测。,若有不合格，取同一托20罐复检。,,2025-01-01,9999-12-31
81,,HWBT0091,001,禁用,Q/RW-TS-001-2023,"[{'id': 17, 'name': '空罐/普通型/无顶盖/250ml', 'sap_code': '20000194', 'code': 'GC000017', 'desc': '普通型空罐'}, {'id': 36, 'name': '空罐/普通型/250ML/30周年版/无顶盖', 'sap_code': '20002028', 'code': 'GC000036', 'desc': '普通型空罐'}, {'id': 37, 'name': '空罐/普通型/250ML/31周年版/无顶盖', 'sap_code': '20002271', 'code': 'GC000037', 'desc': '普通型空罐'}, {'id': 38, 'name': '空罐/普通型/250ML/2026广东红包促销/无顶盖', 'sap_code': '20002273', 'code': 'GC000038', 'desc': '促销型空罐'}, {'id': 39, 'name': '空罐/普通型/250ML/2026广东1元乐享促销/无顶盖', 'sap_code': '20002274', 'code': 'GC000039', 'desc': '促销型空罐'}, {'id': 40, 'name': '空罐/强化型/250ml/蓝色/30周年版/无底盖', 'sap_code': '20002029', 'code': 'GC000040', 'desc': '强化型空罐'}, {'id': 41, 'name': '空罐/强化型/250ml/蓝色/31周年版/无底盖', 'sap_code': '20002272', 'code': 'GC000041', 'desc': '强化型空罐'}, {'id': 66, 'name': '空罐/普通型/250ML/2026扫码1元乐享-闽苏沪/无顶盖', 'sap_code': '20002294', 'code': 'GC000066', 'desc': '促销型空罐'}, {'id': 69, 'name': '空罐/普通型/250ML/2026年1元乐享-新疆青海/无顶盖', 'sap_code': '20002303', 'code': 'GC000069', 'desc': '促销型空罐'}, {'id': 71, 'name': '空罐/普通型/250ML/2026扫码1元乐享-云贵/无顶盖', 'sap_code': '20002305', 'code': 'GC000071', 'desc': '促销型空罐'}, {'id': 73, 'name': '空罐/普通型/250ML/2026扫码1元乐享-广西/无顶盖', 'sap_code': '20002315', 'code': 'GC000073', 'desc': '促销型空罐'}]",空罐,包材,红牛,,,YC00000004,底盖蓝点偏移量,是,到货检测,,储运部,品管部,定量,初检,8,等于,托盘,,8,罐,是,8,罐,蓝点偏移量检测尺,≤2mm,,mm,0.0000,2.0000,,1,复检,每8托为一个检测单元，每一托盘随机抽取样品1罐，共8罐，并做好标识。8罐均做本次检测。,若有不合格，取同一托20罐复检。,,2025-01-01,9999-12-31
82,,HWBT0092,001,禁用,Q/RW-TS-001-2023,"[{'id': 17, 'name': '空罐/普通型/无顶盖/250ml', 'sap_code': '20000194', 'code': 'GC000017', 'desc': '普通型空罐'}, {'id': 36, 'name': '空罐/普通型/250ML/30周年版/无顶盖', 'sap_code': '20002028', 'code': 'GC000036', 'desc': '普通型空罐'}, {'id': 37, 'name': '空罐/普通型/250ML/31周年版/无顶盖', 'sap_code': '20002271', 'code': 'GC000037', 'desc': '普通型空罐'}, {'id': 38, 'name': '空罐/普通型/250ML/2026广东红包促销/无顶盖', 'sap_code': '20002273', 'code': 'GC000038', 'desc': '促销型空罐'}, {'id': 39, 'name': '空罐/普通型/250ML/2026广东1元乐享促销/无顶盖', 'sap_code': '20002274', 'code': 'GC000039', 'desc': '促销型空罐'}, {'id': 40, 'name': '空罐/强化型/250ml/蓝色/30周年版/无底盖', 'sap_code': '20002029', 'code': 'GC000040', 'desc': '强化型空罐'}, {'id': 41, 'name': '空罐/强化型/250ml/蓝色/31周年版/无底盖', 'sap_code': '20002272', 'code': 'GC000041', 'desc': '强化型空罐'}, {'id': 66, 'name': '空罐/普通型/250ML/2026扫码1元乐享-闽苏沪/无顶盖', 'sap_code': '20002294', 'code': 'GC000066', 'desc': '促销型空罐'}, {'id': 69, 'name': '空罐/普通型/250ML/2026年1元乐享-新疆青海/无顶盖', 'sap_code': '20002303', 'code': 'GC000069', 'desc': '促销型空罐'}, {'id': 71, 'name': '空罐/普通型/250ML/2026扫码1元乐享-云贵/无顶盖', 'sap_code': '20002305', 'code': 'GC000071', 'desc': '促销型空罐'}, {'id': 73, 'name': '空罐/普通型/250ML/2026扫码1元乐享-广西/无顶盖', 'sap_code': '20002315', 'code': 'GC000073', 'desc': '促销型空罐'}]",空罐,包材,红牛,,,YC00000004,底盖蓝点偏移量,是,到货检测,,储运部,品管部,定量,初检,8,等于,托盘,,8,罐,是,8,罐,蓝点偏移量检测尺,≤2mm,,mm,0.0000,2.0000,,1,复检,每8托为一个检测单元，每一托盘随机抽取样品1罐，共8罐，并做好标识。8罐均做本次检测。,若有不合格，取同一托20罐复检。,,2025-01-01,9999-12-31
83,,HWBT0093,001,禁用,Q/RW-TS-001-2023,"[{'id': 17, 'name': '空罐/普通型/无顶盖/250ml', 'sap_code': '20000194', 'code': 'GC000017', 'desc': '普通型空罐'}, {'id': 36, 'name': '空罐/普通型/250ML/30周年版/无顶盖', 'sap_code': '20002028', 'code': 'GC000036', 'desc': '普通型空罐'}, {'id': 37, 'name': '空罐/普通型/250ML/31周年版/无顶盖', 'sap_code': '20002271', 'code': 'GC000037', 'desc': '普通型空罐'}, {'id': 38, 'name': '空罐/普通型/250ML/2026广东红包促销/无顶盖', 'sap_code': '20002273', 'code': 'GC000038', 'desc': '促销型空罐'}, {'id': 39, 'name': '空罐/普通型/250ML/2026广东1元乐享促销/无顶盖', 'sap_code': '20002274', 'code': 'GC000039', 'desc': '促销型空罐'}, {'id': 40, 'name': '空罐/强化型/250ml/蓝色/30周年版/无底盖', 'sap_code': '20002029', 'code': 'GC000040', 'desc': '强化型空罐'}, {'id': 41, 'name': '空罐/强化型/250ml/蓝色/31周年版/无底盖', 'sap_code': '20002272', 'code': 'GC000041', 'desc': '强化型空罐'}, {'id': 66, 'name': '空罐/普通型/250ML/2026扫码1元乐享-闽苏沪/无顶盖', 'sap_code': '20002294', 'code': 'GC000066', 'desc': '促销型空罐'}, {'id': 69, 'name': '空罐/普通型/250ML/2026年1元乐享-新疆青海/无顶盖', 'sap_code': '20002303', 'code': 'GC000069', 'desc': '促销型空罐'}, {'id': 71, 'name': '空罐/普通型/250ML/2026扫码1元乐享-云贵/无顶盖', 'sap_code': '20002305', 'code': 'GC000071', 'desc': '促销型空罐'}, {'id': 73, 'name': '空罐/普通型/250ML/2026扫码1元乐享-广西/无顶盖', 'sap_code': '20002315', 'code': 'GC000073', 'desc': '促销型空罐'}]",空罐,包材,红牛,,,YC00000004,底盖蓝点外观,是,到货检测,,储运部,品管部,定性,初检,8,等于,托盘,,8,罐,是,8,罐,触觉、目测检查,表面光滑、颜色在样板范围内、无划伤杂质异物等,粗糙/颜色不在样板范围内/划伤/杂质异物/其他,,,,,1,复检,每8托为一个检测单元，每一托盘随机抽取样品1罐，共8罐，并做好标识。8罐均做本次检测。,若有不合格，取同一托20罐复检。,,2025-01-01,9999-12-31
84,,HWBT0094,001,禁用,Q/RW-TS-001-2023,"[{'id': 17, 'name': '空罐/普通型/无顶盖/250ml', 'sap_code': '20000194', 'code': 'GC000017', 'desc': '普通型空罐'}, {'id': 36, 'name': '空罐/普通型/250ML/30周年版/无顶盖', 'sap_code': '20002028', 'code': 'GC000036', 'desc': '普通型空罐'}, {'id': 37, 'name': '空罐/普通型/250ML/31周年版/无顶盖', 'sap_code': '20002271', 'code': 'GC000037', 'desc': '普通型空罐'}, {'id': 38, 'name': '空罐/普通型/250ML/2026广东红包促销/无顶盖', 'sap_code': '20002273', 'code': 'GC000038', 'desc': '促销型空罐'}, {'id': 39, 'name': '空罐/普通型/250ML/2026广东1元乐享促销/无顶盖', 'sap_code': '20002274', 'code': 'GC000039', 'desc': '促销型空罐'}, {'id': 40, 'name': '空罐/强化型/250ml/蓝色/30周年版/无底盖', 'sap_code': '20002029', 'code': 'GC000040', 'desc': '强化型空罐'}, {'id': 41, 'name': '空罐/强化型/250ml/蓝色/31周年版/无底盖', 'sap_code': '20002272', 'code': 'GC000041', 'desc': '强化型空罐'}, {'id': 66, 'name': '空罐/普通型/250ML/2026扫码1元乐享-闽苏沪/无顶盖', 'sap_code': '20002294', 'code': 'GC000066', 'desc': '促销型空罐'}, {'id': 69, 'name': '空罐/普通型/250ML/2026年1元乐享-新疆青海/无顶盖', 'sap_code': '20002303', 'code': 'GC000069', 'desc': '促销型空罐'}, {'id': 71, 'name': '空罐/普通型/250ML/2026扫码1元乐享-云贵/无顶盖', 'sap_code': '20002305', 'code': 'GC000071', 'desc': '促销型空罐'}, {'id': 73, 'name': '空罐/普通型/250ML/2026扫码1元乐享-广西/无顶盖', 'sap_code': '20002315', 'code': 'GC000073', 'desc': '促销型空罐'}]",空罐,包材,红牛,,,YC00000004,底盖蓝点外观,是,到货检测,,储运部,品管部,定性,初检,8,等于,托盘,,8,罐,是,8,罐,触觉、目测检查,表面光滑、颜色在样板范围内、无划伤杂质异物等,粗糙/颜色不在样板范围内/划伤/杂质异物/其他,,,,,1,复检,每8托为一个检测单元，每一托盘随机抽取样品1罐，共8罐，并做好标识。8罐均做本次检测。,若有不合格，取同一托20罐复检。,,2025-01-01,9999-12-31
85,,HWBT0095,001,禁用,Q/RW-TS-001-2023,"[{'id': 17, 'name': '空罐/普通型/无顶盖/250ml', 'sap_code': '20000194', 'code': 'GC000017', 'desc': '普通型空罐'}, {'id': 36, 'name': '空罐/普通型/250ML/30周年版/无顶盖', 'sap_code': '20002028', 'code': 'GC000036', 'desc': '普通型空罐'}, {'id': 37, 'name': '空罐/普通型/250ML/31周年版/无顶盖', 'sap_code': '20002271', 'code': 'GC000037', 'desc': '普通型空罐'}, {'id': 38, 'name': '空罐/普通型/250ML/2026广东红包促销/无顶盖', 'sap_code': '20002273', 'code': 'GC000038', 'desc': '促销型空罐'}, {'id': 39, 'name': '空罐/普通型/250ML/2026广东1元乐享促销/无顶盖', 'sap_code': '20002274', 'code': 'GC000039', 'desc': '促销型空罐'}, {'id': 40, 'name': '空罐/强化型/250ml/蓝色/30周年版/无底盖', 'sap_code': '20002029', 'code': 'GC000040', 'desc': '强化型空罐'}, {'id': 41, 'name': '空罐/强化型/250ml/蓝色/31周年版/无底盖', 'sap_code': '20002272', 'code': 'GC000041', 'desc': '强化型空罐'}, {'id': 66, 'name': '空罐/普通型/250ML/2026扫码1元乐享-闽苏沪/无顶盖', 'sap_code': '20002294', 'code': 'GC000066', 'desc': '促销型空罐'}, {'id': 69, 'name': '空罐/普通型/250ML/2026年1元乐享-新疆青海/无顶盖', 'sap_code': '20002303', 'code': 'GC000069', 'desc': '促销型空罐'}, {'id': 71, 'name': '空罐/普通型/250ML/2026扫码1元乐享-云贵/无顶盖', 'sap_code': '20002305', 'code': 'GC000071', 'desc': '促销型空罐'}, {'id': 73, 'name': '空罐/普通型/250ML/2026扫码1元乐享-广西/无顶盖', 'sap_code': '20002315', 'code': 'GC000073', 'desc': '促销型空罐'}]",空罐,包材,红牛,,,YF00000013,底盖蓝点直径,是,到货检测,,储运部,品管部,定量,复检,1,大于等于,托盘,,20,罐,是,20,罐,蓝点偏移量检测尺,18±0.5mm,,mm,17.5000,18.5000,1,1,退货处理,从初检问题托盘中每托取20罐复检。,若仍有不合格，初检检测单元的所有商品做退货处理。,,2025-01-01,9999-12-31
86,,HWBT0096,001,禁用,Q/RW-TS-001-2023,"[{'id': 17, 'name': '空罐/普通型/无顶盖/250ml', 'sap_code': '20000194', 'code': 'GC000017', 'desc': '普通型空罐'}, {'id': 36, 'name': '空罐/普通型/250ML/30周年版/无顶盖', 'sap_code': '20002028', 'code': 'GC000036', 'desc': '普通型空罐'}, {'id': 37, 'name': '空罐/普通型/250ML/31周年版/无顶盖', 'sap_code': '20002271', 'code': 'GC000037', 'desc': '普通型空罐'}, {'id': 38, 'name': '空罐/普通型/250ML/2026广东红包促销/无顶盖', 'sap_code': '20002273', 'code': 'GC000038', 'desc': '促销型空罐'}, {'id': 39, 'name': '空罐/普通型/250ML/2026广东1元乐享促销/无顶盖', 'sap_code': '20002274', 'code': 'GC000039', 'desc': '促销型空罐'}, {'id': 40, 'name': '空罐/强化型/250ml/蓝色/30周年版/无底盖', 'sap_code': '20002029', 'code': 'GC000040', 'desc': '强化型空罐'}, {'id': 41, 'name': '空罐/强化型/250ml/蓝色/31周年版/无底盖', 'sap_code': '20002272', 'code': 'GC000041', 'desc': '强化型空罐'}, {'id': 66, 'name': '空罐/普通型/250ML/2026扫码1元乐享-闽苏沪/无顶盖', 'sap_code': '20002294', 'code': 'GC000066', 'desc': '促销型空罐'}, {'id': 69, 'name': '空罐/普通型/250ML/2026年1元乐享-新疆青海/无顶盖', 'sap_code': '20002303', 'code': 'GC000069', 'desc': '促销型空罐'}, {'id': 71, 'name': '空罐/普通型/250ML/2026扫码1元乐享-云贵/无顶盖', 'sap_code': '20002305', 'code': 'GC000071', 'desc': '促销型空罐'}, {'id': 73, 'name': '空罐/普通型/250ML/2026扫码1元乐享-广西/无顶盖', 'sap_code': '20002315', 'code': 'GC000073', 'desc': '促销型空罐'}]",空罐,包材,红牛,,,YF00000013,底盖蓝点直径,是,到货检测,,储运部,品管部,定量,复检,1,大于等于,托盘,,20,罐,是,20,罐,蓝点偏移量检测尺,18±0.5mm,,mm,17.5000,18.5000,1,1,退货处理,从初检问题托盘中每托取20罐复检。,若仍有不合格，初检检测单元的所有商品做退货处理。,,2025-01-01,9999-12-31
87,,HWBT0097,001,禁用,Q/RW-TS-001-2023,"[{'id': 17, 'name': '空罐/普通型/无顶盖/250ml', 'sap_code': '20000194', 'code': 'GC000017', 'desc': '普通型空罐'}, {'id': 36, 'name': '空罐/普通型/250ML/30周年版/无顶盖', 'sap_code': '20002028', 'code': 'GC000036', 'desc': '普通型空罐'}, {'id': 37, 'name': '空罐/普通型/250ML/31周年版/无顶盖', 'sap_code': '20002271', 'code': 'GC000037', 'desc': '普通型空罐'}, {'id': 38, 'name': '空罐/普通型/250ML/2026广东红包促销/无顶盖', 'sap_code': '20002273', 'code': 'GC000038', 'desc': '促销型空罐'}, {'id': 39, 'name': '空罐/普通型/250ML/2026广东1元乐享促销/无顶盖', 'sap_code': '20002274', 'code': 'GC000039', 'desc': '促销型空罐'}, {'id': 40, 'name': '空罐/强化型/250ml/蓝色/30周年版/无底盖', 'sap_code': '20002029', 'code': 'GC000040', 'desc': '强化型空罐'}, {'id': 41, 'name': '空罐/强化型/250ml/蓝色/31周年版/无底盖', 'sap_code': '20002272', 'code': 'GC000041', 'desc': '强化型空罐'}, {'id': 66, 'name': '空罐/普通型/250ML/2026扫码1元乐享-闽苏沪/无顶盖', 'sap_code': '20002294', 'code': 'GC000066', 'desc': '促销型空罐'}, {'id': 69, 'name': '空罐/普通型/250ML/2026年1元乐享-新疆青海/无顶盖', 'sap_code': '20002303', 'code': 'GC000069', 'desc': '促销型空罐'}, {'id': 71, 'name': '空罐/普通型/250ML/2026扫码1元乐享-云贵/无顶盖', 'sap_code': '20002305', 'code': 'GC000071', 'desc': '促销型空罐'}, {'id': 73, 'name': '空罐/普通型/250ML/2026扫码1元乐享-广西/无顶盖', 'sap_code': '20002315', 'code': 'GC000073', 'desc': '促销型空罐'}]",空罐,包材,红牛,,,YF00000013,底盖蓝点偏移量,是,到货检测,,储运部,品管部,定量,复检,1,大于等于,托盘,,20,罐,是,20,罐,蓝点偏移量检测尺,≤2mm,,mm,0.0000,2.0000,,1,退货处理,从初检问题托盘中每托取20罐复检。,若仍有不合格，初检检测单元的所有商品做退货处理。,,2025-01-01,9999-12-31
88,,HWBT0098,001,禁用,Q/RW-TS-001-2023,"[{'id': 17, 'name': '空罐/普通型/无顶盖/250ml', 'sap_code': '20000194', 'code': 'GC000017', 'desc': '普通型空罐'}, {'id': 36, 'name': '空罐/普通型/250ML/30周年版/无顶盖', 'sap_code': '20002028', 'code': 'GC000036', 'desc': '普通型空罐'}, {'id': 37, 'name': '空罐/普通型/250ML/31周年版/无顶盖', 'sap_code': '20002271', 'code': 'GC000037', 'desc': '普通型空罐'}, {'id': 38, 'name': '空罐/普通型/250ML/2026广东红包促销/无顶盖', 'sap_code': '20002273', 'code': 'GC000038', 'desc': '促销型空罐'}, {'id': 39, 'name': '空罐/普通型/250ML/2026广东1元乐享促销/无顶盖', 'sap_code': '20002274', 'code': 'GC000039', 'desc': '促销型空罐'}, {'id': 40, 'name': '空罐/强化型/250ml/蓝色/30周年版/无底盖', 'sap_code': '20002029', 'code': 'GC000040', 'desc': '强化型空罐'}, {'id': 41, 'name': '空罐/强化型/250ml/蓝色/31周年版/无底盖', 'sap_code': '20002272', 'code': 'GC000041', 'desc': '强化型空罐'}, {'id': 66, 'name': '空罐/普通型/250ML/2026扫码1元乐享-闽苏沪/无顶盖', 'sap_code': '20002294', 'code': 'GC000066', 'desc': '促销型空罐'}, {'id': 69, 'name': '空罐/普通型/250ML/2026年1元乐享-新疆青海/无顶盖', 'sap_code': '20002303', 'code': 'GC000069', 'desc': '促销型空罐'}, {'id': 71, 'name': '空罐/普通型/250ML/2026扫码1元乐享-云贵/无顶盖', 'sap_code': '20002305', 'code': 'GC000071', 'desc': '促销型空罐'}, {'id': 73, 'name': '空罐/普通型/250ML/2026扫码1元乐享-广西/无顶盖', 'sap_code': '20002315', 'code': 'GC000073', 'desc': '促销型空罐'}]",空罐,包材,红牛,,,YF00000013,底盖蓝点偏移量,是,到货检测,,储运部,品管部,定量,复检,1,大于等于,托盘,,20,罐,是,20,罐,蓝点偏移量检测尺,≤2mm,,mm,0.0000,2.0000,,1,退货处理,从初检问题托盘中每托取20罐复检。,若仍有不合格，初检检测单元的所有商品做退货处理。,,2025-01-01,9999-12-31
89,,HWBT0099,001,禁用,Q/RW-TS-001-2023,"[{'id': 17, 'name': '空罐/普通型/无顶盖/250ml', 'sap_code': '20000194', 'code': 'GC000017', 'desc': '普通型空罐'}, {'id': 36, 'name': '空罐/普通型/250ML/30周年版/无顶盖', 'sap_code': '20002028', 'code': 'GC000036', 'desc': '普通型空罐'}, {'id': 37, 'name': '空罐/普通型/250ML/31周年版/无顶盖', 'sap_code': '20002271', 'code': 'GC000037', 'desc': '普通型空罐'}, {'id': 38, 'name': '空罐/普通型/250ML/2026广东红包促销/无顶盖', 'sap_code': '20002273', 'code': 'GC000038', 'desc': '促销型空罐'}, {'id': 39, 'name': '空罐/普通型/250ML/2026广东1元乐享促销/无顶盖', 'sap_code': '20002274', 'code': 'GC000039', 'desc': '促销型空罐'}, {'id': 40, 'name': '空罐/强化型/250ml/蓝色/30周年版/无底盖', 'sap_code': '20002029', 'code': 'GC000040', 'desc': '强化型空罐'}, {'id': 41, 'name': '空罐/强化型/250ml/蓝色/31周年版/无底盖', 'sap_code': '20002272', 'code': 'GC000041', 'desc': '强化型空罐'}, {'id': 66, 'name': '空罐/普通型/250ML/2026扫码1元乐享-闽苏沪/无顶盖', 'sap_code': '20002294', 'code': 'GC000066', 'desc': '促销型空罐'}, {'id': 69, 'name': '空罐/普通型/250ML/2026年1元乐享-新疆青海/无顶盖', 'sap_code': '20002303', 'code': 'GC000069', 'desc': '促销型空罐'}, {'id': 71, 'name': '空罐/普通型/250ML/2026扫码1元乐享-云贵/无顶盖', 'sap_code': '20002305', 'code': 'GC000071', 'desc': '促销型空罐'}, {'id': 73, 'name': '空罐/普通型/250ML/2026扫码1元乐享-广西/无顶盖', 'sap_code': '20002315', 'code': 'GC000073', 'desc': '促销型空罐'}]",空罐,包材,红牛,,,YF00000013,底盖蓝点外观,是,到货检测,,储运部,品管部,定性,复检,1,大于等于,托盘,,20,罐,是,20,罐,触觉、目测检查,表面光滑、颜色在样板范围内、无划伤杂质异物等,粗糙/颜色不在样板范围内/划伤/杂质异物/其他,,,,,1,退货处理,从初检问题托盘中每托取20罐复检。,若仍有不合格，初检检测单元的所有商品做退货处理。,,2025-01-01,9999-12-31
90,,HWBT0100,001,禁用,Q/RW-TS-001-2023,"[{'id': 17, 'name': '空罐/普通型/无顶盖/250ml', 'sap_code': '20000194', 'code': 'GC000017', 'desc': '普通型空罐'}, {'id': 36, 'name': '空罐/普通型/250ML/30周年版/无顶盖', 'sap_code': '20002028', 'code': 'GC000036', 'desc': '普通型空罐'}, {'id': 37, 'name': '空罐/普通型/250ML/31周年版/无顶盖', 'sap_code': '20002271', 'code': 'GC000037', 'desc': '普通型空罐'}, {'id': 38, 'name': '空罐/普通型/250ML/2026广东红包促销/无顶盖', 'sap_code': '20002273', 'code': 'GC000038', 'desc': '促销型空罐'}, {'id': 39, 'name': '空罐/普通型/250ML/2026广东1元乐享促销/无顶盖', 'sap_code': '20002274', 'code': 'GC000039', 'desc': '促销型空罐'}, {'id': 40, 'name': '空罐/强化型/250ml/蓝色/30周年版/无底盖', 'sap_code': '20002029', 'code': 'GC000040', 'desc': '强化型空罐'}, {'id': 41, 'name': '空罐/强化型/250ml/蓝色/31周年版/无底盖', 'sap_code': '20002272', 'code': 'GC000041', 'desc': '强化型空罐'}, {'id': 66, 'name': '空罐/普通型/250ML/2026扫码1元乐享-闽苏沪/无顶盖', 'sap_code': '20002294', 'code': 'GC000066', 'desc': '促销型空罐'}, {'id': 69, 'name': '空罐/普通型/250ML/2026年1元乐享-新疆青海/无顶盖', 'sap_code': '20002303', 'code': 'GC000069', 'desc': '促销型空罐'}, {'id': 71, 'name': '空罐/普通型/250ML/2026扫码1元乐享-云贵/无顶盖', 'sap_code': '20002305', 'code': 'GC000071', 'desc': '促销型空罐'}, {'id': 73, 'name': '空罐/普通型/250ML/2026扫码1元乐享-广西/无顶盖', 'sap_code': '20002315', 'code': 'GC000073', 'desc': '促销型空罐'}]",空罐,包材,红牛,,,YF00000013,底盖蓝点外观,是,到货检测,,储运部,品管部,定性,复检,1,大于等于,托盘,,20,罐,是,20,罐,触觉、目测检查,表面光滑、颜色在样板范围内、无划伤杂质异物等,粗糙/颜色不在样板范围内/划伤/杂质异物/其他,,,,,1,退货处理,从初检问题托盘中每托取20罐复检。,若仍有不合格，初检检测单元的所有商品做退货处理。,,2025-01-01,9999-12-31
91,,HWBT0101,001,禁用,Q/RW-TS-001-2023,"[{'id': 17, 'name': '空罐/普通型/无顶盖/250ml', 'sap_code': '20000194', 'code': 'GC000017', 'desc': '普通型空罐'}, {'id': 36, 'name': '空罐/普通型/250ML/30周年版/无顶盖', 'sap_code': '20002028', 'code': 'GC000036', 'desc': '普通型空罐'}, {'id': 37, 'name': '空罐/普通型/250ML/31周年版/无顶盖', 'sap_code': '20002271', 'code': 'GC000037', 'desc': '普通型空罐'}, {'id': 38, 'name': '空罐/普通型/250ML/2026广东红包促销/无顶盖', 'sap_code': '20002273', 'code': 'GC000038', 'desc': '促销型空罐'}, {'id': 39, 'name': '空罐/普通型/250ML/2026广东1元乐享促销/无顶盖', 'sap_code': '20002274', 'code': 'GC000039', 'desc': '促销型空罐'}, {'id': 40, 'name': '空罐/强化型/250ml/蓝色/30周年版/无底盖', 'sap_code': '20002029', 'code': 'GC000040', 'desc': '强化型空罐'}, {'id': 41, 'name': '空罐/强化型/250ml/蓝色/31周年版/无底盖', 'sap_code': '20002272', 'code': 'GC000041', 'desc': '强化型空罐'}, {'id': 66, 'name': '空罐/普通型/250ML/2026扫码1元乐享-闽苏沪/无顶盖', 'sap_code': '20002294', 'code': 'GC000066', 'desc': '促销型空罐'}, {'id': 69, 'name': '空罐/普通型/250ML/2026年1元乐享-新疆青海/无顶盖', 'sap_code': '20002303', 'code': 'GC000069', 'desc': '促销型空罐'}, {'id': 71, 'name': '空罐/普通型/250ML/2026扫码1元乐享-云贵/无顶盖', 'sap_code': '20002305', 'code': 'GC000071', 'desc': '促销型空罐'}, {'id': 73, 'name': '空罐/普通型/250ML/2026扫码1元乐享-广西/无顶盖', 'sap_code': '20002315', 'code': 'GC000073', 'desc': '促销型空罐'}]",空罐,包材,红牛,,,YC00000004,罐底墨码附着力,是,到货检测,,储运部,品管部,定性,初检,8,等于,托盘,,8,罐,是,8,罐,目测检查,清晰可辨,,,,,,1,退货处理,每8托为一个检测单元，每一托盘随机抽取样品1罐，共8罐，并做好标识。其中6罐做本次检测。,若有不合格，初检检测单元的所有商品做退货处理。,,2025-01-01,9999-12-31
92,,HWBT0102,001,禁用,Q/RW-TS-001-2023,"[{'id': 17, 'name': '空罐/普通型/无顶盖/250ml', 'sap_code': '20000194', 'code': 'GC000017', 'desc': '普通型空罐'}, {'id': 36, 'name': '空罐/普通型/250ML/30周年版/无顶盖', 'sap_code': '20002028', 'code': 'GC000036', 'desc': '普通型空罐'}, {'id': 37, 'name': '空罐/普通型/250ML/31周年版/无顶盖', 'sap_code': '20002271', 'code': 'GC000037', 'desc': '普通型空罐'}, {'id': 38, 'name': '空罐/普通型/250ML/2026广东红包促销/无顶盖', 'sap_code': '20002273', 'code': 'GC000038', 'desc': '促销型空罐'}, {'id': 39, 'name': '空罐/普通型/250ML/2026广东1元乐享促销/无顶盖', 'sap_code': '20002274', 'code': 'GC000039', 'desc': '促销型空罐'}, {'id': 40, 'name': '空罐/强化型/250ml/蓝色/30周年版/无底盖', 'sap_code': '20002029', 'code': 'GC000040', 'desc': '强化型空罐'}, {'id': 41, 'name': '空罐/强化型/250ml/蓝色/31周年版/无底盖', 'sap_code': '20002272', 'code': 'GC000041', 'desc': '强化型空罐'}, {'id': 66, 'name': '空罐/普通型/250ML/2026扫码1元乐享-闽苏沪/无顶盖', 'sap_code': '20002294', 'code': 'GC000066', 'desc': '促销型空罐'}, {'id': 69, 'name': '空罐/普通型/250ML/2026年1元乐享-新疆青海/无顶盖', 'sap_code': '20002303', 'code': 'GC000069', 'desc': '促销型空罐'}, {'id': 71, 'name': '空罐/普通型/250ML/2026扫码1元乐享-云贵/无顶盖', 'sap_code': '20002305', 'code': 'GC000071', 'desc': '促销型空罐'}, {'id': 73, 'name': '空罐/普通型/250ML/2026扫码1元乐享-广西/无顶盖', 'sap_code': '20002315', 'code': 'GC000073', 'desc': '促销型空罐'}]",空罐,包材,红牛,,,YC00000004,罐底墨码附着力,是,到货检测,,储运部,品管部,定性,初检,8,等于,托盘,,8,罐,是,8,罐,目测检查,清晰可辨,,,,,,1,退货处理,每8托为一个检测单元，每一托盘随机抽取样品1罐，共8罐，并做好标识。其中6罐做本次检测。,若有不合格，初检检测单元的所有商品做退货处理。,,2025-01-01,9999-12-31
93,,HWBT0103,001,禁用,Q/RW-TS-001-2023,"[{'id': 17, 'name': '空罐/普通型/无顶盖/250ml', 'sap_code': '20000194', 'code': 'GC000017', 'desc': '普通型空罐'}, {'id': 36, 'name': '空罐/普通型/250ML/30周年版/无顶盖', 'sap_code': '20002028', 'code': 'GC000036', 'desc': '普通型空罐'}, {'id': 37, 'name': '空罐/普通型/250ML/31周年版/无顶盖', 'sap_code': '20002271', 'code': 'GC000037', 'desc': '普通型空罐'}, {'id': 38, 'name': '空罐/普通型/250ML/2026广东红包促销/无顶盖', 'sap_code': '20002273', 'code': 'GC000038', 'desc': '促销型空罐'}, {'id': 39, 'name': '空罐/普通型/250ML/2026广东1元乐享促销/无顶盖', 'sap_code': '20002274', 'code': 'GC000039', 'desc': '促销型空罐'}, {'id': 40, 'name': '空罐/强化型/250ml/蓝色/30周年版/无底盖', 'sap_code': '20002029', 'code': 'GC000040', 'desc': '强化型空罐'}, {'id': 41, 'name': '空罐/强化型/250ml/蓝色/31周年版/无底盖', 'sap_code': '20002272', 'code': 'GC000041', 'desc': '强化型空罐'}, {'id': 66, 'name': '空罐/普通型/250ML/2026扫码1元乐享-闽苏沪/无顶盖', 'sap_code': '20002294', 'code': 'GC000066', 'desc': '促销型空罐'}, {'id': 69, 'name': '空罐/普通型/250ML/2026年1元乐享-新疆青海/无顶盖', 'sap_code': '20002303', 'code': 'GC000069', 'desc': '促销型空罐'}, {'id': 71, 'name': '空罐/普通型/250ML/2026扫码1元乐享-云贵/无顶盖', 'sap_code': '20002305', 'code': 'GC000071', 'desc': '促销型空罐'}, {'id': 73, 'name': '空罐/普通型/250ML/2026扫码1元乐享-广西/无顶盖', 'sap_code': '20002315', 'code': 'GC000073', 'desc': '促销型空罐'}]",空罐,包材,红牛,,,YC00000004,罐底墨码附着力,是,到货检测,,储运部,品管部,定性,初检,8,等于,托盘,,8,罐,是,8,罐,目测检查,手指擦拭2次不掉墨,,,,,,1,退货处理,每8托为一个检测单元，每一托盘随机抽取样品1罐，共8罐，并做好标识。其中6罐做本次检测。,若有不合格，初检检测单元的所有商品做退货处理。,,2025-01-01,9999-12-31
94,,HWBT0104,001,禁用,Q/RW-TS-001-2023,"[{'id': 17, 'name': '空罐/普通型/无顶盖/250ml', 'sap_code': '20000194', 'code': 'GC000017', 'desc': '普通型空罐'}, {'id': 36, 'name': '空罐/普通型/250ML/30周年版/无顶盖', 'sap_code': '20002028', 'code': 'GC000036', 'desc': '普通型空罐'}, {'id': 37, 'name': '空罐/普通型/250ML/31周年版/无顶盖', 'sap_code': '20002271', 'code': 'GC000037', 'desc': '普通型空罐'}, {'id': 38, 'name': '空罐/普通型/250ML/2026广东红包促销/无顶盖', 'sap_code': '20002273', 'code': 'GC000038', 'desc': '促销型空罐'}, {'id': 39, 'name': '空罐/普通型/250ML/2026广东1元乐享促销/无顶盖', 'sap_code': '20002274', 'code': 'GC000039', 'desc': '促销型空罐'}, {'id': 40, 'name': '空罐/强化型/250ml/蓝色/30周年版/无底盖', 'sap_code': '20002029', 'code': 'GC000040', 'desc': '强化型空罐'}, {'id': 41, 'name': '空罐/强化型/250ml/蓝色/31周年版/无底盖', 'sap_code': '20002272', 'code': 'GC000041', 'desc': '强化型空罐'}, {'id': 66, 'name': '空罐/普通型/250ML/2026扫码1元乐享-闽苏沪/无顶盖', 'sap_code': '20002294', 'code': 'GC000066', 'desc': '促销型空罐'}, {'id': 69, 'name': '空罐/普通型/250ML/2026年1元乐享-新疆青海/无顶盖', 'sap_code': '20002303', 'code': 'GC000069', 'desc': '促销型空罐'}, {'id': 71, 'name': '空罐/普通型/250ML/2026扫码1元乐享-云贵/无顶盖', 'sap_code': '20002305', 'code': 'GC000071', 'desc': '促销型空罐'}, {'id': 73, 'name': '空罐/普通型/250ML/2026扫码1元乐享-广西/无顶盖', 'sap_code': '20002315', 'code': 'GC000073', 'desc': '促销型空罐'}]",空罐,包材,红牛,,,YC00000004,罐底墨码附着力,是,到货检测,,储运部,品管部,定性,初检,8,等于,托盘,,8,罐,是,8,罐,目测检查,手指擦拭2次不掉墨,,,,,,1,退货处理,每8托为一个检测单元，每一托盘随机抽取样品1罐，共8罐，并做好标识。其中6罐做本次检测。,若有不合格，初检检测单元的所有商品做退货处理。,,2025-01-01,9999-12-31
95,,HWBT0105,001,禁用,Q/RW-TS-001-2023,"[{'id': 17, 'name': '空罐/普通型/无顶盖/250ml', 'sap_code': '20000194', 'code': 'GC000017', 'desc': '普通型空罐'}, {'id': 36, 'name': '空罐/普通型/250ML/30周年版/无顶盖', 'sap_code': '20002028', 'code': 'GC000036', 'desc': '普通型空罐'}, {'id': 37, 'name': '空罐/普通型/250ML/31周年版/无顶盖', 'sap_code': '20002271', 'code': 'GC000037', 'desc': '普通型空罐'}, {'id': 38, 'name': '空罐/普通型/250ML/2026广东红包促销/无顶盖', 'sap_code': '20002273', 'code': 'GC000038', 'desc': '促销型空罐'}, {'id': 39, 'name': '空罐/普通型/250ML/2026广东1元乐享促销/无顶盖', 'sap_code': '20002274', 'code': 'GC000039', 'desc': '促销型空罐'}, {'id': 40, 'name': '空罐/强化型/250ml/蓝色/30周年版/无底盖', 'sap_code': '20002029', 'code': 'GC000040', 'desc': '强化型空罐'}, {'id': 41, 'name': '空罐/强化型/250ml/蓝色/31周年版/无底盖', 'sap_code': '20002272', 'code': 'GC000041', 'desc': '强化型空罐'}, {'id': 66, 'name': '空罐/普通型/250ML/2026扫码1元乐享-闽苏沪/无顶盖', 'sap_code': '20002294', 'code': 'GC000066', 'desc': '促销型空罐'}, {'id': 69, 'name': '空罐/普通型/250ML/2026年1元乐享-新疆青海/无顶盖', 'sap_code': '20002303', 'code': 'GC000069', 'desc': '促销型空罐'}, {'id': 71, 'name': '空罐/普通型/250ML/2026扫码1元乐享-云贵/无顶盖', 'sap_code': '20002305', 'code': 'GC000071', 'desc': '促销型空罐'}, {'id': 73, 'name': '空罐/普通型/250ML/2026扫码1元乐享-广西/无顶盖', 'sap_code': '20002315', 'code': 'GC000073', 'desc': '促销型空罐'}]",空罐,包材,红牛,,,YC00000004,罐底墨码附着力,是,到货检测,,储运部,品管部,定性,初检,8,等于,托盘,,8,罐,是,8,罐,目测检查,手指擦拭2次不花码,,,,,,1,复检,每8托为一个检测单元，每一托盘随机抽取样品1罐，共8罐，并做好标识。其中6罐做本次检测。,若有不合格，取同一托8罐复检。,,2025-01-01,9999-12-31
96,,HWBT0106,001,禁用,Q/RW-TS-001-2023,"[{'id': 17, 'name': '空罐/普通型/无顶盖/250ml', 'sap_code': '20000194', 'code': 'GC000017', 'desc': '普通型空罐'}, {'id': 36, 'name': '空罐/普通型/250ML/30周年版/无顶盖', 'sap_code': '20002028', 'code': 'GC000036', 'desc': '普通型空罐'}, {'id': 37, 'name': '空罐/普通型/250ML/31周年版/无顶盖', 'sap_code': '20002271', 'code': 'GC000037', 'desc': '普通型空罐'}, {'id': 38, 'name': '空罐/普通型/250ML/2026广东红包促销/无顶盖', 'sap_code': '20002273', 'code': 'GC000038', 'desc': '促销型空罐'}, {'id': 39, 'name': '空罐/普通型/250ML/2026广东1元乐享促销/无顶盖', 'sap_code': '20002274', 'code': 'GC000039', 'desc': '促销型空罐'}, {'id': 40, 'name': '空罐/强化型/250ml/蓝色/30周年版/无底盖', 'sap_code': '20002029', 'code': 'GC000040', 'desc': '强化型空罐'}, {'id': 41, 'name': '空罐/强化型/250ml/蓝色/31周年版/无底盖', 'sap_code': '20002272', 'code': 'GC000041', 'desc': '强化型空罐'}, {'id': 66, 'name': '空罐/普通型/250ML/2026扫码1元乐享-闽苏沪/无顶盖', 'sap_code': '20002294', 'code': 'GC000066', 'desc': '促销型空罐'}, {'id': 69, 'name': '空罐/普通型/250ML/2026年1元乐享-新疆青海/无顶盖', 'sap_code': '20002303', 'code': 'GC000069', 'desc': '促销型空罐'}, {'id': 71, 'name': '空罐/普通型/250ML/2026扫码1元乐享-云贵/无顶盖', 'sap_code': '20002305', 'code': 'GC000071', 'desc': '促销型空罐'}, {'id': 73, 'name': '空罐/普通型/250ML/2026扫码1元乐享-广西/无顶盖', 'sap_code': '20002315', 'code': 'GC000073', 'desc': '促销型空罐'}]",空罐,包材,红牛,,,YC00000004,罐底墨码附着力,是,到货检测,,储运部,品管部,定性,初检,8,等于,托盘,,8,罐,是,8,罐,目测检查,手指擦拭2次不花码,,,,,,1,复检,每8托为一个检测单元，每一托盘随机抽取样品1罐，共8罐，并做好标识。其中6罐做本次检测。,若有不合格，取同一托8罐复检。,,2025-01-01,9999-12-31
97,,HWBT0107,001,禁用,Q/RW-TS-001-2023,"[{'id': 17, 'name': '空罐/普通型/无顶盖/250ml', 'sap_code': '20000194', 'code': 'GC000017', 'desc': '普通型空罐'}, {'id': 36, 'name': '空罐/普通型/250ML/30周年版/无顶盖', 'sap_code': '20002028', 'code': 'GC000036', 'desc': '普通型空罐'}, {'id': 37, 'name': '空罐/普通型/250ML/31周年版/无顶盖', 'sap_code': '20002271', 'code': 'GC000037', 'desc': '普通型空罐'}, {'id': 38, 'name': '空罐/普通型/250ML/2026广东红包促销/无顶盖', 'sap_code': '20002273', 'code': 'GC000038', 'desc': '促销型空罐'}, {'id': 39, 'name': '空罐/普通型/250ML/2026广东1元乐享促销/无顶盖', 'sap_code': '20002274', 'code': 'GC000039', 'desc': '促销型空罐'}, {'id': 40, 'name': '空罐/强化型/250ml/蓝色/30周年版/无底盖', 'sap_code': '20002029', 'code': 'GC000040', 'desc': '强化型空罐'}, {'id': 41, 'name': '空罐/强化型/250ml/蓝色/31周年版/无底盖', 'sap_code': '20002272', 'code': 'GC000041', 'desc': '强化型空罐'}, {'id': 66, 'name': '空罐/普通型/250ML/2026扫码1元乐享-闽苏沪/无顶盖', 'sap_code': '20002294', 'code': 'GC000066', 'desc': '促销型空罐'}, {'id': 69, 'name': '空罐/普通型/250ML/2026年1元乐享-新疆青海/无顶盖', 'sap_code': '20002303', 'code': 'GC000069', 'desc': '促销型空罐'}, {'id': 71, 'name': '空罐/普通型/250ML/2026扫码1元乐享-云贵/无顶盖', 'sap_code': '20002305', 'code': 'GC000071', 'desc': '促销型空罐'}, {'id': 73, 'name': '空罐/普通型/250ML/2026扫码1元乐享-广西/无顶盖', 'sap_code': '20002315', 'code': 'GC000073', 'desc': '促销型空罐'}]",空罐,包材,红牛,,,YF00000013,罐底墨码附着力,是,到货检测,,储运部,品管部,定性,复检,1,大于等于,托盘,,8,罐,是,8,罐,目测检查,手指擦拭2次不花码,,,,,,1,退货处理,从初检问题托盘中每托取8罐复检。,若仍有不合格，初检检测单元的所有商品做退货处理。,,2025-01-01,9999-12-31
98,,HWBT0108,001,禁用,Q/RW-TS-001-2023,"[{'id': 17, 'name': '空罐/普通型/无顶盖/250ml', 'sap_code': '20000194', 'code': 'GC000017', 'desc': '普通型空罐'}, {'id': 36, 'name': '空罐/普通型/250ML/30周年版/无顶盖', 'sap_code': '20002028', 'code': 'GC000036', 'desc': '普通型空罐'}, {'id': 37, 'name': '空罐/普通型/250ML/31周年版/无顶盖', 'sap_code': '20002271', 'code': 'GC000037', 'desc': '普通型空罐'}, {'id': 38, 'name': '空罐/普通型/250ML/2026广东红包促销/无顶盖', 'sap_code': '20002273', 'code': 'GC000038', 'desc': '促销型空罐'}, {'id': 39, 'name': '空罐/普通型/250ML/2026广东1元乐享促销/无顶盖', 'sap_code': '20002274', 'code': 'GC000039', 'desc': '促销型空罐'}, {'id': 40, 'name': '空罐/强化型/250ml/蓝色/30周年版/无底盖', 'sap_code': '20002029', 'code': 'GC000040', 'desc': '强化型空罐'}, {'id': 41, 'name': '空罐/强化型/250ml/蓝色/31周年版/无底盖', 'sap_code': '20002272', 'code': 'GC000041', 'desc': '强化型空罐'}, {'id': 66, 'name': '空罐/普通型/250ML/2026扫码1元乐享-闽苏沪/无顶盖', 'sap_code': '20002294', 'code': 'GC000066', 'desc': '促销型空罐'}, {'id': 69, 'name': '空罐/普通型/250ML/2026年1元乐享-新疆青海/无顶盖', 'sap_code': '20002303', 'code': 'GC000069', 'desc': '促销型空罐'}, {'id': 71, 'name': '空罐/普通型/250ML/2026扫码1元乐享-云贵/无顶盖', 'sap_code': '20002305', 'code': 'GC000071', 'desc': '促销型空罐'}, {'id': 73, 'name': '空罐/普通型/250ML/2026扫码1元乐享-广西/无顶盖', 'sap_code': '20002315', 'code': 'GC000073', 'desc': '促销型空罐'}]",空罐,包材,红牛,,,YF00000013,罐底墨码附着力,是,到货检测,,储运部,品管部,定性,复检,1,大于等于,托盘,,8,罐,是,8,罐,目测检查,手指擦拭2次不花码,,,,,,1,退货处理,从初检问题托盘中每托取8罐复检。,若仍有不合格，初检检测单元的所有商品做退货处理。,,2025-01-01,9999-12-31
99,,HWBT0109,001,禁用,Q/RW-TS-001-2023,"[{'id': 17, 'name': '空罐/普通型/无顶盖/250ml', 'sap_code': '20000194', 'code': 'GC000017', 'desc': '普通型空罐'}, {'id': 36, 'name': '空罐/普通型/250ML/30周年版/无顶盖', 'sap_code': '20002028', 'code': 'GC000036', 'desc': '普通型空罐'}, {'id': 37, 'name': '空罐/普通型/250ML/31周年版/无顶盖', 'sap_code': '20002271', 'code': 'GC000037', 'desc': '普通型空罐'}, {'id': 38, 'name': '空罐/普通型/250ML/2026广东红包促销/无顶盖', 'sap_code': '20002273', 'code': 'GC000038', 'desc': '促销型空罐'}, {'id': 39, 'name': '空罐/普通型/250ML/2026广东1元乐享促销/无顶盖', 'sap_code': '20002274', 'code': 'GC000039', 'desc': '促销型空罐'}, {'id': 40, 'name': '空罐/强化型/250ml/蓝色/30周年版/无底盖', 'sap_code': '20002029', 'code': 'GC000040', 'desc': '强化型空罐'}, {'id': 41, 'name': '空罐/强化型/250ml/蓝色/31周年版/无底盖', 'sap_code': '20002272', 'code': 'GC000041', 'desc': '强化型空罐'}, {'id': 66, 'name': '空罐/普通型/250ML/2026扫码1元乐享-闽苏沪/无顶盖', 'sap_code': '20002294', 'code': 'GC000066', 'desc': '促销型空罐'}, {'id': 69, 'name': '空罐/普通型/250ML/2026年1元乐享-新疆青海/无顶盖', 'sap_code': '20002303', 'code': 'GC000069', 'desc': '促销型空罐'}, {'id': 71, 'name': '空罐/普通型/250ML/2026扫码1元乐享-云贵/无顶盖', 'sap_code': '20002305', 'code': 'GC000071', 'desc': '促销型空罐'}, {'id': 73, 'name': '空罐/普通型/250ML/2026扫码1元乐享-广西/无顶盖', 'sap_code': '20002315', 'code': 'GC000073', 'desc': '促销型空罐'}]",空罐,包材,红牛,,,YC00000005,焊缝外补涂外观,是,到货检测,,储运部,品管部,定性,初检,8,等于,托盘,,32,罐,是,32,罐,目测检查,均匀、光滑、平整、不得存在露铁、沙眼、毛刺等现象,不均匀/粗糙/凹凸/露铁/沙眼/毛刺/其他,,,,,1,复检,每8托为一个检测单元，每一托盘随机抽取样品4罐，共32罐，并做好标识。其中12罐做本次检测。,若有不合格，取同一托20罐复检。,适用于原材料供应商制罐线改型、制罐设备大修后、换版及实验期间,2025-01-01,9999-12-31
100,,HWBT0110,001,禁用,Q/RW-TS-001-2023,"[{'id': 17, 'name': '空罐/普通型/无顶盖/250ml', 'sap_code': '20000194', 'code': 'GC000017', 'desc': '普通型空罐'}, {'id': 36, 'name': '空罐/普通型/250ML/30周年版/无顶盖', 'sap_code': '20002028', 'code': 'GC000036', 'desc': '普通型空罐'}, {'id': 37, 'name': '空罐/普通型/250ML/31周年版/无顶盖', 'sap_code': '20002271', 'code': 'GC000037', 'desc': '普通型空罐'}, {'id': 38, 'name': '空罐/普通型/250ML/2026广东红包促销/无顶盖', 'sap_code': '20002273', 'code': 'GC000038', 'desc': '促销型空罐'}, {'id': 39, 'name': '空罐/普通型/250ML/2026广东1元乐享促销/无顶盖', 'sap_code': '20002274', 'code': 'GC000039', 'desc': '促销型空罐'}, {'id': 40, 'name': '空罐/强化型/250ml/蓝色/30周年版/无底盖', 'sap_code': '20002029', 'code': 'GC000040', 'desc': '强化型空罐'}, {'id': 41, 'name': '空罐/强化型/250ml/蓝色/31周年版/无底盖', 'sap_code': '20002272', 'code': 'GC000041', 'desc': '强化型空罐'}, {'id': 66, 'name': '空罐/普通型/250ML/2026扫码1元乐享-闽苏沪/无顶盖', 'sap_code': '20002294', 'code': 'GC000066', 'desc': '促销型空罐'}, {'id': 69, 'name': '空罐/普通型/250ML/2026年1元乐享-新疆青海/无顶盖', 'sap_code': '20002303', 'code': 'GC000069', 'desc': '促销型空罐'}, {'id': 71, 'name': '空罐/普通型/250ML/2026扫码1元乐享-云贵/无顶盖', 'sap_code': '20002305', 'code': 'GC000071', 'desc': '促销型空罐'}, {'id': 73, 'name': '空罐/普通型/250ML/2026扫码1元乐享-广西/无顶盖', 'sap_code': '20002315', 'code': 'GC000073', 'desc': '促销型空罐'}]",空罐,包材,红牛,,,YC00000005,焊缝外补涂实验,是,到货检测,,储运部,品管部,定性,初检,8,等于,托盘,,32,罐,是,32,罐,20%硫酸铜溶液，棉签,20%硫酸铜溶液涂抹无腐蚀异常,,,,,,1,复检,每8托为一个检测单元，每一托盘随机抽取样品4罐，共32罐，并做好标识。其中12罐做本次检测。20%硫酸铜溶液涂抹后静置3分钟，目测观察是否出现腐蚀生锈现象。,若出现腐蚀生锈，取同一托20罐复检。,适用于原材料供应商制罐线改型、制罐设备大修后、换版及实验期间,2025-01-01,9999-12-31
101,,HWBT0111,001,禁用,Q/RW-TS-001-2023,"[{'id': 17, 'name': '空罐/普通型/无顶盖/250ml', 'sap_code': '20000194', 'code': 'GC000017', 'desc': '普通型空罐'}, {'id': 36, 'name': '空罐/普通型/250ML/30周年版/无顶盖', 'sap_code': '20002028', 'code': 'GC000036', 'desc': '普通型空罐'}, {'id': 37, 'name': '空罐/普通型/250ML/31周年版/无顶盖', 'sap_code': '20002271', 'code': 'GC000037', 'desc': '普通型空罐'}, {'id': 38, 'name': '空罐/普通型/250ML/2026广东红包促销/无顶盖', 'sap_code': '20002273', 'code': 'GC000038', 'desc': '促销型空罐'}, {'id': 39, 'name': '空罐/普通型/250ML/2026广东1元乐享促销/无顶盖', 'sap_code': '20002274', 'code': 'GC000039', 'desc': '促销型空罐'}, {'id': 40, 'name': '空罐/强化型/250ml/蓝色/30周年版/无底盖', 'sap_code': '20002029', 'code': 'GC000040', 'desc': '强化型空罐'}, {'id': 41, 'name': '空罐/强化型/250ml/蓝色/31周年版/无底盖', 'sap_code': '20002272', 'code': 'GC000041', 'desc': '强化型空罐'}, {'id': 66, 'name': '空罐/普通型/250ML/2026扫码1元乐享-闽苏沪/无顶盖', 'sap_code': '20002294', 'code': 'GC000066', 'desc': '促销型空罐'}, {'id': 69, 'name': '空罐/普通型/250ML/2026年1元乐享-新疆青海/无顶盖', 'sap_code': '20002303', 'code': 'GC000069', 'desc': '促销型空罐'}, {'id': 71, 'name': '空罐/普通型/250ML/2026扫码1元乐享-云贵/无顶盖', 'sap_code': '20002305', 'code': 'GC000071', 'desc': '促销型空罐'}, {'id': 73, 'name': '空罐/普通型/250ML/2026扫码1元乐享-广西/无顶盖', 'sap_code': '20002315', 'code': 'GC000073', 'desc': '促销型空罐'}]",空罐,包材,红牛,,,YF00000015,焊缝外补涂外观,是,到货检测,,储运部,品管部,定性,复检,1,大于等于,托盘,,20,罐,是,20,罐,目测检查,均匀、光滑、平整、不得存在露铁、沙眼、毛刺等现象,不均匀/粗糙/凹凸/露铁/沙眼/毛刺/其他,,,,,1,退货处理,从初检问题托盘中每托取20罐复检。,若仍有不合格，初检检测单元的所有商品做退货处理。,适用于原材料供应商制罐线改型、制罐设备大修后、换版及实验期间,2025-01-01,9999-12-31
102,,HWBT0112,001,禁用,Q/RW-TS-001-2023,"[{'id': 17, 'name': '空罐/普通型/无顶盖/250ml', 'sap_code': '20000194', 'code': 'GC000017', 'desc': '普通型空罐'}, {'id': 36, 'name': '空罐/普通型/250ML/30周年版/无顶盖', 'sap_code': '20002028', 'code': 'GC000036', 'desc': '普通型空罐'}, {'id': 37, 'name': '空罐/普通型/250ML/31周年版/无顶盖', 'sap_code': '20002271', 'code': 'GC000037', 'desc': '普通型空罐'}, {'id': 38, 'name': '空罐/普通型/250ML/2026广东红包促销/无顶盖', 'sap_code': '20002273', 'code': 'GC000038', 'desc': '促销型空罐'}, {'id': 39, 'name': '空罐/普通型/250ML/2026广东1元乐享促销/无顶盖', 'sap_code': '20002274', 'code': 'GC000039', 'desc': '促销型空罐'}, {'id': 40, 'name': '空罐/强化型/250ml/蓝色/30周年版/无底盖', 'sap_code': '20002029', 'code': 'GC000040', 'desc': '强化型空罐'}, {'id': 41, 'name': '空罐/强化型/250ml/蓝色/31周年版/无底盖', 'sap_code': '20002272', 'code': 'GC000041', 'desc': '强化型空罐'}, {'id': 66, 'name': '空罐/普通型/250ML/2026扫码1元乐享-闽苏沪/无顶盖', 'sap_code': '20002294', 'code': 'GC000066', 'desc': '促销型空罐'}, {'id': 69, 'name': '空罐/普通型/250ML/2026年1元乐享-新疆青海/无顶盖', 'sap_code': '20002303', 'code': 'GC000069', 'desc': '促销型空罐'}, {'id': 71, 'name': '空罐/普通型/250ML/2026扫码1元乐享-云贵/无顶盖', 'sap_code': '20002305', 'code': 'GC000071', 'desc': '促销型空罐'}, {'id': 73, 'name': '空罐/普通型/250ML/2026扫码1元乐享-广西/无顶盖', 'sap_code': '20002315', 'code': 'GC000073', 'desc': '促销型空罐'}]",空罐,包材,红牛,,,YF00000015,焊缝外补涂实验,是,到货检测,,储运部,品管部,定性,复检,1,大于等于,托盘,,20,罐,是,20,罐,20%硫酸铜溶液，棉签,20%硫酸铜溶液涂抹无腐蚀异常,,,,,,1,退货处理,20%硫酸铜溶液涂抹后静置3分钟，目测观察是否出现腐蚀生锈现象。,若仍有不合格，初检检测单元的所有商品做退货处理。,适用于原材料供应商制罐线改型、制罐设备大修后、换版及实验期间,2025-01-01,9999-12-31
103,,HWBT0113,001,禁用,Q/RW-TS-001-2023,"[{'id': 17, 'name': '空罐/普通型/无顶盖/250ml', 'sap_code': '20000194', 'code': 'GC000017', 'desc': '普通型空罐'}, {'id': 36, 'name': '空罐/普通型/250ML/30周年版/无顶盖', 'sap_code': '20002028', 'code': 'GC000036', 'desc': '普通型空罐'}, {'id': 37, 'name': '空罐/普通型/250ML/31周年版/无顶盖', 'sap_code': '20002271', 'code': 'GC000037', 'desc': '普通型空罐'}, {'id': 38, 'name': '空罐/普通型/250ML/2026广东红包促销/无顶盖', 'sap_code': '20002273', 'code': 'GC000038', 'desc': '促销型空罐'}, {'id': 39, 'name': '空罐/普通型/250ML/2026广东1元乐享促销/无顶盖', 'sap_code': '20002274', 'code': 'GC000039', 'desc': '促销型空罐'}, {'id': 40, 'name': '空罐/强化型/250ml/蓝色/30周年版/无底盖', 'sap_code': '20002029', 'code': 'GC000040', 'desc': '强化型空罐'}, {'id': 41, 'name': '空罐/强化型/250ml/蓝色/31周年版/无底盖', 'sap_code': '20002272', 'code': 'GC000041', 'desc': '强化型空罐'}, {'id': 66, 'name': '空罐/普通型/250ML/2026扫码1元乐享-闽苏沪/无顶盖', 'sap_code': '20002294', 'code': 'GC000066', 'desc': '促销型空罐'}, {'id': 69, 'name': '空罐/普通型/250ML/2026年1元乐享-新疆青海/无顶盖', 'sap_code': '20002303', 'code': 'GC000069', 'desc': '促销型空罐'}, {'id': 71, 'name': '空罐/普通型/250ML/2026扫码1元乐享-云贵/无顶盖', 'sap_code': '20002305', 'code': 'GC000071', 'desc': '促销型空罐'}, {'id': 73, 'name': '空罐/普通型/250ML/2026扫码1元乐享-广西/无顶盖', 'sap_code': '20002315', 'code': 'GC000073', 'desc': '促销型空罐'}]",空罐,包材,红牛,,,YC00000005,标签标识,是,到货检测,,储运部,品管部,定性,初检,8,等于,托盘,,32,罐,是,32,罐,目测检查,内容正确、无错位、无印刷不良,内容错误/内容错位/印刷不良,,,,,1,复检,每8托为一个检测单元，每一托盘随机抽取样品4罐，共32罐，并做好标识。其中4罐做本次检测。,若有不合格，在同一托复检1000罐。,适用于原材料供应商制罐线改型、制罐设备大修后、换版及实验期间,2025-01-01,9999-12-31
104,,HWBT0114,001,禁用,Q/RW-TS-001-2023,"[{'id': 17, 'name': '空罐/普通型/无顶盖/250ml', 'sap_code': '20000194', 'code': 'GC000017', 'desc': '普通型空罐'}, {'id': 36, 'name': '空罐/普通型/250ML/30周年版/无顶盖', 'sap_code': '20002028', 'code': 'GC000036', 'desc': '普通型空罐'}, {'id': 37, 'name': '空罐/普通型/250ML/31周年版/无顶盖', 'sap_code': '20002271', 'code': 'GC000037', 'desc': '普通型空罐'}, {'id': 38, 'name': '空罐/普通型/250ML/2026广东红包促销/无顶盖', 'sap_code': '20002273', 'code': 'GC000038', 'desc': '促销型空罐'}, {'id': 39, 'name': '空罐/普通型/250ML/2026广东1元乐享促销/无顶盖', 'sap_code': '20002274', 'code': 'GC000039', 'desc': '促销型空罐'}, {'id': 40, 'name': '空罐/强化型/250ml/蓝色/30周年版/无底盖', 'sap_code': '20002029', 'code': 'GC000040', 'desc': '强化型空罐'}, {'id': 41, 'name': '空罐/强化型/250ml/蓝色/31周年版/无底盖', 'sap_code': '20002272', 'code': 'GC000041', 'desc': '强化型空罐'}, {'id': 66, 'name': '空罐/普通型/250ML/2026扫码1元乐享-闽苏沪/无顶盖', 'sap_code': '20002294', 'code': 'GC000066', 'desc': '促销型空罐'}, {'id': 69, 'name': '空罐/普通型/250ML/2026年1元乐享-新疆青海/无顶盖', 'sap_code': '20002303', 'code': 'GC000069', 'desc': '促销型空罐'}, {'id': 71, 'name': '空罐/普通型/250ML/2026扫码1元乐享-云贵/无顶盖', 'sap_code': '20002305', 'code': 'GC000071', 'desc': '促销型空罐'}, {'id': 73, 'name': '空罐/普通型/250ML/2026扫码1元乐享-广西/无顶盖', 'sap_code': '20002315', 'code': 'GC000073', 'desc': '促销型空罐'}]",空罐,包材,红牛,,,YF00000016,标签标识,是,到货检测,,储运部,品管部,定性,复检,1,大于等于,托盘,,1000,罐,否,,,目测检查,内容正确、无错位、无印刷不良,内容错误/内容错位/印刷不良,,,,,1,退货处理,从初检问题托盘中每托取1000罐复检。,若仍有不合格，初检检测单元的所有商品做退货处理。,适用于原材料供应商制罐线改型、制罐设备大修后、换版及实验期间,2025-01-01,9999-12-31
105,,HWBT0115,001,禁用,Q/RW-TS-001-2023,"[{'id': 17, 'name': '空罐/普通型/无顶盖/250ml', 'sap_code': '20000194', 'code': 'GC000017', 'desc': '普通型空罐'}, {'id': 36, 'name': '空罐/普通型/250ML/30周年版/无顶盖', 'sap_code': '20002028', 'code': 'GC000036', 'desc': '普通型空罐'}, {'id': 37, 'name': '空罐/普通型/250ML/31周年版/无顶盖', 'sap_code': '20002271', 'code': 'GC000037', 'desc': '普通型空罐'}, {'id': 38, 'name': '空罐/普通型/250ML/2026广东红包促销/无顶盖', 'sap_code': '20002273', 'code': 'GC000038', 'desc': '促销型空罐'}, {'id': 39, 'name': '空罐/普通型/250ML/2026广东1元乐享促销/无顶盖', 'sap_code': '20002274', 'code': 'GC000039', 'desc': '促销型空罐'}, {'id': 40, 'name': '空罐/强化型/250ml/蓝色/30周年版/无底盖', 'sap_code': '20002029', 'code': 'GC000040', 'desc': '强化型空罐'}, {'id': 41, 'name': '空罐/强化型/250ml/蓝色/31周年版/无底盖', 'sap_code': '20002272', 'code': 'GC000041', 'desc': '强化型空罐'}, {'id': 66, 'name': '空罐/普通型/250ML/2026扫码1元乐享-闽苏沪/无顶盖', 'sap_code': '20002294', 'code': 'GC000066', 'desc': '促销型空罐'}, {'id': 69, 'name': '空罐/普通型/250ML/2026年1元乐享-新疆青海/无顶盖', 'sap_code': '20002303', 'code': 'GC000069', 'desc': '促销型空罐'}, {'id': 71, 'name': '空罐/普通型/250ML/2026扫码1元乐享-云贵/无顶盖', 'sap_code': '20002305', 'code': 'GC000071', 'desc': '促销型空罐'}, {'id': 73, 'name': '空罐/普通型/250ML/2026扫码1元乐享-广西/无顶盖', 'sap_code': '20002315', 'code': 'GC000073', 'desc': '促销型空罐'}]",空罐,包材,红牛,,,YC00000005,外观质量,是,到货检测,,储运部,品管部,定性,初检,8,等于,托盘,,32,罐,是,32,罐,目测检查,无A类不合格,内涂发霉/罐内有异物/罐内有油污/罐体印刷脏/罐体外焊缝发黑/内流胶/焊缝有毛刺/砂眼/大于1cm²的凹痕/焊缝端两边错位大于0.5mm/内涂膜及焊缝补涂带有明显气泡/焊缝粉末喷涂擦伤露铁/罐体变形/罐体印刷有严重色差/罐体颜色超出标准/内印色/翻边损伤/缩颈变形/印刷图案倒置/罐身有明显划痕/翻边严重变形/罐底无蓝点/蓝点严重划伤/冷焊/漏焊/孔洞/裂口/快口/假卷/大塌边/卷边不完全/卷边牙齿/铁舌/跳封/卷边碎裂/填料挤出/锐边/垂唇/双线,,,,,1,复检,每8托为一个检测单元，每一托盘随机抽取样品4罐，共32罐，并做好标识。32罐均做本次检测。,若有不合格，在同一托复检1000罐。,适用于原材料供应商制罐线改型、制罐设备大修后、换版及实验期间,2025-01-01,9999-12-31
106,,HWBT0116,001,禁用,Q/RW-TS-001-2023,"[{'id': 17, 'name': '空罐/普通型/无顶盖/250ml', 'sap_code': '20000194', 'code': 'GC000017', 'desc': '普通型空罐'}, {'id': 36, 'name': '空罐/普通型/250ML/30周年版/无顶盖', 'sap_code': '20002028', 'code': 'GC000036', 'desc': '普通型空罐'}, {'id': 37, 'name': '空罐/普通型/250ML/31周年版/无顶盖', 'sap_code': '20002271', 'code': 'GC000037', 'desc': '普通型空罐'}, {'id': 38, 'name': '空罐/普通型/250ML/2026广东红包促销/无顶盖', 'sap_code': '20002273', 'code': 'GC000038', 'desc': '促销型空罐'}, {'id': 39, 'name': '空罐/普通型/250ML/2026广东1元乐享促销/无顶盖', 'sap_code': '20002274', 'code': 'GC000039', 'desc': '促销型空罐'}, {'id': 40, 'name': '空罐/强化型/250ml/蓝色/30周年版/无底盖', 'sap_code': '20002029', 'code': 'GC000040', 'desc': '强化型空罐'}, {'id': 41, 'name': '空罐/强化型/250ml/蓝色/31周年版/无底盖', 'sap_code': '20002272', 'code': 'GC000041', 'desc': '强化型空罐'}, {'id': 66, 'name': '空罐/普通型/250ML/2026扫码1元乐享-闽苏沪/无顶盖', 'sap_code': '20002294', 'code': 'GC000066', 'desc': '促销型空罐'}, {'id': 69, 'name': '空罐/普通型/250ML/2026年1元乐享-新疆青海/无顶盖', 'sap_code': '20002303', 'code': 'GC000069', 'desc': '促销型空罐'}, {'id': 71, 'name': '空罐/普通型/250ML/2026扫码1元乐享-云贵/无顶盖', 'sap_code': '20002305', 'code': 'GC000071', 'desc': '促销型空罐'}, {'id': 73, 'name': '空罐/普通型/250ML/2026扫码1元乐享-广西/无顶盖', 'sap_code': '20002315', 'code': 'GC000073', 'desc': '促销型空罐'}]",空罐,包材,红牛,,,YC00000005,外观质量,是,到货检测,,储运部,品管部,定性,初检,8,等于,托盘,,32,罐,是,32,罐,目测检查,无B类不合格,轻度凹痕但缺陷电流合格/罐体轻微色差/内涂不匀或有小气泡/内涂有轻微划痕但缺陷电流合格/罐内有焊接飞溅点/填料轻微外挤出/翻边轻度变形/罐底蓝点脏污/罐底蓝点不全/蓝点轻微划伤/翻边轻微损伤/罐身有较多补涂飞溅点/翻边轻度损伤/强化型拉环露铝,,,,,1,复检,每8托为一个检测单元，每一托盘随机抽取样品4罐，共32罐，并做好标识。32罐均做本次检测。,若有不合格，在同一托复检1000罐。,适用于原材料供应商制罐线改型、制罐设备大修后、换版及实验期间,2025-01-01,9999-12-31
107,,HWBT0117,001,禁用,Q/RW-TS-001-2023,"[{'id': 17, 'name': '空罐/普通型/无顶盖/250ml', 'sap_code': '20000194', 'code': 'GC000017', 'desc': '普通型空罐'}, {'id': 36, 'name': '空罐/普通型/250ML/30周年版/无顶盖', 'sap_code': '20002028', 'code': 'GC000036', 'desc': '普通型空罐'}, {'id': 37, 'name': '空罐/普通型/250ML/31周年版/无顶盖', 'sap_code': '20002271', 'code': 'GC000037', 'desc': '普通型空罐'}, {'id': 38, 'name': '空罐/普通型/250ML/2026广东红包促销/无顶盖', 'sap_code': '20002273', 'code': 'GC000038', 'desc': '促销型空罐'}, {'id': 39, 'name': '空罐/普通型/250ML/2026广东1元乐享促销/无顶盖', 'sap_code': '20002274', 'code': 'GC000039', 'desc': '促销型空罐'}, {'id': 40, 'name': '空罐/强化型/250ml/蓝色/30周年版/无底盖', 'sap_code': '20002029', 'code': 'GC000040', 'desc': '强化型空罐'}, {'id': 41, 'name': '空罐/强化型/250ml/蓝色/31周年版/无底盖', 'sap_code': '20002272', 'code': 'GC000041', 'desc': '强化型空罐'}, {'id': 66, 'name': '空罐/普通型/250ML/2026扫码1元乐享-闽苏沪/无顶盖', 'sap_code': '20002294', 'code': 'GC000066', 'desc': '促销型空罐'}, {'id': 69, 'name': '空罐/普通型/250ML/2026年1元乐享-新疆青海/无顶盖', 'sap_code': '20002303', 'code': 'GC000069', 'desc': '促销型空罐'}, {'id': 71, 'name': '空罐/普通型/250ML/2026扫码1元乐享-云贵/无顶盖', 'sap_code': '20002305', 'code': 'GC000071', 'desc': '促销型空罐'}, {'id': 73, 'name': '空罐/普通型/250ML/2026扫码1元乐享-广西/无顶盖', 'sap_code': '20002315', 'code': 'GC000073', 'desc': '促销型空罐'}]",空罐,包材,红牛,,,YF00000016,外观质量,是,到货检测,,储运部,品管部,定性,复检,1,大于等于,托盘,,1000,罐,否,,,目测检查,无A类不合格,内涂发霉/罐内有异物/罐内有油污/罐体印刷脏/罐体外焊缝发黑/内流胶/焊缝有毛刺/砂眼/大于1cm²的凹痕/焊缝端两边错位大于0.5mm/内涂膜及焊缝补涂带有明显气泡/焊缝粉末喷涂擦伤露铁/罐体变形/罐体印刷有严重色差/罐体颜色超出标准/内印色/翻边损伤/缩颈变形/印刷图案倒置/罐身有明显划痕/翻边严重变形/罐底无蓝点/蓝点严重划伤/冷焊/漏焊/孔洞/裂口/快口/假卷/大塌边/卷边不完全/卷边牙齿/铁舌/跳封/卷边碎裂/填料挤出/锐边/垂唇/双线,,,,,1,退货处理,从初检问题托盘中每托取1000罐复检。,若仍有不合格，初检检测单元的所有商品做退货处理。,适用于原材料供应商制罐线改型、制罐设备大修后、换版及实验期间,2025-01-01,9999-12-31
108,,HWBT0118,001,禁用,Q/RW-TS-001-2023,"[{'id': 17, 'name': '空罐/普通型/无顶盖/250ml', 'sap_code': '20000194', 'code': 'GC000017', 'desc': '普通型空罐'}, {'id': 36, 'name': '空罐/普通型/250ML/30周年版/无顶盖', 'sap_code': '20002028', 'code': 'GC000036', 'desc': '普通型空罐'}, {'id': 37, 'name': '空罐/普通型/250ML/31周年版/无顶盖', 'sap_code': '20002271', 'code': 'GC000037', 'desc': '普通型空罐'}, {'id': 38, 'name': '空罐/普通型/250ML/2026广东红包促销/无顶盖', 'sap_code': '20002273', 'code': 'GC000038', 'desc': '促销型空罐'}, {'id': 39, 'name': '空罐/普通型/250ML/2026广东1元乐享促销/无顶盖', 'sap_code': '20002274', 'code': 'GC000039', 'desc': '促销型空罐'}, {'id': 40, 'name': '空罐/强化型/250ml/蓝色/30周年版/无底盖', 'sap_code': '20002029', 'code': 'GC000040', 'desc': '强化型空罐'}, {'id': 41, 'name': '空罐/强化型/250ml/蓝色/31周年版/无底盖', 'sap_code': '20002272', 'code': 'GC000041', 'desc': '强化型空罐'}, {'id': 66, 'name': '空罐/普通型/250ML/2026扫码1元乐享-闽苏沪/无顶盖', 'sap_code': '20002294', 'code': 'GC000066', 'desc': '促销型空罐'}, {'id': 69, 'name': '空罐/普通型/250ML/2026年1元乐享-新疆青海/无顶盖', 'sap_code': '20002303', 'code': 'GC000069', 'desc': '促销型空罐'}, {'id': 71, 'name': '空罐/普通型/250ML/2026扫码1元乐享-云贵/无顶盖', 'sap_code': '20002305', 'code': 'GC000071', 'desc': '促销型空罐'}, {'id': 73, 'name': '空罐/普通型/250ML/2026扫码1元乐享-广西/无顶盖', 'sap_code': '20002315', 'code': 'GC000073', 'desc': '促销型空罐'}]",空罐,包材,红牛,,,YF00000016,外观质量,是,到货检测,,储运部,品管部,定性,复检,1,大于等于,托盘,,1000,罐,否,,,目测检查,无B类不合格,轻度凹痕但缺陷电流合格/罐体轻微色差/内涂不匀或有小气泡/内涂有轻微划痕但缺陷电流合格/罐内有焊接飞溅点/填料轻微外挤出/翻边轻度变形/罐底蓝点脏污/罐底蓝点不全/蓝点轻微划伤/翻边轻微损伤/罐身有较多补涂飞溅点/翻边轻度损伤/强化型拉环露铝,,,,,50,退货处理,从初检问题托盘中每托取1000罐复检。,若有≥5%的不合格空罐B类缺陷，初检检测单元的所有商品做退货处理。,适用于原材料供应商制罐线改型、制罐设备大修后、换版及实验期间,2025-01-01,9999-12-31
109,,HWBT0119,001,禁用,Q/RW-TS-001-2023,"[{'id': 17, 'name': '空罐/普通型/无顶盖/250ml', 'sap_code': '20000194', 'code': 'GC000017', 'desc': '普通型空罐'}, {'id': 36, 'name': '空罐/普通型/250ML/30周年版/无顶盖', 'sap_code': '20002028', 'code': 'GC000036', 'desc': '普通型空罐'}, {'id': 37, 'name': '空罐/普通型/250ML/31周年版/无顶盖', 'sap_code': '20002271', 'code': 'GC000037', 'desc': '普通型空罐'}, {'id': 38, 'name': '空罐/普通型/250ML/2026广东红包促销/无顶盖', 'sap_code': '20002273', 'code': 'GC000038', 'desc': '促销型空罐'}, {'id': 39, 'name': '空罐/普通型/250ML/2026广东1元乐享促销/无顶盖', 'sap_code': '20002274', 'code': 'GC000039', 'desc': '促销型空罐'}, {'id': 40, 'name': '空罐/强化型/250ml/蓝色/30周年版/无底盖', 'sap_code': '20002029', 'code': 'GC000040', 'desc': '强化型空罐'}, {'id': 41, 'name': '空罐/强化型/250ml/蓝色/31周年版/无底盖', 'sap_code': '20002272', 'code': 'GC000041', 'desc': '强化型空罐'}, {'id': 66, 'name': '空罐/普通型/250ML/2026扫码1元乐享-闽苏沪/无顶盖', 'sap_code': '20002294', 'code': 'GC000066', 'desc': '促销型空罐'}, {'id': 69, 'name': '空罐/普通型/250ML/2026年1元乐享-新疆青海/无顶盖', 'sap_code': '20002303', 'code': 'GC000069', 'desc': '促销型空罐'}, {'id': 71, 'name': '空罐/普通型/250ML/2026扫码1元乐享-云贵/无顶盖', 'sap_code': '20002305', 'code': 'GC000071', 'desc': '促销型空罐'}, {'id': 73, 'name': '空罐/普通型/250ML/2026扫码1元乐享-广西/无顶盖', 'sap_code': '20002315', 'code': 'GC000073', 'desc': '促销型空罐'}]",空罐,包材,红牛,8886,红牛维他命饮料（江苏）有限公司,YC00000005,卷边厚度,否,到货检测,,储运部,品管部,定量,初检,8,等于,托盘,,32,罐,是,32,罐,卷封投影仪,1.20-1.40,,mm,1.2000,1.4000,2,1,不合格,每8托为一个检测单元，每一托盘随机抽取样品4罐，共32罐，并做好标识。其中4罐做本次检测。,参考标准，制作记录，与供应商及时沟通，暂不做复检和退货处理检测指标,适用于原材料供应商制罐线改型、制罐设备大修后、换版及实验期间,2025-01-01,9999-12-31
110,,HWBT0120,001,禁用,Q/RW-TS-001-2023,"[{'id': 17, 'name': '空罐/普通型/无顶盖/250ml', 'sap_code': '20000194', 'code': 'GC000017', 'desc': '普通型空罐'}, {'id': 36, 'name': '空罐/普通型/250ML/30周年版/无顶盖', 'sap_code': '20002028', 'code': 'GC000036', 'desc': '普通型空罐'}, {'id': 37, 'name': '空罐/普通型/250ML/31周年版/无顶盖', 'sap_code': '20002271', 'code': 'GC000037', 'desc': '普通型空罐'}, {'id': 38, 'name': '空罐/普通型/250ML/2026广东红包促销/无顶盖', 'sap_code': '20002273', 'code': 'GC000038', 'desc': '促销型空罐'}, {'id': 39, 'name': '空罐/普通型/250ML/2026广东1元乐享促销/无顶盖', 'sap_code': '20002274', 'code': 'GC000039', 'desc': '促销型空罐'}, {'id': 40, 'name': '空罐/强化型/250ml/蓝色/30周年版/无底盖', 'sap_code': '20002029', 'code': 'GC000040', 'desc': '强化型空罐'}, {'id': 41, 'name': '空罐/强化型/250ml/蓝色/31周年版/无底盖', 'sap_code': '20002272', 'code': 'GC000041', 'desc': '强化型空罐'}, {'id': 66, 'name': '空罐/普通型/250ML/2026扫码1元乐享-闽苏沪/无顶盖', 'sap_code': '20002294', 'code': 'GC000066', 'desc': '促销型空罐'}, {'id': 69, 'name': '空罐/普通型/250ML/2026年1元乐享-新疆青海/无顶盖', 'sap_code': '20002303', 'code': 'GC000069', 'desc': '促销型空罐'}, {'id': 71, 'name': '空罐/普通型/250ML/2026扫码1元乐享-云贵/无顶盖', 'sap_code': '20002305', 'code': 'GC000071', 'desc': '促销型空罐'}, {'id': 73, 'name': '空罐/普通型/250ML/2026扫码1元乐享-广西/无顶盖', 'sap_code': '20002315', 'code': 'GC000073', 'desc': '促销型空罐'}]",空罐,包材,红牛,8885,广东红牛维他命饮料有限公司,YC00000005,卷边厚度,否,到货检测,,储运部,品管部,定量,初检,8,等于,托盘,,32,罐,是,32,罐,卷封投影仪,1.20-1.50,,mm,1.2000,1.5000,2,1,不合格,每8托为一个检测单元，每一托盘随机抽取样品4罐，共32罐，并做好标识。其中4罐做本次检测。,参考标准，制作记录，与供应商及时沟通，暂不做复检和退货处理检测指标,适用于原材料供应商制罐线改型、制罐设备大修后、换版及实验期间,2025-01-01,9999-12-31
111,,HWBT0121,001,禁用,Q/RW-TS-001-2023,"[{'id': 17, 'name': '空罐/普通型/无顶盖/250ml', 'sap_code': '20000194', 'code': 'GC000017', 'desc': '普通型空罐'}, {'id': 36, 'name': '空罐/普通型/250ML/30周年版/无顶盖', 'sap_code': '20002028', 'code': 'GC000036', 'desc': '普通型空罐'}, {'id': 37, 'name': '空罐/普通型/250ML/31周年版/无顶盖', 'sap_code': '20002271', 'code': 'GC000037', 'desc': '普通型空罐'}, {'id': 38, 'name': '空罐/普通型/250ML/2026广东红包促销/无顶盖', 'sap_code': '20002273', 'code': 'GC000038', 'desc': '促销型空罐'}, {'id': 39, 'name': '空罐/普通型/250ML/2026广东1元乐享促销/无顶盖', 'sap_code': '20002274', 'code': 'GC000039', 'desc': '促销型空罐'}, {'id': 40, 'name': '空罐/强化型/250ml/蓝色/30周年版/无底盖', 'sap_code': '20002029', 'code': 'GC000040', 'desc': '强化型空罐'}, {'id': 41, 'name': '空罐/强化型/250ml/蓝色/31周年版/无底盖', 'sap_code': '20002272', 'code': 'GC000041', 'desc': '强化型空罐'}, {'id': 66, 'name': '空罐/普通型/250ML/2026扫码1元乐享-闽苏沪/无顶盖', 'sap_code': '20002294', 'code': 'GC000066', 'desc': '促销型空罐'}, {'id': 69, 'name': '空罐/普通型/250ML/2026年1元乐享-新疆青海/无顶盖', 'sap_code': '20002303', 'code': 'GC000069', 'desc': '促销型空罐'}, {'id': 71, 'name': '空罐/普通型/250ML/2026扫码1元乐享-云贵/无顶盖', 'sap_code': '20002305', 'code': 'GC000071', 'desc': '促销型空罐'}, {'id': 73, 'name': '空罐/普通型/250ML/2026扫码1元乐享-广西/无顶盖', 'sap_code': '20002315', 'code': 'GC000073', 'desc': '促销型空罐'}]",空罐,包材,红牛,8883,红牛维他命饮料（湖北）有限公司,YC00000005,卷边厚度,否,到货检测,,储运部,品管部,定量,初检,8,等于,托盘,,32,罐,是,32,罐,卷封投影仪,1.20-1.50,,mm,1.2000,1.5000,2,1,不合格,每8托为一个检测单元，每一托盘随机抽取样品4罐，共32罐，并做好标识。其中4罐做本次检测。,参考标准，制作记录，与供应商及时沟通，暂不做复检和退货处理检测指标,适用于原材料供应商制罐线改型、制罐设备大修后、换版及实验期间,2025-01-01,9999-12-31
112,,HWBT0122,001,禁用,Q/RW-TS-001-2023,"[{'id': 17, 'name': '空罐/普通型/无顶盖/250ml', 'sap_code': '20000194', 'code': 'GC000017', 'desc': '普通型空罐'}, {'id': 36, 'name': '空罐/普通型/250ML/30周年版/无顶盖', 'sap_code': '20002028', 'code': 'GC000036', 'desc': '普通型空罐'}, {'id': 37, 'name': '空罐/普通型/250ML/31周年版/无顶盖', 'sap_code': '20002271', 'code': 'GC000037', 'desc': '普通型空罐'}, {'id': 38, 'name': '空罐/普通型/250ML/2026广东红包促销/无顶盖', 'sap_code': '20002273', 'code': 'GC000038', 'desc': '促销型空罐'}, {'id': 39, 'name': '空罐/普通型/250ML/2026广东1元乐享促销/无顶盖', 'sap_code': '20002274', 'code': 'GC000039', 'desc': '促销型空罐'}, {'id': 40, 'name': '空罐/强化型/250ml/蓝色/30周年版/无底盖', 'sap_code': '20002029', 'code': 'GC000040', 'desc': '强化型空罐'}, {'id': 41, 'name': '空罐/强化型/250ml/蓝色/31周年版/无底盖', 'sap_code': '20002272', 'code': 'GC000041', 'desc': '强化型空罐'}, {'id': 66, 'name': '空罐/普通型/250ML/2026扫码1元乐享-闽苏沪/无顶盖', 'sap_code': '20002294', 'code': 'GC000066', 'desc': '促销型空罐'}, {'id': 69, 'name': '空罐/普通型/250ML/2026年1元乐享-新疆青海/无顶盖', 'sap_code': '20002303', 'code': 'GC000069', 'desc': '促销型空罐'}, {'id': 71, 'name': '空罐/普通型/250ML/2026扫码1元乐享-云贵/无顶盖', 'sap_code': '20002305', 'code': 'GC000071', 'desc': '促销型空罐'}, {'id': 73, 'name': '空罐/普通型/250ML/2026扫码1元乐享-广西/无顶盖', 'sap_code': '20002315', 'code': 'GC000073', 'desc': '促销型空罐'}]",空罐,包材,红牛,6866,华彬快速消费品饮料（福建）有限公司,YC00000005,卷边厚度,否,到货检测,,储运部,品管部,定量,初检,8,等于,托盘,,32,罐,是,32,罐,卷封投影仪,1.20-1.50,,mm,1.2000,1.5000,2,1,不合格,每8托为一个检测单元，每一托盘随机抽取样品4罐，共32罐，并做好标识。其中4罐做本次检测。,参考标准，制作记录，与供应商及时沟通，暂不做复检和退货处理检测指标,适用于原材料供应商制罐线改型、制罐设备大修后、换版及实验期间,2025-01-01,9999-12-31
113,,HWBT0123,001,禁用,Q/RW-TS-001-2023,"[{'id': 17, 'name': '空罐/普通型/无顶盖/250ml', 'sap_code': '20000194', 'code': 'GC000017', 'desc': '普通型空罐'}, {'id': 36, 'name': '空罐/普通型/250ML/30周年版/无顶盖', 'sap_code': '20002028', 'code': 'GC000036', 'desc': '普通型空罐'}, {'id': 37, 'name': '空罐/普通型/250ML/31周年版/无顶盖', 'sap_code': '20002271', 'code': 'GC000037', 'desc': '普通型空罐'}, {'id': 38, 'name': '空罐/普通型/250ML/2026广东红包促销/无顶盖', 'sap_code': '20002273', 'code': 'GC000038', 'desc': '促销型空罐'}, {'id': 39, 'name': '空罐/普通型/250ML/2026广东1元乐享促销/无顶盖', 'sap_code': '20002274', 'code': 'GC000039', 'desc': '促销型空罐'}, {'id': 40, 'name': '空罐/强化型/250ml/蓝色/30周年版/无底盖', 'sap_code': '20002029', 'code': 'GC000040', 'desc': '强化型空罐'}, {'id': 41, 'name': '空罐/强化型/250ml/蓝色/31周年版/无底盖', 'sap_code': '20002272', 'code': 'GC000041', 'desc': '强化型空罐'}, {'id': 66, 'name': '空罐/普通型/250ML/2026扫码1元乐享-闽苏沪/无顶盖', 'sap_code': '20002294', 'code': 'GC000066', 'desc': '促销型空罐'}, {'id': 69, 'name': '空罐/普通型/250ML/2026年1元乐享-新疆青海/无顶盖', 'sap_code': '20002303', 'code': 'GC000069', 'desc': '促销型空罐'}, {'id': 71, 'name': '空罐/普通型/250ML/2026扫码1元乐享-云贵/无顶盖', 'sap_code': '20002305', 'code': 'GC000071', 'desc': '促销型空罐'}, {'id': 73, 'name': '空罐/普通型/250ML/2026扫码1元乐享-广西/无顶盖', 'sap_code': '20002315', 'code': 'GC000073', 'desc': '促销型空罐'}]",空罐,包材,红牛,6865,华彬快速消费品饮料（贵州）有限公司,YC00000005,卷边厚度,否,到货检测,,储运部,品管部,定量,初检,8,等于,托盘,,32,罐,是,32,罐,卷封投影仪,1.20-1.50,,mm,1.2000,1.5000,2,1,不合格,每8托为一个检测单元，每一托盘随机抽取样品4罐，共32罐，并做好标识。其中4罐做本次检测。,参考标准，制作记录，与供应商及时沟通，暂不做复检和退货处理检测指标,适用于原材料供应商制罐线改型、制罐设备大修后、换版及实验期间,2025-01-01,9999-12-31
114,,HWBT0124,001,禁用,Q/RW-TS-001-2023,"[{'id': 17, 'name': '空罐/普通型/无顶盖/250ml', 'sap_code': '20000194', 'code': 'GC000017', 'desc': '普通型空罐'}, {'id': 36, 'name': '空罐/普通型/250ML/30周年版/无顶盖', 'sap_code': '20002028', 'code': 'GC000036', 'desc': '普通型空罐'}, {'id': 37, 'name': '空罐/普通型/250ML/31周年版/无顶盖', 'sap_code': '20002271', 'code': 'GC000037', 'desc': '普通型空罐'}, {'id': 38, 'name': '空罐/普通型/250ML/2026广东红包促销/无顶盖', 'sap_code': '20002273', 'code': 'GC000038', 'desc': '促销型空罐'}, {'id': 39, 'name': '空罐/普通型/250ML/2026广东1元乐享促销/无顶盖', 'sap_code': '20002274', 'code': 'GC000039', 'desc': '促销型空罐'}, {'id': 40, 'name': '空罐/强化型/250ml/蓝色/30周年版/无底盖', 'sap_code': '20002029', 'code': 'GC000040', 'desc': '强化型空罐'}, {'id': 41, 'name': '空罐/强化型/250ml/蓝色/31周年版/无底盖', 'sap_code': '20002272', 'code': 'GC000041', 'desc': '强化型空罐'}, {'id': 66, 'name': '空罐/普通型/250ML/2026扫码1元乐享-闽苏沪/无顶盖', 'sap_code': '20002294', 'code': 'GC000066', 'desc': '促销型空罐'}, {'id': 69, 'name': '空罐/普通型/250ML/2026年1元乐享-新疆青海/无顶盖', 'sap_code': '20002303', 'code': 'GC000069', 'desc': '促销型空罐'}, {'id': 71, 'name': '空罐/普通型/250ML/2026扫码1元乐享-云贵/无顶盖', 'sap_code': '20002305', 'code': 'GC000071', 'desc': '促销型空罐'}, {'id': 73, 'name': '空罐/普通型/250ML/2026扫码1元乐享-广西/无顶盖', 'sap_code': '20002315', 'code': 'GC000073', 'desc': '促销型空罐'}]",空罐,包材,红牛,8886,红牛维他命饮料（江苏）有限公司,YC00000005,卷边宽度,否,到货检测,,储运部,品管部,定量,初检,8,等于,托盘,,32,罐,是,32,罐,卷封投影仪,2.60-2.90,,mm,2.6000,2.9000,2,1,不合格,每8托为一个检测单元，每一托盘随机抽取样品4罐，共32罐，并做好标识。其中4罐做本次检测。,参考标准，制作记录，与供应商及时沟通，暂不做复检和退货处理检测指标,适用于原材料供应商制罐线改型、制罐设备大修后、换版及实验期间,2025-01-01,9999-12-31
115,,HWBT0125,001,禁用,Q/RW-TS-001-2023,"[{'id': 17, 'name': '空罐/普通型/无顶盖/250ml', 'sap_code': '20000194', 'code': 'GC000017', 'desc': '普通型空罐'}, {'id': 36, 'name': '空罐/普通型/250ML/30周年版/无顶盖', 'sap_code': '20002028', 'code': 'GC000036', 'desc': '普通型空罐'}, {'id': 37, 'name': '空罐/普通型/250ML/31周年版/无顶盖', 'sap_code': '20002271', 'code': 'GC000037', 'desc': '普通型空罐'}, {'id': 38, 'name': '空罐/普通型/250ML/2026广东红包促销/无顶盖', 'sap_code': '20002273', 'code': 'GC000038', 'desc': '促销型空罐'}, {'id': 39, 'name': '空罐/普通型/250ML/2026广东1元乐享促销/无顶盖', 'sap_code': '20002274', 'code': 'GC000039', 'desc': '促销型空罐'}, {'id': 40, 'name': '空罐/强化型/250ml/蓝色/30周年版/无底盖', 'sap_code': '20002029', 'code': 'GC000040', 'desc': '强化型空罐'}, {'id': 41, 'name': '空罐/强化型/250ml/蓝色/31周年版/无底盖', 'sap_code': '20002272', 'code': 'GC000041', 'desc': '强化型空罐'}, {'id': 66, 'name': '空罐/普通型/250ML/2026扫码1元乐享-闽苏沪/无顶盖', 'sap_code': '20002294', 'code': 'GC000066', 'desc': '促销型空罐'}, {'id': 69, 'name': '空罐/普通型/250ML/2026年1元乐享-新疆青海/无顶盖', 'sap_code': '20002303', 'code': 'GC000069', 'desc': '促销型空罐'}, {'id': 71, 'name': '空罐/普通型/250ML/2026扫码1元乐享-云贵/无顶盖', 'sap_code': '20002305', 'code': 'GC000071', 'desc': '促销型空罐'}, {'id': 73, 'name': '空罐/普通型/250ML/2026扫码1元乐享-广西/无顶盖', 'sap_code': '20002315', 'code': 'GC000073', 'desc': '促销型空罐'}]",空罐,包材,红牛,8886,红牛维他命饮料（江苏）有限公司,YC00000005,卷边宽度,否,到货检测,,储运部,品管部,定量,初检,8,等于,托盘,,32,罐,是,32,罐,卷封投影仪,2.60-2.90,,mm,2.6000,2.9000,2,1,不合格,每8托为一个检测单元，每一托盘随机抽取样品4罐，共32罐，并做好标识。其中4罐做本次检测。,参考标准，制作记录，与供应商及时沟通，暂不做复检和退货处理检测指标,适用于原材料供应商制罐线改型、制罐设备大修后、换版及实验期间,2025-01-01,9999-12-31
116,,HWBT0126,001,禁用,Q/RW-TS-001-2023,"[{'id': 17, 'name': '空罐/普通型/无顶盖/250ml', 'sap_code': '20000194', 'code': 'GC000017', 'desc': '普通型空罐'}, {'id': 36, 'name': '空罐/普通型/250ML/30周年版/无顶盖', 'sap_code': '20002028', 'code': 'GC000036', 'desc': '普通型空罐'}, {'id': 37, 'name': '空罐/普通型/250ML/31周年版/无顶盖', 'sap_code': '20002271', 'code': 'GC000037', 'desc': '普通型空罐'}, {'id': 38, 'name': '空罐/普通型/250ML/2026广东红包促销/无顶盖', 'sap_code': '20002273', 'code': 'GC000038', 'desc': '促销型空罐'}, {'id': 39, 'name': '空罐/普通型/250ML/2026广东1元乐享促销/无顶盖', 'sap_code': '20002274', 'code': 'GC000039', 'desc': '促销型空罐'}, {'id': 40, 'name': '空罐/强化型/250ml/蓝色/30周年版/无底盖', 'sap_code': '20002029', 'code': 'GC000040', 'desc': '强化型空罐'}, {'id': 41, 'name': '空罐/强化型/250ml/蓝色/31周年版/无底盖', 'sap_code': '20002272', 'code': 'GC000041', 'desc': '强化型空罐'}, {'id': 66, 'name': '空罐/普通型/250ML/2026扫码1元乐享-闽苏沪/无顶盖', 'sap_code': '20002294', 'code': 'GC000066', 'desc': '促销型空罐'}, {'id': 69, 'name': '空罐/普通型/250ML/2026年1元乐享-新疆青海/无顶盖', 'sap_code': '20002303', 'code': 'GC000069', 'desc': '促销型空罐'}, {'id': 71, 'name': '空罐/普通型/250ML/2026扫码1元乐享-云贵/无顶盖', 'sap_code': '20002305', 'code': 'GC000071', 'desc': '促销型空罐'}, {'id': 73, 'name': '空罐/普通型/250ML/2026扫码1元乐享-广西/无顶盖', 'sap_code': '20002315', 'code': 'GC000073', 'desc': '促销型空罐'}]",空罐,包材,红牛,8885,广东红牛维他命饮料有限公司,YC00000005,卷边宽度,否,到货检测,,储运部,品管部,定量,初检,8,等于,托盘,,32,罐,是,32,罐,卷封投影仪,2.50-2.90,,mm,2.5000,2.9000,2,1,不合格,每8托为一个检测单元，每一托盘随机抽取样品4罐，共32罐，并做好标识。其中4罐做本次检测。,参考标准，制作记录，与供应商及时沟通，暂不做复检和退货处理检测指标,适用于原材料供应商制罐线改型、制罐设备大修后、换版及实验期间,2025-01-01,9999-12-31
117,,HWBT0127,001,禁用,Q/RW-TS-001-2023,"[{'id': 17, 'name': '空罐/普通型/无顶盖/250ml', 'sap_code': '20000194', 'code': 'GC000017', 'desc': '普通型空罐'}, {'id': 36, 'name': '空罐/普通型/250ML/30周年版/无顶盖', 'sap_code': '20002028', 'code': 'GC000036', 'desc': '普通型空罐'}, {'id': 37, 'name': '空罐/普通型/250ML/31周年版/无顶盖', 'sap_code': '20002271', 'code': 'GC000037', 'desc': '普通型空罐'}, {'id': 38, 'name': '空罐/普通型/250ML/2026广东红包促销/无顶盖', 'sap_code': '20002273', 'code': 'GC000038', 'desc': '促销型空罐'}, {'id': 39, 'name': '空罐/普通型/250ML/2026广东1元乐享促销/无顶盖', 'sap_code': '20002274', 'code': 'GC000039', 'desc': '促销型空罐'}, {'id': 40, 'name': '空罐/强化型/250ml/蓝色/30周年版/无底盖', 'sap_code': '20002029', 'code': 'GC000040', 'desc': '强化型空罐'}, {'id': 41, 'name': '空罐/强化型/250ml/蓝色/31周年版/无底盖', 'sap_code': '20002272', 'code': 'GC000041', 'desc': '强化型空罐'}, {'id': 66, 'name': '空罐/普通型/250ML/2026扫码1元乐享-闽苏沪/无顶盖', 'sap_code': '20002294', 'code': 'GC000066', 'desc': '促销型空罐'}, {'id': 69, 'name': '空罐/普通型/250ML/2026年1元乐享-新疆青海/无顶盖', 'sap_code': '20002303', 'code': 'GC000069', 'desc': '促销型空罐'}, {'id': 71, 'name': '空罐/普通型/250ML/2026扫码1元乐享-云贵/无顶盖', 'sap_code': '20002305', 'code': 'GC000071', 'desc': '促销型空罐'}, {'id': 73, 'name': '空罐/普通型/250ML/2026扫码1元乐享-广西/无顶盖', 'sap_code': '20002315', 'code': 'GC000073', 'desc': '促销型空罐'}]",空罐,包材,红牛,8885,广东红牛维他命饮料有限公司,YC00000005,卷边宽度,否,到货检测,,储运部,品管部,定量,初检,8,等于,托盘,,32,罐,是,32,罐,卷封投影仪,2.50-2.90,,mm,2.5000,2.9000,2,1,不合格,每8托为一个检测单元，每一托盘随机抽取样品4罐，共32罐，并做好标识。其中4罐做本次检测。,参考标准，制作记录，与供应商及时沟通，暂不做复检和退货处理检测指标,适用于原材料供应商制罐线改型、制罐设备大修后、换版及实验期间,2025-01-01,9999-12-31
118,,HWBT0128,001,禁用,Q/RW-TS-001-2023,"[{'id': 17, 'name': '空罐/普通型/无顶盖/250ml', 'sap_code': '20000194', 'code': 'GC000017', 'desc': '普通型空罐'}, {'id': 36, 'name': '空罐/普通型/250ML/30周年版/无顶盖', 'sap_code': '20002028', 'code': 'GC000036', 'desc': '普通型空罐'}, {'id': 37, 'name': '空罐/普通型/250ML/31周年版/无顶盖', 'sap_code': '20002271', 'code': 'GC000037', 'desc': '普通型空罐'}, {'id': 38, 'name': '空罐/普通型/250ML/2026广东红包促销/无顶盖', 'sap_code': '20002273', 'code': 'GC000038', 'desc': '促销型空罐'}, {'id': 39, 'name': '空罐/普通型/250ML/2026广东1元乐享促销/无顶盖', 'sap_code': '20002274', 'code': 'GC000039', 'desc': '促销型空罐'}, {'id': 40, 'name': '空罐/强化型/250ml/蓝色/30周年版/无底盖', 'sap_code': '20002029', 'code': 'GC000040', 'desc': '强化型空罐'}, {'id': 41, 'name': '空罐/强化型/250ml/蓝色/31周年版/无底盖', 'sap_code': '20002272', 'code': 'GC000041', 'desc': '强化型空罐'}, {'id': 66, 'name': '空罐/普通型/250ML/2026扫码1元乐享-闽苏沪/无顶盖', 'sap_code': '20002294', 'code': 'GC000066', 'desc': '促销型空罐'}, {'id': 69, 'name': '空罐/普通型/250ML/2026年1元乐享-新疆青海/无顶盖', 'sap_code': '20002303', 'code': 'GC000069', 'desc': '促销型空罐'}, {'id': 71, 'name': '空罐/普通型/250ML/2026扫码1元乐享-云贵/无顶盖', 'sap_code': '20002305', 'code': 'GC000071', 'desc': '促销型空罐'}, {'id': 73, 'name': '空罐/普通型/250ML/2026扫码1元乐享-广西/无顶盖', 'sap_code': '20002315', 'code': 'GC000073', 'desc': '促销型空罐'}]",空罐,包材,红牛,8883,红牛维他命饮料（湖北）有限公司,YC00000005,卷边宽度,否,到货检测,,储运部,品管部,定量,初检,8,等于,托盘,,32,罐,是,32,罐,卷封投影仪,2.50-2.90,,mm,2.5000,2.9000,2,1,不合格,每8托为一个检测单元，每一托盘随机抽取样品4罐，共32罐，并做好标识。其中4罐做本次检测。,参考标准，制作记录，与供应商及时沟通，暂不做复检和退货处理检测指标,适用于原材料供应商制罐线改型、制罐设备大修后、换版及实验期间,2025-01-01,9999-12-31
119,,HWBT0129,001,禁用,Q/RW-TS-001-2023,"[{'id': 17, 'name': '空罐/普通型/无顶盖/250ml', 'sap_code': '20000194', 'code': 'GC000017', 'desc': '普通型空罐'}, {'id': 36, 'name': '空罐/普通型/250ML/30周年版/无顶盖', 'sap_code': '20002028', 'code': 'GC000036', 'desc': '普通型空罐'}, {'id': 37, 'name': '空罐/普通型/250ML/31周年版/无顶盖', 'sap_code': '20002271', 'code': 'GC000037', 'desc': '普通型空罐'}, {'id': 38, 'name': '空罐/普通型/250ML/2026广东红包促销/无顶盖', 'sap_code': '20002273', 'code': 'GC000038', 'desc': '促销型空罐'}, {'id': 39, 'name': '空罐/普通型/250ML/2026广东1元乐享促销/无顶盖', 'sap_code': '20002274', 'code': 'GC000039', 'desc': '促销型空罐'}, {'id': 40, 'name': '空罐/强化型/250ml/蓝色/30周年版/无底盖', 'sap_code': '20002029', 'code': 'GC000040', 'desc': '强化型空罐'}, {'id': 41, 'name': '空罐/强化型/250ml/蓝色/31周年版/无底盖', 'sap_code': '20002272', 'code': 'GC000041', 'desc': '强化型空罐'}, {'id': 66, 'name': '空罐/普通型/250ML/2026扫码1元乐享-闽苏沪/无顶盖', 'sap_code': '20002294', 'code': 'GC000066', 'desc': '促销型空罐'}, {'id': 69, 'name': '空罐/普通型/250ML/2026年1元乐享-新疆青海/无顶盖', 'sap_code': '20002303', 'code': 'GC000069', 'desc': '促销型空罐'}, {'id': 71, 'name': '空罐/普通型/250ML/2026扫码1元乐享-云贵/无顶盖', 'sap_code': '20002305', 'code': 'GC000071', 'desc': '促销型空罐'}, {'id': 73, 'name': '空罐/普通型/250ML/2026扫码1元乐享-广西/无顶盖', 'sap_code': '20002315', 'code': 'GC000073', 'desc': '促销型空罐'}]",空罐,包材,红牛,8883,红牛维他命饮料（湖北）有限公司,YC00000005,卷边宽度,否,到货检测,,储运部,品管部,定量,初检,8,等于,托盘,,32,罐,是,32,罐,卷封投影仪,2.50-2.90,,mm,2.5000,2.9000,2,1,不合格,每8托为一个检测单元，每一托盘随机抽取样品4罐，共32罐，并做好标识。其中4罐做本次检测。,参考标准，制作记录，与供应商及时沟通，暂不做复检和退货处理检测指标,适用于原材料供应商制罐线改型、制罐设备大修后、换版及实验期间,2025-01-01,9999-12-31
120,,HWBT0130,001,禁用,Q/RW-TS-001-2023,"[{'id': 17, 'name': '空罐/普通型/无顶盖/250ml', 'sap_code': '20000194', 'code': 'GC000017', 'desc': '普通型空罐'}, {'id': 36, 'name': '空罐/普通型/250ML/30周年版/无顶盖', 'sap_code': '20002028', 'code': 'GC000036', 'desc': '普通型空罐'}, {'id': 37, 'name': '空罐/普通型/250ML/31周年版/无顶盖', 'sap_code': '20002271', 'code': 'GC000037', 'desc': '普通型空罐'}, {'id': 38, 'name': '空罐/普通型/250ML/2026广东红包促销/无顶盖', 'sap_code': '20002273', 'code': 'GC000038', 'desc': '促销型空罐'}, {'id': 39, 'name': '空罐/普通型/250ML/2026广东1元乐享促销/无顶盖', 'sap_code': '20002274', 'code': 'GC000039', 'desc': '促销型空罐'}, {'id': 40, 'name': '空罐/强化型/250ml/蓝色/30周年版/无底盖', 'sap_code': '20002029', 'code': 'GC000040', 'desc': '强化型空罐'}, {'id': 41, 'name': '空罐/强化型/250ml/蓝色/31周年版/无底盖', 'sap_code': '20002272', 'code': 'GC000041', 'desc': '强化型空罐'}, {'id': 66, 'name': '空罐/普通型/250ML/2026扫码1元乐享-闽苏沪/无顶盖', 'sap_code': '20002294', 'code': 'GC000066', 'desc': '促销型空罐'}, {'id': 69, 'name': '空罐/普通型/250ML/2026年1元乐享-新疆青海/无顶盖', 'sap_code': '20002303', 'code': 'GC000069', 'desc': '促销型空罐'}, {'id': 71, 'name': '空罐/普通型/250ML/2026扫码1元乐享-云贵/无顶盖', 'sap_code': '20002305', 'code': 'GC000071', 'desc': '促销型空罐'}, {'id': 73, 'name': '空罐/普通型/250ML/2026扫码1元乐享-广西/无顶盖', 'sap_code': '20002315', 'code': 'GC000073', 'desc': '促销型空罐'}]",空罐,包材,红牛,6866,华彬快速消费品饮料（福建）有限公司,YC00000005,卷边宽度,否,到货检测,,储运部,品管部,定量,初检,8,等于,托盘,,32,罐,是,32,罐,卷封投影仪,2.50-2.90,,mm,2.5000,2.9000,2,1,不合格,每8托为一个检测单元，每一托盘随机抽取样品4罐，共32罐，并做好标识。其中4罐做本次检测。,参考标准，制作记录，与供应商及时沟通，暂不做复检和退货处理检测指标,适用于原材料供应商制罐线改型、制罐设备大修后、换版及实验期间,2025-01-01,9999-12-31
121,,HWBT0131,001,禁用,Q/RW-TS-001-2023,"[{'id': 17, 'name': '空罐/普通型/无顶盖/250ml', 'sap_code': '20000194', 'code': 'GC000017', 'desc': '普通型空罐'}, {'id': 36, 'name': '空罐/普通型/250ML/30周年版/无顶盖', 'sap_code': '20002028', 'code': 'GC000036', 'desc': '普通型空罐'}, {'id': 37, 'name': '空罐/普通型/250ML/31周年版/无顶盖', 'sap_code': '20002271', 'code': 'GC000037', 'desc': '普通型空罐'}, {'id': 38, 'name': '空罐/普通型/250ML/2026广东红包促销/无顶盖', 'sap_code': '20002273', 'code': 'GC000038', 'desc': '促销型空罐'}, {'id': 39, 'name': '空罐/普通型/250ML/2026广东1元乐享促销/无顶盖', 'sap_code': '20002274', 'code': 'GC000039', 'desc': '促销型空罐'}, {'id': 40, 'name': '空罐/强化型/250ml/蓝色/30周年版/无底盖', 'sap_code': '20002029', 'code': 'GC000040', 'desc': '强化型空罐'}, {'id': 41, 'name': '空罐/强化型/250ml/蓝色/31周年版/无底盖', 'sap_code': '20002272', 'code': 'GC000041', 'desc': '强化型空罐'}, {'id': 66, 'name': '空罐/普通型/250ML/2026扫码1元乐享-闽苏沪/无顶盖', 'sap_code': '20002294', 'code': 'GC000066', 'desc': '促销型空罐'}, {'id': 69, 'name': '空罐/普通型/250ML/2026年1元乐享-新疆青海/无顶盖', 'sap_code': '20002303', 'code': 'GC000069', 'desc': '促销型空罐'}, {'id': 71, 'name': '空罐/普通型/250ML/2026扫码1元乐享-云贵/无顶盖', 'sap_code': '20002305', 'code': 'GC000071', 'desc': '促销型空罐'}, {'id': 73, 'name': '空罐/普通型/250ML/2026扫码1元乐享-广西/无顶盖', 'sap_code': '20002315', 'code': 'GC000073', 'desc': '促销型空罐'}]",空罐,包材,红牛,8880,红牛维他命饮料有限公司,YC00000004,翻边尺寸,是,到货检测,,储运部,品管部,定量,初检,8,等于,托盘,,8,罐,是,8,罐,空罐翻边宽度检测仪,2.20-2.70,,mm,2.2000,2.7000,2,1,复检,每8托为一个检测单元，每一托盘随机抽取样品1罐，共8罐，并做好标识。其中1罐做本次检测。,若有不合格，取同一托6罐复检。,,2025-01-01,9999-12-31
122,,HWBT0132,001,禁用,Q/RW-TS-001-2023,"[{'id': 17, 'name': '空罐/普通型/无顶盖/250ml', 'sap_code': '20000194', 'code': 'GC000017', 'desc': '普通型空罐'}, {'id': 36, 'name': '空罐/普通型/250ML/30周年版/无顶盖', 'sap_code': '20002028', 'code': 'GC000036', 'desc': '普通型空罐'}, {'id': 37, 'name': '空罐/普通型/250ML/31周年版/无顶盖', 'sap_code': '20002271', 'code': 'GC000037', 'desc': '普通型空罐'}, {'id': 38, 'name': '空罐/普通型/250ML/2026广东红包促销/无顶盖', 'sap_code': '20002273', 'code': 'GC000038', 'desc': '促销型空罐'}, {'id': 39, 'name': '空罐/普通型/250ML/2026广东1元乐享促销/无顶盖', 'sap_code': '20002274', 'code': 'GC000039', 'desc': '促销型空罐'}, {'id': 40, 'name': '空罐/强化型/250ml/蓝色/30周年版/无底盖', 'sap_code': '20002029', 'code': 'GC000040', 'desc': '强化型空罐'}, {'id': 41, 'name': '空罐/强化型/250ml/蓝色/31周年版/无底盖', 'sap_code': '20002272', 'code': 'GC000041', 'desc': '强化型空罐'}, {'id': 66, 'name': '空罐/普通型/250ML/2026扫码1元乐享-闽苏沪/无顶盖', 'sap_code': '20002294', 'code': 'GC000066', 'desc': '促销型空罐'}, {'id': 69, 'name': '空罐/普通型/250ML/2026年1元乐享-新疆青海/无顶盖', 'sap_code': '20002303', 'code': 'GC000069', 'desc': '促销型空罐'}, {'id': 71, 'name': '空罐/普通型/250ML/2026扫码1元乐享-云贵/无顶盖', 'sap_code': '20002305', 'code': 'GC000071', 'desc': '促销型空罐'}, {'id': 73, 'name': '空罐/普通型/250ML/2026扫码1元乐享-广西/无顶盖', 'sap_code': '20002315', 'code': 'GC000073', 'desc': '促销型空罐'}]",空罐,包材,红牛,8880,红牛维他命饮料有限公司,YC00000004,翻边尺寸,是,到货检测,,储运部,品管部,定量,初检,8,等于,托盘,,8,罐,是,8,罐,空罐翻边宽度检测仪,2.20-2.70,,mm,2.2000,2.7000,2,1,复检,每8托为一个检测单元，每一托盘随机抽取样品1罐，共8罐，并做好标识。其中1罐做本次检测。,若有不合格，取同一托6罐复检。,,2025-01-01,9999-12-31
123,,HWBT0133,001,禁用,Q/RW-TS-001-2023,"[{'id': 17, 'name': '空罐/普通型/无顶盖/250ml', 'sap_code': '20000194', 'code': 'GC000017', 'desc': '普通型空罐'}, {'id': 36, 'name': '空罐/普通型/250ML/30周年版/无顶盖', 'sap_code': '20002028', 'code': 'GC000036', 'desc': '普通型空罐'}, {'id': 37, 'name': '空罐/普通型/250ML/31周年版/无顶盖', 'sap_code': '20002271', 'code': 'GC000037', 'desc': '普通型空罐'}, {'id': 38, 'name': '空罐/普通型/250ML/2026广东红包促销/无顶盖', 'sap_code': '20002273', 'code': 'GC000038', 'desc': '促销型空罐'}, {'id': 39, 'name': '空罐/普通型/250ML/2026广东1元乐享促销/无顶盖', 'sap_code': '20002274', 'code': 'GC000039', 'desc': '促销型空罐'}, {'id': 40, 'name': '空罐/强化型/250ml/蓝色/30周年版/无底盖', 'sap_code': '20002029', 'code': 'GC000040', 'desc': '强化型空罐'}, {'id': 41, 'name': '空罐/强化型/250ml/蓝色/31周年版/无底盖', 'sap_code': '20002272', 'code': 'GC000041', 'desc': '强化型空罐'}, {'id': 66, 'name': '空罐/普通型/250ML/2026扫码1元乐享-闽苏沪/无顶盖', 'sap_code': '20002294', 'code': 'GC000066', 'desc': '促销型空罐'}, {'id': 69, 'name': '空罐/普通型/250ML/2026年1元乐享-新疆青海/无顶盖', 'sap_code': '20002303', 'code': 'GC000069', 'desc': '促销型空罐'}, {'id': 71, 'name': '空罐/普通型/250ML/2026扫码1元乐享-云贵/无顶盖', 'sap_code': '20002305', 'code': 'GC000071', 'desc': '促销型空罐'}, {'id': 73, 'name': '空罐/普通型/250ML/2026扫码1元乐享-广西/无顶盖', 'sap_code': '20002315', 'code': 'GC000073', 'desc': '促销型空罐'}]",空罐,包材,红牛,8880,红牛维他命饮料有限公司,YF00000011,翻边尺寸,是,到货检测,,储运部,品管部,定量,复检,1,大于等于,托盘,,6,罐,是,6,罐,空罐翻边宽度检测仪,2.20-2.70,,mm,2.2000,2.7000,2,1,退货处理,从初检问题托盘中每托取6罐复检。,若仍有不合格，初检检测单元的所有商品做退货处理。,,2025-01-01,9999-12-31
124,,HWBT0134,001,禁用,Q/RW-TS-001-2023,"[{'id': 17, 'name': '空罐/普通型/无顶盖/250ml', 'sap_code': '20000194', 'code': 'GC000017', 'desc': '普通型空罐'}, {'id': 36, 'name': '空罐/普通型/250ML/30周年版/无顶盖', 'sap_code': '20002028', 'code': 'GC000036', 'desc': '普通型空罐'}, {'id': 37, 'name': '空罐/普通型/250ML/31周年版/无顶盖', 'sap_code': '20002271', 'code': 'GC000037', 'desc': '普通型空罐'}, {'id': 38, 'name': '空罐/普通型/250ML/2026广东红包促销/无顶盖', 'sap_code': '20002273', 'code': 'GC000038', 'desc': '促销型空罐'}, {'id': 39, 'name': '空罐/普通型/250ML/2026广东1元乐享促销/无顶盖', 'sap_code': '20002274', 'code': 'GC000039', 'desc': '促销型空罐'}, {'id': 40, 'name': '空罐/强化型/250ml/蓝色/30周年版/无底盖', 'sap_code': '20002029', 'code': 'GC000040', 'desc': '强化型空罐'}, {'id': 41, 'name': '空罐/强化型/250ml/蓝色/31周年版/无底盖', 'sap_code': '20002272', 'code': 'GC000041', 'desc': '强化型空罐'}, {'id': 66, 'name': '空罐/普通型/250ML/2026扫码1元乐享-闽苏沪/无顶盖', 'sap_code': '20002294', 'code': 'GC000066', 'desc': '促销型空罐'}, {'id': 69, 'name': '空罐/普通型/250ML/2026年1元乐享-新疆青海/无顶盖', 'sap_code': '20002303', 'code': 'GC000069', 'desc': '促销型空罐'}, {'id': 71, 'name': '空罐/普通型/250ML/2026扫码1元乐享-云贵/无顶盖', 'sap_code': '20002305', 'code': 'GC000071', 'desc': '促销型空罐'}, {'id': 73, 'name': '空罐/普通型/250ML/2026扫码1元乐享-广西/无顶盖', 'sap_code': '20002315', 'code': 'GC000073', 'desc': '促销型空罐'}]",空罐,包材,红牛,8880,红牛维他命饮料有限公司,YF00000011,翻边尺寸,是,到货检测,,储运部,品管部,定量,复检,1,大于等于,托盘,,6,罐,是,6,罐,空罐翻边宽度检测仪,2.20-2.70,,mm,2.2000,2.7000,2,1,退货处理,从初检问题托盘中每托取6罐复检。,若仍有不合格，初检检测单元的所有商品做退货处理。,,2025-01-01,9999-12-31
125,,HWBT0135,001,禁用,Q/RW-TS-001-2023,"[{'id': 17, 'name': '空罐/普通型/无顶盖/250ml', 'sap_code': '20000194', 'code': 'GC000017', 'desc': '普通型空罐'}, {'id': 36, 'name': '空罐/普通型/250ML/30周年版/无顶盖', 'sap_code': '20002028', 'code': 'GC000036', 'desc': '普通型空罐'}, {'id': 37, 'name': '空罐/普通型/250ML/31周年版/无顶盖', 'sap_code': '20002271', 'code': 'GC000037', 'desc': '普通型空罐'}, {'id': 38, 'name': '空罐/普通型/250ML/2026广东红包促销/无顶盖', 'sap_code': '20002273', 'code': 'GC000038', 'desc': '促销型空罐'}, {'id': 39, 'name': '空罐/普通型/250ML/2026广东1元乐享促销/无顶盖', 'sap_code': '20002274', 'code': 'GC000039', 'desc': '促销型空罐'}, {'id': 40, 'name': '空罐/强化型/250ml/蓝色/30周年版/无底盖', 'sap_code': '20002029', 'code': 'GC000040', 'desc': '强化型空罐'}, {'id': 41, 'name': '空罐/强化型/250ml/蓝色/31周年版/无底盖', 'sap_code': '20002272', 'code': 'GC000041', 'desc': '强化型空罐'}, {'id': 66, 'name': '空罐/普通型/250ML/2026扫码1元乐享-闽苏沪/无顶盖', 'sap_code': '20002294', 'code': 'GC000066', 'desc': '促销型空罐'}, {'id': 69, 'name': '空罐/普通型/250ML/2026年1元乐享-新疆青海/无顶盖', 'sap_code': '20002303', 'code': 'GC000069', 'desc': '促销型空罐'}, {'id': 71, 'name': '空罐/普通型/250ML/2026扫码1元乐享-云贵/无顶盖', 'sap_code': '20002305', 'code': 'GC000071', 'desc': '促销型空罐'}, {'id': 73, 'name': '空罐/普通型/250ML/2026扫码1元乐享-广西/无顶盖', 'sap_code': '20002315', 'code': 'GC000073', 'desc': '促销型空罐'}]",空罐,包材,红牛,,,YC00000005,缺陷电流,是,到货检测,,储运部,品管部,定量,初检,8,等于,托盘,,32,罐,是,32,罐,贵州基地：罐内涂膜完整性测定仪。 湖北基地：电流仪,＜3mA,,mA,0.0000,2.9000,2,1,复检,每8托为一个检测单元，每一托盘随机抽取样品4罐，共32罐，并做好标识。32罐均做本次检测。,若有不合格，取同一托8罐复检。,适用于原材料供应商制罐线改型、制罐设备大修后、换版及实验期间,2025-01-01,9999-12-31
126,,HWBT0136,001,禁用,Q/RW-TS-001-2023,"[{'id': 17, 'name': '空罐/普通型/无顶盖/250ml', 'sap_code': '20000194', 'code': 'GC000017', 'desc': '普通型空罐'}, {'id': 36, 'name': '空罐/普通型/250ML/30周年版/无顶盖', 'sap_code': '20002028', 'code': 'GC000036', 'desc': '普通型空罐'}, {'id': 37, 'name': '空罐/普通型/250ML/31周年版/无顶盖', 'sap_code': '20002271', 'code': 'GC000037', 'desc': '普通型空罐'}, {'id': 38, 'name': '空罐/普通型/250ML/2026广东红包促销/无顶盖', 'sap_code': '20002273', 'code': 'GC000038', 'desc': '促销型空罐'}, {'id': 39, 'name': '空罐/普通型/250ML/2026广东1元乐享促销/无顶盖', 'sap_code': '20002274', 'code': 'GC000039', 'desc': '促销型空罐'}, {'id': 40, 'name': '空罐/强化型/250ml/蓝色/30周年版/无底盖', 'sap_code': '20002029', 'code': 'GC000040', 'desc': '强化型空罐'}, {'id': 41, 'name': '空罐/强化型/250ml/蓝色/31周年版/无底盖', 'sap_code': '20002272', 'code': 'GC000041', 'desc': '强化型空罐'}, {'id': 66, 'name': '空罐/普通型/250ML/2026扫码1元乐享-闽苏沪/无顶盖', 'sap_code': '20002294', 'code': 'GC000066', 'desc': '促销型空罐'}, {'id': 69, 'name': '空罐/普通型/250ML/2026年1元乐享-新疆青海/无顶盖', 'sap_code': '20002303', 'code': 'GC000069', 'desc': '促销型空罐'}, {'id': 71, 'name': '空罐/普通型/250ML/2026扫码1元乐享-云贵/无顶盖', 'sap_code': '20002305', 'code': 'GC000071', 'desc': '促销型空罐'}, {'id': 73, 'name': '空罐/普通型/250ML/2026扫码1元乐享-广西/无顶盖', 'sap_code': '20002315', 'code': 'GC000073', 'desc': '促销型空罐'}]",空罐,包材,红牛,,,YF00000014,缺陷电流,是,到货检测,,储运部,品管部,定量,复检,1,大于等于,托盘,,8,罐,是,8,罐,贵州基地：罐内涂膜完整性测定仪。 湖北基地：电流仪,＜3mA,,mA,0.0000,2.9000,2,1,退货处理,从初检问题托盘中每托取8罐复检。,若仍有不合格，初检检测单元的所有商品做退货处理。,适用于原材料供应商制罐线改型、制罐设备大修后、换版及实验期间,2025-01-01,9999-12-31
127,,HWBT0137,001,禁用,Q/RW-TS-001-2023,"[{'id': 17, 'name': '空罐/普通型/无顶盖/250ml', 'sap_code': '20000194', 'code': 'GC000017', 'desc': '普通型空罐'}, {'id': 36, 'name': '空罐/普通型/250ML/30周年版/无顶盖', 'sap_code': '20002028', 'code': 'GC000036', 'desc': '普通型空罐'}, {'id': 37, 'name': '空罐/普通型/250ML/31周年版/无顶盖', 'sap_code': '20002271', 'code': 'GC000037', 'desc': '普通型空罐'}, {'id': 38, 'name': '空罐/普通型/250ML/2026广东红包促销/无顶盖', 'sap_code': '20002273', 'code': 'GC000038', 'desc': '促销型空罐'}, {'id': 39, 'name': '空罐/普通型/250ML/2026广东1元乐享促销/无顶盖', 'sap_code': '20002274', 'code': 'GC000039', 'desc': '促销型空罐'}, {'id': 40, 'name': '空罐/强化型/250ml/蓝色/30周年版/无底盖', 'sap_code': '20002029', 'code': 'GC000040', 'desc': '强化型空罐'}, {'id': 41, 'name': '空罐/强化型/250ml/蓝色/31周年版/无底盖', 'sap_code': '20002272', 'code': 'GC000041', 'desc': '强化型空罐'}, {'id': 66, 'name': '空罐/普通型/250ML/2026扫码1元乐享-闽苏沪/无顶盖', 'sap_code': '20002294', 'code': 'GC000066', 'desc': '促销型空罐'}, {'id': 69, 'name': '空罐/普通型/250ML/2026年1元乐享-新疆青海/无顶盖', 'sap_code': '20002303', 'code': 'GC000069', 'desc': '促销型空罐'}, {'id': 71, 'name': '空罐/普通型/250ML/2026扫码1元乐享-云贵/无顶盖', 'sap_code': '20002305', 'code': 'GC000071', 'desc': '促销型空罐'}, {'id': 73, 'name': '空罐/普通型/250ML/2026扫码1元乐享-广西/无顶盖', 'sap_code': '20002315', 'code': 'GC000073', 'desc': '促销型空罐'}]",空罐,包材,红牛,8880,红牛维他命饮料有限公司,YC00000005,卷边厚度,否,到货检测,,储运部,品管部,定量,初检,8,等于,托盘,,32,罐,是,32,罐,卷封投影仪,1.20-1.50,,mm,1.2000,1.5000,2,1,不合格,每8托为一个检测单元，每一托盘随机抽取样品4罐，共32罐，并做好标识。其中4罐做本次检测。,参考标准，制作记录，与供应商及时沟通，暂不做复检和退货处理检测指标,适用于原材料供应商制罐线改型、制罐设备大修后、换版及实验期间,2025-01-01,9999-12-31
128,,HWBT0138,001,禁用,Q/RW-TS-001-2023,"[{'id': 17, 'name': '空罐/普通型/无顶盖/250ml', 'sap_code': '20000194', 'code': 'GC000017', 'desc': '普通型空罐'}, {'id': 36, 'name': '空罐/普通型/250ML/30周年版/无顶盖', 'sap_code': '20002028', 'code': 'GC000036', 'desc': '普通型空罐'}, {'id': 37, 'name': '空罐/普通型/250ML/31周年版/无顶盖', 'sap_code': '20002271', 'code': 'GC000037', 'desc': '普通型空罐'}, {'id': 38, 'name': '空罐/普通型/250ML/2026广东红包促销/无顶盖', 'sap_code': '20002273', 'code': 'GC000038', 'desc': '促销型空罐'}, {'id': 39, 'name': '空罐/普通型/250ML/2026广东1元乐享促销/无顶盖', 'sap_code': '20002274', 'code': 'GC000039', 'desc': '促销型空罐'}, {'id': 40, 'name': '空罐/强化型/250ml/蓝色/30周年版/无底盖', 'sap_code': '20002029', 'code': 'GC000040', 'desc': '强化型空罐'}, {'id': 41, 'name': '空罐/强化型/250ml/蓝色/31周年版/无底盖', 'sap_code': '20002272', 'code': 'GC000041', 'desc': '强化型空罐'}, {'id': 66, 'name': '空罐/普通型/250ML/2026扫码1元乐享-闽苏沪/无顶盖', 'sap_code': '20002294', 'code': 'GC000066', 'desc': '促销型空罐'}, {'id': 69, 'name': '空罐/普通型/250ML/2026年1元乐享-新疆青海/无顶盖', 'sap_code': '20002303', 'code': 'GC000069', 'desc': '促销型空罐'}, {'id': 71, 'name': '空罐/普通型/250ML/2026扫码1元乐享-云贵/无顶盖', 'sap_code': '20002305', 'code': 'GC000071', 'desc': '促销型空罐'}, {'id': 73, 'name': '空罐/普通型/250ML/2026扫码1元乐享-广西/无顶盖', 'sap_code': '20002315', 'code': 'GC000073', 'desc': '促销型空罐'}]",空罐,包材,红牛,8880,红牛维他命饮料有限公司,YC00000005,卷边宽度,否,到货检测,,储运部,品管部,定量,初检,8,等于,托盘,,32,罐,是,32,罐,卷封投影仪,2.50-2.90,,mm,2.5000,2.9000,2,1,不合格,每8托为一个检测单元，每一托盘随机抽取样品4罐，共32罐，并做好标识。其中4罐做本次检测。,参考标准，制作记录，与供应商及时沟通，暂不做复检和退货处理检测指标,适用于原材料供应商制罐线改型、制罐设备大修后、换版及实验期间,2025-01-01,9999-12-31
129,,HWBT0139,001,禁用,Q/RW-TS-001-2023,"[{'id': 17, 'name': '空罐/普通型/无顶盖/250ml', 'sap_code': '20000194', 'code': 'GC000017', 'desc': '普通型空罐'}, {'id': 36, 'name': '空罐/普通型/250ML/30周年版/无顶盖', 'sap_code': '20002028', 'code': 'GC000036', 'desc': '普通型空罐'}, {'id': 37, 'name': '空罐/普通型/250ML/31周年版/无顶盖', 'sap_code': '20002271', 'code': 'GC000037', 'desc': '普通型空罐'}, {'id': 38, 'name': '空罐/普通型/250ML/2026广东红包促销/无顶盖', 'sap_code': '20002273', 'code': 'GC000038', 'desc': '促销型空罐'}, {'id': 39, 'name': '空罐/普通型/250ML/2026广东1元乐享促销/无顶盖', 'sap_code': '20002274', 'code': 'GC000039', 'desc': '促销型空罐'}, {'id': 40, 'name': '空罐/强化型/250ml/蓝色/30周年版/无底盖', 'sap_code': '20002029', 'code': 'GC000040', 'desc': '强化型空罐'}, {'id': 41, 'name': '空罐/强化型/250ml/蓝色/31周年版/无底盖', 'sap_code': '20002272', 'code': 'GC000041', 'desc': '强化型空罐'}, {'id': 66, 'name': '空罐/普通型/250ML/2026扫码1元乐享-闽苏沪/无顶盖', 'sap_code': '20002294', 'code': 'GC000066', 'desc': '促销型空罐'}, {'id': 69, 'name': '空罐/普通型/250ML/2026年1元乐享-新疆青海/无顶盖', 'sap_code': '20002303', 'code': 'GC000069', 'desc': '促销型空罐'}, {'id': 71, 'name': '空罐/普通型/250ML/2026扫码1元乐享-云贵/无顶盖', 'sap_code': '20002305', 'code': 'GC000071', 'desc': '促销型空罐'}, {'id': 73, 'name': '空罐/普通型/250ML/2026扫码1元乐享-广西/无顶盖', 'sap_code': '20002315', 'code': 'GC000073', 'desc': '促销型空罐'}]",空罐,包材,红牛,8880,红牛维他命饮料有限公司,YC00000005,卷边宽度,否,到货检测,,储运部,品管部,定量,初检,8,等于,托盘,,32,罐,是,32,罐,卷封投影仪,2.50-2.90,,mm,2.5000,2.9000,2,1,不合格,每8托为一个检测单元，每一托盘随机抽取样品4罐，共32罐，并做好标识。其中4罐做本次检测。,参考标准，制作记录，与供应商及时沟通，暂不做复检和退货处理检测指标,适用于原材料供应商制罐线改型、制罐设备大修后、换版及实验期间,2025-01-01,9999-12-31
130,,HWBT0140,001,禁用,Q/RW-TS-001-2023,"[{'id': 17, 'name': '空罐/普通型/无顶盖/250ml', 'sap_code': '20000194', 'code': 'GC000017', 'desc': '普通型空罐'}, {'id': 36, 'name': '空罐/普通型/250ML/30周年版/无顶盖', 'sap_code': '20002028', 'code': 'GC000036', 'desc': '普通型空罐'}, {'id': 37, 'name': '空罐/普通型/250ML/31周年版/无顶盖', 'sap_code': '20002271', 'code': 'GC000037', 'desc': '普通型空罐'}, {'id': 38, 'name': '空罐/普通型/250ML/2026广东红包促销/无顶盖', 'sap_code': '20002273', 'code': 'GC000038', 'desc': '促销型空罐'}, {'id': 39, 'name': '空罐/普通型/250ML/2026广东1元乐享促销/无顶盖', 'sap_code': '20002274', 'code': 'GC000039', 'desc': '促销型空罐'}, {'id': 40, 'name': '空罐/强化型/250ml/蓝色/30周年版/无底盖', 'sap_code': '20002029', 'code': 'GC000040', 'desc': '强化型空罐'}, {'id': 41, 'name': '空罐/强化型/250ml/蓝色/31周年版/无底盖', 'sap_code': '20002272', 'code': 'GC000041', 'desc': '强化型空罐'}, {'id': 66, 'name': '空罐/普通型/250ML/2026扫码1元乐享-闽苏沪/无顶盖', 'sap_code': '20002294', 'code': 'GC000066', 'desc': '促销型空罐'}, {'id': 69, 'name': '空罐/普通型/250ML/2026年1元乐享-新疆青海/无顶盖', 'sap_code': '20002303', 'code': 'GC000069', 'desc': '促销型空罐'}, {'id': 71, 'name': '空罐/普通型/250ML/2026扫码1元乐享-云贵/无顶盖', 'sap_code': '20002305', 'code': 'GC000071', 'desc': '促销型空罐'}, {'id': 73, 'name': '空罐/普通型/250ML/2026扫码1元乐享-广西/无顶盖', 'sap_code': '20002315', 'code': 'GC000073', 'desc': '促销型空罐'}]",空罐,包材,红牛,6866,华彬快速消费品饮料（福建）有限公司,YC00000005,卷边宽度,否,到货检测,,储运部,品管部,定量,初检,8,等于,托盘,,32,罐,是,32,罐,卷封投影仪,2.50-2.90,,mm,2.5000,2.9000,2,1,不合格,每8托为一个检测单元，每一托盘随机抽取样品4罐，共32罐，并做好标识。其中4罐做本次检测。,参考标准，制作记录，与供应商及时沟通，暂不做复检和退货处理检测指标,适用于原材料供应商制罐线改型、制罐设备大修后、换版及实验期间,2025-01-01,9999-12-31
131,,HWBT0141,001,禁用,Q/RW-TS-001-2023,"[{'id': 17, 'name': '空罐/普通型/无顶盖/250ml', 'sap_code': '20000194', 'code': 'GC000017', 'desc': '普通型空罐'}, {'id': 36, 'name': '空罐/普通型/250ML/30周年版/无顶盖', 'sap_code': '20002028', 'code': 'GC000036', 'desc': '普通型空罐'}, {'id': 37, 'name': '空罐/普通型/250ML/31周年版/无顶盖', 'sap_code': '20002271', 'code': 'GC000037', 'desc': '普通型空罐'}, {'id': 38, 'name': '空罐/普通型/250ML/2026广东红包促销/无顶盖', 'sap_code': '20002273', 'code': 'GC000038', 'desc': '促销型空罐'}, {'id': 39, 'name': '空罐/普通型/250ML/2026广东1元乐享促销/无顶盖', 'sap_code': '20002274', 'code': 'GC000039', 'desc': '促销型空罐'}, {'id': 40, 'name': '空罐/强化型/250ml/蓝色/30周年版/无底盖', 'sap_code': '20002029', 'code': 'GC000040', 'desc': '强化型空罐'}, {'id': 41, 'name': '空罐/强化型/250ml/蓝色/31周年版/无底盖', 'sap_code': '20002272', 'code': 'GC000041', 'desc': '强化型空罐'}, {'id': 66, 'name': '空罐/普通型/250ML/2026扫码1元乐享-闽苏沪/无顶盖', 'sap_code': '20002294', 'code': 'GC000066', 'desc': '促销型空罐'}, {'id': 69, 'name': '空罐/普通型/250ML/2026年1元乐享-新疆青海/无顶盖', 'sap_code': '20002303', 'code': 'GC000069', 'desc': '促销型空罐'}, {'id': 71, 'name': '空罐/普通型/250ML/2026扫码1元乐享-云贵/无顶盖', 'sap_code': '20002305', 'code': 'GC000071', 'desc': '促销型空罐'}, {'id': 73, 'name': '空罐/普通型/250ML/2026扫码1元乐享-广西/无顶盖', 'sap_code': '20002315', 'code': 'GC000073', 'desc': '促销型空罐'}]",空罐,包材,红牛,6865,华彬快速消费品饮料（贵州）有限公司,YC00000005,卷边宽度,否,到货检测,,储运部,品管部,定量,初检,8,等于,托盘,,32,罐,是,32,罐,卷封投影仪,2.50-2.90,,mm,2.5000,2.9000,2,1,不合格,每8托为一个检测单元，每一托盘随机抽取样品4罐，共32罐，并做好标识。其中4罐做本次检测。,参考标准，制作记录，与供应商及时沟通，暂不做复检和退货处理检测指标,适用于原材料供应商制罐线改型、制罐设备大修后、换版及实验期间,2025-01-01,9999-12-31
132,,HWBT0142,001,禁用,Q/RW-TS-001-2023,"[{'id': 17, 'name': '空罐/普通型/无顶盖/250ml', 'sap_code': '20000194', 'code': 'GC000017', 'desc': '普通型空罐'}, {'id': 36, 'name': '空罐/普通型/250ML/30周年版/无顶盖', 'sap_code': '20002028', 'code': 'GC000036', 'desc': '普通型空罐'}, {'id': 37, 'name': '空罐/普通型/250ML/31周年版/无顶盖', 'sap_code': '20002271', 'code': 'GC000037', 'desc': '普通型空罐'}, {'id': 38, 'name': '空罐/普通型/250ML/2026广东红包促销/无顶盖', 'sap_code': '20002273', 'code': 'GC000038', 'desc': '促销型空罐'}, {'id': 39, 'name': '空罐/普通型/250ML/2026广东1元乐享促销/无顶盖', 'sap_code': '20002274', 'code': 'GC000039', 'desc': '促销型空罐'}, {'id': 40, 'name': '空罐/强化型/250ml/蓝色/30周年版/无底盖', 'sap_code': '20002029', 'code': 'GC000040', 'desc': '强化型空罐'}, {'id': 41, 'name': '空罐/强化型/250ml/蓝色/31周年版/无底盖', 'sap_code': '20002272', 'code': 'GC000041', 'desc': '强化型空罐'}, {'id': 66, 'name': '空罐/普通型/250ML/2026扫码1元乐享-闽苏沪/无顶盖', 'sap_code': '20002294', 'code': 'GC000066', 'desc': '促销型空罐'}, {'id': 69, 'name': '空罐/普通型/250ML/2026年1元乐享-新疆青海/无顶盖', 'sap_code': '20002303', 'code': 'GC000069', 'desc': '促销型空罐'}, {'id': 71, 'name': '空罐/普通型/250ML/2026扫码1元乐享-云贵/无顶盖', 'sap_code': '20002305', 'code': 'GC000071', 'desc': '促销型空罐'}, {'id': 73, 'name': '空罐/普通型/250ML/2026扫码1元乐享-广西/无顶盖', 'sap_code': '20002315', 'code': 'GC000073', 'desc': '促销型空罐'}]",空罐,包材,红牛,6865,华彬快速消费品饮料（贵州）有限公司,YC00000005,卷边宽度,否,到货检测,,储运部,品管部,定量,初检,8,等于,托盘,,32,罐,是,32,罐,卷封投影仪,2.50-2.90,,mm,2.5000,2.9000,2,1,不合格,每8托为一个检测单元，每一托盘随机抽取样品4罐，共32罐，并做好标识。其中4罐做本次检测。,参考标准，制作记录，与供应商及时沟通，暂不做复检和退货处理检测指标,适用于原材料供应商制罐线改型、制罐设备大修后、换版及实验期间,2025-01-01,9999-12-31
133,,HWBT0143,001,禁用,Q/RW-TS-001-2023,"[{'id': 17, 'name': '空罐/普通型/无顶盖/250ml', 'sap_code': '20000194', 'code': 'GC000017', 'desc': '普通型空罐'}, {'id': 36, 'name': '空罐/普通型/250ML/30周年版/无顶盖', 'sap_code': '20002028', 'code': 'GC000036', 'desc': '普通型空罐'}, {'id': 37, 'name': '空罐/普通型/250ML/31周年版/无顶盖', 'sap_code': '20002271', 'code': 'GC000037', 'desc': '普通型空罐'}, {'id': 38, 'name': '空罐/普通型/250ML/2026广东红包促销/无顶盖', 'sap_code': '20002273', 'code': 'GC000038', 'desc': '促销型空罐'}, {'id': 39, 'name': '空罐/普通型/250ML/2026广东1元乐享促销/无顶盖', 'sap_code': '20002274', 'code': 'GC000039', 'desc': '促销型空罐'}, {'id': 40, 'name': '空罐/强化型/250ml/蓝色/30周年版/无底盖', 'sap_code': '20002029', 'code': 'GC000040', 'desc': '强化型空罐'}, {'id': 41, 'name': '空罐/强化型/250ml/蓝色/31周年版/无底盖', 'sap_code': '20002272', 'code': 'GC000041', 'desc': '强化型空罐'}, {'id': 66, 'name': '空罐/普通型/250ML/2026扫码1元乐享-闽苏沪/无顶盖', 'sap_code': '20002294', 'code': 'GC000066', 'desc': '促销型空罐'}, {'id': 69, 'name': '空罐/普通型/250ML/2026年1元乐享-新疆青海/无顶盖', 'sap_code': '20002303', 'code': 'GC000069', 'desc': '促销型空罐'}, {'id': 71, 'name': '空罐/普通型/250ML/2026扫码1元乐享-云贵/无顶盖', 'sap_code': '20002305', 'code': 'GC000071', 'desc': '促销型空罐'}, {'id': 73, 'name': '空罐/普通型/250ML/2026扫码1元乐享-广西/无顶盖', 'sap_code': '20002315', 'code': 'GC000073', 'desc': '促销型空罐'}]",空罐,包材,红牛,,,YC00000005,卷边宽度,否,到货检测,,储运部,品管部,定量,初检,8,等于,托盘,,32,罐,是,32,罐,卷封投影仪,2.50-3.00,,mm,2.5000,3.0000,2,1,不合格,每8托为一个检测单元，每一托盘随机抽取样品4罐，共32罐，并做好标识。其中4罐做本次检测。,参考标准，制作记录，与供应商及时沟通，暂不做复检和退货处理检测指标,适用于原材料供应商制罐线改型、制罐设备大修后、换版及实验期间,2025-01-01,9999-12-31
134,,HWBT0144,001,禁用,Q/RW-TS-001-2023,"[{'id': 17, 'name': '空罐/普通型/无顶盖/250ml', 'sap_code': '20000194', 'code': 'GC000017', 'desc': '普通型空罐'}, {'id': 36, 'name': '空罐/普通型/250ML/30周年版/无顶盖', 'sap_code': '20002028', 'code': 'GC000036', 'desc': '普通型空罐'}, {'id': 37, 'name': '空罐/普通型/250ML/31周年版/无顶盖', 'sap_code': '20002271', 'code': 'GC000037', 'desc': '普通型空罐'}, {'id': 38, 'name': '空罐/普通型/250ML/2026广东红包促销/无顶盖', 'sap_code': '20002273', 'code': 'GC000038', 'desc': '促销型空罐'}, {'id': 39, 'name': '空罐/普通型/250ML/2026广东1元乐享促销/无顶盖', 'sap_code': '20002274', 'code': 'GC000039', 'desc': '促销型空罐'}, {'id': 40, 'name': '空罐/强化型/250ml/蓝色/30周年版/无底盖', 'sap_code': '20002029', 'code': 'GC000040', 'desc': '强化型空罐'}, {'id': 41, 'name': '空罐/强化型/250ml/蓝色/31周年版/无底盖', 'sap_code': '20002272', 'code': 'GC000041', 'desc': '强化型空罐'}, {'id': 66, 'name': '空罐/普通型/250ML/2026扫码1元乐享-闽苏沪/无顶盖', 'sap_code': '20002294', 'code': 'GC000066', 'desc': '促销型空罐'}, {'id': 69, 'name': '空罐/普通型/250ML/2026年1元乐享-新疆青海/无顶盖', 'sap_code': '20002303', 'code': 'GC000069', 'desc': '促销型空罐'}, {'id': 71, 'name': '空罐/普通型/250ML/2026扫码1元乐享-云贵/无顶盖', 'sap_code': '20002305', 'code': 'GC000071', 'desc': '促销型空罐'}, {'id': 73, 'name': '空罐/普通型/250ML/2026扫码1元乐享-广西/无顶盖', 'sap_code': '20002315', 'code': 'GC000073', 'desc': '促销型空罐'}]",空罐,包材,红牛,8886,红牛维他命饮料（江苏）有限公司,YC00000005,身钩、盖钩长度,否,到货检测,,储运部,品管部,定量,初检,8,等于,托盘,,32,罐,是,32,罐,卷封投影仪,1.60-2.00,,mm,1.6000,2.0000,2,1,不合格,每8托为一个检测单元，每一托盘随机抽取样品4罐，共32罐，并做好标识。其中4罐做本次检测。,参考标准，制作记录，与供应商及时沟通，暂不做复检和退货处理检测指标,适用于原材料供应商制罐线改型、制罐设备大修后、换版及实验期间,2025-01-01,9999-12-31
135,,HWBT0145,001,禁用,Q/RW-TS-001-2023,"[{'id': 17, 'name': '空罐/普通型/无顶盖/250ml', 'sap_code': '20000194', 'code': 'GC000017', 'desc': '普通型空罐'}, {'id': 36, 'name': '空罐/普通型/250ML/30周年版/无顶盖', 'sap_code': '20002028', 'code': 'GC000036', 'desc': '普通型空罐'}, {'id': 37, 'name': '空罐/普通型/250ML/31周年版/无顶盖', 'sap_code': '20002271', 'code': 'GC000037', 'desc': '普通型空罐'}, {'id': 38, 'name': '空罐/普通型/250ML/2026广东红包促销/无顶盖', 'sap_code': '20002273', 'code': 'GC000038', 'desc': '促销型空罐'}, {'id': 39, 'name': '空罐/普通型/250ML/2026广东1元乐享促销/无顶盖', 'sap_code': '20002274', 'code': 'GC000039', 'desc': '促销型空罐'}, {'id': 40, 'name': '空罐/强化型/250ml/蓝色/30周年版/无底盖', 'sap_code': '20002029', 'code': 'GC000040', 'desc': '强化型空罐'}, {'id': 41, 'name': '空罐/强化型/250ml/蓝色/31周年版/无底盖', 'sap_code': '20002272', 'code': 'GC000041', 'desc': '强化型空罐'}, {'id': 66, 'name': '空罐/普通型/250ML/2026扫码1元乐享-闽苏沪/无顶盖', 'sap_code': '20002294', 'code': 'GC000066', 'desc': '促销型空罐'}, {'id': 69, 'name': '空罐/普通型/250ML/2026年1元乐享-新疆青海/无顶盖', 'sap_code': '20002303', 'code': 'GC000069', 'desc': '促销型空罐'}, {'id': 71, 'name': '空罐/普通型/250ML/2026扫码1元乐享-云贵/无顶盖', 'sap_code': '20002305', 'code': 'GC000071', 'desc': '促销型空罐'}, {'id': 73, 'name': '空罐/普通型/250ML/2026扫码1元乐享-广西/无顶盖', 'sap_code': '20002315', 'code': 'GC000073', 'desc': '促销型空罐'}]",空罐,包材,红牛,8886,红牛维他命饮料（江苏）有限公司,YC00000005,身钩、盖钩长度,否,到货检测,,储运部,品管部,定量,初检,8,等于,托盘,,32,罐,是,32,罐,卷封投影仪,1.60-2.00,,mm,1.6000,2.0000,2,1,不合格,每8托为一个检测单元，每一托盘随机抽取样品4罐，共32罐，并做好标识。其中4罐做本次检测。,参考标准，制作记录，与供应商及时沟通，暂不做复检和退货处理检测指标,适用于原材料供应商制罐线改型、制罐设备大修后、换版及实验期间,2025-01-01,9999-12-31
136,,HWBT0146,001,禁用,Q/RW-TS-001-2023,"[{'id': 17, 'name': '空罐/普通型/无顶盖/250ml', 'sap_code': '20000194', 'code': 'GC000017', 'desc': '普通型空罐'}, {'id': 36, 'name': '空罐/普通型/250ML/30周年版/无顶盖', 'sap_code': '20002028', 'code': 'GC000036', 'desc': '普通型空罐'}, {'id': 37, 'name': '空罐/普通型/250ML/31周年版/无顶盖', 'sap_code': '20002271', 'code': 'GC000037', 'desc': '普通型空罐'}, {'id': 38, 'name': '空罐/普通型/250ML/2026广东红包促销/无顶盖', 'sap_code': '20002273', 'code': 'GC000038', 'desc': '促销型空罐'}, {'id': 39, 'name': '空罐/普通型/250ML/2026广东1元乐享促销/无顶盖', 'sap_code': '20002274', 'code': 'GC000039', 'desc': '促销型空罐'}, {'id': 40, 'name': '空罐/强化型/250ml/蓝色/30周年版/无底盖', 'sap_code': '20002029', 'code': 'GC000040', 'desc': '强化型空罐'}, {'id': 41, 'name': '空罐/强化型/250ml/蓝色/31周年版/无底盖', 'sap_code': '20002272', 'code': 'GC000041', 'desc': '强化型空罐'}, {'id': 66, 'name': '空罐/普通型/250ML/2026扫码1元乐享-闽苏沪/无顶盖', 'sap_code': '20002294', 'code': 'GC000066', 'desc': '促销型空罐'}, {'id': 69, 'name': '空罐/普通型/250ML/2026年1元乐享-新疆青海/无顶盖', 'sap_code': '20002303', 'code': 'GC000069', 'desc': '促销型空罐'}, {'id': 71, 'name': '空罐/普通型/250ML/2026扫码1元乐享-云贵/无顶盖', 'sap_code': '20002305', 'code': 'GC000071', 'desc': '促销型空罐'}, {'id': 73, 'name': '空罐/普通型/250ML/2026扫码1元乐享-广西/无顶盖', 'sap_code': '20002315', 'code': 'GC000073', 'desc': '促销型空罐'}]",空罐,包材,红牛,8885,广东红牛维他命饮料有限公司,YC00000005,身钩、盖钩长度,否,到货检测,,储运部,品管部,定量,初检,8,等于,托盘,,32,罐,是,32,罐,卷封投影仪,1.50-2.00,,mm,1.5000,2.0000,2,1,不合格,每8托为一个检测单元，每一托盘随机抽取样品4罐，共32罐，并做好标识。其中4罐做本次检测。,参考标准，制作记录，与供应商及时沟通，暂不做复检和退货处理检测指标,适用于原材料供应商制罐线改型、制罐设备大修后、换版及实验期间,2025-01-01,9999-12-31
137,,HWBT0147,001,禁用,Q/RW-TS-001-2023,"[{'id': 17, 'name': '空罐/普通型/无顶盖/250ml', 'sap_code': '20000194', 'code': 'GC000017', 'desc': '普通型空罐'}, {'id': 36, 'name': '空罐/普通型/250ML/30周年版/无顶盖', 'sap_code': '20002028', 'code': 'GC000036', 'desc': '普通型空罐'}, {'id': 37, 'name': '空罐/普通型/250ML/31周年版/无顶盖', 'sap_code': '20002271', 'code': 'GC000037', 'desc': '普通型空罐'}, {'id': 38, 'name': '空罐/普通型/250ML/2026广东红包促销/无顶盖', 'sap_code': '20002273', 'code': 'GC000038', 'desc': '促销型空罐'}, {'id': 39, 'name': '空罐/普通型/250ML/2026广东1元乐享促销/无顶盖', 'sap_code': '20002274', 'code': 'GC000039', 'desc': '促销型空罐'}, {'id': 40, 'name': '空罐/强化型/250ml/蓝色/30周年版/无底盖', 'sap_code': '20002029', 'code': 'GC000040', 'desc': '强化型空罐'}, {'id': 41, 'name': '空罐/强化型/250ml/蓝色/31周年版/无底盖', 'sap_code': '20002272', 'code': 'GC000041', 'desc': '强化型空罐'}, {'id': 66, 'name': '空罐/普通型/250ML/2026扫码1元乐享-闽苏沪/无顶盖', 'sap_code': '20002294', 'code': 'GC000066', 'desc': '促销型空罐'}, {'id': 69, 'name': '空罐/普通型/250ML/2026年1元乐享-新疆青海/无顶盖', 'sap_code': '20002303', 'code': 'GC000069', 'desc': '促销型空罐'}, {'id': 71, 'name': '空罐/普通型/250ML/2026扫码1元乐享-云贵/无顶盖', 'sap_code': '20002305', 'code': 'GC000071', 'desc': '促销型空罐'}, {'id': 73, 'name': '空罐/普通型/250ML/2026扫码1元乐享-广西/无顶盖', 'sap_code': '20002315', 'code': 'GC000073', 'desc': '促销型空罐'}]",空罐,包材,红牛,8885,广东红牛维他命饮料有限公司,YC00000005,身钩、盖钩长度,否,到货检测,,储运部,品管部,定量,初检,8,等于,托盘,,32,罐,是,32,罐,卷封投影仪,1.50-2.00,,mm,1.5000,2.0000,2,1,不合格,每8托为一个检测单元，每一托盘随机抽取样品4罐，共32罐，并做好标识。其中4罐做本次检测。,参考标准，制作记录，与供应商及时沟通，暂不做复检和退货处理检测指标,适用于原材料供应商制罐线改型、制罐设备大修后、换版及实验期间,2025-01-01,9999-12-31
138,,HWBT0148,001,禁用,Q/RW-TS-001-2023,"[{'id': 17, 'name': '空罐/普通型/无顶盖/250ml', 'sap_code': '20000194', 'code': 'GC000017', 'desc': '普通型空罐'}, {'id': 36, 'name': '空罐/普通型/250ML/30周年版/无顶盖', 'sap_code': '20002028', 'code': 'GC000036', 'desc': '普通型空罐'}, {'id': 37, 'name': '空罐/普通型/250ML/31周年版/无顶盖', 'sap_code': '20002271', 'code': 'GC000037', 'desc': '普通型空罐'}, {'id': 38, 'name': '空罐/普通型/250ML/2026广东红包促销/无顶盖', 'sap_code': '20002273', 'code': 'GC000038', 'desc': '促销型空罐'}, {'id': 39, 'name': '空罐/普通型/250ML/2026广东1元乐享促销/无顶盖', 'sap_code': '20002274', 'code': 'GC000039', 'desc': '促销型空罐'}, {'id': 40, 'name': '空罐/强化型/250ml/蓝色/30周年版/无底盖', 'sap_code': '20002029', 'code': 'GC000040', 'desc': '强化型空罐'}, {'id': 41, 'name': '空罐/强化型/250ml/蓝色/31周年版/无底盖', 'sap_code': '20002272', 'code': 'GC000041', 'desc': '强化型空罐'}, {'id': 66, 'name': '空罐/普通型/250ML/2026扫码1元乐享-闽苏沪/无顶盖', 'sap_code': '20002294', 'code': 'GC000066', 'desc': '促销型空罐'}, {'id': 69, 'name': '空罐/普通型/250ML/2026年1元乐享-新疆青海/无顶盖', 'sap_code': '20002303', 'code': 'GC000069', 'desc': '促销型空罐'}, {'id': 71, 'name': '空罐/普通型/250ML/2026扫码1元乐享-云贵/无顶盖', 'sap_code': '20002305', 'code': 'GC000071', 'desc': '促销型空罐'}, {'id': 73, 'name': '空罐/普通型/250ML/2026扫码1元乐享-广西/无顶盖', 'sap_code': '20002315', 'code': 'GC000073', 'desc': '促销型空罐'}]",空罐,包材,红牛,8880,红牛维他命饮料有限公司,YC00000005,身钩、盖钩长度,否,到货检测,,储运部,品管部,定量,初检,8,等于,托盘,,32,罐,是,32,罐,卷封投影仪,1.50-2.00,,mm,1.5000,2.0000,2,1,不合格,每8托为一个检测单元，每一托盘随机抽取样品4罐，共32罐，并做好标识。其中4罐做本次检测。,参考标准，制作记录，与供应商及时沟通，暂不做复检和退货处理检测指标,适用于原材料供应商制罐线改型、制罐设备大修后、换版及实验期间,2025-01-01,9999-12-31
139,,HWBT0149,001,禁用,Q/RW-TS-001-2023,"[{'id': 17, 'name': '空罐/普通型/无顶盖/250ml', 'sap_code': '20000194', 'code': 'GC000017', 'desc': '普通型空罐'}, {'id': 36, 'name': '空罐/普通型/250ML/30周年版/无顶盖', 'sap_code': '20002028', 'code': 'GC000036', 'desc': '普通型空罐'}, {'id': 37, 'name': '空罐/普通型/250ML/31周年版/无顶盖', 'sap_code': '20002271', 'code': 'GC000037', 'desc': '普通型空罐'}, {'id': 38, 'name': '空罐/普通型/250ML/2026广东红包促销/无顶盖', 'sap_code': '20002273', 'code': 'GC000038', 'desc': '促销型空罐'}, {'id': 39, 'name': '空罐/普通型/250ML/2026广东1元乐享促销/无顶盖', 'sap_code': '20002274', 'code': 'GC000039', 'desc': '促销型空罐'}, {'id': 40, 'name': '空罐/强化型/250ml/蓝色/30周年版/无底盖', 'sap_code': '20002029', 'code': 'GC000040', 'desc': '强化型空罐'}, {'id': 41, 'name': '空罐/强化型/250ml/蓝色/31周年版/无底盖', 'sap_code': '20002272', 'code': 'GC000041', 'desc': '强化型空罐'}, {'id': 66, 'name': '空罐/普通型/250ML/2026扫码1元乐享-闽苏沪/无顶盖', 'sap_code': '20002294', 'code': 'GC000066', 'desc': '促销型空罐'}, {'id': 69, 'name': '空罐/普通型/250ML/2026年1元乐享-新疆青海/无顶盖', 'sap_code': '20002303', 'code': 'GC000069', 'desc': '促销型空罐'}, {'id': 71, 'name': '空罐/普通型/250ML/2026扫码1元乐享-云贵/无顶盖', 'sap_code': '20002305', 'code': 'GC000071', 'desc': '促销型空罐'}, {'id': 73, 'name': '空罐/普通型/250ML/2026扫码1元乐享-广西/无顶盖', 'sap_code': '20002315', 'code': 'GC000073', 'desc': '促销型空罐'}]",空罐,包材,红牛,8880,红牛维他命饮料有限公司,YC00000005,身钩、盖钩长度,否,到货检测,,储运部,品管部,定量,初检,8,等于,托盘,,32,罐,是,32,罐,卷封投影仪,1.50-2.00,,mm,1.5000,2.0000,2,1,不合格,每8托为一个检测单元，每一托盘随机抽取样品4罐，共32罐，并做好标识。其中4罐做本次检测。,参考标准，制作记录，与供应商及时沟通，暂不做复检和退货处理检测指标,适用于原材料供应商制罐线改型、制罐设备大修后、换版及实验期间,2025-01-01,9999-12-31
140,,HWBT0150,001,禁用,Q/RW-TS-001-2023,"[{'id': 17, 'name': '空罐/普通型/无顶盖/250ml', 'sap_code': '20000194', 'code': 'GC000017', 'desc': '普通型空罐'}, {'id': 36, 'name': '空罐/普通型/250ML/30周年版/无顶盖', 'sap_code': '20002028', 'code': 'GC000036', 'desc': '普通型空罐'}, {'id': 37, 'name': '空罐/普通型/250ML/31周年版/无顶盖', 'sap_code': '20002271', 'code': 'GC000037', 'desc': '普通型空罐'}, {'id': 38, 'name': '空罐/普通型/250ML/2026广东红包促销/无顶盖', 'sap_code': '20002273', 'code': 'GC000038', 'desc': '促销型空罐'}, {'id': 39, 'name': '空罐/普通型/250ML/2026广东1元乐享促销/无顶盖', 'sap_code': '20002274', 'code': 'GC000039', 'desc': '促销型空罐'}, {'id': 40, 'name': '空罐/强化型/250ml/蓝色/30周年版/无底盖', 'sap_code': '20002029', 'code': 'GC000040', 'desc': '强化型空罐'}, {'id': 41, 'name': '空罐/强化型/250ml/蓝色/31周年版/无底盖', 'sap_code': '20002272', 'code': 'GC000041', 'desc': '强化型空罐'}, {'id': 66, 'name': '空罐/普通型/250ML/2026扫码1元乐享-闽苏沪/无顶盖', 'sap_code': '20002294', 'code': 'GC000066', 'desc': '促销型空罐'}, {'id': 69, 'name': '空罐/普通型/250ML/2026年1元乐享-新疆青海/无顶盖', 'sap_code': '20002303', 'code': 'GC000069', 'desc': '促销型空罐'}, {'id': 71, 'name': '空罐/普通型/250ML/2026扫码1元乐享-云贵/无顶盖', 'sap_code': '20002305', 'code': 'GC000071', 'desc': '促销型空罐'}, {'id': 73, 'name': '空罐/普通型/250ML/2026扫码1元乐享-广西/无顶盖', 'sap_code': '20002315', 'code': 'GC000073', 'desc': '促销型空罐'}]",空罐,包材,红牛,8883,红牛维他命饮料（湖北）有限公司,YC00000005,身钩、盖钩长度,否,到货检测,,储运部,品管部,定量,初检,8,等于,托盘,,32,罐,是,32,罐,卷封投影仪,1.50-2.00,,mm,1.5000,2.0000,2,1,不合格,每8托为一个检测单元，每一托盘随机抽取样品4罐，共32罐，并做好标识。其中4罐做本次检测。,参考标准，制作记录，与供应商及时沟通，暂不做复检和退货处理检测指标,适用于原材料供应商制罐线改型、制罐设备大修后、换版及实验期间,2025-01-01,9999-12-31
141,,HWBT0151,001,禁用,Q/RW-TS-001-2023,"[{'id': 17, 'name': '空罐/普通型/无顶盖/250ml', 'sap_code': '20000194', 'code': 'GC000017', 'desc': '普通型空罐'}, {'id': 36, 'name': '空罐/普通型/250ML/30周年版/无顶盖', 'sap_code': '20002028', 'code': 'GC000036', 'desc': '普通型空罐'}, {'id': 37, 'name': '空罐/普通型/250ML/31周年版/无顶盖', 'sap_code': '20002271', 'code': 'GC000037', 'desc': '普通型空罐'}, {'id': 38, 'name': '空罐/普通型/250ML/2026广东红包促销/无顶盖', 'sap_code': '20002273', 'code': 'GC000038', 'desc': '促销型空罐'}, {'id': 39, 'name': '空罐/普通型/250ML/2026广东1元乐享促销/无顶盖', 'sap_code': '20002274', 'code': 'GC000039', 'desc': '促销型空罐'}, {'id': 40, 'name': '空罐/强化型/250ml/蓝色/30周年版/无底盖', 'sap_code': '20002029', 'code': 'GC000040', 'desc': '强化型空罐'}, {'id': 41, 'name': '空罐/强化型/250ml/蓝色/31周年版/无底盖', 'sap_code': '20002272', 'code': 'GC000041', 'desc': '强化型空罐'}, {'id': 66, 'name': '空罐/普通型/250ML/2026扫码1元乐享-闽苏沪/无顶盖', 'sap_code': '20002294', 'code': 'GC000066', 'desc': '促销型空罐'}, {'id': 69, 'name': '空罐/普通型/250ML/2026年1元乐享-新疆青海/无顶盖', 'sap_code': '20002303', 'code': 'GC000069', 'desc': '促销型空罐'}, {'id': 71, 'name': '空罐/普通型/250ML/2026扫码1元乐享-云贵/无顶盖', 'sap_code': '20002305', 'code': 'GC000071', 'desc': '促销型空罐'}, {'id': 73, 'name': '空罐/普通型/250ML/2026扫码1元乐享-广西/无顶盖', 'sap_code': '20002315', 'code': 'GC000073', 'desc': '促销型空罐'}]",空罐,包材,红牛,8883,红牛维他命饮料（湖北）有限公司,YC00000005,身钩、盖钩长度,否,到货检测,,储运部,品管部,定量,初检,8,等于,托盘,,32,罐,是,32,罐,卷封投影仪,1.50-2.00,,mm,1.5000,2.0000,2,1,不合格,每8托为一个检测单元，每一托盘随机抽取样品4罐，共32罐，并做好标识。其中4罐做本次检测。,参考标准，制作记录，与供应商及时沟通，暂不做复检和退货处理检测指标,适用于原材料供应商制罐线改型、制罐设备大修后、换版及实验期间,2025-01-01,9999-12-31
142,,HWBT0152,001,禁用,Q/RW-TS-001-2023,"[{'id': 17, 'name': '空罐/普通型/无顶盖/250ml', 'sap_code': '20000194', 'code': 'GC000017', 'desc': '普通型空罐'}, {'id': 36, 'name': '空罐/普通型/250ML/30周年版/无顶盖', 'sap_code': '20002028', 'code': 'GC000036', 'desc': '普通型空罐'}, {'id': 37, 'name': '空罐/普通型/250ML/31周年版/无顶盖', 'sap_code': '20002271', 'code': 'GC000037', 'desc': '普通型空罐'}, {'id': 38, 'name': '空罐/普通型/250ML/2026广东红包促销/无顶盖', 'sap_code': '20002273', 'code': 'GC000038', 'desc': '促销型空罐'}, {'id': 39, 'name': '空罐/普通型/250ML/2026广东1元乐享促销/无顶盖', 'sap_code': '20002274', 'code': 'GC000039', 'desc': '促销型空罐'}, {'id': 40, 'name': '空罐/强化型/250ml/蓝色/30周年版/无底盖', 'sap_code': '20002029', 'code': 'GC000040', 'desc': '强化型空罐'}, {'id': 41, 'name': '空罐/强化型/250ml/蓝色/31周年版/无底盖', 'sap_code': '20002272', 'code': 'GC000041', 'desc': '强化型空罐'}, {'id': 66, 'name': '空罐/普通型/250ML/2026扫码1元乐享-闽苏沪/无顶盖', 'sap_code': '20002294', 'code': 'GC000066', 'desc': '促销型空罐'}, {'id': 69, 'name': '空罐/普通型/250ML/2026年1元乐享-新疆青海/无顶盖', 'sap_code': '20002303', 'code': 'GC000069', 'desc': '促销型空罐'}, {'id': 71, 'name': '空罐/普通型/250ML/2026扫码1元乐享-云贵/无顶盖', 'sap_code': '20002305', 'code': 'GC000071', 'desc': '促销型空罐'}, {'id': 73, 'name': '空罐/普通型/250ML/2026扫码1元乐享-广西/无顶盖', 'sap_code': '20002315', 'code': 'GC000073', 'desc': '促销型空罐'}]",空罐,包材,红牛,6866,华彬快速消费品饮料（福建）有限公司,YC00000005,身钩、盖钩长度,否,到货检测,,储运部,品管部,定量,初检,8,等于,托盘,,32,罐,是,32,罐,卷封投影仪,1.50-2.00,,mm,1.5000,2.0000,2,1,不合格,每8托为一个检测单元，每一托盘随机抽取样品4罐，共32罐，并做好标识。其中4罐做本次检测。,参考标准，制作记录，与供应商及时沟通，暂不做复检和退货处理检测指标,适用于原材料供应商制罐线改型、制罐设备大修后、换版及实验期间,2025-01-01,9999-12-31
143,,HWBT0153,001,禁用,Q/RW-TS-001-2023,"[{'id': 17, 'name': '空罐/普通型/无顶盖/250ml', 'sap_code': '20000194', 'code': 'GC000017', 'desc': '普通型空罐'}, {'id': 36, 'name': '空罐/普通型/250ML/30周年版/无顶盖', 'sap_code': '20002028', 'code': 'GC000036', 'desc': '普通型空罐'}, {'id': 37, 'name': '空罐/普通型/250ML/31周年版/无顶盖', 'sap_code': '20002271', 'code': 'GC000037', 'desc': '普通型空罐'}, {'id': 38, 'name': '空罐/普通型/250ML/2026广东红包促销/无顶盖', 'sap_code': '20002273', 'code': 'GC000038', 'desc': '促销型空罐'}, {'id': 39, 'name': '空罐/普通型/250ML/2026广东1元乐享促销/无顶盖', 'sap_code': '20002274', 'code': 'GC000039', 'desc': '促销型空罐'}, {'id': 40, 'name': '空罐/强化型/250ml/蓝色/30周年版/无底盖', 'sap_code': '20002029', 'code': 'GC000040', 'desc': '强化型空罐'}, {'id': 41, 'name': '空罐/强化型/250ml/蓝色/31周年版/无底盖', 'sap_code': '20002272', 'code': 'GC000041', 'desc': '强化型空罐'}, {'id': 66, 'name': '空罐/普通型/250ML/2026扫码1元乐享-闽苏沪/无顶盖', 'sap_code': '20002294', 'code': 'GC000066', 'desc': '促销型空罐'}, {'id': 69, 'name': '空罐/普通型/250ML/2026年1元乐享-新疆青海/无顶盖', 'sap_code': '20002303', 'code': 'GC000069', 'desc': '促销型空罐'}, {'id': 71, 'name': '空罐/普通型/250ML/2026扫码1元乐享-云贵/无顶盖', 'sap_code': '20002305', 'code': 'GC000071', 'desc': '促销型空罐'}, {'id': 73, 'name': '空罐/普通型/250ML/2026扫码1元乐享-广西/无顶盖', 'sap_code': '20002315', 'code': 'GC000073', 'desc': '促销型空罐'}]",空罐,包材,红牛,6866,华彬快速消费品饮料（福建）有限公司,YC00000005,身钩、盖钩长度,否,到货检测,,储运部,品管部,定量,初检,8,等于,托盘,,32,罐,是,32,罐,卷封投影仪,1.50-2.00,,mm,1.5000,2.0000,2,1,不合格,每8托为一个检测单元，每一托盘随机抽取样品4罐，共32罐，并做好标识。其中4罐做本次检测。,参考标准，制作记录，与供应商及时沟通，暂不做复检和退货处理检测指标,适用于原材料供应商制罐线改型、制罐设备大修后、换版及实验期间,2025-01-01,9999-12-31
144,,HWBT0154,001,禁用,Q/RW-TS-001-2023,"[{'id': 17, 'name': '空罐/普通型/无顶盖/250ml', 'sap_code': '20000194', 'code': 'GC000017', 'desc': '普通型空罐'}, {'id': 36, 'name': '空罐/普通型/250ML/30周年版/无顶盖', 'sap_code': '20002028', 'code': 'GC000036', 'desc': '普通型空罐'}, {'id': 37, 'name': '空罐/普通型/250ML/31周年版/无顶盖', 'sap_code': '20002271', 'code': 'GC000037', 'desc': '普通型空罐'}, {'id': 38, 'name': '空罐/普通型/250ML/2026广东红包促销/无顶盖', 'sap_code': '20002273', 'code': 'GC000038', 'desc': '促销型空罐'}, {'id': 39, 'name': '空罐/普通型/250ML/2026广东1元乐享促销/无顶盖', 'sap_code': '20002274', 'code': 'GC000039', 'desc': '促销型空罐'}, {'id': 40, 'name': '空罐/强化型/250ml/蓝色/30周年版/无底盖', 'sap_code': '20002029', 'code': 'GC000040', 'desc': '强化型空罐'}, {'id': 41, 'name': '空罐/强化型/250ml/蓝色/31周年版/无底盖', 'sap_code': '20002272', 'code': 'GC000041', 'desc': '强化型空罐'}, {'id': 66, 'name': '空罐/普通型/250ML/2026扫码1元乐享-闽苏沪/无顶盖', 'sap_code': '20002294', 'code': 'GC000066', 'desc': '促销型空罐'}, {'id': 69, 'name': '空罐/普通型/250ML/2026年1元乐享-新疆青海/无顶盖', 'sap_code': '20002303', 'code': 'GC000069', 'desc': '促销型空罐'}, {'id': 71, 'name': '空罐/普通型/250ML/2026扫码1元乐享-云贵/无顶盖', 'sap_code': '20002305', 'code': 'GC000071', 'desc': '促销型空罐'}, {'id': 73, 'name': '空罐/普通型/250ML/2026扫码1元乐享-广西/无顶盖', 'sap_code': '20002315', 'code': 'GC000073', 'desc': '促销型空罐'}]",空罐,包材,红牛,6865,华彬快速消费品饮料（贵州）有限公司,YC00000005,身钩、盖钩长度,否,到货检测,,储运部,品管部,定量,初检,8,等于,托盘,,32,罐,是,32,罐,卷封投影仪,1.50-2.00,,mm,1.5000,2.0000,2,1,不合格,每8托为一个检测单元，每一托盘随机抽取样品4罐，共32罐，并做好标识。其中4罐做本次检测。,参考标准，制作记录，与供应商及时沟通，暂不做复检和退货处理检测指标,适用于原材料供应商制罐线改型、制罐设备大修后、换版及实验期间,2025-01-01,9999-12-31
145,,HWBT0155,001,禁用,Q/RW-TS-001-2023,"[{'id': 17, 'name': '空罐/普通型/无顶盖/250ml', 'sap_code': '20000194', 'code': 'GC000017', 'desc': '普通型空罐'}, {'id': 36, 'name': '空罐/普通型/250ML/30周年版/无顶盖', 'sap_code': '20002028', 'code': 'GC000036', 'desc': '普通型空罐'}, {'id': 37, 'name': '空罐/普通型/250ML/31周年版/无顶盖', 'sap_code': '20002271', 'code': 'GC000037', 'desc': '普通型空罐'}, {'id': 38, 'name': '空罐/普通型/250ML/2026广东红包促销/无顶盖', 'sap_code': '20002273', 'code': 'GC000038', 'desc': '促销型空罐'}, {'id': 39, 'name': '空罐/普通型/250ML/2026广东1元乐享促销/无顶盖', 'sap_code': '20002274', 'code': 'GC000039', 'desc': '促销型空罐'}, {'id': 40, 'name': '空罐/强化型/250ml/蓝色/30周年版/无底盖', 'sap_code': '20002029', 'code': 'GC000040', 'desc': '强化型空罐'}, {'id': 41, 'name': '空罐/强化型/250ml/蓝色/31周年版/无底盖', 'sap_code': '20002272', 'code': 'GC000041', 'desc': '强化型空罐'}, {'id': 66, 'name': '空罐/普通型/250ML/2026扫码1元乐享-闽苏沪/无顶盖', 'sap_code': '20002294', 'code': 'GC000066', 'desc': '促销型空罐'}, {'id': 69, 'name': '空罐/普通型/250ML/2026年1元乐享-新疆青海/无顶盖', 'sap_code': '20002303', 'code': 'GC000069', 'desc': '促销型空罐'}, {'id': 71, 'name': '空罐/普通型/250ML/2026扫码1元乐享-云贵/无顶盖', 'sap_code': '20002305', 'code': 'GC000071', 'desc': '促销型空罐'}, {'id': 73, 'name': '空罐/普通型/250ML/2026扫码1元乐享-广西/无顶盖', 'sap_code': '20002315', 'code': 'GC000073', 'desc': '促销型空罐'}]",空罐,包材,红牛,6865,华彬快速消费品饮料（贵州）有限公司,YC00000005,身钩、盖钩长度,否,到货检测,,储运部,品管部,定量,初检,8,等于,托盘,,32,罐,是,32,罐,卷封投影仪,1.50-2.00,,mm,1.5000,2.0000,2,1,不合格,每8托为一个检测单元，每一托盘随机抽取样品4罐，共32罐，并做好标识。其中4罐做本次检测。,参考标准，制作记录，与供应商及时沟通，暂不做复检和退货处理检测指标,适用于原材料供应商制罐线改型、制罐设备大修后、换版及实验期间,2025-01-01,9999-12-31
146,,HWBT0156,001,禁用,Q/RW-TS-001-2023,"[{'id': 17, 'name': '空罐/普通型/无顶盖/250ml', 'sap_code': '20000194', 'code': 'GC000017', 'desc': '普通型空罐'}, {'id': 36, 'name': '空罐/普通型/250ML/30周年版/无顶盖', 'sap_code': '20002028', 'code': 'GC000036', 'desc': '普通型空罐'}, {'id': 37, 'name': '空罐/普通型/250ML/31周年版/无顶盖', 'sap_code': '20002271', 'code': 'GC000037', 'desc': '普通型空罐'}, {'id': 38, 'name': '空罐/普通型/250ML/2026广东红包促销/无顶盖', 'sap_code': '20002273', 'code': 'GC000038', 'desc': '促销型空罐'}, {'id': 39, 'name': '空罐/普通型/250ML/2026广东1元乐享促销/无顶盖', 'sap_code': '20002274', 'code': 'GC000039', 'desc': '促销型空罐'}, {'id': 40, 'name': '空罐/强化型/250ml/蓝色/30周年版/无底盖', 'sap_code': '20002029', 'code': 'GC000040', 'desc': '强化型空罐'}, {'id': 41, 'name': '空罐/强化型/250ml/蓝色/31周年版/无底盖', 'sap_code': '20002272', 'code': 'GC000041', 'desc': '强化型空罐'}, {'id': 66, 'name': '空罐/普通型/250ML/2026扫码1元乐享-闽苏沪/无顶盖', 'sap_code': '20002294', 'code': 'GC000066', 'desc': '促销型空罐'}, {'id': 69, 'name': '空罐/普通型/250ML/2026年1元乐享-新疆青海/无顶盖', 'sap_code': '20002303', 'code': 'GC000069', 'desc': '促销型空罐'}, {'id': 71, 'name': '空罐/普通型/250ML/2026扫码1元乐享-云贵/无顶盖', 'sap_code': '20002305', 'code': 'GC000071', 'desc': '促销型空罐'}, {'id': 73, 'name': '空罐/普通型/250ML/2026扫码1元乐享-广西/无顶盖', 'sap_code': '20002315', 'code': 'GC000073', 'desc': '促销型空罐'}]",空罐,包材,红牛,,,YC00000005,身钩、盖钩长度,否,到货检测,,储运部,品管部,定量,初检,8,等于,托盘,,32,罐,是,32,罐,卷封投影仪,1.60-2.00,,mm,1.6000,2.0000,2,1,不合格,每8托为一个检测单元，每一托盘随机抽取样品4罐，共32罐，并做好标识。其中4罐做本次检测。,参考标准，制作记录，与供应商及时沟通，暂不做复检和退货处理检测指标,适用于原材料供应商制罐线改型、制罐设备大修后、换版及实验期间,2025-01-01,9999-12-31
147,,HWBT0157,001,禁用,Q/RW-TS-001-2023,"[{'id': 17, 'name': '空罐/普通型/无顶盖/250ml', 'sap_code': '20000194', 'code': 'GC000017', 'desc': '普通型空罐'}, {'id': 36, 'name': '空罐/普通型/250ML/30周年版/无顶盖', 'sap_code': '20002028', 'code': 'GC000036', 'desc': '普通型空罐'}, {'id': 37, 'name': '空罐/普通型/250ML/31周年版/无顶盖', 'sap_code': '20002271', 'code': 'GC000037', 'desc': '普通型空罐'}, {'id': 38, 'name': '空罐/普通型/250ML/2026广东红包促销/无顶盖', 'sap_code': '20002273', 'code': 'GC000038', 'desc': '促销型空罐'}, {'id': 39, 'name': '空罐/普通型/250ML/2026广东1元乐享促销/无顶盖', 'sap_code': '20002274', 'code': 'GC000039', 'desc': '促销型空罐'}, {'id': 40, 'name': '空罐/强化型/250ml/蓝色/30周年版/无底盖', 'sap_code': '20002029', 'code': 'GC000040', 'desc': '强化型空罐'}, {'id': 41, 'name': '空罐/强化型/250ml/蓝色/31周年版/无底盖', 'sap_code': '20002272', 'code': 'GC000041', 'desc': '强化型空罐'}, {'id': 66, 'name': '空罐/普通型/250ML/2026扫码1元乐享-闽苏沪/无顶盖', 'sap_code': '20002294', 'code': 'GC000066', 'desc': '促销型空罐'}, {'id': 69, 'name': '空罐/普通型/250ML/2026年1元乐享-新疆青海/无顶盖', 'sap_code': '20002303', 'code': 'GC000069', 'desc': '促销型空罐'}, {'id': 71, 'name': '空罐/普通型/250ML/2026扫码1元乐享-云贵/无顶盖', 'sap_code': '20002305', 'code': 'GC000071', 'desc': '促销型空罐'}, {'id': 73, 'name': '空罐/普通型/250ML/2026扫码1元乐享-广西/无顶盖', 'sap_code': '20002315', 'code': 'GC000073', 'desc': '促销型空罐'}]",空罐,包材,红牛,,,YC00000005,皱纹度,是,到货检测,,储运部,品管部,定量,初检,8,等于,托盘,,32,罐,是,32,罐,目测检查,≤30,,%,0.0000,0.3000,,1,复检,每8托为一个检测单元，每一托盘随机抽取样品4罐，共32罐，并做好标识。其中4罐做本次检测。,若不合格，取同一托6罐复检。,适用于原材料供应商制罐线改型、制罐设备大修后、换版及实验期间,2025-01-01,9999-12-31
148,,HWBT0158,001,禁用,Q/RW-TS-001-2023,"[{'id': 17, 'name': '空罐/普通型/无顶盖/250ml', 'sap_code': '20000194', 'code': 'GC000017', 'desc': '普通型空罐'}, {'id': 36, 'name': '空罐/普通型/250ML/30周年版/无顶盖', 'sap_code': '20002028', 'code': 'GC000036', 'desc': '普通型空罐'}, {'id': 37, 'name': '空罐/普通型/250ML/31周年版/无顶盖', 'sap_code': '20002271', 'code': 'GC000037', 'desc': '普通型空罐'}, {'id': 38, 'name': '空罐/普通型/250ML/2026广东红包促销/无顶盖', 'sap_code': '20002273', 'code': 'GC000038', 'desc': '促销型空罐'}, {'id': 39, 'name': '空罐/普通型/250ML/2026广东1元乐享促销/无顶盖', 'sap_code': '20002274', 'code': 'GC000039', 'desc': '促销型空罐'}, {'id': 40, 'name': '空罐/强化型/250ml/蓝色/30周年版/无底盖', 'sap_code': '20002029', 'code': 'GC000040', 'desc': '强化型空罐'}, {'id': 41, 'name': '空罐/强化型/250ml/蓝色/31周年版/无底盖', 'sap_code': '20002272', 'code': 'GC000041', 'desc': '强化型空罐'}, {'id': 66, 'name': '空罐/普通型/250ML/2026扫码1元乐享-闽苏沪/无顶盖', 'sap_code': '20002294', 'code': 'GC000066', 'desc': '促销型空罐'}, {'id': 69, 'name': '空罐/普通型/250ML/2026年1元乐享-新疆青海/无顶盖', 'sap_code': '20002303', 'code': 'GC000069', 'desc': '促销型空罐'}, {'id': 71, 'name': '空罐/普通型/250ML/2026扫码1元乐享-云贵/无顶盖', 'sap_code': '20002305', 'code': 'GC000071', 'desc': '促销型空罐'}, {'id': 73, 'name': '空罐/普通型/250ML/2026扫码1元乐享-广西/无顶盖', 'sap_code': '20002315', 'code': 'GC000073', 'desc': '促销型空罐'}]",空罐,包材,红牛,,,YF00000018,皱纹度,是,到货检测,,储运部,品管部,定量,复检,1,大于等于,托盘,,6,罐,是,6,罐,目测检查,≤30,,%,0.0000,0.3000,,1,退货处理,从初检问题托盘中取6罐复检。,若仍有不合格，初检检测单元的所有商品做退货处理。,适用于原材料供应商制罐线改型、制罐设备大修后、换版及实验期间,2025-01-01,9999-12-31
149,,HWBT0159,001,禁用,Q/RW-TS-001-2023,"[{'id': 17, 'name': '空罐/普通型/无顶盖/250ml', 'sap_code': '20000194', 'code': 'GC000017', 'desc': '普通型空罐'}, {'id': 36, 'name': '空罐/普通型/250ML/30周年版/无顶盖', 'sap_code': '20002028', 'code': 'GC000036', 'desc': '普通型空罐'}, {'id': 37, 'name': '空罐/普通型/250ML/31周年版/无顶盖', 'sap_code': '20002271', 'code': 'GC000037', 'desc': '普通型空罐'}, {'id': 38, 'name': '空罐/普通型/250ML/2026广东红包促销/无顶盖', 'sap_code': '20002273', 'code': 'GC000038', 'desc': '促销型空罐'}, {'id': 39, 'name': '空罐/普通型/250ML/2026广东1元乐享促销/无顶盖', 'sap_code': '20002274', 'code': 'GC000039', 'desc': '促销型空罐'}, {'id': 40, 'name': '空罐/强化型/250ml/蓝色/30周年版/无底盖', 'sap_code': '20002029', 'code': 'GC000040', 'desc': '强化型空罐'}, {'id': 41, 'name': '空罐/强化型/250ml/蓝色/31周年版/无底盖', 'sap_code': '20002272', 'code': 'GC000041', 'desc': '强化型空罐'}, {'id': 66, 'name': '空罐/普通型/250ML/2026扫码1元乐享-闽苏沪/无顶盖', 'sap_code': '20002294', 'code': 'GC000066', 'desc': '促销型空罐'}, {'id': 69, 'name': '空罐/普通型/250ML/2026年1元乐享-新疆青海/无顶盖', 'sap_code': '20002303', 'code': 'GC000069', 'desc': '促销型空罐'}, {'id': 71, 'name': '空罐/普通型/250ML/2026扫码1元乐享-云贵/无顶盖', 'sap_code': '20002305', 'code': 'GC000071', 'desc': '促销型空罐'}, {'id': 73, 'name': '空罐/普通型/250ML/2026扫码1元乐享-广西/无顶盖', 'sap_code': '20002315', 'code': 'GC000073', 'desc': '促销型空罐'}]",空罐,包材,红牛,,,YC00000005,罐体高度,是,到货检测,,储运部,品管部,定量,初检,8,等于,托盘,,32,罐,是,32,罐,罐身高度检测仪,91.50-91.90,,mm,91.5000,91.9000,2,1,复检,每8托为一个检测单元，每一托盘随机抽取样品4罐，共32罐，并做好标识。其中4罐做本次检测。,若有不合格，取同一托6罐复检。,适用于原材料供应商制罐线改型、制罐设备大修后、换版及实验期间,2025-01-01,9999-12-31
150,,HWBT0160,001,禁用,Q/RW-TS-001-2023,"[{'id': 17, 'name': '空罐/普通型/无顶盖/250ml', 'sap_code': '20000194', 'code': 'GC000017', 'desc': '普通型空罐'}, {'id': 36, 'name': '空罐/普通型/250ML/30周年版/无顶盖', 'sap_code': '20002028', 'code': 'GC000036', 'desc': '普通型空罐'}, {'id': 37, 'name': '空罐/普通型/250ML/31周年版/无顶盖', 'sap_code': '20002271', 'code': 'GC000037', 'desc': '普通型空罐'}, {'id': 38, 'name': '空罐/普通型/250ML/2026广东红包促销/无顶盖', 'sap_code': '20002273', 'code': 'GC000038', 'desc': '促销型空罐'}, {'id': 39, 'name': '空罐/普通型/250ML/2026广东1元乐享促销/无顶盖', 'sap_code': '20002274', 'code': 'GC000039', 'desc': '促销型空罐'}, {'id': 40, 'name': '空罐/强化型/250ml/蓝色/30周年版/无底盖', 'sap_code': '20002029', 'code': 'GC000040', 'desc': '强化型空罐'}, {'id': 41, 'name': '空罐/强化型/250ml/蓝色/31周年版/无底盖', 'sap_code': '20002272', 'code': 'GC000041', 'desc': '强化型空罐'}, {'id': 66, 'name': '空罐/普通型/250ML/2026扫码1元乐享-闽苏沪/无顶盖', 'sap_code': '20002294', 'code': 'GC000066', 'desc': '促销型空罐'}, {'id': 69, 'name': '空罐/普通型/250ML/2026年1元乐享-新疆青海/无顶盖', 'sap_code': '20002303', 'code': 'GC000069', 'desc': '促销型空罐'}, {'id': 71, 'name': '空罐/普通型/250ML/2026扫码1元乐享-云贵/无顶盖', 'sap_code': '20002305', 'code': 'GC000071', 'desc': '促销型空罐'}, {'id': 73, 'name': '空罐/普通型/250ML/2026扫码1元乐享-广西/无顶盖', 'sap_code': '20002315', 'code': 'GC000073', 'desc': '促销型空罐'}]",空罐,包材,红牛,,,YC00000005,罐体高度,是,到货检测,,储运部,品管部,定量,初检,8,等于,托盘,,32,罐,是,32,罐,罐身高度检测仪,91.50-91.90,,mm,91.5000,91.9000,2,1,复检,每8托为一个检测单元，每一托盘随机抽取样品4罐，共32罐，并做好标识。其中4罐做本次检测。,若有不合格，取同一托6罐复检。,适用于原材料供应商制罐线改型、制罐设备大修后、换版及实验期间,2025-01-01,9999-12-31
151,,HWBT0161,001,禁用,Q/RW-TS-001-2023,"[{'id': 17, 'name': '空罐/普通型/无顶盖/250ml', 'sap_code': '20000194', 'code': 'GC000017', 'desc': '普通型空罐'}, {'id': 36, 'name': '空罐/普通型/250ML/30周年版/无顶盖', 'sap_code': '20002028', 'code': 'GC000036', 'desc': '普通型空罐'}, {'id': 37, 'name': '空罐/普通型/250ML/31周年版/无顶盖', 'sap_code': '20002271', 'code': 'GC000037', 'desc': '普通型空罐'}, {'id': 38, 'name': '空罐/普通型/250ML/2026广东红包促销/无顶盖', 'sap_code': '20002273', 'code': 'GC000038', 'desc': '促销型空罐'}, {'id': 39, 'name': '空罐/普通型/250ML/2026广东1元乐享促销/无顶盖', 'sap_code': '20002274', 'code': 'GC000039', 'desc': '促销型空罐'}, {'id': 40, 'name': '空罐/强化型/250ml/蓝色/30周年版/无底盖', 'sap_code': '20002029', 'code': 'GC000040', 'desc': '强化型空罐'}, {'id': 41, 'name': '空罐/强化型/250ml/蓝色/31周年版/无底盖', 'sap_code': '20002272', 'code': 'GC000041', 'desc': '强化型空罐'}, {'id': 66, 'name': '空罐/普通型/250ML/2026扫码1元乐享-闽苏沪/无顶盖', 'sap_code': '20002294', 'code': 'GC000066', 'desc': '促销型空罐'}, {'id': 69, 'name': '空罐/普通型/250ML/2026年1元乐享-新疆青海/无顶盖', 'sap_code': '20002303', 'code': 'GC000069', 'desc': '促销型空罐'}, {'id': 71, 'name': '空罐/普通型/250ML/2026扫码1元乐享-云贵/无顶盖', 'sap_code': '20002305', 'code': 'GC000071', 'desc': '促销型空罐'}, {'id': 73, 'name': '空罐/普通型/250ML/2026扫码1元乐享-广西/无顶盖', 'sap_code': '20002315', 'code': 'GC000073', 'desc': '促销型空罐'}]",空罐,包材,红牛,,,YC00000005,罐体高度,是,到货检测,,储运部,品管部,定量,初检,8,等于,托盘,,32,罐,是,32,罐,罐身高度检测仪,132.80-133.30,,mm,132.8000,133.3000,2,1,复检,每8托为一个检测单元，每一托盘随机抽取样品4罐，共32罐，并做好标识。其中4罐做本次检测。,若有不合格，取同一托6罐复检。,适用于原材料供应商制罐线改型、制罐设备大修后、换版及实验期间,2025-01-01,9999-12-31
152,,HWBT0162,001,禁用,Q/RW-TS-001-2023,"[{'id': 17, 'name': '空罐/普通型/无顶盖/250ml', 'sap_code': '20000194', 'code': 'GC000017', 'desc': '普通型空罐'}, {'id': 36, 'name': '空罐/普通型/250ML/30周年版/无顶盖', 'sap_code': '20002028', 'code': 'GC000036', 'desc': '普通型空罐'}, {'id': 37, 'name': '空罐/普通型/250ML/31周年版/无顶盖', 'sap_code': '20002271', 'code': 'GC000037', 'desc': '普通型空罐'}, {'id': 38, 'name': '空罐/普通型/250ML/2026广东红包促销/无顶盖', 'sap_code': '20002273', 'code': 'GC000038', 'desc': '促销型空罐'}, {'id': 39, 'name': '空罐/普通型/250ML/2026广东1元乐享促销/无顶盖', 'sap_code': '20002274', 'code': 'GC000039', 'desc': '促销型空罐'}, {'id': 40, 'name': '空罐/强化型/250ml/蓝色/30周年版/无底盖', 'sap_code': '20002029', 'code': 'GC000040', 'desc': '强化型空罐'}, {'id': 41, 'name': '空罐/强化型/250ml/蓝色/31周年版/无底盖', 'sap_code': '20002272', 'code': 'GC000041', 'desc': '强化型空罐'}, {'id': 66, 'name': '空罐/普通型/250ML/2026扫码1元乐享-闽苏沪/无顶盖', 'sap_code': '20002294', 'code': 'GC000066', 'desc': '促销型空罐'}, {'id': 69, 'name': '空罐/普通型/250ML/2026年1元乐享-新疆青海/无顶盖', 'sap_code': '20002303', 'code': 'GC000069', 'desc': '促销型空罐'}, {'id': 71, 'name': '空罐/普通型/250ML/2026扫码1元乐享-云贵/无顶盖', 'sap_code': '20002305', 'code': 'GC000071', 'desc': '促销型空罐'}, {'id': 73, 'name': '空罐/普通型/250ML/2026扫码1元乐享-广西/无顶盖', 'sap_code': '20002315', 'code': 'GC000073', 'desc': '促销型空罐'}]",空罐,包材,红牛,,,YF00000019,罐体高度,是,到货检测,,储运部,品管部,定量,复检,1,大于等于,托盘,,6,罐,是,6,罐,罐身高度检测仪,91.50-91.90,,mm,91.5000,91.9000,2,1,退货处理,从初检问题托盘中每托取6罐复检。,若仍有不合格，初检检测单元的所有商品做退货处理。,适用于原材料供应商制罐线改型、制罐设备大修后、换版及实验期间,2025-01-01,9999-12-31
153,,HWBT0163,001,禁用,Q/RW-TS-001-2023,"[{'id': 17, 'name': '空罐/普通型/无顶盖/250ml', 'sap_code': '20000194', 'code': 'GC000017', 'desc': '普通型空罐'}, {'id': 36, 'name': '空罐/普通型/250ML/30周年版/无顶盖', 'sap_code': '20002028', 'code': 'GC000036', 'desc': '普通型空罐'}, {'id': 37, 'name': '空罐/普通型/250ML/31周年版/无顶盖', 'sap_code': '20002271', 'code': 'GC000037', 'desc': '普通型空罐'}, {'id': 38, 'name': '空罐/普通型/250ML/2026广东红包促销/无顶盖', 'sap_code': '20002273', 'code': 'GC000038', 'desc': '促销型空罐'}, {'id': 39, 'name': '空罐/普通型/250ML/2026广东1元乐享促销/无顶盖', 'sap_code': '20002274', 'code': 'GC000039', 'desc': '促销型空罐'}, {'id': 40, 'name': '空罐/强化型/250ml/蓝色/30周年版/无底盖', 'sap_code': '20002029', 'code': 'GC000040', 'desc': '强化型空罐'}, {'id': 41, 'name': '空罐/强化型/250ml/蓝色/31周年版/无底盖', 'sap_code': '20002272', 'code': 'GC000041', 'desc': '强化型空罐'}, {'id': 66, 'name': '空罐/普通型/250ML/2026扫码1元乐享-闽苏沪/无顶盖', 'sap_code': '20002294', 'code': 'GC000066', 'desc': '促销型空罐'}, {'id': 69, 'name': '空罐/普通型/250ML/2026年1元乐享-新疆青海/无顶盖', 'sap_code': '20002303', 'code': 'GC000069', 'desc': '促销型空罐'}, {'id': 71, 'name': '空罐/普通型/250ML/2026扫码1元乐享-云贵/无顶盖', 'sap_code': '20002305', 'code': 'GC000071', 'desc': '促销型空罐'}, {'id': 73, 'name': '空罐/普通型/250ML/2026扫码1元乐享-广西/无顶盖', 'sap_code': '20002315', 'code': 'GC000073', 'desc': '促销型空罐'}]",空罐,包材,红牛,,,YF00000019,罐体高度,是,到货检测,,储运部,品管部,定量,复检,1,大于等于,托盘,,6,罐,是,6,罐,罐身高度检测仪,91.50-91.90,,mm,91.5000,91.9000,2,1,退货处理,从初检问题托盘中每托取6罐复检。,若仍有不合格，初检检测单元的所有商品做退货处理。,适用于原材料供应商制罐线改型、制罐设备大修后、换版及实验期间,2025-01-01,9999-12-31
154,,HWBT0164,001,禁用,Q/RW-TS-001-2023,"[{'id': 17, 'name': '空罐/普通型/无顶盖/250ml', 'sap_code': '20000194', 'code': 'GC000017', 'desc': '普通型空罐'}, {'id': 36, 'name': '空罐/普通型/250ML/30周年版/无顶盖', 'sap_code': '20002028', 'code': 'GC000036', 'desc': '普通型空罐'}, {'id': 37, 'name': '空罐/普通型/250ML/31周年版/无顶盖', 'sap_code': '20002271', 'code': 'GC000037', 'desc': '普通型空罐'}, {'id': 38, 'name': '空罐/普通型/250ML/2026广东红包促销/无顶盖', 'sap_code': '20002273', 'code': 'GC000038', 'desc': '促销型空罐'}, {'id': 39, 'name': '空罐/普通型/250ML/2026广东1元乐享促销/无顶盖', 'sap_code': '20002274', 'code': 'GC000039', 'desc': '促销型空罐'}, {'id': 40, 'name': '空罐/强化型/250ml/蓝色/30周年版/无底盖', 'sap_code': '20002029', 'code': 'GC000040', 'desc': '强化型空罐'}, {'id': 41, 'name': '空罐/强化型/250ml/蓝色/31周年版/无底盖', 'sap_code': '20002272', 'code': 'GC000041', 'desc': '强化型空罐'}, {'id': 66, 'name': '空罐/普通型/250ML/2026扫码1元乐享-闽苏沪/无顶盖', 'sap_code': '20002294', 'code': 'GC000066', 'desc': '促销型空罐'}, {'id': 69, 'name': '空罐/普通型/250ML/2026年1元乐享-新疆青海/无顶盖', 'sap_code': '20002303', 'code': 'GC000069', 'desc': '促销型空罐'}, {'id': 71, 'name': '空罐/普通型/250ML/2026扫码1元乐享-云贵/无顶盖', 'sap_code': '20002305', 'code': 'GC000071', 'desc': '促销型空罐'}, {'id': 73, 'name': '空罐/普通型/250ML/2026扫码1元乐享-广西/无顶盖', 'sap_code': '20002315', 'code': 'GC000073', 'desc': '促销型空罐'}]",空罐,包材,红牛,,,YF00000019,罐体高度,是,到货检测,,储运部,品管部,定量,复检,1,大于等于,托盘,,6,罐,是,6,罐,罐身高度检测仪,132.80-133.30,,mm,132.8000,133.3000,2,1,退货处理,从初检问题托盘中每托取6罐复检。,若仍有不合格，初检检测单元的所有商品做退货处理。,适用于原材料供应商制罐线改型、制罐设备大修后、换版及实验期间,2025-01-01,9999-12-31
155,,HWBT0165,001,禁用,Q/RW-TS-001-2023,"[{'id': 17, 'name': '空罐/普通型/无顶盖/250ml', 'sap_code': '20000194', 'code': 'GC000017', 'desc': '普通型空罐'}, {'id': 36, 'name': '空罐/普通型/250ML/30周年版/无顶盖', 'sap_code': '20002028', 'code': 'GC000036', 'desc': '普通型空罐'}, {'id': 37, 'name': '空罐/普通型/250ML/31周年版/无顶盖', 'sap_code': '20002271', 'code': 'GC000037', 'desc': '普通型空罐'}, {'id': 38, 'name': '空罐/普通型/250ML/2026广东红包促销/无顶盖', 'sap_code': '20002273', 'code': 'GC000038', 'desc': '促销型空罐'}, {'id': 39, 'name': '空罐/普通型/250ML/2026广东1元乐享促销/无顶盖', 'sap_code': '20002274', 'code': 'GC000039', 'desc': '促销型空罐'}, {'id': 40, 'name': '空罐/强化型/250ml/蓝色/30周年版/无底盖', 'sap_code': '20002029', 'code': 'GC000040', 'desc': '强化型空罐'}, {'id': 41, 'name': '空罐/强化型/250ml/蓝色/31周年版/无底盖', 'sap_code': '20002272', 'code': 'GC000041', 'desc': '强化型空罐'}, {'id': 66, 'name': '空罐/普通型/250ML/2026扫码1元乐享-闽苏沪/无顶盖', 'sap_code': '20002294', 'code': 'GC000066', 'desc': '促销型空罐'}, {'id': 69, 'name': '空罐/普通型/250ML/2026年1元乐享-新疆青海/无顶盖', 'sap_code': '20002303', 'code': 'GC000069', 'desc': '促销型空罐'}, {'id': 71, 'name': '空罐/普通型/250ML/2026扫码1元乐享-云贵/无顶盖', 'sap_code': '20002305', 'code': 'GC000071', 'desc': '促销型空罐'}, {'id': 73, 'name': '空罐/普通型/250ML/2026扫码1元乐享-广西/无顶盖', 'sap_code': '20002315', 'code': 'GC000073', 'desc': '促销型空罐'}]",空罐,包材,红牛,8886,红牛维他命饮料（江苏）有限公司,YC00000005,翻边尺寸,是,到货检测,,储运部,品管部,定量,初检,8,等于,托盘,,32,罐,是,32,罐,空罐翻边宽度检测仪,2.20-2.60,,mm,2.2000,2.6000,2,1,复检,每8托为一个检测单元，每一托盘随机抽取样品4罐，共32罐，并做好标识。其中4罐做本次检测。,若有不合格，取同一托6罐复检。,适用于原材料供应商制罐线改型、制罐设备大修后、换版及实验期间,2025-01-01,9999-12-31
156,,HWBT0166,001,禁用,Q/RW-TS-001-2023,"[{'id': 17, 'name': '空罐/普通型/无顶盖/250ml', 'sap_code': '20000194', 'code': 'GC000017', 'desc': '普通型空罐'}, {'id': 36, 'name': '空罐/普通型/250ML/30周年版/无顶盖', 'sap_code': '20002028', 'code': 'GC000036', 'desc': '普通型空罐'}, {'id': 37, 'name': '空罐/普通型/250ML/31周年版/无顶盖', 'sap_code': '20002271', 'code': 'GC000037', 'desc': '普通型空罐'}, {'id': 38, 'name': '空罐/普通型/250ML/2026广东红包促销/无顶盖', 'sap_code': '20002273', 'code': 'GC000038', 'desc': '促销型空罐'}, {'id': 39, 'name': '空罐/普通型/250ML/2026广东1元乐享促销/无顶盖', 'sap_code': '20002274', 'code': 'GC000039', 'desc': '促销型空罐'}, {'id': 40, 'name': '空罐/强化型/250ml/蓝色/30周年版/无底盖', 'sap_code': '20002029', 'code': 'GC000040', 'desc': '强化型空罐'}, {'id': 41, 'name': '空罐/强化型/250ml/蓝色/31周年版/无底盖', 'sap_code': '20002272', 'code': 'GC000041', 'desc': '强化型空罐'}, {'id': 66, 'name': '空罐/普通型/250ML/2026扫码1元乐享-闽苏沪/无顶盖', 'sap_code': '20002294', 'code': 'GC000066', 'desc': '促销型空罐'}, {'id': 69, 'name': '空罐/普通型/250ML/2026年1元乐享-新疆青海/无顶盖', 'sap_code': '20002303', 'code': 'GC000069', 'desc': '促销型空罐'}, {'id': 71, 'name': '空罐/普通型/250ML/2026扫码1元乐享-云贵/无顶盖', 'sap_code': '20002305', 'code': 'GC000071', 'desc': '促销型空罐'}, {'id': 73, 'name': '空罐/普通型/250ML/2026扫码1元乐享-广西/无顶盖', 'sap_code': '20002315', 'code': 'GC000073', 'desc': '促销型空罐'}]",空罐,包材,红牛,8886,红牛维他命饮料（江苏）有限公司,YC00000005,翻边尺寸,是,到货检测,,储运部,品管部,定量,初检,8,等于,托盘,,32,罐,是,32,罐,空罐翻边宽度检测仪,2.20-2.60,,mm,2.2000,2.6000,2,1,复检,每8托为一个检测单元，每一托盘随机抽取样品4罐，共32罐，并做好标识。其中4罐做本次检测。,若有不合格，取同一托6罐复检。,适用于原材料供应商制罐线改型、制罐设备大修后、换版及实验期间,2025-01-01,9999-12-31
157,,HWBT0167,001,禁用,Q/RW-TS-001-2023,"[{'id': 17, 'name': '空罐/普通型/无顶盖/250ml', 'sap_code': '20000194', 'code': 'GC000017', 'desc': '普通型空罐'}, {'id': 36, 'name': '空罐/普通型/250ML/30周年版/无顶盖', 'sap_code': '20002028', 'code': 'GC000036', 'desc': '普通型空罐'}, {'id': 37, 'name': '空罐/普通型/250ML/31周年版/无顶盖', 'sap_code': '20002271', 'code': 'GC000037', 'desc': '普通型空罐'}, {'id': 38, 'name': '空罐/普通型/250ML/2026广东红包促销/无顶盖', 'sap_code': '20002273', 'code': 'GC000038', 'desc': '促销型空罐'}, {'id': 39, 'name': '空罐/普通型/250ML/2026广东1元乐享促销/无顶盖', 'sap_code': '20002274', 'code': 'GC000039', 'desc': '促销型空罐'}, {'id': 40, 'name': '空罐/强化型/250ml/蓝色/30周年版/无底盖', 'sap_code': '20002029', 'code': 'GC000040', 'desc': '强化型空罐'}, {'id': 41, 'name': '空罐/强化型/250ml/蓝色/31周年版/无底盖', 'sap_code': '20002272', 'code': 'GC000041', 'desc': '强化型空罐'}, {'id': 66, 'name': '空罐/普通型/250ML/2026扫码1元乐享-闽苏沪/无顶盖', 'sap_code': '20002294', 'code': 'GC000066', 'desc': '促销型空罐'}, {'id': 69, 'name': '空罐/普通型/250ML/2026年1元乐享-新疆青海/无顶盖', 'sap_code': '20002303', 'code': 'GC000069', 'desc': '促销型空罐'}, {'id': 71, 'name': '空罐/普通型/250ML/2026扫码1元乐享-云贵/无顶盖', 'sap_code': '20002305', 'code': 'GC000071', 'desc': '促销型空罐'}, {'id': 73, 'name': '空罐/普通型/250ML/2026扫码1元乐享-广西/无顶盖', 'sap_code': '20002315', 'code': 'GC000073', 'desc': '促销型空罐'}]",空罐,包材,红牛,8885,广东红牛维他命饮料有限公司,YC00000005,翻边尺寸,是,到货检测,,储运部,品管部,定量,初检,8,等于,托盘,,32,罐,是,32,罐,空罐翻边宽度检测仪,2.20-2.70,,mm,2.2000,2.7000,2,1,复检,每8托为一个检测单元，每一托盘随机抽取样品4罐，共32罐，并做好标识。其中4罐做本次检测。,若有不合格，取同一托6罐复检。,适用于原材料供应商制罐线改型、制罐设备大修后、换版及实验期间,2025-01-01,9999-12-31
158,,HWBT0168,001,禁用,Q/RW-TS-001-2023,"[{'id': 17, 'name': '空罐/普通型/无顶盖/250ml', 'sap_code': '20000194', 'code': 'GC000017', 'desc': '普通型空罐'}, {'id': 36, 'name': '空罐/普通型/250ML/30周年版/无顶盖', 'sap_code': '20002028', 'code': 'GC000036', 'desc': '普通型空罐'}, {'id': 37, 'name': '空罐/普通型/250ML/31周年版/无顶盖', 'sap_code': '20002271', 'code': 'GC000037', 'desc': '普通型空罐'}, {'id': 38, 'name': '空罐/普通型/250ML/2026广东红包促销/无顶盖', 'sap_code': '20002273', 'code': 'GC000038', 'desc': '促销型空罐'}, {'id': 39, 'name': '空罐/普通型/250ML/2026广东1元乐享促销/无顶盖', 'sap_code': '20002274', 'code': 'GC000039', 'desc': '促销型空罐'}, {'id': 40, 'name': '空罐/强化型/250ml/蓝色/30周年版/无底盖', 'sap_code': '20002029', 'code': 'GC000040', 'desc': '强化型空罐'}, {'id': 41, 'name': '空罐/强化型/250ml/蓝色/31周年版/无底盖', 'sap_code': '20002272', 'code': 'GC000041', 'desc': '强化型空罐'}, {'id': 66, 'name': '空罐/普通型/250ML/2026扫码1元乐享-闽苏沪/无顶盖', 'sap_code': '20002294', 'code': 'GC000066', 'desc': '促销型空罐'}, {'id': 69, 'name': '空罐/普通型/250ML/2026年1元乐享-新疆青海/无顶盖', 'sap_code': '20002303', 'code': 'GC000069', 'desc': '促销型空罐'}, {'id': 71, 'name': '空罐/普通型/250ML/2026扫码1元乐享-云贵/无顶盖', 'sap_code': '20002305', 'code': 'GC000071', 'desc': '促销型空罐'}, {'id': 73, 'name': '空罐/普通型/250ML/2026扫码1元乐享-广西/无顶盖', 'sap_code': '20002315', 'code': 'GC000073', 'desc': '促销型空罐'}]",空罐,包材,红牛,8885,广东红牛维他命饮料有限公司,YC00000005,翻边尺寸,是,到货检测,,储运部,品管部,定量,初检,8,等于,托盘,,32,罐,是,32,罐,空罐翻边宽度检测仪,2.20-2.70,,mm,2.2000,2.7000,2,1,复检,每8托为一个检测单元，每一托盘随机抽取样品4罐，共32罐，并做好标识。其中4罐做本次检测。,若有不合格，取同一托6罐复检。,适用于原材料供应商制罐线改型、制罐设备大修后、换版及实验期间,2025-01-01,9999-12-31
159,,HWBT0169,001,禁用,Q/RW-TS-001-2023,"[{'id': 17, 'name': '空罐/普通型/无顶盖/250ml', 'sap_code': '20000194', 'code': 'GC000017', 'desc': '普通型空罐'}, {'id': 36, 'name': '空罐/普通型/250ML/30周年版/无顶盖', 'sap_code': '20002028', 'code': 'GC000036', 'desc': '普通型空罐'}, {'id': 37, 'name': '空罐/普通型/250ML/31周年版/无顶盖', 'sap_code': '20002271', 'code': 'GC000037', 'desc': '普通型空罐'}, {'id': 38, 'name': '空罐/普通型/250ML/2026广东红包促销/无顶盖', 'sap_code': '20002273', 'code': 'GC000038', 'desc': '促销型空罐'}, {'id': 39, 'name': '空罐/普通型/250ML/2026广东1元乐享促销/无顶盖', 'sap_code': '20002274', 'code': 'GC000039', 'desc': '促销型空罐'}, {'id': 40, 'name': '空罐/强化型/250ml/蓝色/30周年版/无底盖', 'sap_code': '20002029', 'code': 'GC000040', 'desc': '强化型空罐'}, {'id': 41, 'name': '空罐/强化型/250ml/蓝色/31周年版/无底盖', 'sap_code': '20002272', 'code': 'GC000041', 'desc': '强化型空罐'}, {'id': 66, 'name': '空罐/普通型/250ML/2026扫码1元乐享-闽苏沪/无顶盖', 'sap_code': '20002294', 'code': 'GC000066', 'desc': '促销型空罐'}, {'id': 69, 'name': '空罐/普通型/250ML/2026年1元乐享-新疆青海/无顶盖', 'sap_code': '20002303', 'code': 'GC000069', 'desc': '促销型空罐'}, {'id': 71, 'name': '空罐/普通型/250ML/2026扫码1元乐享-云贵/无顶盖', 'sap_code': '20002305', 'code': 'GC000071', 'desc': '促销型空罐'}, {'id': 73, 'name': '空罐/普通型/250ML/2026扫码1元乐享-广西/无顶盖', 'sap_code': '20002315', 'code': 'GC000073', 'desc': '促销型空罐'}]",空罐,包材,红牛,8880,红牛维他命饮料有限公司,YC00000005,翻边尺寸,是,到货检测,,储运部,品管部,定量,初检,8,等于,托盘,,32,罐,是,32,罐,空罐翻边宽度检测仪,2.20-2.70,,mm,2.2000,2.7000,2,1,复检,每8托为一个检测单元，每一托盘随机抽取样品4罐，共32罐，并做好标识。其中4罐做本次检测。,若有不合格，取同一托6罐复检。,适用于原材料供应商制罐线改型、制罐设备大修后、换版及实验期间,2025-01-01,9999-12-31
160,,HWBT0170,001,禁用,Q/RW-TS-001-2023,"[{'id': 17, 'name': '空罐/普通型/无顶盖/250ml', 'sap_code': '20000194', 'code': 'GC000017', 'desc': '普通型空罐'}, {'id': 36, 'name': '空罐/普通型/250ML/30周年版/无顶盖', 'sap_code': '20002028', 'code': 'GC000036', 'desc': '普通型空罐'}, {'id': 37, 'name': '空罐/普通型/250ML/31周年版/无顶盖', 'sap_code': '20002271', 'code': 'GC000037', 'desc': '普通型空罐'}, {'id': 38, 'name': '空罐/普通型/250ML/2026广东红包促销/无顶盖', 'sap_code': '20002273', 'code': 'GC000038', 'desc': '促销型空罐'}, {'id': 39, 'name': '空罐/普通型/250ML/2026广东1元乐享促销/无顶盖', 'sap_code': '20002274', 'code': 'GC000039', 'desc': '促销型空罐'}, {'id': 40, 'name': '空罐/强化型/250ml/蓝色/30周年版/无底盖', 'sap_code': '20002029', 'code': 'GC000040', 'desc': '强化型空罐'}, {'id': 41, 'name': '空罐/强化型/250ml/蓝色/31周年版/无底盖', 'sap_code': '20002272', 'code': 'GC000041', 'desc': '强化型空罐'}, {'id': 66, 'name': '空罐/普通型/250ML/2026扫码1元乐享-闽苏沪/无顶盖', 'sap_code': '20002294', 'code': 'GC000066', 'desc': '促销型空罐'}, {'id': 69, 'name': '空罐/普通型/250ML/2026年1元乐享-新疆青海/无顶盖', 'sap_code': '20002303', 'code': 'GC000069', 'desc': '促销型空罐'}, {'id': 71, 'name': '空罐/普通型/250ML/2026扫码1元乐享-云贵/无顶盖', 'sap_code': '20002305', 'code': 'GC000071', 'desc': '促销型空罐'}, {'id': 73, 'name': '空罐/普通型/250ML/2026扫码1元乐享-广西/无顶盖', 'sap_code': '20002315', 'code': 'GC000073', 'desc': '促销型空罐'}]",空罐,包材,红牛,8880,红牛维他命饮料有限公司,YC00000005,翻边尺寸,是,到货检测,,储运部,品管部,定量,初检,8,等于,托盘,,32,罐,是,32,罐,空罐翻边宽度检测仪,2.20-2.70,,mm,2.2000,2.7000,2,1,复检,每8托为一个检测单元，每一托盘随机抽取样品4罐，共32罐，并做好标识。其中4罐做本次检测。,若有不合格，取同一托6罐复检。,适用于原材料供应商制罐线改型、制罐设备大修后、换版及实验期间,2025-01-01,9999-12-31
161,,HWBT0171,001,禁用,Q/RW-TS-001-2023,"[{'id': 17, 'name': '空罐/普通型/无顶盖/250ml', 'sap_code': '20000194', 'code': 'GC000017', 'desc': '普通型空罐'}, {'id': 36, 'name': '空罐/普通型/250ML/30周年版/无顶盖', 'sap_code': '20002028', 'code': 'GC000036', 'desc': '普通型空罐'}, {'id': 37, 'name': '空罐/普通型/250ML/31周年版/无顶盖', 'sap_code': '20002271', 'code': 'GC000037', 'desc': '普通型空罐'}, {'id': 38, 'name': '空罐/普通型/250ML/2026广东红包促销/无顶盖', 'sap_code': '20002273', 'code': 'GC000038', 'desc': '促销型空罐'}, {'id': 39, 'name': '空罐/普通型/250ML/2026广东1元乐享促销/无顶盖', 'sap_code': '20002274', 'code': 'GC000039', 'desc': '促销型空罐'}, {'id': 40, 'name': '空罐/强化型/250ml/蓝色/30周年版/无底盖', 'sap_code': '20002029', 'code': 'GC000040', 'desc': '强化型空罐'}, {'id': 41, 'name': '空罐/强化型/250ml/蓝色/31周年版/无底盖', 'sap_code': '20002272', 'code': 'GC000041', 'desc': '强化型空罐'}, {'id': 66, 'name': '空罐/普通型/250ML/2026扫码1元乐享-闽苏沪/无顶盖', 'sap_code': '20002294', 'code': 'GC000066', 'desc': '促销型空罐'}, {'id': 69, 'name': '空罐/普通型/250ML/2026年1元乐享-新疆青海/无顶盖', 'sap_code': '20002303', 'code': 'GC000069', 'desc': '促销型空罐'}, {'id': 71, 'name': '空罐/普通型/250ML/2026扫码1元乐享-云贵/无顶盖', 'sap_code': '20002305', 'code': 'GC000071', 'desc': '促销型空罐'}, {'id': 73, 'name': '空罐/普通型/250ML/2026扫码1元乐享-广西/无顶盖', 'sap_code': '20002315', 'code': 'GC000073', 'desc': '促销型空罐'}]",空罐,包材,红牛,8883,红牛维他命饮料（湖北）有限公司,YC00000005,翻边尺寸,是,到货检测,,储运部,品管部,定量,初检,8,等于,托盘,,32,罐,是,32,罐,空罐翻边宽度检测仪,2.20-2.70,,mm,2.2000,2.7000,2,1,复检,每8托为一个检测单元，每一托盘随机抽取样品4罐，共32罐，并做好标识。其中4罐做本次检测。,若有不合格，取同一托6罐复检。,适用于原材料供应商制罐线改型、制罐设备大修后、换版及实验期间,2025-01-01,9999-12-31
162,,HWBT0172,001,禁用,Q/RW-TS-001-2023,"[{'id': 17, 'name': '空罐/普通型/无顶盖/250ml', 'sap_code': '20000194', 'code': 'GC000017', 'desc': '普通型空罐'}, {'id': 36, 'name': '空罐/普通型/250ML/30周年版/无顶盖', 'sap_code': '20002028', 'code': 'GC000036', 'desc': '普通型空罐'}, {'id': 37, 'name': '空罐/普通型/250ML/31周年版/无顶盖', 'sap_code': '20002271', 'code': 'GC000037', 'desc': '普通型空罐'}, {'id': 38, 'name': '空罐/普通型/250ML/2026广东红包促销/无顶盖', 'sap_code': '20002273', 'code': 'GC000038', 'desc': '促销型空罐'}, {'id': 39, 'name': '空罐/普通型/250ML/2026广东1元乐享促销/无顶盖', 'sap_code': '20002274', 'code': 'GC000039', 'desc': '促销型空罐'}, {'id': 40, 'name': '空罐/强化型/250ml/蓝色/30周年版/无底盖', 'sap_code': '20002029', 'code': 'GC000040', 'desc': '强化型空罐'}, {'id': 41, 'name': '空罐/强化型/250ml/蓝色/31周年版/无底盖', 'sap_code': '20002272', 'code': 'GC000041', 'desc': '强化型空罐'}, {'id': 66, 'name': '空罐/普通型/250ML/2026扫码1元乐享-闽苏沪/无顶盖', 'sap_code': '20002294', 'code': 'GC000066', 'desc': '促销型空罐'}, {'id': 69, 'name': '空罐/普通型/250ML/2026年1元乐享-新疆青海/无顶盖', 'sap_code': '20002303', 'code': 'GC000069', 'desc': '促销型空罐'}, {'id': 71, 'name': '空罐/普通型/250ML/2026扫码1元乐享-云贵/无顶盖', 'sap_code': '20002305', 'code': 'GC000071', 'desc': '促销型空罐'}, {'id': 73, 'name': '空罐/普通型/250ML/2026扫码1元乐享-广西/无顶盖', 'sap_code': '20002315', 'code': 'GC000073', 'desc': '促销型空罐'}]",空罐,包材,红牛,8883,红牛维他命饮料（湖北）有限公司,YC00000005,翻边尺寸,是,到货检测,,储运部,品管部,定量,初检,8,等于,托盘,,32,罐,是,32,罐,空罐翻边宽度检测仪,2.20-2.70,,mm,2.2000,2.7000,2,1,复检,每8托为一个检测单元，每一托盘随机抽取样品4罐，共32罐，并做好标识。其中4罐做本次检测。,若有不合格，取同一托6罐复检。,适用于原材料供应商制罐线改型、制罐设备大修后、换版及实验期间,2025-01-01,9999-12-31
163,,HWBT0173,001,禁用,Q/RW-TS-001-2023,"[{'id': 17, 'name': '空罐/普通型/无顶盖/250ml', 'sap_code': '20000194', 'code': 'GC000017', 'desc': '普通型空罐'}, {'id': 36, 'name': '空罐/普通型/250ML/30周年版/无顶盖', 'sap_code': '20002028', 'code': 'GC000036', 'desc': '普通型空罐'}, {'id': 37, 'name': '空罐/普通型/250ML/31周年版/无顶盖', 'sap_code': '20002271', 'code': 'GC000037', 'desc': '普通型空罐'}, {'id': 38, 'name': '空罐/普通型/250ML/2026广东红包促销/无顶盖', 'sap_code': '20002273', 'code': 'GC000038', 'desc': '促销型空罐'}, {'id': 39, 'name': '空罐/普通型/250ML/2026广东1元乐享促销/无顶盖', 'sap_code': '20002274', 'code': 'GC000039', 'desc': '促销型空罐'}, {'id': 40, 'name': '空罐/强化型/250ml/蓝色/30周年版/无底盖', 'sap_code': '20002029', 'code': 'GC000040', 'desc': '强化型空罐'}, {'id': 41, 'name': '空罐/强化型/250ml/蓝色/31周年版/无底盖', 'sap_code': '20002272', 'code': 'GC000041', 'desc': '强化型空罐'}, {'id': 66, 'name': '空罐/普通型/250ML/2026扫码1元乐享-闽苏沪/无顶盖', 'sap_code': '20002294', 'code': 'GC000066', 'desc': '促销型空罐'}, {'id': 69, 'name': '空罐/普通型/250ML/2026年1元乐享-新疆青海/无顶盖', 'sap_code': '20002303', 'code': 'GC000069', 'desc': '促销型空罐'}, {'id': 71, 'name': '空罐/普通型/250ML/2026扫码1元乐享-云贵/无顶盖', 'sap_code': '20002305', 'code': 'GC000071', 'desc': '促销型空罐'}, {'id': 73, 'name': '空罐/普通型/250ML/2026扫码1元乐享-广西/无顶盖', 'sap_code': '20002315', 'code': 'GC000073', 'desc': '促销型空罐'}]",空罐,包材,红牛,6866,华彬快速消费品饮料（福建）有限公司,YC00000005,翻边尺寸,是,到货检测,,储运部,品管部,定量,初检,8,等于,托盘,,32,罐,是,32,罐,空罐翻边宽度检测仪,2.20-2.70,,mm,2.2000,2.7000,2,1,复检,每8托为一个检测单元，每一托盘随机抽取样品4罐，共32罐，并做好标识。其中4罐做本次检测。,若有不合格，取同一托6罐复检。,适用于原材料供应商制罐线改型、制罐设备大修后、换版及实验期间,2025-01-01,9999-12-31
164,,HWBT0174,001,禁用,Q/RW-TS-001-2023,"[{'id': 17, 'name': '空罐/普通型/无顶盖/250ml', 'sap_code': '20000194', 'code': 'GC000017', 'desc': '普通型空罐'}, {'id': 36, 'name': '空罐/普通型/250ML/30周年版/无顶盖', 'sap_code': '20002028', 'code': 'GC000036', 'desc': '普通型空罐'}, {'id': 37, 'name': '空罐/普通型/250ML/31周年版/无顶盖', 'sap_code': '20002271', 'code': 'GC000037', 'desc': '普通型空罐'}, {'id': 38, 'name': '空罐/普通型/250ML/2026广东红包促销/无顶盖', 'sap_code': '20002273', 'code': 'GC000038', 'desc': '促销型空罐'}, {'id': 39, 'name': '空罐/普通型/250ML/2026广东1元乐享促销/无顶盖', 'sap_code': '20002274', 'code': 'GC000039', 'desc': '促销型空罐'}, {'id': 40, 'name': '空罐/强化型/250ml/蓝色/30周年版/无底盖', 'sap_code': '20002029', 'code': 'GC000040', 'desc': '强化型空罐'}, {'id': 41, 'name': '空罐/强化型/250ml/蓝色/31周年版/无底盖', 'sap_code': '20002272', 'code': 'GC000041', 'desc': '强化型空罐'}, {'id': 66, 'name': '空罐/普通型/250ML/2026扫码1元乐享-闽苏沪/无顶盖', 'sap_code': '20002294', 'code': 'GC000066', 'desc': '促销型空罐'}, {'id': 69, 'name': '空罐/普通型/250ML/2026年1元乐享-新疆青海/无顶盖', 'sap_code': '20002303', 'code': 'GC000069', 'desc': '促销型空罐'}, {'id': 71, 'name': '空罐/普通型/250ML/2026扫码1元乐享-云贵/无顶盖', 'sap_code': '20002305', 'code': 'GC000071', 'desc': '促销型空罐'}, {'id': 73, 'name': '空罐/普通型/250ML/2026扫码1元乐享-广西/无顶盖', 'sap_code': '20002315', 'code': 'GC000073', 'desc': '促销型空罐'}]",空罐,包材,红牛,6866,华彬快速消费品饮料（福建）有限公司,YC00000005,翻边尺寸,是,到货检测,,储运部,品管部,定量,初检,8,等于,托盘,,32,罐,是,32,罐,空罐翻边宽度检测仪,2.20-2.70,,mm,2.2000,2.7000,2,1,复检,每8托为一个检测单元，每一托盘随机抽取样品4罐，共32罐，并做好标识。其中4罐做本次检测。,若有不合格，取同一托6罐复检。,适用于原材料供应商制罐线改型、制罐设备大修后、换版及实验期间,2025-01-01,9999-12-31
165,,HWBT0175,001,禁用,Q/RW-TS-001-2023,"[{'id': 17, 'name': '空罐/普通型/无顶盖/250ml', 'sap_code': '20000194', 'code': 'GC000017', 'desc': '普通型空罐'}, {'id': 36, 'name': '空罐/普通型/250ML/30周年版/无顶盖', 'sap_code': '20002028', 'code': 'GC000036', 'desc': '普通型空罐'}, {'id': 37, 'name': '空罐/普通型/250ML/31周年版/无顶盖', 'sap_code': '20002271', 'code': 'GC000037', 'desc': '普通型空罐'}, {'id': 38, 'name': '空罐/普通型/250ML/2026广东红包促销/无顶盖', 'sap_code': '20002273', 'code': 'GC000038', 'desc': '促销型空罐'}, {'id': 39, 'name': '空罐/普通型/250ML/2026广东1元乐享促销/无顶盖', 'sap_code': '20002274', 'code': 'GC000039', 'desc': '促销型空罐'}, {'id': 40, 'name': '空罐/强化型/250ml/蓝色/30周年版/无底盖', 'sap_code': '20002029', 'code': 'GC000040', 'desc': '强化型空罐'}, {'id': 41, 'name': '空罐/强化型/250ml/蓝色/31周年版/无底盖', 'sap_code': '20002272', 'code': 'GC000041', 'desc': '强化型空罐'}, {'id': 66, 'name': '空罐/普通型/250ML/2026扫码1元乐享-闽苏沪/无顶盖', 'sap_code': '20002294', 'code': 'GC000066', 'desc': '促销型空罐'}, {'id': 69, 'name': '空罐/普通型/250ML/2026年1元乐享-新疆青海/无顶盖', 'sap_code': '20002303', 'code': 'GC000069', 'desc': '促销型空罐'}, {'id': 71, 'name': '空罐/普通型/250ML/2026扫码1元乐享-云贵/无顶盖', 'sap_code': '20002305', 'code': 'GC000071', 'desc': '促销型空罐'}, {'id': 73, 'name': '空罐/普通型/250ML/2026扫码1元乐享-广西/无顶盖', 'sap_code': '20002315', 'code': 'GC000073', 'desc': '促销型空罐'}]",空罐,包材,红牛,6865,华彬快速消费品饮料（贵州）有限公司,YC00000005,翻边尺寸,是,到货检测,,储运部,品管部,定量,初检,8,等于,托盘,,32,罐,是,32,罐,空罐翻边宽度检测仪,2.20-2.70,,mm,2.2000,2.7000,2,1,复检,每8托为一个检测单元，每一托盘随机抽取样品4罐，共32罐，并做好标识。其中4罐做本次检测。,若有不合格，取同一托6罐复检。,适用于原材料供应商制罐线改型、制罐设备大修后、换版及实验期间,2025-01-01,9999-12-31
166,,HWBT0176,001,禁用,Q/RW-TS-001-2023,"[{'id': 17, 'name': '空罐/普通型/无顶盖/250ml', 'sap_code': '20000194', 'code': 'GC000017', 'desc': '普通型空罐'}, {'id': 36, 'name': '空罐/普通型/250ML/30周年版/无顶盖', 'sap_code': '20002028', 'code': 'GC000036', 'desc': '普通型空罐'}, {'id': 37, 'name': '空罐/普通型/250ML/31周年版/无顶盖', 'sap_code': '20002271', 'code': 'GC000037', 'desc': '普通型空罐'}, {'id': 38, 'name': '空罐/普通型/250ML/2026广东红包促销/无顶盖', 'sap_code': '20002273', 'code': 'GC000038', 'desc': '促销型空罐'}, {'id': 39, 'name': '空罐/普通型/250ML/2026广东1元乐享促销/无顶盖', 'sap_code': '20002274', 'code': 'GC000039', 'desc': '促销型空罐'}, {'id': 40, 'name': '空罐/强化型/250ml/蓝色/30周年版/无底盖', 'sap_code': '20002029', 'code': 'GC000040', 'desc': '强化型空罐'}, {'id': 41, 'name': '空罐/强化型/250ml/蓝色/31周年版/无底盖', 'sap_code': '20002272', 'code': 'GC000041', 'desc': '强化型空罐'}, {'id': 66, 'name': '空罐/普通型/250ML/2026扫码1元乐享-闽苏沪/无顶盖', 'sap_code': '20002294', 'code': 'GC000066', 'desc': '促销型空罐'}, {'id': 69, 'name': '空罐/普通型/250ML/2026年1元乐享-新疆青海/无顶盖', 'sap_code': '20002303', 'code': 'GC000069', 'desc': '促销型空罐'}, {'id': 71, 'name': '空罐/普通型/250ML/2026扫码1元乐享-云贵/无顶盖', 'sap_code': '20002305', 'code': 'GC000071', 'desc': '促销型空罐'}, {'id': 73, 'name': '空罐/普通型/250ML/2026扫码1元乐享-广西/无顶盖', 'sap_code': '20002315', 'code': 'GC000073', 'desc': '促销型空罐'}]",空罐,包材,红牛,6865,华彬快速消费品饮料（贵州）有限公司,YC00000005,翻边尺寸,是,到货检测,,储运部,品管部,定量,初检,8,等于,托盘,,32,罐,是,32,罐,空罐翻边宽度检测仪,2.20-2.70,,mm,2.2000,2.7000,2,1,复检,每8托为一个检测单元，每一托盘随机抽取样品4罐，共32罐，并做好标识。其中4罐做本次检测。,若有不合格，取同一托6罐复检。,适用于原材料供应商制罐线改型、制罐设备大修后、换版及实验期间,2025-01-01,9999-12-31
167,,HWBT0177,001,禁用,Q/RW-TS-001-2023,"[{'id': 17, 'name': '空罐/普通型/无顶盖/250ml', 'sap_code': '20000194', 'code': 'GC000017', 'desc': '普通型空罐'}, {'id': 36, 'name': '空罐/普通型/250ML/30周年版/无顶盖', 'sap_code': '20002028', 'code': 'GC000036', 'desc': '普通型空罐'}, {'id': 37, 'name': '空罐/普通型/250ML/31周年版/无顶盖', 'sap_code': '20002271', 'code': 'GC000037', 'desc': '普通型空罐'}, {'id': 38, 'name': '空罐/普通型/250ML/2026广东红包促销/无顶盖', 'sap_code': '20002273', 'code': 'GC000038', 'desc': '促销型空罐'}, {'id': 39, 'name': '空罐/普通型/250ML/2026广东1元乐享促销/无顶盖', 'sap_code': '20002274', 'code': 'GC000039', 'desc': '促销型空罐'}, {'id': 40, 'name': '空罐/强化型/250ml/蓝色/30周年版/无底盖', 'sap_code': '20002029', 'code': 'GC000040', 'desc': '强化型空罐'}, {'id': 41, 'name': '空罐/强化型/250ml/蓝色/31周年版/无底盖', 'sap_code': '20002272', 'code': 'GC000041', 'desc': '强化型空罐'}, {'id': 66, 'name': '空罐/普通型/250ML/2026扫码1元乐享-闽苏沪/无顶盖', 'sap_code': '20002294', 'code': 'GC000066', 'desc': '促销型空罐'}, {'id': 69, 'name': '空罐/普通型/250ML/2026年1元乐享-新疆青海/无顶盖', 'sap_code': '20002303', 'code': 'GC000069', 'desc': '促销型空罐'}, {'id': 71, 'name': '空罐/普通型/250ML/2026扫码1元乐享-云贵/无顶盖', 'sap_code': '20002305', 'code': 'GC000071', 'desc': '促销型空罐'}, {'id': 73, 'name': '空罐/普通型/250ML/2026扫码1元乐享-广西/无顶盖', 'sap_code': '20002315', 'code': 'GC000073', 'desc': '促销型空罐'}]",空罐,包材,红牛,,,YC00000005,翻边尺寸,是,到货检测,,储运部,品管部,定量,初检,8,等于,托盘,,32,罐,是,32,罐,空罐翻边宽度检测仪,2.30-2.55,,mm,2.3000,2.5500,2,1,复检,每8托为一个检测单元，每一托盘随机抽取样品4罐，共32罐，并做好标识。其中4罐做本次检测。,若有不合格，取同一托6罐复检。,适用于原材料供应商制罐线改型、制罐设备大修后、换版及实验期间,2025-01-01,9999-12-31
168,,HWBT0178,001,禁用,Q/RW-TS-001-2023,"[{'id': 17, 'name': '空罐/普通型/无顶盖/250ml', 'sap_code': '20000194', 'code': 'GC000017', 'desc': '普通型空罐'}, {'id': 36, 'name': '空罐/普通型/250ML/30周年版/无顶盖', 'sap_code': '20002028', 'code': 'GC000036', 'desc': '普通型空罐'}, {'id': 37, 'name': '空罐/普通型/250ML/31周年版/无顶盖', 'sap_code': '20002271', 'code': 'GC000037', 'desc': '普通型空罐'}, {'id': 38, 'name': '空罐/普通型/250ML/2026广东红包促销/无顶盖', 'sap_code': '20002273', 'code': 'GC000038', 'desc': '促销型空罐'}, {'id': 39, 'name': '空罐/普通型/250ML/2026广东1元乐享促销/无顶盖', 'sap_code': '20002274', 'code': 'GC000039', 'desc': '促销型空罐'}, {'id': 40, 'name': '空罐/强化型/250ml/蓝色/30周年版/无底盖', 'sap_code': '20002029', 'code': 'GC000040', 'desc': '强化型空罐'}, {'id': 41, 'name': '空罐/强化型/250ml/蓝色/31周年版/无底盖', 'sap_code': '20002272', 'code': 'GC000041', 'desc': '强化型空罐'}, {'id': 66, 'name': '空罐/普通型/250ML/2026扫码1元乐享-闽苏沪/无顶盖', 'sap_code': '20002294', 'code': 'GC000066', 'desc': '促销型空罐'}, {'id': 69, 'name': '空罐/普通型/250ML/2026年1元乐享-新疆青海/无顶盖', 'sap_code': '20002303', 'code': 'GC000069', 'desc': '促销型空罐'}, {'id': 71, 'name': '空罐/普通型/250ML/2026扫码1元乐享-云贵/无顶盖', 'sap_code': '20002305', 'code': 'GC000071', 'desc': '促销型空罐'}, {'id': 73, 'name': '空罐/普通型/250ML/2026扫码1元乐享-广西/无顶盖', 'sap_code': '20002315', 'code': 'GC000073', 'desc': '促销型空罐'}]",空罐,包材,红牛,8886,红牛维他命饮料（江苏）有限公司,YF00000019,翻边尺寸,是,到货检测,,储运部,品管部,定量,复检,1,大于等于,托盘,,6,罐,是,6,罐,空罐翻边宽度检测仪,2.20-2.60,,mm,2.2000,2.6000,2,1,退货处理,从初检问题托盘中每托取6罐复检。,若仍有不合格，初检检测单元的所有商品做退货处理。,适用于原材料供应商制罐线改型、制罐设备大修后、换版及实验期间,2025-01-01,9999-12-31
169,,HWBT0179,001,禁用,Q/RW-TS-001-2023,"[{'id': 17, 'name': '空罐/普通型/无顶盖/250ml', 'sap_code': '20000194', 'code': 'GC000017', 'desc': '普通型空罐'}, {'id': 36, 'name': '空罐/普通型/250ML/30周年版/无顶盖', 'sap_code': '20002028', 'code': 'GC000036', 'desc': '普通型空罐'}, {'id': 37, 'name': '空罐/普通型/250ML/31周年版/无顶盖', 'sap_code': '20002271', 'code': 'GC000037', 'desc': '普通型空罐'}, {'id': 38, 'name': '空罐/普通型/250ML/2026广东红包促销/无顶盖', 'sap_code': '20002273', 'code': 'GC000038', 'desc': '促销型空罐'}, {'id': 39, 'name': '空罐/普通型/250ML/2026广东1元乐享促销/无顶盖', 'sap_code': '20002274', 'code': 'GC000039', 'desc': '促销型空罐'}, {'id': 40, 'name': '空罐/强化型/250ml/蓝色/30周年版/无底盖', 'sap_code': '20002029', 'code': 'GC000040', 'desc': '强化型空罐'}, {'id': 41, 'name': '空罐/强化型/250ml/蓝色/31周年版/无底盖', 'sap_code': '20002272', 'code': 'GC000041', 'desc': '强化型空罐'}, {'id': 66, 'name': '空罐/普通型/250ML/2026扫码1元乐享-闽苏沪/无顶盖', 'sap_code': '20002294', 'code': 'GC000066', 'desc': '促销型空罐'}, {'id': 69, 'name': '空罐/普通型/250ML/2026年1元乐享-新疆青海/无顶盖', 'sap_code': '20002303', 'code': 'GC000069', 'desc': '促销型空罐'}, {'id': 71, 'name': '空罐/普通型/250ML/2026扫码1元乐享-云贵/无顶盖', 'sap_code': '20002305', 'code': 'GC000071', 'desc': '促销型空罐'}, {'id': 73, 'name': '空罐/普通型/250ML/2026扫码1元乐享-广西/无顶盖', 'sap_code': '20002315', 'code': 'GC000073', 'desc': '促销型空罐'}]",空罐,包材,红牛,8886,红牛维他命饮料（江苏）有限公司,YF00000019,翻边尺寸,是,到货检测,,储运部,品管部,定量,复检,1,大于等于,托盘,,6,罐,是,6,罐,空罐翻边宽度检测仪,2.20-2.60,,mm,2.2000,2.6000,2,1,退货处理,从初检问题托盘中每托取6罐复检。,若仍有不合格，初检检测单元的所有商品做退货处理。,适用于原材料供应商制罐线改型、制罐设备大修后、换版及实验期间,2025-01-01,9999-12-31
170,,HWBT0180,001,禁用,Q/RW-TS-001-2023,"[{'id': 17, 'name': '空罐/普通型/无顶盖/250ml', 'sap_code': '20000194', 'code': 'GC000017', 'desc': '普通型空罐'}, {'id': 36, 'name': '空罐/普通型/250ML/30周年版/无顶盖', 'sap_code': '20002028', 'code': 'GC000036', 'desc': '普通型空罐'}, {'id': 37, 'name': '空罐/普通型/250ML/31周年版/无顶盖', 'sap_code': '20002271', 'code': 'GC000037', 'desc': '普通型空罐'}, {'id': 38, 'name': '空罐/普通型/250ML/2026广东红包促销/无顶盖', 'sap_code': '20002273', 'code': 'GC000038', 'desc': '促销型空罐'}, {'id': 39, 'name': '空罐/普通型/250ML/2026广东1元乐享促销/无顶盖', 'sap_code': '20002274', 'code': 'GC000039', 'desc': '促销型空罐'}, {'id': 40, 'name': '空罐/强化型/250ml/蓝色/30周年版/无底盖', 'sap_code': '20002029', 'code': 'GC000040', 'desc': '强化型空罐'}, {'id': 41, 'name': '空罐/强化型/250ml/蓝色/31周年版/无底盖', 'sap_code': '20002272', 'code': 'GC000041', 'desc': '强化型空罐'}, {'id': 66, 'name': '空罐/普通型/250ML/2026扫码1元乐享-闽苏沪/无顶盖', 'sap_code': '20002294', 'code': 'GC000066', 'desc': '促销型空罐'}, {'id': 69, 'name': '空罐/普通型/250ML/2026年1元乐享-新疆青海/无顶盖', 'sap_code': '20002303', 'code': 'GC000069', 'desc': '促销型空罐'}, {'id': 71, 'name': '空罐/普通型/250ML/2026扫码1元乐享-云贵/无顶盖', 'sap_code': '20002305', 'code': 'GC000071', 'desc': '促销型空罐'}, {'id': 73, 'name': '空罐/普通型/250ML/2026扫码1元乐享-广西/无顶盖', 'sap_code': '20002315', 'code': 'GC000073', 'desc': '促销型空罐'}]",空罐,包材,红牛,8885,广东红牛维他命饮料有限公司,YF00000019,翻边尺寸,是,到货检测,,储运部,品管部,定量,复检,1,大于等于,托盘,,6,罐,是,6,罐,空罐翻边宽度检测仪,2.20-2.70,,mm,2.2000,2.7000,2,1,退货处理,从初检问题托盘中每托取6罐复检。,若仍有不合格，初检检测单元的所有商品做退货处理。,适用于原材料供应商制罐线改型、制罐设备大修后、换版及实验期间,2025-01-01,9999-12-31
171,,HWBT0181,001,禁用,Q/RW-TS-001-2023,"[{'id': 17, 'name': '空罐/普通型/无顶盖/250ml', 'sap_code': '20000194', 'code': 'GC000017', 'desc': '普通型空罐'}, {'id': 36, 'name': '空罐/普通型/250ML/30周年版/无顶盖', 'sap_code': '20002028', 'code': 'GC000036', 'desc': '普通型空罐'}, {'id': 37, 'name': '空罐/普通型/250ML/31周年版/无顶盖', 'sap_code': '20002271', 'code': 'GC000037', 'desc': '普通型空罐'}, {'id': 38, 'name': '空罐/普通型/250ML/2026广东红包促销/无顶盖', 'sap_code': '20002273', 'code': 'GC000038', 'desc': '促销型空罐'}, {'id': 39, 'name': '空罐/普通型/250ML/2026广东1元乐享促销/无顶盖', 'sap_code': '20002274', 'code': 'GC000039', 'desc': '促销型空罐'}, {'id': 40, 'name': '空罐/强化型/250ml/蓝色/30周年版/无底盖', 'sap_code': '20002029', 'code': 'GC000040', 'desc': '强化型空罐'}, {'id': 41, 'name': '空罐/强化型/250ml/蓝色/31周年版/无底盖', 'sap_code': '20002272', 'code': 'GC000041', 'desc': '强化型空罐'}, {'id': 66, 'name': '空罐/普通型/250ML/2026扫码1元乐享-闽苏沪/无顶盖', 'sap_code': '20002294', 'code': 'GC000066', 'desc': '促销型空罐'}, {'id': 69, 'name': '空罐/普通型/250ML/2026年1元乐享-新疆青海/无顶盖', 'sap_code': '20002303', 'code': 'GC000069', 'desc': '促销型空罐'}, {'id': 71, 'name': '空罐/普通型/250ML/2026扫码1元乐享-云贵/无顶盖', 'sap_code': '20002305', 'code': 'GC000071', 'desc': '促销型空罐'}, {'id': 73, 'name': '空罐/普通型/250ML/2026扫码1元乐享-广西/无顶盖', 'sap_code': '20002315', 'code': 'GC000073', 'desc': '促销型空罐'}]",空罐,包材,红牛,8885,广东红牛维他命饮料有限公司,YF00000019,翻边尺寸,是,到货检测,,储运部,品管部,定量,复检,1,大于等于,托盘,,6,罐,是,6,罐,空罐翻边宽度检测仪,2.20-2.70,,mm,2.2000,2.7000,2,1,退货处理,从初检问题托盘中每托取6罐复检。,若仍有不合格，初检检测单元的所有商品做退货处理。,适用于原材料供应商制罐线改型、制罐设备大修后、换版及实验期间,2025-01-01,9999-12-31
172,,HWBT0182,001,禁用,Q/RW-TS-001-2023,"[{'id': 17, 'name': '空罐/普通型/无顶盖/250ml', 'sap_code': '20000194', 'code': 'GC000017', 'desc': '普通型空罐'}, {'id': 36, 'name': '空罐/普通型/250ML/30周年版/无顶盖', 'sap_code': '20002028', 'code': 'GC000036', 'desc': '普通型空罐'}, {'id': 37, 'name': '空罐/普通型/250ML/31周年版/无顶盖', 'sap_code': '20002271', 'code': 'GC000037', 'desc': '普通型空罐'}, {'id': 38, 'name': '空罐/普通型/250ML/2026广东红包促销/无顶盖', 'sap_code': '20002273', 'code': 'GC000038', 'desc': '促销型空罐'}, {'id': 39, 'name': '空罐/普通型/250ML/2026广东1元乐享促销/无顶盖', 'sap_code': '20002274', 'code': 'GC000039', 'desc': '促销型空罐'}, {'id': 40, 'name': '空罐/强化型/250ml/蓝色/30周年版/无底盖', 'sap_code': '20002029', 'code': 'GC000040', 'desc': '强化型空罐'}, {'id': 41, 'name': '空罐/强化型/250ml/蓝色/31周年版/无底盖', 'sap_code': '20002272', 'code': 'GC000041', 'desc': '强化型空罐'}, {'id': 66, 'name': '空罐/普通型/250ML/2026扫码1元乐享-闽苏沪/无顶盖', 'sap_code': '20002294', 'code': 'GC000066', 'desc': '促销型空罐'}, {'id': 69, 'name': '空罐/普通型/250ML/2026年1元乐享-新疆青海/无顶盖', 'sap_code': '20002303', 'code': 'GC000069', 'desc': '促销型空罐'}, {'id': 71, 'name': '空罐/普通型/250ML/2026扫码1元乐享-云贵/无顶盖', 'sap_code': '20002305', 'code': 'GC000071', 'desc': '促销型空罐'}, {'id': 73, 'name': '空罐/普通型/250ML/2026扫码1元乐享-广西/无顶盖', 'sap_code': '20002315', 'code': 'GC000073', 'desc': '促销型空罐'}]",空罐,包材,红牛,8880,红牛维他命饮料有限公司,YF00000019,翻边尺寸,是,到货检测,,储运部,品管部,定量,复检,1,大于等于,托盘,,6,罐,是,6,罐,空罐翻边宽度检测仪,2.20-2.70,,mm,2.2000,2.7000,2,1,退货处理,从初检问题托盘中每托取6罐复检。,若仍有不合格，初检检测单元的所有商品做退货处理。,适用于原材料供应商制罐线改型、制罐设备大修后、换版及实验期间,2025-01-01,9999-12-31
173,,HWBT0183,001,禁用,Q/RW-TS-001-2023,"[{'id': 17, 'name': '空罐/普通型/无顶盖/250ml', 'sap_code': '20000194', 'code': 'GC000017', 'desc': '普通型空罐'}, {'id': 36, 'name': '空罐/普通型/250ML/30周年版/无顶盖', 'sap_code': '20002028', 'code': 'GC000036', 'desc': '普通型空罐'}, {'id': 37, 'name': '空罐/普通型/250ML/31周年版/无顶盖', 'sap_code': '20002271', 'code': 'GC000037', 'desc': '普通型空罐'}, {'id': 38, 'name': '空罐/普通型/250ML/2026广东红包促销/无顶盖', 'sap_code': '20002273', 'code': 'GC000038', 'desc': '促销型空罐'}, {'id': 39, 'name': '空罐/普通型/250ML/2026广东1元乐享促销/无顶盖', 'sap_code': '20002274', 'code': 'GC000039', 'desc': '促销型空罐'}, {'id': 40, 'name': '空罐/强化型/250ml/蓝色/30周年版/无底盖', 'sap_code': '20002029', 'code': 'GC000040', 'desc': '强化型空罐'}, {'id': 41, 'name': '空罐/强化型/250ml/蓝色/31周年版/无底盖', 'sap_code': '20002272', 'code': 'GC000041', 'desc': '强化型空罐'}, {'id': 66, 'name': '空罐/普通型/250ML/2026扫码1元乐享-闽苏沪/无顶盖', 'sap_code': '20002294', 'code': 'GC000066', 'desc': '促销型空罐'}, {'id': 69, 'name': '空罐/普通型/250ML/2026年1元乐享-新疆青海/无顶盖', 'sap_code': '20002303', 'code': 'GC000069', 'desc': '促销型空罐'}, {'id': 71, 'name': '空罐/普通型/250ML/2026扫码1元乐享-云贵/无顶盖', 'sap_code': '20002305', 'code': 'GC000071', 'desc': '促销型空罐'}, {'id': 73, 'name': '空罐/普通型/250ML/2026扫码1元乐享-广西/无顶盖', 'sap_code': '20002315', 'code': 'GC000073', 'desc': '促销型空罐'}]",空罐,包材,红牛,8880,红牛维他命饮料有限公司,YF00000019,翻边尺寸,是,到货检测,,储运部,品管部,定量,复检,1,大于等于,托盘,,6,罐,是,6,罐,空罐翻边宽度检测仪,2.20-2.70,,mm,2.2000,2.7000,2,1,退货处理,从初检问题托盘中每托取6罐复检。,若仍有不合格，初检检测单元的所有商品做退货处理。,适用于原材料供应商制罐线改型、制罐设备大修后、换版及实验期间,2025-01-01,9999-12-31
174,,HWBT0184,001,禁用,Q/RW-TS-001-2023,"[{'id': 17, 'name': '空罐/普通型/无顶盖/250ml', 'sap_code': '20000194', 'code': 'GC000017', 'desc': '普通型空罐'}, {'id': 36, 'name': '空罐/普通型/250ML/30周年版/无顶盖', 'sap_code': '20002028', 'code': 'GC000036', 'desc': '普通型空罐'}, {'id': 37, 'name': '空罐/普通型/250ML/31周年版/无顶盖', 'sap_code': '20002271', 'code': 'GC000037', 'desc': '普通型空罐'}, {'id': 38, 'name': '空罐/普通型/250ML/2026广东红包促销/无顶盖', 'sap_code': '20002273', 'code': 'GC000038', 'desc': '促销型空罐'}, {'id': 39, 'name': '空罐/普通型/250ML/2026广东1元乐享促销/无顶盖', 'sap_code': '20002274', 'code': 'GC000039', 'desc': '促销型空罐'}, {'id': 40, 'name': '空罐/强化型/250ml/蓝色/30周年版/无底盖', 'sap_code': '20002029', 'code': 'GC000040', 'desc': '强化型空罐'}, {'id': 41, 'name': '空罐/强化型/250ml/蓝色/31周年版/无底盖', 'sap_code': '20002272', 'code': 'GC000041', 'desc': '强化型空罐'}, {'id': 66, 'name': '空罐/普通型/250ML/2026扫码1元乐享-闽苏沪/无顶盖', 'sap_code': '20002294', 'code': 'GC000066', 'desc': '促销型空罐'}, {'id': 69, 'name': '空罐/普通型/250ML/2026年1元乐享-新疆青海/无顶盖', 'sap_code': '20002303', 'code': 'GC000069', 'desc': '促销型空罐'}, {'id': 71, 'name': '空罐/普通型/250ML/2026扫码1元乐享-云贵/无顶盖', 'sap_code': '20002305', 'code': 'GC000071', 'desc': '促销型空罐'}, {'id': 73, 'name': '空罐/普通型/250ML/2026扫码1元乐享-广西/无顶盖', 'sap_code': '20002315', 'code': 'GC000073', 'desc': '促销型空罐'}]",空罐,包材,红牛,8883,红牛维他命饮料（湖北）有限公司,YF00000019,翻边尺寸,是,到货检测,,储运部,品管部,定量,复检,1,大于等于,托盘,,6,罐,是,6,罐,空罐翻边宽度检测仪,2.20-2.70,,mm,2.2000,2.7000,2,1,退货处理,从初检问题托盘中每托取6罐复检。,若仍有不合格，初检检测单元的所有商品做退货处理。,适用于原材料供应商制罐线改型、制罐设备大修后、换版及实验期间,2025-01-01,9999-12-31
175,,HWBT0185,001,禁用,Q/RW-TS-001-2023,"[{'id': 17, 'name': '空罐/普通型/无顶盖/250ml', 'sap_code': '20000194', 'code': 'GC000017', 'desc': '普通型空罐'}, {'id': 36, 'name': '空罐/普通型/250ML/30周年版/无顶盖', 'sap_code': '20002028', 'code': 'GC000036', 'desc': '普通型空罐'}, {'id': 37, 'name': '空罐/普通型/250ML/31周年版/无顶盖', 'sap_code': '20002271', 'code': 'GC000037', 'desc': '普通型空罐'}, {'id': 38, 'name': '空罐/普通型/250ML/2026广东红包促销/无顶盖', 'sap_code': '20002273', 'code': 'GC000038', 'desc': '促销型空罐'}, {'id': 39, 'name': '空罐/普通型/250ML/2026广东1元乐享促销/无顶盖', 'sap_code': '20002274', 'code': 'GC000039', 'desc': '促销型空罐'}, {'id': 40, 'name': '空罐/强化型/250ml/蓝色/30周年版/无底盖', 'sap_code': '20002029', 'code': 'GC000040', 'desc': '强化型空罐'}, {'id': 41, 'name': '空罐/强化型/250ml/蓝色/31周年版/无底盖', 'sap_code': '20002272', 'code': 'GC000041', 'desc': '强化型空罐'}, {'id': 66, 'name': '空罐/普通型/250ML/2026扫码1元乐享-闽苏沪/无顶盖', 'sap_code': '20002294', 'code': 'GC000066', 'desc': '促销型空罐'}, {'id': 69, 'name': '空罐/普通型/250ML/2026年1元乐享-新疆青海/无顶盖', 'sap_code': '20002303', 'code': 'GC000069', 'desc': '促销型空罐'}, {'id': 71, 'name': '空罐/普通型/250ML/2026扫码1元乐享-云贵/无顶盖', 'sap_code': '20002305', 'code': 'GC000071', 'desc': '促销型空罐'}, {'id': 73, 'name': '空罐/普通型/250ML/2026扫码1元乐享-广西/无顶盖', 'sap_code': '20002315', 'code': 'GC000073', 'desc': '促销型空罐'}]",空罐,包材,红牛,8883,红牛维他命饮料（湖北）有限公司,YF00000019,翻边尺寸,是,到货检测,,储运部,品管部,定量,复检,1,大于等于,托盘,,6,罐,是,6,罐,空罐翻边宽度检测仪,2.20-2.70,,mm,2.2000,2.7000,2,1,退货处理,从初检问题托盘中每托取6罐复检。,若仍有不合格，初检检测单元的所有商品做退货处理。,适用于原材料供应商制罐线改型、制罐设备大修后、换版及实验期间,2025-01-01,9999-12-31
176,,HWBT0186,001,禁用,Q/RW-TS-001-2023,"[{'id': 17, 'name': '空罐/普通型/无顶盖/250ml', 'sap_code': '20000194', 'code': 'GC000017', 'desc': '普通型空罐'}, {'id': 36, 'name': '空罐/普通型/250ML/30周年版/无顶盖', 'sap_code': '20002028', 'code': 'GC000036', 'desc': '普通型空罐'}, {'id': 37, 'name': '空罐/普通型/250ML/31周年版/无顶盖', 'sap_code': '20002271', 'code': 'GC000037', 'desc': '普通型空罐'}, {'id': 38, 'name': '空罐/普通型/250ML/2026广东红包促销/无顶盖', 'sap_code': '20002273', 'code': 'GC000038', 'desc': '促销型空罐'}, {'id': 39, 'name': '空罐/普通型/250ML/2026广东1元乐享促销/无顶盖', 'sap_code': '20002274', 'code': 'GC000039', 'desc': '促销型空罐'}, {'id': 40, 'name': '空罐/强化型/250ml/蓝色/30周年版/无底盖', 'sap_code': '20002029', 'code': 'GC000040', 'desc': '强化型空罐'}, {'id': 41, 'name': '空罐/强化型/250ml/蓝色/31周年版/无底盖', 'sap_code': '20002272', 'code': 'GC000041', 'desc': '强化型空罐'}, {'id': 66, 'name': '空罐/普通型/250ML/2026扫码1元乐享-闽苏沪/无顶盖', 'sap_code': '20002294', 'code': 'GC000066', 'desc': '促销型空罐'}, {'id': 69, 'name': '空罐/普通型/250ML/2026年1元乐享-新疆青海/无顶盖', 'sap_code': '20002303', 'code': 'GC000069', 'desc': '促销型空罐'}, {'id': 71, 'name': '空罐/普通型/250ML/2026扫码1元乐享-云贵/无顶盖', 'sap_code': '20002305', 'code': 'GC000071', 'desc': '促销型空罐'}, {'id': 73, 'name': '空罐/普通型/250ML/2026扫码1元乐享-广西/无顶盖', 'sap_code': '20002315', 'code': 'GC000073', 'desc': '促销型空罐'}]",空罐,包材,红牛,6866,华彬快速消费品饮料（福建）有限公司,YF00000019,翻边尺寸,是,到货检测,,储运部,品管部,定量,复检,1,大于等于,托盘,,6,罐,是,6,罐,空罐翻边宽度检测仪,2.20-2.70,,mm,2.2000,2.7000,2,1,退货处理,从初检问题托盘中每托取6罐复检。,若仍有不合格，初检检测单元的所有商品做退货处理。,适用于原材料供应商制罐线改型、制罐设备大修后、换版及实验期间,2025-01-01,9999-12-31
177,,HWBT0187,001,禁用,Q/RW-TS-001-2023,"[{'id': 17, 'name': '空罐/普通型/无顶盖/250ml', 'sap_code': '20000194', 'code': 'GC000017', 'desc': '普通型空罐'}, {'id': 36, 'name': '空罐/普通型/250ML/30周年版/无顶盖', 'sap_code': '20002028', 'code': 'GC000036', 'desc': '普通型空罐'}, {'id': 37, 'name': '空罐/普通型/250ML/31周年版/无顶盖', 'sap_code': '20002271', 'code': 'GC000037', 'desc': '普通型空罐'}, {'id': 38, 'name': '空罐/普通型/250ML/2026广东红包促销/无顶盖', 'sap_code': '20002273', 'code': 'GC000038', 'desc': '促销型空罐'}, {'id': 39, 'name': '空罐/普通型/250ML/2026广东1元乐享促销/无顶盖', 'sap_code': '20002274', 'code': 'GC000039', 'desc': '促销型空罐'}, {'id': 40, 'name': '空罐/强化型/250ml/蓝色/30周年版/无底盖', 'sap_code': '20002029', 'code': 'GC000040', 'desc': '强化型空罐'}, {'id': 41, 'name': '空罐/强化型/250ml/蓝色/31周年版/无底盖', 'sap_code': '20002272', 'code': 'GC000041', 'desc': '强化型空罐'}, {'id': 66, 'name': '空罐/普通型/250ML/2026扫码1元乐享-闽苏沪/无顶盖', 'sap_code': '20002294', 'code': 'GC000066', 'desc': '促销型空罐'}, {'id': 69, 'name': '空罐/普通型/250ML/2026年1元乐享-新疆青海/无顶盖', 'sap_code': '20002303', 'code': 'GC000069', 'desc': '促销型空罐'}, {'id': 71, 'name': '空罐/普通型/250ML/2026扫码1元乐享-云贵/无顶盖', 'sap_code': '20002305', 'code': 'GC000071', 'desc': '促销型空罐'}, {'id': 73, 'name': '空罐/普通型/250ML/2026扫码1元乐享-广西/无顶盖', 'sap_code': '20002315', 'code': 'GC000073', 'desc': '促销型空罐'}]",空罐,包材,红牛,6866,华彬快速消费品饮料（福建）有限公司,YF00000019,翻边尺寸,是,到货检测,,储运部,品管部,定量,复检,1,大于等于,托盘,,6,罐,是,6,罐,空罐翻边宽度检测仪,2.20-2.70,,mm,2.2000,2.7000,2,1,退货处理,从初检问题托盘中每托取6罐复检。,若仍有不合格，初检检测单元的所有商品做退货处理。,适用于原材料供应商制罐线改型、制罐设备大修后、换版及实验期间,2025-01-01,9999-12-31
178,,HWBT0188,001,禁用,Q/RW-TS-001-2023,"[{'id': 17, 'name': '空罐/普通型/无顶盖/250ml', 'sap_code': '20000194', 'code': 'GC000017', 'desc': '普通型空罐'}, {'id': 36, 'name': '空罐/普通型/250ML/30周年版/无顶盖', 'sap_code': '20002028', 'code': 'GC000036', 'desc': '普通型空罐'}, {'id': 37, 'name': '空罐/普通型/250ML/31周年版/无顶盖', 'sap_code': '20002271', 'code': 'GC000037', 'desc': '普通型空罐'}, {'id': 38, 'name': '空罐/普通型/250ML/2026广东红包促销/无顶盖', 'sap_code': '20002273', 'code': 'GC000038', 'desc': '促销型空罐'}, {'id': 39, 'name': '空罐/普通型/250ML/2026广东1元乐享促销/无顶盖', 'sap_code': '20002274', 'code': 'GC000039', 'desc': '促销型空罐'}, {'id': 40, 'name': '空罐/强化型/250ml/蓝色/30周年版/无底盖', 'sap_code': '20002029', 'code': 'GC000040', 'desc': '强化型空罐'}, {'id': 41, 'name': '空罐/强化型/250ml/蓝色/31周年版/无底盖', 'sap_code': '20002272', 'code': 'GC000041', 'desc': '强化型空罐'}, {'id': 66, 'name': '空罐/普通型/250ML/2026扫码1元乐享-闽苏沪/无顶盖', 'sap_code': '20002294', 'code': 'GC000066', 'desc': '促销型空罐'}, {'id': 69, 'name': '空罐/普通型/250ML/2026年1元乐享-新疆青海/无顶盖', 'sap_code': '20002303', 'code': 'GC000069', 'desc': '促销型空罐'}, {'id': 71, 'name': '空罐/普通型/250ML/2026扫码1元乐享-云贵/无顶盖', 'sap_code': '20002305', 'code': 'GC000071', 'desc': '促销型空罐'}, {'id': 73, 'name': '空罐/普通型/250ML/2026扫码1元乐享-广西/无顶盖', 'sap_code': '20002315', 'code': 'GC000073', 'desc': '促销型空罐'}]",空罐,包材,红牛,6865,华彬快速消费品饮料（贵州）有限公司,YF00000019,翻边尺寸,是,到货检测,,储运部,品管部,定量,复检,1,大于等于,托盘,,6,罐,是,6,罐,空罐翻边宽度检测仪,2.20-2.70,,mm,2.2000,2.7000,2,1,退货处理,从初检问题托盘中每托取6罐复检。,若仍有不合格，初检检测单元的所有商品做退货处理。,适用于原材料供应商制罐线改型、制罐设备大修后、换版及实验期间,2025-01-01,9999-12-31
179,,HWBT0189,001,禁用,Q/RW-TS-001-2023,"[{'id': 17, 'name': '空罐/普通型/无顶盖/250ml', 'sap_code': '20000194', 'code': 'GC000017', 'desc': '普通型空罐'}, {'id': 36, 'name': '空罐/普通型/250ML/30周年版/无顶盖', 'sap_code': '20002028', 'code': 'GC000036', 'desc': '普通型空罐'}, {'id': 37, 'name': '空罐/普通型/250ML/31周年版/无顶盖', 'sap_code': '20002271', 'code': 'GC000037', 'desc': '普通型空罐'}, {'id': 38, 'name': '空罐/普通型/250ML/2026广东红包促销/无顶盖', 'sap_code': '20002273', 'code': 'GC000038', 'desc': '促销型空罐'}, {'id': 39, 'name': '空罐/普通型/250ML/2026广东1元乐享促销/无顶盖', 'sap_code': '20002274', 'code': 'GC000039', 'desc': '促销型空罐'}, {'id': 40, 'name': '空罐/强化型/250ml/蓝色/30周年版/无底盖', 'sap_code': '20002029', 'code': 'GC000040', 'desc': '强化型空罐'}, {'id': 41, 'name': '空罐/强化型/250ml/蓝色/31周年版/无底盖', 'sap_code': '20002272', 'code': 'GC000041', 'desc': '强化型空罐'}, {'id': 66, 'name': '空罐/普通型/250ML/2026扫码1元乐享-闽苏沪/无顶盖', 'sap_code': '20002294', 'code': 'GC000066', 'desc': '促销型空罐'}, {'id': 69, 'name': '空罐/普通型/250ML/2026年1元乐享-新疆青海/无顶盖', 'sap_code': '20002303', 'code': 'GC000069', 'desc': '促销型空罐'}, {'id': 71, 'name': '空罐/普通型/250ML/2026扫码1元乐享-云贵/无顶盖', 'sap_code': '20002305', 'code': 'GC000071', 'desc': '促销型空罐'}, {'id': 73, 'name': '空罐/普通型/250ML/2026扫码1元乐享-广西/无顶盖', 'sap_code': '20002315', 'code': 'GC000073', 'desc': '促销型空罐'}]",空罐,包材,红牛,6865,华彬快速消费品饮料（贵州）有限公司,YF00000019,翻边尺寸,是,到货检测,,储运部,品管部,定量,复检,1,大于等于,托盘,,6,罐,是,6,罐,空罐翻边宽度检测仪,2.20-2.70,,mm,2.2000,2.7000,2,1,退货处理,从初检问题托盘中每托取6罐复检。,若仍有不合格，初检检测单元的所有商品做退货处理。,适用于原材料供应商制罐线改型、制罐设备大修后、换版及实验期间,2025-01-01,9999-12-31
180,,HWBT0190,001,禁用,Q/RW-TS-001-2023,"[{'id': 17, 'name': '空罐/普通型/无顶盖/250ml', 'sap_code': '20000194', 'code': 'GC000017', 'desc': '普通型空罐'}, {'id': 36, 'name': '空罐/普通型/250ML/30周年版/无顶盖', 'sap_code': '20002028', 'code': 'GC000036', 'desc': '普通型空罐'}, {'id': 37, 'name': '空罐/普通型/250ML/31周年版/无顶盖', 'sap_code': '20002271', 'code': 'GC000037', 'desc': '普通型空罐'}, {'id': 38, 'name': '空罐/普通型/250ML/2026广东红包促销/无顶盖', 'sap_code': '20002273', 'code': 'GC000038', 'desc': '促销型空罐'}, {'id': 39, 'name': '空罐/普通型/250ML/2026广东1元乐享促销/无顶盖', 'sap_code': '20002274', 'code': 'GC000039', 'desc': '促销型空罐'}, {'id': 40, 'name': '空罐/强化型/250ml/蓝色/30周年版/无底盖', 'sap_code': '20002029', 'code': 'GC000040', 'desc': '强化型空罐'}, {'id': 41, 'name': '空罐/强化型/250ml/蓝色/31周年版/无底盖', 'sap_code': '20002272', 'code': 'GC000041', 'desc': '强化型空罐'}, {'id': 66, 'name': '空罐/普通型/250ML/2026扫码1元乐享-闽苏沪/无顶盖', 'sap_code': '20002294', 'code': 'GC000066', 'desc': '促销型空罐'}, {'id': 69, 'name': '空罐/普通型/250ML/2026年1元乐享-新疆青海/无顶盖', 'sap_code': '20002303', 'code': 'GC000069', 'desc': '促销型空罐'}, {'id': 71, 'name': '空罐/普通型/250ML/2026扫码1元乐享-云贵/无顶盖', 'sap_code': '20002305', 'code': 'GC000071', 'desc': '促销型空罐'}, {'id': 73, 'name': '空罐/普通型/250ML/2026扫码1元乐享-广西/无顶盖', 'sap_code': '20002315', 'code': 'GC000073', 'desc': '促销型空罐'}]",空罐,包材,红牛,,,YF00000019,翻边尺寸,是,到货检测,,储运部,品管部,定量,复检,1,大于等于,托盘,,6,罐,是,6,罐,空罐翻边宽度检测仪,2.30-2.55,,mm,2.3000,2.5500,2,1,退货处理,从初检问题托盘中每托取6罐复检。,若仍有不合格，初检检测单元的所有商品做退货处理。,适用于原材料供应商制罐线改型、制罐设备大修后、换版及实验期间,2025-01-01,9999-12-31
181,,HWBT0191,001,禁用,Q/RW-TS-001-2023,"[{'id': 17, 'name': '空罐/普通型/无顶盖/250ml', 'sap_code': '20000194', 'code': 'GC000017', 'desc': '普通型空罐'}, {'id': 36, 'name': '空罐/普通型/250ML/30周年版/无顶盖', 'sap_code': '20002028', 'code': 'GC000036', 'desc': '普通型空罐'}, {'id': 37, 'name': '空罐/普通型/250ML/31周年版/无顶盖', 'sap_code': '20002271', 'code': 'GC000037', 'desc': '普通型空罐'}, {'id': 38, 'name': '空罐/普通型/250ML/2026广东红包促销/无顶盖', 'sap_code': '20002273', 'code': 'GC000038', 'desc': '促销型空罐'}, {'id': 39, 'name': '空罐/普通型/250ML/2026广东1元乐享促销/无顶盖', 'sap_code': '20002274', 'code': 'GC000039', 'desc': '促销型空罐'}, {'id': 40, 'name': '空罐/强化型/250ml/蓝色/30周年版/无底盖', 'sap_code': '20002029', 'code': 'GC000040', 'desc': '强化型空罐'}, {'id': 41, 'name': '空罐/强化型/250ml/蓝色/31周年版/无底盖', 'sap_code': '20002272', 'code': 'GC000041', 'desc': '强化型空罐'}, {'id': 66, 'name': '空罐/普通型/250ML/2026扫码1元乐享-闽苏沪/无顶盖', 'sap_code': '20002294', 'code': 'GC000066', 'desc': '促销型空罐'}, {'id': 69, 'name': '空罐/普通型/250ML/2026年1元乐享-新疆青海/无顶盖', 'sap_code': '20002303', 'code': 'GC000069', 'desc': '促销型空罐'}, {'id': 71, 'name': '空罐/普通型/250ML/2026扫码1元乐享-云贵/无顶盖', 'sap_code': '20002305', 'code': 'GC000071', 'desc': '促销型空罐'}, {'id': 73, 'name': '空罐/普通型/250ML/2026扫码1元乐享-广西/无顶盖', 'sap_code': '20002315', 'code': 'GC000073', 'desc': '促销型空罐'}]",空罐,包材,红牛,,,YC00000005,顶盖启破力,是,到货检测,,储运部,品管部,定量,初检,8,等于,托盘,,32,罐,是,32,罐,数显拉力计,8-14,,N,8.0000,14.0000,,1,复检,每8托为一个检测单元，每一托盘随机抽取样品4罐，共32罐，并做好标识。32罐均做本次检测。,若有不合格，取同一托6罐复检。,适用于原材料供应商制罐线改型、制罐设备大修后、换版及实验期间,2025-01-01,9999-12-31
182,,HWBT0192,001,禁用,Q/RW-TS-001-2023,"[{'id': 17, 'name': '空罐/普通型/无顶盖/250ml', 'sap_code': '20000194', 'code': 'GC000017', 'desc': '普通型空罐'}, {'id': 36, 'name': '空罐/普通型/250ML/30周年版/无顶盖', 'sap_code': '20002028', 'code': 'GC000036', 'desc': '普通型空罐'}, {'id': 37, 'name': '空罐/普通型/250ML/31周年版/无顶盖', 'sap_code': '20002271', 'code': 'GC000037', 'desc': '普通型空罐'}, {'id': 38, 'name': '空罐/普通型/250ML/2026广东红包促销/无顶盖', 'sap_code': '20002273', 'code': 'GC000038', 'desc': '促销型空罐'}, {'id': 39, 'name': '空罐/普通型/250ML/2026广东1元乐享促销/无顶盖', 'sap_code': '20002274', 'code': 'GC000039', 'desc': '促销型空罐'}, {'id': 40, 'name': '空罐/强化型/250ml/蓝色/30周年版/无底盖', 'sap_code': '20002029', 'code': 'GC000040', 'desc': '强化型空罐'}, {'id': 41, 'name': '空罐/强化型/250ml/蓝色/31周年版/无底盖', 'sap_code': '20002272', 'code': 'GC000041', 'desc': '强化型空罐'}, {'id': 66, 'name': '空罐/普通型/250ML/2026扫码1元乐享-闽苏沪/无顶盖', 'sap_code': '20002294', 'code': 'GC000066', 'desc': '促销型空罐'}, {'id': 69, 'name': '空罐/普通型/250ML/2026年1元乐享-新疆青海/无顶盖', 'sap_code': '20002303', 'code': 'GC000069', 'desc': '促销型空罐'}, {'id': 71, 'name': '空罐/普通型/250ML/2026扫码1元乐享-云贵/无顶盖', 'sap_code': '20002305', 'code': 'GC000071', 'desc': '促销型空罐'}, {'id': 73, 'name': '空罐/普通型/250ML/2026扫码1元乐享-广西/无顶盖', 'sap_code': '20002315', 'code': 'GC000073', 'desc': '促销型空罐'}]",空罐,包材,红牛,,,YF00000020,顶盖启破力,是,到货检测,,储运部,品管部,定量,复检,1,大于等于,托盘,,6,罐,是,6,罐,数显拉力计,8-14,,N,8.0000,14.0000,,1,退货处理,从初检问题托盘中每托取6罐复检。,若仍有不合格，初检检测单元的所有商品做退货处理。,适用于原材料供应商制罐线改型、制罐设备大修后、换版及实验期间,2025-01-01,9999-12-31
183,,HWBT0193,001,禁用,Q/RW-TS-001-2023,"[{'id': 17, 'name': '空罐/普通型/无顶盖/250ml', 'sap_code': '20000194', 'code': 'GC000017', 'desc': '普通型空罐'}, {'id': 36, 'name': '空罐/普通型/250ML/30周年版/无顶盖', 'sap_code': '20002028', 'code': 'GC000036', 'desc': '普通型空罐'}, {'id': 37, 'name': '空罐/普通型/250ML/31周年版/无顶盖', 'sap_code': '20002271', 'code': 'GC000037', 'desc': '普通型空罐'}, {'id': 38, 'name': '空罐/普通型/250ML/2026广东红包促销/无顶盖', 'sap_code': '20002273', 'code': 'GC000038', 'desc': '促销型空罐'}, {'id': 39, 'name': '空罐/普通型/250ML/2026广东1元乐享促销/无顶盖', 'sap_code': '20002274', 'code': 'GC000039', 'desc': '促销型空罐'}, {'id': 40, 'name': '空罐/强化型/250ml/蓝色/30周年版/无底盖', 'sap_code': '20002029', 'code': 'GC000040', 'desc': '强化型空罐'}, {'id': 41, 'name': '空罐/强化型/250ml/蓝色/31周年版/无底盖', 'sap_code': '20002272', 'code': 'GC000041', 'desc': '强化型空罐'}, {'id': 66, 'name': '空罐/普通型/250ML/2026扫码1元乐享-闽苏沪/无顶盖', 'sap_code': '20002294', 'code': 'GC000066', 'desc': '促销型空罐'}, {'id': 69, 'name': '空罐/普通型/250ML/2026年1元乐享-新疆青海/无顶盖', 'sap_code': '20002303', 'code': 'GC000069', 'desc': '促销型空罐'}, {'id': 71, 'name': '空罐/普通型/250ML/2026扫码1元乐享-云贵/无顶盖', 'sap_code': '20002305', 'code': 'GC000071', 'desc': '促销型空罐'}, {'id': 73, 'name': '空罐/普通型/250ML/2026扫码1元乐享-广西/无顶盖', 'sap_code': '20002315', 'code': 'GC000073', 'desc': '促销型空罐'}]",空罐,包材,红牛,,,YC00000005,底盖蓝点直径,是,到货检测,,储运部,品管部,定量,初检,8,等于,托盘,,32,罐,是,32,罐,蓝点偏移量检测尺,18±0.5mm,,mm,17.5000,18.5000,1,1,复检,每8托为一个检测单元，每一托盘随机抽取样品4罐，共32罐，并做好标识。32罐均做本次检测。,若有不合格，取同一托20罐复检。,适用于原材料供应商制罐线改型、制罐设备大修后、换版及实验期间,2025-01-01,9999-12-31
184,,HWBT0194,001,禁用,Q/RW-TS-001-2023,"[{'id': 17, 'name': '空罐/普通型/无顶盖/250ml', 'sap_code': '20000194', 'code': 'GC000017', 'desc': '普通型空罐'}, {'id': 36, 'name': '空罐/普通型/250ML/30周年版/无顶盖', 'sap_code': '20002028', 'code': 'GC000036', 'desc': '普通型空罐'}, {'id': 37, 'name': '空罐/普通型/250ML/31周年版/无顶盖', 'sap_code': '20002271', 'code': 'GC000037', 'desc': '普通型空罐'}, {'id': 38, 'name': '空罐/普通型/250ML/2026广东红包促销/无顶盖', 'sap_code': '20002273', 'code': 'GC000038', 'desc': '促销型空罐'}, {'id': 39, 'name': '空罐/普通型/250ML/2026广东1元乐享促销/无顶盖', 'sap_code': '20002274', 'code': 'GC000039', 'desc': '促销型空罐'}, {'id': 40, 'name': '空罐/强化型/250ml/蓝色/30周年版/无底盖', 'sap_code': '20002029', 'code': 'GC000040', 'desc': '强化型空罐'}, {'id': 41, 'name': '空罐/强化型/250ml/蓝色/31周年版/无底盖', 'sap_code': '20002272', 'code': 'GC000041', 'desc': '强化型空罐'}, {'id': 66, 'name': '空罐/普通型/250ML/2026扫码1元乐享-闽苏沪/无顶盖', 'sap_code': '20002294', 'code': 'GC000066', 'desc': '促销型空罐'}, {'id': 69, 'name': '空罐/普通型/250ML/2026年1元乐享-新疆青海/无顶盖', 'sap_code': '20002303', 'code': 'GC000069', 'desc': '促销型空罐'}, {'id': 71, 'name': '空罐/普通型/250ML/2026扫码1元乐享-云贵/无顶盖', 'sap_code': '20002305', 'code': 'GC000071', 'desc': '促销型空罐'}, {'id': 73, 'name': '空罐/普通型/250ML/2026扫码1元乐享-广西/无顶盖', 'sap_code': '20002315', 'code': 'GC000073', 'desc': '促销型空罐'}]",空罐,包材,红牛,,,YC00000005,底盖蓝点直径,是,到货检测,,储运部,品管部,定量,初检,8,等于,托盘,,32,罐,是,32,罐,蓝点偏移量检测尺,18±0.5mm,,mm,17.5000,18.5000,1,1,复检,每8托为一个检测单元，每一托盘随机抽取样品4罐，共32罐，并做好标识。32罐均做本次检测。,若有不合格，取同一托20罐复检。,适用于原材料供应商制罐线改型、制罐设备大修后、换版及实验期间,2025-01-01,9999-12-31
185,,HWBT0195,001,禁用,Q/RW-TS-001-2023,"[{'id': 17, 'name': '空罐/普通型/无顶盖/250ml', 'sap_code': '20000194', 'code': 'GC000017', 'desc': '普通型空罐'}, {'id': 36, 'name': '空罐/普通型/250ML/30周年版/无顶盖', 'sap_code': '20002028', 'code': 'GC000036', 'desc': '普通型空罐'}, {'id': 37, 'name': '空罐/普通型/250ML/31周年版/无顶盖', 'sap_code': '20002271', 'code': 'GC000037', 'desc': '普通型空罐'}, {'id': 38, 'name': '空罐/普通型/250ML/2026广东红包促销/无顶盖', 'sap_code': '20002273', 'code': 'GC000038', 'desc': '促销型空罐'}, {'id': 39, 'name': '空罐/普通型/250ML/2026广东1元乐享促销/无顶盖', 'sap_code': '20002274', 'code': 'GC000039', 'desc': '促销型空罐'}, {'id': 40, 'name': '空罐/强化型/250ml/蓝色/30周年版/无底盖', 'sap_code': '20002029', 'code': 'GC000040', 'desc': '强化型空罐'}, {'id': 41, 'name': '空罐/强化型/250ml/蓝色/31周年版/无底盖', 'sap_code': '20002272', 'code': 'GC000041', 'desc': '强化型空罐'}, {'id': 66, 'name': '空罐/普通型/250ML/2026扫码1元乐享-闽苏沪/无顶盖', 'sap_code': '20002294', 'code': 'GC000066', 'desc': '促销型空罐'}, {'id': 69, 'name': '空罐/普通型/250ML/2026年1元乐享-新疆青海/无顶盖', 'sap_code': '20002303', 'code': 'GC000069', 'desc': '促销型空罐'}, {'id': 71, 'name': '空罐/普通型/250ML/2026扫码1元乐享-云贵/无顶盖', 'sap_code': '20002305', 'code': 'GC000071', 'desc': '促销型空罐'}, {'id': 73, 'name': '空罐/普通型/250ML/2026扫码1元乐享-广西/无顶盖', 'sap_code': '20002315', 'code': 'GC000073', 'desc': '促销型空罐'}]",空罐,包材,红牛,,,YC00000005,底盖蓝点偏移量,是,到货检测,,储运部,品管部,定量,初检,8,等于,托盘,,32,罐,是,32,罐,蓝点偏移量检测尺,≤2mm,,mm,0.0000,2.0000,,1,复检,每8托为一个检测单元，每一托盘随机抽取样品4罐，共32罐，并做好标识。32罐均做本次检测。,若有不合格，取同一托20罐复检。,适用于原材料供应商制罐线改型、制罐设备大修后、换版及实验期间,2025-01-01,9999-12-31
186,,HWBT0196,001,禁用,Q/RW-TS-001-2023,"[{'id': 17, 'name': '空罐/普通型/无顶盖/250ml', 'sap_code': '20000194', 'code': 'GC000017', 'desc': '普通型空罐'}, {'id': 36, 'name': '空罐/普通型/250ML/30周年版/无顶盖', 'sap_code': '20002028', 'code': 'GC000036', 'desc': '普通型空罐'}, {'id': 37, 'name': '空罐/普通型/250ML/31周年版/无顶盖', 'sap_code': '20002271', 'code': 'GC000037', 'desc': '普通型空罐'}, {'id': 38, 'name': '空罐/普通型/250ML/2026广东红包促销/无顶盖', 'sap_code': '20002273', 'code': 'GC000038', 'desc': '促销型空罐'}, {'id': 39, 'name': '空罐/普通型/250ML/2026广东1元乐享促销/无顶盖', 'sap_code': '20002274', 'code': 'GC000039', 'desc': '促销型空罐'}, {'id': 40, 'name': '空罐/强化型/250ml/蓝色/30周年版/无底盖', 'sap_code': '20002029', 'code': 'GC000040', 'desc': '强化型空罐'}, {'id': 41, 'name': '空罐/强化型/250ml/蓝色/31周年版/无底盖', 'sap_code': '20002272', 'code': 'GC000041', 'desc': '强化型空罐'}, {'id': 66, 'name': '空罐/普通型/250ML/2026扫码1元乐享-闽苏沪/无顶盖', 'sap_code': '20002294', 'code': 'GC000066', 'desc': '促销型空罐'}, {'id': 69, 'name': '空罐/普通型/250ML/2026年1元乐享-新疆青海/无顶盖', 'sap_code': '20002303', 'code': 'GC000069', 'desc': '促销型空罐'}, {'id': 71, 'name': '空罐/普通型/250ML/2026扫码1元乐享-云贵/无顶盖', 'sap_code': '20002305', 'code': 'GC000071', 'desc': '促销型空罐'}, {'id': 73, 'name': '空罐/普通型/250ML/2026扫码1元乐享-广西/无顶盖', 'sap_code': '20002315', 'code': 'GC000073', 'desc': '促销型空罐'}]",空罐,包材,红牛,,,YC00000005,底盖蓝点偏移量,是,到货检测,,储运部,品管部,定量,初检,8,等于,托盘,,32,罐,是,32,罐,蓝点偏移量检测尺,≤2mm,,mm,0.0000,2.0000,,1,复检,每8托为一个检测单元，每一托盘随机抽取样品4罐，共32罐，并做好标识。32罐均做本次检测。,若有不合格，取同一托20罐复检。,适用于原材料供应商制罐线改型、制罐设备大修后、换版及实验期间,2025-01-01,9999-12-31
187,,HWBT0197,001,禁用,Q/RW-TS-001-2023,"[{'id': 17, 'name': '空罐/普通型/无顶盖/250ml', 'sap_code': '20000194', 'code': 'GC000017', 'desc': '普通型空罐'}, {'id': 36, 'name': '空罐/普通型/250ML/30周年版/无顶盖', 'sap_code': '20002028', 'code': 'GC000036', 'desc': '普通型空罐'}, {'id': 37, 'name': '空罐/普通型/250ML/31周年版/无顶盖', 'sap_code': '20002271', 'code': 'GC000037', 'desc': '普通型空罐'}, {'id': 38, 'name': '空罐/普通型/250ML/2026广东红包促销/无顶盖', 'sap_code': '20002273', 'code': 'GC000038', 'desc': '促销型空罐'}, {'id': 39, 'name': '空罐/普通型/250ML/2026广东1元乐享促销/无顶盖', 'sap_code': '20002274', 'code': 'GC000039', 'desc': '促销型空罐'}, {'id': 40, 'name': '空罐/强化型/250ml/蓝色/30周年版/无底盖', 'sap_code': '20002029', 'code': 'GC000040', 'desc': '强化型空罐'}, {'id': 41, 'name': '空罐/强化型/250ml/蓝色/31周年版/无底盖', 'sap_code': '20002272', 'code': 'GC000041', 'desc': '强化型空罐'}, {'id': 66, 'name': '空罐/普通型/250ML/2026扫码1元乐享-闽苏沪/无顶盖', 'sap_code': '20002294', 'code': 'GC000066', 'desc': '促销型空罐'}, {'id': 69, 'name': '空罐/普通型/250ML/2026年1元乐享-新疆青海/无顶盖', 'sap_code': '20002303', 'code': 'GC000069', 'desc': '促销型空罐'}, {'id': 71, 'name': '空罐/普通型/250ML/2026扫码1元乐享-云贵/无顶盖', 'sap_code': '20002305', 'code': 'GC000071', 'desc': '促销型空罐'}, {'id': 73, 'name': '空罐/普通型/250ML/2026扫码1元乐享-广西/无顶盖', 'sap_code': '20002315', 'code': 'GC000073', 'desc': '促销型空罐'}]",空罐,包材,红牛,,,YC00000005,底盖蓝点外观,是,到货检测,,储运部,品管部,定性,初检,8,等于,托盘,,32,罐,是,32,罐,触觉、目测检查,表面光滑、颜色在样板范围内、无划伤杂质异物等,粗糙/颜色不在样板范围内/划伤/杂质异物/其他,,,,,1,复检,每8托为一个检测单元，每一托盘随机抽取样品4罐，共32罐，并做好标识。32罐均做本次检测。,若有不合格，取同一托20罐复检。,适用于原材料供应商制罐线改型、制罐设备大修后、换版及实验期间,2025-01-01,9999-12-31
188,,HWBT0198,001,禁用,Q/RW-TS-001-2023,"[{'id': 17, 'name': '空罐/普通型/无顶盖/250ml', 'sap_code': '20000194', 'code': 'GC000017', 'desc': '普通型空罐'}, {'id': 36, 'name': '空罐/普通型/250ML/30周年版/无顶盖', 'sap_code': '20002028', 'code': 'GC000036', 'desc': '普通型空罐'}, {'id': 37, 'name': '空罐/普通型/250ML/31周年版/无顶盖', 'sap_code': '20002271', 'code': 'GC000037', 'desc': '普通型空罐'}, {'id': 38, 'name': '空罐/普通型/250ML/2026广东红包促销/无顶盖', 'sap_code': '20002273', 'code': 'GC000038', 'desc': '促销型空罐'}, {'id': 39, 'name': '空罐/普通型/250ML/2026广东1元乐享促销/无顶盖', 'sap_code': '20002274', 'code': 'GC000039', 'desc': '促销型空罐'}, {'id': 40, 'name': '空罐/强化型/250ml/蓝色/30周年版/无底盖', 'sap_code': '20002029', 'code': 'GC000040', 'desc': '强化型空罐'}, {'id': 41, 'name': '空罐/强化型/250ml/蓝色/31周年版/无底盖', 'sap_code': '20002272', 'code': 'GC000041', 'desc': '强化型空罐'}, {'id': 66, 'name': '空罐/普通型/250ML/2026扫码1元乐享-闽苏沪/无顶盖', 'sap_code': '20002294', 'code': 'GC000066', 'desc': '促销型空罐'}, {'id': 69, 'name': '空罐/普通型/250ML/2026年1元乐享-新疆青海/无顶盖', 'sap_code': '20002303', 'code': 'GC000069', 'desc': '促销型空罐'}, {'id': 71, 'name': '空罐/普通型/250ML/2026扫码1元乐享-云贵/无顶盖', 'sap_code': '20002305', 'code': 'GC000071', 'desc': '促销型空罐'}, {'id': 73, 'name': '空罐/普通型/250ML/2026扫码1元乐享-广西/无顶盖', 'sap_code': '20002315', 'code': 'GC000073', 'desc': '促销型空罐'}]",空罐,包材,红牛,,,YC00000005,底盖蓝点外观,是,到货检测,,储运部,品管部,定性,初检,8,等于,托盘,,32,罐,是,32,罐,触觉、目测检查,表面光滑、颜色在样板范围内、无划伤杂质异物等,粗糙/颜色不在样板范围内/划伤/杂质异物/其他,,,,,1,复检,每8托为一个检测单元，每一托盘随机抽取样品4罐，共32罐，并做好标识。32罐均做本次检测。,若有不合格，取同一托20罐复检。,适用于原材料供应商制罐线改型、制罐设备大修后、换版及实验期间,2025-01-01,9999-12-31
189,,HWBT0199,001,禁用,Q/RW-TS-001-2023,"[{'id': 17, 'name': '空罐/普通型/无顶盖/250ml', 'sap_code': '20000194', 'code': 'GC000017', 'desc': '普通型空罐'}, {'id': 36, 'name': '空罐/普通型/250ML/30周年版/无顶盖', 'sap_code': '20002028', 'code': 'GC000036', 'desc': '普通型空罐'}, {'id': 37, 'name': '空罐/普通型/250ML/31周年版/无顶盖', 'sap_code': '20002271', 'code': 'GC000037', 'desc': '普通型空罐'}, {'id': 38, 'name': '空罐/普通型/250ML/2026广东红包促销/无顶盖', 'sap_code': '20002273', 'code': 'GC000038', 'desc': '促销型空罐'}, {'id': 39, 'name': '空罐/普通型/250ML/2026广东1元乐享促销/无顶盖', 'sap_code': '20002274', 'code': 'GC000039', 'desc': '促销型空罐'}, {'id': 40, 'name': '空罐/强化型/250ml/蓝色/30周年版/无底盖', 'sap_code': '20002029', 'code': 'GC000040', 'desc': '强化型空罐'}, {'id': 41, 'name': '空罐/强化型/250ml/蓝色/31周年版/无底盖', 'sap_code': '20002272', 'code': 'GC000041', 'desc': '强化型空罐'}, {'id': 66, 'name': '空罐/普通型/250ML/2026扫码1元乐享-闽苏沪/无顶盖', 'sap_code': '20002294', 'code': 'GC000066', 'desc': '促销型空罐'}, {'id': 69, 'name': '空罐/普通型/250ML/2026年1元乐享-新疆青海/无顶盖', 'sap_code': '20002303', 'code': 'GC000069', 'desc': '促销型空罐'}, {'id': 71, 'name': '空罐/普通型/250ML/2026扫码1元乐享-云贵/无顶盖', 'sap_code': '20002305', 'code': 'GC000071', 'desc': '促销型空罐'}, {'id': 73, 'name': '空罐/普通型/250ML/2026扫码1元乐享-广西/无顶盖', 'sap_code': '20002315', 'code': 'GC000073', 'desc': '促销型空罐'}]",空罐,包材,红牛,,,YF00000021,底盖蓝点直径,是,到货检测,,储运部,品管部,定量,复检,1,大于等于,托盘,,20,罐,是,20,罐,蓝点偏移量检测尺,18±0.5mm,,mm,17.5000,18.5000,1,1,退货处理,从初检问题托盘中每托取20罐复检。,若仍有不合格，初检检测单元的所有商品做退货处理。,适用于原材料供应商制罐线改型、制罐设备大修后、换版及实验期间,2025-01-01,9999-12-31
190,,HWBT0200,001,禁用,Q/RW-TS-001-2023,"[{'id': 17, 'name': '空罐/普通型/无顶盖/250ml', 'sap_code': '20000194', 'code': 'GC000017', 'desc': '普通型空罐'}, {'id': 36, 'name': '空罐/普通型/250ML/30周年版/无顶盖', 'sap_code': '20002028', 'code': 'GC000036', 'desc': '普通型空罐'}, {'id': 37, 'name': '空罐/普通型/250ML/31周年版/无顶盖', 'sap_code': '20002271', 'code': 'GC000037', 'desc': '普通型空罐'}, {'id': 38, 'name': '空罐/普通型/250ML/2026广东红包促销/无顶盖', 'sap_code': '20002273', 'code': 'GC000038', 'desc': '促销型空罐'}, {'id': 39, 'name': '空罐/普通型/250ML/2026广东1元乐享促销/无顶盖', 'sap_code': '20002274', 'code': 'GC000039', 'desc': '促销型空罐'}, {'id': 40, 'name': '空罐/强化型/250ml/蓝色/30周年版/无底盖', 'sap_code': '20002029', 'code': 'GC000040', 'desc': '强化型空罐'}, {'id': 41, 'name': '空罐/强化型/250ml/蓝色/31周年版/无底盖', 'sap_code': '20002272', 'code': 'GC000041', 'desc': '强化型空罐'}, {'id': 66, 'name': '空罐/普通型/250ML/2026扫码1元乐享-闽苏沪/无顶盖', 'sap_code': '20002294', 'code': 'GC000066', 'desc': '促销型空罐'}, {'id': 69, 'name': '空罐/普通型/250ML/2026年1元乐享-新疆青海/无顶盖', 'sap_code': '20002303', 'code': 'GC000069', 'desc': '促销型空罐'}, {'id': 71, 'name': '空罐/普通型/250ML/2026扫码1元乐享-云贵/无顶盖', 'sap_code': '20002305', 'code': 'GC000071', 'desc': '促销型空罐'}, {'id': 73, 'name': '空罐/普通型/250ML/2026扫码1元乐享-广西/无顶盖', 'sap_code': '20002315', 'code': 'GC000073', 'desc': '促销型空罐'}]",空罐,包材,红牛,,,YF00000021,底盖蓝点直径,是,到货检测,,储运部,品管部,定量,复检,1,大于等于,托盘,,20,罐,是,20,罐,蓝点偏移量检测尺,18±0.5mm,,mm,17.5000,18.5000,1,1,退货处理,从初检问题托盘中每托取20罐复检。,若仍有不合格，初检检测单元的所有商品做退货处理。,适用于原材料供应商制罐线改型、制罐设备大修后、换版及实验期间,2025-01-01,9999-12-31
191,,HWBT0201,001,禁用,Q/RW-TS-001-2023,"[{'id': 17, 'name': '空罐/普通型/无顶盖/250ml', 'sap_code': '20000194', 'code': 'GC000017', 'desc': '普通型空罐'}, {'id': 36, 'name': '空罐/普通型/250ML/30周年版/无顶盖', 'sap_code': '20002028', 'code': 'GC000036', 'desc': '普通型空罐'}, {'id': 37, 'name': '空罐/普通型/250ML/31周年版/无顶盖', 'sap_code': '20002271', 'code': 'GC000037', 'desc': '普通型空罐'}, {'id': 38, 'name': '空罐/普通型/250ML/2026广东红包促销/无顶盖', 'sap_code': '20002273', 'code': 'GC000038', 'desc': '促销型空罐'}, {'id': 39, 'name': '空罐/普通型/250ML/2026广东1元乐享促销/无顶盖', 'sap_code': '20002274', 'code': 'GC000039', 'desc': '促销型空罐'}, {'id': 40, 'name': '空罐/强化型/250ml/蓝色/30周年版/无底盖', 'sap_code': '20002029', 'code': 'GC000040', 'desc': '强化型空罐'}, {'id': 41, 'name': '空罐/强化型/250ml/蓝色/31周年版/无底盖', 'sap_code': '20002272', 'code': 'GC000041', 'desc': '强化型空罐'}, {'id': 66, 'name': '空罐/普通型/250ML/2026扫码1元乐享-闽苏沪/无顶盖', 'sap_code': '20002294', 'code': 'GC000066', 'desc': '促销型空罐'}, {'id': 69, 'name': '空罐/普通型/250ML/2026年1元乐享-新疆青海/无顶盖', 'sap_code': '20002303', 'code': 'GC000069', 'desc': '促销型空罐'}, {'id': 71, 'name': '空罐/普通型/250ML/2026扫码1元乐享-云贵/无顶盖', 'sap_code': '20002305', 'code': 'GC000071', 'desc': '促销型空罐'}, {'id': 73, 'name': '空罐/普通型/250ML/2026扫码1元乐享-广西/无顶盖', 'sap_code': '20002315', 'code': 'GC000073', 'desc': '促销型空罐'}]",空罐,包材,红牛,,,YF00000021,底盖蓝点偏移量,是,到货检测,,储运部,品管部,定量,复检,1,大于等于,托盘,,20,罐,是,20,罐,蓝点偏移量检测尺,≤2mm,,mm,0.0000,2.0000,,1,退货处理,从初检问题托盘中每托取20罐复检。,若仍有不合格，初检检测单元的所有商品做退货处理。,适用于原材料供应商制罐线改型、制罐设备大修后、换版及实验期间,2025-01-01,9999-12-31
192,,HWBT0202,001,禁用,Q/RW-TS-001-2023,"[{'id': 17, 'name': '空罐/普通型/无顶盖/250ml', 'sap_code': '20000194', 'code': 'GC000017', 'desc': '普通型空罐'}, {'id': 36, 'name': '空罐/普通型/250ML/30周年版/无顶盖', 'sap_code': '20002028', 'code': 'GC000036', 'desc': '普通型空罐'}, {'id': 37, 'name': '空罐/普通型/250ML/31周年版/无顶盖', 'sap_code': '20002271', 'code': 'GC000037', 'desc': '普通型空罐'}, {'id': 38, 'name': '空罐/普通型/250ML/2026广东红包促销/无顶盖', 'sap_code': '20002273', 'code': 'GC000038', 'desc': '促销型空罐'}, {'id': 39, 'name': '空罐/普通型/250ML/2026广东1元乐享促销/无顶盖', 'sap_code': '20002274', 'code': 'GC000039', 'desc': '促销型空罐'}, {'id': 40, 'name': '空罐/强化型/250ml/蓝色/30周年版/无底盖', 'sap_code': '20002029', 'code': 'GC000040', 'desc': '强化型空罐'}, {'id': 41, 'name': '空罐/强化型/250ml/蓝色/31周年版/无底盖', 'sap_code': '20002272', 'code': 'GC000041', 'desc': '强化型空罐'}, {'id': 66, 'name': '空罐/普通型/250ML/2026扫码1元乐享-闽苏沪/无顶盖', 'sap_code': '20002294', 'code': 'GC000066', 'desc': '促销型空罐'}, {'id': 69, 'name': '空罐/普通型/250ML/2026年1元乐享-新疆青海/无顶盖', 'sap_code': '20002303', 'code': 'GC000069', 'desc': '促销型空罐'}, {'id': 71, 'name': '空罐/普通型/250ML/2026扫码1元乐享-云贵/无顶盖', 'sap_code': '20002305', 'code': 'GC000071', 'desc': '促销型空罐'}, {'id': 73, 'name': '空罐/普通型/250ML/2026扫码1元乐享-广西/无顶盖', 'sap_code': '20002315', 'code': 'GC000073', 'desc': '促销型空罐'}]",空罐,包材,红牛,,,YF00000021,底盖蓝点偏移量,是,到货检测,,储运部,品管部,定量,复检,1,大于等于,托盘,,20,罐,是,20,罐,蓝点偏移量检测尺,≤2mm,,mm,0.0000,2.0000,,1,退货处理,从初检问题托盘中每托取20罐复检。,若仍有不合格，初检检测单元的所有商品做退货处理。,适用于原材料供应商制罐线改型、制罐设备大修后、换版及实验期间,2025-01-01,9999-12-31
193,,HWBT0203,001,禁用,Q/RW-TS-001-2023,"[{'id': 17, 'name': '空罐/普通型/无顶盖/250ml', 'sap_code': '20000194', 'code': 'GC000017', 'desc': '普通型空罐'}, {'id': 36, 'name': '空罐/普通型/250ML/30周年版/无顶盖', 'sap_code': '20002028', 'code': 'GC000036', 'desc': '普通型空罐'}, {'id': 37, 'name': '空罐/普通型/250ML/31周年版/无顶盖', 'sap_code': '20002271', 'code': 'GC000037', 'desc': '普通型空罐'}, {'id': 38, 'name': '空罐/普通型/250ML/2026广东红包促销/无顶盖', 'sap_code': '20002273', 'code': 'GC000038', 'desc': '促销型空罐'}, {'id': 39, 'name': '空罐/普通型/250ML/2026广东1元乐享促销/无顶盖', 'sap_code': '20002274', 'code': 'GC000039', 'desc': '促销型空罐'}, {'id': 40, 'name': '空罐/强化型/250ml/蓝色/30周年版/无底盖', 'sap_code': '20002029', 'code': 'GC000040', 'desc': '强化型空罐'}, {'id': 41, 'name': '空罐/强化型/250ml/蓝色/31周年版/无底盖', 'sap_code': '20002272', 'code': 'GC000041', 'desc': '强化型空罐'}, {'id': 66, 'name': '空罐/普通型/250ML/2026扫码1元乐享-闽苏沪/无顶盖', 'sap_code': '20002294', 'code': 'GC000066', 'desc': '促销型空罐'}, {'id': 69, 'name': '空罐/普通型/250ML/2026年1元乐享-新疆青海/无顶盖', 'sap_code': '20002303', 'code': 'GC000069', 'desc': '促销型空罐'}, {'id': 71, 'name': '空罐/普通型/250ML/2026扫码1元乐享-云贵/无顶盖', 'sap_code': '20002305', 'code': 'GC000071', 'desc': '促销型空罐'}, {'id': 73, 'name': '空罐/普通型/250ML/2026扫码1元乐享-广西/无顶盖', 'sap_code': '20002315', 'code': 'GC000073', 'desc': '促销型空罐'}]",空罐,包材,红牛,,,YF00000021,底盖蓝点外观,是,到货检测,,储运部,品管部,定性,复检,1,大于等于,托盘,,20,罐,是,20,罐,触觉、目测检查,表面光滑、颜色在样板范围内、无划伤杂质异物等,粗糙/颜色不在样板范围内/划伤/杂质异物/其他,,,,,1,退货处理,从初检问题托盘中每托取20罐复检。,若仍有不合格，初检检测单元的所有商品做退货处理。,适用于原材料供应商制罐线改型、制罐设备大修后、换版及实验期间,2025-01-01,9999-12-31
194,,HWBT0204,001,禁用,Q/RW-TS-001-2023,"[{'id': 17, 'name': '空罐/普通型/无顶盖/250ml', 'sap_code': '20000194', 'code': 'GC000017', 'desc': '普通型空罐'}, {'id': 36, 'name': '空罐/普通型/250ML/30周年版/无顶盖', 'sap_code': '20002028', 'code': 'GC000036', 'desc': '普通型空罐'}, {'id': 37, 'name': '空罐/普通型/250ML/31周年版/无顶盖', 'sap_code': '20002271', 'code': 'GC000037', 'desc': '普通型空罐'}, {'id': 38, 'name': '空罐/普通型/250ML/2026广东红包促销/无顶盖', 'sap_code': '20002273', 'code': 'GC000038', 'desc': '促销型空罐'}, {'id': 39, 'name': '空罐/普通型/250ML/2026广东1元乐享促销/无顶盖', 'sap_code': '20002274', 'code': 'GC000039', 'desc': '促销型空罐'}, {'id': 40, 'name': '空罐/强化型/250ml/蓝色/30周年版/无底盖', 'sap_code': '20002029', 'code': 'GC000040', 'desc': '强化型空罐'}, {'id': 41, 'name': '空罐/强化型/250ml/蓝色/31周年版/无底盖', 'sap_code': '20002272', 'code': 'GC000041', 'desc': '强化型空罐'}, {'id': 66, 'name': '空罐/普通型/250ML/2026扫码1元乐享-闽苏沪/无顶盖', 'sap_code': '20002294', 'code': 'GC000066', 'desc': '促销型空罐'}, {'id': 69, 'name': '空罐/普通型/250ML/2026年1元乐享-新疆青海/无顶盖', 'sap_code': '20002303', 'code': 'GC000069', 'desc': '促销型空罐'}, {'id': 71, 'name': '空罐/普通型/250ML/2026扫码1元乐享-云贵/无顶盖', 'sap_code': '20002305', 'code': 'GC000071', 'desc': '促销型空罐'}, {'id': 73, 'name': '空罐/普通型/250ML/2026扫码1元乐享-广西/无顶盖', 'sap_code': '20002315', 'code': 'GC000073', 'desc': '促销型空罐'}]",空罐,包材,红牛,,,YF00000021,底盖蓝点外观,是,到货检测,,储运部,品管部,定性,复检,1,大于等于,托盘,,20,罐,是,20,罐,触觉、目测检查,表面光滑、颜色在样板范围内、无划伤杂质异物等,粗糙/颜色不在样板范围内/划伤/杂质异物/其他,,,,,1,退货处理,从初检问题托盘中每托取20罐复检。,若仍有不合格，初检检测单元的所有商品做退货处理。,适用于原材料供应商制罐线改型、制罐设备大修后、换版及实验期间,2025-01-01,9999-12-31
195,,HWBT0205,001,禁用,Q/RW-TS-001-2023,"[{'id': 17, 'name': '空罐/普通型/无顶盖/250ml', 'sap_code': '20000194', 'code': 'GC000017', 'desc': '普通型空罐'}, {'id': 36, 'name': '空罐/普通型/250ML/30周年版/无顶盖', 'sap_code': '20002028', 'code': 'GC000036', 'desc': '普通型空罐'}, {'id': 37, 'name': '空罐/普通型/250ML/31周年版/无顶盖', 'sap_code': '20002271', 'code': 'GC000037', 'desc': '普通型空罐'}, {'id': 38, 'name': '空罐/普通型/250ML/2026广东红包促销/无顶盖', 'sap_code': '20002273', 'code': 'GC000038', 'desc': '促销型空罐'}, {'id': 39, 'name': '空罐/普通型/250ML/2026广东1元乐享促销/无顶盖', 'sap_code': '20002274', 'code': 'GC000039', 'desc': '促销型空罐'}, {'id': 40, 'name': '空罐/强化型/250ml/蓝色/30周年版/无底盖', 'sap_code': '20002029', 'code': 'GC000040', 'desc': '强化型空罐'}, {'id': 41, 'name': '空罐/强化型/250ml/蓝色/31周年版/无底盖', 'sap_code': '20002272', 'code': 'GC000041', 'desc': '强化型空罐'}, {'id': 66, 'name': '空罐/普通型/250ML/2026扫码1元乐享-闽苏沪/无顶盖', 'sap_code': '20002294', 'code': 'GC000066', 'desc': '促销型空罐'}, {'id': 69, 'name': '空罐/普通型/250ML/2026年1元乐享-新疆青海/无顶盖', 'sap_code': '20002303', 'code': 'GC000069', 'desc': '促销型空罐'}, {'id': 71, 'name': '空罐/普通型/250ML/2026扫码1元乐享-云贵/无顶盖', 'sap_code': '20002305', 'code': 'GC000071', 'desc': '促销型空罐'}, {'id': 73, 'name': '空罐/普通型/250ML/2026扫码1元乐享-广西/无顶盖', 'sap_code': '20002315', 'code': 'GC000073', 'desc': '促销型空罐'}]",空罐,包材,红牛,,,YC00000005,罐底墨码附着力,是,到货检测,,储运部,品管部,定性,初检,8,等于,托盘,,32,罐,是,32,罐,目测检查,清晰可辨,,,,,,1,退货处理,每8托为一个检测单元，每一托盘随机抽取样品4罐，共32罐，并做好标识。其中24罐做本次检测。,若有不合格，初检检测单元的所有商品做退货处理。,适用于原材料供应商制罐线改型、制罐设备大修后、换版及实验期间,2025-01-01,9999-12-31
196,,HWBT0206,001,禁用,Q/RW-TS-001-2023,"[{'id': 17, 'name': '空罐/普通型/无顶盖/250ml', 'sap_code': '20000194', 'code': 'GC000017', 'desc': '普通型空罐'}, {'id': 36, 'name': '空罐/普通型/250ML/30周年版/无顶盖', 'sap_code': '20002028', 'code': 'GC000036', 'desc': '普通型空罐'}, {'id': 37, 'name': '空罐/普通型/250ML/31周年版/无顶盖', 'sap_code': '20002271', 'code': 'GC000037', 'desc': '普通型空罐'}, {'id': 38, 'name': '空罐/普通型/250ML/2026广东红包促销/无顶盖', 'sap_code': '20002273', 'code': 'GC000038', 'desc': '促销型空罐'}, {'id': 39, 'name': '空罐/普通型/250ML/2026广东1元乐享促销/无顶盖', 'sap_code': '20002274', 'code': 'GC000039', 'desc': '促销型空罐'}, {'id': 40, 'name': '空罐/强化型/250ml/蓝色/30周年版/无底盖', 'sap_code': '20002029', 'code': 'GC000040', 'desc': '强化型空罐'}, {'id': 41, 'name': '空罐/强化型/250ml/蓝色/31周年版/无底盖', 'sap_code': '20002272', 'code': 'GC000041', 'desc': '强化型空罐'}, {'id': 66, 'name': '空罐/普通型/250ML/2026扫码1元乐享-闽苏沪/无顶盖', 'sap_code': '20002294', 'code': 'GC000066', 'desc': '促销型空罐'}, {'id': 69, 'name': '空罐/普通型/250ML/2026年1元乐享-新疆青海/无顶盖', 'sap_code': '20002303', 'code': 'GC000069', 'desc': '促销型空罐'}, {'id': 71, 'name': '空罐/普通型/250ML/2026扫码1元乐享-云贵/无顶盖', 'sap_code': '20002305', 'code': 'GC000071', 'desc': '促销型空罐'}, {'id': 73, 'name': '空罐/普通型/250ML/2026扫码1元乐享-广西/无顶盖', 'sap_code': '20002315', 'code': 'GC000073', 'desc': '促销型空罐'}]",空罐,包材,红牛,,,YC00000005,罐底墨码附着力,是,到货检测,,储运部,品管部,定性,初检,8,等于,托盘,,32,罐,是,32,罐,目测检查,清晰可辨,,,,,,1,退货处理,每8托为一个检测单元，每一托盘随机抽取样品4罐，共32罐，并做好标识。其中24罐做本次检测。,若有不合格，初检检测单元的所有商品做退货处理。,适用于原材料供应商制罐线改型、制罐设备大修后、换版及实验期间,2025-01-01,9999-12-31
197,,HWBT0207,001,禁用,Q/RW-TS-001-2023,"[{'id': 17, 'name': '空罐/普通型/无顶盖/250ml', 'sap_code': '20000194', 'code': 'GC000017', 'desc': '普通型空罐'}, {'id': 36, 'name': '空罐/普通型/250ML/30周年版/无顶盖', 'sap_code': '20002028', 'code': 'GC000036', 'desc': '普通型空罐'}, {'id': 37, 'name': '空罐/普通型/250ML/31周年版/无顶盖', 'sap_code': '20002271', 'code': 'GC000037', 'desc': '普通型空罐'}, {'id': 38, 'name': '空罐/普通型/250ML/2026广东红包促销/无顶盖', 'sap_code': '20002273', 'code': 'GC000038', 'desc': '促销型空罐'}, {'id': 39, 'name': '空罐/普通型/250ML/2026广东1元乐享促销/无顶盖', 'sap_code': '20002274', 'code': 'GC000039', 'desc': '促销型空罐'}, {'id': 40, 'name': '空罐/强化型/250ml/蓝色/30周年版/无底盖', 'sap_code': '20002029', 'code': 'GC000040', 'desc': '强化型空罐'}, {'id': 41, 'name': '空罐/强化型/250ml/蓝色/31周年版/无底盖', 'sap_code': '20002272', 'code': 'GC000041', 'desc': '强化型空罐'}, {'id': 66, 'name': '空罐/普通型/250ML/2026扫码1元乐享-闽苏沪/无顶盖', 'sap_code': '20002294', 'code': 'GC000066', 'desc': '促销型空罐'}, {'id': 69, 'name': '空罐/普通型/250ML/2026年1元乐享-新疆青海/无顶盖', 'sap_code': '20002303', 'code': 'GC000069', 'desc': '促销型空罐'}, {'id': 71, 'name': '空罐/普通型/250ML/2026扫码1元乐享-云贵/无顶盖', 'sap_code': '20002305', 'code': 'GC000071', 'desc': '促销型空罐'}, {'id': 73, 'name': '空罐/普通型/250ML/2026扫码1元乐享-广西/无顶盖', 'sap_code': '20002315', 'code': 'GC000073', 'desc': '促销型空罐'}]",空罐,包材,红牛,,,YC00000005,罐底墨码附着力,是,到货检测,,储运部,品管部,定性,初检,8,等于,托盘,,32,罐,是,32,罐,目测检查,手指擦拭2次不掉墨,,,,,,1,退货处理,每8托为一个检测单元，每一托盘随机抽取样品4罐，共32罐，并做好标识。其中24罐做本次检测。,若有不合格，初检检测单元的所有商品做退货处理。,适用于原材料供应商制罐线改型、制罐设备大修后、换版及实验期间,2025-01-01,9999-12-31
198,,HWBT0208,001,禁用,Q/RW-TS-001-2023,"[{'id': 17, 'name': '空罐/普通型/无顶盖/250ml', 'sap_code': '20000194', 'code': 'GC000017', 'desc': '普通型空罐'}, {'id': 36, 'name': '空罐/普通型/250ML/30周年版/无顶盖', 'sap_code': '20002028', 'code': 'GC000036', 'desc': '普通型空罐'}, {'id': 37, 'name': '空罐/普通型/250ML/31周年版/无顶盖', 'sap_code': '20002271', 'code': 'GC000037', 'desc': '普通型空罐'}, {'id': 38, 'name': '空罐/普通型/250ML/2026广东红包促销/无顶盖', 'sap_code': '20002273', 'code': 'GC000038', 'desc': '促销型空罐'}, {'id': 39, 'name': '空罐/普通型/250ML/2026广东1元乐享促销/无顶盖', 'sap_code': '20002274', 'code': 'GC000039', 'desc': '促销型空罐'}, {'id': 40, 'name': '空罐/强化型/250ml/蓝色/30周年版/无底盖', 'sap_code': '20002029', 'code': 'GC000040', 'desc': '强化型空罐'}, {'id': 41, 'name': '空罐/强化型/250ml/蓝色/31周年版/无底盖', 'sap_code': '20002272', 'code': 'GC000041', 'desc': '强化型空罐'}, {'id': 66, 'name': '空罐/普通型/250ML/2026扫码1元乐享-闽苏沪/无顶盖', 'sap_code': '20002294', 'code': 'GC000066', 'desc': '促销型空罐'}, {'id': 69, 'name': '空罐/普通型/250ML/2026年1元乐享-新疆青海/无顶盖', 'sap_code': '20002303', 'code': 'GC000069', 'desc': '促销型空罐'}, {'id': 71, 'name': '空罐/普通型/250ML/2026扫码1元乐享-云贵/无顶盖', 'sap_code': '20002305', 'code': 'GC000071', 'desc': '促销型空罐'}, {'id': 73, 'name': '空罐/普通型/250ML/2026扫码1元乐享-广西/无顶盖', 'sap_code': '20002315', 'code': 'GC000073', 'desc': '促销型空罐'}]",空罐,包材,红牛,,,YC00000005,罐底墨码附着力,是,到货检测,,储运部,品管部,定性,初检,8,等于,托盘,,32,罐,是,32,罐,目测检查,手指擦拭2次不掉墨,,,,,,1,退货处理,每8托为一个检测单元，每一托盘随机抽取样品4罐，共32罐，并做好标识。其中24罐做本次检测。,若有不合格，初检检测单元的所有商品做退货处理。,适用于原材料供应商制罐线改型、制罐设备大修后、换版及实验期间,2025-01-01,9999-12-31
199,,HWBT0209,001,禁用,Q/RW-TS-001-2023,"[{'id': 17, 'name': '空罐/普通型/无顶盖/250ml', 'sap_code': '20000194', 'code': 'GC000017', 'desc': '普通型空罐'}, {'id': 36, 'name': '空罐/普通型/250ML/30周年版/无顶盖', 'sap_code': '20002028', 'code': 'GC000036', 'desc': '普通型空罐'}, {'id': 37, 'name': '空罐/普通型/250ML/31周年版/无顶盖', 'sap_code': '20002271', 'code': 'GC000037', 'desc': '普通型空罐'}, {'id': 38, 'name': '空罐/普通型/250ML/2026广东红包促销/无顶盖', 'sap_code': '20002273', 'code': 'GC000038', 'desc': '促销型空罐'}, {'id': 39, 'name': '空罐/普通型/250ML/2026广东1元乐享促销/无顶盖', 'sap_code': '20002274', 'code': 'GC000039', 'desc': '促销型空罐'}, {'id': 40, 'name': '空罐/强化型/250ml/蓝色/30周年版/无底盖', 'sap_code': '20002029', 'code': 'GC000040', 'desc': '强化型空罐'}, {'id': 41, 'name': '空罐/强化型/250ml/蓝色/31周年版/无底盖', 'sap_code': '20002272', 'code': 'GC000041', 'desc': '强化型空罐'}, {'id': 66, 'name': '空罐/普通型/250ML/2026扫码1元乐享-闽苏沪/无顶盖', 'sap_code': '20002294', 'code': 'GC000066', 'desc': '促销型空罐'}, {'id': 69, 'name': '空罐/普通型/250ML/2026年1元乐享-新疆青海/无顶盖', 'sap_code': '20002303', 'code': 'GC000069', 'desc': '促销型空罐'}, {'id': 71, 'name': '空罐/普通型/250ML/2026扫码1元乐享-云贵/无顶盖', 'sap_code': '20002305', 'code': 'GC000071', 'desc': '促销型空罐'}, {'id': 73, 'name': '空罐/普通型/250ML/2026扫码1元乐享-广西/无顶盖', 'sap_code': '20002315', 'code': 'GC000073', 'desc': '促销型空罐'}]",空罐,包材,红牛,,,YC00000005,罐底墨码附着力,是,到货检测,,储运部,品管部,定性,初检,8,等于,托盘,,32,罐,是,32,罐,目测检查,手指擦拭2次不花码,,,,,,1,复检,每8托为一个检测单元，每一托盘随机抽取样品4罐，共32罐，并做好标识。其中24罐做本次检测。,若有不合格，取同一托8罐复检。,适用于原材料供应商制罐线改型、制罐设备大修后、换版及实验期间,2025-01-01,9999-12-31
200,,HWBT0210,001,禁用,Q/RW-TS-001-2023,"[{'id': 17, 'name': '空罐/普通型/无顶盖/250ml', 'sap_code': '20000194', 'code': 'GC000017', 'desc': '普通型空罐'}, {'id': 36, 'name': '空罐/普通型/250ML/30周年版/无顶盖', 'sap_code': '20002028', 'code': 'GC000036', 'desc': '普通型空罐'}, {'id': 37, 'name': '空罐/普通型/250ML/31周年版/无顶盖', 'sap_code': '20002271', 'code': 'GC000037', 'desc': '普通型空罐'}, {'id': 38, 'name': '空罐/普通型/250ML/2026广东红包促销/无顶盖', 'sap_code': '20002273', 'code': 'GC000038', 'desc': '促销型空罐'}, {'id': 39, 'name': '空罐/普通型/250ML/2026广东1元乐享促销/无顶盖', 'sap_code': '20002274', 'code': 'GC000039', 'desc': '促销型空罐'}, {'id': 40, 'name': '空罐/强化型/250ml/蓝色/30周年版/无底盖', 'sap_code': '20002029', 'code': 'GC000040', 'desc': '强化型空罐'}, {'id': 41, 'name': '空罐/强化型/250ml/蓝色/31周年版/无底盖', 'sap_code': '20002272', 'code': 'GC000041', 'desc': '强化型空罐'}, {'id': 66, 'name': '空罐/普通型/250ML/2026扫码1元乐享-闽苏沪/无顶盖', 'sap_code': '20002294', 'code': 'GC000066', 'desc': '促销型空罐'}, {'id': 69, 'name': '空罐/普通型/250ML/2026年1元乐享-新疆青海/无顶盖', 'sap_code': '20002303', 'code': 'GC000069', 'desc': '促销型空罐'}, {'id': 71, 'name': '空罐/普通型/250ML/2026扫码1元乐享-云贵/无顶盖', 'sap_code': '20002305', 'code': 'GC000071', 'desc': '促销型空罐'}, {'id': 73, 'name': '空罐/普通型/250ML/2026扫码1元乐享-广西/无顶盖', 'sap_code': '20002315', 'code': 'GC000073', 'desc': '促销型空罐'}]",空罐,包材,红牛,,,YC00000005,罐底墨码附着力,是,到货检测,,储运部,品管部,定性,初检,8,等于,托盘,,32,罐,是,32,罐,目测检查,手指擦拭2次不花码,,,,,,1,复检,每8托为一个检测单元，每一托盘随机抽取样品4罐，共32罐，并做好标识。其中24罐做本次检测。,若有不合格，取同一托8罐复检。,适用于原材料供应商制罐线改型、制罐设备大修后、换版及实验期间,2025-01-01,9999-12-31
201,,HWBT0211,001,禁用,Q/RW-TS-001-2023,"[{'id': 17, 'name': '空罐/普通型/无顶盖/250ml', 'sap_code': '20000194', 'code': 'GC000017', 'desc': '普通型空罐'}, {'id': 36, 'name': '空罐/普通型/250ML/30周年版/无顶盖', 'sap_code': '20002028', 'code': 'GC000036', 'desc': '普通型空罐'}, {'id': 37, 'name': '空罐/普通型/250ML/31周年版/无顶盖', 'sap_code': '20002271', 'code': 'GC000037', 'desc': '普通型空罐'}, {'id': 38, 'name': '空罐/普通型/250ML/2026广东红包促销/无顶盖', 'sap_code': '20002273', 'code': 'GC000038', 'desc': '促销型空罐'}, {'id': 39, 'name': '空罐/普通型/250ML/2026广东1元乐享促销/无顶盖', 'sap_code': '20002274', 'code': 'GC000039', 'desc': '促销型空罐'}, {'id': 40, 'name': '空罐/强化型/250ml/蓝色/30周年版/无底盖', 'sap_code': '20002029', 'code': 'GC000040', 'desc': '强化型空罐'}, {'id': 41, 'name': '空罐/强化型/250ml/蓝色/31周年版/无底盖', 'sap_code': '20002272', 'code': 'GC000041', 'desc': '强化型空罐'}, {'id': 66, 'name': '空罐/普通型/250ML/2026扫码1元乐享-闽苏沪/无顶盖', 'sap_code': '20002294', 'code': 'GC000066', 'desc': '促销型空罐'}, {'id': 69, 'name': '空罐/普通型/250ML/2026年1元乐享-新疆青海/无顶盖', 'sap_code': '20002303', 'code': 'GC000069', 'desc': '促销型空罐'}, {'id': 71, 'name': '空罐/普通型/250ML/2026扫码1元乐享-云贵/无顶盖', 'sap_code': '20002305', 'code': 'GC000071', 'desc': '促销型空罐'}, {'id': 73, 'name': '空罐/普通型/250ML/2026扫码1元乐享-广西/无顶盖', 'sap_code': '20002315', 'code': 'GC000073', 'desc': '促销型空罐'}]",空罐,包材,红牛,,,YF00000021,罐底墨码附着力,是,到货检测,,储运部,品管部,定性,复检,1,大于等于,托盘,,8,罐,是,8,罐,目测检查,手指擦拭2次不花码,,,,,,1,退货处理,从初检问题托盘中每托取8罐复检。,若仍有不合格，初检检测单元的所有商品做退货处理。,适用于原材料供应商制罐线改型、制罐设备大修后、换版及实验期间,2025-01-01,9999-12-31
202,,HWBT0212,001,禁用,Q/RW-TS-001-2023,"[{'id': 17, 'name': '空罐/普通型/无顶盖/250ml', 'sap_code': '20000194', 'code': 'GC000017', 'desc': '普通型空罐'}, {'id': 36, 'name': '空罐/普通型/250ML/30周年版/无顶盖', 'sap_code': '20002028', 'code': 'GC000036', 'desc': '普通型空罐'}, {'id': 37, 'name': '空罐/普通型/250ML/31周年版/无顶盖', 'sap_code': '20002271', 'code': 'GC000037', 'desc': '普通型空罐'}, {'id': 38, 'name': '空罐/普通型/250ML/2026广东红包促销/无顶盖', 'sap_code': '20002273', 'code': 'GC000038', 'desc': '促销型空罐'}, {'id': 39, 'name': '空罐/普通型/250ML/2026广东1元乐享促销/无顶盖', 'sap_code': '20002274', 'code': 'GC000039', 'desc': '促销型空罐'}, {'id': 40, 'name': '空罐/强化型/250ml/蓝色/30周年版/无底盖', 'sap_code': '20002029', 'code': 'GC000040', 'desc': '强化型空罐'}, {'id': 41, 'name': '空罐/强化型/250ml/蓝色/31周年版/无底盖', 'sap_code': '20002272', 'code': 'GC000041', 'desc': '强化型空罐'}, {'id': 66, 'name': '空罐/普通型/250ML/2026扫码1元乐享-闽苏沪/无顶盖', 'sap_code': '20002294', 'code': 'GC000066', 'desc': '促销型空罐'}, {'id': 69, 'name': '空罐/普通型/250ML/2026年1元乐享-新疆青海/无顶盖', 'sap_code': '20002303', 'code': 'GC000069', 'desc': '促销型空罐'}, {'id': 71, 'name': '空罐/普通型/250ML/2026扫码1元乐享-云贵/无顶盖', 'sap_code': '20002305', 'code': 'GC000071', 'desc': '促销型空罐'}, {'id': 73, 'name': '空罐/普通型/250ML/2026扫码1元乐享-广西/无顶盖', 'sap_code': '20002315', 'code': 'GC000073', 'desc': '促销型空罐'}]",空罐,包材,红牛,,,YF00000021,罐底墨码附着力,是,到货检测,,储运部,品管部,定性,复检,1,大于等于,托盘,,8,罐,是,8,罐,目测检查,手指擦拭2次不花码,,,,,,1,退货处理,从初检问题托盘中每托取8罐复检。,若仍有不合格，初检检测单元的所有商品做退货处理。,适用于原材料供应商制罐线改型、制罐设备大修后、换版及实验期间,2025-01-01,9999-12-31
203,,HWBT0213,001,禁用,Q/RW-TS-001-2023,"[{'id': 12, 'name': '亿兴云顶盖', 'sap_code': '88888888', 'code': 'GC000012', 'desc': '普通型顶盖'}, {'id': 13, 'name': '顶盖/206', 'sap_code': '20000195', 'code': 'GC000013', 'desc': '普通型顶盖'}, {'id': 33, 'name': '顶盖/206/2025广东促销', 'sap_code': '20002043', 'code': 'GC000033', 'desc': '促销型顶盖'}, {'id': 34, 'name': '顶盖/206/2026广东红包促销', 'sap_code': '20002275', 'code': 'GC000034', 'desc': '促销型顶盖'}, {'id': 35, 'name': '顶盖/206/2026广东1元乐享促销', 'sap_code': '20002276', 'code': 'GC000035', 'desc': '促销型顶盖'}, {'id': 68, 'name': '顶盖/206/2026扫码1元乐享-闽苏沪', 'sap_code': '20002302', 'code': 'GC000068', 'desc': '促销型顶盖'}, {'id': 70, 'name': '顶盖/206/2026/1元乐享-新疆青海', 'sap_code': '20002304', 'code': 'GC000070', 'desc': '促销型顶盖'}, {'id': 72, 'name': '顶盖/206/2026扫码1元乐享-云贵', 'sap_code': '20002306', 'code': 'GC000072', 'desc': '促销型顶盖'}, {'id': 74, 'name': '顶盖/206/2026扫码1元乐享-广西', 'sap_code': '20002316', 'code': 'GC000074', 'desc': '促销型顶盖'}, {'id': 98, 'name': '亿兴云顶盖2', 'sap_code': '99999999', 'code': 'GC000097', 'desc': '普通型顶盖'}]",顶盖,包材,红牛,,,YC00000006,外径尺寸,是,到货检测,,品管部,品管部,定量,初检,1,等于,托盘,,15,片,是,15,片,盖尺寸综合检测仪,64.52-65.02,,mm,64.5200,65.0200,2,1,复检,每1托为一个检测单元，取样品15片，其中3片做本次检测。,若有不合格，取同一托15片复检。,,2025-01-01,9999-12-31
204,,HWBT0214,001,禁用,Q/RW-TS-001-2023,"[{'id': 12, 'name': '亿兴云顶盖', 'sap_code': '88888888', 'code': 'GC000012', 'desc': '普通型顶盖'}, {'id': 13, 'name': '顶盖/206', 'sap_code': '20000195', 'code': 'GC000013', 'desc': '普通型顶盖'}, {'id': 33, 'name': '顶盖/206/2025广东促销', 'sap_code': '20002043', 'code': 'GC000033', 'desc': '促销型顶盖'}, {'id': 34, 'name': '顶盖/206/2026广东红包促销', 'sap_code': '20002275', 'code': 'GC000034', 'desc': '促销型顶盖'}, {'id': 35, 'name': '顶盖/206/2026广东1元乐享促销', 'sap_code': '20002276', 'code': 'GC000035', 'desc': '促销型顶盖'}, {'id': 68, 'name': '顶盖/206/2026扫码1元乐享-闽苏沪', 'sap_code': '20002302', 'code': 'GC000068', 'desc': '促销型顶盖'}, {'id': 70, 'name': '顶盖/206/2026/1元乐享-新疆青海', 'sap_code': '20002304', 'code': 'GC000070', 'desc': '促销型顶盖'}, {'id': 72, 'name': '顶盖/206/2026扫码1元乐享-云贵', 'sap_code': '20002306', 'code': 'GC000072', 'desc': '促销型顶盖'}, {'id': 74, 'name': '顶盖/206/2026扫码1元乐享-广西', 'sap_code': '20002316', 'code': 'GC000074', 'desc': '促销型顶盖'}, {'id': 98, 'name': '亿兴云顶盖2', 'sap_code': '99999999', 'code': 'GC000097', 'desc': '普通型顶盖'}]",顶盖,包材,红牛,,,YF00000022,外径尺寸,是,到货检测,,品管部,品管部,定量,复检,1,大于等于,托盘,,15,片,是,15,片,盖尺寸综合检测仪,64.52-65.02,,mm,64.5200,65.0200,2,1,退货处理,从初检问题托盘中取15片复检。,若仍有不合格，初检检测单元的所有商品做退货处理。,,2025-01-01,9999-12-31
205,,HWBT0215,001,禁用,Q/RW-TS-001-2023,"[{'id': 14, 'name': '底盖/200', 'sap_code': '20000022', 'code': 'GC000014', 'desc': '强化型底盖'}, {'id': 64, 'name': '红牛维生素功能饮料/普通型/250ML/24/普通箱内码/2026', 'sap_code': '10001199', 'code': 'GC000064', 'desc': '强化型底盖'}]",底盖,包材,红牛,,,YC00000007,外径尺寸,是,到货检测,,品管部,品管部,定量,初检,1,等于,托盘,,15,片,是,15,片,盖尺寸综合检测仪,58.95-59.45,,mm,58.9500,59.4500,2,1,复检,每1托为一个检测单元，取样品15片，其中3片做本次检测。,若有不合格，取同一托15片复检。,,2025-01-01,9999-12-31
206,,HWBT0216,001,禁用,Q/RW-TS-001-2023,"[{'id': 14, 'name': '底盖/200', 'sap_code': '20000022', 'code': 'GC000014', 'desc': '强化型底盖'}, {'id': 64, 'name': '红牛维生素功能饮料/普通型/250ML/24/普通箱内码/2026', 'sap_code': '10001199', 'code': 'GC000064', 'desc': '强化型底盖'}]",底盖,包材,红牛,,,YF00000023,外径尺寸,是,到货检测,,品管部,品管部,定量,复检,1,大于等于,托盘,,15,片,是,15,片,盖尺寸综合检测仪,58.95-59.45,,mm,58.9500,59.4500,2,1,退货处理,从初检问题托盘中取15片复检。,若仍有不合格，初检检测单元的所有商品做退货处理。,,2025-01-01,9999-12-31
207,,HWBT0217,001,禁用,Q/RW-TS-001-2023,"[{'id': 12, 'name': '亿兴云顶盖', 'sap_code': '88888888', 'code': 'GC000012', 'desc': '普通型顶盖'}, {'id': 13, 'name': '顶盖/206', 'sap_code': '20000195', 'code': 'GC000013', 'desc': '普通型顶盖'}, {'id': 33, 'name': '顶盖/206/2025广东促销', 'sap_code': '20002043', 'code': 'GC000033', 'desc': '促销型顶盖'}, {'id': 34, 'name': '顶盖/206/2026广东红包促销', 'sap_code': '20002275', 'code': 'GC000034', 'desc': '促销型顶盖'}, {'id': 35, 'name': '顶盖/206/2026广东1元乐享促销', 'sap_code': '20002276', 'code': 'GC000035', 'desc': '促销型顶盖'}, {'id': 68, 'name': '顶盖/206/2026扫码1元乐享-闽苏沪', 'sap_code': '20002302', 'code': 'GC000068', 'desc': '促销型顶盖'}, {'id': 70, 'name': '顶盖/206/2026/1元乐享-新疆青海', 'sap_code': '20002304', 'code': 'GC000070', 'desc': '促销型顶盖'}, {'id': 72, 'name': '顶盖/206/2026扫码1元乐享-云贵', 'sap_code': '20002306', 'code': 'GC000072', 'desc': '促销型顶盖'}, {'id': 74, 'name': '顶盖/206/2026扫码1元乐享-广西', 'sap_code': '20002316', 'code': 'GC000074', 'desc': '促销型顶盖'}, {'id': 98, 'name': '亿兴云顶盖2', 'sap_code': '99999999', 'code': 'GC000097', 'desc': '普通型顶盖'}]",顶盖,包材,红牛,,,YC00000006,埋头度,是,到货检测,,品管部,品管部,定量,初检,1,等于,托盘,,15,片,是,15,片,盖尺寸综合检测仪,6.20-6.50,,mm,6.2000,6.5000,2,1,复检,每1托为一个检测单元，取样品15片，其中3片做本次检测。,若有不合格，取同一托15片复检。,,2025-01-01,9999-12-31
208,,HWBT0218,001,禁用,Q/RW-TS-001-2023,"[{'id': 12, 'name': '亿兴云顶盖', 'sap_code': '88888888', 'code': 'GC000012', 'desc': '普通型顶盖'}, {'id': 13, 'name': '顶盖/206', 'sap_code': '20000195', 'code': 'GC000013', 'desc': '普通型顶盖'}, {'id': 33, 'name': '顶盖/206/2025广东促销', 'sap_code': '20002043', 'code': 'GC000033', 'desc': '促销型顶盖'}, {'id': 34, 'name': '顶盖/206/2026广东红包促销', 'sap_code': '20002275', 'code': 'GC000034', 'desc': '促销型顶盖'}, {'id': 35, 'name': '顶盖/206/2026广东1元乐享促销', 'sap_code': '20002276', 'code': 'GC000035', 'desc': '促销型顶盖'}, {'id': 68, 'name': '顶盖/206/2026扫码1元乐享-闽苏沪', 'sap_code': '20002302', 'code': 'GC000068', 'desc': '促销型顶盖'}, {'id': 70, 'name': '顶盖/206/2026/1元乐享-新疆青海', 'sap_code': '20002304', 'code': 'GC000070', 'desc': '促销型顶盖'}, {'id': 72, 'name': '顶盖/206/2026扫码1元乐享-云贵', 'sap_code': '20002306', 'code': 'GC000072', 'desc': '促销型顶盖'}, {'id': 74, 'name': '顶盖/206/2026扫码1元乐享-广西', 'sap_code': '20002316', 'code': 'GC000074', 'desc': '促销型顶盖'}, {'id': 98, 'name': '亿兴云顶盖2', 'sap_code': '99999999', 'code': 'GC000097', 'desc': '普通型顶盖'}]",顶盖,包材,红牛,,,YF00000022,埋头度,是,到货检测,,品管部,品管部,定量,复检,1,大于等于,托盘,,15,片,是,15,片,盖尺寸综合检测仪,6.20-6.50,,mm,6.2000,6.5000,2,1,退货处理,从初检问题托盘中取15片复检。,若仍有不合格，初检检测单元的所有商品做退货处理。,,2025-01-01,9999-12-31
209,,HWBT0219,001,禁用,Q/RW-TS-001-2023,"[{'id': 14, 'name': '底盖/200', 'sap_code': '20000022', 'code': 'GC000014', 'desc': '强化型底盖'}, {'id': 64, 'name': '红牛维生素功能饮料/普通型/250ML/24/普通箱内码/2026', 'sap_code': '10001199', 'code': 'GC000064', 'desc': '强化型底盖'}]",底盖,包材,红牛,,,YC00000007,埋头度,是,到货检测,,品管部,品管部,定量,初检,1,等于,托盘,,15,片,是,15,片,盖尺寸综合检测仪,3.85-4.15,,mm,3.8500,4.1500,2,1,复检,每1托为一个检测单元，取样品15片，其中3片做本次检测。,若有不合格，取同一托15片复检。,,2025-01-01,9999-12-31
210,,HWBT0220,001,禁用,Q/RW-TS-001-2023,"[{'id': 14, 'name': '底盖/200', 'sap_code': '20000022', 'code': 'GC000014', 'desc': '强化型底盖'}, {'id': 64, 'name': '红牛维生素功能饮料/普通型/250ML/24/普通箱内码/2026', 'sap_code': '10001199', 'code': 'GC000064', 'desc': '强化型底盖'}]",底盖,包材,红牛,,,YF00000023,埋头度,是,到货检测,,品管部,品管部,定量,复检,1,大于等于,托盘,,15,片,是,15,片,盖尺寸综合检测仪,3.85-4.15,,mm,3.8500,4.1500,2,1,退货处理,从初检问题托盘中取15片复检。,若仍有不合格，初检检测单元的所有商品做退货处理。,,2025-01-01,9999-12-31
211,,HWBT0221,001,禁用,Q/RW-TS-001-2023,"[{'id': 12, 'name': '亿兴云顶盖', 'sap_code': '88888888', 'code': 'GC000012', 'desc': '普通型顶盖'}, {'id': 13, 'name': '顶盖/206', 'sap_code': '20000195', 'code': 'GC000013', 'desc': '普通型顶盖'}, {'id': 33, 'name': '顶盖/206/2025广东促销', 'sap_code': '20002043', 'code': 'GC000033', 'desc': '促销型顶盖'}, {'id': 34, 'name': '顶盖/206/2026广东红包促销', 'sap_code': '20002275', 'code': 'GC000034', 'desc': '促销型顶盖'}, {'id': 35, 'name': '顶盖/206/2026广东1元乐享促销', 'sap_code': '20002276', 'code': 'GC000035', 'desc': '促销型顶盖'}, {'id': 68, 'name': '顶盖/206/2026扫码1元乐享-闽苏沪', 'sap_code': '20002302', 'code': 'GC000068', 'desc': '促销型顶盖'}, {'id': 70, 'name': '顶盖/206/2026/1元乐享-新疆青海', 'sap_code': '20002304', 'code': 'GC000070', 'desc': '促销型顶盖'}, {'id': 72, 'name': '顶盖/206/2026扫码1元乐享-云贵', 'sap_code': '20002306', 'code': 'GC000072', 'desc': '促销型顶盖'}, {'id': 74, 'name': '顶盖/206/2026扫码1元乐享-广西', 'sap_code': '20002316', 'code': 'GC000074', 'desc': '促销型顶盖'}, {'id': 98, 'name': '亿兴云顶盖2', 'sap_code': '99999999', 'code': 'GC000097', 'desc': '普通型顶盖'}]",顶盖,包材,红牛,,,YC00000006,钩边高度,是,到货检测,,品管部,品管部,定量,初检,1,等于,托盘,,15,片,是,15,片,盖尺寸综合检测仪,1.80-2.20,,mm,1.8000,2.2000,2,1,复检,每1托为一个检测单元，取样品15片，其中3片做本次检测。,若有不合格，取同一托15片复检。,,2025-01-01,9999-12-31
212,,HWBT0222,001,禁用,Q/RW-TS-001-2023,"[{'id': 12, 'name': '亿兴云顶盖', 'sap_code': '88888888', 'code': 'GC000012', 'desc': '普通型顶盖'}, {'id': 13, 'name': '顶盖/206', 'sap_code': '20000195', 'code': 'GC000013', 'desc': '普通型顶盖'}, {'id': 33, 'name': '顶盖/206/2025广东促销', 'sap_code': '20002043', 'code': 'GC000033', 'desc': '促销型顶盖'}, {'id': 34, 'name': '顶盖/206/2026广东红包促销', 'sap_code': '20002275', 'code': 'GC000034', 'desc': '促销型顶盖'}, {'id': 35, 'name': '顶盖/206/2026广东1元乐享促销', 'sap_code': '20002276', 'code': 'GC000035', 'desc': '促销型顶盖'}, {'id': 68, 'name': '顶盖/206/2026扫码1元乐享-闽苏沪', 'sap_code': '20002302', 'code': 'GC000068', 'desc': '促销型顶盖'}, {'id': 70, 'name': '顶盖/206/2026/1元乐享-新疆青海', 'sap_code': '20002304', 'code': 'GC000070', 'desc': '促销型顶盖'}, {'id': 72, 'name': '顶盖/206/2026扫码1元乐享-云贵', 'sap_code': '20002306', 'code': 'GC000072', 'desc': '促销型顶盖'}, {'id': 74, 'name': '顶盖/206/2026扫码1元乐享-广西', 'sap_code': '20002316', 'code': 'GC000074', 'desc': '促销型顶盖'}, {'id': 98, 'name': '亿兴云顶盖2', 'sap_code': '99999999', 'code': 'GC000097', 'desc': '普通型顶盖'}]",顶盖,包材,红牛,,,YF00000022,钩边高度,是,到货检测,,品管部,品管部,定量,复检,1,大于等于,托盘,,15,片,是,15,片,盖尺寸综合检测仪,1.80-2.20,,mm,1.8000,2.2000,2,1,退货处理,从初检问题托盘中取15片复检。,若仍有不合格，初检检测单元的所有商品做退货处理。,,2025-01-01,9999-12-31
213,,HWBT0223,001,禁用,Q/RW-TS-001-2023,"[{'id': 14, 'name': '底盖/200', 'sap_code': '20000022', 'code': 'GC000014', 'desc': '强化型底盖'}, {'id': 64, 'name': '红牛维生素功能饮料/普通型/250ML/24/普通箱内码/2026', 'sap_code': '10001199', 'code': 'GC000064', 'desc': '强化型底盖'}]",底盖,包材,红牛,,,YC00000007,钩边高度,是,到货检测,,品管部,品管部,定量,初检,1,等于,托盘,,15,片,是,15,片,盖尺寸综合检测仪,1.90-2.20,,mm,1.9000,2.2000,2,1,复检,每1托为一个检测单元，取样品15片，其中3片做本次检测。,若有不合格，取同一托15片复检。,,2025-01-01,9999-12-31
214,,HWBT0224,001,禁用,Q/RW-TS-001-2023,"[{'id': 14, 'name': '底盖/200', 'sap_code': '20000022', 'code': 'GC000014', 'desc': '强化型底盖'}, {'id': 64, 'name': '红牛维生素功能饮料/普通型/250ML/24/普通箱内码/2026', 'sap_code': '10001199', 'code': 'GC000064', 'desc': '强化型底盖'}]",底盖,包材,红牛,,,YF00000023,钩边高度,是,到货检测,,品管部,品管部,定量,复检,1,大于等于,托盘,,15,片,是,15,片,盖尺寸综合检测仪,1.90-2.20,,mm,1.9000,2.2000,2,1,退货处理,从初检问题托盘中取15片复检。,若仍有不合格，初检检测单元的所有商品做退货处理。,,2025-01-01,9999-12-31
215,,HWBT0225,001,禁用,Q/RW-TS-001-2023,"[{'id': 12, 'name': '亿兴云顶盖', 'sap_code': '88888888', 'code': 'GC000012', 'desc': '普通型顶盖'}, {'id': 13, 'name': '顶盖/206', 'sap_code': '20000195', 'code': 'GC000013', 'desc': '普通型顶盖'}, {'id': 33, 'name': '顶盖/206/2025广东促销', 'sap_code': '20002043', 'code': 'GC000033', 'desc': '促销型顶盖'}, {'id': 34, 'name': '顶盖/206/2026广东红包促销', 'sap_code': '20002275', 'code': 'GC000034', 'desc': '促销型顶盖'}, {'id': 35, 'name': '顶盖/206/2026广东1元乐享促销', 'sap_code': '20002276', 'code': 'GC000035', 'desc': '促销型顶盖'}, {'id': 68, 'name': '顶盖/206/2026扫码1元乐享-闽苏沪', 'sap_code': '20002302', 'code': 'GC000068', 'desc': '促销型顶盖'}, {'id': 70, 'name': '顶盖/206/2026/1元乐享-新疆青海', 'sap_code': '20002304', 'code': 'GC000070', 'desc': '促销型顶盖'}, {'id': 72, 'name': '顶盖/206/2026扫码1元乐享-云贵', 'sap_code': '20002306', 'code': 'GC000072', 'desc': '促销型顶盖'}, {'id': 74, 'name': '顶盖/206/2026扫码1元乐享-广西', 'sap_code': '20002316', 'code': 'GC000074', 'desc': '促销型顶盖'}, {'id': 98, 'name': '亿兴云顶盖2', 'sap_code': '99999999', 'code': 'GC000097', 'desc': '普通型顶盖'}]",顶盖,包材,红牛,,,YC00000006,干膜重量,是,到货检测,,品管部,品管部,定量,初检,1,等于,托盘,,15,片,是,15,片,电子分析天平,35-55,,mg,35.0000,55.0000,,1,复检,每1托为一个检测单元，取样品15片，其中3片做本次检测。,若有不合格，取同一托15片复检。,,2025-01-01,9999-12-31
216,,HWBT0226,001,禁用,Q/RW-TS-001-2023,"[{'id': 12, 'name': '亿兴云顶盖', 'sap_code': '88888888', 'code': 'GC000012', 'desc': '普通型顶盖'}, {'id': 13, 'name': '顶盖/206', 'sap_code': '20000195', 'code': 'GC000013', 'desc': '普通型顶盖'}, {'id': 33, 'name': '顶盖/206/2025广东促销', 'sap_code': '20002043', 'code': 'GC000033', 'desc': '促销型顶盖'}, {'id': 34, 'name': '顶盖/206/2026广东红包促销', 'sap_code': '20002275', 'code': 'GC000034', 'desc': '促销型顶盖'}, {'id': 35, 'name': '顶盖/206/2026广东1元乐享促销', 'sap_code': '20002276', 'code': 'GC000035', 'desc': '促销型顶盖'}, {'id': 68, 'name': '顶盖/206/2026扫码1元乐享-闽苏沪', 'sap_code': '20002302', 'code': 'GC000068', 'desc': '促销型顶盖'}, {'id': 70, 'name': '顶盖/206/2026/1元乐享-新疆青海', 'sap_code': '20002304', 'code': 'GC000070', 'desc': '促销型顶盖'}, {'id': 72, 'name': '顶盖/206/2026扫码1元乐享-云贵', 'sap_code': '20002306', 'code': 'GC000072', 'desc': '促销型顶盖'}, {'id': 74, 'name': '顶盖/206/2026扫码1元乐享-广西', 'sap_code': '20002316', 'code': 'GC000074', 'desc': '促销型顶盖'}, {'id': 98, 'name': '亿兴云顶盖2', 'sap_code': '99999999', 'code': 'GC000097', 'desc': '普通型顶盖'}]",顶盖,包材,红牛,,,YF00000022,干膜重量,是,到货检测,,品管部,品管部,定量,复检,1,大于等于,托盘,,15,片,是,15,片,电子分析天平,35-55,,mg,35.0000,55.0000,,1,退货处理,从初检问题托盘中取15片复检。,若仍有不合格，初检检测单元的所有商品做退货处理。,,2025-01-01,9999-12-31
217,,HWBT0227,001,禁用,Q/RW-TS-001-2023,"[{'id': 14, 'name': '底盖/200', 'sap_code': '20000022', 'code': 'GC000014', 'desc': '强化型底盖'}, {'id': 64, 'name': '红牛维生素功能饮料/普通型/250ML/24/普通箱内码/2026', 'sap_code': '10001199', 'code': 'GC000064', 'desc': '强化型底盖'}]",底盖,包材,红牛,,,YC00000007,干膜重量,是,到货检测,,品管部,品管部,定量,初检,1,等于,托盘,,15,片,是,15,片,电子分析天平,35-55,,mg,35.0000,55.0000,,1,复检,每1托为一个检测单元，取样品15片，其中3片做本次检测。,若有不合格，取同一托15片复检。,,2025-01-01,9999-12-31
218,,HWBT0228,001,禁用,Q/RW-TS-001-2023,"[{'id': 14, 'name': '底盖/200', 'sap_code': '20000022', 'code': 'GC000014', 'desc': '强化型底盖'}, {'id': 64, 'name': '红牛维生素功能饮料/普通型/250ML/24/普通箱内码/2026', 'sap_code': '10001199', 'code': 'GC000064', 'desc': '强化型底盖'}]",底盖,包材,红牛,,,YF00000023,干膜重量,是,到货检测,,品管部,品管部,定量,复检,1,大于等于,托盘,,15,片,是,15,片,电子分析天平,35-55,,mg,35.0000,55.0000,,1,退货处理,从初检问题托盘中取15片复检。,若仍有不合格，初检检测单元的所有商品做退货处理。,,2025-01-01,9999-12-31
219,,HWBT0229,001,禁用,Q/RW-TS-001-2023,"[{'id': 12, 'name': '亿兴云顶盖', 'sap_code': '88888888', 'code': 'GC000012', 'desc': '普通型顶盖'}, {'id': 13, 'name': '顶盖/206', 'sap_code': '20000195', 'code': 'GC000013', 'desc': '普通型顶盖'}, {'id': 33, 'name': '顶盖/206/2025广东促销', 'sap_code': '20002043', 'code': 'GC000033', 'desc': '促销型顶盖'}, {'id': 34, 'name': '顶盖/206/2026广东红包促销', 'sap_code': '20002275', 'code': 'GC000034', 'desc': '促销型顶盖'}, {'id': 35, 'name': '顶盖/206/2026广东1元乐享促销', 'sap_code': '20002276', 'code': 'GC000035', 'desc': '促销型顶盖'}, {'id': 68, 'name': '顶盖/206/2026扫码1元乐享-闽苏沪', 'sap_code': '20002302', 'code': 'GC000068', 'desc': '促销型顶盖'}, {'id': 70, 'name': '顶盖/206/2026/1元乐享-新疆青海', 'sap_code': '20002304', 'code': 'GC000070', 'desc': '促销型顶盖'}, {'id': 72, 'name': '顶盖/206/2026扫码1元乐享-云贵', 'sap_code': '20002306', 'code': 'GC000072', 'desc': '促销型顶盖'}, {'id': 74, 'name': '顶盖/206/2026扫码1元乐享-广西', 'sap_code': '20002316', 'code': 'GC000074', 'desc': '促销型顶盖'}, {'id': 98, 'name': '亿兴云顶盖2', 'sap_code': '99999999', 'code': 'GC000097', 'desc': '普通型顶盖'}]",顶盖,包材,红牛,,,YC00000006,启破力,是,到货检测,,品管部,品管部,定量,初检,1,等于,托盘,,15,片,是,15,片,启破力、全开力测定仪,7-14,,N,7.0000,14.0000,,1,复检,每1托为一个检测单元，取样品15片，其中3片做本次检测。,若有不合格，取同一托15片复检。,,2025-01-01,9999-12-31
220,,HWBT0230,001,禁用,Q/RW-TS-001-2023,"[{'id': 12, 'name': '亿兴云顶盖', 'sap_code': '88888888', 'code': 'GC000012', 'desc': '普通型顶盖'}, {'id': 13, 'name': '顶盖/206', 'sap_code': '20000195', 'code': 'GC000013', 'desc': '普通型顶盖'}, {'id': 33, 'name': '顶盖/206/2025广东促销', 'sap_code': '20002043', 'code': 'GC000033', 'desc': '促销型顶盖'}, {'id': 34, 'name': '顶盖/206/2026广东红包促销', 'sap_code': '20002275', 'code': 'GC000034', 'desc': '促销型顶盖'}, {'id': 35, 'name': '顶盖/206/2026广东1元乐享促销', 'sap_code': '20002276', 'code': 'GC000035', 'desc': '促销型顶盖'}, {'id': 68, 'name': '顶盖/206/2026扫码1元乐享-闽苏沪', 'sap_code': '20002302', 'code': 'GC000068', 'desc': '促销型顶盖'}, {'id': 70, 'name': '顶盖/206/2026/1元乐享-新疆青海', 'sap_code': '20002304', 'code': 'GC000070', 'desc': '促销型顶盖'}, {'id': 72, 'name': '顶盖/206/2026扫码1元乐享-云贵', 'sap_code': '20002306', 'code': 'GC000072', 'desc': '促销型顶盖'}, {'id': 74, 'name': '顶盖/206/2026扫码1元乐享-广西', 'sap_code': '20002316', 'code': 'GC000074', 'desc': '促销型顶盖'}, {'id': 98, 'name': '亿兴云顶盖2', 'sap_code': '99999999', 'code': 'GC000097', 'desc': '普通型顶盖'}]",顶盖,包材,红牛,,,YF00000025,启破力,是,到货检测,,品管部,品管部,定量,复检,1,大于等于,托盘,,15,片,是,15,片,启破力、全开力测定仪,7-14,,N,7.0000,14.0000,,1,退货处理,从初检问题托盘中取15片复检。,若仍有不合格，初检检测单元的所有商品做退货处理。,,2025-01-01,9999-12-31
221,,HWBT0231,001,禁用,Q/RW-TS-001-2023,"[{'id': 12, 'name': '亿兴云顶盖', 'sap_code': '88888888', 'code': 'GC000012', 'desc': '普通型顶盖'}, {'id': 13, 'name': '顶盖/206', 'sap_code': '20000195', 'code': 'GC000013', 'desc': '普通型顶盖'}, {'id': 33, 'name': '顶盖/206/2025广东促销', 'sap_code': '20002043', 'code': 'GC000033', 'desc': '促销型顶盖'}, {'id': 34, 'name': '顶盖/206/2026广东红包促销', 'sap_code': '20002275', 'code': 'GC000034', 'desc': '促销型顶盖'}, {'id': 35, 'name': '顶盖/206/2026广东1元乐享促销', 'sap_code': '20002276', 'code': 'GC000035', 'desc': '促销型顶盖'}, {'id': 68, 'name': '顶盖/206/2026扫码1元乐享-闽苏沪', 'sap_code': '20002302', 'code': 'GC000068', 'desc': '促销型顶盖'}, {'id': 70, 'name': '顶盖/206/2026/1元乐享-新疆青海', 'sap_code': '20002304', 'code': 'GC000070', 'desc': '促销型顶盖'}, {'id': 72, 'name': '顶盖/206/2026扫码1元乐享-云贵', 'sap_code': '20002306', 'code': 'GC000072', 'desc': '促销型顶盖'}, {'id': 74, 'name': '顶盖/206/2026扫码1元乐享-广西', 'sap_code': '20002316', 'code': 'GC000074', 'desc': '促销型顶盖'}, {'id': 98, 'name': '亿兴云顶盖2', 'sap_code': '99999999', 'code': 'GC000097', 'desc': '普通型顶盖'}]",顶盖,包材,红牛,,,YC00000006,全开力,是,到货检测,,品管部,品管部,定量,初检,1,等于,托盘,,15,片,是,15,片,启破力、全开力测定仪,15-40,,N,15.0000,40.0000,,1,复检,每1托为一个检测单元，取样品15片，其中3片做本次检测。,若有不合格，取同一托15片复检。,,2025-01-01,9999-12-31
222,,HWBT0232,001,禁用,Q/RW-TS-001-2023,"[{'id': 12, 'name': '亿兴云顶盖', 'sap_code': '88888888', 'code': 'GC000012', 'desc': '普通型顶盖'}, {'id': 13, 'name': '顶盖/206', 'sap_code': '20000195', 'code': 'GC000013', 'desc': '普通型顶盖'}, {'id': 33, 'name': '顶盖/206/2025广东促销', 'sap_code': '20002043', 'code': 'GC000033', 'desc': '促销型顶盖'}, {'id': 34, 'name': '顶盖/206/2026广东红包促销', 'sap_code': '20002275', 'code': 'GC000034', 'desc': '促销型顶盖'}, {'id': 35, 'name': '顶盖/206/2026广东1元乐享促销', 'sap_code': '20002276', 'code': 'GC000035', 'desc': '促销型顶盖'}, {'id': 68, 'name': '顶盖/206/2026扫码1元乐享-闽苏沪', 'sap_code': '20002302', 'code': 'GC000068', 'desc': '促销型顶盖'}, {'id': 70, 'name': '顶盖/206/2026/1元乐享-新疆青海', 'sap_code': '20002304', 'code': 'GC000070', 'desc': '促销型顶盖'}, {'id': 72, 'name': '顶盖/206/2026扫码1元乐享-云贵', 'sap_code': '20002306', 'code': 'GC000072', 'desc': '促销型顶盖'}, {'id': 74, 'name': '顶盖/206/2026扫码1元乐享-广西', 'sap_code': '20002316', 'code': 'GC000074', 'desc': '促销型顶盖'}, {'id': 98, 'name': '亿兴云顶盖2', 'sap_code': '99999999', 'code': 'GC000097', 'desc': '普通型顶盖'}]",顶盖,包材,红牛,,,YF00000025,全开力,是,到货检测,,品管部,品管部,定量,复检,1,大于等于,托盘,,15,片,是,15,片,启破力、全开力测定仪,15-40,,N,15.0000,40.0000,,1,退货处理,从初检问题托盘中取15片复检。,若仍有不合格，初检检测单元的所有商品做退货处理。,,2025-01-01,9999-12-31
223,,HWBT0233,001,禁用,Q/RW-TS-001-2023,"[{'id': 12, 'name': '亿兴云顶盖', 'sap_code': '88888888', 'code': 'GC000012', 'desc': '普通型顶盖'}, {'id': 13, 'name': '顶盖/206', 'sap_code': '20000195', 'code': 'GC000013', 'desc': '普通型顶盖'}, {'id': 33, 'name': '顶盖/206/2025广东促销', 'sap_code': '20002043', 'code': 'GC000033', 'desc': '促销型顶盖'}, {'id': 34, 'name': '顶盖/206/2026广东红包促销', 'sap_code': '20002275', 'code': 'GC000034', 'desc': '促销型顶盖'}, {'id': 35, 'name': '顶盖/206/2026广东1元乐享促销', 'sap_code': '20002276', 'code': 'GC000035', 'desc': '促销型顶盖'}, {'id': 68, 'name': '顶盖/206/2026扫码1元乐享-闽苏沪', 'sap_code': '20002302', 'code': 'GC000068', 'desc': '促销型顶盖'}, {'id': 70, 'name': '顶盖/206/2026/1元乐享-新疆青海', 'sap_code': '20002304', 'code': 'GC000070', 'desc': '促销型顶盖'}, {'id': 72, 'name': '顶盖/206/2026扫码1元乐享-云贵', 'sap_code': '20002306', 'code': 'GC000072', 'desc': '促销型顶盖'}, {'id': 74, 'name': '顶盖/206/2026扫码1元乐享-广西', 'sap_code': '20002316', 'code': 'GC000074', 'desc': '促销型顶盖'}, {'id': 98, 'name': '亿兴云顶盖2', 'sap_code': '99999999', 'code': 'GC000097', 'desc': '普通型顶盖'}]",顶盖,包材,红牛,,,YC00000006,缺陷电流,是,到货检测,,品管部,品管部,定量,初检,1,等于,托盘,,15,片,是,15,片,电流检测仪,≤3,,mA,0.0000,3.0000,,1,复检,每1托为一个检测单元，取样品15片，其中3片做本次检测。,若有不合格，取同一托15片复检。,,2025-01-01,9999-12-31
224,,HWBT0234,001,禁用,Q/RW-TS-001-2023,"[{'id': 12, 'name': '亿兴云顶盖', 'sap_code': '88888888', 'code': 'GC000012', 'desc': '普通型顶盖'}, {'id': 13, 'name': '顶盖/206', 'sap_code': '20000195', 'code': 'GC000013', 'desc': '普通型顶盖'}, {'id': 33, 'name': '顶盖/206/2025广东促销', 'sap_code': '20002043', 'code': 'GC000033', 'desc': '促销型顶盖'}, {'id': 34, 'name': '顶盖/206/2026广东红包促销', 'sap_code': '20002275', 'code': 'GC000034', 'desc': '促销型顶盖'}, {'id': 35, 'name': '顶盖/206/2026广东1元乐享促销', 'sap_code': '20002276', 'code': 'GC000035', 'desc': '促销型顶盖'}, {'id': 68, 'name': '顶盖/206/2026扫码1元乐享-闽苏沪', 'sap_code': '20002302', 'code': 'GC000068', 'desc': '促销型顶盖'}, {'id': 70, 'name': '顶盖/206/2026/1元乐享-新疆青海', 'sap_code': '20002304', 'code': 'GC000070', 'desc': '促销型顶盖'}, {'id': 72, 'name': '顶盖/206/2026扫码1元乐享-云贵', 'sap_code': '20002306', 'code': 'GC000072', 'desc': '促销型顶盖'}, {'id': 74, 'name': '顶盖/206/2026扫码1元乐享-广西', 'sap_code': '20002316', 'code': 'GC000074', 'desc': '促销型顶盖'}, {'id': 98, 'name': '亿兴云顶盖2', 'sap_code': '99999999', 'code': 'GC000097', 'desc': '普通型顶盖'}]",顶盖,包材,红牛,,,YF00000022,缺陷电流,是,到货检测,,品管部,品管部,定量,复检,1,大于等于,托盘,,15,片,是,15,片,电流检测仪,≤3,,mA,0.0000,3.0000,,1,退货处理,从初检问题托盘中取15片复检。,若仍有不合格，初检检测单元的所有商品做退货处理。,,2025-01-01,9999-12-31
225,,HWBT0235,001,禁用,Q/RW-TS-001-2023,"[{'id': 14, 'name': '底盖/200', 'sap_code': '20000022', 'code': 'GC000014', 'desc': '强化型底盖'}, {'id': 64, 'name': '红牛维生素功能饮料/普通型/250ML/24/普通箱内码/2026', 'sap_code': '10001199', 'code': 'GC000064', 'desc': '强化型底盖'}]",底盖,包材,红牛,,,YC00000007,缺陷电流,是,到货检测,,品管部,品管部,定量,初检,1,等于,托盘,,15,片,是,15,片,电流检测仪,≤3,,mA,0.0000,3.0000,,1,复检,每1托为一个检测单元，取样品15片，其中3片做本次检测。,若有不合格，取同一托15片复检。,,2025-01-01,9999-12-31
226,,HWBT0236,001,禁用,Q/RW-TS-001-2023,"[{'id': 14, 'name': '底盖/200', 'sap_code': '20000022', 'code': 'GC000014', 'desc': '强化型底盖'}, {'id': 64, 'name': '红牛维生素功能饮料/普通型/250ML/24/普通箱内码/2026', 'sap_code': '10001199', 'code': 'GC000064', 'desc': '强化型底盖'}]",底盖,包材,红牛,,,YF00000023,缺陷电流,是,到货检测,,品管部,品管部,定量,复检,1,大于等于,托盘,,15,片,是,15,片,电流检测仪,≤3,,mA,0.0000,3.0000,,1,退货处理,从初检问题托盘中取15片复检。,若仍有不合格，初检检测单元的所有商品做退货处理。,,2025-01-01,9999-12-31
227,,HWBT0237,001,禁用,Q/RW-TS-001-2023,"[{'id': 12, 'name': '亿兴云顶盖', 'sap_code': '88888888', 'code': 'GC000012', 'desc': '普通型顶盖'}, {'id': 13, 'name': '顶盖/206', 'sap_code': '20000195', 'code': 'GC000013', 'desc': '普通型顶盖'}, {'id': 33, 'name': '顶盖/206/2025广东促销', 'sap_code': '20002043', 'code': 'GC000033', 'desc': '促销型顶盖'}, {'id': 34, 'name': '顶盖/206/2026广东红包促销', 'sap_code': '20002275', 'code': 'GC000034', 'desc': '促销型顶盖'}, {'id': 35, 'name': '顶盖/206/2026广东1元乐享促销', 'sap_code': '20002276', 'code': 'GC000035', 'desc': '促销型顶盖'}, {'id': 68, 'name': '顶盖/206/2026扫码1元乐享-闽苏沪', 'sap_code': '20002302', 'code': 'GC000068', 'desc': '促销型顶盖'}, {'id': 70, 'name': '顶盖/206/2026/1元乐享-新疆青海', 'sap_code': '20002304', 'code': 'GC000070', 'desc': '促销型顶盖'}, {'id': 72, 'name': '顶盖/206/2026扫码1元乐享-云贵', 'sap_code': '20002306', 'code': 'GC000072', 'desc': '促销型顶盖'}, {'id': 74, 'name': '顶盖/206/2026扫码1元乐享-广西', 'sap_code': '20002316', 'code': 'GC000074', 'desc': '促销型顶盖'}, {'id': 98, 'name': '亿兴云顶盖2', 'sap_code': '99999999', 'code': 'GC000097', 'desc': '普通型顶盖'}]",顶盖,包材,红牛,,,YC00000006,拉环羽化,是,到货检测,,品管部,品管部,定量,初检,1,等于,托盘,,15,片,是,15,片,目测检查,＜1.5,,级,0.0000,1.0000,1,1,复检,每1托为一个检测单元，取样品15片，其中10片做本次检测。顶盖放置于95℃的红牛溶液10分钟，瞬间冷却，拉开拉环，观察舌片上漆膜脱落的程度。,若有不合格，取同一托50片复检。,,2025-01-01,9999-12-31
228,,HWBT0238,001,禁用,Q/RW-TS-001-2023,"[{'id': 12, 'name': '亿兴云顶盖', 'sap_code': '88888888', 'code': 'GC000012', 'desc': '普通型顶盖'}, {'id': 13, 'name': '顶盖/206', 'sap_code': '20000195', 'code': 'GC000013', 'desc': '普通型顶盖'}, {'id': 33, 'name': '顶盖/206/2025广东促销', 'sap_code': '20002043', 'code': 'GC000033', 'desc': '促销型顶盖'}, {'id': 34, 'name': '顶盖/206/2026广东红包促销', 'sap_code': '20002275', 'code': 'GC000034', 'desc': '促销型顶盖'}, {'id': 35, 'name': '顶盖/206/2026广东1元乐享促销', 'sap_code': '20002276', 'code': 'GC000035', 'desc': '促销型顶盖'}, {'id': 68, 'name': '顶盖/206/2026扫码1元乐享-闽苏沪', 'sap_code': '20002302', 'code': 'GC000068', 'desc': '促销型顶盖'}, {'id': 70, 'name': '顶盖/206/2026/1元乐享-新疆青海', 'sap_code': '20002304', 'code': 'GC000070', 'desc': '促销型顶盖'}, {'id': 72, 'name': '顶盖/206/2026扫码1元乐享-云贵', 'sap_code': '20002306', 'code': 'GC000072', 'desc': '促销型顶盖'}, {'id': 74, 'name': '顶盖/206/2026扫码1元乐享-广西', 'sap_code': '20002316', 'code': 'GC000074', 'desc': '促销型顶盖'}, {'id': 98, 'name': '亿兴云顶盖2', 'sap_code': '99999999', 'code': 'GC000097', 'desc': '普通型顶盖'}]",顶盖,包材,红牛,,,YF00000022,拉环羽化,是,到货检测,,品管部,品管部,定量,复检,1,大于等于,托盘,,50,片,是,50,片,目测检查,＜1.5,,级,0.0000,1.0000,1,1,退货处理,顶盖放置于95℃的红牛溶液10分钟，瞬间冷却，拉开拉环，观察舌片上漆膜脱落的程度。,若仍有不合格，初检检测单元的所有商品做退货处理。,,2025-01-01,9999-12-31
229,,HWBT0239,001,禁用,Q/RW-TS-001-2023,"[{'id': 14, 'name': '底盖/200', 'sap_code': '20000022', 'code': 'GC000014', 'desc': '强化型底盖'}, {'id': 64, 'name': '红牛维生素功能饮料/普通型/250ML/24/普通箱内码/2026', 'sap_code': '10001199', 'code': 'GC000064', 'desc': '强化型底盖'}]",底盖,包材,红牛,,,YC00000007,底盖蓝点直径,是,到货检测,,品管部,品管部,定量,初检,1,等于,托盘,,15,片,是,15,片,蓝点偏移量检测尺,14±0.5,,mm,13.5000,14.5000,1,1,复检,每1托为一个检测单元，取样品15片，15片均做本次检测。,若有不合格，取同一托20片复检。,,2025-01-01,9999-12-31
230,,HWBT0240,001,禁用,Q/RW-TS-001-2023,"[{'id': 14, 'name': '底盖/200', 'sap_code': '20000022', 'code': 'GC000014', 'desc': '强化型底盖'}, {'id': 64, 'name': '红牛维生素功能饮料/普通型/250ML/24/普通箱内码/2026', 'sap_code': '10001199', 'code': 'GC000064', 'desc': '强化型底盖'}]",底盖,包材,红牛,,,YF00000023,底盖蓝点直径,是,到货检测,,品管部,品管部,定量,复检,1,大于等于,托盘,,20,片,是,20,片,蓝点偏移量检测尺,14±0.5,,mm,13.5000,14.5000,1,1,退货处理,从初检问题托盘中取20片复检。,若仍有不合格，初检检测单元的所有商品做退货处理。,,2025-01-01,9999-12-31
231,,HWBT0241,001,禁用,Q/RW-TS-001-2023,"[{'id': 14, 'name': '底盖/200', 'sap_code': '20000022', 'code': 'GC000014', 'desc': '强化型底盖'}, {'id': 64, 'name': '红牛维生素功能饮料/普通型/250ML/24/普通箱内码/2026', 'sap_code': '10001199', 'code': 'GC000064', 'desc': '强化型底盖'}]",底盖,包材,红牛,,,YC00000007,底盖蓝点偏移量,是,到货检测,,品管部,品管部,定量,初检,1,等于,托盘,,15,片,是,15,片,蓝点偏移量检测尺,＜1.5,,mm,0.0000,1.4000,1,1,复检,每1托为一个检测单元，取样品15片，15片均做本次检测。,若有不合格，取同一托20片复检。,,2025-01-01,9999-12-31
232,,HWBT0242,001,禁用,Q/RW-TS-001-2023,"[{'id': 14, 'name': '底盖/200', 'sap_code': '20000022', 'code': 'GC000014', 'desc': '强化型底盖'}, {'id': 64, 'name': '红牛维生素功能饮料/普通型/250ML/24/普通箱内码/2026', 'sap_code': '10001199', 'code': 'GC000064', 'desc': '强化型底盖'}]",底盖,包材,红牛,,,YF00000023,底盖蓝点偏移量,是,到货检测,,品管部,品管部,定量,复检,1,大于等于,托盘,,20,片,是,20,片,蓝点偏移量检测尺,＜1.5,,mm,0.0000,1.4000,1,1,退货处理,从初检问题托盘中取20片复检。,若仍有不合格，初检检测单元的所有商品做退货处理。,,2025-01-01,9999-12-31
233,,HWBT0243,001,禁用,Q/RW-TS-001-2023,"[{'id': 14, 'name': '底盖/200', 'sap_code': '20000022', 'code': 'GC000014', 'desc': '强化型底盖'}, {'id': 64, 'name': '红牛维生素功能饮料/普通型/250ML/24/普通箱内码/2026', 'sap_code': '10001199', 'code': 'GC000064', 'desc': '强化型底盖'}]",底盖,包材,红牛,,,YC00000007,底盖蓝点外观,是,到货检测,,品管部,品管部,定性,初检,1,等于,托盘,,15,片,是,15,片,触觉、目测检查,表面光滑、颜色在样板范围内、无划伤杂质异物,粗糙/颜色不在样板范围内/划伤/杂质异物/其他,,,,,1,复检,每1托为一个检测单元，取样品15片，15片均做本次检测。,若有不合格，取同一托20片复检。,,2025-01-01,9999-12-31
234,,HWBT0244,001,禁用,Q/RW-TS-001-2023,"[{'id': 14, 'name': '底盖/200', 'sap_code': '20000022', 'code': 'GC000014', 'desc': '强化型底盖'}, {'id': 64, 'name': '红牛维生素功能饮料/普通型/250ML/24/普通箱内码/2026', 'sap_code': '10001199', 'code': 'GC000064', 'desc': '强化型底盖'}]",底盖,包材,红牛,,,YF00000023,底盖蓝点外观,是,到货检测,,品管部,品管部,定性,复检,1,大于等于,托盘,,20,片,是,20,片,触觉、目测检查,表面光滑、颜色在样板范围内、无划伤杂质异物,粗糙/颜色不在样板范围内/划伤/杂质异物/其他,,,,,1,退货处理,从初检问题托盘中取20片复检。,若仍有不合格，初检检测单元的所有商品做退货处理。,,2025-01-01,9999-12-31
235,,HWBT0245,001,禁用,Q/RW-TS-001-2023,"[{'id': 12, 'name': '亿兴云顶盖', 'sap_code': '88888888', 'code': 'GC000012', 'desc': '普通型顶盖'}, {'id': 13, 'name': '顶盖/206', 'sap_code': '20000195', 'code': 'GC000013', 'desc': '普通型顶盖'}, {'id': 33, 'name': '顶盖/206/2025广东促销', 'sap_code': '20002043', 'code': 'GC000033', 'desc': '促销型顶盖'}, {'id': 34, 'name': '顶盖/206/2026广东红包促销', 'sap_code': '20002275', 'code': 'GC000034', 'desc': '促销型顶盖'}, {'id': 35, 'name': '顶盖/206/2026广东1元乐享促销', 'sap_code': '20002276', 'code': 'GC000035', 'desc': '促销型顶盖'}, {'id': 68, 'name': '顶盖/206/2026扫码1元乐享-闽苏沪', 'sap_code': '20002302', 'code': 'GC000068', 'desc': '促销型顶盖'}, {'id': 70, 'name': '顶盖/206/2026/1元乐享-新疆青海', 'sap_code': '20002304', 'code': 'GC000070', 'desc': '促销型顶盖'}, {'id': 72, 'name': '顶盖/206/2026扫码1元乐享-云贵', 'sap_code': '20002306', 'code': 'GC000072', 'desc': '促销型顶盖'}, {'id': 74, 'name': '顶盖/206/2026扫码1元乐享-广西', 'sap_code': '20002316', 'code': 'GC000074', 'desc': '促销型顶盖'}, {'id': 98, 'name': '亿兴云顶盖2', 'sap_code': '99999999', 'code': 'GC000097', 'desc': '普通型顶盖'}]",顶盖,包材,红牛,,,YC00000006,外观印刷（仅顶盖）,是,到货检测,,品管部,品管部,定性,初检,1,等于,托盘,,15,片,是,15,片,目测检查,外观印刷无A类缺陷,盖面印刷内容不正确/盖内涂含有杂质/盖内涂有异味/盖内涂有缺损/盖内涂有断胶/盖内涂有局部缺胶/盖内侧明显油污/盖内侧异物污染/金属暴露(单片缺陷电流值≥3mA)/涂膜剥离或脱落/钩边严重皱折/密封胶污染/密封胶搭结不均匀/无密封胶/顶盖拉环明显擦伤有露铝现象(硫酸铜试验)/无拉环(片),,,,,1,复检,每1托为一个检测单元，取样品15片，15片均做本次检测。,若有不合格，取同一托1000片复检。,,2025-01-01,9999-12-31
236,,HWBT0246,001,禁用,Q/RW-TS-001-2023,"[{'id': 12, 'name': '亿兴云顶盖', 'sap_code': '88888888', 'code': 'GC000012', 'desc': '普通型顶盖'}, {'id': 13, 'name': '顶盖/206', 'sap_code': '20000195', 'code': 'GC000013', 'desc': '普通型顶盖'}, {'id': 33, 'name': '顶盖/206/2025广东促销', 'sap_code': '20002043', 'code': 'GC000033', 'desc': '促销型顶盖'}, {'id': 34, 'name': '顶盖/206/2026广东红包促销', 'sap_code': '20002275', 'code': 'GC000034', 'desc': '促销型顶盖'}, {'id': 35, 'name': '顶盖/206/2026广东1元乐享促销', 'sap_code': '20002276', 'code': 'GC000035', 'desc': '促销型顶盖'}, {'id': 68, 'name': '顶盖/206/2026扫码1元乐享-闽苏沪', 'sap_code': '20002302', 'code': 'GC000068', 'desc': '促销型顶盖'}, {'id': 70, 'name': '顶盖/206/2026/1元乐享-新疆青海', 'sap_code': '20002304', 'code': 'GC000070', 'desc': '促销型顶盖'}, {'id': 72, 'name': '顶盖/206/2026扫码1元乐享-云贵', 'sap_code': '20002306', 'code': 'GC000072', 'desc': '促销型顶盖'}, {'id': 74, 'name': '顶盖/206/2026扫码1元乐享-广西', 'sap_code': '20002316', 'code': 'GC000074', 'desc': '促销型顶盖'}, {'id': 98, 'name': '亿兴云顶盖2', 'sap_code': '99999999', 'code': 'GC000097', 'desc': '普通型顶盖'}]",顶盖,包材,红牛,,,YC00000006,外观印刷（仅顶盖）,是,到货检测,,品管部,品管部,定性,初检,1,等于,托盘,,15,片,是,15,片,目测检查,外观印刷无B类缺陷,密封胶粘连/密封胶缺失>2mm²/内涂膜划痕/内涂膜擦伤但金属不暴露(缺陷电流值<3mA)/钩边轻度皱折或明显变形,,,,,1,复检,每1托为一个检测单元，取样品15片，15片均做本次检测。,若有不合格，取同一托1000片复检。,,2025-01-01,9999-12-31
237,,HWBT0247,001,禁用,Q/RW-TS-001-2023,"[{'id': 12, 'name': '亿兴云顶盖', 'sap_code': '88888888', 'code': 'GC000012', 'desc': '普通型顶盖'}, {'id': 13, 'name': '顶盖/206', 'sap_code': '20000195', 'code': 'GC000013', 'desc': '普通型顶盖'}, {'id': 33, 'name': '顶盖/206/2025广东促销', 'sap_code': '20002043', 'code': 'GC000033', 'desc': '促销型顶盖'}, {'id': 34, 'name': '顶盖/206/2026广东红包促销', 'sap_code': '20002275', 'code': 'GC000034', 'desc': '促销型顶盖'}, {'id': 35, 'name': '顶盖/206/2026广东1元乐享促销', 'sap_code': '20002276', 'code': 'GC000035', 'desc': '促销型顶盖'}, {'id': 68, 'name': '顶盖/206/2026扫码1元乐享-闽苏沪', 'sap_code': '20002302', 'code': 'GC000068', 'desc': '促销型顶盖'}, {'id': 70, 'name': '顶盖/206/2026/1元乐享-新疆青海', 'sap_code': '20002304', 'code': 'GC000070', 'desc': '促销型顶盖'}, {'id': 72, 'name': '顶盖/206/2026扫码1元乐享-云贵', 'sap_code': '20002306', 'code': 'GC000072', 'desc': '促销型顶盖'}, {'id': 74, 'name': '顶盖/206/2026扫码1元乐享-广西', 'sap_code': '20002316', 'code': 'GC000074', 'desc': '促销型顶盖'}, {'id': 98, 'name': '亿兴云顶盖2', 'sap_code': '99999999', 'code': 'GC000097', 'desc': '普通型顶盖'}]",顶盖,包材,红牛,,,YF00000024,外观印刷（仅顶盖）,是,到货检测,,品管部,品管部,定性,复检,1,大于等于,托盘,,1000,片,是,1000,片,目测检查,外观印刷无A类缺陷,盖面印刷内容不正确/盖内涂含有杂质/盖内涂有异味/盖内涂有缺损/盖内涂有断胶/盖内涂有局部缺胶/盖内侧明显油污/盖内侧异物污染/金属暴露(单片缺陷电流值≥3mA)/涂膜剥离或脱落/钩边严重皱折/密封胶污染/密封胶搭结不均匀/无密封胶/顶盖拉环明显擦伤有露铝现象(硫酸铜试验)/无拉环(片),,,,,1,退货处理,从初检问题托盘中取1000片复检。,若仍有不合格，初检检测单元的所有商品做退货处理。,,2025-01-01,9999-12-31
238,,HWBT0248,001,禁用,Q/RW-TS-001-2023,"[{'id': 12, 'name': '亿兴云顶盖', 'sap_code': '88888888', 'code': 'GC000012', 'desc': '普通型顶盖'}, {'id': 13, 'name': '顶盖/206', 'sap_code': '20000195', 'code': 'GC000013', 'desc': '普通型顶盖'}, {'id': 33, 'name': '顶盖/206/2025广东促销', 'sap_code': '20002043', 'code': 'GC000033', 'desc': '促销型顶盖'}, {'id': 34, 'name': '顶盖/206/2026广东红包促销', 'sap_code': '20002275', 'code': 'GC000034', 'desc': '促销型顶盖'}, {'id': 35, 'name': '顶盖/206/2026广东1元乐享促销', 'sap_code': '20002276', 'code': 'GC000035', 'desc': '促销型顶盖'}, {'id': 68, 'name': '顶盖/206/2026扫码1元乐享-闽苏沪', 'sap_code': '20002302', 'code': 'GC000068', 'desc': '促销型顶盖'}, {'id': 70, 'name': '顶盖/206/2026/1元乐享-新疆青海', 'sap_code': '20002304', 'code': 'GC000070', 'desc': '促销型顶盖'}, {'id': 72, 'name': '顶盖/206/2026扫码1元乐享-云贵', 'sap_code': '20002306', 'code': 'GC000072', 'desc': '促销型顶盖'}, {'id': 74, 'name': '顶盖/206/2026扫码1元乐享-广西', 'sap_code': '20002316', 'code': 'GC000074', 'desc': '促销型顶盖'}, {'id': 98, 'name': '亿兴云顶盖2', 'sap_code': '99999999', 'code': 'GC000097', 'desc': '普通型顶盖'}]",顶盖,包材,红牛,,,YF00000024,外观印刷（仅顶盖）,是,到货检测,,品管部,品管部,定性,复检,1,大于等于,托盘,,1000,片,是,1000,片,目测检查,外观印刷无B类缺陷,密封胶粘连/密封胶缺失>2mm²/内涂膜划痕/内涂膜擦伤但金属不暴露(缺陷电流值<3mA)/钩边轻度皱折或明显变形,,,,,200,退货处理,从初检问题托盘中取1000片复检。,若缺陷比例≥20%，初检检测单元的所有商品做退货处理。,,2025-01-01,9999-12-31
239,,HWBT0249,001,禁用,Q/RW-TS-001-2023,"[{'id': 12, 'name': '亿兴云顶盖', 'sap_code': '88888888', 'code': 'GC000012', 'desc': '普通型顶盖'}, {'id': 13, 'name': '顶盖/206', 'sap_code': '20000195', 'code': 'GC000013', 'desc': '普通型顶盖'}, {'id': 33, 'name': '顶盖/206/2025广东促销', 'sap_code': '20002043', 'code': 'GC000033', 'desc': '促销型顶盖'}, {'id': 34, 'name': '顶盖/206/2026广东红包促销', 'sap_code': '20002275', 'code': 'GC000034', 'desc': '促销型顶盖'}, {'id': 35, 'name': '顶盖/206/2026广东1元乐享促销', 'sap_code': '20002276', 'code': 'GC000035', 'desc': '促销型顶盖'}, {'id': 68, 'name': '顶盖/206/2026扫码1元乐享-闽苏沪', 'sap_code': '20002302', 'code': 'GC000068', 'desc': '促销型顶盖'}, {'id': 70, 'name': '顶盖/206/2026/1元乐享-新疆青海', 'sap_code': '20002304', 'code': 'GC000070', 'desc': '促销型顶盖'}, {'id': 72, 'name': '顶盖/206/2026扫码1元乐享-云贵', 'sap_code': '20002306', 'code': 'GC000072', 'desc': '促销型顶盖'}, {'id': 74, 'name': '顶盖/206/2026扫码1元乐享-广西', 'sap_code': '20002316', 'code': 'GC000074', 'desc': '促销型顶盖'}, {'id': 98, 'name': '亿兴云顶盖2', 'sap_code': '99999999', 'code': 'GC000097', 'desc': '普通型顶盖'}]",顶盖,包材,红牛,8886,红牛维他命饮料（江苏）有限公司,YC00000006,注胶附着力（仅顶盖）,是,到货检测,,品管部,品管部,定性,初检,1,等于,托盘,,15,片,是,15,片,38号专用笔,用38号专用笔在顶盖上画线，无明显缩水。,,,,,,1,复检,每1托为一个检测单元，取样品15片，15片均做本次检测。,若有不合格，取同一托50片复检。,,2025-01-01,9999-12-31
240,,HWBT0250,001,禁用,Q/RW-TS-001-2023,"[{'id': 12, 'name': '亿兴云顶盖', 'sap_code': '88888888', 'code': 'GC000012', 'desc': '普通型顶盖'}, {'id': 13, 'name': '顶盖/206', 'sap_code': '20000195', 'code': 'GC000013', 'desc': '普通型顶盖'}, {'id': 33, 'name': '顶盖/206/2025广东促销', 'sap_code': '20002043', 'code': 'GC000033', 'desc': '促销型顶盖'}, {'id': 34, 'name': '顶盖/206/2026广东红包促销', 'sap_code': '20002275', 'code': 'GC000034', 'desc': '促销型顶盖'}, {'id': 35, 'name': '顶盖/206/2026广东1元乐享促销', 'sap_code': '20002276', 'code': 'GC000035', 'desc': '促销型顶盖'}, {'id': 68, 'name': '顶盖/206/2026扫码1元乐享-闽苏沪', 'sap_code': '20002302', 'code': 'GC000068', 'desc': '促销型顶盖'}, {'id': 70, 'name': '顶盖/206/2026/1元乐享-新疆青海', 'sap_code': '20002304', 'code': 'GC000070', 'desc': '促销型顶盖'}, {'id': 72, 'name': '顶盖/206/2026扫码1元乐享-云贵', 'sap_code': '20002306', 'code': 'GC000072', 'desc': '促销型顶盖'}, {'id': 74, 'name': '顶盖/206/2026扫码1元乐享-广西', 'sap_code': '20002316', 'code': 'GC000074', 'desc': '促销型顶盖'}, {'id': 98, 'name': '亿兴云顶盖2', 'sap_code': '99999999', 'code': 'GC000097', 'desc': '普通型顶盖'}]",顶盖,包材,红牛,8885,广东红牛维他命饮料有限公司,YC00000006,注胶附着力（仅顶盖）,是,到货检测,,品管部,品管部,定性,初检,1,等于,托盘,,15,片,是,15,片,38号专用笔,用38号专用笔在顶盖上画线，无明显缩水。,,,,,,1,复检,每1托为一个检测单元，取样品15片，15片均做本次检测。,若有不合格，取同一托25片复检。,,2025-01-01,9999-12-31
241,,HWBT0251,001,禁用,Q/RW-TS-001-2023,"[{'id': 12, 'name': '亿兴云顶盖', 'sap_code': '88888888', 'code': 'GC000012', 'desc': '普通型顶盖'}, {'id': 13, 'name': '顶盖/206', 'sap_code': '20000195', 'code': 'GC000013', 'desc': '普通型顶盖'}, {'id': 33, 'name': '顶盖/206/2025广东促销', 'sap_code': '20002043', 'code': 'GC000033', 'desc': '促销型顶盖'}, {'id': 34, 'name': '顶盖/206/2026广东红包促销', 'sap_code': '20002275', 'code': 'GC000034', 'desc': '促销型顶盖'}, {'id': 35, 'name': '顶盖/206/2026广东1元乐享促销', 'sap_code': '20002276', 'code': 'GC000035', 'desc': '促销型顶盖'}, {'id': 68, 'name': '顶盖/206/2026扫码1元乐享-闽苏沪', 'sap_code': '20002302', 'code': 'GC000068', 'desc': '促销型顶盖'}, {'id': 70, 'name': '顶盖/206/2026/1元乐享-新疆青海', 'sap_code': '20002304', 'code': 'GC000070', 'desc': '促销型顶盖'}, {'id': 72, 'name': '顶盖/206/2026扫码1元乐享-云贵', 'sap_code': '20002306', 'code': 'GC000072', 'desc': '促销型顶盖'}, {'id': 74, 'name': '顶盖/206/2026扫码1元乐享-广西', 'sap_code': '20002316', 'code': 'GC000074', 'desc': '促销型顶盖'}, {'id': 98, 'name': '亿兴云顶盖2', 'sap_code': '99999999', 'code': 'GC000097', 'desc': '普通型顶盖'}]",顶盖,包材,红牛,8880,红牛维他命饮料有限公司,YC00000006,注胶附着力（仅顶盖）,是,到货检测,,品管部,品管部,定性,初检,1,等于,托盘,,15,片,是,15,片,38号专用笔,用38号专用笔在顶盖上画线，无明显缩水。,,,,,,1,复检,每1托为一个检测单元，取样品15片，15片均做本次检测。,若有不合格，取同一托25片复检。,,2025-01-01,9999-12-31
242,,HWBT0252,001,禁用,Q/RW-TS-001-2023,"[{'id': 12, 'name': '亿兴云顶盖', 'sap_code': '88888888', 'code': 'GC000012', 'desc': '普通型顶盖'}, {'id': 13, 'name': '顶盖/206', 'sap_code': '20000195', 'code': 'GC000013', 'desc': '普通型顶盖'}, {'id': 33, 'name': '顶盖/206/2025广东促销', 'sap_code': '20002043', 'code': 'GC000033', 'desc': '促销型顶盖'}, {'id': 34, 'name': '顶盖/206/2026广东红包促销', 'sap_code': '20002275', 'code': 'GC000034', 'desc': '促销型顶盖'}, {'id': 35, 'name': '顶盖/206/2026广东1元乐享促销', 'sap_code': '20002276', 'code': 'GC000035', 'desc': '促销型顶盖'}, {'id': 68, 'name': '顶盖/206/2026扫码1元乐享-闽苏沪', 'sap_code': '20002302', 'code': 'GC000068', 'desc': '促销型顶盖'}, {'id': 70, 'name': '顶盖/206/2026/1元乐享-新疆青海', 'sap_code': '20002304', 'code': 'GC000070', 'desc': '促销型顶盖'}, {'id': 72, 'name': '顶盖/206/2026扫码1元乐享-云贵', 'sap_code': '20002306', 'code': 'GC000072', 'desc': '促销型顶盖'}, {'id': 74, 'name': '顶盖/206/2026扫码1元乐享-广西', 'sap_code': '20002316', 'code': 'GC000074', 'desc': '促销型顶盖'}, {'id': 98, 'name': '亿兴云顶盖2', 'sap_code': '99999999', 'code': 'GC000097', 'desc': '普通型顶盖'}]",顶盖,包材,红牛,8883,红牛维他命饮料（湖北）有限公司,YC00000006,注胶附着力（仅顶盖）,是,到货检测,,品管部,品管部,定性,初检,1,等于,托盘,,15,片,是,15,片,38号专用笔,用38号专用笔在顶盖上画线，无明显缩水。,,,,,,1,复检,每1托为一个检测单元，取样品15片，15片均做本次检测。,若有不合格，取同一托25片复检。,,2025-01-01,9999-12-31
243,,HWBT0253,001,禁用,Q/RW-TS-001-2023,"[{'id': 12, 'name': '亿兴云顶盖', 'sap_code': '88888888', 'code': 'GC000012', 'desc': '普通型顶盖'}, {'id': 13, 'name': '顶盖/206', 'sap_code': '20000195', 'code': 'GC000013', 'desc': '普通型顶盖'}, {'id': 33, 'name': '顶盖/206/2025广东促销', 'sap_code': '20002043', 'code': 'GC000033', 'desc': '促销型顶盖'}, {'id': 34, 'name': '顶盖/206/2026广东红包促销', 'sap_code': '20002275', 'code': 'GC000034', 'desc': '促销型顶盖'}, {'id': 35, 'name': '顶盖/206/2026广东1元乐享促销', 'sap_code': '20002276', 'code': 'GC000035', 'desc': '促销型顶盖'}, {'id': 68, 'name': '顶盖/206/2026扫码1元乐享-闽苏沪', 'sap_code': '20002302', 'code': 'GC000068', 'desc': '促销型顶盖'}, {'id': 70, 'name': '顶盖/206/2026/1元乐享-新疆青海', 'sap_code': '20002304', 'code': 'GC000070', 'desc': '促销型顶盖'}, {'id': 72, 'name': '顶盖/206/2026扫码1元乐享-云贵', 'sap_code': '20002306', 'code': 'GC000072', 'desc': '促销型顶盖'}, {'id': 74, 'name': '顶盖/206/2026扫码1元乐享-广西', 'sap_code': '20002316', 'code': 'GC000074', 'desc': '促销型顶盖'}, {'id': 98, 'name': '亿兴云顶盖2', 'sap_code': '99999999', 'code': 'GC000097', 'desc': '普通型顶盖'}]",顶盖,包材,红牛,6866,华彬快速消费品饮料（福建）有限公司,YC00000006,注胶附着力（仅顶盖）,是,到货检测,,品管部,品管部,定性,初检,1,等于,托盘,,15,片,是,15,片,38号专用笔,用38号专用笔在顶盖上画线，无明显缩水。,,,,,,1,复检,每1托为一个检测单元，取样品15片，15片均做本次检测。,若有不合格，取同一托25片复检。,,2025-01-01,9999-12-31
244,,HWBT0254,001,禁用,Q/RW-TS-001-2023,"[{'id': 12, 'name': '亿兴云顶盖', 'sap_code': '88888888', 'code': 'GC000012', 'desc': '普通型顶盖'}, {'id': 13, 'name': '顶盖/206', 'sap_code': '20000195', 'code': 'GC000013', 'desc': '普通型顶盖'}, {'id': 33, 'name': '顶盖/206/2025广东促销', 'sap_code': '20002043', 'code': 'GC000033', 'desc': '促销型顶盖'}, {'id': 34, 'name': '顶盖/206/2026广东红包促销', 'sap_code': '20002275', 'code': 'GC000034', 'desc': '促销型顶盖'}, {'id': 35, 'name': '顶盖/206/2026广东1元乐享促销', 'sap_code': '20002276', 'code': 'GC000035', 'desc': '促销型顶盖'}, {'id': 68, 'name': '顶盖/206/2026扫码1元乐享-闽苏沪', 'sap_code': '20002302', 'code': 'GC000068', 'desc': '促销型顶盖'}, {'id': 70, 'name': '顶盖/206/2026/1元乐享-新疆青海', 'sap_code': '20002304', 'code': 'GC000070', 'desc': '促销型顶盖'}, {'id': 72, 'name': '顶盖/206/2026扫码1元乐享-云贵', 'sap_code': '20002306', 'code': 'GC000072', 'desc': '促销型顶盖'}, {'id': 74, 'name': '顶盖/206/2026扫码1元乐享-广西', 'sap_code': '20002316', 'code': 'GC000074', 'desc': '促销型顶盖'}, {'id': 98, 'name': '亿兴云顶盖2', 'sap_code': '99999999', 'code': 'GC000097', 'desc': '普通型顶盖'}]",顶盖,包材,红牛,6865,华彬快速消费品饮料（贵州）有限公司,YC00000006,注胶附着力（仅顶盖）,是,到货检测,,品管部,品管部,定性,初检,1,等于,托盘,,15,片,是,15,片,38号专用笔,用38号专用笔在顶盖上画线，无明显缩水。,,,,,,1,复检,每1托为一个检测单元，取样品15片，15片均做本次检测。,若有不合格，取同一托25片复检。,,2025-01-01,9999-12-31
245,,HWBT0255,001,禁用,Q/RW-TS-001-2023,"[{'id': 12, 'name': '亿兴云顶盖', 'sap_code': '88888888', 'code': 'GC000012', 'desc': '普通型顶盖'}, {'id': 13, 'name': '顶盖/206', 'sap_code': '20000195', 'code': 'GC000013', 'desc': '普通型顶盖'}, {'id': 33, 'name': '顶盖/206/2025广东促销', 'sap_code': '20002043', 'code': 'GC000033', 'desc': '促销型顶盖'}, {'id': 34, 'name': '顶盖/206/2026广东红包促销', 'sap_code': '20002275', 'code': 'GC000034', 'desc': '促销型顶盖'}, {'id': 35, 'name': '顶盖/206/2026广东1元乐享促销', 'sap_code': '20002276', 'code': 'GC000035', 'desc': '促销型顶盖'}, {'id': 68, 'name': '顶盖/206/2026扫码1元乐享-闽苏沪', 'sap_code': '20002302', 'code': 'GC000068', 'desc': '促销型顶盖'}, {'id': 70, 'name': '顶盖/206/2026/1元乐享-新疆青海', 'sap_code': '20002304', 'code': 'GC000070', 'desc': '促销型顶盖'}, {'id': 72, 'name': '顶盖/206/2026扫码1元乐享-云贵', 'sap_code': '20002306', 'code': 'GC000072', 'desc': '促销型顶盖'}, {'id': 74, 'name': '顶盖/206/2026扫码1元乐享-广西', 'sap_code': '20002316', 'code': 'GC000074', 'desc': '促销型顶盖'}, {'id': 98, 'name': '亿兴云顶盖2', 'sap_code': '99999999', 'code': 'GC000097', 'desc': '普通型顶盖'}]",顶盖,包材,红牛,8886,红牛维他命饮料（江苏）有限公司,YF00000022,注胶附着力（仅顶盖）,是,到货检测,,品管部,品管部,定性,复检,1,大于等于,托盘,,50,片,是,50,片,38号专用笔,用38号专用笔在顶盖上画线，无明显缩水。,,,,,,1,退货处理,从初检问题托盘中取50片复检。,若仍有不合格，初检检测单元的所有商品做退货处理。,,2025-01-01,9999-12-31
246,,HWBT0256,001,禁用,Q/RW-TS-001-2023,"[{'id': 12, 'name': '亿兴云顶盖', 'sap_code': '88888888', 'code': 'GC000012', 'desc': '普通型顶盖'}, {'id': 13, 'name': '顶盖/206', 'sap_code': '20000195', 'code': 'GC000013', 'desc': '普通型顶盖'}, {'id': 33, 'name': '顶盖/206/2025广东促销', 'sap_code': '20002043', 'code': 'GC000033', 'desc': '促销型顶盖'}, {'id': 34, 'name': '顶盖/206/2026广东红包促销', 'sap_code': '20002275', 'code': 'GC000034', 'desc': '促销型顶盖'}, {'id': 35, 'name': '顶盖/206/2026广东1元乐享促销', 'sap_code': '20002276', 'code': 'GC000035', 'desc': '促销型顶盖'}, {'id': 68, 'name': '顶盖/206/2026扫码1元乐享-闽苏沪', 'sap_code': '20002302', 'code': 'GC000068', 'desc': '促销型顶盖'}, {'id': 70, 'name': '顶盖/206/2026/1元乐享-新疆青海', 'sap_code': '20002304', 'code': 'GC000070', 'desc': '促销型顶盖'}, {'id': 72, 'name': '顶盖/206/2026扫码1元乐享-云贵', 'sap_code': '20002306', 'code': 'GC000072', 'desc': '促销型顶盖'}, {'id': 74, 'name': '顶盖/206/2026扫码1元乐享-广西', 'sap_code': '20002316', 'code': 'GC000074', 'desc': '促销型顶盖'}, {'id': 98, 'name': '亿兴云顶盖2', 'sap_code': '99999999', 'code': 'GC000097', 'desc': '普通型顶盖'}]",顶盖,包材,红牛,8885,广东红牛维他命饮料有限公司,YF00000022,注胶附着力（仅顶盖）,是,到货检测,,品管部,品管部,定性,复检,1,大于等于,托盘,,25,片,是,25,片,38号专用笔,用38号专用笔在顶盖上画线，无明显缩水。,,,,,,1,退货处理,从初检问题托盘中取25片复检。,若仍有不合格，初检检测单元的所有商品做退货处理。,,2025-01-01,9999-12-31
247,,HWBT0257,001,禁用,Q/RW-TS-001-2023,"[{'id': 12, 'name': '亿兴云顶盖', 'sap_code': '88888888', 'code': 'GC000012', 'desc': '普通型顶盖'}, {'id': 13, 'name': '顶盖/206', 'sap_code': '20000195', 'code': 'GC000013', 'desc': '普通型顶盖'}, {'id': 33, 'name': '顶盖/206/2025广东促销', 'sap_code': '20002043', 'code': 'GC000033', 'desc': '促销型顶盖'}, {'id': 34, 'name': '顶盖/206/2026广东红包促销', 'sap_code': '20002275', 'code': 'GC000034', 'desc': '促销型顶盖'}, {'id': 35, 'name': '顶盖/206/2026广东1元乐享促销', 'sap_code': '20002276', 'code': 'GC000035', 'desc': '促销型顶盖'}, {'id': 68, 'name': '顶盖/206/2026扫码1元乐享-闽苏沪', 'sap_code': '20002302', 'code': 'GC000068', 'desc': '促销型顶盖'}, {'id': 70, 'name': '顶盖/206/2026/1元乐享-新疆青海', 'sap_code': '20002304', 'code': 'GC000070', 'desc': '促销型顶盖'}, {'id': 72, 'name': '顶盖/206/2026扫码1元乐享-云贵', 'sap_code': '20002306', 'code': 'GC000072', 'desc': '促销型顶盖'}, {'id': 74, 'name': '顶盖/206/2026扫码1元乐享-广西', 'sap_code': '20002316', 'code': 'GC000074', 'desc': '促销型顶盖'}, {'id': 98, 'name': '亿兴云顶盖2', 'sap_code': '99999999', 'code': 'GC000097', 'desc': '普通型顶盖'}]",顶盖,包材,红牛,8880,红牛维他命饮料有限公司,YF00000022,注胶附着力（仅顶盖）,是,到货检测,,品管部,品管部,定性,复检,1,大于等于,托盘,,25,片,是,25,片,38号专用笔,用38号专用笔在顶盖上画线，无明显缩水。,,,,,,1,退货处理,从初检问题托盘中取25片复检。,若仍有不合格，初检检测单元的所有商品做退货处理。,,2025-01-01,9999-12-31
248,,HWBT0258,001,禁用,Q/RW-TS-001-2023,"[{'id': 12, 'name': '亿兴云顶盖', 'sap_code': '88888888', 'code': 'GC000012', 'desc': '普通型顶盖'}, {'id': 13, 'name': '顶盖/206', 'sap_code': '20000195', 'code': 'GC000013', 'desc': '普通型顶盖'}, {'id': 33, 'name': '顶盖/206/2025广东促销', 'sap_code': '20002043', 'code': 'GC000033', 'desc': '促销型顶盖'}, {'id': 34, 'name': '顶盖/206/2026广东红包促销', 'sap_code': '20002275', 'code': 'GC000034', 'desc': '促销型顶盖'}, {'id': 35, 'name': '顶盖/206/2026广东1元乐享促销', 'sap_code': '20002276', 'code': 'GC000035', 'desc': '促销型顶盖'}, {'id': 68, 'name': '顶盖/206/2026扫码1元乐享-闽苏沪', 'sap_code': '20002302', 'code': 'GC000068', 'desc': '促销型顶盖'}, {'id': 70, 'name': '顶盖/206/2026/1元乐享-新疆青海', 'sap_code': '20002304', 'code': 'GC000070', 'desc': '促销型顶盖'}, {'id': 72, 'name': '顶盖/206/2026扫码1元乐享-云贵', 'sap_code': '20002306', 'code': 'GC000072', 'desc': '促销型顶盖'}, {'id': 74, 'name': '顶盖/206/2026扫码1元乐享-广西', 'sap_code': '20002316', 'code': 'GC000074', 'desc': '促销型顶盖'}, {'id': 98, 'name': '亿兴云顶盖2', 'sap_code': '99999999', 'code': 'GC000097', 'desc': '普通型顶盖'}]",顶盖,包材,红牛,8883,红牛维他命饮料（湖北）有限公司,YF00000022,注胶附着力（仅顶盖）,是,到货检测,,品管部,品管部,定性,复检,1,大于等于,托盘,,25,片,是,25,片,38号专用笔,用38号专用笔在顶盖上画线，无明显缩水。,,,,,,1,退货处理,从初检问题托盘中取25片复检。,若仍有不合格，初检检测单元的所有商品做退货处理。,,2025-01-01,9999-12-31
249,,HWBT0259,001,禁用,Q/RW-TS-001-2023,"[{'id': 12, 'name': '亿兴云顶盖', 'sap_code': '88888888', 'code': 'GC000012', 'desc': '普通型顶盖'}, {'id': 13, 'name': '顶盖/206', 'sap_code': '20000195', 'code': 'GC000013', 'desc': '普通型顶盖'}, {'id': 33, 'name': '顶盖/206/2025广东促销', 'sap_code': '20002043', 'code': 'GC000033', 'desc': '促销型顶盖'}, {'id': 34, 'name': '顶盖/206/2026广东红包促销', 'sap_code': '20002275', 'code': 'GC000034', 'desc': '促销型顶盖'}, {'id': 35, 'name': '顶盖/206/2026广东1元乐享促销', 'sap_code': '20002276', 'code': 'GC000035', 'desc': '促销型顶盖'}, {'id': 68, 'name': '顶盖/206/2026扫码1元乐享-闽苏沪', 'sap_code': '20002302', 'code': 'GC000068', 'desc': '促销型顶盖'}, {'id': 70, 'name': '顶盖/206/2026/1元乐享-新疆青海', 'sap_code': '20002304', 'code': 'GC000070', 'desc': '促销型顶盖'}, {'id': 72, 'name': '顶盖/206/2026扫码1元乐享-云贵', 'sap_code': '20002306', 'code': 'GC000072', 'desc': '促销型顶盖'}, {'id': 74, 'name': '顶盖/206/2026扫码1元乐享-广西', 'sap_code': '20002316', 'code': 'GC000074', 'desc': '促销型顶盖'}, {'id': 98, 'name': '亿兴云顶盖2', 'sap_code': '99999999', 'code': 'GC000097', 'desc': '普通型顶盖'}]",顶盖,包材,红牛,6866,华彬快速消费品饮料（福建）有限公司,YF00000022,注胶附着力（仅顶盖）,是,到货检测,,品管部,品管部,定性,复检,1,大于等于,托盘,,25,片,是,25,片,38号专用笔,用38号专用笔在顶盖上画线，无明显缩水。,,,,,,1,退货处理,从初检问题托盘中取25片复检。,若仍有不合格，初检检测单元的所有商品做退货处理。,,2025-01-01,9999-12-31
250,,HWBT0260,001,禁用,Q/RW-TS-001-2023,"[{'id': 12, 'name': '亿兴云顶盖', 'sap_code': '88888888', 'code': 'GC000012', 'desc': '普通型顶盖'}, {'id': 13, 'name': '顶盖/206', 'sap_code': '20000195', 'code': 'GC000013', 'desc': '普通型顶盖'}, {'id': 33, 'name': '顶盖/206/2025广东促销', 'sap_code': '20002043', 'code': 'GC000033', 'desc': '促销型顶盖'}, {'id': 34, 'name': '顶盖/206/2026广东红包促销', 'sap_code': '20002275', 'code': 'GC000034', 'desc': '促销型顶盖'}, {'id': 35, 'name': '顶盖/206/2026广东1元乐享促销', 'sap_code': '20002276', 'code': 'GC000035', 'desc': '促销型顶盖'}, {'id': 68, 'name': '顶盖/206/2026扫码1元乐享-闽苏沪', 'sap_code': '20002302', 'code': 'GC000068', 'desc': '促销型顶盖'}, {'id': 70, 'name': '顶盖/206/2026/1元乐享-新疆青海', 'sap_code': '20002304', 'code': 'GC000070', 'desc': '促销型顶盖'}, {'id': 72, 'name': '顶盖/206/2026扫码1元乐享-云贵', 'sap_code': '20002306', 'code': 'GC000072', 'desc': '促销型顶盖'}, {'id': 74, 'name': '顶盖/206/2026扫码1元乐享-广西', 'sap_code': '20002316', 'code': 'GC000074', 'desc': '促销型顶盖'}, {'id': 98, 'name': '亿兴云顶盖2', 'sap_code': '99999999', 'code': 'GC000097', 'desc': '普通型顶盖'}]",顶盖,包材,红牛,6865,华彬快速消费品饮料（贵州）有限公司,YF00000022,注胶附着力（仅顶盖）,是,到货检测,,品管部,品管部,定性,复检,1,大于等于,托盘,,25,片,是,25,片,38号专用笔,用38号专用笔在顶盖上画线，无明显缩水。,,,,,,1,退货处理,从初检问题托盘中取25片复检。,若仍有不合格，初检检测单元的所有商品做退货处理。,,2025-01-01,9999-12-31
251,,HWBT0261,001,禁用,Q/RW-TS-001-2023,"[{'id': 12, 'name': '亿兴云顶盖', 'sap_code': '88888888', 'code': 'GC000012', 'desc': '普通型顶盖'}, {'id': 13, 'name': '顶盖/206', 'sap_code': '20000195', 'code': 'GC000013', 'desc': '普通型顶盖'}, {'id': 33, 'name': '顶盖/206/2025广东促销', 'sap_code': '20002043', 'code': 'GC000033', 'desc': '促销型顶盖'}, {'id': 34, 'name': '顶盖/206/2026广东红包促销', 'sap_code': '20002275', 'code': 'GC000034', 'desc': '促销型顶盖'}, {'id': 35, 'name': '顶盖/206/2026广东1元乐享促销', 'sap_code': '20002276', 'code': 'GC000035', 'desc': '促销型顶盖'}, {'id': 68, 'name': '顶盖/206/2026扫码1元乐享-闽苏沪', 'sap_code': '20002302', 'code': 'GC000068', 'desc': '促销型顶盖'}, {'id': 70, 'name': '顶盖/206/2026/1元乐享-新疆青海', 'sap_code': '20002304', 'code': 'GC000070', 'desc': '促销型顶盖'}, {'id': 72, 'name': '顶盖/206/2026扫码1元乐享-云贵', 'sap_code': '20002306', 'code': 'GC000072', 'desc': '促销型顶盖'}, {'id': 74, 'name': '顶盖/206/2026扫码1元乐享-广西', 'sap_code': '20002316', 'code': 'GC000074', 'desc': '促销型顶盖'}, {'id': 98, 'name': '亿兴云顶盖2', 'sap_code': '99999999', 'code': 'GC000097', 'desc': '普通型顶盖'}]",顶盖,包材,红牛,,,YC00000006,拉环二维码,是,到货检测,,品管部,品管部,定性,初检,1,等于,托盘,,15,片,是,15,片,手机扫码,清晰、完整、快速识别，扫读内容符合要求,模糊/完整/识别慢/扫读内容错误,,,,,1,复检,每1托为一个检测单元，取样品15片，15片均做本次检测。,若有不合格，取同一托20片复检。,,2025-01-01,9999-12-31
252,,HWBT0262,001,禁用,Q/RW-TS-001-2023,"[{'id': 12, 'name': '亿兴云顶盖', 'sap_code': '88888888', 'code': 'GC000012', 'desc': '普通型顶盖'}, {'id': 13, 'name': '顶盖/206', 'sap_code': '20000195', 'code': 'GC000013', 'desc': '普通型顶盖'}, {'id': 33, 'name': '顶盖/206/2025广东促销', 'sap_code': '20002043', 'code': 'GC000033', 'desc': '促销型顶盖'}, {'id': 34, 'name': '顶盖/206/2026广东红包促销', 'sap_code': '20002275', 'code': 'GC000034', 'desc': '促销型顶盖'}, {'id': 35, 'name': '顶盖/206/2026广东1元乐享促销', 'sap_code': '20002276', 'code': 'GC000035', 'desc': '促销型顶盖'}, {'id': 68, 'name': '顶盖/206/2026扫码1元乐享-闽苏沪', 'sap_code': '20002302', 'code': 'GC000068', 'desc': '促销型顶盖'}, {'id': 70, 'name': '顶盖/206/2026/1元乐享-新疆青海', 'sap_code': '20002304', 'code': 'GC000070', 'desc': '促销型顶盖'}, {'id': 72, 'name': '顶盖/206/2026扫码1元乐享-云贵', 'sap_code': '20002306', 'code': 'GC000072', 'desc': '促销型顶盖'}, {'id': 74, 'name': '顶盖/206/2026扫码1元乐享-广西', 'sap_code': '20002316', 'code': 'GC000074', 'desc': '促销型顶盖'}, {'id': 98, 'name': '亿兴云顶盖2', 'sap_code': '99999999', 'code': 'GC000097', 'desc': '普通型顶盖'}]",顶盖,包材,红牛,,,YF00000022,拉环二维码,是,到货检测,,品管部,品管部,定性,复检,1,大于等于,托盘,,20,片,是,20,片,手机扫码,清晰、完整、快速识别，扫读内容符合要求,模糊/完整/识别慢/扫读内容错误,,,,,1,退货处理,从初检问题托盘中取20片复检。,若仍有不合格，初检检测单元的所有商品做退货处理。,,2025-01-01,9999-12-31
253,,HWBT0263,001,禁用,Q/RW-TS-001-2023,"[{'id': 21, 'name': '纸皮/普通型/250ml', 'sap_code': '20000023', 'code': 'GC000021', 'desc': '普通型纸皮'}, {'id': 44, 'name': '纸皮/普通型/250ML/24/30周年版', 'sap_code': '20002030', 'code': 'GC000044', 'desc': '普通型纸皮'}, {'id': 46, 'name': '纸皮/普通型/250ML/30周年版/六罐装/包装', 'sap_code': '20002031', 'code': 'GC000046', 'desc': '六罐装纸皮'}, {'id': 48, 'name': '纸皮/强化型/250ml/蓝色/30周年版', 'sap_code': '20002033', 'code': 'GC000048', 'desc': '强化型纸皮'}, {'id': 50, 'name': '纸皮/普通型/250ML/24/2025新疆专供', 'sap_code': '20002076', 'code': 'GC000050', 'desc': '普通型纸皮'}, {'id': 51, 'name': '纸皮/普通型/250ML/24/30周年版/两元促销/台州专供二期', 'sap_code': '20002116', 'code': 'GC000051', 'desc': '非箱内码促销纸皮'}, {'id': 52, 'name': '纸皮/普通型/250ML/24/30周年广东二期箱内码', 'sap_code': '20002166', 'code': 'GC000052', 'desc': '箱内码促销纸皮'}, {'id': 53, 'name': '纸皮/普通型/250ML/24/30周年普通箱内码二期/2025', 'sap_code': '20002167', 'code': 'GC000053', 'desc': '箱内码促销纸皮'}]",纸皮,包材,红牛,,,YC00000008,重量,是,到货检测,,储运部,品管部,定量,初检,150000,等于,张,,3,张,是,3,张,电子分析天平,180-240,,g,180.0000,240.0000,,1,复检,每次到货每3万张随机抽检3张，不足3万张按照3万张标准进行抽样检测。用直尺测量图示中相应位置尺寸。,若有不合格，取同一检测单元9张进行复检。,,2025-01-01,9999-12-31
254,,HWBT0264,001,禁用,Q/RW-TS-001-2023,"[{'id': 17, 'name': '空罐/普通型/无顶盖/250ml', 'sap_code': '20000194', 'code': 'GC000017', 'desc': '普通型空罐'}, {'id': 36, 'name': '空罐/普通型/250ML/30周年版/无顶盖', 'sap_code': '20002028', 'code': 'GC000036', 'desc': '普通型空罐'}, {'id': 37, 'name': '空罐/普通型/250ML/31周年版/无顶盖', 'sap_code': '20002271', 'code': 'GC000037', 'desc': '普通型空罐'}, {'id': 38, 'name': '空罐/普通型/250ML/2026广东红包促销/无顶盖', 'sap_code': '20002273', 'code': 'GC000038', 'desc': '促销型空罐'}, {'id': 39, 'name': '空罐/普通型/250ML/2026广东1元乐享促销/无顶盖', 'sap_code': '20002274', 'code': 'GC000039', 'desc': '促销型空罐'}, {'id': 40, 'name': '空罐/强化型/250ml/蓝色/30周年版/无底盖', 'sap_code': '20002029', 'code': 'GC000040', 'desc': '强化型空罐'}, {'id': 41, 'name': '空罐/强化型/250ml/蓝色/31周年版/无底盖', 'sap_code': '20002272', 'code': 'GC000041', 'desc': '强化型空罐'}, {'id': 66, 'name': '空罐/普通型/250ML/2026扫码1元乐享-闽苏沪/无顶盖', 'sap_code': '20002294', 'code': 'GC000066', 'desc': '促销型空罐'}, {'id': 69, 'name': '空罐/普通型/250ML/2026年1元乐享-新疆青海/无顶盖', 'sap_code': '20002303', 'code': 'GC000069', 'desc': '促销型空罐'}, {'id': 71, 'name': '空罐/普通型/250ML/2026扫码1元乐享-云贵/无顶盖', 'sap_code': '20002305', 'code': 'GC000071', 'desc': '促销型空罐'}, {'id': 73, 'name': '空罐/普通型/250ML/2026扫码1元乐享-广西/无顶盖', 'sap_code': '20002315', 'code': 'GC000073', 'desc': '促销型空罐'}]",空罐,包材,红牛,,,YC00000005,盖钩、罐钩间隙,是,到货检测,,储运部,品管部,定量,初检,8,等于,托盘,,32,罐,是,32,罐,卷封投影仪,≥0.1,,mm,0.1000,,1,1,复检,每8托为一个检测单元，每一托盘随机抽取样品4罐，共32罐，并做好标识。其中4罐做本次检测。,若不合格，取同一托6罐复检。,适用于原材料供应商制罐线改型、制罐设备大修后、换版及实验期间,2025-01-01,9999-12-31
255,,HWBT0265,001,禁用,Q/RW-TS-001-2023,"[{'id': 17, 'name': '空罐/普通型/无顶盖/250ml', 'sap_code': '20000194', 'code': 'GC000017', 'desc': '普通型空罐'}, {'id': 36, 'name': '空罐/普通型/250ML/30周年版/无顶盖', 'sap_code': '20002028', 'code': 'GC000036', 'desc': '普通型空罐'}, {'id': 37, 'name': '空罐/普通型/250ML/31周年版/无顶盖', 'sap_code': '20002271', 'code': 'GC000037', 'desc': '普通型空罐'}, {'id': 38, 'name': '空罐/普通型/250ML/2026广东红包促销/无顶盖', 'sap_code': '20002273', 'code': 'GC000038', 'desc': '促销型空罐'}, {'id': 39, 'name': '空罐/普通型/250ML/2026广东1元乐享促销/无顶盖', 'sap_code': '20002274', 'code': 'GC000039', 'desc': '促销型空罐'}, {'id': 40, 'name': '空罐/强化型/250ml/蓝色/30周年版/无底盖', 'sap_code': '20002029', 'code': 'GC000040', 'desc': '强化型空罐'}, {'id': 41, 'name': '空罐/强化型/250ml/蓝色/31周年版/无底盖', 'sap_code': '20002272', 'code': 'GC000041', 'desc': '强化型空罐'}, {'id': 66, 'name': '空罐/普通型/250ML/2026扫码1元乐享-闽苏沪/无顶盖', 'sap_code': '20002294', 'code': 'GC000066', 'desc': '促销型空罐'}, {'id': 69, 'name': '空罐/普通型/250ML/2026年1元乐享-新疆青海/无顶盖', 'sap_code': '20002303', 'code': 'GC000069', 'desc': '促销型空罐'}, {'id': 71, 'name': '空罐/普通型/250ML/2026扫码1元乐享-云贵/无顶盖', 'sap_code': '20002305', 'code': 'GC000071', 'desc': '促销型空罐'}, {'id': 73, 'name': '空罐/普通型/250ML/2026扫码1元乐享-广西/无顶盖', 'sap_code': '20002315', 'code': 'GC000073', 'desc': '促销型空罐'}]",空罐,包材,红牛,,,YF00000017,盖钩、罐钩间隙,是,到货检测,,储运部,品管部,定量,复检,1,大于等于,托盘,,6,罐,是,6,罐,卷封投影仪,≥0.1,,mm,0.1000,,1,1,退货处理,从初检问题托盘中取6罐复检。,若仍有不合格，初检检测单元的所有商品做退货处理。,适用于原材料供应商制罐线改型、制罐设备大修后、换版及实验期间,2025-01-01,9999-12-31
256,,HWBT0266,001,禁用,Q/RW-TS-001-2023,"[{'id': 17, 'name': '空罐/普通型/无顶盖/250ml', 'sap_code': '20000194', 'code': 'GC000017', 'desc': '普通型空罐'}, {'id': 36, 'name': '空罐/普通型/250ML/30周年版/无顶盖', 'sap_code': '20002028', 'code': 'GC000036', 'desc': '普通型空罐'}, {'id': 37, 'name': '空罐/普通型/250ML/31周年版/无顶盖', 'sap_code': '20002271', 'code': 'GC000037', 'desc': '普通型空罐'}, {'id': 38, 'name': '空罐/普通型/250ML/2026广东红包促销/无顶盖', 'sap_code': '20002273', 'code': 'GC000038', 'desc': '促销型空罐'}, {'id': 39, 'name': '空罐/普通型/250ML/2026广东1元乐享促销/无顶盖', 'sap_code': '20002274', 'code': 'GC000039', 'desc': '促销型空罐'}, {'id': 40, 'name': '空罐/强化型/250ml/蓝色/30周年版/无底盖', 'sap_code': '20002029', 'code': 'GC000040', 'desc': '强化型空罐'}, {'id': 41, 'name': '空罐/强化型/250ml/蓝色/31周年版/无底盖', 'sap_code': '20002272', 'code': 'GC000041', 'desc': '强化型空罐'}, {'id': 66, 'name': '空罐/普通型/250ML/2026扫码1元乐享-闽苏沪/无顶盖', 'sap_code': '20002294', 'code': 'GC000066', 'desc': '促销型空罐'}, {'id': 69, 'name': '空罐/普通型/250ML/2026年1元乐享-新疆青海/无顶盖', 'sap_code': '20002303', 'code': 'GC000069', 'desc': '促销型空罐'}, {'id': 71, 'name': '空罐/普通型/250ML/2026扫码1元乐享-云贵/无顶盖', 'sap_code': '20002305', 'code': 'GC000071', 'desc': '促销型空罐'}, {'id': 73, 'name': '空罐/普通型/250ML/2026扫码1元乐享-广西/无顶盖', 'sap_code': '20002315', 'code': 'GC000073', 'desc': '促销型空罐'}]",空罐,包材,红牛,,,YC00000005,迭接长度,是,到货检测,,储运部,品管部,定量,初检,8,等于,托盘,,32,罐,是,32,罐,卷封投影仪,≥0.90,,mm,0.9000,,2,1,复检,每8托为一个检测单元，每一托盘随机抽取样品4罐，共32罐，并做好标识。其中4罐做本次检测。,若不合格，取同一托6罐复检。,适用于原材料供应商制罐线改型、制罐设备大修后、换版及实验期间,2025-01-01,9999-12-31
257,,HWBT0267,001,禁用,Q/RW-TS-001-2023,"[{'id': 17, 'name': '空罐/普通型/无顶盖/250ml', 'sap_code': '20000194', 'code': 'GC000017', 'desc': '普通型空罐'}, {'id': 36, 'name': '空罐/普通型/250ML/30周年版/无顶盖', 'sap_code': '20002028', 'code': 'GC000036', 'desc': '普通型空罐'}, {'id': 37, 'name': '空罐/普通型/250ML/31周年版/无顶盖', 'sap_code': '20002271', 'code': 'GC000037', 'desc': '普通型空罐'}, {'id': 38, 'name': '空罐/普通型/250ML/2026广东红包促销/无顶盖', 'sap_code': '20002273', 'code': 'GC000038', 'desc': '促销型空罐'}, {'id': 39, 'name': '空罐/普通型/250ML/2026广东1元乐享促销/无顶盖', 'sap_code': '20002274', 'code': 'GC000039', 'desc': '促销型空罐'}, {'id': 40, 'name': '空罐/强化型/250ml/蓝色/30周年版/无底盖', 'sap_code': '20002029', 'code': 'GC000040', 'desc': '强化型空罐'}, {'id': 41, 'name': '空罐/强化型/250ml/蓝色/31周年版/无底盖', 'sap_code': '20002272', 'code': 'GC000041', 'desc': '强化型空罐'}, {'id': 66, 'name': '空罐/普通型/250ML/2026扫码1元乐享-闽苏沪/无顶盖', 'sap_code': '20002294', 'code': 'GC000066', 'desc': '促销型空罐'}, {'id': 69, 'name': '空罐/普通型/250ML/2026年1元乐享-新疆青海/无顶盖', 'sap_code': '20002303', 'code': 'GC000069', 'desc': '促销型空罐'}, {'id': 71, 'name': '空罐/普通型/250ML/2026扫码1元乐享-云贵/无顶盖', 'sap_code': '20002305', 'code': 'GC000071', 'desc': '促销型空罐'}, {'id': 73, 'name': '空罐/普通型/250ML/2026扫码1元乐享-广西/无顶盖', 'sap_code': '20002315', 'code': 'GC000073', 'desc': '促销型空罐'}]",空罐,包材,红牛,,,YF00000017,迭接长度,是,到货检测,,储运部,品管部,定量,复检,1,大于等于,托盘,,6,罐,是,6,罐,卷封投影仪,≥0.90,,mm,0.9000,,2,1,退货处理,从初检问题托盘中取6罐复检。,若仍有不合格，初检检测单元的所有商品做退货处理。,适用于原材料供应商制罐线改型、制罐设备大修后、换版及实验期间,2025-01-01,9999-12-31
258,,HWBT0268,001,禁用,Q/RW-TS-001-2023,"[{'id': 17, 'name': '空罐/普通型/无顶盖/250ml', 'sap_code': '20000194', 'code': 'GC000017', 'desc': '普通型空罐'}, {'id': 36, 'name': '空罐/普通型/250ML/30周年版/无顶盖', 'sap_code': '20002028', 'code': 'GC000036', 'desc': '普通型空罐'}, {'id': 37, 'name': '空罐/普通型/250ML/31周年版/无顶盖', 'sap_code': '20002271', 'code': 'GC000037', 'desc': '普通型空罐'}, {'id': 38, 'name': '空罐/普通型/250ML/2026广东红包促销/无顶盖', 'sap_code': '20002273', 'code': 'GC000038', 'desc': '促销型空罐'}, {'id': 39, 'name': '空罐/普通型/250ML/2026广东1元乐享促销/无顶盖', 'sap_code': '20002274', 'code': 'GC000039', 'desc': '促销型空罐'}, {'id': 40, 'name': '空罐/强化型/250ml/蓝色/30周年版/无底盖', 'sap_code': '20002029', 'code': 'GC000040', 'desc': '强化型空罐'}, {'id': 41, 'name': '空罐/强化型/250ml/蓝色/31周年版/无底盖', 'sap_code': '20002272', 'code': 'GC000041', 'desc': '强化型空罐'}, {'id': 66, 'name': '空罐/普通型/250ML/2026扫码1元乐享-闽苏沪/无顶盖', 'sap_code': '20002294', 'code': 'GC000066', 'desc': '促销型空罐'}, {'id': 69, 'name': '空罐/普通型/250ML/2026年1元乐享-新疆青海/无顶盖', 'sap_code': '20002303', 'code': 'GC000069', 'desc': '促销型空罐'}, {'id': 71, 'name': '空罐/普通型/250ML/2026扫码1元乐享-云贵/无顶盖', 'sap_code': '20002305', 'code': 'GC000071', 'desc': '促销型空罐'}, {'id': 73, 'name': '空罐/普通型/250ML/2026扫码1元乐享-广西/无顶盖', 'sap_code': '20002315', 'code': 'GC000073', 'desc': '促销型空罐'}]",空罐,包材,红牛,,,YC00000005,迭接率,是,到货检测,,储运部,品管部,定量,初检,8,等于,托盘,,32,罐,是,32,罐,卷封投影仪,≥55,,%,0.5500,,,1,复检,每8托为一个检测单元，每一托盘随机抽取样品4罐，共32罐，并做好标识。其中4罐做本次检测。,若不合格，取同一托6罐复检。,适用于原材料供应商制罐线改型、制罐设备大修后、换版及实验期间,2025-01-01,9999-12-31
259,,HWBT0269,001,禁用,Q/RW-TS-001-2023,"[{'id': 17, 'name': '空罐/普通型/无顶盖/250ml', 'sap_code': '20000194', 'code': 'GC000017', 'desc': '普通型空罐'}, {'id': 36, 'name': '空罐/普通型/250ML/30周年版/无顶盖', 'sap_code': '20002028', 'code': 'GC000036', 'desc': '普通型空罐'}, {'id': 37, 'name': '空罐/普通型/250ML/31周年版/无顶盖', 'sap_code': '20002271', 'code': 'GC000037', 'desc': '普通型空罐'}, {'id': 38, 'name': '空罐/普通型/250ML/2026广东红包促销/无顶盖', 'sap_code': '20002273', 'code': 'GC000038', 'desc': '促销型空罐'}, {'id': 39, 'name': '空罐/普通型/250ML/2026广东1元乐享促销/无顶盖', 'sap_code': '20002274', 'code': 'GC000039', 'desc': '促销型空罐'}, {'id': 40, 'name': '空罐/强化型/250ml/蓝色/30周年版/无底盖', 'sap_code': '20002029', 'code': 'GC000040', 'desc': '强化型空罐'}, {'id': 41, 'name': '空罐/强化型/250ml/蓝色/31周年版/无底盖', 'sap_code': '20002272', 'code': 'GC000041', 'desc': '强化型空罐'}, {'id': 66, 'name': '空罐/普通型/250ML/2026扫码1元乐享-闽苏沪/无顶盖', 'sap_code': '20002294', 'code': 'GC000066', 'desc': '促销型空罐'}, {'id': 69, 'name': '空罐/普通型/250ML/2026年1元乐享-新疆青海/无顶盖', 'sap_code': '20002303', 'code': 'GC000069', 'desc': '促销型空罐'}, {'id': 71, 'name': '空罐/普通型/250ML/2026扫码1元乐享-云贵/无顶盖', 'sap_code': '20002305', 'code': 'GC000071', 'desc': '促销型空罐'}, {'id': 73, 'name': '空罐/普通型/250ML/2026扫码1元乐享-广西/无顶盖', 'sap_code': '20002315', 'code': 'GC000073', 'desc': '促销型空罐'}]",空罐,包材,红牛,,,YF00000017,迭接率,是,到货检测,,储运部,品管部,定量,复检,1,大于等于,托盘,,6,罐,是,6,罐,卷封投影仪,≥55,,%,0.5500,,,1,退货处理,从初检问题托盘中取6罐复检。,若仍有不合格，初检检测单元的所有商品做退货处理。,适用于原材料供应商制罐线改型、制罐设备大修后、换版及实验期间,2025-01-01,9999-12-31
260,,HWBT0270,001,禁用,Q/RW-TS-001-2023,"[{'id': 21, 'name': '纸皮/普通型/250ml', 'sap_code': '20000023', 'code': 'GC000021', 'desc': '普通型纸皮'}, {'id': 44, 'name': '纸皮/普通型/250ML/24/30周年版', 'sap_code': '20002030', 'code': 'GC000044', 'desc': '普通型纸皮'}, {'id': 46, 'name': '纸皮/普通型/250ML/30周年版/六罐装/包装', 'sap_code': '20002031', 'code': 'GC000046', 'desc': '六罐装纸皮'}, {'id': 48, 'name': '纸皮/强化型/250ml/蓝色/30周年版', 'sap_code': '20002033', 'code': 'GC000048', 'desc': '强化型纸皮'}, {'id': 50, 'name': '纸皮/普通型/250ML/24/2025新疆专供', 'sap_code': '20002076', 'code': 'GC000050', 'desc': '普通型纸皮'}, {'id': 51, 'name': '纸皮/普通型/250ML/24/30周年版/两元促销/台州专供二期', 'sap_code': '20002116', 'code': 'GC000051', 'desc': '非箱内码促销纸皮'}, {'id': 52, 'name': '纸皮/普通型/250ML/24/30周年广东二期箱内码', 'sap_code': '20002166', 'code': 'GC000052', 'desc': '箱内码促销纸皮'}, {'id': 53, 'name': '纸皮/普通型/250ML/24/30周年普通箱内码二期/2025', 'sap_code': '20002167', 'code': 'GC000053', 'desc': '箱内码促销纸皮'}]",纸皮,包材,红牛,,,YC00000008,重量,是,到货检测,,储运部,品管部,定量,初检,150000,等于,张,,3,张,是,3,张,电子分析天平,180-240,,g,180.0000,240.0000,,1,复检,每次到货每3万张随机抽检3张，不足3万张按照3万张标准进行抽样检测。用直尺测量图示中相应位置尺寸。,若有不合格，取同一检测单元9张进行复检。,,2025-01-01,9999-12-31
261,,HWBT0271,001,禁用,Q/RW-TS-001-2023,"[{'id': 21, 'name': '纸皮/普通型/250ml', 'sap_code': '20000023', 'code': 'GC000021', 'desc': '普通型纸皮'}, {'id': 44, 'name': '纸皮/普通型/250ML/24/30周年版', 'sap_code': '20002030', 'code': 'GC000044', 'desc': '普通型纸皮'}, {'id': 46, 'name': '纸皮/普通型/250ML/30周年版/六罐装/包装', 'sap_code': '20002031', 'code': 'GC000046', 'desc': '六罐装纸皮'}, {'id': 48, 'name': '纸皮/强化型/250ml/蓝色/30周年版', 'sap_code': '20002033', 'code': 'GC000048', 'desc': '强化型纸皮'}, {'id': 50, 'name': '纸皮/普通型/250ML/24/2025新疆专供', 'sap_code': '20002076', 'code': 'GC000050', 'desc': '普通型纸皮'}, {'id': 51, 'name': '纸皮/普通型/250ML/24/30周年版/两元促销/台州专供二期', 'sap_code': '20002116', 'code': 'GC000051', 'desc': '非箱内码促销纸皮'}, {'id': 52, 'name': '纸皮/普通型/250ML/24/30周年广东二期箱内码', 'sap_code': '20002166', 'code': 'GC000052', 'desc': '箱内码促销纸皮'}, {'id': 53, 'name': '纸皮/普通型/250ML/24/30周年普通箱内码二期/2025', 'sap_code': '20002167', 'code': 'GC000053', 'desc': '箱内码促销纸皮'}]",纸皮,包材,红牛,,,YC00000008,重量,是,到货检测,,储运部,品管部,定量,初检,150000,等于,张,,3,张,是,3,张,电子分析天平,180-240,,g,180.0000,240.0000,,1,复检,每次到货每3万张随机抽检3张，不足3万张按照3万张标准进行抽样检测。用直尺测量图示中相应位置尺寸。,若有不合格，取同一检测单元9张进行复检。,,2025-01-01,9999-12-31
262,,HWBT0272,001,禁用,Q/RW-TS-001-2023,"[{'id': 21, 'name': '纸皮/普通型/250ml', 'sap_code': '20000023', 'code': 'GC000021', 'desc': '普通型纸皮'}, {'id': 44, 'name': '纸皮/普通型/250ML/24/30周年版', 'sap_code': '20002030', 'code': 'GC000044', 'desc': '普通型纸皮'}, {'id': 46, 'name': '纸皮/普通型/250ML/30周年版/六罐装/包装', 'sap_code': '20002031', 'code': 'GC000046', 'desc': '六罐装纸皮'}, {'id': 48, 'name': '纸皮/强化型/250ml/蓝色/30周年版', 'sap_code': '20002033', 'code': 'GC000048', 'desc': '强化型纸皮'}, {'id': 50, 'name': '纸皮/普通型/250ML/24/2025新疆专供', 'sap_code': '20002076', 'code': 'GC000050', 'desc': '普通型纸皮'}, {'id': 51, 'name': '纸皮/普通型/250ML/24/30周年版/两元促销/台州专供二期', 'sap_code': '20002116', 'code': 'GC000051', 'desc': '非箱内码促销纸皮'}, {'id': 52, 'name': '纸皮/普通型/250ML/24/30周年广东二期箱内码', 'sap_code': '20002166', 'code': 'GC000052', 'desc': '箱内码促销纸皮'}, {'id': 53, 'name': '纸皮/普通型/250ML/24/30周年普通箱内码二期/2025', 'sap_code': '20002167', 'code': 'GC000053', 'desc': '箱内码促销纸皮'}]",纸皮,包材,红牛,,,YC00000008,重量,是,到货检测,,储运部,品管部,定量,初检,150000,等于,张,,3,张,是,3,张,电子分析天平,180-240,,g,180.0000,240.0000,,1,复检,每次到货每3万张随机抽检3张，不足3万张按照3万张标准进行抽样检测。用直尺测量图示中相应位置尺寸。,若有不合格，取同一检测单元9张进行复检。,,2025-01-01,9999-12-31
263,,HWBT0273,001,禁用,Q/RW-TS-001-2023,"[{'id': 21, 'name': '纸皮/普通型/250ml', 'sap_code': '20000023', 'code': 'GC000021', 'desc': '普通型纸皮'}, {'id': 44, 'name': '纸皮/普通型/250ML/24/30周年版', 'sap_code': '20002030', 'code': 'GC000044', 'desc': '普通型纸皮'}, {'id': 46, 'name': '纸皮/普通型/250ML/30周年版/六罐装/包装', 'sap_code': '20002031', 'code': 'GC000046', 'desc': '六罐装纸皮'}, {'id': 48, 'name': '纸皮/强化型/250ml/蓝色/30周年版', 'sap_code': '20002033', 'code': 'GC000048', 'desc': '强化型纸皮'}, {'id': 50, 'name': '纸皮/普通型/250ML/24/2025新疆专供', 'sap_code': '20002076', 'code': 'GC000050', 'desc': '普通型纸皮'}, {'id': 51, 'name': '纸皮/普通型/250ML/24/30周年版/两元促销/台州专供二期', 'sap_code': '20002116', 'code': 'GC000051', 'desc': '非箱内码促销纸皮'}, {'id': 52, 'name': '纸皮/普通型/250ML/24/30周年广东二期箱内码', 'sap_code': '20002166', 'code': 'GC000052', 'desc': '箱内码促销纸皮'}, {'id': 53, 'name': '纸皮/普通型/250ML/24/30周年普通箱内码二期/2025', 'sap_code': '20002167', 'code': 'GC000053', 'desc': '箱内码促销纸皮'}]",纸皮,包材,红牛,,,YC00000008,重量,是,到货检测,,储运部,品管部,定量,初检,150000,等于,张,,3,张,是,3,张,电子分析天平,160-180,,g,160.0000,180.0000,,1,复检,每次到货每3万张随机抽检3张，不足3万张按照3万张标准进行抽样检测。用直尺测量图示中相应位置尺寸。,若有不合格，取同一检测单元9张进行复检。,,2025-01-01,9999-12-31
264,,HWBT0274,001,禁用,Q/RW-TS-001-2023,"[{'id': 21, 'name': '纸皮/普通型/250ml', 'sap_code': '20000023', 'code': 'GC000021', 'desc': '普通型纸皮'}, {'id': 44, 'name': '纸皮/普通型/250ML/24/30周年版', 'sap_code': '20002030', 'code': 'GC000044', 'desc': '普通型纸皮'}, {'id': 46, 'name': '纸皮/普通型/250ML/30周年版/六罐装/包装', 'sap_code': '20002031', 'code': 'GC000046', 'desc': '六罐装纸皮'}, {'id': 48, 'name': '纸皮/强化型/250ml/蓝色/30周年版', 'sap_code': '20002033', 'code': 'GC000048', 'desc': '强化型纸皮'}, {'id': 50, 'name': '纸皮/普通型/250ML/24/2025新疆专供', 'sap_code': '20002076', 'code': 'GC000050', 'desc': '普通型纸皮'}, {'id': 51, 'name': '纸皮/普通型/250ML/24/30周年版/两元促销/台州专供二期', 'sap_code': '20002116', 'code': 'GC000051', 'desc': '非箱内码促销纸皮'}, {'id': 52, 'name': '纸皮/普通型/250ML/24/30周年广东二期箱内码', 'sap_code': '20002166', 'code': 'GC000052', 'desc': '箱内码促销纸皮'}, {'id': 53, 'name': '纸皮/普通型/250ML/24/30周年普通箱内码二期/2025', 'sap_code': '20002167', 'code': 'GC000053', 'desc': '箱内码促销纸皮'}]",纸皮,包材,红牛,,,YF00000026,重量,是,到货检测,,储运部,品管部,定量,复检,150000,大于等于,张,,9,张,是,9,张,电子分析天平,180-240,,g,180.0000,240.0000,,1,不合格,从初检问题检测单元中取9张进行复检。,若仍有不合格，则判定该批次检测不合格。,,2025-01-01,9999-12-31
265,,HWBT0275,001,禁用,Q/RW-TS-001-2023,"[{'id': 21, 'name': '纸皮/普通型/250ml', 'sap_code': '20000023', 'code': 'GC000021', 'desc': '普通型纸皮'}, {'id': 44, 'name': '纸皮/普通型/250ML/24/30周年版', 'sap_code': '20002030', 'code': 'GC000044', 'desc': '普通型纸皮'}, {'id': 46, 'name': '纸皮/普通型/250ML/30周年版/六罐装/包装', 'sap_code': '20002031', 'code': 'GC000046', 'desc': '六罐装纸皮'}, {'id': 48, 'name': '纸皮/强化型/250ml/蓝色/30周年版', 'sap_code': '20002033', 'code': 'GC000048', 'desc': '强化型纸皮'}, {'id': 50, 'name': '纸皮/普通型/250ML/24/2025新疆专供', 'sap_code': '20002076', 'code': 'GC000050', 'desc': '普通型纸皮'}, {'id': 51, 'name': '纸皮/普通型/250ML/24/30周年版/两元促销/台州专供二期', 'sap_code': '20002116', 'code': 'GC000051', 'desc': '非箱内码促销纸皮'}, {'id': 52, 'name': '纸皮/普通型/250ML/24/30周年广东二期箱内码', 'sap_code': '20002166', 'code': 'GC000052', 'desc': '箱内码促销纸皮'}, {'id': 53, 'name': '纸皮/普通型/250ML/24/30周年普通箱内码二期/2025', 'sap_code': '20002167', 'code': 'GC000053', 'desc': '箱内码促销纸皮'}]",纸皮,包材,红牛,,,YF00000026,重量,是,到货检测,,储运部,品管部,定量,复检,150000,大于等于,张,,9,张,是,9,张,电子分析天平,180-240,,g,180.0000,240.0000,,1,不合格,从初检问题检测单元中取9张进行复检。,若仍有不合格，则判定该批次检测不合格。,,2025-01-01,9999-12-31
266,,HWBT0276,001,禁用,Q/RW-TS-001-2023,"[{'id': 21, 'name': '纸皮/普通型/250ml', 'sap_code': '20000023', 'code': 'GC000021', 'desc': '普通型纸皮'}, {'id': 44, 'name': '纸皮/普通型/250ML/24/30周年版', 'sap_code': '20002030', 'code': 'GC000044', 'desc': '普通型纸皮'}, {'id': 46, 'name': '纸皮/普通型/250ML/30周年版/六罐装/包装', 'sap_code': '20002031', 'code': 'GC000046', 'desc': '六罐装纸皮'}, {'id': 48, 'name': '纸皮/强化型/250ml/蓝色/30周年版', 'sap_code': '20002033', 'code': 'GC000048', 'desc': '强化型纸皮'}, {'id': 50, 'name': '纸皮/普通型/250ML/24/2025新疆专供', 'sap_code': '20002076', 'code': 'GC000050', 'desc': '普通型纸皮'}, {'id': 51, 'name': '纸皮/普通型/250ML/24/30周年版/两元促销/台州专供二期', 'sap_code': '20002116', 'code': 'GC000051', 'desc': '非箱内码促销纸皮'}, {'id': 52, 'name': '纸皮/普通型/250ML/24/30周年广东二期箱内码', 'sap_code': '20002166', 'code': 'GC000052', 'desc': '箱内码促销纸皮'}, {'id': 53, 'name': '纸皮/普通型/250ML/24/30周年普通箱内码二期/2025', 'sap_code': '20002167', 'code': 'GC000053', 'desc': '箱内码促销纸皮'}]",纸皮,包材,红牛,,,YF00000026,重量,是,到货检测,,储运部,品管部,定量,复检,150000,大于等于,张,,9,张,是,9,张,电子分析天平,180-240,,g,180.0000,240.0000,,1,不合格,从初检问题检测单元中取9张进行复检。,若仍有不合格，则判定该批次检测不合格。,,2025-01-01,9999-12-31
267,,HWBT0277,001,禁用,Q/RW-TS-001-2023,"[{'id': 21, 'name': '纸皮/普通型/250ml', 'sap_code': '20000023', 'code': 'GC000021', 'desc': '普通型纸皮'}, {'id': 44, 'name': '纸皮/普通型/250ML/24/30周年版', 'sap_code': '20002030', 'code': 'GC000044', 'desc': '普通型纸皮'}, {'id': 46, 'name': '纸皮/普通型/250ML/30周年版/六罐装/包装', 'sap_code': '20002031', 'code': 'GC000046', 'desc': '六罐装纸皮'}, {'id': 48, 'name': '纸皮/强化型/250ml/蓝色/30周年版', 'sap_code': '20002033', 'code': 'GC000048', 'desc': '强化型纸皮'}, {'id': 50, 'name': '纸皮/普通型/250ML/24/2025新疆专供', 'sap_code': '20002076', 'code': 'GC000050', 'desc': '普通型纸皮'}, {'id': 51, 'name': '纸皮/普通型/250ML/24/30周年版/两元促销/台州专供二期', 'sap_code': '20002116', 'code': 'GC000051', 'desc': '非箱内码促销纸皮'}, {'id': 52, 'name': '纸皮/普通型/250ML/24/30周年广东二期箱内码', 'sap_code': '20002166', 'code': 'GC000052', 'desc': '箱内码促销纸皮'}, {'id': 53, 'name': '纸皮/普通型/250ML/24/30周年普通箱内码二期/2025', 'sap_code': '20002167', 'code': 'GC000053', 'desc': '箱内码促销纸皮'}]",纸皮,包材,红牛,,,YF00000026,重量,是,到货检测,,储运部,品管部,定量,复检,150000,大于等于,张,,9,张,是,9,张,电子分析天平,180-240,,g,180.0000,240.0000,,1,不合格,从初检问题检测单元中取9张进行复检。,若仍有不合格，则判定该批次检测不合格。,,2025-01-01,9999-12-31
268,,HWBT0278,001,禁用,Q/RW-TS-001-2023,"[{'id': 21, 'name': '纸皮/普通型/250ml', 'sap_code': '20000023', 'code': 'GC000021', 'desc': '普通型纸皮'}, {'id': 44, 'name': '纸皮/普通型/250ML/24/30周年版', 'sap_code': '20002030', 'code': 'GC000044', 'desc': '普通型纸皮'}, {'id': 46, 'name': '纸皮/普通型/250ML/30周年版/六罐装/包装', 'sap_code': '20002031', 'code': 'GC000046', 'desc': '六罐装纸皮'}, {'id': 48, 'name': '纸皮/强化型/250ml/蓝色/30周年版', 'sap_code': '20002033', 'code': 'GC000048', 'desc': '强化型纸皮'}, {'id': 50, 'name': '纸皮/普通型/250ML/24/2025新疆专供', 'sap_code': '20002076', 'code': 'GC000050', 'desc': '普通型纸皮'}, {'id': 51, 'name': '纸皮/普通型/250ML/24/30周年版/两元促销/台州专供二期', 'sap_code': '20002116', 'code': 'GC000051', 'desc': '非箱内码促销纸皮'}, {'id': 52, 'name': '纸皮/普通型/250ML/24/30周年广东二期箱内码', 'sap_code': '20002166', 'code': 'GC000052', 'desc': '箱内码促销纸皮'}, {'id': 53, 'name': '纸皮/普通型/250ML/24/30周年普通箱内码二期/2025', 'sap_code': '20002167', 'code': 'GC000053', 'desc': '箱内码促销纸皮'}]",纸皮,包材,红牛,,,YF00000026,重量,是,到货检测,,储运部,品管部,定量,复检,150000,大于等于,张,,9,张,是,9,张,电子分析天平,160-180,,g,160.0000,180.0000,,1,不合格,从初检问题检测单元中取9张进行复检。,若仍有不合格，则判定该批次检测不合格。,,2025-01-01,9999-12-31
269,,HWBT0279,001,禁用,Q/RW-TS-001-2023,"[{'id': 21, 'name': '纸皮/普通型/250ml', 'sap_code': '20000023', 'code': 'GC000021', 'desc': '普通型纸皮'}, {'id': 44, 'name': '纸皮/普通型/250ML/24/30周年版', 'sap_code': '20002030', 'code': 'GC000044', 'desc': '普通型纸皮'}, {'id': 46, 'name': '纸皮/普通型/250ML/30周年版/六罐装/包装', 'sap_code': '20002031', 'code': 'GC000046', 'desc': '六罐装纸皮'}, {'id': 48, 'name': '纸皮/强化型/250ml/蓝色/30周年版', 'sap_code': '20002033', 'code': 'GC000048', 'desc': '强化型纸皮'}, {'id': 50, 'name': '纸皮/普通型/250ML/24/2025新疆专供', 'sap_code': '20002076', 'code': 'GC000050', 'desc': '普通型纸皮'}, {'id': 51, 'name': '纸皮/普通型/250ML/24/30周年版/两元促销/台州专供二期', 'sap_code': '20002116', 'code': 'GC000051', 'desc': '非箱内码促销纸皮'}, {'id': 52, 'name': '纸皮/普通型/250ML/24/30周年广东二期箱内码', 'sap_code': '20002166', 'code': 'GC000052', 'desc': '箱内码促销纸皮'}, {'id': 53, 'name': '纸皮/普通型/250ML/24/30周年普通箱内码二期/2025', 'sap_code': '20002167', 'code': 'GC000053', 'desc': '箱内码促销纸皮'}]",纸皮,包材,红牛,,,YC00000008,位置①长度,是,到货检测,,储运部,品管部,定量,初检,150000,等于,张,,3,张,是,3,张,直尺,45±1,,mm,44.0000,46.0000,,1,复检,每次到货每3万张随机抽检3张，不足3万张按照3万张标准进行抽样检测。用直尺测量图示中相应位置尺寸。,若有不合格，取同一检测单元9张进行复检。,,2025-01-01,9999-12-31
270,,HWBT0280,001,禁用,Q/RW-TS-001-2023,"[{'id': 21, 'name': '纸皮/普通型/250ml', 'sap_code': '20000023', 'code': 'GC000021', 'desc': '普通型纸皮'}, {'id': 44, 'name': '纸皮/普通型/250ML/24/30周年版', 'sap_code': '20002030', 'code': 'GC000044', 'desc': '普通型纸皮'}, {'id': 46, 'name': '纸皮/普通型/250ML/30周年版/六罐装/包装', 'sap_code': '20002031', 'code': 'GC000046', 'desc': '六罐装纸皮'}, {'id': 48, 'name': '纸皮/强化型/250ml/蓝色/30周年版', 'sap_code': '20002033', 'code': 'GC000048', 'desc': '强化型纸皮'}, {'id': 50, 'name': '纸皮/普通型/250ML/24/2025新疆专供', 'sap_code': '20002076', 'code': 'GC000050', 'desc': '普通型纸皮'}, {'id': 51, 'name': '纸皮/普通型/250ML/24/30周年版/两元促销/台州专供二期', 'sap_code': '20002116', 'code': 'GC000051', 'desc': '非箱内码促销纸皮'}, {'id': 52, 'name': '纸皮/普通型/250ML/24/30周年广东二期箱内码', 'sap_code': '20002166', 'code': 'GC000052', 'desc': '箱内码促销纸皮'}, {'id': 53, 'name': '纸皮/普通型/250ML/24/30周年普通箱内码二期/2025', 'sap_code': '20002167', 'code': 'GC000053', 'desc': '箱内码促销纸皮'}]",纸皮,包材,红牛,,,YC00000008,位置①长度,是,到货检测,,储运部,品管部,定量,初检,150000,等于,张,,3,张,是,3,张,直尺,45±1,,mm,44.0000,46.0000,,1,复检,每次到货每3万张随机抽检3张，不足3万张按照3万张标准进行抽样检测。用直尺测量图示中相应位置尺寸。,若有不合格，取同一检测单元9张进行复检。,,2025-01-01,9999-12-31
271,,HWBT0281,001,禁用,Q/RW-TS-001-2023,"[{'id': 21, 'name': '纸皮/普通型/250ml', 'sap_code': '20000023', 'code': 'GC000021', 'desc': '普通型纸皮'}, {'id': 44, 'name': '纸皮/普通型/250ML/24/30周年版', 'sap_code': '20002030', 'code': 'GC000044', 'desc': '普通型纸皮'}, {'id': 46, 'name': '纸皮/普通型/250ML/30周年版/六罐装/包装', 'sap_code': '20002031', 'code': 'GC000046', 'desc': '六罐装纸皮'}, {'id': 48, 'name': '纸皮/强化型/250ml/蓝色/30周年版', 'sap_code': '20002033', 'code': 'GC000048', 'desc': '强化型纸皮'}, {'id': 50, 'name': '纸皮/普通型/250ML/24/2025新疆专供', 'sap_code': '20002076', 'code': 'GC000050', 'desc': '普通型纸皮'}, {'id': 51, 'name': '纸皮/普通型/250ML/24/30周年版/两元促销/台州专供二期', 'sap_code': '20002116', 'code': 'GC000051', 'desc': '非箱内码促销纸皮'}, {'id': 52, 'name': '纸皮/普通型/250ML/24/30周年广东二期箱内码', 'sap_code': '20002166', 'code': 'GC000052', 'desc': '箱内码促销纸皮'}, {'id': 53, 'name': '纸皮/普通型/250ML/24/30周年普通箱内码二期/2025', 'sap_code': '20002167', 'code': 'GC000053', 'desc': '箱内码促销纸皮'}]",纸皮,包材,红牛,,,YC00000008,位置①长度,是,到货检测,,储运部,品管部,定量,初检,150000,等于,张,,3,张,是,3,张,直尺,45±1,,mm,44.0000,46.0000,,1,复检,每次到货每3万张随机抽检3张，不足3万张按照3万张标准进行抽样检测。用直尺测量图示中相应位置尺寸。,若有不合格，取同一检测单元9张进行复检。,,2025-01-01,9999-12-31
272,,HWBT0282,001,禁用,Q/RW-TS-001-2023,"[{'id': 21, 'name': '纸皮/普通型/250ml', 'sap_code': '20000023', 'code': 'GC000021', 'desc': '普通型纸皮'}, {'id': 44, 'name': '纸皮/普通型/250ML/24/30周年版', 'sap_code': '20002030', 'code': 'GC000044', 'desc': '普通型纸皮'}, {'id': 46, 'name': '纸皮/普通型/250ML/30周年版/六罐装/包装', 'sap_code': '20002031', 'code': 'GC000046', 'desc': '六罐装纸皮'}, {'id': 48, 'name': '纸皮/强化型/250ml/蓝色/30周年版', 'sap_code': '20002033', 'code': 'GC000048', 'desc': '强化型纸皮'}, {'id': 50, 'name': '纸皮/普通型/250ML/24/2025新疆专供', 'sap_code': '20002076', 'code': 'GC000050', 'desc': '普通型纸皮'}, {'id': 51, 'name': '纸皮/普通型/250ML/24/30周年版/两元促销/台州专供二期', 'sap_code': '20002116', 'code': 'GC000051', 'desc': '非箱内码促销纸皮'}, {'id': 52, 'name': '纸皮/普通型/250ML/24/30周年广东二期箱内码', 'sap_code': '20002166', 'code': 'GC000052', 'desc': '箱内码促销纸皮'}, {'id': 53, 'name': '纸皮/普通型/250ML/24/30周年普通箱内码二期/2025', 'sap_code': '20002167', 'code': 'GC000053', 'desc': '箱内码促销纸皮'}]",纸皮,包材,红牛,,,YC00000008,位置①长度,是,到货检测,,储运部,品管部,定量,初检,150000,等于,张,,3,张,是,3,张,直尺,57±2,,mm,55.0000,59.0000,,1,复检,每次到货每3万张随机抽检3张，不足3万张按照3万张标准进行抽样检测。用直尺测量图示中相应位置尺寸。,若有不合格，取同一检测单元9张进行复检。,,2025-01-01,9999-12-31
273,,HWBT0283,001,禁用,Q/RW-TS-001-2023,"[{'id': 21, 'name': '纸皮/普通型/250ml', 'sap_code': '20000023', 'code': 'GC000021', 'desc': '普通型纸皮'}, {'id': 44, 'name': '纸皮/普通型/250ML/24/30周年版', 'sap_code': '20002030', 'code': 'GC000044', 'desc': '普通型纸皮'}, {'id': 46, 'name': '纸皮/普通型/250ML/30周年版/六罐装/包装', 'sap_code': '20002031', 'code': 'GC000046', 'desc': '六罐装纸皮'}, {'id': 48, 'name': '纸皮/强化型/250ml/蓝色/30周年版', 'sap_code': '20002033', 'code': 'GC000048', 'desc': '强化型纸皮'}, {'id': 50, 'name': '纸皮/普通型/250ML/24/2025新疆专供', 'sap_code': '20002076', 'code': 'GC000050', 'desc': '普通型纸皮'}, {'id': 51, 'name': '纸皮/普通型/250ML/24/30周年版/两元促销/台州专供二期', 'sap_code': '20002116', 'code': 'GC000051', 'desc': '非箱内码促销纸皮'}, {'id': 52, 'name': '纸皮/普通型/250ML/24/30周年广东二期箱内码', 'sap_code': '20002166', 'code': 'GC000052', 'desc': '箱内码促销纸皮'}, {'id': 53, 'name': '纸皮/普通型/250ML/24/30周年普通箱内码二期/2025', 'sap_code': '20002167', 'code': 'GC000053', 'desc': '箱内码促销纸皮'}]",纸皮,包材,红牛,8886,红牛维他命饮料（江苏）有限公司,YC00000008,位置①长度,是,到货检测,,储运部,品管部,定量,初检,150000,等于,张,,3,张,是,3,张,直尺,45±1,,mm,44.0000,46.0000,,1,复检,每次到货每3万张随机抽检3张，不足3万张按照3万张标准进行抽样检测。用直尺测量图示中相应位置尺寸。,若有不合格，取同一检测单元9张进行复检。,,2025-01-01,9999-12-31
274,,HWBT0284,001,禁用,Q/RW-TS-001-2023,"[{'id': 21, 'name': '纸皮/普通型/250ml', 'sap_code': '20000023', 'code': 'GC000021', 'desc': '普通型纸皮'}, {'id': 44, 'name': '纸皮/普通型/250ML/24/30周年版', 'sap_code': '20002030', 'code': 'GC000044', 'desc': '普通型纸皮'}, {'id': 46, 'name': '纸皮/普通型/250ML/30周年版/六罐装/包装', 'sap_code': '20002031', 'code': 'GC000046', 'desc': '六罐装纸皮'}, {'id': 48, 'name': '纸皮/强化型/250ml/蓝色/30周年版', 'sap_code': '20002033', 'code': 'GC000048', 'desc': '强化型纸皮'}, {'id': 50, 'name': '纸皮/普通型/250ML/24/2025新疆专供', 'sap_code': '20002076', 'code': 'GC000050', 'desc': '普通型纸皮'}, {'id': 51, 'name': '纸皮/普通型/250ML/24/30周年版/两元促销/台州专供二期', 'sap_code': '20002116', 'code': 'GC000051', 'desc': '非箱内码促销纸皮'}, {'id': 52, 'name': '纸皮/普通型/250ML/24/30周年广东二期箱内码', 'sap_code': '20002166', 'code': 'GC000052', 'desc': '箱内码促销纸皮'}, {'id': 53, 'name': '纸皮/普通型/250ML/24/30周年普通箱内码二期/2025', 'sap_code': '20002167', 'code': 'GC000053', 'desc': '箱内码促销纸皮'}]",纸皮,包材,红牛,8885,广东红牛维他命饮料有限公司,YC00000008,位置①长度,是,到货检测,,储运部,品管部,定量,初检,150000,等于,张,,3,张,是,3,张,直尺,45±2,,mm,43.0000,47.0000,,1,复检,每次到货每3万张随机抽检3张，不足3万张按照3万张标准进行抽样检测。用直尺测量图示中相应位置尺寸。,若有不合格，取同一检测单元9张进行复检。,,2025-01-01,9999-12-31
275,,HWBT0285,001,禁用,Q/RW-TS-001-2023,"[{'id': 21, 'name': '纸皮/普通型/250ml', 'sap_code': '20000023', 'code': 'GC000021', 'desc': '普通型纸皮'}, {'id': 44, 'name': '纸皮/普通型/250ML/24/30周年版', 'sap_code': '20002030', 'code': 'GC000044', 'desc': '普通型纸皮'}, {'id': 46, 'name': '纸皮/普通型/250ML/30周年版/六罐装/包装', 'sap_code': '20002031', 'code': 'GC000046', 'desc': '六罐装纸皮'}, {'id': 48, 'name': '纸皮/强化型/250ml/蓝色/30周年版', 'sap_code': '20002033', 'code': 'GC000048', 'desc': '强化型纸皮'}, {'id': 50, 'name': '纸皮/普通型/250ML/24/2025新疆专供', 'sap_code': '20002076', 'code': 'GC000050', 'desc': '普通型纸皮'}, {'id': 51, 'name': '纸皮/普通型/250ML/24/30周年版/两元促销/台州专供二期', 'sap_code': '20002116', 'code': 'GC000051', 'desc': '非箱内码促销纸皮'}, {'id': 52, 'name': '纸皮/普通型/250ML/24/30周年广东二期箱内码', 'sap_code': '20002166', 'code': 'GC000052', 'desc': '箱内码促销纸皮'}, {'id': 53, 'name': '纸皮/普通型/250ML/24/30周年普通箱内码二期/2025', 'sap_code': '20002167', 'code': 'GC000053', 'desc': '箱内码促销纸皮'}]",纸皮,包材,红牛,8880,红牛维他命饮料有限公司,YC00000008,位置①长度,是,到货检测,,储运部,品管部,定量,初检,150000,等于,张,,3,张,是,3,张,直尺,45±2,,mm,43.0000,47.0000,,1,复检,每次到货每3万张随机抽检3张，不足3万张按照3万张标准进行抽样检测。用直尺测量图示中相应位置尺寸。,若有不合格，取同一检测单元9张进行复检。,,2025-01-01,9999-12-31
276,,HWBT0286,001,禁用,Q/RW-TS-001-2023,"[{'id': 21, 'name': '纸皮/普通型/250ml', 'sap_code': '20000023', 'code': 'GC000021', 'desc': '普通型纸皮'}, {'id': 44, 'name': '纸皮/普通型/250ML/24/30周年版', 'sap_code': '20002030', 'code': 'GC000044', 'desc': '普通型纸皮'}, {'id': 46, 'name': '纸皮/普通型/250ML/30周年版/六罐装/包装', 'sap_code': '20002031', 'code': 'GC000046', 'desc': '六罐装纸皮'}, {'id': 48, 'name': '纸皮/强化型/250ml/蓝色/30周年版', 'sap_code': '20002033', 'code': 'GC000048', 'desc': '强化型纸皮'}, {'id': 50, 'name': '纸皮/普通型/250ML/24/2025新疆专供', 'sap_code': '20002076', 'code': 'GC000050', 'desc': '普通型纸皮'}, {'id': 51, 'name': '纸皮/普通型/250ML/24/30周年版/两元促销/台州专供二期', 'sap_code': '20002116', 'code': 'GC000051', 'desc': '非箱内码促销纸皮'}, {'id': 52, 'name': '纸皮/普通型/250ML/24/30周年广东二期箱内码', 'sap_code': '20002166', 'code': 'GC000052', 'desc': '箱内码促销纸皮'}, {'id': 53, 'name': '纸皮/普通型/250ML/24/30周年普通箱内码二期/2025', 'sap_code': '20002167', 'code': 'GC000053', 'desc': '箱内码促销纸皮'}]",纸皮,包材,红牛,8883,红牛维他命饮料（湖北）有限公司,YC00000008,位置①长度,是,到货检测,,储运部,品管部,定量,初检,150000,等于,张,,3,张,是,3,张,直尺,45±2,,mm,43.0000,47.0000,,1,复检,每次到货每3万张随机抽检3张，不足3万张按照3万张标准进行抽样检测。用直尺测量图示中相应位置尺寸。,若有不合格，取同一检测单元9张进行复检。,,2025-01-01,9999-12-31
277,,HWBT0287,001,禁用,Q/RW-TS-001-2023,"[{'id': 21, 'name': '纸皮/普通型/250ml', 'sap_code': '20000023', 'code': 'GC000021', 'desc': '普通型纸皮'}, {'id': 44, 'name': '纸皮/普通型/250ML/24/30周年版', 'sap_code': '20002030', 'code': 'GC000044', 'desc': '普通型纸皮'}, {'id': 46, 'name': '纸皮/普通型/250ML/30周年版/六罐装/包装', 'sap_code': '20002031', 'code': 'GC000046', 'desc': '六罐装纸皮'}, {'id': 48, 'name': '纸皮/强化型/250ml/蓝色/30周年版', 'sap_code': '20002033', 'code': 'GC000048', 'desc': '强化型纸皮'}, {'id': 50, 'name': '纸皮/普通型/250ML/24/2025新疆专供', 'sap_code': '20002076', 'code': 'GC000050', 'desc': '普通型纸皮'}, {'id': 51, 'name': '纸皮/普通型/250ML/24/30周年版/两元促销/台州专供二期', 'sap_code': '20002116', 'code': 'GC000051', 'desc': '非箱内码促销纸皮'}, {'id': 52, 'name': '纸皮/普通型/250ML/24/30周年广东二期箱内码', 'sap_code': '20002166', 'code': 'GC000052', 'desc': '箱内码促销纸皮'}, {'id': 53, 'name': '纸皮/普通型/250ML/24/30周年普通箱内码二期/2025', 'sap_code': '20002167', 'code': 'GC000053', 'desc': '箱内码促销纸皮'}]",纸皮,包材,红牛,,,YF00000026,位置①长度,是,到货检测,,储运部,品管部,定量,复检,150000,大于等于,张,,9,张,是,9,张,直尺,45±1,,mm,44.0000,46.0000,,1,不合格,从初检问题检测单元中取9张进行复检。,若仍有不合格，则判定该批次检测不合格。,,2025-01-01,9999-12-31
278,,HWBT0288,001,禁用,Q/RW-TS-001-2023,"[{'id': 21, 'name': '纸皮/普通型/250ml', 'sap_code': '20000023', 'code': 'GC000021', 'desc': '普通型纸皮'}, {'id': 44, 'name': '纸皮/普通型/250ML/24/30周年版', 'sap_code': '20002030', 'code': 'GC000044', 'desc': '普通型纸皮'}, {'id': 46, 'name': '纸皮/普通型/250ML/30周年版/六罐装/包装', 'sap_code': '20002031', 'code': 'GC000046', 'desc': '六罐装纸皮'}, {'id': 48, 'name': '纸皮/强化型/250ml/蓝色/30周年版', 'sap_code': '20002033', 'code': 'GC000048', 'desc': '强化型纸皮'}, {'id': 50, 'name': '纸皮/普通型/250ML/24/2025新疆专供', 'sap_code': '20002076', 'code': 'GC000050', 'desc': '普通型纸皮'}, {'id': 51, 'name': '纸皮/普通型/250ML/24/30周年版/两元促销/台州专供二期', 'sap_code': '20002116', 'code': 'GC000051', 'desc': '非箱内码促销纸皮'}, {'id': 52, 'name': '纸皮/普通型/250ML/24/30周年广东二期箱内码', 'sap_code': '20002166', 'code': 'GC000052', 'desc': '箱内码促销纸皮'}, {'id': 53, 'name': '纸皮/普通型/250ML/24/30周年普通箱内码二期/2025', 'sap_code': '20002167', 'code': 'GC000053', 'desc': '箱内码促销纸皮'}]",纸皮,包材,红牛,,,YF00000026,位置①长度,是,到货检测,,储运部,品管部,定量,复检,150000,大于等于,张,,9,张,是,9,张,直尺,45±1,,mm,44.0000,46.0000,,1,不合格,从初检问题检测单元中取9张进行复检。,若仍有不合格，则判定该批次检测不合格。,,2025-01-01,9999-12-31
279,,HWBT0289,001,禁用,Q/RW-TS-001-2023,"[{'id': 21, 'name': '纸皮/普通型/250ml', 'sap_code': '20000023', 'code': 'GC000021', 'desc': '普通型纸皮'}, {'id': 44, 'name': '纸皮/普通型/250ML/24/30周年版', 'sap_code': '20002030', 'code': 'GC000044', 'desc': '普通型纸皮'}, {'id': 46, 'name': '纸皮/普通型/250ML/30周年版/六罐装/包装', 'sap_code': '20002031', 'code': 'GC000046', 'desc': '六罐装纸皮'}, {'id': 48, 'name': '纸皮/强化型/250ml/蓝色/30周年版', 'sap_code': '20002033', 'code': 'GC000048', 'desc': '强化型纸皮'}, {'id': 50, 'name': '纸皮/普通型/250ML/24/2025新疆专供', 'sap_code': '20002076', 'code': 'GC000050', 'desc': '普通型纸皮'}, {'id': 51, 'name': '纸皮/普通型/250ML/24/30周年版/两元促销/台州专供二期', 'sap_code': '20002116', 'code': 'GC000051', 'desc': '非箱内码促销纸皮'}, {'id': 52, 'name': '纸皮/普通型/250ML/24/30周年广东二期箱内码', 'sap_code': '20002166', 'code': 'GC000052', 'desc': '箱内码促销纸皮'}, {'id': 53, 'name': '纸皮/普通型/250ML/24/30周年普通箱内码二期/2025', 'sap_code': '20002167', 'code': 'GC000053', 'desc': '箱内码促销纸皮'}]",纸皮,包材,红牛,,,YF00000026,位置①长度,是,到货检测,,储运部,品管部,定量,复检,150000,大于等于,张,,9,张,是,9,张,直尺,45±1,,mm,44.0000,46.0000,,1,不合格,从初检问题检测单元中取9张进行复检。,若仍有不合格，则判定该批次检测不合格。,,2025-01-01,9999-12-31
280,,HWBT0290,001,禁用,Q/RW-TS-001-2023,"[{'id': 21, 'name': '纸皮/普通型/250ml', 'sap_code': '20000023', 'code': 'GC000021', 'desc': '普通型纸皮'}, {'id': 44, 'name': '纸皮/普通型/250ML/24/30周年版', 'sap_code': '20002030', 'code': 'GC000044', 'desc': '普通型纸皮'}, {'id': 46, 'name': '纸皮/普通型/250ML/30周年版/六罐装/包装', 'sap_code': '20002031', 'code': 'GC000046', 'desc': '六罐装纸皮'}, {'id': 48, 'name': '纸皮/强化型/250ml/蓝色/30周年版', 'sap_code': '20002033', 'code': 'GC000048', 'desc': '强化型纸皮'}, {'id': 50, 'name': '纸皮/普通型/250ML/24/2025新疆专供', 'sap_code': '20002076', 'code': 'GC000050', 'desc': '普通型纸皮'}, {'id': 51, 'name': '纸皮/普通型/250ML/24/30周年版/两元促销/台州专供二期', 'sap_code': '20002116', 'code': 'GC000051', 'desc': '非箱内码促销纸皮'}, {'id': 52, 'name': '纸皮/普通型/250ML/24/30周年广东二期箱内码', 'sap_code': '20002166', 'code': 'GC000052', 'desc': '箱内码促销纸皮'}, {'id': 53, 'name': '纸皮/普通型/250ML/24/30周年普通箱内码二期/2025', 'sap_code': '20002167', 'code': 'GC000053', 'desc': '箱内码促销纸皮'}]",纸皮,包材,红牛,,,YF00000026,位置①长度,是,到货检测,,储运部,品管部,定量,复检,150000,大于等于,张,,9,张,是,9,张,直尺,57±2,,mm,55.0000,59.0000,,1,不合格,从初检问题检测单元中取9张进行复检。,若仍有不合格，则判定该批次检测不合格。,,2025-01-01,9999-12-31
281,,HWBT0291,001,禁用,Q/RW-TS-001-2023,"[{'id': 21, 'name': '纸皮/普通型/250ml', 'sap_code': '20000023', 'code': 'GC000021', 'desc': '普通型纸皮'}, {'id': 44, 'name': '纸皮/普通型/250ML/24/30周年版', 'sap_code': '20002030', 'code': 'GC000044', 'desc': '普通型纸皮'}, {'id': 46, 'name': '纸皮/普通型/250ML/30周年版/六罐装/包装', 'sap_code': '20002031', 'code': 'GC000046', 'desc': '六罐装纸皮'}, {'id': 48, 'name': '纸皮/强化型/250ml/蓝色/30周年版', 'sap_code': '20002033', 'code': 'GC000048', 'desc': '强化型纸皮'}, {'id': 50, 'name': '纸皮/普通型/250ML/24/2025新疆专供', 'sap_code': '20002076', 'code': 'GC000050', 'desc': '普通型纸皮'}, {'id': 51, 'name': '纸皮/普通型/250ML/24/30周年版/两元促销/台州专供二期', 'sap_code': '20002116', 'code': 'GC000051', 'desc': '非箱内码促销纸皮'}, {'id': 52, 'name': '纸皮/普通型/250ML/24/30周年广东二期箱内码', 'sap_code': '20002166', 'code': 'GC000052', 'desc': '箱内码促销纸皮'}, {'id': 53, 'name': '纸皮/普通型/250ML/24/30周年普通箱内码二期/2025', 'sap_code': '20002167', 'code': 'GC000053', 'desc': '箱内码促销纸皮'}]",纸皮,包材,红牛,8886,红牛维他命饮料（江苏）有限公司,YF00000026,位置①长度,是,到货检测,,储运部,品管部,定量,复检,150000,大于等于,张,,9,张,是,9,张,直尺,45±1,,mm,44.0000,46.0000,,1,不合格,从初检问题检测单元中取9张进行复检。,若仍有不合格，则判定该批次检测不合格。,,2025-01-01,9999-12-31
282,,HWBT0292,001,禁用,Q/RW-TS-001-2023,"[{'id': 21, 'name': '纸皮/普通型/250ml', 'sap_code': '20000023', 'code': 'GC000021', 'desc': '普通型纸皮'}, {'id': 44, 'name': '纸皮/普通型/250ML/24/30周年版', 'sap_code': '20002030', 'code': 'GC000044', 'desc': '普通型纸皮'}, {'id': 46, 'name': '纸皮/普通型/250ML/30周年版/六罐装/包装', 'sap_code': '20002031', 'code': 'GC000046', 'desc': '六罐装纸皮'}, {'id': 48, 'name': '纸皮/强化型/250ml/蓝色/30周年版', 'sap_code': '20002033', 'code': 'GC000048', 'desc': '强化型纸皮'}, {'id': 50, 'name': '纸皮/普通型/250ML/24/2025新疆专供', 'sap_code': '20002076', 'code': 'GC000050', 'desc': '普通型纸皮'}, {'id': 51, 'name': '纸皮/普通型/250ML/24/30周年版/两元促销/台州专供二期', 'sap_code': '20002116', 'code': 'GC000051', 'desc': '非箱内码促销纸皮'}, {'id': 52, 'name': '纸皮/普通型/250ML/24/30周年广东二期箱内码', 'sap_code': '20002166', 'code': 'GC000052', 'desc': '箱内码促销纸皮'}, {'id': 53, 'name': '纸皮/普通型/250ML/24/30周年普通箱内码二期/2025', 'sap_code': '20002167', 'code': 'GC000053', 'desc': '箱内码促销纸皮'}]",纸皮,包材,红牛,8885,广东红牛维他命饮料有限公司,YF00000026,位置①长度,是,到货检测,,储运部,品管部,定量,复检,150000,大于等于,张,,9,张,是,9,张,直尺,45±2,,mm,43.0000,47.0000,,1,不合格,从初检问题检测单元中取9张进行复检。,若仍有不合格，则判定该批次检测不合格。,,2025-01-01,9999-12-31
283,,HWBT0293,001,禁用,Q/RW-TS-001-2023,"[{'id': 21, 'name': '纸皮/普通型/250ml', 'sap_code': '20000023', 'code': 'GC000021', 'desc': '普通型纸皮'}, {'id': 44, 'name': '纸皮/普通型/250ML/24/30周年版', 'sap_code': '20002030', 'code': 'GC000044', 'desc': '普通型纸皮'}, {'id': 46, 'name': '纸皮/普通型/250ML/30周年版/六罐装/包装', 'sap_code': '20002031', 'code': 'GC000046', 'desc': '六罐装纸皮'}, {'id': 48, 'name': '纸皮/强化型/250ml/蓝色/30周年版', 'sap_code': '20002033', 'code': 'GC000048', 'desc': '强化型纸皮'}, {'id': 50, 'name': '纸皮/普通型/250ML/24/2025新疆专供', 'sap_code': '20002076', 'code': 'GC000050', 'desc': '普通型纸皮'}, {'id': 51, 'name': '纸皮/普通型/250ML/24/30周年版/两元促销/台州专供二期', 'sap_code': '20002116', 'code': 'GC000051', 'desc': '非箱内码促销纸皮'}, {'id': 52, 'name': '纸皮/普通型/250ML/24/30周年广东二期箱内码', 'sap_code': '20002166', 'code': 'GC000052', 'desc': '箱内码促销纸皮'}, {'id': 53, 'name': '纸皮/普通型/250ML/24/30周年普通箱内码二期/2025', 'sap_code': '20002167', 'code': 'GC000053', 'desc': '箱内码促销纸皮'}]",纸皮,包材,红牛,8880,红牛维他命饮料有限公司,YF00000026,位置①长度,是,到货检测,,储运部,品管部,定量,复检,150000,大于等于,张,,9,张,是,9,张,直尺,45±2,,mm,43.0000,47.0000,,1,不合格,从初检问题检测单元中取9张进行复检。,若仍有不合格，则判定该批次检测不合格。,,2025-01-01,9999-12-31
284,,HWBT0294,001,禁用,Q/RW-TS-001-2023,"[{'id': 21, 'name': '纸皮/普通型/250ml', 'sap_code': '20000023', 'code': 'GC000021', 'desc': '普通型纸皮'}, {'id': 44, 'name': '纸皮/普通型/250ML/24/30周年版', 'sap_code': '20002030', 'code': 'GC000044', 'desc': '普通型纸皮'}, {'id': 46, 'name': '纸皮/普通型/250ML/30周年版/六罐装/包装', 'sap_code': '20002031', 'code': 'GC000046', 'desc': '六罐装纸皮'}, {'id': 48, 'name': '纸皮/强化型/250ml/蓝色/30周年版', 'sap_code': '20002033', 'code': 'GC000048', 'desc': '强化型纸皮'}, {'id': 50, 'name': '纸皮/普通型/250ML/24/2025新疆专供', 'sap_code': '20002076', 'code': 'GC000050', 'desc': '普通型纸皮'}, {'id': 51, 'name': '纸皮/普通型/250ML/24/30周年版/两元促销/台州专供二期', 'sap_code': '20002116', 'code': 'GC000051', 'desc': '非箱内码促销纸皮'}, {'id': 52, 'name': '纸皮/普通型/250ML/24/30周年广东二期箱内码', 'sap_code': '20002166', 'code': 'GC000052', 'desc': '箱内码促销纸皮'}, {'id': 53, 'name': '纸皮/普通型/250ML/24/30周年普通箱内码二期/2025', 'sap_code': '20002167', 'code': 'GC000053', 'desc': '箱内码促销纸皮'}]",纸皮,包材,红牛,8883,红牛维他命饮料（湖北）有限公司,YF00000026,位置①长度,是,到货检测,,储运部,品管部,定量,复检,150000,大于等于,张,,9,张,是,9,张,直尺,45±2,,mm,43.0000,47.0000,,1,不合格,从初检问题检测单元中取9张进行复检。,若仍有不合格，则判定该批次检测不合格。,,2025-01-01,9999-12-31
285,,HWBT0295,001,禁用,Q/RW-TS-001-2023,"[{'id': 21, 'name': '纸皮/普通型/250ml', 'sap_code': '20000023', 'code': 'GC000021', 'desc': '普通型纸皮'}, {'id': 44, 'name': '纸皮/普通型/250ML/24/30周年版', 'sap_code': '20002030', 'code': 'GC000044', 'desc': '普通型纸皮'}, {'id': 46, 'name': '纸皮/普通型/250ML/30周年版/六罐装/包装', 'sap_code': '20002031', 'code': 'GC000046', 'desc': '六罐装纸皮'}, {'id': 48, 'name': '纸皮/强化型/250ml/蓝色/30周年版', 'sap_code': '20002033', 'code': 'GC000048', 'desc': '强化型纸皮'}, {'id': 50, 'name': '纸皮/普通型/250ML/24/2025新疆专供', 'sap_code': '20002076', 'code': 'GC000050', 'desc': '普通型纸皮'}, {'id': 51, 'name': '纸皮/普通型/250ML/24/30周年版/两元促销/台州专供二期', 'sap_code': '20002116', 'code': 'GC000051', 'desc': '非箱内码促销纸皮'}, {'id': 52, 'name': '纸皮/普通型/250ML/24/30周年广东二期箱内码', 'sap_code': '20002166', 'code': 'GC000052', 'desc': '箱内码促销纸皮'}, {'id': 53, 'name': '纸皮/普通型/250ML/24/30周年普通箱内码二期/2025', 'sap_code': '20002167', 'code': 'GC000053', 'desc': '箱内码促销纸皮'}]",纸皮,包材,红牛,,,YC00000008,位置②长度,是,到货检测,,储运部,品管部,定量,初检,150000,等于,张,,3,张,是,3,张,直尺,94±1,,mm,93.0000,95.0000,,1,复检,每次到货每3万张随机抽检3张，不足3万张按照3万张标准进行抽样检测。用直尺测量图示中相应位置尺寸。,若有不合格，取同一检测单元9张进行复检。,,2025-01-01,9999-12-31
286,,HWBT0296,001,禁用,Q/RW-TS-001-2023,"[{'id': 21, 'name': '纸皮/普通型/250ml', 'sap_code': '20000023', 'code': 'GC000021', 'desc': '普通型纸皮'}, {'id': 44, 'name': '纸皮/普通型/250ML/24/30周年版', 'sap_code': '20002030', 'code': 'GC000044', 'desc': '普通型纸皮'}, {'id': 46, 'name': '纸皮/普通型/250ML/30周年版/六罐装/包装', 'sap_code': '20002031', 'code': 'GC000046', 'desc': '六罐装纸皮'}, {'id': 48, 'name': '纸皮/强化型/250ml/蓝色/30周年版', 'sap_code': '20002033', 'code': 'GC000048', 'desc': '强化型纸皮'}, {'id': 50, 'name': '纸皮/普通型/250ML/24/2025新疆专供', 'sap_code': '20002076', 'code': 'GC000050', 'desc': '普通型纸皮'}, {'id': 51, 'name': '纸皮/普通型/250ML/24/30周年版/两元促销/台州专供二期', 'sap_code': '20002116', 'code': 'GC000051', 'desc': '非箱内码促销纸皮'}, {'id': 52, 'name': '纸皮/普通型/250ML/24/30周年广东二期箱内码', 'sap_code': '20002166', 'code': 'GC000052', 'desc': '箱内码促销纸皮'}, {'id': 53, 'name': '纸皮/普通型/250ML/24/30周年普通箱内码二期/2025', 'sap_code': '20002167', 'code': 'GC000053', 'desc': '箱内码促销纸皮'}]",纸皮,包材,红牛,,,YC00000008,位置②长度,是,到货检测,,储运部,品管部,定量,初检,150000,等于,张,,3,张,是,3,张,直尺,94±1,,mm,93.0000,95.0000,,1,复检,每次到货每3万张随机抽检3张，不足3万张按照3万张标准进行抽样检测。用直尺测量图示中相应位置尺寸。,若有不合格，取同一检测单元9张进行复检。,,2025-01-01,9999-12-31
287,,HWBT0297,001,禁用,Q/RW-TS-001-2023,"[{'id': 21, 'name': '纸皮/普通型/250ml', 'sap_code': '20000023', 'code': 'GC000021', 'desc': '普通型纸皮'}, {'id': 44, 'name': '纸皮/普通型/250ML/24/30周年版', 'sap_code': '20002030', 'code': 'GC000044', 'desc': '普通型纸皮'}, {'id': 46, 'name': '纸皮/普通型/250ML/30周年版/六罐装/包装', 'sap_code': '20002031', 'code': 'GC000046', 'desc': '六罐装纸皮'}, {'id': 48, 'name': '纸皮/强化型/250ml/蓝色/30周年版', 'sap_code': '20002033', 'code': 'GC000048', 'desc': '强化型纸皮'}, {'id': 50, 'name': '纸皮/普通型/250ML/24/2025新疆专供', 'sap_code': '20002076', 'code': 'GC000050', 'desc': '普通型纸皮'}, {'id': 51, 'name': '纸皮/普通型/250ML/24/30周年版/两元促销/台州专供二期', 'sap_code': '20002116', 'code': 'GC000051', 'desc': '非箱内码促销纸皮'}, {'id': 52, 'name': '纸皮/普通型/250ML/24/30周年广东二期箱内码', 'sap_code': '20002166', 'code': 'GC000052', 'desc': '箱内码促销纸皮'}, {'id': 53, 'name': '纸皮/普通型/250ML/24/30周年普通箱内码二期/2025', 'sap_code': '20002167', 'code': 'GC000053', 'desc': '箱内码促销纸皮'}]",纸皮,包材,红牛,,,YC00000008,位置②长度,是,到货检测,,储运部,品管部,定量,初检,150000,等于,张,,3,张,是,3,张,直尺,94±1,,mm,93.0000,95.0000,,1,复检,每次到货每3万张随机抽检3张，不足3万张按照3万张标准进行抽样检测。用直尺测量图示中相应位置尺寸。,若有不合格，取同一检测单元9张进行复检。,,2025-01-01,9999-12-31
288,,HWBT0298,001,禁用,Q/RW-TS-001-2023,"[{'id': 21, 'name': '纸皮/普通型/250ml', 'sap_code': '20000023', 'code': 'GC000021', 'desc': '普通型纸皮'}, {'id': 44, 'name': '纸皮/普通型/250ML/24/30周年版', 'sap_code': '20002030', 'code': 'GC000044', 'desc': '普通型纸皮'}, {'id': 46, 'name': '纸皮/普通型/250ML/30周年版/六罐装/包装', 'sap_code': '20002031', 'code': 'GC000046', 'desc': '六罐装纸皮'}, {'id': 48, 'name': '纸皮/强化型/250ml/蓝色/30周年版', 'sap_code': '20002033', 'code': 'GC000048', 'desc': '强化型纸皮'}, {'id': 50, 'name': '纸皮/普通型/250ML/24/2025新疆专供', 'sap_code': '20002076', 'code': 'GC000050', 'desc': '普通型纸皮'}, {'id': 51, 'name': '纸皮/普通型/250ML/24/30周年版/两元促销/台州专供二期', 'sap_code': '20002116', 'code': 'GC000051', 'desc': '非箱内码促销纸皮'}, {'id': 52, 'name': '纸皮/普通型/250ML/24/30周年广东二期箱内码', 'sap_code': '20002166', 'code': 'GC000052', 'desc': '箱内码促销纸皮'}, {'id': 53, 'name': '纸皮/普通型/250ML/24/30周年普通箱内码二期/2025', 'sap_code': '20002167', 'code': 'GC000053', 'desc': '箱内码促销纸皮'}]",纸皮,包材,红牛,,,YC00000008,位置②长度,是,到货检测,,储运部,品管部,定量,初检,150000,等于,张,,3,张,是,3,张,直尺,135±2,,mm,133.0000,137.0000,,1,复检,每次到货每3万张随机抽检3张，不足3万张按照3万张标准进行抽样检测。用直尺测量图示中相应位置尺寸。,若有不合格，取同一检测单元9张进行复检。,,2025-01-01,9999-12-31
289,,HWBT0299,001,禁用,Q/RW-TS-001-2023,"[{'id': 21, 'name': '纸皮/普通型/250ml', 'sap_code': '20000023', 'code': 'GC000021', 'desc': '普通型纸皮'}, {'id': 44, 'name': '纸皮/普通型/250ML/24/30周年版', 'sap_code': '20002030', 'code': 'GC000044', 'desc': '普通型纸皮'}, {'id': 46, 'name': '纸皮/普通型/250ML/30周年版/六罐装/包装', 'sap_code': '20002031', 'code': 'GC000046', 'desc': '六罐装纸皮'}, {'id': 48, 'name': '纸皮/强化型/250ml/蓝色/30周年版', 'sap_code': '20002033', 'code': 'GC000048', 'desc': '强化型纸皮'}, {'id': 50, 'name': '纸皮/普通型/250ML/24/2025新疆专供', 'sap_code': '20002076', 'code': 'GC000050', 'desc': '普通型纸皮'}, {'id': 51, 'name': '纸皮/普通型/250ML/24/30周年版/两元促销/台州专供二期', 'sap_code': '20002116', 'code': 'GC000051', 'desc': '非箱内码促销纸皮'}, {'id': 52, 'name': '纸皮/普通型/250ML/24/30周年广东二期箱内码', 'sap_code': '20002166', 'code': 'GC000052', 'desc': '箱内码促销纸皮'}, {'id': 53, 'name': '纸皮/普通型/250ML/24/30周年普通箱内码二期/2025', 'sap_code': '20002167', 'code': 'GC000053', 'desc': '箱内码促销纸皮'}]",纸皮,包材,红牛,8886,红牛维他命饮料（江苏）有限公司,YC00000008,位置②长度,是,到货检测,,储运部,品管部,定量,初检,150000,等于,张,,3,张,是,3,张,直尺,94±1,,mm,93.0000,95.0000,,1,复检,每次到货每3万张随机抽检3张，不足3万张按照3万张标准进行抽样检测。用直尺测量图示中相应位置尺寸。,若有不合格，取同一检测单元9张进行复检。,,2025-01-01,9999-12-31
290,,HWBT0300,001,禁用,Q/RW-TS-001-2023,"[{'id': 21, 'name': '纸皮/普通型/250ml', 'sap_code': '20000023', 'code': 'GC000021', 'desc': '普通型纸皮'}, {'id': 44, 'name': '纸皮/普通型/250ML/24/30周年版', 'sap_code': '20002030', 'code': 'GC000044', 'desc': '普通型纸皮'}, {'id': 46, 'name': '纸皮/普通型/250ML/30周年版/六罐装/包装', 'sap_code': '20002031', 'code': 'GC000046', 'desc': '六罐装纸皮'}, {'id': 48, 'name': '纸皮/强化型/250ml/蓝色/30周年版', 'sap_code': '20002033', 'code': 'GC000048', 'desc': '强化型纸皮'}, {'id': 50, 'name': '纸皮/普通型/250ML/24/2025新疆专供', 'sap_code': '20002076', 'code': 'GC000050', 'desc': '普通型纸皮'}, {'id': 51, 'name': '纸皮/普通型/250ML/24/30周年版/两元促销/台州专供二期', 'sap_code': '20002116', 'code': 'GC000051', 'desc': '非箱内码促销纸皮'}, {'id': 52, 'name': '纸皮/普通型/250ML/24/30周年广东二期箱内码', 'sap_code': '20002166', 'code': 'GC000052', 'desc': '箱内码促销纸皮'}, {'id': 53, 'name': '纸皮/普通型/250ML/24/30周年普通箱内码二期/2025', 'sap_code': '20002167', 'code': 'GC000053', 'desc': '箱内码促销纸皮'}]",纸皮,包材,红牛,8885,广东红牛维他命饮料有限公司,YC00000008,位置②长度,是,到货检测,,储运部,品管部,定量,初检,150000,等于,张,,3,张,是,3,张,直尺,96±2,,mm,94.0000,98.0000,,1,复检,每次到货每3万张随机抽检3张，不足3万张按照3万张标准进行抽样检测。用直尺测量图示中相应位置尺寸。,若有不合格，取同一检测单元9张进行复检。,,2025-01-01,9999-12-31
291,,HWBT0301,001,禁用,Q/RW-TS-001-2023,"[{'id': 21, 'name': '纸皮/普通型/250ml', 'sap_code': '20000023', 'code': 'GC000021', 'desc': '普通型纸皮'}, {'id': 44, 'name': '纸皮/普通型/250ML/24/30周年版', 'sap_code': '20002030', 'code': 'GC000044', 'desc': '普通型纸皮'}, {'id': 46, 'name': '纸皮/普通型/250ML/30周年版/六罐装/包装', 'sap_code': '20002031', 'code': 'GC000046', 'desc': '六罐装纸皮'}, {'id': 48, 'name': '纸皮/强化型/250ml/蓝色/30周年版', 'sap_code': '20002033', 'code': 'GC000048', 'desc': '强化型纸皮'}, {'id': 50, 'name': '纸皮/普通型/250ML/24/2025新疆专供', 'sap_code': '20002076', 'code': 'GC000050', 'desc': '普通型纸皮'}, {'id': 51, 'name': '纸皮/普通型/250ML/24/30周年版/两元促销/台州专供二期', 'sap_code': '20002116', 'code': 'GC000051', 'desc': '非箱内码促销纸皮'}, {'id': 52, 'name': '纸皮/普通型/250ML/24/30周年广东二期箱内码', 'sap_code': '20002166', 'code': 'GC000052', 'desc': '箱内码促销纸皮'}, {'id': 53, 'name': '纸皮/普通型/250ML/24/30周年普通箱内码二期/2025', 'sap_code': '20002167', 'code': 'GC000053', 'desc': '箱内码促销纸皮'}]",纸皮,包材,红牛,8880,红牛维他命饮料有限公司,YC00000008,位置②长度,是,到货检测,,储运部,品管部,定量,初检,150000,等于,张,,3,张,是,3,张,直尺,96±2,,mm,94.0000,98.0000,,1,复检,每次到货每3万张随机抽检3张，不足3万张按照3万张标准进行抽样检测。用直尺测量图示中相应位置尺寸。,若有不合格，取同一检测单元9张进行复检。,,2025-01-01,9999-12-31
292,,HWBT0302,001,禁用,Q/RW-TS-001-2023,"[{'id': 21, 'name': '纸皮/普通型/250ml', 'sap_code': '20000023', 'code': 'GC000021', 'desc': '普通型纸皮'}, {'id': 44, 'name': '纸皮/普通型/250ML/24/30周年版', 'sap_code': '20002030', 'code': 'GC000044', 'desc': '普通型纸皮'}, {'id': 46, 'name': '纸皮/普通型/250ML/30周年版/六罐装/包装', 'sap_code': '20002031', 'code': 'GC000046', 'desc': '六罐装纸皮'}, {'id': 48, 'name': '纸皮/强化型/250ml/蓝色/30周年版', 'sap_code': '20002033', 'code': 'GC000048', 'desc': '强化型纸皮'}, {'id': 50, 'name': '纸皮/普通型/250ML/24/2025新疆专供', 'sap_code': '20002076', 'code': 'GC000050', 'desc': '普通型纸皮'}, {'id': 51, 'name': '纸皮/普通型/250ML/24/30周年版/两元促销/台州专供二期', 'sap_code': '20002116', 'code': 'GC000051', 'desc': '非箱内码促销纸皮'}, {'id': 52, 'name': '纸皮/普通型/250ML/24/30周年广东二期箱内码', 'sap_code': '20002166', 'code': 'GC000052', 'desc': '箱内码促销纸皮'}, {'id': 53, 'name': '纸皮/普通型/250ML/24/30周年普通箱内码二期/2025', 'sap_code': '20002167', 'code': 'GC000053', 'desc': '箱内码促销纸皮'}]",纸皮,包材,红牛,8883,红牛维他命饮料（湖北）有限公司,YC00000008,位置②长度,是,到货检测,,储运部,品管部,定量,初检,150000,等于,张,,3,张,是,3,张,直尺,96±2,,mm,94.0000,98.0000,,1,复检,每次到货每3万张随机抽检3张，不足3万张按照3万张标准进行抽样检测。用直尺测量图示中相应位置尺寸。,若有不合格，取同一检测单元9张进行复检。,,2025-01-01,9999-12-31
293,,HWBT0303,001,禁用,Q/RW-TS-001-2023,"[{'id': 21, 'name': '纸皮/普通型/250ml', 'sap_code': '20000023', 'code': 'GC000021', 'desc': '普通型纸皮'}, {'id': 44, 'name': '纸皮/普通型/250ML/24/30周年版', 'sap_code': '20002030', 'code': 'GC000044', 'desc': '普通型纸皮'}, {'id': 46, 'name': '纸皮/普通型/250ML/30周年版/六罐装/包装', 'sap_code': '20002031', 'code': 'GC000046', 'desc': '六罐装纸皮'}, {'id': 48, 'name': '纸皮/强化型/250ml/蓝色/30周年版', 'sap_code': '20002033', 'code': 'GC000048', 'desc': '强化型纸皮'}, {'id': 50, 'name': '纸皮/普通型/250ML/24/2025新疆专供', 'sap_code': '20002076', 'code': 'GC000050', 'desc': '普通型纸皮'}, {'id': 51, 'name': '纸皮/普通型/250ML/24/30周年版/两元促销/台州专供二期', 'sap_code': '20002116', 'code': 'GC000051', 'desc': '非箱内码促销纸皮'}, {'id': 52, 'name': '纸皮/普通型/250ML/24/30周年广东二期箱内码', 'sap_code': '20002166', 'code': 'GC000052', 'desc': '箱内码促销纸皮'}, {'id': 53, 'name': '纸皮/普通型/250ML/24/30周年普通箱内码二期/2025', 'sap_code': '20002167', 'code': 'GC000053', 'desc': '箱内码促销纸皮'}]",纸皮,包材,红牛,,,YF00000026,位置②长度,是,到货检测,,储运部,品管部,定量,复检,150000,大于等于,张,,9,张,是,9,张,直尺,94±1,,mm,93.0000,95.0000,,1,不合格,从初检问题检测单元中取9张进行复检。,若仍有不合格，则判定该批次检测不合格。,,2025-01-01,9999-12-31
294,,HWBT0304,001,禁用,Q/RW-TS-001-2023,"[{'id': 21, 'name': '纸皮/普通型/250ml', 'sap_code': '20000023', 'code': 'GC000021', 'desc': '普通型纸皮'}, {'id': 44, 'name': '纸皮/普通型/250ML/24/30周年版', 'sap_code': '20002030', 'code': 'GC000044', 'desc': '普通型纸皮'}, {'id': 46, 'name': '纸皮/普通型/250ML/30周年版/六罐装/包装', 'sap_code': '20002031', 'code': 'GC000046', 'desc': '六罐装纸皮'}, {'id': 48, 'name': '纸皮/强化型/250ml/蓝色/30周年版', 'sap_code': '20002033', 'code': 'GC000048', 'desc': '强化型纸皮'}, {'id': 50, 'name': '纸皮/普通型/250ML/24/2025新疆专供', 'sap_code': '20002076', 'code': 'GC000050', 'desc': '普通型纸皮'}, {'id': 51, 'name': '纸皮/普通型/250ML/24/30周年版/两元促销/台州专供二期', 'sap_code': '20002116', 'code': 'GC000051', 'desc': '非箱内码促销纸皮'}, {'id': 52, 'name': '纸皮/普通型/250ML/24/30周年广东二期箱内码', 'sap_code': '20002166', 'code': 'GC000052', 'desc': '箱内码促销纸皮'}, {'id': 53, 'name': '纸皮/普通型/250ML/24/30周年普通箱内码二期/2025', 'sap_code': '20002167', 'code': 'GC000053', 'desc': '箱内码促销纸皮'}]",纸皮,包材,红牛,,,YF00000026,位置②长度,是,到货检测,,储运部,品管部,定量,复检,150000,大于等于,张,,9,张,是,9,张,直尺,94±1,,mm,93.0000,95.0000,,1,不合格,从初检问题检测单元中取9张进行复检。,若仍有不合格，则判定该批次检测不合格。,,2025-01-01,9999-12-31
295,,HWBT0305,001,禁用,Q/RW-TS-001-2023,"[{'id': 21, 'name': '纸皮/普通型/250ml', 'sap_code': '20000023', 'code': 'GC000021', 'desc': '普通型纸皮'}, {'id': 44, 'name': '纸皮/普通型/250ML/24/30周年版', 'sap_code': '20002030', 'code': 'GC000044', 'desc': '普通型纸皮'}, {'id': 46, 'name': '纸皮/普通型/250ML/30周年版/六罐装/包装', 'sap_code': '20002031', 'code': 'GC000046', 'desc': '六罐装纸皮'}, {'id': 48, 'name': '纸皮/强化型/250ml/蓝色/30周年版', 'sap_code': '20002033', 'code': 'GC000048', 'desc': '强化型纸皮'}, {'id': 50, 'name': '纸皮/普通型/250ML/24/2025新疆专供', 'sap_code': '20002076', 'code': 'GC000050', 'desc': '普通型纸皮'}, {'id': 51, 'name': '纸皮/普通型/250ML/24/30周年版/两元促销/台州专供二期', 'sap_code': '20002116', 'code': 'GC000051', 'desc': '非箱内码促销纸皮'}, {'id': 52, 'name': '纸皮/普通型/250ML/24/30周年广东二期箱内码', 'sap_code': '20002166', 'code': 'GC000052', 'desc': '箱内码促销纸皮'}, {'id': 53, 'name': '纸皮/普通型/250ML/24/30周年普通箱内码二期/2025', 'sap_code': '20002167', 'code': 'GC000053', 'desc': '箱内码促销纸皮'}]",纸皮,包材,红牛,,,YF00000026,位置②长度,是,到货检测,,储运部,品管部,定量,复检,150000,大于等于,张,,9,张,是,9,张,直尺,94±1,,mm,93.0000,95.0000,,1,不合格,从初检问题检测单元中取9张进行复检。,若仍有不合格，则判定该批次检测不合格。,,2025-01-01,9999-12-31
296,,HWBT0306,001,禁用,Q/RW-TS-001-2023,"[{'id': 21, 'name': '纸皮/普通型/250ml', 'sap_code': '20000023', 'code': 'GC000021', 'desc': '普通型纸皮'}, {'id': 44, 'name': '纸皮/普通型/250ML/24/30周年版', 'sap_code': '20002030', 'code': 'GC000044', 'desc': '普通型纸皮'}, {'id': 46, 'name': '纸皮/普通型/250ML/30周年版/六罐装/包装', 'sap_code': '20002031', 'code': 'GC000046', 'desc': '六罐装纸皮'}, {'id': 48, 'name': '纸皮/强化型/250ml/蓝色/30周年版', 'sap_code': '20002033', 'code': 'GC000048', 'desc': '强化型纸皮'}, {'id': 50, 'name': '纸皮/普通型/250ML/24/2025新疆专供', 'sap_code': '20002076', 'code': 'GC000050', 'desc': '普通型纸皮'}, {'id': 51, 'name': '纸皮/普通型/250ML/24/30周年版/两元促销/台州专供二期', 'sap_code': '20002116', 'code': 'GC000051', 'desc': '非箱内码促销纸皮'}, {'id': 52, 'name': '纸皮/普通型/250ML/24/30周年广东二期箱内码', 'sap_code': '20002166', 'code': 'GC000052', 'desc': '箱内码促销纸皮'}, {'id': 53, 'name': '纸皮/普通型/250ML/24/30周年普通箱内码二期/2025', 'sap_code': '20002167', 'code': 'GC000053', 'desc': '箱内码促销纸皮'}]",纸皮,包材,红牛,,,YF00000026,位置②长度,是,到货检测,,储运部,品管部,定量,复检,150000,大于等于,张,,9,张,是,9,张,直尺,135±2,,mm,133.0000,137.0000,,1,不合格,从初检问题检测单元中取9张进行复检。,若仍有不合格，则判定该批次检测不合格。,,2025-01-01,9999-12-31
297,,HWBT0307,001,禁用,Q/RW-TS-001-2023,"[{'id': 21, 'name': '纸皮/普通型/250ml', 'sap_code': '20000023', 'code': 'GC000021', 'desc': '普通型纸皮'}, {'id': 44, 'name': '纸皮/普通型/250ML/24/30周年版', 'sap_code': '20002030', 'code': 'GC000044', 'desc': '普通型纸皮'}, {'id': 46, 'name': '纸皮/普通型/250ML/30周年版/六罐装/包装', 'sap_code': '20002031', 'code': 'GC000046', 'desc': '六罐装纸皮'}, {'id': 48, 'name': '纸皮/强化型/250ml/蓝色/30周年版', 'sap_code': '20002033', 'code': 'GC000048', 'desc': '强化型纸皮'}, {'id': 50, 'name': '纸皮/普通型/250ML/24/2025新疆专供', 'sap_code': '20002076', 'code': 'GC000050', 'desc': '普通型纸皮'}, {'id': 51, 'name': '纸皮/普通型/250ML/24/30周年版/两元促销/台州专供二期', 'sap_code': '20002116', 'code': 'GC000051', 'desc': '非箱内码促销纸皮'}, {'id': 52, 'name': '纸皮/普通型/250ML/24/30周年广东二期箱内码', 'sap_code': '20002166', 'code': 'GC000052', 'desc': '箱内码促销纸皮'}, {'id': 53, 'name': '纸皮/普通型/250ML/24/30周年普通箱内码二期/2025', 'sap_code': '20002167', 'code': 'GC000053', 'desc': '箱内码促销纸皮'}]",纸皮,包材,红牛,8886,红牛维他命饮料（江苏）有限公司,YF00000026,位置②长度,是,到货检测,,储运部,品管部,定量,复检,150000,大于等于,张,,9,张,是,9,张,直尺,94±1,,mm,93.0000,95.0000,,1,不合格,从初检问题检测单元中取9张进行复检。,若仍有不合格，则判定该批次检测不合格。,,2025-01-01,9999-12-31
298,,HWBT0308,001,禁用,Q/RW-TS-001-2023,"[{'id': 21, 'name': '纸皮/普通型/250ml', 'sap_code': '20000023', 'code': 'GC000021', 'desc': '普通型纸皮'}, {'id': 44, 'name': '纸皮/普通型/250ML/24/30周年版', 'sap_code': '20002030', 'code': 'GC000044', 'desc': '普通型纸皮'}, {'id': 46, 'name': '纸皮/普通型/250ML/30周年版/六罐装/包装', 'sap_code': '20002031', 'code': 'GC000046', 'desc': '六罐装纸皮'}, {'id': 48, 'name': '纸皮/强化型/250ml/蓝色/30周年版', 'sap_code': '20002033', 'code': 'GC000048', 'desc': '强化型纸皮'}, {'id': 50, 'name': '纸皮/普通型/250ML/24/2025新疆专供', 'sap_code': '20002076', 'code': 'GC000050', 'desc': '普通型纸皮'}, {'id': 51, 'name': '纸皮/普通型/250ML/24/30周年版/两元促销/台州专供二期', 'sap_code': '20002116', 'code': 'GC000051', 'desc': '非箱内码促销纸皮'}, {'id': 52, 'name': '纸皮/普通型/250ML/24/30周年广东二期箱内码', 'sap_code': '20002166', 'code': 'GC000052', 'desc': '箱内码促销纸皮'}, {'id': 53, 'name': '纸皮/普通型/250ML/24/30周年普通箱内码二期/2025', 'sap_code': '20002167', 'code': 'GC000053', 'desc': '箱内码促销纸皮'}]",纸皮,包材,红牛,8885,广东红牛维他命饮料有限公司,YF00000026,位置②长度,是,到货检测,,储运部,品管部,定量,复检,150000,大于等于,张,,9,张,是,9,张,直尺,96±2,,mm,94.0000,98.0000,,1,不合格,从初检问题检测单元中取9张进行复检。,若仍有不合格，则判定该批次检测不合格。,,2025-01-01,9999-12-31
299,,HWBT0309,001,禁用,Q/RW-TS-001-2023,"[{'id': 21, 'name': '纸皮/普通型/250ml', 'sap_code': '20000023', 'code': 'GC000021', 'desc': '普通型纸皮'}, {'id': 44, 'name': '纸皮/普通型/250ML/24/30周年版', 'sap_code': '20002030', 'code': 'GC000044', 'desc': '普通型纸皮'}, {'id': 46, 'name': '纸皮/普通型/250ML/30周年版/六罐装/包装', 'sap_code': '20002031', 'code': 'GC000046', 'desc': '六罐装纸皮'}, {'id': 48, 'name': '纸皮/强化型/250ml/蓝色/30周年版', 'sap_code': '20002033', 'code': 'GC000048', 'desc': '强化型纸皮'}, {'id': 50, 'name': '纸皮/普通型/250ML/24/2025新疆专供', 'sap_code': '20002076', 'code': 'GC000050', 'desc': '普通型纸皮'}, {'id': 51, 'name': '纸皮/普通型/250ML/24/30周年版/两元促销/台州专供二期', 'sap_code': '20002116', 'code': 'GC000051', 'desc': '非箱内码促销纸皮'}, {'id': 52, 'name': '纸皮/普通型/250ML/24/30周年广东二期箱内码', 'sap_code': '20002166', 'code': 'GC000052', 'desc': '箱内码促销纸皮'}, {'id': 53, 'name': '纸皮/普通型/250ML/24/30周年普通箱内码二期/2025', 'sap_code': '20002167', 'code': 'GC000053', 'desc': '箱内码促销纸皮'}]",纸皮,包材,红牛,8880,红牛维他命饮料有限公司,YF00000026,位置②长度,是,到货检测,,储运部,品管部,定量,复检,150000,大于等于,张,,9,张,是,9,张,直尺,96±2,,mm,94.0000,98.0000,,1,不合格,从初检问题检测单元中取9张进行复检。,若仍有不合格，则判定该批次检测不合格。,,2025-01-01,9999-12-31
300,,HWBT0310,001,禁用,Q/RW-TS-001-2023,"[{'id': 21, 'name': '纸皮/普通型/250ml', 'sap_code': '20000023', 'code': 'GC000021', 'desc': '普通型纸皮'}, {'id': 44, 'name': '纸皮/普通型/250ML/24/30周年版', 'sap_code': '20002030', 'code': 'GC000044', 'desc': '普通型纸皮'}, {'id': 46, 'name': '纸皮/普通型/250ML/30周年版/六罐装/包装', 'sap_code': '20002031', 'code': 'GC000046', 'desc': '六罐装纸皮'}, {'id': 48, 'name': '纸皮/强化型/250ml/蓝色/30周年版', 'sap_code': '20002033', 'code': 'GC000048', 'desc': '强化型纸皮'}, {'id': 50, 'name': '纸皮/普通型/250ML/24/2025新疆专供', 'sap_code': '20002076', 'code': 'GC000050', 'desc': '普通型纸皮'}, {'id': 51, 'name': '纸皮/普通型/250ML/24/30周年版/两元促销/台州专供二期', 'sap_code': '20002116', 'code': 'GC000051', 'desc': '非箱内码促销纸皮'}, {'id': 52, 'name': '纸皮/普通型/250ML/24/30周年广东二期箱内码', 'sap_code': '20002166', 'code': 'GC000052', 'desc': '箱内码促销纸皮'}, {'id': 53, 'name': '纸皮/普通型/250ML/24/30周年普通箱内码二期/2025', 'sap_code': '20002167', 'code': 'GC000053', 'desc': '箱内码促销纸皮'}]",纸皮,包材,红牛,8883,红牛维他命饮料（湖北）有限公司,YF00000026,位置②长度,是,到货检测,,储运部,品管部,定量,复检,150000,大于等于,张,,9,张,是,9,张,直尺,96±2,,mm,94.0000,98.0000,,1,不合格,从初检问题检测单元中取9张进行复检。,若仍有不合格，则判定该批次检测不合格。,,2025-01-01,9999-12-31
301,,HWBT0311,001,禁用,Q/RW-TS-001-2023,"[{'id': 21, 'name': '纸皮/普通型/250ml', 'sap_code': '20000023', 'code': 'GC000021', 'desc': '普通型纸皮'}, {'id': 44, 'name': '纸皮/普通型/250ML/24/30周年版', 'sap_code': '20002030', 'code': 'GC000044', 'desc': '普通型纸皮'}, {'id': 46, 'name': '纸皮/普通型/250ML/30周年版/六罐装/包装', 'sap_code': '20002031', 'code': 'GC000046', 'desc': '六罐装纸皮'}, {'id': 48, 'name': '纸皮/强化型/250ml/蓝色/30周年版', 'sap_code': '20002033', 'code': 'GC000048', 'desc': '强化型纸皮'}, {'id': 50, 'name': '纸皮/普通型/250ML/24/2025新疆专供', 'sap_code': '20002076', 'code': 'GC000050', 'desc': '普通型纸皮'}, {'id': 51, 'name': '纸皮/普通型/250ML/24/30周年版/两元促销/台州专供二期', 'sap_code': '20002116', 'code': 'GC000051', 'desc': '非箱内码促销纸皮'}, {'id': 52, 'name': '纸皮/普通型/250ML/24/30周年广东二期箱内码', 'sap_code': '20002166', 'code': 'GC000052', 'desc': '箱内码促销纸皮'}, {'id': 53, 'name': '纸皮/普通型/250ML/24/30周年普通箱内码二期/2025', 'sap_code': '20002167', 'code': 'GC000053', 'desc': '箱内码促销纸皮'}]",纸皮,包材,红牛,,,YC00000008,位置③长度,是,到货检测,,储运部,品管部,定量,初检,150000,等于,张,,3,张,是,3,张,直尺,267±1,,mm,266.0000,268.0000,,1,复检,每次到货每3万张随机抽检3张，不足3万张按照3万张标准进行抽样检测。用直尺测量图示中相应位置尺寸。,若有不合格，取同一检测单元9张进行复检。,,2025-01-01,9999-12-31
302,,HWBT0312,001,禁用,Q/RW-TS-001-2023,"[{'id': 21, 'name': '纸皮/普通型/250ml', 'sap_code': '20000023', 'code': 'GC000021', 'desc': '普通型纸皮'}, {'id': 44, 'name': '纸皮/普通型/250ML/24/30周年版', 'sap_code': '20002030', 'code': 'GC000044', 'desc': '普通型纸皮'}, {'id': 46, 'name': '纸皮/普通型/250ML/30周年版/六罐装/包装', 'sap_code': '20002031', 'code': 'GC000046', 'desc': '六罐装纸皮'}, {'id': 48, 'name': '纸皮/强化型/250ml/蓝色/30周年版', 'sap_code': '20002033', 'code': 'GC000048', 'desc': '强化型纸皮'}, {'id': 50, 'name': '纸皮/普通型/250ML/24/2025新疆专供', 'sap_code': '20002076', 'code': 'GC000050', 'desc': '普通型纸皮'}, {'id': 51, 'name': '纸皮/普通型/250ML/24/30周年版/两元促销/台州专供二期', 'sap_code': '20002116', 'code': 'GC000051', 'desc': '非箱内码促销纸皮'}, {'id': 52, 'name': '纸皮/普通型/250ML/24/30周年广东二期箱内码', 'sap_code': '20002166', 'code': 'GC000052', 'desc': '箱内码促销纸皮'}, {'id': 53, 'name': '纸皮/普通型/250ML/24/30周年普通箱内码二期/2025', 'sap_code': '20002167', 'code': 'GC000053', 'desc': '箱内码促销纸皮'}]",纸皮,包材,红牛,,,YC00000008,位置③长度,是,到货检测,,储运部,品管部,定量,初检,150000,等于,张,,3,张,是,3,张,直尺,267±1,,mm,266.0000,268.0000,,1,复检,每次到货每3万张随机抽检3张，不足3万张按照3万张标准进行抽样检测。用直尺测量图示中相应位置尺寸。,若有不合格，取同一检测单元9张进行复检。,,2025-01-01,9999-12-31
303,,HWBT0313,001,禁用,Q/RW-TS-001-2023,"[{'id': 21, 'name': '纸皮/普通型/250ml', 'sap_code': '20000023', 'code': 'GC000021', 'desc': '普通型纸皮'}, {'id': 44, 'name': '纸皮/普通型/250ML/24/30周年版', 'sap_code': '20002030', 'code': 'GC000044', 'desc': '普通型纸皮'}, {'id': 46, 'name': '纸皮/普通型/250ML/30周年版/六罐装/包装', 'sap_code': '20002031', 'code': 'GC000046', 'desc': '六罐装纸皮'}, {'id': 48, 'name': '纸皮/强化型/250ml/蓝色/30周年版', 'sap_code': '20002033', 'code': 'GC000048', 'desc': '强化型纸皮'}, {'id': 50, 'name': '纸皮/普通型/250ML/24/2025新疆专供', 'sap_code': '20002076', 'code': 'GC000050', 'desc': '普通型纸皮'}, {'id': 51, 'name': '纸皮/普通型/250ML/24/30周年版/两元促销/台州专供二期', 'sap_code': '20002116', 'code': 'GC000051', 'desc': '非箱内码促销纸皮'}, {'id': 52, 'name': '纸皮/普通型/250ML/24/30周年广东二期箱内码', 'sap_code': '20002166', 'code': 'GC000052', 'desc': '箱内码促销纸皮'}, {'id': 53, 'name': '纸皮/普通型/250ML/24/30周年普通箱内码二期/2025', 'sap_code': '20002167', 'code': 'GC000053', 'desc': '箱内码促销纸皮'}]",纸皮,包材,红牛,,,YC00000008,位置③长度,是,到货检测,,储运部,品管部,定量,初检,150000,等于,张,,3,张,是,3,张,直尺,267±1,,mm,266.0000,268.0000,,1,复检,每次到货每3万张随机抽检3张，不足3万张按照3万张标准进行抽样检测。用直尺测量图示中相应位置尺寸。,若有不合格，取同一检测单元9张进行复检。,,2025-01-01,9999-12-31
304,,HWBT0314,001,禁用,Q/RW-TS-001-2023,"[{'id': 21, 'name': '纸皮/普通型/250ml', 'sap_code': '20000023', 'code': 'GC000021', 'desc': '普通型纸皮'}, {'id': 44, 'name': '纸皮/普通型/250ML/24/30周年版', 'sap_code': '20002030', 'code': 'GC000044', 'desc': '普通型纸皮'}, {'id': 46, 'name': '纸皮/普通型/250ML/30周年版/六罐装/包装', 'sap_code': '20002031', 'code': 'GC000046', 'desc': '六罐装纸皮'}, {'id': 48, 'name': '纸皮/强化型/250ml/蓝色/30周年版', 'sap_code': '20002033', 'code': 'GC000048', 'desc': '强化型纸皮'}, {'id': 50, 'name': '纸皮/普通型/250ML/24/2025新疆专供', 'sap_code': '20002076', 'code': 'GC000050', 'desc': '普通型纸皮'}, {'id': 51, 'name': '纸皮/普通型/250ML/24/30周年版/两元促销/台州专供二期', 'sap_code': '20002116', 'code': 'GC000051', 'desc': '非箱内码促销纸皮'}, {'id': 52, 'name': '纸皮/普通型/250ML/24/30周年广东二期箱内码', 'sap_code': '20002166', 'code': 'GC000052', 'desc': '箱内码促销纸皮'}, {'id': 53, 'name': '纸皮/普通型/250ML/24/30周年普通箱内码二期/2025', 'sap_code': '20002167', 'code': 'GC000053', 'desc': '箱内码促销纸皮'}]",纸皮,包材,红牛,,,YC00000008,位置③长度,是,到货检测,,储运部,品管部,定量,初检,150000,等于,张,,3,张,是,3,张,直尺,214±2,,mm,212.0000,216.0000,,1,复检,每次到货每3万张随机抽检3张，不足3万张按照3万张标准进行抽样检测。用直尺测量图示中相应位置尺寸。,若有不合格，取同一检测单元9张进行复检。,,2025-01-01,9999-12-31
305,,HWBT0315,001,禁用,Q/RW-TS-001-2023,"[{'id': 21, 'name': '纸皮/普通型/250ml', 'sap_code': '20000023', 'code': 'GC000021', 'desc': '普通型纸皮'}, {'id': 44, 'name': '纸皮/普通型/250ML/24/30周年版', 'sap_code': '20002030', 'code': 'GC000044', 'desc': '普通型纸皮'}, {'id': 46, 'name': '纸皮/普通型/250ML/30周年版/六罐装/包装', 'sap_code': '20002031', 'code': 'GC000046', 'desc': '六罐装纸皮'}, {'id': 48, 'name': '纸皮/强化型/250ml/蓝色/30周年版', 'sap_code': '20002033', 'code': 'GC000048', 'desc': '强化型纸皮'}, {'id': 50, 'name': '纸皮/普通型/250ML/24/2025新疆专供', 'sap_code': '20002076', 'code': 'GC000050', 'desc': '普通型纸皮'}, {'id': 51, 'name': '纸皮/普通型/250ML/24/30周年版/两元促销/台州专供二期', 'sap_code': '20002116', 'code': 'GC000051', 'desc': '非箱内码促销纸皮'}, {'id': 52, 'name': '纸皮/普通型/250ML/24/30周年广东二期箱内码', 'sap_code': '20002166', 'code': 'GC000052', 'desc': '箱内码促销纸皮'}, {'id': 53, 'name': '纸皮/普通型/250ML/24/30周年普通箱内码二期/2025', 'sap_code': '20002167', 'code': 'GC000053', 'desc': '箱内码促销纸皮'}]",纸皮,包材,红牛,8886,红牛维他命饮料（江苏）有限公司,YC00000008,位置③长度,是,到货检测,,储运部,品管部,定量,初检,150000,等于,张,,3,张,是,3,张,直尺,267±1,,mm,266.0000,268.0000,,1,复检,每次到货每3万张随机抽检3张，不足3万张按照3万张标准进行抽样检测。用直尺测量图示中相应位置尺寸。,若有不合格，取同一检测单元9张进行复检。,,2025-01-01,9999-12-31
306,,HWBT0316,001,禁用,Q/RW-TS-001-2023,"[{'id': 21, 'name': '纸皮/普通型/250ml', 'sap_code': '20000023', 'code': 'GC000021', 'desc': '普通型纸皮'}, {'id': 44, 'name': '纸皮/普通型/250ML/24/30周年版', 'sap_code': '20002030', 'code': 'GC000044', 'desc': '普通型纸皮'}, {'id': 46, 'name': '纸皮/普通型/250ML/30周年版/六罐装/包装', 'sap_code': '20002031', 'code': 'GC000046', 'desc': '六罐装纸皮'}, {'id': 48, 'name': '纸皮/强化型/250ml/蓝色/30周年版', 'sap_code': '20002033', 'code': 'GC000048', 'desc': '强化型纸皮'}, {'id': 50, 'name': '纸皮/普通型/250ML/24/2025新疆专供', 'sap_code': '20002076', 'code': 'GC000050', 'desc': '普通型纸皮'}, {'id': 51, 'name': '纸皮/普通型/250ML/24/30周年版/两元促销/台州专供二期', 'sap_code': '20002116', 'code': 'GC000051', 'desc': '非箱内码促销纸皮'}, {'id': 52, 'name': '纸皮/普通型/250ML/24/30周年广东二期箱内码', 'sap_code': '20002166', 'code': 'GC000052', 'desc': '箱内码促销纸皮'}, {'id': 53, 'name': '纸皮/普通型/250ML/24/30周年普通箱内码二期/2025', 'sap_code': '20002167', 'code': 'GC000053', 'desc': '箱内码促销纸皮'}]",纸皮,包材,红牛,8885,广东红牛维他命饮料有限公司,YC00000008,位置③长度,是,到货检测,,储运部,品管部,定量,初检,150000,等于,张,,3,张,是,3,张,直尺,272±2,,mm,270.0000,274.0000,,1,复检,每次到货每3万张随机抽检3张，不足3万张按照3万张标准进行抽样检测。用直尺测量图示中相应位置尺寸。,若有不合格，取同一检测单元9张进行复检。,,2025-01-01,9999-12-31
307,,HWBT0317,001,禁用,Q/RW-TS-001-2023,"[{'id': 21, 'name': '纸皮/普通型/250ml', 'sap_code': '20000023', 'code': 'GC000021', 'desc': '普通型纸皮'}, {'id': 44, 'name': '纸皮/普通型/250ML/24/30周年版', 'sap_code': '20002030', 'code': 'GC000044', 'desc': '普通型纸皮'}, {'id': 46, 'name': '纸皮/普通型/250ML/30周年版/六罐装/包装', 'sap_code': '20002031', 'code': 'GC000046', 'desc': '六罐装纸皮'}, {'id': 48, 'name': '纸皮/强化型/250ml/蓝色/30周年版', 'sap_code': '20002033', 'code': 'GC000048', 'desc': '强化型纸皮'}, {'id': 50, 'name': '纸皮/普通型/250ML/24/2025新疆专供', 'sap_code': '20002076', 'code': 'GC000050', 'desc': '普通型纸皮'}, {'id': 51, 'name': '纸皮/普通型/250ML/24/30周年版/两元促销/台州专供二期', 'sap_code': '20002116', 'code': 'GC000051', 'desc': '非箱内码促销纸皮'}, {'id': 52, 'name': '纸皮/普通型/250ML/24/30周年广东二期箱内码', 'sap_code': '20002166', 'code': 'GC000052', 'desc': '箱内码促销纸皮'}, {'id': 53, 'name': '纸皮/普通型/250ML/24/30周年普通箱内码二期/2025', 'sap_code': '20002167', 'code': 'GC000053', 'desc': '箱内码促销纸皮'}]",纸皮,包材,红牛,8880,红牛维他命饮料有限公司,YC00000008,位置③长度,是,到货检测,,储运部,品管部,定量,初检,150000,等于,张,,3,张,是,3,张,直尺,272±2,,mm,270.0000,274.0000,,1,复检,每次到货每3万张随机抽检3张，不足3万张按照3万张标准进行抽样检测。用直尺测量图示中相应位置尺寸。,若有不合格，取同一检测单元9张进行复检。,,2025-01-01,9999-12-31
308,,HWBT0318,001,禁用,Q/RW-TS-001-2023,"[{'id': 21, 'name': '纸皮/普通型/250ml', 'sap_code': '20000023', 'code': 'GC000021', 'desc': '普通型纸皮'}, {'id': 44, 'name': '纸皮/普通型/250ML/24/30周年版', 'sap_code': '20002030', 'code': 'GC000044', 'desc': '普通型纸皮'}, {'id': 46, 'name': '纸皮/普通型/250ML/30周年版/六罐装/包装', 'sap_code': '20002031', 'code': 'GC000046', 'desc': '六罐装纸皮'}, {'id': 48, 'name': '纸皮/强化型/250ml/蓝色/30周年版', 'sap_code': '20002033', 'code': 'GC000048', 'desc': '强化型纸皮'}, {'id': 50, 'name': '纸皮/普通型/250ML/24/2025新疆专供', 'sap_code': '20002076', 'code': 'GC000050', 'desc': '普通型纸皮'}, {'id': 51, 'name': '纸皮/普通型/250ML/24/30周年版/两元促销/台州专供二期', 'sap_code': '20002116', 'code': 'GC000051', 'desc': '非箱内码促销纸皮'}, {'id': 52, 'name': '纸皮/普通型/250ML/24/30周年广东二期箱内码', 'sap_code': '20002166', 'code': 'GC000052', 'desc': '箱内码促销纸皮'}, {'id': 53, 'name': '纸皮/普通型/250ML/24/30周年普通箱内码二期/2025', 'sap_code': '20002167', 'code': 'GC000053', 'desc': '箱内码促销纸皮'}]",纸皮,包材,红牛,8883,红牛维他命饮料（湖北）有限公司,YC00000008,位置③长度,是,到货检测,,储运部,品管部,定量,初检,150000,等于,张,,3,张,是,3,张,直尺,272±2,,mm,270.0000,274.0000,,1,复检,每次到货每3万张随机抽检3张，不足3万张按照3万张标准进行抽样检测。用直尺测量图示中相应位置尺寸。,若有不合格，取同一检测单元9张进行复检。,,2025-01-01,9999-12-31
309,,HWBT0319,001,禁用,Q/RW-TS-001-2023,"[{'id': 21, 'name': '纸皮/普通型/250ml', 'sap_code': '20000023', 'code': 'GC000021', 'desc': '普通型纸皮'}, {'id': 44, 'name': '纸皮/普通型/250ML/24/30周年版', 'sap_code': '20002030', 'code': 'GC000044', 'desc': '普通型纸皮'}, {'id': 46, 'name': '纸皮/普通型/250ML/30周年版/六罐装/包装', 'sap_code': '20002031', 'code': 'GC000046', 'desc': '六罐装纸皮'}, {'id': 48, 'name': '纸皮/强化型/250ml/蓝色/30周年版', 'sap_code': '20002033', 'code': 'GC000048', 'desc': '强化型纸皮'}, {'id': 50, 'name': '纸皮/普通型/250ML/24/2025新疆专供', 'sap_code': '20002076', 'code': 'GC000050', 'desc': '普通型纸皮'}, {'id': 51, 'name': '纸皮/普通型/250ML/24/30周年版/两元促销/台州专供二期', 'sap_code': '20002116', 'code': 'GC000051', 'desc': '非箱内码促销纸皮'}, {'id': 52, 'name': '纸皮/普通型/250ML/24/30周年广东二期箱内码', 'sap_code': '20002166', 'code': 'GC000052', 'desc': '箱内码促销纸皮'}, {'id': 53, 'name': '纸皮/普通型/250ML/24/30周年普通箱内码二期/2025', 'sap_code': '20002167', 'code': 'GC000053', 'desc': '箱内码促销纸皮'}]",纸皮,包材,红牛,,,YF00000026,位置③长度,是,到货检测,,储运部,品管部,定量,复检,150000,大于等于,张,,9,张,是,9,张,直尺,267±1,,mm,266.0000,268.0000,,1,不合格,从初检问题检测单元中取9张进行复检。,若仍有不合格，则判定该批次检测不合格。,,2025-01-01,9999-12-31
310,,HWBT0320,001,禁用,Q/RW-TS-001-2023,"[{'id': 21, 'name': '纸皮/普通型/250ml', 'sap_code': '20000023', 'code': 'GC000021', 'desc': '普通型纸皮'}, {'id': 44, 'name': '纸皮/普通型/250ML/24/30周年版', 'sap_code': '20002030', 'code': 'GC000044', 'desc': '普通型纸皮'}, {'id': 46, 'name': '纸皮/普通型/250ML/30周年版/六罐装/包装', 'sap_code': '20002031', 'code': 'GC000046', 'desc': '六罐装纸皮'}, {'id': 48, 'name': '纸皮/强化型/250ml/蓝色/30周年版', 'sap_code': '20002033', 'code': 'GC000048', 'desc': '强化型纸皮'}, {'id': 50, 'name': '纸皮/普通型/250ML/24/2025新疆专供', 'sap_code': '20002076', 'code': 'GC000050', 'desc': '普通型纸皮'}, {'id': 51, 'name': '纸皮/普通型/250ML/24/30周年版/两元促销/台州专供二期', 'sap_code': '20002116', 'code': 'GC000051', 'desc': '非箱内码促销纸皮'}, {'id': 52, 'name': '纸皮/普通型/250ML/24/30周年广东二期箱内码', 'sap_code': '20002166', 'code': 'GC000052', 'desc': '箱内码促销纸皮'}, {'id': 53, 'name': '纸皮/普通型/250ML/24/30周年普通箱内码二期/2025', 'sap_code': '20002167', 'code': 'GC000053', 'desc': '箱内码促销纸皮'}]",纸皮,包材,红牛,,,YF00000026,位置③长度,是,到货检测,,储运部,品管部,定量,复检,150000,大于等于,张,,9,张,是,9,张,直尺,267±1,,mm,266.0000,268.0000,,1,不合格,从初检问题检测单元中取9张进行复检。,若仍有不合格，则判定该批次检测不合格。,,2025-01-01,9999-12-31
311,,HWBT0321,001,禁用,Q/RW-TS-001-2023,"[{'id': 21, 'name': '纸皮/普通型/250ml', 'sap_code': '20000023', 'code': 'GC000021', 'desc': '普通型纸皮'}, {'id': 44, 'name': '纸皮/普通型/250ML/24/30周年版', 'sap_code': '20002030', 'code': 'GC000044', 'desc': '普通型纸皮'}, {'id': 46, 'name': '纸皮/普通型/250ML/30周年版/六罐装/包装', 'sap_code': '20002031', 'code': 'GC000046', 'desc': '六罐装纸皮'}, {'id': 48, 'name': '纸皮/强化型/250ml/蓝色/30周年版', 'sap_code': '20002033', 'code': 'GC000048', 'desc': '强化型纸皮'}, {'id': 50, 'name': '纸皮/普通型/250ML/24/2025新疆专供', 'sap_code': '20002076', 'code': 'GC000050', 'desc': '普通型纸皮'}, {'id': 51, 'name': '纸皮/普通型/250ML/24/30周年版/两元促销/台州专供二期', 'sap_code': '20002116', 'code': 'GC000051', 'desc': '非箱内码促销纸皮'}, {'id': 52, 'name': '纸皮/普通型/250ML/24/30周年广东二期箱内码', 'sap_code': '20002166', 'code': 'GC000052', 'desc': '箱内码促销纸皮'}, {'id': 53, 'name': '纸皮/普通型/250ML/24/30周年普通箱内码二期/2025', 'sap_code': '20002167', 'code': 'GC000053', 'desc': '箱内码促销纸皮'}]",纸皮,包材,红牛,,,YF00000026,位置③长度,是,到货检测,,储运部,品管部,定量,复检,150000,大于等于,张,,9,张,是,9,张,直尺,267±1,,mm,266.0000,268.0000,,1,不合格,从初检问题检测单元中取9张进行复检。,若仍有不合格，则判定该批次检测不合格。,,2025-01-01,9999-12-31
312,,HWBT0322,001,禁用,Q/RW-TS-001-2023,"[{'id': 21, 'name': '纸皮/普通型/250ml', 'sap_code': '20000023', 'code': 'GC000021', 'desc': '普通型纸皮'}, {'id': 44, 'name': '纸皮/普通型/250ML/24/30周年版', 'sap_code': '20002030', 'code': 'GC000044', 'desc': '普通型纸皮'}, {'id': 46, 'name': '纸皮/普通型/250ML/30周年版/六罐装/包装', 'sap_code': '20002031', 'code': 'GC000046', 'desc': '六罐装纸皮'}, {'id': 48, 'name': '纸皮/强化型/250ml/蓝色/30周年版', 'sap_code': '20002033', 'code': 'GC000048', 'desc': '强化型纸皮'}, {'id': 50, 'name': '纸皮/普通型/250ML/24/2025新疆专供', 'sap_code': '20002076', 'code': 'GC000050', 'desc': '普通型纸皮'}, {'id': 51, 'name': '纸皮/普通型/250ML/24/30周年版/两元促销/台州专供二期', 'sap_code': '20002116', 'code': 'GC000051', 'desc': '非箱内码促销纸皮'}, {'id': 52, 'name': '纸皮/普通型/250ML/24/30周年广东二期箱内码', 'sap_code': '20002166', 'code': 'GC000052', 'desc': '箱内码促销纸皮'}, {'id': 53, 'name': '纸皮/普通型/250ML/24/30周年普通箱内码二期/2025', 'sap_code': '20002167', 'code': 'GC000053', 'desc': '箱内码促销纸皮'}]",纸皮,包材,红牛,,,YF00000026,位置③长度,是,到货检测,,储运部,品管部,定量,复检,150000,大于等于,张,,9,张,是,9,张,直尺,214±2,,mm,212.0000,216.0000,,1,不合格,从初检问题检测单元中取9张进行复检。,若仍有不合格，则判定该批次检测不合格。,,2025-01-01,9999-12-31
313,,HWBT0323,001,禁用,Q/RW-TS-001-2023,"[{'id': 21, 'name': '纸皮/普通型/250ml', 'sap_code': '20000023', 'code': 'GC000021', 'desc': '普通型纸皮'}, {'id': 44, 'name': '纸皮/普通型/250ML/24/30周年版', 'sap_code': '20002030', 'code': 'GC000044', 'desc': '普通型纸皮'}, {'id': 46, 'name': '纸皮/普通型/250ML/30周年版/六罐装/包装', 'sap_code': '20002031', 'code': 'GC000046', 'desc': '六罐装纸皮'}, {'id': 48, 'name': '纸皮/强化型/250ml/蓝色/30周年版', 'sap_code': '20002033', 'code': 'GC000048', 'desc': '强化型纸皮'}, {'id': 50, 'name': '纸皮/普通型/250ML/24/2025新疆专供', 'sap_code': '20002076', 'code': 'GC000050', 'desc': '普通型纸皮'}, {'id': 51, 'name': '纸皮/普通型/250ML/24/30周年版/两元促销/台州专供二期', 'sap_code': '20002116', 'code': 'GC000051', 'desc': '非箱内码促销纸皮'}, {'id': 52, 'name': '纸皮/普通型/250ML/24/30周年广东二期箱内码', 'sap_code': '20002166', 'code': 'GC000052', 'desc': '箱内码促销纸皮'}, {'id': 53, 'name': '纸皮/普通型/250ML/24/30周年普通箱内码二期/2025', 'sap_code': '20002167', 'code': 'GC000053', 'desc': '箱内码促销纸皮'}]",纸皮,包材,红牛,8886,红牛维他命饮料（江苏）有限公司,YF00000026,位置③长度,是,到货检测,,储运部,品管部,定量,复检,150000,大于等于,张,,9,张,是,9,张,直尺,267±1,,mm,266.0000,268.0000,,1,不合格,从初检问题检测单元中取9张进行复检。,若仍有不合格，则判定该批次检测不合格。,,2025-01-01,9999-12-31
314,,HWBT0324,001,禁用,Q/RW-TS-001-2023,"[{'id': 21, 'name': '纸皮/普通型/250ml', 'sap_code': '20000023', 'code': 'GC000021', 'desc': '普通型纸皮'}, {'id': 44, 'name': '纸皮/普通型/250ML/24/30周年版', 'sap_code': '20002030', 'code': 'GC000044', 'desc': '普通型纸皮'}, {'id': 46, 'name': '纸皮/普通型/250ML/30周年版/六罐装/包装', 'sap_code': '20002031', 'code': 'GC000046', 'desc': '六罐装纸皮'}, {'id': 48, 'name': '纸皮/强化型/250ml/蓝色/30周年版', 'sap_code': '20002033', 'code': 'GC000048', 'desc': '强化型纸皮'}, {'id': 50, 'name': '纸皮/普通型/250ML/24/2025新疆专供', 'sap_code': '20002076', 'code': 'GC000050', 'desc': '普通型纸皮'}, {'id': 51, 'name': '纸皮/普通型/250ML/24/30周年版/两元促销/台州专供二期', 'sap_code': '20002116', 'code': 'GC000051', 'desc': '非箱内码促销纸皮'}, {'id': 52, 'name': '纸皮/普通型/250ML/24/30周年广东二期箱内码', 'sap_code': '20002166', 'code': 'GC000052', 'desc': '箱内码促销纸皮'}, {'id': 53, 'name': '纸皮/普通型/250ML/24/30周年普通箱内码二期/2025', 'sap_code': '20002167', 'code': 'GC000053', 'desc': '箱内码促销纸皮'}]",纸皮,包材,红牛,8885,广东红牛维他命饮料有限公司,YF00000026,位置③长度,是,到货检测,,储运部,品管部,定量,复检,150000,大于等于,张,,9,张,是,9,张,直尺,272±2,,mm,270.0000,274.0000,,1,不合格,从初检问题检测单元中取9张进行复检。,若仍有不合格，则判定该批次检测不合格。,,2025-01-01,9999-12-31
315,,HWBT0325,001,禁用,Q/RW-TS-001-2023,"[{'id': 21, 'name': '纸皮/普通型/250ml', 'sap_code': '20000023', 'code': 'GC000021', 'desc': '普通型纸皮'}, {'id': 44, 'name': '纸皮/普通型/250ML/24/30周年版', 'sap_code': '20002030', 'code': 'GC000044', 'desc': '普通型纸皮'}, {'id': 46, 'name': '纸皮/普通型/250ML/30周年版/六罐装/包装', 'sap_code': '20002031', 'code': 'GC000046', 'desc': '六罐装纸皮'}, {'id': 48, 'name': '纸皮/强化型/250ml/蓝色/30周年版', 'sap_code': '20002033', 'code': 'GC000048', 'desc': '强化型纸皮'}, {'id': 50, 'name': '纸皮/普通型/250ML/24/2025新疆专供', 'sap_code': '20002076', 'code': 'GC000050', 'desc': '普通型纸皮'}, {'id': 51, 'name': '纸皮/普通型/250ML/24/30周年版/两元促销/台州专供二期', 'sap_code': '20002116', 'code': 'GC000051', 'desc': '非箱内码促销纸皮'}, {'id': 52, 'name': '纸皮/普通型/250ML/24/30周年广东二期箱内码', 'sap_code': '20002166', 'code': 'GC000052', 'desc': '箱内码促销纸皮'}, {'id': 53, 'name': '纸皮/普通型/250ML/24/30周年普通箱内码二期/2025', 'sap_code': '20002167', 'code': 'GC000053', 'desc': '箱内码促销纸皮'}]",纸皮,包材,红牛,8880,红牛维他命饮料有限公司,YF00000026,位置③长度,是,到货检测,,储运部,品管部,定量,复检,150000,大于等于,张,,9,张,是,9,张,直尺,272±2,,mm,270.0000,274.0000,,1,不合格,从初检问题检测单元中取9张进行复检。,若仍有不合格，则判定该批次检测不合格。,,2025-01-01,9999-12-31
316,,HWBT0326,001,禁用,Q/RW-TS-001-2023,"[{'id': 21, 'name': '纸皮/普通型/250ml', 'sap_code': '20000023', 'code': 'GC000021', 'desc': '普通型纸皮'}, {'id': 44, 'name': '纸皮/普通型/250ML/24/30周年版', 'sap_code': '20002030', 'code': 'GC000044', 'desc': '普通型纸皮'}, {'id': 46, 'name': '纸皮/普通型/250ML/30周年版/六罐装/包装', 'sap_code': '20002031', 'code': 'GC000046', 'desc': '六罐装纸皮'}, {'id': 48, 'name': '纸皮/强化型/250ml/蓝色/30周年版', 'sap_code': '20002033', 'code': 'GC000048', 'desc': '强化型纸皮'}, {'id': 50, 'name': '纸皮/普通型/250ML/24/2025新疆专供', 'sap_code': '20002076', 'code': 'GC000050', 'desc': '普通型纸皮'}, {'id': 51, 'name': '纸皮/普通型/250ML/24/30周年版/两元促销/台州专供二期', 'sap_code': '20002116', 'code': 'GC000051', 'desc': '非箱内码促销纸皮'}, {'id': 52, 'name': '纸皮/普通型/250ML/24/30周年广东二期箱内码', 'sap_code': '20002166', 'code': 'GC000052', 'desc': '箱内码促销纸皮'}, {'id': 53, 'name': '纸皮/普通型/250ML/24/30周年普通箱内码二期/2025', 'sap_code': '20002167', 'code': 'GC000053', 'desc': '箱内码促销纸皮'}]",纸皮,包材,红牛,8883,红牛维他命饮料（湖北）有限公司,YF00000026,位置③长度,是,到货检测,,储运部,品管部,定量,复检,150000,大于等于,张,,9,张,是,9,张,直尺,272±2,,mm,270.0000,274.0000,,1,不合格,从初检问题检测单元中取9张进行复检。,若仍有不合格，则判定该批次检测不合格。,,2025-01-01,9999-12-31
317,,HWBT0327,001,禁用,Q/RW-TS-001-2023,"[{'id': 21, 'name': '纸皮/普通型/250ml', 'sap_code': '20000023', 'code': 'GC000021', 'desc': '普通型纸皮'}, {'id': 44, 'name': '纸皮/普通型/250ML/24/30周年版', 'sap_code': '20002030', 'code': 'GC000044', 'desc': '普通型纸皮'}, {'id': 46, 'name': '纸皮/普通型/250ML/30周年版/六罐装/包装', 'sap_code': '20002031', 'code': 'GC000046', 'desc': '六罐装纸皮'}, {'id': 48, 'name': '纸皮/强化型/250ml/蓝色/30周年版', 'sap_code': '20002033', 'code': 'GC000048', 'desc': '强化型纸皮'}, {'id': 50, 'name': '纸皮/普通型/250ML/24/2025新疆专供', 'sap_code': '20002076', 'code': 'GC000050', 'desc': '普通型纸皮'}, {'id': 51, 'name': '纸皮/普通型/250ML/24/30周年版/两元促销/台州专供二期', 'sap_code': '20002116', 'code': 'GC000051', 'desc': '非箱内码促销纸皮'}, {'id': 52, 'name': '纸皮/普通型/250ML/24/30周年广东二期箱内码', 'sap_code': '20002166', 'code': 'GC000052', 'desc': '箱内码促销纸皮'}, {'id': 53, 'name': '纸皮/普通型/250ML/24/30周年普通箱内码二期/2025', 'sap_code': '20002167', 'code': 'GC000053', 'desc': '箱内码促销纸皮'}]",纸皮,包材,红牛,,,YC00000008,位置④长度,是,到货检测,,储运部,品管部,定量,初检,150000,等于,张,,3,张,是,3,张,直尺,94±1,,mm,93.0000,95.0000,,1,复检,每次到货每3万张随机抽检3张，不足3万张按照3万张标准进行抽样检测。用直尺测量图示中相应位置尺寸。,若有不合格，取同一检测单元9张进行复检。,,2025-01-01,9999-12-31
318,,HWBT0328,001,禁用,Q/RW-TS-001-2023,"[{'id': 21, 'name': '纸皮/普通型/250ml', 'sap_code': '20000023', 'code': 'GC000021', 'desc': '普通型纸皮'}, {'id': 44, 'name': '纸皮/普通型/250ML/24/30周年版', 'sap_code': '20002030', 'code': 'GC000044', 'desc': '普通型纸皮'}, {'id': 46, 'name': '纸皮/普通型/250ML/30周年版/六罐装/包装', 'sap_code': '20002031', 'code': 'GC000046', 'desc': '六罐装纸皮'}, {'id': 48, 'name': '纸皮/强化型/250ml/蓝色/30周年版', 'sap_code': '20002033', 'code': 'GC000048', 'desc': '强化型纸皮'}, {'id': 50, 'name': '纸皮/普通型/250ML/24/2025新疆专供', 'sap_code': '20002076', 'code': 'GC000050', 'desc': '普通型纸皮'}, {'id': 51, 'name': '纸皮/普通型/250ML/24/30周年版/两元促销/台州专供二期', 'sap_code': '20002116', 'code': 'GC000051', 'desc': '非箱内码促销纸皮'}, {'id': 52, 'name': '纸皮/普通型/250ML/24/30周年广东二期箱内码', 'sap_code': '20002166', 'code': 'GC000052', 'desc': '箱内码促销纸皮'}, {'id': 53, 'name': '纸皮/普通型/250ML/24/30周年普通箱内码二期/2025', 'sap_code': '20002167', 'code': 'GC000053', 'desc': '箱内码促销纸皮'}]",纸皮,包材,红牛,,,YC00000008,位置④长度,是,到货检测,,储运部,品管部,定量,初检,150000,等于,张,,3,张,是,3,张,直尺,94±1,,mm,93.0000,95.0000,,1,复检,每次到货每3万张随机抽检3张，不足3万张按照3万张标准进行抽样检测。用直尺测量图示中相应位置尺寸。,若有不合格，取同一检测单元9张进行复检。,,2025-01-01,9999-12-31
319,,HWBT0329,001,禁用,Q/RW-TS-001-2023,"[{'id': 21, 'name': '纸皮/普通型/250ml', 'sap_code': '20000023', 'code': 'GC000021', 'desc': '普通型纸皮'}, {'id': 44, 'name': '纸皮/普通型/250ML/24/30周年版', 'sap_code': '20002030', 'code': 'GC000044', 'desc': '普通型纸皮'}, {'id': 46, 'name': '纸皮/普通型/250ML/30周年版/六罐装/包装', 'sap_code': '20002031', 'code': 'GC000046', 'desc': '六罐装纸皮'}, {'id': 48, 'name': '纸皮/强化型/250ml/蓝色/30周年版', 'sap_code': '20002033', 'code': 'GC000048', 'desc': '强化型纸皮'}, {'id': 50, 'name': '纸皮/普通型/250ML/24/2025新疆专供', 'sap_code': '20002076', 'code': 'GC000050', 'desc': '普通型纸皮'}, {'id': 51, 'name': '纸皮/普通型/250ML/24/30周年版/两元促销/台州专供二期', 'sap_code': '20002116', 'code': 'GC000051', 'desc': '非箱内码促销纸皮'}, {'id': 52, 'name': '纸皮/普通型/250ML/24/30周年广东二期箱内码', 'sap_code': '20002166', 'code': 'GC000052', 'desc': '箱内码促销纸皮'}, {'id': 53, 'name': '纸皮/普通型/250ML/24/30周年普通箱内码二期/2025', 'sap_code': '20002167', 'code': 'GC000053', 'desc': '箱内码促销纸皮'}]",纸皮,包材,红牛,,,YC00000008,位置④长度,是,到货检测,,储运部,品管部,定量,初检,150000,等于,张,,3,张,是,3,张,直尺,94±1,,mm,93.0000,95.0000,,1,复检,每次到货每3万张随机抽检3张，不足3万张按照3万张标准进行抽样检测。用直尺测量图示中相应位置尺寸。,若有不合格，取同一检测单元9张进行复检。,,2025-01-01,9999-12-31
320,,HWBT0330,001,禁用,Q/RW-TS-001-2023,"[{'id': 21, 'name': '纸皮/普通型/250ml', 'sap_code': '20000023', 'code': 'GC000021', 'desc': '普通型纸皮'}, {'id': 44, 'name': '纸皮/普通型/250ML/24/30周年版', 'sap_code': '20002030', 'code': 'GC000044', 'desc': '普通型纸皮'}, {'id': 46, 'name': '纸皮/普通型/250ML/30周年版/六罐装/包装', 'sap_code': '20002031', 'code': 'GC000046', 'desc': '六罐装纸皮'}, {'id': 48, 'name': '纸皮/强化型/250ml/蓝色/30周年版', 'sap_code': '20002033', 'code': 'GC000048', 'desc': '强化型纸皮'}, {'id': 50, 'name': '纸皮/普通型/250ML/24/2025新疆专供', 'sap_code': '20002076', 'code': 'GC000050', 'desc': '普通型纸皮'}, {'id': 51, 'name': '纸皮/普通型/250ML/24/30周年版/两元促销/台州专供二期', 'sap_code': '20002116', 'code': 'GC000051', 'desc': '非箱内码促销纸皮'}, {'id': 52, 'name': '纸皮/普通型/250ML/24/30周年广东二期箱内码', 'sap_code': '20002166', 'code': 'GC000052', 'desc': '箱内码促销纸皮'}, {'id': 53, 'name': '纸皮/普通型/250ML/24/30周年普通箱内码二期/2025', 'sap_code': '20002167', 'code': 'GC000053', 'desc': '箱内码促销纸皮'}]",纸皮,包材,红牛,,,YC00000008,位置④长度,是,到货检测,,储运部,品管部,定量,初检,150000,等于,张,,3,张,是,3,张,直尺,135±2,,mm,133.0000,137.0000,,1,复检,每次到货每3万张随机抽检3张，不足3万张按照3万张标准进行抽样检测。用直尺测量图示中相应位置尺寸。,若有不合格，取同一检测单元9张进行复检。,,2025-01-01,9999-12-31
321,,HWBT0331,001,禁用,Q/RW-TS-001-2023,"[{'id': 21, 'name': '纸皮/普通型/250ml', 'sap_code': '20000023', 'code': 'GC000021', 'desc': '普通型纸皮'}, {'id': 44, 'name': '纸皮/普通型/250ML/24/30周年版', 'sap_code': '20002030', 'code': 'GC000044', 'desc': '普通型纸皮'}, {'id': 46, 'name': '纸皮/普通型/250ML/30周年版/六罐装/包装', 'sap_code': '20002031', 'code': 'GC000046', 'desc': '六罐装纸皮'}, {'id': 48, 'name': '纸皮/强化型/250ml/蓝色/30周年版', 'sap_code': '20002033', 'code': 'GC000048', 'desc': '强化型纸皮'}, {'id': 50, 'name': '纸皮/普通型/250ML/24/2025新疆专供', 'sap_code': '20002076', 'code': 'GC000050', 'desc': '普通型纸皮'}, {'id': 51, 'name': '纸皮/普通型/250ML/24/30周年版/两元促销/台州专供二期', 'sap_code': '20002116', 'code': 'GC000051', 'desc': '非箱内码促销纸皮'}, {'id': 52, 'name': '纸皮/普通型/250ML/24/30周年广东二期箱内码', 'sap_code': '20002166', 'code': 'GC000052', 'desc': '箱内码促销纸皮'}, {'id': 53, 'name': '纸皮/普通型/250ML/24/30周年普通箱内码二期/2025', 'sap_code': '20002167', 'code': 'GC000053', 'desc': '箱内码促销纸皮'}]",纸皮,包材,红牛,8886,红牛维他命饮料（江苏）有限公司,YC00000008,位置④长度,是,到货检测,,储运部,品管部,定量,初检,150000,等于,张,,3,张,是,3,张,直尺,94±1,,mm,93.0000,95.0000,,1,复检,每次到货每3万张随机抽检3张，不足3万张按照3万张标准进行抽样检测。用直尺测量图示中相应位置尺寸。,若有不合格，取同一检测单元9张进行复检。,,2025-01-01,9999-12-31
322,,HWBT0332,001,禁用,Q/RW-TS-001-2023,"[{'id': 21, 'name': '纸皮/普通型/250ml', 'sap_code': '20000023', 'code': 'GC000021', 'desc': '普通型纸皮'}, {'id': 44, 'name': '纸皮/普通型/250ML/24/30周年版', 'sap_code': '20002030', 'code': 'GC000044', 'desc': '普通型纸皮'}, {'id': 46, 'name': '纸皮/普通型/250ML/30周年版/六罐装/包装', 'sap_code': '20002031', 'code': 'GC000046', 'desc': '六罐装纸皮'}, {'id': 48, 'name': '纸皮/强化型/250ml/蓝色/30周年版', 'sap_code': '20002033', 'code': 'GC000048', 'desc': '强化型纸皮'}, {'id': 50, 'name': '纸皮/普通型/250ML/24/2025新疆专供', 'sap_code': '20002076', 'code': 'GC000050', 'desc': '普通型纸皮'}, {'id': 51, 'name': '纸皮/普通型/250ML/24/30周年版/两元促销/台州专供二期', 'sap_code': '20002116', 'code': 'GC000051', 'desc': '非箱内码促销纸皮'}, {'id': 52, 'name': '纸皮/普通型/250ML/24/30周年广东二期箱内码', 'sap_code': '20002166', 'code': 'GC000052', 'desc': '箱内码促销纸皮'}, {'id': 53, 'name': '纸皮/普通型/250ML/24/30周年普通箱内码二期/2025', 'sap_code': '20002167', 'code': 'GC000053', 'desc': '箱内码促销纸皮'}]",纸皮,包材,红牛,8885,广东红牛维他命饮料有限公司,YC00000008,位置④长度,是,到货检测,,储运部,品管部,定量,初检,150000,等于,张,,3,张,是,3,张,直尺,96±2,,mm,94.0000,98.0000,,1,复检,每次到货每3万张随机抽检3张，不足3万张按照3万张标准进行抽样检测。用直尺测量图示中相应位置尺寸。,若有不合格，取同一检测单元9张进行复检。,,2025-01-01,9999-12-31
323,,HWBT0333,001,禁用,Q/RW-TS-001-2023,"[{'id': 21, 'name': '纸皮/普通型/250ml', 'sap_code': '20000023', 'code': 'GC000021', 'desc': '普通型纸皮'}, {'id': 44, 'name': '纸皮/普通型/250ML/24/30周年版', 'sap_code': '20002030', 'code': 'GC000044', 'desc': '普通型纸皮'}, {'id': 46, 'name': '纸皮/普通型/250ML/30周年版/六罐装/包装', 'sap_code': '20002031', 'code': 'GC000046', 'desc': '六罐装纸皮'}, {'id': 48, 'name': '纸皮/强化型/250ml/蓝色/30周年版', 'sap_code': '20002033', 'code': 'GC000048', 'desc': '强化型纸皮'}, {'id': 50, 'name': '纸皮/普通型/250ML/24/2025新疆专供', 'sap_code': '20002076', 'code': 'GC000050', 'desc': '普通型纸皮'}, {'id': 51, 'name': '纸皮/普通型/250ML/24/30周年版/两元促销/台州专供二期', 'sap_code': '20002116', 'code': 'GC000051', 'desc': '非箱内码促销纸皮'}, {'id': 52, 'name': '纸皮/普通型/250ML/24/30周年广东二期箱内码', 'sap_code': '20002166', 'code': 'GC000052', 'desc': '箱内码促销纸皮'}, {'id': 53, 'name': '纸皮/普通型/250ML/24/30周年普通箱内码二期/2025', 'sap_code': '20002167', 'code': 'GC000053', 'desc': '箱内码促销纸皮'}]",纸皮,包材,红牛,8880,红牛维他命饮料有限公司,YC00000008,位置④长度,是,到货检测,,储运部,品管部,定量,初检,150000,等于,张,,3,张,是,3,张,直尺,96±2,,mm,94.0000,98.0000,,1,复检,每次到货每3万张随机抽检3张，不足3万张按照3万张标准进行抽样检测。用直尺测量图示中相应位置尺寸。,若有不合格，取同一检测单元9张进行复检。,,2025-01-01,9999-12-31
324,,HWBT0334,001,禁用,Q/RW-TS-001-2023,"[{'id': 21, 'name': '纸皮/普通型/250ml', 'sap_code': '20000023', 'code': 'GC000021', 'desc': '普通型纸皮'}, {'id': 44, 'name': '纸皮/普通型/250ML/24/30周年版', 'sap_code': '20002030', 'code': 'GC000044', 'desc': '普通型纸皮'}, {'id': 46, 'name': '纸皮/普通型/250ML/30周年版/六罐装/包装', 'sap_code': '20002031', 'code': 'GC000046', 'desc': '六罐装纸皮'}, {'id': 48, 'name': '纸皮/强化型/250ml/蓝色/30周年版', 'sap_code': '20002033', 'code': 'GC000048', 'desc': '强化型纸皮'}, {'id': 50, 'name': '纸皮/普通型/250ML/24/2025新疆专供', 'sap_code': '20002076', 'code': 'GC000050', 'desc': '普通型纸皮'}, {'id': 51, 'name': '纸皮/普通型/250ML/24/30周年版/两元促销/台州专供二期', 'sap_code': '20002116', 'code': 'GC000051', 'desc': '非箱内码促销纸皮'}, {'id': 52, 'name': '纸皮/普通型/250ML/24/30周年广东二期箱内码', 'sap_code': '20002166', 'code': 'GC000052', 'desc': '箱内码促销纸皮'}, {'id': 53, 'name': '纸皮/普通型/250ML/24/30周年普通箱内码二期/2025', 'sap_code': '20002167', 'code': 'GC000053', 'desc': '箱内码促销纸皮'}]",纸皮,包材,红牛,8883,红牛维他命饮料（湖北）有限公司,YC00000008,位置④长度,是,到货检测,,储运部,品管部,定量,初检,150000,等于,张,,3,张,是,3,张,直尺,96±2,,mm,94.0000,98.0000,,1,复检,每次到货每3万张随机抽检3张，不足3万张按照3万张标准进行抽样检测。用直尺测量图示中相应位置尺寸。,若有不合格，取同一检测单元9张进行复检。,,2025-01-01,9999-12-31
325,,HWBT0335,001,禁用,Q/RW-TS-001-2023,"[{'id': 21, 'name': '纸皮/普通型/250ml', 'sap_code': '20000023', 'code': 'GC000021', 'desc': '普通型纸皮'}, {'id': 44, 'name': '纸皮/普通型/250ML/24/30周年版', 'sap_code': '20002030', 'code': 'GC000044', 'desc': '普通型纸皮'}, {'id': 46, 'name': '纸皮/普通型/250ML/30周年版/六罐装/包装', 'sap_code': '20002031', 'code': 'GC000046', 'desc': '六罐装纸皮'}, {'id': 48, 'name': '纸皮/强化型/250ml/蓝色/30周年版', 'sap_code': '20002033', 'code': 'GC000048', 'desc': '强化型纸皮'}, {'id': 50, 'name': '纸皮/普通型/250ML/24/2025新疆专供', 'sap_code': '20002076', 'code': 'GC000050', 'desc': '普通型纸皮'}, {'id': 51, 'name': '纸皮/普通型/250ML/24/30周年版/两元促销/台州专供二期', 'sap_code': '20002116', 'code': 'GC000051', 'desc': '非箱内码促销纸皮'}, {'id': 52, 'name': '纸皮/普通型/250ML/24/30周年广东二期箱内码', 'sap_code': '20002166', 'code': 'GC000052', 'desc': '箱内码促销纸皮'}, {'id': 53, 'name': '纸皮/普通型/250ML/24/30周年普通箱内码二期/2025', 'sap_code': '20002167', 'code': 'GC000053', 'desc': '箱内码促销纸皮'}]",纸皮,包材,红牛,,,YF00000026,位置④长度,是,到货检测,,储运部,品管部,定量,复检,150000,大于等于,张,,9,张,是,9,张,直尺,94±1,,mm,93.0000,95.0000,,1,不合格,从初检问题检测单元中取9张进行复检。,若仍有不合格，则判定该批次检测不合格。,,2025-01-01,9999-12-31
326,,HWBT0336,001,禁用,Q/RW-TS-001-2023,"[{'id': 21, 'name': '纸皮/普通型/250ml', 'sap_code': '20000023', 'code': 'GC000021', 'desc': '普通型纸皮'}, {'id': 44, 'name': '纸皮/普通型/250ML/24/30周年版', 'sap_code': '20002030', 'code': 'GC000044', 'desc': '普通型纸皮'}, {'id': 46, 'name': '纸皮/普通型/250ML/30周年版/六罐装/包装', 'sap_code': '20002031', 'code': 'GC000046', 'desc': '六罐装纸皮'}, {'id': 48, 'name': '纸皮/强化型/250ml/蓝色/30周年版', 'sap_code': '20002033', 'code': 'GC000048', 'desc': '强化型纸皮'}, {'id': 50, 'name': '纸皮/普通型/250ML/24/2025新疆专供', 'sap_code': '20002076', 'code': 'GC000050', 'desc': '普通型纸皮'}, {'id': 51, 'name': '纸皮/普通型/250ML/24/30周年版/两元促销/台州专供二期', 'sap_code': '20002116', 'code': 'GC000051', 'desc': '非箱内码促销纸皮'}, {'id': 52, 'name': '纸皮/普通型/250ML/24/30周年广东二期箱内码', 'sap_code': '20002166', 'code': 'GC000052', 'desc': '箱内码促销纸皮'}, {'id': 53, 'name': '纸皮/普通型/250ML/24/30周年普通箱内码二期/2025', 'sap_code': '20002167', 'code': 'GC000053', 'desc': '箱内码促销纸皮'}]",纸皮,包材,红牛,,,YF00000026,位置④长度,是,到货检测,,储运部,品管部,定量,复检,150000,大于等于,张,,9,张,是,9,张,直尺,94±1,,mm,93.0000,95.0000,,1,不合格,从初检问题检测单元中取9张进行复检。,若仍有不合格，则判定该批次检测不合格。,,2025-01-01,9999-12-31
327,,HWBT0337,001,禁用,Q/RW-TS-001-2023,"[{'id': 21, 'name': '纸皮/普通型/250ml', 'sap_code': '20000023', 'code': 'GC000021', 'desc': '普通型纸皮'}, {'id': 44, 'name': '纸皮/普通型/250ML/24/30周年版', 'sap_code': '20002030', 'code': 'GC000044', 'desc': '普通型纸皮'}, {'id': 46, 'name': '纸皮/普通型/250ML/30周年版/六罐装/包装', 'sap_code': '20002031', 'code': 'GC000046', 'desc': '六罐装纸皮'}, {'id': 48, 'name': '纸皮/强化型/250ml/蓝色/30周年版', 'sap_code': '20002033', 'code': 'GC000048', 'desc': '强化型纸皮'}, {'id': 50, 'name': '纸皮/普通型/250ML/24/2025新疆专供', 'sap_code': '20002076', 'code': 'GC000050', 'desc': '普通型纸皮'}, {'id': 51, 'name': '纸皮/普通型/250ML/24/30周年版/两元促销/台州专供二期', 'sap_code': '20002116', 'code': 'GC000051', 'desc': '非箱内码促销纸皮'}, {'id': 52, 'name': '纸皮/普通型/250ML/24/30周年广东二期箱内码', 'sap_code': '20002166', 'code': 'GC000052', 'desc': '箱内码促销纸皮'}, {'id': 53, 'name': '纸皮/普通型/250ML/24/30周年普通箱内码二期/2025', 'sap_code': '20002167', 'code': 'GC000053', 'desc': '箱内码促销纸皮'}]",纸皮,包材,红牛,,,YF00000026,位置④长度,是,到货检测,,储运部,品管部,定量,复检,150000,大于等于,张,,9,张,是,9,张,直尺,94±1,,mm,93.0000,95.0000,,1,不合格,从初检问题检测单元中取9张进行复检。,若仍有不合格，则判定该批次检测不合格。,,2025-01-01,9999-12-31
328,,HWBT0338,001,禁用,Q/RW-TS-001-2023,"[{'id': 21, 'name': '纸皮/普通型/250ml', 'sap_code': '20000023', 'code': 'GC000021', 'desc': '普通型纸皮'}, {'id': 44, 'name': '纸皮/普通型/250ML/24/30周年版', 'sap_code': '20002030', 'code': 'GC000044', 'desc': '普通型纸皮'}, {'id': 46, 'name': '纸皮/普通型/250ML/30周年版/六罐装/包装', 'sap_code': '20002031', 'code': 'GC000046', 'desc': '六罐装纸皮'}, {'id': 48, 'name': '纸皮/强化型/250ml/蓝色/30周年版', 'sap_code': '20002033', 'code': 'GC000048', 'desc': '强化型纸皮'}, {'id': 50, 'name': '纸皮/普通型/250ML/24/2025新疆专供', 'sap_code': '20002076', 'code': 'GC000050', 'desc': '普通型纸皮'}, {'id': 51, 'name': '纸皮/普通型/250ML/24/30周年版/两元促销/台州专供二期', 'sap_code': '20002116', 'code': 'GC000051', 'desc': '非箱内码促销纸皮'}, {'id': 52, 'name': '纸皮/普通型/250ML/24/30周年广东二期箱内码', 'sap_code': '20002166', 'code': 'GC000052', 'desc': '箱内码促销纸皮'}, {'id': 53, 'name': '纸皮/普通型/250ML/24/30周年普通箱内码二期/2025', 'sap_code': '20002167', 'code': 'GC000053', 'desc': '箱内码促销纸皮'}]",纸皮,包材,红牛,,,YF00000026,位置④长度,是,到货检测,,储运部,品管部,定量,复检,150000,大于等于,张,,9,张,是,9,张,直尺,135±2,,mm,133.0000,137.0000,,1,不合格,从初检问题检测单元中取9张进行复检。,若仍有不合格，则判定该批次检测不合格。,,2025-01-01,9999-12-31
329,,HWBT0339,001,禁用,Q/RW-TS-001-2023,"[{'id': 21, 'name': '纸皮/普通型/250ml', 'sap_code': '20000023', 'code': 'GC000021', 'desc': '普通型纸皮'}, {'id': 44, 'name': '纸皮/普通型/250ML/24/30周年版', 'sap_code': '20002030', 'code': 'GC000044', 'desc': '普通型纸皮'}, {'id': 46, 'name': '纸皮/普通型/250ML/30周年版/六罐装/包装', 'sap_code': '20002031', 'code': 'GC000046', 'desc': '六罐装纸皮'}, {'id': 48, 'name': '纸皮/强化型/250ml/蓝色/30周年版', 'sap_code': '20002033', 'code': 'GC000048', 'desc': '强化型纸皮'}, {'id': 50, 'name': '纸皮/普通型/250ML/24/2025新疆专供', 'sap_code': '20002076', 'code': 'GC000050', 'desc': '普通型纸皮'}, {'id': 51, 'name': '纸皮/普通型/250ML/24/30周年版/两元促销/台州专供二期', 'sap_code': '20002116', 'code': 'GC000051', 'desc': '非箱内码促销纸皮'}, {'id': 52, 'name': '纸皮/普通型/250ML/24/30周年广东二期箱内码', 'sap_code': '20002166', 'code': 'GC000052', 'desc': '箱内码促销纸皮'}, {'id': 53, 'name': '纸皮/普通型/250ML/24/30周年普通箱内码二期/2025', 'sap_code': '20002167', 'code': 'GC000053', 'desc': '箱内码促销纸皮'}]",纸皮,包材,红牛,8886,红牛维他命饮料（江苏）有限公司,YF00000026,位置④长度,是,到货检测,,储运部,品管部,定量,复检,150000,大于等于,张,,9,张,是,9,张,直尺,94±1,,mm,93.0000,95.0000,,1,不合格,从初检问题检测单元中取9张进行复检。,若仍有不合格，则判定该批次检测不合格。,,2025-01-01,9999-12-31
330,,HWBT0340,001,禁用,Q/RW-TS-001-2023,"[{'id': 21, 'name': '纸皮/普通型/250ml', 'sap_code': '20000023', 'code': 'GC000021', 'desc': '普通型纸皮'}, {'id': 44, 'name': '纸皮/普通型/250ML/24/30周年版', 'sap_code': '20002030', 'code': 'GC000044', 'desc': '普通型纸皮'}, {'id': 46, 'name': '纸皮/普通型/250ML/30周年版/六罐装/包装', 'sap_code': '20002031', 'code': 'GC000046', 'desc': '六罐装纸皮'}, {'id': 48, 'name': '纸皮/强化型/250ml/蓝色/30周年版', 'sap_code': '20002033', 'code': 'GC000048', 'desc': '强化型纸皮'}, {'id': 50, 'name': '纸皮/普通型/250ML/24/2025新疆专供', 'sap_code': '20002076', 'code': 'GC000050', 'desc': '普通型纸皮'}, {'id': 51, 'name': '纸皮/普通型/250ML/24/30周年版/两元促销/台州专供二期', 'sap_code': '20002116', 'code': 'GC000051', 'desc': '非箱内码促销纸皮'}, {'id': 52, 'name': '纸皮/普通型/250ML/24/30周年广东二期箱内码', 'sap_code': '20002166', 'code': 'GC000052', 'desc': '箱内码促销纸皮'}, {'id': 53, 'name': '纸皮/普通型/250ML/24/30周年普通箱内码二期/2025', 'sap_code': '20002167', 'code': 'GC000053', 'desc': '箱内码促销纸皮'}]",纸皮,包材,红牛,8885,广东红牛维他命饮料有限公司,YF00000026,位置④长度,是,到货检测,,储运部,品管部,定量,复检,150000,大于等于,张,,9,张,是,9,张,直尺,96±2,,mm,94.0000,98.0000,,1,不合格,从初检问题检测单元中取9张进行复检。,若仍有不合格，则判定该批次检测不合格。,,2025-01-01,9999-12-31
331,,HWBT0341,001,禁用,Q/RW-TS-001-2023,"[{'id': 21, 'name': '纸皮/普通型/250ml', 'sap_code': '20000023', 'code': 'GC000021', 'desc': '普通型纸皮'}, {'id': 44, 'name': '纸皮/普通型/250ML/24/30周年版', 'sap_code': '20002030', 'code': 'GC000044', 'desc': '普通型纸皮'}, {'id': 46, 'name': '纸皮/普通型/250ML/30周年版/六罐装/包装', 'sap_code': '20002031', 'code': 'GC000046', 'desc': '六罐装纸皮'}, {'id': 48, 'name': '纸皮/强化型/250ml/蓝色/30周年版', 'sap_code': '20002033', 'code': 'GC000048', 'desc': '强化型纸皮'}, {'id': 50, 'name': '纸皮/普通型/250ML/24/2025新疆专供', 'sap_code': '20002076', 'code': 'GC000050', 'desc': '普通型纸皮'}, {'id': 51, 'name': '纸皮/普通型/250ML/24/30周年版/两元促销/台州专供二期', 'sap_code': '20002116', 'code': 'GC000051', 'desc': '非箱内码促销纸皮'}, {'id': 52, 'name': '纸皮/普通型/250ML/24/30周年广东二期箱内码', 'sap_code': '20002166', 'code': 'GC000052', 'desc': '箱内码促销纸皮'}, {'id': 53, 'name': '纸皮/普通型/250ML/24/30周年普通箱内码二期/2025', 'sap_code': '20002167', 'code': 'GC000053', 'desc': '箱内码促销纸皮'}]",纸皮,包材,红牛,8880,红牛维他命饮料有限公司,YF00000026,位置④长度,是,到货检测,,储运部,品管部,定量,复检,150000,大于等于,张,,9,张,是,9,张,直尺,96±2,,mm,94.0000,98.0000,,1,不合格,从初检问题检测单元中取9张进行复检。,若仍有不合格，则判定该批次检测不合格。,,2025-01-01,9999-12-31
332,,HWBT0342,001,禁用,Q/RW-TS-001-2023,"[{'id': 21, 'name': '纸皮/普通型/250ml', 'sap_code': '20000023', 'code': 'GC000021', 'desc': '普通型纸皮'}, {'id': 44, 'name': '纸皮/普通型/250ML/24/30周年版', 'sap_code': '20002030', 'code': 'GC000044', 'desc': '普通型纸皮'}, {'id': 46, 'name': '纸皮/普通型/250ML/30周年版/六罐装/包装', 'sap_code': '20002031', 'code': 'GC000046', 'desc': '六罐装纸皮'}, {'id': 48, 'name': '纸皮/强化型/250ml/蓝色/30周年版', 'sap_code': '20002033', 'code': 'GC000048', 'desc': '强化型纸皮'}, {'id': 50, 'name': '纸皮/普通型/250ML/24/2025新疆专供', 'sap_code': '20002076', 'code': 'GC000050', 'desc': '普通型纸皮'}, {'id': 51, 'name': '纸皮/普通型/250ML/24/30周年版/两元促销/台州专供二期', 'sap_code': '20002116', 'code': 'GC000051', 'desc': '非箱内码促销纸皮'}, {'id': 52, 'name': '纸皮/普通型/250ML/24/30周年广东二期箱内码', 'sap_code': '20002166', 'code': 'GC000052', 'desc': '箱内码促销纸皮'}, {'id': 53, 'name': '纸皮/普通型/250ML/24/30周年普通箱内码二期/2025', 'sap_code': '20002167', 'code': 'GC000053', 'desc': '箱内码促销纸皮'}]",纸皮,包材,红牛,8883,红牛维他命饮料（湖北）有限公司,YF00000026,位置④长度,是,到货检测,,储运部,品管部,定量,复检,150000,大于等于,张,,9,张,是,9,张,直尺,96±2,,mm,94.0000,98.0000,,1,不合格,从初检问题检测单元中取9张进行复检。,若仍有不合格，则判定该批次检测不合格。,,2025-01-01,9999-12-31
333,,HWBT0343,001,禁用,Q/RW-TS-001-2023,"[{'id': 21, 'name': '纸皮/普通型/250ml', 'sap_code': '20000023', 'code': 'GC000021', 'desc': '普通型纸皮'}, {'id': 44, 'name': '纸皮/普通型/250ML/24/30周年版', 'sap_code': '20002030', 'code': 'GC000044', 'desc': '普通型纸皮'}, {'id': 46, 'name': '纸皮/普通型/250ML/30周年版/六罐装/包装', 'sap_code': '20002031', 'code': 'GC000046', 'desc': '六罐装纸皮'}, {'id': 48, 'name': '纸皮/强化型/250ml/蓝色/30周年版', 'sap_code': '20002033', 'code': 'GC000048', 'desc': '强化型纸皮'}, {'id': 50, 'name': '纸皮/普通型/250ML/24/2025新疆专供', 'sap_code': '20002076', 'code': 'GC000050', 'desc': '普通型纸皮'}, {'id': 51, 'name': '纸皮/普通型/250ML/24/30周年版/两元促销/台州专供二期', 'sap_code': '20002116', 'code': 'GC000051', 'desc': '非箱内码促销纸皮'}, {'id': 52, 'name': '纸皮/普通型/250ML/24/30周年广东二期箱内码', 'sap_code': '20002166', 'code': 'GC000052', 'desc': '箱内码促销纸皮'}, {'id': 53, 'name': '纸皮/普通型/250ML/24/30周年普通箱内码二期/2025', 'sap_code': '20002167', 'code': 'GC000053', 'desc': '箱内码促销纸皮'}]",纸皮,包材,红牛,,,YC00000008,位置⑤长度,是,到货检测,,储运部,品管部,定量,初检,150000,等于,张,,3,张,是,3,张,直尺,267±1,,mm,266.0000,268.0000,,1,复检,每次到货每3万张随机抽检3张，不足3万张按照3万张标准进行抽样检测。用直尺测量图示中相应位置尺寸。,若有不合格，取同一检测单元9张进行复检。,,2025-01-01,9999-12-31
334,,HWBT0344,001,禁用,Q/RW-TS-001-2023,"[{'id': 21, 'name': '纸皮/普通型/250ml', 'sap_code': '20000023', 'code': 'GC000021', 'desc': '普通型纸皮'}, {'id': 44, 'name': '纸皮/普通型/250ML/24/30周年版', 'sap_code': '20002030', 'code': 'GC000044', 'desc': '普通型纸皮'}, {'id': 46, 'name': '纸皮/普通型/250ML/30周年版/六罐装/包装', 'sap_code': '20002031', 'code': 'GC000046', 'desc': '六罐装纸皮'}, {'id': 48, 'name': '纸皮/强化型/250ml/蓝色/30周年版', 'sap_code': '20002033', 'code': 'GC000048', 'desc': '强化型纸皮'}, {'id': 50, 'name': '纸皮/普通型/250ML/24/2025新疆专供', 'sap_code': '20002076', 'code': 'GC000050', 'desc': '普通型纸皮'}, {'id': 51, 'name': '纸皮/普通型/250ML/24/30周年版/两元促销/台州专供二期', 'sap_code': '20002116', 'code': 'GC000051', 'desc': '非箱内码促销纸皮'}, {'id': 52, 'name': '纸皮/普通型/250ML/24/30周年广东二期箱内码', 'sap_code': '20002166', 'code': 'GC000052', 'desc': '箱内码促销纸皮'}, {'id': 53, 'name': '纸皮/普通型/250ML/24/30周年普通箱内码二期/2025', 'sap_code': '20002167', 'code': 'GC000053', 'desc': '箱内码促销纸皮'}]",纸皮,包材,红牛,,,YC00000008,位置⑤长度,是,到货检测,,储运部,品管部,定量,初检,150000,等于,张,,3,张,是,3,张,直尺,267±1,,mm,266.0000,268.0000,,1,复检,每次到货每3万张随机抽检3张，不足3万张按照3万张标准进行抽样检测。用直尺测量图示中相应位置尺寸。,若有不合格，取同一检测单元9张进行复检。,,2025-01-01,9999-12-31
335,,HWBT0345,001,禁用,Q/RW-TS-001-2023,"[{'id': 21, 'name': '纸皮/普通型/250ml', 'sap_code': '20000023', 'code': 'GC000021', 'desc': '普通型纸皮'}, {'id': 44, 'name': '纸皮/普通型/250ML/24/30周年版', 'sap_code': '20002030', 'code': 'GC000044', 'desc': '普通型纸皮'}, {'id': 46, 'name': '纸皮/普通型/250ML/30周年版/六罐装/包装', 'sap_code': '20002031', 'code': 'GC000046', 'desc': '六罐装纸皮'}, {'id': 48, 'name': '纸皮/强化型/250ml/蓝色/30周年版', 'sap_code': '20002033', 'code': 'GC000048', 'desc': '强化型纸皮'}, {'id': 50, 'name': '纸皮/普通型/250ML/24/2025新疆专供', 'sap_code': '20002076', 'code': 'GC000050', 'desc': '普通型纸皮'}, {'id': 51, 'name': '纸皮/普通型/250ML/24/30周年版/两元促销/台州专供二期', 'sap_code': '20002116', 'code': 'GC000051', 'desc': '非箱内码促销纸皮'}, {'id': 52, 'name': '纸皮/普通型/250ML/24/30周年广东二期箱内码', 'sap_code': '20002166', 'code': 'GC000052', 'desc': '箱内码促销纸皮'}, {'id': 53, 'name': '纸皮/普通型/250ML/24/30周年普通箱内码二期/2025', 'sap_code': '20002167', 'code': 'GC000053', 'desc': '箱内码促销纸皮'}]",纸皮,包材,红牛,,,YC00000008,位置⑤长度,是,到货检测,,储运部,品管部,定量,初检,150000,等于,张,,3,张,是,3,张,直尺,267±1,,mm,266.0000,268.0000,,1,复检,每次到货每3万张随机抽检3张，不足3万张按照3万张标准进行抽样检测。用直尺测量图示中相应位置尺寸。,若有不合格，取同一检测单元9张进行复检。,,2025-01-01,9999-12-31
336,,HWBT0346,001,禁用,Q/RW-TS-001-2023,"[{'id': 21, 'name': '纸皮/普通型/250ml', 'sap_code': '20000023', 'code': 'GC000021', 'desc': '普通型纸皮'}, {'id': 44, 'name': '纸皮/普通型/250ML/24/30周年版', 'sap_code': '20002030', 'code': 'GC000044', 'desc': '普通型纸皮'}, {'id': 46, 'name': '纸皮/普通型/250ML/30周年版/六罐装/包装', 'sap_code': '20002031', 'code': 'GC000046', 'desc': '六罐装纸皮'}, {'id': 48, 'name': '纸皮/强化型/250ml/蓝色/30周年版', 'sap_code': '20002033', 'code': 'GC000048', 'desc': '强化型纸皮'}, {'id': 50, 'name': '纸皮/普通型/250ML/24/2025新疆专供', 'sap_code': '20002076', 'code': 'GC000050', 'desc': '普通型纸皮'}, {'id': 51, 'name': '纸皮/普通型/250ML/24/30周年版/两元促销/台州专供二期', 'sap_code': '20002116', 'code': 'GC000051', 'desc': '非箱内码促销纸皮'}, {'id': 52, 'name': '纸皮/普通型/250ML/24/30周年广东二期箱内码', 'sap_code': '20002166', 'code': 'GC000052', 'desc': '箱内码促销纸皮'}, {'id': 53, 'name': '纸皮/普通型/250ML/24/30周年普通箱内码二期/2025', 'sap_code': '20002167', 'code': 'GC000053', 'desc': '箱内码促销纸皮'}]",纸皮,包材,红牛,,,YC00000008,位置⑤长度,是,到货检测,,储运部,品管部,定量,初检,150000,等于,张,,3,张,是,3,张,直尺,214±2,,mm,212.0000,216.0000,,1,复检,每次到货每3万张随机抽检3张，不足3万张按照3万张标准进行抽样检测。用直尺测量图示中相应位置尺寸。,若有不合格，取同一检测单元9张进行复检。,,2025-01-01,9999-12-31
337,,HWBT0347,001,禁用,Q/RW-TS-001-2023,"[{'id': 21, 'name': '纸皮/普通型/250ml', 'sap_code': '20000023', 'code': 'GC000021', 'desc': '普通型纸皮'}, {'id': 44, 'name': '纸皮/普通型/250ML/24/30周年版', 'sap_code': '20002030', 'code': 'GC000044', 'desc': '普通型纸皮'}, {'id': 46, 'name': '纸皮/普通型/250ML/30周年版/六罐装/包装', 'sap_code': '20002031', 'code': 'GC000046', 'desc': '六罐装纸皮'}, {'id': 48, 'name': '纸皮/强化型/250ml/蓝色/30周年版', 'sap_code': '20002033', 'code': 'GC000048', 'desc': '强化型纸皮'}, {'id': 50, 'name': '纸皮/普通型/250ML/24/2025新疆专供', 'sap_code': '20002076', 'code': 'GC000050', 'desc': '普通型纸皮'}, {'id': 51, 'name': '纸皮/普通型/250ML/24/30周年版/两元促销/台州专供二期', 'sap_code': '20002116', 'code': 'GC000051', 'desc': '非箱内码促销纸皮'}, {'id': 52, 'name': '纸皮/普通型/250ML/24/30周年广东二期箱内码', 'sap_code': '20002166', 'code': 'GC000052', 'desc': '箱内码促销纸皮'}, {'id': 53, 'name': '纸皮/普通型/250ML/24/30周年普通箱内码二期/2025', 'sap_code': '20002167', 'code': 'GC000053', 'desc': '箱内码促销纸皮'}]",纸皮,包材,红牛,8886,红牛维他命饮料（江苏）有限公司,YC00000008,位置⑤长度,是,到货检测,,储运部,品管部,定量,初检,150000,等于,张,,3,张,是,3,张,直尺,267±1,,mm,266.0000,268.0000,,1,复检,每次到货每3万张随机抽检3张，不足3万张按照3万张标准进行抽样检测。用直尺测量图示中相应位置尺寸。,若有不合格，取同一检测单元9张进行复检。,,2025-01-01,9999-12-31
338,,HWBT0348,001,禁用,Q/RW-TS-001-2023,"[{'id': 21, 'name': '纸皮/普通型/250ml', 'sap_code': '20000023', 'code': 'GC000021', 'desc': '普通型纸皮'}, {'id': 44, 'name': '纸皮/普通型/250ML/24/30周年版', 'sap_code': '20002030', 'code': 'GC000044', 'desc': '普通型纸皮'}, {'id': 46, 'name': '纸皮/普通型/250ML/30周年版/六罐装/包装', 'sap_code': '20002031', 'code': 'GC000046', 'desc': '六罐装纸皮'}, {'id': 48, 'name': '纸皮/强化型/250ml/蓝色/30周年版', 'sap_code': '20002033', 'code': 'GC000048', 'desc': '强化型纸皮'}, {'id': 50, 'name': '纸皮/普通型/250ML/24/2025新疆专供', 'sap_code': '20002076', 'code': 'GC000050', 'desc': '普通型纸皮'}, {'id': 51, 'name': '纸皮/普通型/250ML/24/30周年版/两元促销/台州专供二期', 'sap_code': '20002116', 'code': 'GC000051', 'desc': '非箱内码促销纸皮'}, {'id': 52, 'name': '纸皮/普通型/250ML/24/30周年广东二期箱内码', 'sap_code': '20002166', 'code': 'GC000052', 'desc': '箱内码促销纸皮'}, {'id': 53, 'name': '纸皮/普通型/250ML/24/30周年普通箱内码二期/2025', 'sap_code': '20002167', 'code': 'GC000053', 'desc': '箱内码促销纸皮'}]",纸皮,包材,红牛,8885,广东红牛维他命饮料有限公司,YC00000008,位置⑤长度,是,到货检测,,储运部,品管部,定量,初检,150000,等于,张,,3,张,是,3,张,直尺,272±2,,mm,270.0000,274.0000,,1,复检,每次到货每3万张随机抽检3张，不足3万张按照3万张标准进行抽样检测。用直尺测量图示中相应位置尺寸。,若有不合格，取同一检测单元9张进行复检。,,2025-01-01,9999-12-31
339,,HWBT0349,001,禁用,Q/RW-TS-001-2023,"[{'id': 21, 'name': '纸皮/普通型/250ml', 'sap_code': '20000023', 'code': 'GC000021', 'desc': '普通型纸皮'}, {'id': 44, 'name': '纸皮/普通型/250ML/24/30周年版', 'sap_code': '20002030', 'code': 'GC000044', 'desc': '普通型纸皮'}, {'id': 46, 'name': '纸皮/普通型/250ML/30周年版/六罐装/包装', 'sap_code': '20002031', 'code': 'GC000046', 'desc': '六罐装纸皮'}, {'id': 48, 'name': '纸皮/强化型/250ml/蓝色/30周年版', 'sap_code': '20002033', 'code': 'GC000048', 'desc': '强化型纸皮'}, {'id': 50, 'name': '纸皮/普通型/250ML/24/2025新疆专供', 'sap_code': '20002076', 'code': 'GC000050', 'desc': '普通型纸皮'}, {'id': 51, 'name': '纸皮/普通型/250ML/24/30周年版/两元促销/台州专供二期', 'sap_code': '20002116', 'code': 'GC000051', 'desc': '非箱内码促销纸皮'}, {'id': 52, 'name': '纸皮/普通型/250ML/24/30周年广东二期箱内码', 'sap_code': '20002166', 'code': 'GC000052', 'desc': '箱内码促销纸皮'}, {'id': 53, 'name': '纸皮/普通型/250ML/24/30周年普通箱内码二期/2025', 'sap_code': '20002167', 'code': 'GC000053', 'desc': '箱内码促销纸皮'}]",纸皮,包材,红牛,8880,红牛维他命饮料有限公司,YC00000008,位置⑤长度,是,到货检测,,储运部,品管部,定量,初检,150000,等于,张,,3,张,是,3,张,直尺,272±2,,mm,270.0000,274.0000,,1,复检,每次到货每3万张随机抽检3张，不足3万张按照3万张标准进行抽样检测。用直尺测量图示中相应位置尺寸。,若有不合格，取同一检测单元9张进行复检。,,2025-01-01,9999-12-31
340,,HWBT0350,001,禁用,Q/RW-TS-001-2023,"[{'id': 21, 'name': '纸皮/普通型/250ml', 'sap_code': '20000023', 'code': 'GC000021', 'desc': '普通型纸皮'}, {'id': 44, 'name': '纸皮/普通型/250ML/24/30周年版', 'sap_code': '20002030', 'code': 'GC000044', 'desc': '普通型纸皮'}, {'id': 46, 'name': '纸皮/普通型/250ML/30周年版/六罐装/包装', 'sap_code': '20002031', 'code': 'GC000046', 'desc': '六罐装纸皮'}, {'id': 48, 'name': '纸皮/强化型/250ml/蓝色/30周年版', 'sap_code': '20002033', 'code': 'GC000048', 'desc': '强化型纸皮'}, {'id': 50, 'name': '纸皮/普通型/250ML/24/2025新疆专供', 'sap_code': '20002076', 'code': 'GC000050', 'desc': '普通型纸皮'}, {'id': 51, 'name': '纸皮/普通型/250ML/24/30周年版/两元促销/台州专供二期', 'sap_code': '20002116', 'code': 'GC000051', 'desc': '非箱内码促销纸皮'}, {'id': 52, 'name': '纸皮/普通型/250ML/24/30周年广东二期箱内码', 'sap_code': '20002166', 'code': 'GC000052', 'desc': '箱内码促销纸皮'}, {'id': 53, 'name': '纸皮/普通型/250ML/24/30周年普通箱内码二期/2025', 'sap_code': '20002167', 'code': 'GC000053', 'desc': '箱内码促销纸皮'}]",纸皮,包材,红牛,8883,红牛维他命饮料（湖北）有限公司,YC00000008,位置⑤长度,是,到货检测,,储运部,品管部,定量,初检,150000,等于,张,,3,张,是,3,张,直尺,272±2,,mm,270.0000,274.0000,,1,复检,每次到货每3万张随机抽检3张，不足3万张按照3万张标准进行抽样检测。用直尺测量图示中相应位置尺寸。,若有不合格，取同一检测单元9张进行复检。,,2025-01-01,9999-12-31
341,,HWBT0351,001,禁用,Q/RW-TS-001-2023,"[{'id': 21, 'name': '纸皮/普通型/250ml', 'sap_code': '20000023', 'code': 'GC000021', 'desc': '普通型纸皮'}, {'id': 44, 'name': '纸皮/普通型/250ML/24/30周年版', 'sap_code': '20002030', 'code': 'GC000044', 'desc': '普通型纸皮'}, {'id': 46, 'name': '纸皮/普通型/250ML/30周年版/六罐装/包装', 'sap_code': '20002031', 'code': 'GC000046', 'desc': '六罐装纸皮'}, {'id': 48, 'name': '纸皮/强化型/250ml/蓝色/30周年版', 'sap_code': '20002033', 'code': 'GC000048', 'desc': '强化型纸皮'}, {'id': 50, 'name': '纸皮/普通型/250ML/24/2025新疆专供', 'sap_code': '20002076', 'code': 'GC000050', 'desc': '普通型纸皮'}, {'id': 51, 'name': '纸皮/普通型/250ML/24/30周年版/两元促销/台州专供二期', 'sap_code': '20002116', 'code': 'GC000051', 'desc': '非箱内码促销纸皮'}, {'id': 52, 'name': '纸皮/普通型/250ML/24/30周年广东二期箱内码', 'sap_code': '20002166', 'code': 'GC000052', 'desc': '箱内码促销纸皮'}, {'id': 53, 'name': '纸皮/普通型/250ML/24/30周年普通箱内码二期/2025', 'sap_code': '20002167', 'code': 'GC000053', 'desc': '箱内码促销纸皮'}]",纸皮,包材,红牛,,,YF00000026,位置⑤长度,是,到货检测,,储运部,品管部,定量,复检,150000,大于等于,张,,9,张,是,9,张,直尺,267±1,,mm,266.0000,268.0000,,1,不合格,从初检问题检测单元中取9张进行复检。,若仍有不合格，则判定该批次检测不合格。,,2025-01-01,9999-12-31
342,,HWBT0352,001,禁用,Q/RW-TS-001-2023,"[{'id': 21, 'name': '纸皮/普通型/250ml', 'sap_code': '20000023', 'code': 'GC000021', 'desc': '普通型纸皮'}, {'id': 44, 'name': '纸皮/普通型/250ML/24/30周年版', 'sap_code': '20002030', 'code': 'GC000044', 'desc': '普通型纸皮'}, {'id': 46, 'name': '纸皮/普通型/250ML/30周年版/六罐装/包装', 'sap_code': '20002031', 'code': 'GC000046', 'desc': '六罐装纸皮'}, {'id': 48, 'name': '纸皮/强化型/250ml/蓝色/30周年版', 'sap_code': '20002033', 'code': 'GC000048', 'desc': '强化型纸皮'}, {'id': 50, 'name': '纸皮/普通型/250ML/24/2025新疆专供', 'sap_code': '20002076', 'code': 'GC000050', 'desc': '普通型纸皮'}, {'id': 51, 'name': '纸皮/普通型/250ML/24/30周年版/两元促销/台州专供二期', 'sap_code': '20002116', 'code': 'GC000051', 'desc': '非箱内码促销纸皮'}, {'id': 52, 'name': '纸皮/普通型/250ML/24/30周年广东二期箱内码', 'sap_code': '20002166', 'code': 'GC000052', 'desc': '箱内码促销纸皮'}, {'id': 53, 'name': '纸皮/普通型/250ML/24/30周年普通箱内码二期/2025', 'sap_code': '20002167', 'code': 'GC000053', 'desc': '箱内码促销纸皮'}]",纸皮,包材,红牛,,,YF00000026,位置⑤长度,是,到货检测,,储运部,品管部,定量,复检,150000,大于等于,张,,9,张,是,9,张,直尺,267±1,,mm,266.0000,268.0000,,1,不合格,从初检问题检测单元中取9张进行复检。,若仍有不合格，则判定该批次检测不合格。,,2025-01-01,9999-12-31
343,,HWBT0353,001,禁用,Q/RW-TS-001-2023,"[{'id': 21, 'name': '纸皮/普通型/250ml', 'sap_code': '20000023', 'code': 'GC000021', 'desc': '普通型纸皮'}, {'id': 44, 'name': '纸皮/普通型/250ML/24/30周年版', 'sap_code': '20002030', 'code': 'GC000044', 'desc': '普通型纸皮'}, {'id': 46, 'name': '纸皮/普通型/250ML/30周年版/六罐装/包装', 'sap_code': '20002031', 'code': 'GC000046', 'desc': '六罐装纸皮'}, {'id': 48, 'name': '纸皮/强化型/250ml/蓝色/30周年版', 'sap_code': '20002033', 'code': 'GC000048', 'desc': '强化型纸皮'}, {'id': 50, 'name': '纸皮/普通型/250ML/24/2025新疆专供', 'sap_code': '20002076', 'code': 'GC000050', 'desc': '普通型纸皮'}, {'id': 51, 'name': '纸皮/普通型/250ML/24/30周年版/两元促销/台州专供二期', 'sap_code': '20002116', 'code': 'GC000051', 'desc': '非箱内码促销纸皮'}, {'id': 52, 'name': '纸皮/普通型/250ML/24/30周年广东二期箱内码', 'sap_code': '20002166', 'code': 'GC000052', 'desc': '箱内码促销纸皮'}, {'id': 53, 'name': '纸皮/普通型/250ML/24/30周年普通箱内码二期/2025', 'sap_code': '20002167', 'code': 'GC000053', 'desc': '箱内码促销纸皮'}]",纸皮,包材,红牛,,,YF00000026,位置⑤长度,是,到货检测,,储运部,品管部,定量,复检,150000,大于等于,张,,9,张,是,9,张,直尺,267±1,,mm,266.0000,268.0000,,1,不合格,从初检问题检测单元中取9张进行复检。,若仍有不合格，则判定该批次检测不合格。,,2025-01-01,9999-12-31
344,,HWBT0354,001,禁用,Q/RW-TS-001-2023,"[{'id': 21, 'name': '纸皮/普通型/250ml', 'sap_code': '20000023', 'code': 'GC000021', 'desc': '普通型纸皮'}, {'id': 44, 'name': '纸皮/普通型/250ML/24/30周年版', 'sap_code': '20002030', 'code': 'GC000044', 'desc': '普通型纸皮'}, {'id': 46, 'name': '纸皮/普通型/250ML/30周年版/六罐装/包装', 'sap_code': '20002031', 'code': 'GC000046', 'desc': '六罐装纸皮'}, {'id': 48, 'name': '纸皮/强化型/250ml/蓝色/30周年版', 'sap_code': '20002033', 'code': 'GC000048', 'desc': '强化型纸皮'}, {'id': 50, 'name': '纸皮/普通型/250ML/24/2025新疆专供', 'sap_code': '20002076', 'code': 'GC000050', 'desc': '普通型纸皮'}, {'id': 51, 'name': '纸皮/普通型/250ML/24/30周年版/两元促销/台州专供二期', 'sap_code': '20002116', 'code': 'GC000051', 'desc': '非箱内码促销纸皮'}, {'id': 52, 'name': '纸皮/普通型/250ML/24/30周年广东二期箱内码', 'sap_code': '20002166', 'code': 'GC000052', 'desc': '箱内码促销纸皮'}, {'id': 53, 'name': '纸皮/普通型/250ML/24/30周年普通箱内码二期/2025', 'sap_code': '20002167', 'code': 'GC000053', 'desc': '箱内码促销纸皮'}]",纸皮,包材,红牛,,,YF00000026,位置⑤长度,是,到货检测,,储运部,品管部,定量,复检,150000,大于等于,张,,9,张,是,9,张,直尺,214±2,,mm,212.0000,216.0000,,1,不合格,从初检问题检测单元中取9张进行复检。,若仍有不合格，则判定该批次检测不合格。,,2025-01-01,9999-12-31
345,,HWBT0355,001,禁用,Q/RW-TS-001-2023,"[{'id': 21, 'name': '纸皮/普通型/250ml', 'sap_code': '20000023', 'code': 'GC000021', 'desc': '普通型纸皮'}, {'id': 44, 'name': '纸皮/普通型/250ML/24/30周年版', 'sap_code': '20002030', 'code': 'GC000044', 'desc': '普通型纸皮'}, {'id': 46, 'name': '纸皮/普通型/250ML/30周年版/六罐装/包装', 'sap_code': '20002031', 'code': 'GC000046', 'desc': '六罐装纸皮'}, {'id': 48, 'name': '纸皮/强化型/250ml/蓝色/30周年版', 'sap_code': '20002033', 'code': 'GC000048', 'desc': '强化型纸皮'}, {'id': 50, 'name': '纸皮/普通型/250ML/24/2025新疆专供', 'sap_code': '20002076', 'code': 'GC000050', 'desc': '普通型纸皮'}, {'id': 51, 'name': '纸皮/普通型/250ML/24/30周年版/两元促销/台州专供二期', 'sap_code': '20002116', 'code': 'GC000051', 'desc': '非箱内码促销纸皮'}, {'id': 52, 'name': '纸皮/普通型/250ML/24/30周年广东二期箱内码', 'sap_code': '20002166', 'code': 'GC000052', 'desc': '箱内码促销纸皮'}, {'id': 53, 'name': '纸皮/普通型/250ML/24/30周年普通箱内码二期/2025', 'sap_code': '20002167', 'code': 'GC000053', 'desc': '箱内码促销纸皮'}]",纸皮,包材,红牛,8886,红牛维他命饮料（江苏）有限公司,YF00000026,位置⑤长度,是,到货检测,,储运部,品管部,定量,复检,150000,大于等于,张,,9,张,是,9,张,直尺,267±1,,mm,266.0000,268.0000,,1,不合格,从初检问题检测单元中取9张进行复检。,若仍有不合格，则判定该批次检测不合格。,,2025-01-01,9999-12-31
346,,HWBT0356,001,禁用,Q/RW-TS-001-2023,"[{'id': 21, 'name': '纸皮/普通型/250ml', 'sap_code': '20000023', 'code': 'GC000021', 'desc': '普通型纸皮'}, {'id': 44, 'name': '纸皮/普通型/250ML/24/30周年版', 'sap_code': '20002030', 'code': 'GC000044', 'desc': '普通型纸皮'}, {'id': 46, 'name': '纸皮/普通型/250ML/30周年版/六罐装/包装', 'sap_code': '20002031', 'code': 'GC000046', 'desc': '六罐装纸皮'}, {'id': 48, 'name': '纸皮/强化型/250ml/蓝色/30周年版', 'sap_code': '20002033', 'code': 'GC000048', 'desc': '强化型纸皮'}, {'id': 50, 'name': '纸皮/普通型/250ML/24/2025新疆专供', 'sap_code': '20002076', 'code': 'GC000050', 'desc': '普通型纸皮'}, {'id': 51, 'name': '纸皮/普通型/250ML/24/30周年版/两元促销/台州专供二期', 'sap_code': '20002116', 'code': 'GC000051', 'desc': '非箱内码促销纸皮'}, {'id': 52, 'name': '纸皮/普通型/250ML/24/30周年广东二期箱内码', 'sap_code': '20002166', 'code': 'GC000052', 'desc': '箱内码促销纸皮'}, {'id': 53, 'name': '纸皮/普通型/250ML/24/30周年普通箱内码二期/2025', 'sap_code': '20002167', 'code': 'GC000053', 'desc': '箱内码促销纸皮'}]",纸皮,包材,红牛,8885,广东红牛维他命饮料有限公司,YF00000026,位置⑤长度,是,到货检测,,储运部,品管部,定量,复检,150000,大于等于,张,,9,张,是,9,张,直尺,272±2,,mm,270.0000,274.0000,,1,不合格,从初检问题检测单元中取9张进行复检。,若仍有不合格，则判定该批次检测不合格。,,2025-01-01,9999-12-31
347,,HWBT0357,001,禁用,Q/RW-TS-001-2023,"[{'id': 21, 'name': '纸皮/普通型/250ml', 'sap_code': '20000023', 'code': 'GC000021', 'desc': '普通型纸皮'}, {'id': 44, 'name': '纸皮/普通型/250ML/24/30周年版', 'sap_code': '20002030', 'code': 'GC000044', 'desc': '普通型纸皮'}, {'id': 46, 'name': '纸皮/普通型/250ML/30周年版/六罐装/包装', 'sap_code': '20002031', 'code': 'GC000046', 'desc': '六罐装纸皮'}, {'id': 48, 'name': '纸皮/强化型/250ml/蓝色/30周年版', 'sap_code': '20002033', 'code': 'GC000048', 'desc': '强化型纸皮'}, {'id': 50, 'name': '纸皮/普通型/250ML/24/2025新疆专供', 'sap_code': '20002076', 'code': 'GC000050', 'desc': '普通型纸皮'}, {'id': 51, 'name': '纸皮/普通型/250ML/24/30周年版/两元促销/台州专供二期', 'sap_code': '20002116', 'code': 'GC000051', 'desc': '非箱内码促销纸皮'}, {'id': 52, 'name': '纸皮/普通型/250ML/24/30周年广东二期箱内码', 'sap_code': '20002166', 'code': 'GC000052', 'desc': '箱内码促销纸皮'}, {'id': 53, 'name': '纸皮/普通型/250ML/24/30周年普通箱内码二期/2025', 'sap_code': '20002167', 'code': 'GC000053', 'desc': '箱内码促销纸皮'}]",纸皮,包材,红牛,8880,红牛维他命饮料有限公司,YF00000026,位置⑤长度,是,到货检测,,储运部,品管部,定量,复检,150000,大于等于,张,,9,张,是,9,张,直尺,272±2,,mm,270.0000,274.0000,,1,不合格,从初检问题检测单元中取9张进行复检。,若仍有不合格，则判定该批次检测不合格。,,2025-01-01,9999-12-31
348,,HWBT0358,001,禁用,Q/RW-TS-001-2023,"[{'id': 21, 'name': '纸皮/普通型/250ml', 'sap_code': '20000023', 'code': 'GC000021', 'desc': '普通型纸皮'}, {'id': 44, 'name': '纸皮/普通型/250ML/24/30周年版', 'sap_code': '20002030', 'code': 'GC000044', 'desc': '普通型纸皮'}, {'id': 46, 'name': '纸皮/普通型/250ML/30周年版/六罐装/包装', 'sap_code': '20002031', 'code': 'GC000046', 'desc': '六罐装纸皮'}, {'id': 48, 'name': '纸皮/强化型/250ml/蓝色/30周年版', 'sap_code': '20002033', 'code': 'GC000048', 'desc': '强化型纸皮'}, {'id': 50, 'name': '纸皮/普通型/250ML/24/2025新疆专供', 'sap_code': '20002076', 'code': 'GC000050', 'desc': '普通型纸皮'}, {'id': 51, 'name': '纸皮/普通型/250ML/24/30周年版/两元促销/台州专供二期', 'sap_code': '20002116', 'code': 'GC000051', 'desc': '非箱内码促销纸皮'}, {'id': 52, 'name': '纸皮/普通型/250ML/24/30周年广东二期箱内码', 'sap_code': '20002166', 'code': 'GC000052', 'desc': '箱内码促销纸皮'}, {'id': 53, 'name': '纸皮/普通型/250ML/24/30周年普通箱内码二期/2025', 'sap_code': '20002167', 'code': 'GC000053', 'desc': '箱内码促销纸皮'}]",纸皮,包材,红牛,8883,红牛维他命饮料（湖北）有限公司,YF00000026,位置⑤长度,是,到货检测,,储运部,品管部,定量,复检,150000,大于等于,张,,9,张,是,9,张,直尺,272±2,,mm,270.0000,274.0000,,1,不合格,从初检问题检测单元中取9张进行复检。,若仍有不合格，则判定该批次检测不合格。,,2025-01-01,9999-12-31
349,,HWBT0359,001,禁用,Q/RW-TS-001-2023,"[{'id': 21, 'name': '纸皮/普通型/250ml', 'sap_code': '20000023', 'code': 'GC000021', 'desc': '普通型纸皮'}, {'id': 44, 'name': '纸皮/普通型/250ML/24/30周年版', 'sap_code': '20002030', 'code': 'GC000044', 'desc': '普通型纸皮'}, {'id': 46, 'name': '纸皮/普通型/250ML/30周年版/六罐装/包装', 'sap_code': '20002031', 'code': 'GC000046', 'desc': '六罐装纸皮'}, {'id': 48, 'name': '纸皮/强化型/250ml/蓝色/30周年版', 'sap_code': '20002033', 'code': 'GC000048', 'desc': '强化型纸皮'}, {'id': 50, 'name': '纸皮/普通型/250ML/24/2025新疆专供', 'sap_code': '20002076', 'code': 'GC000050', 'desc': '普通型纸皮'}, {'id': 51, 'name': '纸皮/普通型/250ML/24/30周年版/两元促销/台州专供二期', 'sap_code': '20002116', 'code': 'GC000051', 'desc': '非箱内码促销纸皮'}, {'id': 52, 'name': '纸皮/普通型/250ML/24/30周年广东二期箱内码', 'sap_code': '20002166', 'code': 'GC000052', 'desc': '箱内码促销纸皮'}, {'id': 53, 'name': '纸皮/普通型/250ML/24/30周年普通箱内码二期/2025', 'sap_code': '20002167', 'code': 'GC000053', 'desc': '箱内码促销纸皮'}]",纸皮,包材,红牛,,,YC00000008,位置⑥长度,是,到货检测,,储运部,品管部,定量,初检,150000,等于,张,,3,张,是,3,张,直尺,40±1,,mm,39.0000,41.0000,,1,复检,每次到货每3万张随机抽检3张，不足3万张按照3万张标准进行抽样检测。用直尺测量图示中相应位置尺寸。,若有不合格，取同一检测单元9张进行复检。,,2025-01-01,9999-12-31
350,,HWBT0360,001,禁用,Q/RW-TS-001-2023,"[{'id': 21, 'name': '纸皮/普通型/250ml', 'sap_code': '20000023', 'code': 'GC000021', 'desc': '普通型纸皮'}, {'id': 44, 'name': '纸皮/普通型/250ML/24/30周年版', 'sap_code': '20002030', 'code': 'GC000044', 'desc': '普通型纸皮'}, {'id': 46, 'name': '纸皮/普通型/250ML/30周年版/六罐装/包装', 'sap_code': '20002031', 'code': 'GC000046', 'desc': '六罐装纸皮'}, {'id': 48, 'name': '纸皮/强化型/250ml/蓝色/30周年版', 'sap_code': '20002033', 'code': 'GC000048', 'desc': '强化型纸皮'}, {'id': 50, 'name': '纸皮/普通型/250ML/24/2025新疆专供', 'sap_code': '20002076', 'code': 'GC000050', 'desc': '普通型纸皮'}, {'id': 51, 'name': '纸皮/普通型/250ML/24/30周年版/两元促销/台州专供二期', 'sap_code': '20002116', 'code': 'GC000051', 'desc': '非箱内码促销纸皮'}, {'id': 52, 'name': '纸皮/普通型/250ML/24/30周年广东二期箱内码', 'sap_code': '20002166', 'code': 'GC000052', 'desc': '箱内码促销纸皮'}, {'id': 53, 'name': '纸皮/普通型/250ML/24/30周年普通箱内码二期/2025', 'sap_code': '20002167', 'code': 'GC000053', 'desc': '箱内码促销纸皮'}]",纸皮,包材,红牛,,,YC00000008,位置⑥长度,是,到货检测,,储运部,品管部,定量,初检,150000,等于,张,,3,张,是,3,张,直尺,40±1,,mm,39.0000,41.0000,,1,复检,每次到货每3万张随机抽检3张，不足3万张按照3万张标准进行抽样检测。用直尺测量图示中相应位置尺寸。,若有不合格，取同一检测单元9张进行复检。,,2025-01-01,9999-12-31
351,,HWBT0361,001,禁用,Q/RW-TS-001-2023,"[{'id': 21, 'name': '纸皮/普通型/250ml', 'sap_code': '20000023', 'code': 'GC000021', 'desc': '普通型纸皮'}, {'id': 44, 'name': '纸皮/普通型/250ML/24/30周年版', 'sap_code': '20002030', 'code': 'GC000044', 'desc': '普通型纸皮'}, {'id': 46, 'name': '纸皮/普通型/250ML/30周年版/六罐装/包装', 'sap_code': '20002031', 'code': 'GC000046', 'desc': '六罐装纸皮'}, {'id': 48, 'name': '纸皮/强化型/250ml/蓝色/30周年版', 'sap_code': '20002033', 'code': 'GC000048', 'desc': '强化型纸皮'}, {'id': 50, 'name': '纸皮/普通型/250ML/24/2025新疆专供', 'sap_code': '20002076', 'code': 'GC000050', 'desc': '普通型纸皮'}, {'id': 51, 'name': '纸皮/普通型/250ML/24/30周年版/两元促销/台州专供二期', 'sap_code': '20002116', 'code': 'GC000051', 'desc': '非箱内码促销纸皮'}, {'id': 52, 'name': '纸皮/普通型/250ML/24/30周年广东二期箱内码', 'sap_code': '20002166', 'code': 'GC000052', 'desc': '箱内码促销纸皮'}, {'id': 53, 'name': '纸皮/普通型/250ML/24/30周年普通箱内码二期/2025', 'sap_code': '20002167', 'code': 'GC000053', 'desc': '箱内码促销纸皮'}]",纸皮,包材,红牛,,,YC00000008,位置⑥长度,是,到货检测,,储运部,品管部,定量,初检,150000,等于,张,,3,张,是,3,张,直尺,40±1,,mm,39.0000,41.0000,,1,复检,每次到货每3万张随机抽检3张，不足3万张按照3万张标准进行抽样检测。用直尺测量图示中相应位置尺寸。,若有不合格，取同一检测单元9张进行复检。,,2025-01-01,9999-12-31
352,,HWBT0362,001,禁用,Q/RW-TS-001-2023,"[{'id': 21, 'name': '纸皮/普通型/250ml', 'sap_code': '20000023', 'code': 'GC000021', 'desc': '普通型纸皮'}, {'id': 44, 'name': '纸皮/普通型/250ML/24/30周年版', 'sap_code': '20002030', 'code': 'GC000044', 'desc': '普通型纸皮'}, {'id': 46, 'name': '纸皮/普通型/250ML/30周年版/六罐装/包装', 'sap_code': '20002031', 'code': 'GC000046', 'desc': '六罐装纸皮'}, {'id': 48, 'name': '纸皮/强化型/250ml/蓝色/30周年版', 'sap_code': '20002033', 'code': 'GC000048', 'desc': '强化型纸皮'}, {'id': 50, 'name': '纸皮/普通型/250ML/24/2025新疆专供', 'sap_code': '20002076', 'code': 'GC000050', 'desc': '普通型纸皮'}, {'id': 51, 'name': '纸皮/普通型/250ML/24/30周年版/两元促销/台州专供二期', 'sap_code': '20002116', 'code': 'GC000051', 'desc': '非箱内码促销纸皮'}, {'id': 52, 'name': '纸皮/普通型/250ML/24/30周年广东二期箱内码', 'sap_code': '20002166', 'code': 'GC000052', 'desc': '箱内码促销纸皮'}, {'id': 53, 'name': '纸皮/普通型/250ML/24/30周年普通箱内码二期/2025', 'sap_code': '20002167', 'code': 'GC000053', 'desc': '箱内码促销纸皮'}]",纸皮,包材,红牛,,,YC00000008,位置⑥长度,是,到货检测,,储运部,品管部,定量,初检,150000,等于,张,,3,张,是,3,张,直尺,40±2,,mm,38.0000,42.0000,,1,复检,每次到货每3万张随机抽检3张，不足3万张按照3万张标准进行抽样检测。用直尺测量图示中相应位置尺寸。,若有不合格，取同一检测单元9张进行复检。,,2025-01-01,9999-12-31
353,,HWBT0363,001,禁用,Q/RW-TS-001-2023,"[{'id': 21, 'name': '纸皮/普通型/250ml', 'sap_code': '20000023', 'code': 'GC000021', 'desc': '普通型纸皮'}, {'id': 44, 'name': '纸皮/普通型/250ML/24/30周年版', 'sap_code': '20002030', 'code': 'GC000044', 'desc': '普通型纸皮'}, {'id': 46, 'name': '纸皮/普通型/250ML/30周年版/六罐装/包装', 'sap_code': '20002031', 'code': 'GC000046', 'desc': '六罐装纸皮'}, {'id': 48, 'name': '纸皮/强化型/250ml/蓝色/30周年版', 'sap_code': '20002033', 'code': 'GC000048', 'desc': '强化型纸皮'}, {'id': 50, 'name': '纸皮/普通型/250ML/24/2025新疆专供', 'sap_code': '20002076', 'code': 'GC000050', 'desc': '普通型纸皮'}, {'id': 51, 'name': '纸皮/普通型/250ML/24/30周年版/两元促销/台州专供二期', 'sap_code': '20002116', 'code': 'GC000051', 'desc': '非箱内码促销纸皮'}, {'id': 52, 'name': '纸皮/普通型/250ML/24/30周年广东二期箱内码', 'sap_code': '20002166', 'code': 'GC000052', 'desc': '箱内码促销纸皮'}, {'id': 53, 'name': '纸皮/普通型/250ML/24/30周年普通箱内码二期/2025', 'sap_code': '20002167', 'code': 'GC000053', 'desc': '箱内码促销纸皮'}]",纸皮,包材,红牛,8886,红牛维他命饮料（江苏）有限公司,YC00000008,位置⑥长度,是,到货检测,,储运部,品管部,定量,初检,150000,等于,张,,3,张,是,3,张,直尺,40±1,,mm,39.0000,41.0000,,1,复检,每次到货每3万张随机抽检3张，不足3万张按照3万张标准进行抽样检测。用直尺测量图示中相应位置尺寸。,若有不合格，取同一检测单元9张进行复检。,,2025-01-01,9999-12-31
354,,HWBT0364,001,禁用,Q/RW-TS-001-2023,"[{'id': 21, 'name': '纸皮/普通型/250ml', 'sap_code': '20000023', 'code': 'GC000021', 'desc': '普通型纸皮'}, {'id': 44, 'name': '纸皮/普通型/250ML/24/30周年版', 'sap_code': '20002030', 'code': 'GC000044', 'desc': '普通型纸皮'}, {'id': 46, 'name': '纸皮/普通型/250ML/30周年版/六罐装/包装', 'sap_code': '20002031', 'code': 'GC000046', 'desc': '六罐装纸皮'}, {'id': 48, 'name': '纸皮/强化型/250ml/蓝色/30周年版', 'sap_code': '20002033', 'code': 'GC000048', 'desc': '强化型纸皮'}, {'id': 50, 'name': '纸皮/普通型/250ML/24/2025新疆专供', 'sap_code': '20002076', 'code': 'GC000050', 'desc': '普通型纸皮'}, {'id': 51, 'name': '纸皮/普通型/250ML/24/30周年版/两元促销/台州专供二期', 'sap_code': '20002116', 'code': 'GC000051', 'desc': '非箱内码促销纸皮'}, {'id': 52, 'name': '纸皮/普通型/250ML/24/30周年广东二期箱内码', 'sap_code': '20002166', 'code': 'GC000052', 'desc': '箱内码促销纸皮'}, {'id': 53, 'name': '纸皮/普通型/250ML/24/30周年普通箱内码二期/2025', 'sap_code': '20002167', 'code': 'GC000053', 'desc': '箱内码促销纸皮'}]",纸皮,包材,红牛,8885,广东红牛维他命饮料有限公司,YC00000008,位置⑥长度,是,到货检测,,储运部,品管部,定量,初检,150000,等于,张,,3,张,是,3,张,直尺,40±2,,mm,38.0000,42.0000,,1,复检,每次到货每3万张随机抽检3张，不足3万张按照3万张标准进行抽样检测。用直尺测量图示中相应位置尺寸。,若有不合格，取同一检测单元9张进行复检。,,2025-01-01,9999-12-31
355,,HWBT0365,001,禁用,Q/RW-TS-001-2023,"[{'id': 21, 'name': '纸皮/普通型/250ml', 'sap_code': '20000023', 'code': 'GC000021', 'desc': '普通型纸皮'}, {'id': 44, 'name': '纸皮/普通型/250ML/24/30周年版', 'sap_code': '20002030', 'code': 'GC000044', 'desc': '普通型纸皮'}, {'id': 46, 'name': '纸皮/普通型/250ML/30周年版/六罐装/包装', 'sap_code': '20002031', 'code': 'GC000046', 'desc': '六罐装纸皮'}, {'id': 48, 'name': '纸皮/强化型/250ml/蓝色/30周年版', 'sap_code': '20002033', 'code': 'GC000048', 'desc': '强化型纸皮'}, {'id': 50, 'name': '纸皮/普通型/250ML/24/2025新疆专供', 'sap_code': '20002076', 'code': 'GC000050', 'desc': '普通型纸皮'}, {'id': 51, 'name': '纸皮/普通型/250ML/24/30周年版/两元促销/台州专供二期', 'sap_code': '20002116', 'code': 'GC000051', 'desc': '非箱内码促销纸皮'}, {'id': 52, 'name': '纸皮/普通型/250ML/24/30周年广东二期箱内码', 'sap_code': '20002166', 'code': 'GC000052', 'desc': '箱内码促销纸皮'}, {'id': 53, 'name': '纸皮/普通型/250ML/24/30周年普通箱内码二期/2025', 'sap_code': '20002167', 'code': 'GC000053', 'desc': '箱内码促销纸皮'}]",纸皮,包材,红牛,8880,红牛维他命饮料有限公司,YC00000008,位置⑥长度,是,到货检测,,储运部,品管部,定量,初检,150000,等于,张,,3,张,是,3,张,直尺,40±2,,mm,38.0000,42.0000,,1,复检,每次到货每3万张随机抽检3张，不足3万张按照3万张标准进行抽样检测。用直尺测量图示中相应位置尺寸。,若有不合格，取同一检测单元9张进行复检。,,2025-01-01,9999-12-31
356,,HWBT0366,001,禁用,Q/RW-TS-001-2023,"[{'id': 21, 'name': '纸皮/普通型/250ml', 'sap_code': '20000023', 'code': 'GC000021', 'desc': '普通型纸皮'}, {'id': 44, 'name': '纸皮/普通型/250ML/24/30周年版', 'sap_code': '20002030', 'code': 'GC000044', 'desc': '普通型纸皮'}, {'id': 46, 'name': '纸皮/普通型/250ML/30周年版/六罐装/包装', 'sap_code': '20002031', 'code': 'GC000046', 'desc': '六罐装纸皮'}, {'id': 48, 'name': '纸皮/强化型/250ml/蓝色/30周年版', 'sap_code': '20002033', 'code': 'GC000048', 'desc': '强化型纸皮'}, {'id': 50, 'name': '纸皮/普通型/250ML/24/2025新疆专供', 'sap_code': '20002076', 'code': 'GC000050', 'desc': '普通型纸皮'}, {'id': 51, 'name': '纸皮/普通型/250ML/24/30周年版/两元促销/台州专供二期', 'sap_code': '20002116', 'code': 'GC000051', 'desc': '非箱内码促销纸皮'}, {'id': 52, 'name': '纸皮/普通型/250ML/24/30周年广东二期箱内码', 'sap_code': '20002166', 'code': 'GC000052', 'desc': '箱内码促销纸皮'}, {'id': 53, 'name': '纸皮/普通型/250ML/24/30周年普通箱内码二期/2025', 'sap_code': '20002167', 'code': 'GC000053', 'desc': '箱内码促销纸皮'}]",纸皮,包材,红牛,8883,红牛维他命饮料（湖北）有限公司,YC00000008,位置⑥长度,是,到货检测,,储运部,品管部,定量,初检,150000,等于,张,,3,张,是,3,张,直尺,40±2,,mm,38.0000,42.0000,,1,复检,每次到货每3万张随机抽检3张，不足3万张按照3万张标准进行抽样检测。用直尺测量图示中相应位置尺寸。,若有不合格，取同一检测单元9张进行复检。,,2025-01-01,9999-12-31
357,,HWBT0367,001,禁用,Q/RW-TS-001-2023,"[{'id': 21, 'name': '纸皮/普通型/250ml', 'sap_code': '20000023', 'code': 'GC000021', 'desc': '普通型纸皮'}, {'id': 44, 'name': '纸皮/普通型/250ML/24/30周年版', 'sap_code': '20002030', 'code': 'GC000044', 'desc': '普通型纸皮'}, {'id': 46, 'name': '纸皮/普通型/250ML/30周年版/六罐装/包装', 'sap_code': '20002031', 'code': 'GC000046', 'desc': '六罐装纸皮'}, {'id': 48, 'name': '纸皮/强化型/250ml/蓝色/30周年版', 'sap_code': '20002033', 'code': 'GC000048', 'desc': '强化型纸皮'}, {'id': 50, 'name': '纸皮/普通型/250ML/24/2025新疆专供', 'sap_code': '20002076', 'code': 'GC000050', 'desc': '普通型纸皮'}, {'id': 51, 'name': '纸皮/普通型/250ML/24/30周年版/两元促销/台州专供二期', 'sap_code': '20002116', 'code': 'GC000051', 'desc': '非箱内码促销纸皮'}, {'id': 52, 'name': '纸皮/普通型/250ML/24/30周年广东二期箱内码', 'sap_code': '20002166', 'code': 'GC000052', 'desc': '箱内码促销纸皮'}, {'id': 53, 'name': '纸皮/普通型/250ML/24/30周年普通箱内码二期/2025', 'sap_code': '20002167', 'code': 'GC000053', 'desc': '箱内码促销纸皮'}]",纸皮,包材,红牛,,,YF00000026,位置⑥长度,是,到货检测,,储运部,品管部,定量,复检,150000,大于等于,张,,9,张,是,9,张,直尺,40±1,,mm,39.0000,41.0000,,1,不合格,从初检问题检测单元中取9张进行复检。,若仍有不合格，则判定该批次检测不合格。,,2025-01-01,9999-12-31
358,,HWBT0368,001,禁用,Q/RW-TS-001-2023,"[{'id': 21, 'name': '纸皮/普通型/250ml', 'sap_code': '20000023', 'code': 'GC000021', 'desc': '普通型纸皮'}, {'id': 44, 'name': '纸皮/普通型/250ML/24/30周年版', 'sap_code': '20002030', 'code': 'GC000044', 'desc': '普通型纸皮'}, {'id': 46, 'name': '纸皮/普通型/250ML/30周年版/六罐装/包装', 'sap_code': '20002031', 'code': 'GC000046', 'desc': '六罐装纸皮'}, {'id': 48, 'name': '纸皮/强化型/250ml/蓝色/30周年版', 'sap_code': '20002033', 'code': 'GC000048', 'desc': '强化型纸皮'}, {'id': 50, 'name': '纸皮/普通型/250ML/24/2025新疆专供', 'sap_code': '20002076', 'code': 'GC000050', 'desc': '普通型纸皮'}, {'id': 51, 'name': '纸皮/普通型/250ML/24/30周年版/两元促销/台州专供二期', 'sap_code': '20002116', 'code': 'GC000051', 'desc': '非箱内码促销纸皮'}, {'id': 52, 'name': '纸皮/普通型/250ML/24/30周年广东二期箱内码', 'sap_code': '20002166', 'code': 'GC000052', 'desc': '箱内码促销纸皮'}, {'id': 53, 'name': '纸皮/普通型/250ML/24/30周年普通箱内码二期/2025', 'sap_code': '20002167', 'code': 'GC000053', 'desc': '箱内码促销纸皮'}]",纸皮,包材,红牛,,,YF00000026,位置⑥长度,是,到货检测,,储运部,品管部,定量,复检,150000,大于等于,张,,9,张,是,9,张,直尺,40±1,,mm,39.0000,41.0000,,1,不合格,从初检问题检测单元中取9张进行复检。,若仍有不合格，则判定该批次检测不合格。,,2025-01-01,9999-12-31
359,,HWBT0369,001,禁用,Q/RW-TS-001-2023,"[{'id': 21, 'name': '纸皮/普通型/250ml', 'sap_code': '20000023', 'code': 'GC000021', 'desc': '普通型纸皮'}, {'id': 44, 'name': '纸皮/普通型/250ML/24/30周年版', 'sap_code': '20002030', 'code': 'GC000044', 'desc': '普通型纸皮'}, {'id': 46, 'name': '纸皮/普通型/250ML/30周年版/六罐装/包装', 'sap_code': '20002031', 'code': 'GC000046', 'desc': '六罐装纸皮'}, {'id': 48, 'name': '纸皮/强化型/250ml/蓝色/30周年版', 'sap_code': '20002033', 'code': 'GC000048', 'desc': '强化型纸皮'}, {'id': 50, 'name': '纸皮/普通型/250ML/24/2025新疆专供', 'sap_code': '20002076', 'code': 'GC000050', 'desc': '普通型纸皮'}, {'id': 51, 'name': '纸皮/普通型/250ML/24/30周年版/两元促销/台州专供二期', 'sap_code': '20002116', 'code': 'GC000051', 'desc': '非箱内码促销纸皮'}, {'id': 52, 'name': '纸皮/普通型/250ML/24/30周年广东二期箱内码', 'sap_code': '20002166', 'code': 'GC000052', 'desc': '箱内码促销纸皮'}, {'id': 53, 'name': '纸皮/普通型/250ML/24/30周年普通箱内码二期/2025', 'sap_code': '20002167', 'code': 'GC000053', 'desc': '箱内码促销纸皮'}]",纸皮,包材,红牛,,,YF00000026,位置⑥长度,是,到货检测,,储运部,品管部,定量,复检,150000,大于等于,张,,9,张,是,9,张,直尺,40±1,,mm,39.0000,41.0000,,1,不合格,从初检问题检测单元中取9张进行复检。,若仍有不合格，则判定该批次检测不合格。,,2025-01-01,9999-12-31
360,,HWBT0370,001,禁用,Q/RW-TS-001-2023,"[{'id': 21, 'name': '纸皮/普通型/250ml', 'sap_code': '20000023', 'code': 'GC000021', 'desc': '普通型纸皮'}, {'id': 44, 'name': '纸皮/普通型/250ML/24/30周年版', 'sap_code': '20002030', 'code': 'GC000044', 'desc': '普通型纸皮'}, {'id': 46, 'name': '纸皮/普通型/250ML/30周年版/六罐装/包装', 'sap_code': '20002031', 'code': 'GC000046', 'desc': '六罐装纸皮'}, {'id': 48, 'name': '纸皮/强化型/250ml/蓝色/30周年版', 'sap_code': '20002033', 'code': 'GC000048', 'desc': '强化型纸皮'}, {'id': 50, 'name': '纸皮/普通型/250ML/24/2025新疆专供', 'sap_code': '20002076', 'code': 'GC000050', 'desc': '普通型纸皮'}, {'id': 51, 'name': '纸皮/普通型/250ML/24/30周年版/两元促销/台州专供二期', 'sap_code': '20002116', 'code': 'GC000051', 'desc': '非箱内码促销纸皮'}, {'id': 52, 'name': '纸皮/普通型/250ML/24/30周年广东二期箱内码', 'sap_code': '20002166', 'code': 'GC000052', 'desc': '箱内码促销纸皮'}, {'id': 53, 'name': '纸皮/普通型/250ML/24/30周年普通箱内码二期/2025', 'sap_code': '20002167', 'code': 'GC000053', 'desc': '箱内码促销纸皮'}]",纸皮,包材,红牛,,,YF00000026,位置⑥长度,是,到货检测,,储运部,品管部,定量,复检,150000,大于等于,张,,9,张,是,9,张,直尺,40±2,,mm,38.0000,42.0000,,1,不合格,从初检问题检测单元中取9张进行复检。,若仍有不合格，则判定该批次检测不合格。,,2025-01-01,9999-12-31
361,,HWBT0371,001,禁用,Q/RW-TS-001-2023,"[{'id': 21, 'name': '纸皮/普通型/250ml', 'sap_code': '20000023', 'code': 'GC000021', 'desc': '普通型纸皮'}, {'id': 44, 'name': '纸皮/普通型/250ML/24/30周年版', 'sap_code': '20002030', 'code': 'GC000044', 'desc': '普通型纸皮'}, {'id': 46, 'name': '纸皮/普通型/250ML/30周年版/六罐装/包装', 'sap_code': '20002031', 'code': 'GC000046', 'desc': '六罐装纸皮'}, {'id': 48, 'name': '纸皮/强化型/250ml/蓝色/30周年版', 'sap_code': '20002033', 'code': 'GC000048', 'desc': '强化型纸皮'}, {'id': 50, 'name': '纸皮/普通型/250ML/24/2025新疆专供', 'sap_code': '20002076', 'code': 'GC000050', 'desc': '普通型纸皮'}, {'id': 51, 'name': '纸皮/普通型/250ML/24/30周年版/两元促销/台州专供二期', 'sap_code': '20002116', 'code': 'GC000051', 'desc': '非箱内码促销纸皮'}, {'id': 52, 'name': '纸皮/普通型/250ML/24/30周年广东二期箱内码', 'sap_code': '20002166', 'code': 'GC000052', 'desc': '箱内码促销纸皮'}, {'id': 53, 'name': '纸皮/普通型/250ML/24/30周年普通箱内码二期/2025', 'sap_code': '20002167', 'code': 'GC000053', 'desc': '箱内码促销纸皮'}]",纸皮,包材,红牛,8886,红牛维他命饮料（江苏）有限公司,YF00000026,位置⑥长度,是,到货检测,,储运部,品管部,定量,复检,150000,大于等于,张,,9,张,是,9,张,直尺,40±1,,mm,39.0000,41.0000,,1,不合格,从初检问题检测单元中取9张进行复检。,若仍有不合格，则判定该批次检测不合格。,,2025-01-01,9999-12-31
362,,HWBT0372,001,禁用,Q/RW-TS-001-2023,"[{'id': 21, 'name': '纸皮/普通型/250ml', 'sap_code': '20000023', 'code': 'GC000021', 'desc': '普通型纸皮'}, {'id': 44, 'name': '纸皮/普通型/250ML/24/30周年版', 'sap_code': '20002030', 'code': 'GC000044', 'desc': '普通型纸皮'}, {'id': 46, 'name': '纸皮/普通型/250ML/30周年版/六罐装/包装', 'sap_code': '20002031', 'code': 'GC000046', 'desc': '六罐装纸皮'}, {'id': 48, 'name': '纸皮/强化型/250ml/蓝色/30周年版', 'sap_code': '20002033', 'code': 'GC000048', 'desc': '强化型纸皮'}, {'id': 50, 'name': '纸皮/普通型/250ML/24/2025新疆专供', 'sap_code': '20002076', 'code': 'GC000050', 'desc': '普通型纸皮'}, {'id': 51, 'name': '纸皮/普通型/250ML/24/30周年版/两元促销/台州专供二期', 'sap_code': '20002116', 'code': 'GC000051', 'desc': '非箱内码促销纸皮'}, {'id': 52, 'name': '纸皮/普通型/250ML/24/30周年广东二期箱内码', 'sap_code': '20002166', 'code': 'GC000052', 'desc': '箱内码促销纸皮'}, {'id': 53, 'name': '纸皮/普通型/250ML/24/30周年普通箱内码二期/2025', 'sap_code': '20002167', 'code': 'GC000053', 'desc': '箱内码促销纸皮'}]",纸皮,包材,红牛,8885,广东红牛维他命饮料有限公司,YF00000026,位置⑥长度,是,到货检测,,储运部,品管部,定量,复检,150000,大于等于,张,,9,张,是,9,张,直尺,40±2,,mm,38.0000,42.0000,,1,不合格,从初检问题检测单元中取9张进行复检。,若仍有不合格，则判定该批次检测不合格。,,2025-01-01,9999-12-31
363,,HWBT0373,001,禁用,Q/RW-TS-001-2023,"[{'id': 21, 'name': '纸皮/普通型/250ml', 'sap_code': '20000023', 'code': 'GC000021', 'desc': '普通型纸皮'}, {'id': 44, 'name': '纸皮/普通型/250ML/24/30周年版', 'sap_code': '20002030', 'code': 'GC000044', 'desc': '普通型纸皮'}, {'id': 46, 'name': '纸皮/普通型/250ML/30周年版/六罐装/包装', 'sap_code': '20002031', 'code': 'GC000046', 'desc': '六罐装纸皮'}, {'id': 48, 'name': '纸皮/强化型/250ml/蓝色/30周年版', 'sap_code': '20002033', 'code': 'GC000048', 'desc': '强化型纸皮'}, {'id': 50, 'name': '纸皮/普通型/250ML/24/2025新疆专供', 'sap_code': '20002076', 'code': 'GC000050', 'desc': '普通型纸皮'}, {'id': 51, 'name': '纸皮/普通型/250ML/24/30周年版/两元促销/台州专供二期', 'sap_code': '20002116', 'code': 'GC000051', 'desc': '非箱内码促销纸皮'}, {'id': 52, 'name': '纸皮/普通型/250ML/24/30周年广东二期箱内码', 'sap_code': '20002166', 'code': 'GC000052', 'desc': '箱内码促销纸皮'}, {'id': 53, 'name': '纸皮/普通型/250ML/24/30周年普通箱内码二期/2025', 'sap_code': '20002167', 'code': 'GC000053', 'desc': '箱内码促销纸皮'}]",纸皮,包材,红牛,8880,红牛维他命饮料有限公司,YF00000026,位置⑥长度,是,到货检测,,储运部,品管部,定量,复检,150000,大于等于,张,,9,张,是,9,张,直尺,40±2,,mm,38.0000,42.0000,,1,不合格,从初检问题检测单元中取9张进行复检。,若仍有不合格，则判定该批次检测不合格。,,2025-01-01,9999-12-31
364,,HWBT0374,001,禁用,Q/RW-TS-001-2023,"[{'id': 21, 'name': '纸皮/普通型/250ml', 'sap_code': '20000023', 'code': 'GC000021', 'desc': '普通型纸皮'}, {'id': 44, 'name': '纸皮/普通型/250ML/24/30周年版', 'sap_code': '20002030', 'code': 'GC000044', 'desc': '普通型纸皮'}, {'id': 46, 'name': '纸皮/普通型/250ML/30周年版/六罐装/包装', 'sap_code': '20002031', 'code': 'GC000046', 'desc': '六罐装纸皮'}, {'id': 48, 'name': '纸皮/强化型/250ml/蓝色/30周年版', 'sap_code': '20002033', 'code': 'GC000048', 'desc': '强化型纸皮'}, {'id': 50, 'name': '纸皮/普通型/250ML/24/2025新疆专供', 'sap_code': '20002076', 'code': 'GC000050', 'desc': '普通型纸皮'}, {'id': 51, 'name': '纸皮/普通型/250ML/24/30周年版/两元促销/台州专供二期', 'sap_code': '20002116', 'code': 'GC000051', 'desc': '非箱内码促销纸皮'}, {'id': 52, 'name': '纸皮/普通型/250ML/24/30周年广东二期箱内码', 'sap_code': '20002166', 'code': 'GC000052', 'desc': '箱内码促销纸皮'}, {'id': 53, 'name': '纸皮/普通型/250ML/24/30周年普通箱内码二期/2025', 'sap_code': '20002167', 'code': 'GC000053', 'desc': '箱内码促销纸皮'}]",纸皮,包材,红牛,8883,红牛维他命饮料（湖北）有限公司,YF00000026,位置⑥长度,是,到货检测,,储运部,品管部,定量,复检,150000,大于等于,张,,9,张,是,9,张,直尺,40±2,,mm,38.0000,42.0000,,1,不合格,从初检问题检测单元中取9张进行复检。,若仍有不合格，则判定该批次检测不合格。,,2025-01-01,9999-12-31
365,,HWBT0375,001,禁用,Q/RW-TS-001-2023,"[{'id': 21, 'name': '纸皮/普通型/250ml', 'sap_code': '20000023', 'code': 'GC000021', 'desc': '普通型纸皮'}, {'id': 44, 'name': '纸皮/普通型/250ML/24/30周年版', 'sap_code': '20002030', 'code': 'GC000044', 'desc': '普通型纸皮'}, {'id': 46, 'name': '纸皮/普通型/250ML/30周年版/六罐装/包装', 'sap_code': '20002031', 'code': 'GC000046', 'desc': '六罐装纸皮'}, {'id': 48, 'name': '纸皮/强化型/250ml/蓝色/30周年版', 'sap_code': '20002033', 'code': 'GC000048', 'desc': '强化型纸皮'}, {'id': 50, 'name': '纸皮/普通型/250ML/24/2025新疆专供', 'sap_code': '20002076', 'code': 'GC000050', 'desc': '普通型纸皮'}, {'id': 51, 'name': '纸皮/普通型/250ML/24/30周年版/两元促销/台州专供二期', 'sap_code': '20002116', 'code': 'GC000051', 'desc': '非箱内码促销纸皮'}, {'id': 52, 'name': '纸皮/普通型/250ML/24/30周年广东二期箱内码', 'sap_code': '20002166', 'code': 'GC000052', 'desc': '箱内码促销纸皮'}, {'id': 53, 'name': '纸皮/普通型/250ML/24/30周年普通箱内码二期/2025', 'sap_code': '20002167', 'code': 'GC000053', 'desc': '箱内码促销纸皮'}]",纸皮,包材,红牛,,,YC00000008,位置⑦长度,是,到货检测,,储运部,品管部,定量,初检,150000,等于,张,,3,张,是,3,张,直尺,402±1,,mm,401.0000,403.0000,,1,复检,每次到货每3万张随机抽检3张，不足3万张按照3万张标准进行抽样检测。用直尺测量图示中相应位置尺寸。,若有不合格，取同一检测单元9张进行复检。,,2025-01-01,9999-12-31
366,,HWBT0376,001,禁用,Q/RW-TS-001-2023,"[{'id': 21, 'name': '纸皮/普通型/250ml', 'sap_code': '20000023', 'code': 'GC000021', 'desc': '普通型纸皮'}, {'id': 44, 'name': '纸皮/普通型/250ML/24/30周年版', 'sap_code': '20002030', 'code': 'GC000044', 'desc': '普通型纸皮'}, {'id': 46, 'name': '纸皮/普通型/250ML/30周年版/六罐装/包装', 'sap_code': '20002031', 'code': 'GC000046', 'desc': '六罐装纸皮'}, {'id': 48, 'name': '纸皮/强化型/250ml/蓝色/30周年版', 'sap_code': '20002033', 'code': 'GC000048', 'desc': '强化型纸皮'}, {'id': 50, 'name': '纸皮/普通型/250ML/24/2025新疆专供', 'sap_code': '20002076', 'code': 'GC000050', 'desc': '普通型纸皮'}, {'id': 51, 'name': '纸皮/普通型/250ML/24/30周年版/两元促销/台州专供二期', 'sap_code': '20002116', 'code': 'GC000051', 'desc': '非箱内码促销纸皮'}, {'id': 52, 'name': '纸皮/普通型/250ML/24/30周年广东二期箱内码', 'sap_code': '20002166', 'code': 'GC000052', 'desc': '箱内码促销纸皮'}, {'id': 53, 'name': '纸皮/普通型/250ML/24/30周年普通箱内码二期/2025', 'sap_code': '20002167', 'code': 'GC000053', 'desc': '箱内码促销纸皮'}]",纸皮,包材,红牛,,,YC00000008,位置⑦长度,是,到货检测,,储运部,品管部,定量,初检,150000,等于,张,,3,张,是,3,张,直尺,402±1,,mm,401.0000,403.0000,,1,复检,每次到货每3万张随机抽检3张，不足3万张按照3万张标准进行抽样检测。用直尺测量图示中相应位置尺寸。,若有不合格，取同一检测单元9张进行复检。,,2025-01-01,9999-12-31
367,,HWBT0377,001,禁用,Q/RW-TS-001-2023,"[{'id': 21, 'name': '纸皮/普通型/250ml', 'sap_code': '20000023', 'code': 'GC000021', 'desc': '普通型纸皮'}, {'id': 44, 'name': '纸皮/普通型/250ML/24/30周年版', 'sap_code': '20002030', 'code': 'GC000044', 'desc': '普通型纸皮'}, {'id': 46, 'name': '纸皮/普通型/250ML/30周年版/六罐装/包装', 'sap_code': '20002031', 'code': 'GC000046', 'desc': '六罐装纸皮'}, {'id': 48, 'name': '纸皮/强化型/250ml/蓝色/30周年版', 'sap_code': '20002033', 'code': 'GC000048', 'desc': '强化型纸皮'}, {'id': 50, 'name': '纸皮/普通型/250ML/24/2025新疆专供', 'sap_code': '20002076', 'code': 'GC000050', 'desc': '普通型纸皮'}, {'id': 51, 'name': '纸皮/普通型/250ML/24/30周年版/两元促销/台州专供二期', 'sap_code': '20002116', 'code': 'GC000051', 'desc': '非箱内码促销纸皮'}, {'id': 52, 'name': '纸皮/普通型/250ML/24/30周年广东二期箱内码', 'sap_code': '20002166', 'code': 'GC000052', 'desc': '箱内码促销纸皮'}, {'id': 53, 'name': '纸皮/普通型/250ML/24/30周年普通箱内码二期/2025', 'sap_code': '20002167', 'code': 'GC000053', 'desc': '箱内码促销纸皮'}]",纸皮,包材,红牛,,,YC00000008,位置⑦长度,是,到货检测,,储运部,品管部,定量,初检,150000,等于,张,,3,张,是,3,张,直尺,402±1,,mm,401.0000,403.0000,,1,复检,每次到货每3万张随机抽检3张，不足3万张按照3万张标准进行抽样检测。用直尺测量图示中相应位置尺寸。,若有不合格，取同一检测单元9张进行复检。,,2025-01-01,9999-12-31
368,,HWBT0378,001,禁用,Q/RW-TS-001-2023,"[{'id': 21, 'name': '纸皮/普通型/250ml', 'sap_code': '20000023', 'code': 'GC000021', 'desc': '普通型纸皮'}, {'id': 44, 'name': '纸皮/普通型/250ML/24/30周年版', 'sap_code': '20002030', 'code': 'GC000044', 'desc': '普通型纸皮'}, {'id': 46, 'name': '纸皮/普通型/250ML/30周年版/六罐装/包装', 'sap_code': '20002031', 'code': 'GC000046', 'desc': '六罐装纸皮'}, {'id': 48, 'name': '纸皮/强化型/250ml/蓝色/30周年版', 'sap_code': '20002033', 'code': 'GC000048', 'desc': '强化型纸皮'}, {'id': 50, 'name': '纸皮/普通型/250ML/24/2025新疆专供', 'sap_code': '20002076', 'code': 'GC000050', 'desc': '普通型纸皮'}, {'id': 51, 'name': '纸皮/普通型/250ML/24/30周年版/两元促销/台州专供二期', 'sap_code': '20002116', 'code': 'GC000051', 'desc': '非箱内码促销纸皮'}, {'id': 52, 'name': '纸皮/普通型/250ML/24/30周年广东二期箱内码', 'sap_code': '20002166', 'code': 'GC000052', 'desc': '箱内码促销纸皮'}, {'id': 53, 'name': '纸皮/普通型/250ML/24/30周年普通箱内码二期/2025', 'sap_code': '20002167', 'code': 'GC000053', 'desc': '箱内码促销纸皮'}]",纸皮,包材,红牛,,,YC00000008,位置⑦长度,是,到货检测,,储运部,品管部,定量,初检,150000,等于,张,,3,张,是,3,张,直尺,321±5,,mm,316.0000,326.0000,,1,复检,每次到货每3万张随机抽检3张，不足3万张按照3万张标准进行抽样检测。用直尺测量图示中相应位置尺寸。,若有不合格，取同一检测单元9张进行复检。,,2025-01-01,9999-12-31
369,,HWBT0379,001,禁用,Q/RW-TS-001-2023,"[{'id': 21, 'name': '纸皮/普通型/250ml', 'sap_code': '20000023', 'code': 'GC000021', 'desc': '普通型纸皮'}, {'id': 44, 'name': '纸皮/普通型/250ML/24/30周年版', 'sap_code': '20002030', 'code': 'GC000044', 'desc': '普通型纸皮'}, {'id': 46, 'name': '纸皮/普通型/250ML/30周年版/六罐装/包装', 'sap_code': '20002031', 'code': 'GC000046', 'desc': '六罐装纸皮'}, {'id': 48, 'name': '纸皮/强化型/250ml/蓝色/30周年版', 'sap_code': '20002033', 'code': 'GC000048', 'desc': '强化型纸皮'}, {'id': 50, 'name': '纸皮/普通型/250ML/24/2025新疆专供', 'sap_code': '20002076', 'code': 'GC000050', 'desc': '普通型纸皮'}, {'id': 51, 'name': '纸皮/普通型/250ML/24/30周年版/两元促销/台州专供二期', 'sap_code': '20002116', 'code': 'GC000051', 'desc': '非箱内码促销纸皮'}, {'id': 52, 'name': '纸皮/普通型/250ML/24/30周年广东二期箱内码', 'sap_code': '20002166', 'code': 'GC000052', 'desc': '箱内码促销纸皮'}, {'id': 53, 'name': '纸皮/普通型/250ML/24/30周年普通箱内码二期/2025', 'sap_code': '20002167', 'code': 'GC000053', 'desc': '箱内码促销纸皮'}]",纸皮,包材,红牛,8886,红牛维他命饮料（江苏）有限公司,YC00000008,位置⑦长度,是,到货检测,,储运部,品管部,定量,初检,150000,等于,张,,3,张,是,3,张,直尺,402±1,,mm,401.0000,403.0000,,1,复检,每次到货每3万张随机抽检3张，不足3万张按照3万张标准进行抽样检测。用直尺测量图示中相应位置尺寸。,若有不合格，取同一检测单元9张进行复检。,,2025-01-01,9999-12-31
370,,HWBT0380,001,禁用,Q/RW-TS-001-2023,"[{'id': 21, 'name': '纸皮/普通型/250ml', 'sap_code': '20000023', 'code': 'GC000021', 'desc': '普通型纸皮'}, {'id': 44, 'name': '纸皮/普通型/250ML/24/30周年版', 'sap_code': '20002030', 'code': 'GC000044', 'desc': '普通型纸皮'}, {'id': 46, 'name': '纸皮/普通型/250ML/30周年版/六罐装/包装', 'sap_code': '20002031', 'code': 'GC000046', 'desc': '六罐装纸皮'}, {'id': 48, 'name': '纸皮/强化型/250ml/蓝色/30周年版', 'sap_code': '20002033', 'code': 'GC000048', 'desc': '强化型纸皮'}, {'id': 50, 'name': '纸皮/普通型/250ML/24/2025新疆专供', 'sap_code': '20002076', 'code': 'GC000050', 'desc': '普通型纸皮'}, {'id': 51, 'name': '纸皮/普通型/250ML/24/30周年版/两元促销/台州专供二期', 'sap_code': '20002116', 'code': 'GC000051', 'desc': '非箱内码促销纸皮'}, {'id': 52, 'name': '纸皮/普通型/250ML/24/30周年广东二期箱内码', 'sap_code': '20002166', 'code': 'GC000052', 'desc': '箱内码促销纸皮'}, {'id': 53, 'name': '纸皮/普通型/250ML/24/30周年普通箱内码二期/2025', 'sap_code': '20002167', 'code': 'GC000053', 'desc': '箱内码促销纸皮'}]",纸皮,包材,红牛,8885,广东红牛维他命饮料有限公司,YC00000008,位置⑦长度,是,到货检测,,储运部,品管部,定量,初检,150000,等于,张,,3,张,是,3,张,直尺,406±2,,mm,404.0000,408.0000,,1,复检,每次到货每3万张随机抽检3张，不足3万张按照3万张标准进行抽样检测。用直尺测量图示中相应位置尺寸。,若有不合格，取同一检测单元9张进行复检。,,2025-01-01,9999-12-31
371,,HWBT0381,001,禁用,Q/RW-TS-001-2023,"[{'id': 21, 'name': '纸皮/普通型/250ml', 'sap_code': '20000023', 'code': 'GC000021', 'desc': '普通型纸皮'}, {'id': 44, 'name': '纸皮/普通型/250ML/24/30周年版', 'sap_code': '20002030', 'code': 'GC000044', 'desc': '普通型纸皮'}, {'id': 46, 'name': '纸皮/普通型/250ML/30周年版/六罐装/包装', 'sap_code': '20002031', 'code': 'GC000046', 'desc': '六罐装纸皮'}, {'id': 48, 'name': '纸皮/强化型/250ml/蓝色/30周年版', 'sap_code': '20002033', 'code': 'GC000048', 'desc': '强化型纸皮'}, {'id': 50, 'name': '纸皮/普通型/250ML/24/2025新疆专供', 'sap_code': '20002076', 'code': 'GC000050', 'desc': '普通型纸皮'}, {'id': 51, 'name': '纸皮/普通型/250ML/24/30周年版/两元促销/台州专供二期', 'sap_code': '20002116', 'code': 'GC000051', 'desc': '非箱内码促销纸皮'}, {'id': 52, 'name': '纸皮/普通型/250ML/24/30周年广东二期箱内码', 'sap_code': '20002166', 'code': 'GC000052', 'desc': '箱内码促销纸皮'}, {'id': 53, 'name': '纸皮/普通型/250ML/24/30周年普通箱内码二期/2025', 'sap_code': '20002167', 'code': 'GC000053', 'desc': '箱内码促销纸皮'}]",纸皮,包材,红牛,8880,红牛维他命饮料有限公司,YC00000008,位置⑦长度,是,到货检测,,储运部,品管部,定量,初检,150000,等于,张,,3,张,是,3,张,直尺,406±2,,mm,404.0000,408.0000,,1,复检,每次到货每3万张随机抽检3张，不足3万张按照3万张标准进行抽样检测。用直尺测量图示中相应位置尺寸。,若有不合格，取同一检测单元9张进行复检。,,2025-01-01,9999-12-31
372,,HWBT0382,001,禁用,Q/RW-TS-001-2023,"[{'id': 21, 'name': '纸皮/普通型/250ml', 'sap_code': '20000023', 'code': 'GC000021', 'desc': '普通型纸皮'}, {'id': 44, 'name': '纸皮/普通型/250ML/24/30周年版', 'sap_code': '20002030', 'code': 'GC000044', 'desc': '普通型纸皮'}, {'id': 46, 'name': '纸皮/普通型/250ML/30周年版/六罐装/包装', 'sap_code': '20002031', 'code': 'GC000046', 'desc': '六罐装纸皮'}, {'id': 48, 'name': '纸皮/强化型/250ml/蓝色/30周年版', 'sap_code': '20002033', 'code': 'GC000048', 'desc': '强化型纸皮'}, {'id': 50, 'name': '纸皮/普通型/250ML/24/2025新疆专供', 'sap_code': '20002076', 'code': 'GC000050', 'desc': '普通型纸皮'}, {'id': 51, 'name': '纸皮/普通型/250ML/24/30周年版/两元促销/台州专供二期', 'sap_code': '20002116', 'code': 'GC000051', 'desc': '非箱内码促销纸皮'}, {'id': 52, 'name': '纸皮/普通型/250ML/24/30周年广东二期箱内码', 'sap_code': '20002166', 'code': 'GC000052', 'desc': '箱内码促销纸皮'}, {'id': 53, 'name': '纸皮/普通型/250ML/24/30周年普通箱内码二期/2025', 'sap_code': '20002167', 'code': 'GC000053', 'desc': '箱内码促销纸皮'}]",纸皮,包材,红牛,8883,红牛维他命饮料（湖北）有限公司,YC00000008,位置⑦长度,是,到货检测,,储运部,品管部,定量,初检,150000,等于,张,,3,张,是,3,张,直尺,406±2,,mm,404.0000,408.0000,,1,复检,每次到货每3万张随机抽检3张，不足3万张按照3万张标准进行抽样检测。用直尺测量图示中相应位置尺寸。,若有不合格，取同一检测单元9张进行复检。,,2025-01-01,9999-12-31
373,,HWBT0383,001,禁用,Q/RW-TS-001-2023,"[{'id': 21, 'name': '纸皮/普通型/250ml', 'sap_code': '20000023', 'code': 'GC000021', 'desc': '普通型纸皮'}, {'id': 44, 'name': '纸皮/普通型/250ML/24/30周年版', 'sap_code': '20002030', 'code': 'GC000044', 'desc': '普通型纸皮'}, {'id': 46, 'name': '纸皮/普通型/250ML/30周年版/六罐装/包装', 'sap_code': '20002031', 'code': 'GC000046', 'desc': '六罐装纸皮'}, {'id': 48, 'name': '纸皮/强化型/250ml/蓝色/30周年版', 'sap_code': '20002033', 'code': 'GC000048', 'desc': '强化型纸皮'}, {'id': 50, 'name': '纸皮/普通型/250ML/24/2025新疆专供', 'sap_code': '20002076', 'code': 'GC000050', 'desc': '普通型纸皮'}, {'id': 51, 'name': '纸皮/普通型/250ML/24/30周年版/两元促销/台州专供二期', 'sap_code': '20002116', 'code': 'GC000051', 'desc': '非箱内码促销纸皮'}, {'id': 52, 'name': '纸皮/普通型/250ML/24/30周年广东二期箱内码', 'sap_code': '20002166', 'code': 'GC000052', 'desc': '箱内码促销纸皮'}, {'id': 53, 'name': '纸皮/普通型/250ML/24/30周年普通箱内码二期/2025', 'sap_code': '20002167', 'code': 'GC000053', 'desc': '箱内码促销纸皮'}]",纸皮,包材,红牛,,,YF00000026,位置⑦长度,是,到货检测,,储运部,品管部,定量,复检,150000,大于等于,张,,9,张,是,9,张,直尺,402±1,,mm,401.0000,403.0000,,1,不合格,从初检问题检测单元中取9张进行复检。,若仍有不合格，则判定该批次检测不合格。,,2025-01-01,9999-12-31
374,,HWBT0384,001,禁用,Q/RW-TS-001-2023,"[{'id': 21, 'name': '纸皮/普通型/250ml', 'sap_code': '20000023', 'code': 'GC000021', 'desc': '普通型纸皮'}, {'id': 44, 'name': '纸皮/普通型/250ML/24/30周年版', 'sap_code': '20002030', 'code': 'GC000044', 'desc': '普通型纸皮'}, {'id': 46, 'name': '纸皮/普通型/250ML/30周年版/六罐装/包装', 'sap_code': '20002031', 'code': 'GC000046', 'desc': '六罐装纸皮'}, {'id': 48, 'name': '纸皮/强化型/250ml/蓝色/30周年版', 'sap_code': '20002033', 'code': 'GC000048', 'desc': '强化型纸皮'}, {'id': 50, 'name': '纸皮/普通型/250ML/24/2025新疆专供', 'sap_code': '20002076', 'code': 'GC000050', 'desc': '普通型纸皮'}, {'id': 51, 'name': '纸皮/普通型/250ML/24/30周年版/两元促销/台州专供二期', 'sap_code': '20002116', 'code': 'GC000051', 'desc': '非箱内码促销纸皮'}, {'id': 52, 'name': '纸皮/普通型/250ML/24/30周年广东二期箱内码', 'sap_code': '20002166', 'code': 'GC000052', 'desc': '箱内码促销纸皮'}, {'id': 53, 'name': '纸皮/普通型/250ML/24/30周年普通箱内码二期/2025', 'sap_code': '20002167', 'code': 'GC000053', 'desc': '箱内码促销纸皮'}]",纸皮,包材,红牛,,,YF00000026,位置⑦长度,是,到货检测,,储运部,品管部,定量,复检,150000,大于等于,张,,9,张,是,9,张,直尺,402±1,,mm,401.0000,403.0000,,1,不合格,从初检问题检测单元中取9张进行复检。,若仍有不合格，则判定该批次检测不合格。,,2025-01-01,9999-12-31
375,,HWBT0385,001,禁用,Q/RW-TS-001-2023,"[{'id': 21, 'name': '纸皮/普通型/250ml', 'sap_code': '20000023', 'code': 'GC000021', 'desc': '普通型纸皮'}, {'id': 44, 'name': '纸皮/普通型/250ML/24/30周年版', 'sap_code': '20002030', 'code': 'GC000044', 'desc': '普通型纸皮'}, {'id': 46, 'name': '纸皮/普通型/250ML/30周年版/六罐装/包装', 'sap_code': '20002031', 'code': 'GC000046', 'desc': '六罐装纸皮'}, {'id': 48, 'name': '纸皮/强化型/250ml/蓝色/30周年版', 'sap_code': '20002033', 'code': 'GC000048', 'desc': '强化型纸皮'}, {'id': 50, 'name': '纸皮/普通型/250ML/24/2025新疆专供', 'sap_code': '20002076', 'code': 'GC000050', 'desc': '普通型纸皮'}, {'id': 51, 'name': '纸皮/普通型/250ML/24/30周年版/两元促销/台州专供二期', 'sap_code': '20002116', 'code': 'GC000051', 'desc': '非箱内码促销纸皮'}, {'id': 52, 'name': '纸皮/普通型/250ML/24/30周年广东二期箱内码', 'sap_code': '20002166', 'code': 'GC000052', 'desc': '箱内码促销纸皮'}, {'id': 53, 'name': '纸皮/普通型/250ML/24/30周年普通箱内码二期/2025', 'sap_code': '20002167', 'code': 'GC000053', 'desc': '箱内码促销纸皮'}]",纸皮,包材,红牛,,,YF00000026,位置⑦长度,是,到货检测,,储运部,品管部,定量,复检,150000,大于等于,张,,9,张,是,9,张,直尺,402±1,,mm,401.0000,403.0000,,1,不合格,从初检问题检测单元中取9张进行复检。,若仍有不合格，则判定该批次检测不合格。,,2025-01-01,9999-12-31
376,,HWBT0386,001,禁用,Q/RW-TS-001-2023,"[{'id': 21, 'name': '纸皮/普通型/250ml', 'sap_code': '20000023', 'code': 'GC000021', 'desc': '普通型纸皮'}, {'id': 44, 'name': '纸皮/普通型/250ML/24/30周年版', 'sap_code': '20002030', 'code': 'GC000044', 'desc': '普通型纸皮'}, {'id': 46, 'name': '纸皮/普通型/250ML/30周年版/六罐装/包装', 'sap_code': '20002031', 'code': 'GC000046', 'desc': '六罐装纸皮'}, {'id': 48, 'name': '纸皮/强化型/250ml/蓝色/30周年版', 'sap_code': '20002033', 'code': 'GC000048', 'desc': '强化型纸皮'}, {'id': 50, 'name': '纸皮/普通型/250ML/24/2025新疆专供', 'sap_code': '20002076', 'code': 'GC000050', 'desc': '普通型纸皮'}, {'id': 51, 'name': '纸皮/普通型/250ML/24/30周年版/两元促销/台州专供二期', 'sap_code': '20002116', 'code': 'GC000051', 'desc': '非箱内码促销纸皮'}, {'id': 52, 'name': '纸皮/普通型/250ML/24/30周年广东二期箱内码', 'sap_code': '20002166', 'code': 'GC000052', 'desc': '箱内码促销纸皮'}, {'id': 53, 'name': '纸皮/普通型/250ML/24/30周年普通箱内码二期/2025', 'sap_code': '20002167', 'code': 'GC000053', 'desc': '箱内码促销纸皮'}]",纸皮,包材,红牛,,,YF00000026,位置⑦长度,是,到货检测,,储运部,品管部,定量,复检,150000,大于等于,张,,9,张,是,9,张,直尺,321±5,,mm,316.0000,326.0000,,1,不合格,从初检问题检测单元中取9张进行复检。,若仍有不合格，则判定该批次检测不合格。,,2025-01-01,9999-12-31
377,,HWBT0387,001,禁用,Q/RW-TS-001-2023,"[{'id': 21, 'name': '纸皮/普通型/250ml', 'sap_code': '20000023', 'code': 'GC000021', 'desc': '普通型纸皮'}, {'id': 44, 'name': '纸皮/普通型/250ML/24/30周年版', 'sap_code': '20002030', 'code': 'GC000044', 'desc': '普通型纸皮'}, {'id': 46, 'name': '纸皮/普通型/250ML/30周年版/六罐装/包装', 'sap_code': '20002031', 'code': 'GC000046', 'desc': '六罐装纸皮'}, {'id': 48, 'name': '纸皮/强化型/250ml/蓝色/30周年版', 'sap_code': '20002033', 'code': 'GC000048', 'desc': '强化型纸皮'}, {'id': 50, 'name': '纸皮/普通型/250ML/24/2025新疆专供', 'sap_code': '20002076', 'code': 'GC000050', 'desc': '普通型纸皮'}, {'id': 51, 'name': '纸皮/普通型/250ML/24/30周年版/两元促销/台州专供二期', 'sap_code': '20002116', 'code': 'GC000051', 'desc': '非箱内码促销纸皮'}, {'id': 52, 'name': '纸皮/普通型/250ML/24/30周年广东二期箱内码', 'sap_code': '20002166', 'code': 'GC000052', 'desc': '箱内码促销纸皮'}, {'id': 53, 'name': '纸皮/普通型/250ML/24/30周年普通箱内码二期/2025', 'sap_code': '20002167', 'code': 'GC000053', 'desc': '箱内码促销纸皮'}]",纸皮,包材,红牛,8886,红牛维他命饮料（江苏）有限公司,YF00000026,位置⑦长度,是,到货检测,,储运部,品管部,定量,复检,150000,大于等于,张,,9,张,是,9,张,直尺,402±1,,mm,401.0000,403.0000,,1,不合格,从初检问题检测单元中取9张进行复检。,若仍有不合格，则判定该批次检测不合格。,,2025-01-01,9999-12-31
378,,HWBT0388,001,禁用,Q/RW-TS-001-2023,"[{'id': 21, 'name': '纸皮/普通型/250ml', 'sap_code': '20000023', 'code': 'GC000021', 'desc': '普通型纸皮'}, {'id': 44, 'name': '纸皮/普通型/250ML/24/30周年版', 'sap_code': '20002030', 'code': 'GC000044', 'desc': '普通型纸皮'}, {'id': 46, 'name': '纸皮/普通型/250ML/30周年版/六罐装/包装', 'sap_code': '20002031', 'code': 'GC000046', 'desc': '六罐装纸皮'}, {'id': 48, 'name': '纸皮/强化型/250ml/蓝色/30周年版', 'sap_code': '20002033', 'code': 'GC000048', 'desc': '强化型纸皮'}, {'id': 50, 'name': '纸皮/普通型/250ML/24/2025新疆专供', 'sap_code': '20002076', 'code': 'GC000050', 'desc': '普通型纸皮'}, {'id': 51, 'name': '纸皮/普通型/250ML/24/30周年版/两元促销/台州专供二期', 'sap_code': '20002116', 'code': 'GC000051', 'desc': '非箱内码促销纸皮'}, {'id': 52, 'name': '纸皮/普通型/250ML/24/30周年广东二期箱内码', 'sap_code': '20002166', 'code': 'GC000052', 'desc': '箱内码促销纸皮'}, {'id': 53, 'name': '纸皮/普通型/250ML/24/30周年普通箱内码二期/2025', 'sap_code': '20002167', 'code': 'GC000053', 'desc': '箱内码促销纸皮'}]",纸皮,包材,红牛,8885,广东红牛维他命饮料有限公司,YF00000026,位置⑦长度,是,到货检测,,储运部,品管部,定量,复检,150000,大于等于,张,,9,张,是,9,张,直尺,406±2,,mm,404.0000,408.0000,,1,不合格,从初检问题检测单元中取9张进行复检。,若仍有不合格，则判定该批次检测不合格。,,2025-01-01,9999-12-31
379,,HWBT0389,001,禁用,Q/RW-TS-001-2023,"[{'id': 21, 'name': '纸皮/普通型/250ml', 'sap_code': '20000023', 'code': 'GC000021', 'desc': '普通型纸皮'}, {'id': 44, 'name': '纸皮/普通型/250ML/24/30周年版', 'sap_code': '20002030', 'code': 'GC000044', 'desc': '普通型纸皮'}, {'id': 46, 'name': '纸皮/普通型/250ML/30周年版/六罐装/包装', 'sap_code': '20002031', 'code': 'GC000046', 'desc': '六罐装纸皮'}, {'id': 48, 'name': '纸皮/强化型/250ml/蓝色/30周年版', 'sap_code': '20002033', 'code': 'GC000048', 'desc': '强化型纸皮'}, {'id': 50, 'name': '纸皮/普通型/250ML/24/2025新疆专供', 'sap_code': '20002076', 'code': 'GC000050', 'desc': '普通型纸皮'}, {'id': 51, 'name': '纸皮/普通型/250ML/24/30周年版/两元促销/台州专供二期', 'sap_code': '20002116', 'code': 'GC000051', 'desc': '非箱内码促销纸皮'}, {'id': 52, 'name': '纸皮/普通型/250ML/24/30周年广东二期箱内码', 'sap_code': '20002166', 'code': 'GC000052', 'desc': '箱内码促销纸皮'}, {'id': 53, 'name': '纸皮/普通型/250ML/24/30周年普通箱内码二期/2025', 'sap_code': '20002167', 'code': 'GC000053', 'desc': '箱内码促销纸皮'}]",纸皮,包材,红牛,8880,红牛维他命饮料有限公司,YF00000026,位置⑦长度,是,到货检测,,储运部,品管部,定量,复检,150000,大于等于,张,,9,张,是,9,张,直尺,406±2,,mm,404.0000,408.0000,,1,不合格,从初检问题检测单元中取9张进行复检。,若仍有不合格，则判定该批次检测不合格。,,2025-01-01,9999-12-31
380,,HWBT0390,001,禁用,Q/RW-TS-001-2023,"[{'id': 21, 'name': '纸皮/普通型/250ml', 'sap_code': '20000023', 'code': 'GC000021', 'desc': '普通型纸皮'}, {'id': 44, 'name': '纸皮/普通型/250ML/24/30周年版', 'sap_code': '20002030', 'code': 'GC000044', 'desc': '普通型纸皮'}, {'id': 46, 'name': '纸皮/普通型/250ML/30周年版/六罐装/包装', 'sap_code': '20002031', 'code': 'GC000046', 'desc': '六罐装纸皮'}, {'id': 48, 'name': '纸皮/强化型/250ml/蓝色/30周年版', 'sap_code': '20002033', 'code': 'GC000048', 'desc': '强化型纸皮'}, {'id': 50, 'name': '纸皮/普通型/250ML/24/2025新疆专供', 'sap_code': '20002076', 'code': 'GC000050', 'desc': '普通型纸皮'}, {'id': 51, 'name': '纸皮/普通型/250ML/24/30周年版/两元促销/台州专供二期', 'sap_code': '20002116', 'code': 'GC000051', 'desc': '非箱内码促销纸皮'}, {'id': 52, 'name': '纸皮/普通型/250ML/24/30周年广东二期箱内码', 'sap_code': '20002166', 'code': 'GC000052', 'desc': '箱内码促销纸皮'}, {'id': 53, 'name': '纸皮/普通型/250ML/24/30周年普通箱内码二期/2025', 'sap_code': '20002167', 'code': 'GC000053', 'desc': '箱内码促销纸皮'}]",纸皮,包材,红牛,8883,红牛维他命饮料（湖北）有限公司,YF00000026,位置⑦长度,是,到货检测,,储运部,品管部,定量,复检,150000,大于等于,张,,9,张,是,9,张,直尺,406±2,,mm,404.0000,408.0000,,1,不合格,从初检问题检测单元中取9张进行复检。,若仍有不合格，则判定该批次检测不合格。,,2025-01-01,9999-12-31
381,,HWBT0391,001,禁用,Q/RW-TS-001-2023,"[{'id': 21, 'name': '纸皮/普通型/250ml', 'sap_code': '20000023', 'code': 'GC000021', 'desc': '普通型纸皮'}, {'id': 44, 'name': '纸皮/普通型/250ML/24/30周年版', 'sap_code': '20002030', 'code': 'GC000044', 'desc': '普通型纸皮'}, {'id': 46, 'name': '纸皮/普通型/250ML/30周年版/六罐装/包装', 'sap_code': '20002031', 'code': 'GC000046', 'desc': '六罐装纸皮'}, {'id': 48, 'name': '纸皮/强化型/250ml/蓝色/30周年版', 'sap_code': '20002033', 'code': 'GC000048', 'desc': '强化型纸皮'}, {'id': 50, 'name': '纸皮/普通型/250ML/24/2025新疆专供', 'sap_code': '20002076', 'code': 'GC000050', 'desc': '普通型纸皮'}, {'id': 51, 'name': '纸皮/普通型/250ML/24/30周年版/两元促销/台州专供二期', 'sap_code': '20002116', 'code': 'GC000051', 'desc': '非箱内码促销纸皮'}, {'id': 52, 'name': '纸皮/普通型/250ML/24/30周年广东二期箱内码', 'sap_code': '20002166', 'code': 'GC000052', 'desc': '箱内码促销纸皮'}, {'id': 53, 'name': '纸皮/普通型/250ML/24/30周年普通箱内码二期/2025', 'sap_code': '20002167', 'code': 'GC000053', 'desc': '箱内码促销纸皮'}]",纸皮,包材,红牛,,,YC00000008,位置⑧长度,是,到货检测,,储运部,品管部,定量,初检,150000,等于,张,,3,张,是,3,张,直尺,488±1,,mm,487.0000,489.0000,,1,复检,每次到货每3万张随机抽检3张，不足3万张按照3万张标准进行抽样检测。用直尺测量图示中相应位置尺寸。,若有不合格，取同一检测单元9张进行复检。,,2025-01-01,9999-12-31
382,,HWBT0392,001,禁用,Q/RW-TS-001-2023,"[{'id': 21, 'name': '纸皮/普通型/250ml', 'sap_code': '20000023', 'code': 'GC000021', 'desc': '普通型纸皮'}, {'id': 44, 'name': '纸皮/普通型/250ML/24/30周年版', 'sap_code': '20002030', 'code': 'GC000044', 'desc': '普通型纸皮'}, {'id': 46, 'name': '纸皮/普通型/250ML/30周年版/六罐装/包装', 'sap_code': '20002031', 'code': 'GC000046', 'desc': '六罐装纸皮'}, {'id': 48, 'name': '纸皮/强化型/250ml/蓝色/30周年版', 'sap_code': '20002033', 'code': 'GC000048', 'desc': '强化型纸皮'}, {'id': 50, 'name': '纸皮/普通型/250ML/24/2025新疆专供', 'sap_code': '20002076', 'code': 'GC000050', 'desc': '普通型纸皮'}, {'id': 51, 'name': '纸皮/普通型/250ML/24/30周年版/两元促销/台州专供二期', 'sap_code': '20002116', 'code': 'GC000051', 'desc': '非箱内码促销纸皮'}, {'id': 52, 'name': '纸皮/普通型/250ML/24/30周年广东二期箱内码', 'sap_code': '20002166', 'code': 'GC000052', 'desc': '箱内码促销纸皮'}, {'id': 53, 'name': '纸皮/普通型/250ML/24/30周年普通箱内码二期/2025', 'sap_code': '20002167', 'code': 'GC000053', 'desc': '箱内码促销纸皮'}]",纸皮,包材,红牛,,,YC00000008,位置⑧长度,是,到货检测,,储运部,品管部,定量,初检,150000,等于,张,,3,张,是,3,张,直尺,488±1,,mm,487.0000,489.0000,,1,复检,每次到货每3万张随机抽检3张，不足3万张按照3万张标准进行抽样检测。用直尺测量图示中相应位置尺寸。,若有不合格，取同一检测单元9张进行复检。,,2025-01-01,9999-12-31
383,,HWBT0393,001,禁用,Q/RW-TS-001-2023,"[{'id': 21, 'name': '纸皮/普通型/250ml', 'sap_code': '20000023', 'code': 'GC000021', 'desc': '普通型纸皮'}, {'id': 44, 'name': '纸皮/普通型/250ML/24/30周年版', 'sap_code': '20002030', 'code': 'GC000044', 'desc': '普通型纸皮'}, {'id': 46, 'name': '纸皮/普通型/250ML/30周年版/六罐装/包装', 'sap_code': '20002031', 'code': 'GC000046', 'desc': '六罐装纸皮'}, {'id': 48, 'name': '纸皮/强化型/250ml/蓝色/30周年版', 'sap_code': '20002033', 'code': 'GC000048', 'desc': '强化型纸皮'}, {'id': 50, 'name': '纸皮/普通型/250ML/24/2025新疆专供', 'sap_code': '20002076', 'code': 'GC000050', 'desc': '普通型纸皮'}, {'id': 51, 'name': '纸皮/普通型/250ML/24/30周年版/两元促销/台州专供二期', 'sap_code': '20002116', 'code': 'GC000051', 'desc': '非箱内码促销纸皮'}, {'id': 52, 'name': '纸皮/普通型/250ML/24/30周年广东二期箱内码', 'sap_code': '20002166', 'code': 'GC000052', 'desc': '箱内码促销纸皮'}, {'id': 53, 'name': '纸皮/普通型/250ML/24/30周年普通箱内码二期/2025', 'sap_code': '20002167', 'code': 'GC000053', 'desc': '箱内码促销纸皮'}]",纸皮,包材,红牛,,,YC00000008,位置⑧长度,是,到货检测,,储运部,品管部,定量,初检,150000,等于,张,,3,张,是,3,张,直尺,488±1,,mm,487.0000,489.0000,,1,复检,每次到货每3万张随机抽检3张，不足3万张按照3万张标准进行抽样检测。用直尺测量图示中相应位置尺寸。,若有不合格，取同一检测单元9张进行复检。,,2025-01-01,9999-12-31
384,,HWBT0394,001,禁用,Q/RW-TS-001-2023,"[{'id': 21, 'name': '纸皮/普通型/250ml', 'sap_code': '20000023', 'code': 'GC000021', 'desc': '普通型纸皮'}, {'id': 44, 'name': '纸皮/普通型/250ML/24/30周年版', 'sap_code': '20002030', 'code': 'GC000044', 'desc': '普通型纸皮'}, {'id': 46, 'name': '纸皮/普通型/250ML/30周年版/六罐装/包装', 'sap_code': '20002031', 'code': 'GC000046', 'desc': '六罐装纸皮'}, {'id': 48, 'name': '纸皮/强化型/250ml/蓝色/30周年版', 'sap_code': '20002033', 'code': 'GC000048', 'desc': '强化型纸皮'}, {'id': 50, 'name': '纸皮/普通型/250ML/24/2025新疆专供', 'sap_code': '20002076', 'code': 'GC000050', 'desc': '普通型纸皮'}, {'id': 51, 'name': '纸皮/普通型/250ML/24/30周年版/两元促销/台州专供二期', 'sap_code': '20002116', 'code': 'GC000051', 'desc': '非箱内码促销纸皮'}, {'id': 52, 'name': '纸皮/普通型/250ML/24/30周年广东二期箱内码', 'sap_code': '20002166', 'code': 'GC000052', 'desc': '箱内码促销纸皮'}, {'id': 53, 'name': '纸皮/普通型/250ML/24/30周年普通箱内码二期/2025', 'sap_code': '20002167', 'code': 'GC000053', 'desc': '箱内码促销纸皮'}]",纸皮,包材,红牛,,,YC00000008,位置⑧长度,是,到货检测,,储运部,品管部,定量,初检,150000,等于,张,,3,张,是,3,张,直尺,445±5,,mm,440.0000,450.0000,,1,复检,每次到货每3万张随机抽检3张，不足3万张按照3万张标准进行抽样检测。用直尺测量图示中相应位置尺寸。,若有不合格，取同一检测单元9张进行复检。,,2025-01-01,9999-12-31
385,,HWBT0395,001,禁用,Q/RW-TS-001-2023,"[{'id': 21, 'name': '纸皮/普通型/250ml', 'sap_code': '20000023', 'code': 'GC000021', 'desc': '普通型纸皮'}, {'id': 44, 'name': '纸皮/普通型/250ML/24/30周年版', 'sap_code': '20002030', 'code': 'GC000044', 'desc': '普通型纸皮'}, {'id': 46, 'name': '纸皮/普通型/250ML/30周年版/六罐装/包装', 'sap_code': '20002031', 'code': 'GC000046', 'desc': '六罐装纸皮'}, {'id': 48, 'name': '纸皮/强化型/250ml/蓝色/30周年版', 'sap_code': '20002033', 'code': 'GC000048', 'desc': '强化型纸皮'}, {'id': 50, 'name': '纸皮/普通型/250ML/24/2025新疆专供', 'sap_code': '20002076', 'code': 'GC000050', 'desc': '普通型纸皮'}, {'id': 51, 'name': '纸皮/普通型/250ML/24/30周年版/两元促销/台州专供二期', 'sap_code': '20002116', 'code': 'GC000051', 'desc': '非箱内码促销纸皮'}, {'id': 52, 'name': '纸皮/普通型/250ML/24/30周年广东二期箱内码', 'sap_code': '20002166', 'code': 'GC000052', 'desc': '箱内码促销纸皮'}, {'id': 53, 'name': '纸皮/普通型/250ML/24/30周年普通箱内码二期/2025', 'sap_code': '20002167', 'code': 'GC000053', 'desc': '箱内码促销纸皮'}]",纸皮,包材,红牛,8886,红牛维他命饮料（江苏）有限公司,YC00000008,位置⑧长度,是,到货检测,,储运部,品管部,定量,初检,150000,等于,张,,3,张,是,3,张,直尺,488±1,,mm,487.0000,489.0000,,1,复检,每次到货每3万张随机抽检3张，不足3万张按照3万张标准进行抽样检测。用直尺测量图示中相应位置尺寸。,若有不合格，取同一检测单元9张进行复检。,,2025-01-01,9999-12-31
386,,HWBT0396,001,禁用,Q/RW-TS-001-2023,"[{'id': 21, 'name': '纸皮/普通型/250ml', 'sap_code': '20000023', 'code': 'GC000021', 'desc': '普通型纸皮'}, {'id': 44, 'name': '纸皮/普通型/250ML/24/30周年版', 'sap_code': '20002030', 'code': 'GC000044', 'desc': '普通型纸皮'}, {'id': 46, 'name': '纸皮/普通型/250ML/30周年版/六罐装/包装', 'sap_code': '20002031', 'code': 'GC000046', 'desc': '六罐装纸皮'}, {'id': 48, 'name': '纸皮/强化型/250ml/蓝色/30周年版', 'sap_code': '20002033', 'code': 'GC000048', 'desc': '强化型纸皮'}, {'id': 50, 'name': '纸皮/普通型/250ML/24/2025新疆专供', 'sap_code': '20002076', 'code': 'GC000050', 'desc': '普通型纸皮'}, {'id': 51, 'name': '纸皮/普通型/250ML/24/30周年版/两元促销/台州专供二期', 'sap_code': '20002116', 'code': 'GC000051', 'desc': '非箱内码促销纸皮'}, {'id': 52, 'name': '纸皮/普通型/250ML/24/30周年广东二期箱内码', 'sap_code': '20002166', 'code': 'GC000052', 'desc': '箱内码促销纸皮'}, {'id': 53, 'name': '纸皮/普通型/250ML/24/30周年普通箱内码二期/2025', 'sap_code': '20002167', 'code': 'GC000053', 'desc': '箱内码促销纸皮'}]",纸皮,包材,红牛,8885,广东红牛维他命饮料有限公司,YC00000008,位置⑧长度,是,到货检测,,储运部,品管部,定量,初检,150000,等于,张,,3,张,是,3,张,直尺,492±2,,mm,490.0000,494.0000,,1,复检,每次到货每3万张随机抽检3张，不足3万张按照3万张标准进行抽样检测。用直尺测量图示中相应位置尺寸。,若有不合格，取同一检测单元9张进行复检。,,2025-01-01,9999-12-31
387,,HWBT0397,001,禁用,Q/RW-TS-001-2023,"[{'id': 21, 'name': '纸皮/普通型/250ml', 'sap_code': '20000023', 'code': 'GC000021', 'desc': '普通型纸皮'}, {'id': 44, 'name': '纸皮/普通型/250ML/24/30周年版', 'sap_code': '20002030', 'code': 'GC000044', 'desc': '普通型纸皮'}, {'id': 46, 'name': '纸皮/普通型/250ML/30周年版/六罐装/包装', 'sap_code': '20002031', 'code': 'GC000046', 'desc': '六罐装纸皮'}, {'id': 48, 'name': '纸皮/强化型/250ml/蓝色/30周年版', 'sap_code': '20002033', 'code': 'GC000048', 'desc': '强化型纸皮'}, {'id': 50, 'name': '纸皮/普通型/250ML/24/2025新疆专供', 'sap_code': '20002076', 'code': 'GC000050', 'desc': '普通型纸皮'}, {'id': 51, 'name': '纸皮/普通型/250ML/24/30周年版/两元促销/台州专供二期', 'sap_code': '20002116', 'code': 'GC000051', 'desc': '非箱内码促销纸皮'}, {'id': 52, 'name': '纸皮/普通型/250ML/24/30周年广东二期箱内码', 'sap_code': '20002166', 'code': 'GC000052', 'desc': '箱内码促销纸皮'}, {'id': 53, 'name': '纸皮/普通型/250ML/24/30周年普通箱内码二期/2025', 'sap_code': '20002167', 'code': 'GC000053', 'desc': '箱内码促销纸皮'}]",纸皮,包材,红牛,8880,红牛维他命饮料有限公司,YC00000008,位置⑧长度,是,到货检测,,储运部,品管部,定量,初检,150000,等于,张,,3,张,是,3,张,直尺,492±2,,mm,490.0000,494.0000,,1,复检,每次到货每3万张随机抽检3张，不足3万张按照3万张标准进行抽样检测。用直尺测量图示中相应位置尺寸。,若有不合格，取同一检测单元9张进行复检。,,2025-01-01,9999-12-31
388,,HWBT0398,001,禁用,Q/RW-TS-001-2023,"[{'id': 21, 'name': '纸皮/普通型/250ml', 'sap_code': '20000023', 'code': 'GC000021', 'desc': '普通型纸皮'}, {'id': 44, 'name': '纸皮/普通型/250ML/24/30周年版', 'sap_code': '20002030', 'code': 'GC000044', 'desc': '普通型纸皮'}, {'id': 46, 'name': '纸皮/普通型/250ML/30周年版/六罐装/包装', 'sap_code': '20002031', 'code': 'GC000046', 'desc': '六罐装纸皮'}, {'id': 48, 'name': '纸皮/强化型/250ml/蓝色/30周年版', 'sap_code': '20002033', 'code': 'GC000048', 'desc': '强化型纸皮'}, {'id': 50, 'name': '纸皮/普通型/250ML/24/2025新疆专供', 'sap_code': '20002076', 'code': 'GC000050', 'desc': '普通型纸皮'}, {'id': 51, 'name': '纸皮/普通型/250ML/24/30周年版/两元促销/台州专供二期', 'sap_code': '20002116', 'code': 'GC000051', 'desc': '非箱内码促销纸皮'}, {'id': 52, 'name': '纸皮/普通型/250ML/24/30周年广东二期箱内码', 'sap_code': '20002166', 'code': 'GC000052', 'desc': '箱内码促销纸皮'}, {'id': 53, 'name': '纸皮/普通型/250ML/24/30周年普通箱内码二期/2025', 'sap_code': '20002167', 'code': 'GC000053', 'desc': '箱内码促销纸皮'}]",纸皮,包材,红牛,8883,红牛维他命饮料（湖北）有限公司,YC00000008,位置⑧长度,是,到货检测,,储运部,品管部,定量,初检,150000,等于,张,,3,张,是,3,张,直尺,492±2,,mm,490.0000,494.0000,,1,复检,每次到货每3万张随机抽检3张，不足3万张按照3万张标准进行抽样检测。用直尺测量图示中相应位置尺寸。,若有不合格，取同一检测单元9张进行复检。,,2025-01-01,9999-12-31
389,,HWBT0399,001,禁用,Q/RW-TS-001-2023,"[{'id': 21, 'name': '纸皮/普通型/250ml', 'sap_code': '20000023', 'code': 'GC000021', 'desc': '普通型纸皮'}, {'id': 44, 'name': '纸皮/普通型/250ML/24/30周年版', 'sap_code': '20002030', 'code': 'GC000044', 'desc': '普通型纸皮'}, {'id': 46, 'name': '纸皮/普通型/250ML/30周年版/六罐装/包装', 'sap_code': '20002031', 'code': 'GC000046', 'desc': '六罐装纸皮'}, {'id': 48, 'name': '纸皮/强化型/250ml/蓝色/30周年版', 'sap_code': '20002033', 'code': 'GC000048', 'desc': '强化型纸皮'}, {'id': 50, 'name': '纸皮/普通型/250ML/24/2025新疆专供', 'sap_code': '20002076', 'code': 'GC000050', 'desc': '普通型纸皮'}, {'id': 51, 'name': '纸皮/普通型/250ML/24/30周年版/两元促销/台州专供二期', 'sap_code': '20002116', 'code': 'GC000051', 'desc': '非箱内码促销纸皮'}, {'id': 52, 'name': '纸皮/普通型/250ML/24/30周年广东二期箱内码', 'sap_code': '20002166', 'code': 'GC000052', 'desc': '箱内码促销纸皮'}, {'id': 53, 'name': '纸皮/普通型/250ML/24/30周年普通箱内码二期/2025', 'sap_code': '20002167', 'code': 'GC000053', 'desc': '箱内码促销纸皮'}]",纸皮,包材,红牛,,,YF00000026,位置⑧长度,是,到货检测,,储运部,品管部,定量,复检,150000,大于等于,张,,9,张,是,9,张,直尺,488±1,,mm,487.0000,489.0000,,1,不合格,从初检问题检测单元中取9张进行复检。,若仍有不合格，则判定该批次检测不合格。,,2025-01-01,9999-12-31
390,,HWBT0400,001,禁用,Q/RW-TS-001-2023,"[{'id': 21, 'name': '纸皮/普通型/250ml', 'sap_code': '20000023', 'code': 'GC000021', 'desc': '普通型纸皮'}, {'id': 44, 'name': '纸皮/普通型/250ML/24/30周年版', 'sap_code': '20002030', 'code': 'GC000044', 'desc': '普通型纸皮'}, {'id': 46, 'name': '纸皮/普通型/250ML/30周年版/六罐装/包装', 'sap_code': '20002031', 'code': 'GC000046', 'desc': '六罐装纸皮'}, {'id': 48, 'name': '纸皮/强化型/250ml/蓝色/30周年版', 'sap_code': '20002033', 'code': 'GC000048', 'desc': '强化型纸皮'}, {'id': 50, 'name': '纸皮/普通型/250ML/24/2025新疆专供', 'sap_code': '20002076', 'code': 'GC000050', 'desc': '普通型纸皮'}, {'id': 51, 'name': '纸皮/普通型/250ML/24/30周年版/两元促销/台州专供二期', 'sap_code': '20002116', 'code': 'GC000051', 'desc': '非箱内码促销纸皮'}, {'id': 52, 'name': '纸皮/普通型/250ML/24/30周年广东二期箱内码', 'sap_code': '20002166', 'code': 'GC000052', 'desc': '箱内码促销纸皮'}, {'id': 53, 'name': '纸皮/普通型/250ML/24/30周年普通箱内码二期/2025', 'sap_code': '20002167', 'code': 'GC000053', 'desc': '箱内码促销纸皮'}]",纸皮,包材,红牛,,,YF00000026,位置⑧长度,是,到货检测,,储运部,品管部,定量,复检,150000,大于等于,张,,9,张,是,9,张,直尺,488±1,,mm,487.0000,489.0000,,1,不合格,从初检问题检测单元中取9张进行复检。,若仍有不合格，则判定该批次检测不合格。,,2025-01-01,9999-12-31
391,,HWBT0401,001,禁用,Q/RW-TS-001-2023,"[{'id': 21, 'name': '纸皮/普通型/250ml', 'sap_code': '20000023', 'code': 'GC000021', 'desc': '普通型纸皮'}, {'id': 44, 'name': '纸皮/普通型/250ML/24/30周年版', 'sap_code': '20002030', 'code': 'GC000044', 'desc': '普通型纸皮'}, {'id': 46, 'name': '纸皮/普通型/250ML/30周年版/六罐装/包装', 'sap_code': '20002031', 'code': 'GC000046', 'desc': '六罐装纸皮'}, {'id': 48, 'name': '纸皮/强化型/250ml/蓝色/30周年版', 'sap_code': '20002033', 'code': 'GC000048', 'desc': '强化型纸皮'}, {'id': 50, 'name': '纸皮/普通型/250ML/24/2025新疆专供', 'sap_code': '20002076', 'code': 'GC000050', 'desc': '普通型纸皮'}, {'id': 51, 'name': '纸皮/普通型/250ML/24/30周年版/两元促销/台州专供二期', 'sap_code': '20002116', 'code': 'GC000051', 'desc': '非箱内码促销纸皮'}, {'id': 52, 'name': '纸皮/普通型/250ML/24/30周年广东二期箱内码', 'sap_code': '20002166', 'code': 'GC000052', 'desc': '箱内码促销纸皮'}, {'id': 53, 'name': '纸皮/普通型/250ML/24/30周年普通箱内码二期/2025', 'sap_code': '20002167', 'code': 'GC000053', 'desc': '箱内码促销纸皮'}]",纸皮,包材,红牛,,,YF00000026,位置⑧长度,是,到货检测,,储运部,品管部,定量,复检,150000,大于等于,张,,9,张,是,9,张,直尺,488±1,,mm,487.0000,489.0000,,1,不合格,从初检问题检测单元中取9张进行复检。,若仍有不合格，则判定该批次检测不合格。,,2025-01-01,9999-12-31
392,,HWBT0402,001,禁用,Q/RW-TS-001-2023,"[{'id': 21, 'name': '纸皮/普通型/250ml', 'sap_code': '20000023', 'code': 'GC000021', 'desc': '普通型纸皮'}, {'id': 44, 'name': '纸皮/普通型/250ML/24/30周年版', 'sap_code': '20002030', 'code': 'GC000044', 'desc': '普通型纸皮'}, {'id': 46, 'name': '纸皮/普通型/250ML/30周年版/六罐装/包装', 'sap_code': '20002031', 'code': 'GC000046', 'desc': '六罐装纸皮'}, {'id': 48, 'name': '纸皮/强化型/250ml/蓝色/30周年版', 'sap_code': '20002033', 'code': 'GC000048', 'desc': '强化型纸皮'}, {'id': 50, 'name': '纸皮/普通型/250ML/24/2025新疆专供', 'sap_code': '20002076', 'code': 'GC000050', 'desc': '普通型纸皮'}, {'id': 51, 'name': '纸皮/普通型/250ML/24/30周年版/两元促销/台州专供二期', 'sap_code': '20002116', 'code': 'GC000051', 'desc': '非箱内码促销纸皮'}, {'id': 52, 'name': '纸皮/普通型/250ML/24/30周年广东二期箱内码', 'sap_code': '20002166', 'code': 'GC000052', 'desc': '箱内码促销纸皮'}, {'id': 53, 'name': '纸皮/普通型/250ML/24/30周年普通箱内码二期/2025', 'sap_code': '20002167', 'code': 'GC000053', 'desc': '箱内码促销纸皮'}]",纸皮,包材,红牛,,,YF00000026,位置⑧长度,是,到货检测,,储运部,品管部,定量,复检,150000,大于等于,张,,9,张,是,9,张,直尺,445±5,,mm,440.0000,450.0000,,1,不合格,从初检问题检测单元中取9张进行复检。,若仍有不合格，则判定该批次检测不合格。,,2025-01-01,9999-12-31
393,,HWBT0403,001,禁用,Q/RW-TS-001-2023,"[{'id': 21, 'name': '纸皮/普通型/250ml', 'sap_code': '20000023', 'code': 'GC000021', 'desc': '普通型纸皮'}, {'id': 44, 'name': '纸皮/普通型/250ML/24/30周年版', 'sap_code': '20002030', 'code': 'GC000044', 'desc': '普通型纸皮'}, {'id': 46, 'name': '纸皮/普通型/250ML/30周年版/六罐装/包装', 'sap_code': '20002031', 'code': 'GC000046', 'desc': '六罐装纸皮'}, {'id': 48, 'name': '纸皮/强化型/250ml/蓝色/30周年版', 'sap_code': '20002033', 'code': 'GC000048', 'desc': '强化型纸皮'}, {'id': 50, 'name': '纸皮/普通型/250ML/24/2025新疆专供', 'sap_code': '20002076', 'code': 'GC000050', 'desc': '普通型纸皮'}, {'id': 51, 'name': '纸皮/普通型/250ML/24/30周年版/两元促销/台州专供二期', 'sap_code': '20002116', 'code': 'GC000051', 'desc': '非箱内码促销纸皮'}, {'id': 52, 'name': '纸皮/普通型/250ML/24/30周年广东二期箱内码', 'sap_code': '20002166', 'code': 'GC000052', 'desc': '箱内码促销纸皮'}, {'id': 53, 'name': '纸皮/普通型/250ML/24/30周年普通箱内码二期/2025', 'sap_code': '20002167', 'code': 'GC000053', 'desc': '箱内码促销纸皮'}]",纸皮,包材,红牛,8886,红牛维他命饮料（江苏）有限公司,YF00000026,位置⑧长度,是,到货检测,,储运部,品管部,定量,复检,150000,大于等于,张,,9,张,是,9,张,直尺,488±1,,mm,487.0000,489.0000,,1,不合格,从初检问题检测单元中取9张进行复检。,若仍有不合格，则判定该批次检测不合格。,,2025-01-01,9999-12-31
394,,HWBT0404,001,禁用,Q/RW-TS-001-2023,"[{'id': 21, 'name': '纸皮/普通型/250ml', 'sap_code': '20000023', 'code': 'GC000021', 'desc': '普通型纸皮'}, {'id': 44, 'name': '纸皮/普通型/250ML/24/30周年版', 'sap_code': '20002030', 'code': 'GC000044', 'desc': '普通型纸皮'}, {'id': 46, 'name': '纸皮/普通型/250ML/30周年版/六罐装/包装', 'sap_code': '20002031', 'code': 'GC000046', 'desc': '六罐装纸皮'}, {'id': 48, 'name': '纸皮/强化型/250ml/蓝色/30周年版', 'sap_code': '20002033', 'code': 'GC000048', 'desc': '强化型纸皮'}, {'id': 50, 'name': '纸皮/普通型/250ML/24/2025新疆专供', 'sap_code': '20002076', 'code': 'GC000050', 'desc': '普通型纸皮'}, {'id': 51, 'name': '纸皮/普通型/250ML/24/30周年版/两元促销/台州专供二期', 'sap_code': '20002116', 'code': 'GC000051', 'desc': '非箱内码促销纸皮'}, {'id': 52, 'name': '纸皮/普通型/250ML/24/30周年广东二期箱内码', 'sap_code': '20002166', 'code': 'GC000052', 'desc': '箱内码促销纸皮'}, {'id': 53, 'name': '纸皮/普通型/250ML/24/30周年普通箱内码二期/2025', 'sap_code': '20002167', 'code': 'GC000053', 'desc': '箱内码促销纸皮'}]",纸皮,包材,红牛,8885,广东红牛维他命饮料有限公司,YF00000026,位置⑧长度,是,到货检测,,储运部,品管部,定量,复检,150000,大于等于,张,,9,张,是,9,张,直尺,492±2,,mm,490.0000,494.0000,,1,不合格,从初检问题检测单元中取9张进行复检。,若仍有不合格，则判定该批次检测不合格。,,2025-01-01,9999-12-31
395,,HWBT0405,001,禁用,Q/RW-TS-001-2023,"[{'id': 21, 'name': '纸皮/普通型/250ml', 'sap_code': '20000023', 'code': 'GC000021', 'desc': '普通型纸皮'}, {'id': 44, 'name': '纸皮/普通型/250ML/24/30周年版', 'sap_code': '20002030', 'code': 'GC000044', 'desc': '普通型纸皮'}, {'id': 46, 'name': '纸皮/普通型/250ML/30周年版/六罐装/包装', 'sap_code': '20002031', 'code': 'GC000046', 'desc': '六罐装纸皮'}, {'id': 48, 'name': '纸皮/强化型/250ml/蓝色/30周年版', 'sap_code': '20002033', 'code': 'GC000048', 'desc': '强化型纸皮'}, {'id': 50, 'name': '纸皮/普通型/250ML/24/2025新疆专供', 'sap_code': '20002076', 'code': 'GC000050', 'desc': '普通型纸皮'}, {'id': 51, 'name': '纸皮/普通型/250ML/24/30周年版/两元促销/台州专供二期', 'sap_code': '20002116', 'code': 'GC000051', 'desc': '非箱内码促销纸皮'}, {'id': 52, 'name': '纸皮/普通型/250ML/24/30周年广东二期箱内码', 'sap_code': '20002166', 'code': 'GC000052', 'desc': '箱内码促销纸皮'}, {'id': 53, 'name': '纸皮/普通型/250ML/24/30周年普通箱内码二期/2025', 'sap_code': '20002167', 'code': 'GC000053', 'desc': '箱内码促销纸皮'}]",纸皮,包材,红牛,8880,红牛维他命饮料有限公司,YF00000026,位置⑧长度,是,到货检测,,储运部,品管部,定量,复检,150000,大于等于,张,,9,张,是,9,张,直尺,492±2,,mm,490.0000,494.0000,,1,不合格,从初检问题检测单元中取9张进行复检。,若仍有不合格，则判定该批次检测不合格。,,2025-01-01,9999-12-31
396,,HWBT0406,001,禁用,Q/RW-TS-001-2023,"[{'id': 21, 'name': '纸皮/普通型/250ml', 'sap_code': '20000023', 'code': 'GC000021', 'desc': '普通型纸皮'}, {'id': 44, 'name': '纸皮/普通型/250ML/24/30周年版', 'sap_code': '20002030', 'code': 'GC000044', 'desc': '普通型纸皮'}, {'id': 46, 'name': '纸皮/普通型/250ML/30周年版/六罐装/包装', 'sap_code': '20002031', 'code': 'GC000046', 'desc': '六罐装纸皮'}, {'id': 48, 'name': '纸皮/强化型/250ml/蓝色/30周年版', 'sap_code': '20002033', 'code': 'GC000048', 'desc': '强化型纸皮'}, {'id': 50, 'name': '纸皮/普通型/250ML/24/2025新疆专供', 'sap_code': '20002076', 'code': 'GC000050', 'desc': '普通型纸皮'}, {'id': 51, 'name': '纸皮/普通型/250ML/24/30周年版/两元促销/台州专供二期', 'sap_code': '20002116', 'code': 'GC000051', 'desc': '非箱内码促销纸皮'}, {'id': 52, 'name': '纸皮/普通型/250ML/24/30周年广东二期箱内码', 'sap_code': '20002166', 'code': 'GC000052', 'desc': '箱内码促销纸皮'}, {'id': 53, 'name': '纸皮/普通型/250ML/24/30周年普通箱内码二期/2025', 'sap_code': '20002167', 'code': 'GC000053', 'desc': '箱内码促销纸皮'}]",纸皮,包材,红牛,8883,红牛维他命饮料（湖北）有限公司,YF00000026,位置⑧长度,是,到货检测,,储运部,品管部,定量,复检,150000,大于等于,张,,9,张,是,9,张,直尺,492±2,,mm,490.0000,494.0000,,1,不合格,从初检问题检测单元中取9张进行复检。,若仍有不合格，则判定该批次检测不合格。,,2025-01-01,9999-12-31
397,,HWBT0407,001,禁用,Q/RW-TS-001-2023,"[{'id': 21, 'name': '纸皮/普通型/250ml', 'sap_code': '20000023', 'code': 'GC000021', 'desc': '普通型纸皮'}, {'id': 44, 'name': '纸皮/普通型/250ML/24/30周年版', 'sap_code': '20002030', 'code': 'GC000044', 'desc': '普通型纸皮'}, {'id': 46, 'name': '纸皮/普通型/250ML/30周年版/六罐装/包装', 'sap_code': '20002031', 'code': 'GC000046', 'desc': '六罐装纸皮'}, {'id': 48, 'name': '纸皮/强化型/250ml/蓝色/30周年版', 'sap_code': '20002033', 'code': 'GC000048', 'desc': '强化型纸皮'}, {'id': 50, 'name': '纸皮/普通型/250ML/24/2025新疆专供', 'sap_code': '20002076', 'code': 'GC000050', 'desc': '普通型纸皮'}, {'id': 51, 'name': '纸皮/普通型/250ML/24/30周年版/两元促销/台州专供二期', 'sap_code': '20002116', 'code': 'GC000051', 'desc': '非箱内码促销纸皮'}, {'id': 52, 'name': '纸皮/普通型/250ML/24/30周年广东二期箱内码', 'sap_code': '20002166', 'code': 'GC000052', 'desc': '箱内码促销纸皮'}, {'id': 53, 'name': '纸皮/普通型/250ML/24/30周年普通箱内码二期/2025', 'sap_code': '20002167', 'code': 'GC000053', 'desc': '箱内码促销纸皮'}]",纸皮,包材,红牛,,,YC00000008,位置⑨长度,是,到货检测,,储运部,品管部,定量,初检,150000,等于,张,,3,张,是,3,张,直尺,43±1,,mm,42.0000,44.0000,,1,复检,每次到货每3万张随机抽检3张，不足3万张按照3万张标准进行抽样检测。用直尺测量图示中相应位置尺寸。,若有不合格，取同一检测单元9张进行复检。,,2025-01-01,9999-12-31
398,,HWBT0408,001,禁用,Q/RW-TS-001-2023,"[{'id': 21, 'name': '纸皮/普通型/250ml', 'sap_code': '20000023', 'code': 'GC000021', 'desc': '普通型纸皮'}, {'id': 44, 'name': '纸皮/普通型/250ML/24/30周年版', 'sap_code': '20002030', 'code': 'GC000044', 'desc': '普通型纸皮'}, {'id': 46, 'name': '纸皮/普通型/250ML/30周年版/六罐装/包装', 'sap_code': '20002031', 'code': 'GC000046', 'desc': '六罐装纸皮'}, {'id': 48, 'name': '纸皮/强化型/250ml/蓝色/30周年版', 'sap_code': '20002033', 'code': 'GC000048', 'desc': '强化型纸皮'}, {'id': 50, 'name': '纸皮/普通型/250ML/24/2025新疆专供', 'sap_code': '20002076', 'code': 'GC000050', 'desc': '普通型纸皮'}, {'id': 51, 'name': '纸皮/普通型/250ML/24/30周年版/两元促销/台州专供二期', 'sap_code': '20002116', 'code': 'GC000051', 'desc': '非箱内码促销纸皮'}, {'id': 52, 'name': '纸皮/普通型/250ML/24/30周年广东二期箱内码', 'sap_code': '20002166', 'code': 'GC000052', 'desc': '箱内码促销纸皮'}, {'id': 53, 'name': '纸皮/普通型/250ML/24/30周年普通箱内码二期/2025', 'sap_code': '20002167', 'code': 'GC000053', 'desc': '箱内码促销纸皮'}]",纸皮,包材,红牛,,,YC00000008,位置⑨长度,是,到货检测,,储运部,品管部,定量,初检,150000,等于,张,,3,张,是,3,张,直尺,43±1,,mm,42.0000,44.0000,,1,复检,每次到货每3万张随机抽检3张，不足3万张按照3万张标准进行抽样检测。用直尺测量图示中相应位置尺寸。,若有不合格，取同一检测单元9张进行复检。,,2025-01-01,9999-12-31
399,,HWBT0409,001,禁用,Q/RW-TS-001-2023,"[{'id': 21, 'name': '纸皮/普通型/250ml', 'sap_code': '20000023', 'code': 'GC000021', 'desc': '普通型纸皮'}, {'id': 44, 'name': '纸皮/普通型/250ML/24/30周年版', 'sap_code': '20002030', 'code': 'GC000044', 'desc': '普通型纸皮'}, {'id': 46, 'name': '纸皮/普通型/250ML/30周年版/六罐装/包装', 'sap_code': '20002031', 'code': 'GC000046', 'desc': '六罐装纸皮'}, {'id': 48, 'name': '纸皮/强化型/250ml/蓝色/30周年版', 'sap_code': '20002033', 'code': 'GC000048', 'desc': '强化型纸皮'}, {'id': 50, 'name': '纸皮/普通型/250ML/24/2025新疆专供', 'sap_code': '20002076', 'code': 'GC000050', 'desc': '普通型纸皮'}, {'id': 51, 'name': '纸皮/普通型/250ML/24/30周年版/两元促销/台州专供二期', 'sap_code': '20002116', 'code': 'GC000051', 'desc': '非箱内码促销纸皮'}, {'id': 52, 'name': '纸皮/普通型/250ML/24/30周年广东二期箱内码', 'sap_code': '20002166', 'code': 'GC000052', 'desc': '箱内码促销纸皮'}, {'id': 53, 'name': '纸皮/普通型/250ML/24/30周年普通箱内码二期/2025', 'sap_code': '20002167', 'code': 'GC000053', 'desc': '箱内码促销纸皮'}]",纸皮,包材,红牛,,,YC00000008,位置⑨长度,是,到货检测,,储运部,品管部,定量,初检,150000,等于,张,,3,张,是,3,张,直尺,43±1,,mm,42.0000,44.0000,,1,复检,每次到货每3万张随机抽检3张，不足3万张按照3万张标准进行抽样检测。用直尺测量图示中相应位置尺寸。,若有不合格，取同一检测单元9张进行复检。,,2025-01-01,9999-12-31
400,,HWBT0410,001,禁用,Q/RW-TS-001-2023,"[{'id': 21, 'name': '纸皮/普通型/250ml', 'sap_code': '20000023', 'code': 'GC000021', 'desc': '普通型纸皮'}, {'id': 44, 'name': '纸皮/普通型/250ML/24/30周年版', 'sap_code': '20002030', 'code': 'GC000044', 'desc': '普通型纸皮'}, {'id': 46, 'name': '纸皮/普通型/250ML/30周年版/六罐装/包装', 'sap_code': '20002031', 'code': 'GC000046', 'desc': '六罐装纸皮'}, {'id': 48, 'name': '纸皮/强化型/250ml/蓝色/30周年版', 'sap_code': '20002033', 'code': 'GC000048', 'desc': '强化型纸皮'}, {'id': 50, 'name': '纸皮/普通型/250ML/24/2025新疆专供', 'sap_code': '20002076', 'code': 'GC000050', 'desc': '普通型纸皮'}, {'id': 51, 'name': '纸皮/普通型/250ML/24/30周年版/两元促销/台州专供二期', 'sap_code': '20002116', 'code': 'GC000051', 'desc': '非箱内码促销纸皮'}, {'id': 52, 'name': '纸皮/普通型/250ML/24/30周年广东二期箱内码', 'sap_code': '20002166', 'code': 'GC000052', 'desc': '箱内码促销纸皮'}, {'id': 53, 'name': '纸皮/普通型/250ML/24/30周年普通箱内码二期/2025', 'sap_code': '20002167', 'code': 'GC000053', 'desc': '箱内码促销纸皮'}]",纸皮,包材,红牛,,,YC00000008,位置⑨长度,是,到货检测,,储运部,品管部,定量,初检,150000,等于,张,,3,张,是,3,张,直尺,62±2,,mm,60.0000,64.0000,,1,复检,每次到货每3万张随机抽检3张，不足3万张按照3万张标准进行抽样检测。用直尺测量图示中相应位置尺寸。,若有不合格，取同一检测单元9张进行复检。,,2025-01-01,9999-12-31
401,,HWBT0411,001,禁用,Q/RW-TS-001-2023,"[{'id': 21, 'name': '纸皮/普通型/250ml', 'sap_code': '20000023', 'code': 'GC000021', 'desc': '普通型纸皮'}, {'id': 44, 'name': '纸皮/普通型/250ML/24/30周年版', 'sap_code': '20002030', 'code': 'GC000044', 'desc': '普通型纸皮'}, {'id': 46, 'name': '纸皮/普通型/250ML/30周年版/六罐装/包装', 'sap_code': '20002031', 'code': 'GC000046', 'desc': '六罐装纸皮'}, {'id': 48, 'name': '纸皮/强化型/250ml/蓝色/30周年版', 'sap_code': '20002033', 'code': 'GC000048', 'desc': '强化型纸皮'}, {'id': 50, 'name': '纸皮/普通型/250ML/24/2025新疆专供', 'sap_code': '20002076', 'code': 'GC000050', 'desc': '普通型纸皮'}, {'id': 51, 'name': '纸皮/普通型/250ML/24/30周年版/两元促销/台州专供二期', 'sap_code': '20002116', 'code': 'GC000051', 'desc': '非箱内码促销纸皮'}, {'id': 52, 'name': '纸皮/普通型/250ML/24/30周年广东二期箱内码', 'sap_code': '20002166', 'code': 'GC000052', 'desc': '箱内码促销纸皮'}, {'id': 53, 'name': '纸皮/普通型/250ML/24/30周年普通箱内码二期/2025', 'sap_code': '20002167', 'code': 'GC000053', 'desc': '箱内码促销纸皮'}]",纸皮,包材,红牛,8886,红牛维他命饮料（江苏）有限公司,YC00000008,位置⑨长度,是,到货检测,,储运部,品管部,定量,初检,150000,等于,张,,3,张,是,3,张,直尺,43±1,,mm,42.0000,44.0000,,1,复检,每次到货每3万张随机抽检3张，不足3万张按照3万张标准进行抽样检测。用直尺测量图示中相应位置尺寸。,若有不合格，取同一检测单元9张进行复检。,,2025-01-01,9999-12-31
402,,HWBT0412,001,禁用,Q/RW-TS-001-2023,"[{'id': 21, 'name': '纸皮/普通型/250ml', 'sap_code': '20000023', 'code': 'GC000021', 'desc': '普通型纸皮'}, {'id': 44, 'name': '纸皮/普通型/250ML/24/30周年版', 'sap_code': '20002030', 'code': 'GC000044', 'desc': '普通型纸皮'}, {'id': 46, 'name': '纸皮/普通型/250ML/30周年版/六罐装/包装', 'sap_code': '20002031', 'code': 'GC000046', 'desc': '六罐装纸皮'}, {'id': 48, 'name': '纸皮/强化型/250ml/蓝色/30周年版', 'sap_code': '20002033', 'code': 'GC000048', 'desc': '强化型纸皮'}, {'id': 50, 'name': '纸皮/普通型/250ML/24/2025新疆专供', 'sap_code': '20002076', 'code': 'GC000050', 'desc': '普通型纸皮'}, {'id': 51, 'name': '纸皮/普通型/250ML/24/30周年版/两元促销/台州专供二期', 'sap_code': '20002116', 'code': 'GC000051', 'desc': '非箱内码促销纸皮'}, {'id': 52, 'name': '纸皮/普通型/250ML/24/30周年广东二期箱内码', 'sap_code': '20002166', 'code': 'GC000052', 'desc': '箱内码促销纸皮'}, {'id': 53, 'name': '纸皮/普通型/250ML/24/30周年普通箱内码二期/2025', 'sap_code': '20002167', 'code': 'GC000053', 'desc': '箱内码促销纸皮'}]",纸皮,包材,红牛,8885,广东红牛维他命饮料有限公司,YC00000008,位置⑨长度,是,到货检测,,储运部,品管部,定量,初检,150000,等于,张,,3,张,是,3,张,直尺,43±2,,mm,41.0000,45.0000,,1,复检,每次到货每3万张随机抽检3张，不足3万张按照3万张标准进行抽样检测。用直尺测量图示中相应位置尺寸。,若有不合格，取同一检测单元9张进行复检。,,2025-01-01,9999-12-31
403,,HWBT0413,001,禁用,Q/RW-TS-001-2023,"[{'id': 21, 'name': '纸皮/普通型/250ml', 'sap_code': '20000023', 'code': 'GC000021', 'desc': '普通型纸皮'}, {'id': 44, 'name': '纸皮/普通型/250ML/24/30周年版', 'sap_code': '20002030', 'code': 'GC000044', 'desc': '普通型纸皮'}, {'id': 46, 'name': '纸皮/普通型/250ML/30周年版/六罐装/包装', 'sap_code': '20002031', 'code': 'GC000046', 'desc': '六罐装纸皮'}, {'id': 48, 'name': '纸皮/强化型/250ml/蓝色/30周年版', 'sap_code': '20002033', 'code': 'GC000048', 'desc': '强化型纸皮'}, {'id': 50, 'name': '纸皮/普通型/250ML/24/2025新疆专供', 'sap_code': '20002076', 'code': 'GC000050', 'desc': '普通型纸皮'}, {'id': 51, 'name': '纸皮/普通型/250ML/24/30周年版/两元促销/台州专供二期', 'sap_code': '20002116', 'code': 'GC000051', 'desc': '非箱内码促销纸皮'}, {'id': 52, 'name': '纸皮/普通型/250ML/24/30周年广东二期箱内码', 'sap_code': '20002166', 'code': 'GC000052', 'desc': '箱内码促销纸皮'}, {'id': 53, 'name': '纸皮/普通型/250ML/24/30周年普通箱内码二期/2025', 'sap_code': '20002167', 'code': 'GC000053', 'desc': '箱内码促销纸皮'}]",纸皮,包材,红牛,8880,红牛维他命饮料有限公司,YC00000008,位置⑨长度,是,到货检测,,储运部,品管部,定量,初检,150000,等于,张,,3,张,是,3,张,直尺,43±2,,mm,41.0000,45.0000,,1,复检,每次到货每3万张随机抽检3张，不足3万张按照3万张标准进行抽样检测。用直尺测量图示中相应位置尺寸。,若有不合格，取同一检测单元9张进行复检。,,2025-01-01,9999-12-31
404,,HWBT0414,001,禁用,Q/RW-TS-001-2023,"[{'id': 21, 'name': '纸皮/普通型/250ml', 'sap_code': '20000023', 'code': 'GC000021', 'desc': '普通型纸皮'}, {'id': 44, 'name': '纸皮/普通型/250ML/24/30周年版', 'sap_code': '20002030', 'code': 'GC000044', 'desc': '普通型纸皮'}, {'id': 46, 'name': '纸皮/普通型/250ML/30周年版/六罐装/包装', 'sap_code': '20002031', 'code': 'GC000046', 'desc': '六罐装纸皮'}, {'id': 48, 'name': '纸皮/强化型/250ml/蓝色/30周年版', 'sap_code': '20002033', 'code': 'GC000048', 'desc': '强化型纸皮'}, {'id': 50, 'name': '纸皮/普通型/250ML/24/2025新疆专供', 'sap_code': '20002076', 'code': 'GC000050', 'desc': '普通型纸皮'}, {'id': 51, 'name': '纸皮/普通型/250ML/24/30周年版/两元促销/台州专供二期', 'sap_code': '20002116', 'code': 'GC000051', 'desc': '非箱内码促销纸皮'}, {'id': 52, 'name': '纸皮/普通型/250ML/24/30周年广东二期箱内码', 'sap_code': '20002166', 'code': 'GC000052', 'desc': '箱内码促销纸皮'}, {'id': 53, 'name': '纸皮/普通型/250ML/24/30周年普通箱内码二期/2025', 'sap_code': '20002167', 'code': 'GC000053', 'desc': '箱内码促销纸皮'}]",纸皮,包材,红牛,8883,红牛维他命饮料（湖北）有限公司,YC00000008,位置⑨长度,是,到货检测,,储运部,品管部,定量,初检,150000,等于,张,,3,张,是,3,张,直尺,43±2,,mm,41.0000,45.0000,,1,复检,每次到货每3万张随机抽检3张，不足3万张按照3万张标准进行抽样检测。用直尺测量图示中相应位置尺寸。,若有不合格，取同一检测单元9张进行复检。,,2025-01-01,9999-12-31
405,,HWBT0415,001,禁用,Q/RW-TS-001-2023,"[{'id': 21, 'name': '纸皮/普通型/250ml', 'sap_code': '20000023', 'code': 'GC000021', 'desc': '普通型纸皮'}, {'id': 44, 'name': '纸皮/普通型/250ML/24/30周年版', 'sap_code': '20002030', 'code': 'GC000044', 'desc': '普通型纸皮'}, {'id': 46, 'name': '纸皮/普通型/250ML/30周年版/六罐装/包装', 'sap_code': '20002031', 'code': 'GC000046', 'desc': '六罐装纸皮'}, {'id': 48, 'name': '纸皮/强化型/250ml/蓝色/30周年版', 'sap_code': '20002033', 'code': 'GC000048', 'desc': '强化型纸皮'}, {'id': 50, 'name': '纸皮/普通型/250ML/24/2025新疆专供', 'sap_code': '20002076', 'code': 'GC000050', 'desc': '普通型纸皮'}, {'id': 51, 'name': '纸皮/普通型/250ML/24/30周年版/两元促销/台州专供二期', 'sap_code': '20002116', 'code': 'GC000051', 'desc': '非箱内码促销纸皮'}, {'id': 52, 'name': '纸皮/普通型/250ML/24/30周年广东二期箱内码', 'sap_code': '20002166', 'code': 'GC000052', 'desc': '箱内码促销纸皮'}, {'id': 53, 'name': '纸皮/普通型/250ML/24/30周年普通箱内码二期/2025', 'sap_code': '20002167', 'code': 'GC000053', 'desc': '箱内码促销纸皮'}]",纸皮,包材,红牛,,,YF00000026,位置⑨长度,是,到货检测,,储运部,品管部,定量,复检,150000,大于等于,张,,9,张,是,9,张,直尺,43±1,,mm,42.0000,44.0000,,1,不合格,从初检问题检测单元中取9张进行复检。,若仍有不合格，则判定该批次检测不合格。,,2025-01-01,9999-12-31
406,,HWBT0416,001,禁用,Q/RW-TS-001-2023,"[{'id': 21, 'name': '纸皮/普通型/250ml', 'sap_code': '20000023', 'code': 'GC000021', 'desc': '普通型纸皮'}, {'id': 44, 'name': '纸皮/普通型/250ML/24/30周年版', 'sap_code': '20002030', 'code': 'GC000044', 'desc': '普通型纸皮'}, {'id': 46, 'name': '纸皮/普通型/250ML/30周年版/六罐装/包装', 'sap_code': '20002031', 'code': 'GC000046', 'desc': '六罐装纸皮'}, {'id': 48, 'name': '纸皮/强化型/250ml/蓝色/30周年版', 'sap_code': '20002033', 'code': 'GC000048', 'desc': '强化型纸皮'}, {'id': 50, 'name': '纸皮/普通型/250ML/24/2025新疆专供', 'sap_code': '20002076', 'code': 'GC000050', 'desc': '普通型纸皮'}, {'id': 51, 'name': '纸皮/普通型/250ML/24/30周年版/两元促销/台州专供二期', 'sap_code': '20002116', 'code': 'GC000051', 'desc': '非箱内码促销纸皮'}, {'id': 52, 'name': '纸皮/普通型/250ML/24/30周年广东二期箱内码', 'sap_code': '20002166', 'code': 'GC000052', 'desc': '箱内码促销纸皮'}, {'id': 53, 'name': '纸皮/普通型/250ML/24/30周年普通箱内码二期/2025', 'sap_code': '20002167', 'code': 'GC000053', 'desc': '箱内码促销纸皮'}]",纸皮,包材,红牛,,,YF00000026,位置⑨长度,是,到货检测,,储运部,品管部,定量,复检,150000,大于等于,张,,9,张,是,9,张,直尺,43±1,,mm,42.0000,44.0000,,1,不合格,从初检问题检测单元中取9张进行复检。,若仍有不合格，则判定该批次检测不合格。,,2025-01-01,9999-12-31
407,,HWBT0417,001,禁用,Q/RW-TS-001-2023,"[{'id': 21, 'name': '纸皮/普通型/250ml', 'sap_code': '20000023', 'code': 'GC000021', 'desc': '普通型纸皮'}, {'id': 44, 'name': '纸皮/普通型/250ML/24/30周年版', 'sap_code': '20002030', 'code': 'GC000044', 'desc': '普通型纸皮'}, {'id': 46, 'name': '纸皮/普通型/250ML/30周年版/六罐装/包装', 'sap_code': '20002031', 'code': 'GC000046', 'desc': '六罐装纸皮'}, {'id': 48, 'name': '纸皮/强化型/250ml/蓝色/30周年版', 'sap_code': '20002033', 'code': 'GC000048', 'desc': '强化型纸皮'}, {'id': 50, 'name': '纸皮/普通型/250ML/24/2025新疆专供', 'sap_code': '20002076', 'code': 'GC000050', 'desc': '普通型纸皮'}, {'id': 51, 'name': '纸皮/普通型/250ML/24/30周年版/两元促销/台州专供二期', 'sap_code': '20002116', 'code': 'GC000051', 'desc': '非箱内码促销纸皮'}, {'id': 52, 'name': '纸皮/普通型/250ML/24/30周年广东二期箱内码', 'sap_code': '20002166', 'code': 'GC000052', 'desc': '箱内码促销纸皮'}, {'id': 53, 'name': '纸皮/普通型/250ML/24/30周年普通箱内码二期/2025', 'sap_code': '20002167', 'code': 'GC000053', 'desc': '箱内码促销纸皮'}]",纸皮,包材,红牛,,,YF00000026,位置⑨长度,是,到货检测,,储运部,品管部,定量,复检,150000,大于等于,张,,9,张,是,9,张,直尺,43±1,,mm,42.0000,44.0000,,1,不合格,从初检问题检测单元中取9张进行复检。,若仍有不合格，则判定该批次检测不合格。,,2025-01-01,9999-12-31
408,,HWBT0418,001,禁用,Q/RW-TS-001-2023,"[{'id': 21, 'name': '纸皮/普通型/250ml', 'sap_code': '20000023', 'code': 'GC000021', 'desc': '普通型纸皮'}, {'id': 44, 'name': '纸皮/普通型/250ML/24/30周年版', 'sap_code': '20002030', 'code': 'GC000044', 'desc': '普通型纸皮'}, {'id': 46, 'name': '纸皮/普通型/250ML/30周年版/六罐装/包装', 'sap_code': '20002031', 'code': 'GC000046', 'desc': '六罐装纸皮'}, {'id': 48, 'name': '纸皮/强化型/250ml/蓝色/30周年版', 'sap_code': '20002033', 'code': 'GC000048', 'desc': '强化型纸皮'}, {'id': 50, 'name': '纸皮/普通型/250ML/24/2025新疆专供', 'sap_code': '20002076', 'code': 'GC000050', 'desc': '普通型纸皮'}, {'id': 51, 'name': '纸皮/普通型/250ML/24/30周年版/两元促销/台州专供二期', 'sap_code': '20002116', 'code': 'GC000051', 'desc': '非箱内码促销纸皮'}, {'id': 52, 'name': '纸皮/普通型/250ML/24/30周年广东二期箱内码', 'sap_code': '20002166', 'code': 'GC000052', 'desc': '箱内码促销纸皮'}, {'id': 53, 'name': '纸皮/普通型/250ML/24/30周年普通箱内码二期/2025', 'sap_code': '20002167', 'code': 'GC000053', 'desc': '箱内码促销纸皮'}]",纸皮,包材,红牛,,,YF00000026,位置⑨长度,是,到货检测,,储运部,品管部,定量,复检,150000,大于等于,张,,9,张,是,9,张,直尺,62±2,,mm,60.0000,64.0000,,1,不合格,从初检问题检测单元中取9张进行复检。,若仍有不合格，则判定该批次检测不合格。,,2025-01-01,9999-12-31
409,,HWBT0419,001,禁用,Q/RW-TS-001-2023,"[{'id': 21, 'name': '纸皮/普通型/250ml', 'sap_code': '20000023', 'code': 'GC000021', 'desc': '普通型纸皮'}, {'id': 44, 'name': '纸皮/普通型/250ML/24/30周年版', 'sap_code': '20002030', 'code': 'GC000044', 'desc': '普通型纸皮'}, {'id': 46, 'name': '纸皮/普通型/250ML/30周年版/六罐装/包装', 'sap_code': '20002031', 'code': 'GC000046', 'desc': '六罐装纸皮'}, {'id': 48, 'name': '纸皮/强化型/250ml/蓝色/30周年版', 'sap_code': '20002033', 'code': 'GC000048', 'desc': '强化型纸皮'}, {'id': 50, 'name': '纸皮/普通型/250ML/24/2025新疆专供', 'sap_code': '20002076', 'code': 'GC000050', 'desc': '普通型纸皮'}, {'id': 51, 'name': '纸皮/普通型/250ML/24/30周年版/两元促销/台州专供二期', 'sap_code': '20002116', 'code': 'GC000051', 'desc': '非箱内码促销纸皮'}, {'id': 52, 'name': '纸皮/普通型/250ML/24/30周年广东二期箱内码', 'sap_code': '20002166', 'code': 'GC000052', 'desc': '箱内码促销纸皮'}, {'id': 53, 'name': '纸皮/普通型/250ML/24/30周年普通箱内码二期/2025', 'sap_code': '20002167', 'code': 'GC000053', 'desc': '箱内码促销纸皮'}]",纸皮,包材,红牛,8886,红牛维他命饮料（江苏）有限公司,YF00000026,位置⑨长度,是,到货检测,,储运部,品管部,定量,复检,150000,大于等于,张,,9,张,是,9,张,直尺,43±1,,mm,42.0000,44.0000,,1,不合格,从初检问题检测单元中取9张进行复检。,若仍有不合格，则判定该批次检测不合格。,,2025-01-01,9999-12-31
410,,HWBT0420,001,禁用,Q/RW-TS-001-2023,"[{'id': 21, 'name': '纸皮/普通型/250ml', 'sap_code': '20000023', 'code': 'GC000021', 'desc': '普通型纸皮'}, {'id': 44, 'name': '纸皮/普通型/250ML/24/30周年版', 'sap_code': '20002030', 'code': 'GC000044', 'desc': '普通型纸皮'}, {'id': 46, 'name': '纸皮/普通型/250ML/30周年版/六罐装/包装', 'sap_code': '20002031', 'code': 'GC000046', 'desc': '六罐装纸皮'}, {'id': 48, 'name': '纸皮/强化型/250ml/蓝色/30周年版', 'sap_code': '20002033', 'code': 'GC000048', 'desc': '强化型纸皮'}, {'id': 50, 'name': '纸皮/普通型/250ML/24/2025新疆专供', 'sap_code': '20002076', 'code': 'GC000050', 'desc': '普通型纸皮'}, {'id': 51, 'name': '纸皮/普通型/250ML/24/30周年版/两元促销/台州专供二期', 'sap_code': '20002116', 'code': 'GC000051', 'desc': '非箱内码促销纸皮'}, {'id': 52, 'name': '纸皮/普通型/250ML/24/30周年广东二期箱内码', 'sap_code': '20002166', 'code': 'GC000052', 'desc': '箱内码促销纸皮'}, {'id': 53, 'name': '纸皮/普通型/250ML/24/30周年普通箱内码二期/2025', 'sap_code': '20002167', 'code': 'GC000053', 'desc': '箱内码促销纸皮'}]",纸皮,包材,红牛,8885,广东红牛维他命饮料有限公司,YF00000026,位置⑨长度,是,到货检测,,储运部,品管部,定量,复检,150000,大于等于,张,,9,张,是,9,张,直尺,43±2,,mm,41.0000,45.0000,,1,不合格,从初检问题检测单元中取9张进行复检。,若仍有不合格，则判定该批次检测不合格。,,2025-01-01,9999-12-31
411,,HWBT0421,001,禁用,Q/RW-TS-001-2023,"[{'id': 21, 'name': '纸皮/普通型/250ml', 'sap_code': '20000023', 'code': 'GC000021', 'desc': '普通型纸皮'}, {'id': 44, 'name': '纸皮/普通型/250ML/24/30周年版', 'sap_code': '20002030', 'code': 'GC000044', 'desc': '普通型纸皮'}, {'id': 46, 'name': '纸皮/普通型/250ML/30周年版/六罐装/包装', 'sap_code': '20002031', 'code': 'GC000046', 'desc': '六罐装纸皮'}, {'id': 48, 'name': '纸皮/强化型/250ml/蓝色/30周年版', 'sap_code': '20002033', 'code': 'GC000048', 'desc': '强化型纸皮'}, {'id': 50, 'name': '纸皮/普通型/250ML/24/2025新疆专供', 'sap_code': '20002076', 'code': 'GC000050', 'desc': '普通型纸皮'}, {'id': 51, 'name': '纸皮/普通型/250ML/24/30周年版/两元促销/台州专供二期', 'sap_code': '20002116', 'code': 'GC000051', 'desc': '非箱内码促销纸皮'}, {'id': 52, 'name': '纸皮/普通型/250ML/24/30周年广东二期箱内码', 'sap_code': '20002166', 'code': 'GC000052', 'desc': '箱内码促销纸皮'}, {'id': 53, 'name': '纸皮/普通型/250ML/24/30周年普通箱内码二期/2025', 'sap_code': '20002167', 'code': 'GC000053', 'desc': '箱内码促销纸皮'}]",纸皮,包材,红牛,8880,红牛维他命饮料有限公司,YF00000026,位置⑨长度,是,到货检测,,储运部,品管部,定量,复检,150000,大于等于,张,,9,张,是,9,张,直尺,43±2,,mm,41.0000,45.0000,,1,不合格,从初检问题检测单元中取9张进行复检。,若仍有不合格，则判定该批次检测不合格。,,2025-01-01,9999-12-31
412,,HWBT0422,001,禁用,Q/RW-TS-001-2023,"[{'id': 21, 'name': '纸皮/普通型/250ml', 'sap_code': '20000023', 'code': 'GC000021', 'desc': '普通型纸皮'}, {'id': 44, 'name': '纸皮/普通型/250ML/24/30周年版', 'sap_code': '20002030', 'code': 'GC000044', 'desc': '普通型纸皮'}, {'id': 46, 'name': '纸皮/普通型/250ML/30周年版/六罐装/包装', 'sap_code': '20002031', 'code': 'GC000046', 'desc': '六罐装纸皮'}, {'id': 48, 'name': '纸皮/强化型/250ml/蓝色/30周年版', 'sap_code': '20002033', 'code': 'GC000048', 'desc': '强化型纸皮'}, {'id': 50, 'name': '纸皮/普通型/250ML/24/2025新疆专供', 'sap_code': '20002076', 'code': 'GC000050', 'desc': '普通型纸皮'}, {'id': 51, 'name': '纸皮/普通型/250ML/24/30周年版/两元促销/台州专供二期', 'sap_code': '20002116', 'code': 'GC000051', 'desc': '非箱内码促销纸皮'}, {'id': 52, 'name': '纸皮/普通型/250ML/24/30周年广东二期箱内码', 'sap_code': '20002166', 'code': 'GC000052', 'desc': '箱内码促销纸皮'}, {'id': 53, 'name': '纸皮/普通型/250ML/24/30周年普通箱内码二期/2025', 'sap_code': '20002167', 'code': 'GC000053', 'desc': '箱内码促销纸皮'}]",纸皮,包材,红牛,8883,红牛维他命饮料（湖北）有限公司,YF00000026,位置⑨长度,是,到货检测,,储运部,品管部,定量,复检,150000,大于等于,张,,9,张,是,9,张,直尺,43±2,,mm,41.0000,45.0000,,1,不合格,从初检问题检测单元中取9张进行复检。,若仍有不合格，则判定该批次检测不合格。,,2025-01-01,9999-12-31
413,,HWBT0423,001,禁用,Q/RW-TS-001-2023,"[{'id': 21, 'name': '纸皮/普通型/250ml', 'sap_code': '20000023', 'code': 'GC000021', 'desc': '普通型纸皮'}, {'id': 44, 'name': '纸皮/普通型/250ML/24/30周年版', 'sap_code': '20002030', 'code': 'GC000044', 'desc': '普通型纸皮'}, {'id': 46, 'name': '纸皮/普通型/250ML/30周年版/六罐装/包装', 'sap_code': '20002031', 'code': 'GC000046', 'desc': '六罐装纸皮'}, {'id': 48, 'name': '纸皮/强化型/250ml/蓝色/30周年版', 'sap_code': '20002033', 'code': 'GC000048', 'desc': '强化型纸皮'}, {'id': 50, 'name': '纸皮/普通型/250ML/24/2025新疆专供', 'sap_code': '20002076', 'code': 'GC000050', 'desc': '普通型纸皮'}, {'id': 51, 'name': '纸皮/普通型/250ML/24/30周年版/两元促销/台州专供二期', 'sap_code': '20002116', 'code': 'GC000051', 'desc': '非箱内码促销纸皮'}, {'id': 52, 'name': '纸皮/普通型/250ML/24/30周年广东二期箱内码', 'sap_code': '20002166', 'code': 'GC000052', 'desc': '箱内码促销纸皮'}, {'id': 53, 'name': '纸皮/普通型/250ML/24/30周年普通箱内码二期/2025', 'sap_code': '20002167', 'code': 'GC000053', 'desc': '箱内码促销纸皮'}]",纸皮,包材,红牛,,,YC00000008,位置⑩长度,是,到货检测,,储运部,品管部,定量,初检,150000,等于,张,,3,张,是,3,张,直尺,398±1,,mm,397.0000,399.0000,,1,复检,每次到货每3万张随机抽检3张，不足3万张按照3万张标准进行抽样检测。用直尺测量图示中相应位置尺寸。,若有不合格，取同一检测单元9张进行复检。,,2025-01-01,9999-12-31
414,,HWBT0424,001,禁用,Q/RW-TS-001-2023,"[{'id': 21, 'name': '纸皮/普通型/250ml', 'sap_code': '20000023', 'code': 'GC000021', 'desc': '普通型纸皮'}, {'id': 44, 'name': '纸皮/普通型/250ML/24/30周年版', 'sap_code': '20002030', 'code': 'GC000044', 'desc': '普通型纸皮'}, {'id': 46, 'name': '纸皮/普通型/250ML/30周年版/六罐装/包装', 'sap_code': '20002031', 'code': 'GC000046', 'desc': '六罐装纸皮'}, {'id': 48, 'name': '纸皮/强化型/250ml/蓝色/30周年版', 'sap_code': '20002033', 'code': 'GC000048', 'desc': '强化型纸皮'}, {'id': 50, 'name': '纸皮/普通型/250ML/24/2025新疆专供', 'sap_code': '20002076', 'code': 'GC000050', 'desc': '普通型纸皮'}, {'id': 51, 'name': '纸皮/普通型/250ML/24/30周年版/两元促销/台州专供二期', 'sap_code': '20002116', 'code': 'GC000051', 'desc': '非箱内码促销纸皮'}, {'id': 52, 'name': '纸皮/普通型/250ML/24/30周年广东二期箱内码', 'sap_code': '20002166', 'code': 'GC000052', 'desc': '箱内码促销纸皮'}, {'id': 53, 'name': '纸皮/普通型/250ML/24/30周年普通箱内码二期/2025', 'sap_code': '20002167', 'code': 'GC000053', 'desc': '箱内码促销纸皮'}]",纸皮,包材,红牛,,,YC00000008,位置⑩长度,是,到货检测,,储运部,品管部,定量,初检,150000,等于,张,,3,张,是,3,张,直尺,398±1,,mm,397.0000,399.0000,,1,复检,每次到货每3万张随机抽检3张，不足3万张按照3万张标准进行抽样检测。用直尺测量图示中相应位置尺寸。,若有不合格，取同一检测单元9张进行复检。,,2025-01-01,9999-12-31
415,,HWBT0425,001,禁用,Q/RW-TS-001-2023,"[{'id': 21, 'name': '纸皮/普通型/250ml', 'sap_code': '20000023', 'code': 'GC000021', 'desc': '普通型纸皮'}, {'id': 44, 'name': '纸皮/普通型/250ML/24/30周年版', 'sap_code': '20002030', 'code': 'GC000044', 'desc': '普通型纸皮'}, {'id': 46, 'name': '纸皮/普通型/250ML/30周年版/六罐装/包装', 'sap_code': '20002031', 'code': 'GC000046', 'desc': '六罐装纸皮'}, {'id': 48, 'name': '纸皮/强化型/250ml/蓝色/30周年版', 'sap_code': '20002033', 'code': 'GC000048', 'desc': '强化型纸皮'}, {'id': 50, 'name': '纸皮/普通型/250ML/24/2025新疆专供', 'sap_code': '20002076', 'code': 'GC000050', 'desc': '普通型纸皮'}, {'id': 51, 'name': '纸皮/普通型/250ML/24/30周年版/两元促销/台州专供二期', 'sap_code': '20002116', 'code': 'GC000051', 'desc': '非箱内码促销纸皮'}, {'id': 52, 'name': '纸皮/普通型/250ML/24/30周年广东二期箱内码', 'sap_code': '20002166', 'code': 'GC000052', 'desc': '箱内码促销纸皮'}, {'id': 53, 'name': '纸皮/普通型/250ML/24/30周年普通箱内码二期/2025', 'sap_code': '20002167', 'code': 'GC000053', 'desc': '箱内码促销纸皮'}]",纸皮,包材,红牛,,,YC00000008,位置⑩长度,是,到货检测,,储运部,品管部,定量,初检,150000,等于,张,,3,张,是,3,张,直尺,398±1,,mm,397.0000,399.0000,,1,复检,每次到货每3万张随机抽检3张，不足3万张按照3万张标准进行抽样检测。用直尺测量图示中相应位置尺寸。,若有不合格，取同一检测单元9张进行复检。,,2025-01-01,9999-12-31
416,,HWBT0426,001,禁用,Q/RW-TS-001-2023,"[{'id': 21, 'name': '纸皮/普通型/250ml', 'sap_code': '20000023', 'code': 'GC000021', 'desc': '普通型纸皮'}, {'id': 44, 'name': '纸皮/普通型/250ML/24/30周年版', 'sap_code': '20002030', 'code': 'GC000044', 'desc': '普通型纸皮'}, {'id': 46, 'name': '纸皮/普通型/250ML/30周年版/六罐装/包装', 'sap_code': '20002031', 'code': 'GC000046', 'desc': '六罐装纸皮'}, {'id': 48, 'name': '纸皮/强化型/250ml/蓝色/30周年版', 'sap_code': '20002033', 'code': 'GC000048', 'desc': '强化型纸皮'}, {'id': 50, 'name': '纸皮/普通型/250ML/24/2025新疆专供', 'sap_code': '20002076', 'code': 'GC000050', 'desc': '普通型纸皮'}, {'id': 51, 'name': '纸皮/普通型/250ML/24/30周年版/两元促销/台州专供二期', 'sap_code': '20002116', 'code': 'GC000051', 'desc': '非箱内码促销纸皮'}, {'id': 52, 'name': '纸皮/普通型/250ML/24/30周年广东二期箱内码', 'sap_code': '20002166', 'code': 'GC000052', 'desc': '箱内码促销纸皮'}, {'id': 53, 'name': '纸皮/普通型/250ML/24/30周年普通箱内码二期/2025', 'sap_code': '20002167', 'code': 'GC000053', 'desc': '箱内码促销纸皮'}]",纸皮,包材,红牛,,,YC00000008,位置⑩长度,是,到货检测,,储运部,品管部,定量,初检,150000,等于,张,,3,张,是,3,张,直尺,318±5,,mm,313.0000,323.0000,,1,复检,每次到货每3万张随机抽检3张，不足3万张按照3万张标准进行抽样检测。用直尺测量图示中相应位置尺寸。,若有不合格，取同一检测单元9张进行复检。,,2025-01-01,9999-12-31
417,,HWBT0427,001,禁用,Q/RW-TS-001-2023,"[{'id': 21, 'name': '纸皮/普通型/250ml', 'sap_code': '20000023', 'code': 'GC000021', 'desc': '普通型纸皮'}, {'id': 44, 'name': '纸皮/普通型/250ML/24/30周年版', 'sap_code': '20002030', 'code': 'GC000044', 'desc': '普通型纸皮'}, {'id': 46, 'name': '纸皮/普通型/250ML/30周年版/六罐装/包装', 'sap_code': '20002031', 'code': 'GC000046', 'desc': '六罐装纸皮'}, {'id': 48, 'name': '纸皮/强化型/250ml/蓝色/30周年版', 'sap_code': '20002033', 'code': 'GC000048', 'desc': '强化型纸皮'}, {'id': 50, 'name': '纸皮/普通型/250ML/24/2025新疆专供', 'sap_code': '20002076', 'code': 'GC000050', 'desc': '普通型纸皮'}, {'id': 51, 'name': '纸皮/普通型/250ML/24/30周年版/两元促销/台州专供二期', 'sap_code': '20002116', 'code': 'GC000051', 'desc': '非箱内码促销纸皮'}, {'id': 52, 'name': '纸皮/普通型/250ML/24/30周年广东二期箱内码', 'sap_code': '20002166', 'code': 'GC000052', 'desc': '箱内码促销纸皮'}, {'id': 53, 'name': '纸皮/普通型/250ML/24/30周年普通箱内码二期/2025', 'sap_code': '20002167', 'code': 'GC000053', 'desc': '箱内码促销纸皮'}]",纸皮,包材,红牛,8886,红牛维他命饮料（江苏）有限公司,YC00000008,位置⑩长度,是,到货检测,,储运部,品管部,定量,初检,150000,等于,张,,3,张,是,3,张,直尺,398±1,,mm,397.0000,399.0000,,1,复检,每次到货每3万张随机抽检3张，不足3万张按照3万张标准进行抽样检测。用直尺测量图示中相应位置尺寸。,若有不合格，取同一检测单元9张进行复检。,,2025-01-01,9999-12-31
418,,HWBT0428,001,禁用,Q/RW-TS-001-2023,"[{'id': 21, 'name': '纸皮/普通型/250ml', 'sap_code': '20000023', 'code': 'GC000021', 'desc': '普通型纸皮'}, {'id': 44, 'name': '纸皮/普通型/250ML/24/30周年版', 'sap_code': '20002030', 'code': 'GC000044', 'desc': '普通型纸皮'}, {'id': 46, 'name': '纸皮/普通型/250ML/30周年版/六罐装/包装', 'sap_code': '20002031', 'code': 'GC000046', 'desc': '六罐装纸皮'}, {'id': 48, 'name': '纸皮/强化型/250ml/蓝色/30周年版', 'sap_code': '20002033', 'code': 'GC000048', 'desc': '强化型纸皮'}, {'id': 50, 'name': '纸皮/普通型/250ML/24/2025新疆专供', 'sap_code': '20002076', 'code': 'GC000050', 'desc': '普通型纸皮'}, {'id': 51, 'name': '纸皮/普通型/250ML/24/30周年版/两元促销/台州专供二期', 'sap_code': '20002116', 'code': 'GC000051', 'desc': '非箱内码促销纸皮'}, {'id': 52, 'name': '纸皮/普通型/250ML/24/30周年广东二期箱内码', 'sap_code': '20002166', 'code': 'GC000052', 'desc': '箱内码促销纸皮'}, {'id': 53, 'name': '纸皮/普通型/250ML/24/30周年普通箱内码二期/2025', 'sap_code': '20002167', 'code': 'GC000053', 'desc': '箱内码促销纸皮'}]",纸皮,包材,红牛,8885,广东红牛维他命饮料有限公司,YC00000008,位置⑩长度,是,到货检测,,储运部,品管部,定量,初检,150000,等于,张,,3,张,是,3,张,直尺,402±2,,mm,400.0000,404.0000,,1,复检,每次到货每3万张随机抽检3张，不足3万张按照3万张标准进行抽样检测。用直尺测量图示中相应位置尺寸。,若有不合格，取同一检测单元9张进行复检。,,2025-01-01,9999-12-31
419,,HWBT0429,001,禁用,Q/RW-TS-001-2023,"[{'id': 21, 'name': '纸皮/普通型/250ml', 'sap_code': '20000023', 'code': 'GC000021', 'desc': '普通型纸皮'}, {'id': 44, 'name': '纸皮/普通型/250ML/24/30周年版', 'sap_code': '20002030', 'code': 'GC000044', 'desc': '普通型纸皮'}, {'id': 46, 'name': '纸皮/普通型/250ML/30周年版/六罐装/包装', 'sap_code': '20002031', 'code': 'GC000046', 'desc': '六罐装纸皮'}, {'id': 48, 'name': '纸皮/强化型/250ml/蓝色/30周年版', 'sap_code': '20002033', 'code': 'GC000048', 'desc': '强化型纸皮'}, {'id': 50, 'name': '纸皮/普通型/250ML/24/2025新疆专供', 'sap_code': '20002076', 'code': 'GC000050', 'desc': '普通型纸皮'}, {'id': 51, 'name': '纸皮/普通型/250ML/24/30周年版/两元促销/台州专供二期', 'sap_code': '20002116', 'code': 'GC000051', 'desc': '非箱内码促销纸皮'}, {'id': 52, 'name': '纸皮/普通型/250ML/24/30周年广东二期箱内码', 'sap_code': '20002166', 'code': 'GC000052', 'desc': '箱内码促销纸皮'}, {'id': 53, 'name': '纸皮/普通型/250ML/24/30周年普通箱内码二期/2025', 'sap_code': '20002167', 'code': 'GC000053', 'desc': '箱内码促销纸皮'}]",纸皮,包材,红牛,8880,红牛维他命饮料有限公司,YC00000008,位置⑩长度,是,到货检测,,储运部,品管部,定量,初检,150000,等于,张,,3,张,是,3,张,直尺,402±2,,mm,400.0000,404.0000,,1,复检,每次到货每3万张随机抽检3张，不足3万张按照3万张标准进行抽样检测。用直尺测量图示中相应位置尺寸。,若有不合格，取同一检测单元9张进行复检。,,2025-01-01,9999-12-31
420,,HWBT0430,001,禁用,Q/RW-TS-001-2023,"[{'id': 21, 'name': '纸皮/普通型/250ml', 'sap_code': '20000023', 'code': 'GC000021', 'desc': '普通型纸皮'}, {'id': 44, 'name': '纸皮/普通型/250ML/24/30周年版', 'sap_code': '20002030', 'code': 'GC000044', 'desc': '普通型纸皮'}, {'id': 46, 'name': '纸皮/普通型/250ML/30周年版/六罐装/包装', 'sap_code': '20002031', 'code': 'GC000046', 'desc': '六罐装纸皮'}, {'id': 48, 'name': '纸皮/强化型/250ml/蓝色/30周年版', 'sap_code': '20002033', 'code': 'GC000048', 'desc': '强化型纸皮'}, {'id': 50, 'name': '纸皮/普通型/250ML/24/2025新疆专供', 'sap_code': '20002076', 'code': 'GC000050', 'desc': '普通型纸皮'}, {'id': 51, 'name': '纸皮/普通型/250ML/24/30周年版/两元促销/台州专供二期', 'sap_code': '20002116', 'code': 'GC000051', 'desc': '非箱内码促销纸皮'}, {'id': 52, 'name': '纸皮/普通型/250ML/24/30周年广东二期箱内码', 'sap_code': '20002166', 'code': 'GC000052', 'desc': '箱内码促销纸皮'}, {'id': 53, 'name': '纸皮/普通型/250ML/24/30周年普通箱内码二期/2025', 'sap_code': '20002167', 'code': 'GC000053', 'desc': '箱内码促销纸皮'}]",纸皮,包材,红牛,8883,红牛维他命饮料（湖北）有限公司,YC00000008,位置⑩长度,是,到货检测,,储运部,品管部,定量,初检,150000,等于,张,,3,张,是,3,张,直尺,402±2,,mm,400.0000,404.0000,,1,复检,每次到货每3万张随机抽检3张，不足3万张按照3万张标准进行抽样检测。用直尺测量图示中相应位置尺寸。,若有不合格，取同一检测单元9张进行复检。,,2025-01-01,9999-12-31
421,,HWBT0431,001,禁用,Q/RW-TS-001-2023,"[{'id': 21, 'name': '纸皮/普通型/250ml', 'sap_code': '20000023', 'code': 'GC000021', 'desc': '普通型纸皮'}, {'id': 44, 'name': '纸皮/普通型/250ML/24/30周年版', 'sap_code': '20002030', 'code': 'GC000044', 'desc': '普通型纸皮'}, {'id': 46, 'name': '纸皮/普通型/250ML/30周年版/六罐装/包装', 'sap_code': '20002031', 'code': 'GC000046', 'desc': '六罐装纸皮'}, {'id': 48, 'name': '纸皮/强化型/250ml/蓝色/30周年版', 'sap_code': '20002033', 'code': 'GC000048', 'desc': '强化型纸皮'}, {'id': 50, 'name': '纸皮/普通型/250ML/24/2025新疆专供', 'sap_code': '20002076', 'code': 'GC000050', 'desc': '普通型纸皮'}, {'id': 51, 'name': '纸皮/普通型/250ML/24/30周年版/两元促销/台州专供二期', 'sap_code': '20002116', 'code': 'GC000051', 'desc': '非箱内码促销纸皮'}, {'id': 52, 'name': '纸皮/普通型/250ML/24/30周年广东二期箱内码', 'sap_code': '20002166', 'code': 'GC000052', 'desc': '箱内码促销纸皮'}, {'id': 53, 'name': '纸皮/普通型/250ML/24/30周年普通箱内码二期/2025', 'sap_code': '20002167', 'code': 'GC000053', 'desc': '箱内码促销纸皮'}]",纸皮,包材,红牛,,,YF00000026,位置⑩长度,是,到货检测,,储运部,品管部,定量,复检,150000,大于等于,张,,9,张,是,9,张,直尺,398±1,,mm,397.0000,399.0000,,1,不合格,从初检问题检测单元中取9张进行复检。,若仍有不合格，则判定该批次检测不合格。,,2025-01-01,9999-12-31
422,,HWBT0432,001,禁用,Q/RW-TS-001-2023,"[{'id': 21, 'name': '纸皮/普通型/250ml', 'sap_code': '20000023', 'code': 'GC000021', 'desc': '普通型纸皮'}, {'id': 44, 'name': '纸皮/普通型/250ML/24/30周年版', 'sap_code': '20002030', 'code': 'GC000044', 'desc': '普通型纸皮'}, {'id': 46, 'name': '纸皮/普通型/250ML/30周年版/六罐装/包装', 'sap_code': '20002031', 'code': 'GC000046', 'desc': '六罐装纸皮'}, {'id': 48, 'name': '纸皮/强化型/250ml/蓝色/30周年版', 'sap_code': '20002033', 'code': 'GC000048', 'desc': '强化型纸皮'}, {'id': 50, 'name': '纸皮/普通型/250ML/24/2025新疆专供', 'sap_code': '20002076', 'code': 'GC000050', 'desc': '普通型纸皮'}, {'id': 51, 'name': '纸皮/普通型/250ML/24/30周年版/两元促销/台州专供二期', 'sap_code': '20002116', 'code': 'GC000051', 'desc': '非箱内码促销纸皮'}, {'id': 52, 'name': '纸皮/普通型/250ML/24/30周年广东二期箱内码', 'sap_code': '20002166', 'code': 'GC000052', 'desc': '箱内码促销纸皮'}, {'id': 53, 'name': '纸皮/普通型/250ML/24/30周年普通箱内码二期/2025', 'sap_code': '20002167', 'code': 'GC000053', 'desc': '箱内码促销纸皮'}]",纸皮,包材,红牛,,,YF00000026,位置⑩长度,是,到货检测,,储运部,品管部,定量,复检,150000,大于等于,张,,9,张,是,9,张,直尺,398±1,,mm,397.0000,399.0000,,1,不合格,从初检问题检测单元中取9张进行复检。,若仍有不合格，则判定该批次检测不合格。,,2025-01-01,9999-12-31
423,,HWBT0433,001,禁用,Q/RW-TS-001-2023,"[{'id': 21, 'name': '纸皮/普通型/250ml', 'sap_code': '20000023', 'code': 'GC000021', 'desc': '普通型纸皮'}, {'id': 44, 'name': '纸皮/普通型/250ML/24/30周年版', 'sap_code': '20002030', 'code': 'GC000044', 'desc': '普通型纸皮'}, {'id': 46, 'name': '纸皮/普通型/250ML/30周年版/六罐装/包装', 'sap_code': '20002031', 'code': 'GC000046', 'desc': '六罐装纸皮'}, {'id': 48, 'name': '纸皮/强化型/250ml/蓝色/30周年版', 'sap_code': '20002033', 'code': 'GC000048', 'desc': '强化型纸皮'}, {'id': 50, 'name': '纸皮/普通型/250ML/24/2025新疆专供', 'sap_code': '20002076', 'code': 'GC000050', 'desc': '普通型纸皮'}, {'id': 51, 'name': '纸皮/普通型/250ML/24/30周年版/两元促销/台州专供二期', 'sap_code': '20002116', 'code': 'GC000051', 'desc': '非箱内码促销纸皮'}, {'id': 52, 'name': '纸皮/普通型/250ML/24/30周年广东二期箱内码', 'sap_code': '20002166', 'code': 'GC000052', 'desc': '箱内码促销纸皮'}, {'id': 53, 'name': '纸皮/普通型/250ML/24/30周年普通箱内码二期/2025', 'sap_code': '20002167', 'code': 'GC000053', 'desc': '箱内码促销纸皮'}]",纸皮,包材,红牛,,,YF00000026,位置⑩长度,是,到货检测,,储运部,品管部,定量,复检,150000,大于等于,张,,9,张,是,9,张,直尺,398±1,,mm,397.0000,399.0000,,1,不合格,从初检问题检测单元中取9张进行复检。,若仍有不合格，则判定该批次检测不合格。,,2025-01-01,9999-12-31
424,,HWBT0434,001,禁用,Q/RW-TS-001-2023,"[{'id': 21, 'name': '纸皮/普通型/250ml', 'sap_code': '20000023', 'code': 'GC000021', 'desc': '普通型纸皮'}, {'id': 44, 'name': '纸皮/普通型/250ML/24/30周年版', 'sap_code': '20002030', 'code': 'GC000044', 'desc': '普通型纸皮'}, {'id': 46, 'name': '纸皮/普通型/250ML/30周年版/六罐装/包装', 'sap_code': '20002031', 'code': 'GC000046', 'desc': '六罐装纸皮'}, {'id': 48, 'name': '纸皮/强化型/250ml/蓝色/30周年版', 'sap_code': '20002033', 'code': 'GC000048', 'desc': '强化型纸皮'}, {'id': 50, 'name': '纸皮/普通型/250ML/24/2025新疆专供', 'sap_code': '20002076', 'code': 'GC000050', 'desc': '普通型纸皮'}, {'id': 51, 'name': '纸皮/普通型/250ML/24/30周年版/两元促销/台州专供二期', 'sap_code': '20002116', 'code': 'GC000051', 'desc': '非箱内码促销纸皮'}, {'id': 52, 'name': '纸皮/普通型/250ML/24/30周年广东二期箱内码', 'sap_code': '20002166', 'code': 'GC000052', 'desc': '箱内码促销纸皮'}, {'id': 53, 'name': '纸皮/普通型/250ML/24/30周年普通箱内码二期/2025', 'sap_code': '20002167', 'code': 'GC000053', 'desc': '箱内码促销纸皮'}]",纸皮,包材,红牛,,,YF00000026,位置⑩长度,是,到货检测,,储运部,品管部,定量,复检,150000,大于等于,张,,9,张,是,9,张,直尺,318±5,,mm,313.0000,323.0000,,1,不合格,从初检问题检测单元中取9张进行复检。,若仍有不合格，则判定该批次检测不合格。,,2025-01-01,9999-12-31
425,,HWBT0435,001,禁用,Q/RW-TS-001-2023,"[{'id': 21, 'name': '纸皮/普通型/250ml', 'sap_code': '20000023', 'code': 'GC000021', 'desc': '普通型纸皮'}, {'id': 44, 'name': '纸皮/普通型/250ML/24/30周年版', 'sap_code': '20002030', 'code': 'GC000044', 'desc': '普通型纸皮'}, {'id': 46, 'name': '纸皮/普通型/250ML/30周年版/六罐装/包装', 'sap_code': '20002031', 'code': 'GC000046', 'desc': '六罐装纸皮'}, {'id': 48, 'name': '纸皮/强化型/250ml/蓝色/30周年版', 'sap_code': '20002033', 'code': 'GC000048', 'desc': '强化型纸皮'}, {'id': 50, 'name': '纸皮/普通型/250ML/24/2025新疆专供', 'sap_code': '20002076', 'code': 'GC000050', 'desc': '普通型纸皮'}, {'id': 51, 'name': '纸皮/普通型/250ML/24/30周年版/两元促销/台州专供二期', 'sap_code': '20002116', 'code': 'GC000051', 'desc': '非箱内码促销纸皮'}, {'id': 52, 'name': '纸皮/普通型/250ML/24/30周年广东二期箱内码', 'sap_code': '20002166', 'code': 'GC000052', 'desc': '箱内码促销纸皮'}, {'id': 53, 'name': '纸皮/普通型/250ML/24/30周年普通箱内码二期/2025', 'sap_code': '20002167', 'code': 'GC000053', 'desc': '箱内码促销纸皮'}]",纸皮,包材,红牛,8886,红牛维他命饮料（江苏）有限公司,YF00000026,位置⑩长度,是,到货检测,,储运部,品管部,定量,复检,150000,大于等于,张,,9,张,是,9,张,直尺,398±1,,mm,397.0000,399.0000,,1,不合格,从初检问题检测单元中取9张进行复检。,若仍有不合格，则判定该批次检测不合格。,,2025-01-01,9999-12-31
426,,HWBT0436,001,禁用,Q/RW-TS-001-2023,"[{'id': 21, 'name': '纸皮/普通型/250ml', 'sap_code': '20000023', 'code': 'GC000021', 'desc': '普通型纸皮'}, {'id': 44, 'name': '纸皮/普通型/250ML/24/30周年版', 'sap_code': '20002030', 'code': 'GC000044', 'desc': '普通型纸皮'}, {'id': 46, 'name': '纸皮/普通型/250ML/30周年版/六罐装/包装', 'sap_code': '20002031', 'code': 'GC000046', 'desc': '六罐装纸皮'}, {'id': 48, 'name': '纸皮/强化型/250ml/蓝色/30周年版', 'sap_code': '20002033', 'code': 'GC000048', 'desc': '强化型纸皮'}, {'id': 50, 'name': '纸皮/普通型/250ML/24/2025新疆专供', 'sap_code': '20002076', 'code': 'GC000050', 'desc': '普通型纸皮'}, {'id': 51, 'name': '纸皮/普通型/250ML/24/30周年版/两元促销/台州专供二期', 'sap_code': '20002116', 'code': 'GC000051', 'desc': '非箱内码促销纸皮'}, {'id': 52, 'name': '纸皮/普通型/250ML/24/30周年广东二期箱内码', 'sap_code': '20002166', 'code': 'GC000052', 'desc': '箱内码促销纸皮'}, {'id': 53, 'name': '纸皮/普通型/250ML/24/30周年普通箱内码二期/2025', 'sap_code': '20002167', 'code': 'GC000053', 'desc': '箱内码促销纸皮'}]",纸皮,包材,红牛,8885,广东红牛维他命饮料有限公司,YF00000026,位置⑩长度,是,到货检测,,储运部,品管部,定量,复检,150000,大于等于,张,,9,张,是,9,张,直尺,402±2,,mm,400.0000,404.0000,,1,不合格,从初检问题检测单元中取9张进行复检。,若仍有不合格，则判定该批次检测不合格。,,2025-01-01,9999-12-31
427,,HWBT0437,001,禁用,Q/RW-TS-001-2023,"[{'id': 21, 'name': '纸皮/普通型/250ml', 'sap_code': '20000023', 'code': 'GC000021', 'desc': '普通型纸皮'}, {'id': 44, 'name': '纸皮/普通型/250ML/24/30周年版', 'sap_code': '20002030', 'code': 'GC000044', 'desc': '普通型纸皮'}, {'id': 46, 'name': '纸皮/普通型/250ML/30周年版/六罐装/包装', 'sap_code': '20002031', 'code': 'GC000046', 'desc': '六罐装纸皮'}, {'id': 48, 'name': '纸皮/强化型/250ml/蓝色/30周年版', 'sap_code': '20002033', 'code': 'GC000048', 'desc': '强化型纸皮'}, {'id': 50, 'name': '纸皮/普通型/250ML/24/2025新疆专供', 'sap_code': '20002076', 'code': 'GC000050', 'desc': '普通型纸皮'}, {'id': 51, 'name': '纸皮/普通型/250ML/24/30周年版/两元促销/台州专供二期', 'sap_code': '20002116', 'code': 'GC000051', 'desc': '非箱内码促销纸皮'}, {'id': 52, 'name': '纸皮/普通型/250ML/24/30周年广东二期箱内码', 'sap_code': '20002166', 'code': 'GC000052', 'desc': '箱内码促销纸皮'}, {'id': 53, 'name': '纸皮/普通型/250ML/24/30周年普通箱内码二期/2025', 'sap_code': '20002167', 'code': 'GC000053', 'desc': '箱内码促销纸皮'}]",纸皮,包材,红牛,8880,红牛维他命饮料有限公司,YF00000026,位置⑩长度,是,到货检测,,储运部,品管部,定量,复检,150000,大于等于,张,,9,张,是,9,张,直尺,402±2,,mm,400.0000,404.0000,,1,不合格,从初检问题检测单元中取9张进行复检。,若仍有不合格，则判定该批次检测不合格。,,2025-01-01,9999-12-31
428,,HWBT0438,001,禁用,Q/RW-TS-001-2023,"[{'id': 21, 'name': '纸皮/普通型/250ml', 'sap_code': '20000023', 'code': 'GC000021', 'desc': '普通型纸皮'}, {'id': 44, 'name': '纸皮/普通型/250ML/24/30周年版', 'sap_code': '20002030', 'code': 'GC000044', 'desc': '普通型纸皮'}, {'id': 46, 'name': '纸皮/普通型/250ML/30周年版/六罐装/包装', 'sap_code': '20002031', 'code': 'GC000046', 'desc': '六罐装纸皮'}, {'id': 48, 'name': '纸皮/强化型/250ml/蓝色/30周年版', 'sap_code': '20002033', 'code': 'GC000048', 'desc': '强化型纸皮'}, {'id': 50, 'name': '纸皮/普通型/250ML/24/2025新疆专供', 'sap_code': '20002076', 'code': 'GC000050', 'desc': '普通型纸皮'}, {'id': 51, 'name': '纸皮/普通型/250ML/24/30周年版/两元促销/台州专供二期', 'sap_code': '20002116', 'code': 'GC000051', 'desc': '非箱内码促销纸皮'}, {'id': 52, 'name': '纸皮/普通型/250ML/24/30周年广东二期箱内码', 'sap_code': '20002166', 'code': 'GC000052', 'desc': '箱内码促销纸皮'}, {'id': 53, 'name': '纸皮/普通型/250ML/24/30周年普通箱内码二期/2025', 'sap_code': '20002167', 'code': 'GC000053', 'desc': '箱内码促销纸皮'}]",纸皮,包材,红牛,8883,红牛维他命饮料（湖北）有限公司,YF00000026,位置⑩长度,是,到货检测,,储运部,品管部,定量,复检,150000,大于等于,张,,9,张,是,9,张,直尺,402±2,,mm,400.0000,404.0000,,1,不合格,从初检问题检测单元中取9张进行复检。,若仍有不合格，则判定该批次检测不合格。,,2025-01-01,9999-12-31
429,,HWBT0439,001,禁用,Q/RW-TS-001-2023,"[{'id': 21, 'name': '纸皮/普通型/250ml', 'sap_code': '20000023', 'code': 'GC000021', 'desc': '普通型纸皮'}, {'id': 44, 'name': '纸皮/普通型/250ML/24/30周年版', 'sap_code': '20002030', 'code': 'GC000044', 'desc': '普通型纸皮'}, {'id': 46, 'name': '纸皮/普通型/250ML/30周年版/六罐装/包装', 'sap_code': '20002031', 'code': 'GC000046', 'desc': '六罐装纸皮'}, {'id': 48, 'name': '纸皮/强化型/250ml/蓝色/30周年版', 'sap_code': '20002033', 'code': 'GC000048', 'desc': '强化型纸皮'}, {'id': 50, 'name': '纸皮/普通型/250ML/24/2025新疆专供', 'sap_code': '20002076', 'code': 'GC000050', 'desc': '普通型纸皮'}, {'id': 51, 'name': '纸皮/普通型/250ML/24/30周年版/两元促销/台州专供二期', 'sap_code': '20002116', 'code': 'GC000051', 'desc': '非箱内码促销纸皮'}, {'id': 52, 'name': '纸皮/普通型/250ML/24/30周年广东二期箱内码', 'sap_code': '20002166', 'code': 'GC000052', 'desc': '箱内码促销纸皮'}, {'id': 53, 'name': '纸皮/普通型/250ML/24/30周年普通箱内码二期/2025', 'sap_code': '20002167', 'code': 'GC000053', 'desc': '箱内码促销纸皮'}]",纸皮,包材,红牛,,,YC00000008,外观(色泽、标记、内容、条形码),是,到货检测,,储运部,品管部,定性,初检,150000,等于,张,,3,张,是,3,张,目测、手机微信、支付宝,与标准样板一致，不得有明显色差；无文字、图案错误、遗漏；条形码扫描易识别，条码信息匹配,与标准样板不一致/有明显色差/文字错误/图案错误/遗漏/条形码扫读异常/条码信息错配,,,,,1,复检,每次到货每3万张随机抽检3张，不足3万张按照3万张标准进行抽样检测。,若有不合格，取同一检测单元9张进行复检。,,2025-01-01,9999-12-31
430,,HWBT0440,001,禁用,Q/RW-TS-001-2023,"[{'id': 21, 'name': '纸皮/普通型/250ml', 'sap_code': '20000023', 'code': 'GC000021', 'desc': '普通型纸皮'}, {'id': 44, 'name': '纸皮/普通型/250ML/24/30周年版', 'sap_code': '20002030', 'code': 'GC000044', 'desc': '普通型纸皮'}, {'id': 46, 'name': '纸皮/普通型/250ML/30周年版/六罐装/包装', 'sap_code': '20002031', 'code': 'GC000046', 'desc': '六罐装纸皮'}, {'id': 48, 'name': '纸皮/强化型/250ml/蓝色/30周年版', 'sap_code': '20002033', 'code': 'GC000048', 'desc': '强化型纸皮'}, {'id': 50, 'name': '纸皮/普通型/250ML/24/2025新疆专供', 'sap_code': '20002076', 'code': 'GC000050', 'desc': '普通型纸皮'}, {'id': 51, 'name': '纸皮/普通型/250ML/24/30周年版/两元促销/台州专供二期', 'sap_code': '20002116', 'code': 'GC000051', 'desc': '非箱内码促销纸皮'}, {'id': 52, 'name': '纸皮/普通型/250ML/24/30周年广东二期箱内码', 'sap_code': '20002166', 'code': 'GC000052', 'desc': '箱内码促销纸皮'}, {'id': 53, 'name': '纸皮/普通型/250ML/24/30周年普通箱内码二期/2025', 'sap_code': '20002167', 'code': 'GC000053', 'desc': '箱内码促销纸皮'}]",纸皮,包材,红牛,,,YF00000026,外观(色泽、标记、内容、条形码),是,到货检测,,储运部,品管部,定性,复检,150000,大于等于,张,,9,张,是,9,张,目测、手机微信、支付宝,与标准样板一致，不得有明显色差；无文字、图案错误、遗漏；条形码扫描易识别，条码信息匹配,与标准样板不一致/有明显色差/文字错误/图案错误/遗漏/条形码扫读异常/条码信息错配,,,,,1,不合格,从初检问题检测单元中取9张进行复检。,若仍有不合格，则判定该批次检测不合格。,,2025-01-01,9999-12-31
431,,HWBT0441,001,禁用,Q/RW-TS-001-2023,"[{'id': 21, 'name': '纸皮/普通型/250ml', 'sap_code': '20000023', 'code': 'GC000021', 'desc': '普通型纸皮'}, {'id': 44, 'name': '纸皮/普通型/250ML/24/30周年版', 'sap_code': '20002030', 'code': 'GC000044', 'desc': '普通型纸皮'}, {'id': 46, 'name': '纸皮/普通型/250ML/30周年版/六罐装/包装', 'sap_code': '20002031', 'code': 'GC000046', 'desc': '六罐装纸皮'}, {'id': 48, 'name': '纸皮/强化型/250ml/蓝色/30周年版', 'sap_code': '20002033', 'code': 'GC000048', 'desc': '强化型纸皮'}, {'id': 50, 'name': '纸皮/普通型/250ML/24/2025新疆专供', 'sap_code': '20002076', 'code': 'GC000050', 'desc': '普通型纸皮'}, {'id': 51, 'name': '纸皮/普通型/250ML/24/30周年版/两元促销/台州专供二期', 'sap_code': '20002116', 'code': 'GC000051', 'desc': '非箱内码促销纸皮'}, {'id': 52, 'name': '纸皮/普通型/250ML/24/30周年广东二期箱内码', 'sap_code': '20002166', 'code': 'GC000052', 'desc': '箱内码促销纸皮'}, {'id': 53, 'name': '纸皮/普通型/250ML/24/30周年普通箱内码二期/2025', 'sap_code': '20002167', 'code': 'GC000053', 'desc': '箱内码促销纸皮'}]",纸皮,包材,红牛,,,YC00000008,激光码喷码效果,是,到货检测,,储运部,品管部,定性,初检,150000,等于,张,,3,张,是,3,张,激光喷码机,字体清晰、可识别、信息完整,模糊/识别异常/信息不完整,,,,,1,复检,每次到货每3万张随机抽检3张，不足3万张按照3万张标准进行抽样检测。用直尺测量图示中相应位置尺寸。,若有不合格，取同一检测单元9张进行复检。,,2025-01-01,9999-12-31
432,,HWBT0442,001,禁用,Q/RW-TS-001-2023,"[{'id': 21, 'name': '纸皮/普通型/250ml', 'sap_code': '20000023', 'code': 'GC000021', 'desc': '普通型纸皮'}, {'id': 44, 'name': '纸皮/普通型/250ML/24/30周年版', 'sap_code': '20002030', 'code': 'GC000044', 'desc': '普通型纸皮'}, {'id': 46, 'name': '纸皮/普通型/250ML/30周年版/六罐装/包装', 'sap_code': '20002031', 'code': 'GC000046', 'desc': '六罐装纸皮'}, {'id': 48, 'name': '纸皮/强化型/250ml/蓝色/30周年版', 'sap_code': '20002033', 'code': 'GC000048', 'desc': '强化型纸皮'}, {'id': 50, 'name': '纸皮/普通型/250ML/24/2025新疆专供', 'sap_code': '20002076', 'code': 'GC000050', 'desc': '普通型纸皮'}, {'id': 51, 'name': '纸皮/普通型/250ML/24/30周年版/两元促销/台州专供二期', 'sap_code': '20002116', 'code': 'GC000051', 'desc': '非箱内码促销纸皮'}, {'id': 52, 'name': '纸皮/普通型/250ML/24/30周年广东二期箱内码', 'sap_code': '20002166', 'code': 'GC000052', 'desc': '箱内码促销纸皮'}, {'id': 53, 'name': '纸皮/普通型/250ML/24/30周年普通箱内码二期/2025', 'sap_code': '20002167', 'code': 'GC000053', 'desc': '箱内码促销纸皮'}]",纸皮,包材,红牛,,,YF00000026,激光码喷码效果,是,到货检测,,储运部,品管部,定性,复检,150000,大于等于,张,,9,张,是,9,张,激光喷码机,字体清晰、可识别、信息完整,模糊/识别异常/信息不完整,,,,,1,不合格,从初检问题检测单元中取9张进行复检。,若仍有不合格，则判定该批次检测不合格。,,2025-01-01,9999-12-31
433,,HWBT0443,001,禁用,Q/RW-TS-001-2023,"[{'id': 21, 'name': '纸皮/普通型/250ml', 'sap_code': '20000023', 'code': 'GC000021', 'desc': '普通型纸皮'}, {'id': 44, 'name': '纸皮/普通型/250ML/24/30周年版', 'sap_code': '20002030', 'code': 'GC000044', 'desc': '普通型纸皮'}, {'id': 46, 'name': '纸皮/普通型/250ML/30周年版/六罐装/包装', 'sap_code': '20002031', 'code': 'GC000046', 'desc': '六罐装纸皮'}, {'id': 48, 'name': '纸皮/强化型/250ml/蓝色/30周年版', 'sap_code': '20002033', 'code': 'GC000048', 'desc': '强化型纸皮'}, {'id': 50, 'name': '纸皮/普通型/250ML/24/2025新疆专供', 'sap_code': '20002076', 'code': 'GC000050', 'desc': '普通型纸皮'}, {'id': 51, 'name': '纸皮/普通型/250ML/24/30周年版/两元促销/台州专供二期', 'sap_code': '20002116', 'code': 'GC000051', 'desc': '非箱内码促销纸皮'}, {'id': 52, 'name': '纸皮/普通型/250ML/24/30周年广东二期箱内码', 'sap_code': '20002166', 'code': 'GC000052', 'desc': '箱内码促销纸皮'}, {'id': 53, 'name': '纸皮/普通型/250ML/24/30周年普通箱内码二期/2025', 'sap_code': '20002167', 'code': 'GC000053', 'desc': '箱内码促销纸皮'}]",纸皮,包材,红牛,,,YC00000008,外箱二维码,是,到货检测,,储运部,品管部,定性,初检,150000,等于,张,,3,张,是,3,张,目测检查、手机（微信、支付宝）,打印清晰，可识别，信息完整、准确，位于指定区域内,模糊/识别异常/信息不完整/信息错误/未在指定区域,,,,,1,复检,每次到货每3万张随机抽检3张，不足3万张按照3万张标准进行抽样检测。用直尺测量图示中相应位置尺寸。,若有不合格，取同一检测单元9张进行复检。,,2025-01-01,9999-12-31
434,,HWBT0444,001,禁用,Q/RW-TS-001-2023,"[{'id': 21, 'name': '纸皮/普通型/250ml', 'sap_code': '20000023', 'code': 'GC000021', 'desc': '普通型纸皮'}, {'id': 44, 'name': '纸皮/普通型/250ML/24/30周年版', 'sap_code': '20002030', 'code': 'GC000044', 'desc': '普通型纸皮'}, {'id': 46, 'name': '纸皮/普通型/250ML/30周年版/六罐装/包装', 'sap_code': '20002031', 'code': 'GC000046', 'desc': '六罐装纸皮'}, {'id': 48, 'name': '纸皮/强化型/250ml/蓝色/30周年版', 'sap_code': '20002033', 'code': 'GC000048', 'desc': '强化型纸皮'}, {'id': 50, 'name': '纸皮/普通型/250ML/24/2025新疆专供', 'sap_code': '20002076', 'code': 'GC000050', 'desc': '普通型纸皮'}, {'id': 51, 'name': '纸皮/普通型/250ML/24/30周年版/两元促销/台州专供二期', 'sap_code': '20002116', 'code': 'GC000051', 'desc': '非箱内码促销纸皮'}, {'id': 52, 'name': '纸皮/普通型/250ML/24/30周年广东二期箱内码', 'sap_code': '20002166', 'code': 'GC000052', 'desc': '箱内码促销纸皮'}, {'id': 53, 'name': '纸皮/普通型/250ML/24/30周年普通箱内码二期/2025', 'sap_code': '20002167', 'code': 'GC000053', 'desc': '箱内码促销纸皮'}]",纸皮,包材,红牛,,,YF00000026,外箱二维码,是,到货检测,,储运部,品管部,定性,复检,150000,大于等于,张,,9,张,是,9,张,目测检查、手机（微信、支付宝）,打印清晰，可识别，信息完整、准确，位于指定区域内,模糊/识别异常/信息不完整/信息错误/未在指定区域,,,,,1,不合格,从初检问题检测单元中取9张进行复检。,若仍有不合格，则判定该批次检测不合格。,,2025-01-01,9999-12-31
435,,HWBT0445,001,禁用,Q/RW-TS-001-2023,"[{'id': 21, 'name': '纸皮/普通型/250ml', 'sap_code': '20000023', 'code': 'GC000021', 'desc': '普通型纸皮'}, {'id': 44, 'name': '纸皮/普通型/250ML/24/30周年版', 'sap_code': '20002030', 'code': 'GC000044', 'desc': '普通型纸皮'}, {'id': 46, 'name': '纸皮/普通型/250ML/30周年版/六罐装/包装', 'sap_code': '20002031', 'code': 'GC000046', 'desc': '六罐装纸皮'}, {'id': 48, 'name': '纸皮/强化型/250ml/蓝色/30周年版', 'sap_code': '20002033', 'code': 'GC000048', 'desc': '强化型纸皮'}, {'id': 50, 'name': '纸皮/普通型/250ML/24/2025新疆专供', 'sap_code': '20002076', 'code': 'GC000050', 'desc': '普通型纸皮'}, {'id': 51, 'name': '纸皮/普通型/250ML/24/30周年版/两元促销/台州专供二期', 'sap_code': '20002116', 'code': 'GC000051', 'desc': '非箱内码促销纸皮'}, {'id': 52, 'name': '纸皮/普通型/250ML/24/30周年广东二期箱内码', 'sap_code': '20002166', 'code': 'GC000052', 'desc': '箱内码促销纸皮'}, {'id': 53, 'name': '纸皮/普通型/250ML/24/30周年普通箱内码二期/2025', 'sap_code': '20002167', 'code': 'GC000053', 'desc': '箱内码促销纸皮'}]",纸皮,包材,红牛,,,YC00000008,箱内二维码位置,是,到货检测,,储运部,品管部,定性,初检,150000,等于,张,,,张,是,3,张,目测,在指定范围内,,,,,,1,不合格,在侧边及相邻区域内，无序切不固定打印。,若有不合格，则判定该批次检测不合格。,,2025-01-01,9999-12-31
436,,HWBT0446,001,禁用,Q/RW-TS-001-2023,"[{'id': 21, 'name': '纸皮/普通型/250ml', 'sap_code': '20000023', 'code': 'GC000021', 'desc': '普通型纸皮'}, {'id': 44, 'name': '纸皮/普通型/250ML/24/30周年版', 'sap_code': '20002030', 'code': 'GC000044', 'desc': '普通型纸皮'}, {'id': 46, 'name': '纸皮/普通型/250ML/30周年版/六罐装/包装', 'sap_code': '20002031', 'code': 'GC000046', 'desc': '六罐装纸皮'}, {'id': 48, 'name': '纸皮/强化型/250ml/蓝色/30周年版', 'sap_code': '20002033', 'code': 'GC000048', 'desc': '强化型纸皮'}, {'id': 50, 'name': '纸皮/普通型/250ML/24/2025新疆专供', 'sap_code': '20002076', 'code': 'GC000050', 'desc': '普通型纸皮'}, {'id': 51, 'name': '纸皮/普通型/250ML/24/30周年版/两元促销/台州专供二期', 'sap_code': '20002116', 'code': 'GC000051', 'desc': '非箱内码促销纸皮'}, {'id': 52, 'name': '纸皮/普通型/250ML/24/30周年广东二期箱内码', 'sap_code': '20002166', 'code': 'GC000052', 'desc': '箱内码促销纸皮'}, {'id': 53, 'name': '纸皮/普通型/250ML/24/30周年普通箱内码二期/2025', 'sap_code': '20002167', 'code': 'GC000053', 'desc': '箱内码促销纸皮'}]",纸皮,包材,红牛,,,YC00000008,箱内二维码长度,是,到货检测,,储运部,品管部,定量,初检,150000,等于,张,,3,张,是,3,张,直尺,20±1mm,,mm,19.0000,21.0000,,1,复检,每次到货每3万张随机抽检3张，不足3万张按照3万张标准进行抽样检测。用直尺测量图示中相应位置尺寸。,若有不合格，取同一检测单元9张进行复检。,,2025-01-01,9999-12-31
437,,HWBT0447,001,禁用,Q/RW-TS-001-2023,"[{'id': 21, 'name': '纸皮/普通型/250ml', 'sap_code': '20000023', 'code': 'GC000021', 'desc': '普通型纸皮'}, {'id': 44, 'name': '纸皮/普通型/250ML/24/30周年版', 'sap_code': '20002030', 'code': 'GC000044', 'desc': '普通型纸皮'}, {'id': 46, 'name': '纸皮/普通型/250ML/30周年版/六罐装/包装', 'sap_code': '20002031', 'code': 'GC000046', 'desc': '六罐装纸皮'}, {'id': 48, 'name': '纸皮/强化型/250ml/蓝色/30周年版', 'sap_code': '20002033', 'code': 'GC000048', 'desc': '强化型纸皮'}, {'id': 50, 'name': '纸皮/普通型/250ML/24/2025新疆专供', 'sap_code': '20002076', 'code': 'GC000050', 'desc': '普通型纸皮'}, {'id': 51, 'name': '纸皮/普通型/250ML/24/30周年版/两元促销/台州专供二期', 'sap_code': '20002116', 'code': 'GC000051', 'desc': '非箱内码促销纸皮'}, {'id': 52, 'name': '纸皮/普通型/250ML/24/30周年广东二期箱内码', 'sap_code': '20002166', 'code': 'GC000052', 'desc': '箱内码促销纸皮'}, {'id': 53, 'name': '纸皮/普通型/250ML/24/30周年普通箱内码二期/2025', 'sap_code': '20002167', 'code': 'GC000053', 'desc': '箱内码促销纸皮'}]",纸皮,包材,红牛,,,YF00000026,箱内二维码长度,是,到货检测,,储运部,品管部,定量,复检,150000,大于等于,张,,9,张,是,9,张,直尺,20±1mm,,mm,19.0000,21.0000,,1,不合格,从初检问题检测单元中取9张进行复检。,若仍有不合格，则判定该批次检测不合格。,,2025-01-01,9999-12-31
438,,HWBT0448,001,禁用,Q/RW-TS-001-2023,"[{'id': 21, 'name': '纸皮/普通型/250ml', 'sap_code': '20000023', 'code': 'GC000021', 'desc': '普通型纸皮'}, {'id': 44, 'name': '纸皮/普通型/250ML/24/30周年版', 'sap_code': '20002030', 'code': 'GC000044', 'desc': '普通型纸皮'}, {'id': 46, 'name': '纸皮/普通型/250ML/30周年版/六罐装/包装', 'sap_code': '20002031', 'code': 'GC000046', 'desc': '六罐装纸皮'}, {'id': 48, 'name': '纸皮/强化型/250ml/蓝色/30周年版', 'sap_code': '20002033', 'code': 'GC000048', 'desc': '强化型纸皮'}, {'id': 50, 'name': '纸皮/普通型/250ML/24/2025新疆专供', 'sap_code': '20002076', 'code': 'GC000050', 'desc': '普通型纸皮'}, {'id': 51, 'name': '纸皮/普通型/250ML/24/30周年版/两元促销/台州专供二期', 'sap_code': '20002116', 'code': 'GC000051', 'desc': '非箱内码促销纸皮'}, {'id': 52, 'name': '纸皮/普通型/250ML/24/30周年广东二期箱内码', 'sap_code': '20002166', 'code': 'GC000052', 'desc': '箱内码促销纸皮'}, {'id': 53, 'name': '纸皮/普通型/250ML/24/30周年普通箱内码二期/2025', 'sap_code': '20002167', 'code': 'GC000053', 'desc': '箱内码促销纸皮'}]",纸皮,包材,红牛,,,YC00000008,箱内二维码宽度,是,到货检测,,储运部,品管部,定量,初检,150000,等于,张,,3,张,是,3,张,直尺,20±1mm,,mm,19.0000,21.0000,,1,复检,每次到货每3万张随机抽检3张，不足3万张按照3万张标准进行抽样检测。用直尺测量图示中相应位置尺寸。,若有不合格，取同一检测单元9张进行复检。,,2025-01-01,9999-12-31
439,,HWBT0449,001,禁用,Q/RW-TS-001-2023,"[{'id': 21, 'name': '纸皮/普通型/250ml', 'sap_code': '20000023', 'code': 'GC000021', 'desc': '普通型纸皮'}, {'id': 44, 'name': '纸皮/普通型/250ML/24/30周年版', 'sap_code': '20002030', 'code': 'GC000044', 'desc': '普通型纸皮'}, {'id': 46, 'name': '纸皮/普通型/250ML/30周年版/六罐装/包装', 'sap_code': '20002031', 'code': 'GC000046', 'desc': '六罐装纸皮'}, {'id': 48, 'name': '纸皮/强化型/250ml/蓝色/30周年版', 'sap_code': '20002033', 'code': 'GC000048', 'desc': '强化型纸皮'}, {'id': 50, 'name': '纸皮/普通型/250ML/24/2025新疆专供', 'sap_code': '20002076', 'code': 'GC000050', 'desc': '普通型纸皮'}, {'id': 51, 'name': '纸皮/普通型/250ML/24/30周年版/两元促销/台州专供二期', 'sap_code': '20002116', 'code': 'GC000051', 'desc': '非箱内码促销纸皮'}, {'id': 52, 'name': '纸皮/普通型/250ML/24/30周年广东二期箱内码', 'sap_code': '20002166', 'code': 'GC000052', 'desc': '箱内码促销纸皮'}, {'id': 53, 'name': '纸皮/普通型/250ML/24/30周年普通箱内码二期/2025', 'sap_code': '20002167', 'code': 'GC000053', 'desc': '箱内码促销纸皮'}]",纸皮,包材,红牛,,,YF00000026,箱内二维码宽度,是,到货检测,,储运部,品管部,定量,复检,150000,大于等于,张,,9,张,是,9,张,直尺,20±1mm,,mm,19.0000,21.0000,,1,不合格,从初检问题检测单元中取9张进行复检。,若仍有不合格，则判定该批次检测不合格。,,2025-01-01,9999-12-31
440,,HWBT0450,001,禁用,Q/RW-TS-001-2023,"[{'id': 21, 'name': '纸皮/普通型/250ml', 'sap_code': '20000023', 'code': 'GC000021', 'desc': '普通型纸皮'}, {'id': 44, 'name': '纸皮/普通型/250ML/24/30周年版', 'sap_code': '20002030', 'code': 'GC000044', 'desc': '普通型纸皮'}, {'id': 46, 'name': '纸皮/普通型/250ML/30周年版/六罐装/包装', 'sap_code': '20002031', 'code': 'GC000046', 'desc': '六罐装纸皮'}, {'id': 48, 'name': '纸皮/强化型/250ml/蓝色/30周年版', 'sap_code': '20002033', 'code': 'GC000048', 'desc': '强化型纸皮'}, {'id': 50, 'name': '纸皮/普通型/250ML/24/2025新疆专供', 'sap_code': '20002076', 'code': 'GC000050', 'desc': '普通型纸皮'}, {'id': 51, 'name': '纸皮/普通型/250ML/24/30周年版/两元促销/台州专供二期', 'sap_code': '20002116', 'code': 'GC000051', 'desc': '非箱内码促销纸皮'}, {'id': 52, 'name': '纸皮/普通型/250ML/24/30周年广东二期箱内码', 'sap_code': '20002166', 'code': 'GC000052', 'desc': '箱内码促销纸皮'}, {'id': 53, 'name': '纸皮/普通型/250ML/24/30周年普通箱内码二期/2025', 'sap_code': '20002167', 'code': 'GC000053', 'desc': '箱内码促销纸皮'}]",纸皮,包材,红牛,,,YC00000008,箱内二维码外观与扫读,是,到货检测,,储运部,品管部,定性,初检,150000,等于,张,,3,张,是,3,张,目测检查、手机微信、支付宝（广东；专用手机）,印刷清晰，可识别,模糊/识别异常,,,,,1,复检,每次到货每3万张随机抽检3张，不足3万张按照3万张标准进行抽样检测。用直尺测量图示中相应位置尺寸。,若有不合格，取同一检测单元9张进行复检。,,2025-01-01,9999-12-31
441,,HWBT0451,001,禁用,Q/RW-TS-001-2023,"[{'id': 21, 'name': '纸皮/普通型/250ml', 'sap_code': '20000023', 'code': 'GC000021', 'desc': '普通型纸皮'}, {'id': 44, 'name': '纸皮/普通型/250ML/24/30周年版', 'sap_code': '20002030', 'code': 'GC000044', 'desc': '普通型纸皮'}, {'id': 46, 'name': '纸皮/普通型/250ML/30周年版/六罐装/包装', 'sap_code': '20002031', 'code': 'GC000046', 'desc': '六罐装纸皮'}, {'id': 48, 'name': '纸皮/强化型/250ml/蓝色/30周年版', 'sap_code': '20002033', 'code': 'GC000048', 'desc': '强化型纸皮'}, {'id': 50, 'name': '纸皮/普通型/250ML/24/2025新疆专供', 'sap_code': '20002076', 'code': 'GC000050', 'desc': '普通型纸皮'}, {'id': 51, 'name': '纸皮/普通型/250ML/24/30周年版/两元促销/台州专供二期', 'sap_code': '20002116', 'code': 'GC000051', 'desc': '非箱内码促销纸皮'}, {'id': 52, 'name': '纸皮/普通型/250ML/24/30周年广东二期箱内码', 'sap_code': '20002166', 'code': 'GC000052', 'desc': '箱内码促销纸皮'}, {'id': 53, 'name': '纸皮/普通型/250ML/24/30周年普通箱内码二期/2025', 'sap_code': '20002167', 'code': 'GC000053', 'desc': '箱内码促销纸皮'}]",纸皮,包材,红牛,,,YF00000026,箱内二维码外观与扫读,是,到货检测,,储运部,品管部,定性,复检,150000,大于等于,张,,9,张,是,9,张,目测检查、手机微信、支付宝（广东；专用手机）,印刷清晰，可识别,模糊/识别异常,,,,,1,不合格,从初检问题检测单元中取9张进行复检。,若仍有不合格，则判定该批次检测不合格。,,2025-01-01,9999-12-31
442,,HWBT0452,001,禁用,Q/RW-TS-001-2023,"[{'id': 18, 'name': '热缩膜/450mm', 'sap_code': '20000028', 'code': 'GC000018', 'desc': '450热缩膜'}, {'id': 19, 'name': '热缩膜/375mm', 'sap_code': '20000029', 'code': 'GC000019', 'desc': '强化型热缩膜'}, {'id': 20, 'name': '热缩膜/900MM', 'sap_code': '20000503', 'code': 'GC000020', 'desc': '900热缩膜'}, {'id': 31, 'name': '热缩膜/罐装/战马', 'sap_code': '20000962', 'code': 'GC000031', 'desc': '战马热缩膜'}, {'id': 42, 'name': '热缩膜/六罐装/30周年版', 'sap_code': '20002036', 'code': 'GC000042', 'desc': '六罐装热缩膜'}, {'id': 43, 'name': '热缩膜/六罐装/31周年版', 'sap_code': '20002283', 'code': 'GC000043', 'desc': '六罐装热缩膜'}]",热缩膜,包材,红牛,8886,红牛维他命饮料（江苏）有限公司,YC00000009,净重,是,到货检测,,品管部,品管部,定量,初检,10,等于,吨,,3,卷,否,,,电子称,标识重量±0.5,,kg,34.5000,35.5000,1,1,复检,每次到货每10吨热缩膜随机抽样3卷检测，不足10吨按照10吨标准进行抽样检测。,若有不合格，取同一检测单元内同批次3卷进行复检。,,2025-01-01,9999-12-31
443,,HWBT0453,001,禁用,Q/RW-TS-001-2023,"[{'id': 18, 'name': '热缩膜/450mm', 'sap_code': '20000028', 'code': 'GC000018', 'desc': '450热缩膜'}, {'id': 19, 'name': '热缩膜/375mm', 'sap_code': '20000029', 'code': 'GC000019', 'desc': '强化型热缩膜'}, {'id': 20, 'name': '热缩膜/900MM', 'sap_code': '20000503', 'code': 'GC000020', 'desc': '900热缩膜'}, {'id': 31, 'name': '热缩膜/罐装/战马', 'sap_code': '20000962', 'code': 'GC000031', 'desc': '战马热缩膜'}, {'id': 42, 'name': '热缩膜/六罐装/30周年版', 'sap_code': '20002036', 'code': 'GC000042', 'desc': '六罐装热缩膜'}, {'id': 43, 'name': '热缩膜/六罐装/31周年版', 'sap_code': '20002283', 'code': 'GC000043', 'desc': '六罐装热缩膜'}]",热缩膜,包材,红牛,8885,广东红牛维他命饮料有限公司,YC00000009,净重,是,到货检测,,品管部,品管部,定量,初检,10,等于,吨,,3,卷,否,,,电子称,标识重量±0.5,,kg,34.5000,35.5000,1,1,复检,每次到货每10吨热缩膜随机抽样3卷检测，不足10吨按照10吨标准进行抽样检测。,若有不合格，取同一检测单元内同批次3卷进行复检。,,2025-01-01,9999-12-31
444,,HWBT0454,001,禁用,Q/RW-TS-001-2023,"[{'id': 18, 'name': '热缩膜/450mm', 'sap_code': '20000028', 'code': 'GC000018', 'desc': '450热缩膜'}, {'id': 19, 'name': '热缩膜/375mm', 'sap_code': '20000029', 'code': 'GC000019', 'desc': '强化型热缩膜'}, {'id': 20, 'name': '热缩膜/900MM', 'sap_code': '20000503', 'code': 'GC000020', 'desc': '900热缩膜'}, {'id': 31, 'name': '热缩膜/罐装/战马', 'sap_code': '20000962', 'code': 'GC000031', 'desc': '战马热缩膜'}, {'id': 42, 'name': '热缩膜/六罐装/30周年版', 'sap_code': '20002036', 'code': 'GC000042', 'desc': '六罐装热缩膜'}, {'id': 43, 'name': '热缩膜/六罐装/31周年版', 'sap_code': '20002283', 'code': 'GC000043', 'desc': '六罐装热缩膜'}]",热缩膜,包材,红牛,8880,红牛维他命饮料有限公司,YC00000009,净重,是,到货检测,,品管部,品管部,定量,初检,10,等于,吨,,3,卷,否,,,电子称,标识重量±0.5,,kg,34.5000,35.5000,1,1,复检,每次到货每10吨热缩膜随机抽样3卷检测，不足10吨按照10吨标准进行抽样检测。,若有不合格，取同一检测单元内同批次3卷进行复检。,,2025-01-01,9999-12-31
445,,HWBT0455,001,禁用,Q/RW-TS-001-2023,"[{'id': 18, 'name': '热缩膜/450mm', 'sap_code': '20000028', 'code': 'GC000018', 'desc': '450热缩膜'}, {'id': 19, 'name': '热缩膜/375mm', 'sap_code': '20000029', 'code': 'GC000019', 'desc': '强化型热缩膜'}, {'id': 20, 'name': '热缩膜/900MM', 'sap_code': '20000503', 'code': 'GC000020', 'desc': '900热缩膜'}, {'id': 31, 'name': '热缩膜/罐装/战马', 'sap_code': '20000962', 'code': 'GC000031', 'desc': '战马热缩膜'}, {'id': 42, 'name': '热缩膜/六罐装/30周年版', 'sap_code': '20002036', 'code': 'GC000042', 'desc': '六罐装热缩膜'}, {'id': 43, 'name': '热缩膜/六罐装/31周年版', 'sap_code': '20002283', 'code': 'GC000043', 'desc': '六罐装热缩膜'}]",热缩膜,包材,红牛,8883,红牛维他命饮料（湖北）有限公司,YC00000009,净重,是,到货检测,,品管部,品管部,定量,初检,10,等于,吨,,3,卷,否,,,电子称,标识重量±0.5,,kg,49.5000,50.5000,1,1,复检,每次到货每10吨热缩膜随机抽样3卷检测，不足10吨按照10吨标准进行抽样检测。,若有不合格，取同一检测单元内同批次3卷进行复检。,,2025-01-01,9999-12-31
446,,HWBT0456,001,禁用,Q/RW-TS-001-2023,"[{'id': 18, 'name': '热缩膜/450mm', 'sap_code': '20000028', 'code': 'GC000018', 'desc': '450热缩膜'}, {'id': 19, 'name': '热缩膜/375mm', 'sap_code': '20000029', 'code': 'GC000019', 'desc': '强化型热缩膜'}, {'id': 20, 'name': '热缩膜/900MM', 'sap_code': '20000503', 'code': 'GC000020', 'desc': '900热缩膜'}, {'id': 31, 'name': '热缩膜/罐装/战马', 'sap_code': '20000962', 'code': 'GC000031', 'desc': '战马热缩膜'}, {'id': 42, 'name': '热缩膜/六罐装/30周年版', 'sap_code': '20002036', 'code': 'GC000042', 'desc': '六罐装热缩膜'}, {'id': 43, 'name': '热缩膜/六罐装/31周年版', 'sap_code': '20002283', 'code': 'GC000043', 'desc': '六罐装热缩膜'}]",热缩膜,包材,红牛,6865,华彬快速消费品饮料（贵州）有限公司,YC00000009,净重,是,到货检测,,品管部,品管部,定量,初检,10,等于,吨,,3,卷,否,,,电子称,标识重量±0.5,,kg,49.5000,50.5000,1,1,复检,每次到货每10吨热缩膜随机抽样3卷检测，不足10吨按照10吨标准进行抽样检测。,若有不合格，取同一检测单元内同批次3卷进行复检。,,2025-01-01,9999-12-31
447,,HWBT0457,001,禁用,Q/RW-TS-001-2023,"[{'id': 18, 'name': '热缩膜/450mm', 'sap_code': '20000028', 'code': 'GC000018', 'desc': '450热缩膜'}, {'id': 19, 'name': '热缩膜/375mm', 'sap_code': '20000029', 'code': 'GC000019', 'desc': '强化型热缩膜'}, {'id': 20, 'name': '热缩膜/900MM', 'sap_code': '20000503', 'code': 'GC000020', 'desc': '900热缩膜'}, {'id': 31, 'name': '热缩膜/罐装/战马', 'sap_code': '20000962', 'code': 'GC000031', 'desc': '战马热缩膜'}, {'id': 42, 'name': '热缩膜/六罐装/30周年版', 'sap_code': '20002036', 'code': 'GC000042', 'desc': '六罐装热缩膜'}, {'id': 43, 'name': '热缩膜/六罐装/31周年版', 'sap_code': '20002283', 'code': 'GC000043', 'desc': '六罐装热缩膜'}]",热缩膜,包材,红牛,6866,华彬快速消费品饮料（福建）有限公司,YC00000009,净重,是,到货检测,,品管部,品管部,定量,初检,10,等于,吨,,3,卷,否,,,电子称,标识重量±0.5,,kg,49.5000,50.5000,1,1,复检,每次到货每10吨热缩膜随机抽样3卷检测，不足10吨按照10吨标准进行抽样检测。,若有不合格，取同一检测单元内同批次3卷进行复检。,,2025-01-01,9999-12-31
448,,HWBT0458,001,禁用,Q/RW-TS-001-2023,"[{'id': 18, 'name': '热缩膜/450mm', 'sap_code': '20000028', 'code': 'GC000018', 'desc': '450热缩膜'}, {'id': 19, 'name': '热缩膜/375mm', 'sap_code': '20000029', 'code': 'GC000019', 'desc': '强化型热缩膜'}, {'id': 20, 'name': '热缩膜/900MM', 'sap_code': '20000503', 'code': 'GC000020', 'desc': '900热缩膜'}, {'id': 31, 'name': '热缩膜/罐装/战马', 'sap_code': '20000962', 'code': 'GC000031', 'desc': '战马热缩膜'}, {'id': 42, 'name': '热缩膜/六罐装/30周年版', 'sap_code': '20002036', 'code': 'GC000042', 'desc': '六罐装热缩膜'}, {'id': 43, 'name': '热缩膜/六罐装/31周年版', 'sap_code': '20002283', 'code': 'GC000043', 'desc': '六罐装热缩膜'}]",热缩膜,包材,红牛,,,YC00000009,净重,是,到货检测,,品管部,品管部,定量,初检,10,等于,吨,,3,卷,否,,,电子称,标识重量±0.5,,kg,69.5000,70.5000,1,1,复检,每次到货每10吨热缩膜随机抽样3卷检测，不足10吨按照10吨标准进行抽样检测。,若有不合格，取同一检测单元内同批次3卷进行复检。,,2025-01-01,9999-12-31
449,,HWBT0459,001,禁用,Q/RW-TS-001-2023,"[{'id': 18, 'name': '热缩膜/450mm', 'sap_code': '20000028', 'code': 'GC000018', 'desc': '450热缩膜'}, {'id': 19, 'name': '热缩膜/375mm', 'sap_code': '20000029', 'code': 'GC000019', 'desc': '强化型热缩膜'}, {'id': 20, 'name': '热缩膜/900MM', 'sap_code': '20000503', 'code': 'GC000020', 'desc': '900热缩膜'}, {'id': 31, 'name': '热缩膜/罐装/战马', 'sap_code': '20000962', 'code': 'GC000031', 'desc': '战马热缩膜'}, {'id': 42, 'name': '热缩膜/六罐装/30周年版', 'sap_code': '20002036', 'code': 'GC000042', 'desc': '六罐装热缩膜'}, {'id': 43, 'name': '热缩膜/六罐装/31周年版', 'sap_code': '20002283', 'code': 'GC000043', 'desc': '六罐装热缩膜'}]",热缩膜,包材,红牛,,,YC00000009,净重,是,到货检测,,品管部,品管部,定量,初检,10,等于,吨,,3,卷,否,,,电子称,标识重量±0.5,,kg,44.5000,45.5000,1,1,复检,每次到货每10吨热缩膜随机抽样3卷检测，不足10吨按照10吨标准进行抽样检测。,若有不合格，取同一检测单元内同批次3卷进行复检。,,2025-01-01,9999-12-31
450,,HWBT0460,001,禁用,Q/RW-TS-001-2023,"[{'id': 18, 'name': '热缩膜/450mm', 'sap_code': '20000028', 'code': 'GC000018', 'desc': '450热缩膜'}, {'id': 19, 'name': '热缩膜/375mm', 'sap_code': '20000029', 'code': 'GC000019', 'desc': '强化型热缩膜'}, {'id': 20, 'name': '热缩膜/900MM', 'sap_code': '20000503', 'code': 'GC000020', 'desc': '900热缩膜'}, {'id': 31, 'name': '热缩膜/罐装/战马', 'sap_code': '20000962', 'code': 'GC000031', 'desc': '战马热缩膜'}, {'id': 42, 'name': '热缩膜/六罐装/30周年版', 'sap_code': '20002036', 'code': 'GC000042', 'desc': '六罐装热缩膜'}, {'id': 43, 'name': '热缩膜/六罐装/31周年版', 'sap_code': '20002283', 'code': 'GC000043', 'desc': '六罐装热缩膜'}]",热缩膜,包材,红牛,,,YC00000009,净重,是,到货检测,,品管部,品管部,定量,初检,10,等于,吨,,3,卷,否,,,电子称,标识重量±0.5,,kg,39.5000,40.5000,1,1,复检,每次到货每10吨热缩膜随机抽样3卷检测，不足10吨按照10吨标准进行抽样检测。,若有不合格，取同一检测单元内同批次3卷进行复检。,,2025-01-01,9999-12-31
451,,HWBT0461,001,禁用,Q/RW-TS-001-2023,"[{'id': 18, 'name': '热缩膜/450mm', 'sap_code': '20000028', 'code': 'GC000018', 'desc': '450热缩膜'}, {'id': 19, 'name': '热缩膜/375mm', 'sap_code': '20000029', 'code': 'GC000019', 'desc': '强化型热缩膜'}, {'id': 20, 'name': '热缩膜/900MM', 'sap_code': '20000503', 'code': 'GC000020', 'desc': '900热缩膜'}, {'id': 31, 'name': '热缩膜/罐装/战马', 'sap_code': '20000962', 'code': 'GC000031', 'desc': '战马热缩膜'}, {'id': 42, 'name': '热缩膜/六罐装/30周年版', 'sap_code': '20002036', 'code': 'GC000042', 'desc': '六罐装热缩膜'}, {'id': 43, 'name': '热缩膜/六罐装/31周年版', 'sap_code': '20002283', 'code': 'GC000043', 'desc': '六罐装热缩膜'}]",热缩膜,包材,红牛,8886,红牛维他命饮料（江苏）有限公司,YF00000027,净重,是,到货检测,,品管部,品管部,定量,复检,10,大于等于,吨,,3,卷,否,,,电子称,标识重量±0.5,,kg,34.5000,35.5000,1,1,不合格,从初检问题检测单元同一批次中取3卷进行复检。,若仍有不合格，则判定该批次检测不合格。,,2025-01-01,9999-12-31
452,,HWBT0462,001,禁用,Q/RW-TS-001-2023,"[{'id': 18, 'name': '热缩膜/450mm', 'sap_code': '20000028', 'code': 'GC000018', 'desc': '450热缩膜'}, {'id': 19, 'name': '热缩膜/375mm', 'sap_code': '20000029', 'code': 'GC000019', 'desc': '强化型热缩膜'}, {'id': 20, 'name': '热缩膜/900MM', 'sap_code': '20000503', 'code': 'GC000020', 'desc': '900热缩膜'}, {'id': 31, 'name': '热缩膜/罐装/战马', 'sap_code': '20000962', 'code': 'GC000031', 'desc': '战马热缩膜'}, {'id': 42, 'name': '热缩膜/六罐装/30周年版', 'sap_code': '20002036', 'code': 'GC000042', 'desc': '六罐装热缩膜'}, {'id': 43, 'name': '热缩膜/六罐装/31周年版', 'sap_code': '20002283', 'code': 'GC000043', 'desc': '六罐装热缩膜'}]",热缩膜,包材,红牛,8885,广东红牛维他命饮料有限公司,YF00000027,净重,是,到货检测,,品管部,品管部,定量,复检,10,大于等于,吨,,3,卷,否,,,电子称,标识重量±0.5,,kg,34.5000,35.5000,1,1,不合格,从初检问题检测单元同一批次中取3卷进行复检。,若仍有不合格，则判定该批次检测不合格。,,2025-01-01,9999-12-31
453,,HWBT0463,001,禁用,Q/RW-TS-001-2023,"[{'id': 18, 'name': '热缩膜/450mm', 'sap_code': '20000028', 'code': 'GC000018', 'desc': '450热缩膜'}, {'id': 19, 'name': '热缩膜/375mm', 'sap_code': '20000029', 'code': 'GC000019', 'desc': '强化型热缩膜'}, {'id': 20, 'name': '热缩膜/900MM', 'sap_code': '20000503', 'code': 'GC000020', 'desc': '900热缩膜'}, {'id': 31, 'name': '热缩膜/罐装/战马', 'sap_code': '20000962', 'code': 'GC000031', 'desc': '战马热缩膜'}, {'id': 42, 'name': '热缩膜/六罐装/30周年版', 'sap_code': '20002036', 'code': 'GC000042', 'desc': '六罐装热缩膜'}, {'id': 43, 'name': '热缩膜/六罐装/31周年版', 'sap_code': '20002283', 'code': 'GC000043', 'desc': '六罐装热缩膜'}]",热缩膜,包材,红牛,8880,红牛维他命饮料有限公司,YF00000027,净重,是,到货检测,,品管部,品管部,定量,复检,10,大于等于,吨,,3,卷,否,,,电子称,标识重量±0.5,,kg,34.5000,35.5000,1,1,不合格,从初检问题检测单元同一批次中取3卷进行复检。,若仍有不合格，则判定该批次检测不合格。,,2025-01-01,9999-12-31
454,,HWBT0464,001,禁用,Q/RW-TS-001-2023,"[{'id': 18, 'name': '热缩膜/450mm', 'sap_code': '20000028', 'code': 'GC000018', 'desc': '450热缩膜'}, {'id': 19, 'name': '热缩膜/375mm', 'sap_code': '20000029', 'code': 'GC000019', 'desc': '强化型热缩膜'}, {'id': 20, 'name': '热缩膜/900MM', 'sap_code': '20000503', 'code': 'GC000020', 'desc': '900热缩膜'}, {'id': 31, 'name': '热缩膜/罐装/战马', 'sap_code': '20000962', 'code': 'GC000031', 'desc': '战马热缩膜'}, {'id': 42, 'name': '热缩膜/六罐装/30周年版', 'sap_code': '20002036', 'code': 'GC000042', 'desc': '六罐装热缩膜'}, {'id': 43, 'name': '热缩膜/六罐装/31周年版', 'sap_code': '20002283', 'code': 'GC000043', 'desc': '六罐装热缩膜'}]",热缩膜,包材,红牛,8883,红牛维他命饮料（湖北）有限公司,YF00000027,净重,是,到货检测,,品管部,品管部,定量,复检,10,大于等于,吨,,3,卷,否,,,电子称,标识重量±0.5,,kg,49.5000,50.5000,1,1,不合格,从初检问题检测单元同一批次中取3卷进行复检。,若仍有不合格，则判定该批次检测不合格。,,2025-01-01,9999-12-31
455,,HWBT0465,001,禁用,Q/RW-TS-001-2023,"[{'id': 18, 'name': '热缩膜/450mm', 'sap_code': '20000028', 'code': 'GC000018', 'desc': '450热缩膜'}, {'id': 19, 'name': '热缩膜/375mm', 'sap_code': '20000029', 'code': 'GC000019', 'desc': '强化型热缩膜'}, {'id': 20, 'name': '热缩膜/900MM', 'sap_code': '20000503', 'code': 'GC000020', 'desc': '900热缩膜'}, {'id': 31, 'name': '热缩膜/罐装/战马', 'sap_code': '20000962', 'code': 'GC000031', 'desc': '战马热缩膜'}, {'id': 42, 'name': '热缩膜/六罐装/30周年版', 'sap_code': '20002036', 'code': 'GC000042', 'desc': '六罐装热缩膜'}, {'id': 43, 'name': '热缩膜/六罐装/31周年版', 'sap_code': '20002283', 'code': 'GC000043', 'desc': '六罐装热缩膜'}]",热缩膜,包材,红牛,6865,华彬快速消费品饮料（贵州）有限公司,YF00000027,净重,是,到货检测,,品管部,品管部,定量,复检,10,大于等于,吨,,3,卷,否,,,电子称,标识重量±0.5,,kg,49.5000,50.5000,1,1,不合格,从初检问题检测单元同一批次中取3卷进行复检。,若仍有不合格，则判定该批次检测不合格。,,2025-01-01,9999-12-31
456,,HWBT0466,001,禁用,Q/RW-TS-001-2023,"[{'id': 18, 'name': '热缩膜/450mm', 'sap_code': '20000028', 'code': 'GC000018', 'desc': '450热缩膜'}, {'id': 19, 'name': '热缩膜/375mm', 'sap_code': '20000029', 'code': 'GC000019', 'desc': '强化型热缩膜'}, {'id': 20, 'name': '热缩膜/900MM', 'sap_code': '20000503', 'code': 'GC000020', 'desc': '900热缩膜'}, {'id': 31, 'name': '热缩膜/罐装/战马', 'sap_code': '20000962', 'code': 'GC000031', 'desc': '战马热缩膜'}, {'id': 42, 'name': '热缩膜/六罐装/30周年版', 'sap_code': '20002036', 'code': 'GC000042', 'desc': '六罐装热缩膜'}, {'id': 43, 'name': '热缩膜/六罐装/31周年版', 'sap_code': '20002283', 'code': 'GC000043', 'desc': '六罐装热缩膜'}]",热缩膜,包材,红牛,6866,华彬快速消费品饮料（福建）有限公司,YF00000027,净重,是,到货检测,,品管部,品管部,定量,复检,10,大于等于,吨,,3,卷,否,,,电子称,标识重量±0.5,,kg,49.5000,50.5000,1,1,不合格,从初检问题检测单元同一批次中取3卷进行复检。,若仍有不合格，则判定该批次检测不合格。,,2025-01-01,9999-12-31
457,,HWBT0467,001,禁用,Q/RW-TS-001-2023,"[{'id': 18, 'name': '热缩膜/450mm', 'sap_code': '20000028', 'code': 'GC000018', 'desc': '450热缩膜'}, {'id': 19, 'name': '热缩膜/375mm', 'sap_code': '20000029', 'code': 'GC000019', 'desc': '强化型热缩膜'}, {'id': 20, 'name': '热缩膜/900MM', 'sap_code': '20000503', 'code': 'GC000020', 'desc': '900热缩膜'}, {'id': 31, 'name': '热缩膜/罐装/战马', 'sap_code': '20000962', 'code': 'GC000031', 'desc': '战马热缩膜'}, {'id': 42, 'name': '热缩膜/六罐装/30周年版', 'sap_code': '20002036', 'code': 'GC000042', 'desc': '六罐装热缩膜'}, {'id': 43, 'name': '热缩膜/六罐装/31周年版', 'sap_code': '20002283', 'code': 'GC000043', 'desc': '六罐装热缩膜'}]",热缩膜,包材,红牛,,,YF00000027,净重,是,到货检测,,品管部,品管部,定量,复检,10,大于等于,吨,,3,卷,否,,,电子称,标识重量±0.5,,kg,69.5000,70.5000,1,1,不合格,从初检问题检测单元同一批次中取3卷进行复检。,若仍有不合格，则判定该批次检测不合格。,,2025-01-01,9999-12-31
458,,HWBT0468,001,禁用,Q/RW-TS-001-2023,"[{'id': 18, 'name': '热缩膜/450mm', 'sap_code': '20000028', 'code': 'GC000018', 'desc': '450热缩膜'}, {'id': 19, 'name': '热缩膜/375mm', 'sap_code': '20000029', 'code': 'GC000019', 'desc': '强化型热缩膜'}, {'id': 20, 'name': '热缩膜/900MM', 'sap_code': '20000503', 'code': 'GC000020', 'desc': '900热缩膜'}, {'id': 31, 'name': '热缩膜/罐装/战马', 'sap_code': '20000962', 'code': 'GC000031', 'desc': '战马热缩膜'}, {'id': 42, 'name': '热缩膜/六罐装/30周年版', 'sap_code': '20002036', 'code': 'GC000042', 'desc': '六罐装热缩膜'}, {'id': 43, 'name': '热缩膜/六罐装/31周年版', 'sap_code': '20002283', 'code': 'GC000043', 'desc': '六罐装热缩膜'}]",热缩膜,包材,红牛,,,YF00000027,净重,是,到货检测,,品管部,品管部,定量,复检,10,大于等于,吨,,3,卷,否,,,电子称,标识重量±0.5,,kg,44.5000,45.5000,1,1,不合格,从初检问题检测单元同一批次中取3卷进行复检。,若仍有不合格，则判定该批次检测不合格。,,2025-01-01,9999-12-31
459,,HWBT0469,001,禁用,Q/RW-TS-001-2023,"[{'id': 18, 'name': '热缩膜/450mm', 'sap_code': '20000028', 'code': 'GC000018', 'desc': '450热缩膜'}, {'id': 19, 'name': '热缩膜/375mm', 'sap_code': '20000029', 'code': 'GC000019', 'desc': '强化型热缩膜'}, {'id': 20, 'name': '热缩膜/900MM', 'sap_code': '20000503', 'code': 'GC000020', 'desc': '900热缩膜'}, {'id': 31, 'name': '热缩膜/罐装/战马', 'sap_code': '20000962', 'code': 'GC000031', 'desc': '战马热缩膜'}, {'id': 42, 'name': '热缩膜/六罐装/30周年版', 'sap_code': '20002036', 'code': 'GC000042', 'desc': '六罐装热缩膜'}, {'id': 43, 'name': '热缩膜/六罐装/31周年版', 'sap_code': '20002283', 'code': 'GC000043', 'desc': '六罐装热缩膜'}]",热缩膜,包材,红牛,,,YF00000027,净重,是,到货检测,,品管部,品管部,定量,复检,10,大于等于,吨,,3,卷,否,,,电子称,标识重量±0.5,,kg,39.5000,40.5000,1,1,不合格,从初检问题检测单元同一批次中取3卷进行复检。,若仍有不合格，则判定该批次检测不合格。,,2025-01-01,9999-12-31
460,,HWBT0470,001,禁用,Q/RW-TS-001-2023,"[{'id': 18, 'name': '热缩膜/450mm', 'sap_code': '20000028', 'code': 'GC000018', 'desc': '450热缩膜'}, {'id': 19, 'name': '热缩膜/375mm', 'sap_code': '20000029', 'code': 'GC000019', 'desc': '强化型热缩膜'}, {'id': 20, 'name': '热缩膜/900MM', 'sap_code': '20000503', 'code': 'GC000020', 'desc': '900热缩膜'}, {'id': 31, 'name': '热缩膜/罐装/战马', 'sap_code': '20000962', 'code': 'GC000031', 'desc': '战马热缩膜'}, {'id': 42, 'name': '热缩膜/六罐装/30周年版', 'sap_code': '20002036', 'code': 'GC000042', 'desc': '六罐装热缩膜'}, {'id': 43, 'name': '热缩膜/六罐装/31周年版', 'sap_code': '20002283', 'code': 'GC000043', 'desc': '六罐装热缩膜'}]",热缩膜,包材,红牛,,,YC00000009,热缩膜厚度,是,到货检测,,品管部,品管部,定量,初检,10,等于,吨,,3,卷,否,,,螺旋测微仪,0.06-0.07,,mm,0.0600,0.0700,2,1,复检,每次到货每10吨热缩膜随机抽样3卷检测，不足10吨按照10吨标准进行抽样检测。,若有不合格，取同一检测单元内同批次3卷进行复检。,,2025-01-01,9999-12-31
461,,HWBT0471,001,禁用,Q/RW-TS-001-2023,"[{'id': 18, 'name': '热缩膜/450mm', 'sap_code': '20000028', 'code': 'GC000018', 'desc': '450热缩膜'}, {'id': 19, 'name': '热缩膜/375mm', 'sap_code': '20000029', 'code': 'GC000019', 'desc': '强化型热缩膜'}, {'id': 20, 'name': '热缩膜/900MM', 'sap_code': '20000503', 'code': 'GC000020', 'desc': '900热缩膜'}, {'id': 31, 'name': '热缩膜/罐装/战马', 'sap_code': '20000962', 'code': 'GC000031', 'desc': '战马热缩膜'}, {'id': 42, 'name': '热缩膜/六罐装/30周年版', 'sap_code': '20002036', 'code': 'GC000042', 'desc': '六罐装热缩膜'}, {'id': 43, 'name': '热缩膜/六罐装/31周年版', 'sap_code': '20002283', 'code': 'GC000043', 'desc': '六罐装热缩膜'}]",热缩膜,包材,红牛,,,YC00000009,热缩膜厚度,是,到货检测,,品管部,品管部,定量,初检,10,等于,吨,,3,卷,否,,,螺旋测微仪,0.06-0.07,,mm,0.0600,0.0700,2,1,复检,每次到货每10吨热缩膜随机抽样3卷检测，不足10吨按照10吨标准进行抽样检测。,若有不合格，取同一检测单元内同批次3卷进行复检。,,2025-01-01,9999-12-31
462,,HWBT0472,001,禁用,Q/RW-TS-001-2023,"[{'id': 18, 'name': '热缩膜/450mm', 'sap_code': '20000028', 'code': 'GC000018', 'desc': '450热缩膜'}, {'id': 19, 'name': '热缩膜/375mm', 'sap_code': '20000029', 'code': 'GC000019', 'desc': '强化型热缩膜'}, {'id': 20, 'name': '热缩膜/900MM', 'sap_code': '20000503', 'code': 'GC000020', 'desc': '900热缩膜'}, {'id': 31, 'name': '热缩膜/罐装/战马', 'sap_code': '20000962', 'code': 'GC000031', 'desc': '战马热缩膜'}, {'id': 42, 'name': '热缩膜/六罐装/30周年版', 'sap_code': '20002036', 'code': 'GC000042', 'desc': '六罐装热缩膜'}, {'id': 43, 'name': '热缩膜/六罐装/31周年版', 'sap_code': '20002283', 'code': 'GC000043', 'desc': '六罐装热缩膜'}]",热缩膜,包材,红牛,,,YC00000009,热缩膜厚度,是,到货检测,,品管部,品管部,定量,初检,10,等于,吨,,3,卷,否,,,螺旋测微仪,0.06-0.07,,mm,0.0600,0.0700,2,1,复检,每次到货每10吨热缩膜随机抽样3卷检测，不足10吨按照10吨标准进行抽样检测。,若有不合格，取同一检测单元内同批次3卷进行复检。,,2025-01-01,9999-12-31
463,,HWBT0473,001,禁用,Q/RW-TS-001-2023,"[{'id': 18, 'name': '热缩膜/450mm', 'sap_code': '20000028', 'code': 'GC000018', 'desc': '450热缩膜'}, {'id': 19, 'name': '热缩膜/375mm', 'sap_code': '20000029', 'code': 'GC000019', 'desc': '强化型热缩膜'}, {'id': 20, 'name': '热缩膜/900MM', 'sap_code': '20000503', 'code': 'GC000020', 'desc': '900热缩膜'}, {'id': 31, 'name': '热缩膜/罐装/战马', 'sap_code': '20000962', 'code': 'GC000031', 'desc': '战马热缩膜'}, {'id': 42, 'name': '热缩膜/六罐装/30周年版', 'sap_code': '20002036', 'code': 'GC000042', 'desc': '六罐装热缩膜'}, {'id': 43, 'name': '热缩膜/六罐装/31周年版', 'sap_code': '20002283', 'code': 'GC000043', 'desc': '六罐装热缩膜'}]",热缩膜,包材,红牛,,,YC00000009,热缩膜厚度,是,到货检测,,品管部,品管部,定量,初检,10,等于,吨,,3,卷,否,,,螺旋测微仪,0.07-0.09,,mm,0.0700,0.0900,2,1,复检,每次到货每10吨热缩膜随机抽样3卷检测，不足10吨按照10吨标准进行抽样检测。,若有不合格，取同一检测单元内同批次3卷进行复检。,,2025-01-01,9999-12-31
464,,HWBT0474,001,禁用,Q/RW-TS-001-2023,"[{'id': 18, 'name': '热缩膜/450mm', 'sap_code': '20000028', 'code': 'GC000018', 'desc': '450热缩膜'}, {'id': 19, 'name': '热缩膜/375mm', 'sap_code': '20000029', 'code': 'GC000019', 'desc': '强化型热缩膜'}, {'id': 20, 'name': '热缩膜/900MM', 'sap_code': '20000503', 'code': 'GC000020', 'desc': '900热缩膜'}, {'id': 31, 'name': '热缩膜/罐装/战马', 'sap_code': '20000962', 'code': 'GC000031', 'desc': '战马热缩膜'}, {'id': 42, 'name': '热缩膜/六罐装/30周年版', 'sap_code': '20002036', 'code': 'GC000042', 'desc': '六罐装热缩膜'}, {'id': 43, 'name': '热缩膜/六罐装/31周年版', 'sap_code': '20002283', 'code': 'GC000043', 'desc': '六罐装热缩膜'}]",热缩膜,包材,红牛,,,YF00000027,热缩膜厚度,是,到货检测,,品管部,品管部,定量,复检,10,大于等于,吨,,3,卷,否,,,螺旋测微仪,0.06-0.07,,mm,0.0600,0.0700,2,1,不合格,从初检问题检测单元同一批次中取3卷进行复检。,若仍有不合格，则判定该批次检测不合格。,,2025-01-01,9999-12-31
465,,HWBT0475,001,禁用,Q/RW-TS-001-2023,"[{'id': 18, 'name': '热缩膜/450mm', 'sap_code': '20000028', 'code': 'GC000018', 'desc': '450热缩膜'}, {'id': 19, 'name': '热缩膜/375mm', 'sap_code': '20000029', 'code': 'GC000019', 'desc': '强化型热缩膜'}, {'id': 20, 'name': '热缩膜/900MM', 'sap_code': '20000503', 'code': 'GC000020', 'desc': '900热缩膜'}, {'id': 31, 'name': '热缩膜/罐装/战马', 'sap_code': '20000962', 'code': 'GC000031', 'desc': '战马热缩膜'}, {'id': 42, 'name': '热缩膜/六罐装/30周年版', 'sap_code': '20002036', 'code': 'GC000042', 'desc': '六罐装热缩膜'}, {'id': 43, 'name': '热缩膜/六罐装/31周年版', 'sap_code': '20002283', 'code': 'GC000043', 'desc': '六罐装热缩膜'}]",热缩膜,包材,红牛,,,YF00000027,热缩膜厚度,是,到货检测,,品管部,品管部,定量,复检,10,大于等于,吨,,3,卷,否,,,螺旋测微仪,0.06-0.07,,mm,0.0600,0.0700,2,1,不合格,从初检问题检测单元同一批次中取3卷进行复检。,若仍有不合格，则判定该批次检测不合格。,,2025-01-01,9999-12-31
466,,HWBT0476,001,禁用,Q/RW-TS-001-2023,"[{'id': 18, 'name': '热缩膜/450mm', 'sap_code': '20000028', 'code': 'GC000018', 'desc': '450热缩膜'}, {'id': 19, 'name': '热缩膜/375mm', 'sap_code': '20000029', 'code': 'GC000019', 'desc': '强化型热缩膜'}, {'id': 20, 'name': '热缩膜/900MM', 'sap_code': '20000503', 'code': 'GC000020', 'desc': '900热缩膜'}, {'id': 31, 'name': '热缩膜/罐装/战马', 'sap_code': '20000962', 'code': 'GC000031', 'desc': '战马热缩膜'}, {'id': 42, 'name': '热缩膜/六罐装/30周年版', 'sap_code': '20002036', 'code': 'GC000042', 'desc': '六罐装热缩膜'}, {'id': 43, 'name': '热缩膜/六罐装/31周年版', 'sap_code': '20002283', 'code': 'GC000043', 'desc': '六罐装热缩膜'}]",热缩膜,包材,红牛,,,YF00000027,热缩膜厚度,是,到货检测,,品管部,品管部,定量,复检,10,大于等于,吨,,3,卷,否,,,螺旋测微仪,0.06-0.07,,mm,0.0600,0.0700,2,1,不合格,从初检问题检测单元同一批次中取3卷进行复检。,若仍有不合格，则判定该批次检测不合格。,,2025-01-01,9999-12-31
467,,HWBT0477,001,禁用,Q/RW-TS-001-2023,"[{'id': 18, 'name': '热缩膜/450mm', 'sap_code': '20000028', 'code': 'GC000018', 'desc': '450热缩膜'}, {'id': 19, 'name': '热缩膜/375mm', 'sap_code': '20000029', 'code': 'GC000019', 'desc': '强化型热缩膜'}, {'id': 20, 'name': '热缩膜/900MM', 'sap_code': '20000503', 'code': 'GC000020', 'desc': '900热缩膜'}, {'id': 31, 'name': '热缩膜/罐装/战马', 'sap_code': '20000962', 'code': 'GC000031', 'desc': '战马热缩膜'}, {'id': 42, 'name': '热缩膜/六罐装/30周年版', 'sap_code': '20002036', 'code': 'GC000042', 'desc': '六罐装热缩膜'}, {'id': 43, 'name': '热缩膜/六罐装/31周年版', 'sap_code': '20002283', 'code': 'GC000043', 'desc': '六罐装热缩膜'}]",热缩膜,包材,红牛,,,YF00000027,热缩膜厚度,是,到货检测,,品管部,品管部,定量,复检,10,大于等于,吨,,3,卷,否,,,螺旋测微仪,0.07-0.09,,mm,0.0700,0.0900,2,1,不合格,从初检问题检测单元同一批次中取3卷进行复检。,若仍有不合格，则判定该批次检测不合格。,,2025-01-01,9999-12-31
468,,HWBT0478,001,禁用,Q/RW-TS-001-2023,"[{'id': 18, 'name': '热缩膜/450mm', 'sap_code': '20000028', 'code': 'GC000018', 'desc': '450热缩膜'}, {'id': 19, 'name': '热缩膜/375mm', 'sap_code': '20000029', 'code': 'GC000019', 'desc': '强化型热缩膜'}, {'id': 20, 'name': '热缩膜/900MM', 'sap_code': '20000503', 'code': 'GC000020', 'desc': '900热缩膜'}, {'id': 31, 'name': '热缩膜/罐装/战马', 'sap_code': '20000962', 'code': 'GC000031', 'desc': '战马热缩膜'}, {'id': 42, 'name': '热缩膜/六罐装/30周年版', 'sap_code': '20002036', 'code': 'GC000042', 'desc': '六罐装热缩膜'}, {'id': 43, 'name': '热缩膜/六罐装/31周年版', 'sap_code': '20002283', 'code': 'GC000043', 'desc': '六罐装热缩膜'}]",热缩膜,包材,红牛,,,YC00000009,热缩膜宽度,是,到货检测,,品管部,品管部,定量,初检,10,等于,吨,,3,卷,否,,,直尺,450±5,,mm,445.0000,455.0000,,1,复检,每次到货每10吨热缩膜随机抽样3卷检测，不足10吨按照10吨标准进行抽样检测。,若有不合格，取同一检测单元内同批次3卷进行复检。,,2025-01-01,9999-12-31
469,,HWBT0479,001,禁用,Q/RW-TS-001-2023,"[{'id': 18, 'name': '热缩膜/450mm', 'sap_code': '20000028', 'code': 'GC000018', 'desc': '450热缩膜'}, {'id': 19, 'name': '热缩膜/375mm', 'sap_code': '20000029', 'code': 'GC000019', 'desc': '强化型热缩膜'}, {'id': 20, 'name': '热缩膜/900MM', 'sap_code': '20000503', 'code': 'GC000020', 'desc': '900热缩膜'}, {'id': 31, 'name': '热缩膜/罐装/战马', 'sap_code': '20000962', 'code': 'GC000031', 'desc': '战马热缩膜'}, {'id': 42, 'name': '热缩膜/六罐装/30周年版', 'sap_code': '20002036', 'code': 'GC000042', 'desc': '六罐装热缩膜'}, {'id': 43, 'name': '热缩膜/六罐装/31周年版', 'sap_code': '20002283', 'code': 'GC000043', 'desc': '六罐装热缩膜'}]",热缩膜,包材,红牛,,,YC00000009,热缩膜宽度,是,到货检测,,品管部,品管部,定量,初检,10,等于,吨,,3,卷,否,,,直尺,900±10,,mm,890.0000,910.0000,,1,复检,每次到货每10吨热缩膜随机抽样3卷检测，不足10吨按照10吨标准进行抽样检测。,若有不合格，取同一检测单元内同批次3卷进行复检。,,2025-01-01,9999-12-31
470,,HWBT0480,001,禁用,Q/RW-TS-001-2023,"[{'id': 18, 'name': '热缩膜/450mm', 'sap_code': '20000028', 'code': 'GC000018', 'desc': '450热缩膜'}, {'id': 19, 'name': '热缩膜/375mm', 'sap_code': '20000029', 'code': 'GC000019', 'desc': '强化型热缩膜'}, {'id': 20, 'name': '热缩膜/900MM', 'sap_code': '20000503', 'code': 'GC000020', 'desc': '900热缩膜'}, {'id': 31, 'name': '热缩膜/罐装/战马', 'sap_code': '20000962', 'code': 'GC000031', 'desc': '战马热缩膜'}, {'id': 42, 'name': '热缩膜/六罐装/30周年版', 'sap_code': '20002036', 'code': 'GC000042', 'desc': '六罐装热缩膜'}, {'id': 43, 'name': '热缩膜/六罐装/31周年版', 'sap_code': '20002283', 'code': 'GC000043', 'desc': '六罐装热缩膜'}]",热缩膜,包材,红牛,,,YC00000009,热缩膜宽度,是,到货检测,,品管部,品管部,定量,初检,10,等于,吨,,3,卷,否,,,直尺,380±5,,mm,375.0000,385.0000,,1,复检,每次到货每10吨热缩膜随机抽样3卷检测，不足10吨按照10吨标准进行抽样检测。,若有不合格，取同一检测单元内同批次3卷进行复检。,,2025-01-01,9999-12-31
471,,HWBT0481,001,禁用,Q/RW-TS-001-2023,"[{'id': 18, 'name': '热缩膜/450mm', 'sap_code': '20000028', 'code': 'GC000018', 'desc': '450热缩膜'}, {'id': 19, 'name': '热缩膜/375mm', 'sap_code': '20000029', 'code': 'GC000019', 'desc': '强化型热缩膜'}, {'id': 20, 'name': '热缩膜/900MM', 'sap_code': '20000503', 'code': 'GC000020', 'desc': '900热缩膜'}, {'id': 31, 'name': '热缩膜/罐装/战马', 'sap_code': '20000962', 'code': 'GC000031', 'desc': '战马热缩膜'}, {'id': 42, 'name': '热缩膜/六罐装/30周年版', 'sap_code': '20002036', 'code': 'GC000042', 'desc': '六罐装热缩膜'}, {'id': 43, 'name': '热缩膜/六罐装/31周年版', 'sap_code': '20002283', 'code': 'GC000043', 'desc': '六罐装热缩膜'}]",热缩膜,包材,红牛,,,YC00000009,热缩膜宽度,是,到货检测,,品管部,品管部,定量,初检,10,等于,吨,,3,卷,否,,,直尺,540±5,,mm,535.0000,545.0000,,1,复检,每次到货每10吨热缩膜随机抽样3卷检测，不足10吨按照10吨标准进行抽样检测。,若有不合格，取同一检测单元内同批次3卷进行复检。,,2025-01-01,9999-12-31
472,,HWBT0482,001,禁用,Q/RW-TS-001-2023,"[{'id': 18, 'name': '热缩膜/450mm', 'sap_code': '20000028', 'code': 'GC000018', 'desc': '450热缩膜'}, {'id': 19, 'name': '热缩膜/375mm', 'sap_code': '20000029', 'code': 'GC000019', 'desc': '强化型热缩膜'}, {'id': 20, 'name': '热缩膜/900MM', 'sap_code': '20000503', 'code': 'GC000020', 'desc': '900热缩膜'}, {'id': 31, 'name': '热缩膜/罐装/战马', 'sap_code': '20000962', 'code': 'GC000031', 'desc': '战马热缩膜'}, {'id': 42, 'name': '热缩膜/六罐装/30周年版', 'sap_code': '20002036', 'code': 'GC000042', 'desc': '六罐装热缩膜'}, {'id': 43, 'name': '热缩膜/六罐装/31周年版', 'sap_code': '20002283', 'code': 'GC000043', 'desc': '六罐装热缩膜'}]",热缩膜,包材,红牛,,,YF00000027,热缩膜宽度,是,到货检测,,品管部,品管部,定量,复检,10,大于等于,吨,,3,卷,否,,,直尺,450±5,,mm,445.0000,455.0000,,1,不合格,从初检问题检测单元同一批次中取3卷进行复检。,若仍有不合格，则判定该批次检测不合格。,,2025-01-01,9999-12-31
473,,HWBT0483,001,禁用,Q/RW-TS-001-2023,"[{'id': 18, 'name': '热缩膜/450mm', 'sap_code': '20000028', 'code': 'GC000018', 'desc': '450热缩膜'}, {'id': 19, 'name': '热缩膜/375mm', 'sap_code': '20000029', 'code': 'GC000019', 'desc': '强化型热缩膜'}, {'id': 20, 'name': '热缩膜/900MM', 'sap_code': '20000503', 'code': 'GC000020', 'desc': '900热缩膜'}, {'id': 31, 'name': '热缩膜/罐装/战马', 'sap_code': '20000962', 'code': 'GC000031', 'desc': '战马热缩膜'}, {'id': 42, 'name': '热缩膜/六罐装/30周年版', 'sap_code': '20002036', 'code': 'GC000042', 'desc': '六罐装热缩膜'}, {'id': 43, 'name': '热缩膜/六罐装/31周年版', 'sap_code': '20002283', 'code': 'GC000043', 'desc': '六罐装热缩膜'}]",热缩膜,包材,红牛,,,YF00000027,热缩膜宽度,是,到货检测,,品管部,品管部,定量,复检,10,大于等于,吨,,3,卷,否,,,直尺,900±10,,mm,890.0000,910.0000,,1,不合格,从初检问题检测单元同一批次中取3卷进行复检。,若仍有不合格，则判定该批次检测不合格。,,2025-01-01,9999-12-31
474,,HWBT0484,001,禁用,Q/RW-TS-001-2023,"[{'id': 18, 'name': '热缩膜/450mm', 'sap_code': '20000028', 'code': 'GC000018', 'desc': '450热缩膜'}, {'id': 19, 'name': '热缩膜/375mm', 'sap_code': '20000029', 'code': 'GC000019', 'desc': '强化型热缩膜'}, {'id': 20, 'name': '热缩膜/900MM', 'sap_code': '20000503', 'code': 'GC000020', 'desc': '900热缩膜'}, {'id': 31, 'name': '热缩膜/罐装/战马', 'sap_code': '20000962', 'code': 'GC000031', 'desc': '战马热缩膜'}, {'id': 42, 'name': '热缩膜/六罐装/30周年版', 'sap_code': '20002036', 'code': 'GC000042', 'desc': '六罐装热缩膜'}, {'id': 43, 'name': '热缩膜/六罐装/31周年版', 'sap_code': '20002283', 'code': 'GC000043', 'desc': '六罐装热缩膜'}]",热缩膜,包材,红牛,,,YF00000027,热缩膜宽度,是,到货检测,,品管部,品管部,定量,复检,10,大于等于,吨,,3,卷,否,,,直尺,380±5,,mm,375.0000,385.0000,,1,不合格,从初检问题检测单元同一批次中取3卷进行复检。,若仍有不合格，则判定该批次检测不合格。,,2025-01-01,9999-12-31
475,,HWBT0485,001,禁用,Q/RW-TS-001-2023,"[{'id': 18, 'name': '热缩膜/450mm', 'sap_code': '20000028', 'code': 'GC000018', 'desc': '450热缩膜'}, {'id': 19, 'name': '热缩膜/375mm', 'sap_code': '20000029', 'code': 'GC000019', 'desc': '强化型热缩膜'}, {'id': 20, 'name': '热缩膜/900MM', 'sap_code': '20000503', 'code': 'GC000020', 'desc': '900热缩膜'}, {'id': 31, 'name': '热缩膜/罐装/战马', 'sap_code': '20000962', 'code': 'GC000031', 'desc': '战马热缩膜'}, {'id': 42, 'name': '热缩膜/六罐装/30周年版', 'sap_code': '20002036', 'code': 'GC000042', 'desc': '六罐装热缩膜'}, {'id': 43, 'name': '热缩膜/六罐装/31周年版', 'sap_code': '20002283', 'code': 'GC000043', 'desc': '六罐装热缩膜'}]",热缩膜,包材,红牛,,,YF00000027,热缩膜宽度,是,到货检测,,品管部,品管部,定量,复检,10,大于等于,吨,,3,卷,否,,,直尺,540±5,,mm,535.0000,545.0000,,1,不合格,从初检问题检测单元同一批次中取3卷进行复检。,若仍有不合格，则判定该批次检测不合格。,,2025-01-01,9999-12-31
476,,HWBT0486,001,禁用,Q/RW-TS-001-2023,"[{'id': 18, 'name': '热缩膜/450mm', 'sap_code': '20000028', 'code': 'GC000018', 'desc': '450热缩膜'}, {'id': 19, 'name': '热缩膜/375mm', 'sap_code': '20000029', 'code': 'GC000019', 'desc': '强化型热缩膜'}, {'id': 20, 'name': '热缩膜/900MM', 'sap_code': '20000503', 'code': 'GC000020', 'desc': '900热缩膜'}, {'id': 31, 'name': '热缩膜/罐装/战马', 'sap_code': '20000962', 'code': 'GC000031', 'desc': '战马热缩膜'}, {'id': 42, 'name': '热缩膜/六罐装/30周年版', 'sap_code': '20002036', 'code': 'GC000042', 'desc': '六罐装热缩膜'}, {'id': 43, 'name': '热缩膜/六罐装/31周年版', 'sap_code': '20002283', 'code': 'GC000043', 'desc': '六罐装热缩膜'}]",热缩膜,包材,红牛,,,YC00000009,热缩膜筒内径,是,到货检测,,品管部,品管部,定量,初检,10,等于,吨,,3,卷,否,,,游标卡尺,76±2,,mm,74.0000,78.0000,,1,复检,每次到货每10吨热缩膜随机抽样3卷检测，不足10吨按照10吨标准进行抽样检测。,若有不合格，取同一检测单元内同批次3卷进行复检。,,2025-01-01,9999-12-31
477,,HWBT0487,001,禁用,Q/RW-TS-001-2023,"[{'id': 18, 'name': '热缩膜/450mm', 'sap_code': '20000028', 'code': 'GC000018', 'desc': '450热缩膜'}, {'id': 19, 'name': '热缩膜/375mm', 'sap_code': '20000029', 'code': 'GC000019', 'desc': '强化型热缩膜'}, {'id': 20, 'name': '热缩膜/900MM', 'sap_code': '20000503', 'code': 'GC000020', 'desc': '900热缩膜'}, {'id': 31, 'name': '热缩膜/罐装/战马', 'sap_code': '20000962', 'code': 'GC000031', 'desc': '战马热缩膜'}, {'id': 42, 'name': '热缩膜/六罐装/30周年版', 'sap_code': '20002036', 'code': 'GC000042', 'desc': '六罐装热缩膜'}, {'id': 43, 'name': '热缩膜/六罐装/31周年版', 'sap_code': '20002283', 'code': 'GC000043', 'desc': '六罐装热缩膜'}]",热缩膜,包材,红牛,,,YF00000027,热缩膜筒内径,是,到货检测,,品管部,品管部,定量,复检,10,大于等于,吨,,3,卷,否,,,游标卡尺,76±2,,mm,74.0000,78.0000,,1,不合格,从初检问题检测单元同一批次中取3卷进行复检。,若仍有不合格，则判定该批次检测不合格。,,2025-01-01,9999-12-31
478,,HWBT0488,001,禁用,Q/RW-TS-001-2023,"[{'id': 18, 'name': '热缩膜/450mm', 'sap_code': '20000028', 'code': 'GC000018', 'desc': '450热缩膜'}, {'id': 19, 'name': '热缩膜/375mm', 'sap_code': '20000029', 'code': 'GC000019', 'desc': '强化型热缩膜'}, {'id': 20, 'name': '热缩膜/900MM', 'sap_code': '20000503', 'code': 'GC000020', 'desc': '900热缩膜'}, {'id': 31, 'name': '热缩膜/罐装/战马', 'sap_code': '20000962', 'code': 'GC000031', 'desc': '战马热缩膜'}, {'id': 42, 'name': '热缩膜/六罐装/30周年版', 'sap_code': '20002036', 'code': 'GC000042', 'desc': '六罐装热缩膜'}, {'id': 43, 'name': '热缩膜/六罐装/31周年版', 'sap_code': '20002283', 'code': 'GC000043', 'desc': '六罐装热缩膜'}]",热缩膜,包材,红牛,,,YC00000009,外观质量,是,到货检测,,品管部,品管部,定性,初检,10,等于,吨,,3,卷,否,,,目测检查,膜体完整无破损、擦伤、变形；无明显脏污、刀丝、 干版、皱褶等；颜色透明，符合使用要求,破损/擦伤/变形/脏污/刀丝/干版/褶皱/颜色不透明/不符合使用要求,,,,,1,复检,每次到货每10吨热缩膜随机抽样3卷检测，不足10吨按照10吨标准进行抽样检测。,若有不合格，取同一检测单元内同批次3卷进行复检。,,2025-01-01,9999-12-31
479,,HWBT0489,001,禁用,Q/RW-TS-001-2023,"[{'id': 18, 'name': '热缩膜/450mm', 'sap_code': '20000028', 'code': 'GC000018', 'desc': '450热缩膜'}, {'id': 19, 'name': '热缩膜/375mm', 'sap_code': '20000029', 'code': 'GC000019', 'desc': '强化型热缩膜'}, {'id': 20, 'name': '热缩膜/900MM', 'sap_code': '20000503', 'code': 'GC000020', 'desc': '900热缩膜'}, {'id': 31, 'name': '热缩膜/罐装/战马', 'sap_code': '20000962', 'code': 'GC000031', 'desc': '战马热缩膜'}, {'id': 42, 'name': '热缩膜/六罐装/30周年版', 'sap_code': '20002036', 'code': 'GC000042', 'desc': '六罐装热缩膜'}, {'id': 43, 'name': '热缩膜/六罐装/31周年版', 'sap_code': '20002283', 'code': 'GC000043', 'desc': '六罐装热缩膜'}]",热缩膜,包材,红牛,,,YF00000027,外观质量,是,到货检测,,品管部,品管部,定性,复检,10,大于等于,吨,,3,卷,否,,,目测检查,膜体完整无破损、擦伤、变形；无明显脏污、刀丝、 干版、皱褶等；颜色透明，符合使用要求,破损/擦伤/变形/脏污/刀丝/干版/褶皱/颜色不透明/不符合使用要求,,,,,1,不合格,从初检问题检测单元同一批次中取3卷进行复检。,若仍有不合格，则判定该批次检测不合格。,,2025-01-01,9999-12-31
480,,HWBT0490,001,禁用,Q/RW-TS-001-2023,"[{'id': 18, 'name': '热缩膜/450mm', 'sap_code': '20000028', 'code': 'GC000018', 'desc': '450热缩膜'}, {'id': 19, 'name': '热缩膜/375mm', 'sap_code': '20000029', 'code': 'GC000019', 'desc': '强化型热缩膜'}, {'id': 20, 'name': '热缩膜/900MM', 'sap_code': '20000503', 'code': 'GC000020', 'desc': '900热缩膜'}, {'id': 31, 'name': '热缩膜/罐装/战马', 'sap_code': '20000962', 'code': 'GC000031', 'desc': '战马热缩膜'}, {'id': 42, 'name': '热缩膜/六罐装/30周年版', 'sap_code': '20002036', 'code': 'GC000042', 'desc': '六罐装热缩膜'}, {'id': 43, 'name': '热缩膜/六罐装/31周年版', 'sap_code': '20002283', 'code': 'GC000043', 'desc': '六罐装热缩膜'}]",热缩膜,包材,红牛,,,YC00000009,彩膜外观要求,是,到货检测,,品管部,品管部,定性,初检,10,等于,吨,,3,卷,否,,,目测检查,字体及图案清晰完整、漏印等,字体及图案模糊/字体及图案不完整/字体及图案漏印,,,,,1,复检,每次到货每10吨热缩膜随机抽样3卷检测，不足10吨按照10吨标准进行抽样检测。,若有不合格，取同一检测单元内同批次3卷进行复检。,,2025-01-01,9999-12-31
481,,HWBT0491,001,禁用,Q/RW-TS-001-2023,"[{'id': 18, 'name': '热缩膜/450mm', 'sap_code': '20000028', 'code': 'GC000018', 'desc': '450热缩膜'}, {'id': 19, 'name': '热缩膜/375mm', 'sap_code': '20000029', 'code': 'GC000019', 'desc': '强化型热缩膜'}, {'id': 20, 'name': '热缩膜/900MM', 'sap_code': '20000503', 'code': 'GC000020', 'desc': '900热缩膜'}, {'id': 31, 'name': '热缩膜/罐装/战马', 'sap_code': '20000962', 'code': 'GC000031', 'desc': '战马热缩膜'}, {'id': 42, 'name': '热缩膜/六罐装/30周年版', 'sap_code': '20002036', 'code': 'GC000042', 'desc': '六罐装热缩膜'}, {'id': 43, 'name': '热缩膜/六罐装/31周年版', 'sap_code': '20002283', 'code': 'GC000043', 'desc': '六罐装热缩膜'}]",热缩膜,包材,红牛,,,YF00000027,彩膜外观要求,是,到货检测,,品管部,品管部,定性,复检,10,大于等于,吨,,3,卷,否,,,目测检查,字体及图案清晰完整、漏印等,字体及图案模糊/字体及图案不完整/字体及图案漏印,,,,,1,不合格,从初检问题检测单元同一批次中取3卷进行复检。,若仍有不合格，则判定该批次检测不合格。,,2025-01-01,9999-12-31
482,,HWBT0492,001,禁用,Q/RW-TS-001-2023,"[{'id': 18, 'name': '热缩膜/450mm', 'sap_code': '20000028', 'code': 'GC000018', 'desc': '450热缩膜'}, {'id': 19, 'name': '热缩膜/375mm', 'sap_code': '20000029', 'code': 'GC000019', 'desc': '强化型热缩膜'}, {'id': 20, 'name': '热缩膜/900MM', 'sap_code': '20000503', 'code': 'GC000020', 'desc': '900热缩膜'}, {'id': 31, 'name': '热缩膜/罐装/战马', 'sap_code': '20000962', 'code': 'GC000031', 'desc': '战马热缩膜'}, {'id': 42, 'name': '热缩膜/六罐装/30周年版', 'sap_code': '20002036', 'code': 'GC000042', 'desc': '六罐装热缩膜'}, {'id': 43, 'name': '热缩膜/六罐装/31周年版', 'sap_code': '20002283', 'code': 'GC000043', 'desc': '六罐装热缩膜'}]",热缩膜,包材,红牛,,,YC00000009,彩膜条形码,是,到货检测,,品管部,品管部,定性,初检,10,等于,吨,,3,卷,否,,,扫码枪,条码扫描仪易识别，条码与对应纸皮信息匹配,识别异常/条码与对应纸皮信息不匹配,,,,,1,复检,每次到货每10吨热缩膜随机抽样3卷检测，不足10吨按照10吨标准进行抽样检测。,若有不合格，取同一检测单元内同批次3卷进行复检。,,2025-01-01,9999-12-31
483,,HWBT0493,001,禁用,Q/RW-TS-001-2023,"[{'id': 18, 'name': '热缩膜/450mm', 'sap_code': '20000028', 'code': 'GC000018', 'desc': '450热缩膜'}, {'id': 19, 'name': '热缩膜/375mm', 'sap_code': '20000029', 'code': 'GC000019', 'desc': '强化型热缩膜'}, {'id': 20, 'name': '热缩膜/900MM', 'sap_code': '20000503', 'code': 'GC000020', 'desc': '900热缩膜'}, {'id': 31, 'name': '热缩膜/罐装/战马', 'sap_code': '20000962', 'code': 'GC000031', 'desc': '战马热缩膜'}, {'id': 42, 'name': '热缩膜/六罐装/30周年版', 'sap_code': '20002036', 'code': 'GC000042', 'desc': '六罐装热缩膜'}, {'id': 43, 'name': '热缩膜/六罐装/31周年版', 'sap_code': '20002283', 'code': 'GC000043', 'desc': '六罐装热缩膜'}]",热缩膜,包材,红牛,,,YF00000027,彩膜条形码,是,到货检测,,品管部,品管部,定性,复检,10,大于等于,吨,,3,卷,否,,,扫码枪,条码扫描仪易识别，条码与对应纸皮信息匹配,识别异常/条码与对应纸皮信息不匹配,,,,,1,不合格,从初检问题检测单元同一批次中取3卷进行复检。,若仍有不合格，则判定该批次检测不合格。,,2025-01-01,9999-12-31
484,,HWBT0494,001,禁用,Q/RW-TS-001-2023,"[{'id': 18, 'name': '热缩膜/450mm', 'sap_code': '20000028', 'code': 'GC000018', 'desc': '450热缩膜'}, {'id': 19, 'name': '热缩膜/375mm', 'sap_code': '20000029', 'code': 'GC000019', 'desc': '强化型热缩膜'}, {'id': 20, 'name': '热缩膜/900MM', 'sap_code': '20000503', 'code': 'GC000020', 'desc': '900热缩膜'}, {'id': 31, 'name': '热缩膜/罐装/战马', 'sap_code': '20000962', 'code': 'GC000031', 'desc': '战马热缩膜'}, {'id': 42, 'name': '热缩膜/六罐装/30周年版', 'sap_code': '20002036', 'code': 'GC000042', 'desc': '六罐装热缩膜'}, {'id': 43, 'name': '热缩膜/六罐装/31周年版', 'sap_code': '20002283', 'code': 'GC000043', 'desc': '六罐装热缩膜'}]",热缩膜,包材,红牛,,,YC00000009,彩膜油墨附着力,是,到货检测,,品管部,品管部,定性,初检,10,等于,吨,,3,卷,否,,,目测检查,双手搓10下无掉墨。,,,,,,1,复检,每次到货每10吨热缩膜随机抽样3卷检测，不足10吨按照10吨标准进行抽样检测。,若有不合格，取同一检测单元内同批次3卷进行复检。,,2025-01-01,9999-12-31
485,,HWBT0495,001,禁用,Q/RW-TS-001-2023,"[{'id': 18, 'name': '热缩膜/450mm', 'sap_code': '20000028', 'code': 'GC000018', 'desc': '450热缩膜'}, {'id': 19, 'name': '热缩膜/375mm', 'sap_code': '20000029', 'code': 'GC000019', 'desc': '强化型热缩膜'}, {'id': 20, 'name': '热缩膜/900MM', 'sap_code': '20000503', 'code': 'GC000020', 'desc': '900热缩膜'}, {'id': 31, 'name': '热缩膜/罐装/战马', 'sap_code': '20000962', 'code': 'GC000031', 'desc': '战马热缩膜'}, {'id': 42, 'name': '热缩膜/六罐装/30周年版', 'sap_code': '20002036', 'code': 'GC000042', 'desc': '六罐装热缩膜'}, {'id': 43, 'name': '热缩膜/六罐装/31周年版', 'sap_code': '20002283', 'code': 'GC000043', 'desc': '六罐装热缩膜'}]",热缩膜,包材,红牛,,,YF00000027,彩膜油墨附着力,是,到货检测,,品管部,品管部,定性,复检,10,大于等于,吨,,3,卷,否,,,目测检查,双手搓10下无掉墨。,,,,,,1,不合格,从初检问题检测单元同一批次中取3卷进行复检。,若仍有不合格，则判定该批次检测不合格。,,2025-01-01,9999-12-31
486,,HWBT0496,001,禁用,Q/RW-TS-001-2023,"[{'id': 8, 'name': 'RBMT0603', 'sap_code': '20000006', 'code': 'GC000008', 'desc': '牛磺酸'}]",牛磺酸,内容物,红牛,,,YC00000010,含量、干燥减重,是,到货检测,,品管部,第三方检测,定性,初检,1,等于,批次,,100,克,是,0.1,kg,外检,GB 14759,,,,,,1,退货处理,每1新批次为一个检测单元，随机从1袋牛磺酸中抽取100克进行检测。,若有不合格，从同一批次另抽取1袋，从中各取100克复检。,,2025-01-01,9999-12-31
487,,HWBT0497,001,禁用,Q/RW-TS-001-2023,"[{'id': 4, 'name': 'RBMT0502', 'sap_code': '20000005', 'code': 'GC000004', 'desc': '咖啡因'}]",咖啡因,内容物,红牛,,,YC00000010,含量、干燥减重,是,到货检测,加严检测,品管部,第三方检测,定性,初检,1,等于,批次,,100,克,是,1,kg,外检,GB 14758,,,1.0000,2.0000,1,1,退货处理,每1新批次为一个检测单元，随机从1袋咖啡因中抽取100克进行检测。,若有不合格，从同一批次另抽取1袋，从中各取100克复检。,,2025-01-01,9999-12-31
488,,HWBT0498,001,禁用,HWBT2606,"[{'id': 17, 'name': '空罐/普通型/无顶盖/250ml', 'sap_code': '20000194', 'code': 'GC000017', 'desc': '普通型空罐'}, {'id': 36, 'name': '空罐/普通型/250ML/30周年版/无顶盖', 'sap_code': '20002028', 'code': 'GC000036', 'desc': '普通型空罐'}, {'id': 37, 'name': '空罐/普通型/250ML/31周年版/无顶盖', 'sap_code': '20002271', 'code': 'GC000037', 'desc': '普通型空罐'}, {'id': 38, 'name': '空罐/普通型/250ML/2026广东红包促销/无顶盖', 'sap_code': '20002273', 'code': 'GC000038', 'desc': '促销型空罐'}, {'id': 39, 'name': '空罐/普通型/250ML/2026广东1元乐享促销/无顶盖', 'sap_code': '20002274', 'code': 'GC000039', 'desc': '促销型空罐'}, {'id': 40, 'name': '空罐/强化型/250ml/蓝色/30周年版/无底盖', 'sap_code': '20002029', 'code': 'GC000040', 'desc': '强化型空罐'}, {'id': 41, 'name': '空罐/强化型/250ml/蓝色/31周年版/无底盖', 'sap_code': '20002272', 'code': 'GC000041', 'desc': '强化型空罐'}, {'id': 66, 'name': '空罐/普通型/250ML/2026扫码1元乐享-闽苏沪/无顶盖', 'sap_code': '20002294', 'code': 'GC000066', 'desc': '促销型空罐'}, {'id': 69, 'name': '空罐/普通型/250ML/2026年1元乐享-新疆青海/无顶盖', 'sap_code': '20002303', 'code': 'GC000069', 'desc': '促销型空罐'}, {'id': 71, 'name': '空罐/普通型/250ML/2026扫码1元乐享-云贵/无顶盖', 'sap_code': '20002305', 'code': 'GC000071', 'desc': '促销型空罐'}, {'id': 73, 'name': '空罐/普通型/250ML/2026扫码1元乐享-广西/无顶盖', 'sap_code': '20002315', 'code': 'GC000073', 'desc': '促销型空罐'}]",空罐,包材,红牛,,,YC00000002,翻边尺寸,是,到货检测,正常检测,生产部,品管部,定性,初检,1,等于4,托盘,,8,罐,是,8,罐,空罐翻边宽度检测仪,2.20~2.60,,mm,2.2000,2.6000,2,1,退货处理,每8托为一个检测单元，每一托盘随机抽取样品1罐，共8罐，并做好标识，其中1罐做本次检测,若有不合格，取同一托6罐复检。,,2026-06-09,2043-06-18
489,,HWBT0500,001,禁用,HWBT1616,[],内涂膜,包材,红牛,,,YF00000008,缺陷电流,是,到货检测,正常检测,品管部,品管部,定量,初检,,大于等于1,,,,,是,1,卷,手动,2.0,,卷,0.0000,2.2000,1,1,退货处理,1,1,,2026-06-09,2027-06-10
