序号,起运地,目的地,起-止,发运方式,线路,卸载方式
1,咸宁,泉州,咸宁~泉州,汽运,ZZ0180,1
2,武汉,湖北省孝感市孝南区,武汉~湖北省孝感市孝南区,汽运,Z09073,1
3,汕头,广东省河源市,汕头~广东省河源市,汽运,Z06390,1
4,汕头,广东省汕头市潮阳区,汕头~广东省汕头市潮阳区,汽运,Z06386,1
5,汕头,广东省汕头市普宁市,汕头~广东省汕头市普宁市,汽运,Z06387,1
6,咸宁,拉萨,咸宁~拉萨,华庭直配,ZZ0297,1
7,咸宁,咸宁,咸宁~咸宁,会议直配,ZZ0296,1
8,奥瑞金,咸宁,奥瑞金~咸宁,汽运,ZZ1325,1
9,宜兴,咸宁,宜兴~咸宁,汽运,ZZ0123,1
10,南昌,江西省上饶市鄱阳县,南昌~江西省上饶市鄱阳县,,Z07870,
11,重庆,重庆市重庆市云阳县,重庆~重庆市重庆市云阳县,,Z10543,
12,福州,福建省福州市台江区,福州~福建省福州市台江区,,Z09012,
13,太原,山西省吕梁市交口县,太原~山西省吕梁市交口县,,Z04013,
14,沈阳,辽宁省本溪市明山区,沈阳~辽宁省本溪市明山区,,Z10112,
15,兰州,甘肃省甘南藏族自治州舟曲县,兰州~甘肃省甘南藏族自治州舟曲县,,Z05536,
16,东莞,,东莞~,,Z08018,
17,福州,福建省福州市闽侯县,福州~福建省福州市闽侯县,,Z08885,
18,海口,海南省海口市龙华区,海口~海南省海口市龙华区,,Z08012,
19,,湖北省武汉市青山区,~湖北省武汉市青山区,,,
20,青岛,,青岛~,,000001,
21,济南,辽宁省丹东市凤城市,济南~辽宁省丹东市凤城市,,Z09092,
22,郑州,河南省郑州市管城回族区,郑州~河南省郑州市管城回族区,,Z09962,
23,郑州,河南省郑州市新郑市,郑州~河南省郑州市新郑市,,Z09963,
24,海口,,海口~,,Z10067,
25,济南,山东省济南市历下区,济南~山东省济南市历下区,,Z09404,
26,杭州,北京市北京市朝阳区,杭州~北京市北京市朝阳区,,Z06431,
27,南京,,南京~,,Z06610,
28,深圳,,深圳~,,Z09843,
29,济南,山东省济南市历下区,济南~山东省济南市历下区,,Z05818,
30,驻马店,河南省南阳市宛城区,驻马店~河南省南阳市宛城区,,Z09477,
31,青岛,山东省潍坊市寒亭区,青岛~山东省潍坊市寒亭区,,Z10539,
32,长春,吉林省长春市南关区,长春~吉林省长春市南关区,,Z10505,
33,重庆,重庆市重庆市云阳县,重庆~重庆市重庆市云阳县,,Z10557,
34,北京,,北京~,,Z04339,
35,武汉,,武汉~,,Z09902,
36,沈阳,辽宁省大连市西岗区,沈阳~辽宁省大连市西岗区,,Z04451,
37,驻马店,河南省漯河市源汇区,驻马店~河南省漯河市源汇区,,Z04888,
38,驻马店,河南省许昌市魏都区,驻马店~河南省许昌市魏都区,,Z09481,
39,哈尔滨,黑龙江省双鸭山市尖山区,哈尔滨~黑龙江省双鸭山市尖山区,,Z04568,
40,济南,山东省济南市历下区,济南~山东省济南市历下区,,Z09401,
41,和田,新疆维吾尔自治区喀什地区叶城县,和田~新疆维吾尔自治区喀什地区叶城县,,Z10235,
42,济南,山东省济南市历下区,济南~山东省济南市历下区,,Z05849,
43,济南,山东省济南市历下区,济南~山东省济南市历下区,,Z09400,
44,东莞,广东省东莞市,东莞~广东省东莞市,,Z08024,
45,上海,江苏省南京市鼓楼区,上海~江苏省南京市鼓楼区,,000001,
46,南京,,南京~,,Z09857,
47,,,~,,Z06587,
48,,,~,,ZZ2291,
49,,,~,,ZZ1162,
50,和田,新疆维吾尔自治区喀什地区泽普县,和田~新疆维吾尔自治区喀什地区泽普县,,Z10506,
51,太原,山西省长治市黎城县,太原~山西省长治市黎城县,,Z04049,
52,衡阳,湖南省岳阳市岳阳楼区,衡阳~湖南省岳阳市岳阳楼区,,Z10550,
53,太原,山西省忻州市五台县,太原~山西省忻州市五台县,,Z04026,
54,衡阳,湖南省怀化市鹤城区,衡阳~湖南省怀化市鹤城区,,Z10548,
55,长沙,湖南省邵阳市邵东市,长沙~湖南省邵阳市邵东市,,Z07347,
56,石家庄,河北省邢台市巨鹿县,石家庄~河北省邢台市巨鹿县,,Z08651,
57,衡阳,湖南省邵阳市双清区,衡阳~湖南省邵阳市双清区,,Z10544,
58,喀什,新疆维吾尔自治区和田地区和田市,喀什~新疆维吾尔自治区和田地区和田市,,Z05691,
59,喀什,新疆维吾尔自治区和田地区墨玉县,喀什~新疆维吾尔自治区和田地区墨玉县,,Z05697,
60,哈尔滨,黑龙江省牡丹江市东宁市,哈尔滨~黑龙江省牡丹江市东宁市,,Z04626,
61,深圳,,深圳~,,Z07966,
62,太原,山西省运城市万荣县,太原~山西省运城市万荣县,,Z04041,
63,福州,福建省宁德市周宁县,福州~福建省宁德市周宁县,,Z06159,
64,济南,山东省济南市历下区,济南~山东省济南市历下区,,Z05890,
65,济南,山东省济南市历下区,济南~山东省济南市历下区,,Z09403,
66,太原,山西省晋城市城区,太原~山西省晋城市城区,,Z03964,
67,乌鲁木齐,新疆维吾尔自治区乌鲁木齐市水磨沟区,乌鲁木齐~新疆维吾尔自治区乌鲁木齐市水磨沟区,,Z09960,
68,汕头,广东省揭阳市普宁市,汕头~广东省揭阳市普宁市,,Z10551,
69,广州,广东省清远市清城区,广州~广东省清远市清城区,,Z07969,
70,南宁,,南宁~,,Z09601,
71,福州,福建省福州市台江区,福州~福建省福州市台江区,,Z06151,
72,北京,北京市北京市怀柔区,北京~北京市北京市怀柔区,,Z04339,
73,大理,云南省怒江傈僳族自治州泸水市,大理~云南省怒江傈僳族自治州泸水市,,Z10552,
74,成都,西藏自治区昌都市八宿县,成都~西藏自治区昌都市八宿县,,Z07708,
75,衡阳,湖南省永州市祁阳市,衡阳~湖南省永州市祁阳市,,Z10547,
76,泉州,福建省龙岩市新罗区,泉州~福建省龙岩市新罗区,,Z09066,
77,衡阳,湖南省长沙市开福区,衡阳~湖南省长沙市开福区,,Z07457,
78,南昌,江西省抚州市资溪县,南昌~江西省抚州市资溪县,,Z09266,
79,昆明,云南省红河哈尼族彝族自治州开远市,昆明~云南省红河哈尼族彝族自治州开远市,,,
80,乌鲁木齐,新疆维吾尔自治区哈密市巴里坤哈萨克自治县,乌鲁木齐~新疆维吾尔自治区哈密市巴里坤哈萨克自治县,,Z05422,
81,武汉,湖北省襄阳市樊城区,武汉~湖北省襄阳市樊城区,,Z10303,
82,衡阳,湖南省长沙市开福区,衡阳~湖南省长沙市开福区,,Z07464,
83,,,~,,ZZ0986,
84,南昌,江西省上饶市鄱阳县,南昌~江西省上饶市鄱阳县,,Z07876,
85,长沙,湖南省怀化市鹤城区,长沙~湖南省怀化市鹤城区,,Z09501,
86,长沙,湖南省长沙市开福区,长沙~湖南省长沙市开福区,,Z09501,
87,南京,,南京~,,Z06634,
88,太原,山西省长治市潞城区,太原~山西省长治市潞城区,,Z04050,
89,青岛,山东省青岛市市南区,青岛~山东省青岛市市南区,,Z09451,
90,武汉,湖北省随州市随县,武汉~湖北省随州市随县,,Z09891,
91,济南,山东省济南市章丘区,济南~山东省济南市章丘区,,Z10554,
92,荆州,湖北省武汉市江汉区,荆州~湖北省武汉市江汉区,,,
93,北京,河北省张家口市崇礼区,北京~河北省张家口市崇礼区,,Z04374,
94,包头,内蒙古自治区呼和浩特市赛罕区,包头~内蒙古自治区呼和浩特市赛罕区,,Z10475,
95,,,~,,ZZ1943,
96,,,~,,ZZ0894,
97,,,~,,ZZ0132,
98,,,~,,ZZ0133,
99,荆州,湖北省荆门市东宝区,荆州~湖北省荆门市东宝区,,Z10172,
100,太原,山西省运城市稷山县,太原~山西省运城市稷山县,,Z04036,
101,成都,四川省甘孜藏族自治州康定市,成都~四川省甘孜藏族自治州康定市,,Z10541,
102,柳州,广西壮族自治区柳州市融水苗族自治县,柳州~广西壮族自治区柳州市融水苗族自治县,,Z08294,
103,兰州,甘肃省陇南市康县,兰州~甘肃省陇南市康县,,Z05561,
104,泉州,福建省泉州市丰泽区,泉州~福建省泉州市丰泽区,,,
105,昆明,云南省昆明市盘龙区,昆明~云南省昆明市盘龙区,,Z10202,
106,兰州,甘肃省庆阳市华池县,兰州~甘肃省庆阳市华池县,,Z05504,
107,西安,陕西省咸阳市礼泉县,西安~陕西省咸阳市礼泉县,,Z05646,
108,西安,陕西省宝鸡市凤县,西安~陕西省宝鸡市凤县,,Z05664,
109,西安,陕西省延安市黄龙县,西安~陕西省延安市黄龙县,,Z08887,
110,西安,陕西省安康市石泉县,西安~陕西省安康市石泉县,,Z05649,
111,,,~,,ZZ2286,
112,泉州,福建省福州市台江区,泉州~福建省福州市台江区,,Z06247,
113,济南,山东省德州市禹城市,济南~山东省德州市禹城市,,Z06039,
114,贵阳,贵州省遵义市红花岗区,贵阳~贵州省遵义市红花岗区,,Z06807,
115,驻马店,,驻马店~,,Z04897,
116,西安,陕西省西安市未央区,西安~陕西省西安市未央区,,Z09905,
117,合肥,安徽省黄山市黄山区,合肥~安徽省黄山市黄山区,,Z10540,
118,石家庄,河北省衡水市桃城区,石家庄~河北省衡水市桃城区,,Z08757,
119,东莞,广东省东莞市,东莞~广东省东莞市,,,
120,驻马店,河南省许昌市,驻马店~河南省许昌市,,Z09482,
121,兰州,甘肃省临夏回族自治州临夏县,兰州~甘肃省临夏回族自治州临夏县,,Z05492,
122,长沙,,长沙~,,Z09500,
123,哈尔滨,黑龙江省哈尔滨市香坊区,哈尔滨~黑龙江省哈尔滨市香坊区,,Z09674,
124,,,~,,ZZ1216,
125,成都,四川省攀枝花市西区,成都~四川省攀枝花市西区,,Z10530,
126,西安,陕西省安康市镇坪县,西安~陕西省安康市镇坪县,,Z08889,
127,长沙,湖南省湘潭市湘潭县,长沙~湖南省湘潭市湘潭县,,Z09505,
128,石家庄,河北省沧州市海兴县,石家庄~河北省沧州市海兴县,,Z08732,
129,昆明,云南省昆明市晋宁区,昆明~云南省昆明市晋宁区,,Z07077,
130,太原,山西省太原市杏花岭区,太原~山西省太原市杏花岭区,,Z03996,
131,泉州,福建省福州市台江区,泉州~福建省福州市台江区,,Z08863,
132,沈阳,,沈阳~,,000001,
133,西安,陕西省西安市雁塔区,西安~陕西省西安市雁塔区,,Z05641,
134,成都,,成都~,,000001,
135,乌鲁木齐,,乌鲁木齐~,,000001,
136,衡阳,湖南省郴州市宜章县,衡阳~湖南省郴州市宜章县,,Z07489,
137,贵阳,贵州省黔南布依族苗族自治州长顺县,贵阳~贵州省黔南布依族苗族自治州长顺县,,Z06743,
138,太原,,太原~,,000001,
139,济南,,济南~,,000001,
140,天津,,天津~,,000001,
141,南昌,江西省南昌市南昌县,南昌~江西省南昌市南昌县,,Z09750,
142,哈尔滨,黑龙江省牡丹江市西安区,哈尔滨~黑龙江省牡丹江市西安区,,Z09715,
143,西安,陕西省西安市雁塔区,西安~陕西省西安市雁塔区,,Z10094,
144,哈尔滨,内蒙古自治区呼伦贝尔市额尔古纳市,哈尔滨~内蒙古自治区呼伦贝尔市额尔古纳市,,Z10200,
145,太原,山西省忻州市代县,太原~山西省忻州市代县,,Z04017,
146,西安,陕西省西安市雁塔区,西安~陕西省西安市雁塔区,,Z09907,
147,西安,宁夏回族自治区银川市贺兰县,西安~宁夏回族自治区银川市贺兰县,,Z10164,
148,石家庄,河北省衡水市冀州区,石家庄~河北省衡水市冀州区,,Z08708,
149,兰州,甘肃省庆阳市镇原县,兰州~甘肃省庆阳市镇原县,,Z05473,
150,淮安,,淮安~,,Z06348,
151,驻马店,河南省漯河市郾城区,驻马店~河南省漯河市郾城区,,Z04889,
152,库尔勒,,库尔勒~,,Z05765,
153,兰州,甘肃省兰州市皋兰县,兰州~甘肃省兰州市皋兰县,,Z09491,
154,石家庄,河北省邢台市任泽区,石家庄~河北省邢台市任泽区,,Z08749,
155,石家庄,河北省沧州市运河区,石家庄~河北省沧州市运河区,,Z08728,
156,郑州,河南省郑州市惠济区,郑州~河南省郑州市惠济区,,Z09966,
157,,,~,,ZZ0901,
158,咸宁基地,,咸宁基地~,,ZZ1294,
159,,,~,,ZZ1323,
160,,,~,,ZZ0137,
161,北京,天津市天津市宁河区,北京~天津市天津市宁河区,,Z08485,
162,沈阳,,沈阳~,,Z04459,
163,西宁,,西宁~,,Z10460,
164,贵港,,贵港~,,Z09662,
165,济南,山东省淄博市桓台县,济南~山东省淄博市桓台县,,Z05851,
166,沈阳,辽宁省沈阳市和平区,沈阳~辽宁省沈阳市和平区,,Z04463,
167,昆明,云南省昭通市巧家县,昆明~云南省昭通市巧家县,,Z09245,
168,,湖北省十堰市郧阳区,~湖北省十堰市郧阳区,,Z10206,
169,石家庄,河北省邯郸市磁县,石家庄~河北省邯郸市磁县,,Z08681,
170,济南,山东省济南市历下区,济南~山东省济南市历下区,,Z09399,
171,太原,山西省朔州市右玉县,太原~山西省朔州市右玉县,,Z04005,
172,青岛,山东省青岛市黄岛区,青岛~山东省青岛市黄岛区,,Z05929,
173,沈阳,,沈阳~,,Z04471,
174,北京,河北省承德市平泉市,北京~河北省承德市平泉市,,Z04352,
175,乌鲁木齐,新疆维吾尔自治区乌鲁木齐市新市区,乌鲁木齐~新疆维吾尔自治区乌鲁木齐市新市区,,Z09955,
176,贵阳,贵州省黔西南布依族苗族自治州贞丰县,贵阳~贵州省黔西南布依族苗族自治州贞丰县,,Z06843,
177,太原,山西省吕梁市交城县,太原~山西省吕梁市交城县,,Z10146,
178,北京,河北省承德市鹰手营子矿区,北京~河北省承德市鹰手营子矿区,,Z04356,
179,北京,河北省承德市丰宁满族自治县,北京~河北省承德市丰宁满族自治县,,Z04348,
180,太原,山西省忻州市偏关县,太原~山西省忻州市偏关县,,Z04024,
181,太原,山西省太原市杏花岭区,太原~山西省太原市杏花岭区,,Z03952,
182,沈阳,辽宁省辽阳市白塔区,沈阳~辽宁省辽阳市白塔区,,Z10126,
183,广州,广东省韶关市曲江区,广州~广东省韶关市曲江区,,Z10520,
184,昆明,云南省昆明市官渡区,昆明~云南省昆明市官渡区,,Z07075,
185,湛江,广东省湛江市霞山区,湛江~广东省湛江市霞山区,,Z06374,
186,成都,四川省内江市隆昌市,成都~四川省内江市隆昌市,,Z07669,
187,合肥,安徽省芜湖市南陵县,合肥~安徽省芜湖市南陵县,,Z06576,
188,哈尔滨,黑龙江省哈尔滨市道里区,哈尔滨~黑龙江省哈尔滨市道里区,,Z04522,
189,哈尔滨,黑龙江省哈尔滨市,哈尔滨~黑龙江省哈尔滨市,,Z09677,
190,哈尔滨,黑龙江省哈尔滨市,哈尔滨~黑龙江省哈尔滨市,,Z09679,
191,济南,山东省德州市陵城区,济南~山东省德州市陵城区,,Z10081,
192,济南,山东省济宁市微山县,济南~山东省济宁市微山县,,,
193,合肥,安徽省淮南市潘集区,合肥~安徽省淮南市潘集区,,Z09419,
194,合肥,安徽省淮南市凤台县,合肥~安徽省淮南市凤台县,,Z06512,
195,合肥,安徽省合肥市肥西县,合肥~安徽省合肥市肥西县,,Z06556,
196,合肥,安徽省六安市裕安区,合肥~安徽省六安市裕安区,,Z06502,
197,合肥,安徽省安庆市桐城市,合肥~安徽省安庆市桐城市,,Z06505,
198,西安,陕西省宝鸡市陈仓区,西安~陕西省宝鸡市陈仓区,,Z10087,
199,太原,山西省晋中市和顺县,太原~山西省晋中市和顺县,,Z03969,
200,长沙,湖南省常德市鼎城区,长沙~湖南省常德市鼎城区,,Z07295,
201,青岛,山东省青岛市黄岛区,青岛~山东省青岛市黄岛区,,Z09458,
202,西安,陕西省延安市宝塔区,西安~陕西省延安市宝塔区,,000001,
203,西安,陕西省西安市鄠邑区,西安~陕西省西安市鄠邑区,,Z09906,
204,杭州,上海市上海市虹口区,杭州~上海市上海市虹口区,,,
205,杭州,上海市上海市静安区,杭州~上海市上海市静安区,,,
206,武汉,广东省江门市江海区,武汉~广东省江门市江海区,,,
207,库尔勒,新疆维吾尔自治区喀什地区喀什市,库尔勒~新疆维吾尔自治区喀什地区喀什市,,Z01892,
208,杭州,上海市上海市松江区,杭州~上海市上海市松江区,,,
209,北京,河北省保定市莲池区,北京~河北省保定市莲池区,,Z10222,
210,北京,北京市北京市朝阳区,北京~北京市北京市朝阳区,,Z00076,
211,南京,,南京~,,Z06625,
212,台州,浙江省温州市鹿城区,台州~浙江省温州市鹿城区,,Z06486,
213,西安,宁夏回族自治区石嘴山市惠农区,西安~宁夏回族自治区石嘴山市惠农区,,Z05666,
214,台州,浙江省温州市鹿城区,台州~浙江省温州市鹿城区,,Z06481,
215,台州,浙江省温州市鹿城区,台州~浙江省温州市鹿城区,,Z06483,
216,台州,浙江省温州市鹿城区,台州~浙江省温州市鹿城区,,Z06482,
217,台州,浙江省温州市鹿城区,台州~浙江省温州市鹿城区,,Z06479,
218,台州,浙江省温州市鹿城区,台州~浙江省温州市鹿城区,,Z06484,
219,台州,浙江省温州市鹿城区,台州~浙江省温州市鹿城区,,Z08841,
220,咸宁基地,南宁,咸宁基地~南宁,汽运,ZZ0186,1
221,咸宁基地,三水,咸宁基地~三水,汽运,ZZ0189,1
222,湖北奥瑞金,三水基地,湖北奥瑞金~三水基地,汽运,ZZ1274,1
223,兰州,甘肃省陇南市西和县,兰州~甘肃省陇南市西和县,,Z05472,
224,兰州,甘肃省平凉市崇信县,兰州~甘肃省平凉市崇信县,,Z05549,
225,驻马店,河南省漯河市源汇区,驻马店~河南省漯河市源汇区,,,
226,济南,山东省淄博市高青县,济南~山东省淄博市高青县,,Z05907,
227,郑州,河南省郑州市中原区,郑州~河南省郑州市中原区,,Z09962,
228,库尔勒,新疆维吾尔自治区喀什地区巴楚县,库尔勒~新疆维吾尔自治区喀什地区巴楚县,,Z05722,
229,石家庄,河北省保定市莲池区,石家庄~河北省保定市莲池区,,Z08661,
230,济南,山东省济宁市金乡县,济南~山东省济宁市金乡县,,Z05882,
231,青岛,山东省日照市五莲县,青岛~山东省日照市五莲县,,Z10500,
232,库尔勒,新疆维吾尔自治区图木舒克市图木舒克市,库尔勒~新疆维吾尔自治区图木舒克市图木舒克市,,Z05746,
233,成都,四川省内江市资中县,成都~四川省内江市资中县,,Z07671,
234,昆明,云南省昆明市五华区,昆明~云南省昆明市五华区,,Z10186,
235,南昌,江西省南昌市安义县,南昌~江西省南昌市安义县,,Z09752,
236,哈尔滨,黑龙江省哈尔滨市双城区,哈尔滨~黑龙江省哈尔滨市双城区,,Z09673,
237,石家庄,河北省石家庄市赵县,石家庄~河北省石家庄市赵县,,Z08731,
238,荆州,湖北省襄阳市谷城县,荆州~湖北省襄阳市谷城县,,Z07538,
239,,,~,,ZZ0116,
240,,,~,,ZZ0842,
241,咸宁基地,,咸宁基地~,,ZZ1274,
242,咸宁基地,,咸宁基地~,,ZZ1299,
243,咸宁基地,,咸宁基地~,,ZZ1298,
244,咸宁基地,,咸宁基地~,,ZZ1326,
245,咸宁基地,,咸宁基地~,,ZZ2172,
246,,,~,,ZZ1149,
247,,,~,,ZZ2046,
248,包头,内蒙古自治区呼和浩特市玉泉区,包头~内蒙古自治区呼和浩特市玉泉区,,Z09725,
249,成都,四川省绵阳市北川羌族自治县,成都~四川省绵阳市北川羌族自治县,,Z07739,
250,柳州,广西壮族自治区桂林市永福县,柳州~广西壮族自治区桂林市永福县,,Z09638,
251,太原,山西省大同市天镇县,太原~山西省大同市天镇县,,Z03957,
252,济南,山东省临沂市罗庄区,济南~山东省临沂市罗庄区,,Z09408,
253,济南,山东省泰安市东平县,济南~山东省泰安市东平县,,Z05872,
254,石家庄,河北省邯郸市武安市,石家庄~河北省邯郸市武安市,,Z08636,
255,,,~,,ZZ1018,
256,郑州,河南省安阳市北关区,郑州~河南省安阳市北关区,,Z04933,
257,广州,广东省广州市海珠区,广州~广东省广州市海珠区,,Z08038,
258,南昌,江西省萍乡市湘东区,南昌~江西省萍乡市湘东区,,Z07800,
259,太原,山西省长治市沁县,太原~山西省长治市沁县,,Z04052,
260,石家庄,河北省保定市博野县,石家庄~河北省保定市博野县,,Z08667,
261,石家庄,河北省石家庄市井陉县,石家庄~河北省石家庄市井陉县,,Z08659,
262,石家庄,河北省石家庄市深泽县,石家庄~河北省石家庄市深泽县,,Z08741,
263,兰州,甘肃省甘南藏族自治州玛曲县,兰州~甘肃省甘南藏族自治州玛曲县,,Z05469,
264,合肥,安徽省六安市叶集区,合肥~安徽省六安市叶集区,,Z06575,
265,太原,山西省运城市绛县,太原~山西省运城市绛县,,Z04037,
266,泉州,福建省福州市台江区,泉州~福建省福州市台江区,,Z10263,
267,福州,福建省福州市台江区,福州~福建省福州市台江区,,Z08899,
268,福州,福建省福州市台江区,福州~福建省福州市台江区,,Z08977,
269,泉州,福建省福州市台江区,泉州~福建省福州市台江区,,Z06275,
270,哈尔滨,黑龙江省黑河市五大连池市,哈尔滨~黑龙江省黑河市五大连池市,,Z04562,
271,西安,,西安~,,Z05588,
272,石家庄,河北省衡水市枣强县,石家庄~河北省衡水市枣强县,,Z08649,
273,福州,福建省福州市台江区,福州~福建省福州市台江区,,Z06122,
274,福州,福建省福州市台江区,福州~福建省福州市台江区,,Z08908,
275,兰州,甘肃省天水市清水县,兰州~甘肃省天水市清水县,,Z05466,
276,兰州,甘肃省天水市秦州区,兰州~甘肃省天水市秦州区,,Z05541,
277,兰州,甘肃省平凉市华亭市,兰州~甘肃省平凉市华亭市,,Z05500,
278,杭州,浙江省杭州市临平区,杭州~浙江省杭州市临平区,,Z10218,
279,合肥,安徽省宣城市旌德县,合肥~安徽省宣城市旌德县,,Z06561,
280,西安,陕西省宝鸡市陇县,西安~陕西省宝鸡市陇县,,Z05640,
281,太原,山西省大同市浑源县,太原~山西省大同市浑源县,,Z03955,
282,驻马店,河南省南阳市西峡县,驻马店~河南省南阳市西峡县,,Z04902,
283,济南,山东省滨州市阳信县,济南~山东省滨州市阳信县,,Z10080,
284,厦门,金华,厦门~金华,汽运,zz1552,1
285,,上海市上海市浦东新区,~上海市上海市浦东新区,,Z10536,
286,,,~,,ZZ0117,
287,北京,北京市北京市朝阳区,北京~北京市北京市朝阳区,,Z03722,
288,,,~,,ZZ0125,
289,泉州,福建省福州市台江区,泉州~福建省福州市台江区,,Z06237,
290,汕头,广东省汕头市龙湖区,汕头~广东省汕头市龙湖区,,Z06382,
291,,上海市上海市嘉定区,~上海市上海市嘉定区,,Z10538,
292,哈尔滨,,哈尔滨~,,Z09682,
293,哈尔滨,黑龙江省佳木斯市富锦市,哈尔滨~黑龙江省佳木斯市富锦市,,Z10525,
294,北京,北京市北京市朝阳区,北京~北京市北京市朝阳区,,Z03723,
295,北京,北京市北京市朝阳区,北京~北京市北京市朝阳区,,Z00080,
296,北京,河北省张家口市崇礼区,北京~河北省张家口市崇礼区,,Z04376,
297,和田,新疆维吾尔自治区喀什地区莎车县,和田~新疆维吾尔自治区喀什地区莎车县,,Z10234,
298,驻马店,河南省驻马店市驿城区,驻马店~河南省驻马店市驿城区,,Z10037,
299,太原,,太原~,,Z04036,
300,济南,山东省济南市历下区,济南~山东省济南市历下区,,Z09406,
301,成都,四川省泸州市叙永县,成都~四川省泸州市叙永县,,Z10533,
302,西安,宁夏回族自治区固原市隆德县,西安~宁夏回族自治区固原市隆德县,,Z05579,
303,泉州,,泉州~,,000001,
304,济南,山东省济南市平阴县,济南~山东省济南市平阴县,,Z05902,
305,长春,内蒙古自治区兴安盟阿尔山市,长春~内蒙古自治区兴安盟阿尔山市,,Z04694,
306,沈阳,内蒙古自治区通辽市奈曼旗,沈阳~内蒙古自治区通辽市奈曼旗,,Z08834,
307,西安,,西安~,,Z05673,
308,济南,山东省滨州市博兴县,济南~山东省滨州市博兴县,,Z05896,
309,成都,四川省阿坝藏族羌族自治州马尔康市,成都~四川省阿坝藏族羌族自治州马尔康市,,Z07569,
310,西安,陕西省咸阳市长武县,西安~陕西省咸阳市长武县,,Z05671,
311,西宁,,西宁~,,Z05802,
312,乌鲁木齐,新疆维吾尔自治区乌鲁木齐市新市区,乌鲁木齐~新疆维吾尔自治区乌鲁木齐市新市区,,Z05429,
313,兰州,甘肃省陇南市成县,兰州~甘肃省陇南市成县,,Z05495,
314,咸宁基地,福州,咸宁基地~福州,汽运,ZZ0179,1
315,南昌,江西省上饶市信州区,南昌~江西省上饶市信州区,,Z07801,
316,太原,山西省忻州市河曲县,太原~山西省忻州市河曲县,,Z04020,
317,石家庄,河北省邯郸市广平县,石家庄~河北省邯郸市广平县,,Z08691,
318,柳州,广西壮族自治区桂林市叠彩区,柳州~广西壮族自治区桂林市叠彩区,,Z09634,
319,贵港,广西壮族自治区贵港市桂平市,贵港~广西壮族自治区贵港市桂平市,,Z08354,
320,石家庄,河北省邯郸市临漳县,石家庄~河北省邯郸市临漳县,,Z08684,
321,石家庄,河北省邯郸市肥乡区,石家庄~河北省邯郸市肥乡区,,Z08690,
322,石家庄,河北省保定市竞秀区,石家庄~河北省保定市竞秀区,,Z08672,
323,郑州,河南省洛阳市偃师区,郑州~河南省洛阳市偃师区,,Z09983,
324,广州,广东省广州市海珠区,广州~广东省广州市海珠区,,Z08008,
325,石家庄,河北省沧州市吴桥县,石家庄~河北省沧州市吴桥县,,Z08722,
326,哈尔滨,黑龙江省齐齐哈尔市甘南县,哈尔滨~黑龙江省齐齐哈尔市甘南县,,Z04650,
327,北京,河北省廊坊市文安县,北京~河北省廊坊市文安县,,Z04366,
328,咸宁基地,泉州,咸宁基地~泉州,汽运,ZZ0180,1
329,济南,山东省聊城市东阿县,济南~山东省聊城市东阿县,,Z05822,
330,北京,吉林省长春市朝阳区,北京~吉林省长春市朝阳区,,Z04334,
331,,广东省广州市白云区,~广东省广州市白云区,,Z10535,
332,喀什,新疆维吾尔自治区阿克苏地区阿克苏市,喀什~新疆维吾尔自治区阿克苏地区阿克苏市,,Z05807,
333,南充,四川省南充市顺庆区,南充~四川省南充市顺庆区,,Z09869,
334,,,~,,ZZ2064,
335,济南,,济南~,,Z09407,
336,沈阳,辽宁省铁岭市铁岭县,沈阳~辽宁省铁岭市铁岭县,,Z04468,
337,长春,吉林省吉林市船营区,长春~吉林省吉林市船营区,,Z10285,
338,长春,吉林省通化市通化县,长春~吉林省通化市通化县,,Z04682,
339,沈阳,辽宁省葫芦岛市连山区,沈阳~辽宁省葫芦岛市连山区,,Z10315,
340,济南,山东省淄博市淄川区,济南~山东省淄博市淄川区,,Z05848,
341,咸宁基地,三水基地,咸宁基地~三水基地,汽运,ZZ0189,1
342,石家庄,河北省石家庄市灵寿县,石家庄~河北省石家庄市灵寿县,,Z08740,
343,石家庄,河北省邢台市内丘县,石家庄~河北省邢台市内丘县,,Z08695,
344,兰州,甘肃省临夏回族自治州临夏县,兰州~甘肃省临夏回族自治州临夏县,,Z09493,
345,贵港,广西壮族自治区贵港市桂平市,贵港~广西壮族自治区贵港市桂平市,,Z08417,
346,南京,,南京~,,Z06629,
347,昆明,云南省保山市龙陵县,昆明~云南省保山市龙陵县,,Z07040,
348,西安,,西安~,,Z05600,
349,兰州,甘肃省酒泉市玉门市,兰州~甘肃省酒泉市玉门市,,Z05560,
350,郑州,河南省三门峡市陕州区,郑州~河南省三门峡市陕州区,,Z10013,
351,济南,山东省滨州市滨城区,济南~山东省滨州市滨城区,,Z09394,
352,北京,河北省承德市隆化县,北京~河北省承德市隆化县,,Z04350,
353,西安,宁夏回族自治区吴忠市青铜峡市,西安~宁夏回族自治区吴忠市青铜峡市,,Z05648,
354,济南,山东省滨州市沾化区,济南~山东省滨州市沾化区,,Z05898,
355,广州,广东省清远市佛冈县,广州~广东省清远市佛冈县,,Z10519,
356,南宁,广西壮族自治区百色市乐业县,南宁~广西壮族自治区百色市乐业县,,Z09587,
357,西安,陕西省商洛市商南县,西安~陕西省商洛市商南县,,Z05599,
358,西安,陕西省商洛市丹凤县,西安~陕西省商洛市丹凤县,,Z05661,
359,哈尔滨,内蒙古自治区呼伦贝尔市新巴尔虎左旗,哈尔滨~内蒙古自治区呼伦贝尔市新巴尔虎左旗,,Z04622,
360,天津,河北省唐山市迁西县,天津~河北省唐山市迁西县,,ZZ0862,
361,济南,,济南~,,Z09399,
362,驻马店,河南省许昌市襄城县,驻马店~河南省许昌市襄城县,,Z04926,
363,石家庄,河北省保定市阜平县,石家庄~河北省保定市阜平县,,Z08627,
364,太原,山西省太原市杏花岭区,太原~山西省太原市杏花岭区,,Z09564,
365,,,~,,Z01134,
366,青岛,山东省日照市岚山区,青岛~山东省日照市岚山区,,Z10286,
367,济南,山东省济宁市邹城市,济南~山东省济宁市邹城市,,Z05819,
368,太原,山西省吕梁市岚县,太原~山西省吕梁市岚县,,Z03993,
369,包头,内蒙古自治区乌兰察布市商都县,包头~内蒙古自治区乌兰察布市商都县,,Z10041,
370,包头,内蒙古自治区乌兰察布市四子王旗,包头~内蒙古自治区乌兰察布市四子王旗,,Z05988,
371,郑州,河南省三门峡市灵宝市,郑州~河南省三门峡市灵宝市,,Z10446,
372,石家庄,河北省邯郸市涉县,石家庄~河北省邯郸市涉县,,Z08692,
373,石家庄,河北省邯郸市峰峰矿区,石家庄~河北省邯郸市峰峰矿区,,Z08680,
374,哈尔滨,黑龙江省大兴安岭地区呼玛县,哈尔滨~黑龙江省大兴安岭地区呼玛县,,Z09719,
375,贵港,广西壮族自治区贵港市桂平市,贵港~广西壮族自治区贵港市桂平市,,Z08418,
376,济南,山东省滨州市无棣县,济南~山东省滨州市无棣县,,Z05894,
377,济南,山东省聊城市临清市,济南~山东省聊城市临清市,,Z05854,
378,济南,山东省滨州市邹平市,济南~山东省滨州市邹平市,,Z05811,
379,北京,河北省廊坊市永清县,北京~河北省廊坊市永清县,,Z04368,
380,,,~,,ZZ0929,
381,郑州,河南省濮阳市台前县,郑州~河南省濮阳市台前县,,Z05000,
382,郑州,河南省新乡市新乡县,郑州~河南省新乡市新乡县,,Z09994,
383,北京,河北省张家口市怀安县,北京~河北省张家口市怀安县,,Z04378,
384,西宁,青海省果洛藏族自治州班玛县,西宁~青海省果洛藏族自治州班玛县,,Z05778,
385,深圳,北京市北京市昌平区,深圳~北京市北京市昌平区,,000001,
386,太原,山西省朔州市平鲁区,太原~山西省朔州市平鲁区,,Z04001,
387,柳州,广西壮族自治区河池市巴马瑶族自治县,柳州~广西壮族自治区河池市巴马瑶族自治县,,Z10401,
388,郑州,河南省洛阳市汝阳县,郑州~河南省洛阳市汝阳县,,Z04938,
389,济南,山东省聊城市茌平区,济南~山东省聊城市茌平区,,Z05871,
390,济南,山东省济宁市曲阜市,济南~山东省济宁市曲阜市,,Z05886,
391,太原,山西省太原市娄烦县,太原~山西省太原市娄烦县,,Z04007,
392,太原,山西省大同市阳高县,太原~山西省大同市阳高县,,Z03958,
393,金华,浙江省衢州市衢江区,金华~浙江省衢州市衢江区,,Z10532,
394,北京,河北省张家口市赤城县,北京~河北省张家口市赤城县,,Z04375,
395,长春,吉林省白山市长白朝鲜族自治县,长春~吉林省白山市长白朝鲜族自治县,,Z04656,
396,海口,海南省文昌市文昌市,海口~海南省文昌市文昌市,,Z08005,
397,太原,山西省临汾市乡宁县,太原~山西省临汾市乡宁县,,Z03988,
398,太原,山西省临汾市吉县,太原~山西省临汾市吉县,,Z03983,
399,太原,山西省太原市古交市,太原~山西省太原市古交市,,Z04006,
400,太原,山西省长治市沁源县,太原~山西省长治市沁源县,,Z04053,
401,济南,山东省临沂市沂水县,济南~山东省临沂市沂水县,,Z05862,
402,青岛,山东省青岛市李沧区,青岛~山东省青岛市李沧区,,Z09450,
403,济南,山东省德州市乐陵市,济南~山东省德州市乐陵市,,Z05852,
404,济南,山东省德州市庆云县,济南~山东省德州市庆云县,,Z05891,
405,,湖北省武汉市东西湖区,~湖北省武汉市东西湖区,,Z10239,
406,太原,山西省朔州市应县,太原~山西省朔州市应县,,Z04004,
407,太原,山西省晋中市平遥县,太原~山西省晋中市平遥县,,Z03962,
408,西安,陕西省延安市宜川县,西安~陕西省延安市宜川县,,Z05621,
409,西安,陕西省延安市延长县,西安~陕西省延安市延长县,,Z05619,
410,西安,陕西省延安市黄陵县,西安~陕西省延安市黄陵县,,Z05616,
411,西安,陕西省延安市富县,西安~陕西省延安市富县,,Z05636,
412,驻马店,河南省南阳市社旗县,驻马店~河南省南阳市社旗县,,Z04896,
413,驻马店,河南省信阳市息县,驻马店~河南省信阳市息县,,Z04916,
414,西安,陕西省商洛市洛南县,西安~陕西省商洛市洛南县,,Z05660,
415,西安,陕西省安康市平利县,西安~陕西省安康市平利县,,Z05653,
416,乌鲁木齐,新疆维吾尔自治区阿勒泰地区青河县,乌鲁木齐~新疆维吾尔自治区阿勒泰地区青河县,,Z05407,
417,西宁,青海省海东市化隆回族自治县,西宁~青海省海东市化隆回族自治县,,Z05795,
418,兰州,甘肃省嘉峪关市,兰州~甘肃省嘉峪关市,,Z05487,
419,兰州,甘肃省定西市渭源县,兰州~甘肃省定西市渭源县,,Z05553,
420,济南,山东省德州市平原县,济南~山东省德州市平原县,,Z05869,
421,湖北奥瑞金,深圳,湖北奥瑞金~深圳,汽运,ZZ1275,1
422,广州,广东省广州市海珠区,广州~广东省广州市海珠区,,Z09326,
423,广州,广东省广州市海珠区,广州~广东省广州市海珠区,,Z07970,
424,广州,广东省广州市海珠区,广州~广东省广州市海珠区,,Z09318,
425,西安,陕西省安康市旬阳市,西安~陕西省安康市旬阳市,,Z05654,
426,济南,山东省菏泽市东明县,济南~山东省菏泽市东明县,,Z05879,
427,济南,山东省济宁市任城区,济南~山东省济宁市任城区,,Z05817,
428,济南,山东省德州市夏津县,济南~山东省德州市夏津县,,Z05878,
429,济南,山东省聊城市莘县,济南~山东省聊城市莘县,,Z05874,
430,济南,山东省德州市武城县,济南~山东省德州市武城县,,Z05900,
431,杭州,浙江省宁波市北仑区,杭州~浙江省宁波市北仑区,,Z06430,
432,包头,内蒙古自治区乌兰察布市兴和县,包头~内蒙古自治区乌兰察布市兴和县,,Z08613,
433,包头,内蒙古自治区乌兰察布市丰镇市,包头~内蒙古自治区乌兰察布市丰镇市,,Z08610,
434,哈尔滨,黑龙江省黑河市逊克县,哈尔滨~黑龙江省黑河市逊克县,,Z04614,
435,石家庄,河北省石家庄市辛集市,石家庄~河北省石家庄市辛集市,,Z08639,
436,济南,山东省泰安市新泰市,济南~山东省泰安市新泰市,,Z05885,
437,昆明,云南省普洱市宁洱哈尼族彝族自治县,昆明~云南省普洱市宁洱哈尼族彝族自治县,,Z07033,
438,太原,山西省忻州市神池县,太原~山西省忻州市神池县,,Z04025,
439,太原,山西省运城市芮城县,太原~山西省运城市芮城县,,Z04040,
440,济南,山东省济宁市嘉祥县,济南~山东省济宁市嘉祥县,,Z05856,
441,北京,河北省承德市承德县,北京~河北省承德市承德县,,Z04355,
442,北京,河北省承德市宽城满族自治县,北京~河北省承德市宽城满族自治县,,Z04349,
443,兰州,甘肃省庆阳市宁县,兰州~甘肃省庆阳市宁县,,Z05562,
444,西安,陕西省渭南市华州区,西安~陕西省渭南市华州区,,Z05651,
445,哈尔滨,黑龙江省鸡西市鸡冠区,哈尔滨~黑龙江省鸡西市鸡冠区,,Z04563,
446,哈尔滨,黑龙江省哈尔滨市香坊区,哈尔滨~黑龙江省哈尔滨市香坊区,,Z04522,
447,济南,山东省济宁市梁山县,济南~山东省济宁市梁山县,,Z05853,
448,太原,山西省长治市襄垣县,太原~山西省长治市襄垣县,,Z04056,
449,郑州,河南省郑州市二七区,郑州~河南省郑州市二七区,,Z04976,
450,济南,山东省菏泽市巨野县,济南~山东省菏泽市巨野县,,Z06040,
451,乌鲁木齐,新疆维吾尔自治区博尔塔拉蒙古自治州温泉县,乌鲁木齐~新疆维吾尔自治区博尔塔拉蒙古自治州温泉县,,Z05409,
452,太原,山西省吕梁市方山县,太原~山西省吕梁市方山县,,Z03992,
453,兰州,甘肃省临夏回族自治州积石山保安族东乡族撒拉族自治县,兰州~甘肃省临夏回族自治州积石山保安族东乡族撒拉族自治县,,Z10044,
454,包头,内蒙古自治区巴彦淖尔市杭锦后旗,包头~内蒙古自治区巴彦淖尔市杭锦后旗,,Z04849,
455,包头,内蒙古自治区乌兰察布市察哈尔右翼后旗,包头~内蒙古自治区乌兰察布市察哈尔右翼后旗,,Z08616,
456,包头,内蒙古自治区锡林郭勒盟二连浩特市,包头~内蒙古自治区锡林郭勒盟二连浩特市,,Z04857,
457,驻马店,河南省平顶山市鲁山县,驻马店~河南省平顶山市鲁山县,,Z04909,
458,济南,山东省青岛市即墨区,济南~山东省青岛市即墨区,,Z05829,
459,荆州,湖北省宜昌市当阳市,荆州~湖北省宜昌市当阳市,,Z07544,
460,西安,陕西省渭南市合阳县,西安~陕西省渭南市合阳县,,Z05606,
461,兰州,甘肃省平凉市灵台县,兰州~甘肃省平凉市灵台县,,Z05548,
462,青岛,山东省烟台市芝罘区,青岛~山东省烟台市芝罘区,,Z09459,
463,济南,山东省济南市长清区,济南~山东省济南市长清区,,Z06041,
464,贵阳,贵州省黔南布依族苗族自治州三都水族自治县,贵阳~贵州省黔南布依族苗族自治州三都水族自治县,,Z06751,
465,包头,内蒙古自治区鄂尔多斯市杭锦旗,包头~内蒙古自治区鄂尔多斯市杭锦旗,,Z04847,
466,石家庄,河北省邢台市巨鹿县,石家庄~河北省邢台市巨鹿县,,Z08654,
467,郑州,河南省开封市鼓楼区,郑州~河南省开封市鼓楼区,,Z09973,
468,郑州,河南省郑州市中牟县,郑州~河南省郑州市中牟县,,Z09969,
469,驻马店,河南省驻马店市平舆县,驻马店~河南省驻马店市平舆县,,Z04875,
470,驻马店,河南省信阳市商城县,驻马店~河南省信阳市商城县,,Z04922,
471,济南,山东省聊城市高唐县,济南~山东省聊城市高唐县,,Z05823,
472,包头,内蒙古自治区锡林郭勒盟苏尼特右旗,包头~内蒙古自治区锡林郭勒盟苏尼特右旗,,Z04855,
473,驻马店,河南省周口市鹿邑县,驻马店~河南省周口市鹿邑县,,Z04887,
474,驻马店,河南省驻马店市遂平县,驻马店~河南省驻马店市遂平县,,Z04869,
475,乌鲁木齐,新疆维吾尔自治区北屯市北屯市,乌鲁木齐~新疆维吾尔自治区北屯市北屯市,,Z05408,
476,乌鲁木齐,新疆维吾尔自治区塔城地区裕民县,乌鲁木齐~新疆维吾尔自治区塔城地区裕民县,,Z05447,
477,乌鲁木齐,新疆维吾尔自治区五家渠市五家渠市,乌鲁木齐~新疆维吾尔自治区五家渠市五家渠市,,Z10304,
478,郑州,河南省开封市禹王台区,郑州~河南省开封市禹王台区,,Z09972,
479,济南,山东省聊城市冠县,济南~山东省聊城市冠县,,Z05905,
480,太原,山西省吕梁市中阳县,太原~山西省吕梁市中阳县,,Z03999,
481,西安,陕西省汉中市汉台区,西安~陕西省汉中市汉台区,,Z10094,
482,西安,陕西省汉中市宁强县,西安~陕西省汉中市宁强县,,Z05573,
483,厦门,南京,厦门~南京,汽运,zz1554,1
484,合肥,安徽省蚌埠市淮上区,合肥~安徽省蚌埠市淮上区,,Z10296,
485,石家庄,河北省保定市定兴县,石家庄~河北省保定市定兴县,,Z08674,
486,郑州,河南省洛阳市新安县,郑州~河南省洛阳市新安县,,Z04940,
487,郑州,,郑州~,,Z04992,
488,郑州,河南省新乡市牧野区,郑州~河南省新乡市牧野区,,Z04961,
489,驻马店,河南省平顶山市叶县,驻马店~河南省平顶山市叶县,,Z04906,
490,,,~,,ZZ0155,
491,石家庄,河北省邢台市临西县,石家庄~河北省邢台市临西县,,Z08644,
492,东莞,广东省东莞市,东莞~广东省东莞市,,Z08058,
493,东莞,广东省东莞市,东莞~广东省东莞市,,Z08047,
494,乌鲁木齐,新疆维吾尔自治区阿勒泰地区布尔津县,乌鲁木齐~新疆维吾尔自治区阿勒泰地区布尔津县,,Z05402,
495,驻马店,河南省平顶山市舞钢市,驻马店~河南省平顶山市舞钢市,,Z04907,
496,西安,陕西省安康市白河县,西安~陕西省安康市白河县,,Z05590,
497,汕头,广东省汕头市龙湖区,汕头~广东省汕头市龙湖区,,Z06383,
498,汕头,广东省汕头市龙湖区,汕头~广东省汕头市龙湖区,,Z06395,
499,驻马店,河南省驻马店市正阳县,驻马店~河南省驻马店市正阳县,,Z04874,
500,东莞,广东省东莞市,东莞~广东省东莞市,,Z08019,
501,北京,河北省保定市清苑区,北京~河北省保定市清苑区,,Z08510,
502,西安,宁夏回族自治区固原市彭阳县,西安~宁夏回族自治区固原市彭阳县,,Z05642,
503,青岛,山东省东营市垦利区,青岛~山东省东营市垦利区,,Z05937,
504,库尔勒,新疆维吾尔自治区阿克苏地区拜城县,库尔勒~新疆维吾尔自治区阿克苏地区拜城县,,Z05761,
505,郑州,河南省洛阳市西工区,郑州~河南省洛阳市西工区,,Z09977,
506,济南,山东省临沂市兰山区,济南~山东省临沂市兰山区,,Z09407,
507,太原,山西省忻州市代县,太原~山西省忻州市代县,,Z09572,
508,乌鲁木齐,新疆维吾尔自治区克拉玛依市白碱滩区,乌鲁木齐~新疆维吾尔自治区克拉玛依市白碱滩区,,Z09953,
509,邵阳,湖南省怀化市中方县,邵阳~湖南省怀化市中方县,,Z07434,
510,福州,福建省泉州市晋江市,福州~福建省泉州市晋江市,,Z06172,
511,北京,河北省张家口市桥东区,北京~河北省张家口市桥东区,,Z04371,
512,北京,河北省张家口市张北县,北京~河北省张家口市张北县,,Z04383,
513,北京,河北省张家口市蔚县,北京~河北省张家口市蔚县,,Z04380,
514,西安,宁夏回族自治区吴忠市盐池县,西安~宁夏回族自治区吴忠市盐池县,,Z05586,
515,济南,山东省菏泽市成武县,济南~山东省菏泽市成武县,,Z05889,
516,兰州,甘肃省金昌市永昌县,兰州~甘肃省金昌市永昌县,,Z05556,
517,兰州,甘肃省定西市通渭县,兰州~甘肃省定西市通渭县,,Z05535,
518,太原,山西省阳泉市城区,太原~山西省阳泉市城区,,Z09568,
519,太原,山西省吕梁市临县,太原~山西省吕梁市临县,,Z03994,
520,石家庄,河北省邢台市沙河市,石家庄~河北省邢台市沙河市,,Z08642,
521,郑州,河南省安阳市内黄县,郑州~河南省安阳市内黄县,,Z04934,
522,包头,内蒙古自治区锡林郭勒盟正蓝旗,包头~内蒙古自治区锡林郭勒盟正蓝旗,,Z04862,
523,包头,内蒙古自治区锡林郭勒盟东乌珠穆沁旗,包头~内蒙古自治区锡林郭勒盟东乌珠穆沁旗,,Z08617,
524,包头,内蒙古自治区锡林郭勒盟东乌珠穆沁旗,包头~内蒙古自治区锡林郭勒盟东乌珠穆沁旗,,Z04861,
525,包头,内蒙古自治区锡林郭勒盟阿巴嘎旗,包头~内蒙古自治区锡林郭勒盟阿巴嘎旗,,Z08857,
526,包头,内蒙古自治区锡林郭勒盟正镶白旗,包头~内蒙古自治区锡林郭勒盟正镶白旗,,Z05989,
527,包头,内蒙古自治区锡林郭勒盟锡林浩特市,包头~内蒙古自治区锡林郭勒盟锡林浩特市,,Z04865,
528,包头,内蒙古自治区锡林郭勒盟苏尼特左旗,包头~内蒙古自治区锡林郭勒盟苏尼特左旗,,Z04866,
529,驻马店,河南省驻马店市确山县,驻马店~河南省驻马店市确山县,,Z04870,
530,石家庄,河北省邢台市南和区,石家庄~河北省邢台市南和区,,Z08696,
531,太原,山西省运城市垣曲县,太原~山西省运城市垣曲县,,Z04046,
532,乌鲁木齐,新疆维吾尔自治区塔城地区托里县,乌鲁木齐~新疆维吾尔自治区塔城地区托里县,,Z05446,
533,西安,陕西省宝鸡市扶风县,西安~陕西省宝鸡市扶风县,,Z05595,
534,西安,陕西省宝鸡市陈仓区,西安~陕西省宝鸡市陈仓区,,Z10097,
535,西安,陕西省宝鸡市凤翔区,西安~陕西省宝鸡市凤翔区,,Z05594,
536,和田,新疆维吾尔自治区阿拉尔市阿拉尔市,和田~新疆维吾尔自治区阿拉尔市阿拉尔市,,Z08607,
537,库尔勒,新疆维吾尔自治区巴音郭楞蒙古自治州若羌县,库尔勒~新疆维吾尔自治区巴音郭楞蒙古自治州若羌县,,Z05755,
538,西安,陕西省延安市甘泉县,西安~陕西省延安市甘泉县,,Z05615,
539,西安,陕西省延安市延川县,西安~陕西省延安市延川县,,Z05575,
540,西安,陕西省延安市吴起县,西安~陕西省延安市吴起县,,Z05618,
541,西安,陕西省延安市安塞区,西安~陕西省延安市安塞区,,Z05614,
542,乌鲁木齐,新疆维吾尔自治区塔城地区额敏县,乌鲁木齐~新疆维吾尔自治区塔城地区额敏县,,Z05442,
543,沈阳,内蒙古自治区通辽市开鲁县,沈阳~内蒙古自治区通辽市开鲁县,,Z04518,
544,包头,内蒙古自治区鄂尔多斯市达拉特旗,包头~内蒙古自治区鄂尔多斯市达拉特旗,,Z04839,
545,石家庄,河北省沧州市东光县,石家庄~河北省沧州市东光县,,Z08729,
546,东莞,广东省东莞市,东莞~广东省东莞市,,Z08046,
547,东莞,广东省东莞市,东莞~广东省东莞市,,Z08009,
548,东莞,广东省东莞市,东莞~广东省东莞市,,Z08016,
549,东莞,广东省东莞市,东莞~广东省东莞市,,Z08053,
550,济南,山东省济南市历下区,济南~山东省济南市历下区,,Z05816,
551,济南,山东省济宁市汶上县,济南~山东省济宁市汶上县,,Z05877,
552,济南,山东省菏泽市鄄城县,济南~山东省菏泽市鄄城县,,Z05892,
553,济南,山东省济南市章丘区,济南~山东省济南市章丘区,,Z05849,
554,驻马店,河南省驻马店市泌阳县,驻马店~河南省驻马店市泌阳县,,Z04876,
555,驻马店,河南省漯河市临颍县,驻马店~河南省漯河市临颍县,,Z04890,
556,兰州,甘肃省庆阳市宁县,兰州~甘肃省庆阳市宁县,,Z05474,
557,驻马店,河南省信阳市罗山县,驻马店~河南省信阳市罗山县,,Z04915,
558,济南,山东省枣庄市市中区,济南~山东省枣庄市市中区,,Z09412,
559,济南,山东省淄博市临淄区,济南~山东省淄博市临淄区,,Z05847,
560,济南,山东省德州市临邑县,济南~山东省德州市临邑县,,Z06038,
561,济南,山东省聊城市东昌府区,济南~山东省聊城市东昌府区,,Z09404,
562,驻马店,河南省信阳市新县,驻马店~河南省信阳市新县,,Z04920,
563,济南,山东省滨州市惠民县,济南~山东省滨州市惠民县,,Z05897,
564,济南,山东省聊城市阳谷县,济南~山东省聊城市阳谷县,,Z05893,
565,郑州,河南省郑州市登封市,郑州~河南省郑州市登封市,,Z04973,
566,西安,陕西省渭南市华阴市,西安~陕西省渭南市华阴市,,Z05607,
567,昆明,云南省昆明市呈贡区,昆明~云南省昆明市呈贡区,,Z07079,
568,西安,陕西省商洛市镇安县,西安~陕西省商洛市镇安县,,Z05643,
569,西安,陕西省商洛市柞水县,西安~陕西省商洛市柞水县,,Z05659,
570,北京,河北省承德市滦平县,北京~河北省承德市滦平县,,Z04351,
571,北京,河北省承德市双滦区,北京~河北省承德市双滦区,,Z10220,
572,济南,山东省临沂市平邑县,济南~山东省临沂市平邑县,,Z06044,
573,济南,山东省临沂市蒙阴县,济南~山东省临沂市蒙阴县,,Z06043,
574,乌鲁木齐,新疆维吾尔自治区昌吉回族自治州奇台县,乌鲁木齐~新疆维吾尔自治区昌吉回族自治州奇台县,,Z05418,
575,乌鲁木齐,新疆维吾尔自治区哈密市伊州区,乌鲁木齐~新疆维吾尔自治区哈密市伊州区,,Z05422,
576,乌鲁木齐,新疆维吾尔自治区哈密市伊吾县,乌鲁木齐~新疆维吾尔自治区哈密市伊吾县,,Z09952,
577,青岛,山东省烟台市牟平区,青岛~山东省烟台市牟平区,,Z05924,
578,,,~,,ZZ0297,
579,北京,河北省张家口市万全区,北京~河北省张家口市万全区,,Z10221,
580,北京,河北省张家口市康保县,北京~河北省张家口市康保县,,Z04379,
581,太原,山西省吕梁市兴县,太原~山西省吕梁市兴县,,Z03998,
582,重庆,重庆市重庆市渝中区,重庆~重庆市重庆市渝中区,,Z09919,
583,西安,陕西省渭南市澄城县,西安~陕西省渭南市澄城县,,Z05603,
584,济南,山东省菏泽市牡丹区,济南~山东省菏泽市牡丹区,,Z09880,
585,济南,山东省菏泽市单县,济南~山东省菏泽市单县,,Z05859,
586,济南,山东省淄博市周村区,济南~山东省淄博市周村区,,Z09414,
587,济南,山东省济宁市鱼台县,济南~山东省济宁市鱼台县,,Z05884,
588,沈阳,内蒙古自治区通辽市科尔沁左翼中旗,沈阳~内蒙古自治区通辽市科尔沁左翼中旗,,Z08833,
589,沈阳,内蒙古自治区通辽市库伦旗,沈阳~内蒙古自治区通辽市库伦旗,,Z08835,
590,沈阳,辽宁省丹东市宽甸满族自治县,沈阳~辽宁省丹东市宽甸满族自治县,,Z04485,
591,兰州,甘肃省白银市景泰县,兰州~甘肃省白银市景泰县,,Z05478,
592,长春,内蒙古自治区兴安盟扎赉特旗,长春~内蒙古自治区兴安盟扎赉特旗,,Z08852,
593,兰州,甘肃省甘南藏族自治州迭部县,兰州~甘肃省甘南藏族自治州迭部县,,Z05486,
594,兰州,甘肃省甘南藏族自治州临潭县,兰州~甘肃省甘南藏族自治州临潭县,,Z05539,
595,兰州,甘肃省平凉市静宁县,兰州~甘肃省平凉市静宁县,,Z05480,
596,乌鲁木齐,新疆维吾尔自治区伊犁哈萨克自治州巩留县,乌鲁木齐~新疆维吾尔自治区伊犁哈萨克自治州巩留县,,Z05434,
597,乌鲁木齐,新疆维吾尔自治区克拉玛依市克拉玛依区,乌鲁木齐~新疆维吾尔自治区克拉玛依市克拉玛依区,,Z10151,
598,乌鲁木齐,新疆维吾尔自治区塔城地区和布克赛尔蒙古自治县,乌鲁木齐~新疆维吾尔自治区塔城地区和布克赛尔蒙古自治县,,Z05443,
599,乌鲁木齐,新疆维吾尔自治区伊犁哈萨克自治州察布查尔锡伯自治县,乌鲁木齐~新疆维吾尔自治区伊犁哈萨克自治州察布查尔锡伯自治县,,Z05433,
600,济南,山东省淄博市沂源县,济南~山东省淄博市沂源县,,Z05908,
601,济南,山东省济南市市中区,济南~山东省济南市市中区,,Z09401,
602,济南,山东省济南市天桥区,济南~山东省济南市天桥区,,Z09402,
603,济南,山东省济南市槐荫区,济南~山东省济南市槐荫区,,Z09397,
604,荆州,,荆州~,,Z07497,
605,武汉,,武汉~,,Z00905,
606,成都,西藏自治区昌都市八宿县,成都~西藏自治区昌都市八宿县,,Z10156,
607,咸宁基地,深圳,咸宁基地~深圳,汽运,ZZ0184,1
608,济南,山东省济宁市任城区,济南~山东省济宁市任城区,,Z09403,
609,石家庄,河北省保定市涿州市,石家庄~河北省保定市涿州市,,Z08646,
610,石家庄,河北省衡水市故城县,石家庄~河北省衡水市故城县,,Z08707,
611,济南,山东省德州市齐河县,济南~山东省德州市齐河县,,Z05865,
612,驻马店,河南省南阳市南召县,驻马店~河南省南阳市南召县,,Z04900,
613,北京,河北省张家口市宣化区,北京~河北省张家口市宣化区,,Z04381,
614,兰州,甘肃省张掖市临泽县,兰州~甘肃省张掖市临泽县,,Z05453,
615,兰州,甘肃省张掖市高台县,兰州~甘肃省张掖市高台县,,Z05470,
616,武汉,湖北省武汉市武昌区,武汉~湖北省武汉市武昌区,,Z09892,
617,石家庄,河北省沧州市泊头市,石家庄~河北省沧州市泊头市,,Z08719,
618,石家庄,河北省沧州市新华区,石家庄~河北省沧州市新华区,,Z08711,
619,太原,山西省晋城市陵川县,太原~山西省晋城市陵川县,,Z03965,
620,太原,,太原~,,Z04040,
621,湖北奥瑞金,重庆,湖北奥瑞金~重庆,车皮,ZZ1320,1
622,南昌,江西省九江市湖口县,南昌~江西省九江市湖口县,,Z09275,
623,武汉,,武汉~,,Z00882,
624,武汉,,武汉~,,Z00886,
625,太原,山西省长治市武乡县,太原~山西省长治市武乡县,,Z04055,
626,乌鲁木齐,新疆维吾尔自治区伊犁哈萨克自治州昭苏县,乌鲁木齐~新疆维吾尔自治区伊犁哈萨克自治州昭苏县,,Z05451,
627,西安,陕西省汉中市洋县,西安~陕西省汉中市洋县,,Z05655,
628,西安,陕西省汉中市略阳县,西安~陕西省汉中市略阳县,,Z05572,
629,荆州,,荆州~,,Z07533,
630,荆州,,荆州~,,Z07522,
631,济南,山东省临沂市兰陵县,济南~山东省临沂市兰陵县,,Z09406,
632,哈尔滨,黑龙江省大兴安岭地区塔河县,哈尔滨~黑龙江省大兴安岭地区塔河县,,Z04593,
633,沈阳,辽宁省沈阳市皇姑区,沈阳~辽宁省沈阳市皇姑区,,Z10040,
634,沈阳,辽宁省本溪市本溪满族自治县,沈阳~辽宁省本溪市本溪满族自治县,,Z08838,
635,济南,山东省临沂市沂南县,济南~山东省临沂市沂南县,,Z05827,
636,湖北奥瑞金,青岛,湖北奥瑞金~青岛,汽运,ZZ1293,1
637,湖北奥瑞金,杭州,湖北奥瑞金~杭州,汽运,ZZ1286,1
638,西安,陕西省西安市未央区,西安~陕西省西安市未央区,,Z10089,
639,赣州,江西省赣州市兴国县,赣州~江西省赣州市兴国县,,Z09257,
640,驻马店,河南省信阳市光山县,驻马店~河南省信阳市光山县,,Z04917,
641,西安,陕西省榆林市府谷县,西安~陕西省榆林市府谷县,,Z05626,
642,青岛,山东省青岛市黄岛区,青岛~山东省青岛市黄岛区,,Z05917,
643,武汉,湖北省武汉市江汉区,武汉~湖北省武汉市江汉区,,Z09895,
644,青岛,山东省日照市莒县,青岛~山东省日照市莒县,,Z10287,
645,太原,山西省长治市上党区,太原~山西省长治市上党区,,Z04058,
646,郑州,河南省洛阳市西工区,郑州~河南省洛阳市西工区,,Z09981,
647,济南,山东省临沂市莒南县,济南~山东省临沂市莒南县,,Z05860,
648,咸宁基地,,咸宁基地~,,ZZ1293,
649,咸宁基地,,咸宁基地~,,ZZ1286,
650,济南,山东省德州市德城区,济南~山东省德州市德城区,,Z09395,
651,,江苏省无锡市宜兴市,~江苏省无锡市宜兴市,,ZZ1296,
652,成都,四川省阿坝藏族羌族自治州黑水县,成都~四川省阿坝藏族羌族自治州黑水县,,Z07565,
653,济南,山东省济南市历城区,济南~山东省济南市历城区,,Z09400,
654,济南,山东省临沂市临沭县,济南~山东省临沂市临沭县,,Z05826,
655,成都,四川省泸州市古蔺县,成都~四川省泸州市古蔺县,,Z10318,
656,西宁,青海省海南藏族自治州同德县,西宁~青海省海南藏族自治州同德县,,Z05797,
657,哈尔滨,黑龙江省齐齐哈尔市克山县,哈尔滨~黑龙江省齐齐哈尔市克山县,,Z04540,
658,济南,山东省泰安市肥城市,济南~山东省泰安市肥城市,,Z05873,
659,天津,河北省秦皇岛市青龙满族自治县,天津~河北省秦皇岛市青龙满族自治县,,ZZ0870,
660,青岛,山东省青岛市莱西市,青岛~山东省青岛市莱西市,,Z05913,
661,沈阳,辽宁省葫芦岛市建昌县,沈阳~辽宁省葫芦岛市建昌县,,Z04479,
662,合肥,安徽省阜阳市颍州区,合肥~安徽省阜阳市颍州区,,Z06546,
663,济南,山东省菏泽市曹县,济南~山东省菏泽市曹县,,Z05880,
664,石家庄,河北省保定市顺平县,石家庄~河北省保定市顺平县,,Z08666,
665,湖北奥瑞金,上海,湖北奥瑞金~上海,汽运,ZZ1285,1
666,武汉,,武汉~,,Z07219,
667,郑州,河南省新乡市获嘉县,郑州~河南省新乡市获嘉县,,Z05040,
668,西安,宁夏回族自治区吴忠市利通区,西安~宁夏回族自治区吴忠市利通区,,Z05585,
669,重庆,重庆市重庆市綦江区,重庆~重庆市重庆市綦江区,,Z10481,
670,哈尔滨,黑龙江省鹤岗市绥滨县,哈尔滨~黑龙江省鹤岗市绥滨县,,Z04617,
671,济南,山东省德州市宁津县,济南~山东省德州市宁津县,,Z05875,
672,乌鲁木齐,新疆维吾尔自治区伊犁哈萨克自治州奎屯市,乌鲁木齐~新疆维吾尔自治区伊犁哈萨克自治州奎屯市,,Z05437,
673,石家庄,河北省衡水市景县,石家庄~河北省衡水市景县,,Z08653,
674,驻马店,河南省南阳市唐河县,驻马店~河南省南阳市唐河县,,Z04894,
675,石家庄,河北省衡水市阜城县,石家庄~河北省衡水市阜城县,,Z08648,
676,乌鲁木齐,新疆维吾尔自治区昌吉回族自治州吉木萨尔县,乌鲁木齐~新疆维吾尔自治区昌吉回族自治州吉木萨尔县,,Z05415,
677,天津,河北省唐山市古冶区,天津~河北省唐山市古冶区,,Z10060,
678,济南,山东省临沂市费县,济南~山东省临沂市费县,,Z05858,
679,西安,,西安~,,000001,
680,西安,陕西省咸阳市武功县,西安~陕西省咸阳市武功县,,Z05650,
681,重庆,重庆市重庆市奉节县,重庆~重庆市重庆市奉节县,,Z10238,
682,湖北奥瑞金,北京,湖北奥瑞金~北京,汽运,ZZ1299,1
683,济南,山东省淄博市张店区,济南~山东省淄博市张店区,,Z09413,
684,长春,吉林省长春市宽城区,长春~吉林省长春市宽城区,,Z10098,
685,南京,,南京~,,Z06666,
686,青岛,山东省烟台市莱阳市,青岛~山东省烟台市莱阳市,,Z05927,
687,北京,北京市北京市朝阳区,北京~北京市北京市朝阳区,,Z04333,
688,青岛,山东省烟台市海阳市,青岛~山东省烟台市海阳市,,Z05925,
689,济南,山东省济宁市兖州区,济南~山东省济宁市兖州区,,Z05818,
690,合肥,安徽省宿州市泗县,合肥~安徽省宿州市泗县,,Z06532,
691,驻马店,河南省信阳市固始县,驻马店~河南省信阳市固始县,,Z04921,
692,喀什,新疆维吾尔自治区和田地区皮山县,喀什~新疆维吾尔自治区和田地区皮山县,,Z05699,
693,郑州,河南省新乡市卫辉市,郑州~河南省新乡市卫辉市,,Z06074,
694,郑州,河南省新乡市新乡县,郑州~河南省新乡市新乡县,,Z09997,
695,兰州,内蒙古自治区阿拉善盟额济纳旗,兰州~内蒙古自治区阿拉善盟额济纳旗,,Z05512,
696,兰州,甘肃省天水市秦安县,兰州~甘肃省天水市秦安县,,Z05509,
697,,,~,,ZZ0120,
698,西宁,,西宁~,,Z05805,
699,青岛,山东省潍坊市寿光市,青岛~山东省潍坊市寿光市,,Z05944,
700,合肥,安徽省黄山市徽州区,合肥~安徽省黄山市徽州区,,Z09425,
701,,江苏省无锡市宜兴市,~江苏省无锡市宜兴市,,ZZ0118,
702,,江苏省无锡市宜兴市,~江苏省无锡市宜兴市,,ZZ1579,
703,济南,山东省济南市济阳区,济南~山东省济南市济阳区,,Z05866,
704,沈阳,辽宁省营口市鲅鱼圈区,沈阳~辽宁省营口市鲅鱼圈区,,Z04489,
705,,江苏省无锡市宜兴市,~江苏省无锡市宜兴市,,000001,
706,长春,吉林省四平市伊通满族自治县,长春~吉林省四平市伊通满族自治县,,Z04676,
707,南京,,南京~,,Z10228,
708,合肥,安徽省蚌埠市五河县,合肥~安徽省蚌埠市五河县,,Z06529,
709,石家庄,河北省石家庄市无极县,石家庄~河北省石家庄市无极县,,Z08721,
710,乌鲁木齐,新疆维吾尔自治区乌鲁木齐市米东区,乌鲁木齐~新疆维吾尔自治区乌鲁木齐市米东区,,Z09956,
711,兰州,甘肃省临夏回族自治州康乐县,兰州~甘肃省临夏回族自治州康乐县,,Z05554,
712,兰州,甘肃省临夏回族自治州东乡族自治县,兰州~甘肃省临夏回族自治州东乡族自治县,,Z05551,
713,石家庄,河北省沧州市河间市,石家庄~河北省沧州市河间市,,Z08733,
714,太原,山西省太原市小店区,太原~山西省太原市小店区,,Z08897,
715,成都,四川省成都市成华区,成都~四川省成都市成华区,,Z10153,
716,济南,山东省菏泽市郓城县,济南~山东省菏泽市郓城县,,Z05890,
717,武汉,,武汉~,,Z00907,
718,汕头,广东省汕头市龙湖区,汕头~广东省汕头市龙湖区,,000001,
719,兰州,甘肃省庆阳市合水县,兰州~甘肃省庆阳市合水县,,Z05537,
720,兰州,甘肃省酒泉市金塔县,兰州~甘肃省酒泉市金塔县,,Z05559,
721,荆州,湖北省天门市天门市,荆州~湖北省天门市天门市,,Z10078,
722,兰州,甘肃省陇南市文县,兰州~甘肃省陇南市文县,,Z05497,
723,包头,内蒙古自治区乌兰察布市集宁区,包头~内蒙古自治区乌兰察布市集宁区,,Z04850,
724,郑州,河南省濮阳市范县,郑州~河南省濮阳市范县,,Z10009,
725,石家庄,河北省沧州市献县,石家庄~河北省沧州市献县,,Z08712,
726,青岛,山东省烟台市蓬莱区,青岛~山东省烟台市蓬莱区,,Z05929,
727,金华,浙江省丽水市庆元县,金华~浙江省丽水市庆元县,,Z06463,
728,青岛,山东省日照市岚山区,青岛~山东省日照市岚山区,,Z05934,
729,青岛,山东省潍坊市潍城区,青岛~山东省潍坊市潍城区,,Z05940,
730,金华,浙江省丽水市遂昌县,金华~浙江省丽水市遂昌县,,Z06458,
731,沈阳,辽宁省铁岭市西丰县,沈阳~辽宁省铁岭市西丰县,,Z04471,
732,东莞,,东莞~,,000001,
733,济南,山东省菏泽市定陶区,济南~山东省菏泽市定陶区,,Z05901,
734,济南,山东省济南市莱芜区,济南~山东省济南市莱芜区,,Z09092,
735,湛江,,湛江~,,000001,
736,济南,山东省泰安市岱岳区,济南~山东省泰安市岱岳区,,Z10501,
737,济南,山东省泰安市泰山区,济南~山东省泰安市泰山区,,Z09409,
738,石家庄,河北省保定市高阳县,石家庄~河北省保定市高阳县,,Z08670,
739,济南,山东省济南市历下区,济南~山东省济南市历下区,,Z06042,
740,济南,山东省临沂市河东区,济南~山东省临沂市河东区,,Z06042,
741,济南,山东省枣庄市滕州市,济南~山东省枣庄市滕州市,,Z05844,
742,武汉,,武汉~,,Z00866,
743,乌鲁木齐,新疆维吾尔自治区伊犁哈萨克自治州新源县,乌鲁木齐~新疆维吾尔自治区伊犁哈萨克自治州新源县,,Z05449,
744,济南,山东省枣庄市薛城区,济南~山东省枣庄市薛城区,,Z06716,
745,济南,山东省济宁市微山县,济南~山东省济宁市微山县,,Z05904,
746,济南,山东省枣庄市台儿庄区,济南~山东省枣庄市台儿庄区,,Z06045,
747,济南,山东省枣庄市山亭区,济南~山东省枣庄市山亭区,,Z09411,
748,西宁,,西宁~,,Z05798,
749,天津,河北省唐山市迁安市,天津~河北省唐山市迁安市,,ZZ0858,
750,,江苏省无锡市宜兴市,~江苏省无锡市宜兴市,,ZZ1302,
751,奥瑞金战马,湛江,奥瑞金战马~湛江,汽运,ZZ1277,1
752,奥瑞金战马,遵义,奥瑞金战马~遵义,汽运,ZZ1322,1
753,奥瑞金战马,天猫苏州,奥瑞金战马~天猫苏州,汽运,ZZ2172,1
754,奥瑞金战马,天猫佛山,奥瑞金战马~天猫佛山,汽运,ZZ2173,1
755,奥瑞金战马,山姆嘉兴,奥瑞金战马~山姆嘉兴,汽运,ZZ2174,1
756,奥瑞金战马,山姆天津,奥瑞金战马~山姆天津,汽运,ZZ2175,1
757,奥瑞金战马,山姆惠州,奥瑞金战马~山姆惠州,汽运,ZZ2176,1
758,奥瑞金战马,山姆成都,奥瑞金战马~山姆成都,汽运,ZZ2177,1
759,奥瑞金战马,山姆武汉,奥瑞金战马~山姆武汉,汽运,ZZ2178,1
760,遵义,贵阳,遵义~贵阳,车皮,ZZ0318,1
761,青岛,,青岛~,,Z09458,
762,驻马店,河南省周口市西华县,驻马店~河南省周口市西华县,,Z04880,
763,青岛,山东省日照市东港区,青岛~山东省日照市东港区,,Z09452,
764,贵港,广西壮族自治区贵港市港北区,贵港~广西壮族自治区贵港市港北区,,Z10327,
765,荆州,湖北省仙桃市仙桃市,荆州~湖北省仙桃市仙桃市,,Z09558,
766,福州,福建省泉州市南安市,福州~福建省泉州市南安市,,Z06179,
767,石家庄,河北省保定市曲阳县,石家庄~河北省保定市曲阳县,,Z08662,
768,合肥,安徽省池州市青阳县,合肥~安徽省池州市青阳县,,Z06527,
769,包头,内蒙古自治区锡林郭勒盟多伦县,包头~内蒙古自治区锡林郭勒盟多伦县,,Z04858,
770,西安,陕西省商洛市山阳县,西安~陕西省商洛市山阳县,,Z05598,
771,青岛,山东省青岛市黄岛区,青岛~山东省青岛市黄岛区,,Z05915,
772,湖北奥瑞金,济南,湖北奥瑞金~济南,汽运,ZZ1292,1
773,合肥,安徽省蚌埠市固镇县,合肥~安徽省蚌埠市固镇县,,Z06526,
774,南京,江苏省南京市浦口区,南京~江苏省南京市浦口区,,Z10526,
775,青岛,山东省潍坊市临朐县,青岛~山东省潍坊市临朐县,,Z05948,
776,成都,四川省眉山市东坡区,成都~四川省眉山市东坡区,,Z09912,
777,荆州,,荆州~,,Z07536,
778,南京,,南京~,,Z09738,
779,海口,海南省海口市龙华区,海口~海南省海口市龙华区,,Z07992,
780,南宁,广西壮族自治区南宁市武鸣区,南宁~广西壮族自治区南宁市武鸣区,,Z10472,
781,郑州,河南省新乡市原阳县,郑州~河南省新乡市原阳县,,Z06070,
782,合肥,安徽省芜湖市湾沚区,合肥~安徽省芜湖市湾沚区,,Z09741,
783,郑州,河南省洛阳市洛龙区,郑州~河南省洛阳市洛龙区,,Z09981,
784,西安,陕西省宝鸡市岐山县,西安~陕西省宝鸡市岐山县,,Z05577,
785,石家庄,河北省邯郸市成安县,石家庄~河北省邯郸市成安县,,Z08687,
786,石家庄,河北省石家庄市元氏县,石家庄~河北省石家庄市元氏县,,Z08656,
787,哈尔滨,黑龙江省双鸭山市集贤县,哈尔滨~黑龙江省双鸭山市集贤县,,Z10199,
788,长春,吉林省长春市公主岭市,长春~吉林省长春市公主岭市,,Z09576,
789,沈阳,辽宁省朝阳市龙城区,沈阳~辽宁省朝阳市龙城区,,Z10493,
790,兰州,甘肃省武威市天祝藏族自治县,兰州~甘肃省武威市天祝藏族自治县,,Z05552,
791,石家庄,河北省保定市涞源县,石家庄~河北省保定市涞源县,,Z08664,
792,武汉,,武汉~,,Z00918,
793,石家庄,河北省石家庄市藁城区,石家庄~河北省石家庄市藁城区,,Z08657,
794,石家庄,河北省石家庄市赞皇县,石家庄~河北省石家庄市赞皇县,,Z08734,
795,济南,山东省济南市历下区,济南~山东省济南市历下区,,Z09396,
796,济南,山东省临沂市郯城县,济南~山东省临沂市郯城县,,Z05861,
797,济南,山东省济南市历城区,济南~山东省济南市历城区,,Z09399,
798,合肥,,合肥~,,Z10296,
799,青岛,山东省潍坊市安丘市,青岛~山东省潍坊市安丘市,,Z05941,
800,西安,陕西省渭南市潼关县,西安~陕西省渭南市潼关县,,Z08888,
801,荆州,,荆州~,,Z07506,
802,合肥,安徽省黄山市祁门县,合肥~安徽省黄山市祁门县,,Z06570,
803,天津,天津市天津市河东区,天津~天津市天津市河东区,,ZZ0885,
804,乌鲁木齐,新疆维吾尔自治区伊犁哈萨克自治州尼勒克县,乌鲁木齐~新疆维吾尔自治区伊犁哈萨克自治州尼勒克县,,Z05438,
805,兰州,甘肃省平凉市庄浪县,兰州~甘肃省平凉市庄浪县,,Z05465,
806,西安,陕西省渭南市富平县,西安~陕西省渭南市富平县,,Z05605,
807,北京,,北京~,,Z02620,
808,沈阳,辽宁省葫芦岛市兴城市,沈阳~辽宁省葫芦岛市兴城市,,Z04480,
809,奥瑞金战马,安康,奥瑞金战马~安康,汽运,ZZ1338,1
810,奥瑞金战马虚拟,佛山三水,奥瑞金战马虚拟~佛山三水,,000001,1
811,奥瑞金战马,天猫天津,奥瑞金战马~天猫天津,汽运,ZZ1326,1
812,奥瑞金战马,天猫南京,奥瑞金战马~天猫南京,汽运,ZZ1327,1
813,奥瑞金战马,天猫广州,奥瑞金战马~天猫广州,汽运,ZZ1328,1
814,奥瑞金战马,天猫长沙,奥瑞金战马~天猫长沙,汽运,ZZ1329,1
815,奥瑞金战马,天猫上海,奥瑞金战马~天猫上海,汽运,ZZ1330,1
816,奥瑞金战马,电商南京,奥瑞金战马~电商南京,汽运,ZZ1331,1
817,奥瑞金战马,电商天津,奥瑞金战马~电商天津,汽运,ZZ1332,1
818,奥瑞金战马,电商广州,奥瑞金战马~电商广州,汽运,ZZ1333,1
819,奥瑞金战马,电商武汉,奥瑞金战马~电商武汉,汽运,ZZ1334,1
820,奥瑞金战马,电商成都,奥瑞金战马~电商成都,汽运,ZZ1335,1
821,奥瑞金战马,电商济南,奥瑞金战马~电商济南,汽运,ZZ1336,1
822,奥瑞金战马,电商沈阳,奥瑞金战马~电商沈阳,汽运,ZZ1337,1
823,奥瑞金战马,赣州,奥瑞金战马~赣州,汽运,ZZ1317,1
824,奥瑞金战马,奥瑞金,奥瑞金战马~奥瑞金,汽运,ZZ1325,1
825,奥瑞金战马,大理,奥瑞金战马~大理,车皮,ZZ1324,1
826,奥瑞金战马,东莞,奥瑞金战马~东莞,汽运,ZZ1276,1
827,奥瑞金战马,三水基地,奥瑞金战马~三水基地,汽运,ZZ1274,1
828,奥瑞金战马,福州,奥瑞金战马~福州,汽运,ZZ1290,1
829,奥瑞金战马,广州,奥瑞金战马~广州,汽运,ZZ1274,1
830,奥瑞金战马,贵港,奥瑞金战马~贵港,汽运,ZZ1280,1
831,奥瑞金战马,哈尔滨,奥瑞金战马~哈尔滨,汽运,ZZ1296,1
832,奥瑞金战马,海口,奥瑞金战马~海口,汽运,ZZ1281,1
833,奥瑞金战马,衡阳,奥瑞金战马~衡阳,汽运,ZZ1315,1
834,奥瑞金战马,怀柔,奥瑞金战马~怀柔,汽运,ZZ1341,1
835,奥瑞金战马,济南,奥瑞金战马~济南,汽运,ZZ1292,1
836,奥瑞金战马,荆州,奥瑞金战马~荆州,汽运,ZZ1312,1
837,奥瑞金战马,拉萨,奥瑞金战马~拉萨,车皮,ZZ1339,1
838,奥瑞金战马,柳州,奥瑞金战马~柳州,汽运,ZZ1279,1
839,奥瑞金战马,南充,奥瑞金战马~南充,车皮,ZZ1319,1
840,奥瑞金战马,南宁,奥瑞金战马~南宁,汽运,ZZ1278,1
841,奥瑞金战马,喀什,奥瑞金战马~喀什,车皮,ZZ1310,1
842,奥瑞金战马,库尔勒,奥瑞金战马~库尔勒,车皮,ZZ1308,1
843,奥瑞金战马,和田,奥瑞金战马~和田,车皮,ZZ1309,1
844,奥瑞金战马,泉州,奥瑞金战马~泉州,汽运,ZZ1291,1
845,奥瑞金战马,汕头,奥瑞金战马~汕头,汽运,ZZ1289,1
846,奥瑞金战马,邵阳,奥瑞金战马~邵阳,汽运,ZZ1314,1
847,奥瑞金战马,深圳,奥瑞金战马~深圳,汽运,ZZ1275,1
848,奥瑞金战马,太原,奥瑞金战马~太原,汽运,ZZ1302,1
849,奥瑞金战马,咸宁,奥瑞金战马~咸宁,汽运,ZZ1325,1
850,奥瑞金战马,宜兴,奥瑞金战马~宜兴,汽运,ZZ1340,1
851,青岛,山东省烟台市莱州市,青岛~山东省烟台市莱州市,,Z05926,
852,青岛,山东省潍坊市高密市,青岛~山东省潍坊市高密市,,Z05945,
853,南昌,江西省南昌市新建区,南昌~江西省南昌市新建区,,Z07798,
854,西宁,青海省果洛藏族自治州久治县,西宁~青海省果洛藏族自治州久治县,,Z05799,
855,兰州,甘肃省定西市临洮县,兰州~甘肃省定西市临洮县,,Z05482,
856,兰州,甘肃省兰州市永登县,兰州~甘肃省兰州市永登县,,Z05491,
857,,,~,,ZZ1579,
858,石家庄,河北省衡水市深州市,石家庄~河北省衡水市深州市,,Z08701,
859,青岛,山东省潍坊市昌邑市,青岛~山东省潍坊市昌邑市,,Z05946,
860,西安,陕西省汉中市西乡县,西安~陕西省汉中市西乡县,,Z05574,
861,西安,宁夏回族自治区吴忠市利通区,西安~宁夏回族自治区吴忠市利通区,,Z05569,
862,西安,宁夏回族自治区吴忠市同心县,西安~宁夏回族自治区吴忠市同心县,,Z05569,
863,兰州,甘肃省酒泉市敦煌市,兰州~甘肃省酒泉市敦煌市,,Z05483,
864,兰州,甘肃省酒泉市瓜州县,兰州~甘肃省酒泉市瓜州县,,Z05489,
865,重庆,重庆市重庆市两江新区,重庆~重庆市重庆市两江新区,,Z09922,
866,西安,宁夏回族自治区银川市灵武市,西安~宁夏回族自治区银川市灵武市,,Z05639,
867,哈尔滨,黑龙江省绥化市海伦市,哈尔滨~黑龙江省绥化市海伦市,,Z04573,
868,沈阳,辽宁省本溪市平山区,沈阳~辽宁省本溪市平山区,,Z10113,
869,贵阳,贵州省黔南布依族苗族自治州平塘县,贵阳~贵州省黔南布依族苗族自治州平塘县,,Z06750,
870,贵阳,贵州省贵阳市白云区,贵阳~贵州省贵阳市白云区,,Z06755,
871,贵阳,贵州省黔东南苗族侗族自治州施秉县,贵阳~贵州省黔东南苗族侗族自治州施秉县,,Z06779,
872,青岛,山东省青岛市黄岛区,青岛~山东省青岛市黄岛区,,Z03685,
873,天津,河北省唐山市,天津~河北省唐山市,,ZZ0857,
874,驻马店,河南省平顶山市宝丰县,驻马店~河南省平顶山市宝丰县,,Z04908,
875,青岛,山东省烟台市福山区,青岛~山东省烟台市福山区,,Z09456,
876,兰州,内蒙古自治区阿拉善盟阿拉善左旗,兰州~内蒙古自治区阿拉善盟阿拉善左旗,,Z05531,
877,西宁,青海省玉树藏族自治州称多县,西宁~青海省玉树藏族自治州称多县,,Z05800,
878,哈尔滨,黑龙江省双鸭山市饶河县,哈尔滨~黑龙江省双鸭山市饶河县,,Z10523,
879,哈尔滨,黑龙江省双鸭山市饶河县,哈尔滨~黑龙江省双鸭山市饶河县,,Z10521,
880,驻马店,河南省信阳市潢川县,驻马店~河南省信阳市潢川县,,Z04918,
881,郑州,,郑州~,,Z05021,
882,长春,吉林省白城市洮北区,长春~吉林省白城市洮北区,,Z04695,
883,合肥,安徽省六安市舒城县,合肥~安徽省六安市舒城县,,Z06564,
884,武汉,,武汉~,,Z00906,
885,重庆,重庆市重庆市璧山区,重庆~重庆市重庆市璧山区,,Z09917,
886,武汉,,武汉~,,Z00909,
887,西宁,青海省海南藏族自治州兴海县,西宁~青海省海南藏族自治州兴海县,,Z05772,
888,合肥,安徽省淮南市寿县,合肥~安徽省淮南市寿县,,Z06510,
889,青岛,山东省潍坊市诸城市,青岛~山东省潍坊市诸城市,,Z10459,
890,南宁,广西壮族自治区北海市,南宁~广西壮族自治区北海市,,Z08078,
891,郑州,河南省濮阳市范县,郑州~河南省濮阳市范县,,Z05031,
892,郑州,河南省焦作市孟州市,郑州~河南省焦作市孟州市,,Z06072,
893,郑州,河南省开封市兰考县,郑州~河南省开封市兰考县,,Z04989,
894,奥瑞金战马,包头,奥瑞金战马~包头,汽运,ZZ1303,1
895,奥瑞金战马,杭州,奥瑞金战马~杭州,汽运,ZZ1286,1
896,奥瑞金战马,金华,奥瑞金战马~金华,汽运,ZZ1287,1
897,奥瑞金战马,南京,奥瑞金战马~南京,汽运,ZZ1284,1
898,成都,四川省成都市武侯区,成都~四川省成都市武侯区,,Z10529,
899,合肥,安徽省芜湖市南陵县,合肥~安徽省芜湖市南陵县,,Z06525,
900,合肥,安徽省黄山市黟县,合肥~安徽省黄山市黟县,,Z06573,
901,西安,陕西省安康市汉滨区,西安~陕西省安康市汉滨区,,Z09907,
902,兰州,甘肃省白银市靖远县,兰州~甘肃省白银市靖远县,,Z05479,
903,西安,陕西省安康市旬阳市,西安~陕西省安康市旬阳市,,Z09907,
904,哈尔滨,黑龙江省七台河市桃山区,哈尔滨~黑龙江省七台河市桃山区,,Z09711,
905,哈尔滨,黑龙江省七台河市茄子河区,哈尔滨~黑龙江省七台河市茄子河区,,Z09711,
906,哈尔滨,内蒙古自治区呼伦贝尔市牙克石市,哈尔滨~内蒙古自治区呼伦贝尔市牙克石市,,Z04582,
907,青岛,山东省潍坊市诸城市,青岛~山东省潍坊市诸城市,,Z05943,
908,奥瑞金战马,天津,奥瑞金战马~天津,汽运,ZZ1301,1
909,湖北奥瑞金,天津,湖北奥瑞金~天津,汽运,ZZ1301,1
910,郑州,河南省新乡市辉县市,郑州~河南省新乡市辉县市,,Z10001,
911,广州,广东省佛山市南海区,广州~广东省佛山市南海区,,Z09326,
912,郑州,河南省洛阳市老城区,郑州~河南省洛阳市老城区,,Z04938,
913,郑州,河南省洛阳市偃师区,郑州~河南省洛阳市偃师区,,Z05010,
914,合肥,安徽省安庆市怀宁县,合肥~安徽省安庆市怀宁县,,Z06517,
915,乌鲁木齐,新疆维吾尔自治区五家渠市五家渠市,乌鲁木齐~新疆维吾尔自治区五家渠市五家渠市,,Z05430,
916,乌鲁木齐,新疆维吾尔自治区昌吉回族自治州呼图壁县,乌鲁木齐~新疆维吾尔自治区昌吉回族自治州呼图壁县,,Z05414,
917,赣州,江西省吉安市永丰县,赣州~江西省吉安市永丰县,,Z09924,
918,太原,山西省晋城市高平市,太原~山西省晋城市高平市,,Z03963,
919,太原,山西省太原市万柏林区,太原~山西省太原市万柏林区,,Z09563,
920,重庆,重庆市重庆市两江新区,重庆~重庆市重庆市两江新区,,Z09914,
921,库尔勒,新疆维吾尔自治区阿克苏地区库车市,库尔勒~新疆维吾尔自治区阿克苏地区库车市,,Z05757,
922,喀什,新疆维吾尔自治区石河子市石河子市,喀什~新疆维吾尔自治区石河子市石河子市,,Z05720,
923,西安,陕西省宝鸡市凤翔区,西安~陕西省宝鸡市凤翔区,,Z05593,
924,重庆,重庆市重庆市两江新区,重庆~重庆市重庆市两江新区,,Z09915,
925,兰州,甘肃省白银市平川区,兰州~甘肃省白银市平川区,,Z05565,
926,兰州,甘肃省定西市漳县,兰州~甘肃省定西市漳县,,Z05546,
927,北京,河北省张家口市涿鹿县,北京~河北省张家口市涿鹿县,,Z04384,
928,西安,陕西省西安市雁塔区,西安~陕西省西安市雁塔区,,Z05593,
929,哈尔滨,黑龙江省佳木斯市同江市,哈尔滨~黑龙江省佳木斯市同江市,,Z10522,
930,天津,天津市天津市蓟州区,天津~天津市天津市蓟州区,,ZZ0877,
931,金华,浙江省丽水市青田县,金华~浙江省丽水市青田县,,Z06460,
932,汕头,广东省潮州市饶平县,汕头~广东省潮州市饶平县,,Z10488,
933,荆州,,荆州~,,Z09895,
934,西安,宁夏回族自治区石嘴山市平罗县,西安~宁夏回族自治区石嘴山市平罗县,,Z05657,
935,西安,宁夏回族自治区石嘴山市大武口区,西安~宁夏回族自治区石嘴山市大武口区,,Z05584,
936,喀什,新疆维吾尔自治区喀什地区麦盖提县,喀什~新疆维吾尔自治区喀什地区麦盖提县,,Z05704,
937,沈阳,辽宁省朝阳市凌源市,沈阳~辽宁省朝阳市凌源市,,Z10115,
938,哈尔滨,黑龙江省鸡西市鸡东县,哈尔滨~黑龙江省鸡西市鸡东县,,Z09683,
939,哈尔滨,内蒙古自治区呼伦贝尔市陈巴尔虎旗,哈尔滨~内蒙古自治区呼伦贝尔市陈巴尔虎旗,,Z04623,
940,太原,山西省临汾市洪洞县,太原~山西省临汾市洪洞县,,Z03981,
941,西安,陕西省西安市碑林区,西安~陕西省西安市碑林区,,Z10089,
942,石家庄,,石家庄~,,Z08660,
943,驻马店,河南省平顶山市郏县,驻马店~河南省平顶山市郏县,,Z04910,
944,天津,河北省唐山市曹妃甸区,天津~河北省唐山市曹妃甸区,,Z10160,
945,成都,四川省成都市双流区,成都~四川省成都市双流区,,Z07591,
946,北京,天津市天津市西青区,北京~天津市天津市西青区,,Z08476,
947,天津,河北省秦皇岛市抚宁区,天津~河北省秦皇岛市抚宁区,,ZZ0867,
948,西宁,青海省西宁市城西区,西宁~青海省西宁市城西区,,Z10057,
949,青岛,山东省潍坊市昌乐县,青岛~山东省潍坊市昌乐县,,Z05947,
950,青岛,山东省烟台市莱山区,青岛~山东省烟台市莱山区,,Z09458,
951,奥瑞金战马,台州,奥瑞金战马~台州,汽运,ZZ1288,1
952,奥瑞金战马,青岛,奥瑞金战马~青岛,汽运,ZZ1293,1
953,金华,浙江省丽水市龙泉市,金华~浙江省丽水市龙泉市,,Z06462,
954,沈阳,辽宁省朝阳市建平县,沈阳~辽宁省朝阳市建平县,,Z04476,
955,长春,吉林省长春市农安县,长春~吉林省长春市农安县,,Z09576,
956,哈尔滨,,哈尔滨~,,Z09678,
957,石家庄,河北省雄安新区容城县,石家庄~河北省雄安新区容城县,,Z08675,
958,武汉,,武汉~,,Z07272,
959,郑州,河南省郑州市中原区,郑州~河南省郑州市中原区,,Z04973,
960,郑州,河南省濮阳市清丰县,郑州~河南省濮阳市清丰县,,Z05019,
961,西安,陕西省铜川市印台区,西安~陕西省铜川市印台区,,Z10085,
962,西宁,青海省玉树藏族自治州玉树市,西宁~青海省玉树藏族自治州玉树市,,Z05776,
963,驻马店,,驻马店~,,Z04912,
964,南充,四川省达州市渠县,南充~四川省达州市渠县,,Z09873,
965,成都,四川省自贡市自流井区,成都~四川省自贡市自流井区,,Z09758,
966,天津,河北省唐山市开平区,天津~河北省唐山市开平区,,Z10445,
967,西安,宁夏回族自治区银川市贺兰县,西安~宁夏回族自治区银川市贺兰县,,Z05588,
968,天津,河北省唐山市丰润区,天津~河北省唐山市丰润区,,ZZ0853,
969,兰州,甘肃省平凉市泾川县,兰州~甘肃省平凉市泾川县,,Z05501,
970,兰州,甘肃省临夏回族自治州和政县,兰州~甘肃省临夏回族自治州和政县,,Z05545,
971,昆明,云南省大理白族自治州大理市,昆明~云南省大理白族自治州大理市,,Z07049,
972,西宁,青海省玉树藏族自治州治多县,西宁~青海省玉树藏族自治州治多县,,Z05780,
973,兰州,甘肃省甘南藏族自治州卓尼县,兰州~甘肃省甘南藏族自治州卓尼县,,Z05542,
974,太原,山西省运城市河津市,太原~山西省运城市河津市,,Z04034,
975,太原,山西省阳泉市平定县,太原~山西省阳泉市平定县,,Z04030,
976,成都,四川省攀枝花市米易县,成都~四川省攀枝花市米易县,,Z07729,
977,淮安,江苏省徐州市云龙区,淮安~江苏省徐州市云龙区,,Z09546,
978,奥瑞金战马,淮安,奥瑞金战马~淮安,汽运,ZZ1283,1
979,奥瑞金战马,贵阳,奥瑞金战马~贵阳,车皮,ZZ1321,1
980,湖北奥瑞金,成都,湖北奥瑞金~成都,车皮,ZZ1318,1
981,奥瑞金战马,乌鲁木齐,奥瑞金战马~乌鲁木齐,车皮,ZZ1307,1
982,西安,陕西省安康市紫阳县,西安~陕西省安康市紫阳县,,Z05592,
983,驻马店,河南省驻马店市西平县,驻马店~河南省驻马店市西平县,,Z04873,
984,青岛,山东省日照市莒县,青岛~山东省日照市莒县,,Z05933,
985,合肥,安徽省合肥市巢湖市,合肥~安徽省合肥市巢湖市,,Z06500,
986,青岛,山东省东营市东营区,青岛~山东省东营市东营区,,Z09449,
987,青岛,山东省东营市广饶县,青岛~山东省东营市广饶县,,Z05936,
988,淮安,,淮安~,,Z09546,
989,石家庄,河北省石家庄市平山县,石家庄~河北省石家庄市平山县,,Z08647,
990,贵阳,贵州省黔东南苗族侗族自治州黎平县,贵阳~贵州省黔东南苗族侗族自治州黎平县,,Z07200,
991,沈阳,辽宁省营口市大石桥市,沈阳~辽宁省营口市大石桥市,,Z04470,
992,郑州,河南省濮阳市濮阳县,郑州~河南省濮阳市濮阳县,,Z04955,
993,石家庄,河北省邯郸市丛台区,石家庄~河北省邯郸市丛台区,,Z08713,
994,郑州,,郑州~,,Z04955,
995,上海,上海市上海市虹口区,上海~上海市上海市虹口区,,Z06586,
996,郑州,河南省三门峡市渑池县,郑州~河南省三门峡市渑池县,,Z05017,
997,金华,浙江省丽水市莲都区,金华~浙江省丽水市莲都区,,Z09844,
998,青岛,山东省东营市河口区,青岛~山东省东营市河口区,,Z06036,
999,合肥,安徽省滁州市天长市,合肥~安徽省滁州市天长市,,Z06536,
1000,,,~,,ZZ0982,
1001,石家庄,河北省保定市高碑店市,石家庄~河北省保定市高碑店市,,Z08677,
1002,石家庄,河北省邢台市新河县,石家庄~河北省邢台市新河县,,Z08698,
1003,合肥,安徽省黄山市休宁县,合肥~安徽省黄山市休宁县,,Z06569,
1004,兰州,甘肃省庆阳市西峰区,兰州~甘肃省庆阳市西峰区,,Z05506,
1005,合肥,安徽省黄山市歙县,合肥~安徽省黄山市歙县,,Z06563,
1006,合肥,安徽省黄山市黄山区,合肥~安徽省黄山市黄山区,,Z06555,
1007,合肥,安徽省六安市,合肥~安徽省六安市,,Z06575,
1008,石家庄,河北省邯郸市曲周县,石家庄~河北省邯郸市曲周县,,Z08683,
1009,太原,山西省晋中市榆社县,太原~山西省晋中市榆社县,,Z03974,
1010,奥瑞金战马,武汉,奥瑞金战马~武汉,汽运,ZZ1311,1
1011,奥瑞金战马,沈阳,奥瑞金战马~沈阳,汽运,ZZ1298,1
1012,湖北奥瑞金,沈阳,湖北奥瑞金~沈阳,汽运,ZZ1298,1
1013,奥瑞金战马,合肥,奥瑞金战马~合肥,汽运,ZZ1282,1
1014,奥瑞金战马,北京,奥瑞金战马~北京,汽运,ZZ1299,1
1015,奥瑞金战马,北京基地,奥瑞金战马~北京基地,汽运,#N/A,1
1016,奥瑞金战马,百仕欣,奥瑞金战马~百仕欣,汽运,#N/A,1
1017,奥瑞金战马,昆明,奥瑞金战马~昆明,车皮,ZZ1323,1
1018,奥瑞金战马,成都,奥瑞金战马~成都,车皮,ZZ1318,1
1019,奥瑞金战马,西安,奥瑞金战马~西安,汽运,ZZ1304,1
1020,奥瑞金战马,驻马店,奥瑞金战马~驻马店,汽运,ZZ1295,1
1021,奥瑞金战马,广东基地,奥瑞金战马~广东基地,汽运,#N/A,1
1022,奥瑞金战马,南昌,奥瑞金战马~南昌,汽运,ZZ1316,1
1023,奥瑞金战马,重庆,奥瑞金战马~重庆,车皮,ZZ1320,1
1024,奥瑞金战马,西宁,奥瑞金战马~西宁,车皮,ZZ1306,1
1025,西安,陕西省延安市志丹县,西安~陕西省延安市志丹县,,Z05622,
1026,西安,陕西省榆林市神木市,西安~陕西省榆林市神木市,,Z05675,
1027,西安,陕西省宝鸡市眉县,西安~陕西省宝鸡市眉县,,Z05641,
1028,西安,陕西省延安市洛川县,西安~陕西省延安市洛川县,,Z05617,
1029,金华,浙江省金华市东阳市,金华~浙江省金华市东阳市,,Z08851,
1030,西安,陕西省咸阳市杨陵区,西安~陕西省咸阳市杨陵区,,Z05581,
1031,西安,陕西省安康市岚皋县,西安~陕西省安康市岚皋县,,Z05566,
1032,兰州,甘肃省天水市甘谷县,兰州~甘肃省天水市甘谷县,,Z05508,
1033,乌鲁木齐,新疆维吾尔自治区阿勒泰地区吉木乃县,乌鲁木齐~新疆维吾尔自治区阿勒泰地区吉木乃县,,Z05406,
1034,乌鲁木齐,新疆维吾尔自治区昌吉回族自治州玛纳斯县,乌鲁木齐~新疆维吾尔自治区昌吉回族自治州玛纳斯县,,Z05416,
1035,天津,河北省秦皇岛市海港区,天津~河北省秦皇岛市海港区,,ZZ0868,
1036,太原,山西省忻州市原平市,太原~山西省忻州市原平市,,Z04029,
1037,,,~,,ZZ0891,
1038,,,~,,ZZ0119,
1039,西宁,,西宁~,,Z06098,
1040,兰州,甘肃省天水市麦积区,兰州~甘肃省天水市麦积区,,Z09496,
1041,西安,陕西省咸阳市彬州市,西安~陕西省咸阳市彬州市,,Z05570,
1042,库尔勒,新疆维吾尔自治区阿拉尔市阿拉尔市,库尔勒~新疆维吾尔自治区阿拉尔市阿拉尔市,,Z05741,
1043,西安,陕西省铜川市宜君县,西安~陕西省铜川市宜君县,,Z10477,
1044,西安,陕西省西安市新城区,西安~陕西省西安市新城区,,Z10089,
1045,太原,山西省晋中市寿阳县,太原~山西省晋中市寿阳县,,Z03972,
1046,太原,山西省晋城市沁水县,太原~山西省晋城市沁水县,,Z03966,
1047,奥瑞金战马,长沙,奥瑞金战马~长沙,汽运,ZZ1313,1
1048,奥瑞金战马,郑州,奥瑞金战马~郑州,汽运,ZZ1294,1
1049,奥瑞金战马,石家庄,奥瑞金战马~石家庄,汽运,ZZ1300,1
1050,奥瑞金战马,长春,奥瑞金战马~长春,汽运,ZZ1297,1
1051,郑州,河南省开封市通许县,郑州~河南省开封市通许县,,Z04990,
1052,沈阳,辽宁省沈阳市铁西区,沈阳~辽宁省沈阳市铁西区,,Z10136,
1053,库尔勒,新疆维吾尔自治区阿克苏地区拜城县,库尔勒~新疆维吾尔自治区阿克苏地区拜城县,,Z10109,
1054,西宁,青海省玉树藏族自治州囊谦县,西宁~青海省玉树藏族自治州囊谦县,,Z05782,
1055,兰州,甘肃省天水市武山县,兰州~甘肃省天水市武山县,,Z05555,
1056,兰州,甘肃省陇南市徽县,兰州~甘肃省陇南市徽县,,Z05496,
1057,兰州,甘肃省临夏回族自治州广河县,兰州~甘肃省临夏回族自治州广河县,,Z05544,
1058,天津,天津市天津市宁河区,天津~天津市天津市宁河区,,ZZ0880,
1059,天津,河北省唐山市玉田县,天津~河北省唐山市玉田县,,ZZ0863,
1060,天津,河北省秦皇岛市昌黎县,天津~河北省秦皇岛市昌黎县,,ZZ0866,
1061,天津,河北省唐山市路北区,天津~河北省唐山市路北区,,ZZ0865,
1062,天津,河北省唐山市遵化市,天津~河北省唐山市遵化市,,ZZ0864,
1063,青岛,山东省烟台市栖霞市,青岛~山东省烟台市栖霞市,,Z05930,
1064,金华,浙江省金华市浦江县,金华~浙江省金华市浦江县,,Z06453,
1065,金华,浙江省丽水市松阳县,金华~浙江省丽水市松阳县,,Z06457,
1066,包头,内蒙古自治区巴彦淖尔市五原县,包头~内蒙古自治区巴彦淖尔市五原县,,Z04844,
1067,哈尔滨,黑龙江省齐齐哈尔市讷河市,哈尔滨~黑龙江省齐齐哈尔市讷河市,,Z04628,
1068,哈尔滨,黑龙江省大庆市杜尔伯特蒙古族自治县,哈尔滨~黑龙江省大庆市杜尔伯特蒙古族自治县,,Z10196,
1069,哈尔滨,黑龙江省齐齐哈尔市富裕县,哈尔滨~黑龙江省齐齐哈尔市富裕县,,Z04534,
1070,青岛,山东省青岛市平度市,青岛~山东省青岛市平度市,,Z05914,
1071,南京,,南京~,,Z09388,
1072,郑州,河南省焦作市武陟县,郑州~河南省焦作市武陟县,,Z05003,
1073,奥瑞金战马,上海,奥瑞金战马~上海,汽运,ZZ1285,1
1074,奥瑞金战马,兰州,奥瑞金战马~兰州,车皮,ZZ1305,1
1075,石家庄,河北省保定市竞秀区,石家庄~河北省保定市竞秀区,,Z08750,
1076,石家庄,河北省衡水市饶阳县,石家庄~河北省衡水市饶阳县,,Z08702,
1077,哈尔滨,内蒙古自治区呼伦贝尔市鄂伦春自治旗,哈尔滨~内蒙古自治区呼伦贝尔市鄂伦春自治旗,,Z04583,
1078,合肥,安徽省滁州市定远县,合肥~安徽省滁州市定远县,,Z06515,
1079,西安,宁夏回族自治区中卫市沙坡头区,西安~宁夏回族自治区中卫市沙坡头区,,Z05587,
1080,西安,陕西省商洛市商州区,西安~陕西省商洛市商州区,,Z05597,
1081,西安,陕西省咸阳市乾县,西安~陕西省咸阳市乾县,,Z05646,
1082,兰州,甘肃省武威市民勤县,兰州~甘肃省武威市民勤县,,Z05464,
1083,合肥,安徽省阜阳市颍上县,合肥~安徽省阜阳市颍上县,,Z06524,
1084,合肥,安徽省合肥市包河区,合肥~安徽省合肥市包河区,,Z06524,
1085,长沙,湖南省衡阳市雁峰区,长沙~湖南省衡阳市雁峰区,,Z07313,
1086,太原,山西省吕梁市孝义市,太原~山西省吕梁市孝义市,,Z04015,
1087,太原,山西省晋城市阳城县,太原~山西省晋城市阳城县,,Z03967,
1088,太原,山西省晋中市左权县,太原~山西省晋中市左权县,,Z03975,
1089,金华,浙江省金华市金东区,金华~浙江省金华市金东区,,Z09847,
1090,天津,天津市天津市静海区,天津~天津市天津市静海区,,ZZ0879,
1091,库尔勒,新疆维吾尔自治区巴音郭楞蒙古自治州尉犁县,库尔勒~新疆维吾尔自治区巴音郭楞蒙古自治州尉犁县,,Z05750,
1092,乌鲁木齐,新疆维吾尔自治区伊犁哈萨克自治州伊宁市,乌鲁木齐~新疆维吾尔自治区伊犁哈萨克自治州伊宁市,,Z05431,
1093,衡阳,湖南省衡阳市雁峰区,衡阳~湖南省衡阳市雁峰区,,Z07461,
1094,郑州,河南省洛阳市洛宁县,郑州~河南省洛阳市洛宁县,,Z04993,
1095,郑州,河南省濮阳市南乐县,郑州~河南省濮阳市南乐县,,Z05030,
1096,郑州,河南省洛阳市宜阳县,郑州~河南省洛阳市宜阳县,,Z05016,
1097,乌鲁木齐,新疆维吾尔自治区昌吉回族自治州呼图壁县,乌鲁木齐~新疆维吾尔自治区昌吉回族自治州呼图壁县,,Z10304,
1098,库尔勒,新疆维吾尔自治区巴音郭楞蒙古自治州和静县,库尔勒~新疆维吾尔自治区巴音郭楞蒙古自治州和静县,,Z05751,
1099,兰州,甘肃省酒泉市肃州区,兰州~甘肃省酒泉市肃州区,,Z09488,
1100,合肥,安徽省安庆市潜山市,合肥~安徽省安庆市潜山市,,Z06523,
1101,郑州,河南省安阳市殷都区,郑州~河南省安阳市殷都区,,Z05034,
1102,郑州,河南省洛阳市涧西区,郑州~河南省洛阳市涧西区,,Z09979,
1103,西安,陕西省咸阳市永寿县,西安~陕西省咸阳市永寿县,,Z08878,
1104,驻马店,河南省许昌市长葛市,驻马店~河南省许昌市长葛市,,Z04927,
1105,青岛,山东省烟台市龙口市,青岛~山东省烟台市龙口市,,Z05928,
1106,郑州,河南省濮阳市华龙区,郑州~河南省濮阳市华龙区,,Z10009,
1107,驻马店,河南省许昌市建安区,驻马店~河南省许昌市建安区,,Z09482,
1108,长春,吉林省通化市柳河县,长春~吉林省通化市柳河县,,Z04686,
1109,哈尔滨,黑龙江省哈尔滨市道外区,哈尔滨~黑龙江省哈尔滨市道外区,,Z09678,
1110,西宁,青海省海西蒙古族藏族自治州都兰县,西宁~青海省海西蒙古族藏族自治州都兰县,,Z05804,
1111,沈阳,辽宁省葫芦岛市,沈阳~辽宁省葫芦岛市,,Z10315,
1112,西安,宁夏回族自治区固原市西吉县,西安~宁夏回族自治区固原市西吉县,,Z05567,
1113,西安,宁夏回族自治区吴忠市红寺堡区,西安~宁夏回族自治区吴忠市红寺堡区,,Z05645,
1114,合肥,安徽省马鞍山市花山区,合肥~安徽省马鞍山市花山区,,Z09417,
1115,驻马店,河南省周口市太康县,驻马店~河南省周口市太康县,,Z04886,
1116,驻马店,河南省周口市扶沟县,驻马店~河南省周口市扶沟县,,Z04885,
1117,西安,陕西省咸阳市三原县,西安~陕西省咸阳市三原县,,Z05576,
1118,太原,山西省运城市临猗县,太原~山西省运城市临猗县,,Z04038,
1119,天津,天津市天津市宁河区,天津~天津市天津市宁河区,,ZZ0886,
1120,乌鲁木齐,新疆维吾尔自治区博尔塔拉蒙古自治州精河县,乌鲁木齐~新疆维吾尔自治区博尔塔拉蒙古自治州精河县,,Z05411,
1121,金华,浙江省衢州市龙游县,金华~浙江省衢州市龙游县,,Z06465,
1122,青岛,山东省威海市文登区,青岛~山东省威海市文登区,,Z05922,
1123,青岛,,青岛~,,Z05917,
1124,成都,四川省成都市青白江区,成都~四川省成都市青白江区,,Z10152,
1125,,,~,,ZZ0146,
1126,沈阳,内蒙古自治区赤峰市翁牛特旗,沈阳~内蒙古自治区赤峰市翁牛特旗,,Z04509,
1127,驻马店,河南省南阳市内乡县,驻马店~河南省南阳市内乡县,,Z04901,
1128,西安,陕西省西安市雁塔区,西安~陕西省西安市雁塔区,,Z05625,
1129,西安,陕西省渭南市韩城市,西安~陕西省渭南市韩城市,,Z05663,
1130,西安,陕西省西安市碑林区,西安~陕西省西安市碑林区,,Z09909,
1131,兰州,甘肃省白银市白银区,兰州~甘肃省白银市白银区,,Z09484,
1132,驻马店,河南省漯河市源汇区,驻马店~河南省漯河市源汇区,,Z09483,
1133,合肥,安徽省蚌埠市怀远县,合肥~安徽省蚌埠市怀远县,,Z06522,
1134,合肥,安徽省安庆市望江县,合肥~安徽省安庆市望江县,,Z06531,
1135,石家庄,河北省保定市易县,石家庄~河北省保定市易县,,Z08631,
1136,石家庄,河北省沧州市孟村回族自治县,石家庄~河北省沧州市孟村回族自治县,,Z08726,
1137,郑州,,郑州~,,Z09964,
1138,郑州,河南省新乡市红旗区,郑州~河南省新乡市红旗区,,Z09993,
1139,郑州,河南省新乡市延津县,郑州~河南省新乡市延津县,,Z09993,
1140,驻马店,河南省许昌市禹州市,驻马店~河南省许昌市禹州市,,Z04928,
1141,金华,浙江省丽水市景宁畲族自治县,金华~浙江省丽水市景宁畲族自治县,,Z06461,
1142,合肥,安徽省滁州市凤阳县,合肥~安徽省滁州市凤阳县,,Z06544,
1143,金华,浙江省丽水市云和县,金华~浙江省丽水市云和县,,Z06459,
1144,西宁,青海省海西蒙古族藏族自治州天峻县,西宁~青海省海西蒙古族藏族自治州天峻县,,Z05803,
1145,西宁,青海省海南藏族自治州贵德县,西宁~青海省海南藏族自治州贵德县,,Z05793,
1146,西宁,,西宁~,,Z10453,
1147,郑州,河南省焦作市博爱县,郑州~河南省焦作市博爱县,,Z06071,
1148,郑州,河南省安阳市北关区,郑州~河南省安阳市北关区,,Z09984,
1149,郑州,河南省焦作市山阳区,郑州~河南省焦作市山阳区,,Z10006,
1150,郑州,河南省焦作市修武县,郑州~河南省焦作市修武县,,Z05004,
1151,兰州,甘肃省张掖市山丹县,兰州~甘肃省张掖市山丹县,,Z05467,
1152,兰州,甘肃省嘉峪关市嘉峪关市,兰州~甘肃省嘉峪关市嘉峪关市,,Z05487,
1153,兰州,甘肃省武威市古浪县,兰州~甘肃省武威市古浪县,,Z05534,
1154,兰州,甘肃省金昌市金川区,兰州~甘肃省金昌市金川区,,Z09487,
1155,兰州,内蒙古自治区阿拉善盟阿拉善右旗,兰州~内蒙古自治区阿拉善盟阿拉善右旗,,Z05530,
1156,兰州,甘肃省陇南市宕昌县,兰州~甘肃省陇南市宕昌县,,Z05475,
1157,青岛,山东省潍坊市潍城区,青岛~山东省潍坊市潍城区,,Z09454,
1158,大理,云南省临沧市耿马傣族佤族自治县,大理~云南省临沧市耿马傣族佤族自治县,,Z06992,
1159,广州,广东省广州市海珠区,广州~广东省广州市海珠区,,Z09330,
1160,太原,山西省太原市尖草坪区,太原~山西省太原市尖草坪区,,Z09564,
1161,太原,山西省长治市潞州区,太原~山西省长治市潞州区,,Z10148,
1162,哈尔滨,黑龙江省伊春市伊美区,哈尔滨~黑龙江省伊春市伊美区,,Z04570,
1163,沈阳,辽宁省大连市瓦房店市,沈阳~辽宁省大连市瓦房店市,,Z04484,
1164,沈阳,,沈阳~,,Z06702,
1165,哈尔滨,内蒙古自治区呼伦贝尔市扎兰屯市,哈尔滨~内蒙古自治区呼伦贝尔市扎兰屯市,,Z04581,
1166,哈尔滨,黑龙江省大庆市让胡路区,哈尔滨~黑龙江省大庆市让胡路区,,Z09698,
1167,哈尔滨,黑龙江省齐齐哈尔市拜泉县,哈尔滨~黑龙江省齐齐哈尔市拜泉县,,Z04537,
1168,哈尔滨,黑龙江省齐齐哈尔市昂昂溪区,哈尔滨~黑龙江省齐齐哈尔市昂昂溪区,,Z04627,
1169,哈尔滨,黑龙江省齐齐哈尔市富拉尔基区,哈尔滨~黑龙江省齐齐哈尔市富拉尔基区,,Z04543,
1170,哈尔滨,黑龙江省大庆市龙凤区,哈尔滨~黑龙江省大庆市龙凤区,,Z09697,
1171,长春,吉林省吉林市蛟河市,长春~吉林省吉林市蛟河市,,Z04668,
1172,长春,吉林省吉林市磐石市,长春~吉林省吉林市磐石市,,Z04672,
1173,沈阳,辽宁省朝阳市龙城区,沈阳~辽宁省朝阳市龙城区,,Z10114,
1174,库尔勒,新疆维吾尔自治区巴音郭楞蒙古自治州库尔勒市,库尔勒~新疆维吾尔自治区巴音郭楞蒙古自治州库尔勒市,,Z05747,
1175,库尔勒,新疆维吾尔自治区阿克苏地区新和县,库尔勒~新疆维吾尔自治区阿克苏地区新和县,,Z05763,
1176,库尔勒,新疆维吾尔自治区巴音郭楞蒙古自治州焉耆回族自治县,库尔勒~新疆维吾尔自治区巴音郭楞蒙古自治州焉耆回族自治县,,Z05748,
1177,哈尔滨,黑龙江省绥化市庆安县,哈尔滨~黑龙江省绥化市庆安县,,Z04610,
1178,天津,天津市天津市西青区,天津~天津市天津市西青区,,ZZ0882,
1179,石家庄,河北省衡水市桃城区,石家庄~河北省衡水市桃城区,,Z08714,
1180,合肥,安徽省宿州市砀山县,合肥~安徽省宿州市砀山县,,Z06554,
1181,合肥,安徽省宿州市萧县,合肥~安徽省宿州市萧县,,Z06551,
1182,驻马店,河南省周口市项城市,驻马店~河南省周口市项城市,,Z04881,
1183,驻马店,河南省信阳市淮滨县,驻马店~河南省信阳市淮滨县,,Z04919,
1184,西安,陕西省榆林市靖边县,西安~陕西省榆林市靖边县,,Z05629,
1185,西安,陕西省西安市雁塔区,西安~陕西省西安市雁塔区,,Z05629,
1186,西安,陕西省渭南市大荔县,西安~陕西省渭南市大荔县,,Z05604,
1187,金华,浙江省金华市东阳市,金华~浙江省金华市东阳市,,Z06452,
1188,西安,陕西省西安市雁塔区,西安~陕西省西安市雁塔区,,Z05633,
1189,西宁,青海省海南藏族自治州共和县,西宁~青海省海南藏族自治州共和县,,Z05792,
1190,兰州,甘肃省兰州市西固区,兰州~甘肃省兰州市西固区,,Z10431,
1191,合肥,安徽省芜湖市繁昌区,合肥~安徽省芜湖市繁昌区,,Z06568,
1192,哈尔滨,云南省昆明市五华区,哈尔滨~云南省昆明市五华区,,Z09717,
1193,长春,吉林省通化市集安市,长春~吉林省通化市集安市,,Z04684,
1194,长春,吉林省松原市宁江区,长春~吉林省松原市宁江区,,Z04677,
1195,长春,吉林省松原市宁江区,长春~吉林省松原市宁江区,,Z04696,
1196,长春,吉林省白城市大安市,长春~吉林省白城市大安市,,Z04652,
1197,驻马店,河南省南阳市方城县,驻马店~河南省南阳市方城县,,Z04895,
1198,包头,内蒙古自治区鄂尔多斯市准格尔旗,包头~内蒙古自治区鄂尔多斯市准格尔旗,,Z04846,
1199,库尔勒,新疆维吾尔自治区阿克苏地区乌什县,库尔勒~新疆维吾尔自治区阿克苏地区乌什县,,Z05764,
1200,郑州,河南省安阳市北关区,郑州~河南省安阳市北关区,,Z09861,
1201,驻马店,河南省信阳市浉河区,驻马店~河南省信阳市浉河区,,Z09480,
1202,西安,陕西省宝鸡市渭滨区,西安~陕西省宝鸡市渭滨区,,Z10096,
1203,青岛,山东省烟台市招远市,青岛~山东省烟台市招远市,,Z05931,
1204,石家庄,河北省保定市安国市,石家庄~河北省保定市安国市,,Z08661,
1205,青岛,山东省青岛市崂山区,青岛~山东省青岛市崂山区,,Z05916,
1206,合肥,安徽省安庆市宜秀区,合肥~安徽省安庆市宜秀区,,Z09416,
1207,合肥,安徽省铜陵市郊区,合肥~安徽省铜陵市郊区,,Z10471,
1208,,山东省济南市历下区,~山东省济南市历下区,,Z05889,
1209,合肥,安徽省宿州市埇桥区,合肥~安徽省宿州市埇桥区,,Z09424,
1210,合肥,安徽省宿州市灵璧县,合肥~安徽省宿州市灵璧县,,Z06548,
1211,驻马店,河南省南阳市桐柏县,驻马店~河南省南阳市桐柏县,,Z04893,
1212,,,~,,ZZ2099,
1213,郑州,河南省新乡市长垣市,郑州~河南省新乡市长垣市,,Z04962,
1214,郑州,河南省济源市济源市,郑州~河南省济源市济源市,,Z10020,
1215,天津,天津市天津市武清区,天津~天津市天津市武清区,,ZZ0871,
1216,西宁,,西宁~,,Z05790,
1217,哈尔滨,黑龙江省哈尔滨市宾县,哈尔滨~黑龙江省哈尔滨市宾县,,Z04601,
1218,合肥,安徽省安庆市太湖县,合肥~安徽省安庆市太湖县,,Z06521,
1219,西安,陕西省汉中市勉县,西安~陕西省汉中市勉县,,Z05578,
1220,西安,陕西省西安市蓝田县,西安~陕西省西安市蓝田县,,Z05610,
1221,西安,陕西省咸阳市兴平市,西安~陕西省咸阳市兴平市,,Z05647,
1222,郑州,河南省商丘市永城市,郑州~河南省商丘市永城市,,Z04960,
1223,西安,陕西省渭南市蒲城县,西安~陕西省渭南市蒲城县,,Z05608,
1224,西安,陕西省榆林市定边县,西安~陕西省榆林市定边县,,Z05625,
1225,金华,,金华~,,Z06447,
1226,合肥,安徽省亳州市蒙城县,合肥~安徽省亳州市蒙城县,,Z06538,
1227,合肥,安徽省合肥市包河区,合肥~安徽省合肥市包河区,,Z06538,
1228,兰州,甘肃省张掖市甘州区,兰州~甘肃省张掖市甘州区,,Z09499,
1229,西宁,,西宁~,,Z05791,
1230,兰州,甘肃省白银市会宁县,兰州~甘肃省白银市会宁县,,Z05477,
1231,兰州,甘肃省甘南藏族自治州合作市,兰州~甘肃省甘南藏族自治州合作市,,Z05485,
1232,兰州,甘肃省平凉市崆峒区,兰州~甘肃省平凉市崆峒区,,Z09494,
1233,兰州,甘肃省定西市安定区,兰州~甘肃省定西市安定区,,Z09560,
1234,合肥,安徽省马鞍山市和县,合肥~安徽省马鞍山市和县,,Z06558,
1235,合肥,安徽省亳州市利辛县,合肥~安徽省亳州市利辛县,,Z06540,
1236,合肥,安徽省亳州市谯城区,合肥~安徽省亳州市谯城区,,Z09422,
1237,合肥,安徽省安庆市宿松县,合肥~安徽省安庆市宿松县,,Z06541,
1238,西安,,西安~,,Z10219,
1239,天津,天津市天津市滨海新区,天津~天津市天津市滨海新区,,ZZ0886,
1240,西安,陕西省西安市长安区,西安~陕西省西安市长安区,,Z09905,
1241,海口,,海口~,,000001,
1242,太原,山西省临汾市尧都区,太原~山西省临汾市尧都区,,Z09583,
1243,湖北奥瑞金,石家庄,湖北奥瑞金~石家庄,汽运,ZZ1300,1
1244,青岛,,青岛~,,Z09450,
1245,天津,天津市天津市宝坻区,天津~天津市天津市宝坻区,,ZZ0872,
1246,青岛,山东省青岛市市北区,青岛~山东省青岛市市北区,,Z09450,
1247,天津,天津市天津市津南区,天津~天津市天津市津南区,,ZZ0878,
1248,青岛,山东省威海市荣成市,青岛~山东省威海市荣成市,,Z05920,
1249,青岛,山东省青岛市胶州市,青岛~山东省青岛市胶州市,,Z05912,
1250,乌鲁木齐,新疆维吾尔自治区塔城地区塔城市,乌鲁木齐~新疆维吾尔自治区塔城地区塔城市,,Z05445,
1251,西安,陕西省西安市未央区,西安~陕西省西安市未央区,,Z05609,
1252,西安,陕西省安康市汉阴县,西安~陕西省安康市汉阴县,,Z05591,
1253,合肥,安徽省合肥市包河区,合肥~安徽省合肥市包河区,,Z06499,
1254,,山东省济南市历下区,~山东省济南市历下区,,Z06045,
1255,天津,河北省唐山市滦南县,天津~河北省唐山市滦南县,,ZZ0856,
1256,合肥,安徽省淮北市濉溪县,合肥~安徽省淮北市濉溪县,,Z06562,
1257,合肥,安徽省宣城市宁国市,合肥~安徽省宣城市宁国市,,Z06533,
1258,合肥,安徽省池州市东至县,合肥~安徽省池州市东至县,,Z06552,
1259,兰州,甘肃省兰州市红古区,兰州~甘肃省兰州市红古区,,Z05491,
1260,合肥,安徽省合肥市庐江县,合肥~安徽省合肥市庐江县,,Z06503,
1261,青岛,山东省威海市乳山市,青岛~山东省威海市乳山市,,Z05921,
1262,郑州,河南省安阳市滑县,郑州~河南省安阳市滑县,,Z05014,
1263,郑州,河南省商丘市睢阳区,郑州~河南省商丘市睢阳区,,Z10017,
1264,郑州,河南省商丘市梁园区,郑州~河南省商丘市梁园区,,Z10016,
1265,合肥,安徽省滁州市明光市,合肥~安徽省滁州市明光市,,Z06514,
1266,青岛,山东省威海市环翠区,青岛~山东省威海市环翠区,,Z09453,
1267,青岛,山东省青岛市城阳区,青岛~山东省青岛市城阳区,,Z05918,
1268,合肥,安徽省滁州市琅琊区,合肥~安徽省滁州市琅琊区,,Z09740,
1269,太原,山西省朔州市山阴县,太原~山西省朔州市山阴县,,Z04002,
1270,太原,山西省晋中市祁县,太原~山西省晋中市祁县,,Z03971,
1271,太原,山西省太原市清徐县,太原~山西省太原市清徐县,,Z04008,
1272,合肥,安徽省芜湖市无为市,合肥~安徽省芜湖市无为市,,Z06509,
1273,驻马店,河南省郑州市金水区,驻马店~河南省郑州市金水区,,000001,
1274,金华,浙江省金华市婺城区,金华~浙江省金华市婺城区,,Z09846,
1275,合肥,安徽省宣城市郎溪县,合肥~安徽省宣城市郎溪县,,Z06560,
1276,郑州,河南省商丘市睢阳区,郑州~河南省商丘市睢阳区,,Z10016,
1277,郑州,河南省洛阳市栾川县,郑州~河南省洛阳市栾川县,,Z04939,
1278,郑州,河南省洛阳市嵩县,郑州~河南省洛阳市嵩县,,Z04995,
1279,青岛,山东省青岛市李沧区,青岛~山东省青岛市李沧区,,Z05917,
1280,合肥,安徽省宣城市泾县,合肥~安徽省宣城市泾县,,Z06559,
1281,青岛,山东省潍坊市坊子区,青岛~山东省潍坊市坊子区,,Z10479,
1282,青岛,山东省潍坊市青州市,青岛~山东省潍坊市青州市,,Z05942,
1283,青岛,山东省青岛市黄岛区,青岛~山东省青岛市黄岛区,,Z10306,
1284,沈阳,,沈阳~,,Z10293,
1285,沈阳,辽宁省葫芦岛市绥中县,沈阳~辽宁省葫芦岛市绥中县,,Z04459,
1286,沈阳,辽宁省沈阳市和平区,沈阳~辽宁省沈阳市和平区,,Z01188,
1287,沈阳,辽宁省营口市西市区,沈阳~辽宁省营口市西市区,,Z10139,
1288,哈尔滨,黑龙江省黑河市孙吴县,哈尔滨~黑龙江省黑河市孙吴县,,Z04607,
1289,长春,吉林省白城市大安市,长春~吉林省白城市大安市,,Z04695,
1290,哈尔滨,内蒙古自治区呼伦贝尔市满洲里市,哈尔滨~内蒙古自治区呼伦贝尔市满洲里市,,Z04580,
1291,哈尔滨,黑龙江省佳木斯市汤原县,哈尔滨~黑龙江省佳木斯市汤原县,,Z10522,
1292,哈尔滨,黑龙江省哈尔滨市道外区,哈尔滨~黑龙江省哈尔滨市道外区,,Z09675,
1293,哈尔滨,黑龙江省哈尔滨市双城区,哈尔滨~黑龙江省哈尔滨市双城区,,Z04526,
1294,沈阳,辽宁省锦州市北镇市,沈阳~辽宁省锦州市北镇市,,Z04482,
1295,沈阳,辽宁省沈阳市和平区,沈阳~辽宁省沈阳市和平区,,Z10131,
1296,合肥,安徽省马鞍山市含山县,合肥~安徽省马鞍山市含山县,,Z06565,
1297,天津,天津市天津市北辰区,天津~天津市天津市北辰区,,ZZ0883,
1298,青岛,山东省青岛市即墨区,青岛~山东省青岛市即墨区,,Z05910,
1299,驻马店,河南省许昌市鄢陵县,驻马店~河南省许昌市鄢陵县,,Z04925,
1300,驻马店,河南省驻马店市上蔡县,驻马店~河南省驻马店市上蔡县,,Z04872,
1301,合肥,安徽省滁州市来安县,合肥~安徽省滁州市来安县,,Z06566,
1302,合肥,安徽省合肥市肥东县,合肥~安徽省合肥市肥东县,,Z06501,
1303,合肥,安徽省黄山市黄山区,合肥~安徽省黄山市黄山区,,Z06549,
1304,长春,吉林省松原市长岭县,长春~吉林省松原市长岭县,,Z04679,
1305,合肥,安徽省黄山市屯溪区,合肥~安徽省黄山市屯溪区,,Z09423,
1306,天津,河北省唐山市乐亭县,天津~河北省唐山市乐亭县,,ZZ0854,
1307,咸宁基地,南充,咸宁基地~南充,车皮,ZZ0143,1
1308,驻马店,河南省周口市郸城县,驻马店~河南省周口市郸城县,,Z04884,
1309,驻马店,河南省驻马店市汝南县,驻马店~河南省驻马店市汝南县,,Z04871,
1310,驻马店,河南省平顶山市卫东区,驻马店~河南省平顶山市卫东区,,Z09479,
1311,驻马店,河南省漯河市舞阳县,驻马店~河南省漯河市舞阳县,,Z04891,
1312,西宁,青海省西宁市大通回族土族自治县,西宁~青海省西宁市大通回族土族自治县,,Z05789,
1313,西宁,,西宁~,,Z05786,
1314,郑州,河南省焦作市沁阳市,郑州~河南省焦作市沁阳市,,Z10008,
1315,郑州,河南省开封市龙亭区,郑州~河南省开封市龙亭区,,Z09971,
1316,郑州,河南省商丘市虞城县,郑州~河南省商丘市虞城县,,Z05036,
1317,郑州,河南省新乡市封丘县,郑州~河南省新乡市封丘县,,Z04988,
1318,长春,内蒙古自治区兴安盟突泉县,长春~内蒙古自治区兴安盟突泉县,,Z04692,
1319,长春,吉林省白山市江源区,长春~吉林省白山市江源区,,Z10104,
1320,长春,吉林省通化市辉南县,长春~吉林省通化市辉南县,,Z04683,
1321,长春,吉林省白山市抚松县,长春~吉林省白山市抚松县,,Z04657,
1322,长春,内蒙古自治区兴安盟乌兰浩特市,长春~内蒙古自治区兴安盟乌兰浩特市,,Z04691,
1323,兰州,甘肃省兰州市红古区,兰州~甘肃省兰州市红古区,,Z05564,
1324,兰州,甘肃省临夏回族自治州永靖县,兰州~甘肃省临夏回族自治州永靖县,,Z05550,
1325,合肥,安徽省合肥市蜀山区,合肥~安徽省合肥市蜀山区,,Z09420,
1326,郑州,河南省商丘市柘城县,郑州~河南省商丘市柘城县,,Z05022,
1327,乌鲁木齐,新疆维吾尔自治区塔城地区塔城市,乌鲁木齐~新疆维吾尔自治区塔城地区塔城市,,Z05444,
1328,合肥,安徽省宣城市绩溪县,合肥~安徽省宣城市绩溪县,,Z06571,
1329,合肥,安徽省蚌埠市禹会区,合肥~安徽省蚌埠市禹会区,,Z09421,
1330,郑州,河南省商丘市宁陵县,郑州~河南省商丘市宁陵县,,Z06069,
1331,长春,吉林省白山市靖宇县,长春~吉林省白山市靖宇县,,Z04658,
1332,郑州,河南省开封市杞县,郑州~河南省开封市杞县,,Z05009,
1333,西宁,青海省黄南藏族自治州同仁市,西宁~青海省黄南藏族自治州同仁市,,Z05787,
1334,西宁,青海省黄南藏族自治州泽库县,西宁~青海省黄南藏族自治州泽库县,,Z05773,
1335,西宁,青海省黄南藏族自治州河南蒙古族自治县,西宁~青海省黄南藏族自治州河南蒙古族自治县,,Z05770,
1336,西宁,,西宁~,,Z05795,
1337,兰州,甘肃省兰州市榆中县,兰州~甘肃省兰州市榆中县,,Z05540,
1338,石家庄,河北省沧州市肃宁县,石家庄~河北省沧州市肃宁县,,Z08679,
1339,石家庄,河北省衡水市武强县,石家庄~河北省衡水市武强县,,Z08703,
1340,石家庄,河北省衡水市安平县,石家庄~河北省衡水市安平县,,Z08700,
1341,石家庄,河北省沧州市南皮县,石家庄~河北省沧州市南皮县,,Z08710,
1342,合肥,安徽省宣城市宣州区,合肥~安徽省宣城市宣州区,,Z06506,
1343,石家庄,河北省邯郸市邯山区,石家庄~河北省邯郸市邯山区,,Z08720,
1344,石家庄,河北省保定市蠡县,石家庄~河北省保定市蠡县,,Z08629,
1345,石家庄,河北省沧州市盐山县,石家庄~河北省沧州市盐山县,,Z08725,
1346,石家庄,河北省保定市徐水区,石家庄~河北省保定市徐水区,,Z08671,
1347,驻马店,河南省南阳市邓州市,驻马店~河南省南阳市邓州市,,Z04899,
1348,驻马店,河南省周口市淮阳区,驻马店~河南省周口市淮阳区,,Z10035,
1349,天津,天津市天津市东丽区,天津~天津市天津市东丽区,,ZZ0874,
1350,西安,陕西省西安市新城区,西安~陕西省西安市新城区,,Z09905,
1351,哈尔滨,内蒙古自治区呼伦贝尔市扎赉诺尔区,哈尔滨~内蒙古自治区呼伦贝尔市扎赉诺尔区,,Z04634,
1352,长春,,长春~,,Z04656,
1353,长春,吉林省白山市临江市,长春~吉林省白山市临江市,,Z04659,
1354,长春,吉林省白城市通榆县,长春~吉林省白城市通榆县,,Z04654,
1355,长春,吉林省延边朝鲜族自治州图们市,长春~吉林省延边朝鲜族自治州图们市,,Z04690,
1356,长春,吉林省延边朝鲜族自治州和龙市,长春~吉林省延边朝鲜族自治州和龙市,,Z04698,
1357,哈尔滨,黑龙江省佳木斯市桦川县,哈尔滨~黑龙江省佳木斯市桦川县,,Z09708,
1358,哈尔滨,黑龙江省大庆市大同区,哈尔滨~黑龙江省大庆市大同区,,Z04603,
1359,长春,内蒙古自治区兴安盟科尔沁右翼中旗,长春~内蒙古自治区兴安盟科尔沁右翼中旗,,Z04693,
1360,沈阳,辽宁省大连市普兰店区,沈阳~辽宁省大连市普兰店区,,Z04473,
1361,沈阳,辽宁省辽阳市宏伟区,沈阳~辽宁省辽阳市宏伟区,,Z10128,
1362,沈阳,内蒙古自治区通辽市科尔沁区,沈阳~内蒙古自治区通辽市科尔沁区,,Z10144,
1363,沈阳,辽宁省抚顺市清原满族自治县,沈阳~辽宁省抚顺市清原满族自治县,,Z04475,
1364,沈阳,内蒙古自治区赤峰市敖汉旗,沈阳~内蒙古自治区赤峰市敖汉旗,,Z04507,
1365,沈阳,,沈阳~,,Z10111,
1366,合肥,安徽省淮南市田家庵区,合肥~安徽省淮南市田家庵区,,Z10305,
1367,合肥,安徽省马鞍山市雨山区,合肥~安徽省马鞍山市雨山区,,Z10516,
1368,合肥,安徽省马鞍山市当涂县,合肥~安徽省马鞍山市当涂县,,Z06567,
1369,石家庄,河北省沧州市沧县,石家庄~河北省沧州市沧县,,Z08753,
1370,石家庄,河北省邢台市宁晋县,石家庄~河北省邢台市宁晋县,,Z08643,
1371,石家庄,河北省石家庄市鹿泉区,石家庄~河北省石家庄市鹿泉区,,Z08658,
1372,沈阳,辽宁省沈阳市法库县,沈阳~辽宁省沈阳市法库县,,Z04492,
1373,合肥,安徽省芜湖市弋江区,合肥~安徽省芜湖市弋江区,,Z09853,
1374,西安,陕西省延安市宝塔区,西安~陕西省延安市宝塔区,,Z10091,
1375,西安,陕西省西安市雁塔区,西安~陕西省西安市雁塔区,,Z10091,
1376,合肥,安徽省宣城市广德市,合肥~安徽省宣城市广德市,,Z06535,
1377,合肥,安徽省池州市贵池区,合肥~安徽省池州市贵池区,,Z09742,
1378,,,~,,ZZ0124,
1379,太原,山西省晋城市城区,太原~山西省晋城市城区,,Z09581,
1380,乌鲁木齐,新疆维吾尔自治区阿勒泰地区福海县,乌鲁木齐~新疆维吾尔自治区阿勒泰地区福海县,,Z05403,
1381,西安,陕西省宝鸡市金台区,西安~陕西省宝鸡市金台区,,Z10087,
1382,西安,陕西省西安市雁塔区,西安~陕西省西安市雁塔区,,Z10087,
1383,石家庄,河北省沧州市黄骅市,石家庄~河北省沧州市黄骅市,,Z08633,
1384,太原,山西省晋中市昔阳县,太原~山西省晋中市昔阳县,,Z04031,
1385,兰州,甘肃省武威市凉州区,兰州~甘肃省武威市凉州区,,Z09498,
1386,兰州,甘肃省庆阳市庆城县,兰州~甘肃省庆阳市庆城县,,Z09495,
1387,兰州,甘肃省定西市陇西县,兰州~甘肃省定西市陇西县,,Z05498,
1388,上海,上海市上海市闵行区,上海~上海市上海市闵行区,,Z06591,
1389,西安,陕西省西安市阎良区,西安~陕西省西安市阎良区,,Z05677,
1390,西安,陕西省西安市周至县,西安~陕西省西安市周至县,,Z05611,
1391,西宁,,西宁~,,Z05783,
1392,哈尔滨,黑龙江省牡丹江市穆棱市,哈尔滨~黑龙江省牡丹江市穆棱市,,Z04547,
1393,昆明,云南省普洱市景谷傣族彝族自治县,昆明~云南省普洱市景谷傣族彝族自治县,,Z10188,
1394,天津,河北省唐山市丰南区,天津~河北省唐山市丰南区,,ZZ0852,
1395,沈阳,辽宁省盘锦市双台子区,沈阳~辽宁省盘锦市双台子区,,Z10140,
1396,沈阳,辽宁省鞍山市海城市,沈阳~辽宁省鞍山市海城市,,Z04447,
1397,沈阳,辽宁省辽阳市弓长岭区,沈阳~辽宁省辽阳市弓长岭区,,Z10127,
1398,沈阳,辽宁省铁岭市开原市,沈阳~辽宁省铁岭市开原市,,Z04467,
1399,哈尔滨,黑龙江省哈尔滨市方正县,哈尔滨~黑龙江省哈尔滨市方正县,,Z04523,
1400,太原,山西省忻州市宁武县,太原~山西省忻州市宁武县,,Z04023,
1401,郑州,河南省商丘市民权县,郑州~河南省商丘市民权县,,Z04991,
1402,郑州,河南省三门峡市灵宝市,郑州~河南省三门峡市灵宝市,,Z05035,
1403,石家庄,河北省邢台市平乡县,石家庄~河北省邢台市平乡县,,Z08655,
1404,石家庄,河北省石家庄市栾城区,石家庄~河北省石家庄市栾城区,,Z08737,
1405,石家庄,河北省保定市高碑店市,石家庄~河北省保定市高碑店市,,Z08628,
1406,郑州,河南省郑州市新郑市,郑州~河南省郑州市新郑市,,Z04976,
1407,石家庄,河北省石家庄市正定县,石家庄~河北省石家庄市正定县,,Z08645,
1408,石家庄,河北省石家庄市裕华区,石家庄~河北省石家庄市裕华区,,Z08717,
1409,石家庄,河北省沧州市青县,石家庄~河北省沧州市青县,,Z08678,
1410,太原,山西省太原市杏花岭区,太原~山西省太原市杏花岭区,,Z04009,
1411,包头,内蒙古自治区巴彦淖尔市乌拉特中旗,包头~内蒙古自治区巴彦淖尔市乌拉特中旗,,Z06031,
1412,太原,山西省运城市夏县,太原~山西省运城市夏县,,Z04043,
1413,太原,山西省太原市阳曲县,太原~山西省太原市阳曲县,,Z04010,
1414,西宁,青海省海北藏族自治州门源回族自治县,西宁~青海省海北藏族自治州门源回族自治县,,Z05768,
1415,乌鲁木齐,新疆维吾尔自治区乌鲁木齐市头屯河区,乌鲁木齐~新疆维吾尔自治区乌鲁木齐市头屯河区,,Z09960,
1416,乌鲁木齐,新疆维吾尔自治区乌鲁木齐市头屯河区,乌鲁木齐~新疆维吾尔自治区乌鲁木齐市头屯河区,,Z09958,
1417,乌鲁木齐,新疆维吾尔自治区克拉玛依市乌尔禾区,乌鲁木齐~新疆维吾尔自治区克拉玛依市乌尔禾区,,Z05400,
1418,金华,浙江省衢州市江山市,金华~浙江省衢州市江山市,,Z06467,
1419,兰州,甘肃省临夏回族自治州临夏市,兰州~甘肃省临夏回族自治州临夏市,,Z05492,
1420,太原,山西省忻州市忻府区,太原~山西省忻州市忻府区,,Z09567,
1421,太原,山西省忻州市五寨县,太原~山西省忻州市五寨县,,Z04027,
1422,太原,山西省忻州市繁峙县,太原~山西省忻州市繁峙县,,Z04019,
1423,合肥,安徽省亳州市涡阳县,合肥~安徽省亳州市涡阳县,,Z06542,
1424,合肥,安徽省合肥市庐阳区,合肥~安徽省合肥市庐阳区,,Z09426,
1425,金华,浙江省金华市兰溪市,金华~浙江省金华市兰溪市,,Z06448,
1426,上海,上海市上海市普陀区,上海~上海市上海市普陀区,,Z06582,
1427,合肥,安徽省六安市金安区,合肥~安徽省六安市金安区,,Z09851,
1428,合肥,安徽省阜阳市阜南县,合肥~安徽省阜阳市阜南县,,Z06539,
1429,合肥,安徽省滁州市全椒县,合肥~安徽省滁州市全椒县,,Z06508,
1430,合肥,安徽省合肥市瑶海区,合肥~安徽省合肥市瑶海区,,Z09940,
1431,咸宁基地,西藏自治区拉萨市堆龙德庆区,咸宁基地~西藏自治区拉萨市堆龙德庆区,,ZZ0297,
1432,合肥,安徽省阜阳市界首市,合肥~安徽省阜阳市界首市,,Z06545,
1433,合肥,安徽省阜阳市太和县,合肥~安徽省阜阳市太和县,,Z06546,
1434,,,~,,ZZ2101,
1435,,,~,,ZZ2078,
1436,湖北奥瑞金,郑州,湖北奥瑞金~郑州,汽运,ZZ1294,1
1437,广州,广东省清远市阳山县,广州~广东省清远市阳山县,,Z10518,
1438,北京,河北省廊坊市文安县,北京~河北省廊坊市文安县,,Z04362,
1439,郑州,河南省鹤壁市淇滨区,郑州~河南省鹤壁市淇滨区,,Z09991,
1440,西宁,青海省果洛藏族自治州玛沁县,西宁~青海省果洛藏族自治州玛沁县,,Z05774,
1441,合肥,安徽省阜阳市临泉县,合肥~安徽省阜阳市临泉县,,Z06553,
1442,郑州,河南省安阳市殷都区,郑州~河南省安阳市殷都区,,Z10508,
1443,,山东省日照市五莲县,~山东省日照市五莲县,,Z10500,
1444,合肥,安徽省阜阳市颍州区,合肥~安徽省阜阳市颍州区,,Z09849,
1445,天津,天津市天津市武清区,天津~天津市天津市武清区,,ZZ0883,
1446,太原,山西省朔州市怀仁市,太原~山西省朔州市怀仁市,,Z04000,
1447,太原,山西省临汾市襄汾县,太原~山西省临汾市襄汾县,,Z03989,
1448,合肥,安徽省六安市霍邱县,合肥~安徽省六安市霍邱县,,Z06537,
1449,哈尔滨,黑龙江省七台河市勃利县,哈尔滨~黑龙江省七台河市勃利县,,Z04591,
1450,哈尔滨,黑龙江省齐齐哈尔市泰来县,哈尔滨~黑龙江省齐齐哈尔市泰来县,,Z04536,
1451,西安,陕西省西安市雁塔区,西安~陕西省西安市雁塔区,,Z05667,
1452,库尔勒,新疆维吾尔自治区巴音郭楞蒙古自治州且末县,库尔勒~新疆维吾尔自治区巴音郭楞蒙古自治州且末县,,Z05753,
1453,库尔勒,新疆维吾尔自治区巴音郭楞蒙古自治州轮台县,库尔勒~新疆维吾尔自治区巴音郭楞蒙古自治州轮台县,,Z05749,
1454,兰州,甘肃省定西市岷县,兰州~甘肃省定西市岷县,,Z10045,
1455,兰州,甘肃省陇南市武都区,兰州~甘肃省陇南市武都区,,Z05557,
1456,兰州,甘肃省陇南市礼县,兰州~甘肃省陇南市礼县,,Z05468,
1457,兰州,甘肃省兰州市安宁区,兰州~甘肃省兰州市安宁区,,Z09489,
1458,成都,四川省成都市青白江区,成都~四川省成都市青白江区,,Z10464,
1459,西安,宁夏回族自治区银川市贺兰县,西安~宁夏回族自治区银川市贺兰县,,Z05673,
1460,西安,陕西省商洛市商州区,西安~陕西省商洛市商州区,,Z09903,
1461,西安,陕西省西安市雁塔区,西安~陕西省西安市雁塔区,,Z09903,
1462,兰州,甘肃省兰州市皋兰县,兰州~甘肃省兰州市皋兰县,,Z09246,
1463,太原,山西省太原市晋源区,太原~山西省太原市晋源区,,Z10163,
1464,海口,海南省海口市龙华区,海口~海南省海口市龙华区,,Z07998,
1465,北京,河北省张家口市桥西区,北京~河北省张家口市桥西区,,Z04372,
1466,北京,北京市北京市平谷区,北京~北京市北京市平谷区,,Z04341,
1467,北京,,北京~,,Z10461,
1468,包头,内蒙古自治区呼和浩特市玉泉区,包头~内蒙古自治区呼和浩特市玉泉区,,Z09724,
1469,长春,吉林省长春市双阳区,长春~吉林省长春市双阳区,,Z04664,
1470,长春,吉林省辽源市龙山区,长春~吉林省辽源市龙山区,,Z10103,
1471,哈尔滨,内蒙古自治区呼伦贝尔市额尔古纳市,哈尔滨~内蒙古自治区呼伦贝尔市额尔古纳市,,Z04621,
1472,哈尔滨,黑龙江省牡丹江市绥芬河市,哈尔滨~黑龙江省牡丹江市绥芬河市,,Z04546,
1473,长春,吉林省四平市铁西区,长春~吉林省四平市铁西区,,Z04688,
1474,长春,吉林省延边朝鲜族自治州敦化市,长春~吉林省延边朝鲜族自治州敦化市,,Z04688,
1475,哈尔滨,内蒙古自治区呼伦贝尔市新巴尔虎左旗,哈尔滨~内蒙古自治区呼伦贝尔市新巴尔虎左旗,,Z10482,
1476,哈尔滨,黑龙江省绥化市海伦市,哈尔滨~黑龙江省绥化市海伦市,,Z04574,
1477,西安,陕西省西安市临潼区,西安~陕西省西安市临潼区,,Z05580,
1478,沈阳,辽宁省沈阳市皇姑区,沈阳~辽宁省沈阳市皇姑区,,Z10132,
1479,西安,陕西省铜川市耀州区,西安~陕西省铜川市耀州区,,Z10083,
1480,沈阳,内蒙古自治区通辽市霍林郭勒市,沈阳~内蒙古自治区通辽市霍林郭勒市,,Z10143,
1481,沈阳,辽宁省本溪市桓仁满族自治县,沈阳~辽宁省本溪市桓仁满族自治县,,Z04449,
1482,沈阳,辽宁省锦州市黑山县,沈阳~辽宁省锦州市黑山县,,Z04472,
1483,沈阳,内蒙古自治区赤峰市宁城县,沈阳~内蒙古自治区赤峰市宁城县,,Z04514,
1484,哈尔滨,黑龙江省鸡西市虎林市,哈尔滨~黑龙江省鸡西市虎林市,,Z04565,
1485,西安,陕西省西安市雁塔区,西安~陕西省西安市雁塔区,,Z10083,
1486,北京,河北省张家口市沽源县,北京~河北省张家口市沽源县,,Z04377,
1487,北京,河北省张家口市阳原县,北京~河北省张家口市阳原县,,Z04382,
1488,北京,河北省张家口市怀来县,北京~河北省张家口市怀来县,,Z04370,
1489,乌鲁木齐,新疆维吾尔自治区塔城地区乌苏市,乌鲁木齐~新疆维吾尔自治区塔城地区乌苏市,,Z05678,
1490,西安,陕西省榆林市绥德县,西安~陕西省榆林市绥德县,,Z05633,
1491,哈尔滨,黑龙江省齐齐哈尔市建华区,哈尔滨~黑龙江省齐齐哈尔市建华区,,Z09681,
1492,西安,陕西省榆林市子洲县,西安~陕西省榆林市子洲县,,Z05635,
1493,西安,陕西省榆林市佳县,西安~陕西省榆林市佳县,,Z05628,
1494,西安,陕西省榆林市清涧县,西安~陕西省榆林市清涧县,,Z05631,
1495,西安,陕西省榆林市吴堡县,西安~陕西省榆林市吴堡县,,Z05634,
1496,西安,宁夏回族自治区固原市原州区,西安~宁夏回族自治区固原市原州区,,Z10165,
1497,包头,内蒙古自治区鄂尔多斯市鄂托克旗,包头~内蒙古自治区鄂尔多斯市鄂托克旗,,Z04853,
1498,包头,内蒙古自治区包头市土默特右旗,包头~内蒙古自治区包头市土默特右旗,,Z04838,
1499,包头,内蒙古自治区巴彦淖尔市临河区,包头~内蒙古自治区巴彦淖尔市临河区,,Z04848,
1500,郑州,河南省开封市尉氏县,郑州~河南省开封市尉氏县,,Z05011,
1501,哈尔滨,黑龙江省哈尔滨市巴彦县,哈尔滨~黑龙江省哈尔滨市巴彦县,,Z04608,
1502,西宁,青海省海东市平安区,西宁~青海省海东市平安区,,Z05784,
1503,西宁,青海省海西蒙古族藏族自治州德令哈市,西宁~青海省海西蒙古族藏族自治州德令哈市,,Z05775,
1504,西安,陕西省咸阳市淳化县,西安~陕西省咸阳市淳化县,,Z09910,
1505,兰州,甘肃省天水市秦州区,兰州~甘肃省天水市秦州区,,Z09497,
1506,西安,宁夏回族自治区中卫市海原县,西安~宁夏回族自治区中卫市海原县,,Z05672,
1507,太原,山西省阳泉市郊区,太原~山西省阳泉市郊区,,Z09569,
1508,太原,山西省运城市平陆县,太原~山西省运城市平陆县,,Z04039,
1509,石家庄,河北省邯郸市大名县,石家庄~河北省邯郸市大名县,,Z08686,
1510,石家庄,河北省邯郸市馆陶县,石家庄~河北省邯郸市馆陶县,,Z08685,
1511,驻马店,河南省南阳市镇平县,驻马店~河南省南阳市镇平县,,Z04897,
1512,郑州,河南省郑州市金水区,郑州~河南省郑州市金水区,,Z04973,
1513,郑州,河南省郑州市荥阳市,郑州~河南省郑州市荥阳市,,Z04930,
1514,郑州,河南省焦作市温县,郑州~河南省焦作市温县,,Z05012,
1515,成都,四川省凉山彝族自治州越西县,成都~四川省凉山彝族自治州越西县,,Z07731,
1516,西宁,青海省海北藏族自治州祁连县,西宁~青海省海北藏族自治州祁连县,,Z05777,
1517,库尔勒,新疆维吾尔自治区阿克苏地区阿克苏市,库尔勒~新疆维吾尔自治区阿克苏地区阿克苏市,,Z05756,
1518,北京,河北省承德市围场满族蒙古族自治县,北京~河北省承德市围场满族蒙古族自治县,,Z04354,
1519,北京,,北京~,,Z04343,
1520,西安,宁夏回族自治区中卫市中宁县,西安~宁夏回族自治区中卫市中宁县,,Z05656,
1521,咸宁基地,天津,咸宁基地~天津,汽运,ZZ0844,1
1522,咸宁基地,青岛,咸宁基地~青岛,汽运,ZZ0178,1
1523,北京,北京市北京市海淀区,北京~北京市北京市海淀区,,Z04338,
1524,长春,吉林省白山市长白朝鲜族自治县,长春~吉林省白山市长白朝鲜族自治县,,Z06061,
1525,长春,吉林省白山市浑江区,长春~吉林省白山市浑江区,,Z10101,
1526,哈尔滨,黑龙江省大庆市肇源县,哈尔滨~黑龙江省大庆市肇源县,,Z04529,
1527,哈尔滨,黑龙江省大庆市萨尔图区,哈尔滨~黑龙江省大庆市萨尔图区,,Z09696,
1528,哈尔滨,黑龙江省双鸭山市饶河县,哈尔滨~黑龙江省双鸭山市饶河县,,Z04597,
1529,哈尔滨,黑龙江省哈尔滨市阿城区,哈尔滨~黑龙江省哈尔滨市阿城区,,Z04527,
1530,驻马店,河南省南阳市内乡县,驻马店~河南省南阳市内乡县,,Z04904,
1531,长春,吉林省延边朝鲜族自治州安图县,长春~吉林省延边朝鲜族自治州安图县,,Z06061,
1532,郑州,河南省商丘市夏邑县,郑州~河南省商丘市夏邑县,,Z04959,
1533,兰州,甘肃省兰州市七里河区,兰州~甘肃省兰州市七里河区,,Z09492,
1534,兰州,,兰州~,,Z05505,
1535,兰州,甘肃省庆阳市环县,兰州~甘肃省庆阳市环县,,Z05505,
1536,石家庄,河北省石家庄市长安区,石家庄~河北省石家庄市长安区,,Z08855,
1537,沈阳,辽宁省抚顺市新宾满族自治县,沈阳~辽宁省抚顺市新宾满族自治县,,Z04456,
1538,沈阳,辽宁省抚顺市新抚区,沈阳~辽宁省抚顺市新抚区,,Z10122,
1539,沈阳,辽宁省铁岭市昌图县,沈阳~辽宁省铁岭市昌图县,,Z04520,
1540,沈阳,辽宁省辽阳市太子河区,沈阳~辽宁省辽阳市太子河区,,Z10129,
1541,贵阳,贵州省黔东南苗族侗族自治州从江县,贵阳~贵州省黔东南苗族侗族自治州从江县,,Z06842,
1542,乌鲁木齐,新疆维吾尔自治区伊犁哈萨克自治州霍尔果斯市,乌鲁木齐~新疆维吾尔自治区伊犁哈萨克自治州霍尔果斯市,,Z10435,
1543,沈阳,辽宁省辽阳市灯塔市,沈阳~辽宁省辽阳市灯塔市,,Z04478,
1544,乌鲁木齐,新疆维吾尔自治区吐鲁番市托克逊县,乌鲁木齐~新疆维吾尔自治区吐鲁番市托克逊县,,Z05428,
1545,西安,陕西省渭南市白水县,西安~陕西省渭南市白水县,,Z05602,
1546,西安,陕西省榆林市米脂县,西安~陕西省榆林市米脂县,,Z05630,
1547,太原,山西省晋中市榆次区,太原~山西省晋中市榆次区,,Z09582,
1548,西安,陕西省延安市子长市,西安~陕西省延安市子长市,,Z05623,
1549,西宁,青海省海北藏族自治州刚察县,西宁~青海省海北藏族自治州刚察县,,Z05796,
1550,西安,陕西省汉中市南郑区,西安~陕西省汉中市南郑区,,Z05667,
1551,石家庄,河北省石家庄市新乐市,石家庄~河北省石家庄市新乐市,,Z08727,
1552,乌鲁木齐,新疆维吾尔自治区博尔塔拉蒙古自治州温泉县,乌鲁木齐~新疆维吾尔自治区博尔塔拉蒙古自治州温泉县,,Z05412,
1553,乌鲁木齐,新疆维吾尔自治区哈密市伊州区,乌鲁木齐~新疆维吾尔自治区哈密市伊州区,,Z10150,
1554,乌鲁木齐,新疆维吾尔自治区阿勒泰地区富蕴县,乌鲁木齐~新疆维吾尔自治区阿勒泰地区富蕴县,,Z05404,
1555,太原,山西省大同市灵丘县,太原~山西省大同市灵丘县,,Z03956,
1556,郑州,河南省郑州市管城回族区,郑州~河南省郑州市管城回族区,,Z04977,
1557,郑州,河南省郑州市管城回族区,郑州~河南省郑州市管城回族区,,Z09963,
1558,郑州,河南省三门峡市灵宝市,郑州~河南省三门峡市灵宝市,,Z04957,
1559,石家庄,河北省保定市莲池区,石家庄~河北省保定市莲池区,,Z08751,
1560,重庆,重庆市重庆市巫溪县,重庆~重庆市重庆市巫溪县,,Z09241,
1561,北京,,北京~,,Z04333,
1562,西安,陕西省咸阳市礼泉县,西安~陕西省咸阳市礼泉县,,Z05571,
1563,西安,陕西省西安市未央区,西安~陕西省西安市未央区,,Z10088,
1564,金华,浙江省丽水市缙云县,金华~浙江省丽水市缙云县,,Z06456,
1565,西宁,青海省玉树藏族自治州杂多县,西宁~青海省玉树藏族自治州杂多县,,Z05781,
1566,乌鲁木齐,新疆维吾尔自治区石河子市石河子市,乌鲁木齐~新疆维吾尔自治区石河子市石河子市,,Z05425,
1567,乌鲁木齐,新疆维吾尔自治区阿勒泰地区吉木乃县,乌鲁木齐~新疆维吾尔自治区阿勒泰地区吉木乃县,,Z05408,
1568,乌鲁木齐,新疆维吾尔自治区阿勒泰地区阿勒泰市,乌鲁木齐~新疆维吾尔自治区阿勒泰地区阿勒泰市,,Z05401,
1569,郑州,河南省三门峡市湖滨区,郑州~河南省三门峡市湖滨区,,Z10012,
1570,太原,山西省运城市新绛县,太原~山西省运城市新绛县,,Z04044,
1571,太原,山西省运城市闻喜县,太原~山西省运城市闻喜县,,Z04042,
1572,驻马店,河南省南阳市社旗县,驻马店~河南省南阳市社旗县,,Z04894,
1573,郑州,河南省三门峡市湖滨区,郑州~河南省三门峡市湖滨区,,Z04956,
1574,包头,内蒙古自治区巴彦淖尔市乌拉特前旗,包头~内蒙古自治区巴彦淖尔市乌拉特前旗,,Z04842,
1575,包头,内蒙古自治区鄂尔多斯市准格尔旗,包头~内蒙古自治区鄂尔多斯市准格尔旗,,Z04864,
1576,包头,内蒙古自治区乌海市海勃湾区,包头~内蒙古自治区乌海市海勃湾区,,Z09727,
1577,石家庄,河北省邢台市襄都区,石家庄~河北省邢台市襄都区,,Z08747,
1578,石家庄,河北省衡水市武邑县,石家庄~河北省衡水市武邑县,,Z08705,
1579,石家庄,河北省石家庄市晋州市,石家庄~河北省石家庄市晋州市,,Z08723,
1580,石家庄,河北省邯郸市永年区,石家庄~河北省邯郸市永年区,,Z08693,
1581,石家庄,河北省邢台市临城县,石家庄~河北省邢台市临城县,,Z08694,
1582,金华,浙江省衢州市柯城区,金华~浙江省衢州市柯城区,,Z09845,
1583,包头,内蒙古自治区巴彦淖尔市磴口县,包头~内蒙古自治区巴彦淖尔市磴口县,,Z04851,
1584,太原,山西省大同市平城区,太原~山西省大同市平城区,,Z10213,
1585,太原,山西省临汾市曲沃县,太原~山西省临汾市曲沃县,,Z03986,
1586,兰州,甘肃省兰州市城关区,兰州~甘肃省兰州市城关区,,Z09490,
1587,兰州,甘肃省张掖市民乐县,兰州~甘肃省张掖市民乐县,,Z05558,
1588,哈尔滨,黑龙江省大庆市林甸县,哈尔滨~黑龙江省大庆市林甸县,,Z04531,
1589,哈尔滨,内蒙古自治区呼伦贝尔市新巴尔虎右旗,哈尔滨~内蒙古自治区呼伦贝尔市新巴尔虎右旗,,Z04633,
1590,哈尔滨,黑龙江省伊春市铁力市,哈尔滨~黑龙江省伊春市铁力市,,Z04571,
1591,哈尔滨,黑龙江省大庆市肇州县,哈尔滨~黑龙江省大庆市肇州县,,Z04530,
1592,哈尔滨,黑龙江省伊春市伊美区,哈尔滨~黑龙江省伊春市伊美区,,Z09700,
1593,哈尔滨,黑龙江省绥化市北林区,哈尔滨~黑龙江省绥化市北林区,,Z09718,
1594,长春,吉林省吉林市桦甸市,长春~吉林省吉林市桦甸市,,Z04667,
1595,沈阳,辽宁省营口市盖州市,沈阳~辽宁省营口市盖州市,,Z04493,
1596,沈阳,辽宁省沈阳市苏家屯区,沈阳~辽宁省沈阳市苏家屯区,,Z06703,
1597,哈尔滨,黑龙江省黑河市嫩江市,哈尔滨~黑龙江省黑河市嫩江市,,Z04561,
1598,驻马店,河南省郑州市金水区,驻马店~河南省郑州市金水区,,Z09475,
1599,石家庄,河北省石家庄市高邑县,石家庄~河北省石家庄市高邑县,,Z08724,
1600,金华,浙江省衢州市开化县,金华~浙江省衢州市开化县,,Z06468,
1601,西安,陕西省西安市未央区,西安~陕西省西安市未央区,,Z09908,
1602,西安,陕西省西安市长安区,西安~陕西省西安市长安区,,Z09906,
1603,沈阳,辽宁省沈阳市辽中区,沈阳~辽宁省沈阳市辽中区,,Z04464,
1604,石家庄,河北省保定市唐县,石家庄~河北省保定市唐县,,Z08663,
1605,石家庄,河北省保定市定州市,石家庄~河北省保定市定州市,,Z08660,
1606,,,~,,ZZ1008,
1607,郑州,河南省洛阳市伊川县,郑州~河南省洛阳市伊川县,,Z04941,
1608,郑州,河南省郑州市二七区,郑州~河南省郑州市二七区,,Z09962,
1609,郑州,河南省郑州市金水区,郑州~河南省郑州市金水区,,Z09964,
1610,金华,浙江省金华市磐安县,金华~浙江省金华市磐安县,,Z06454,
1611,西安,陕西省榆林市神木市,西安~陕西省榆林市神木市,,Z05632,
1612,西安,陕西省西安市雁塔区,西安~陕西省西安市雁塔区,,Z05632,
1613,西安,陕西省西安市灞桥区,西安~陕西省西安市灞桥区,,Z09959,
1614,西安,陕西省咸阳市渭城区,西安~陕西省咸阳市渭城区,,Z10086,
1615,西安,陕西省西安市雁塔区,西安~陕西省西安市雁塔区,,Z10086,
1616,西安,陕西省咸阳市泾阳县,西安~陕西省咸阳市泾阳县,,Z05638,
1617,西安,陕西省咸阳市旬邑县,西安~陕西省咸阳市旬邑县,,Z05662,
1618,乌鲁木齐,新疆维吾尔自治区昌吉回族自治州昌吉市,乌鲁木齐~新疆维吾尔自治区昌吉回族自治州昌吉市,,Z05413,
1619,西安,陕西省汉中市城固县,西安~陕西省汉中市城固县,,Z05644,
1620,太原,山西省吕梁市柳林县,太原~山西省吕梁市柳林县,,Z03995,
1621,贵港,广西壮族自治区贵港市桂平市,贵港~广西壮族自治区贵港市桂平市,,Z08419,
1622,石家庄,河北省雄安新区安新县,石家庄~河北省雄安新区安新县,,Z08668,
1623,北京,河北省廊坊市大城县,北京~河北省廊坊市大城县,,Z04361,
1624,北京,河北省廊坊市三河市,北京~河北省廊坊市三河市,,Z04364,
1625,北京,河北省廊坊市香河县,北京~河北省廊坊市香河县,,Z04367,
1626,喀什,新疆维吾尔自治区阿拉尔市阿拉尔市,喀什~新疆维吾尔自治区阿拉尔市阿拉尔市,,Z05687,
1627,西安,陕西省汉中市镇巴县,西安~陕西省汉中市镇巴县,,Z05670,
1628,太原,山西省晋中市介休市,太原~山西省晋中市介休市,,Z03960,
1629,太原,山西省临汾市霍州市,太原~山西省临汾市霍州市,,Z03982,
1630,驻马店,河南省南阳市卧龙区,驻马店~河南省南阳市卧龙区,,Z10031,
1631,哈尔滨,黑龙江省绥化市安达市,哈尔滨~黑龙江省绥化市安达市,,Z04573,
1632,哈尔滨,黑龙江省双鸭山市友谊县,哈尔滨~黑龙江省双鸭山市友谊县,,Z04595,
1633,哈尔滨,黑龙江省哈尔滨市木兰县,哈尔滨~黑龙江省哈尔滨市木兰县,,Z04611,
1634,哈尔滨,黑龙江省绥化市望奎县,哈尔滨~黑龙江省绥化市望奎县,,Z04605,
1635,驻马店,河南省周口市川汇区,驻马店~河南省周口市川汇区,,Z09476,
1636,长春,吉林省四平市双辽市,长春~吉林省四平市双辽市,,Z04675,
1637,长春,吉林省吉林市舒兰市,长春~吉林省吉林市舒兰市,,Z04669,
1638,长春,吉林省延边朝鲜族自治州珲春市,长春~吉林省延边朝鲜族自治州珲春市,,Z04689,
1639,长春,吉林省白城市镇赉县,长春~吉林省白城市镇赉县,,Z04653,
1640,沈阳,辽宁省铁岭市调兵山市,沈阳~辽宁省铁岭市调兵山市,,Z04466,
1641,沈阳,辽宁省沈阳市于洪区,沈阳~辽宁省沈阳市于洪区,,Z04463,
1642,沈阳,辽宁省朝阳市双塔区,沈阳~辽宁省朝阳市双塔区,,Z10493,
1643,沈阳,辽宁省沈阳市新民市,沈阳~辽宁省沈阳市新民市,,Z04465,
1644,湖北奥瑞金,哈尔滨,湖北奥瑞金~哈尔滨,汽运,ZZ1296,1
1645,咸宁基地,哈尔滨,咸宁基地~哈尔滨,汽运,ZZ0163,1
1646,咸宁基地,太原,咸宁基地~太原,汽运,ZZ0158,1
1647,咸宁基地,北京,咸宁基地~北京,汽运,ZZ0159,1
1648,石家庄,河北省邢台市清河县,石家庄~河北省邢台市清河县,,Z08641,
1649,石家庄,河北省邢台市威县,石家庄~河北省邢台市威县,,Z08652,
1650,石家庄,河北省石家庄市行唐县,石家庄~河北省石家庄市行唐县,,Z08739,
1651,太原,山西省长治市屯留区,太原~山西省长治市屯留区,,Z04054,
1652,,山东省济南市历城区,~山东省济南市历城区,,Z09396,
1653,郑州,河南省郑州市荥阳市,郑州~河南省郑州市荥阳市,,Z09970,
1654,郑州,河南省郑州市巩义市,郑州~河南省郑州市巩义市,,Z05005,
1655,石家庄,河北省雄安新区雄县,石家庄~河北省雄安新区雄县,,Z08673,
1656,石家庄,河北省保定市涞水县,石家庄~河北省保定市涞水县,,Z08676,
1657,石家庄,河北省沧州市任丘市,石家庄~河北省沧州市任丘市,,Z08634,
1658,郑州,,郑州~,,Z09962,
1659,乌鲁木齐,新疆维吾尔自治区昌吉回族自治州奇台县,乌鲁木齐~新疆维吾尔自治区昌吉回族自治州奇台县,,Z05419,
1660,西安,陕西省咸阳市三原县,西安~陕西省咸阳市三原县,,Z10086,
1661,,,~,,ZZ2023,
1662,哈尔滨,黑龙江省哈尔滨市道里区,哈尔滨~黑龙江省哈尔滨市道里区,,Z09673,
1663,哈尔滨,黑龙江省大兴安岭地区漠河市,哈尔滨~黑龙江省大兴安岭地区漠河市,,Z04590,
1664,哈尔滨,黑龙江省佳木斯市同江市,哈尔滨~黑龙江省佳木斯市同江市,,Z04557,
1665,哈尔滨,黑龙江省大庆市龙凤区,哈尔滨~黑龙江省大庆市龙凤区,,Z09696,
1666,哈尔滨,黑龙江省齐齐哈尔市依安县,哈尔滨~黑龙江省齐齐哈尔市依安县,,Z04541,
1667,哈尔滨,黑龙江省佳木斯市富锦市,哈尔滨~黑龙江省佳木斯市富锦市,,Z04553,
1668,哈尔滨,黑龙江省佳木斯市汤原县,哈尔滨~黑龙江省佳木斯市汤原县,,Z04599,
1669,哈尔滨,黑龙江省鹤岗市萝北县,哈尔滨~黑龙江省鹤岗市萝北县,,Z04567,
1670,哈尔滨,内蒙古自治区呼伦贝尔市阿荣旗,哈尔滨~内蒙古自治区呼伦贝尔市阿荣旗,,Z04592,
1671,长春,吉林省长春市公主岭市,长春~吉林省长春市公主岭市,,Z04674,
1672,长春,吉林省延边朝鲜族自治州汪清县,长春~吉林省延边朝鲜族自治州汪清县,,Z04697,
1673,长春,吉林省长春市南关区,长春~吉林省长春市南关区,,Z04660,
1674,乌鲁木齐,新疆维吾尔自治区乌鲁木齐市新市区,乌鲁木齐~新疆维吾尔自治区乌鲁木齐市新市区,,Z09958,
1675,西安,陕西省榆林市榆阳区,西安~陕西省榆林市榆阳区,,Z05627,
1676,金华,浙江省衢州市常山县,金华~浙江省衢州市常山县,,Z06466,
1677,驻马店,河南省驻马店市新蔡县,驻马店~河南省驻马店市新蔡县,,Z04877,
1678,驻马店,河南省驻马店市驿城区,驻马店~河南省驻马店市驿城区,,Z09475,
1679,驻马店,河南省周口市沈丘县,驻马店~河南省周口市沈丘县,,Z04883,
1680,湖北奥瑞金,武汉,湖北奥瑞金~武汉,汽运,ZZ1311,1
1681,郑州,河南省洛阳市老城区,郑州~河南省洛阳市老城区,,Z09976,
1682,郑州,,郑州~,,Z09963,
1683,郑州,河南省安阳市汤阴县,郑州~河南省安阳市汤阴县,,Z04931,
1684,郑州,河南省商丘市睢县,郑州~河南省商丘市睢县,,Z04998,
1685,福州,福建省福州市晋安区,福州~福建省福州市晋安区,,Z06701,
1686,西安,陕西省西安市高陵区,西安~陕西省西安市高陵区,,Z05658,
1687,西安,陕西省西安市鄠邑区,西安~陕西省西安市鄠邑区,,Z10084,
1688,西安,陕西省西安市雁塔区,西安~陕西省西安市雁塔区,,Z05627,
1689,沈阳,辽宁省大连市金州区,沈阳~辽宁省大连市金州区,,Z06702,
1690,沈阳,辽宁省丹东市凤城市,沈阳~辽宁省丹东市凤城市,,Z04454,
1691,沈阳,辽宁省铁岭市银州区,沈阳~辽宁省铁岭市银州区,,Z10137,
1692,遵义,贵州省贵阳市南明区,遵义~贵州省贵阳市南明区,,Z09344,
1693,石家庄,河北省邯郸市魏县,石家庄~河北省邯郸市魏县,,Z08682,
1694,石家庄,河北省石家庄市新华区,石家庄~河北省石家庄市新华区,,Z08716,
1695,哈尔滨,黑龙江省齐齐哈尔市甘南县,哈尔滨~黑龙江省齐齐哈尔市甘南县,,Z04535,
1696,哈尔滨,黑龙江省鸡西市鸡冠区,哈尔滨~黑龙江省鸡西市鸡冠区,,Z04564,
1697,哈尔滨,黑龙江省哈尔滨市通河县,哈尔滨~黑龙江省哈尔滨市通河县,,Z04609,
1698,哈尔滨,黑龙江省绥化市兰西县,哈尔滨~黑龙江省绥化市兰西县,,Z04604,
1699,哈尔滨,黑龙江省哈尔滨市呼兰区,哈尔滨~黑龙江省哈尔滨市呼兰区,,Z09679,
1700,乌鲁木齐,新疆维吾尔自治区昌吉回族自治州阜康市,乌鲁木齐~新疆维吾尔自治区昌吉回族自治州阜康市,,Z05420,
1701,哈尔滨,黑龙江省鸡西市鸡东县,哈尔滨~黑龙江省鸡西市鸡东县,,Z04625,
1702,哈尔滨,黑龙江省鸡西市鸡冠区,哈尔滨~黑龙江省鸡西市鸡冠区,,Z09683,
1703,长春,吉林省长春市朝阳区,长春~吉林省长春市朝阳区,,Z10098,
1704,长春,吉林省长春市绿园区,长春~吉林省长春市绿园区,,Z09577,
1705,包头,内蒙古自治区鄂尔多斯市乌审旗,包头~内蒙古自治区鄂尔多斯市乌审旗,,Z04854,
1706,哈尔滨,黑龙江省绥化市明水县,哈尔滨~黑龙江省绥化市明水县,,Z04613,
1707,哈尔滨,黑龙江省双鸭山市宝清县,哈尔滨~黑龙江省双鸭山市宝清县,,Z04589,
1708,哈尔滨,黑龙江省绥化市绥棱县,哈尔滨~黑龙江省绥化市绥棱县,,Z04575,
1709,包头,内蒙古自治区鄂尔多斯市东胜区,包头~内蒙古自治区鄂尔多斯市东胜区,,Z09723,
1710,包头,内蒙古自治区鄂尔多斯市鄂托克前旗,包头~内蒙古自治区鄂尔多斯市鄂托克前旗,,Z04863,
1711,厦门,杭州,厦门~杭州,汽运,zz1551,1
1712,沈阳,内蒙古自治区通辽市科尔沁左翼后旗,沈阳~内蒙古自治区通辽市科尔沁左翼后旗,,Z08836,
1713,沈阳,内蒙古自治区赤峰市林西县,沈阳~内蒙古自治区赤峰市林西县,,Z04513,
1714,包头,内蒙古自治区包头市九原区,包头~内蒙古自治区包头市九原区,,Z09736,
1715,西宁,青海省西宁市城北区,西宁~青海省西宁市城北区,,Z10058,
1716,北京,河北省廊坊市广阳区,北京~河北省廊坊市广阳区,,Z04363,
1717,太原,山西省吕梁市文水县,太原~山西省吕梁市文水县,,Z10145,
1718,库尔勒,新疆维吾尔自治区阿克苏地区阿瓦提县,库尔勒~新疆维吾尔自治区阿克苏地区阿瓦提县,,Z05762,
1719,乌鲁木齐,新疆维吾尔自治区乌鲁木齐市沙依巴克区,乌鲁木齐~新疆维吾尔自治区乌鲁木齐市沙依巴克区,,Z09957,
1720,库尔勒,新疆维吾尔自治区阿克苏地区沙雅县,库尔勒~新疆维吾尔自治区阿克苏地区沙雅县,,Z05760,
1721,石家庄,河北省邢台市隆尧县,石家庄~河北省邢台市隆尧县,,Z08650,
1722,北京,河北省廊坊市霸州市,北京~河北省廊坊市霸州市,,Z04359,
1723,郑州,河南省洛阳市涧西区,郑州~河南省洛阳市涧西区,,Z09981,
1724,郑州,河南省郑州市登封市,郑州~河南省郑州市登封市,,Z04974,
1725,哈尔滨,黑龙江省绥化市青冈县,哈尔滨~黑龙江省绥化市青冈县,,Z04612,
1726,沈阳,内蒙古自治区赤峰市红山区,沈阳~内蒙古自治区赤峰市红山区,,Z10141,
1727,哈尔滨,黑龙江省黑河市北安市,哈尔滨~黑龙江省黑河市北安市,,Z04560,
1728,哈尔滨,黑龙江省哈尔滨市平房区,哈尔滨~黑龙江省哈尔滨市平房区,,Z09676,
1729,长春,吉林省长春市南关区,长春~吉林省长春市南关区,,Z10504,
1730,哈尔滨,黑龙江省哈尔滨市五常市,哈尔滨~黑龙江省哈尔滨市五常市,,Z04588,
1731,哈尔滨,黑龙江省哈尔滨市延寿县,哈尔滨~黑龙江省哈尔滨市延寿县,,Z04598,
1732,长春,吉林省长春市南关区,长春~吉林省长春市南关区,,Z09575,
1733,沈阳,辽宁省大连市中山区,沈阳~辽宁省大连市中山区,,Z10119,
1734,沈阳,辽宁省鞍山市台安县,沈阳~辽宁省鞍山市台安县,,Z04521,
1735,哈尔滨,黑龙江省双鸭山市集贤县,哈尔滨~黑龙江省双鸭山市集贤县,,Z04569,
1736,哈尔滨,黑龙江省双鸭山市尖山区,哈尔滨~黑龙江省双鸭山市尖山区,,Z09692,
1737,咸宁基地,合肥,咸宁基地~合肥,汽运,ZZ0175,1
1738,咸宁基地,台州,咸宁基地~台州,汽运,ZZ0171,1
1739,咸宁基地,济南,咸宁基地~济南,汽运,ZZ0177,1
1740,西安,陕西省西安市雁塔区,西安~陕西省西安市雁塔区,,Z05609,
1741,西安,宁夏回族自治区银川市西夏区,西安~宁夏回族自治区银川市西夏区,,Z10166,
1742,西安,陕西省西安市雁塔区,西安~陕西省西安市雁塔区,,Z09905,
1743,西安,陕西省西安市莲湖区,西安~陕西省西安市莲湖区,,Z10088,
1744,乌鲁木齐,新疆维吾尔自治区吐鲁番市鄯善县,乌鲁木齐~新疆维吾尔自治区吐鲁番市鄯善县,,Z05427,
1745,乌鲁木齐,新疆维吾尔自治区吐鲁番市高昌区,乌鲁木齐~新疆维吾尔自治区吐鲁番市高昌区,,Z05426,
1746,郑州,河南省郑州市中牟县,郑州~河南省郑州市中牟县,,Z04977,
1747,郑州,河南省郑州市新密市,郑州~河南省郑州市新密市,,Z04975,
1748,西宁,青海省黄南藏族自治州尖扎县,西宁~青海省黄南藏族自治州尖扎县,,Z05788,
1749,西安,陕西省渭南市临渭区,西安~陕西省渭南市临渭区,,Z09904,
1750,西安,陕西省西安市雁塔区,西安~陕西省西安市雁塔区,,Z09904,
1751,太原,山西省吕梁市汾阳市,太原~山西省吕梁市汾阳市,,Z04011,
1752,厦门,合肥,厦门~合肥,汽运,zz1556,1
1753,厦门,上海,厦门~上海,汽运,zz1555,1
1754,太原,山西省临汾市隰县,太原~山西省临汾市隰县,,Z03987,
1755,金华,浙江省金华市义乌市,金华~浙江省金华市义乌市,,Z06450,
1756,包头,内蒙古自治区锡林郭勒盟锡林浩特市,包头~内蒙古自治区锡林郭勒盟锡林浩特市,,Z04859,
1757,库尔勒,新疆维吾尔自治区克孜勒苏柯尔克孜自治州阿合奇县,库尔勒~新疆维吾尔自治区克孜勒苏柯尔克孜自治州阿合奇县,,Z05765,
1758,大理,云南省大理白族自治州大理市,大理~云南省大理白族自治州大理市,,Z10524,
1759,沈阳,辽宁省沈阳市浑南区,沈阳~辽宁省沈阳市浑南区,,Z10466,
1760,武汉,湖北省武汉市蔡甸区,武汉~湖北省武汉市蔡甸区,,Z10465,
1761,太原,山西省朔州市朔城区,太原~山西省朔州市朔城区,,Z09585,
1762,太原,山西省晋中市太谷区,太原~山西省晋中市太谷区,,Z03973,
1763,哈尔滨,黑龙江省牡丹江市宁安市,哈尔滨~黑龙江省牡丹江市宁安市,,Z04550,
1764,哈尔滨,内蒙古自治区呼伦贝尔市鄂温克族自治旗,哈尔滨~内蒙古自治区呼伦贝尔市鄂温克族自治旗,,Z04624,
1765,哈尔滨,黑龙江省佳木斯市向阳区,哈尔滨~黑龙江省佳木斯市向阳区,,Z09705,
1766,哈尔滨,黑龙江省佳木斯市郊区,哈尔滨~黑龙江省佳木斯市郊区,,Z09708,
1767,哈尔滨,黑龙江省牡丹江市宁安市,哈尔滨~黑龙江省牡丹江市宁安市,,Z04594,
1768,哈尔滨,黑龙江省黑河市爱辉区,哈尔滨~黑龙江省黑河市爱辉区,,Z09717,
1769,哈尔滨,黑龙江省哈尔滨市依兰县,哈尔滨~黑龙江省哈尔滨市依兰县,,Z04524,
1770,哈尔滨,黑龙江省哈尔滨市尚志市,哈尔滨~黑龙江省哈尔滨市尚志市,,Z04525,
1771,长春,内蒙古自治区兴安盟科尔沁右翼前旗,长春~内蒙古自治区兴安盟科尔沁右翼前旗,,Z06056,
1772,长春,吉林省吉林市丰满区,长春~吉林省吉林市丰满区,,Z10106,
1773,长春,吉林省长春市二道区,长春~吉林省长春市二道区,,Z09575,
1774,沈阳,内蒙古自治区赤峰市克什克腾旗,沈阳~内蒙古自治区赤峰市克什克腾旗,,Z04508,
1775,沈阳,辽宁省朝阳市北票市,沈阳~辽宁省朝阳市北票市,,Z04486,
1776,海口,北京市北京市朝阳区,海口~北京市北京市朝阳区,,000001,
1777,邵阳,湖南省长沙市开福区,邵阳~湖南省长沙市开福区,,Z09526,
1778,西宁,青海省海北藏族自治州海晏县,西宁~青海省海北藏族自治州海晏县,,Z05769,
1779,沈阳,辽宁省鞍山市铁西区,沈阳~辽宁省鞍山市铁西区,,Z10111,
1780,沈阳,内蒙古自治区通辽市扎鲁特旗,沈阳~内蒙古自治区通辽市扎鲁特旗,,Z04517,
1781,哈尔滨,黑龙江省绥化市肇东市,哈尔滨~黑龙江省绥化市肇东市,,Z04602,
1782,西宁,青海省海东市互助土族自治县,西宁~青海省海东市互助土族自治县,,Z05786,
1783,,河北省沧州市海兴县,~河北省沧州市海兴县,,Z08732,
1784,咸宁基地,赣州,咸宁基地~赣州,汽运,ZZ1243,1
1785,咸宁基地,贵阳,咸宁基地~贵阳,车皮,ZZ0144,1
1786,湖北奥瑞金,南京,湖北奥瑞金~南京,汽运,ZZ1284,1
1787,咸宁基地,南京,咸宁基地~南京,汽运,ZZ0173,1
1788,北京,北京市北京市怀柔区,北京~北京市北京市怀柔区,,Z10210,
1789,北京,北京市北京市密云区,北京~北京市北京市密云区,,Z04340,
1790,太原,山西省临汾市侯马市,太原~山西省临汾市侯马市,,Z04035,
1791,库尔勒,新疆维吾尔自治区巴音郭楞蒙古自治州和硕县,库尔勒~新疆维吾尔自治区巴音郭楞蒙古自治州和硕县,,Z05752,
1792,西宁,青海省海西蒙古族藏族自治州格尔木市,西宁~青海省海西蒙古族藏族自治州格尔木市,,Z05779,
1793,郑州,河南省新乡市牧野区,郑州~河南省新乡市牧野区,,Z09996,
1794,郑州,河南省郑州市中原区,郑州~河南省郑州市中原区,,Z09961,
1795,咸宁基地,石家庄,咸宁基地~石家庄,汽运,ZZ1135,1
1796,咸宁基地,包头,咸宁基地~包头,汽运,ZZ0157,1
1797,北京,北京市北京市丰台区,北京~北京市北京市丰台区,,Z04337,
1798,北京,,北京~,,000001,
1799,哈尔滨,黑龙江省七台河市桃山区,哈尔滨~黑龙江省七台河市桃山区,,Z09710,
1800,哈尔滨,黑龙江省牡丹江市东宁市,哈尔滨~黑龙江省牡丹江市东宁市,,Z04548,
1801,沈阳,辽宁省阜新市彰武县,沈阳~辽宁省阜新市彰武县,,Z04494,
1802,沈阳,辽宁省沈阳市于洪区,沈阳~辽宁省沈阳市于洪区,,Z10040,
1803,哈尔滨,黑龙江省大兴安岭地区加格达奇区,哈尔滨~黑龙江省大兴安岭地区加格达奇区,,Z04593,
1804,沈阳,辽宁省沈阳市沈北新区,沈阳~辽宁省沈阳市沈北新区,,Z10134,
1805,哈尔滨,黑龙江省大兴安岭地区加格达奇区,哈尔滨~黑龙江省大兴安岭地区加格达奇区,,Z04577,
1806,长春,吉林省松原市乾安县,长春~吉林省松原市乾安县,,Z04680,
1807,长春,吉林省松原市扶余市,长春~吉林省松原市扶余市,,Z04678,
1808,长春,吉林省吉林市昌邑区,长春~吉林省吉林市昌邑区,,Z10099,
1809,长春,吉林省白城市洮北区,长春~吉林省白城市洮北区,,Z10108,
1810,北京,北京市北京市昌平区,北京~北京市北京市昌平区,,Z04333,
1811,西宁,青海省海东市循化撒拉族自治县,西宁~青海省海东市循化撒拉族自治县,,Z05785,
1812,西宁,,西宁~,,Z05794,
1813,西宁,,西宁~,,Z10057,
1814,金华,浙江省金华市永康市,金华~浙江省金华市永康市,,Z06451,
1815,包头,内蒙古自治区锡林郭勒盟西乌珠穆沁旗,包头~内蒙古自治区锡林郭勒盟西乌珠穆沁旗,,Z04860,
1816,包头,内蒙古自治区鄂尔多斯市伊金霍洛旗,包头~内蒙古自治区鄂尔多斯市伊金霍洛旗,,Z04845,
1817,包头,内蒙古自治区呼和浩特市回民区,包头~内蒙古自治区呼和浩特市回民区,,Z09726,
1818,哈尔滨,黑龙江省牡丹江市海林市,哈尔滨~黑龙江省牡丹江市海林市,,Z04549,
1819,哈尔滨,内蒙古自治区呼伦贝尔市海拉尔区,哈尔滨~内蒙古自治区呼伦贝尔市海拉尔区,,Z04578,
1820,哈尔滨,内蒙古自治区呼伦贝尔市根河市,哈尔滨~内蒙古自治区呼伦贝尔市根河市,,Z04584,
1821,长春,吉林省四平市铁东区,长春~吉林省四平市铁东区,,Z09573,
1822,长春,吉林省松原市宁江区,长春~吉林省松原市宁江区,,Z09574,
1823,长春,吉林省四平市梨树县,长春~吉林省四平市梨树县,,Z09331,
1824,广州,广东省广州市海珠区,广州~广东省广州市海珠区,,Z07969,
1825,广州,广东省广州市海珠区,广州~广东省广州市海珠区,,Z10312,
1826,北京,河北省承德市双桥区,北京~河北省承德市双桥区,,Z04357,
1827,长沙,湖南省长沙市开福区,长沙~湖南省长沙市开福区,,Z09500,
1828,太原,山西省忻州市静乐县,太原~山西省忻州市静乐县,,Z04021,
1829,金华,浙江省金华市武义县,金华~浙江省金华市武义县,,Z06449,
1830,咸宁基地,沈阳,咸宁基地~沈阳,汽运,ZZ0156,1
1831,咸宁基地,长春,咸宁基地~长春,汽运,ZZ0162,1
1832,哈尔滨,黑龙江省哈尔滨市香坊区,哈尔滨~黑龙江省哈尔滨市香坊区,,Z09678,
1833,沈阳,辽宁省鞍山市岫岩满族自治县,沈阳~辽宁省鞍山市岫岩满族自治县,,Z04495,
1834,沈阳,辽宁省丹东市东港市,沈阳~辽宁省丹东市东港市,,Z04453,
1835,沈阳,辽宁省丹东市元宝区,沈阳~辽宁省丹东市元宝区,,Z10120,
1836,沈阳,辽宁省大连市庄河市,沈阳~辽宁省大连市庄河市,,Z04481,
1837,沈阳,辽宁省沈阳市大东区,沈阳~辽宁省沈阳市大东区,,Z10130,
1838,沈阳,辽宁省大连市甘井子区,沈阳~辽宁省大连市甘井子区,,Z10116,
1839,沈阳,辽宁省锦州市凌河区,沈阳~辽宁省锦州市凌河区,,Z10125,
1840,沈阳,辽宁省沈阳市浑南区,沈阳~辽宁省沈阳市浑南区,,Z10133,
1841,沈阳,辽宁省锦州市凌海市,沈阳~辽宁省锦州市凌海市,,Z04483,
1842,哈尔滨,黑龙江省哈尔滨市松北区,哈尔滨~黑龙江省哈尔滨市松北区,,Z09677,
1843,长春,吉林省长春市榆树市,长春~吉林省长春市榆树市,,Z04665,
1844,长春,吉林省长春市德惠市,长春~吉林省长春市德惠市,,Z04661,
1845,长春,吉林省辽源市东丰县,长春~吉林省辽源市东丰县,,Z04671,
1846,长春,吉林省通化市梅河口市,长春~吉林省通化市梅河口市,,Z04685,
1847,长春,吉林省长春市南关区,长春~吉林省长春市南关区,,Z10100,
1848,包头,内蒙古自治区呼和浩特市新城区,包头~内蒙古自治区呼和浩特市新城区,,Z09724,
1849,长春,吉林省通化市东昌区,长春~吉林省通化市东昌区,,Z10102,
1850,南宁,广西壮族自治区百色市右江区,南宁~广西壮族自治区百色市右江区,,Z08063,
1851,咸宁基地,淮安,咸宁基地~淮安,汽运,ZZ0174,1
1852,咸宁基地,上海,咸宁基地~上海,汽运,ZZ0176,1
1853,咸宁基地,杭州,咸宁基地~杭州,汽运,ZZ0170,1
1854,咸宁基地,西宁,咸宁基地~西宁,车皮,ZZ0165,1
1855,咸宁基地,金华,咸宁基地~金华,汽运,ZZ0172,1
1856,咸宁基地,西安,咸宁基地~西安,汽运,ZZ0169,1
1857,湖北奥瑞金,西安,湖北奥瑞金~西安,汽运,ZZ1304,1
1858,三水基地,广东省佛山市三水区,三水基地~广东省佛山市三水区,,,
1859,遵义,贵州省贵阳市云岩区,遵义~贵州省贵阳市云岩区,,Z06947,
1860,,,~,,ZZ0186,
1861,太原,山西省运城市永济市,太原~山西省运城市永济市,,Z10149,
1862,太原,山西省阳泉市盂县,太原~山西省阳泉市盂县,,Z04033,
1863,太原,山西省临汾市翼城县,太原~山西省临汾市翼城县,,Z03990,
1864,太原,山西省晋中市灵石县,太原~山西省晋中市灵石县,,Z03961,
1865,北京,北京市北京市通州区,北京~北京市北京市通州区,,Z04343,
1866,北京,北京市北京市朝阳区,北京~北京市北京市朝阳区,,Z04334,
1867,太原,山西省忻州市岢岚县,太原~山西省忻州市岢岚县,,Z04022,
1868,,陕西省汉中市汉台区,~陕西省汉中市汉台区,,Z10094,
1869,北京,北京市北京市顺义区,北京~北京市北京市顺义区,,Z04342,
1870,北京,北京市北京市房山区,北京~北京市北京市房山区,,Z04336,
1871,西宁,青海省海南藏族自治州贵南县,西宁~青海省海南藏族自治州贵南县,,Z05771,
1872,,,~,,ZZ0131,
1873,太原,山西省忻州市保德县,太原~山西省忻州市保德县,,Z04016,
1874,太原,山西省吕梁市离石区,太原~山西省吕梁市离石区,,Z09584,
1875,哈尔滨,黑龙江省佳木斯市富锦市,哈尔滨~黑龙江省佳木斯市富锦市,,Z04556,
1876,哈尔滨,黑龙江省佳木斯市桦川县,哈尔滨~黑龙江省佳木斯市桦川县,,Z04554,
1877,哈尔滨,黑龙江省齐齐哈尔市龙江县,哈尔滨~黑龙江省齐齐哈尔市龙江县,,Z04542,
1878,哈尔滨,黑龙江省佳木斯市抚远市,哈尔滨~黑龙江省佳木斯市抚远市,,Z04555,
1879,哈尔滨,黑龙江省齐齐哈尔市讷河市,哈尔滨~黑龙江省齐齐哈尔市讷河市,,Z04544,
1880,哈尔滨,黑龙江省佳木斯市桦南县,哈尔滨~黑龙江省佳木斯市桦南县,,Z04558,
1881,哈尔滨,黑龙江省齐齐哈尔市铁锋区,哈尔滨~黑龙江省齐齐哈尔市铁锋区,,Z09682,
1882,哈尔滨,内蒙古自治区呼伦贝尔市莫力达瓦达斡尔族自治旗,哈尔滨~内蒙古自治区呼伦贝尔市莫力达瓦达斡尔族自治旗,,Z04596,
1883,哈尔滨,黑龙江省鹤岗市东山区,哈尔滨~黑龙江省鹤岗市东山区,,Z09690,
1884,长春,吉林省长春市宽城区,长春~吉林省长春市宽城区,,Z09576,
1885,长春,吉林省长春市九台区,长春~吉林省长春市九台区,,Z04662,
1886,长春,吉林省长春市农安县,长春~吉林省长春市农安县,,Z04663,
1887,长春,吉林省长春市绿园区,长春~吉林省长春市绿园区,,Z09576,
1888,长春,吉林省延边朝鲜族自治州延吉市,长春~吉林省延边朝鲜族自治州延吉市,,Z04687,
1889,长春,吉林省吉林市龙潭区,长春~吉林省吉林市龙潭区,,Z10105,
1890,太原,山西省运城市盐湖区,太原~山西省运城市盐湖区,,Z09570,
1891,北京,北京市北京市大兴区,北京~北京市北京市大兴区,,Z04335,
1892,库尔勒,新疆维吾尔自治区阿克苏地区阿克苏市,库尔勒~新疆维吾尔自治区阿克苏地区阿克苏市,,Z05758,
1893,库尔勒,新疆维吾尔自治区阿拉尔市阿拉尔市,库尔勒~新疆维吾尔自治区阿拉尔市阿拉尔市,,Z05766,
1894,福州,福建省厦门市同安区,福州~福建省厦门市同安区,,Z08873,
1895,哈尔滨,黑龙江省牡丹江市林口县,哈尔滨~黑龙江省牡丹江市林口县,,Z04551,
1896,哈尔滨,黑龙江省牡丹江市阳明区,哈尔滨~黑龙江省牡丹江市阳明区,,Z09712,
1897,哈尔滨,黑龙江省牡丹江市东安区,哈尔滨~黑龙江省牡丹江市东安区,,Z09712,
1898,哈尔滨,黑龙江省哈尔滨市南岗区,哈尔滨~黑龙江省哈尔滨市南岗区,,Z09674,
1899,哈尔滨,黑龙江省牡丹江市爱民区,哈尔滨~黑龙江省牡丹江市爱民区,,Z09714,
1900,沈阳,辽宁省阜新市细河区,沈阳~辽宁省阜新市细河区,,Z04457,
1901,,黑龙江省伊春市伊美区,~黑龙江省伊春市伊美区,,Z04570,
1902,,安徽省合肥市包河区,~安徽省合肥市包河区,,Z09423,
1903,成都,四川省甘孜藏族自治州乡城县,成都~四川省甘孜藏族自治州乡城县,,Z07623,
1904,贵阳,贵州省贵阳市云岩区,贵阳~贵州省贵阳市云岩区,,Z09353,
1905,,山东省青岛市崂山区,~山东省青岛市崂山区,,Z05947,
1906,,安徽省合肥市包河区,~安徽省合肥市包河区,,Z10516,
1907,,安徽省合肥市包河区,~安徽省合肥市包河区,,Z06500,
1908,,,~,,Z06450,
1909,成都,四川省阿坝藏族羌族自治州若尔盖县,成都~四川省阿坝藏族羌族自治州若尔盖县,,Z10167,
1910,成都,四川省甘孜藏族自治州稻城县,成都~四川省甘孜藏族自治州稻城县,,Z10297,
1911,长沙,湖南省长沙市开福区,长沙~湖南省长沙市开福区,,Z07370,
1912,,,~,,ZZ1995,
1913,贵阳,贵州省黔东南苗族侗族自治州黎平县,贵阳~贵州省黔东南苗族侗族自治州黎平县,,Z07199,
1914,遵义,贵州省贵阳市云岩区,遵义~贵州省贵阳市云岩区,,Z06920,
1915,厦门基地,泉州,厦门基地~泉州,汽运,ZZ1580,1
1916,厦门基地,福州,厦门基地~福州,汽运,ZZ1579,1
1917,厦门基地,赣州,厦门基地~赣州,汽运,ZZ1766,1
1918,,山东省青岛市崂山区,~山东省青岛市崂山区,,Z10306,
1919,咸宁基地,武汉,咸宁基地~武汉,汽运,ZZ0139,1
1920,咸宁基地,荆州,咸宁基地~荆州,汽运,ZZ0140,1
1921,荆州,,荆州~,,Z07510,
1922,昆明,云南省楚雄彝族自治州双柏县,昆明~云南省楚雄彝族自治州双柏县,,Z07133,
1923,杭州,浙江省嘉兴市秀洲区,杭州~浙江省嘉兴市秀洲区,,Z09081,
1924,大理,云南省德宏傣族景颇族自治州芒市,大理~云南省德宏傣族景颇族自治州芒市,,Z06998,
1925,咸宁基地,长沙,咸宁基地~长沙,汽运,ZZ0134,1
1926,咸宁基地,邵阳,咸宁基地~邵阳,汽运,ZZ0136,1
1927,咸宁基地,衡阳,咸宁基地~衡阳,汽运,ZZ0135,1
1928,咸宁基地,郑州,咸宁基地~郑州,汽运,ZZ0160,1
1929,湖北奥瑞金,广州,湖北奥瑞金~广州,汽运,ZZ1274,1
1930,咸宁基地,广州,咸宁基地~广州,汽运,ZZ0185,1
1931,咸宁基地,昆明,咸宁基地~昆明,车皮,ZZ0137,1
1932,咸宁基地,大理,咸宁基地~大理,车皮,ZZ0138,1
1933,咸宁基地,拉萨,咸宁基地~拉萨,车皮,ZZ0297,1
1934,咸宁基地,成都,咸宁基地~成都,车皮,ZZ0142,1
1935,咸宁基地,重庆,咸宁基地~重庆,车皮,ZZ0146,1
1936,咸宁基地,兰州,咸宁基地~兰州,车皮,ZZ0164,1
1937,咸宁基地,乌鲁木齐,咸宁基地~乌鲁木齐,车皮,ZZ0166,1
1938,咸宁基地,库尔勒,咸宁基地~库尔勒,车皮,ZZ0168,1
1939,咸宁基地,和田,咸宁基地~和田,车皮,ZZ0905,1
1940,咸宁基地,喀什,咸宁基地~喀什,车皮,ZZ0167,1
1941,湖北奥瑞金,长沙,湖北奥瑞金~长沙,汽运,ZZ1313,1
1942,厦门,台州,厦门~台州,汽运,zz1553,1
1943,,河南省焦作市博爱县,~河南省焦作市博爱县,,Z06071,
1944,淮安,江苏省淮安市淮阴区,淮安~江苏省淮安市淮阴区,,Z09534,
1945,长沙,湖南省长沙市开福区,长沙~湖南省长沙市开福区,,Z07396,
1946,咸宁基地,南昌,咸宁基地~南昌,汽运,ZZ0141,1
1947,湖北奥瑞金,海口,湖北奥瑞金~海口,汽运,ZZ1281,1
1948,咸宁基地,海口,咸宁基地~海口,汽运,ZZ0155,1
1949,,河南省南阳市新野县,~河南省南阳市新野县,,Z04898,
1950,咸宁基地,驻马店,咸宁基地~驻马店,汽运,ZZ0161,1
1951,贵阳,贵州省毕节市七星关区,贵阳~贵州省毕节市七星关区,,Z09337,
1952,,宁夏回族自治区银川市贺兰县,~宁夏回族自治区银川市贺兰县,,Z05588,
1953,成都,四川省宜宾市珙县,成都~四川省宜宾市珙县,,Z07695,
1954,成都,四川省宜宾市长宁县,成都~四川省宜宾市长宁县,,Z07693,
1955,,河南省新乡市延津县,~河南省新乡市延津县,,Z04961,
1956,,辽宁省丹东市凤城市,~辽宁省丹东市凤城市,,Z09092,
1957,喀什,新疆维吾尔自治区克孜勒苏柯尔克孜自治州乌恰县,喀什~新疆维吾尔自治区克孜勒苏柯尔克孜自治州乌恰县,,Z05690,
1958,,,~,,ZZ1986,
1959,,,~,,ZZ1970,
1960,,河南省郑州市管城回族区,~河南省郑州市管城回族区,,Z04973,
1961,,山东省济南市历下区,~山东省济南市历下区,,Z05890,
1962,,山东省泰安市宁阳县,~山东省泰安市宁阳县,,Z05906,
1963,,山东省济南市历下区,~山东省济南市历下区,,Z09880,
1964,成都,四川省广元市青川县,成都~四川省广元市青川县,,Z07635,
1965,,山东省济南市历下区,~山东省济南市历下区,,Z05897,
1966,昆明,云南省楚雄彝族自治州大姚县,昆明~云南省楚雄彝族自治州大姚县,,Z07030,
1967,泉州,福建省漳州市龙海区,泉州~福建省漳州市龙海区,,Z08992,
1968,昆明,云南省曲靖市罗平县,昆明~云南省曲靖市罗平县,,Z07105,
1969,,,~,,ZZ2019,
1970,南宁,,南宁~,,Z08082,
1971,长沙,湖南省衡阳市石鼓区,长沙~湖南省衡阳市石鼓区,,,
1972,,吉林省白城市大安市,~吉林省白城市大安市,,Z04695,
1973,,陕西省宝鸡市金台区,~陕西省宝鸡市金台区,,Z05593,
1974,,,~,,ZZ2283,
1975,,陕西省商洛市柞水县,~陕西省商洛市柞水县,,Z05659,
1976,昆明,云南省楚雄彝族自治州姚安县,昆明~云南省楚雄彝族自治州姚安县,,Z07029,
1977,,吉林省长春市南关区,~吉林省长春市南关区,,Z09575,
1978,贵阳,贵州省贵阳市云岩区,贵阳~贵州省贵阳市云岩区,,Z06763,
1979,贵阳,贵州省贵阳市云岩区,贵阳~贵州省贵阳市云岩区,,Z09868,
1980,贵阳,贵州省贵阳市云岩区,贵阳~贵州省贵阳市云岩区,,Z09334,
1981,,陕西省延安市宝塔区,~陕西省延安市宝塔区,,000001,
1982,三水基地,,三水基地~,,000001,
1983,,,~,,ZZ0346,
1984,邵阳,湖南省长沙市开福区,邵阳~湖南省长沙市开福区,,Z07444,
1985,,山东省济南市历下区,~山东省济南市历下区,,Z09404,
1986,南充,四川省南充市仪陇县,南充~四川省南充市仪陇县,,Z10436,
1987,上海,上海市上海市闵行区,上海~上海市上海市闵行区,,Z06595,
1988,赣州,江西省南昌市青云谱区,赣州~江西省南昌市青云谱区,,Z08941,
1989,赣州,江西省南昌市青云谱区,赣州~江西省南昌市青云谱区,,Z08937,
1990,赣州,江西省南昌市青云谱区,赣州~江西省南昌市青云谱区,,Z08914,
1991,赣州,江西省南昌市青云谱区,赣州~江西省南昌市青云谱区,,Z08921,
1992,赣州,江西省南昌市青云谱区,赣州~江西省南昌市青云谱区,,Z09925,
1993,,安徽省滁州市南谯区,~安徽省滁州市南谯区,,Z09740,
1994,,山东省青岛市崂山区,~山东省青岛市崂山区,,Z05916,
1995,,山东省济南市历下区,~山东省济南市历下区,,Z09413,
1996,,陕西省宝鸡市金台区,~陕西省宝鸡市金台区,,Z05641,
1997,昆明,云南省曲靖市师宗县,昆明~云南省曲靖市师宗县,,Z07106,
1998,,辽宁省铁岭市西丰县,~辽宁省铁岭市西丰县,,Z04471,
1999,,山东省青岛市崂山区,~山东省青岛市崂山区,,Z05931,
2000,邵阳,湖南省长沙市开福区,邵阳~湖南省长沙市开福区,,Z07419,
2001,昆明,云南省楚雄彝族自治州禄丰市,昆明~云南省楚雄彝族自治州禄丰市,,Z07035,
2002,昆明,云南省楚雄彝族自治州禄丰市,昆明~云南省楚雄彝族自治州禄丰市,,Z07141,
2003,,河北省石家庄市鹿泉区,~河北省石家庄市鹿泉区,,Z08737,
2004,,,~,,ZZ1183,
2005,,,~,,ZZ0123,
2006,咸宁,,咸宁~,,ZZ1285,
2007,,,~,,ZZ0158,
2008,,河南省洛阳市涧西区,~河南省洛阳市涧西区,,Z09981,
2009,,山东省济南市历下区,~山东省济南市历下区,,Z09409,
2010,昆明,云南省玉溪市峨山彝族自治县,昆明~云南省玉溪市峨山彝族自治县,,Z07116,
2011,成都,四川省阿坝藏族羌族自治州理县,成都~四川省阿坝藏族羌族自治州理县,,Z07568,
2012,成都,四川省甘孜藏族自治州甘孜县,成都~四川省甘孜藏族自治州甘孜县,,Z07614,
2013,成都,四川省凉山彝族自治州雷波县,成都~四川省凉山彝族自治州雷波县,,Z07720,
2014,成都,四川省阿坝藏族羌族自治州小金县,成都~四川省阿坝藏族羌族自治州小金县,,Z07575,
2015,南昌,江西省上饶市余干县,南昌~江西省上饶市余干县,,Z10495,
2016,大理,云南省丽江市永胜县,大理~云南省丽江市永胜县,,Z06990,
2017,成都,四川省攀枝花市西区,成都~四川省攀枝花市西区,,Z07679,
2018,成都,四川省攀枝花市东区,成都~四川省攀枝花市东区,,Z07679,
2019,大理,云南省大理白族自治州云龙县,大理~云南省大理白族自治州云龙县,,Z06986,
2020,昆明,云南省楚雄彝族自治州武定县,昆明~云南省楚雄彝族自治州武定县,,Z07046,
2021,昆明,云南省普洱市墨江哈尼族自治县,昆明~云南省普洱市墨江哈尼族自治县,,Z07108,
2022,大理,云南省大理白族自治州云龙县,大理~云南省大理白族自治州云龙县,,Z07002,
2023,重庆,重庆市重庆市彭水苗族土家族自治县,重庆~重庆市重庆市彭水苗族土家族自治县,,Z09733,
2024,,甘肃省天水市秦州区,~甘肃省天水市秦州区,,Z05541,
2025,武汉,,武汉~,,Z00897,
2026,台州,浙江省温州市瓯海区,台州~浙江省温州市瓯海区,,Z08840,
2027,,,~,,ZZ0388,
2028,,山西省太原市杏花岭区,~山西省太原市杏花岭区,,Z09564,
2029,昆明,云南省普洱市景谷傣族彝族自治县,昆明~云南省普洱市景谷傣族彝族自治县,,Z10237,
2030,南充,四川省达州市通川区,南充~四川省达州市通川区,,Z07748,
2031,成都,四川省宜宾市南溪区,成都~四川省宜宾市南溪区,,Z07698,
2032,成都,四川省泸州市古蔺县,成都~四川省泸州市古蔺县,,Z08860,
2033,,,~,,ZZ1976,
2034,,,~,,ZZ2267,
2035,重庆,重庆市重庆市巫山县,重庆~重庆市重庆市巫山县,,Z09234,
2036,武汉,,武汉~,,Z00900,
2037,贵阳,贵州省毕节市七星关区,贵阳~贵州省毕节市七星关区,,Z09338,
2038,福州,,福州~,,Z08974,
2039,,,~,,Z04334,
2040,,北京市北京市怀柔区,~北京市北京市怀柔区,,Z04339,
2041,汕头,广东省揭阳市揭东区,汕头~广东省揭阳市揭东区,,Z06402,
2042,,山东省青岛市崂山区,~山东省青岛市崂山区,,Z09453,
2043,,山东省青岛市崂山区,~山东省青岛市崂山区,,Z09452,
2044,大理,云南省临沧市耿马傣族佤族自治县,大理~云南省临沧市耿马傣族佤族自治县,,Z07006,
2045,,,~,,ZZ2282,
2046,南昌,江西省上饶市鄱阳县,南昌~江西省上饶市鄱阳县,,Z07872,
2047,,,~,,ZZ2068,
2048,大理,云南省怒江傈僳族自治州兰坪白族普米族自治县,大理~云南省怒江傈僳族自治州兰坪白族普米族自治县,,Z07015,
2049,成都,四川省甘孜藏族自治州丹巴县,成都~四川省甘孜藏族自治州丹巴县,,Z07609,
2050,昆明,云南省玉溪市元江哈尼族彝族傣族自治县,昆明~云南省玉溪市元江哈尼族彝族傣族自治县,,Z07139,
2051,重庆,重庆市重庆市巫山县,重庆~重庆市重庆市巫山县,,Z09231,
2052,淮安,江苏省宿迁市宿豫区,淮安~江苏省宿迁市宿豫区,,Z09543,
2053,昆明,云南省红河哈尼族彝族自治州河口瑶族自治县,昆明~云南省红河哈尼族彝族自治州河口瑶族自治县,,Z07060,
2054,成都,四川省成都市武侯区,成都~四川省成都市武侯区,,Z07703,
2055,,陕西省延安市宝塔区,~陕西省延安市宝塔区,,Z05613,
2056,,,~,,Z04332,
2057,广州,北京市北京市朝阳区,广州~北京市北京市朝阳区,,000001,
2058,台州,浙江省温州市鹿城区,台州~浙江省温州市鹿城区,,Z08840,
2059,台州,浙江省温州市鹿城区,台州~浙江省温州市鹿城区,,Z06472,
2060,,安徽省淮南市凤台县,~安徽省淮南市凤台县,,Z06512,
2061,,陕西省榆林市吴堡县,~陕西省榆林市吴堡县,,Z05634,
2062,重庆,重庆市重庆市巫溪县,重庆~重庆市重庆市巫溪县,,Z09242,
2063,荆州,湖北省襄阳市襄州区,荆州~湖北省襄阳市襄州区,,Z09883,
2064,泉州,福建省泉州市石狮市,泉州~福建省泉州市石狮市,,Z09059,
2065,昆明,云南省迪庆藏族自治州维西傈僳族自治县,昆明~云南省迪庆藏族自治州维西傈僳族自治县,,Z07057,
2066,泉州,福建省漳州市龙文区,泉州~福建省漳州市龙文区,,Z10266,
2067,贵阳,贵州省六盘水市盘州市,贵阳~贵州省六盘水市盘州市,,Z09351,
2068,长沙,湖南省长沙市开福区,长沙~湖南省长沙市开福区,,Z09518,
2069,,新疆维吾尔自治区博尔塔拉蒙古自治州精河县,~新疆维吾尔自治区博尔塔拉蒙古自治州精河县,,Z05411,
2070,,黑龙江省哈尔滨市,~黑龙江省哈尔滨市,,Z09679,
2071,,云南省昆明市五华区,~云南省昆明市五华区,,Z09717,
2072,,,~,,ZZ1143,
2073,,北京市北京市朝阳区,~北京市北京市朝阳区,,Z03737,
2074,,山东省青岛市崂山区,~山东省青岛市崂山区,,Z09458,
2075,,,~,,ZZ1523,
2076,,山东省日照市东港区,~山东省日照市东港区,,Z10286,
2077,,北京市北京市朝阳区,~北京市北京市朝阳区,,Z03729,
2078,贵阳,贵州省黔东南苗族侗族自治州从江县,贵阳~贵州省黔东南苗族侗族自治州从江县,,Z09347,
2079,重庆,重庆市重庆市巫山县,重庆~重庆市重庆市巫山县,,Z09228,
2080,成都,四川省宜宾市兴文县,成都~四川省宜宾市兴文县,,Z07699,
2081,,陕西省西安市雁塔区,~陕西省西安市雁塔区,,Z10083,
2082,福州,福建省福州市闽侯县,福州~福建省福州市闽侯县,,Z09208,
2083,,,~,,ZZ0729,
2084,,陕西省渭南市临渭区,~陕西省渭南市临渭区,,Z05601,
2085,重庆,重庆市重庆市巫山县,重庆~重庆市重庆市巫山县,,Z09232,
2086,,河北省保定市博野县,~河北省保定市博野县,,Z08667,
2087,长沙,湖南省长沙市雨花区,长沙~湖南省长沙市雨花区,,Z09513,
2088,,山东省青岛市崂山区,~山东省青岛市崂山区,,Z05910,
2089,成都,四川省凉山彝族自治州宁南县,成都~四川省凉山彝族自治州宁南县,,Z07728,
2090,成都,四川省绵阳市平武县,成都~四川省绵阳市平武县,,Z07664,
2091,成都,四川省凉山彝族自治州普格县,成都~四川省凉山彝族自治州普格县,,Z07737,
2092,,,~,,ZZ1975,
2093,成都,四川省成都市新都区,成都~四川省成都市新都区,,Z07586,
2094,,陕西省宝鸡市凤翔区,~陕西省宝鸡市凤翔区,,Z05593,
2095,,陕西省宝鸡市凤县,~陕西省宝鸡市凤县,,Z05664,
2096,重庆,重庆市重庆市城口县,重庆~重庆市重庆市城口县,,Z06890,
2097,贵阳,贵州省安顺市紫云苗族布依族自治县,贵阳~贵州省安顺市紫云苗族布依族自治县,,Z06730,
2098,,吉林省四平市伊通满族自治县,~吉林省四平市伊通满族自治县,,Z04676,
2099,大理,云南省迪庆藏族自治州德钦县,大理~云南省迪庆藏族自治州德钦县,,Z07009,
2100,昆明,云南省玉溪市华宁县,昆明~云南省玉溪市华宁县,,Z07117,
2101,台州,浙江省温州市永嘉县,台州~浙江省温州市永嘉县,,Z06486,
2102,,,~,,ZZ0134,
2103,武汉,湖北省武汉市江夏区,武汉~湖北省武汉市江夏区,,Z09892,
2104,,山东省青岛市崂山区,~山东省青岛市崂山区,,Z09450,
2105,昆明,云南省楚雄彝族自治州牟定县,昆明~云南省楚雄彝族自治州牟定县,,Z07044,
2106,成都,四川省凉山彝族自治州布拖县,成都~四川省凉山彝族自治州布拖县,,Z07735,
2107,成都,四川省凉山彝族自治州昭觉县,成都~四川省凉山彝族自治州昭觉县,,Z07723,
2108,成都,四川省甘孜藏族自治州泸定县,成都~四川省甘孜藏族自治州泸定县,,Z07619,
2109,遵义,贵州省遵义市绥阳县,遵义~贵州省遵义市绥阳县,,Z06933,
2110,贵阳,贵州省黔东南苗族侗族自治州榕江县,贵阳~贵州省黔东南苗族侗族自治州榕江县,,Z06821,
2111,遵义,贵州省遵义市习水县,遵义~贵州省遵义市习水县,,Z06957,
2112,遵义,贵州省遵义市播州区,遵义~贵州省遵义市播州区,,Z09357,
2113,,河北省石家庄市高邑县,~河北省石家庄市高邑县,,Z08724,
2114,,吉林省松原市宁江区,~吉林省松原市宁江区,,Z04677,
2115,贵阳,贵州省黔西南布依族苗族自治州兴义市,贵阳~贵州省黔西南布依族苗族自治州兴义市,,Z09355,
2116,,安徽省合肥市肥西县,~安徽省合肥市肥西县,,Z06556,
2117,,河北省唐山市路南区,~河北省唐山市路南区,,ZZ0855,
2118,成都,西藏自治区昌都市察雅县,成都~西藏自治区昌都市察雅县,,Z10156,
2119,成都,四川省眉山市洪雅县,成都~四川省眉山市洪雅县,,Z07657,
2120,,内蒙古自治区赤峰市敖汉旗,~内蒙古自治区赤峰市敖汉旗,,Z04508,
2121,贵阳,,贵阳~,,000001,
2122,贵阳,贵州省黔南布依族苗族自治州龙里县,贵阳~贵州省黔南布依族苗族自治州龙里县,,Z06748,
2123,,黑龙江省大庆市杜尔伯特蒙古族自治县,~黑龙江省大庆市杜尔伯特蒙古族自治县,,Z10196,
2124,贵阳,贵州省六盘水市水城区,贵阳~贵州省六盘水市水城区,,Z06860,
2125,贵阳,贵州省六盘水市水城区,贵阳~贵州省六盘水市水城区,,Z07193,
2126,贵阳,贵州省六盘水市水城区,贵阳~贵州省六盘水市水城区,,Z06875,
2127,,,~,,ZZ0180,
2128,,,~,,ZZ0179,
2129,成都,四川省甘孜藏族自治州道孚县,成都~四川省甘孜藏族自治州道孚县,,Z07610,
2130,重庆,重庆市重庆市巫山县,重庆~重庆市重庆市巫山县,,Z09233,
2131,,,~,,ZZ0946,
2132,汕头,广东省汕头市澄海区,汕头~广东省汕头市澄海区,,000001,
2133,南昌,江西省新余市渝水区,南昌~江西省新余市渝水区,,Z10497,
2134,,吉林省长春市南关区,~吉林省长春市南关区,,Z04660,
2135,,黑龙江省佳木斯市东风区,~黑龙江省佳木斯市东风区,,Z09964,
2136,,河南省三门峡市灵宝市,~河南省三门峡市灵宝市,,Z05035,
2137,台州,浙江省温州市瑞安市,台州~浙江省温州市瑞安市,,Z06483,
2138,成都,四川省资阳市乐至县,成都~四川省资阳市乐至县,,Z07704,
2139,三水基地,成都,三水基地~成都,汽运,ZZ0946,1
2140,大理,云南省大理白族自治州永平县,大理~云南省大理白族自治州永平县,,Z06985,
2141,,,~,,ZZ0184,
2142,,陕西省延安市黄陵县,~陕西省延安市黄陵县,,Z05616,
2143,喀什,新疆维吾尔自治区喀什地区喀什市,喀什~新疆维吾尔自治区喀什地区喀什市,,Z05702,
2144,成都,四川省阿坝藏族羌族自治州九寨沟县,成都~四川省阿坝藏族羌族自治州九寨沟县,,Z07567,
2145,和田,新疆维吾尔自治区喀什地区喀什市,和田~新疆维吾尔自治区喀什地区喀什市,,Z08603,
2146,昆明,云南省玉溪市澄江市,昆明~云南省玉溪市澄江市,,Z07115,
2147,三水基地,新疆维吾尔自治区乌鲁木齐市沙依巴克区,三水基地~新疆维吾尔自治区乌鲁木齐市沙依巴克区,,,
2148,贵港,广西壮族自治区梧州市岑溪市,贵港~广西壮族自治区梧州市岑溪市,,Z10418,
2149,贵阳,贵州省黔东南苗族侗族自治州锦屏县,贵阳~贵州省黔东南苗族侗族自治州锦屏县,,Z07203,
2150,长沙,,长沙~,,Z09517,
2151,昆明,云南省普洱市西盟佤族自治县,昆明~云南省普洱市西盟佤族自治县,,Z07150,
2152,昆明,云南省玉溪市通海县,昆明~云南省玉溪市通海县,,Z07118,
2153,,,~,,ZZ0844,
2154,,,~,,ZZ0170,
2155,成都,四川省凉山彝族自治州德昌县,成都~四川省凉山彝族自治州德昌县,,Z07736,
2156,成都,四川省成都市武侯区,成都~四川省成都市武侯区,,Z07590,
2157,成都,四川省眉山市彭山区,成都~四川省眉山市彭山区,,Z07658,
2158,成都,四川省甘孜藏族自治州雅江县,成都~四川省甘孜藏族自治州雅江县,,Z07625,
2159,成都,四川省甘孜藏族自治州新龙县,成都~四川省甘孜藏族自治州新龙县,,Z07624,
2160,成都,四川省乐山市峨眉山市,成都~四川省乐山市峨眉山市,,Z07640,
2161,喀什,新疆维吾尔自治区喀什地区喀什市,喀什~新疆维吾尔自治区喀什地区喀什市,,Z05711,
2162,,黑龙江省牡丹江市西安区,~黑龙江省牡丹江市西安区,,Z09715,
2163,大理,云南省保山市龙陵县,大理~云南省保山市龙陵县,,Z10179,
2164,南昌,江西省上饶市信州区,南昌~江西省上饶市信州区,,Z10074,
2165,南昌,江西省南昌市东湖区,南昌~江西省南昌市东湖区,,Z07798,
2166,重庆,重庆市重庆市奉节县,重庆~重庆市重庆市奉节县,,Z09240,
2167,贵阳,贵州省黔东南苗族侗族自治州黎平县,贵阳~贵州省黔东南苗族侗族自治州黎平县,,Z07202,
2168,遵义,贵州省遵义市汇川区,遵义~贵州省遵义市汇川区,,Z09471,
2169,遵义,贵州省遵义市仁怀市,遵义~贵州省遵义市仁怀市,,Z06931,
2170,,,~,,Z09845,
2171,,,~,,ZZ2281,
2172,泉州,福建省漳州市南靖县,泉州~福建省漳州市南靖县,,Z06259,
2173,,,~,,ZZ1968,
2174,荆州,湖北省宜昌市兴山县,荆州~湖北省宜昌市兴山县,,Z07547,
2175,武汉,湖北省武汉市东西湖区,武汉~湖北省武汉市东西湖区,,Z09896,
2176,成都,四川省雅安市名山区,成都~四川省雅安市名山区,,Z07688,
2177,大理,云南省大理白族自治州鹤庆县,大理~云南省大理白族自治州鹤庆县,,Z06993,
2178,成都,四川省阿坝藏族羌族自治州红原县,成都~四川省阿坝藏族羌族自治州红原县,,Z07566,
2179,武汉,,武汉~,,Z00881,
2180,成都,四川省德阳市绵竹市,成都~四川省德阳市绵竹市,,Z07604,
2181,成都,四川省甘孜藏族自治州康定市,成都~四川省甘孜藏族自治州康定市,,Z07617,
2182,淮安,江苏省淮安市洪泽区,淮安~江苏省淮安市洪泽区,,Z06348,
2183,,辽宁省朝阳市龙城区,~辽宁省朝阳市龙城区,,Z10493,
2184,福州,福建省福州市仓山区,福州~福建省福州市仓山区,,Z08979,
2185,贵阳,贵州省六盘水市水城区,贵阳~贵州省六盘水市水城区,,Z06856,
2186,贵阳,贵州省黔东南苗族侗族自治州黎平县,贵阳~贵州省黔东南苗族侗族自治州黎平县,,Z07197,
2187,贵阳,贵州省黔东南苗族侗族自治州从江县,贵阳~贵州省黔东南苗族侗族自治州从江县,,Z06765,
2188,赣州,江西省赣州市于都县,赣州~江西省赣州市于都县,,Z09747,
2189,,,~,,ZZ2008,
2190,成都,四川省阿坝藏族羌族自治州金川县,成都~四川省阿坝藏族羌族自治州金川县,,Z07741,
2191,南充,四川省南充市南部县,南充~四川省南充市南部县,,Z09754,
2192,,河北省廊坊市文安县,~河北省廊坊市文安县,,Z04362,
2193,重庆,重庆市重庆市奉节县,重庆~重庆市重庆市奉节县,,Z09239,
2194,,河南省三门峡市湖滨区,~河南省三门峡市湖滨区,,Z04956,
2195,,山西省阳泉市城区,~山西省阳泉市城区,,Z04032,
2196,昆明,云南省怒江傈僳族自治州泸水市,昆明~云南省怒江傈僳族自治州泸水市,,Z07100,
2197,,宁夏回族自治区石嘴山市平罗县,~宁夏回族自治区石嘴山市平罗县,,Z05657,
2198,柳州,广西壮族自治区柳州市柳南区,柳州~广西壮族自治区柳州市柳南区,,Z09652,
2199,遵义,贵州省遵义市习水县,遵义~贵州省遵义市习水县,,Z06923,
2200,台州,浙江省温州市文成县,台州~浙江省温州市文成县,,Z06485,
2201,成都,四川省宜宾市筠连县,成都~四川省宜宾市筠连县,,Z07697,
2202,成都,四川省德阳市什邡市,成都~四川省德阳市什邡市,,Z07605,
2203,杭州,浙江省杭州市上城区,杭州~浙江省杭州市上城区,,Z06421,
2204,,,~,,ZZ0999,
2205,,北京市北京市朝阳区,~北京市北京市朝阳区,,ZZ0872,
2206,重庆,重庆市重庆市巫山县,重庆~重庆市重庆市巫山县,,Z09235,
2207,昆明,云南省昭通市永善县,昆明~云南省昭通市永善县,,Z07218,
2208,昆明,云南省昆明市呈贡区,昆明~云南省昆明市呈贡区,,Z07077,
2209,昆明,云南省玉溪市新平彝族傣族自治县,昆明~云南省玉溪市新平彝族傣族自治县,,Z07159,
2210,昆明,云南省昆明市安宁市,昆明~云南省昆明市安宁市,,Z07074,
2211,大理,云南省大理白族自治州宾川县,大理~云南省大理白族自治州宾川县,,Z06978,
2212,成都,四川省甘孜藏族自治州炉霍县,成都~四川省甘孜藏族自治州炉霍县,,Z07620,
2213,三水基地,佛山三水,三水基地~佛山三水,汽运,ZZ0299,1
2214,泉州,福建省漳州市华安县,泉州~福建省漳州市华安县,,Z08955,
2215,大理,云南省怒江傈僳族自治州兰坪白族普米族自治县,大理~云南省怒江傈僳族自治州兰坪白族普米族自治县,,Z07016,
2216,昆明,云南省昆明市,昆明~云南省昆明市,,Z07079,
2217,大理,云南省丽江市古城区,大理~云南省丽江市古城区,,Z10181,
2218,昆明,云南省普洱市孟连傣族拉祜族佤族自治县,昆明~云南省普洱市孟连傣族拉祜族佤族自治县,,Z07155,
2219,,,~,,ZZ0976,
2220,遵义,贵州省遵义市播州区,遵义~贵州省遵义市播州区,,Z09356,
2221,成都,四川省乐山市峨边彝族自治县,成都~四川省乐山市峨边彝族自治县,,Z07639,
2222,成都,四川省资阳市雁江区,成都~四川省资阳市雁江区,,Z07701,
2223,咸宁,,咸宁~,,000001,
2224,,辽宁省沈阳市苏家屯区,~辽宁省沈阳市苏家屯区,,Z04463,
2225,昆明,云南省普洱市思茅区,昆明~云南省普洱市思茅区,,Z07034,
2226,遵义,贵州省遵义市播州区,遵义~贵州省遵义市播州区,,Z06952,
2227,贵阳,贵州省贵阳市观山湖区,贵阳~贵州省贵阳市观山湖区,,Z06755,
2228,台州,浙江省温州市平阳县,台州~浙江省温州市平阳县,,Z06482,
2229,台州,浙江省台州市仙居县,台州~浙江省台州市仙居县,,Z06476,
2230,大理,云南省保山市昌宁县,大理~云南省保山市昌宁县,,Z06963,
2231,昆明,云南省昆明市东川区,昆明~云南省昆明市东川区,,Z07076,
2232,贵港,广西壮族自治区玉林市博白县,贵港~广西壮族自治区玉林市博白县,,Z08393,
2233,遵义,贵州省遵义市习水县,遵义~贵州省遵义市习水县,,Z09469,
2234,遵义,贵州省遵义市习水县,遵义~贵州省遵义市习水县,,Z06961,
2235,台州,浙江省温州市泰顺县,台州~浙江省温州市泰顺县,,Z06484,
2236,台州,浙江省温州市龙湾区,台州~浙江省温州市龙湾区,,Z08841,
2237,台州,浙江省台州市临海市,台州~浙江省台州市临海市,,Z06487,
2238,,,~,,ZZ0159,
2239,,,~,,ZZ0183,
2240,重庆,重庆市重庆市綦江区,重庆~重庆市重庆市綦江区,,Z06910,
2241,,,~,,ZZ0302,
2242,成都,四川省宜宾市江安县,成都~四川省宜宾市江安县,,Z07696,
2243,成都,四川省宜宾市屏山县,成都~四川省宜宾市屏山县,,Z10050,
2244,汕头,广东省汕头市澄海区,汕头~广东省汕头市澄海区,,Z06382,
2245,贵阳,贵州省黔东南苗族侗族自治州黎平县,贵阳~贵州省黔东南苗族侗族自治州黎平县,,Z09349,
2246,贵阳,贵州省毕节市黔西市,贵阳~贵州省毕节市黔西市,,Z06736,
2247,贵阳,贵州省贵阳市息烽县,贵阳~贵州省贵阳市息烽县,,Z06761,
2248,,黑龙江省鸡西市鸡冠区,~黑龙江省鸡西市鸡冠区,,Z04564,
2249,重庆,重庆市重庆市奉节县,重庆~重庆市重庆市奉节县,,Z09237,
2250,,辽宁省沈阳市沈河区,~辽宁省沈阳市沈河区,,Z10135,
2251,,,~,,ZZ0949,
2252,成都,四川省凉山彝族自治州冕宁县,成都~四川省凉山彝族自治州冕宁县,,Z07732,
2253,贵阳,贵州省黔东南苗族侗族自治州黎平县,贵阳~贵州省黔东南苗族侗族自治州黎平县,,Z06772,
2254,贵阳,贵州省黔东南苗族侗族自治州剑河县,贵阳~贵州省黔东南苗族侗族自治州剑河县,,Z06769,
2255,,河南省郑州市新郑市,~河南省郑州市新郑市,,Z09963,
2256,南充,四川省达州市开江县,南充~四川省达州市开江县,,Z07750,
2257,成都,四川省宜宾市珙县,成都~四川省宜宾市珙县,,Z09879,
2258,成都,西藏自治区昌都市,成都~西藏自治区昌都市,,Z10156,
2259,昆明,云南省普洱市镇沅彝族哈尼族拉祜族自治县,昆明~云南省普洱市镇沅彝族哈尼族拉祜族自治县,,Z07156,
2260,昆明,云南省红河哈尼族彝族自治州建水县,昆明~云南省红河哈尼族彝族自治州建水县,,Z07062,
2261,昆明,云南省昭通市镇雄县,昆明~云南省昭通市镇雄县,,Z07129,
2262,淮安,,淮安~,,Z06322,
2263,昆明,云南省红河哈尼族彝族自治州红河县,昆明~云南省红河哈尼族彝族自治州红河县,,Z07061,
2264,贵港,,贵港~,,Z09656,
2265,南宁,,南宁~,,Z09628,
2266,,陕西省西安市莲湖区,~陕西省西安市莲湖区,,Z05609,
2267,,河北省唐山市,~河北省唐山市,,ZZ0857,
2268,,,~,,ZZ0166,
2269,大理,云南省德宏傣族景颇族自治州陇川县,大理~云南省德宏傣族景颇族自治州陇川县,,Z07028,
2270,昆明,云南省昭通市水富市,昆明~云南省昭通市水富市,,Z07124,
2271,,黑龙江省大兴安岭地区呼玛县,~黑龙江省大兴安岭地区呼玛县,,Z04615,
2272,南昌,江西省南昌市西湖区,南昌~江西省南昌市西湖区,,Z09752,
2273,南昌,江西省宜春市铜鼓县,南昌~江西省宜春市铜鼓县,,Z10496,
2274,贵阳,贵州省黔东南苗族侗族自治州岑巩县,贵阳~贵州省黔东南苗族侗族自治州岑巩县,,Z06764,
2275,贵阳,贵州省黔东南苗族侗族自治州凯里市,贵阳~贵州省黔东南苗族侗族自治州凯里市,,Z06768,
2276,重庆,重庆市重庆市奉节县,重庆~重庆市重庆市奉节县,,Z09238,
2277,贵阳,贵州省黔南布依族苗族自治州平塘县,贵阳~贵州省黔南布依族苗族自治州平塘县,,Z06820,
2278,南宁,,南宁~,,Z09598,
2279,柳州,,柳州~,,Z08272,
2280,台州,浙江省台州市温岭市,台州~浙江省台州市温岭市,,Z06475,
2281,台州,浙江省台州市天台县,台州~浙江省台州市天台县,,Z06474,
2282,台州,浙江省台州市三门县,台州~浙江省台州市三门县,,Z06473,
2283,台州,,台州~,,Z08840,
2284,贵阳,贵州省黔东南苗族侗族自治州锦屏县,贵阳~贵州省黔东南苗族侗族自治州锦屏县,,Z09348,
2285,贵阳,贵州省黔东南苗族侗族自治州黎平县,贵阳~贵州省黔东南苗族侗族自治州黎平县,,Z07201,
2286,南宁,,南宁~,,Z09611,
2287,南宁,,南宁~,,Z08161,
2288,台州,浙江省台州市路桥区,台州~浙江省台州市路桥区,,Z06472,
2289,,河北省沧州市,~河北省沧州市,,Z08678,
2290,遵义,贵州省遵义市桐梓县,遵义~贵州省遵义市桐梓县,,Z06954,
2291,遵义,贵州省遵义市凤冈县,遵义~贵州省遵义市凤冈县,,Z09358,
2292,台州,浙江省台州市椒江区,台州~浙江省台州市椒江区,,Z06470,
2293,台州,浙江省台州市玉环市,台州~浙江省台州市玉环市,,Z06477,
2294,台州,,台州~,,Z06477,
2295,台州,浙江省温州市龙港市,台州~浙江省温州市龙港市,,Z09793,
2296,台州,浙江省温州市乐清市,台州~浙江省温州市乐清市,,Z06481,
2297,台州,浙江省台州市临海市,台州~浙江省台州市临海市,,Z06471,
2298,台州,浙江省温州市苍南县,台州~浙江省温州市苍南县,,Z06479,
2299,台州,浙江省台州市黄岩区,台州~浙江省台州市黄岩区,,Z06469,
2300,,河南省南阳市,~河南省南阳市,,Z04904,
2301,,,~,,ZZ2063,
2302,,北京市北京市朝阳区,~北京市北京市朝阳区,,Z04339,
2303,,江苏省无锡市宜兴市,~江苏省无锡市宜兴市,,ZZ1299,
2304,,江苏省无锡市宜兴市,~江苏省无锡市宜兴市,,ZZ1304,
2305,,江苏省无锡市宜兴市,~江苏省无锡市宜兴市,,ZZ1286,
2306,南京,,南京~,,000001,
2307,成都,西藏自治区昌都市江达县,成都~西藏自治区昌都市江达县,,Z07707,
2308,南充,四川省南充市南部县,南充~四川省南充市南部县,,Z07762,
2309,成都,四川省绵阳市梓潼县,成都~四川省绵阳市梓潼县,,Z07667,
2310,重庆,重庆市重庆市,重庆~重庆市重庆市,,Z06890,
2311,,黑龙江省哈尔滨市松北区,~黑龙江省哈尔滨市松北区,,Z04588,
2312,,黑龙江省齐齐哈尔市,~黑龙江省齐齐哈尔市,,Z04627,
2313,大理,云南省大理白族自治州漾濞彝族自治县,大理~云南省大理白族自治州漾濞彝族自治县,,Z07021,
2314,大理,云南省大理白族自治州剑川县,大理~云南省大理白族自治州剑川县,,Z06984,
2315,大理,云南省临沧市凤庆县,大理~云南省临沧市凤庆县,,Z06991,
2316,,河南省焦作市沁阳市,~河南省焦作市沁阳市,,Z10008,
2317,昆明,云南省文山壮族苗族自治州马关县,昆明~云南省文山壮族苗族自治州马关县,,Z07137,
2318,昆明,云南省普洱市,昆明~云南省普洱市,,Z10237,
2319,贵阳,贵州省六盘水市盘州市,贵阳~贵州省六盘水市盘州市,,Z09352,
2320,贵阳,贵州省黔东南苗族侗族自治州从江县,贵阳~贵州省黔东南苗族侗族自治州从江县,,Z06766,
2321,遵义,贵州省遵义市凤冈县,遵义~贵州省遵义市凤冈县,,Z08446,
2322,成都,四川省泸州市古蔺县,成都~四川省泸州市古蔺县,,Z08862,
2323,汕头,广东省揭阳市揭东区,汕头~广东省揭阳市揭东区,,Z06383,
2324,,,~,,ZZ2279,
2325,,,~,,ZZ2280,
2326,,,~,,ZZ2278,
2327,成都,四川省甘孜藏族自治州得荣县,成都~四川省甘孜藏族自治州得荣县,,Z07612,
2328,,青海省果洛藏族自治州玛多县,~青海省果洛藏族自治州玛多县,,Z06097,
2329,,河北省张家口市,~河北省张家口市,,Z04374,
2330,,山东省青岛市黄岛区,~山东省青岛市黄岛区,,Z05911,
2331,武汉,,武汉~,,Z00903,
2332,贵阳,贵州省毕节市纳雍县,贵阳~贵州省毕节市纳雍县,,Z09333,
2333,贵阳,贵州省铜仁市玉屏侗族自治县,贵阳~贵州省铜仁市玉屏侗族自治县,,Z06794,
2334,昆明,云南省玉溪市华宁县,昆明~云南省玉溪市华宁县,,Z10192,
2335,昆明,云南省红河哈尼族彝族自治州个旧市,昆明~云南省红河哈尼族彝族自治州个旧市,,Z07059,
2336,昆明,云南省楚雄彝族自治州永仁县,昆明~云南省楚雄彝族自治州永仁县,,Z07047,
2337,,安徽省宣城市旌德县,~安徽省宣城市旌德县,,Z06561,
2338,淮安,江苏省宿迁市泗阳县,淮安~江苏省宿迁市泗阳县,,Z06350,
2339,杭州,浙江省嘉兴市秀洲区,杭州~浙江省嘉兴市秀洲区,,Z06422,
2340,贵阳,贵州省黔西南布依族苗族自治州兴义市,贵阳~贵州省黔西南布依族苗族自治州兴义市,,Z06831,
2341,遵义,贵州省遵义市红花岗区,遵义~贵州省遵义市红花岗区,,Z06940,
2342,昆明,云南省玉溪市江川区,昆明~云南省玉溪市江川区,,Z07180,
2343,,安徽省马鞍山市雨山区,~安徽省马鞍山市雨山区,,Z10516,
2344,,山西省太原市,~山西省太原市,,Z09564,
2345,重庆,重庆市重庆市奉节县,重庆~重庆市重庆市奉节县,,Z09236,
2346,重庆,重庆市重庆市奉节县,重庆~重庆市重庆市奉节县,,Z09734,
2347,,河南省新乡市新乡县,~河南省新乡市新乡县,,Z09994,
2348,贵港,广西壮族自治区贵港市港南区,贵港~广西壮族自治区贵港市港南区,,Z08433,
2349,,河南省郑州市管城回族区,~河南省郑州市管城回族区,,Z04977,
2350,,北京市北京市朝阳区,~北京市北京市朝阳区,,XA0003,
2351,,黑龙江省佳木斯市,~黑龙江省佳木斯市,,Z04553,
2352,贵阳,贵州省安顺市平坝区,贵阳~贵州省安顺市平坝区,,Z06727,
2353,贵阳,贵州省六盘水市盘州市,贵阳~贵州省六盘水市盘州市,,Z06783,
2354,,河北省沧州市泊头市,~河北省沧州市泊头市,,Z08719,
2355,,山东省烟台市莱阳市,~山东省烟台市莱阳市,,Z10514,
2356,,山东省青岛市崂山区,~山东省青岛市崂山区,,Z03685,
2357,,宁夏回族自治区吴忠市,~宁夏回族自治区吴忠市,,Z05569,
2358,重庆,重庆市重庆市垫江县,重庆~重庆市重庆市垫江县,,Z06892,
2359,大理,云南省保山市施甸县,大理~云南省保山市施甸县,,Z06965,
2360,昆明,云南省保山市隆阳区,昆明~云南省保山市隆阳区,,Z10183,
2361,成都,四川省眉山市仁寿县,成都~四川省眉山市仁寿县,,Z07773,
2362,成都,四川省凉山彝族自治州盐源县,成都~四川省凉山彝族自治州盐源县,,Z07726,
2363,成都,四川省乐山市夹江县,成都~四川省乐山市夹江县,,Z07641,
2364,喀什,新疆维吾尔自治区克孜勒苏柯尔克孜自治州阿图什市,喀什~新疆维吾尔自治区克孜勒苏柯尔克孜自治州阿图什市,,Z05690,
2365,贵阳,贵州省黔西南布依族苗族自治州普安县,贵阳~贵州省黔西南布依族苗族自治州普安县,,Z06798,
2366,贵阳,贵州省黔南布依族苗族自治州瓮安县,贵阳~贵州省黔南布依族苗族自治州瓮安县,,Z06752,
2367,贵阳,贵州省黔南布依族苗族自治州贵定县,贵阳~贵州省黔南布依族苗族自治州贵定县,,Z06725,
2368,成都,四川省甘孜藏族自治州德格县,成都~四川省甘孜藏族自治州德格县,,Z07613,
2369,大理,云南省德宏傣族景颇族自治州梁河县,大理~云南省德宏傣族景颇族自治州梁河县,,Z06997,
2370,,内蒙古自治区通辽市库伦旗,~内蒙古自治区通辽市库伦旗,,Z08835,
2371,,辽宁省本溪市平山区,~辽宁省本溪市平山区,,Z10113,
2372,昆明,云南省红河哈尼族彝族自治州弥勒市,昆明~云南省红河哈尼族彝族自治州弥勒市,,Z07068,
2373,,,~,,ZZ1003,
2374,昆明,云南省红河哈尼族彝族自治州金平苗族瑶族傣族自治县,昆明~云南省红河哈尼族彝族自治州金平苗族瑶族傣族自治县,,Z07063,
2375,,山东省潍坊市昌乐县,~山东省潍坊市昌乐县,,Z05947,
2376,,山东省济南市历下区,~山东省济南市历下区,,Z09412,
2377,南昌,江西省抚州市,南昌~江西省抚州市,,Z09263,
2378,,安徽省合肥市包河区,~安徽省合肥市包河区,,Z09422,
2379,,黑龙江省哈尔滨市平房区,~黑龙江省哈尔滨市平房区,,Z09678,
2380,,山东省滨州市阳信县,~山东省滨州市阳信县,,Z10080,
2381,荆州,,荆州~,,Z07508,
2382,遵义,贵州省遵义市余庆县,遵义~贵州省遵义市余庆县,,Z08881,
2383,成都,四川省阿坝藏族羌族自治州松潘县,成都~四川省阿坝藏族羌族自治州松潘县,,Z07573,
2384,,青海省海北藏族自治州门源回族自治县,~青海省海北藏族自治州门源回族自治县,,Z05768,
2385,和田,新疆维吾尔自治区北屯市北屯市,和田~新疆维吾尔自治区北屯市北屯市,,Z08607,
2386,昆明,云南省昭通市威信县,昆明~云南省昭通市威信县,,Z07125,
2387,贵阳,贵州省黔东南苗族侗族自治州黎平县,贵阳~贵州省黔东南苗族侗族自治州黎平县,,Z06866,
2388,,浙江省温州市鹿城区,~浙江省温州市鹿城区,,Z06472,
2389,,安徽省蚌埠市怀远县,~安徽省蚌埠市怀远县,,Z06522,
2390,,内蒙古自治区锡林郭勒盟锡林浩特市,~内蒙古自治区锡林郭勒盟锡林浩特市,,Z04865,
2391,成都,四川省甘孜藏族自治州九龙县,成都~四川省甘孜藏族自治州九龙县,,Z07615,
2392,大理,云南省大理白族自治州云龙县,大理~云南省大理白族自治州云龙县,,Z07013,
2393,昆明,云南省文山壮族苗族自治州富宁县,昆明~云南省文山壮族苗族自治州富宁县,,Z07110,
2394,昆明,云南省楚雄彝族自治州双柏县,昆明~云南省楚雄彝族自治州双柏县,,Z07172,
2395,大理,云南省丽江市华坪县,大理~云南省丽江市华坪县,,Z06988,
2396,,河南省许昌市建安区,~河南省许昌市建安区,,Z09482,
2397,重庆,重庆市重庆市长寿区,重庆~重庆市重庆市长寿区,,Z06889,
2398,,,~,,ZZ1020,
2399,昆明,云南省楚雄彝族自治州元谋县,昆明~云南省楚雄彝族自治州元谋县,,Z07048,
2400,昆明,云南省文山壮族苗族自治州丘北县,昆明~云南省文山壮族苗族自治州丘北县,,Z07032,
2401,遵义,贵州省铜仁市沿河土家族自治县,遵义~贵州省铜仁市沿河土家族自治县,,Z06945,
2402,重庆,重庆市重庆市巫山县,重庆~重庆市重庆市巫山县,,Z09227,
2403,,青海省玉树藏族自治州玉树市,~青海省玉树藏族自治州玉树市,,Z05776,
2404,,山东省青岛市崂山区,~山东省青岛市崂山区,,Z05917,
2405,,河南省濮阳市范县,~河南省濮阳市范县,,Z05031,
2406,,,~,,ZZ0176,
2407,,甘肃省兰州市永登县,~甘肃省兰州市永登县,,Z05491,
2408,成都,四川省广元市旺苍县,成都~四川省广元市旺苍县,,Z07636,
2409,成都,四川省广元市剑阁县,成都~四川省广元市剑阁县,,Z07634,
2410,,安徽省黄山市屯溪区,~安徽省黄山市屯溪区,,Z09423,
2411,,陕西省西安市新城区,~陕西省西安市新城区,,Z10089,
2412,成都,四川省凉山彝族自治州金阳县,成都~四川省凉山彝族自治州金阳县,,Z07722,
2413,成都,四川省雅安市天全县,成都~四川省雅安市天全县,,Z07690,
2414,成都,四川省雅安市石棉县,成都~四川省雅安市石棉县,,Z07689,
2415,,河北省邯郸市涉县,~河北省邯郸市涉县,,Z08692,
2416,南宁,广西壮族自治区南宁市横州市,南宁~广西壮族自治区南宁市横州市,,Z08453,
2417,南宁,广西壮族自治区钦州市钦北区,南宁~广西壮族自治区钦州市钦北区,,Z08169,
2418,成都,四川省自贡市荣县,成都~四川省自贡市荣县,,Z07706,
2419,贵阳,贵州省黔西南布依族苗族自治州安龙县,贵阳~贵州省黔西南布依族苗族自治州安龙县,,Z06796,
2420,遵义,贵州省遵义市播州区,遵义~贵州省遵义市播州区,,Z06939,
2421,遵义,贵州省遵义市仁怀市,遵义~贵州省遵义市仁怀市,,Z06920,
2422,贵阳,贵州省黔西南布依族苗族自治州兴义市,贵阳~贵州省黔西南布依族苗族自治州兴义市,,Z06802,
2423,遵义,贵州省遵义市红花岗区,遵义~贵州省遵义市红花岗区,,Z09467,
2424,南充,四川省达州市达川区,南充~四川省达州市达川区,,Z09872,
2425,南充,四川省广安市邻水县,南充~四川省广安市邻水县,,Z07757,
2426,成都,四川省甘孜藏族自治州康定市,成都~四川省甘孜藏族自治州康定市,,Z07616,
2427,成都,四川省阿坝藏族羌族自治州汶川县,成都~四川省阿坝藏族羌族自治州汶川县,,Z07574,
2428,贵阳,贵州省毕节市,贵阳~贵州省毕节市,,Z06736,
2429,,山东省泰安市岱岳区,~山东省泰安市岱岳区,,Z10501,
2430,贵阳,贵州省黔南布依族苗族自治州惠水县,贵阳~贵州省黔南布依族苗族自治州惠水县,,Z06743,
2431,成都,四川省阿坝藏族羌族自治州汶川县,成都~四川省阿坝藏族羌族自治州汶川县,,Z10168,
2432,大理,云南省大理白族自治州弥渡县,大理~云南省大理白族自治州弥渡县,,Z07012,
2433,,,~,,ZZ0122,
2434,,青海省海东市平安区,~青海省海东市平安区,,Z05784,
2435,,安徽省宿州市泗县,~安徽省宿州市泗县,,Z06532,
2436,长沙,湖南省长沙市岳麓区,长沙~湖南省长沙市岳麓区,,Z07290,
2437,南京,江苏省苏州市吴中区,南京~江苏省苏州市吴中区,,Z09859,
2438,重庆,重庆市重庆市巫溪县,重庆~重庆市重庆市巫溪县,,Z09243,
2439,,甘肃省甘南藏族自治州,~甘肃省甘南藏族自治州,,Z05543,
2440,,河北省保定市易县,~河北省保定市易县,,Z08631,
2441,,河北省保定市顺平县,~河北省保定市顺平县,,Z08666,
2442,重庆,重庆市重庆市丰都县,重庆~重庆市重庆市丰都县,,Z06893,
2443,大理,云南省迪庆藏族自治州香格里拉市,大理~云南省迪庆藏族自治州香格里拉市,,Z07005,
2444,南充,四川省达州市宣汉县,南充~四川省达州市宣汉县,,Z07915,
2445,南充,四川省达州市宣汉县,南充~四川省达州市宣汉县,,Z07754,
2446,大理,云南省临沧市沧源佤族自治县,大理~云南省临沧市沧源佤族自治县,,Z07008,
2447,大理,云南省临沧市云县,大理~云南省临沧市云县,,Z06995,
2448,大理,云南省临沧市镇康县,大理~云南省临沧市镇康县,,Z07007,
2449,大理,云南省大理白族自治州大理市,大理~云南省大理白族自治州大理市,,Z10180,
2450,,,~,,Z09678,
2451,,黑龙江省绥化市肇东市,~黑龙江省绥化市肇东市,,Z09673,
2452,,辽宁省沈阳市浑南区,~辽宁省沈阳市浑南区,,Z04463,
2453,昆明,云南省昭通市镇雄县,昆明~云南省昭通市镇雄县,,Z10195,
2454,昆明,云南省昭通市绥江县,昆明~云南省昭通市绥江县,,Z07166,
2455,昆明,云南省昭通市大关县,昆明~云南省昭通市大关县,,Z07122,
2456,重庆,重庆市重庆市武隆区,重庆~重庆市重庆市武隆区,,Z06914,
2457,贵阳,贵州省六盘水市水城区,贵阳~贵州省六盘水市水城区,,Z06849,
2458,,陕西省榆林市,~陕西省榆林市,,Z05630,
2459,成都,四川省成都市新津区,成都~四川省成都市新津区,,Z07594,
2460,,河北省保定市莲池区,~河北省保定市莲池区,,Z10222,
2461,,安徽省合肥市包河区,~安徽省合肥市包河区,,Z09416,
2462,,甘肃省白银市平川区,~甘肃省白银市平川区,,Z05565,
2463,大理,云南省大理白族自治州南涧彝族自治县,大理~云南省大理白族自治州南涧彝族自治县,,Z06981,
2464,成都,四川省资阳市安岳县,成都~四川省资阳市安岳县,,Z07702,
2465,大理,云南省大理白族自治州巍山彝族回族自治县,大理~云南省大理白族自治州巍山彝族回族自治县,,Z06982,
2466,泉州,福建省龙岩市上杭县,泉州~福建省龙岩市上杭县,,Z10269,
2467,成都,四川省甘孜藏族自治州稻城县,成都~四川省甘孜藏族自治州稻城县,,Z07611,
2468,大理,云南省德宏傣族景颇族自治州盈江县,大理~云南省德宏傣族景颇族自治州盈江县,,Z07000,
2469,贵阳,贵州省六盘水市水城区,贵阳~贵州省六盘水市水城区,,Z06869,
2470,武汉,湖北省十堰市郧阳区,武汉~湖北省十堰市郧阳区,,Z09889,
2471,武汉,湖北省黄石市黄石港区,武汉~湖北省黄石市黄石港区,,Z07244,
2472,,河南省南阳市,~河南省南阳市,,Z04893,
2473,东莞,广东省东莞市,东莞~广东省东莞市,,Z08759,
2474,,内蒙古自治区锡林郭勒盟西乌珠穆沁旗,~内蒙古自治区锡林郭勒盟西乌珠穆沁旗,,Z04860,
2475,,内蒙古自治区乌兰察布市察哈尔右翼前旗,~内蒙古自治区乌兰察布市察哈尔右翼前旗,,Z10491,
2476,南充,四川省达州市渠县,南充~四川省达州市渠县,,Z07751,
2477,成都,四川省绵阳市三台县,成都~四川省绵阳市三台县,,Z07665,
2478,成都,四川省绵阳市江油市,成都~四川省绵阳市江油市,,Z07663,
2479,成都,四川省绵阳市安州区,成都~四川省绵阳市安州区,,Z07662,
2480,南充,四川省巴中市南江县,南充~四川省巴中市南江县,,Z07745,
2481,南充,四川省巴中市巴州区,南充~四川省巴中市巴州区,,Z09871,
2482,南充,四川省成都市武侯区,南充~四川省成都市武侯区,,Z09875,
2483,,陕西省商洛市商州区,~陕西省商洛市商州区,,Z05597,
2484,,陕西省西安市雁塔区,~陕西省西安市雁塔区,,Z05597,
2485,湛江,广东省茂名市,湛江~广东省茂名市,,Z06368,
2486,成都,四川省泸州市纳溪区,成都~四川省泸州市纳溪区,,Z07653,
2487,成都,四川省德阳市中江县,成都~四川省德阳市中江县,,Z07606,
2488,成都,四川省广元市利州区,成都~四川省广元市利州区,,Z10051,
2489,成都,四川省凉山彝族自治州会理市,成都~四川省凉山彝族自治州会理市,,Z07724,
2490,昆明,云南省文山壮族苗族自治州麻栗坡县,昆明~云南省文山壮族苗族自治州麻栗坡县,,Z07112,
2491,,辽宁省本溪市明山区,~辽宁省本溪市明山区,,Z10112,
2492,贵阳,贵州省黔南布依族苗族自治州独山县,贵阳~贵州省黔南布依族苗族自治州独山县,,Z06741,
2493,遵义,贵州省遵义市湄潭县,遵义~贵州省遵义市湄潭县,,Z06927,
2494,贵阳,贵州省黔西南布依族苗族自治州兴义市,贵阳~贵州省黔西南布依族苗族自治州兴义市,,Z07189,
2495,贵阳,贵州省黔东南苗族侗族自治州丹寨县,贵阳~贵州省黔东南苗族侗族自治州丹寨县,,Z06767,
2496,贵阳,贵州省安顺市普定县,贵阳~贵州省安顺市普定县,,Z06728,
2497,遵义,贵州省遵义市正安县,遵义~贵州省遵义市正安县,,Z06934,
2498,贵阳,贵州省黔东南苗族侗族自治州台江县,贵阳~贵州省黔东南苗族侗族自治州台江县,,Z06777,
2499,淮安,江苏省镇江市京口区,淮安~江苏省镇江市京口区,,Z09550,
2500,遵义,贵州省铜仁市石阡县,遵义~贵州省铜仁市石阡县,,Z06944,
2501,南充,四川省南充市阆中市,南充~四川省南充市阆中市,,Z07761,
2502,南充,四川省广安市广安区,南充~四川省广安市广安区,,Z09874,
2503,大理,云南省保山市龙陵县,大理~云南省保山市龙陵县,,Z06964,
2504,大理,云南省大理白族自治州洱源县,大理~云南省大理白族自治州洱源县,,Z06979,
2505,,黑龙江省牡丹江市东宁市,~黑龙江省牡丹江市东宁市,,Z09712,
2506,,黑龙江省大兴安岭地区,~黑龙江省大兴安岭地区,,Z04593,
2507,,辽宁省营口市西市区,~辽宁省营口市西市区,,Z10139,
2508,,黑龙江省绥化市肇东市,~黑龙江省绥化市肇东市,,Z04522,
2509,南充,四川省南充市高坪区,南充~四川省南充市高坪区,,Z09875,
2510,成都,四川省德阳市广汉市,成都~四川省德阳市广汉市,,Z07602,
2511,重庆,重庆市重庆市巫溪县,重庆~重庆市重庆市巫溪县,,Z06913,
2512,贵阳,贵州省黔南布依族苗族自治州荔波县,贵阳~贵州省黔南布依族苗族自治州荔波县,,Z06746,
2513,喀什,新疆维吾尔自治区克孜勒苏柯尔克孜自治州阿图什市,喀什~新疆维吾尔自治区克孜勒苏柯尔克孜自治州阿图什市,,Z05688,
2514,喀什,新疆维吾尔自治区喀什地区岳普湖县,喀什~新疆维吾尔自治区喀什地区岳普湖县,,Z05712,
2515,贵阳,贵州省黔东南苗族侗族自治州雷山县,贵阳~贵州省黔东南苗族侗族自治州雷山县,,Z06771,
2516,和田,新疆维吾尔自治区和田地区民丰县,和田~新疆维吾尔自治区和田地区民丰县,,Z08606,
2517,重庆,重庆市重庆市奉节县,重庆~重庆市重庆市奉节县,,Z06894,
2518,南充,四川省巴中市平昌县,南充~四川省巴中市平昌县,,Z07746,
2519,贵阳,贵州省黔西南布依族苗族自治州望谟县,贵阳~贵州省黔西南布依族苗族自治州望谟县,,Z06800,
2520,重庆,重庆市重庆市涪陵区,重庆~重庆市重庆市涪陵区,,Z06895,
2521,重庆,重庆市重庆市忠县,重庆~重庆市重庆市忠县,,Z06919,
2522,大理,云南省德宏傣族景颇族自治州芒市,大理~云南省德宏傣族景颇族自治州芒市,,Z07020,
2523,昆明,云南省昭通市昭阳区,昆明~云南省昭通市昭阳区,,Z10194,
2524,昆明,云南省西双版纳傣族自治州勐腊县,昆明~云南省西双版纳傣族自治州勐腊县,,Z07181,
2525,上海,,上海~,,Z06595,
2526,,,~,,ZZ1984,
2527,,,~,,ZZ1982,
2528,,,~,,ZZ2268,
2529,南宁,,南宁~,,Z08078,
2530,,河南省周口市扶沟县,~河南省周口市扶沟县,,Z04885,
2531,上海,上海市上海市虹口区,上海~上海市上海市虹口区,,Z06596,
2532,重庆,重庆市重庆市永川区,重庆~重庆市重庆市永川区,,Z06916,
2533,,,~,,ZZ2277,
2534,重庆,重庆市重庆市开州区,重庆~重庆市重庆市开州区,,Z06898,
2535,,安徽省阜阳市太和县,~安徽省阜阳市太和县,,Z06546,
2536,,山东省德州市乐陵市,~山东省德州市乐陵市,,Z05852,
2537,成都,四川省成都市彭州市,成都~四川省成都市彭州市,,Z07585,
2538,南充,四川省广安市岳池县,南充~四川省广安市岳池县,,Z07759,
2539,南充,四川省广安市武胜县,南充~四川省广安市武胜县,,Z07758,
2540,南充,四川省达州市宣汉县,南充~四川省达州市宣汉县,,Z10053,
2541,成都,四川省成都市金堂县,成都~四川省成都市金堂县,,Z07583,
2542,昆明,云南省昆明市石林彝族自治县,昆明~云南省昆明市石林彝族自治县,,Z07079,
2543,大理,云南省大理白族自治州大理市,大理~云南省大理白族自治州大理市,,Z06977,
2544,昆明,云南省普洱市景东彝族自治县,昆明~云南省普洱市景东彝族自治县,,Z07034,
2545,南充,四川省达州市万源市,南充~四川省达州市万源市,,Z07752,
2546,贵阳,贵州省贵阳市修文县,贵阳~贵州省贵阳市修文县,,Z06762,
2547,贵阳,贵州省黔东南苗族侗族自治州凯里市,贵阳~贵州省黔东南苗族侗族自治州凯里市,,Z06763,
2548,遵义,贵州省遵义市仁怀市,遵义~贵州省遵义市仁怀市,,Z06929,
2549,遵义,贵州省遵义市汇川区,遵义~贵州省遵义市汇川区,,Z09359,
2550,贵阳,贵州省黔西南布依族苗族自治州晴隆县,贵阳~贵州省黔西南布依族苗族自治州晴隆县,,Z06799,
2551,南宁,广西壮族自治区百色市田阳区,南宁~广西壮族自治区百色市田阳区,,Z08075,
2552,南宁,广西壮族自治区南宁市,南宁~广西壮族自治区南宁市,,Z09601,
2553,,宁夏回族自治区银川市贺兰县,~宁夏回族自治区银川市贺兰县,,Z05673,
2554,,新疆维吾尔自治区乌鲁木齐市头屯河区,~新疆维吾尔自治区乌鲁木齐市头屯河区,,Z09960,
2555,,陕西省西安市雁塔区,~陕西省西安市雁塔区,,Z09904,
2556,成都,四川省凉山彝族自治州木里藏族自治县,成都~四川省凉山彝族自治州木里藏族自治县,,Z07727,
2557,成都,西藏自治区昌都市贡觉县,成都~西藏自治区昌都市贡觉县,,Z07711,
2558,成都,四川省德阳市旌阳区,成都~四川省德阳市旌阳区,,Z09877,
2559,昆明,云南省文山壮族苗族自治州砚山县,昆明~云南省文山壮族苗族自治州砚山县,,Z07217,
2560,昆明,云南省玉溪市红塔区,昆明~云南省玉溪市红塔区,,Z10191,
2561,昆明,云南省红河哈尼族彝族自治州泸西县,昆明~云南省红河哈尼族彝族自治州泸西县,,Z07065,
2562,成都,四川省甘孜藏族自治州,成都~四川省甘孜藏族自治州,,Z07614,
2563,成都,四川省乐山市井研县,成都~四川省乐山市井研县,,Z07644,
2564,南充,四川省达州市宣汉县,南充~四川省达州市宣汉县,,Z07753,
2565,,北京市北京市朝阳区,~北京市北京市朝阳区,,Z04467,
2566,,,~,,ZZ2260,
2567,,,~,,ZZ0991,
2568,,山东省济南市历下区,~山东省济南市历下区,,Z06042,
2569,上海,,上海~,,Z06597,
2570,,辽宁省本溪市桓仁满族自治县,~辽宁省本溪市桓仁满族自治县,,Z04449,
2571,,吉林省长春市公主岭市,~吉林省长春市公主岭市,,Z09576,
2572,,吉林省长春市南关区,~吉林省长春市南关区,,Z10504,
2573,喀什,新疆维吾尔自治区喀什地区喀什市,喀什~新疆维吾尔自治区喀什地区喀什市,,Z05701,
2574,贵阳,贵州省六盘水市水城区,贵阳~贵州省六盘水市水城区,,Z09353,
2575,遵义,贵州省遵义市桐梓县,遵义~贵州省遵义市桐梓县,,Z06925,
2576,深圳,广东省东莞市东莞市,深圳~广东省东莞市东莞市,,Z10458,
2577,成都,四川省广元市苍溪县,成都~四川省广元市苍溪县,,Z07632,
2578,大理,云南省迪庆藏族自治州德钦县,大理~云南省迪庆藏族自治州德钦县,,Z07010,
2579,昆明,云南省楚雄彝族自治州楚雄市,昆明~云南省楚雄彝族自治州楚雄市,,Z07042,
2580,昆明,云南省楚雄彝族自治州南华县,昆明~云南省楚雄彝族自治州南华县,,Z10184,
2581,大理,云南省丽江市宁蒗彝族自治县,大理~云南省丽江市宁蒗彝族自治县,,Z06989,
2582,成都,四川省成都市崇州市,成都~四川省成都市崇州市,,Z07580,
2583,泉州,福建省漳州市,泉州~福建省漳州市,,Z06261,
2584,海口,海南省海口市琼山区,海口~海南省海口市琼山区,,Z10066,
2585,长沙,湖南省长沙市开福区,长沙~湖南省长沙市开福区,,Z09510,
2586,长沙,湖南省长沙市开福区,长沙~湖南省长沙市开福区,,Z09511,
2587,贵阳,贵州省安顺市关岭布依族苗族自治县,贵阳~贵州省安顺市关岭布依族苗族自治县,,Z06854,
2588,贵阳,贵州省安顺市,贵阳~贵州省安顺市,,Z06730,
2589,南宁,,南宁~,,Z09595,
2590,重庆,重庆市重庆市渝中区,重庆~重庆市重庆市渝中区,,Z09916,
2591,,山东省聊城市茌平区,~山东省聊城市茌平区,,Z05871,
2592,,山西省临汾市安泽县,~山西省临汾市安泽县,,Z03976,
2593,,,~,,ZZ0303,
2594,成都,四川省成都市大邑县,成都~四川省成都市大邑县,,Z07581,
2595,成都,四川省绵阳市盐亭县,成都~四川省绵阳市盐亭县,,Z07666,
2596,成都,四川省成都市成华区,成都~四川省成都市成华区,,Z07718,
2597,成都,四川省泸州市泸县,成都~四川省泸州市泸县,,Z07652,
2598,成都,西藏自治区拉萨市城关区,成都~西藏自治区拉萨市城关区,,Z08436,
2599,成都,四川省泸州市叙永县,成都~四川省泸州市叙永县,,Z07654,
2600,成都,四川省泸州市古蔺县,成都~四川省泸州市古蔺县,,Z08859,
2601,遵义,贵州省遵义市道真仡佬族苗族自治县,遵义~贵州省遵义市道真仡佬族苗族自治县,,Z06932,
2602,贵阳,贵州省黔东南苗族侗族自治州榕江县,贵阳~贵州省黔东南苗族侗族自治州榕江县,,Z06774,
2603,贵阳,贵州省安顺市关岭布依族苗族自治县,贵阳~贵州省安顺市关岭布依族苗族自治县,,Z06724,
2604,贵阳,贵州省黔西南布依族苗族自治州贞丰县,贵阳~贵州省黔西南布依族苗族自治州贞丰县,,Z06802,
2605,贵阳,贵州省铜仁市碧江区,贵阳~贵州省铜仁市碧江区,,Z09868,
2606,贵阳,贵州省黔西南布依族苗族自治州兴义市,贵阳~贵州省黔西南布依族苗族自治州兴义市,,Z06795,
2607,贵阳,贵州省黔东南苗族侗族自治州黄平县,贵阳~贵州省黔东南苗族侗族自治州黄平县,,Z06768,
2608,贵阳,贵州省黔西南布依族苗族自治州兴仁市,贵阳~贵州省黔西南布依族苗族自治州兴仁市,,Z06801,
2609,贵阳,贵州省黔东南苗族侗族自治州天柱县,贵阳~贵州省黔东南苗族侗族自治州天柱县,,Z06778,
2610,贵港,广西壮族自治区贵港市港南区,贵港~广西壮族自治区贵港市港南区,,Z08432,
2611,南宁,广西壮族自治区北海市合浦县,南宁~广西壮族自治区北海市合浦县,,Z10509,
2612,南昌,江西省南昌市,南昌~江西省南昌市,,Z07799,
2613,,新疆维吾尔自治区阿勒泰地区吉木乃县,~新疆维吾尔自治区阿勒泰地区吉木乃县,,Z05408,
2614,,山东省潍坊市,~山东省潍坊市,,Z05946,
2615,重庆,重庆市重庆市九龙坡区,重庆~重庆市重庆市九龙坡区,,Z09917,
2616,,黑龙江省佳木斯市,~黑龙江省佳木斯市,,Z09964,
2617,,河南省新乡市,~河南省新乡市,,Z09993,
2618,,河南省三门峡市,~河南省三门峡市,,Z05035,
2619,,,~,,ZZ2006,
2620,贵阳,贵州省贵阳市白云区,贵阳~贵州省贵阳市白云区,,Z06754,
2621,成都,四川省凉山彝族自治州美姑县,成都~四川省凉山彝族自治州美姑县,,Z07734,
2622,成都,四川省凉山彝族自治州会东县,成都~四川省凉山彝族自治州会东县,,Z07725,
2623,成都,四川省凉山彝族自治州甘洛县,成都~四川省凉山彝族自治州甘洛县,,Z07721,
2624,成都,四川省宜宾市叙州区,成都~四川省宜宾市叙州区,,Z10052,
2625,昆明,云南省曲靖市富源县,昆明~云南省曲靖市富源县,,Z07102,
2626,昆明,云南省曲靖市宣威市,昆明~云南省曲靖市宣威市,,Z07107,
2627,昆明,云南省昆明市寻甸回族彝族自治县,昆明~云南省昆明市寻甸回族彝族自治县,,Z07135,
2628,重庆,,重庆~,,Z09915,
2629,成都,西藏自治区昌都市芒康县,成都~西藏自治区昌都市芒康县,,Z07709,
2630,成都,四川省成都市金牛区,成都~四川省成都市金牛区,,Z10152,
2631,成都,四川省眉山市仁寿县,成都~四川省眉山市仁寿县,,Z07660,
2632,重庆,重庆市重庆市潼南区,重庆~重庆市重庆市潼南区,,Z06909,
2633,重庆,重庆市重庆市合川区,重庆~重庆市重庆市合川区,,Z06896,
2634,福州,福建省福州市晋安区,福州~福建省福州市晋安区,,Z09206,
2635,泉州,福建省厦门市集美区,泉州~福建省厦门市集美区,,Z10283,
2636,和田,新疆维吾尔自治区和田地区,和田~新疆维吾尔自治区和田地区,,Z08603,
2637,昆明,云南省文山壮族苗族自治州砚山县,昆明~云南省文山壮族苗族自治州砚山县,,Z07031,
2638,大理,云南省保山市腾冲市,大理~云南省保山市腾冲市,,Z06966,
2639,贵阳,贵州省毕节市大方县,贵阳~贵州省毕节市大方县,,Z06732,
2640,贵阳,贵州省毕节市七星关区,贵阳~贵州省毕节市七星关区,,Z09335,
2641,贵阳,贵州省六盘水市水城区,贵阳~贵州省六盘水市水城区,,Z06862,
2642,贵阳,贵州省六盘水市水城区,贵阳~贵州省六盘水市水城区,,Z06850,
2643,贵阳,贵州省黔东南苗族侗族自治州施秉县,贵阳~贵州省黔东南苗族侗族自治州施秉县,,Z06776,
2644,遵义,贵州省遵义市播州区,遵义~贵州省遵义市播州区,,Z09468,
2645,贵阳,贵州省六盘水市六枝特区,贵阳~贵州省六盘水市六枝特区,,Z06782,
2646,贵阳,贵州省六盘水市钟山区,贵阳~贵州省六盘水市钟山区,,Z06781,
2647,遵义,贵州省遵义市绥阳县,遵义~贵州省遵义市绥阳县,,Z09360,
2648,,黑龙江省哈尔滨市,~黑龙江省哈尔滨市,,Z09676,
2649,南昌,江西省南昌市,南昌~江西省南昌市,,Z09750,
2650,南昌,江西省新余市,南昌~江西省新余市,,Z09932,
2651,贵阳,贵州省铜仁市松桃苗族自治县,贵阳~贵州省铜仁市松桃苗族自治县,,Z06790,
2652,遵义,贵州省遵义市余庆县,遵义~贵州省遵义市余庆县,,Z09361,
2653,遵义,贵州省铜仁市思南县,遵义~贵州省铜仁市思南县,,Z06943,
2654,贵阳,贵州省黔东南苗族侗族自治州锦屏县,贵阳~贵州省黔东南苗族侗族自治州锦屏县,,Z06770,
2655,成都,四川省成都市青白江区,成都~四川省成都市青白江区,,Z07593,
2656,重庆,重庆市重庆市黔江区,重庆~重庆市重庆市黔江区,,Z06904,
2657,昆明,云南省红河哈尼族彝族自治州绿春县,昆明~云南省红河哈尼族彝族自治州绿春县,,Z07066,
2658,贵阳,贵州省毕节市威宁彝族回族苗族自治县,贵阳~贵州省毕节市威宁彝族回族苗族自治县,,Z06737,
2659,贵阳,贵州省毕节市织金县,贵阳~贵州省毕节市织金县,,Z06738,
2660,成都,四川省泸州市古蔺县,成都~四川省泸州市古蔺县,,Z07650,
2661,成都,四川省眉山市彭山区,成都~四川省眉山市彭山区,,Z09912,
2662,成都,四川省甘孜藏族自治州巴塘县,成都~四川省甘孜藏族自治州巴塘县,,Z07607,
2663,昆明,云南省曲靖市陆良县,昆明~云南省曲靖市陆良县,,Z07104,
2664,昆明,云南省红河哈尼族彝族自治州开远市,昆明~云南省红河哈尼族彝族自治州开远市,,Z07064,
2665,昆明,云南省昭通市盐津县,昆明~云南省昭通市盐津县,,Z07126,
2666,贵港,,贵港~,,Z10408,
2667,贵港,,贵港~,,Z02559,
2668,柳州,,柳州~,,Z09636,
2669,贵港,广西壮族自治区贵港市桂平市,贵港~广西壮族自治区贵港市桂平市,,Z08413,
2670,重庆,重庆市重庆市石柱土家族自治县,重庆~重庆市重庆市石柱土家族自治县,,Z06906,
2671,长沙,湖南省株洲市天元区,长沙~湖南省株洲市天元区,,Z10513,
2672,武汉,湖北省十堰市茅箭区,武汉~湖北省十堰市茅箭区,,Z07260,
2673,重庆,重庆市重庆市梁平区,重庆~重庆市重庆市梁平区,,Z06899,
2674,,陕西省咸阳市,~陕西省咸阳市,,Z05612,
2675,重庆,重庆市重庆市云阳县,重庆~重庆市重庆市云阳县,,Z06918,
2676,昆明,云南省玉溪市新平彝族傣族自治县,昆明~云南省玉溪市新平彝族傣族自治县,,Z07119,
2677,大理,云南省怒江傈僳族自治州福贡县,大理~云南省怒江傈僳族自治州福贡县,,Z07017,
2678,昆明,云南省昆明市禄劝彝族苗族自治县,昆明~云南省昆明市禄劝彝族苗族自治县,,Z07078,
2679,昆明,云南省昆明市富民县,昆明~云南省昆明市富民县,,Z07140,
2680,昆明,云南省昆明市五华区,昆明~云南省昆明市五华区,,Z07073,
2681,成都,四川省宜宾市高县,成都~四川省宜宾市高县,,Z07694,
2682,成都,四川省凉山彝族自治州西昌市,成都~四川省凉山彝族自治州西昌市,,Z07683,
2683,成都,西藏自治区昌都市卡若区,成都~西藏自治区昌都市卡若区,,Z10157,
2684,成都,四川省泸州市龙马潭区,成都~四川省泸州市龙马潭区,,Z07649,
2685,成都,四川省眉山市东坡区,成都~四川省眉山市东坡区,,Z07655,
2686,南充,四川省巴中市通江县,南充~四川省巴中市通江县,,Z07747,
2687,淮安,,淮安~,,Z06332,
2688,衡阳,湖南省衡阳市耒阳市,衡阳~湖南省衡阳市耒阳市,,Z10474,
2689,,,~,,Z04036,
2690,,山西省晋中市,~山西省晋中市,,Z04031,
2691,重庆,重庆市重庆市巫山县,重庆~重庆市重庆市巫山县,,Z06912,
2692,喀什,新疆维吾尔自治区图木舒克市图木舒克市,喀什~新疆维吾尔自治区图木舒克市图木舒克市,,Z05720,
2693,成都,四川省资阳市雁江区,成都~四川省资阳市雁江区,,Z09760,
2694,成都,四川省凉山彝族自治州冕宁县,成都~四川省凉山彝族自治州冕宁县,,Z07742,
2695,成都,四川省乐山市犍为县,成都~四川省乐山市犍为县,,Z07642,
2696,昆明,云南省红河哈尼族彝族自治州,昆明~云南省红河哈尼族彝族自治州,,Z07060,
2697,成都,四川省内江市市中区,成都~四川省内江市市中区,,Z09759,
2698,成都,四川省成都市龙泉驿区,成都~四川省成都市龙泉驿区,,Z09948,
2699,昆明,云南省普洱市思茅区,昆明~云南省普洱市思茅区,,Z07109,
2700,深圳,广东省东莞市,深圳~广东省东莞市,,Z09843,
2701,成都,西藏自治区昌都市丁青县,成都~西藏自治区昌都市丁青县,,Z07712,
2702,成都,西藏自治区昌都市察雅县,成都~西藏自治区昌都市察雅县,,Z07716,
2703,成都,西藏自治区昌都市左贡县,成都~西藏自治区昌都市左贡县,,Z07714,
2704,成都,西藏自治区昌都市边坝县,成都~西藏自治区昌都市边坝县,,Z07710,
2705,成都,西藏自治区昌都市洛隆县,成都~西藏自治区昌都市洛隆县,,Z07713,
2706,成都,四川省甘孜藏族自治州色达县,成都~四川省甘孜藏族自治州色达县,,Z07621,
2707,成都,四川省甘孜藏族自治州理塘县,成都~四川省甘孜藏族自治州理塘县,,Z07618,
2708,成都,四川省成都市都江堰市,成都~四川省成都市都江堰市,,Z07582,
2709,成都,四川省成都市简阳市,成都~四川省成都市简阳市,,Z07703,
2710,南充,四川省遂宁市船山区,南充~四川省遂宁市船山区,,Z09870,
2711,贵州基地,南充,贵州基地~南充,汽运,ZZ1203,1
2712,贵阳,贵州省黔西南布依族苗族自治州册亨县,贵阳~贵州省黔西南布依族苗族自治州册亨县,,Z06797,
2713,贵阳,贵州省六盘水市水城区,贵阳~贵州省六盘水市水城区,,Z06827,
2714,贵阳,贵州省六盘水市水城区,贵阳~贵州省六盘水市水城区,,Z08443,
2715,遵义,贵州省铜仁市德江县,遵义~贵州省铜仁市德江县,,Z06946,
2716,遵义,贵州省遵义市播州区,遵义~贵州省遵义市播州区,,Z06936,
2717,贵阳,贵州省黔南布依族苗族自治州福泉市,贵阳~贵州省黔南布依族苗族自治州福泉市,,Z06742,
2718,遵义,贵州省遵义市务川仡佬族苗族自治县,遵义~贵州省遵义市务川仡佬族苗族自治县,,Z06926,
2719,贵阳,贵州省贵阳市,贵阳~贵州省贵阳市,,Z06755,
2720,贵阳,贵州省黔东南苗族侗族自治州三穗县,贵阳~贵州省黔东南苗族侗族自治州三穗县,,Z06775,
2721,贵阳,贵州省黔南布依族苗族自治州平塘县,贵阳~贵州省黔南布依族苗族自治州平塘县,,Z06749,
2722,重庆,重庆市重庆市酉阳土家族苗族自治县,重庆~重庆市重庆市酉阳土家族苗族自治县,,Z06917,
2723,贵阳,贵州省贵阳市观山湖区,贵阳~贵州省贵阳市观山湖区,,Z09343,
2724,贵阳,贵州省贵阳市云岩区,贵阳~贵州省贵阳市云岩区,,Z09345,
2725,贵阳,贵州省六盘水市钟山区,贵阳~贵州省六盘水市钟山区,,Z09353,
2726,成都,,成都~,,Z07593,
2727,贵阳,贵州省安顺市镇宁布依族苗族自治县,贵阳~贵州省安顺市镇宁布依族苗族自治县,,Z10317,
2728,南宁,,南宁~,,Z08338,
2729,南宁,,南宁~,,Z09591,
2730,贵港,,贵港~,,Z09672,
2731,南宁,,南宁~,,Z08150,
2732,柳州,,柳州~,,Z00542,
2733,,陕西省延安市黄龙县,~陕西省延安市黄龙县,,Z08887,
2734,喀什,新疆维吾尔自治区喀什地区喀什市,喀什~新疆维吾尔自治区喀什地区喀什市,,Z05708,
2735,大理,云南省临沧市临翔区,大理~云南省临沧市临翔区,,Z10182,
2736,昆明,云南省普洱市澜沧拉祜族自治县,昆明~云南省普洱市澜沧拉祜族自治县,,Z07154,
2737,昆明,云南省曲靖市富源县,昆明~云南省曲靖市富源县,,Z07176,
2738,南充,四川省南充市西充县,南充~四川省南充市西充县,,Z07764,
2739,,陕西省西安市雁塔区,~陕西省西安市雁塔区,,Z05641,
2740,南京,江苏省南京市浦口区,南京~江苏省南京市浦口区,,,
2741,南京,江苏省无锡市滨湖区,南京~江苏省无锡市滨湖区,,Z10227,
2742,重庆,重庆市重庆市綦江区,重庆~重庆市重庆市綦江区,,Z06903,
2743,武汉,湖北省恩施土家族苗族自治州利川市,武汉~湖北省恩施土家族苗族自治州利川市,,Z07234,
2744,,黑龙江省齐齐哈尔市讷河市,~黑龙江省齐齐哈尔市讷河市,,Z04628,
2745,成都,四川省成都市龙泉驿区,成都~四川省成都市龙泉驿区,,Z07584,
2746,成都,四川省阿坝藏族羌族自治州阿坝县,成都~四川省阿坝藏族羌族自治州阿坝县,,Z07564,
2747,贵阳,贵州省黔南布依族苗族自治州长顺县,贵阳~贵州省黔南布依族苗族自治州长顺县,,Z06740,
2748,贵阳,贵州省铜仁市江口县,贵阳~贵州省铜仁市江口县,,Z06787,
2749,贵阳,贵州省毕节市纳雍县,贵阳~贵州省毕节市纳雍县,,Z06735,
2750,贵阳,贵州省黔南布依族苗族自治州都匀市,贵阳~贵州省黔南布依族苗族自治州都匀市,,Z06739,
2751,贵港,广西壮族自治区玉林市北流市,贵港~广西壮族自治区玉林市北流市,,Z08386,
2752,柳州,广西壮族自治区桂林市全州县,柳州~广西壮族自治区桂林市全州县,,Z09635,
2753,,,~,,ZZ1011,
2754,成都,四川省自贡市沿滩区,成都~四川省自贡市沿滩区,,Z09758,
2755,成都,四川省成都市武侯区,成都~四川省成都市武侯区,,Z07591,
2756,,,~,,Z10219,
2757,成都,四川省成都市蒲江县,成都~四川省成都市蒲江县,,Z07587,
2758,成都,四川省成都市青白江区,成都~四川省成都市青白江区,,Z07588,
2759,南充,四川省遂宁市射洪市,南充~四川省遂宁市射洪市,,Z07769,
2760,东莞,广东省东莞市,东莞~广东省东莞市,,Z07951,
2761,和田,新疆维吾尔自治区和田地区和田市,和田~新疆维吾尔自治区和田地区和田市,,Z08603,
2762,,北京市北京市朝阳区,~北京市北京市朝阳区,,Z03690,
2763,,北京市北京市朝阳区,~北京市北京市朝阳区,,Z05863,
2764,东莞,广东省东莞市,东莞~广东省东莞市,,Z08054,
2765,,黑龙江省佳木斯市同江市,~黑龙江省佳木斯市同江市,,Z04553,
2766,赣州,江西省吉安市吉州区,赣州~江西省吉安市吉州区,,Z09923,
2767,,辽宁省阜新市细河区,~辽宁省阜新市细河区,,Z04457,
2768,成都,四川省成都市金牛区,成都~四川省成都市金牛区,,Z07718,
2769,南充,四川省南充市蓬安县,南充~四川省南充市蓬安县,,Z07763,
2770,成都,四川省乐山市沐川县,成都~四川省乐山市沐川县,,Z07646,
2771,成都,四川省阿坝藏族羌族自治州茂县,成都~四川省阿坝藏族羌族自治州茂县,,Z07570,
2772,成都,四川省成都市郫都区,成都~四川省成都市郫都区,,Z07586,
2773,成都,四川省雅安市雨城区,成都~四川省雅安市雨城区,,Z09778,
2774,成都,四川省甘孜藏族自治州白玉县,成都~四川省甘孜藏族自治州白玉县,,Z07608,
2775,成都,四川省乐山市马边彝族自治县,成都~四川省乐山市马边彝族自治县,,Z07645,
2776,成都,四川省雅安市汉源县,成都~四川省雅安市汉源县,,Z07686,
2777,成都,四川省雅安市荥经县,成都~四川省雅安市荥经县,,Z07691,
2778,,,~,,ZZ1993,
2779,福州,福建省福州市罗源县,福州~福建省福州市罗源县,,Z06126,
2780,南充,四川省南充市营山县,南充~四川省南充市营山县,,Z07766,
2781,和田,新疆维吾尔自治区和田地区墨玉县,和田~新疆维吾尔自治区和田地区墨玉县,,Z08607,
2782,重庆,重庆市重庆市巫溪县,重庆~重庆市重庆市巫溪县,,Z09732,
2783,重庆,重庆市重庆市秀山土家族苗族自治县,重庆~重庆市重庆市秀山土家族苗族自治县,,Z06915,
2784,重庆,重庆市重庆市北碚区,重庆~重庆市重庆市北碚区,,Z09922,
2785,昆明,云南省红河哈尼族彝族自治州弥勒市,昆明~云南省红河哈尼族彝族自治州弥勒市,,Z07069,
2786,大理,云南省大理白族自治州大理市,大理~云南省大理白族自治州大理市,,Z07001,
2787,大理,云南省大理白族自治州祥云县,大理~云南省大理白族自治州祥云县,,Z06983,
2788,重庆,重庆市重庆市大渡口区,重庆~重庆市重庆市大渡口区,,Z09918,
2789,昆明,云南省昆明市官渡区,昆明~云南省昆明市官渡区,,Z10202,
2790,昆明,云南省昆明市盘龙区,昆明~云南省昆明市盘龙区,,Z10185,
2791,昆明,云南省玉溪市易门县,昆明~云南省玉溪市易门县,,Z07120,
2792,昆明,云南省文山壮族苗族自治州广南县,昆明~云南省文山壮族苗族自治州广南县,,Z07111,
2793,昆明,云南省昭通市巧家县,昆明~云南省昭通市巧家县,,Z07123,
2794,昆明,,昆明~,,Z07072,
2795,南充,四川省达州市通川区,南充~四川省达州市通川区,,Z09873,
2796,南充,四川省遂宁市蓬溪县,南充~四川省遂宁市蓬溪县,,Z07770,
2797,南充,四川省遂宁市大英县,南充~四川省遂宁市大英县,,Z07768,
2798,成都,四川省内江市东兴区,成都~四川省内江市东兴区,,Z10046,
2799,成都,四川省泸州市合江县,成都~四川省泸州市合江县,,Z07651,
2800,成都,四川省成都市新都区,成都~四川省成都市新都区,,Z07593,
2801,,山东省日照市莒县,~山东省日照市莒县,,Z10287,
2802,赣州,江西省南昌市青云谱区,赣州~江西省南昌市青云谱区,,Z09924,
2803,成都,四川省内江市威远县,成都~四川省内江市威远县,,Z07670,
2804,南充,四川省南充市仪陇县,南充~四川省南充市仪陇县,,Z07765,
2805,成都,四川省泸州市古蔺县,成都~四川省泸州市古蔺县,,Z08858,
2806,成都,四川省攀枝花市米易县,成都~四川省攀枝花市米易县,,Z07719,
2807,成都,四川省成都市双流区,成都~四川省成都市双流区,,Z07590,
2808,大理,云南省德宏傣族景颇族自治州瑞丽市,大理~云南省德宏傣族景颇族自治州瑞丽市,,Z06999,
2809,昆明,云南省昆明市宜良县,昆明~云南省昆明市宜良县,,Z07081,
2810,昆明,云南省昭通市鲁甸县,昆明~云南省昭通市鲁甸县,,Z07145,
2811,昆明,云南省文山壮族苗族自治州文山市,昆明~云南省文山壮族苗族自治州文山市,,Z07113,
2812,重庆,重庆市重庆市彭水苗族土家族自治县,重庆~重庆市重庆市彭水苗族土家族自治县,,Z06902,
2813,重庆,重庆市重庆市江津区,重庆~重庆市重庆市江津区,,Z06897,
2814,重庆,重庆市重庆市荣昌区,重庆~重庆市重庆市荣昌区,,Z06905,
2815,遵义,贵州省遵义市凤冈县,遵义~贵州省遵义市凤冈县,,Z06928,
2816,遵义,贵州省铜仁市印江土家族苗族自治县,遵义~贵州省铜仁市印江土家族苗族自治县,,Z06947,
2817,贵阳,贵州省贵阳市南明区,贵阳~贵州省贵阳市南明区,,Z09344,
2818,长沙,湖南省长沙市长沙县,长沙~湖南省长沙市长沙县,,Z07290,
2819,遵义,贵州省毕节市金沙县,遵义~贵州省毕节市金沙县,,Z06949,
2820,昆明,云南省昆明市禄劝彝族苗族自治县,昆明~云南省昆明市禄劝彝族苗族自治县,,Z07079,
2821,贵阳,贵州省毕节市赫章县,贵阳~贵州省毕节市赫章县,,Z06733,
2822,贵阳,贵州省黔东南苗族侗族自治州镇远县,贵阳~贵州省黔东南苗族侗族自治州镇远县,,Z06779,
2823,昆明,云南省红河哈尼族彝族自治州蒙自市,昆明~云南省红河哈尼族彝族自治州蒙自市,,Z07067,
2824,大理,云南省大理白族自治州漾濞彝族自治县,大理~云南省大理白族自治州漾濞彝族自治县,,Z07023,
2825,三水基地,广东省佛山市顺德区,三水基地~广东省佛山市顺德区,,Z02208,
2826,昆明,云南省曲靖市麒麟区,昆明~云南省曲靖市麒麟区,,Z10189,
2827,喀什,新疆维吾尔自治区喀什地区疏附县,喀什~新疆维吾尔自治区喀什地区疏附县,,Z10110,
2828,和田,新疆维吾尔自治区和田地区于田县,和田~新疆维吾尔自治区和田地区于田县,,Z08609,
2829,和田,新疆维吾尔自治区和田地区策勒县,和田~新疆维吾尔自治区和田地区策勒县,,Z08604,
2830,喀什,新疆维吾尔自治区喀什地区叶城县,喀什~新疆维吾尔自治区喀什地区叶城县,,Z05710,
2831,喀什,新疆维吾尔自治区喀什地区英吉沙县,喀什~新疆维吾尔自治区喀什地区英吉沙县,,Z05711,
2832,喀什,新疆维吾尔自治区喀什地区喀什市,喀什~新疆维吾尔自治区喀什地区喀什市,,Z05704,
2833,淮安,江苏省盐城市,淮安~江苏省盐城市,,Z06333,
2834,喀什,新疆维吾尔自治区喀什地区泽普县,喀什~新疆维吾尔自治区喀什地区泽普县,,Z05713,
2835,喀什,新疆维吾尔自治区喀什地区伽师县,喀什~新疆维吾尔自治区喀什地区伽师县,,Z05728,
2836,和田,新疆维吾尔自治区和田地区皮山县,和田~新疆维吾尔自治区和田地区皮山县,,Z08608,
2837,贵阳,贵州省黔南布依族苗族自治州龙里县,贵阳~贵州省黔南布依族苗族自治州龙里县,,Z06747,
2838,贵阳,贵州省贵阳市清镇市,贵阳~贵州省贵阳市清镇市,,Z06759,
2839,昆明,云南省西双版纳傣族自治州勐海县,昆明~云南省西双版纳傣族自治州勐海县,,Z07183,
2840,成都,四川省攀枝花市东区,成都~四川省攀枝花市东区,,Z09951,
2841,成都,四川省成都市邛崃市,成都~四川省成都市邛崃市,,Z07589,
2842,成都,四川省成都市武侯区,成都~四川省成都市武侯区,,Z09911,
2843,重庆,重庆市重庆市铜梁区,重庆~重庆市重庆市铜梁区,,Z06908,
2844,重庆,重庆市重庆市南岸区,重庆~重庆市重庆市南岸区,,Z09919,
2845,汕头,广东省汕头市,汕头~广东省汕头市,,Z06382,
2846,东莞,广东省东莞市,东莞~广东省东莞市,,Z08018,
2847,贵阳,贵州省毕节市七星关区,贵阳~贵州省毕节市七星关区,,Z09334,
2848,广州,广东省中山市,广州~广东省中山市,,Z09328,
2849,重庆,重庆市重庆市南川区,重庆~重庆市重庆市南川区,,Z06901,
2850,昆明,云南省昆明市呈贡区,昆明~云南省昆明市呈贡区,,Z07075,
2851,大理,云南省临沧市双江拉祜族佤族布朗族傣族自治县,大理~云南省临沧市双江拉祜族佤族布朗族傣族自治县,,Z07022,
2852,大理,云南省临沧市永德县,大理~云南省临沧市永德县,,Z06996,
2853,遵义,贵州省遵义市习水县,遵义~贵州省遵义市习水县,,Z06921,
2854,贵阳,贵州省黔南布依族苗族自治州罗甸县,贵阳~贵州省黔南布依族苗族自治州罗甸县,,Z06748,
2855,,陕西省西安市雁塔区,~陕西省西安市雁塔区,,Z05633,
2856,喀什,新疆维吾尔自治区喀什地区巴楚县,喀什~新疆维吾尔自治区喀什地区巴楚县,,Z05702,
2857,贵阳,贵州省贵阳市花溪区,贵阳~贵州省贵阳市花溪区,,Z06755,
2858,遵义,贵州省遵义市赤水市,遵义~贵州省遵义市赤水市,,Z06922,
2859,贵阳,贵州省安顺市西秀区,贵阳~贵州省安顺市西秀区,,Z10316,
2860,贵阳,贵州省黔东南苗族侗族自治州凯里市,贵阳~贵州省黔东南苗族侗族自治州凯里市,,Z06765,
2861,贵阳,贵州省黔南布依族苗族自治州都匀市,贵阳~贵州省黔南布依族苗族自治州都匀市,,Z06751,
2862,,陕西省西安市雁塔区,~陕西省西安市雁塔区,,Z05667,
2863,深圳,广东省深圳市福田区,深圳~广东省深圳市福田区,,Z07965,
2864,,黑龙江省牡丹江市,~黑龙江省牡丹江市,,Z04546,
2865,,黑龙江省鹤岗市东山区,~黑龙江省鹤岗市东山区,,Z09690,
2866,,河北省廊坊市,~河北省廊坊市,,Z04362,
2867,泉州,福建省泉州市鲤城区,泉州~福建省泉州市鲤城区,,Z08896,
2868,南昌,河南省郑州市金水区,南昌~河南省郑州市金水区,,Z09748,
2869,,河南省商丘市睢阳区,~河南省商丘市睢阳区,,Z10017,
2870,,河南省安阳市殷都区,~河南省安阳市殷都区,,Z10508,
2871,柳州,广西壮族自治区柳州市鱼峰区,柳州~广西壮族自治区柳州市鱼峰区,,Z10510,
2872,,安徽省合肥市包河区,~安徽省合肥市包河区,,Z06562,
2873,,辽宁省铁岭市银州区,~辽宁省铁岭市银州区,,Z10137,
2874,,,~,,ZZ0883,
2875,,新疆维吾尔自治区乌鲁木齐市新市区,~新疆维吾尔自治区乌鲁木齐市新市区,,Z09958,
2876,喀什,新疆维吾尔自治区喀什地区莎车县,喀什~新疆维吾尔自治区喀什地区莎车县,,Z05705,
2877,和田,新疆维吾尔自治区和田地区洛浦县,和田~新疆维吾尔自治区和田地区洛浦县,,Z08605,
2878,,黑龙江省大庆市,~黑龙江省大庆市,,Z09696,
2879,重庆,重庆市重庆市璧山区,重庆~重庆市重庆市璧山区,,Z06888,
2880,重庆,重庆市重庆市沙坪坝区,重庆~重庆市重庆市沙坪坝区,,Z09921,
2881,重庆,重庆市重庆市万州区,重庆~重庆市重庆市万州区,,Z06911,
2882,重庆,重庆市重庆市巴南区,重庆~重庆市重庆市巴南区,,Z09920,
2883,重庆,重庆市重庆市江北区,重庆~重庆市重庆市江北区,,Z09914,
2884,昆明,云南省昆明市西山区,昆明~云南省昆明市西山区,,Z10187,
2885,重庆,重庆市重庆市大足区,重庆~重庆市重庆市大足区,,Z06891,
2886,昆明,云南省昆明市官渡区,昆明~云南省昆明市官渡区,,Z10185,
2887,大理,云南省怒江傈僳族自治州泸水市,大理~云南省怒江傈僳族自治州泸水市,,Z07003,
2888,成都,四川省阿坝藏族羌族自治州若尔盖县,成都~四川省阿坝藏族羌族自治州若尔盖县,,Z07572,
2889,成都,四川省甘孜藏族自治州石渠县,成都~四川省甘孜藏族自治州石渠县,,Z07622,
2890,重庆,重庆市重庆市渝北区,重庆~重庆市重庆市渝北区,,Z09915,
2891,成都,四川省自贡市富顺县,成都~四川省自贡市富顺县,,Z07743,
2892,,陕西省西安市灞桥区,~陕西省西安市灞桥区,,Z05609,
2893,成都,,成都~,,Z07590,
2894,南充,四川省达州市大竹县,南充~四川省达州市大竹县,,Z07749,
2895,成都,四川省绵阳市涪城区,成都~四川省绵阳市涪城区,,Z09757,
2896,成都,四川省乐山市市中区,成都~四川省乐山市市中区,,Z09913,
2897,成都,四川省成都市温江区,成都~四川省成都市温江区,,Z07592,
2898,贵阳,贵州省贵阳市乌当区,贵阳~贵州省贵阳市乌当区,,Z06760,
2899,大理,云南省怒江傈僳族自治州贡山独龙族怒族自治县,大理~云南省怒江傈僳族自治州贡山独龙族怒族自治县,,Z08618,
2900,昆明,云南省普洱市江城哈尼族彝族自治县,昆明~云南省普洱市江城哈尼族彝族自治县,,Z07168,
2901,,,~,,Z08840,
2902,,,~,,ZZ2011,
2903,,,~,,Z05943,
2904,,新疆维吾尔自治区阿克苏地区温宿县,~新疆维吾尔自治区阿克苏地区温宿县,,Z05756,
2905,,,~,,Z05920,
2906,,,~,,Z09453,
2907,,安徽省蚌埠市蚌山区,~安徽省蚌埠市蚌山区,,Z10478,
2908,南昌,北京市北京市朝阳区,南昌~北京市北京市朝阳区,,000001,
2909,,山东省淄博市张店区,~山东省淄博市张店区,,Z05845,
2910,,云南省昆明市盘龙区,~云南省昆明市盘龙区,,Z10185,
2911,,贵州省黔南布依族苗族自治州平塘县,~贵州省黔南布依族苗族自治州平塘县,,Z06820,
2912,,山东省枣庄市,~山东省枣庄市,,Z09411,
2913,,,~,,Z05944,
2914,武汉,,武汉~,,000001,
2915,泉州,福建省泉州市鲤城区,泉州~福建省泉州市鲤城区,,Z09069,
2916,淮安,江苏省泰州市姜堰区,淮安~江苏省泰州市姜堰区,,Z10498,
2917,,山西省大同市浑源县,~山西省大同市浑源县,,Z03955,
2918,泉州,福建省厦门市翔安区,泉州~福建省厦门市翔安区,,Z08976,
2919,,山西省晋中市左权县,~山西省晋中市左权县,,Z03975,
2920,,,~,,Z05942,
2921,,,~,,ZZ1945,
2922,,,~,,Z05805,
2923,武汉,湖北省武汉市,武汉~湖北省武汉市,,Z09896,
2924,福州,福建省福州市平潭县,福州~福建省福州市平潭县,,Z06129,
2925,广州,广东省清远市阳山县,广州~广东省清远市阳山县,,Z07969,
2926,邵阳,,邵阳~,,Z07412,
2927,福州,福建省福州市福清市,福州~福建省福州市福清市,,Z06124,
2928,,新疆维吾尔自治区和田地区,~新疆维吾尔自治区和田地区,,Z08603,
2929,,黑龙江省牡丹江市东宁市,~黑龙江省牡丹江市东宁市,,Z04626,
2930,,陕西省汉中市南郑区,~陕西省汉中市南郑区,,Z10093,
2931,柳州,广西壮族自治区河池市天峨县,柳州~广西壮族自治区河池市天峨县,,Z09643,
2932,,山东省济南市天桥区,~山东省济南市天桥区,,Z09399,
2933,淮安,江苏省盐城市射阳县,淮安~江苏省盐城市射阳县,,Z06335,
2934,,,~,,ZZ0990,
2935,武汉,湖北省仙桃市仙桃市,武汉~湖北省仙桃市仙桃市,,Z10499,
2936,三水基地,深圳,三水基地~深圳,汽运,ZZ0184,1
2937,贵州基地,遵义,贵州基地~遵义,汽运,ZZ1198,1
2938,贵州基地,昆明,贵州基地~昆明,汽运,ZZ1199,1
2939,贵州基地,贵阳,贵州基地~贵阳,汽运,ZZ1197,1
2940,贵州基地,大理,贵州基地~大理,汽运,ZZ1200,1
2941,,,~,,ZZ0335,
2942,,,~,,ZZ1218,
2943,,陕西省西安市雁塔区,~陕西省西安市雁塔区,,Z10086,
2944,昆明,云南省昭通市彝良县,昆明~云南省昭通市彝良县,,Z07127,
2945,昆明,云南省红河哈尼族彝族自治州石屏县,昆明~云南省红河哈尼族彝族自治州石屏县,,Z07070,
2946,昆明,云南省文山壮族苗族自治州西畴县,昆明~云南省文山壮族苗族自治州西畴县,,Z07146,
2947,贵阳,贵州省贵阳市开阳县,贵阳~贵州省贵阳市开阳县,,Z06756,
2948,贵阳,贵州省贵阳市开阳县,贵阳~贵州省贵阳市开阳县,,Z06754,
2949,贵阳,贵州省黔东南苗族侗族自治州凯里市,贵阳~贵州省黔东南苗族侗族自治州凯里市,,Z09350,
2950,昆明,云南省红河哈尼族彝族自治州元阳县,昆明~云南省红河哈尼族彝族自治州元阳县,,Z07071,
2951,南宁,广西壮族自治区南宁市武鸣区,南宁~广西壮族自治区南宁市武鸣区,,Z09616,
2952,,山东省淄博市高青县,~山东省淄博市高青县,,Z05907,
2953,,,~,,ZZ2097,
2954,泉州,福建省福州市台江区,泉州~福建省福州市台江区,,Z09032,
2955,,陕西省西安市高陵区,~陕西省西安市高陵区,,Z10090,
2956,,河南省洛阳市老城区,~河南省洛阳市老城区,,Z04938,
2957,,,~,,Z09921,
2958,,,~,,ZZ0162,
2959,,黑龙江省哈尔滨市双城区,~黑龙江省哈尔滨市双城区,,Z09673,
2960,,四川省甘孜藏族自治州色达县,~四川省甘孜藏族自治州色达县,,Z07621,
2961,,,~,,ZZ2062,
2962,,,~,,ZZ2075,
2963,,,~,,ZZ0808,
2964,淮安,江苏省泰州市泰兴市,淮安~江苏省泰州市泰兴市,,Z06321,
2965,杭州,浙江省杭州市钱塘区,杭州~浙江省杭州市钱塘区,,Z09091,
2966,武汉,湖北省武汉市东西湖区,武汉~湖北省武汉市东西湖区,,Z07265,
2967,,,~,,ZZ2258,
2968,,西藏自治区昌都市,~西藏自治区昌都市,,Z07708,
2969,,山东省烟台市栖霞市,~山东省烟台市栖霞市,,Z05930,
2970,,贵州省六盘水市水城区,~贵州省六盘水市水城区,,Z06860,
2971,,,~,,Z08901,
2972,赣州,江西省吉安市井冈山市,赣州~江西省吉安市井冈山市,,Z08920,
2973,,黑龙江省绥化市青冈县,~黑龙江省绥化市青冈县,,Z09673,
2974,柳州,广西壮族自治区南宁市兴宁区,柳州~广西壮族自治区南宁市兴宁区,,Z08272,
2975,福州,福建省莆田市仙游县,福州~福建省莆田市仙游县,,Z09253,
2976,,,~,,ZZ0799,
2977,武汉,,武汉~,,Z09894,
2978,汕头,广东省梅州市,汕头~广东省梅州市,,Z06397,
2979,,,~,,ZZ0983,
2980,泉州,福建省漳州市东山县,泉州~福建省漳州市东山县,,Z06262,
2981,武汉,湖北省黄石市下陆区,武汉~湖北省黄石市下陆区,,Z10176,
2982,,山东省临沂市兰山区,~山东省临沂市兰山区,,Z05824,
2983,,河北省沧州市,~河北省沧州市,,Z08711,
2984,长沙,湖南省岳阳市湘阴县,长沙~湖南省岳阳市湘阴县,,Z07373,
2985,,,~,,Z05927,
2986,南宁,广西壮族自治区南宁市武鸣区,南宁~广西壮族自治区南宁市武鸣区,,Z09375,
2987,,新疆维吾尔自治区克孜勒苏柯尔克孜自治州阿合奇县,~新疆维吾尔自治区克孜勒苏柯尔克孜自治州阿合奇县,,Z05765,
2988,,四川省绵阳市北川羌族自治县,~四川省绵阳市北川羌族自治县,,Z07739,
2989,,,~,,Z05912,
2990,,河南省洛阳市汝阳县,~河南省洛阳市汝阳县,,Z04938,
2991,,河北省衡水市武邑县,~河北省衡水市武邑县,,Z08705,
2992,柳州,广西壮族自治区河池市金城江区,柳州~广西壮族自治区河池市金城江区,,Z10308,
2993,,,~,,Z05914,
2994,,,~,,ZZ1346,
2995,,,~,,ZZ1347,
2996,,,~,,ZZ2045,
2997,,河南省濮阳市清丰县,~河南省濮阳市清丰县,,Z05019,
2998,,,~,,Z10306,
2999,,,~,,Z05915,
3000,,,~,,Z09449,
3001,,山西省临汾市隰县,~山西省临汾市隰县,,Z03987,
3002,柳州,广西壮族自治区南宁市兴宁区,柳州~广西壮族自治区南宁市兴宁区,,Z09636,
3003,南宁,广西壮族自治区南宁市兴宁区,南宁~广西壮族自治区南宁市兴宁区,,Z08082,
3004,,四川省凉山彝族自治州宁南县,~四川省凉山彝族自治州宁南县,,Z07728,
3005,东莞,广东省东莞市东莞市,东莞~广东省东莞市东莞市,,Z08047,
3006,武汉,北京市北京市朝阳区,武汉~北京市北京市朝阳区,,000001,
3007,,内蒙古自治区锡林郭勒盟正蓝旗,~内蒙古自治区锡林郭勒盟正蓝旗,,Z04862,
3008,荆州,湖北省荆州市监利市,荆州~湖北省荆州市监利市,,Z07513,
3009,杭州,浙江省宁波市镇海区,杭州~浙江省宁波市镇海区,,Z09085,
3010,,,~,,ZZ0152,
3011,,,~,,ZZ0153,
3012,,,~,,ZZ0308,
3013,,,~,,ZZ0805,
3014,,,~,,ZZ0806,
3015,淮安,,淮安~,,Z06335,
3016,,黑龙江省伊春市伊美区,~黑龙江省伊春市伊美区,,Z04566,
3017,,辽宁省本溪市,~辽宁省本溪市,,Z10112,
3018,,,~,,Z10164,
3019,,四川省阿坝藏族羌族自治州若尔盖县,~四川省阿坝藏族羌族自治州若尔盖县,,Z10167,
3020,柳州,广西壮族自治区贺州市富川瑶族自治县,柳州~广西壮族自治区贺州市富川瑶族自治县,,Z10399,
3021,杭州,浙江省绍兴市柯桥区,杭州~浙江省绍兴市柯桥区,,Z09078,
3022,,,~,,ZZ1135,
3023,,黑龙江省鹤岗市东山区,~黑龙江省鹤岗市东山区,,Z04566,
3024,,贵州省黔南布依族苗族自治州平塘县,~贵州省黔南布依族苗族自治州平塘县,,Z06750,
3025,,贵州省黔东南苗族侗族自治州黎平县,~贵州省黔东南苗族侗族自治州黎平县,,Z07202,
3026,,山东省济南市历城区,~山东省济南市历城区,,Z09400,
3027,,辽宁省沈阳市于洪区,~辽宁省沈阳市于洪区,,Z04463,
3028,海口,海南省三亚市海棠区,海口~海南省三亚市海棠区,,Z10068,
3029,广州,广东省清远市连山壮族瑶族自治县,广州~广东省清远市连山壮族瑶族自治县,,Z07970,
3030,淮安,,淮安~,,Z06350,
3031,,四川省甘孜藏族自治州康定市,~四川省甘孜藏族自治州康定市,,Z07617,
3032,,四川省广安市广安区,~四川省广安市广安区,,Z09874,
3033,南京,江苏省常州市武进区,南京~江苏省常州市武进区,,Z06607,
3034,,青海省玉树藏族自治州杂多县,~青海省玉树藏族自治州杂多县,,Z05781,
3035,福州,福建省泉州市南安市,福州~福建省泉州市南安市,,Z06178,
3036,,云南省大理白族自治州宾川县,~云南省大理白族自治州宾川县,,Z07130,
3037,,河北省沧州市吴桥县,~河北省沧州市吴桥县,,Z08722,
3038,,,~,,ZZ0337,
3039,广州,,广州~,,Z09318,
3040,南昌,江西省南昌市新建区,南昌~江西省南昌市新建区,,Z09749,
3041,,河北省沧州市沧县,~河北省沧州市沧县,,Z08753,
3042,泉州,福建省泉州市洛江区,泉州~福建省泉州市洛江区,,Z09006,
3043,,山东省烟台市福山区,~山东省烟台市福山区,,Z09456,
3044,,陕西省延安市延长县,~陕西省延安市延长县,,Z05619,
3045,赣州,江西省赣州市大余县,赣州~江西省赣州市大余县,,Z08927,
3046,广州,广东省韶关市,广州~广东省韶关市,,Z09330,
3047,广州,广东省清远市佛冈县,广州~广东省清远市佛冈县,,Z07969,
3048,,山东省临沂市兰山区,~山东省临沂市兰山区,,Z09407,
3049,,云南省大理白族自治州巍山彝族回族自治县,~云南省大理白族自治州巍山彝族回族自治县,,Z07132,
3050,咸宁,,咸宁~,,ZZ1293,
3051,淮安,,淮安~,,Z06330,
3052,淮安,江苏省淮安市,淮安~江苏省淮安市,,Z06348,
3053,,新疆维吾尔自治区伊犁哈萨克自治州巩留县,~新疆维吾尔自治区伊犁哈萨克自治州巩留县,,Z05434,
3054,,,~,,Z09905,
3055,贵港,广西壮族自治区贵港市港南区,贵港~广西壮族自治区贵港市港南区,,Z09657,
3056,,安徽省滁州市来安县,~安徽省滁州市来安县,,Z06566,
3057,,内蒙古自治区呼和浩特市回民区,~内蒙古自治区呼和浩特市回民区,,Z09726,
3058,,陕西省咸阳市旬邑县,~陕西省咸阳市旬邑县,,Z05662,
3059,,陕西省咸阳市渭城区,~陕西省咸阳市渭城区,,Z05612,
3060,,陕西省商洛市丹凤县,~陕西省商洛市丹凤县,,Z05661,
3061,淮安,,淮安~,,Z06346,
3062,,贵州省遵义市余庆县,~贵州省遵义市余庆县,,Z09470,
3063,,贵州省遵义市汇川区,~贵州省遵义市汇川区,,Z06924,
3064,,河南省郑州市中牟县,~河南省郑州市中牟县,,Z09969,
3065,,山西省朔州市平鲁区,~山西省朔州市平鲁区,,Z04001,
3066,,山西省朔州市,~山西省朔州市,,Z04002,
3067,湛江,广东省湛江市霞山区,湛江~广东省湛江市霞山区,,Z06365,
3068,淮安,江苏省盐城市阜宁县,淮安~江苏省盐城市阜宁县,,Z09547,
3069,武汉,湖北省鄂州市华容区,武汉~湖北省鄂州市华容区,,Z09146,
3070,,甘肃省平凉市崇信县,~甘肃省平凉市崇信县,,Z05549,
3071,,陕西省商洛市洛南县,~陕西省商洛市洛南县,,Z05660,
3072,,四川省成都市武侯区,~四川省成都市武侯区,,Z09875,
3073,上海,江苏省南京市鼓楼区,上海~江苏省南京市鼓楼区,,,
3074,,山西省晋中市榆社县,~山西省晋中市榆社县,,Z03974,
3075,,新疆维吾尔自治区喀什地区,~新疆维吾尔自治区喀什地区,,Z05704,
3076,,四川省内江市资中县,~四川省内江市资中县,,Z07671,
3077,,,~,,ZZ2050,
3078,,河南省周口市淮阳区,~河南省周口市淮阳区,,Z04879,
3079,泉州,福建省漳州市诏安县,泉州~福建省漳州市诏安县,,Z09248,
3080,,新疆维吾尔自治区阿勒泰地区,~新疆维吾尔自治区阿勒泰地区,,Z05402,
3081,,新疆维吾尔自治区北屯市北屯市,~新疆维吾尔自治区北屯市北屯市,,Z05408,
3082,,山西省忻州市神池县,~山西省忻州市神池县,,Z04025,
3083,,四川省眉山市彭山区,~四川省眉山市彭山区,,Z09912,
3084,,山西省忻州市,~山西省忻州市,,Z09572,
3085,,河北省张家口市张北县,~河北省张家口市张北县,,Z04383,
3086,南宁,广西壮族自治区南宁市武鸣区,南宁~广西壮族自治区南宁市武鸣区,,Z09617,
3087,海口,海南省琼中黎族苗族自治县琼中黎族苗族自治县,海口~海南省琼中黎族苗族自治县琼中黎族苗族自治县,,Z08012,
3088,,陕西省渭南市华州区,~陕西省渭南市华州区,,Z05651,
3089,,云南省大理白族自治州云龙县,~云南省大理白族自治州云龙县,,Z07002,
3090,,河北省邯郸市馆陶县,~河北省邯郸市馆陶县,,Z08685,
3091,,四川省甘孜藏族自治州雅江县,~四川省甘孜藏族自治州雅江县,,Z07625,
3092,淮安,,淮安~,,Z06343,
3093,南宁,广西壮族自治区百色市,南宁~广西壮族自治区百色市,,Z08074,
3094,,黑龙江省哈尔滨市,~黑龙江省哈尔滨市,,Z04526,
3095,,,~,,ZZ2007,
3096,衡阳,湖南省衡阳市耒阳市,衡阳~湖南省衡阳市耒阳市,,Z10480,
3097,,安徽省合肥市包河区,~安徽省合肥市包河区,,Z09849,
3098,,山西省晋中市太谷区,~山西省晋中市太谷区,,Z03973,
3099,南昌,,南昌~,,Z09266,
3100,,山西省临汾市蒲县,~山西省临汾市蒲县,,Z03985,
3101,,河北省张家口市蔚县,~河北省张家口市蔚县,,Z04380,
3102,,河北省张家口市赤城县,~河北省张家口市赤城县,,Z04375,
3103,,陕西省西安市雁塔区,~陕西省西安市雁塔区,,Z10087,
3104,,陕西省西安市雁塔区,~陕西省西安市雁塔区,,Z09907,
3105,广州,广东省韶关市乐昌市,广州~广东省韶关市乐昌市,,Z10486,
3106,,贵州省黔东南苗族侗族自治州黎平县,~贵州省黔东南苗族侗族自治州黎平县,,Z07197,
3107,,贵州省黔东南苗族侗族自治州黎平县,~贵州省黔东南苗族侗族自治州黎平县,,Z06866,
3108,,黑龙江省齐齐哈尔市富拉尔基区,~黑龙江省齐齐哈尔市富拉尔基区,,Z04543,
3109,,贵州省黔西南布依族苗族自治州兴义市,~贵州省黔西南布依族苗族自治州兴义市,,Z09355,
3110,,贵州省贵阳市云岩区,~贵州省贵阳市云岩区,,Z06739,
3111,,山西省长治市沁县,~山西省长治市沁县,,Z04052,
3112,淮安,,淮安~,,Z06347,
3113,,内蒙古自治区赤峰市林西县,~内蒙古自治区赤峰市林西县,,Z04513,
3114,,陕西省咸阳市长武县,~陕西省咸阳市长武县,,Z05671,
3115,,,~,,ZZ2098,
3116,南宁,广西壮族自治区崇左市宁明县,南宁~广西壮族自治区崇左市宁明县,,Z10452,
3117,武汉,湖北省黄冈市浠水县,武汉~湖北省黄冈市浠水县,,Z07248,
3118,,四川省凉山彝族自治州甘洛县,~四川省凉山彝族自治州甘洛县,,Z07721,
3119,,四川省宜宾市翠屏区,~四川省宜宾市翠屏区,,Z07698,
3120,,山西省长治市屯留区,~山西省长治市屯留区,,Z04054,
3121,泉州,福建省漳州市南靖县,泉州~福建省漳州市南靖县,,Z09000,
3122,淮安,江苏省盐城市大丰区,淮安~江苏省盐城市大丰区,,Z06333,
3123,南宁,广西壮族自治区南宁市横州市,南宁~广西壮族自治区南宁市横州市,,Z09604,
3124,,四川省绵阳市平武县,~四川省绵阳市平武县,,Z07664,
3125,,陕西省咸阳市渭城区,~陕西省咸阳市渭城区,,Z10492,
3126,,贵州省黔西南布依族苗族自治州贞丰县,~贵州省黔西南布依族苗族自治州贞丰县,,Z06834,
3127,,河南省平顶山市宝丰县,~河南省平顶山市宝丰县,,Z04908,
3128,,贵州省贵阳市云岩区,~贵州省贵阳市云岩区,,Z06790,
3129,,四川省成都市成华区,~四川省成都市成华区,,Z07718,
3130,,重庆市重庆市巫溪县,~重庆市重庆市巫溪县,,Z09732,
3131,福州,福建省莆田市涵江区,福州~福建省莆田市涵江区,,Z08971,
3132,泉州,福建省漳州市龙海区,泉州~福建省漳州市龙海区,,Z06260,
3133,泉州,福建省泉州市,泉州~福建省泉州市,,Z06304,
3134,,,~,,Z05609,
3135,荆州,湖北省宜昌市长阳土家族自治县,荆州~湖北省宜昌市长阳土家族自治县,,Z10485,
3136,,新疆维吾尔自治区阿克苏地区阿瓦提县,~新疆维吾尔自治区阿克苏地区阿瓦提县,,Z05809,
3137,,云南省普洱市景谷傣族彝族自治县,~云南省普洱市景谷傣族彝族自治县,,Z07154,
3138,,,~,,Z06532,
3139,,山西省晋中市和顺县,~山西省晋中市和顺县,,Z03969,
3140,,,~,,ZZ0142,
3141,,,~,,ZZ0156,
3142,,,~,,ZZ0160,
3143,,,~,,ZZ0139,
3144,,,~,,ZZ0175,
3145,,,~,,ZZ0172,
3146,咸宁,,咸宁~,,ZZ1298,
3147,南昌,江西省九江市柴桑区,南昌~江西省九江市柴桑区,,Z10451,
3148,,,~,,ZZ0827,
3149,福州,,福州~,,Z08988,
3150,,,~,,Z05918,
3151,,河南省南阳市社旗县,~河南省南阳市社旗县,,Z04896,
3152,泉州,福建省泉州市永春县,泉州~福建省泉州市永春县,,Z06298,
3153,,四川省阿坝藏族羌族自治州汶川县,~四川省阿坝藏族羌族自治州汶川县,,Z10168,
3154,,山西省吕梁市岚县,~山西省吕梁市岚县,,Z03993,
3155,,山东省济宁市,~山东省济宁市,,Z05877,
3156,,山东省德州市平原县,~山东省德州市平原县,,Z05869,
3157,咸宁,湖北省咸宁市,咸宁~湖北省咸宁市,,000001,
3158,,云南省玉溪市红塔区,~云南省玉溪市红塔区,,Z07114,
3159,赣州,江西省赣州市会昌县,赣州~江西省赣州市会昌县,,Z08930,
3160,广州,广东省韶关市乳源瑶族自治县,广州~广东省韶关市乳源瑶族自治县,,Z10487,
3161,长沙,湖南省岳阳市华容县,长沙~湖南省岳阳市华容县,,Z07369,
3162,邵阳,湖南省怀化市沅陵县,邵阳~湖南省怀化市沅陵县,,Z10456,
3163,,,~,,Z09458,
3164,长沙,湖南省湘西土家族苗族自治州古丈县,长沙~湖南省湘西土家族苗族自治州古丈县,,Z07553,
3165,荆州,湖北省荆州市监利市,荆州~湖北省荆州市监利市,,Z07886,
3166,,四川省成都市龙泉驿区,~四川省成都市龙泉驿区,,Z09948,
3167,,山西省运城市垣曲县,~山西省运城市垣曲县,,Z04046,
3168,,山东省青岛市平度市,~山东省青岛市平度市,,Z10484,
3169,,山东省济宁市泗水县,~山东省济宁市泗水县,,Z05887,
3170,,陕西省安康市汉滨区,~陕西省安康市汉滨区,,Z05589,
3171,,云南省文山壮族苗族自治州西畴县,~云南省文山壮族苗族自治州西畴县,,Z07146,
3172,,四川省甘孜藏族自治州,~四川省甘孜藏族自治州,,Z07614,
3173,武汉,湖北省神农架林区神农架林区,武汉~湖北省神农架林区神农架林区,,Z10178,
3174,武汉,湖北省神农架林区神农架林区,武汉~湖北省神农架林区神农架林区,,Z07403,
3175,武汉,湖北省十堰市竹溪县,武汉~湖北省十堰市竹溪县,,Z09889,
3176,,,~,,ZZ0787,
3177,,,~,,ZZ0833,
3178,,山西省临汾市曲沃县,~山西省临汾市曲沃县,,Z03986,
3179,,山西省忻州市偏关县,~山西省忻州市偏关县,,Z04024,
3180,,山西省忻州市岢岚县,~山西省忻州市岢岚县,,Z04022,
3181,,山西省运城市夏县,~山西省运城市夏县,,Z04043,
3182,,辽宁省朝阳市龙城区,~辽宁省朝阳市龙城区,,Z10114,
3183,,贵州省六盘水市水城区,~贵州省六盘水市水城区,,Z06856,
3184,,河北省石家庄市,~河北省石家庄市,,Z08727,
3185,,河北省石家庄市井陉县,~河北省石家庄市井陉县,,Z08659,
3186,,陕西省咸阳市,~陕西省咸阳市,,Z05638,
3187,,河南省新乡市红旗区,~河南省新乡市红旗区,,Z09993,
3188,南京,江苏省苏州市相城区,南京~江苏省苏州市相城区,,Z06622,
3189,,贵州省六盘水市水城区,~贵州省六盘水市水城区,,Z07193,
3190,长沙,湖南省湘潭市岳塘区,长沙~湖南省湘潭市岳塘区,,Z07353,
3191,,山东省济南市历下区,~山东省济南市历下区,,Z00939,
3192,南昌,江西省宜春市袁州区,南昌~江西省宜春市袁州区,,Z07806,
3193,深圳,广东省惠州市惠阳区,深圳~广东省惠州市惠阳区,,Z10211,
3194,,黑龙江省绥化市明水县,~黑龙江省绥化市明水县,,Z09673,
3195,,贵州省贵阳市云岩区,~贵州省贵阳市云岩区,,Z09353,
3196,,四川省成都市青白江区,~四川省成都市青白江区,,Z07593,
3197,柳州,广西壮族自治区柳州市三江侗族自治县,柳州~广西壮族自治区柳州市三江侗族自治县,,Z09654,
3198,,云南省大理白族自治州大理市,~云南省大理白族自治州大理市,,Z07049,
3199,湛江,广东省阳江市阳西县,湛江~广东省阳江市阳西县,,Z06370,
3200,,山西省忻州市河曲县,~山西省忻州市河曲县,,Z04020,
3201,,,~,,ZZ0920,
3202,,,~,,ZZ0403,
3203,,贵州省黔东南苗族侗族自治州榕江县,~贵州省黔东南苗族侗族自治州榕江县,,Z06821,
3204,上海,,上海~,,Z06588,
3205,,,~,,Z05588,
3206,南宁,,南宁~,,Z08230,
3207,,四川省阿坝藏族羌族自治州黑水县,~四川省阿坝藏族羌族自治州黑水县,,Z07565,
3208,,,~,,Z06702,
3209,,宁夏回族自治区固原市隆德县,~宁夏回族自治区固原市隆德县,,Z05579,
3210,,陕西省咸阳市,~陕西省咸阳市,,Z08878,
3211,,,~,,Z09962,
3212,,山西省吕梁市兴县,~山西省吕梁市兴县,,Z03998,
3213,衡阳,湖南省郴州市宜章县,衡阳~湖南省郴州市宜章县,,Z07475,
3214,,辽宁省锦州市凌河区,~辽宁省锦州市凌河区,,Z10125,
3215,,河北省邢台市平乡县,~河北省邢台市平乡县,,Z08655,
3216,,山西省朔州市,~山西省朔州市,,Z04000,
3217,,吉林省白城市大安市,~吉林省白城市大安市,,Z04652,
3218,柳州,广西壮族自治区桂林市阳朔县,柳州~广西壮族自治区桂林市阳朔县,,Z09382,
3219,贵港,广西壮族自治区梧州市苍梧县,贵港~广西壮族自治区梧州市苍梧县,,Z10417,
3220,,河南省安阳市殷都区,~河南省安阳市殷都区,,Z05034,
3221,,云南省玉溪市澄江市,~云南省玉溪市澄江市,,Z07115,
3222,南京,江苏省南通市通州区,南京~江苏省南通市通州区,,Z06666,
3223,武汉,湖北省荆州市监利市,武汉~湖北省荆州市监利市,,,
3224,,云南省保山市龙陵县,~云南省保山市龙陵县,,Z10179,
3225,,宁夏回族自治区石嘴山市,~宁夏回族自治区石嘴山市,,Z05657,
3226,,新疆维吾尔自治区喀什地区疏附县,~新疆维吾尔自治区喀什地区疏附县,,Z05702,
3227,,四川省乐山市沐川县,~四川省乐山市沐川县,,Z07646,
3228,,安徽省宣城市,~安徽省宣城市,,Z06560,
3229,,四川省凉山彝族自治州越西县,~四川省凉山彝族自治州越西县,,Z07731,
3230,,新疆维吾尔自治区喀什地区喀什市,~新疆维吾尔自治区喀什地区喀什市,,Z05704,
3231,,新疆维吾尔自治区和田地区和田市,~新疆维吾尔自治区和田地区和田市,,Z08604,
3232,,,~,,ZZ0118,
3233,赣州,江西省赣州市于都县,赣州~江西省赣州市于都县,,Z09746,
3234,,,~,,Z06947,
3235,,黑龙江省大兴安岭地区加格达奇区,~黑龙江省大兴安岭地区加格达奇区,,Z09719,
3236,南京,江苏省无锡市梁溪区,南京~江苏省无锡市梁溪区,,Z06632,
3237,,河南省商丘市梁园区,~河南省商丘市梁园区,,Z10017,
3238,,河南省洛阳市涧西区,~河南省洛阳市涧西区,,Z09979,
3239,,,~,,ZZ1019,
3240,南宁,广西壮族自治区南宁市武鸣区,南宁~广西壮族自治区南宁市武鸣区,,Z08163,
3241,,安徽省宿州市灵璧县,~安徽省宿州市灵璧县,,Z06548,
3242,,青海省玉树藏族自治州治多县,~青海省玉树藏族自治州治多县,,Z05780,
3243,,四川省成都市金牛区,~四川省成都市金牛区,,Z07718,
3244,,,~,,Z05921,
3245,荆州,湖北省宜昌市五峰土家族自治县,荆州~湖北省宜昌市五峰土家族自治县,,Z07546,
3246,荆州,湖北省宜昌市五峰土家族自治县,荆州~湖北省宜昌市五峰土家族自治县,,Z10307,
3247,,贵州省黔西南布依族苗族自治州兴义市,~贵州省黔西南布依族苗族自治州兴义市,,Z06831,
3248,,贵州省黔东南苗族侗族自治州从江县,~贵州省黔东南苗族侗族自治州从江县,,Z09347,
3249,,辽宁省葫芦岛市,~辽宁省葫芦岛市,,Z10315,
3250,,,~,,ZZ1197,
3251,,河北省雄安新区雄县,~河北省雄安新区雄县,,Z08673,
3252,,贵州省贵阳市云岩区,~贵州省贵阳市云岩区,,Z09343,
3253,,山西省大同市天镇县,~山西省大同市天镇县,,Z03957,
3254,,河北省雄安新区容城县,~河北省雄安新区容城县,,Z08675,
3255,,,~,,Z05505,
3256,,云南省昆明市安宁市,~云南省昆明市安宁市,,000001,
3257,,新疆维吾尔自治区博尔塔拉蒙古自治州博乐市,~新疆维吾尔自治区博尔塔拉蒙古自治州博乐市,,Z05411,
3258,,新疆维吾尔自治区哈密市伊吾县,~新疆维吾尔自治区哈密市伊吾县,,Z09952,
3259,,新疆维吾尔自治区伊犁哈萨克自治州,~新疆维吾尔自治区伊犁哈萨克自治州,,Z05437,
3260,,陕西省榆林市子洲县,~陕西省榆林市子洲县,,Z05635,
3261,,新疆维吾尔自治区塔城地区裕民县,~新疆维吾尔自治区塔城地区裕民县,,Z05447,
3262,南昌,,南昌~,,000001,
3263,,四川省凉山彝族自治州木里藏族自治县,~四川省凉山彝族自治州木里藏族自治县,,Z07727,
3264,,甘肃省临夏回族自治州康乐县,~甘肃省临夏回族自治州康乐县,,Z05554,
3265,,山西省忻州市宁武县,~山西省忻州市宁武县,,Z04023,
3266,,山西省晋城市沁水县,~山西省晋城市沁水县,,Z03966,
3267,荆州,湖北省荆州市松滋市,荆州~湖北省荆州市松滋市,,Z07520,
3268,,新疆维吾尔自治区昆玉市昆玉市,~新疆维吾尔自治区昆玉市昆玉市,,Z08607,
3269,,河南省平顶山市舞钢市,~河南省平顶山市舞钢市,,Z04907,
3270,,河北省邯郸市磁县,~河北省邯郸市磁县,,Z08681,
3271,,内蒙古自治区巴彦淖尔市磴口县,~内蒙古自治区巴彦淖尔市磴口县,,Z04851,
3272,,内蒙古自治区鄂尔多斯市鄂托克前旗,~内蒙古自治区鄂尔多斯市鄂托克前旗,,Z04856,
3273,,四川省甘孜藏族自治州稻城县,~四川省甘孜藏族自治州稻城县,,Z10297,
3274,,贵州省黔东南苗族侗族自治州从江县,~贵州省黔东南苗族侗族自治州从江县,,Z06842,
3275,,贵州省安顺市镇宁布依族苗族自治县,~贵州省安顺市镇宁布依族苗族自治县,,Z06729,
3276,,贵州省安顺市,~贵州省安顺市,,Z06730,
3277,,河南省三门峡市陕州区,~河南省三门峡市陕州区,,Z10013,
3278,福州,福建省泉州市晋江市,福州~福建省泉州市晋江市,,Z06173,
3279,,云南省红河哈尼族彝族自治州,~云南省红河哈尼族彝族自治州,,Z07060,
3280,,,~,,ZZ2257,
3281,,山西省运城市绛县,~山西省运城市绛县,,Z04037,
3282,,陕西省延安市吴起县,~陕西省延安市吴起县,,Z05618,
3283,,陕西省延安市安塞区,~陕西省延安市安塞区,,Z05614,
3284,福州,福建省泉州市丰泽区,福州~福建省泉州市丰泽区,,Z08870,
3285,南昌,江西省九江市柴桑区,南昌~江西省九江市柴桑区,,Z09284,
3286,南京,江苏省苏州市姑苏区,南京~江苏省苏州市姑苏区,,Z06610,
3287,,山东省聊城市东阿县,~山东省聊城市东阿县,,Z05822,
3288,南昌,,南昌~,,Z09750,
3289,,甘肃省甘南藏族自治州,~甘肃省甘南藏族自治州,,Z05469,
3290,,内蒙古自治区乌兰察布市集宁区,~内蒙古自治区乌兰察布市集宁区,,Z10491,
3291,上海,上海市上海市徐汇区,上海~上海市上海市徐汇区,,Z06591,
3292,,四川省凉山彝族自治州美姑县,~四川省凉山彝族自治州美姑县,,Z07734,
3293,,四川省凉山彝族自治州冕宁县,~四川省凉山彝族自治州冕宁县,,Z07732,
3294,贵港,广西壮族自治区梧州市岑溪市,贵港~广西壮族自治区梧州市岑溪市,,Z08380,
3295,,贵州省遵义市播州区,~贵州省遵义市播州区,,Z06952,
3296,武汉,湖北省鄂州市梁子湖区,武汉~湖北省鄂州市梁子湖区,,Z09888,
3297,,河南省焦作市,~河南省焦作市,,Z06071,
3298,,河北省雄安新区安新县,~河北省雄安新区安新县,,Z08668,
3299,,重庆市重庆市渝北区,~重庆市重庆市渝北区,,Z06890,
3300,,河北省保定市曲阳县,~河北省保定市曲阳县,,Z08662,
3301,,四川省宜宾市珙县,~四川省宜宾市珙县,,Z07695,
3302,,四川省宜宾市屏山县,~四川省宜宾市屏山县,,Z10050,
3303,长沙,湖南省长沙市天心区,长沙~湖南省长沙市天心区,,Z09516,
3304,,陕西省咸阳市,~陕西省咸阳市,,Z05576,
3305,,甘肃省定西市渭源县,~甘肃省定西市渭源县,,Z05553,
3306,,甘肃省白银市景泰县,~甘肃省白银市景泰县,,Z05478,
3307,,山东省烟台市海阳市,~山东省烟台市海阳市,,Z05925,
3308,武汉,湖北省十堰市房县,武汉~湖北省十堰市房县,,Z07557,
3309,深圳,广东省惠州市,深圳~广东省惠州市,,Z08900,
3310,,陕西省宝鸡市陈仓区,~陕西省宝鸡市陈仓区,,Z10097,
3311,,辽宁省本溪市,~辽宁省本溪市,,Z08838,
3312,,天津市天津市北辰区,~天津市天津市北辰区,,Z08464,
3313,,山西省朔州市右玉县,~山西省朔州市右玉县,,Z04005,
3314,,河南省焦作市武陟县,~河南省焦作市武陟县,,Z05003,
3315,,河南省郑州市新郑市,~河南省郑州市新郑市,,Z09969,
3316,,宁夏回族自治区银川市,~宁夏回族自治区银川市,,Z10166,
3317,荆州,湖北省襄阳市老河口市,荆州~湖北省襄阳市老河口市,,Z07539,
3318,,山东省日照市东港区,~山东省日照市东港区,,Z10287,
3319,,山东省青岛市李沧区,~山东省青岛市李沧区,,Z09450,
3320,,四川省宜宾市长宁县,~四川省宜宾市长宁县,,Z07693,
3321,海口,海南省海口市龙华区,海口~海南省海口市龙华区,,Z10067,
3322,,河南省郑州市中原区,~河南省郑州市中原区,,Z09968,
3323,,河南省新乡市卫滨区,~河南省新乡市卫滨区,,Z09994,
3324,,内蒙古自治区呼伦贝尔市新巴尔虎左旗,~内蒙古自治区呼伦贝尔市新巴尔虎左旗,,Z10482,
3325,,北京市北京市朝阳区,~北京市北京市朝阳区,,Z04333,
3326,,云南省怒江傈僳族自治州福贡县,~云南省怒江傈僳族自治州福贡县,,Z07096,
3327,,云南省怒江傈僳族自治州泸水市,~云南省怒江傈僳族自治州泸水市,,Z07100,
3328,,黑龙江省大兴安岭地区加格达奇区,~黑龙江省大兴安岭地区加格达奇区,,Z04593,
3329,泉州,福建省福州市台江区,泉州~福建省福州市台江区,,Z08864,
3330,,内蒙古自治区兴安盟扎赉特旗,~内蒙古自治区兴安盟扎赉特旗,,Z08852,
3331,,陕西省榆林市绥德县,~陕西省榆林市绥德县,,Z05633,
3332,,山西省忻州市五寨县,~山西省忻州市五寨县,,Z04027,
3333,,内蒙古自治区锡林郭勒盟东乌珠穆沁旗,~内蒙古自治区锡林郭勒盟东乌珠穆沁旗,,Z08617,
3334,,内蒙古自治区锡林郭勒盟东乌珠穆沁旗,~内蒙古自治区锡林郭勒盟东乌珠穆沁旗,,Z04861,
3335,,内蒙古自治区锡林郭勒盟正镶白旗,~内蒙古自治区锡林郭勒盟正镶白旗,,Z05989,
3336,,内蒙古自治区锡林郭勒盟苏尼特左旗,~内蒙古自治区锡林郭勒盟苏尼特左旗,,Z04866,
3337,,内蒙古自治区锡林郭勒盟阿巴嘎旗,~内蒙古自治区锡林郭勒盟阿巴嘎旗,,Z08857,
3338,,,~,,Z04865,
3339,,内蒙古自治区通辽市科尔沁左翼中旗,~内蒙古自治区通辽市科尔沁左翼中旗,,Z08833,
3340,,内蒙古自治区通辽市霍林郭勒市,~内蒙古自治区通辽市霍林郭勒市,,Z10143,
3341,,陕西省咸阳市,~陕西省咸阳市,,Z09910,
3342,,山东省济南市,~山东省济南市,,Z09402,
3343,,北京市北京市延庆区,~北京市北京市延庆区,,Z04346,
3344,,新疆维吾尔自治区昌吉回族自治州,~新疆维吾尔自治区昌吉回族自治州,,Z05418,
3345,,新疆维吾尔自治区伊犁哈萨克自治州霍尔果斯市,~新疆维吾尔自治区伊犁哈萨克自治州霍尔果斯市,,Z10435,
3346,,陕西省汉中市宁强县,~陕西省汉中市宁强县,,Z05573,
3347,,甘肃省甘南藏族自治州舟曲县,~甘肃省甘南藏族自治州舟曲县,,Z05536,
3348,,甘肃省庆阳市,~甘肃省庆阳市,,Z05505,
3349,,重庆市重庆市巫山县,~重庆市重庆市巫山县,,Z09234,
3350,,陕西省西安市长安区,~陕西省西安市长安区,,Z09905,
3351,,安徽省阜阳市颍上县,~安徽省阜阳市颍上县,,Z06524,
3352,武汉,湖北省荆州市公安县,武汉~湖北省荆州市公安县,,,
3353,赣州,江西省吉安市吉水县,赣州~江西省吉安市吉水县,,Z08918,
3354,,云南省昆明市呈贡区,~云南省昆明市呈贡区,,Z07077,
3355,,云南省红河哈尼族彝族自治州石屏县,~云南省红河哈尼族彝族自治州石屏县,,Z07070,
3356,,四川省凉山彝族自治州布拖县,~四川省凉山彝族自治州布拖县,,Z07735,
3357,,内蒙古自治区锡林郭勒盟,~内蒙古自治区锡林郭勒盟,,Z04857,
3358,贵港,广西壮族自治区玉林市博白县,贵港~广西壮族自治区玉林市博白县,,Z08614,
3359,,甘肃省定西市,~甘肃省定西市,,Z09560,
3360,,宁夏回族自治区中卫市中宁县,~宁夏回族自治区中卫市中宁县,,Z05656,
3361,贵港,广西壮族自治区贵港市覃塘区,贵港~广西壮族自治区贵港市覃塘区,,Z08356,
3362,,贵州省黔东南苗族侗族自治州黎平县,~贵州省黔东南苗族侗族自治州黎平县,,Z07199,
3363,武汉,湖北省荆州市公安县,武汉~湖北省荆州市公安县,,000001,
3364,,云南省曲靖市师宗县,~云南省曲靖市师宗县,,Z07106,
3365,,河南省新乡市红旗区,~河南省新乡市红旗区,,Z09998,
3366,,,~,,ZZ0150,
3367,,吉林省四平市双辽市,~吉林省四平市双辽市,,Z04675,
3368,,青海省海北藏族自治州刚察县,~青海省海北藏族自治州刚察县,,Z05796,
3369,武汉,湖北省武汉市青山区,武汉~湖北省武汉市青山区,,Z09892,
3370,泉州,北京市北京市朝阳区,泉州~北京市北京市朝阳区,,,
3371,,内蒙古自治区阿拉善盟额济纳旗,~内蒙古自治区阿拉善盟额济纳旗,,Z05512,
3372,上海,浙江省舟山市,上海~浙江省舟山市,,Z06586,
3373,柳州,广西壮族自治区河池市都安瑶族自治县,柳州~广西壮族自治区河池市都安瑶族自治县,,Z08269,
3374,淮安,,淮安~,,Z09553,
3375,,贵州省黔东南苗族侗族自治州雷山县,~贵州省黔东南苗族侗族自治州雷山县,,Z06771,
3376,,重庆市重庆市,~重庆市重庆市,,Z06890,
3377,,河北省邢台市广宗县,~河北省邢台市广宗县,,Z08699,
3378,,河南省新乡市牧野区,~河南省新乡市牧野区,,Z04961,
3379,,山东省济南市平阴县,~山东省济南市平阴县,,Z05902,
3380,,山西省太原市尖草坪区,~山西省太原市尖草坪区,,Z09564,
3381,,,~,,Z04992,
3382,,四川省内江市市中区,~四川省内江市市中区,,Z10046,
3383,贵港,广西壮族自治区玉林市北流市,贵港~广西壮族自治区玉林市北流市,,Z09665,
3384,,四川省泸州市泸县,~四川省泸州市泸县,,Z10048,
3385,,甘肃省张掖市民乐县,~甘肃省张掖市民乐县,,Z05558,
3386,荆州,湖北省荆州市监利市,荆州~湖北省荆州市监利市,,Z07512,
3387,荆州,湖北省荆州市监利市,荆州~湖北省荆州市监利市,,Z07516,
3388,荆州,湖北省荆州市监利市,荆州~湖北省荆州市监利市,,Z07942,
3389,,贵州省黔东南苗族侗族自治州锦屏县,~贵州省黔东南苗族侗族自治州锦屏县,,Z07203,
3390,,,~,,ZZ2255,
3391,,新疆维吾尔自治区和田地区皮山县,~新疆维吾尔自治区和田地区皮山县,,Z05699,
3392,,安徽省滁州市全椒县,~安徽省滁州市全椒县,,Z06508,
3393,邵阳,湖南省怀化市溆浦县,邵阳~湖南省怀化市溆浦县,,Z10433,
3394,,陕西省西安市未央区,~陕西省西安市未央区,,Z09905,
3395,,,~,,ZZ2256,
3396,,山西省运城市稷山县,~山西省运城市稷山县,,Z04036,
3397,武汉,湖北省黄冈市武穴市,武汉~湖北省黄冈市武穴市,,Z07889,
3398,,贵州省贵阳市云岩区,~贵州省贵阳市云岩区,,Z09359,
3399,,贵州省黔西南布依族苗族自治州安龙县,~贵州省黔西南布依族苗族自治州安龙县,,Z06796,
3400,,四川省宜宾市珙县,~四川省宜宾市珙县,,Z09879,
3401,,,~,,ZZ1318,
3402,咸宁,,咸宁~,,ZZ1294,
3403,,重庆市重庆市巫溪县,~重庆市重庆市巫溪县,,Z09241,
3404,贵港,广西壮族自治区贵港市覃塘区,贵港~广西壮族自治区贵港市覃塘区,,Z09659,
3405,贵港,广西壮族自治区贵港市覃塘区,贵港~广西壮族自治区贵港市覃塘区,,Z08350,
3406,,河南省驻马店市西平县,~河南省驻马店市西平县,,Z04873,
3407,,甘肃省陇南市康县,~甘肃省陇南市康县,,Z05561,
3408,长沙,湖南省益阳市安化县,长沙~湖南省益阳市安化县,,Z07892,
3409,武汉,湖北省孝感市孝昌县,武汉~湖北省孝感市孝昌县,,Z07282,
3410,,,~,,Z05765,
3411,,河北省张家口市怀安县,~河北省张家口市怀安县,,Z04378,
3412,,贵州省黔南布依族苗族自治州,~贵州省黔南布依族苗族自治州,,Z06747,
3413,,甘肃省兰州市七里河区,~甘肃省兰州市七里河区,,Z09246,
3414,邵阳,湖南省怀化市溆浦县,邵阳~湖南省怀化市溆浦县,,Z10455,
3415,,河南省许昌市鄢陵县,~河南省许昌市鄢陵县,,Z04925,
3416,,河南省商丘市夏邑县,~河南省商丘市夏邑县,,Z04959,
3417,,河南省洛阳市西工区,~河南省洛阳市西工区,,Z09982,
3418,南宁,广西壮族自治区南宁市上林县,南宁~广西壮族自治区南宁市上林县,,Z08224,
3419,,贵州省贵阳市,~贵州省贵阳市,,Z06754,
3420,柳州,广西壮族自治区河池市,柳州~广西壮族自治区河池市,,Z08266,
3421,海口,海南省海口市龙华区,海口~海南省海口市龙华区,,Z08000,
3422,荆州,湖北省宜昌市西陵区,荆州~湖北省宜昌市西陵区,,Z07543,
3423,邵阳,湖南省永州市,邵阳~湖南省永州市,,Z07428,
3424,,黑龙江省齐齐哈尔市甘南县,~黑龙江省齐齐哈尔市甘南县,,Z04650,
3425,,黑龙江省哈尔滨市道外区,~黑龙江省哈尔滨市道外区,,Z09678,
3426,,辽宁省铁岭市开原市,~辽宁省铁岭市开原市,,Z04467,
3427,,云南省文山壮族苗族自治州砚山县,~云南省文山壮族苗族自治州砚山县,,Z07031,
3428,贵港,广西壮族自治区玉林市,贵港~广西壮族自治区玉林市,,Z09672,
3429,贵港,广西壮族自治区玉林市陆川县,贵港~广西壮族自治区玉林市陆川县,,Z08400,
3430,,宁夏回族自治区石嘴山市惠农区,~宁夏回族自治区石嘴山市惠农区,,Z05666,
3431,,宁夏回族自治区石嘴山市大武口区,~宁夏回族自治区石嘴山市大武口区,,Z05584,
3432,,四川省乐山市井研县,~四川省乐山市井研县,,Z07644,
3433,,河南省新乡市,~河南省新乡市,,Z05040,
3434,,云南省昭通市巧家县,~云南省昭通市巧家县,,Z09245,
3435,,河南省周口市川汇区,~河南省周口市川汇区,,Z04880,
3436,,河北省张家口市怀来县,~河北省张家口市怀来县,,Z04370,
3437,,贵州省毕节市七星关区,~贵州省毕节市七星关区,,Z09335,
3438,,河北省沧州市南皮县,~河北省沧州市南皮县,,Z08719,
3439,福州,福建省三明市宁化县,福州~福建省三明市宁化县,,Z06496,
3440,南昌,江西省九江市浔阳区,南昌~江西省九江市浔阳区,,Z09928,
3441,,山西省吕梁市孝义市,~山西省吕梁市孝义市,,Z04015,
3442,,贵州省黔东南苗族侗族自治州凯里市,~贵州省黔东南苗族侗族自治州凯里市,,Z06768,
3443,南昌,江西省上饶市,南昌~江西省上饶市,,Z09291,
3444,邵阳,湖南省永州市,邵阳~湖南省永州市,,Z07422,
3445,,新疆维吾尔自治区昌吉回族自治州,~新疆维吾尔自治区昌吉回族自治州,,Z05419,
3446,南宁,广西壮族自治区钦州市钦南区,南宁~广西壮族自治区钦州市钦南区,,Z09627,
3447,贵港,广西壮族自治区贵港市覃塘区,贵港~广西壮族自治区贵港市覃塘区,,Z10335,
3448,,,~,,ZZ0727,
3449,,山东省德州市,~山东省德州市,,Z05878,
3450,淮安,江苏省宿迁市,淮安~江苏省宿迁市,,Z06351,
3451,武汉,湖北省武汉市,武汉~湖北省武汉市,,Z07242,
3452,,,~,,ZZ2254,
3453,,贵州省遵义市播州区,~贵州省遵义市播州区,,Z09356,
3454,武汉,湖北省恩施土家族苗族自治州恩施市,武汉~湖北省恩施土家族苗族自治州恩施市,,Z07230,
3455,武汉,湖北省荆州市洪湖市,武汉~湖北省荆州市洪湖市,,Z07253,
3456,武汉,湖北省宜昌市伍家岗区,武汉~湖北省宜昌市伍家岗区,,,
3457,南京,江苏省常州市钟楼区,南京~江苏省常州市钟楼区,,Z10230,
3458,,内蒙古自治区赤峰市克什克腾旗,~内蒙古自治区赤峰市克什克腾旗,,Z04508,
3459,,内蒙古自治区兴安盟,~内蒙古自治区兴安盟,,Z06056,
3460,,四川省泸州市古蔺县,~四川省泸州市古蔺县,,Z08860,
3461,,贵州省遵义市播州区,~贵州省遵义市播州区,,Z09468,
3462,,贵州省贵阳市南明区,~贵州省贵阳市南明区,,Z09344,
3463,广州,,广州~,,Z09326,
3464,广州,广东省中山市中山市,广州~广东省中山市中山市,,Z07989,
3465,,内蒙古自治区呼和浩特市赛罕区,~内蒙古自治区呼和浩特市赛罕区,,Z10475,
3466,,吉林省白城市,~吉林省白城市,,Z04695,
3467,南昌,江西省九江市瑞昌市,南昌~江西省九江市瑞昌市,,Z09278,
3468,,黑龙江省绥化市安达市,~黑龙江省绥化市安达市,,Z04573,
3469,,安徽省黄山市祁门县,~安徽省黄山市祁门县,,Z06570,
3470,,山东省日照市五莲县,~山东省日照市五莲县,,Z05932,
3471,淮安,江苏省淮安市淮安区,淮安~江苏省淮安市淮安区,,Z09533,
3472,,河北省石家庄市,~河北省石家庄市,,Z08724,
3473,,贵州省黔西南布依族苗族自治州,~贵州省黔西南布依族苗族自治州,,Z06801,
3474,,贵州省安顺市关岭布依族苗族自治县,~贵州省安顺市关岭布依族苗族自治县,,Z06854,
3475,,四川省甘孜藏族自治州得荣县,~四川省甘孜藏族自治州得荣县,,Z07612,
3476,,河南省信阳市,~河南省信阳市,,Z04921,
3477,,河南省三门峡市灵宝市,~河南省三门峡市灵宝市,,Z10446,
3478,,青海省黄南藏族自治州尖扎县,~青海省黄南藏族自治州尖扎县,,Z05788,
3479,杭州,浙江省舟山市岱山县,杭州~浙江省舟山市岱山县,,Z06439,
3480,杭州,浙江省杭州市临安区,杭州~浙江省杭州市临安区,,Z06412,
3481,,,~,,,
3482,,青海省黄南藏族自治州,~青海省黄南藏族自治州,,Z05773,
3483,,陕西省汉中市西乡县,~陕西省汉中市西乡县,,Z05574,
3484,,甘肃省临夏回族自治州临夏市,~甘肃省临夏回族自治州临夏市,,Z10044,
3485,上海,上海市上海市静安区,上海~上海市上海市静安区,,Z06586,
3486,,黑龙江省佳木斯市,~黑龙江省佳木斯市,,Z04599,
3487,,贵州省六盘水市水城区,~贵州省六盘水市水城区,,Z06875,
3488,,贵州省六盘水市盘州市,~贵州省六盘水市盘州市,,Z09351,
3489,,贵州省六盘水市盘州市,~贵州省六盘水市盘州市,,Z09352,
3490,,陕西省西安市,~陕西省西安市,,Z09905,
3491,泉州,,泉州~,,Z08976,
3492,泉州,福建省厦门市同安区,泉州~福建省厦门市同安区,,Z09031,
3493,,河南省驻马店市平舆县,~河南省驻马店市平舆县,,Z04875,
3494,杭州,浙江省杭州市建德市,杭州~浙江省杭州市建德市,,Z06410,
3495,,山东省济南市历下区,~山东省济南市历下区,,Z09403,
3496,,甘肃省酒泉市金塔县,~甘肃省酒泉市金塔县,,Z05559,
3497,,西藏自治区昌都市江达县,~西藏自治区昌都市江达县,,Z07707,
3498,荆州,湖北省荆门市,荆州~湖北省荆门市,,Z07503,
3499,,,~,,ZZ1928,
3500,,,~,,ZZ0140,
3501,,河北省沧州市东光县,~河北省沧州市东光县,,Z08729,
3502,南宁,广西壮族自治区北海市海城区,南宁~广西壮族自治区北海市海城区,,Z09367,
3503,广州,,广州~,,Z07989,
3504,杭州,,杭州~,,000001,
3505,武汉,湖北省十堰市张湾区,武汉~湖北省十堰市张湾区,,Z10177,
3506,,云南省红河哈尼族彝族自治州弥勒市,~云南省红河哈尼族彝族自治州弥勒市,,Z07068,
3507,,山西省晋中市介休市,~山西省晋中市介休市,,Z03960,
3508,,甘肃省临夏回族自治州和政县,~甘肃省临夏回族自治州和政县,,Z05545,
3509,,,~,,Z05790,
3510,,青海省果洛藏族自治州久治县,~青海省果洛藏族自治州久治县,,Z05799,
3511,,河北省张家口市桥东区,~河北省张家口市桥东区,,Z04371,
3512,福州,福建省莆田市秀屿区,福州~福建省莆田市秀屿区,,Z08969,
3513,,安徽省安庆市望江县,~安徽省安庆市望江县,,Z06531,
3514,,,~,,ZZ1261,
3515,,,~,,ZZ0969,
3516,,四川省遂宁市,~四川省遂宁市,,Z07768,
3517,,甘肃省临夏回族自治州临夏市,~甘肃省临夏回族自治州临夏市,,Z05492,
3518,武汉,湖北省十堰市竹山县,武汉~湖北省十堰市竹山县,,Z07408,
3519,,西藏自治区昌都市,~西藏自治区昌都市,,Z10157,
3520,东莞,广东省东莞市东莞市,东莞~广东省东莞市东莞市,,Z08759,
3521,,吉林省四平市,~吉林省四平市,,Z09331,
3522,,吉林省通化市柳河县,~吉林省通化市柳河县,,Z04686,
3523,泉州,福建省漳州市,泉州~福建省漳州市,,Z06257,
3524,,安徽省阜阳市阜南县,~安徽省阜阳市阜南县,,Z06539,
3525,,河南省安阳市,~河南省安阳市,,Z04934,
3526,南宁,广西壮族自治区百色市田东县,南宁~广西壮族自治区百色市田东县,,Z08070,
3527,贵港,广西壮族自治区贵港市覃塘区,贵港~广西壮族自治区贵港市覃塘区,,Z10325,
3528,,河北省邯郸市成安县,~河北省邯郸市成安县,,Z08687,
3529,淮安,,淮安~,,Z06327,
3530,,贵州省黔东南苗族侗族自治州台江县,~贵州省黔东南苗族侗族自治州台江县,,Z06777,
3531,,贵州省毕节市,~贵州省毕节市,,Z06736,
3532,,贵州省遵义市桐梓县,~贵州省遵义市桐梓县,,Z06954,
3533,,贵州省遵义市桐梓县,~贵州省遵义市桐梓县,,Z06941,
3534,,贵州省铜仁市印江土家族苗族自治县,~贵州省铜仁市印江土家族苗族自治县,,Z06947,
3535,海口,海南省海口市秀英区,海口~海南省海口市秀英区,,Z07997,
3536,,云南省丽江市永胜县,~云南省丽江市永胜县,,Z06990,
3537,淮安,江苏省徐州市沛县,淮安~江苏省徐州市沛县,,Z06325,
3538,淮安,,淮安~,,Z06328,
3539,,河北省张家口市崇礼区,~河北省张家口市崇礼区,,Z04376,
3540,,黑龙江省牡丹江市宁安市,~黑龙江省牡丹江市宁安市,,Z09712,
3541,,辽宁省盘锦市,~辽宁省盘锦市,,Z10140,
3542,南昌,江西省宜春市袁州区,南昌~江西省宜春市袁州区,,Z07803,
3543,淮安,,淮安~,,Z09541,
3544,,山东省烟台市莱阳市,~山东省烟台市莱阳市,,Z05927,
3545,,新疆维吾尔自治区伊犁哈萨克自治州,~新疆维吾尔自治区伊犁哈萨克自治州,,Z05449,
3546,,河南省新乡市红旗区,~河南省新乡市红旗区,,Z09996,
3547,南宁,广西壮族自治区南宁市宾阳县,南宁~广西壮族自治区南宁市宾阳县,,Z08154,
3548,,山东省德州市,~山东省德州市,,Z05900,
3549,,新疆维吾尔自治区阿克苏地区,~新疆维吾尔自治区阿克苏地区,,Z05756,
3550,,新疆维吾尔自治区和田地区民丰县,~新疆维吾尔自治区和田地区民丰县,,Z08606,
3551,,黑龙江省黑河市爱辉区,~黑龙江省黑河市爱辉区,,Z09717,
3552,杭州,浙江省宁波市海曙区,杭州~浙江省宁波市海曙区,,Z06426,
3553,赣州,江西省赣州市定南县,赣州~江西省赣州市定南县,,Z08928,
3554,,,~,,Z10461,
3555,,陕西省商洛市商南县,~陕西省商洛市商南县,,Z05599,
3556,,陕西省西安市雁塔区,~陕西省西安市雁塔区,,Z09903,
3557,杭州,浙江省杭州市建德市,杭州~浙江省杭州市建德市,,Z06411,
3558,武汉,湖北省武汉市青山区,武汉~湖北省武汉市青山区,,Z09893,
3559,武汉,湖北省黄冈市黄州区,武汉~湖北省黄冈市黄州区,,Z09890,
3560,,云南省楚雄彝族自治州双柏县,~云南省楚雄彝族自治州双柏县,,Z07172,
3561,,云南省丽江市宁蒗彝族自治县,~云南省丽江市宁蒗彝族自治县,,Z06989,
3562,,四川省乐山市犍为县,~四川省乐山市犍为县,,Z07642,
3563,,甘肃省陇南市徽县,~甘肃省陇南市徽县,,Z05496,
3564,,,~,,ZZ1764,
3565,,四川省阿坝藏族羌族自治州红原县,~四川省阿坝藏族羌族自治州红原县,,Z07566,
3566,长沙,湖南省湘西土家族苗族自治州龙山县,长沙~湖南省湘西土家族苗族自治州龙山县,,Z07896,
3567,东莞,广东省东莞市东莞市,东莞~广东省东莞市东莞市,,Z08026,
3568,,,~,,ZZ1174,
3569,,,~,,ZZ0816,
3570,,,~,,ZZ0801,
3571,,河北省沧州市肃宁县,~河北省沧州市肃宁县,,Z08679,
3572,杭州,浙江省宁波市北仑区,杭州~浙江省宁波市北仑区,,Z10069,
3573,,山西省太原市古交市,~山西省太原市古交市,,Z04006,
3574,长沙,湖南省常德市安乡县,长沙~湖南省常德市安乡县,,Z07296,
3575,,河南省信阳市淮滨县,~河南省信阳市淮滨县,,Z04919,
3576,,山东省滨州市邹平市,~山东省滨州市邹平市,,Z05811,
3577,,新疆维吾尔自治区伊犁哈萨克自治州察布查尔锡伯自治县,~新疆维吾尔自治区伊犁哈萨克自治州察布查尔锡伯自治县,,Z05433,
3578,海口,海南省海口市龙华区,海口~海南省海口市龙华区,,Z08006,
3579,海口,海南省五指山市五指山市,海口~海南省五指山市五指山市,,Z08006,
3580,,四川省阿坝藏族羌族自治州小金县,~四川省阿坝藏族羌族自治州小金县,,Z07575,
3581,,云南省普洱市西盟佤族自治县,~云南省普洱市西盟佤族自治县,,Z07150,
3582,荆州,,荆州~,,Z07548,
3583,贵港,广西壮族自治区玉林市陆川县,贵港~广西壮族自治区玉林市陆川县,,Z08399,
3584,,河北省邢台市南宫市,~河北省邢台市南宫市,,Z08651,
3585,,山西省吕梁市石楼县,~山西省吕梁市石楼县,,Z03997,
3586,,河北省邯郸市峰峰矿区,~河北省邯郸市峰峰矿区,,Z08680,
3587,荆州,湖北省宜昌市枝江市,荆州~湖北省宜昌市枝江市,,Z07551,
3588,,云南省昭通市镇雄县,~云南省昭通市镇雄县,,Z07129,
3589,,山西省长治市壶关县,~山西省长治市壶关县,,Z04048,
3590,,山西省朔州市朔城区,~山西省朔州市朔城区,,Z09585,
3591,淮安,,淮安~,,Z09539,
3592,,四川省甘孜藏族自治州石渠县,~四川省甘孜藏族自治州石渠县,,Z07622,
3593,,河北省保定市阜平县,~河北省保定市阜平县,,Z08627,
3594,,河北省保定市高阳县,~河北省保定市高阳县,,Z08670,
3595,,内蒙古自治区巴彦淖尔市五原县,~内蒙古自治区巴彦淖尔市五原县,,Z04844,
3596,,河南省信阳市新县,~河南省信阳市新县,,Z04920,
3597,,新疆维吾尔自治区伊犁哈萨克自治州昭苏县,~新疆维吾尔自治区伊犁哈萨克自治州昭苏县,,Z05451,
3598,南昌,,南昌~,,Z09752,
3599,,山西省临汾市霍州市,~山西省临汾市霍州市,,Z03982,
3600,,河北省唐山市迁西县,~河北省唐山市迁西县,,ZZ0862,
3601,,河北省邢台市临西县,~河北省邢台市临西县,,Z08644,
3602,,,~,,Z09847,
3603,,,~,,Z09844,
3604,邵阳,湖南省娄底市新化县,邵阳~湖南省娄底市新化县,,Z09521,
3605,深圳,,深圳~,,000001,
3606,,辽宁省丹东市凤城市,~辽宁省丹东市凤城市,,Z04454,
3607,,青海省果洛藏族自治州玛沁县,~青海省果洛藏族自治州玛沁县,,Z05774,
3608,,,~,,Z06449,
3609,,新疆维吾尔自治区昌吉回族自治州阜康市,~新疆维吾尔自治区昌吉回族自治州阜康市,,Z05420,
3610,武汉,湖北省咸宁市嘉鱼县,武汉~湖北省咸宁市嘉鱼县,,Z07272,
3611,,安徽省芜湖市湾沚区,~安徽省芜湖市湾沚区,,Z09741,
3612,,陕西省汉中市勉县,~陕西省汉中市勉县,,Z05578,
3613,,吉林省白山市长白朝鲜族自治县,~吉林省白山市长白朝鲜族自治县,,Z04656,
3614,,陕西省汉中市略阳县,~陕西省汉中市略阳县,,Z05572,
3615,,河北省石家庄市晋州市,~河北省石家庄市晋州市,,Z08723,
3616,,,~,,Z08631,
3617,,贵州省遵义市播州区,~贵州省遵义市播州区,,Z09357,
3618,,内蒙古自治区锡林郭勒盟多伦县,~内蒙古自治区锡林郭勒盟多伦县,,Z04858,
3619,,内蒙古自治区巴彦淖尔市杭锦后旗,~内蒙古自治区巴彦淖尔市杭锦后旗,,Z04849,
3620,,内蒙古自治区巴彦淖尔市乌拉特前旗,~内蒙古自治区巴彦淖尔市乌拉特前旗,,Z04842,
3621,,贵州省黔东南苗族侗族自治州锦屏县,~贵州省黔东南苗族侗族自治州锦屏县,,Z09348,
3622,南京,江苏省无锡市锡山区,南京~江苏省无锡市锡山区,,Z09737,
3623,,河北省保定市徐水区,~河北省保定市徐水区,,Z08671,
3624,长沙,湖南省益阳市南县,长沙~湖南省益阳市南县,,Z07356,
3625,,甘肃省庆阳市宁县,~甘肃省庆阳市宁县,,Z05562,
3626,,甘肃省甘南藏族自治州临潭县,~甘肃省甘南藏族自治州临潭县,,Z05539,
3627,,河南省信阳市商城县,~河南省信阳市商城县,,Z04922,
3628,,云南省普洱市澜沧拉祜族自治县,~云南省普洱市澜沧拉祜族自治县,,Z07154,
3629,,河南省南阳市内乡县,~河南省南阳市内乡县,,Z04904,
3630,广州,,广州~,,000001,
3631,,湖北省十堰市竹溪县,~湖北省十堰市竹溪县,,Z10205,
3632,,河北省邢台市巨鹿县,~河北省邢台市巨鹿县,,Z08654,
3633,,新疆维吾尔自治区塔城地区额敏县,~新疆维吾尔自治区塔城地区额敏县,,Z05442,
3634,,新疆维吾尔自治区昌吉回族自治州呼图壁县,~新疆维吾尔自治区昌吉回族自治州呼图壁县,,Z10304,
3635,衡阳,湖南省长沙市开福区,衡阳~湖南省长沙市开福区,,Z09530,
3636,,,~,,ZZ2183,
3637,,山西省吕梁市方山县,~山西省吕梁市方山县,,Z03992,
3638,,甘肃省平凉市庄浪县,~甘肃省平凉市庄浪县,,Z05465,
3639,,,~,,ZZ0813,
3640,,重庆市重庆市长寿区,~重庆市重庆市长寿区,,Z06889,
3641,,,~,,ZZ2194,
3642,,,~,,ZZ2190,
3643,,安徽省黄山市黟县,~安徽省黄山市黟县,,Z06573,
3644,长沙,,长沙~,,000001,
3645,邵阳,湖南省邵阳市洞口县,邵阳~湖南省邵阳市洞口县,,Z07910,
3646,,四川省甘孜藏族自治州新龙县,~四川省甘孜藏族自治州新龙县,,Z07624,
3647,,山东省滨州市沾化区,~山东省滨州市沾化区,,Z05898,
3648,南昌,江西省南昌市青山湖区,南昌~江西省南昌市青山湖区,,Z09750,
3649,淮安,江苏省镇江市润州区,淮安~江苏省镇江市润州区,,Z09551,
3650,,,~,,Z04559,
3651,,四川省成都市青羊区,~四川省成都市青羊区,,Z09911,
3652,海口,海南省三亚市吉阳区,海口~海南省三亚市吉阳区,,Z08002,
3653,,四川省攀枝花市西区,~四川省攀枝花市西区,,Z07679,
3654,,黑龙江省哈尔滨市木兰县,~黑龙江省哈尔滨市木兰县,,Z04611,
3655,,辽宁省沈阳市大东区,~辽宁省沈阳市大东区,,Z10130,
3656,,北京市北京市朝阳区,~北京市北京市朝阳区,,Z04367,
3657,贵港,广西壮族自治区玉林市博白县,贵港~广西壮族自治区玉林市博白县,,Z09667,
3658,南宁,广西壮族自治区河池市大化瑶族自治县,南宁~广西壮族自治区河池市大化瑶族自治县,,Z08124,
3659,,浙江省衢州市开化县,~浙江省衢州市开化县,,Z06468,
3660,长沙,湖南省益阳市沅江市,长沙~湖南省益阳市沅江市,,Z07358,
3661,汕头,广东省潮州市潮安区,汕头~广东省潮州市潮安区,,Z06384,
3662,福州,福建省福州市仓山区,福州~福建省福州市仓山区,,Z06119,
3663,,黑龙江省齐齐哈尔市龙江县,~黑龙江省齐齐哈尔市龙江县,,Z04628,
3664,,四川省阿坝藏族羌族自治州茂县,~四川省阿坝藏族羌族自治州茂县,,Z07570,
3665,,河南省商丘市柘城县,~河南省商丘市柘城县,,Z05022,
3666,,贵州省黔东南苗族侗族自治州黎平县,~贵州省黔东南苗族侗族自治州黎平县,,Z07200,
3667,,贵州省黔东南苗族侗族自治州黎平县,~贵州省黔东南苗族侗族自治州黎平县,,Z09349,
3668,,贵州省黔东南苗族侗族自治州黎平县,~贵州省黔东南苗族侗族自治州黎平县,,Z07201,
3669,,吉林省松原市宁江区,~吉林省松原市宁江区,,Z04696,
3670,,四川省绵阳市梓潼县,~四川省绵阳市梓潼县,,Z07667,
3671,,陕西省汉中市镇巴县,~陕西省汉中市镇巴县,,Z05670,
3672,,宁夏回族自治区吴忠市盐池县,~宁夏回族自治区吴忠市盐池县,,Z05586,
3673,,宁夏回族自治区吴忠市盐池县,~宁夏回族自治区吴忠市盐池县,,Z05669,
3674,,陕西省西安市雁塔区,~陕西省西安市雁塔区,,Z10091,
3675,,,~,,ZZ2180,
3676,海口,海南省临高县临高县,海口~海南省临高县临高县,,Z07999,
3677,,辽宁省抚顺市清原满族自治县,~辽宁省抚顺市清原满族自治县,,Z04475,
3678,,四川省泸州市古蔺县,~四川省泸州市古蔺县,,Z10318,
3679,邵阳,湖南省永州市双牌县,邵阳~湖南省永州市双牌县,,Z07423,
3680,贵港,广西壮族自治区贵港市覃塘区,贵港~广西壮族自治区贵港市覃塘区,,Z10330,
3681,,陕西省西安市阎良区,~陕西省西安市阎良区,,Z05677,
3682,,,~,,ZZ1082,
3683,,山西省临汾市洪洞县,~山西省临汾市洪洞县,,Z03981,
3684,长沙,湖南省常德市汉寿县,长沙~湖南省常德市汉寿县,,Z07297,
3685,,,~,,ZZ0127,
3686,,新疆维吾尔自治区昌吉回族自治州玛纳斯县,~新疆维吾尔自治区昌吉回族自治州玛纳斯县,,Z05416,
3687,长沙,湖南省益阳市安化县,长沙~湖南省益阳市安化县,,Z07355,
3688,,天津市天津市河东区,~天津市天津市河东区,,ZZ0885,
3689,,黑龙江省牡丹江市爱民区,~黑龙江省牡丹江市爱民区,,Z04546,
3690,,河北省石家庄市无极县,~河北省石家庄市无极县,,Z08721,
3691,,山西省晋城市高平市,~山西省晋城市高平市,,Z03963,
3692,,内蒙古自治区通辽市科尔沁区,~内蒙古自治区通辽市科尔沁区,,Z10144,
3693,南宁,广西壮族自治区钦州市浦北县,南宁~广西壮族自治区钦州市浦北县,,Z09377,
3694,南宁,广西壮族自治区南宁市横州市,南宁~广西壮族自治区南宁市横州市,,Z09373,
3695,南宁,广西壮族自治区南宁市武鸣区,南宁~广西壮族自治区南宁市武鸣区,,Z08164,
3696,,山东省临沂市临沭县,~山东省临沂市临沭县,,Z05826,
3697,,河北省保定市竞秀区,~河北省保定市竞秀区,,Z08672,
3698,,四川省广元市青川县,~四川省广元市青川县,,Z07635,
3699,,云南省昆明市呈贡区,~云南省昆明市呈贡区,,Z07079,
3700,,甘肃省临夏回族自治州积石山保安族东乡族撒拉族自治县,~甘肃省临夏回族自治州积石山保安族东乡族撒拉族自治县,,Z10044,
3701,邵阳,湖南省怀化市辰溪县,邵阳~湖南省怀化市辰溪县,,Z07439,
3702,长沙,湖南省岳阳市汨罗市,长沙~湖南省岳阳市汨罗市,,Z07371,
3703,,河南省周口市淮阳区,~河南省周口市淮阳区,,Z04882,
3704,,河南省洛阳市洛宁县,~河南省洛阳市洛宁县,,Z04993,
3705,,陕西省安康市汉阴县,~陕西省安康市汉阴县,,Z05591,
3706,,陕西省榆林市神木市,~陕西省榆林市神木市,,Z05675,
3707,,黑龙江省牡丹江市穆棱市,~黑龙江省牡丹江市穆棱市,,Z04547,
3708,湛江,广东省江门市新会区,湛江~广东省江门市新会区,,Z06377,
3709,海口,海南省万宁市万宁市,海口~海南省万宁市万宁市,,Z08004,
3710,,陕西省汉中市洋县,~陕西省汉中市洋县,,Z05655,
3711,,,~,,Z05802,
3712,,四川省甘孜藏族自治州理塘县,~四川省甘孜藏族自治州理塘县,,Z07618,
3713,,,~,,Z05794,
3714,,甘肃省张掖市山丹县,~甘肃省张掖市山丹县,,Z05467,
3715,,,~,,Z06098,
3716,,河北省沧州市献县,~河北省沧州市献县,,Z08712,
3717,,河北省邯郸市广平县,~河北省邯郸市广平县,,Z08691,
3718,,河北省保定市定州市,~河北省保定市定州市,,Z08660,
3719,,,~,,ZZ0815,
3720,,,~,,ZZ0802,
3721,,,~,,ZZ0809,
3722,,,~,,ZZ0786,
3723,,,~,,ZZ0800,
3724,,甘肃省庆阳市华池县,~甘肃省庆阳市华池县,,Z05504,
3725,,辽宁省铁岭市昌图县,~辽宁省铁岭市昌图县,,Z04520,
3726,,陕西省商洛市镇安县,~陕西省商洛市镇安县,,Z05643,
3727,南昌,江西省上饶市余干县,南昌~江西省上饶市余干县,,Z07918,
3728,赣州,江西省赣州市全南县,赣州~江西省赣州市全南县,,Z08932,
3729,海口,海南省澄迈县澄迈县,海口~海南省澄迈县澄迈县,,Z07993,
3730,,河北省唐山市遵化市,~河北省唐山市遵化市,,ZZ0864,
3731,,宁夏回族自治区固原市彭阳县,~宁夏回族自治区固原市彭阳县,,Z05642,
3732,,,~,,Z10166,
3733,,西藏自治区昌都市贡觉县,~西藏自治区昌都市贡觉县,,Z07711,
3734,,西藏自治区昌都市,~西藏自治区昌都市,,Z10156,
3735,柳州,广西壮族自治区柳州市鱼峰区,柳州~广西壮族自治区柳州市鱼峰区,,Z08289,
3736,贵港,广西壮族自治区玉林市博白县,贵港~广西壮族自治区玉林市博白县,,Z08390,
3737,贵港,广西壮族自治区玉林市博白县,贵港~广西壮族自治区玉林市博白县,,Z08455,
3738,贵港,广西壮族自治区玉林市博白县,贵港~广西壮族自治区玉林市博白县,,Z08392,
3739,贵港,广西壮族自治区玉林市容县,贵港~广西壮族自治区玉林市容县,,Z08404,
3740,,宁夏回族自治区银川市金凤区,~宁夏回族自治区银川市金凤区,,Z10164,
3741,南宁,广西壮族自治区百色市西林县,南宁~广西壮族自治区百色市西林县,,Z09590,
3742,淮安,,淮安~,,Z06354,
3743,,,~,,ZZ2029,
3744,南昌,江西省抚州市崇仁县,南昌~江西省抚州市崇仁县,,Z09260,
3745,泉州,北京市北京市朝阳区,泉州~北京市北京市朝阳区,,000001,
3746,,安徽省宣城市绩溪县,~安徽省宣城市绩溪县,,Z06571,
3747,,安徽省黄山市休宁县,~安徽省黄山市休宁县,,Z06569,
3748,长沙,湖南省湘西土家族苗族自治州保靖县,长沙~湖南省湘西土家族苗族自治州保靖县,,Z07333,
3749,,河北省承德市双滦区,~河北省承德市双滦区,,Z10220,
3750,赣州,江西省赣州市石城县,赣州~江西省赣州市石城县,,Z08912,
3751,,吉林省白城市通榆县,~吉林省白城市通榆县,,Z04654,
3752,,,~,,ZZ0130,
3753,,天津市天津市蓟州区,~天津市天津市蓟州区,,ZZ0877,
3754,南昌,江西省上饶市婺源县,南昌~江西省上饶市婺源县,,Z10076,
3755,衡阳,湖南省郴州市资兴市,衡阳~湖南省郴州市资兴市,,Z07480,
3756,衡阳,湖南省郴州市桂阳县,衡阳~湖南省郴州市桂阳县,,Z07472,
3757,柳州,广西壮族自治区桂林市恭城瑶族自治县,柳州~广西壮族自治区桂林市恭城瑶族自治县,,Z08253,
3758,广州,广东省韶关市乳源瑶族自治县,广州~广东省韶关市乳源瑶族自治县,,Z07971,
3759,广州,广东省肇庆市高要区,广州~广东省肇庆市高要区,,Z07982,
3760,,黑龙江省哈尔滨市延寿县,~黑龙江省哈尔滨市延寿县,,Z04598,
3761,,吉林省白山市临江市,~吉林省白山市临江市,,Z04659,
3762,,黑龙江省双鸭山市集贤县,~黑龙江省双鸭山市集贤县,,Z10199,
3763,,四川省甘孜藏族自治州德格县,~四川省甘孜藏族自治州德格县,,Z07613,
3764,,贵州省遵义市凤冈县,~贵州省遵义市凤冈县,,Z09358,
3765,,四川省甘孜藏族自治州炉霍县,~四川省甘孜藏族自治州炉霍县,,Z07620,
3766,,四川省甘孜藏族自治州白玉县,~四川省甘孜藏族自治州白玉县,,Z07608,
3767,,贵州省遵义市汇川区,~贵州省遵义市汇川区,,Z09471,
3768,,贵州省毕节市纳雍县,~贵州省毕节市纳雍县,,Z09333,
3769,柳州,广西壮族自治区河池市天峨县,柳州~广西壮族自治区河池市天峨县,,Z08275,
3770,赣州,江西省吉安市峡江县,赣州~江西省吉安市峡江县,,Z09258,
3771,赣州,江西省吉安市井冈山市,赣州~江西省吉安市井冈山市,,Z08919,
3772,邵阳,湖南省邵阳市隆回县,邵阳~湖南省邵阳市隆回县,,Z09525,
3773,咸宁,,咸宁~,,ZZ1274,
3774,,山东省枣庄市薛城区,~山东省枣庄市薛城区,,Z06716,
3775,,山东省临沂市罗庄区,~山东省临沂市罗庄区,,Z09407,
3776,,山东省菏泽市巨野县,~山东省菏泽市巨野县,,Z06040,
3777,,山东省德州市临邑县,~山东省德州市临邑县,,Z06038,
3778,,山东省德州市庆云县,~山东省德州市庆云县,,Z05852,
3779,,山东省济宁市曲阜市,~山东省济宁市曲阜市,,Z05886,
3780,,河北省衡水市景县,~河北省衡水市景县,,Z08653,
3781,,河北省石家庄市元氏县,~河北省石家庄市元氏县,,Z08656,
3782,,山西省运城市万荣县,~山西省运城市万荣县,,Z04041,
3783,,山西省晋城市陵川县,~山西省晋城市陵川县,,Z03965,
3784,,山西省长治市黎城县,~山西省长治市黎城县,,Z04049,
3785,,山西省阳泉市城区,~山西省阳泉市城区,,Z09568,
3786,杭州,浙江省杭州市滨江区,杭州~浙江省杭州市滨江区,,Z09729,
3787,杭州,浙江省湖州市安吉县,杭州~浙江省湖州市安吉县,,Z06417,
3788,,云南省昆明市官渡区,~云南省昆明市官渡区,,Z07075,
3789,,甘肃省酒泉市玉门市,~甘肃省酒泉市玉门市,,Z05560,
3790,,辽宁省阜新市彰武县,~辽宁省阜新市彰武县,,Z04494,
3791,,内蒙古自治区通辽市开鲁县,~内蒙古自治区通辽市开鲁县,,Z04518,
3792,,,~,,Z08835,
3793,,辽宁省本溪市本溪满族自治县,~辽宁省本溪市本溪满族自治县,,Z08838,
3794,,辽宁省朝阳市北票市,~辽宁省朝阳市北票市,,Z04486,
3795,,,~,,Z05795,
3796,,陕西省渭南市澄城县,~陕西省渭南市澄城县,,Z05603,
3797,,陕西省宝鸡市陇县,~陕西省宝鸡市陇县,,Z05640,
3798,邵阳,湖南省怀化市会同县,邵阳~湖南省怀化市会同县,,Z07435,
3799,,山东省日照市东港区,~山东省日照市东港区,,Z05932,
3800,,山东省潍坊市临朐县,~山东省潍坊市临朐县,,Z05948,
3801,,山东省枣庄市市中区,~山东省枣庄市市中区,,Z09412,
3802,,山东省枣庄市山亭区,~山东省枣庄市山亭区,,Z09411,
3803,广州,海南省海口市秀英区,广州~海南省海口市秀英区,,,
3804,长沙,湖南省常德市津市市,长沙~湖南省常德市津市市,,Z07298,
3805,福州,福建省福州市闽侯县,福州~福建省福州市闽侯县,,Z09029,
3806,,山东省临沂市兰陵县,~山东省临沂市兰陵县,,Z09406,
3807,,山东省枣庄市台儿庄区,~山东省枣庄市台儿庄区,,Z06045,
3808,,山东省临沂市沂水县,~山东省临沂市沂水县,,Z05862,
3809,,山东省济宁市邹城市,~山东省济宁市邹城市,,Z05819,
3810,,山东省德州市夏津县,~山东省德州市夏津县,,Z05878,
3811,武汉,湖北省武汉市洪山区,武汉~湖北省武汉市洪山区,,Z07267,
3812,荆州,湖北省襄阳市老河口市,荆州~湖北省襄阳市老河口市,,Z07538,
3813,武汉,湖北省十堰市竹溪县,武汉~湖北省十堰市竹溪县,,Z07560,
3814,,云南省大理白族自治州鹤庆县,~云南省大理白族自治州鹤庆县,,Z06993,
3815,,贵州省黔南布依族苗族自治州独山县,~贵州省黔南布依族苗族自治州独山县,,Z06741,
3816,荆州,湖北省襄阳市樊城区,荆州~湖北省襄阳市樊城区,,Z07536,
3817,,陕西省宝鸡市岐山县,~陕西省宝鸡市岐山县,,Z05577,
3818,,山东省济南市历下区,~山东省济南市历下区,,Z09399,
3819,,,~,,ZZ1267,
3820,,河南省平顶山市鲁山县,~河南省平顶山市鲁山县,,Z04909,
3821,,山西省朔州市怀仁市,~山西省朔州市怀仁市,,Z04000,
3822,,陕西省安康市旬阳市,~陕西省安康市旬阳市,,Z05654,
3823,深圳,广东省深圳市福田区,深圳~广东省深圳市福田区,,Z07975,
3824,,山西省临汾市襄汾县,~山西省临汾市襄汾县,,Z03989,
3825,,云南省玉溪市江川区,~云南省玉溪市江川区,,Z07180,
3826,荆州,湖北省襄阳市宜城市,荆州~湖北省襄阳市宜城市,,Z07541,
3827,,云南省昭通市盐津县,~云南省昭通市盐津县,,Z07126,
3828,福州,福建省三明市建宁县,福州~福建省三明市建宁县,,Z06194,
3829,,云南省昭通市大关县,~云南省昭通市大关县,,Z07122,
3830,,云南省昭通市鲁甸县,~云南省昭通市鲁甸县,,Z07145,
3831,,山东省济宁市嘉祥县,~山东省济宁市嘉祥县,,Z05856,
3832,武汉,湖北省十堰市郧西县,武汉~湖北省十堰市郧西县,,Z07262,
3833,,云南省楚雄彝族自治州双柏县,~云南省楚雄彝族自治州双柏县,,Z07133,
3834,,山东省济宁市梁山县,~山东省济宁市梁山县,,Z05853,
3835,,,~,,ZZ1225,
3836,,云南省普洱市墨江哈尼族自治县,~云南省普洱市墨江哈尼族自治县,,Z07108,
3837,,云南省玉溪市新平彝族傣族自治县,~云南省玉溪市新平彝族傣族自治县,,Z07119,
3838,,云南省文山壮族苗族自治州马关县,~云南省文山壮族苗族自治州马关县,,Z07137,
3839,,云南省玉溪市峨山彝族自治县,~云南省玉溪市峨山彝族自治县,,Z07116,
3840,,云南省楚雄彝族自治州永仁县,~云南省楚雄彝族自治州永仁县,,Z07047,
3841,,黑龙江省双鸭山市友谊县,~黑龙江省双鸭山市友谊县,,Z04595,
3842,,云南省临沧市耿马傣族佤族自治县,~云南省临沧市耿马傣族佤族自治县,,Z06992,
3843,,云南省楚雄彝族自治州禄丰市,~云南省楚雄彝族自治州禄丰市,,Z07141,
3844,广州,广东省韶关市仁化县,广州~广东省韶关市仁化县,,Z08442,
3845,,新疆维吾尔自治区阿勒泰地区富蕴县,~新疆维吾尔自治区阿勒泰地区富蕴县,,Z05404,
3846,,新疆维吾尔自治区阿勒泰地区布尔津县,~新疆维吾尔自治区阿勒泰地区布尔津县,,Z05402,
3847,,新疆维吾尔自治区塔城地区托里县,~新疆维吾尔自治区塔城地区托里县,,Z05446,
3848,,内蒙古自治区兴安盟阿尔山市,~内蒙古自治区兴安盟阿尔山市,,Z04694,
3849,,内蒙古自治区兴安盟科尔沁右翼中旗,~内蒙古自治区兴安盟科尔沁右翼中旗,,Z04693,
3850,,内蒙古自治区兴安盟突泉县,~内蒙古自治区兴安盟突泉县,,Z04692,
3851,,山西省大同市阳高县,~山西省大同市阳高县,,Z03958,
3852,,河北省唐山市古冶区,~河北省唐山市古冶区,,Z10060,
3853,,浙江省衢州市龙游县,~浙江省衢州市龙游县,,Z06465,
3854,南京,江苏省南通市海门区,南京~江苏省南通市海门区,,Z06605,
3855,,山东省潍坊市青州市,~山东省潍坊市青州市,,Z05942,
3856,南京,江苏省南通市启东市,南京~江苏省南通市启东市,,Z06620,
3857,,四川省攀枝花市米易县,~四川省攀枝花市米易县,,Z07719,
3858,,陕西省榆林市府谷县,~陕西省榆林市府谷县,,Z05626,
3859,,贵州省黔东南苗族侗族自治州黄平县,~贵州省黔东南苗族侗族自治州黄平县,,Z06768,
3860,,黑龙江省哈尔滨市方正县,~黑龙江省哈尔滨市方正县,,Z04523,
3861,荆州,湖北省荆门市沙洋县,荆州~湖北省荆门市沙洋县,,Z07503,
3862,,新疆维吾尔自治区喀什地区岳普湖县,~新疆维吾尔自治区喀什地区岳普湖县,,Z05712,
3863,,河南省焦作市解放区,~河南省焦作市解放区,,Z10008,
3864,,河南省焦作市修武县,~河南省焦作市修武县,,Z05004,
3865,荆州,湖北省恩施土家族苗族自治州鹤峰县,荆州~湖北省恩施土家族苗族自治州鹤峰县,,Z07493,
3866,,云南省临沧市沧源佤族自治县,~云南省临沧市沧源佤族自治县,,Z07008,
3867,,云南省大理白族自治州大理市,~云南省大理白族自治州大理市,,Z07001,
3868,,陕西省西安市蓝田县,~陕西省西安市蓝田县,,Z05610,
3869,赣州,江西省赣州市安远县,赣州~江西省赣州市安远县,,Z08925,
3870,荆州,湖北省襄阳市南漳县,荆州~湖北省襄阳市南漳县,,Z07540,
3871,福州,福建省宁德市柘荣县,福州~福建省宁德市柘荣县,,Z06158,
3872,海口,海南省定安县定安县,海口~海南省定安县定安县,,Z07995,
3873,福州,福建省三明市清流县,福州~福建省三明市清流县,,Z08981,
3874,,黑龙江省绥化市绥棱县,~黑龙江省绥化市绥棱县,,Z04575,
3875,,安徽省淮南市寿县,~安徽省淮南市寿县,,Z06510,
3876,深圳,广东省深圳市福田区,深圳~广东省深圳市福田区,,Z08059,
3877,,,~,,Z05798,
3878,,山东省潍坊市安丘市,~山东省潍坊市安丘市,,Z05941,
3879,,甘肃省武威市天祝藏族自治县,~甘肃省武威市天祝藏族自治县,,Z05552,
3880,,甘肃省甘南藏族自治州迭部县,~甘肃省甘南藏族自治州迭部县,,Z05486,
3881,,甘肃省甘南藏族自治州玛曲县,~甘肃省甘南藏族自治州玛曲县,,Z05469,
3882,,辽宁省朝阳市凌源市,~辽宁省朝阳市凌源市,,Z10115,
3883,杭州,浙江省舟山市岱山县,杭州~浙江省舟山市岱山县,,Z06438,
3884,杭州,浙江省嘉兴市南湖区,杭州~浙江省嘉兴市南湖区,,Z09080,
3885,南宁,广西壮族自治区北海市合浦县,南宁~广西壮族自治区北海市合浦县,,Z08215,
3886,,,~,,ZZ1270,
3887,,,~,,ZZ1263,
3888,,,~,,ZZ1266,
3889,,重庆市重庆市城口县,~重庆市重庆市城口县,,Z06890,
3890,,重庆市重庆市巫山县,~重庆市重庆市巫山县,,Z09227,
3891,邵阳,湖南省永州市蓝山县,邵阳~湖南省永州市蓝山县,,Z07427,
3892,,宁夏回族自治区银川市灵武市,~宁夏回族自治区银川市灵武市,,Z05639,
3893,武汉,湖北省十堰市郧阳区,武汉~湖北省十堰市郧阳区,,Z10340,
3894,武汉,湖北省黄石市大冶市,武汉~湖北省黄石市大冶市,,Z07245,
3895,长沙,湖南省株洲市天元区,长沙~湖南省株洲市天元区,,Z07378,
3896,,云南省昭通市永善县,~云南省昭通市永善县,,Z07218,
3897,,陕西省咸阳市永寿县,~陕西省咸阳市永寿县,,Z08878,
3898,荆州,湖北省恩施土家族苗族自治州巴东县,荆州~湖北省恩施土家族苗族自治州巴东县,,Z07492,
3899,长沙,湖南省岳阳市平江县,长沙~湖南省岳阳市平江县,,Z07372,
3900,,宁夏回族自治区中卫市沙坡头区,~宁夏回族自治区中卫市沙坡头区,,Z05587,
3901,,河北省保定市安国市,~河北省保定市安国市,,Z08661,
3902,,河北省衡水市故城县,~河北省衡水市故城县,,Z08707,
3903,,,~,,ZZ0115,
3904,,贵州省黔东南苗族侗族自治州剑河县,~贵州省黔东南苗族侗族自治州剑河县,,Z06769,
3905,,四川省眉山市洪雅县,~四川省眉山市洪雅县,,Z07657,
3906,,四川省乐山市夹江县,~四川省乐山市夹江县,,Z07641,
3907,,四川省眉山市仁寿县,~四川省眉山市仁寿县,,Z07773,
3908,,云南省文山壮族苗族自治州丘北县,~云南省文山壮族苗族自治州丘北县,,Z07032,
3909,,甘肃省临夏回族自治州临夏县,~甘肃省临夏回族自治州临夏县,,Z09493,
3910,,甘肃省临夏回族自治州广河县,~甘肃省临夏回族自治州广河县,,Z05544,
3911,,安徽省合肥市包河区,~安徽省合肥市包河区,,Z09426,
3912,,甘肃省庆阳市镇原县,~甘肃省庆阳市镇原县,,Z05473,
3913,,甘肃省白银市靖远县,~甘肃省白银市靖远县,,Z05479,
3914,,天津市天津市宝坻区,~天津市天津市宝坻区,,ZZ0872,
3915,,新疆维吾尔自治区昌吉回族自治州呼图壁县,~新疆维吾尔自治区昌吉回族自治州呼图壁县,,Z05414,
3916,,山西省晋中市平遥县,~山西省晋中市平遥县,,Z03962,
3917,,山西省临汾市尧都区,~山西省临汾市尧都区,,Z09583,
3918,,安徽省芜湖市繁昌区,~安徽省芜湖市繁昌区,,Z06568,
3919,,宁夏回族自治区吴忠市青铜峡市,~宁夏回族自治区吴忠市青铜峡市,,Z05648,
3920,广州,,广州~,,Z08008,
3921,,贵州省黔南布依族苗族自治州贵定县,~贵州省黔南布依族苗族自治州贵定县,,Z06725,
3922,,河南省新乡市获嘉县,~河南省新乡市获嘉县,,Z05040,
3923,,云南省迪庆藏族自治州维西傈僳族自治县,~云南省迪庆藏族自治州维西傈僳族自治县,,Z07057,
3924,长沙,湖南省湘西土家族苗族自治州凤凰县,长沙~湖南省湘西土家族苗族自治州凤凰县,,Z07334,
3925,衡阳,湖南省郴州市嘉禾县,衡阳~湖南省郴州市嘉禾县,,Z07471,
3926,东莞,广东省东莞市东莞市,东莞~广东省东莞市东莞市,,Z08021,
3927,,内蒙古自治区赤峰市翁牛特旗,~内蒙古自治区赤峰市翁牛特旗,,Z04509,
3928,,内蒙古自治区赤峰市敖汉旗,~内蒙古自治区赤峰市敖汉旗,,Z04507,
3929,武汉,湖北省荆州市荆州区,武汉~湖北省荆州市荆州区,,,
3930,,甘肃省张掖市甘州区,~甘肃省张掖市甘州区,,Z09499,
3931,,甘肃省张掖市高台县,~甘肃省张掖市高台县,,Z05470,
3932,,甘肃省平凉市静宁县,~甘肃省平凉市静宁县,,Z05480,
3933,,安徽省蚌埠市禹会区,~安徽省蚌埠市禹会区,,Z09421,
3934,,四川省乐山市峨眉山市,~四川省乐山市峨眉山市,,Z07640,
3935,淮安,江苏省淮安市盱眙县,淮安~江苏省淮安市盱眙县,,Z06349,
3936,,山西省临汾市吉县,~山西省临汾市吉县,,Z03983,
3937,,山西省临汾市乡宁县,~山西省临汾市乡宁县,,Z03988,
3938,武汉,湖北省鄂州市梁子湖区,武汉~湖北省鄂州市梁子湖区,,Z07943,
3939,,,~,,Z06477,
3940,,黑龙江省牡丹江市宁安市,~黑龙江省牡丹江市宁安市,,Z04594,
3941,邵阳,湖南省邵阳市邵东市,邵阳~湖南省邵阳市邵东市,,Z07906,
3942,,黑龙江省鹤岗市萝北县,~黑龙江省鹤岗市萝北县,,Z04567,
3943,,内蒙古自治区呼伦贝尔市鄂温克族自治旗,~内蒙古自治区呼伦贝尔市鄂温克族自治旗,,Z04624,
3944,武汉,湖北省黄冈市麻城市,武汉~湖北省黄冈市麻城市,,Z07239,
3945,,云南省迪庆藏族自治州德钦县,~云南省迪庆藏族自治州德钦县,,Z07010,
3946,,云南省普洱市镇沅彝族哈尼族拉祜族自治县,~云南省普洱市镇沅彝族哈尼族拉祜族自治县,,Z07156,
3947,,河南省驻马店市遂平县,~河南省驻马店市遂平县,,Z04869,
3948,,河南省许昌市襄城县,~河南省许昌市襄城县,,Z04926,
3949,武汉,湖北省武汉市武昌区,武汉~湖北省武汉市武昌区,,Z09896,
3950,,云南省大理白族自治州云龙县,~云南省大理白族自治州云龙县,,Z06986,
3951,广州,广东省江门市新会区,广州~广东省江门市新会区,,Z08735,
3952,,陕西省渭南市合阳县,~陕西省渭南市合阳县,,Z05606,
3953,,青海省海东市循化撒拉族自治县,~青海省海东市循化撒拉族自治县,,Z05785,
3954,,青海省海东市互助土族自治县,~青海省海东市互助土族自治县,,Z05784,
3955,,陕西省延安市宜川县,~陕西省延安市宜川县,,Z05621,
3956,,陕西省延安市延川县,~陕西省延安市延川县,,Z05575,
3957,,陕西省延安市甘泉县,~陕西省延安市甘泉县,,Z05615,
3958,,陕西省延安市洛川县,~陕西省延安市洛川县,,Z05617,
3959,,青海省黄南藏族自治州同仁市,~青海省黄南藏族自治州同仁市,,Z05787,
3960,,黑龙江省大兴安岭地区塔河县,~黑龙江省大兴安岭地区塔河县,,Z04593,
3961,,黑龙江省双鸭山市集贤县,~黑龙江省双鸭山市集贤县,,Z04569,
3962,,黑龙江省齐齐哈尔市富裕县,~黑龙江省齐齐哈尔市富裕县,,Z04534,
3963,,黑龙江省黑河市孙吴县,~黑龙江省黑河市孙吴县,,Z04607,
3964,,黑龙江省大兴安岭地区漠河市,~黑龙江省大兴安岭地区漠河市,,Z04590,
3965,,四川省阿坝藏族羌族自治州松潘县,~四川省阿坝藏族羌族自治州松潘县,,Z07573,
3966,,四川省阿坝藏族羌族自治州九寨沟县,~四川省阿坝藏族羌族自治州九寨沟县,,Z07567,
3967,,四川省凉山彝族自治州普格县,~四川省凉山彝族自治州普格县,,Z07737,
3968,武汉,湖北省武汉市汉阳区,武汉~湖北省武汉市汉阳区,,Z09896,
3969,,河北省承德市平泉市,~河北省承德市平泉市,,Z04352,
3970,淮安,江苏省盐城市响水县,淮安~江苏省盐城市响水县,,Z06336,
3971,,山东省德州市宁津县,~山东省德州市宁津县,,Z05875,
3972,,,~,,ZZ1271,
3973,武汉,湖北省十堰市茅箭区,武汉~湖北省十堰市茅箭区,,Z09889,
3974,荆州,湖北省荆州市监利市,荆州~湖北省荆州市监利市,,Z07515,
3975,邵阳,湖南省永州市新田县,邵阳~湖南省永州市新田县,,Z07424,
3976,荆州,湖北省宜昌市秭归县,荆州~湖北省宜昌市秭归县,,Z07552,
3977,,内蒙古自治区鄂尔多斯市达拉特旗,~内蒙古自治区鄂尔多斯市达拉特旗,,Z04839,
3978,,,~,,Z04860,
3979,,内蒙古自治区巴彦淖尔市乌拉特中旗,~内蒙古自治区巴彦淖尔市乌拉特中旗,,Z06031,
3980,深圳,广东省深圳市光明区,深圳~广东省深圳市光明区,,Z08847,
3981,,河南省洛阳市伊川县,~河南省洛阳市伊川县,,Z04941,
3982,广州,广东省广州市增城区,广州~广东省广州市增城区,,Z10463,
3983,荆州,湖北省恩施土家族苗族自治州宣恩县,荆州~湖北省恩施土家族苗族自治州宣恩县,,Z07500,
3984,淮安,江苏省徐州市贾汪区,淮安~江苏省徐州市贾汪区,,Z08853,
3985,,山西省长治市上党区,~山西省长治市上党区,,Z04058,
3986,上海,江苏省苏州市昆山市,上海~江苏省苏州市昆山市,,Z10462,
3987,,山西省运城市永济市,~山西省运城市永济市,,Z10149,
3988,,安徽省黄山市徽州区,~安徽省黄山市徽州区,,Z09425,
3989,,四川省凉山彝族自治州盐源县,~四川省凉山彝族自治州盐源县,,Z07726,
3990,,四川省凉山彝族自治州昭觉县,~四川省凉山彝族自治州昭觉县,,Z07723,
3991,,安徽省宿州市砀山县,~安徽省宿州市砀山县,,Z06554,
3992,,安徽省阜阳市颍州区,~安徽省阜阳市颍州区,,Z09849,
3993,,安徽省合肥市巢湖市,~安徽省合肥市巢湖市,,Z06500,
3994,,安徽省阜阳市颍州区,~安徽省阜阳市颍州区,,Z06546,
3995,,吉林省辽源市东丰县,~吉林省辽源市东丰县,,Z04671,
3996,,吉林省白城市镇赉县,~吉林省白城市镇赉县,,Z04653,
3997,,河北省沧州市运河区,~河北省沧州市运河区,,Z08728,
3998,,贵州省黔西南布依族苗族自治州普安县,~贵州省黔西南布依族苗族自治州普安县,,Z06798,
3999,,安徽省马鞍山市和县,~安徽省马鞍山市和县,,Z06558,
4000,,河北省邢台市沙河市,~河北省邢台市沙河市,,Z08642,
4001,,河北省张家口市康保县,~河北省张家口市康保县,,Z04379,
4002,,河北省张家口市阳原县,~河北省张家口市阳原县,,Z04382,
4003,,河北省张家口市万全区,~河北省张家口市万全区,,Z10221,
4004,,河北省张家口市涿鹿县,~河北省张家口市涿鹿县,,Z04384,
4005,,贵州省黔南布依族苗族自治州瓮安县,~贵州省黔南布依族苗族自治州瓮安县,,Z06752,
4006,南昌,江西省萍乡市上栗县,南昌~江西省萍乡市上栗县,,Z09936,
4007,南昌,江西省上饶市德兴市,南昌~江西省上饶市德兴市,,Z09289,
4008,南昌,江西省上饶市横峰县,南昌~江西省上饶市横峰县,,Z09291,
4009,,四川省德阳市绵竹市,~四川省德阳市绵竹市,,Z07604,
4010,,辽宁省大连市普兰店区,~辽宁省大连市普兰店区,,Z04473,
4011,,内蒙古自治区赤峰市宁城县,~内蒙古自治区赤峰市宁城县,,Z04514,
4012,湛江,广东省湛江市霞山区,湛江~广东省湛江市霞山区,,Z06369,
4013,广州,广东省韶关市始兴县,广州~广东省韶关市始兴县,,Z08036,
4014,湛江,广东省江门市台山市,湛江~广东省江门市台山市,,Z06376,
4015,,贵州省黔西南布依族苗族自治州晴隆县,~贵州省黔西南布依族苗族自治州晴隆县,,Z06799,
4016,,甘肃省金昌市永昌县,~甘肃省金昌市永昌县,,Z05556,
4017,,山西省忻州市代县,~山西省忻州市代县,,Z04017,
4018,,陕西省渭南市富平县,~陕西省渭南市富平县,,Z05605,
4019,邵阳,湖南省娄底市新化县,邵阳~湖南省娄底市新化县,,Z09522,
4020,长沙,湖南省常德市桃源县,长沙~湖南省常德市桃源县,,Z07302,
4021,衡阳,湖南省衡阳市耒阳市,衡阳~湖南省衡阳市耒阳市,,Z07484,
4022,南京,江苏省南通市如东县,南京~江苏省南通市如东县,,Z06658,
4023,,山东省潍坊市坊子区,~山东省潍坊市坊子区,,Z10479,
4024,,浙江省丽水市景宁畲族自治县,~浙江省丽水市景宁畲族自治县,,Z06461,
4025,,河北省沧州市河间市,~河北省沧州市河间市,,Z08733,
4026,,内蒙古自治区鄂尔多斯市鄂托克前旗,~内蒙古自治区鄂尔多斯市鄂托克前旗,,Z04863,
4027,,山东省东营市河口区,~山东省东营市河口区,,Z06036,
4028,,新疆维吾尔自治区吐鲁番市托克逊县,~新疆维吾尔自治区吐鲁番市托克逊县,,Z05428,
4029,南昌,江西省南昌市安义县,南昌~江西省南昌市安义县,,Z07796,
4030,,云南省红河哈尼族彝族自治州泸西县,~云南省红河哈尼族彝族自治州泸西县,,Z07065,
4031,,山东省济宁市金乡县,~山东省济宁市金乡县,,Z05882,
4032,,云南省德宏傣族景颇族自治州梁河县,~云南省德宏傣族景颇族自治州梁河县,,Z06997,
4033,,河北省邯郸市临漳县,~河北省邯郸市临漳县,,Z08684,
4034,,河北省邯郸市肥乡区,~河北省邯郸市肥乡区,,Z08690,
4035,,山西省太原市娄烦县,~山西省太原市娄烦县,,Z04007,
4036,,浙江省丽水市遂昌县,~浙江省丽水市遂昌县,,Z06458,
4037,,重庆市重庆市铜梁区,~重庆市重庆市铜梁区,,Z06908,
4038,,重庆市重庆市巫山县,~重庆市重庆市巫山县,,Z09231,
4039,泉州,福建省泉州市安溪县,泉州~福建省泉州市安溪县,,Z10300,
4040,泉州,福建省泉州市安溪县,泉州~福建省泉州市安溪县,,Z09204,
4041,,山西省阳泉市平定县,~山西省阳泉市平定县,,Z04030,
4042,,新疆维吾尔自治区阿拉尔市阿拉尔市,~新疆维吾尔自治区阿拉尔市阿拉尔市,,Z05681,
4043,,河南省郑州市新密市,~河南省郑州市新密市,,Z04975,
4044,,河南省济源市济源市,~河南省济源市济源市,,Z10020,
4045,,河南省济源市济源市,~河南省济源市济源市,,Z04935,
4046,,河南省安阳市内黄县,~河南省安阳市内黄县,,Z04934,
4047,衡阳,湖南省郴州市永兴县,衡阳~湖南省郴州市永兴县,,Z07466,
4048,,新疆维吾尔自治区伊犁哈萨克自治州尼勒克县,~新疆维吾尔自治区伊犁哈萨克自治州尼勒克县,,Z05438,
4049,南昌,江西省南昌市东湖区,南昌~江西省南昌市东湖区,,Z09748,
4050,,新疆维吾尔自治区喀什地区泽普县,~新疆维吾尔自治区喀什地区泽普县,,Z05713,
4051,,山西省晋中市寿阳县,~山西省晋中市寿阳县,,Z03972,
4052,,山西省忻州市代县,~山西省忻州市代县,,Z09572,
4053,上海,浙江省嘉兴市平湖市,上海~浙江省嘉兴市平湖市,,000001,
4054,,贵州省黔西南布依族苗族自治州册亨县,~贵州省黔西南布依族苗族自治州册亨县,,Z06797,
4055,,河南省濮阳市华龙区,~河南省濮阳市华龙区,,Z04955,
4056,,安徽省宣城市宁国市,~安徽省宣城市宁国市,,Z06533,
4057,,陕西省西安市雁塔区,~陕西省西安市雁塔区,,Z09959,
4058,,河北省石家庄市裕华区,~河北省石家庄市裕华区,,Z08591,
4059,,安徽省滁州市明光市,~安徽省滁州市明光市,,Z06514,
4060,淮安,江苏省镇江市句容市,淮安~江苏省镇江市句容市,,Z06352,
4061,,浙江省金华市东阳市,~浙江省金华市东阳市,,Z08851,
4062,,,~,,ZZ1268,
4063,海口,海南省昌江黎族自治县昌江黎族自治县,海口~海南省昌江黎族自治县昌江黎族自治县,,Z07992,
4064,,河南省新乡市延津县,~河南省新乡市延津县,,Z05041,
4065,,河南省安阳市滑县,~河南省安阳市滑县,,Z05014,
4066,荆州,湖北省荆州市江陵县,荆州~湖北省荆州市江陵县,,Z07913,
4067,,辽宁省大连市庄河市,~辽宁省大连市庄河市,,Z04481,
4068,,辽宁省沈阳市浑南区,~辽宁省沈阳市浑南区,,Z10133,
4069,,内蒙古自治区鄂尔多斯市伊金霍洛旗,~内蒙古自治区鄂尔多斯市伊金霍洛旗,,Z04845,
4070,,内蒙古自治区乌兰察布市兴和县,~内蒙古自治区乌兰察布市兴和县,,Z08613,
4071,,内蒙古自治区乌兰察布市丰镇市,~内蒙古自治区乌兰察布市丰镇市,,Z08610,
4072,湛江,广东省云浮市罗定市,湛江~广东省云浮市罗定市,,Z06379,
4073,,内蒙古自治区鄂尔多斯市准格尔旗,~内蒙古自治区鄂尔多斯市准格尔旗,,Z04846,
4074,,陕西省宝鸡市凤翔区,~陕西省宝鸡市凤翔区,,Z05594,
4075,,陕西省安康市紫阳县,~陕西省安康市紫阳县,,Z05592,
4076,,甘肃省天水市张家川回族自治县,~甘肃省天水市张家川回族自治县,,Z05541,
4077,赣州,江西省赣州市会昌县,赣州~江西省赣州市会昌县,,Z08929,
4078,长沙,湖南省岳阳市岳阳县,长沙~湖南省岳阳市岳阳县,,Z07374,
4079,荆州,湖北省荆州市公安县,荆州~湖北省荆州市公安县,,Z07507,
4080,,四川省南充市仪陇县,~四川省南充市仪陇县,,Z10436,
4081,武汉,湖北省黄冈市蕲春县,武汉~湖北省黄冈市蕲春县,,Z07247,
4082,,安徽省合肥市庐江县,~安徽省合肥市庐江县,,Z06503,
4083,,山东省淄博市淄川区,~山东省淄博市淄川区,,Z05848,
4084,,浙江省丽水市庆元县,~浙江省丽水市庆元县,,Z06463,
4085,,浙江省丽水市松阳县,~浙江省丽水市松阳县,,Z06457,
4086,,安徽省马鞍山市含山县,~安徽省马鞍山市含山县,,Z06565,
4087,,山东省日照市莒县,~山东省日照市莒县,,Z05933,
4088,南京,江苏省南通市海安市,南京~江苏省南通市海安市,,Z06619,
4089,,黑龙江省哈尔滨市依兰县,~黑龙江省哈尔滨市依兰县,,Z04524,
4090,南京,江苏省南通市如皋市,南京~江苏省南通市如皋市,,Z06621,
4091,,辽宁省沈阳市法库县,~辽宁省沈阳市法库县,,Z04492,
4092,,辽宁省营口市大石桥市,~辽宁省营口市大石桥市,,Z04470,
4093,,,~,,Z10081,
4094,,山东省菏泽市定陶区,~山东省菏泽市定陶区,,Z05901,
4095,,河南省商丘市民权县,~河南省商丘市民权县,,Z04991,
4096,,陕西省汉中市城固县,~陕西省汉中市城固县,,Z05644,
4097,,陕西省铜川市印台区,~陕西省铜川市印台区,,Z10085,
4098,,河北省石家庄市长安区,~河北省石家庄市长安区,,Z08855,
4099,,河北省保定市定兴县,~河北省保定市定兴县,,Z08674,
4100,武汉,湖北省黄石市阳新县,武汉~湖北省黄石市阳新县,,Z07249,
4101,,黑龙江省双鸭山市饶河县,~黑龙江省双鸭山市饶河县,,Z04597,
4102,,青海省玉树藏族自治州囊谦县,~青海省玉树藏族自治州囊谦县,,Z05782,
4103,,青海省玉树藏族自治州称多县,~青海省玉树藏族自治州称多县,,Z05800,
4104,,辽宁省鞍山市海城市,~辽宁省鞍山市海城市,,Z04447,
4105,,内蒙古自治区包头市昆都仑区,~内蒙古自治区包头市昆都仑区,,Z09722,
4106,,辽宁省营口市鲅鱼圈区,~辽宁省营口市鲅鱼圈区,,Z04489,
4107,,河南省南阳市桐柏县,~河南省南阳市桐柏县,,Z04893,
4108,,四川省达州市开江县,~四川省达州市开江县,,Z07750,
4109,上海,浙江省舟山市普陀区,上海~浙江省舟山市普陀区,,Z06586,
4110,,山西省长治市武乡县,~山西省长治市武乡县,,Z04055,
4111,,宁夏回族自治区吴忠市红寺堡区,~宁夏回族自治区吴忠市红寺堡区,,Z05645,
4112,海口,,海口~,,Z08005,
4113,赣州,江西省吉安市井冈山市,赣州~江西省吉安市井冈山市,,Z08939,
4114,南昌,江西省南昌市,南昌~江西省南昌市,,Z09752,
4115,南昌,江西省新余市渝水区,南昌~江西省新余市渝水区,,Z09300,
4116,,云南省临沧市永德县,~云南省临沧市永德县,,Z06996,
4117,南昌,江西省九江市修水县,南昌~江西省九江市修水县,,Z07869,
4118,,陕西省宝鸡市扶风县,~陕西省宝鸡市扶风县,,Z05595,
4119,淮安,江苏省盐城市东台市,淮安~江苏省盐城市东台市,,Z06332,
4120,,新疆维吾尔自治区阿拉尔市阿拉尔市,~新疆维吾尔自治区阿拉尔市阿拉尔市,,Z05741,
4121,贵港,广西壮族自治区南宁市兴宁区,贵港~广西壮族自治区南宁市兴宁区,,Z02559,
4122,柳州,广西壮族自治区南宁市兴宁区,柳州~广西壮族自治区南宁市兴宁区,,Z00542,
4123,,吉林省通化市梅河口市,~吉林省通化市梅河口市,,Z04685,
4124,,河北省承德市承德县,~河北省承德市承德县,,Z04355,
4125,武汉,湖北省黄冈市英山县,武汉~湖北省黄冈市英山县,,Z07243,
4126,武汉,湖北省黄冈市罗田县,武汉~湖北省黄冈市罗田县,,Z07555,
4127,,新疆维吾尔自治区克拉玛依市白碱滩区,~新疆维吾尔自治区克拉玛依市白碱滩区,,Z09953,
4128,,辽宁省丹东市宽甸满族自治县,~辽宁省丹东市宽甸满族自治县,,Z04485,
4129,,辽宁省辽阳市弓长岭区,~辽宁省辽阳市弓长岭区,,Z10127,
4130,,河北省沧州市青县,~河北省沧州市青县,,Z08678,
4131,海口,海南省海口市秀英区,海口~海南省海口市秀英区,,Z10064,
4132,,河北省衡水市武强县,~河北省衡水市武强县,,Z08703,
4133,,安徽省滁州市,~安徽省滁州市,,Z09740,
4134,长沙,湖南省张家界市武陵源区,长沙~湖南省张家界市武陵源区,,Z07402,
4135,,安徽省亳州市蒙城县,~安徽省亳州市蒙城县,,Z06538,
4136,,陕西省渭南市华阴市,~陕西省渭南市华阴市,,Z05607,
4137,,四川省雅安市荥经县,~四川省雅安市荥经县,,Z07691,
4138,,四川省内江市市中区,~四川省内江市市中区,,Z09759,
4139,,陕西省延安市子长市,~陕西省延安市子长市,,Z05623,
4140,淮安,江苏省扬州市仪征市,淮安~江苏省扬州市仪征市,,Z06341,
4141,,黑龙江省七台河市勃利县,~黑龙江省七台河市勃利县,,Z04591,
4142,贵港,广西壮族自治区玉林市博白县,贵港~广西壮族自治区玉林市博白县,,Z08388,
4143,淮安,江苏省镇江市扬中市,淮安~江苏省镇江市扬中市,,Z06344,
4144,,贵州省遵义市余庆县,~贵州省遵义市余庆县,,Z06937,
4145,,贵州省黔南布依族苗族自治州惠水县,~贵州省黔南布依族苗族自治州惠水县,,Z06743,
4146,,贵州省黔东南苗族侗族自治州岑巩县,~贵州省黔东南苗族侗族自治州岑巩县,,Z06764,
4147,,贵州省贵阳市开阳县,~贵州省贵阳市开阳县,,Z06756,
4148,福州,福建省三明市将乐县,福州~福建省三明市将乐县,,Z09033,
4149,南京,江苏省苏州市常熟市,南京~江苏省苏州市常熟市,,Z06623,
4150,,陕西省西安市临潼区,~陕西省西安市临潼区,,Z05580,
4151,,北京市北京市昌平区,~北京市北京市昌平区,,Z04333,
4152,,重庆市重庆市垫江县,~重庆市重庆市垫江县,,Z06892,
4153,深圳,广东省惠州市龙门县,深圳~广东省惠州市龙门县,,Z08900,
4154,,重庆市重庆市巫溪县,~重庆市重庆市巫溪县,,Z09242,
4155,,陕西省西安市未央区,~陕西省西安市未央区,,Z10088,
4156,,,~,,ZZ0968,
4157,南京,江苏省常州市天宁区,南京~江苏省常州市天宁区,,Z10232,
4158,长沙,湖南省岳阳市临湘市,长沙~湖南省岳阳市临湘市,,Z07370,
4159,,新疆维吾尔自治区哈密市伊州区,~新疆维吾尔自治区哈密市伊州区,,Z05422,
4160,,山西省晋中市灵石县,~山西省晋中市灵石县,,Z03961,
4161,,山西省阳泉市郊区,~山西省阳泉市郊区,,Z09569,
4162,,新疆维吾尔自治区伊犁哈萨克自治州新源县,~新疆维吾尔自治区伊犁哈萨克自治州新源县,,Z05449,
4163,贵港,广西壮族自治区梧州市万秀区,贵港~广西壮族自治区梧州市万秀区,,Z10408,
4164,贵港,广西壮族自治区玉林市玉州区,贵港~广西壮族自治区玉林市玉州区,,Z08386,
4165,贵港,广西壮族自治区玉林市博白县,贵港~广西壮族自治区玉林市博白县,,Z08615,
4166,南宁,广西壮族自治区南宁市马山县,南宁~广西壮族自治区南宁市马山县,,Z08161,
4167,南宁,广西壮族自治区南宁市武鸣区,南宁~广西壮族自治区南宁市武鸣区,,Z09614,
4168,南宁,广西壮族自治区南宁市武鸣区,南宁~广西壮族自治区南宁市武鸣区,,Z09613,
4169,南宁,广西壮族自治区南宁市宾阳县,南宁~广西壮族自治区南宁市宾阳县,,Z08153,
4170,柳州,广西壮族自治区河池市东兰县,柳州~广西壮族自治区河池市东兰县,,Z08268,
4171,贵港,广西壮族自治区贵港市港北区,贵港~广西壮族自治区贵港市港北区,,Z08425,
4172,海口,海南省屯昌县屯昌县,海口~海南省屯昌县屯昌县,,Z08003,
4173,海口,,海口~,,Z08012,
4174,,安徽省宣城市郎溪县,~安徽省宣城市郎溪县,,Z06560,
4175,,山西省忻州市繁峙县,~山西省忻州市繁峙县,,Z04019,
4176,,山西省晋中市祁县,~山西省晋中市祁县,,Z03971,
4177,,山西省晋中市祁县,~山西省晋中市祁县,,Z03973,
4178,,河北省唐山市丰润区,~河北省唐山市丰润区,,ZZ0853,
4179,,河北省廊坊市永清县,~河北省廊坊市永清县,,Z04368,
4180,,山西省朔州市应县,~山西省朔州市应县,,Z04004,
4181,,山东省滨州市无棣县,~山东省滨州市无棣县,,Z05894,
4182,南京,江苏省南京市建邺区,南京~江苏省南京市建邺区,,Z10061,
4183,,甘肃省庆阳市正宁县,~甘肃省庆阳市正宁县,,Z05474,
4184,,青海省海西蒙古族藏族自治州德令哈市,~青海省海西蒙古族藏族自治州德令哈市,,Z05775,
4185,,甘肃省陇南市西和县,~甘肃省陇南市西和县,,Z05472,
4186,武汉,湖北省武汉市江汉区,武汉~湖北省武汉市江汉区,,Z09898,
4187,,贵州省黔东南苗族侗族自治州锦屏县,~贵州省黔东南苗族侗族自治州锦屏县,,Z06770,
4188,,四川省资阳市乐至县,~四川省资阳市乐至县,,Z07704,
4189,,黑龙江省绥化市庆安县,~黑龙江省绥化市庆安县,,Z04610,
4190,,黑龙江省哈尔滨市道里区,~黑龙江省哈尔滨市道里区,,Z04522,
4191,,山东省菏泽市东明县,~山东省菏泽市东明县,,Z05879,
4192,荆州,湖北省荆门市京山市,荆州~湖北省荆门市京山市,,Z07502,
4193,,安徽省马鞍山市当涂县,~安徽省马鞍山市当涂县,,Z06567,
4194,,陕西省咸阳市乾县,~陕西省咸阳市乾县,,Z05646,
4195,,山东省菏泽市牡丹区,~山东省菏泽市牡丹区,,Z09880,
4196,荆州,湖北省恩施土家族苗族自治州建始县,荆州~湖北省恩施土家族苗族自治州建始县,,Z07495,
4197,长沙,湖南省常德市石门县,长沙~湖南省常德市石门县,,Z07301,
4198,衡阳,湖南省郴州市临武县,衡阳~湖南省郴州市临武县,,Z07473,
4199,,安徽省芜湖市无为市,~安徽省芜湖市无为市,,Z06509,
4200,深圳,广东省东莞市,深圳~广东省东莞市,,Z10458,
4201,淮安,江苏省徐州市丰县,淮安~江苏省徐州市丰县,,Z06324,
4202,南京,,南京~,,Z09858,
4203,南昌,江西省九江市武宁县,南昌~江西省九江市武宁县,,Z09279,
4204,武汉,湖北省武汉市汉阳区,武汉~湖北省武汉市汉阳区,,Z09894,
4205,南昌,江西省上饶市余干县,南昌~江西省上饶市余干县,,Z07947,
4206,南昌,江西省上饶市余干县,南昌~江西省上饶市余干县,,Z07922,
4207,,山东省东营市广饶县,~山东省东营市广饶县,,Z05936,
4208,赣州,江西省吉安市泰和县,赣州~江西省吉安市泰和县,,Z08921,
4209,,四川省遂宁市蓬溪县,~四川省遂宁市蓬溪县,,Z07770,
4210,广州,广东省肇庆市端州区,广州~广东省肇庆市端州区,,Z09323,
4211,广州,广东省韶关市浈江区,广州~广东省韶关市浈江区,,Z09330,
4212,,山东省济南市历下区,~山东省济南市历下区,,Z09397,
4213,武汉,湖北省随州市广水市,武汉~湖北省随州市广水市,,Z07281,
4214,,云南省德宏傣族景颇族自治州陇川县,~云南省德宏傣族景颇族自治州陇川县,,Z07028,
4215,深圳,广东省深圳市宝安区,深圳~广东省深圳市宝安区,,Z08438,
4216,,云南省楚雄彝族自治州牟定县,~云南省楚雄彝族自治州牟定县,,Z07044,
4217,荆州,湖北省宜昌市当阳市,荆州~湖北省宜昌市当阳市,,Z07545,
4218,南京,江苏省苏州市常熟市,南京~江苏省苏州市常熟市,,Z09857,
4219,,新疆维吾尔自治区五家渠市五家渠市,~新疆维吾尔自治区五家渠市五家渠市,,Z05430,
4220,,山东省潍坊市诸城市,~山东省潍坊市诸城市,,Z10459,
4221,,四川省宜宾市江安县,~四川省宜宾市江安县,,Z07696,
4222,,贵州省黔东南苗族侗族自治州凯里市,~贵州省黔东南苗族侗族自治州凯里市,,Z09350,
4223,贵港,广西壮族自治区梧州市蒙山县,贵港~广西壮族自治区梧州市蒙山县,,Z08381,
4224,,河南省商丘市虞城县,~河南省商丘市虞城县,,Z05036,
4225,,河北省石家庄市裕华区,~河北省石家庄市裕华区,,Z08638,
4226,,河南省南阳市南召县,~河南省南阳市南召县,,Z04900,
4227,柳州,广西壮族自治区柳州市三江侗族自治县,柳州~广西壮族自治区柳州市三江侗族自治县,,Z08295,
4228,柳州,,柳州~,,Z09647,
4229,南宁,广西壮族自治区南宁市武鸣区,南宁~广西壮族自治区南宁市武鸣区,,Z09612,
4230,南宁,广西壮族自治区南宁市横州市,南宁~广西壮族自治区南宁市横州市,,Z08158,
4231,,河北省邯郸市武安市,~河北省邯郸市武安市,,Z08636,
4232,柳州,广西壮族自治区柳州市融安县,柳州~广西壮族自治区柳州市融安县,,Z09652,
4233,柳州,广西壮族自治区桂林市平乐县,柳州~广西壮族自治区桂林市平乐县,,Z08259,
4234,,河北省沧州市任丘市,~河北省沧州市任丘市,,Z08634,
4235,柳州,广西壮族自治区桂林市阳朔县,柳州~广西壮族自治区桂林市阳朔县,,Z08262,
4236,,河北省石家庄市平山县,~河北省石家庄市平山县,,Z08647,
4237,,河北省保定市涞源县,~河北省保定市涞源县,,Z08664,
4238,南宁,广西壮族自治区防城港市东兴市,南宁~广西壮族自治区防城港市东兴市,,Z08093,
4239,贵港,广西壮族自治区梧州市藤县,贵港~广西壮族自治区梧州市藤县,,Z08383,
4240,,河南省平顶山市叶县,~河南省平顶山市叶县,,Z04906,
4241,淮安,,淮安~,,Z06316,
4242,,黑龙江省绥化市明水县,~黑龙江省绥化市明水县,,Z04613,
4243,,,~,,Z10196,
4244,柳州,广西壮族自治区柳州市柳江区,柳州~广西壮族自治区柳州市柳江区,,Z08291,
4245,贵港,广西壮族自治区梧州市岑溪市,贵港~广西壮族自治区梧州市岑溪市,,Z09661,
4246,南宁,广西壮族自治区钦州市钦南区,南宁~广西壮族自治区钦州市钦南区,,Z10309,
4247,,甘肃省天水市清水县,~甘肃省天水市清水县,,Z05466,
4248,贵港,广西壮族自治区贵港市桂平市,贵港~广西壮族自治区贵港市桂平市,,Z08352,
4249,,山东省烟台市芝罘区,~山东省烟台市芝罘区,,Z09459,
4250,,宁夏回族自治区吴忠市同心县,~宁夏回族自治区吴忠市同心县,,Z05569,
4251,,云南省保山市腾冲市,~云南省保山市腾冲市,,Z06966,
4252,,云南省临沧市耿马傣族佤族自治县,~云南省临沧市耿马傣族佤族自治县,,Z07006,
4253,南京,,南京~,,Z09856,
4254,,,~,,ZZ2026,
4255,,青海省海北藏族自治州祁连县,~青海省海北藏族自治州祁连县,,Z05777,
4256,,,~,,Z04552,
4257,,,~,,Z05791,
4258,,黑龙江省齐齐哈尔市克山县,~黑龙江省齐齐哈尔市克山县,,Z04540,
4259,,,~,,Z04562,
4260,,甘肃省陇南市文县,~甘肃省陇南市文县,,Z05497,
4261,汕头,广东省梅州市大埔县,汕头~广东省梅州市大埔县,,Z06400,
4262,南京,,南京~,,Z06633,
4263,,甘肃省天水市麦积区,~甘肃省天水市麦积区,,Z09496,
4264,泉州,福建省泉州市惠安县,泉州~福建省泉州市惠安县,,Z08959,
4265,福州,福建省厦门市翔安区,福州~福建省厦门市翔安区,,Z09720,
4266,泉州,福建省泉州市南安市,泉州~福建省泉州市南安市,,Z08457,
4267,福州,福建省莆田市仙游县,福州~福建省莆田市仙游县,,Z06161,
4268,福州,福建省三明市大田县,福州~福建省三明市大田县,,Z06193,
4269,,新疆维吾尔自治区石河子市石河子市,~新疆维吾尔自治区石河子市石河子市,,Z05720,
4270,,陕西省铜川市耀州区,~陕西省铜川市耀州区,,Z10083,
4271,,甘肃省嘉峪关市嘉峪关市,~甘肃省嘉峪关市嘉峪关市,,Z05487,
4272,,四川省南充市南部县,~四川省南充市南部县,,Z07762,
4273,,贵州省遵义市播州区,~贵州省遵义市播州区,,Z06936,
4274,,贵州省黔南布依族苗族自治州都匀市,~贵州省黔南布依族苗族自治州都匀市,,Z06751,
4275,,贵州省遵义市红花岗区,~贵州省遵义市红花岗区,,Z06940,
4276,,四川省成都市武侯区,~四川省成都市武侯区,,Z07762,
4277,,贵州省黔东南苗族侗族自治州凯里市,~贵州省黔东南苗族侗族自治州凯里市,,Z06765,
4278,,贵州省黔东南苗族侗族自治州从江县,~贵州省黔东南苗族侗族自治州从江县,,Z06765,
4279,,黑龙江省齐齐哈尔市泰来县,~黑龙江省齐齐哈尔市泰来县,,Z04536,
4280,,山东省滨州市滨城区,~山东省滨州市滨城区,,Z09394,
4281,,山东省临沂市费县,~山东省临沂市费县,,Z05858,
4282,南京,江苏省常州市新北区,南京~江苏省常州市新北区,,Z09855,
4283,,,~,,ZZ1262,
4284,福州,,福州~,,000001,
4285,南京,江苏省苏州市太仓市,南京~江苏省苏州市太仓市,,Z06624,
4286,南京,江苏省南京市鼓楼区,南京~江苏省南京市鼓楼区,,Z09390,
4287,,四川省阿坝藏族羌族自治州理县,~四川省阿坝藏族羌族自治州理县,,Z07568,
4288,,,~,,Z10453,
4289,咸宁,西藏自治区拉萨市堆龙德庆区,咸宁~西藏自治区拉萨市堆龙德庆区,,ZZ0297,
4290,淮安,江苏省淮安市金湖县,淮安~江苏省淮安市金湖县,,Z06345,
4291,衡阳,湖南省郴州市安仁县,衡阳~湖南省郴州市安仁县,,Z07462,
4292,长沙,湖南省张家界市慈利县,长沙~湖南省张家界市慈利县,,Z07376,
4293,,山西省临汾市侯马市,~山西省临汾市侯马市,,Z04035,
4294,,山西省运城市芮城县,~山西省运城市芮城县,,Z04040,
4295,,天津市天津市东丽区,~天津市天津市东丽区,,ZZ0874,
4296,,陕西省咸阳市杨陵区,~陕西省咸阳市杨陵区,,Z05581,
4297,,陕西省咸阳市彬州市,~陕西省咸阳市彬州市,,Z05570,
4298,,吉林省延边朝鲜族自治州安图县,~吉林省延边朝鲜族自治州安图县,,Z06061,
4299,,吉林省松原市扶余市,~吉林省松原市扶余市,,Z04678,
4300,,吉林省延边朝鲜族自治州和龙市,~吉林省延边朝鲜族自治州和龙市,,Z04698,
4301,,贵州省黔西南布依族苗族自治州兴义市,~贵州省黔西南布依族苗族自治州兴义市,,Z07189,
4302,,贵州省安顺市镇宁布依族苗族自治县,~贵州省安顺市镇宁布依族苗族自治县,,Z10317,
4303,,河北省石家庄市新乐市,~河北省石家庄市新乐市,,Z08727,
4304,,河南省安阳市北关区,~河南省安阳市北关区,,Z09984,
4305,,重庆市重庆市奉节县,~重庆市重庆市奉节县,,Z09734,
4306,,重庆市重庆市开州区,~重庆市重庆市开州区,,Z06898,
4307,,重庆市重庆市巫山县,~重庆市重庆市巫山县,,Z09232,
4308,邵阳,湖南省永州市道县,邵阳~湖南省永州市道县,,Z07426,
4309,,新疆维吾尔自治区乌鲁木齐市米东区,~新疆维吾尔自治区乌鲁木齐市米东区,,Z09956,
4310,,四川省达州市宣汉县,~四川省达州市宣汉县,,Z07754,
4311,,重庆市重庆市彭水苗族土家族自治县,~重庆市重庆市彭水苗族土家族自治县,,Z09733,
4312,,内蒙古自治区通辽市奈曼旗,~内蒙古自治区通辽市奈曼旗,,Z08834,
4313,,贵州省六盘水市水城区,~贵州省六盘水市水城区,,Z08443,
4314,,贵州省六盘水市水城区,~贵州省六盘水市水城区,,Z06827,
4315,,贵州省毕节市黔西市,~贵州省毕节市黔西市,,Z06736,
4316,,贵州省黔东南苗族侗族自治州镇远县,~贵州省黔东南苗族侗族自治州镇远县,,Z06779,
4317,,贵州省遵义市赤水市,~贵州省遵义市赤水市,,Z06922,
4318,,贵州省遵义市习水县,~贵州省遵义市习水县,,Z06961,
4319,,贵州省遵义市习水县,~贵州省遵义市习水县,,Z06957,
4320,,贵州省遵义市习水县,~贵州省遵义市习水县,,Z06923,
4321,,贵州省铜仁市沿河土家族自治县,~贵州省铜仁市沿河土家族自治县,,Z06945,
4322,上海,江苏省苏州市昆山市,上海~江苏省苏州市昆山市,,Z10043,
4323,,四川省泸州市合江县,~四川省泸州市合江县,,Z07651,
4324,南宁,广西壮族自治区南宁市兴宁区,南宁~广西壮族自治区南宁市兴宁区,,Z09591,
4325,南宁,广西壮族自治区南宁市横州市,南宁~广西壮族自治区南宁市横州市,,Z08157,
4326,南宁,广西壮族自治区钦州市钦南区,南宁~广西壮族自治区钦州市钦南区,,Z08196,
4327,南宁,,南宁~,,Z10472,
4328,南宁,广西壮族自治区南宁市横州市,南宁~广西壮族自治区南宁市横州市,,Z09602,
4329,贵港,广西壮族自治区贵港市港南区,贵港~广西壮族自治区贵港市港南区,,Z10438,
4330,贵港,广西壮族自治区玉林市陆川县,贵港~广西壮族自治区玉林市陆川县,,Z10236,
4331,柳州,广西壮族自治区河池市巴马瑶族自治县,柳州~广西壮族自治区河池市巴马瑶族自治县,,Z08266,
4332,南宁,广西壮族自治区南宁市横州市,南宁~广西壮族自治区南宁市横州市,,Z09372,
4333,南宁,广西壮族自治区南宁市横州市,南宁~广西壮族自治区南宁市横州市,,Z09603,
4334,,河北省唐山市滦南县,~河北省唐山市滦南县,,ZZ0856,
4335,,河北省保定市高碑店市,~河北省保定市高碑店市,,Z08677,
4336,杭州,浙江省湖州市吴兴区,杭州~浙江省湖州市吴兴区,,Z06421,
4337,,云南省临沧市镇康县,~云南省临沧市镇康县,,Z07007,
4338,,,~,,Z05776,
4339,杭州,浙江省绍兴市越城区,杭州~浙江省绍兴市越城区,,Z09079,
4340,杭州,浙江省杭州市桐庐县,杭州~浙江省杭州市桐庐县,,Z06413,
4341,,贵州省六盘水市水城区,~贵州省六盘水市水城区,,Z06850,
4342,,贵州省六盘水市六枝特区,~贵州省六盘水市六枝特区,,Z06782,
4343,,贵州省遵义市仁怀市,~贵州省遵义市仁怀市,,Z06931,
4344,,,~,,ZZ1264,
4345,,,~,,ZZ1265,
4346,,贵州省贵阳市云岩区,~贵州省贵阳市云岩区,,Z06779,
4347,,贵州省贵阳市云岩区,~贵州省贵阳市云岩区,,Z06945,
4348,,贵州省铜仁市德江县,~贵州省铜仁市德江县,,Z06946,
4349,,,~,,ZZ0157,
4350,,,~,,ZZ1211,
4351,,内蒙古自治区呼伦贝尔市扎赉诺尔区,~内蒙古自治区呼伦贝尔市扎赉诺尔区,,Z04580,
4352,,四川省广安市武胜县,~四川省广安市武胜县,,Z07758,
4353,,四川省广安市邻水县,~四川省广安市邻水县,,Z07757,
4354,,四川省南充市蓬安县,~四川省南充市蓬安县,,Z07763,
4355,,四川省泸州市古蔺县,~四川省泸州市古蔺县,,Z08862,
4356,,四川省雅安市天全县,~四川省雅安市天全县,,Z07690,
4357,,浙江省衢州市柯城区,~浙江省衢州市柯城区,,Z09845,
4358,淮安,江苏省宿迁市泗洪县,淮安~江苏省宿迁市泗洪县,,Z06350,
4359,,,~,,ZZ0307,
4360,,河南省许昌市,~河南省许昌市,,Z09482,
4361,,河南省南阳市内乡县,~河南省南阳市内乡县,,Z04901,
4362,,河南省漯河市临颍县,~河南省漯河市临颍县,,Z04890,
4363,,内蒙古自治区鄂尔多斯市乌审旗,~内蒙古自治区鄂尔多斯市乌审旗,,Z04854,
4364,,四川省成都市武侯区,~四川省成都市武侯区,,Z10056,
4365,,四川省凉山彝族自治州德昌县,~四川省凉山彝族自治州德昌县,,Z07736,
4366,,四川省成都市武侯区,~四川省成都市武侯区,,Z09870,
4367,,黑龙江省黑河市逊克县,~黑龙江省黑河市逊克县,,Z04614,
4368,,甘肃省金昌市金川区,~甘肃省金昌市金川区,,Z09487,
4369,,山西省吕梁市交城县,~山西省吕梁市交城县,,Z10146,
4370,湛江,广东省阳江市江城区,湛江~广东省阳江市江城区,,Z06369,
4371,湛江,广东省湛江市徐闻县,湛江~广东省湛江市徐闻县,,Z06361,
4372,,山西省晋中市榆次区,~山西省晋中市榆次区,,Z09582,
4373,,山东省潍坊市潍城区,~山东省潍坊市潍城区,,Z05940,
4374,赣州,江西省赣州市于都县,赣州~江西省赣州市于都县,,Z09745,
4375,,新疆维吾尔自治区巴音郭楞蒙古自治州轮台县,~新疆维吾尔自治区巴音郭楞蒙古自治州轮台县,,Z05749,
4376,,安徽省芜湖市南陵县,~安徽省芜湖市南陵县,,Z06525,
4377,,安徽省黄山市徽州区,~安徽省黄山市徽州区,,Z09423,
4378,,安徽省蚌埠市固镇县,~安徽省蚌埠市固镇县,,Z06526,
4379,,山西省忻州市保德县,~山西省忻州市保德县,,Z04016,
4380,,新疆维吾尔自治区北屯市北屯市,~新疆维吾尔自治区北屯市北屯市,,Z08607,
4381,南昌,江西省上饶市信州区,南昌~江西省上饶市信州区,,Z09931,
4382,,河北省承德市隆化县,~河北省承德市隆化县,,Z04350,
4383,,陕西省宝鸡市金台区,~陕西省宝鸡市金台区,,Z10087,
4384,,,~,,Z04676,
4385,,,~,,Z04656,
4386,,吉林省长春市二道区,~吉林省长春市二道区,,Z09575,
4387,,黑龙江省哈尔滨市南岗区,~黑龙江省哈尔滨市南岗区,,Z09675,
4388,,青海省黄南藏族自治州泽库县,~青海省黄南藏族自治州泽库县,,Z05773,
4389,,四川省宜宾市珙县,~四川省宜宾市珙县,,Z07697,
4390,,四川省宜宾市高县,~四川省宜宾市高县,,Z07694,
4391,,辽宁省铁岭市铁岭县,~辽宁省铁岭市铁岭县,,Z04468,
4392,,甘肃省天水市武山县,~甘肃省天水市武山县,,Z05555,
4393,南昌,江西省九江市濂溪区,南昌~江西省九江市濂溪区,,Z07794,
4394,湛江,广东省湛江市霞山区,湛江~广东省湛江市霞山区,,Z06362,
4395,,吉林省白山市江源区,~吉林省白山市江源区,,Z10104,
4396,,贵州省铜仁市石阡县,~贵州省铜仁市石阡县,,Z06944,
4397,,贵州省遵义市绥阳县,~贵州省遵义市绥阳县,,Z06933,
4398,,贵州省遵义市绥阳县,~贵州省遵义市绥阳县,,Z09360,
4399,,贵州省遵义市桐梓县,~贵州省遵义市桐梓县,,Z06925,
4400,,贵州省六盘水市钟山区,~贵州省六盘水市钟山区,,Z06781,
4401,武汉,湖北省孝感市安陆市,武汉~湖北省孝感市安陆市,,Z07447,
4402,,河北省衡水市冀州区,~河北省衡水市冀州区,,Z08708,
4403,,河北省邢台市内丘县,~河北省邢台市内丘县,,Z08695,
4404,湛江,广东省湛江市霞山区,湛江~广东省湛江市霞山区,,Z06372,
4405,,云南省曲靖市会泽县,~云南省曲靖市会泽县,,Z07103,
4406,,安徽省滁州市定远县,~安徽省滁州市定远县,,Z06515,
4407,,安徽省黄山市黄山区,~安徽省黄山市黄山区,,Z06555,
4408,,安徽省黄山市黄山区,~安徽省黄山市黄山区,,Z06549,
4409,,安徽省亳州市谯城区,~安徽省亳州市谯城区,,Z09422,
4410,,安徽省滁州市天长市,~安徽省滁州市天长市,,Z06536,
4411,,河北省唐山市曹妃甸区,~河北省唐山市曹妃甸区,,Z10160,
4412,南宁,广西壮族自治区钦州市灵山县,南宁~广西壮族自治区钦州市灵山县,,Z08167,
4413,南宁,广西壮族自治区崇左市江州区,南宁~广西壮族自治区崇左市江州区,,Z08338,
4414,南宁,广西壮族自治区崇左市扶绥县,南宁~广西壮族自治区崇左市扶绥县,,Z09593,
4415,南宁,广西壮族自治区崇左市龙州县,南宁~广西壮族自治区崇左市龙州县,,Z08084,
4416,南宁,广西壮族自治区南宁市武鸣区,南宁~广西壮族自治区南宁市武鸣区,,Z10361,
4417,南宁,广西壮族自治区南宁市良庆区,南宁~广西壮族自治区南宁市良庆区,,Z09622,
4418,贵港,广西壮族自治区玉林市陆川县,贵港~广西壮族自治区玉林市陆川县,,Z09670,
4419,贵港,广西壮族自治区玉林市博白县,贵港~广西壮族自治区玉林市博白县,,Z08394,
4420,,河南省三门峡市渑池县,~河南省三门峡市渑池县,,Z05017,
4421,,河南省洛阳市宜阳县,~河南省洛阳市宜阳县,,Z05016,
4422,,黑龙江省哈尔滨市双城区,~黑龙江省哈尔滨市双城区,,Z04526,
4423,,辽宁省锦州市北镇市,~辽宁省锦州市北镇市,,Z04482,
4424,,四川省宜宾市叙州区,~四川省宜宾市叙州区,,Z10052,
4425,,贵州省安顺市关岭布依族苗族自治县,~贵州省安顺市关岭布依族苗族自治县,,Z06724,
4426,,贵州省六盘水市水城区,~贵州省六盘水市水城区,,Z06869,
4427,,贵州省六盘水市水城区,~贵州省六盘水市水城区,,Z06862,
4428,,陕西省榆林市米脂县,~陕西省榆林市米脂县,,Z05630,
4429,,贵州省贵阳市息烽县,~贵州省贵阳市息烽县,,Z06761,
4430,,贵州省贵阳市观山湖区,~贵州省贵阳市观山湖区,,Z06754,
4431,,新疆维吾尔自治区巴音郭楞蒙古自治州和静县,~新疆维吾尔自治区巴音郭楞蒙古自治州和静县,,Z05751,
4432,,新疆维吾尔自治区阿克苏地区新和县,~新疆维吾尔自治区阿克苏地区新和县,,Z05763,
4433,,河北省衡水市深州市,~河北省衡水市深州市,,Z08701,
4434,,河北省衡水市饶阳县,~河北省衡水市饶阳县,,Z08702,
4435,,河北省衡水市安平县,~河北省衡水市安平县,,Z08700,
4436,,河北省邯郸市曲周县,~河北省邯郸市曲周县,,Z08683,
4437,赣州,江西省赣州市寻乌县,赣州~江西省赣州市寻乌县,,Z08934,
4438,,河北省承德市双桥区,~河北省承德市双桥区,,Z04357,
4439,,北京市北京市顺义区,~北京市北京市顺义区,,Z04334,
4440,,重庆市重庆市奉节县,~重庆市重庆市奉节县,,Z09237,
4441,,宁夏回族自治区固原市西吉县,~宁夏回族自治区固原市西吉县,,Z05567,
4442,,宁夏回族自治区固原市原州区,~宁夏回族自治区固原市原州区,,Z10165,
4443,,贵州省贵阳市修文县,~贵州省贵阳市修文县,,Z06762,
4444,东莞,广东省东莞市东莞市,东莞~广东省东莞市东莞市,,Z08019,
4445,,陕西省安康市平利县,~陕西省安康市平利县,,Z05653,
4446,,陕西省榆林市佳县,~陕西省榆林市佳县,,Z05628,
4447,,陕西省榆林市清涧县,~陕西省榆林市清涧县,,Z05631,
4448,衡阳,湖南省株洲市茶陵县,衡阳~湖南省株洲市茶陵县,,Z07463,
4449,邵阳,湖南省娄底市冷水江市,邵阳~湖南省娄底市冷水江市,,Z07443,
4450,长沙,湖南省湘西土家族苗族自治州花垣县,长沙~湖南省湘西土家族苗族自治州花垣县,,Z07335,
4451,荆州,湖北省襄阳市枣阳市,荆州~湖北省襄阳市枣阳市,,Z07542,
4452,,新疆维吾尔自治区阿克苏地区拜城县,~新疆维吾尔自治区阿克苏地区拜城县,,Z10109,
4453,,黑龙江省鸡西市虎林市,~黑龙江省鸡西市虎林市,,Z04565,
4454,,黑龙江省绥化市望奎县,~黑龙江省绥化市望奎县,,Z04605,
4455,,内蒙古自治区呼伦贝尔市鄂伦春自治旗,~内蒙古自治区呼伦贝尔市鄂伦春自治旗,,Z04583,
4456,,黑龙江省哈尔滨市香坊区,~黑龙江省哈尔滨市香坊区,,Z04522,
4457,,甘肃省平凉市灵台县,~甘肃省平凉市灵台县,,Z05548,
4458,,云南省大理白族自治州剑川县,~云南省大理白族自治州剑川县,,Z06984,
4459,,云南省丽江市华坪县,~云南省丽江市华坪县,,Z06988,
4460,,云南省迪庆藏族自治州香格里拉市,~云南省迪庆藏族自治州香格里拉市,,Z07005,
4461,,,~,,000001,
4462,,北京市北京市朝阳区,~北京市北京市朝阳区,,ZZ1189,
4463,,四川省南充市顺庆区,~四川省南充市顺庆区,,Z07760,
4464,荆州,,荆州~,,Z07490,
4465,,四川省泸州市古蔺县,~四川省泸州市古蔺县,,Z08859,
4466,,四川省成都市彭州市,~四川省成都市彭州市,,Z07585,
4467,,四川省广安市岳池县,~四川省广安市岳池县,,Z07759,
4468,武汉,湖北省孝感市大悟县,武汉~湖北省孝感市大悟县,,Z07554,
4469,武汉,湖北省鄂州市华容区,武汉~湖北省鄂州市华容区,,Z09887,
4470,,山西省太原市清徐县,~山西省太原市清徐县,,Z04008,
4471,,河北省唐山市乐亭县,~河北省唐山市乐亭县,,ZZ0854,
4472,海口,海南省海口市龙华区,海口~海南省海口市龙华区,,Z07996,
4473,武汉,湖北省武汉市汉南区,武汉~湖北省武汉市汉南区,,Z09900,
4474,海口,海南省海口市龙华区,海口~海南省海口市龙华区,,Z07997,
4475,荆州,湖北省恩施土家族苗族自治州咸丰县,荆州~湖北省恩施土家族苗族自治州咸丰县,,Z07498,
4476,,四川省甘孜藏族自治州丹巴县,~四川省甘孜藏族自治州丹巴县,,Z07609,
4477,,四川省绵阳市安州区,~四川省绵阳市安州区,,Z07662,
4478,,河北省承德市滦平县,~河北省承德市滦平县,,Z04351,
4479,赣州,江西省吉安市泰和县,赣州~江西省吉安市泰和县,,Z09924,
4480,赣州,江西省吉安市永丰县,赣州~江西省吉安市永丰县,,Z08923,
4481,邵阳,湖南省娄底市新化县,邵阳~湖南省娄底市新化县,,Z10434,
4482,南京,,南京~,,Z09860,
4483,,吉林省白山市靖宇县,~吉林省白山市靖宇县,,Z04658,
4484,,云南省楚雄彝族自治州元谋县,~云南省楚雄彝族自治州元谋县,,Z07048,
4485,,四川省遂宁市大英县,~四川省遂宁市大英县,,Z07768,
4486,,甘肃省张掖市临泽县,~甘肃省张掖市临泽县,,Z05453,
4487,,甘肃省陇南市礼县,~甘肃省陇南市礼县,,Z05468,
4488,,甘肃省定西市通渭县,~甘肃省定西市通渭县,,Z05535,
4489,,新疆维吾尔自治区石河子市石河子市,~新疆维吾尔自治区石河子市石河子市,,Z05425,
4490,,新疆维吾尔自治区吐鲁番市高昌区,~新疆维吾尔自治区吐鲁番市高昌区,,Z05426,
4491,,贵州省遵义市道真仡佬族苗族自治县,~贵州省遵义市道真仡佬族苗族自治县,,Z06932,
4492,,贵州省黔东南苗族侗族自治州丹寨县,~贵州省黔东南苗族侗族自治州丹寨县,,Z06767,
4493,,贵州省黔南布依族苗族自治州都匀市,~贵州省黔南布依族苗族自治州都匀市,,Z06739,
4494,,贵州省铜仁市江口县,~贵州省铜仁市江口县,,Z06787,
4495,,贵州省黔东南苗族侗族自治州施秉县,~贵州省黔东南苗族侗族自治州施秉县,,Z06776,
4496,,贵州省遵义市仁怀市,~贵州省遵义市仁怀市,,Z06920,
4497,,新疆维吾尔自治区昌吉回族自治州木垒哈萨克自治县,~新疆维吾尔自治区昌吉回族自治州木垒哈萨克自治县,,Z05418,
4498,,辽宁省葫芦岛市兴城市,~辽宁省葫芦岛市兴城市,,Z04480,
4499,,辽宁省营口市站前区,~辽宁省营口市站前区,,Z10139,
4500,,青海省黄南藏族自治州河南蒙古族自治县,~青海省黄南藏族自治州河南蒙古族自治县,,Z05770,
4501,南昌,江西省新余市分宜县,南昌~江西省新余市分宜县,,Z09299,
4502,南昌,江西省抚州市宜黄县,南昌~江西省抚州市宜黄县,,Z09265,
4503,,黑龙江省黑河市嫩江市,~黑龙江省黑河市嫩江市,,Z04561,
4504,,辽宁省大连市瓦房店市,~辽宁省大连市瓦房店市,,Z04484,
4505,,河南省郑州市中原区,~河南省郑州市中原区,,Z04973,
4506,,辽宁省丹东市东港市,~辽宁省丹东市东港市,,Z04453,
4507,,辽宁省丹东市元宝区,~辽宁省丹东市元宝区,,Z10120,
4508,,四川省资阳市安岳县,~四川省资阳市安岳县,,Z07702,
4509,,四川省成都市成华区,~四川省成都市成华区,,Z10153,
4510,,贵州省贵阳市云岩区,~贵州省贵阳市云岩区,,Z06774,
4511,,四川省眉山市东坡区,~四川省眉山市东坡区,,Z07655,
4512,,四川省成都市蒲江县,~四川省成都市蒲江县,,Z07587,
4513,,贵州省铜仁市玉屏侗族自治县,~贵州省铜仁市玉屏侗族自治县,,Z06794,
4514,,四川省成都市邛崃市,~四川省成都市邛崃市,,Z07589,
4515,海口,海南省乐东黎族自治县乐东黎族自治县,海口~海南省乐东黎族自治县乐东黎族自治县,,Z07998,
4516,,贵州省贵阳市云岩区,~贵州省贵阳市云岩区,,Z09467,
4517,,四川省攀枝花市东区,~四川省攀枝花市东区,,Z09951,
4518,,辽宁省沈阳市皇姑区,~辽宁省沈阳市皇姑区,,Z10040,
4519,福州,福建省三明市沙县区,福州~福建省三明市沙县区,,Z06197,
4520,长沙,,长沙~,,Z07396,
4521,,新疆维吾尔自治区塔城地区乌苏市,~新疆维吾尔自治区塔城地区乌苏市,,Z05678,
4522,邵阳,湖南省怀化市沅陵县,邵阳~湖南省怀化市沅陵县,,Z07441,
4523,福州,福建省泉州市南安市,福州~福建省泉州市南安市,,Z08892,
4524,,四川省资阳市雁江区,~四川省资阳市雁江区,,Z09760,
4525,,陕西省咸阳市三原县,~陕西省咸阳市三原县,,Z05576,
4526,柳州,广西壮族自治区来宾市武宣县,柳州~广西壮族自治区来宾市武宣县,,Z08286,
4527,南宁,广西壮族自治区南宁市宾阳县,南宁~广西壮族自治区南宁市宾阳县,,Z09598,
4528,南宁,广西壮族自治区南宁市宾阳县,南宁~广西壮族自治区南宁市宾阳县,,Z08151,
4529,,河北省秦皇岛市昌黎县,~河北省秦皇岛市昌黎县,,ZZ0866,
4530,,天津市天津市宁河区,~天津市天津市宁河区,,ZZ0886,
4531,南宁,广西壮族自治区崇左市天等县,南宁~广西壮族自治区崇左市天等县,,Z09596,
4532,南宁,广西壮族自治区崇左市宁明县,南宁~广西壮族自治区崇左市宁明县,,Z08086,
4533,,内蒙古自治区乌兰察布市集宁区,~内蒙古自治区乌兰察布市集宁区,,Z04850,
4534,,云南省普洱市江城哈尼族彝族自治县,~云南省普洱市江城哈尼族彝族自治县,,Z07168,
4535,,云南省普洱市景谷傣族彝族自治县,~云南省普洱市景谷傣族彝族自治县,,Z10188,
4536,,浙江省温州市永嘉县,~浙江省温州市永嘉县,,Z06486,
4537,,河北省廊坊市大厂回族自治县,~河北省廊坊市大厂回族自治县,,Z04360,
4538,,浙江省温州市龙港市,~浙江省温州市龙港市,,Z09793,
4539,,云南省昭通市威信县,~云南省昭通市威信县,,Z07125,
4540,,,~,,ZZ1154,
4541,,北京市北京市朝阳区,~北京市北京市朝阳区,,ZZ1154,
4542,,陕西省渭南市大荔县,~陕西省渭南市大荔县,,Z05604,
4543,邵阳,湖南省永州市江永县,邵阳~湖南省永州市江永县,,Z07429,
4544,海口,海南省东方市东方市,海口~海南省东方市东方市,,Z07996,
4545,,新疆维吾尔自治区阿克苏地区阿瓦提县,~新疆维吾尔自治区阿克苏地区阿瓦提县,,Z05762,
4546,杭州,浙江省杭州市钱塘区,杭州~浙江省杭州市钱塘区,,Z06408,
4547,淮安,江苏省宿迁市泗洪县,淮安~江苏省宿迁市泗洪县,,Z06351,
4548,,浙江省温州市平阳县,~浙江省温州市平阳县,,Z06482,
4549,淮安,江苏省宿迁市沭阳县,淮安~江苏省宿迁市沭阳县,,Z06347,
4550,,,~,,ZZ1195,
4551,,新疆维吾尔自治区巴音郭楞蒙古自治州焉耆回族自治县,~新疆维吾尔自治区巴音郭楞蒙古自治州焉耆回族自治县,,Z05748,
4552,,新疆维吾尔自治区巴音郭楞蒙古自治州且末县,~新疆维吾尔自治区巴音郭楞蒙古自治州且末县,,Z05753,
4553,荆州,湖北省宜昌市夷陵区,荆州~湖北省宜昌市夷陵区,,Z10175,
4554,,河北省石家庄市深泽县,~河北省石家庄市深泽县,,Z08741,
4555,,河北省石家庄市裕华区,~河北省石家庄市裕华区,,Z08717,
4556,东莞,广东省东莞市东莞市,东莞~广东省东莞市东莞市,,Z07949,
4557,,,~,,ZZ0345,
4558,,山东省烟台市牟平区,~山东省烟台市牟平区,,Z05924,
4559,,四川省巴中市巴州区,~四川省巴中市巴州区,,Z09871,
4560,,四川省巴中市平昌县,~四川省巴中市平昌县,,Z07746,
4561,,四川省巴中市通江县,~四川省巴中市通江县,,Z07747,
4562,,天津市天津市津南区,~天津市天津市津南区,,ZZ0878,
4563,,四川省巴中市南江县,~四川省巴中市南江县,,Z07745,
4564,,山西省太原市迎泽区,~山西省太原市迎泽区,,Z09566,
4565,,山西省运城市闻喜县,~山西省运城市闻喜县,,Z04042,
4566,,山西省长治市襄垣县,~山西省长治市襄垣县,,Z04056,
4567,南京,,南京~,,Z06626,
4568,南京,,南京~,,Z09854,
4569,,安徽省淮南市田家庵区,~安徽省淮南市田家庵区,,Z10305,
4570,,四川省内江市隆昌市,~四川省内江市隆昌市,,Z07669,
4571,上海,,上海~,,Z06582,
4572,,四川省达州市万源市,~四川省达州市万源市,,Z07752,
4573,,浙江省金华市兰溪市,~浙江省金华市兰溪市,,Z06448,
4574,,贵州省黔东南苗族侗族自治州从江县,~贵州省黔东南苗族侗族自治州从江县,,Z06766,
4575,,贵州省黔东南苗族侗族自治州榕江县,~贵州省黔东南苗族侗族自治州榕江县,,Z06774,
4576,,贵州省六盘水市水城区,~贵州省六盘水市水城区,,Z06849,
4577,,贵州省遵义市凤冈县,~贵州省遵义市凤冈县,,Z06928,
4578,,贵州省遵义市仁怀市,~贵州省遵义市仁怀市,,Z06929,
4579,,贵州省遵义市正安县,~贵州省遵义市正安县,,Z06934,
4580,淮安,江苏省连云港市赣榆区,淮安~江苏省连云港市赣榆区,,Z06316,
4581,,贵州省遵义市余庆县,~贵州省遵义市余庆县,,Z09361,
4582,,重庆市重庆市忠县,~重庆市重庆市忠县,,Z06919,
4583,,重庆市重庆市巫山县,~重庆市重庆市巫山县,,Z09228,
4584,,重庆市重庆市潼南区,~重庆市重庆市潼南区,,Z06909,
4585,,甘肃省兰州市七里河区,~甘肃省兰州市七里河区,,Z09492,
4586,,甘肃省庆阳市合水县,~甘肃省庆阳市合水县,,Z05537,
4587,,陕西省宝鸡市渭滨区,~陕西省宝鸡市渭滨区,,Z10096,
4588,,陕西省咸阳市泾阳县,~陕西省咸阳市泾阳县,,Z05638,
4589,,陕西省咸阳市淳化县,~陕西省咸阳市淳化县,,Z09910,
4590,,,~,,Z05783,
4591,,,~,,ZZ0825,
4592,,甘肃省定西市陇西县,~甘肃省定西市陇西县,,Z05498,
4593,,贵州省黔南布依族苗族自治州长顺县,~贵州省黔南布依族苗族自治州长顺县,,Z06740,
4594,荆州,湖北省襄阳市保康县,荆州~湖北省襄阳市保康县,,Z07537,
4595,,四川省广元市剑阁县,~四川省广元市剑阁县,,Z07634,
4596,,四川省德阳市什邡市,~四川省德阳市什邡市,,Z07605,
4597,,四川省广元市利州区,~四川省广元市利州区,,Z10051,
4598,,北京市北京市平谷区,~北京市北京市平谷区,,Z04341,
4599,,河北省张家口市宣化区,~河北省张家口市宣化区,,Z04381,
4600,,北京市北京市门头沟区,~北京市北京市门头沟区,,Z08461,
4601,南京,,南京~,,Z09390,
4602,,甘肃省兰州市皋兰县,~甘肃省兰州市皋兰县,,Z09491,
4603,,陕西省安康市镇坪县,~陕西省安康市镇坪县,,Z08889,
4604,,,~,,Z04960,
4605,,河南省新乡市原阳县,~河南省新乡市原阳县,,Z06070,
4606,,,~,,ZZ1021,
4607,,河南省新乡市牧野区,~河南省新乡市牧野区,,Z09996,
4608,,河南省信阳市光山县,~河南省信阳市光山县,,Z04917,
4609,,河北省廊坊市固安县,~河北省廊坊市固安县,,Z04362,
4610,柳州,广西壮族自治区桂林市临桂区,柳州~广西壮族自治区桂林市临桂区,,Z08256,
4611,柳州,广西壮族自治区柳州市柳城县,柳州~广西壮族自治区柳州市柳城县,,Z08290,
4612,柳州,广西壮族自治区桂林市永福县,柳州~广西壮族自治区桂林市永福县,,Z08263,
4613,南宁,广西壮族自治区南宁市青秀区,南宁~广西壮族自治区南宁市青秀区,,Z09608,
4614,柳州,广西壮族自治区桂林市灵川县,柳州~广西壮族自治区桂林市灵川县,,Z08257,
4615,,安徽省滁州市凤阳县,~安徽省滁州市凤阳县,,Z06544,
4616,杭州,浙江省绍兴市诸暨市,杭州~浙江省绍兴市诸暨市,,Z06436,
4617,柳州,广西壮族自治区来宾市象州县,柳州~广西壮族自治区来宾市象州县,,Z08287,
4618,柳州,广西壮族自治区桂林市龙胜各族自治县,柳州~广西壮族自治区桂林市龙胜各族自治县,,Z08258,
4619,贵港,广西壮族自治区贵港市港北区,贵港~广西壮族自治区贵港市港北区,,Z08433,
4620,杭州,浙江省绍兴市上虞区,杭州~浙江省绍兴市上虞区,,Z06433,
4621,杭州,浙江省湖州市德清县,杭州~浙江省湖州市德清县,,Z06419,
4622,杭州,浙江省杭州市拱墅区,杭州~浙江省杭州市拱墅区,,Z09089,
4623,,安徽省亳州市涡阳县,~安徽省亳州市涡阳县,,Z06542,
4624,杭州,浙江省湖州市长兴县,杭州~浙江省湖州市长兴县,,Z06418,
4625,杭州,浙江省舟山市普陀区,杭州~浙江省舟山市普陀区,,Z06442,
4626,南京,江苏省无锡市宜兴市,南京~江苏省无锡市宜兴市,,Z06634,
4627,,,~,,ZZ0185,
4628,,,~,,ZZ0173,
4629,,黑龙江省齐齐哈尔市讷河市,~黑龙江省齐齐哈尔市讷河市,,Z04544,
4630,,内蒙古自治区呼伦贝尔市额尔古纳市,~内蒙古自治区呼伦贝尔市额尔古纳市,,Z04621,
4631,,黑龙江省牡丹江市林口县,~黑龙江省牡丹江市林口县,,Z04551,
4632,,青海省海南藏族自治州兴海县,~青海省海南藏族自治州兴海县,,Z05772,
4633,,西藏自治区昌都市洛隆县,~西藏自治区昌都市洛隆县,,Z07713,
4634,,西藏自治区昌都市卡若区,~西藏自治区昌都市卡若区,,Z10157,
4635,,内蒙古自治区呼伦贝尔市额尔古纳市,~内蒙古自治区呼伦贝尔市额尔古纳市,,Z10200,
4636,,黑龙江省大庆市让胡路区,~黑龙江省大庆市让胡路区,,Z09698,
4637,,,~,,ZZ0310,
4638,南京,江苏省南京市六合区,南京~江苏省南京市六合区,,Z09389,
4639,,浙江省金华市浦江县,~浙江省金华市浦江县,,Z06453,
4640,长沙,湖南省常德市临澧县,长沙~湖南省常德市临澧县,,Z07300,
4641,衡阳,湖南省郴州市北湖区,衡阳~湖南省郴州市北湖区,,Z09528,
4642,,新疆维吾尔自治区昌吉回族自治州昌吉市,~新疆维吾尔自治区昌吉回族自治州昌吉市,,Z05413,
4643,,四川省凉山彝族自治州雷波县,~四川省凉山彝族自治州雷波县,,Z07720,
4644,,黑龙江省齐齐哈尔市铁锋区,~黑龙江省齐齐哈尔市铁锋区,,Z04533,
4645,,四川省成都市成华区,~四川省成都市成华区,,Z07584,
4646,,黑龙江省齐齐哈尔市依安县,~黑龙江省齐齐哈尔市依安县,,Z04541,
4647,,新疆维吾尔自治区克拉玛依市克拉玛依区,~新疆维吾尔自治区克拉玛依市克拉玛依区,,Z10151,
4648,,新疆维吾尔自治区和田地区和田县,~新疆维吾尔自治区和田地区和田县,,Z08603,
4649,荆州,湖北省潜江市潜江市,荆州~湖北省潜江市潜江市,,Z07523,
4650,荆州,湖北省荆州市公安县,荆州~湖北省荆州市公安县,,Z07897,
4651,杭州,浙江省杭州市上城区,杭州~浙江省杭州市上城区,,Z06445,
4652,,山东省泰安市肥城市,~山东省泰安市肥城市,,Z05873,
4653,,,~,,ZZ0318,
4654,,陕西省渭南市白水县,~陕西省渭南市白水县,,Z05602,
4655,,云南省临沧市凤庆县,~云南省临沧市凤庆县,,Z06991,
4656,,青海省果洛藏族自治州达日县,~青海省果洛藏族自治州达日县,,Z05805,
4657,,青海省果洛藏族自治州班玛县,~青海省果洛藏族自治州班玛县,,Z05778,
4658,,重庆市重庆市江津区,~重庆市重庆市江津区,,Z09917,
4659,,河北省唐山市玉田县,~河北省唐山市玉田县,,ZZ0863,
4660,,河北省秦皇岛市抚宁区,~河北省秦皇岛市抚宁区,,ZZ0867,
4661,,浙江省丽水市青田县,~浙江省丽水市青田县,,Z06460,
4662,南昌,江西省南昌市,南昌~江西省南昌市,,Z09752,
4663,长沙,湖南省湘西土家族苗族自治州龙山县,长沙~湖南省湘西土家族苗族自治州龙山县,,Z07336,
4664,,四川省达州市达川区,~四川省达州市达川区,,Z09872,
4665,邵阳,湖南省怀化市新晃侗族自治县,邵阳~湖南省怀化市新晃侗族自治县,,Z07437,
4666,长沙,湖南省长沙市开福区,长沙~湖南省长沙市开福区,,Z07336,
4667,东莞,广东省东莞市东莞市,东莞~广东省东莞市东莞市,,Z08015,
4668,南宁,广西壮族自治区崇左市凭祥市,南宁~广西壮族自治区崇左市凭祥市,,Z08087,
4669,,山东省威海市文登区,~山东省威海市文登区,,Z05922,
4670,,河北省邢台市南和区,~河北省邢台市南和区,,Z08696,
4671,,河北省沧州市孟村回族自治县,~河北省沧州市孟村回族自治县,,Z08726,
4672,,河北省邢台市襄都区,~河北省邢台市襄都区,,Z08747,
4673,,河北省石家庄市赞皇县,~河北省石家庄市赞皇县,,Z08734,
4674,,贵州省贵阳市云岩区,~贵州省贵阳市云岩区,,Z06939,
4675,,河北省石家庄市辛集市,~河北省石家庄市辛集市,,Z08639,
4676,,吉林省通化市集安市,~吉林省通化市集安市,,Z04684,
4677,,吉林省松原市乾安县,~吉林省松原市乾安县,,Z04680,
4678,,黑龙江省伊春市伊美区,~黑龙江省伊春市伊美区,,Z09700,
4679,,内蒙古自治区鄂尔多斯市康巴什区,~内蒙古自治区鄂尔多斯市康巴什区,,Z04845,
4680,,黑龙江省佳木斯市桦川县,~黑龙江省佳木斯市桦川县,,Z04554,
4681,,河北省张家口市沽源县,~河北省张家口市沽源县,,Z04377,
4682,南京,,南京~,,Z09391,
4683,,四川省甘孜藏族自治州康定市,~四川省甘孜藏族自治州康定市,,Z07616,
4684,南昌,江西省上饶市万年县,南昌~江西省上饶市万年县,,Z09294,
4685,海口,海南省陵水黎族自治县陵水黎族自治县,海口~海南省陵水黎族自治县陵水黎族自治县,,Z08000,
4686,海口,海南省保亭黎族苗族自治县保亭黎族苗族自治县,海口~海南省保亭黎族苗族自治县保亭黎族苗族自治县,,Z07991,
4687,,云南省普洱市景东彝族自治县,~云南省普洱市景东彝族自治县,,Z07034,
4688,,山东省济南市历下区,~山东省济南市历下区,,Z05816,
4689,淮安,江苏省连云港市灌云县,淮安~江苏省连云港市灌云县,,Z06318,
4690,上海,上海市上海市崇明区,上海~上海市上海市崇明区,,Z06600,
4691,淮安,江苏省连云港市海州区,淮安~江苏省连云港市海州区,,Z09539,
4692,广州,广东省广州市海珠区,广州~广东省广州市海珠区,,Z10314,
4693,,四川省甘孜藏族自治州乡城县,~四川省甘孜藏族自治州乡城县,,Z07623,
4694,,新疆维吾尔自治区乌鲁木齐市水磨沟区,~新疆维吾尔自治区乌鲁木齐市水磨沟区,,Z09960,
4695,,甘肃省甘南藏族自治州合作市,~甘肃省甘南藏族自治州合作市,,Z05485,
4696,,内蒙古自治区阿拉善盟阿拉善右旗,~内蒙古自治区阿拉善盟阿拉善右旗,,Z05530,
4697,,贵州省六盘水市盘州市,~贵州省六盘水市盘州市,,Z06783,
4698,,,~,,Z05584,
4699,,,~,,ZZ2009,
4700,,,~,,ZZ2027,
4701,,河北省石家庄市新华区,~河北省石家庄市新华区,,Z08856,
4702,,河南省驻马店市汝南县,~河南省驻马店市汝南县,,Z04871,
4703,,河南省驻马店市新蔡县,~河南省驻马店市新蔡县,,Z04877,
4704,,河南省信阳市潢川县,~河南省信阳市潢川县,,Z04918,
4705,,河南省许昌市长葛市,~河南省许昌市长葛市,,Z04927,
4706,,河南省南阳市邓州市,~河南省南阳市邓州市,,Z04899,
4707,,河南省开封市尉氏县,~河南省开封市尉氏县,,Z05011,
4708,,河北省邢台市隆尧县,~河北省邢台市隆尧县,,Z08650,
4709,泉州,福建省厦门市同安区,泉州~福建省厦门市同安区,,Z06275,
4710,,山东省淄博市临淄区,~山东省淄博市临淄区,,Z05847,
4711,,山东省菏泽市单县,~山东省菏泽市单县,,Z05859,
4712,,安徽省合肥市肥东县,~安徽省合肥市肥东县,,Z06501,
4713,,安徽省六安市舒城县,~安徽省六安市舒城县,,Z06564,
4714,,云南省曲靖市陆良县,~云南省曲靖市陆良县,,Z07104,
4715,,陕西省渭南市潼关县,~陕西省渭南市潼关县,,Z08888,
4716,,四川省雅安市雨城区,~四川省雅安市雨城区,,Z09778,
4717,,黑龙江省双鸭山市宝清县,~黑龙江省双鸭山市宝清县,,Z04589,
4718,,山东省德州市庆云县,~山东省德州市庆云县,,Z05891,
4719,,甘肃省兰州市红古区,~甘肃省兰州市红古区,,Z05491,
4720,,四川省雅安市石棉县,~四川省雅安市石棉县,,Z07689,
4721,淮安,江苏省盐城市滨海县,淮安~江苏省盐城市滨海县,,Z06330,
4722,淮安,江苏省盐城市射阳县,淮安~江苏省盐城市射阳县,,Z10201,
4723,,山东省泰安市东平县,~山东省泰安市东平县,,Z05872,
4724,长沙,湖南省长沙市芙蓉区,长沙~湖南省长沙市芙蓉区,,Z09517,
4725,,辽宁省辽阳市太子河区,~辽宁省辽阳市太子河区,,Z10129,
4726,淮安,江苏省盐城市建湖县,淮安~江苏省盐城市建湖县,,Z06334,
4727,,重庆市重庆市涪陵区,~重庆市重庆市涪陵区,,Z06895,
4728,,宁夏回族自治区吴忠市利通区,~宁夏回族自治区吴忠市利通区,,Z05585,
4729,,青海省海南藏族自治州贵德县,~青海省海南藏族自治州贵德县,,Z05793,
4730,,甘肃省定西市安定区,~甘肃省定西市安定区,,Z09560,
4731,,黑龙江省哈尔滨市尚志市,~黑龙江省哈尔滨市尚志市,,Z04525,
4732,,重庆市重庆市合川区,~重庆市重庆市合川区,,Z06896,
4733,广州,广东省广州市海珠区,广州~广东省广州市海珠区,,Z07963,
4734,,河北省保定市,~河北省保定市,,Z08673,
4735,广州,广东省广州市荔湾区,广州~广东省广州市荔湾区,,Z09324,
4736,广州,广东省广州市海珠区,广州~广东省广州市海珠区,,Z07962,
4737,广州,广东省广州市海珠区,广州~广东省广州市海珠区,,Z08043,
4738,南宁,广西壮族自治区防城港市上思县,南宁~广西壮族自治区防城港市上思县,,Z09597,
4739,柳州,广西壮族自治区桂林市兴安县,柳州~广西壮族自治区桂林市兴安县,,Z09637,
4740,柳州,广西壮族自治区桂林市全州县,柳州~广西壮族自治区桂林市全州县,,Z08260,
4741,南宁,广西壮族自治区南宁市横州市,南宁~广西壮族自治区南宁市横州市,,Z09601,
4742,贵港,广西壮族自治区玉林市陆川县,贵港~广西壮族自治区玉林市陆川县,,Z09669,
4743,柳州,广西壮族自治区来宾市兴宾区,柳州~广西壮族自治区来宾市兴宾区,,Z09647,
4744,柳州,广西壮族自治区柳州市鹿寨县,柳州~广西壮族自治区柳州市鹿寨县,,Z09651,
4745,南宁,广西壮族自治区南宁市上林县,南宁~广西壮族自治区南宁市上林县,,Z08162,
4746,南宁,广西壮族自治区钦州市钦南区,南宁~广西壮族自治区钦州市钦南区,,Z09628,
4747,杭州,浙江省宁波市奉化区,杭州~浙江省宁波市奉化区,,Z06428,
4748,杭州,浙江省杭州市淳安县,杭州~浙江省杭州市淳安县,,Z06444,
4749,,浙江省衢州市常山县,~浙江省衢州市常山县,,Z06466,
4750,,山东省潍坊市高密市,~山东省潍坊市高密市,,Z05945,
4751,杭州,浙江省绍兴市新昌县,杭州~浙江省绍兴市新昌县,,Z06435,
4752,,山西省太原市阳曲县,~山西省太原市阳曲县,,Z04010,
4753,,山西省晋中市昔阳县,~山西省晋中市昔阳县,,Z04031,
4754,杭州,浙江省宁波市海曙区,杭州~浙江省宁波市海曙区,,Z09086,
4755,杭州,浙江省宁波市鄞州区,杭州~浙江省宁波市鄞州区,,Z09088,
4756,,浙江省丽水市龙泉市,~浙江省丽水市龙泉市,,Z06462,
4757,,浙江省丽水市缙云县,~浙江省丽水市缙云县,,Z06456,
4758,荆州,湖北省天门市天门市,荆州~湖北省天门市天门市,,Z07533,
4759,,贵州省遵义市湄潭县,~贵州省遵义市湄潭县,,Z06927,
4760,邵阳,湖南省邵阳市隆回县,邵阳~湖南省邵阳市隆回县,,Z09524,
4761,荆州,湖北省荆州市洪湖市,荆州~湖北省荆州市洪湖市,,Z07509,
4762,,贵州省黔南布依族苗族自治州罗甸县,~贵州省黔南布依族苗族自治州罗甸县,,Z06748,
4763,,贵州省毕节市纳雍县,~贵州省毕节市纳雍县,,Z06735,
4764,,贵州省贵阳市云岩区,~贵州省贵阳市云岩区,,Z09345,
4765,,四川省泸州市泸县,~四川省泸州市泸县,,Z07652,
4766,,,~,,Z10293,
4767,武汉,湖北省黄冈市红安县,武汉~湖北省黄冈市红安县,,Z07237,
4768,海口,海南省海口市龙华区,海口~海南省海口市龙华区,,Z08001,
4769,海口,海南省琼海市琼海市,海口~海南省琼海市琼海市,,Z08001,
4770,,黑龙江省绥化市青冈县,~黑龙江省绥化市青冈县,,Z04612,
4771,,贵州省六盘水市钟山区,~贵州省六盘水市钟山区,,Z09353,
4772,,四川省南充市营山县,~四川省南充市营山县,,Z07766,
4773,衡阳,湖南省郴州市宜章县,衡阳~湖南省郴州市宜章县,,Z07464,
4774,泉州,福建省泉州市惠安县,泉州~福建省泉州市惠安县,,Z09017,
4775,长沙,湖南省张家界市永定区,长沙~湖南省张家界市永定区,,Z09511,
4776,邵阳,湖南省永州市东安县,邵阳~湖南省永州市东安县,,Z07421,
4777,,云南省昭通市绥江县,~云南省昭通市绥江县,,Z07166,
4778,,吉林省吉林市船营区,~吉林省吉林市船营区,,Z10285,
4779,,吉林省吉林市桦甸市,~吉林省吉林市桦甸市,,Z04667,
4780,赣州,江西省赣州市上犹县,赣州~江西省赣州市上犹县,,Z08935,
4781,南昌,江西省九江市永修县,南昌~江西省九江市永修县,,Z09284,
4782,衡阳,湖南省郴州市桂东县,衡阳~湖南省郴州市桂东县,,Z07488,
4783,邵阳,湖南省怀化市麻阳苗族自治县,邵阳~湖南省怀化市麻阳苗族自治县,,Z07436,
4784,,山西省运城市临猗县,~山西省运城市临猗县,,Z04038,
4785,广州,广东省韶关市南雄市,广州~广东省韶关市南雄市,,Z08033,
4786,广州,广东省广州市海珠区,广州~广东省广州市海珠区,,Z08007,
4787,,贵州省遵义市习水县,~贵州省遵义市习水县,,Z06921,
4788,荆州,湖北省恩施土家族苗族自治州利川市,荆州~湖北省恩施土家族苗族自治州利川市,,Z07497,
4789,荆州,湖北省恩施土家族苗族自治州来凤县,荆州~湖北省恩施土家族苗族自治州来凤县,,Z07496,
4790,泉州,福建省泉州市丰泽区,泉州~福建省泉州市丰泽区,,Z06235,
4791,,河北省廊坊市文安县,~河北省廊坊市文安县,,Z04366,
4792,,河北省廊坊市大城县,~河北省廊坊市大城县,,Z04361,
4793,,四川省甘孜藏族自治州稻城县,~四川省甘孜藏族自治州稻城县,,Z07611,
4794,,四川省甘孜藏族自治州道孚县,~四川省甘孜藏族自治州道孚县,,Z07610,
4795,武汉,湖北省仙桃市仙桃市,武汉~湖北省仙桃市仙桃市,,Z07268,
4796,赣州,江西省赣州市兴国县,赣州~江西省赣州市兴国县,,Z08913,
4797,广州,广东省清远市英德市,广州~广东省清远市英德市,,Z08043,
4798,,四川省雅安市汉源县,~四川省雅安市汉源县,,Z07686,
4799,南昌,江西省九江市庐山市,南昌~江西省九江市庐山市,,Z10449,
4800,,河北省石家庄市行唐县,~河北省石家庄市行唐县,,Z08739,
4801,,河北省沧州市新华区,~河北省沧州市新华区,,Z08711,
4802,,河北省保定市涞水县,~河北省保定市涞水县,,Z08676,
4803,,河北省保定市涿州市,~河北省保定市涿州市,,Z08646,
4804,南宁,广西壮族自治区百色市隆林各族自治县,南宁~广西壮族自治区百色市隆林各族自治县,,Z10354,
4805,南宁,广西壮族自治区百色市德保县,南宁~广西壮族自治区百色市德保县,,Z08064,
4806,衡阳,湖南省郴州市汝城县,衡阳~湖南省郴州市汝城县,,Z07477,
4807,柳州,广西壮族自治区桂林市资源县,柳州~广西壮族自治区桂林市资源县,,Z08264,
4808,柳州,广西壮族自治区柳州市融水苗族自治县,柳州~广西壮族自治区柳州市融水苗族自治县,,Z09653,
4809,,贵州省贵阳市白云区,~贵州省贵阳市白云区,,Z06754,
4810,杭州,浙江省杭州市上城区,杭州~浙江省杭州市上城区,,Z06440,
4811,,河南省三门峡市湖滨区,~河南省三门峡市湖滨区,,Z10012,
4812,,河南省三门峡市灵宝市,~河南省三门峡市灵宝市,,Z04957,
4813,邵阳,湖南省永州市江华瑶族自治县,邵阳~湖南省永州市江华瑶族自治县,,Z07428,
4814,,贵州省贵阳市清镇市,~贵州省贵阳市清镇市,,Z06759,
4815,,浙江省台州市仙居县,~浙江省台州市仙居县,,Z06476,
4816,,浙江省台州市临海市,~浙江省台州市临海市,,Z06487,
4817,,浙江省台州市三门县,~浙江省台州市三门县,,Z06473,
4818,,浙江省台州市天台县,~浙江省台州市天台县,,Z06474,
4819,,,~,,ZZ0121,
4820,,,~,,ZZ1212,
4821,,内蒙古自治区呼伦贝尔市阿荣旗,~内蒙古自治区呼伦贝尔市阿荣旗,,Z04592,
4822,,黑龙江省牡丹江市海林市,~黑龙江省牡丹江市海林市,,Z04549,
4823,,新疆维吾尔自治区塔城地区塔城市,~新疆维吾尔自治区塔城地区塔城市,,Z05445,
4824,,云南省德宏傣族景颇族自治州芒市,~云南省德宏傣族景颇族自治州芒市,,Z07020,
4825,,云南省德宏傣族景颇族自治州瑞丽市,~云南省德宏傣族景颇族自治州瑞丽市,,Z06999,
4826,,河南省焦作市山阳区,~河南省焦作市山阳区,,Z10006,
4827,,,~,,Z05021,
4828,,河南省新乡市长垣市,~河南省新乡市长垣市,,Z04962,
4829,,黑龙江省鹤岗市东山区,~黑龙江省鹤岗市东山区,,Z09687,
4830,,,~,,Z09717,
4831,,云南省文山壮族苗族自治州麻栗坡县,~云南省文山壮族苗族自治州麻栗坡县,,Z07112,
4832,淮安,江苏省盐城市大丰区,淮安~江苏省盐城市大丰区,,Z06331,
4833,淮安,江苏省淮安市清江浦区,淮安~江苏省淮安市清江浦区,,Z09537,
4834,南京,江苏省苏州市虎丘区,南京~江苏省苏州市虎丘区,,Z09859,
4835,,内蒙古自治区乌兰察布市四子王旗,~内蒙古自治区乌兰察布市四子王旗,,Z05988,
4836,,内蒙古自治区锡林郭勒盟苏尼特右旗,~内蒙古自治区锡林郭勒盟苏尼特右旗,,Z04855,
4837,,内蒙古自治区包头市九原区,~内蒙古自治区包头市九原区,,Z09736,
4838,湛江,广东省茂名市高州市,湛江~广东省茂名市高州市,,Z06364,
4839,湛江,广东省江门市恩平市,湛江~广东省江门市恩平市,,Z06373,
4840,,四川省泸州市纳溪区,~四川省泸州市纳溪区,,Z07653,
4841,,四川省广元市旺苍县,~四川省广元市旺苍县,,Z07636,
4842,,云南省保山市施甸县,~云南省保山市施甸县,,Z06965,
4843,,云南省保山市龙陵县,~云南省保山市龙陵县,,Z06964,
4844,,云南省楚雄彝族自治州大姚县,~云南省楚雄彝族自治州大姚县,,Z07030,
4845,海口,海南省儋州市,海口~海南省儋州市,,Z10432,
4846,东莞,广东省东莞市东莞市,东莞~广东省东莞市东莞市,,Z08058,
4847,,黑龙江省齐齐哈尔市拜泉县,~黑龙江省齐齐哈尔市拜泉县,,Z04537,
4848,,贵州省遵义市播州区,~贵州省遵义市播州区,,Z06939,
4849,,贵州省毕节市七星关区,~贵州省毕节市七星关区,,Z09337,
4850,,山东省淄博市张店区,~山东省淄博市张店区,,Z09413,
4851,,河南省漯河市源汇区,~河南省漯河市源汇区,,Z09483,
4852,,河南省郑州市新郑市,~河南省郑州市新郑市,,Z04977,
4853,,甘肃省酒泉市瓜州县,~甘肃省酒泉市瓜州县,,Z05489,
4854,,甘肃省兰州市西固区,~甘肃省兰州市西固区,,Z10431,
4855,,黑龙江省佳木斯市富锦市,~黑龙江省佳木斯市富锦市,,Z04553,
4856,,黑龙江省哈尔滨市宾县,~黑龙江省哈尔滨市宾县,,Z04601,
4857,,黑龙江省哈尔滨市巴彦县,~黑龙江省哈尔滨市巴彦县,,Z04608,
4858,,黑龙江省哈尔滨市松北区,~黑龙江省哈尔滨市松北区,,Z09679,
4859,,吉林省长春市,~吉林省长春市,,Z09575,
4860,,吉林省松原市,~吉林省松原市,,Z09574,
4861,,吉林省吉林市舒兰市,~吉林省吉林市舒兰市,,Z04669,
4862,,四川省自贡市沿滩区,~四川省自贡市沿滩区,,Z09758,
4863,,四川省泸州市古蔺县,~四川省泸州市古蔺县,,Z08858,
4864,,四川省广安市前锋区,~四川省广安市前锋区,,Z10056,
4865,邵阳,湖南省娄底市双峰县,邵阳~湖南省娄底市双峰县,,Z07445,
4866,衡阳,湖南省衡阳市耒阳市,衡阳~湖南省衡阳市耒阳市,,Z07486,
4867,,河北省邯郸市大名县,~河北省邯郸市大名县,,Z08686,
4868,,新疆维吾尔自治区喀什地区喀什市,~新疆维吾尔自治区喀什地区喀什市,,Z05708,
4869,邵阳,湖南省娄底市新化县,邵阳~湖南省娄底市新化县,,Z07444,
4870,湛江,广东省茂名市电白区,湛江~广东省茂名市电白区,,Z06363,
4871,南昌,江西省鹰潭市贵溪市,南昌~江西省鹰潭市贵溪市,,Z09316,
4872,武汉,湖北省鄂州市鄂城区,武汉~湖北省鄂州市鄂城区,,Z09886,
4873,,山东省济宁市汶上县,~山东省济宁市汶上县,,Z05877,
4874,长沙,湖南省长沙市望城区,长沙~湖南省长沙市望城区,,Z09516,
4875,泉州,福建省泉州市惠安县,泉州~福建省泉州市惠安县,,Z09015,
4876,广州,广东省广州市海珠区,广州~广东省广州市海珠区,,Z09329,
4877,广州,广东省广州市海珠区,广州~广东省广州市海珠区,,Z07959,
4878,上海,,上海~,,Z06587,
4879,,安徽省滁州市琅琊区,~安徽省滁州市琅琊区,,Z09740,
4880,,辽宁省鞍山市岫岩满族自治县,~辽宁省鞍山市岫岩满族自治县,,Z04495,
4881,,内蒙古自治区赤峰市红山区,~内蒙古自治区赤峰市红山区,,Z10141,
4882,,辽宁省朝阳市建平县,~辽宁省朝阳市建平县,,Z04476,
4883,邵阳,湖南省怀化市鹤城区,邵阳~湖南省怀化市鹤城区,,Z09519,
4884,,河北省承德市宽城满族自治县,~河北省承德市宽城满族自治县,,Z04349,
4885,,陕西省榆林市神木市,~陕西省榆林市神木市,,Z05632,
4886,杭州,浙江省舟山市普陀区,杭州~浙江省舟山市普陀区,,Z09084,
4887,杭州,浙江省舟山市定海区,杭州~浙江省舟山市定海区,,Z06440,
4888,,黑龙江省牡丹江市东宁市,~黑龙江省牡丹江市东宁市,,Z04548,
4889,,四川省乐山市峨边彝族自治县,~四川省乐山市峨边彝族自治县,,Z07639,
4890,,山东省青岛市莱西市,~山东省青岛市莱西市,,Z05913,
4891,,新疆维吾尔自治区昌吉回族自治州吉木萨尔县,~新疆维吾尔自治区昌吉回族自治州吉木萨尔县,,Z05415,
4892,,新疆维吾尔自治区哈密市伊吾县,~新疆维吾尔自治区哈密市伊吾县,,Z05423,
4893,杭州,浙江省嘉兴市嘉善县,杭州~浙江省嘉兴市嘉善县,,Z06424,
4894,杭州,浙江省宁波市余姚市,杭州~浙江省宁波市余姚市,,Z06431,
4895,,河北省衡水市阜城县,~河北省衡水市阜城县,,Z08648,
4896,广州,广东省广州市海珠区,广州~广东省广州市海珠区,,Z07958,
4897,广州,广东省广州市海珠区,广州~广东省广州市海珠区,,Z08034,
4898,广州,广东省广州市海珠区,广州~广东省广州市海珠区,,Z09328,
4899,广州,广东省广州市海珠区,广州~广东省广州市海珠区,,Z09320,
4900,贵港,广西壮族自治区玉林市兴业县,贵港~广西壮族自治区玉林市兴业县,,Z08405,
4901,杭州,浙江省嘉兴市海宁市,杭州~浙江省嘉兴市海宁市,,Z06423,
4902,杭州,浙江省舟山市嵊泗县,杭州~浙江省舟山市嵊泗县,,Z06443,
4903,,安徽省宿州市萧县,~安徽省宿州市萧县,,Z06551,
4904,,山西省吕梁市柳林县,~山西省吕梁市柳林县,,Z03995,
4905,泉州,福建省泉州市南安市,泉州~福建省泉州市南安市,,Z08907,
4906,,贵州省黔西南布依族苗族自治州贞丰县,~贵州省黔西南布依族苗族自治州贞丰县,,Z06802,
4907,湛江,广东省湛江市坡头区,湛江~广东省湛江市坡头区,,Z08460,
4908,泉州,福建省泉州市晋江市,泉州~福建省泉州市晋江市,,Z08866,
4909,泉州,福建省泉州市石狮市,泉州~福建省泉州市石狮市,,Z06282,
4910,泉州,福建省泉州市石狮市,泉州~福建省泉州市石狮市,,Z06281,
4911,福州,福建省南平市邵武市,福州~福建省南平市邵武市,,Z06145,
4912,赣州,江西省赣州市赣县区,赣州~江西省赣州市赣县区,,Z08915,
4913,,陕西省咸阳市礼泉县,~陕西省咸阳市礼泉县,,Z05571,
4914,南昌,江西省宜春市靖安县,南昌~江西省宜春市靖安县,,Z09305,
4915,南昌,江西省宜春市铜鼓县,南昌~江西省宜春市铜鼓县,,Z10075,
4916,南昌,江西省抚州市金溪县,南昌~江西省抚州市金溪县,,Z09262,
4917,,河北省唐山市路北区,~河北省唐山市路北区,,ZZ0865,
4918,,河北省邯郸市永年区,~河北省邯郸市永年区,,Z08693,
4919,,河北省石家庄市正定县,~河北省石家庄市正定县,,Z08645,
4920,,山西省大同市灵丘县,~山西省大同市灵丘县,,Z03956,
4921,,山西省吕梁市文水县,~山西省吕梁市文水县,,Z10145,
4922,,山西省运城市平陆县,~山西省运城市平陆县,,Z04039,
4923,衡阳,湖南省衡阳市祁东县,衡阳~湖南省衡阳市祁东县,,Z07474,
4924,,贵州省黔东南苗族侗族自治州天柱县,~贵州省黔东南苗族侗族自治州天柱县,,Z06778,
4925,,安徽省蚌埠市淮上区,~安徽省蚌埠市淮上区,,Z10296,
4926,,黑龙江省大庆市大同区,~黑龙江省大庆市大同区,,Z04603,
4927,,黑龙江省牡丹江市绥芬河市,~黑龙江省牡丹江市绥芬河市,,Z04546,
4928,,山西省阳泉市盂县,~山西省阳泉市盂县,,Z04033,
4929,武汉,湖北省咸宁市赤壁市,武汉~湖北省咸宁市赤壁市,,Z07270,
4930,,贵州省贵阳市观山湖区,~贵州省贵阳市观山湖区,,Z09343,
4931,,云南省怒江傈僳族自治州兰坪白族普米族自治县,~云南省怒江傈僳族自治州兰坪白族普米族自治县,,Z07015,
4932,,云南省怒江傈僳族自治州贡山独龙族怒族自治县,~云南省怒江傈僳族自治州贡山独龙族怒族自治县,,Z08618,
4933,,四川省成都市金牛区,~四川省成都市金牛区,,Z10152,
4934,柳州,广西壮族自治区柳州市鱼峰区,柳州~广西壮族自治区柳州市鱼峰区,,Z10440,
4935,贵港,广西壮族自治区梧州市藤县,贵港~广西壮族自治区梧州市藤县,,Z08382,
4936,贵港,广西壮族自治区贵港市覃塘区,贵港~广西壮族自治区贵港市覃塘区,,Z08359,
4937,贵港,广西壮族自治区贵港市港北区,贵港~广西壮族自治区贵港市港北区,,Z09656,
4938,南宁,广西壮族自治区北海市合浦县,南宁~广西壮族自治区北海市合浦县,,Z08079,
4939,柳州,广西壮族自治区河池市宜州区,柳州~广西壮族自治区河池市宜州区,,Z08276,
4940,柳州,广西壮族自治区河池市南丹县,柳州~广西壮族自治区河池市南丹县,,Z08274,
4941,柳州,广西壮族自治区河池市金城江区,柳州~广西壮族自治区河池市金城江区,,Z08272,
4942,柳州,广西壮族自治区贺州市昭平县,柳州~广西壮族自治区贺州市昭平县,,Z10390,
4943,柳州,广西壮族自治区贺州市富川瑶族自治县,柳州~广西壮族自治区贺州市富川瑶族自治县,,Z08278,
4944,柳州,广西壮族自治区贺州市钟山县,柳州~广西壮族自治区贺州市钟山县,,Z08282,
4945,柳州,广西壮族自治区桂林市荔浦市,柳州~广西壮族自治区桂林市荔浦市,,Z08255,
4946,深圳,广东省深圳市光明区,深圳~广东省深圳市光明区,,Z08847,
4947,,河南省信阳市息县,~河南省信阳市息县,,Z04916,
4948,,河南省周口市太康县,~河南省周口市太康县,,Z04886,
4949,,河南省郑州市登封市,~河南省郑州市登封市,,Z04974,
4950,,河南省新乡市延津县,~河南省新乡市延津县,,Z09993,
4951,深圳,广东省深圳市龙华区,深圳~广东省深圳市龙华区,,Z08441,
4952,,四川省雅安市名山区,~四川省雅安市名山区,,Z07688,
4953,,河南省郑州市金水区,~河南省郑州市金水区,,Z04973,
4954,,黑龙江省大庆市肇源县,~黑龙江省大庆市肇源县,,Z04529,
4955,,河南省周口市项城市,~河南省周口市项城市,,Z04881,
4956,荆州,湖北省荆门市掇刀区,荆州~湖北省荆门市掇刀区,,Z10173,
4957,,四川省眉山市彭山区,~四川省眉山市彭山区,,Z07658,
4958,武汉,湖北省咸宁市通山县,武汉~湖北省咸宁市通山县,,Z07275,
4959,,云南省楚雄彝族自治州禄丰市,~云南省楚雄彝族自治州禄丰市,,Z07035,
4960,,,~,,ZZ0329,
4961,南昌,江西省上饶市铅山县,南昌~江西省上饶市铅山县,,Z09293,
4962,南昌,江西省九江市都昌县,南昌~江西省九江市都昌县,,Z09273,
4963,南昌,江西省宜春市上高县,南昌~江西省宜春市上高县,,Z09306,
4964,,山东省济南市槐荫区,~山东省济南市槐荫区,,Z09397,
4965,,山东省济南市历下区,~山东省济南市历下区,,Z09396,
4966,淮安,江苏省镇江市丹徒区,淮安~江苏省镇江市丹徒区,,Z09553,
4967,,,~,,Z04912,
4968,南宁,广西壮族自治区百色市那坡县,南宁~广西壮族自治区百色市那坡县,,Z08070,
4969,南宁,广西壮族自治区南宁市江南区,南宁~广西壮族自治区南宁市江南区,,Z09606,
4970,贵港,广西壮族自治区贵港市港南区,贵港~广西壮族自治区贵港市港南区,,Z08411,
4971,柳州,广西壮族自治区贺州市八步区,柳州~广西壮族自治区贺州市八步区,,Z08279,
4972,,河南省南阳市卧龙区,~河南省南阳市卧龙区,,Z10031,
4973,南宁,广西壮族自治区崇左市大新县,南宁~广西壮族自治区崇左市大新县,,Z08082,
4974,,重庆市重庆市巫山县,~重庆市重庆市巫山县,,Z09233,
4975,,重庆市重庆市梁平区,~重庆市重庆市梁平区,,Z06899,
4976,柳州,广西壮族自治区贺州市平桂区,柳州~广西壮族自治区贺州市平桂区,,Z10382,
4977,赣州,江西省赣州市信丰县,赣州~江西省赣州市信丰县,,Z08937,
4978,,重庆市重庆市石柱土家族自治县,~重庆市重庆市石柱土家族自治县,,Z06906,
4979,,重庆市重庆市大足区,~重庆市重庆市大足区,,Z06891,
4980,柳州,广西壮族自治区贺州市平桂区,柳州~广西壮族自治区贺州市平桂区,,Z10380,
4981,,重庆市重庆市黔江区,~重庆市重庆市黔江区,,Z06904,
4982,,重庆市重庆市奉节县,~重庆市重庆市奉节县,,Z09239,
4983,南宁,广西壮族自治区南宁市横州市,南宁~广西壮族自治区南宁市横州市,,Z08159,
4984,南宁,广西壮族自治区钦州市浦北县,南宁~广西壮族自治区钦州市浦北县,,Z09378,
4985,,云南省曲靖市麒麟区,~云南省曲靖市麒麟区,,Z10189,
4986,,安徽省阜阳市临泉县,~安徽省阜阳市临泉县,,Z06553,
4987,,内蒙古自治区巴彦淖尔市临河区,~内蒙古自治区巴彦淖尔市临河区,,Z04848,
4988,,内蒙古自治区乌海市海勃湾区,~内蒙古自治区乌海市海勃湾区,,Z09727,
4989,,重庆市重庆市荣昌区,~重庆市重庆市荣昌区,,Z06905,
4990,,云南省玉溪市华宁县,~云南省玉溪市华宁县,,Z10192,
4991,南宁,广西壮族自治区百色市靖西市,南宁~广西壮族自治区百色市靖西市,,Z08065,
4992,,四川省内江市东兴区,~四川省内江市东兴区,,Z10046,
4993,,四川省内江市威远县,~四川省内江市威远县,,Z07670,
4994,,重庆市重庆市云阳县,~重庆市重庆市云阳县,,Z06918,
4995,南宁,广西壮族自治区百色市田东县,南宁~广西壮族自治区百色市田东县,,Z08073,
4996,南宁,广西壮族自治区百色市平果市,南宁~广西壮族自治区百色市平果市,,Z08071,
4997,柳州,广西壮族自治区来宾市金秀瑶族自治县,柳州~广西壮族自治区来宾市金秀瑶族自治县,,Z09383,
4998,柳州,广西壮族自治区河池市罗城仫佬族自治县,柳州~广西壮族自治区河池市罗城仫佬族自治县,,Z08273,
4999,,天津市天津市宁河区,~天津市天津市宁河区,,ZZ0880,
5000,,,~,,ZZ1269,
5001,,贵州省黔东南苗族侗族自治州凯里市,~贵州省黔东南苗族侗族自治州凯里市,,Z06763,
5002,,贵州省黔南布依族苗族自治州福泉市,~贵州省黔南布依族苗族自治州福泉市,,Z06742,
5003,衡阳,湖南省衡阳市常宁市,衡阳~湖南省衡阳市常宁市,,Z07465,
5004,,云南省普洱市宁洱哈尼族彝族自治县,~云南省普洱市宁洱哈尼族彝族自治县,,Z07033,
5005,,云南省曲靖市宣威市,~云南省曲靖市宣威市,,Z07107,
5006,,甘肃省白银市会宁县,~甘肃省白银市会宁县,,Z05477,
5007,长沙,湖南省常德市澧县,长沙~湖南省常德市澧县,,Z07299,
5008,,,~,,ZZ0151,
5009,,,~,,ZZ0306,
5010,湛江,广东省湛江市霞山区,湛江~广东省湛江市霞山区,,Z04099,
5011,,河北省邢台市新河县,~河北省邢台市新河县,,Z08698,
5012,,河北省沧州市盐山县,~河北省沧州市盐山县,,Z08725,
5013,,河北省保定市,~河北省保定市,,Z08675,
5014,,陕西省安康市石泉县,~陕西省安康市石泉县,,Z05649,
5015,,四川省宜宾市兴文县,~四川省宜宾市兴文县,,Z07699,
5016,,青海省西宁市城北区,~青海省西宁市城北区,,Z10058,
5017,,吉林省白城市洮南市,~吉林省白城市洮南市,,Z04695,
5018,,吉林省松原市长岭县,~吉林省松原市长岭县,,Z04679,
5019,,吉林省白山市长白朝鲜族自治县,~吉林省白山市长白朝鲜族自治县,,Z06061,
5020,,云南省怒江傈僳族自治州福贡县,~云南省怒江傈僳族自治州福贡县,,Z07017,
5021,,云南省文山壮族苗族自治州砚山县,~云南省文山壮族苗族自治州砚山县,,Z07217,
5022,湛江,广东省湛江市霞山区,湛江~广东省湛江市霞山区,,Z06357,
5023,,山西省太原市小店区,~山西省太原市小店区,,Z09566,
5024,,山西省晋城市城区,~山西省晋城市城区,,Z09581,
5025,,浙江省衢州市江山市,~浙江省衢州市江山市,,Z06467,
5026,,河北省廊坊市霸州市,~河北省廊坊市霸州市,,Z04359,
5027,,河北省承德市鹰手营子矿区,~河北省承德市鹰手营子矿区,,Z04356,
5028,,河北省承德市丰宁满族自治县,~河北省承德市丰宁满族自治县,,Z04348,
5029,上海,,上海~,,000001,
5030,,山东省烟台市莱山区,~山东省烟台市莱山区,,Z09458,
5031,广州,广东省肇庆市德庆县,广州~广东省肇庆市德庆县,,Z07983,
5032,广州,广东省广州市海珠区,广州~广东省广州市海珠区,,Z09324,
5033,湛江,广东省阳江市阳春市,湛江~广东省阳江市阳春市,,Z06371,
5034,,黑龙江省大庆市肇州县,~黑龙江省大庆市肇州县,,Z04530,
5035,,内蒙古自治区通辽市科尔沁左翼后旗,~内蒙古自治区通辽市科尔沁左翼后旗,,Z08836,
5036,,辽宁省抚顺市新宾满族自治县,~辽宁省抚顺市新宾满族自治县,,Z04456,
5037,,辽宁省抚顺市新抚区,~辽宁省抚顺市新抚区,,Z10122,
5038,,四川省泸州市叙永县,~四川省泸州市叙永县,,Z07654,
5039,东莞,广东省东莞市东莞市,东莞~广东省东莞市东莞市,,Z08016,
5040,,河北省秦皇岛市青龙满族自治县,~河北省秦皇岛市青龙满族自治县,,ZZ0870,
5041,,山东省青岛市城阳区,~山东省青岛市城阳区,,Z05918,
5042,,安徽省合肥市瑶海区,~安徽省合肥市瑶海区,,Z09940,
5043,,新疆维吾尔自治区喀什地区喀什市,~新疆维吾尔自治区喀什地区喀什市,,Z05705,
5044,泉州,福建省泉州市安溪县,泉州~福建省泉州市安溪县,,Z06290,
5045,东莞,广东省东莞市东莞市,东莞~广东省东莞市东莞市,,Z08053,
5046,,,~,,Z04343,
5047,,新疆维吾尔自治区阿拉尔市阿拉尔市,~新疆维吾尔自治区阿拉尔市阿拉尔市,,Z05766,
5048,武汉,湖北省武汉市洪山区,武汉~湖北省武汉市洪山区,,Z09892,
5049,,河南省安阳市殷都区,~河南省安阳市殷都区,,Z09987,
5050,,贵州省黔南布依族苗族自治州平塘县,~贵州省黔南布依族苗族自治州平塘县,,Z06749,
5051,,云南省玉溪市红塔区,~云南省玉溪市红塔区,,Z10191,
5052,,云南省玉溪市通海县,~云南省玉溪市通海县,,Z07118,
5053,,云南省玉溪市元江哈尼族彝族傣族自治县,~云南省玉溪市元江哈尼族彝族傣族自治县,,Z07139,
5054,,云南省大理白族自治州大理市,~云南省大理白族自治州大理市,,Z06977,
5055,,云南省怒江傈僳族自治州兰坪白族普米族自治县,~云南省怒江傈僳族自治州兰坪白族普米族自治县,,Z07016,
5056,,云南省大理白族自治州洱源县,~云南省大理白族自治州洱源县,,Z06979,
5057,,云南省大理白族自治州宾川县,~云南省大理白族自治州宾川县,,Z06978,
5058,,云南省大理白族自治州云龙县,~云南省大理白族自治州云龙县,,Z07013,
5059,,云南省大理白族自治州巍山彝族回族自治县,~云南省大理白族自治州巍山彝族回族自治县,,Z06982,
5060,,云南省大理白族自治州永平县,~云南省大理白族自治州永平县,,Z06985,
5061,,云南省大理白族自治州弥渡县,~云南省大理白族自治州弥渡县,,Z07012,
5062,,云南省大理白族自治州南涧彝族自治县,~云南省大理白族自治州南涧彝族自治县,,Z06981,
5063,,云南省昭通市昭阳区,~云南省昭通市昭阳区,,Z10194,
5064,,云南省昭通市彝良县,~云南省昭通市彝良县,,Z07127,
5065,,云南省昭通市巧家县,~云南省昭通市巧家县,,Z07123,
5066,,云南省文山壮族苗族自治州富宁县,~云南省文山壮族苗族自治州富宁县,,Z07110,
5067,,云南省文山壮族苗族自治州广南县,~云南省文山壮族苗族自治州广南县,,Z07111,
5068,,云南省红河哈尼族彝族自治州建水县,~云南省红河哈尼族彝族自治州建水县,,Z07062,
5069,,云南省红河哈尼族彝族自治州开远市,~云南省红河哈尼族彝族自治州开远市,,Z07064,
5070,,云南省红河哈尼族彝族自治州河口瑶族自治县,~云南省红河哈尼族彝族自治州河口瑶族自治县,,Z07060,
5071,,云南省红河哈尼族彝族自治州元阳县,~云南省红河哈尼族彝族自治州元阳县,,Z07071,
5072,,云南省红河哈尼族彝族自治州金平苗族瑶族傣族自治县,~云南省红河哈尼族彝族自治州金平苗族瑶族傣族自治县,,Z07063,
5073,,云南省红河哈尼族彝族自治州绿春县,~云南省红河哈尼族彝族自治州绿春县,,Z07066,
5074,,云南省红河哈尼族彝族自治州个旧市,~云南省红河哈尼族彝族自治州个旧市,,Z07059,
5075,,云南省红河哈尼族彝族自治州红河县,~云南省红河哈尼族彝族自治州红河县,,Z07061,
5076,,云南省普洱市孟连傣族拉祜族佤族自治县,~云南省普洱市孟连傣族拉祜族佤族自治县,,Z07155,
5077,,云南省普洱市思茅区,~云南省普洱市思茅区,,Z07109,
5078,,陕西省西安市未央区,~陕西省西安市未央区,,Z05609,
5079,,黑龙江省绥化市兰西县,~黑龙江省绥化市兰西县,,Z04604,
5080,,黑龙江省齐齐哈尔市甘南县,~黑龙江省齐齐哈尔市甘南县,,Z04535,
5081,,陕西省安康市汉滨区,~陕西省安康市汉滨区,,Z09907,
5082,,陕西省汉中市南郑区,~陕西省汉中市南郑区,,Z05667,
5083,,陕西省咸阳市秦都区,~陕西省咸阳市秦都区,,Z10219,
5084,,,~,,Z06472,
5085,,,~,,Z06447,
5086,,内蒙古自治区乌兰察布市商都县,~内蒙古自治区乌兰察布市商都县,,Z10041,
5087,,内蒙古自治区乌兰察布市察哈尔右翼后旗,~内蒙古自治区乌兰察布市察哈尔右翼后旗,,Z08616,
5088,,新疆维吾尔自治区阿勒泰地区哈巴河县,~新疆维吾尔自治区阿勒泰地区哈巴河县,,Z05405,
5089,,新疆维吾尔自治区克孜勒苏柯尔克孜自治州乌恰县,~新疆维吾尔自治区克孜勒苏柯尔克孜自治州乌恰县,,Z05690,
5090,,天津市天津市西青区,~天津市天津市西青区,,ZZ0882,
5091,,山西省运城市新绛县,~山西省运城市新绛县,,Z04044,
5092,,河北省石家庄市新华区,~河北省石家庄市新华区,,Z08714,
5093,,河北省衡水市桃城区,~河北省衡水市桃城区,,Z08714,
5094,长沙,湖南省长沙市开福区,长沙~湖南省长沙市开福区,,Z07290,
5095,,贵州省毕节市大方县,~贵州省毕节市大方县,,Z06732,
5096,,贵州省毕节市织金县,~贵州省毕节市织金县,,Z06738,
5097,,贵州省毕节市七星关区,~贵州省毕节市七星关区,,Z09334,
5098,,贵州省毕节市七星关区,~贵州省毕节市七星关区,,Z09338,
5099,,贵州省黔西南布依族苗族自治州兴义市,~贵州省黔西南布依族苗族自治州兴义市,,Z06801,
5100,,贵州省黔南布依族苗族自治州荔波县,~贵州省黔南布依族苗族自治州荔波县,,Z06746,
5101,贵港,广西壮族自治区梧州市长洲区,贵港~广西壮族自治区梧州市长洲区,,Z09663,
5102,柳州,广西壮族自治区河池市环江毛南族自治县,柳州~广西壮族自治区河池市环江毛南族自治县,,Z09641,
5103,南宁,广西壮族自治区防城港市防城区,南宁~广西壮族自治区防城港市防城区,,Z08094,
5104,柳州,广西壮族自治区河池市凤山县,柳州~广西壮族自治区河池市凤山县,,Z08270,
5105,淮安,江苏省扬州市宝应县,淮安~江苏省扬州市宝应县,,Z06338,
5106,南京,江苏省南京市溧水区,南京~江苏省南京市溧水区,,Z06606,
5107,南京,江苏省南京市雨花台区,南京~江苏省南京市雨花台区,,Z09388,
5108,,辽宁省葫芦岛市绥中县,~辽宁省葫芦岛市绥中县,,Z04459,
5109,,辽宁省大连市金州区,~辽宁省大连市金州区,,Z06702,
5110,,,~,,Z04449,
5111,杭州,浙江省宁波市象山县,杭州~浙江省宁波市象山县,,Z06430,
5112,杭州,,杭州~,,Z06415,
5113,杭州,浙江省杭州市余杭区,杭州~浙江省杭州市余杭区,,Z06415,
5114,,黑龙江省哈尔滨市道外区,~黑龙江省哈尔滨市道外区,,Z09674,
5115,,内蒙古自治区通辽市扎鲁特旗,~内蒙古自治区通辽市扎鲁特旗,,Z04517,
5116,,辽宁省锦州市太和区,~辽宁省锦州市太和区,,Z10125,
5117,,辽宁省阜新市细河区,~辽宁省阜新市细河区,,Z10124,
5118,,辽宁省锦州市黑山县,~辽宁省锦州市黑山县,,Z04472,
5119,,黑龙江省大兴安岭地区加格达奇区,~黑龙江省大兴安岭地区加格达奇区,,Z04577,
5120,,黑龙江省哈尔滨市宾县,~黑龙江省哈尔滨市宾县,,Z09679,
5121,,重庆市重庆市万州区,~重庆市重庆市万州区,,Z06911,
5122,,黑龙江省鸡西市鸡冠区,~黑龙江省鸡西市鸡冠区,,Z09683,
5123,南昌,江西省抚州市临川区,南昌~江西省抚州市临川区,,Z09927,
5124,南昌,江西省南昌市红谷滩区,南昌~江西省南昌市红谷滩区,,Z09749,
5125,,重庆市重庆市大渡口区,~重庆市重庆市大渡口区,,Z09917,
5126,,云南省昆明市官渡区,~云南省昆明市官渡区,,Z10185,
5127,,新疆维吾尔自治区喀什地区喀什市,~新疆维吾尔自治区喀什地区喀什市,,Z05711,
5128,,四川省自贡市荣县,~四川省自贡市荣县,,Z07706,
5129,,四川省成都市新都区,~四川省成都市新都区,,Z07593,
5130,广州,广东省佛山市三水区,广州~广东省佛山市三水区,,Z09326,
5131,广州,,广州~,,Z09319,
5132,福州,福建省福州市长乐区,福州~福建省福州市长乐区,,Z06120,
5133,,新疆维吾尔自治区阿勒泰地区青河县,~新疆维吾尔自治区阿勒泰地区青河县,,Z05407,
5134,,新疆维吾尔自治区克拉玛依市独山子区,~新疆维吾尔自治区克拉玛依市独山子区,,Z09954,
5135,,安徽省亳州市利辛县,~安徽省亳州市利辛县,,Z06540,
5136,,安徽省合肥市包河区,~安徽省合肥市包河区,,Z06499,
5137,,浙江省温州市龙湾区,~浙江省温州市龙湾区,,Z08841,
5138,淮安,,淮安~,,Z09548,
5139,,浙江省温州市苍南县,~浙江省温州市苍南县,,Z06479,
5140,,浙江省温州市乐清市,~浙江省温州市乐清市,,Z06481,
5141,,浙江省温州市瑞安市,~浙江省温州市瑞安市,,Z06483,
5142,,浙江省台州市临海市,~浙江省台州市临海市,,Z06471,
5143,上海,上海市上海市静安区,上海~上海市上海市静安区,,Z06593,
5144,南京,江苏省苏州市虎丘区,南京~江苏省苏州市虎丘区,,Z10339,
5145,,山东省德州市齐河县,~山东省德州市齐河县,,Z05865,
5146,,云南省昆明市宜良县,~云南省昆明市宜良县,,Z07081,
5147,,云南省昆明市晋宁区,~云南省昆明市晋宁区,,Z07077,
5148,,云南省昆明市东川区,~云南省昆明市东川区,,Z07076,
5149,,云南省昆明市石林彝族自治县,~云南省昆明市石林彝族自治县,,Z07079,
5150,,云南省昆明市富民县,~云南省昆明市富民县,,Z07140,
5151,湛江,广东省云浮市郁南县,湛江~广东省云浮市郁南县,,Z06381,
5152,湛江,广东省湛江市吴川市,湛江~广东省湛江市吴川市,,Z06360,
5153,荆州,湖北省宜昌市长阳土家族自治县,荆州~湖北省宜昌市长阳土家族自治县,,Z07550,
5154,长沙,湖南省益阳市安化县,长沙~湖南省益阳市安化县,,Z07395,
5155,邵阳,湖南省永州市冷水滩区,邵阳~湖南省永州市冷水滩区,,Z07419,
5156,邵阳,湖南省永州市零陵区,邵阳~湖南省永州市零陵区,,Z09527,
5157,邵阳,湖南省怀化市通道侗族自治县,邵阳~湖南省怀化市通道侗族自治县,,Z07440,
5158,赣州,江西省赣州市崇义县,赣州~江西省赣州市崇义县,,Z08926,
5159,南昌,江西省景德镇市昌江区,南昌~江西省景德镇市昌江区,,Z09267,
5160,南昌,江西省宜春市宜丰县,南昌~江西省宜春市宜丰县,,Z09309,
5161,南昌,江西省景德镇市浮梁县,南昌~江西省景德镇市浮梁县,,Z09268,
5162,南昌,,南昌~,,Z09267,
5163,邵阳,湖南省邵阳市绥宁县,邵阳~湖南省邵阳市绥宁县,,Z07418,
5164,东莞,广东省东莞市,东莞~广东省东莞市,,Z07954,
5165,深圳,广东省深圳市南山区,深圳~广东省深圳市南山区,,Z08439,
5166,,河北省保定市竞秀区,~河北省保定市竞秀区,,Z08750,
5167,,河北省石家庄市藁城区,~河北省石家庄市藁城区,,Z08657,
5168,深圳,广东省深圳市罗湖区,深圳~广东省深圳市罗湖区,,Z08059,
5169,广州,广东省肇庆市四会市,广州~广东省肇庆市四会市,,Z07988,
5170,,,~,,Z09964,
5171,,河南省开封市顺河回族区,~河南省开封市顺河回族区,,Z09971,
5172,广州,广东省韶关市新丰县,广州~广东省韶关市新丰县,,Z08038,
5173,广州,广东省韶关市翁源县,广州~广东省韶关市翁源县,,Z08042,
5174,,吉林省吉林市蛟河市,~吉林省吉林市蛟河市,,Z04668,
5175,,吉林省延边朝鲜族自治州汪清县,~吉林省延边朝鲜族自治州汪清县,,Z04697,
5176,,河南省南阳市西峡县,~河南省南阳市西峡县,,Z04902,
5177,,河南省驻马店市泌阳县,~河南省驻马店市泌阳县,,Z04876,
5178,,河南省焦作市孟州市,~河南省焦作市孟州市,,Z06072,
5179,,,~,,ZZ1192,
5180,,,~,,ZZ1194,
5181,,四川省成都市武侯区,~四川省成都市武侯区,,Z09911,
5182,,贵州省贵阳市乌当区,~贵州省贵阳市乌当区,,Z06760,
5183,,四川省成都市龙泉驿区,~四川省成都市龙泉驿区,,Z07584,
5184,,贵州省黔西南布依族苗族自治州望谟县,~贵州省黔西南布依族苗族自治州望谟县,,Z06800,
5185,,贵州省安顺市平坝区,~贵州省安顺市平坝区,,Z06727,
5186,,贵州省六盘水市水城区,~贵州省六盘水市水城区,,Z09353,
5187,,贵州省铜仁市松桃苗族自治县,~贵州省铜仁市松桃苗族自治县,,Z06790,
5188,,贵州省铜仁市碧江区,~贵州省铜仁市碧江区,,Z09868,
5189,福州,福建省厦门市湖里区,福州~福建省厦门市湖里区,,Z06221,
5190,,四川省凉山彝族自治州金阳县,~四川省凉山彝族自治州金阳县,,Z07722,
5191,长沙,湖南省长沙市芙蓉区,长沙~湖南省长沙市芙蓉区,,Z09514,
5192,福州,福建省福州市长乐区,福州~福建省福州市长乐区,,Z09207,
5193,广州,广东省韶关市乐昌市,广州~广东省韶关市乐昌市,,Z08041,
5194,广州,广东省佛山市禅城区,广州~广东省佛山市禅城区,,Z07956,
5195,广州,广东省佛山市禅城区,广州~广东省佛山市禅城区,,Z10312,
5196,广州,广东省肇庆市广宁县,广州~广东省肇庆市广宁县,,Z07986,
5197,广州,,广州~,,Z09327,
5198,南宁,广西壮族自治区南宁市隆安县,南宁~广西壮族自治区南宁市隆安县,,Z08160,
5199,南宁,广西壮族自治区南宁市江南区,南宁~广西壮族自治区南宁市江南区,,Z09607,
5200,柳州,广西壮族自治区来宾市忻城县,柳州~广西壮族自治区来宾市忻城县,,Z08288,
5201,,陕西省西安市碑林区,~陕西省西安市碑林区,,Z09909,
5202,,陕西省西安市鄠邑区,~陕西省西安市鄠邑区,,Z10084,
5203,,青海省西宁市大通回族土族自治县,~青海省西宁市大通回族土族自治县,,Z05789,
5204,武汉,湖北省孝感市云梦县,武汉~湖北省孝感市云梦县,,Z07453,
5205,,河北省沧州市沧县,~河北省沧州市沧县,,Z08678,
5206,,河北省邯郸市魏县,~河北省邯郸市魏县,,Z08682,
5207,,河北省衡水市枣强县,~河北省衡水市枣强县,,Z08649,
5208,湛江,广东省湛江市廉江市,湛江~广东省湛江市廉江市,,Z06358,
5209,,河南省郑州市中原区,~河南省郑州市中原区,,Z09964,
5210,,河南省开封市兰考县,~河南省开封市兰考县,,Z04989,
5211,,河南省洛阳市新安县,~河南省洛阳市新安县,,Z04940,
5212,,河南省焦作市山阳区,~河南省焦作市山阳区,,Z05003,
5213,,河南省焦作市温县,~河南省焦作市温县,,Z05012,
5214,,河南省濮阳市南乐县,~河南省濮阳市南乐县,,Z05030,
5215,,云南省红河哈尼族彝族自治州弥勒市,~云南省红河哈尼族彝族自治州弥勒市,,Z07069,
5216,,内蒙古自治区阿拉善盟阿拉善左旗,~内蒙古自治区阿拉善盟阿拉善左旗,,Z05531,
5217,,甘肃省甘南藏族自治州卓尼县,~甘肃省甘南藏族自治州卓尼县,,Z05542,
5218,,甘肃省武威市民勤县,~甘肃省武威市民勤县,,Z05464,
5219,,甘肃省武威市古浪县,~甘肃省武威市古浪县,,Z05534,
5220,,甘肃省兰州市皋兰县,~甘肃省兰州市皋兰县,,Z09246,
5221,武汉,湖北省孝感市应城市,武汉~湖北省孝感市应城市,,Z07283,
5222,武汉,湖北省武汉市洪山区,武汉~湖北省武汉市洪山区,,Z07944,
5223,,四川省成都市武侯区,~四川省成都市武侯区,,Z07718,
5224,,四川省南充市西充县,~四川省南充市西充县,,Z07764,
5225,,四川省南充市阆中市,~四川省南充市阆中市,,Z07761,
5226,,四川省阿坝藏族羌族自治州阿坝县,~四川省阿坝藏族羌族自治州阿坝县,,Z07564,
5227,,四川省凉山彝族自治州西昌市,~四川省凉山彝族自治州西昌市,,Z07683,
5228,,四川省凉山彝族自治州会理市,~四川省凉山彝族自治州会理市,,Z07724,
5229,,四川省成都市简阳市,~四川省成都市简阳市,,Z07703,
5230,,天津市天津市静海区,~天津市天津市静海区,,ZZ0879,
5231,,山西省太原市小店区,~山西省太原市小店区,,Z08897,
5232,,山西省吕梁市离石区,~山西省吕梁市离石区,,Z09584,
5233,,山东省青岛市胶州市,~山东省青岛市胶州市,,Z05912,
5234,,,~,,Z09399,
5235,,山东省临沂市平邑县,~山东省临沂市平邑县,,Z06044,
5236,,山东省德州市禹城市,~山东省德州市禹城市,,Z06039,
5237,,山东省德州市武城县,~山东省德州市武城县,,Z05900,
5238,,山东省潍坊市奎文区,~山东省潍坊市奎文区,,Z09455,
5239,,山东省日照市岚山区,~山东省日照市岚山区,,Z05934,
5240,,浙江省丽水市莲都区,~浙江省丽水市莲都区,,Z09844,
5241,淮安,,淮安~,,Z06349,
5242,淮安,,淮安~,,Z09537,
5243,淮安,江苏省扬州市广陵区,淮安~江苏省扬州市广陵区,,Z09549,
5244,淮安,江苏省盐城市亭湖区,淮安~江苏省盐城市亭湖区,,Z09547,
5245,,,~,,ZZ1191,
5246,荆州,湖北省荆州市江陵县,荆州~湖北省荆州市江陵县,,Z07518,
5247,,,~,,ZZ1189,
5248,,,~,,ZZ1188,
5249,,,~,,ZZ1190,
5250,湛江,广东省湛江市霞山区,湛江~广东省湛江市霞山区,,Z06358,
5251,杭州,浙江省杭州市上城区,杭州~浙江省杭州市上城区,,Z09087,
5252,杭州,浙江省杭州市上城区,杭州~浙江省杭州市上城区,,Z09079,
5253,杭州,浙江省杭州市上城区,杭州~浙江省杭州市上城区,,Z06423,
5254,,,~,,ZZ0967,
5255,东莞,广东省东莞市,东莞~广东省东莞市,,Z08021,
5256,东莞,广东省东莞市,东莞~广东省东莞市,,Z07953,
5257,海口,海南省海口市龙华区,海口~海南省海口市龙华区,,Z10064,
5258,,山西省临汾市翼城县,~山西省临汾市翼城县,,Z03990,
5259,,山东省聊城市阳谷县,~山东省聊城市阳谷县,,Z05893,
5260,,山东省聊城市高唐县,~山东省聊城市高唐县,,Z05823,
5261,,,~,,Z09407,
5262,,山东省济南市章丘区,~山东省济南市章丘区,,Z05849,
5263,,山东省济宁市微山县,~山东省济宁市微山县,,Z05904,
5264,杭州,浙江省绍兴市嵊州市,杭州~浙江省绍兴市嵊州市,,Z06434,
5265,南京,江苏省南京市江宁区,南京~江苏省南京市江宁区,,Z09391,
5266,南京,江苏省南京市栖霞区,南京~江苏省南京市栖霞区,,Z10062,
5267,南京,江苏省常州市溧阳市,南京~江苏省常州市溧阳市,,Z06608,
5268,,黑龙江省牡丹江市宁安市,~黑龙江省牡丹江市宁安市,,Z04550,
5269,,黑龙江省伊春市铁力市,~黑龙江省伊春市铁力市,,Z04571,
5270,南昌,江西省上饶市弋阳县,南昌~江西省上饶市弋阳县,,Z09295,
5271,南昌,江西省南昌市新建区,南昌~江西省南昌市新建区,,Z09750,
5272,南昌,江西省鹰潭市余江区,南昌~江西省鹰潭市余江区,,Z09317,
5273,,新疆维吾尔自治区阿克苏地区库车市,~新疆维吾尔自治区阿克苏地区库车市,,Z05757,
5274,,新疆维吾尔自治区阿克苏地区沙雅县,~新疆维吾尔自治区阿克苏地区沙雅县,,Z05760,
5275,,新疆维吾尔自治区和田地区洛浦县,~新疆维吾尔自治区和田地区洛浦县,,Z08605,
5276,,新疆维吾尔自治区和田地区于田县,~新疆维吾尔自治区和田地区于田县,,Z08609,
5277,,新疆维吾尔自治区和田地区墨玉县,~新疆维吾尔自治区和田地区墨玉县,,Z08607,
5278,,新疆维吾尔自治区喀什地区疏附县,~新疆维吾尔自治区喀什地区疏附县,,Z10110,
5279,,新疆维吾尔自治区和田地区皮山县,~新疆维吾尔自治区和田地区皮山县,,Z08608,
5280,,新疆维吾尔自治区阿克苏地区乌什县,~新疆维吾尔自治区阿克苏地区乌什县,,Z05764,
5281,,新疆维吾尔自治区巴音郭楞蒙古自治州库尔勒市,~新疆维吾尔自治区巴音郭楞蒙古自治州库尔勒市,,Z05747,
5282,,新疆维吾尔自治区巴音郭楞蒙古自治州尉犁县,~新疆维吾尔自治区巴音郭楞蒙古自治州尉犁县,,Z05750,
5283,南昌,江西省九江市濂溪区,南昌~江西省九江市濂溪区,,Z09935,
5284,南昌,江西省上饶市广信区,南昌~江西省上饶市广信区,,Z10074,
5285,,新疆维吾尔自治区喀什地区叶城县,~新疆维吾尔自治区喀什地区叶城县,,Z05710,
5286,,新疆维吾尔自治区昌吉回族自治州奇台县,~新疆维吾尔自治区昌吉回族自治州奇台县,,Z05419,
5287,,新疆维吾尔自治区克拉玛依市乌尔禾区,~新疆维吾尔自治区克拉玛依市乌尔禾区,,Z05400,
5288,,新疆维吾尔自治区乌鲁木齐市沙依巴克区,~新疆维吾尔自治区乌鲁木齐市沙依巴克区,,Z09957,
5289,,贵州省毕节市威宁彝族回族苗族自治县,~贵州省毕节市威宁彝族回族苗族自治县,,Z06737,
5290,,云南省玉溪市易门县,~云南省玉溪市易门县,,Z07120,
5291,,云南省保山市昌宁县,~云南省保山市昌宁县,,Z06963,
5292,,,~,,Z07072,
5293,,云南省怒江傈僳族自治州泸水市,~云南省怒江傈僳族自治州泸水市,,Z07003,
5294,武汉,湖北省武汉市江汉区,武汉~湖北省武汉市江汉区,,Z09899,
5295,荆州,湖北省潜江市潜江市,荆州~湖北省潜江市潜江市,,Z07522,
5296,荆州,湖北省恩施土家族苗族自治州巴东县,荆州~湖北省恩施土家族苗族自治州巴东县,,Z07939,
5297,,黑龙江省齐齐哈尔市昂昂溪区,~黑龙江省齐齐哈尔市昂昂溪区,,Z04627,
5298,泉州,福建省漳州市龙文区,泉州~福建省漳州市龙文区,,Z08965,
5299,,陕西省咸阳市兴平市,~陕西省咸阳市兴平市,,Z05647,
5300,,陕西省咸阳市武功县,~陕西省咸阳市武功县,,Z05650,
5301,,安徽省池州市贵池区,~安徽省池州市贵池区,,Z09742,
5302,,安徽省宣城市广德市,~安徽省宣城市广德市,,Z06535,
5303,南昌,江西省萍乡市安源区,南昌~江西省萍乡市安源区,,Z09936,
5304,南昌,江西省萍乡市安源区,南昌~江西省萍乡市安源区,,Z09937,
5305,,安徽省宣城市泾县,~安徽省宣城市泾县,,Z06559,
5306,海口,海南省海口市龙华区,海口~海南省海口市龙华区,,Z09939,
5307,,辽宁省沈阳市和平区,~辽宁省沈阳市和平区,,Z01188,
5308,,辽宁省沈阳市和平区,~辽宁省沈阳市和平区,,Z10131,
5309,,辽宁省辽阳市宏伟区,~辽宁省辽阳市宏伟区,,Z10128,
5310,,辽宁省沈阳市沈北新区,~辽宁省沈阳市沈北新区,,Z10134,
5311,,云南省昆明市安宁市,~云南省昆明市安宁市,,Z07074,
5312,,辽宁省铁岭市调兵山市,~辽宁省铁岭市调兵山市,,Z04466,
5313,,辽宁省沈阳市和平区,~辽宁省沈阳市和平区,,Z04463,
5314,,河南省信阳市罗山县,~河南省信阳市罗山县,,Z04915,
5315,,河南省周口市淮阳区,~河南省周口市淮阳区,,Z10035,
5316,,云南省昭通市水富市,~云南省昭通市水富市,,Z07124,
5317,,辽宁省鞍山市台安县,~辽宁省鞍山市台安县,,Z04521,
5318,,,~,,Z10111,
5319,,辽宁省葫芦岛市建昌县,~辽宁省葫芦岛市建昌县,,Z04479,
5320,,重庆市重庆市奉节县,~重庆市重庆市奉节县,,Z09240,
5321,,辽宁省营口市盖州市,~辽宁省营口市盖州市,,Z04493,
5322,,辽宁省锦州市凌海市,~辽宁省锦州市凌海市,,Z04483,
5323,邵阳,湖南省邵阳市城步苗族自治县,邵阳~湖南省邵阳市城步苗族自治县,,Z07417,
5324,,河北省邯郸市丛台区,~河北省邯郸市丛台区,,Z08713,
5325,,河南省洛阳市洛龙区,~河南省洛阳市洛龙区,,Z09981,
5326,,河南省洛阳市,~河南省洛阳市,,Z09979,
5327,,河南省洛阳市老城区,~河南省洛阳市老城区,,Z09976,
5328,,河南省洛阳市西工区,~河南省洛阳市西工区,,Z09977,
5329,,山西省吕梁市临县,~山西省吕梁市临县,,Z03994,
5330,长沙,湖南省湘西土家族苗族自治州泸溪县,长沙~湖南省湘西土家族苗族自治州泸溪县,,Z07337,
5331,,山东省菏泽市郓城县,~山东省菏泽市郓城县,,Z05890,
5332,,山东省泰安市泰山区,~山东省泰安市泰山区,,Z09409,
5333,,山东省淄博市桓台县,~山东省淄博市桓台县,,Z05851,
5334,,山东省菏泽市曹县,~山东省菏泽市曹县,,Z05880,
5335,,山东省临沂市郯城县,~山东省临沂市郯城县,,Z05861,
5336,,山东省淄博市周村区,~山东省淄博市周村区,,Z09414,
5337,,山东省济南市市中区,~山东省济南市市中区,,Z09401,
5338,,山东省菏泽市成武县,~山东省菏泽市成武县,,Z05889,
5339,,山东省临沂市沂南县,~山东省临沂市沂南县,,Z05827,
5340,,山东省聊城市临清市,~山东省聊城市临清市,,Z05854,
5341,,山东省济南市济阳区,~山东省济南市济阳区,,Z05866,
5342,,山东省泰安市新泰市,~山东省泰安市新泰市,,Z05885,
5343,,山东省临沂市河东区,~山东省临沂市河东区,,Z06042,
5344,,山东省临沂市莒南县,~山东省临沂市莒南县,,Z05860,
5345,,山东省聊城市冠县,~山东省聊城市冠县,,Z05905,
5346,,山东省菏泽市鄄城县,~山东省菏泽市鄄城县,,Z05892,
5347,,山东省聊城市莘县,~山东省聊城市莘县,,Z05874,
5348,,山东省淄博市沂源县,~山东省淄博市沂源县,,Z05908,
5349,,山东省济南市莱芜区,~山东省济南市莱芜区,,Z09092,
5350,杭州,浙江省杭州市上城区,杭州~浙江省杭州市上城区,,Z09080,
5351,,黑龙江省佳木斯市向阳区,~黑龙江省佳木斯市向阳区,,Z09705,
5352,,黑龙江省佳木斯市同江市,~黑龙江省佳木斯市同江市,,Z04557,
5353,,河北省邯郸市邯山区,~河北省邯郸市邯山区,,Z08720,
5354,,云南省昆明市西山区,~云南省昆明市西山区,,Z10187,
5355,,河北省石家庄市鹿泉区,~河北省石家庄市鹿泉区,,Z08658,
5356,,河北省石家庄市赵县,~河北省石家庄市赵县,,Z08731,
5357,南昌,江西省南昌市新建区,南昌~江西省南昌市新建区,,Z07799,
5358,南昌,江西省九江市共青城市,南昌~江西省九江市共青城市,,Z09274,
5359,南昌,江西省南昌市新建区,南昌~江西省南昌市新建区,,Z09929,
5360,荆州,湖北省荆州市洪湖市,荆州~湖北省荆州市洪湖市,,Z07508,
5361,广州,广东省广州市海珠区,广州~广东省广州市海珠区,,Z09321,
5362,上海,上海市上海市嘉定区,上海~上海市上海市嘉定区,,Z06586,
5363,上海,上海市上海市长宁区,上海~上海市上海市长宁区,,Z06584,
5364,上海,上海市上海市普陀区,上海~上海市上海市普陀区,,Z06593,
5365,,甘肃省兰州市榆中县,~甘肃省兰州市榆中县,,Z05540,
5366,广州,广东省肇庆市鼎湖区,广州~广东省肇庆市鼎湖区,,Z09321,
5367,,,~,,Z09963,
5368,,河南省濮阳市范县,~河南省濮阳市范县,,Z10009,
5369,,河南省开封市龙亭区,~河南省开封市龙亭区,,Z09971,
5370,,河南省濮阳市台前县,~河南省濮阳市台前县,,Z05000,
5371,,河南省濮阳市濮阳县,~河南省濮阳市濮阳县,,Z04955,
5372,,河北省石家庄市灵寿县,~河北省石家庄市灵寿县,,Z08740,
5373,,河南省南阳市镇平县,~河南省南阳市镇平县,,Z04897,
5374,,河南省南阳市淅川县,~河南省南阳市淅川县,,Z04904,
5375,,河南省南阳市方城县,~河南省南阳市方城县,,Z04895,
5376,,河北省邢台市清河县,~河北省邢台市清河县,,Z08641,
5377,,河北省沧州市黄骅市,~河北省沧州市黄骅市,,Z08633,
5378,,河北省邢台市威县,~河北省邢台市威县,,Z08652,
5379,衡阳,湖南省衡阳市耒阳市,衡阳~湖南省衡阳市耒阳市,,Z07485,
5380,赣州,江西省赣州市于都县,赣州~江西省赣州市于都县,,Z08914,
5381,赣州,江西省吉安市遂川县,赣州~江西省吉安市遂川县,,Z08940,
5382,赣州,江西省赣州市章贡区,赣州~江西省赣州市章贡区,,Z09925,
5383,赣州,江西省赣州市宁都县,赣州~江西省赣州市宁都县,,Z08911,
5384,,辽宁省鞍山市铁西区,~辽宁省鞍山市铁西区,,Z10111,
5385,,重庆市重庆市彭水苗族土家族自治县,~重庆市重庆市彭水苗族土家族自治县,,Z06902,
5386,,新疆维吾尔自治区喀什地区莎车县,~新疆维吾尔自治区喀什地区莎车县,,Z10234,
5387,,浙江省金华市婺城区,~浙江省金华市婺城区,,Z09846,
5388,,重庆市重庆市渝北区,~重庆市重庆市渝北区,,Z09915,
5389,,重庆市重庆市巫山县,~重庆市重庆市巫山县,,Z09235,
5390,,重庆市重庆市江津区,~重庆市重庆市江津区,,Z06897,
5391,,重庆市重庆市綦江区,~重庆市重庆市綦江区,,Z06910,
5392,,四川省阿坝藏族羌族自治州金川县,~四川省阿坝藏族羌族自治州金川县,,Z07741,
5393,,四川省泸州市古蔺县,~四川省泸州市古蔺县,,Z07650,
5394,,四川省达州市宣汉县,~四川省达州市宣汉县,,Z07915,
5395,,四川省达州市宣汉县,~四川省达州市宣汉县,,Z10053,
5396,,重庆市重庆市南川区,~重庆市重庆市南川区,,Z06901,
5397,,河南省平顶山市郏县,~河南省平顶山市郏县,,Z04910,
5398,,河南省驻马店市确山县,~河南省驻马店市确山县,,Z04870,
5399,,河南省周口市西华县,~河南省周口市西华县,,Z04880,
5400,,河南省周口市鹿邑县,~河南省周口市鹿邑县,,Z04887,
5401,汕头,广东省梅州市五华县,汕头~广东省梅州市五华县,,Z06396,
5402,长沙,湖南省株洲市醴陵市,长沙~湖南省株洲市醴陵市,,Z07380,
5403,长沙,湖南省株洲市石峰区,长沙~湖南省株洲市石峰区,,Z09518,
5404,武汉,湖北省咸宁市通城县,武汉~湖北省咸宁市通城县,,Z07274,
5405,,内蒙古自治区锡林郭勒盟锡林浩特市,~内蒙古自治区锡林郭勒盟锡林浩特市,,Z04859,
5406,,河南省郑州市中牟县,~河南省郑州市中牟县,,Z04977,
5407,,吉林省长春市农安县,~吉林省长春市农安县,,Z04663,
5408,,云南省丽江市古城区,~云南省丽江市古城区,,Z10181,
5409,,吉林省长春市榆树市,~吉林省长春市榆树市,,Z04665,
5410,,吉林省长春市九台区,~吉林省长春市九台区,,Z04662,
5411,,新疆维吾尔自治区克孜勒苏柯尔克孜自治州阿图什市,~新疆维吾尔自治区克孜勒苏柯尔克孜自治州阿图什市,,Z05688,
5412,,吉林省长春市德惠市,~吉林省长春市德惠市,,Z04661,
5413,,吉林省吉林市昌邑区,~吉林省吉林市昌邑区,,Z10099,
5414,,内蒙古自治区兴安盟科尔沁右翼前旗,~内蒙古自治区兴安盟科尔沁右翼前旗,,Z06056,
5415,深圳,广东省惠州市惠东县,深圳~广东省惠州市惠东县,,Z07966,
5416,深圳,广东省惠州市惠阳区,深圳~广东省惠州市惠阳区,,Z07967,
5417,福州,福建省福州市连江县,福州~福建省福州市连江县,,Z06125,
5418,,黑龙江省哈尔滨市通河县,~黑龙江省哈尔滨市通河县,,Z09673,
5419,,山西省忻州市五台县,~山西省忻州市五台县,,Z04026,
5420,荆州,湖北省恩施土家族苗族自治州恩施市,荆州~湖北省恩施土家族苗族自治州恩施市,,Z07490,
5421,南京,江苏省无锡市江阴市,南京~江苏省无锡市江阴市,,Z06633,
5422,,甘肃省临夏回族自治州临夏市,~甘肃省临夏回族自治州临夏市,,Z09493,
5423,,宁夏回族自治区银川市兴庆区,~宁夏回族自治区银川市兴庆区,,Z05673,
5424,,云南省昆明市寻甸回族彝族自治县,~云南省昆明市寻甸回族彝族自治县,,Z07135,
5425,,河南省商丘市永城市,~河南省商丘市永城市,,Z04960,
5426,,河南省新乡市封丘县,~河南省新乡市封丘县,,Z04988,
5427,,安徽省阜阳市界首市,~安徽省阜阳市界首市,,Z06545,
5428,,新疆维吾尔自治区伊犁哈萨克自治州霍尔果斯市,~新疆维吾尔自治区伊犁哈萨克自治州霍尔果斯市,,Z05435,
5429,,安徽省蚌埠市五河县,~安徽省蚌埠市五河县,,Z06529,
5430,,新疆维吾尔自治区塔城地区塔城市,~新疆维吾尔自治区塔城地区塔城市,,Z05444,
5431,东莞,广东省东莞市东莞市,东莞~广东省东莞市东莞市,,Z07953,
5432,,河南省洛阳市栾川县,~河南省洛阳市栾川县,,Z04939,
5433,,河南省安阳市北关区,~河南省安阳市北关区,,Z09861,
5434,武汉,湖北省孝感市汉川市,武汉~湖北省孝感市汉川市,,Z07452,
5435,衡阳,,衡阳~,,Z07469,
5436,,黑龙江省佳木斯市富锦市,~黑龙江省佳木斯市富锦市,,Z09705,
5437,,黑龙江省大庆市林甸县,~黑龙江省大庆市林甸县,,Z04531,
5438,,黑龙江省哈尔滨市道外区,~黑龙江省哈尔滨市道外区,,Z09675,
5439,,黑龙江省哈尔滨市南岗区,~黑龙江省哈尔滨市南岗区,,Z09674,
5440,,黑龙江省哈尔滨市通河县,~黑龙江省哈尔滨市通河县,,Z04609,
5441,,内蒙古自治区呼伦贝尔市莫力达瓦达斡尔族自治旗,~内蒙古自治区呼伦贝尔市莫力达瓦达斡尔族自治旗,,Z04596,
5442,,黑龙江省齐齐哈尔市克东县,~黑龙江省齐齐哈尔市克东县,,Z04628,
5443,,内蒙古自治区呼伦贝尔市扎兰屯市,~内蒙古自治区呼伦贝尔市扎兰屯市,,Z04581,
5444,武汉,湖北省咸宁市咸安区,武汉~湖北省咸宁市咸安区,,Z09902,
5445,,黑龙江省佳木斯市桦南县,~黑龙江省佳木斯市桦南县,,Z04558,
5446,,黑龙江省佳木斯市郊区,~黑龙江省佳木斯市郊区,,Z09708,
5447,,黑龙江省双鸭山市尖山区,~黑龙江省双鸭山市尖山区,,Z09692,
5448,,河北省邢台市临城县,~河北省邢台市临城县,,Z08694,
5449,,黑龙江省佳木斯市抚远市,~黑龙江省佳木斯市抚远市,,Z04555,
5450,,黑龙江省佳木斯市富锦市,~黑龙江省佳木斯市富锦市,,Z04556,
5451,,陕西省西安市高陵区,~陕西省西安市高陵区,,Z05658,
5452,泉州,福建省泉州市石狮市,泉州~福建省泉州市石狮市,,Z06284,
5453,东莞,广东省东莞市,东莞~广东省东莞市,,Z08026,
5454,,四川省广元市苍溪县,~四川省广元市苍溪县,,Z07632,
5455,,山东省济宁市兖州区,~山东省济宁市兖州区,,Z05818,
5456,,四川省泸州市合江县,~四川省泸州市合江县,,Z10047,
5457,,山东省济宁市鱼台县,~山东省济宁市鱼台县,,Z05884,
5458,,山东省滨州市博兴县,~山东省滨州市博兴县,,Z05896,
5459,,山东省济南市长清区,~山东省济南市长清区,,Z06041,
5460,广州,广东省广州市白云区,广州~广东省广州市白云区,,Z08060,
5461,广州,广东省广州市南沙区,广州~广东省广州市南沙区,,Z09319,
5462,,新疆维吾尔自治区巴音郭楞蒙古自治州若羌县,~新疆维吾尔自治区巴音郭楞蒙古自治州若羌县,,Z05755,
5463,,贵州省遵义市凤冈县,~贵州省遵义市凤冈县,,Z08446,
5464,,贵州省遵义市务川仡佬族苗族自治县,~贵州省遵义市务川仡佬族苗族自治县,,Z06926,
5465,,山西省长治市潞州区,~山西省长治市潞州区,,Z10148,
5466,,山西省朔州市山阴县,~山西省朔州市山阴县,,Z04002,
5467,,山西省吕梁市汾阳市,~山西省吕梁市汾阳市,,Z04011,
5468,,新疆维吾尔自治区图木舒克市图木舒克市,~新疆维吾尔自治区图木舒克市图木舒克市,,Z05746,
5469,,安徽省安庆市怀宁县,~安徽省安庆市怀宁县,,Z06517,
5470,,安徽省安庆市宜秀区,~安徽省安庆市宜秀区,,Z09416,
5471,,安徽省淮北市濉溪县,~安徽省淮北市濉溪县,,Z06562,
5472,邵阳,湖南省娄底市娄星区,邵阳~湖南省娄底市娄星区,,Z09520,
5473,,浙江省金华市金东区,~浙江省金华市金东区,,Z09847,
5474,长沙,湖南省长沙市岳麓区,长沙~湖南省长沙市岳麓区,,Z09516,
5475,,青海省海南藏族自治州共和县,~青海省海南藏族自治州共和县,,Z05792,
5476,长沙,湖南省长沙市天心区,长沙~湖南省长沙市天心区,,Z09514,
5477,南昌,江西省南昌市,南昌~江西省南昌市,,Z09752,
5478,邵阳,湖南省邵阳市邵东市,邵阳~湖南省邵阳市邵东市,,Z07907,
5479,,四川省成都市大邑县,~四川省成都市大邑县,,Z07581,
5480,,云南省玉溪市新平彝族傣族自治县,~云南省玉溪市新平彝族傣族自治县,,Z07159,
5481,湛江,广东省湛江市雷州市,湛江~广东省湛江市雷州市,,Z06357,
5482,湛江,广东省云浮市云城区,湛江~广东省云浮市云城区,,Z06378,
5483,湛江,广东省茂名市信宜市,湛江~广东省茂名市信宜市,,Z06368,
5484,湛江,广东省云浮市新兴县,湛江~广东省云浮市新兴县,,Z06380,
5485,,浙江省金华市永康市,~浙江省金华市永康市,,Z06451,
5486,武汉,湖北省武汉市武昌区,武汉~湖北省武汉市武昌区,,Z07267,
5487,,安徽省马鞍山市花山区,~安徽省马鞍山市花山区,,Z09417,
5488,荆州,湖北省宜昌市宜都市,荆州~湖北省宜昌市宜都市,,Z07548,
5489,,安徽省黄山市歙县,~安徽省黄山市歙县,,Z06563,
5490,广州,广东省肇庆市封开县,广州~广东省肇庆市封开县,,Z07984,
5491,淮安,,淮安~,,Z09549,
5492,荆州,湖北省宜昌市远安县,荆州~湖北省宜昌市远安县,,Z07549,
5493,广州,广东省肇庆市高要区,广州~广东省肇庆市高要区,,Z07985,
5494,淮安,江苏省连云港市东海县,淮安~江苏省连云港市东海县,,Z06315,
5495,,河南省郑州市管城回族区,~河南省郑州市管城回族区,,Z09963,
5496,南昌,,南昌~,,Z09277,
5497,南昌,江西省九江市彭泽县,南昌~江西省九江市彭泽县,,Z09276,
5498,南昌,江西省萍乡市莲花县,南昌~江西省萍乡市莲花县,,Z09286,
5499,东莞,广东省东莞市,东莞~广东省东莞市,,Z08049,
5500,长沙,湖南省常德市武陵区,长沙~湖南省常德市武陵区,,Z09500,
5501,广州,广东省肇庆市怀集县,广州~广东省肇庆市怀集县,,Z07987,
5502,广州,广东省广州市天河区,广州~广东省广州市天河区,,Z09327,
5503,,新疆维吾尔自治区吐鲁番市鄯善县,~新疆维吾尔自治区吐鲁番市鄯善县,,Z05427,
5504,,新疆维吾尔自治区塔城地区和布克赛尔蒙古自治县,~新疆维吾尔自治区塔城地区和布克赛尔蒙古自治县,,Z05443,
5505,,新疆维吾尔自治区哈密市伊州区,~新疆维吾尔自治区哈密市伊州区,,Z10150,
5506,,新疆维吾尔自治区伊犁哈萨克自治州奎屯市,~新疆维吾尔自治区伊犁哈萨克自治州奎屯市,,Z05437,
5507,,新疆维吾尔自治区阿勒泰地区阿勒泰市,~新疆维吾尔自治区阿勒泰地区阿勒泰市,,Z05401,
5508,,新疆维吾尔自治区和田地区和田市,~新疆维吾尔自治区和田地区和田市,,Z08603,
5509,,,~,,ZZ0331,
5510,杭州,浙江省杭州市上城区,杭州~浙江省杭州市上城区,,Z09082,
5511,南京,江苏省苏州市吴江区,南京~江苏省苏州市吴江区,,Z06625,
5512,,浙江省金华市磐安县,~浙江省金华市磐安县,,Z06454,
5513,,山东省德州市德城区,~山东省德州市德城区,,Z09395,
5514,,山东省济南市钢城区,~山东省济南市钢城区,,Z09077,
5515,,山东省临沂市罗庄区,~山东省临沂市罗庄区,,Z09408,
5516,,河北省廊坊市三河市,~河北省廊坊市三河市,,Z04364,
5517,,山西省太原市杏花岭区,~山西省太原市杏花岭区,,Z04009,
5518,广州,广东省广州市海珠区,广州~广东省广州市海珠区,,Z07960,
5519,,,~,,ZZ0163,
5520,,,~,,ZZ0171,
5521,,河北省石家庄市新华区,~河北省石家庄市新华区,,Z08716,
5522,,天津市天津市武清区,~天津市天津市武清区,,ZZ0871,
5523,,河北省唐山市滦州市,~河北省唐山市滦州市,,ZZ0857,
5524,,,~,,ZZ0128,
5525,东莞,广东省东莞市东莞市,东莞~广东省东莞市东莞市,,Z08009,
5526,,浙江省金华市东阳市,~浙江省金华市东阳市,,Z06452,
5527,,,~,,ZZ0784,
5528,,河南省三门峡市卢氏县,~河南省三门峡市卢氏县,,Z05035,
5529,,河南省安阳市汤阴县,~河南省安阳市汤阴县,,Z04931,
5530,武汉,湖北省武汉市硚口区,武汉~湖北省武汉市硚口区,,Z09899,
5531,南昌,江西省南昌市进贤县,南昌~江西省南昌市进贤县,,Z07797,
5532,南昌,江西省南昌市红谷滩区,南昌~江西省南昌市红谷滩区,,Z07799,
5533,南昌,江西省上饶市余干县,南昌~江西省上饶市余干县,,Z09296,
5534,南昌,江西省宜春市奉新县,南昌~江西省宜春市奉新县,,Z09302,
5535,赣州,江西省吉安市安福县,赣州~江西省吉安市安福县,,Z08916,
5536,赣州,江西省吉安市吉安县,赣州~江西省吉安市吉安县,,Z09923,
5537,赣州,江西省吉安市吉安县,赣州~江西省吉安市吉安县,,Z08917,
5538,赣州,江西省吉安市永新县,赣州~江西省吉安市永新县,,Z08941,
5539,南京,江苏省苏州市吴中区,南京~江苏省苏州市吴中区,,Z10226,
5540,南京,江苏省苏州市昆山市,南京~江苏省苏州市昆山市,,Z06610,
5541,,陕西省西安市碑林区,~陕西省西安市碑林区,,Z10089,
5542,,四川省成都市金堂县,~四川省成都市金堂县,,Z07583,
5543,,陕西省西安市未央区,~陕西省西安市未央区,,Z10089,
5544,泉州,福建省漳州市芗城区,泉州~福建省漳州市芗城区,,Z08992,
5545,,陕西省安康市白河县,~陕西省安康市白河县,,Z05590,
5546,,陕西省西安市未央区,~陕西省西安市未央区,,Z09906,
5547,,云南省临沧市双江拉祜族佤族布朗族傣族自治县,~云南省临沧市双江拉祜族佤族布朗族傣族自治县,,Z07022,
5548,,陕西省安康市岚皋县,~陕西省安康市岚皋县,,Z05566,
5549,福州,福建省福州市台江区,福州~福建省福州市台江区,,Z08943,
5550,淮安,江苏省连云港市灌南县,淮安~江苏省连云港市灌南县,,Z06317,
5551,,黑龙江省哈尔滨市五常市,~黑龙江省哈尔滨市五常市,,Z04588,
5552,,河南省郑州市二七区,~河南省郑州市二七区,,Z04973,
5553,,河南省郑州市二七区,~河南省郑州市二七区,,Z09962,
5554,深圳,广东省惠州市惠城区,深圳~广东省惠州市惠城区,,Z10211,
5555,广州,广东省佛山市南海区,广州~广东省佛山市南海区,,Z07958,
5556,广州,广东省清远市连州市,广州~广东省清远市连州市,,Z07970,
5557,广州,广东省佛山市高明区,广州~广东省佛山市高明区,,Z09318,
5558,广州,广东省珠海市斗门区,广州~广东省珠海市斗门区,,Z09322,
5559,广州,广东省中山市中山市,广州~广东省中山市中山市,,Z09328,
5560,深圳,广东省惠州市博罗县,深圳~广东省惠州市博罗县,,Z07965,
5561,深圳,广东省深圳市福田区,深圳~广东省深圳市福田区,,Z08846,
5562,深圳,广东省深圳市福田区,深圳~广东省深圳市福田区,,Z10211,
5563,,云南省德宏傣族景颇族自治州盈江县,~云南省德宏傣族景颇族自治州盈江县,,Z07000,
5564,,云南省曲靖市富源县,~云南省曲靖市富源县,,Z07176,
5565,,云南省西双版纳傣族自治州勐海县,~云南省西双版纳傣族自治州勐海县,,Z07183,
5566,,山东省潍坊市潍城区,~山东省潍坊市潍城区,,Z09454,
5567,淮安,江苏省徐州市睢宁县,淮安~江苏省徐州市睢宁县,,Z06327,
5568,,安徽省铜陵市郊区,~安徽省铜陵市郊区,,Z10471,
5569,淮安,江苏省泰州市兴化市,淮安~江苏省泰州市兴化市,,Z06322,
5570,,安徽省安庆市潜山市,~安徽省安庆市潜山市,,Z06523,
5571,淮安,江苏省淮安市涟水县,淮安~江苏省淮安市涟水县,,Z06346,
5572,,重庆市重庆市巫溪县,~重庆市重庆市巫溪县,,Z06913,
5573,,重庆市重庆市巫溪县,~重庆市重庆市巫溪县,,Z09243,
5574,,重庆市重庆市南岸区,~重庆市重庆市南岸区,,Z09919,
5575,,重庆市重庆市九龙坡区,~重庆市重庆市九龙坡区,,Z09917,
5576,,四川省南充市南部县,~四川省南充市南部县,,Z09754,
5577,,山西省忻州市原平市,~山西省忻州市原平市,,Z04029,
5578,,山西省运城市河津市,~山西省运城市河津市,,Z04034,
5579,,黑龙江省牡丹江市东安区,~黑龙江省牡丹江市东安区,,Z09712,
5580,,黑龙江省哈尔滨市呼兰区,~黑龙江省哈尔滨市呼兰区,,Z09679,
5581,,黑龙江省绥化市肇东市,~黑龙江省绥化市肇东市,,Z04602,
5582,,黑龙江省牡丹江市爱民区,~黑龙江省牡丹江市爱民区,,Z09714,
5583,,黑龙江省牡丹江市西安区,~黑龙江省牡丹江市西安区,,Z09712,
5584,,辽宁省盘锦市双台子区,~辽宁省盘锦市双台子区,,Z10140,
5585,,辽宁省沈阳市沈河区,~辽宁省沈阳市沈河区,,Z10130,
5586,,黑龙江省齐齐哈尔市建华区,~黑龙江省齐齐哈尔市建华区,,Z09681,
5587,,黑龙江省大庆市萨尔图区,~黑龙江省大庆市萨尔图区,,Z09696,
5588,,云南省红河哈尼族彝族自治州蒙自市,~云南省红河哈尼族彝族自治州蒙自市,,Z07067,
5589,柳州,广西壮族自治区桂林市灌阳县,柳州~广西壮族自治区桂林市灌阳县,,Z08254,
5590,柳州,广西壮族自治区柳州市柳南区,柳州~广西壮族自治区柳州市柳南区,,Z09650,
5591,贵港,广西壮族自治区玉林市北流市,贵港~广西壮族自治区玉林市北流市,,Z08385,
5592,南宁,广西壮族自治区南宁市武鸣区,南宁~广西壮族自治区南宁市武鸣区,,Z09611,
5593,东莞,广东省东莞市,东莞~广东省东莞市,,Z08051,
5594,南宁,广西壮族自治区南宁市武鸣区,南宁~广西壮族自治区南宁市武鸣区,,Z09618,
5595,南宁,广西壮族自治区南宁市武鸣区,南宁~广西壮族自治区南宁市武鸣区,,Z08165,
5596,南宁,广西壮族自治区北海市合浦县,南宁~广西壮族自治区北海市合浦县,,Z09369,
5597,广州,广东省中山市,广州~广东省中山市,,Z10313,
5598,广州,广东省韶关市曲江区,广州~广东省韶关市曲江区,,Z07971,
5599,广州,广东省韶关市武江区,广州~广东省韶关市武江区,,Z10314,
5600,广州,广东省中山市中山市,广州~广东省中山市中山市,,Z10313,
5601,,天津市天津市北辰区,~天津市天津市北辰区,,ZZ0883,
5602,,河南省鹤壁市淇滨区,~河南省鹤壁市淇滨区,,Z09991,
5603,,河南省驻马店市驿城区,~河南省驻马店市驿城区,,Z09475,
5604,,河北省保定市高碑店市,~河北省保定市高碑店市,,Z08628,
5605,,河北省沧州市南皮县,~河北省沧州市南皮县,,Z08710,
5606,,河北省保定市顺平县,~河北省保定市顺平县,,Z08668,
5607,,河北省保定市高碑店市,~河北省保定市高碑店市,,Z08668,
5608,,重庆市重庆市奉节县,~重庆市重庆市奉节县,,Z09236,
5609,,重庆市重庆市渝中区,~重庆市重庆市渝中区,,Z09916,
5610,,重庆市重庆市大渡口区,~重庆市重庆市大渡口区,,Z09918,
5611,,甘肃省兰州市红古区,~甘肃省兰州市红古区,,Z05564,
5612,,甘肃省临夏回族自治州永靖县,~甘肃省临夏回族自治州永靖县,,Z05550,
5613,深圳,广东省东莞市东莞市,深圳~广东省东莞市东莞市,,Z09843,
5614,广州,广东省肇庆市端州区,广州~广东省肇庆市端州区,,Z07985,
5615,,山东省青岛市黄岛区,~山东省青岛市黄岛区,,Z05915,
5616,南京,江苏省无锡市惠山区,南京~江苏省无锡市惠山区,,Z09738,
5617,南京,江苏省泰州市靖江市,南京~江苏省泰州市靖江市,,Z06629,
5618,,,~,,Z05917,
5619,杭州,浙江省杭州市上城区,杭州~浙江省杭州市上城区,,Z06408,
5620,上海,上海市上海市虹口区,上海~上海市上海市虹口区,,Z06585,
5621,上海,上海市上海市杨浦区,上海~上海市上海市杨浦区,,Z06588,
5622,上海,上海市上海市黄浦区,上海~上海市上海市黄浦区,,Z06592,
5623,上海,上海市上海市宝山区,上海~上海市上海市宝山区,,Z06582,
5624,淮安,江苏省镇江市丹阳市,淮安~江苏省镇江市丹阳市,,Z06343,
5625,上海,上海市上海市金山区,上海~上海市上海市金山区,,Z06599,
5626,淮安,江苏省扬州市高邮市,淮安~江苏省扬州市高邮市,,Z06339,
5627,南昌,江西省九江市修水县,南昌~江西省九江市修水县,,Z09281,
5628,南昌,江西省南昌市青云谱区,南昌~江西省南昌市青云谱区,,Z09751,
5629,南昌,江西省宜春市丰城市,南昌~江西省宜春市丰城市,,Z09301,
5630,南昌,江西省九江市德安县,南昌~江西省九江市德安县,,Z09272,
5631,杭州,浙江省湖州市吴兴区,杭州~浙江省湖州市吴兴区,,Z09082,
5632,杭州,浙江省杭州市富阳区,杭州~浙江省杭州市富阳区,,Z06409,
5633,杭州,浙江省嘉兴市海盐县,杭州~浙江省嘉兴市海盐县,,Z06446,
5634,长沙,湖南省益阳市桃江县,长沙~湖南省益阳市桃江县,,Z07357,
5635,福州,福建省三明市泰宁县,福州~福建省三明市泰宁县,,Z06198,
5636,杭州,浙江省嘉兴市平湖市,杭州~浙江省嘉兴市平湖市,,Z06425,
5637,南昌,江西省宜春市樟树市,南昌~江西省宜春市樟树市,,Z09310,
5638,,重庆市重庆市江北区,~重庆市重庆市江北区,,Z09914,
5639,,山西省忻州市忻府区,~山西省忻州市忻府区,,Z09567,
5640,,辽宁省辽阳市灯塔市,~辽宁省辽阳市灯塔市,,Z04478,
5641,,辽宁省沈阳市苏家屯区,~辽宁省沈阳市苏家屯区,,Z06703,
5642,,辽宁省大连市中山区,~辽宁省大连市中山区,,Z10119,
5643,,辽宁省大连市甘井子区,~辽宁省大连市甘井子区,,Z10116,
5644,,贵州省铜仁市思南县,~贵州省铜仁市思南县,,Z06943,
5645,,贵州省安顺市西秀区,~贵州省安顺市西秀区,,Z10316,
5646,,吉林省长春市南关区,~吉林省长春市南关区,,Z10100,
5647,,贵州省安顺市紫云苗族布依族自治县,~贵州省安顺市紫云苗族布依族自治县,,Z06730,
5648,,贵州省遵义市红花岗区,~贵州省遵义市红花岗区,,Z09467,
5649,,山西省吕梁市中阳县,~山西省吕梁市中阳县,,Z03999,
5650,,四川省成都市崇州市,~四川省成都市崇州市,,Z07580,
5651,,吉林省吉林市磐石市,~吉林省吉林市磐石市,,Z04672,
5652,,吉林省松原市宁江区,~吉林省松原市宁江区,,Z09574,
5653,淮安,江苏省徐州市邳州市,淮安~江苏省徐州市邳州市,,Z06326,
5654,,山东省青岛市黄岛区,~山东省青岛市黄岛区,,Z10306,
5655,,山东省济南市天桥区,~山东省济南市天桥区,,Z09402,
5656,,山东省滨州市惠民县,~山东省滨州市惠民县,,Z05897,
5657,,天津市天津市西青区,~天津市天津市西青区,,Z08473,
5658,,河北省石家庄市长安区,~河北省石家庄市长安区,,Z08591,
5659,,天津市天津市滨海新区,~天津市天津市滨海新区,,ZZ0886,
5660,,北京市北京市密云区,~北京市北京市密云区,,Z04340,
5661,南昌,江西省南昌市南昌县,南昌~江西省南昌市南昌县,,Z07798,
5662,,新疆维吾尔自治区阿克苏地区阿克苏市,~新疆维吾尔自治区阿克苏地区阿克苏市,,Z05758,
5663,荆州,湖北省宜昌市伍家岗区,荆州~湖北省宜昌市伍家岗区,,Z09884,
5664,,河南省新乡市辉县市,~河南省新乡市辉县市,,Z10001,
5665,,河南省信阳市固始县,~河南省信阳市固始县,,Z04921,
5666,,河南省新乡市卫辉市,~河南省新乡市卫辉市,,Z06074,
5667,,河南省新乡市新乡县,~河南省新乡市新乡县,,Z09997,
5668,南宁,广西壮族自治区南宁市兴宁区,南宁~广西壮族自治区南宁市兴宁区,,Z08150,
5669,南宁,广西壮族自治区南宁市兴宁区,南宁~广西壮族自治区南宁市兴宁区,,Z09595,
5670,,内蒙古自治区包头市土默特右旗,~内蒙古自治区包头市土默特右旗,,Z04838,
5671,南宁,广西壮族自治区崇左市宁明县,南宁~广西壮族自治区崇左市宁明县,,Z09595,
5672,,河北省石家庄市栾城区,~河北省石家庄市栾城区,,Z08737,
5673,,河北省保定市莲池区,~河北省保定市莲池区,,Z08751,
5674,泉州,福建省福州市台江区,泉州~福建省福州市台江区,,Z06278,
5675,赣州,江西省吉安市青原区,赣州~江西省吉安市青原区,,Z09924,
5676,赣州,江西省赣州市南康区,赣州~江西省赣州市南康区,,Z08936,
5677,赣州,江西省吉安市万安县,赣州~江西省吉安市万安县,,Z08922,
5678,南昌,江西省新余市分宜县,南昌~江西省新余市分宜县,,Z09932,
5679,南昌,江西省南昌市青山湖区,南昌~江西省南昌市青山湖区,,Z09751,
5680,南昌,江西省九江市修水县,南昌~江西省九江市修水县,,Z10450,
5681,南昌,,南昌~,,Z09748,
5682,南昌,江西省宜春市万载县,南昌~江西省宜春市万载县,,Z09308,
5683,南昌,江西省九江市柴桑区,南昌~江西省九江市柴桑区,,Z09928,
5684,武汉,湖北省武汉市新洲区,武汉~湖北省武汉市新洲区,,Z07242,
5685,南昌,江西省宜春市高安市,南昌~江西省宜春市高安市,,Z09303,
5686,赣州,,赣州~,,Z09925,
5687,南昌,江西省抚州市南城县,南昌~江西省抚州市南城县,,Z09264,
5688,南昌,江西省抚州市东乡区,南昌~江西省抚州市东乡区,,Z09261,
5689,南昌,江西省抚州市南丰县,南昌~江西省抚州市南丰县,,Z07778,
5690,南昌,江西省抚州市广昌县,南昌~江西省抚州市广昌县,,Z07776,
5691,东莞,广东省东莞市,东莞~广东省东莞市,,Z07949,
5692,,黑龙江省鹤岗市绥滨县,~黑龙江省鹤岗市绥滨县,,Z04617,
5693,,黑龙江省大庆市龙凤区,~黑龙江省大庆市龙凤区,,Z09697,
5694,,黑龙江省鸡西市密山市,~黑龙江省鸡西市密山市,,Z04564,
5695,,黑龙江省佳木斯市汤原县,~黑龙江省佳木斯市汤原县,,Z04599,
5696,广州,广东省清远市清新区,广州~广东省清远市清新区,,Z08034,
5697,,云南省昭通市镇雄县,~云南省昭通市镇雄县,,Z10195,
5698,,吉林省四平市梨树县,~吉林省四平市梨树县,,Z09331,
5699,,山西省阳泉市郊区,~山西省阳泉市郊区,,Z09568,
5700,,宁夏回族自治区中卫市海原县,~宁夏回族自治区中卫市海原县,,Z05672,
5701,,河南省驻马店市正阳县,~河南省驻马店市正阳县,,Z04874,
5702,,河南省周口市沈丘县,~河南省周口市沈丘县,,Z04883,
5703,,河南省许昌市禹州市,~河南省许昌市禹州市,,Z04928,
5704,,河南省南阳市社旗县,~河南省南阳市社旗县,,Z04894,
5705,,山东省济南市历下区,~山东省济南市历下区,,Z09400,
5706,,山西省晋城市阳城县,~山西省晋城市阳城县,,Z03967,
5707,,山西省太原市晋源区,~山西省太原市晋源区,,Z10163,
5708,,山西省太原市小店区,~山西省太原市小店区,,Z04009,
5709,衡阳,湖南省株洲市攸县,衡阳~湖南省株洲市攸县,,Z07459,
5710,武汉,,武汉~,,Z07265,
5711,邵阳,湖南省怀化市溆浦县,邵阳~湖南省怀化市溆浦县,,Z07433,
5712,邵阳,湖南省邵阳市邵阳县,邵阳~湖南省邵阳市邵阳县,,Z07412,
5713,福州,福建省福州市鼓楼区,福州~福建省福州市鼓楼区,,Z06119,
5714,,新疆维吾尔自治区喀什地区巴楚县,~新疆维吾尔自治区喀什地区巴楚县,,Z05702,
5715,,新疆维吾尔自治区喀什地区伽师县,~新疆维吾尔自治区喀什地区伽师县,,Z05728,
5716,,新疆维吾尔自治区喀什地区麦盖提县,~新疆维吾尔自治区喀什地区麦盖提县,,Z05704,
5717,,新疆维吾尔自治区喀什地区喀什市,~新疆维吾尔自治区喀什地区喀什市,,Z01892,
5718,,新疆维吾尔自治区喀什地区喀什市,~新疆维吾尔自治区喀什地区喀什市,,Z05701,
5719,,新疆维吾尔自治区喀什地区喀什市,~新疆维吾尔自治区喀什地区喀什市,,Z08603,
5720,荆州,湖北省荆州市石首市,荆州~湖北省荆州市石首市,,Z07519,
5721,,新疆维吾尔自治区喀什地区英吉沙县,~新疆维吾尔自治区喀什地区英吉沙县,,Z05711,
5722,荆州,湖北省襄阳市襄州区,荆州~湖北省襄阳市襄州区,,Z10171,
5723,邵阳,湖南省怀化市芷江侗族自治县,邵阳~湖南省怀化市芷江侗族自治县,,Z07432,
5724,邵阳,湖南省邵阳市新邵县,邵阳~湖南省邵阳市新邵县,,Z07410,
5725,荆州,,荆州~,,Z07505,
5726,福州,福建省福州市台江区,福州~福建省福州市台江区,,Z06119,
5727,,,~,,ZZ1215,
5728,,甘肃省定西市临洮县,~甘肃省定西市临洮县,,Z05482,
5729,,甘肃省天水市秦安县,~甘肃省天水市秦安县,,Z05509,
5730,,甘肃省定西市漳县,~甘肃省定西市漳县,,Z05546,
5731,泉州,福建省福州市台江区,泉州~福建省福州市台江区,,Z06235,
5732,长沙,湖南省湘潭市岳塘区,长沙~湖南省湘潭市岳塘区,,Z07911,
5733,,青海省西宁市城西区,~青海省西宁市城西区,,Z10057,
5734,,四川省甘孜藏族自治州巴塘县,~四川省甘孜藏族自治州巴塘县,,Z07607,
5735,,甘肃省平凉市崆峒区,~甘肃省平凉市崆峒区,,Z09494,
5736,,甘肃省平凉市泾川县,~甘肃省平凉市泾川县,,Z05501,
5737,,甘肃省定西市岷县,~甘肃省定西市岷县,,Z10045,
5738,,甘肃省兰州市安宁区,~甘肃省兰州市安宁区,,Z09489,
5739,淮安,,淮安~,,Z06317,
5740,,浙江省金华市义乌市,~浙江省金华市义乌市,,Z06450,
5741,,吉林省延边朝鲜族自治州珲春市,~吉林省延边朝鲜族自治州珲春市,,Z04689,
5742,,吉林省长春市绿园区,~吉林省长春市绿园区,,Z09576,
5743,,吉林省延边朝鲜族自治州延吉市,~吉林省延边朝鲜族自治州延吉市,,Z04687,
5744,,吉林省长春市公主岭市,~吉林省长春市公主岭市,,Z04674,
5745,,内蒙古自治区兴安盟乌兰浩特市,~内蒙古自治区兴安盟乌兰浩特市,,Z04691,
5746,,吉林省白城市洮北区,~吉林省白城市洮北区,,Z10108,
5747,,吉林省通化市东昌区,~吉林省通化市东昌区,,Z10102,
5748,,吉林省白山市浑江区,~吉林省白山市浑江区,,Z10101,
5749,,吉林省通化市辉南县,~吉林省通化市辉南县,,Z04683,
5750,,吉林省长春市宽城区,~吉林省长春市宽城区,,Z09576,
5751,福州,福建省三明市三元区,福州~福建省三明市三元区,,Z08882,
5752,福州,福建省福州市平潭县,福州~福建省福州市平潭县,,Z09028,
5753,,河北省保定市蠡县,~河北省保定市蠡县,,Z08629,
5754,,河南省郑州市中原区,~河南省郑州市中原区,,Z09961,
5755,,河南省郑州市中原区,~河南省郑州市中原区,,Z09962,
5756,,浙江省台州市黄岩区,~浙江省台州市黄岩区,,Z06469,
5757,,浙江省温州市瓯海区,~浙江省温州市瓯海区,,Z08840,
5758,,河南省信阳市浉河区,~河南省信阳市浉河区,,Z09480,
5759,长沙,湖南省湘潭市湘乡市,长沙~湖南省湘潭市湘乡市,,Z07406,
5760,,甘肃省酒泉市敦煌市,~甘肃省酒泉市敦煌市,,Z05483,
5761,,甘肃省陇南市成县,~甘肃省陇南市成县,,Z05495,
5762,,陕西省商洛市山阳县,~陕西省商洛市山阳县,,Z05598,
5763,,,~,,ZZ0317,
5764,,四川省南充市顺庆区,~四川省南充市顺庆区,,Z09869,
5765,,四川省成都市青白江区,~四川省成都市青白江区,,Z07588,
5766,,四川省成都市双流区,~四川省成都市双流区,,Z07590,
5767,,四川省成都市武侯区,~四川省成都市武侯区,,Z07591,
5768,邵阳,湖南省邵阳市双清区,邵阳~湖南省邵阳市双清区,,Z09526,
5769,泉州,福建省泉州市石狮市,泉州~福建省泉州市石狮市,,Z06291,
5770,泉州,福建省泉州市石狮市,泉州~福建省泉州市石狮市,,Z08906,
5771,长沙,湖南省长沙市宁乡市,长沙~湖南省长沙市宁乡市,,Z07404,
5772,,山东省临沂市蒙阴县,~山东省临沂市蒙阴县,,Z06043,
5773,,河北省唐山市迁安市,~河北省唐山市迁安市,,ZZ0858,
5774,,河北省唐山市丰南区,~河北省唐山市丰南区,,ZZ0852,
5775,,新疆维吾尔自治区图木舒克市图木舒克市,~新疆维吾尔自治区图木舒克市图木舒克市,,Z05720,
5776,,云南省昆明市五华区,~云南省昆明市五华区,,Z07073,
5777,,云南省昆明市禄劝彝族苗族自治县,~云南省昆明市禄劝彝族苗族自治县,,Z07079,
5778,淮安,江苏省宿迁市宿城区,淮安~江苏省宿迁市宿城区,,Z09542,
5779,,安徽省宣城市宣州区,~安徽省宣城市宣州区,,Z06506,
5780,,安徽省芜湖市弋江区,~安徽省芜湖市弋江区,,Z09853,
5781,淮安,江苏省徐州市铜山区,淮安~江苏省徐州市铜山区,,Z06354,
5782,淮安,江苏省盐城市阜宁县,淮安~江苏省盐城市阜宁县,,Z06333,
5783,淮安,江苏省徐州市新沂市,淮安~江苏省徐州市新沂市,,Z06328,
5784,杭州,浙江省杭州市萧山区,杭州~浙江省杭州市萧山区,,Z06414,
5785,福州,福建省三明市永安市,福州~福建省三明市永安市,,Z06199,
5786,荆州,湖北省荆州市荆州区,荆州~湖北省荆州市荆州区,,Z10079,
5787,东莞,广东省东莞市东莞市,东莞~广东省东莞市东莞市,,Z08049,
5788,东莞,广东省东莞市东莞市,东莞~广东省东莞市东莞市,,Z08046,
5789,东莞,广东省东莞市,东莞~广东省东莞市,,Z08015,
5790,淮安,,淮安~,,Z09542,
5791,,河南省郑州市管城回族区,~河南省郑州市管城回族区,,Z09964,
5792,,河南省郑州市二七区,~河南省郑州市二七区,,Z09963,
5793,,河南省驻马店市上蔡县,~河南省驻马店市上蔡县,,Z04872,
5794,,河南省漯河市舞阳县,~河南省漯河市舞阳县,,Z04891,
5795,,河北省石家庄市桥西区,~河北省石家庄市桥西区,,Z08856,
5796,,内蒙古自治区鄂尔多斯市鄂托克旗,~内蒙古自治区鄂尔多斯市鄂托克旗,,Z04853,
5797,,内蒙古自治区鄂尔多斯市东胜区,~内蒙古自治区鄂尔多斯市东胜区,,Z09723,
5798,,内蒙古自治区锡林郭勒盟二连浩特市,~内蒙古自治区锡林郭勒盟二连浩特市,,Z04857,
5799,,四川省成都市成华区,~四川省成都市成华区,,Z10152,
5800,,河南省平顶山市卫东区,~河南省平顶山市卫东区,,Z09479,
5801,,吉林省辽源市龙山区,~吉林省辽源市龙山区,,Z10103,
5802,,重庆市重庆市巫山县,~重庆市重庆市巫山县,,Z06912,
5803,,吉林省四平市铁东区,~吉林省四平市铁东区,,Z09573,
5804,,重庆市重庆市璧山区,~重庆市重庆市璧山区,,Z06888,
5805,,重庆市重庆市武隆区,~重庆市重庆市武隆区,,Z06914,
5806,,重庆市重庆市沙坪坝区,~重庆市重庆市沙坪坝区,,Z09921,
5807,,贵州省安顺市普定县,~贵州省安顺市普定县,,Z06728,
5808,,黑龙江省绥化市海伦市,~黑龙江省绥化市海伦市,,Z04574,
5809,,黑龙江省大庆市龙凤区,~黑龙江省大庆市龙凤区,,Z09696,
5810,,重庆市重庆市北碚区,~重庆市重庆市北碚区,,Z09922,
5811,,贵州省贵阳市南明区,~贵州省贵阳市南明区,,Z06755,
5812,,贵州省毕节市赫章县,~贵州省毕节市赫章县,,Z06733,
5813,,贵州省黔东南苗族侗族自治州黎平县,~贵州省黔东南苗族侗族自治州黎平县,,Z06772,
5814,,贵州省黔南布依族苗族自治州都匀市,~贵州省黔南布依族苗族自治州都匀市,,Z06747,
5815,,贵州省黔南布依族苗族自治州龙里县,~贵州省黔南布依族苗族自治州龙里县,,Z06747,
5816,,贵州省黔东南苗族侗族自治州三穗县,~贵州省黔东南苗族侗族自治州三穗县,,Z06775,
5817,,贵州省黔西南布依族苗族自治州兴义市,~贵州省黔西南布依族苗族自治州兴义市,,Z06795,
5818,,重庆市重庆市酉阳土家族苗族自治县,~重庆市重庆市酉阳土家族苗族自治县,,Z06917,
5819,,贵州省遵义市汇川区,~贵州省遵义市汇川区,,Z09359,
5820,,甘肃省庆阳市庆城县,~甘肃省庆阳市庆城县,,Z09495,
5821,,甘肃省庆阳市环县,~甘肃省庆阳市环县,,Z05505,
5822,,甘肃省白银市白银区,~甘肃省白银市白银区,,Z09484,
5823,,重庆市重庆市永川区,~重庆市重庆市永川区,,Z06916,
5824,,重庆市重庆市奉节县,~重庆市重庆市奉节县,,Z09238,
5825,,贵州省贵阳市花溪区,~贵州省贵阳市花溪区,,Z06755,
5826,,河北省邢台市宁晋县,~河北省邢台市宁晋县,,Z08643,
5827,柳州,广西壮族自治区柳州市柳江区,柳州~广西壮族自治区柳州市柳江区,,Z09649,
5828,贵港,广西壮族自治区玉林市玉州区,贵港~广西壮族自治区玉林市玉州区,,Z09672,
5829,南宁,广西壮族自治区钦州市钦北区,南宁~广西壮族自治区钦州市钦北区,,Z09626,
5830,贵港,广西壮族自治区贵港市覃塘区,贵港~广西壮族自治区贵港市覃塘区,,Z10333,
5831,广州,广东省广州市黄埔区,广州~广东省广州市黄埔区,,Z10463,
5832,柳州,广西壮族自治区柳州市柳北区,柳州~广西壮族自治区柳州市柳北区,,Z10443,
5833,柳州,广西壮族自治区柳州市柳江区,柳州~广西壮族自治区柳州市柳江区,,Z09650,
5834,南宁,广西壮族自治区南宁市兴宁区,南宁~广西壮族自治区南宁市兴宁区,,Z09620,
5835,南宁,广西壮族自治区百色市凌云县,南宁~广西壮族自治区百色市凌云县,,Z09588,
5836,南宁,广西壮族自治区南宁市邕宁区,南宁~广西壮族自治区南宁市邕宁区,,Z09623,
5837,,河北省保定市唐县,~河北省保定市唐县,,Z08663,
5838,南宁,广西壮族自治区百色市田林县,南宁~广西壮族自治区百色市田林县,,Z08074,
5839,,新疆维吾尔自治区伊犁哈萨克自治州伊宁市,~新疆维吾尔自治区伊犁哈萨克自治州伊宁市,,Z05431,
5840,南宁,广西壮族自治区百色市乐业县,南宁~广西壮族自治区百色市乐业县,,Z08067,
5841,南宁,广西壮族自治区百色市田阳区,南宁~广西壮族自治区百色市田阳区,,Z09589,
5842,,新疆维吾尔自治区博尔塔拉蒙古自治州温泉县,~新疆维吾尔自治区博尔塔拉蒙古自治州温泉县,,Z05412,
5843,贵港,广西壮族自治区贵港市平南县,贵港~广西壮族自治区贵港市平南县,,Z08357,
5844,贵港,广西壮族自治区贵港市桂平市,贵港~广西壮族自治区贵港市桂平市,,Z08348,
5845,贵港,广西壮族自治区梧州市龙圩区,贵港~广西壮族自治区梧州市龙圩区,,Z09662,
5846,南宁,广西壮族自治区百色市右江区,南宁~广西壮族自治区百色市右江区,,Z09591,
5847,泉州,福建省泉州市惠安县,泉州~福建省泉州市惠安县,,Z06304,
5848,,山东省青岛市市北区,~山东省青岛市市北区,,Z09450,
5849,南宁,广西壮族自治区河池市都安瑶族自治县,南宁~广西壮族自治区河池市都安瑶族自治县,,Z08126,
5850,,云南省曲靖市罗平县,~云南省曲靖市罗平县,,Z07105,
5851,,,~,,Z09450,
5852,广州,广东省佛山市顺德区,广州~广东省佛山市顺德区,,Z07959,
5853,广州,广东省广州市荔湾区,广州~广东省广州市荔湾区,,Z08008,
5854,,河南省周口市川汇区,~河南省周口市川汇区,,Z09476,
5855,,河南省周口市郸城县,~河南省周口市郸城县,,Z04884,
5856,,河南省濮阳市华龙区,~河南省濮阳市华龙区,,Z10009,
5857,南宁,广西壮族自治区南宁市西乡塘区,南宁~广西壮族自治区南宁市西乡塘区,,Z09619,
5858,湛江,广东省江门市开平市,湛江~广东省江门市开平市,,Z06375,
5859,湛江,广东省江门市江海区,湛江~广东省江门市江海区,,Z06372,
5860,南昌,江西省南昌市青云谱区,南昌~江西省南昌市青云谱区,,Z07795,
5861,,新疆维吾尔自治区和田地区策勒县,~新疆维吾尔自治区和田地区策勒县,,Z08604,
5862,邵阳,湖南省永州市祁阳市,邵阳~湖南省永州市祁阳市,,Z07422,
5863,长沙,湖南省益阳市资阳区,长沙~湖南省益阳市资阳区,,Z09509,
5864,长沙,湖南省长沙市开福区,长沙~湖南省长沙市开福区,,Z09513,
5865,广州,广东省广州市黄埔区,广州~广东省广州市黄埔区,,Z09325,
5866,,新疆维吾尔自治区乌鲁木齐市新市区,~新疆维吾尔自治区乌鲁木齐市新市区,,Z05429,
5867,湛江,广东省茂名市茂南区,湛江~广东省茂名市茂南区,,Z06362,
5868,南昌,江西省抚州市黎川县,南昌~江西省抚州市黎川县,,Z07777,
5869,南昌,江西省宜春市袁州区,南昌~江西省宜春市袁州区,,Z09933,
5870,南昌,江西省萍乡市上栗县,南昌~江西省萍乡市上栗县,,Z09288,
5871,,,~,,Z05408,
5872,,新疆维吾尔自治区阿勒泰地区福海县,~新疆维吾尔自治区阿勒泰地区福海县,,Z05403,
5873,,新疆维吾尔自治区乌鲁木齐市头屯河区,~新疆维吾尔自治区乌鲁木齐市头屯河区,,Z09958,
5874,,山东省威海市环翠区,~山东省威海市环翠区,,Z09453,
5875,,山东省青岛市李沧区,~山东省青岛市李沧区,,Z05917,
5876,南京,江苏省南京市,南京~江苏省南京市,,Z09388,
5877,,浙江省丽水市云和县,~浙江省丽水市云和县,,Z06459,
5878,,山东省威海市乳山市,~山东省威海市乳山市,,Z05921,
5879,,河北省廊坊市广阳区,~河北省廊坊市广阳区,,Z10461,
5880,杭州,浙江省宁波市慈溪市,杭州~浙江省宁波市慈溪市,,Z06427,
5881,杭州,浙江省宁波市江北区,杭州~浙江省宁波市江北区,,Z09087,
5882,杭州,浙江省宁波市宁海县,杭州~浙江省宁波市宁海县,,Z06429,
5883,杭州,浙江省嘉兴市桐乡市,杭州~浙江省嘉兴市桐乡市,,Z06445,
5884,杭州,浙江省舟山市定海区,杭州~浙江省舟山市定海区,,Z06441,
5885,杭州,浙江省杭州市临平区,杭州~浙江省杭州市临平区,,Z09089,
5886,,安徽省宿州市埇桥区,~安徽省宿州市埇桥区,,Z09424,
5887,,安徽省合肥市包河区,~安徽省合肥市包河区,,Z09424,
5888,,安徽省合肥市庐阳区,~安徽省合肥市庐阳区,,Z09426,
5889,,安徽省安庆市太湖县,~安徽省安庆市太湖县,,Z06521,
5890,,安徽省安庆市宿松县,~安徽省安庆市宿松县,,Z06541,
5891,,重庆市重庆市丰都县,~重庆市重庆市丰都县,,Z06893,
5892,,吉林省长春市绿园区,~吉林省长春市绿园区,,Z09577,
5893,,吉林省吉林市丰满区,~吉林省吉林市丰满区,,Z10106,
5894,,吉林省吉林市龙潭区,~吉林省吉林市龙潭区,,Z10105,
5895,,吉林省延边朝鲜族自治州敦化市,~吉林省延边朝鲜族自治州敦化市,,Z04688,
5896,,重庆市重庆市秀山土家族苗族自治县,~重庆市重庆市秀山土家族苗族自治县,,Z06915,
5897,,重庆市重庆市綦江区,~重庆市重庆市綦江区,,Z06903,
5898,,吉林省延边朝鲜族自治州图们市,~吉林省延边朝鲜族自治州图们市,,Z04690,
5899,,吉林省白山市抚松县,~吉林省白山市抚松县,,Z04657,
5900,,重庆市重庆市巴南区,~重庆市重庆市巴南区,,Z09920,
5901,,辽宁省沈阳市于洪区,~辽宁省沈阳市于洪区,,Z10040,
5902,,内蒙古自治区呼伦贝尔市牙克石市,~内蒙古自治区呼伦贝尔市牙克石市,,Z04582,
5903,,内蒙古自治区呼伦贝尔市扎赉诺尔区,~内蒙古自治区呼伦贝尔市扎赉诺尔区,,Z04634,
5904,,黑龙江省哈尔滨市平房区,~黑龙江省哈尔滨市平房区,,Z09676,
5905,,黑龙江省哈尔滨市道里区,~黑龙江省哈尔滨市道里区,,Z09673,
5906,,黑龙江省黑河市北安市,~黑龙江省黑河市北安市,,Z04560,
5907,,内蒙古自治区呼伦贝尔市陈巴尔虎旗,~内蒙古自治区呼伦贝尔市陈巴尔虎旗,,Z04623,
5908,,黑龙江省七台河市桃山区,~黑龙江省七台河市桃山区,,Z09710,
5909,,内蒙古自治区呼伦贝尔市根河市,~内蒙古自治区呼伦贝尔市根河市,,Z04584,
5910,,黑龙江省鸡西市鸡东县,~黑龙江省鸡西市鸡东县,,Z04625,
5911,,内蒙古自治区呼伦贝尔市满洲里市,~内蒙古自治区呼伦贝尔市满洲里市,,Z04580,
5912,,云南省临沧市云县,~云南省临沧市云县,,Z06995,
5913,,黑龙江省哈尔滨市阿城区,~黑龙江省哈尔滨市阿城区,,Z04527,
5914,,黑龙江省哈尔滨市香坊区,~黑龙江省哈尔滨市香坊区,,Z09678,
5915,广州,广东省广州市番禺区,广州~广东省广州市番禺区,,Z07962,
5916,广州,广东省广州市从化区,广州~广东省广州市从化区,,Z07961,
5917,,云南省临沧市临翔区,~云南省临沧市临翔区,,Z10182,
5918,,云南省文山壮族苗族自治州文山市,~云南省文山壮族苗族自治州文山市,,Z07113,
5919,广州,广东省广州市白云区,广州~广东省广州市白云区,,Z09320,
5920,深圳,广东省深圳市坪山区,深圳~广东省深圳市坪山区,,Z08886,
5921,深圳,广东省深圳市宝安区,深圳~广东省深圳市宝安区,,Z08440,
5922,广州,广东省广州市增城区,广州~广东省广州市增城区,,Z08007,
5923,东莞,广东省东莞市东莞市,东莞~广东省东莞市东莞市,,Z08018,
5924,,,~,,Z10057,
5925,,陕西省西安市雁塔区,~陕西省西安市雁塔区,,Z05627,
5926,,,~,,Z05673,
5927,,陕西省西安市雁塔区,~陕西省西安市雁塔区,,Z09905,
5928,,陕西省延安市富县,~陕西省延安市富县,,Z05636,
5929,,山东省日照市东港区,~山东省日照市东港区,,Z09452,
5930,,,~,,Z09452,
5931,,山东省烟台市莱州市,~山东省烟台市莱州市,,Z05926,
5932,,陕西省西安市周至县,~陕西省西安市周至县,,Z05611,
5933,,陕西省榆林市定边县,~陕西省榆林市定边县,,Z05625,
5934,,,~,,Z05910,
5935,,,~,,Z05931,
5936,,山东省烟台市招远市,~山东省烟台市招远市,,Z05931,
5937,,甘肃省天水市甘谷县,~甘肃省天水市甘谷县,,Z05508,
5938,广州,广东省广州市花都区,广州~广东省广州市花都区,,Z07963,
5939,,甘肃省庆阳市西峰区,~甘肃省庆阳市西峰区,,Z05506,
5940,,甘肃省天水市秦州区,~甘肃省天水市秦州区,,Z09497,
5941,,甘肃省陇南市武都区,~甘肃省陇南市武都区,,Z05557,
5942,,甘肃省陇南市宕昌县,~甘肃省陇南市宕昌县,,Z05475,
5943,,甘肃省白银市靖远县,~甘肃省白银市靖远县,,Z05565,
5944,,甘肃省酒泉市肃州区,~甘肃省酒泉市肃州区,,Z09488,
5945,,甘肃省武威市凉州区,~甘肃省武威市凉州区,,Z09498,
5946,,,~,,Z05512,
5947,,,~,,Z09915,
5948,,山东省潍坊市诸城市,~山东省潍坊市诸城市,,Z05943,
5949,,甘肃省兰州市城关区,~甘肃省兰州市城关区,,Z09490,
5950,,宁夏回族自治区银川市西夏区,~宁夏回族自治区银川市西夏区,,Z10166,
5951,,四川省乐山市市中区,~四川省乐山市市中区,,Z09913,
5952,,四川省乐山市马边彝族自治县,~四川省乐山市马边彝族自治县,,Z07645,
5953,,四川省成都市温江区,~四川省成都市温江区,,Z07592,
5954,,四川省甘孜藏族自治州泸定县,~四川省甘孜藏族自治州泸定县,,Z07619,
5955,,四川省成都市新津区,~四川省成都市新津区,,Z07594,
5956,上海,上海市上海市闵行区,上海~上海市上海市闵行区,,Z06594,
5957,上海,上海市上海市青浦区,上海~上海市上海市青浦区,,Z06589,
5958,上海,上海市上海市奉贤区,上海~上海市上海市奉贤区,,Z06597,
5959,,四川省阿坝藏族羌族自治州若尔盖县,~四川省阿坝藏族羌族自治州若尔盖县,,Z07572,
5960,,四川省阿坝藏族羌族自治州马尔康市,~四川省阿坝藏族羌族自治州马尔康市,,Z07569,
5961,,西藏自治区昌都市察雅县,~西藏自治区昌都市察雅县,,Z07716,
5962,,西藏自治区昌都市丁青县,~西藏自治区昌都市丁青县,,Z07712,
5963,,西藏自治区昌都市左贡县,~西藏自治区昌都市左贡县,,Z07714,
5964,,西藏自治区昌都市芒康县,~西藏自治区昌都市芒康县,,Z07709,
5965,,四川省成都市都江堰市,~四川省成都市都江堰市,,Z07582,
5966,湛江,广东省茂名市化州市,湛江~广东省茂名市化州市,,Z06365,
5967,,,~,,Z10296,
5968,赣州,江西省吉安市新干县,赣州~江西省吉安市新干县,,Z09259,
5969,南昌,江西省南昌市,南昌~江西省南昌市,,Z09752,
5970,南昌,,南昌~,,Z07798,
5971,南昌,江西省上饶市鄱阳县,南昌~江西省上饶市鄱阳县,,Z09292,
5972,南昌,江西省新余市渝水区,南昌~江西省新余市渝水区,,Z09932,
5973,南昌,江西省萍乡市芦溪县,南昌~江西省萍乡市芦溪县,,Z09287,
5974,南昌,江西省上饶市玉山县,南昌~江西省上饶市玉山县,,Z09298,
5975,南昌,江西省上饶市广丰区,南昌~江西省上饶市广丰区,,Z09290,
5976,,四川省阿坝藏族羌族自治州汶川县,~四川省阿坝藏族羌族自治州汶川县,,Z07574,
5977,南昌,江西省抚州市乐安县,南昌~江西省抚州市乐安县,,Z09263,
5978,南昌,江西省景德镇市乐平市,南昌~江西省景德镇市乐平市,,Z09269,
5979,赣州,江西省赣州市龙南市,赣州~江西省赣州市龙南市,,Z08931,
5980,赣州,江西省赣州市瑞金市,赣州~江西省赣州市瑞金市,,Z08933,
5981,,四川省成都市武侯区,~四川省成都市武侯区,,Z07590,
5982,,新疆维吾尔自治区喀什地区莎车县,~新疆维吾尔自治区喀什地区莎车县,,Z05705,
5983,,新疆维吾尔自治区阿克苏地区阿克苏市,~新疆维吾尔自治区阿克苏地区阿克苏市,,Z05756,
5984,,新疆维吾尔自治区五家渠市五家渠市,~新疆维吾尔自治区五家渠市五家渠市,,Z05766,
5985,荆州,湖北省荆州市松滋市,荆州~湖北省荆州市松滋市,,Z07521,
5986,,云南省大理白族自治州大理市,~云南省大理白族自治州大理市,,Z10180,
5987,,云南省大理白族自治州漾濞彝族自治县,~云南省大理白族自治州漾濞彝族自治县,,Z07023,
5988,,云南省大理白族自治州漾濞彝族自治县,~云南省大理白族自治州漾濞彝族自治县,,Z07021,
5989,广州,广东省珠海市香洲区,广州~广东省珠海市香洲区,,Z09329,
5990,东莞,广东省东莞市东莞市,东莞~广东省东莞市东莞市,,Z08054,
5991,东莞,广东省东莞市,东莞~广东省东莞市,,Z07952,
5992,深圳,广东省深圳市宝安区,深圳~广东省深圳市宝安区,,Z08437,
5993,深圳,广东省深圳市龙岗区,深圳~广东省深圳市龙岗区,,Z07975,
5994,东莞,广东省东莞市东莞市,东莞~广东省东莞市东莞市,,Z07954,
5995,深圳,广东省东莞市,深圳~广东省东莞市,,Z10428,
5996,,辽宁省朝阳市双塔区,~辽宁省朝阳市双塔区,,Z10114,
5997,,黑龙江省哈尔滨市松北区,~黑龙江省哈尔滨市松北区,,Z09677,
5998,,辽宁省沈阳市铁西区,~辽宁省沈阳市铁西区,,Z10136,
5999,,辽宁省沈阳市辽中区,~辽宁省沈阳市辽中区,,Z04464,
6000,,辽宁省沈阳市新民市,~辽宁省沈阳市新民市,,Z04465,
6001,,河南省郑州市新郑市,~河南省郑州市新郑市,,Z04976,
6002,,安徽省合肥市肥东县,~安徽省合肥市肥东县,,Z06499,
6003,,安徽省池州市青阳县,~安徽省池州市青阳县,,Z06527,
6004,福州,福建省南平市建阳区,福州~福建省南平市建阳区,,Z06143,
6005,福州,福建省南平市顺昌县,福州~福建省南平市顺昌县,,Z06146,
6006,泉州,福建省厦门市海沧区,泉州~福建省厦门市海沧区,,Z09020,
6007,,浙江省台州市玉环市,~浙江省台州市玉环市,,Z06477,
6008,,浙江省台州市路桥区,~浙江省台州市路桥区,,Z06472,
6009,,浙江省台州市椒江区,~浙江省台州市椒江区,,Z06470,
6010,,浙江省台州市温岭市,~浙江省台州市温岭市,,Z06475,
6011,,安徽省六安市金安区,~安徽省六安市金安区,,Z09851,
6012,,安徽省六安市,~安徽省六安市,,Z06575,
6013,,吉林省长春市朝阳区,~吉林省长春市朝阳区,,Z10098,
6014,武汉,湖北省武汉市黄陂区,武汉~湖北省武汉市黄陂区,,Z09901,
6015,,新疆维吾尔自治区巴音郭楞蒙古自治州和硕县,~新疆维吾尔自治区巴音郭楞蒙古自治州和硕县,,Z05752,
6016,湛江,广东省江门市鹤山市,湛江~广东省江门市鹤山市,,Z06374,
6017,柳州,广西壮族自治区桂林市象山区,柳州~广西壮族自治区桂林市象山区,,Z09636,
6018,湛江,广东省湛江市遂溪县,湛江~广东省湛江市遂溪县,,Z06356,
6019,邵阳,湖南省邵阳市武冈市,邵阳~湖南省邵阳市武冈市,,Z07415,
6020,泉州,福建省泉州市石狮市,泉州~福建省泉州市石狮市,,Z08866,
6021,泉州,福建省泉州市石狮市,泉州~福建省泉州市石狮市,,Z06283,
6022,邵阳,湖南省永州市宁远县,邵阳~湖南省永州市宁远县,,Z07425,
6023,武汉,湖北省黄冈市武穴市,武汉~湖北省黄冈市武穴市,,Z07241,
6024,东莞,广东省东莞市东莞市,东莞~广东省东莞市东莞市,,Z08051,
6025,,,~,,ZZ0973,
6026,荆州,湖北省襄阳市樊城区,荆州~湖北省襄阳市樊城区,,Z09883,
6027,武汉,湖北省随州市曾都区,武汉~湖北省随州市曾都区,,Z09891,
6028,,,~,,ZZ0129,
6029,,内蒙古自治区鄂尔多斯市准格尔旗,~内蒙古自治区鄂尔多斯市准格尔旗,,Z04864,
6030,,内蒙古自治区鄂尔多斯市杭锦旗,~内蒙古自治区鄂尔多斯市杭锦旗,,Z04847,
6031,南京,江苏省常州市武进区,南京~江苏省常州市武进区,,Z09854,
6032,,安徽省合肥市蜀山区,~安徽省合肥市蜀山区,,Z09420,
6033,,安徽省六安市霍邱县,~安徽省六安市霍邱县,,Z06537,
6034,,安徽省合肥市包河区,~安徽省合肥市包河区,,Z06527,
6035,上海,上海市上海市松江区,上海~上海市上海市松江区,,Z06596,
6036,上海,上海市上海市浦东新区,上海~上海市上海市浦东新区,,Z06595,
6037,上海,上海市上海市嘉定区,上海~上海市上海市嘉定区,,Z06587,
6038,南京,,南京~,,Z06606,
6039,长沙,湖南省长沙市芙蓉区,长沙~湖南省长沙市芙蓉区,,Z09512,
6040,长沙,湖南省湘潭市雨湖区,长沙~湖南省湘潭市雨湖区,,Z09506,
6041,邵阳,湖南省怀化市洪江市,邵阳~湖南省怀化市洪江市,,Z07431,
6042,邵阳,湖南省怀化市靖州苗族侗族自治县,邵阳~湖南省怀化市靖州苗族侗族自治县,,Z07438,
6043,邵阳,湖南省邵阳市邵东市,邵阳~湖南省邵阳市邵东市,,Z07411,
6044,武汉,湖北省武汉市江岸区,武汉~湖北省武汉市江岸区,,Z09897,
6045,,山西省运城市盐湖区,~山西省运城市盐湖区,,Z09570,
6046,,山东省东营市东营区,~山东省东营市东营区,,Z09449,
6047,,山东省青岛市平度市,~山东省青岛市平度市,,Z05914,
6048,,山东省威海市荣成市,~山东省威海市荣成市,,Z05920,
6049,,山东省聊城市东昌府区,~山东省聊城市东昌府区,,Z09404,
6050,,山东省烟台市蓬莱区,~山东省烟台市蓬莱区,,Z05929,
6051,泉州,福建省漳州市平和县,泉州~福建省漳州市平和县,,Z09049,
6052,,内蒙古自治区呼和浩特市新城区,~内蒙古自治区呼和浩特市新城区,,Z09724,
6053,,山东省枣庄市滕州市,~山东省枣庄市滕州市,,Z05844,
6054,衡阳,湖南省衡阳市石鼓区,衡阳~湖南省衡阳市石鼓区,,Z09530,
6055,,山西省太原市万柏林区,~山西省太原市万柏林区,,Z09563,
6056,,山西省忻州市静乐县,~山西省忻州市静乐县,,Z04021,
6057,,山东省济南市历城区,~山东省济南市历城区,,Z09399,
6058,淮安,江苏省泰州市海陵区,淮安~江苏省泰州市海陵区,,Z09541,
6059,淮安,江苏省盐城市盐都区,淮安~江苏省盐城市盐都区,,Z09548,
6060,南京,江苏省无锡市新吴区,南京~江苏省无锡市新吴区,,Z09739,
6061,南京,江苏省苏州市张家港市,南京~江苏省苏州市张家港市,,Z06626,
6062,,北京市北京市通州区,~北京市北京市通州区,,Z04343,
6063,,河北省张家口市桥西区,~河北省张家口市桥西区,,Z04372,
6064,,北京市北京市大兴区,~北京市北京市大兴区,,Z04335,
6065,,北京市北京市房山区,~北京市北京市房山区,,Z04336,
6066,,北京市北京市朝阳区,~北京市北京市朝阳区,,Z04334,
6067,,北京市北京市海淀区,~北京市北京市海淀区,,Z04338,
6068,,河北省承德市围场满族蒙古族自治县,~河北省承德市围场满族蒙古族自治县,,Z04354,
6069,,北京市北京市怀柔区,~北京市北京市怀柔区,,Z10210,
6070,,河北省廊坊市广阳区,~河北省廊坊市广阳区,,Z04363,
6071,,河北省廊坊市香河县,~河北省廊坊市香河县,,Z04367,
6072,,北京市北京市丰台区,~北京市北京市丰台区,,Z04337,
6073,,北京市北京市顺义区,~北京市北京市顺义区,,Z04342,
6074,上海,,上海~,,Z06596,
6075,上海,上海市上海市普陀区,上海~上海市上海市普陀区,,Z06586,
6076,,浙江省温州市泰顺县,~浙江省温州市泰顺县,,Z06484,
6077,,浙江省温州市文成县,~浙江省温州市文成县,,Z06485,
6078,,重庆市重庆市奉节县,~重庆市重庆市奉节县,,Z06894,
6079,汕头,,汕头~,,000001,
6080,,辽宁省沈阳市皇姑区,~辽宁省沈阳市皇姑区,,Z10132,
6081,,四川省德阳市旌阳区,~四川省德阳市旌阳区,,Z09877,
6082,,四川省德阳市中江县,~四川省德阳市中江县,,Z07606,
6083,,四川省德阳市广汉市,~四川省德阳市广汉市,,Z07602,
6084,,四川省绵阳市涪城区,~四川省绵阳市涪城区,,Z09757,
6085,,四川省绵阳市盐亭县,~四川省绵阳市盐亭县,,Z07666,
6086,,四川省遂宁市船山区,~四川省遂宁市船山区,,Z09870,
6087,,四川省遂宁市射洪市,~四川省遂宁市射洪市,,Z07769,
6088,,四川省达州市渠县,~四川省达州市渠县,,Z07751,
6089,,四川省达州市通川区,~四川省达州市通川区,,Z09873,
6090,,四川省眉山市仁寿县,~四川省眉山市仁寿县,,Z07660,
6091,,四川省达州市宣汉县,~四川省达州市宣汉县,,Z07753,
6092,,四川省泸州市龙马潭区,~四川省泸州市龙马潭区,,Z07649,
6093,,四川省达州市大竹县,~四川省达州市大竹县,,Z07749,
6094,,四川省南充市高坪区,~四川省南充市高坪区,,Z09875,
6095,,四川省绵阳市江油市,~四川省绵阳市江油市,,Z07663,
6096,,四川省绵阳市三台县,~四川省绵阳市三台县,,Z07665,
6097,衡阳,湖南省衡阳市衡南县,衡阳~湖南省衡阳市衡南县,,Z07476,
6098,南昌,江西省鹰潭市月湖区,南昌~江西省鹰潭市月湖区,,Z09934,
6099,衡阳,湖南省衡阳市耒阳市,衡阳~湖南省衡阳市耒阳市,,Z07457,
6100,,河南省洛阳市嵩县,~河南省洛阳市嵩县,,Z04995,
6101,荆州,湖北省宜昌市当阳市,荆州~湖北省宜昌市当阳市,,Z07551,
6102,南京,江苏省苏州市姑苏区,南京~江苏省苏州市姑苏区,,Z09859,
6103,武汉,湖北省黄冈市黄梅县,武汉~湖北省黄冈市黄梅县,,Z07246,
6104,长沙,湖南省长沙市望城区,长沙~湖南省长沙市望城区,,Z07294,
6105,长沙,湖南省长沙市长沙县,长沙~湖南省长沙市长沙县,,Z09517,
6106,长沙,湖南省长沙市雨花区,长沙~湖南省长沙市雨花区,,Z09515,
6107,福州,福建省宁德市周宁县,福州~福建省宁德市周宁县,,Z08997,
6108,,陕西省西安市雁塔区,~陕西省西安市雁塔区,,Z05609,
6109,,陕西省西安市雁塔区,~陕西省西安市雁塔区,,Z05629,
6110,,云南省普洱市景谷傣族彝族自治县,~云南省普洱市景谷傣族彝族自治县,,Z10237,
6111,,云南省楚雄彝族自治州南华县,~云南省楚雄彝族自治州南华县,,Z10184,
6112,,云南省昆明市禄劝彝族苗族自治县,~云南省昆明市禄劝彝族苗族自治县,,Z07078,
6113,,四川省成都市郫都区,~四川省成都市郫都区,,Z07586,
6114,,四川省凉山彝族自治州冕宁县,~四川省凉山彝族自治州冕宁县,,Z07742,
6115,,四川省甘孜藏族自治州九龙县,~四川省甘孜藏族自治州九龙县,,Z07615,
6116,,四川省甘孜藏族自治州甘孜县,~四川省甘孜藏族自治州甘孜县,,Z07614,
6117,,四川省凉山彝族自治州会东县,~四川省凉山彝族自治州会东县,,Z07725,
6118,,四川省自贡市富顺县,~四川省自贡市富顺县,,Z07743,
6119,,,~,,Z07590,
6120,,云南省大理白族自治州祥云县,~云南省大理白族自治州祥云县,,Z06983,
6121,,黑龙江省牡丹江市阳明区,~黑龙江省牡丹江市阳明区,,Z09712,
6122,,内蒙古自治区呼伦贝尔市海拉尔区,~内蒙古自治区呼伦贝尔市海拉尔区,,Z04578,
6123,,内蒙古自治区呼伦贝尔市新巴尔虎右旗,~内蒙古自治区呼伦贝尔市新巴尔虎右旗,,Z04633,
6124,,黑龙江省齐齐哈尔市龙江县,~黑龙江省齐齐哈尔市龙江县,,Z04542,
6125,,黑龙江省齐齐哈尔市铁锋区,~黑龙江省齐齐哈尔市铁锋区,,Z09682,
6126,,青海省海南藏族自治州贵南县,~青海省海南藏族自治州贵南县,,Z05771,
6127,,陕西省延安市志丹县,~陕西省延安市志丹县,,Z05622,
6128,,陕西省西安市新城区,~陕西省西安市新城区,,Z09905,
6129,泉州,福建省泉州市石狮市,泉州~福建省泉州市石狮市,,Z06292,
6130,,云南省楚雄彝族自治州楚雄市,~云南省楚雄彝族自治州楚雄市,,Z07042,
6131,,陕西省宝鸡市眉县,~陕西省宝鸡市眉县,,Z05641,
6132,,黑龙江省绥化市北林区,~黑龙江省绥化市北林区,,Z09718,
6133,,河南省开封市杞县,~河南省开封市杞县,,Z05009,
6134,,河南省商丘市梁园区,~河南省商丘市梁园区,,Z10016,
6135,,河南省郑州市荥阳市,~河南省郑州市荥阳市,,Z09970,
6136,,吉林省长春市朝阳区,~吉林省长春市朝阳区,,Z04334,
6137,,河南省开封市通许县,~河南省开封市通许县,,Z04990,
6138,,河南省郑州市金水区,~河南省郑州市金水区,,Z09964,
6139,,河南省商丘市宁陵县,~河南省商丘市宁陵县,,Z06069,
6140,,河南省郑州市荥阳市,~河南省郑州市荥阳市,,Z04930,
6141,,河南省商丘市睢县,~河南省商丘市睢县,,Z04998,
6142,武汉,湖北省咸宁市,武汉~湖北省咸宁市,,,
6143,湛江,广东省江门市开平市,湛江~广东省江门市开平市,,Z06376,
6144,,,~,,ZZ1765,
6145,,河南省郑州市金水区,~河南省郑州市金水区,,Z09475,
6146,,,~,,Z03685,
6147,泉州,福建省漳州市龙海区,泉州~福建省漳州市龙海区,,Z09256,
6148,福州,福建省莆田市仙游县,福州~福建省莆田市仙游县,,Z08899,
6149,泉州,福建省泉州市安溪县,泉州~福建省泉州市安溪县,,Z08958,
6150,福州,福建省莆田市涵江区,福州~福建省莆田市涵江区,,Z08943,
6151,,青海省海南藏族自治州同德县,~青海省海南藏族自治州同德县,,Z05797,
6152,,青海省海西蒙古族藏族自治州格尔木市,~青海省海西蒙古族藏族自治州格尔木市,,Z05779,
6153,海口,海南省三亚市吉阳区,海口~海南省三亚市吉阳区,,Z10067,
6154,,云南省保山市隆阳区,~云南省保山市隆阳区,,Z10183,
6155,,河南省洛阳市偃师区,~河南省洛阳市偃师区,,Z05010,
6156,,,~,,Z05786,
6157,,青海省海东市互助土族自治县,~青海省海东市互助土族自治县,,Z05786,
6158,,甘肃省临夏回族自治州东乡族自治县,~甘肃省临夏回族自治州东乡族自治县,,Z05551,
6159,,云南省昆明市官渡区,~云南省昆明市官渡区,,Z10202,
6160,,,~,,Z05768,
6161,,山东省潍坊市寿光市,~山东省潍坊市寿光市,,Z05944,
6162,,云南省昆明市呈贡区,~云南省昆明市呈贡区,,Z07075,
6163,泉州,福建省泉州市德化县,泉州~福建省泉州市德化县,,Z09027,
6164,,青海省海北藏族自治州海晏县,~青海省海北藏族自治州海晏县,,Z05769,
6165,,青海省海西蒙古族藏族自治州都兰县,~青海省海西蒙古族藏族自治州都兰县,,Z05804,
6166,,青海省海西蒙古族藏族自治州天峻县,~青海省海西蒙古族藏族自治州天峻县,,Z05803,
6167,,,~,,Z10460,
6168,长沙,湖南省湘西土家族苗族自治州吉首市,长沙~湖南省湘西土家族苗族自治州吉首市,,Z07332,
6169,长沙,湖南省岳阳市岳阳楼区,长沙~湖南省岳阳市岳阳楼区,,Z09510,
6170,长沙,湖南省湘西土家族苗族自治州永顺县,长沙~湖南省湘西土家族苗族自治州永顺县,,Z07338,
6171,,山西省大同市平城区,~山西省大同市平城区,,Z10213,
6172,衡阳,湖南省衡阳市衡东县,衡阳~湖南省衡阳市衡东县,,Z07467,
6173,,河南省郑州市巩义市,~河南省郑州市巩义市,,Z05005,
6174,衡阳,湖南省衡阳市衡山县,衡阳~湖南省衡阳市衡山县,,Z07468,
6175,,山东省青岛市即墨区,~山东省青岛市即墨区,,Z05910,
6176,,山东省东营市垦利区,~山东省东营市垦利区,,Z05937,
6177,,山东省济宁市任城区,~山东省济宁市任城区,,Z09403,
6178,,四川省成都市武侯区,~四川省成都市武侯区,,ZZ0310,
6179,,云南省西双版纳傣族自治州勐腊县,~云南省西双版纳傣族自治州勐腊县,,Z07181,
6180,,吉林省长春市双阳区,~吉林省长春市双阳区,,Z04664,
6181,,四川省成都市武侯区,~四川省成都市武侯区,,Z09869,
6182,柳州,广西壮族自治区南宁市兴宁区,柳州~广西壮族自治区南宁市兴宁区,,Z09629,
6183,柳州,广西壮族自治区桂林市叠彩区,柳州~广西壮族自治区桂林市叠彩区,,Z09629,
6184,武汉,,武汉~,,Z09895,
6185,广州,广东省佛山市三水区,广州~广东省佛山市三水区,,Z07956,
6186,,云南省楚雄彝族自治州武定县,~云南省楚雄彝族自治州武定县,,Z07046,
6187,南宁,广西壮族自治区南宁市兴宁区,南宁~广西壮族自治区南宁市兴宁区,,Z08078,
6188,武汉,湖北省武汉市东西湖区,武汉~湖北省武汉市东西湖区,,Z09895,
6189,邵阳,湖南省邵阳市新宁县,邵阳~湖南省邵阳市新宁县,,Z07416,
6190,邵阳,湖南省邵阳市隆回县,邵阳~湖南省邵阳市隆回县,,Z07413,
6191,邵阳,湖南省邵阳市隆回县,邵阳~湖南省邵阳市隆回县,,Z10059,
6192,邵阳,湖南省邵阳市隆回县,邵阳~湖南省邵阳市隆回县,,Z09523,
6193,武汉,湖北省十堰市丹江口市,武汉~湖北省十堰市丹江口市,,Z07261,
6194,邵阳,湖南省邵阳市洞口县,邵阳~湖南省邵阳市洞口县,,Z07414,
6195,武汉,湖北省武汉市蔡甸区,武汉~湖北省武汉市蔡甸区,,Z09894,
6196,,河北省秦皇岛市海港区,~河北省秦皇岛市海港区,,ZZ0868,
6197,邵阳,湖南省娄底市涟源市,邵阳~湖南省娄底市涟源市,,Z07442,
6198,南宁,广西壮族自治区北海市海城区,南宁~广西壮族自治区北海市海城区,,Z08078,
6199,,新疆维吾尔自治区伊犁哈萨克自治州伊宁市,~新疆维吾尔自治区伊犁哈萨克自治州伊宁市,,Z05450,
6200,,新疆维吾尔自治区阿勒泰地区吉木乃县,~新疆维吾尔自治区阿勒泰地区吉木乃县,,Z05406,
6201,福州,福建省漳州市龙海区,福州~福建省漳州市龙海区,,Z10454,
6202,厦门,福州,厦门~福州,汽运,ZZ1579,1
6203,厦门,泉州,厦门~泉州,汽运,ZZ1580,1
6204,厦门,衡阳,厦门~衡阳,汽运,zz1568,1
6205,厦门,长沙,厦门~长沙,汽运,zz1566,1
6206,厦门,邵阳,厦门~邵阳,汽运,zz1567,1
6207,厦门,赣州,厦门~赣州,汽运,ZZ1766,1
6208,泉州,福建省泉州市惠安县,泉州~福建省泉州市惠安县,,Z06236,
6209,厦门,南昌,厦门~南昌,汽运,zz1562,1
6210,福州,福建省福州市闽侯县,福州~福建省福州市闽侯县,,Z08989,
6211,泉州,福建省厦门市同安区,泉州~福建省厦门市同安区,,Z09071,
6212,泉州,福建省泉州市南安市,泉州~福建省泉州市南安市,,Z06721,
6213,泉州,福建省泉州市安溪县,泉州~福建省泉州市安溪县,,Z06285,
6214,泉州,福建省泉州市安溪县,泉州~福建省泉州市安溪县,,Z08944,
6215,福州,福建省福州市仓山区,福州~福建省福州市仓山区,,Z08988,
6216,福州,福建省福州市连江县,福州~福建省福州市连江县,,Z09046,
6217,泉州,福建省厦门市翔安区,泉州~福建省厦门市翔安区,,Z09250,
6218,泉州,福建省龙岩市武平县,泉州~福建省龙岩市武平县,,Z06273,
6219,泉州,福建省龙岩市连城县,泉州~福建省龙岩市连城县,,Z06272,
6220,泉州,福建省泉州市永春县,泉州~福建省泉州市永春县,,Z06295,
6221,泉州,福建省泉州市永春县,泉州~福建省泉州市永春县,,Z08894,
6222,南京,江苏省苏州市姑苏区,南京~江苏省苏州市姑苏区,,Z09858,
6223,南京,江苏省无锡市梁溪区,南京~江苏省无锡市梁溪区,,Z10228,
6224,南京,江苏省南通市崇川区,南京~江苏省南通市崇川区,,Z09856,
6225,南京,江苏省苏州市相城区,南京~江苏省苏州市相城区,,Z09860,
6226,,安徽省池州市东至县,~安徽省池州市东至县,,Z06552,
6227,,山东省烟台市龙口市,~山东省烟台市龙口市,,Z05928,
6228,荆州,湖北省荆门市钟祥市,荆州~湖北省荆门市钟祥市,,Z07504,
6229,,贵州省遵义市习水县,~贵州省遵义市习水县,,Z09469,
6230,,陕西省榆林市靖边县,~陕西省榆林市靖边县,,Z05629,
6231,,陕西省西安市未央区,~陕西省西安市未央区,,Z09908,
6232,,陕西省咸阳市渭城区,~陕西省咸阳市渭城区,,Z10086,
6233,,陕西省西安市长安区,~陕西省西安市长安区,,Z09906,
6234,,陕西省延安市宝塔区,~陕西省延安市宝塔区,,Z10091,
6235,,陕西省渭南市蒲城县,~陕西省渭南市蒲城县,,Z05608,
6236,,陕西省商洛市商州区,~陕西省商洛市商州区,,Z09903,
6237,,陕西省榆林市米脂县,~陕西省榆林市米脂县,,Z05633,
6238,,陕西省渭南市韩城市,~陕西省渭南市韩城市,,Z05663,
6239,,陕西省渭南市临渭区,~陕西省渭南市临渭区,,Z09904,
6240,,陕西省榆林市榆阳区,~陕西省榆林市榆阳区,,Z05627,
6241,,陕西省西安市灞桥区,~陕西省西安市灞桥区,,Z09959,
6242,武汉,湖北省咸宁市崇阳县,武汉~湖北省咸宁市崇阳县,,Z07271,
6243,武汉,湖北省武汉市江夏区,武汉~湖北省武汉市江夏区,,Z07944,
6244,,陕西省西安市莲湖区,~陕西省西安市莲湖区,,Z10088,
6245,,内蒙古自治区呼和浩特市玉泉区,~内蒙古自治区呼和浩特市玉泉区,,Z09724,
6246,,贵州省毕节市金沙县,~贵州省毕节市金沙县,,Z06949,
6247,,宁夏回族自治区银川市贺兰县,~宁夏回族自治区银川市贺兰县,,Z10164,
6248,,浙江省金华市武义县,~浙江省金华市武义县,,Z06449,
6249,长沙,湖南省张家界市桑植县,长沙~湖南省张家界市桑植县,,Z07377,
6250,长沙,湖南省长沙市浏阳市,长沙~湖南省长沙市浏阳市,,Z07293,
6251,福州,福建省南平市政和县,福州~福建省南平市政和县,,Z06149,
6252,福州,福建省南平市松溪县,福州~福建省南平市松溪县,,Z06147,
6253,福州,福建省南平市武夷山市,福州~福建省南平市武夷山市,,Z06148,
6254,泉州,福建省泉州市晋江市,泉州~福建省泉州市晋江市,,Z06242,
6255,福州,福建省福州市仓山区,福州~福建省福州市仓山区,,Z06129,
6256,福州,福建省福州市晋安区,福州~福建省福州市晋安区,,Z08946,
6257,福州,福建省三明市大田县,福州~福建省三明市大田县,,Z08945,
6258,福州,福建省宁德市福安市,福州~福建省宁德市福安市,,Z06151,
6259,泉州,福建省泉州市泉港区,泉州~福建省泉州市泉港区,,Z06304,
6260,福州,福建省莆田市荔城区,福州~福建省莆田市荔城区,,Z06217,
6261,泉州,福建省泉州市晋江市,泉州~福建省泉州市晋江市,,Z06240,
6262,泉州,福建省厦门市集美区,泉州~福建省厦门市集美区,,Z06276,
6263,泉州,福建省泉州市晋江市,泉州~福建省泉州市晋江市,,Z09055,
6264,福州,福建省福州市闽清县,福州~福建省福州市闽清县,,Z08982,
6265,福州,北京市北京市朝阳区,福州~北京市北京市朝阳区,,000001,
6266,福州,福建省三明市明溪县,福州~福建省三明市明溪县,,Z08984,
6267,福州,福建省莆田市仙游县,福州~福建省莆田市仙游县,,Z06162,
6268,泉州,福建省泉州市洛江区,泉州~福建省泉州市洛江区,,Z06250,
6269,福州,福建省三明市清流县,福州~福建省三明市清流县,,Z08863,
6270,汕头,北京市北京市朝阳区,汕头~北京市北京市朝阳区,,000001,
6271,福州,福建省福州市仓山区,福州~福建省福州市仓山区,,Z08902,
6272,福州,福建省宁德市福鼎市,福州~福建省宁德市福鼎市,,Z06126,
6273,泉州,福建省泉州市惠安县,泉州~福建省泉州市惠安县,,Z09201,
6274,泉州,福建省泉州市晋江市,泉州~福建省泉州市晋江市,,Z06310,
6275,泉州,福建省泉州市晋江市,泉州~福建省泉州市晋江市,,Z09059,
6276,泉州,福建省泉州市晋江市,泉州~福建省泉州市晋江市,,Z09205,
6277,泉州,福建省泉州市晋江市,泉州~福建省泉州市晋江市,,Z08949,
6278,福州,福建省福州市福清市,福州~福建省福州市福清市,,Z06123,
6279,福州,福建省福州市闽侯县,福州~福建省福州市闽侯县,,Z06127,
6280,泉州,福建省泉州市晋江市,泉州~福建省泉州市晋江市,,Z09069,
6281,泉州,福建省漳州市龙海区,泉州~福建省漳州市龙海区,,Z06258,
6282,泉州,福建省泉州市南安市,泉州~福建省泉州市南安市,,Z06309,
6283,福州,福建省南平市延平区,福州~福建省南平市延平区,,Z09012,
6284,泉州,福建省厦门市海沧区,泉州~福建省厦门市海沧区,,Z09203,
6285,福州,福建省宁德市屏南县,福州~福建省宁德市屏南县,,Z06155,
6286,泉州,福建省泉州市晋江市,泉州~福建省泉州市晋江市,,Z06293,
6287,福州,福建省三明市三元区,福州~福建省三明市三元区,,Z10347,
6288,泉州,福建省泉州市晋江市,泉州~福建省泉州市晋江市,,Z06308,
6289,泉州,福建省泉州市晋江市,泉州~福建省泉州市晋江市,,Z06237,
6290,泉州,福建省泉州市晋江市,泉州~福建省泉州市晋江市,,Z09058,
6291,泉州,福建省泉州市泉港区,泉州~福建省泉州市泉港区,,Z08995,
6292,福州,福建省莆田市城厢区,福州~福建省莆田市城厢区,,Z06215,
6293,福州,福建省莆田市秀屿区,福州~福建省莆田市秀屿区,,Z08903,
6294,福州,福建省宁德市寿宁县,福州~福建省宁德市寿宁县,,Z06156,
6295,福州,福建省莆田市仙游县,福州~福建省莆田市仙游县,,Z08961,
6296,福州,福建省宁德市古田县,福州~福建省宁德市古田县,,Z06154,
6297,泉州,福建省龙岩市漳平市,泉州~福建省龙岩市漳平市,,Z06271,
6298,福州,福建省三明市尤溪县,福州~福建省三明市尤溪县,,Z08985,
6299,泉州,福建省泉州市晋江市,泉州~福建省泉州市晋江市,,Z06243,
6300,福州,福建省福州市长乐区,福州~福建省福州市长乐区,,Z08977,
6301,汕头,广东省河源市源城区,汕头~广东省河源市源城区,,Z06390,
6302,咸宁,湛江,咸宁~湛江,汽运,ZZ0182,1
6303,宜兴,咸宁,宜兴~咸宁,汽运,ZZ0296,1
6304,汕头,广东省汕头市潮阳区,汕头~广东省汕头市潮阳区,,Z06386,
6305,咸宁,咸宁,咸宁~咸宁,会议直配,ZZ01829,1
6306,汕头,,汕头~,,Z06382,
6307,汕头,广东省揭阳市榕城区,汕头~广东省揭阳市榕城区,,Z06383,
6308,汕头,广东省汕头市潮阳区,汕头~广东省汕头市潮阳区,,Z06386,
6309,汕头,广东省河源市龙川县,汕头~广东省河源市龙川县,,Z06394,
6310,汕头,广东省汕头市潮阳区,汕头~广东省汕头市潮阳区,,Z10224,
6311,汕头,广东省揭阳市惠来县,汕头~广东省揭阳市惠来县,,Z06403,
6312,汕头,广东省揭阳市惠来县,汕头~广东省揭阳市惠来县,,Z06403,
6313,汕头,广东省河源市连平县,汕头~广东省河源市连平县,,Z06391,
6314,泉州,福建省泉州市晋江市,泉州~福建省泉州市晋江市,,Z06239,
6315,泉州,福建省泉州市南安市,泉州~福建省泉州市南安市,,Z06244,
6316,泉州,福建省泉州市晋江市,泉州~福建省泉州市晋江市,,Z06312,
6317,泉州,福建省龙岩市新罗区,泉州~福建省龙岩市新罗区,,Z08863,
6318,泉州,福建省厦门市翔安区,泉州~福建省厦门市翔安区,,Z09032,
6319,泉州,福建省厦门市湖里区,泉州~福建省厦门市湖里区,,Z06278,
6320,泉州,福建省泉州市南安市,泉州~福建省泉州市南安市,,Z06247,
6321,福州,福建省南平市建瓯市,福州~福建省南平市建瓯市,,Z06142,
6322,泉州,福建省泉州市永春县,泉州~福建省泉州市永春县,,Z06294,
6323,泉州,福建省漳州市漳浦县,泉州~福建省漳州市漳浦县,,Z10263,
6324,福州,福建省莆田市仙游县,福州~福建省莆田市仙游县,,Z08967,
6325,泉州,福建省泉州市惠安县,泉州~福建省泉州市惠安县,,Z08865,
6326,福州,福建省福州市闽侯县,福州~福建省福州市闽侯县,,Z08998,
6327,泉州,福建省厦门市海沧区,泉州~福建省厦门市海沧区,,Z06277,
6328,泉州,福建省泉州市丰泽区,泉州~福建省泉州市丰泽区,,Z08864,
6329,泉州,福建省泉州市晋江市,泉州~福建省泉州市晋江市,,Z08896,
6330,泉州,福建省泉州市晋江市,泉州~福建省泉州市晋江市,,Z09037,
6331,福州,福建省莆田市涵江区,福州~福建省莆田市涵江区,,Z08943,
6332,福州,福建省宁德市福鼎市,福州~福建省宁德市福鼎市,,Z06153,
6333,福州,福建省宁德市霞浦县,福州~福建省宁德市霞浦县,,Z06157,
6334,福州,福建省宁德市蕉城区,福州~福建省宁德市蕉城区,,Z08908,
6335,泉州,福建省泉州市安溪县,泉州~福建省泉州市安溪县,,Z08958,
6336,泉州,福建省漳州市长泰区,泉州~福建省漳州市长泰区,,Z06257,
6337,福州,福建省福州市闽侯县,福州~福建省福州市闽侯县,,Z06234,
6338,福州,福建省福州市闽侯县,福州~福建省福州市闽侯县,,Z09044,
6339,泉州,福建省厦门市集美区,泉州~福建省厦门市集美区,,Z09021,
6340,泉州,福建省泉州市洛江区,泉州~福建省泉州市洛江区,,Z06251,
6341,福州,福建省福州市永泰县,福州~福建省福州市永泰县,,Z09045,
6342,福州,福建省福州市福清市,福州~福建省福州市福清市,,Z06122,
6343,泉州,福建省龙岩市上杭县,泉州~福建省龙岩市上杭县,,Z06268,
6344,汕头,广东省汕头市潮阳区,汕头~广东省汕头市潮阳区,,Z06386,
6345,福州,福建省南平市浦城县,福州~福建省南平市浦城县,,Z06144,
6346,泉州,福建省漳州市龙海区,泉州~福建省漳州市龙海区,,Z06254,
6347,泉州,福建省龙岩市长汀县,泉州~福建省龙岩市长汀县,,Z08890,
6348,福州,福建省南平市光泽县,福州~福建省南平市光泽县,,Z06141,
6349,泉州,福建省漳州市漳浦县,泉州~福建省漳州市漳浦县,,Z06261,
6350,泉州,福建省漳州市芗城区,泉州~福建省漳州市芗城区,,Z08970,
6351,汕头,广东省梅州市梅江区,汕头~广东省梅州市梅江区,,Z06395,
6352,汕头,广东省汕头市潮南区,汕头~广东省汕头市潮南区,,Z09944,
6353,汕头,广东省汕头市潮南区,汕头~广东省汕头市潮南区,,Z09941,
6354,汕头,广东省梅州市兴宁市,汕头~广东省梅州市兴宁市,,Z06397,
6355,汕头,广东省梅州市蕉岭县,汕头~广东省梅州市蕉岭县,,Z06399,
6356,汕头,广东省汕头市潮南区,汕头~广东省汕头市潮南区,,Z09943,
6357,汕头,广东省揭阳市揭西县,汕头~广东省揭阳市揭西县,,Z06404,
6358,汕头,广东省汕头市潮南区,汕头~广东省汕头市潮南区,,Z09942,
6359,汕头,广东省河源市连平县,汕头~广东省河源市连平县,,Z06391,
6360,汕头,广东省揭阳市榕城区,汕头~广东省揭阳市榕城区,,Z06383,
6361,三水基地,广州,三水基地~广州,汽运,ZZ0130,2
6362,三水基地,深圳,三水基地~深圳,汽运,ZZ0129,1
6363,三水基地,东莞,三水基地~东莞,汽运,ZZ0128,1
6364,三水基地,海口,三水基地~海口,汽运,ZZ0403,1
6365,三水基地,南宁,三水基地~南宁,汽运,ZZ0131,1
6366,三水基地,柳州,三水基地~柳州,汽运,ZZ0132,1
6367,三水基地,贵港,三水基地~贵港,汽运,ZZ0133,1
6368,三水基地,长沙,三水基地~长沙,汽运,ZZ0303,1
6369,三水基地,邵阳,三水基地~邵阳,汽运,ZZ0305,1
6370,三水基地,福州,三水基地~福州,汽运,ZZ0307,1
6371,三水基地,湛江,三水基地~湛江,汽运,ZZ0127,1
6372,三水基地,汕头,三水基地~汕头,汽运,ZZ0306,1
6373,三水基地,泉州,三水基地~泉州,汽运,ZZ0308,1
6374,咸宁,深圳,咸宁~深圳,汽运,ZZ0184,1
6375,咸宁,广州,咸宁~广州,汽运,ZZ0185,1
6376,咸宁,淮安,咸宁~淮安,汽运,ZZ0174,1
6377,三水基地,衡阳,三水基地~衡阳,汽运,ZZ0304,1
6378,三水基地,南昌,三水基地~南昌,汽运,ZZ0302,1
6379,三水基地,贵阳,三水基地~贵阳,汽运,ZZ0949,1
6380,三水基地,遵义,三水基地~遵义,汽运,ZZ0950,1
6381,三水基地,武汉,三水基地~武汉,汽运,ZZ0944,1
6382,三水基地,杭州,三水基地~杭州,汽运,ZZ0337,1
6383,奥瑞金,淮安,奥瑞金~淮安,汽运,ZZ1283,1
6384,三水基地,赣州,三水基地~赣州,汽运,ZZ1244,1
6385,三水基地,金华,三水基地~金华,汽运,ZZ0336,1
6386,三水基地,昆明,三水基地~昆明,汽运,ZZ0951,1
6387,三水基地,大理,三水基地~大理,汽运,ZZ0952,1
6388,三水基地,荆州,三水基地~荆州,汽运,ZZ0945,1
6389,三水基地,台州,三水基地~台州,汽运,ZZ0335,1
6390,三水基地,上海,三水基地~上海,汽运,ZZ0929,1
6391,三水基地,南京,三水基地~南京,汽运,ZZ0928,1
6392,汕头,广东省揭阳市普宁市,汕头~广东省揭阳市普宁市,,Z06387,
6393,汕头,广东省汕头市潮南区,汕头~广东省汕头市潮南区,,Z09942,
6394,汕头,广东省揭阳市普宁市,汕头~广东省揭阳市普宁市,,Z06387,
6395,汕头,广东省揭阳市惠来县,汕头~广东省揭阳市惠来县,,Z06403,
6396,汕头,广东省汕头市金平区,汕头~广东省汕头市金平区,,Z06382,
6397,汕头,广东省梅州市兴宁市,汕头~广东省梅州市兴宁市,,Z06397,
6398,汕头,广东省汕尾市海丰县,汕头~广东省汕尾市海丰县,,Z06388,
6399,江苏,咸宁,江苏~咸宁,汽运,ZZ0296,1
6400,汕头,广东省河源市源城区,汕头~广东省河源市源城区,,Z06393,
6401,武汉,滴滴武汉,武汉~滴滴武汉,汽运,ZZ1270,1
6402,深圳,滴滴深圳,深圳~滴滴深圳,汽运,ZZ1265,1
6403,海口,滴滴三亚,海口~滴滴三亚,汽运,ZZ1271,1
6404,成都,电商成都,成都~电商成都,汽运,ZZ1192,1
6405,济南,电商济南,济南~电商济南,汽运,ZZ1193,1
6406,沈阳,电商沈阳,沈阳~电商沈阳,汽运,ZZ1194,1
6407,广州,电商广州,广州~电商广州,汽运,ZZ1190,1
6408,东莞,天猫广州,东莞~天猫广州,汽运,ZZ0128,1
6409,广州,天猫广州,广州~天猫广州,汽运,ZZ1223,1
6410,东莞,天猫东莞,东莞~天猫东莞,汽运,ZZ1526,1
6411,广州,天猫佛山,广州~天猫佛山,汽运,ZZ2006,1
6412,贵港,南宁,贵港~南宁,汽运,ZZ0332,1
6413,贵港,柳州,贵港~柳州,汽运,ZZ0727,1
6414,柳州,贵港,柳州~贵港,汽运,ZZ0727,1
6415,柳州,南宁,柳州~南宁,汽运,ZZ0331,1
6416,南宁,柳州,南宁~柳州,汽运,ZZ1346,1
6417,广州,贵港,广州~贵港,汽运,ZZ0153,1
6418,广州,柳州,广州~柳州,汽运,ZZ0152,1
6419,赣州,南昌,赣州~南昌,汽运,ZZ1261,1
6420,南昌,赣州,南昌~赣州,汽运,ZZ1261,1
6421,荆州,武汉,荆州~武汉,汽运,ZZ0729,1
6422,武汉,荆州,武汉~荆州,汽运,ZZ2001,1
6423,衡阳,长沙,衡阳~长沙,汽运,ZZ0328,1
6424,邵阳,长沙,邵阳~长沙,汽运,ZZ0327,1
6425,广州,南宁,广州~南宁,汽运,ZZ0151,1
6426,广州,深圳,广州~深圳,汽运,ZZ0150,1
6427,广州,海口,广州~海口,集装箱,ZZ0403,1
6428,广州,湛江,广州~湛江,汽运,ZZ0127,1
6429,广州,泉州,广州~泉州,汽运,ZZ0308,1
6430,海口,湛江,海口~湛江,汽运,ZZ0154,1
6431,湛江,海口,湛江~海口,汽运,ZZ0154,1
6432,湛江,广州,湛江~广州,汽运,ZZ0127,1
6433,咸宁,福州,咸宁~福州,汽运,ZZ0179,1
6434,东莞,汕头,东莞~汕头,汽运,ZZ0128,1
6435,长沙,湖南省邵阳市双清区,长沙~湖南省邵阳市双清区,,Z07394,
6436,汕头,广东省汕头市金平区,汕头~广东省汕头市金平区,,Z06382,
6437,汕头,广东省潮州市湘桥区,汕头~广东省潮州市湘桥区,,Z06384,
6438,汕头,广东省汕头市濠江区,汕头~广东省汕头市濠江区,,Z08850,
6439,汕头,广东省汕尾市陆丰市,汕头~广东省汕尾市陆丰市,,Z06389,
6440,汕头,广东省潮州市饶平县,汕头~广东省潮州市饶平县,,Z06385,
6441,汕头,广东省揭阳市惠来县,汕头~广东省揭阳市惠来县,,Z06403,
6442,汕头,广东省梅州市丰顺县,汕头~广东省梅州市丰顺县,,Z06401,
6443,汕头,广东省梅州市平远县,汕头~广东省梅州市平远县,,Z06398,
6444,汕头,广东省汕尾市海丰县,汕头~广东省汕尾市海丰县,,Z06388,
6445,汕头,广东省梅州市五华县,汕头~广东省梅州市五华县,,Z08848,
6446,汕头,广东省河源市紫金县,汕头~广东省河源市紫金县,,Z06393,
6447,汕头,广东省河源市龙川县,汕头~广东省河源市龙川县,,Z06394,
6448,汕头,广东省汕头市潮阳区,汕头~广东省汕头市潮阳区,,Z10223,
6449,汕头,广东省汕头市潮阳区,汕头~广东省汕头市潮阳区,,Z09946,
6450,汕头,广东省汕头市潮阳区,汕头~广东省汕头市潮阳区,,Z09945,
6451,汕头,东莞,汕头~东莞,汽运,ZZ0128,1
6452,湛江,东莞,湛江~东莞,汽运,ZZ0128,1
6453,南宁,贵港,南宁~贵港,汽运,ZZ1347,1
6454,深圳,广州,深圳~广州,汽运,ZZ0150,1
6455,汕头,广州,汕头~广州,汽运,ZZ0306,1
6456,广州,汕头,广州~汕头,汽运,ZZ0306,1
6457,广州,福州,广州~福州,汽运,ZZ0307,1
6458,广州,台州,广州~台州,汽运,ZZ0335,1
6459,广州,南京,广州~南京,汽运,ZZ0928,1
6460,广州,东莞,广州~东莞,汽运,ZZ0128,1
6461,广州,昆明,广州~昆明,汽运,ZZ0951,1
6462,广州,长沙,广州~长沙,汽运,ZZ0303,1
6463,广州,衡阳,广州~衡阳,汽运,ZZ0304,1
6464,广州,邵阳,广州~邵阳,汽运,ZZ0305,1
6465,广州,杭州,广州~杭州,汽运,ZZ0337,1
6466,广州,南昌,广州~南昌,汽运,ZZ0302,1
6467,广州,遵义,广州~遵义,汽运,ZZ0950,1
6468,广州,成都,广州~成都,汽运,ZZ0946,1
6469,广州,贵阳,广州~贵阳,汽运,ZZ0949,1
6470,广州,南充,广州~南充,汽运,ZZ0947,1
6471,广州,重庆,广州~重庆,汽运,ZZ0948,1
6472,南京,电商南京,南京~电商南京,汽运,ZZ1188,1
6473,天津,电商天津,天津~电商天津,汽运,ZZ1189,1
6474,三水,电商广州,三水~电商广州,汽运,ZZ1190,1
6475,武汉,电商武汉,武汉~电商武汉,汽运,ZZ1191,1
6476,广州,滴滴广州,广州~滴滴广州,汽运,ZZ1264,1
